scenario_name,round0_variant,whir_fold_mode,merkle_proof_mode,security_target_bits,soundness_assumption,round_index,round_query_count,round_merkle_depth,round_ood_samples,round_selector_count,round_pow_bits,round_sumcheck_rounds,round_folding_pow_bits,proof_bytes,upload_chunk_size,upload_chunks,heap_frame_bytes_requested,heap_pages_32k,stage,repetition,actual_cu,elapsed_ns,status,error,sha_calls,sha_bytes,merkle_levels,m31_mul_ops,cm31_mul_ops,qm31_mul_ops,field_mul_projection,extension_mul_projection,field_inv_projection
whir_t100_capacity_full,baseline_round0,raw_fibers,separate_paths,100.0,whir_capacity_full,0,18,8,2,1,30,4,0,12356,640,20,32768,1,host_verify,0,,5142709,ok,,222,14871,254,1956,180,18,2536,234,36
whir_t100_capacity_full,baseline_round0,raw_fibers,separate_paths,100.0,whir_capacity_full,0,18,8,2,1,30,4,0,12356,640,20,32768,1,verify_sbf,0,656629,,ok,,222,14871,254,1956,180,18,2536,234,36
whir_t100_capacity_full,baseline_round0,raw_fibers,separate_paths,100.0,whir_capacity_full,0,18,8,2,1,30,4,0,12356,640,20,32768,1,verify_sbf,1,656629,,ok,,222,14871,254,1956,180,18,2536,234,36
whir_t100_capacity_full,baseline_round0,raw_fibers,separate_paths,100.0,whir_capacity_full,0,18,8,2,1,30,4,0,12356,640,20,32768,1,verify_sbf,2,656629,,ok,,222,14871,254,1956,180,18,2536,234,36
whir_t100_capacity_full,baseline_round0,raw_fibers,separate_paths,100.0,whir_capacity_full,0,18,8,2,1,30,4,0,12356,640,20,32768,1,verify_sbf,3,656629,,ok,,222,14871,254,1956,180,18,2536,234,36
whir_t100_capacity_full,baseline_round0,raw_fibers,separate_paths,100.0,whir_capacity_full,0,18,8,2,1,30,4,0,12356,640,20,32768,1,verify_sbf,4,656629,,ok,,222,14871,254,1956,180,18,2536,234,36
whir_t100_capacity_full,baseline_round0,raw_fibers,separate_paths,100.0,whir_capacity_full,0,18,8,2,1,30,4,0,12356,640,20,32768,1,verify_sbf,5,656629,,ok,,222,14871,254,1956,180,18,2536,234,36
whir_t100_capacity_full,baseline_round0,raw_fibers,separate_paths,100.0,whir_capacity_full,0,18,8,2,1,30,4,0,12356,640,20,32768,1,verify_sbf,6,656629,,ok,,222,14871,254,1956,180,18,2536,234,36
whir_t100_capacity_full,baseline_round0,raw_fibers,separate_paths,100.0,whir_capacity_full,0,18,8,2,1,30,4,0,12356,640,20,32768,1,verify_sbf,7,656629,,ok,,222,14871,254,1956,180,18,2536,234,36
whir_t100_capacity_full,baseline_round0,raw_fibers,separate_paths,100.0,whir_capacity_full,0,18,8,2,1,30,4,0,12356,640,20,32768,1,verify_sbf,8,656629,,ok,,222,14871,254,1956,180,18,2536,234,36
whir_t100_capacity_full,baseline_round0,raw_fibers,separate_paths,100.0,whir_capacity_full,0,18,8,2,1,30,4,0,12356,640,20,32768,1,verify_sbf,9,656629,,ok,,222,14871,254,1956,180,18,2536,234,36
whir_t100_capacity_full,baseline_round0,raw_fibers,separate_paths,100.0,whir_capacity_full,0,18,8,2,1,30,4,0,12356,640,20,32768,1,phase_folding,0,4043,,ok,,0,0,0,0,0,0,2536,234,36
whir_t100_capacity_full,baseline_round0,raw_fibers,separate_paths,100.0,whir_capacity_full,0,18,8,2,1,30,4,0,12356,640,20,32768,1,phase_ood,0,33963,,ok,,0,0,0,0,0,0,2536,234,36
whir_t100_capacity_full,baseline_round0,raw_fibers,separate_paths,100.0,whir_capacity_full,0,18,8,2,1,30,4,0,12356,640,20,32768,1,phase_parse,0,1473,,ok,,0,0,0,0,0,0,2536,234,36
whir_t100_capacity_full,baseline_round0,raw_fibers,separate_paths,100.0,whir_capacity_full,0,18,8,2,1,30,4,0,12356,640,20,32768,1,phase_per_round_queries,0,617790,,ok,,0,0,0,0,0,0,2536,234,36
whir_t100_capacity_full,baseline_round0,raw_fibers,separate_paths,100.0,whir_capacity_full,0,18,8,2,1,30,4,0,12356,640,20,32768,1,phase_folding,1,4043,,ok,,0,0,0,0,0,0,2536,234,36
whir_t100_capacity_full,baseline_round0,raw_fibers,separate_paths,100.0,whir_capacity_full,0,18,8,2,1,30,4,0,12356,640,20,32768,1,phase_ood,1,33963,,ok,,0,0,0,0,0,0,2536,234,36
whir_t100_capacity_full,baseline_round0,raw_fibers,separate_paths,100.0,whir_capacity_full,0,18,8,2,1,30,4,0,12356,640,20,32768,1,phase_parse,1,1473,,ok,,0,0,0,0,0,0,2536,234,36
whir_t100_capacity_full,baseline_round0,raw_fibers,separate_paths,100.0,whir_capacity_full,0,18,8,2,1,30,4,0,12356,640,20,32768,1,phase_per_round_queries,1,617790,,ok,,0,0,0,0,0,0,2536,234,36
whir_t100_capacity_full,baseline_round0,raw_fibers,separate_paths,100.0,whir_capacity_full,0,18,8,2,1,30,4,0,12356,640,20,32768,1,phase_folding,2,4043,,ok,,0,0,0,0,0,0,2536,234,36
whir_t100_capacity_full,baseline_round0,raw_fibers,separate_paths,100.0,whir_capacity_full,0,18,8,2,1,30,4,0,12356,640,20,32768,1,phase_ood,2,33963,,ok,,0,0,0,0,0,0,2536,234,36
whir_t100_capacity_full,baseline_round0,raw_fibers,separate_paths,100.0,whir_capacity_full,0,18,8,2,1,30,4,0,12356,640,20,32768,1,phase_parse,2,1473,,ok,,0,0,0,0,0,0,2536,234,36
whir_t100_capacity_full,baseline_round0,raw_fibers,separate_paths,100.0,whir_capacity_full,0,18,8,2,1,30,4,0,12356,640,20,32768,1,phase_per_round_queries,2,617790,,ok,,0,0,0,0,0,0,2536,234,36
whir_t100_capacity_full,baseline_round0,raw_fibers,separate_paths,100.0,whir_capacity_full,0,18,8,2,1,30,4,0,12356,640,20,32768,1,phase_folding,3,4043,,ok,,0,0,0,0,0,0,2536,234,36
whir_t100_capacity_full,baseline_round0,raw_fibers,separate_paths,100.0,whir_capacity_full,0,18,8,2,1,30,4,0,12356,640,20,32768,1,phase_ood,3,33963,,ok,,0,0,0,0,0,0,2536,234,36
whir_t100_capacity_full,baseline_round0,raw_fibers,separate_paths,100.0,whir_capacity_full,0,18,8,2,1,30,4,0,12356,640,20,32768,1,phase_parse,3,1473,,ok,,0,0,0,0,0,0,2536,234,36
whir_t100_capacity_full,baseline_round0,raw_fibers,separate_paths,100.0,whir_capacity_full,0,18,8,2,1,30,4,0,12356,640,20,32768,1,phase_per_round_queries,3,617790,,ok,,0,0,0,0,0,0,2536,234,36
whir_t100_capacity_full,baseline_round0,raw_fibers,separate_paths,100.0,whir_capacity_full,0,18,8,2,1,30,4,0,12356,640,20,32768,1,phase_folding,4,4043,,ok,,0,0,0,0,0,0,2536,234,36
whir_t100_capacity_full,baseline_round0,raw_fibers,separate_paths,100.0,whir_capacity_full,0,18,8,2,1,30,4,0,12356,640,20,32768,1,phase_ood,4,33963,,ok,,0,0,0,0,0,0,2536,234,36
whir_t100_capacity_full,baseline_round0,raw_fibers,separate_paths,100.0,whir_capacity_full,0,18,8,2,1,30,4,0,12356,640,20,32768,1,phase_parse,4,1473,,ok,,0,0,0,0,0,0,2536,234,36
whir_t100_capacity_full,baseline_round0,raw_fibers,separate_paths,100.0,whir_capacity_full,0,18,8,2,1,30,4,0,12356,640,20,32768,1,phase_per_round_queries,4,617790,,ok,,0,0,0,0,0,0,2536,234,36
whir_t100_capacity_full,baseline_round0,raw_fibers,separate_paths,100.0,whir_capacity_full,0,18,8,2,1,30,4,0,12356,640,20,32768,1,phase_folding,5,4043,,ok,,0,0,0,0,0,0,2536,234,36
whir_t100_capacity_full,baseline_round0,raw_fibers,separate_paths,100.0,whir_capacity_full,0,18,8,2,1,30,4,0,12356,640,20,32768,1,phase_ood,5,33963,,ok,,0,0,0,0,0,0,2536,234,36
whir_t100_capacity_full,baseline_round0,raw_fibers,separate_paths,100.0,whir_capacity_full,0,18,8,2,1,30,4,0,12356,640,20,32768,1,phase_parse,5,1473,,ok,,0,0,0,0,0,0,2536,234,36
whir_t100_capacity_full,baseline_round0,raw_fibers,separate_paths,100.0,whir_capacity_full,0,18,8,2,1,30,4,0,12356,640,20,32768,1,phase_per_round_queries,5,617790,,ok,,0,0,0,0,0,0,2536,234,36
whir_t100_capacity_full,baseline_round0,raw_fibers,separate_paths,100.0,whir_capacity_full,0,18,8,2,1,30,4,0,12356,640,20,32768,1,phase_folding,6,4043,,ok,,0,0,0,0,0,0,2536,234,36
whir_t100_capacity_full,baseline_round0,raw_fibers,separate_paths,100.0,whir_capacity_full,0,18,8,2,1,30,4,0,12356,640,20,32768,1,phase_ood,6,33963,,ok,,0,0,0,0,0,0,2536,234,36
whir_t100_capacity_full,baseline_round0,raw_fibers,separate_paths,100.0,whir_capacity_full,0,18,8,2,1,30,4,0,12356,640,20,32768,1,phase_parse,6,1473,,ok,,0,0,0,0,0,0,2536,234,36
whir_t100_capacity_full,baseline_round0,raw_fibers,separate_paths,100.0,whir_capacity_full,0,18,8,2,1,30,4,0,12356,640,20,32768,1,phase_per_round_queries,6,617790,,ok,,0,0,0,0,0,0,2536,234,36
whir_t100_capacity_full,baseline_round0,raw_fibers,separate_paths,100.0,whir_capacity_full,0,18,8,2,1,30,4,0,12356,640,20,32768,1,phase_folding,7,4043,,ok,,0,0,0,0,0,0,2536,234,36
whir_t100_capacity_full,baseline_round0,raw_fibers,separate_paths,100.0,whir_capacity_full,0,18,8,2,1,30,4,0,12356,640,20,32768,1,phase_ood,7,33963,,ok,,0,0,0,0,0,0,2536,234,36
whir_t100_capacity_full,baseline_round0,raw_fibers,separate_paths,100.0,whir_capacity_full,0,18,8,2,1,30,4,0,12356,640,20,32768,1,phase_parse,7,1473,,ok,,0,0,0,0,0,0,2536,234,36
whir_t100_capacity_full,baseline_round0,raw_fibers,separate_paths,100.0,whir_capacity_full,0,18,8,2,1,30,4,0,12356,640,20,32768,1,phase_per_round_queries,7,617790,,ok,,0,0,0,0,0,0,2536,234,36
whir_t100_capacity_full,baseline_round0,raw_fibers,separate_paths,100.0,whir_capacity_full,0,18,8,2,1,30,4,0,12356,640,20,32768,1,phase_folding,8,4043,,ok,,0,0,0,0,0,0,2536,234,36
whir_t100_capacity_full,baseline_round0,raw_fibers,separate_paths,100.0,whir_capacity_full,0,18,8,2,1,30,4,0,12356,640,20,32768,1,phase_ood,8,33963,,ok,,0,0,0,0,0,0,2536,234,36
whir_t100_capacity_full,baseline_round0,raw_fibers,separate_paths,100.0,whir_capacity_full,0,18,8,2,1,30,4,0,12356,640,20,32768,1,phase_parse,8,1473,,ok,,0,0,0,0,0,0,2536,234,36
whir_t100_capacity_full,baseline_round0,raw_fibers,separate_paths,100.0,whir_capacity_full,0,18,8,2,1,30,4,0,12356,640,20,32768,1,phase_per_round_queries,8,617790,,ok,,0,0,0,0,0,0,2536,234,36
whir_t100_capacity_full,baseline_round0,raw_fibers,separate_paths,100.0,whir_capacity_full,0,18,8,2,1,30,4,0,12356,640,20,32768,1,phase_folding,9,4043,,ok,,0,0,0,0,0,0,2536,234,36
whir_t100_capacity_full,baseline_round0,raw_fibers,separate_paths,100.0,whir_capacity_full,0,18,8,2,1,30,4,0,12356,640,20,32768,1,phase_ood,9,33963,,ok,,0,0,0,0,0,0,2536,234,36
whir_t100_capacity_full,baseline_round0,raw_fibers,separate_paths,100.0,whir_capacity_full,0,18,8,2,1,30,4,0,12356,640,20,32768,1,phase_parse,9,1473,,ok,,0,0,0,0,0,0,2536,234,36
whir_t100_capacity_full,baseline_round0,raw_fibers,separate_paths,100.0,whir_capacity_full,0,18,8,2,1,30,4,0,12356,640,20,32768,1,phase_per_round_queries,9,617790,,ok,,0,0,0,0,0,0,2536,234,36
whir_t100_capacity_full,round_reuse_batch_inverse,raw_fibers,separate_paths,100.0,whir_capacity_full,0,18,8,2,1,30,4,0,12356,640,20,32768,1,host_verify,0,,5242541,ok,,222,14871,254,1030,234,18,1066,271,2
whir_t100_capacity_full,round_reuse_batch_inverse,raw_fibers,separate_paths,100.0,whir_capacity_full,0,18,8,2,1,30,4,0,12356,640,20,32768,1,verify_sbf,0,619527,,ok,,222,14871,254,1030,234,18,1066,271,2
whir_t100_capacity_full,round_reuse_batch_inverse,raw_fibers,separate_paths,100.0,whir_capacity_full,0,18,8,2,1,30,4,0,12356,640,20,32768,1,verify_sbf,1,619527,,ok,,222,14871,254,1030,234,18,1066,271,2
whir_t100_capacity_full,round_reuse_batch_inverse,raw_fibers,separate_paths,100.0,whir_capacity_full,0,18,8,2,1,30,4,0,12356,640,20,32768,1,verify_sbf,2,619527,,ok,,222,14871,254,1030,234,18,1066,271,2
whir_t100_capacity_full,round_reuse_batch_inverse,raw_fibers,separate_paths,100.0,whir_capacity_full,0,18,8,2,1,30,4,0,12356,640,20,32768,1,verify_sbf,3,619527,,ok,,222,14871,254,1030,234,18,1066,271,2
whir_t100_capacity_full,round_reuse_batch_inverse,raw_fibers,separate_paths,100.0,whir_capacity_full,0,18,8,2,1,30,4,0,12356,640,20,32768,1,verify_sbf,4,619527,,ok,,222,14871,254,1030,234,18,1066,271,2
whir_t100_capacity_full,round_reuse_batch_inverse,raw_fibers,separate_paths,100.0,whir_capacity_full,0,18,8,2,1,30,4,0,12356,640,20,32768,1,verify_sbf,5,619527,,ok,,222,14871,254,1030,234,18,1066,271,2
whir_t100_capacity_full,round_reuse_batch_inverse,raw_fibers,separate_paths,100.0,whir_capacity_full,0,18,8,2,1,30,4,0,12356,640,20,32768,1,verify_sbf,6,619527,,ok,,222,14871,254,1030,234,18,1066,271,2
whir_t100_capacity_full,round_reuse_batch_inverse,raw_fibers,separate_paths,100.0,whir_capacity_full,0,18,8,2,1,30,4,0,12356,640,20,32768,1,verify_sbf,7,619527,,ok,,222,14871,254,1030,234,18,1066,271,2
whir_t100_capacity_full,round_reuse_batch_inverse,raw_fibers,separate_paths,100.0,whir_capacity_full,0,18,8,2,1,30,4,0,12356,640,20,32768,1,verify_sbf,8,619527,,ok,,222,14871,254,1030,234,18,1066,271,2
whir_t100_capacity_full,round_reuse_batch_inverse,raw_fibers,separate_paths,100.0,whir_capacity_full,0,18,8,2,1,30,4,0,12356,640,20,32768,1,verify_sbf,9,619527,,ok,,222,14871,254,1030,234,18,1066,271,2
whir_t100_capacity_full,round_reuse_batch_inverse,raw_fibers,separate_paths,100.0,whir_capacity_full,0,18,8,2,1,30,4,0,12356,640,20,32768,1,phase_folding,0,4043,,ok,,0,0,0,0,0,0,1066,271,2
whir_t100_capacity_full,round_reuse_batch_inverse,raw_fibers,separate_paths,100.0,whir_capacity_full,0,18,8,2,1,30,4,0,12356,640,20,32768,1,phase_ood,0,33963,,ok,,0,0,0,0,0,0,1066,271,2
whir_t100_capacity_full,round_reuse_batch_inverse,raw_fibers,separate_paths,100.0,whir_capacity_full,0,18,8,2,1,30,4,0,12356,640,20,32768,1,phase_parse,0,1473,,ok,,0,0,0,0,0,0,1066,271,2
whir_t100_capacity_full,round_reuse_batch_inverse,raw_fibers,separate_paths,100.0,whir_capacity_full,0,18,8,2,1,30,4,0,12356,640,20,32768,1,phase_per_round_queries,0,580688,,ok,,0,0,0,0,0,0,1066,271,2
whir_t100_capacity_full,round_reuse_batch_inverse,raw_fibers,separate_paths,100.0,whir_capacity_full,0,18,8,2,1,30,4,0,12356,640,20,32768,1,phase_folding,1,4043,,ok,,0,0,0,0,0,0,1066,271,2
whir_t100_capacity_full,round_reuse_batch_inverse,raw_fibers,separate_paths,100.0,whir_capacity_full,0,18,8,2,1,30,4,0,12356,640,20,32768,1,phase_ood,1,33963,,ok,,0,0,0,0,0,0,1066,271,2
whir_t100_capacity_full,round_reuse_batch_inverse,raw_fibers,separate_paths,100.0,whir_capacity_full,0,18,8,2,1,30,4,0,12356,640,20,32768,1,phase_parse,1,1473,,ok,,0,0,0,0,0,0,1066,271,2
whir_t100_capacity_full,round_reuse_batch_inverse,raw_fibers,separate_paths,100.0,whir_capacity_full,0,18,8,2,1,30,4,0,12356,640,20,32768,1,phase_per_round_queries,1,580688,,ok,,0,0,0,0,0,0,1066,271,2
whir_t100_capacity_full,round_reuse_batch_inverse,raw_fibers,separate_paths,100.0,whir_capacity_full,0,18,8,2,1,30,4,0,12356,640,20,32768,1,phase_folding,2,4043,,ok,,0,0,0,0,0,0,1066,271,2
whir_t100_capacity_full,round_reuse_batch_inverse,raw_fibers,separate_paths,100.0,whir_capacity_full,0,18,8,2,1,30,4,0,12356,640,20,32768,1,phase_ood,2,33963,,ok,,0,0,0,0,0,0,1066,271,2
whir_t100_capacity_full,round_reuse_batch_inverse,raw_fibers,separate_paths,100.0,whir_capacity_full,0,18,8,2,1,30,4,0,12356,640,20,32768,1,phase_parse,2,1473,,ok,,0,0,0,0,0,0,1066,271,2
whir_t100_capacity_full,round_reuse_batch_inverse,raw_fibers,separate_paths,100.0,whir_capacity_full,0,18,8,2,1,30,4,0,12356,640,20,32768,1,phase_per_round_queries,2,580688,,ok,,0,0,0,0,0,0,1066,271,2
whir_t100_capacity_full,round_reuse_batch_inverse,raw_fibers,separate_paths,100.0,whir_capacity_full,0,18,8,2,1,30,4,0,12356,640,20,32768,1,phase_folding,3,4043,,ok,,0,0,0,0,0,0,1066,271,2
whir_t100_capacity_full,round_reuse_batch_inverse,raw_fibers,separate_paths,100.0,whir_capacity_full,0,18,8,2,1,30,4,0,12356,640,20,32768,1,phase_ood,3,33963,,ok,,0,0,0,0,0,0,1066,271,2
whir_t100_capacity_full,round_reuse_batch_inverse,raw_fibers,separate_paths,100.0,whir_capacity_full,0,18,8,2,1,30,4,0,12356,640,20,32768,1,phase_parse,3,1473,,ok,,0,0,0,0,0,0,1066,271,2
whir_t100_capacity_full,round_reuse_batch_inverse,raw_fibers,separate_paths,100.0,whir_capacity_full,0,18,8,2,1,30,4,0,12356,640,20,32768,1,phase_per_round_queries,3,580688,,ok,,0,0,0,0,0,0,1066,271,2
whir_t100_capacity_full,round_reuse_batch_inverse,raw_fibers,separate_paths,100.0,whir_capacity_full,0,18,8,2,1,30,4,0,12356,640,20,32768,1,phase_folding,4,4043,,ok,,0,0,0,0,0,0,1066,271,2
whir_t100_capacity_full,round_reuse_batch_inverse,raw_fibers,separate_paths,100.0,whir_capacity_full,0,18,8,2,1,30,4,0,12356,640,20,32768,1,phase_ood,4,33963,,ok,,0,0,0,0,0,0,1066,271,2
whir_t100_capacity_full,round_reuse_batch_inverse,raw_fibers,separate_paths,100.0,whir_capacity_full,0,18,8,2,1,30,4,0,12356,640,20,32768,1,phase_parse,4,1473,,ok,,0,0,0,0,0,0,1066,271,2
whir_t100_capacity_full,round_reuse_batch_inverse,raw_fibers,separate_paths,100.0,whir_capacity_full,0,18,8,2,1,30,4,0,12356,640,20,32768,1,phase_per_round_queries,4,580688,,ok,,0,0,0,0,0,0,1066,271,2
whir_t100_capacity_full,round_reuse_batch_inverse,raw_fibers,separate_paths,100.0,whir_capacity_full,0,18,8,2,1,30,4,0,12356,640,20,32768,1,phase_folding,5,4043,,ok,,0,0,0,0,0,0,1066,271,2
whir_t100_capacity_full,round_reuse_batch_inverse,raw_fibers,separate_paths,100.0,whir_capacity_full,0,18,8,2,1,30,4,0,12356,640,20,32768,1,phase_ood,5,33963,,ok,,0,0,0,0,0,0,1066,271,2
whir_t100_capacity_full,round_reuse_batch_inverse,raw_fibers,separate_paths,100.0,whir_capacity_full,0,18,8,2,1,30,4,0,12356,640,20,32768,1,phase_parse,5,1473,,ok,,0,0,0,0,0,0,1066,271,2
whir_t100_capacity_full,round_reuse_batch_inverse,raw_fibers,separate_paths,100.0,whir_capacity_full,0,18,8,2,1,30,4,0,12356,640,20,32768,1,phase_per_round_queries,5,580688,,ok,,0,0,0,0,0,0,1066,271,2
whir_t100_capacity_full,round_reuse_batch_inverse,raw_fibers,separate_paths,100.0,whir_capacity_full,0,18,8,2,1,30,4,0,12356,640,20,32768,1,phase_folding,6,4043,,ok,,0,0,0,0,0,0,1066,271,2
whir_t100_capacity_full,round_reuse_batch_inverse,raw_fibers,separate_paths,100.0,whir_capacity_full,0,18,8,2,1,30,4,0,12356,640,20,32768,1,phase_ood,6,33963,,ok,,0,0,0,0,0,0,1066,271,2
whir_t100_capacity_full,round_reuse_batch_inverse,raw_fibers,separate_paths,100.0,whir_capacity_full,0,18,8,2,1,30,4,0,12356,640,20,32768,1,phase_parse,6,1473,,ok,,0,0,0,0,0,0,1066,271,2
whir_t100_capacity_full,round_reuse_batch_inverse,raw_fibers,separate_paths,100.0,whir_capacity_full,0,18,8,2,1,30,4,0,12356,640,20,32768,1,phase_per_round_queries,6,580688,,ok,,0,0,0,0,0,0,1066,271,2
whir_t100_capacity_full,round_reuse_batch_inverse,raw_fibers,separate_paths,100.0,whir_capacity_full,0,18,8,2,1,30,4,0,12356,640,20,32768,1,phase_folding,7,4043,,ok,,0,0,0,0,0,0,1066,271,2
whir_t100_capacity_full,round_reuse_batch_inverse,raw_fibers,separate_paths,100.0,whir_capacity_full,0,18,8,2,1,30,4,0,12356,640,20,32768,1,phase_ood,7,33963,,ok,,0,0,0,0,0,0,1066,271,2
whir_t100_capacity_full,round_reuse_batch_inverse,raw_fibers,separate_paths,100.0,whir_capacity_full,0,18,8,2,1,30,4,0,12356,640,20,32768,1,phase_parse,7,1473,,ok,,0,0,0,0,0,0,1066,271,2
whir_t100_capacity_full,round_reuse_batch_inverse,raw_fibers,separate_paths,100.0,whir_capacity_full,0,18,8,2,1,30,4,0,12356,640,20,32768,1,phase_per_round_queries,7,580688,,ok,,0,0,0,0,0,0,1066,271,2
whir_t100_capacity_full,round_reuse_batch_inverse,raw_fibers,separate_paths,100.0,whir_capacity_full,0,18,8,2,1,30,4,0,12356,640,20,32768,1,phase_folding,8,4043,,ok,,0,0,0,0,0,0,1066,271,2
whir_t100_capacity_full,round_reuse_batch_inverse,raw_fibers,separate_paths,100.0,whir_capacity_full,0,18,8,2,1,30,4,0,12356,640,20,32768,1,phase_ood,8,33963,,ok,,0,0,0,0,0,0,1066,271,2
whir_t100_capacity_full,round_reuse_batch_inverse,raw_fibers,separate_paths,100.0,whir_capacity_full,0,18,8,2,1,30,4,0,12356,640,20,32768,1,phase_parse,8,1473,,ok,,0,0,0,0,0,0,1066,271,2
whir_t100_capacity_full,round_reuse_batch_inverse,raw_fibers,separate_paths,100.0,whir_capacity_full,0,18,8,2,1,30,4,0,12356,640,20,32768,1,phase_per_round_queries,8,580688,,ok,,0,0,0,0,0,0,1066,271,2
whir_t100_capacity_full,round_reuse_batch_inverse,raw_fibers,separate_paths,100.0,whir_capacity_full,0,18,8,2,1,30,4,0,12356,640,20,32768,1,phase_folding,9,4043,,ok,,0,0,0,0,0,0,1066,271,2
whir_t100_capacity_full,round_reuse_batch_inverse,raw_fibers,separate_paths,100.0,whir_capacity_full,0,18,8,2,1,30,4,0,12356,640,20,32768,1,phase_ood,9,33963,,ok,,0,0,0,0,0,0,1066,271,2
whir_t100_capacity_full,round_reuse_batch_inverse,raw_fibers,separate_paths,100.0,whir_capacity_full,0,18,8,2,1,30,4,0,12356,640,20,32768,1,phase_parse,9,1473,,ok,,0,0,0,0,0,0,1066,271,2
whir_t100_capacity_full,round_reuse_batch_inverse,raw_fibers,separate_paths,100.0,whir_capacity_full,0,18,8,2,1,30,4,0,12356,640,20,32768,1,phase_per_round_queries,9,580688,,ok,,0,0,0,0,0,0,1066,271,2
whir_t100_capacity_full,baseline_round0,local_interpolant,separate_paths,100.0,whir_capacity_full,0,18,8,2,1,30,4,0,12356,640,20,32768,1,host_verify,0,,5137042,ok,,222,14871,254,2028,180,18,2608,234,36
whir_t100_capacity_full,baseline_round0,local_interpolant,separate_paths,100.0,whir_capacity_full,0,18,8,2,1,30,4,0,12356,640,20,32768,1,verify_sbf,0,660343,,ok,,222,14871,254,2028,180,18,2608,234,36
whir_t100_capacity_full,baseline_round0,local_interpolant,separate_paths,100.0,whir_capacity_full,0,18,8,2,1,30,4,0,12356,640,20,32768,1,verify_sbf,1,660343,,ok,,222,14871,254,2028,180,18,2608,234,36
whir_t100_capacity_full,baseline_round0,local_interpolant,separate_paths,100.0,whir_capacity_full,0,18,8,2,1,30,4,0,12356,640,20,32768,1,verify_sbf,2,660343,,ok,,222,14871,254,2028,180,18,2608,234,36
whir_t100_capacity_full,baseline_round0,local_interpolant,separate_paths,100.0,whir_capacity_full,0,18,8,2,1,30,4,0,12356,640,20,32768,1,verify_sbf,3,660343,,ok,,222,14871,254,2028,180,18,2608,234,36
whir_t100_capacity_full,baseline_round0,local_interpolant,separate_paths,100.0,whir_capacity_full,0,18,8,2,1,30,4,0,12356,640,20,32768,1,verify_sbf,4,660343,,ok,,222,14871,254,2028,180,18,2608,234,36
whir_t100_capacity_full,baseline_round0,local_interpolant,separate_paths,100.0,whir_capacity_full,0,18,8,2,1,30,4,0,12356,640,20,32768,1,verify_sbf,5,660343,,ok,,222,14871,254,2028,180,18,2608,234,36
whir_t100_capacity_full,baseline_round0,local_interpolant,separate_paths,100.0,whir_capacity_full,0,18,8,2,1,30,4,0,12356,640,20,32768,1,verify_sbf,6,660343,,ok,,222,14871,254,2028,180,18,2608,234,36
whir_t100_capacity_full,baseline_round0,local_interpolant,separate_paths,100.0,whir_capacity_full,0,18,8,2,1,30,4,0,12356,640,20,32768,1,verify_sbf,7,660343,,ok,,222,14871,254,2028,180,18,2608,234,36
whir_t100_capacity_full,baseline_round0,local_interpolant,separate_paths,100.0,whir_capacity_full,0,18,8,2,1,30,4,0,12356,640,20,32768,1,verify_sbf,8,660343,,ok,,222,14871,254,2028,180,18,2608,234,36
whir_t100_capacity_full,baseline_round0,local_interpolant,separate_paths,100.0,whir_capacity_full,0,18,8,2,1,30,4,0,12356,640,20,32768,1,verify_sbf,9,660343,,ok,,222,14871,254,2028,180,18,2608,234,36
whir_t100_capacity_full,baseline_round0,local_interpolant,separate_paths,100.0,whir_capacity_full,0,18,8,2,1,30,4,0,12356,640,20,32768,1,phase_folding,0,4040,,ok,,0,0,0,0,0,0,2608,234,36
whir_t100_capacity_full,baseline_round0,local_interpolant,separate_paths,100.0,whir_capacity_full,0,18,8,2,1,30,4,0,12356,640,20,32768,1,phase_ood,0,33964,,ok,,0,0,0,0,0,0,2608,234,36
whir_t100_capacity_full,baseline_round0,local_interpolant,separate_paths,100.0,whir_capacity_full,0,18,8,2,1,30,4,0,12356,640,20,32768,1,phase_parse,0,1475,,ok,,0,0,0,0,0,0,2608,234,36
whir_t100_capacity_full,baseline_round0,local_interpolant,separate_paths,100.0,whir_capacity_full,0,18,8,2,1,30,4,0,12356,640,20,32768,1,phase_per_round_queries,0,621502,,ok,,0,0,0,0,0,0,2608,234,36
whir_t100_capacity_full,baseline_round0,local_interpolant,separate_paths,100.0,whir_capacity_full,0,18,8,2,1,30,4,0,12356,640,20,32768,1,phase_folding,1,4040,,ok,,0,0,0,0,0,0,2608,234,36
whir_t100_capacity_full,baseline_round0,local_interpolant,separate_paths,100.0,whir_capacity_full,0,18,8,2,1,30,4,0,12356,640,20,32768,1,phase_ood,1,33964,,ok,,0,0,0,0,0,0,2608,234,36
whir_t100_capacity_full,baseline_round0,local_interpolant,separate_paths,100.0,whir_capacity_full,0,18,8,2,1,30,4,0,12356,640,20,32768,1,phase_parse,1,1475,,ok,,0,0,0,0,0,0,2608,234,36
whir_t100_capacity_full,baseline_round0,local_interpolant,separate_paths,100.0,whir_capacity_full,0,18,8,2,1,30,4,0,12356,640,20,32768,1,phase_per_round_queries,1,621502,,ok,,0,0,0,0,0,0,2608,234,36
whir_t100_capacity_full,baseline_round0,local_interpolant,separate_paths,100.0,whir_capacity_full,0,18,8,2,1,30,4,0,12356,640,20,32768,1,phase_folding,2,4040,,ok,,0,0,0,0,0,0,2608,234,36
whir_t100_capacity_full,baseline_round0,local_interpolant,separate_paths,100.0,whir_capacity_full,0,18,8,2,1,30,4,0,12356,640,20,32768,1,phase_ood,2,33964,,ok,,0,0,0,0,0,0,2608,234,36
whir_t100_capacity_full,baseline_round0,local_interpolant,separate_paths,100.0,whir_capacity_full,0,18,8,2,1,30,4,0,12356,640,20,32768,1,phase_parse,2,1475,,ok,,0,0,0,0,0,0,2608,234,36
whir_t100_capacity_full,baseline_round0,local_interpolant,separate_paths,100.0,whir_capacity_full,0,18,8,2,1,30,4,0,12356,640,20,32768,1,phase_per_round_queries,2,621502,,ok,,0,0,0,0,0,0,2608,234,36
whir_t100_capacity_full,baseline_round0,local_interpolant,separate_paths,100.0,whir_capacity_full,0,18,8,2,1,30,4,0,12356,640,20,32768,1,phase_folding,3,4040,,ok,,0,0,0,0,0,0,2608,234,36
whir_t100_capacity_full,baseline_round0,local_interpolant,separate_paths,100.0,whir_capacity_full,0,18,8,2,1,30,4,0,12356,640,20,32768,1,phase_ood,3,33964,,ok,,0,0,0,0,0,0,2608,234,36
whir_t100_capacity_full,baseline_round0,local_interpolant,separate_paths,100.0,whir_capacity_full,0,18,8,2,1,30,4,0,12356,640,20,32768,1,phase_parse,3,1475,,ok,,0,0,0,0,0,0,2608,234,36
whir_t100_capacity_full,baseline_round0,local_interpolant,separate_paths,100.0,whir_capacity_full,0,18,8,2,1,30,4,0,12356,640,20,32768,1,phase_per_round_queries,3,621502,,ok,,0,0,0,0,0,0,2608,234,36
whir_t100_capacity_full,baseline_round0,local_interpolant,separate_paths,100.0,whir_capacity_full,0,18,8,2,1,30,4,0,12356,640,20,32768,1,phase_folding,4,4040,,ok,,0,0,0,0,0,0,2608,234,36
whir_t100_capacity_full,baseline_round0,local_interpolant,separate_paths,100.0,whir_capacity_full,0,18,8,2,1,30,4,0,12356,640,20,32768,1,phase_ood,4,33964,,ok,,0,0,0,0,0,0,2608,234,36
whir_t100_capacity_full,baseline_round0,local_interpolant,separate_paths,100.0,whir_capacity_full,0,18,8,2,1,30,4,0,12356,640,20,32768,1,phase_parse,4,1475,,ok,,0,0,0,0,0,0,2608,234,36
whir_t100_capacity_full,baseline_round0,local_interpolant,separate_paths,100.0,whir_capacity_full,0,18,8,2,1,30,4,0,12356,640,20,32768,1,phase_per_round_queries,4,621502,,ok,,0,0,0,0,0,0,2608,234,36
whir_t100_capacity_full,baseline_round0,local_interpolant,separate_paths,100.0,whir_capacity_full,0,18,8,2,1,30,4,0,12356,640,20,32768,1,phase_folding,5,4040,,ok,,0,0,0,0,0,0,2608,234,36
whir_t100_capacity_full,baseline_round0,local_interpolant,separate_paths,100.0,whir_capacity_full,0,18,8,2,1,30,4,0,12356,640,20,32768,1,phase_ood,5,33964,,ok,,0,0,0,0,0,0,2608,234,36
whir_t100_capacity_full,baseline_round0,local_interpolant,separate_paths,100.0,whir_capacity_full,0,18,8,2,1,30,4,0,12356,640,20,32768,1,phase_parse,5,1475,,ok,,0,0,0,0,0,0,2608,234,36
whir_t100_capacity_full,baseline_round0,local_interpolant,separate_paths,100.0,whir_capacity_full,0,18,8,2,1,30,4,0,12356,640,20,32768,1,phase_per_round_queries,5,621502,,ok,,0,0,0,0,0,0,2608,234,36
whir_t100_capacity_full,baseline_round0,local_interpolant,separate_paths,100.0,whir_capacity_full,0,18,8,2,1,30,4,0,12356,640,20,32768,1,phase_folding,6,4040,,ok,,0,0,0,0,0,0,2608,234,36
whir_t100_capacity_full,baseline_round0,local_interpolant,separate_paths,100.0,whir_capacity_full,0,18,8,2,1,30,4,0,12356,640,20,32768,1,phase_ood,6,33964,,ok,,0,0,0,0,0,0,2608,234,36
whir_t100_capacity_full,baseline_round0,local_interpolant,separate_paths,100.0,whir_capacity_full,0,18,8,2,1,30,4,0,12356,640,20,32768,1,phase_parse,6,1475,,ok,,0,0,0,0,0,0,2608,234,36
whir_t100_capacity_full,baseline_round0,local_interpolant,separate_paths,100.0,whir_capacity_full,0,18,8,2,1,30,4,0,12356,640,20,32768,1,phase_per_round_queries,6,621502,,ok,,0,0,0,0,0,0,2608,234,36
whir_t100_capacity_full,baseline_round0,local_interpolant,separate_paths,100.0,whir_capacity_full,0,18,8,2,1,30,4,0,12356,640,20,32768,1,phase_folding,7,4040,,ok,,0,0,0,0,0,0,2608,234,36
whir_t100_capacity_full,baseline_round0,local_interpolant,separate_paths,100.0,whir_capacity_full,0,18,8,2,1,30,4,0,12356,640,20,32768,1,phase_ood,7,33964,,ok,,0,0,0,0,0,0,2608,234,36
whir_t100_capacity_full,baseline_round0,local_interpolant,separate_paths,100.0,whir_capacity_full,0,18,8,2,1,30,4,0,12356,640,20,32768,1,phase_parse,7,1475,,ok,,0,0,0,0,0,0,2608,234,36
whir_t100_capacity_full,baseline_round0,local_interpolant,separate_paths,100.0,whir_capacity_full,0,18,8,2,1,30,4,0,12356,640,20,32768,1,phase_per_round_queries,7,621502,,ok,,0,0,0,0,0,0,2608,234,36
whir_t100_capacity_full,baseline_round0,local_interpolant,separate_paths,100.0,whir_capacity_full,0,18,8,2,1,30,4,0,12356,640,20,32768,1,phase_folding,8,4040,,ok,,0,0,0,0,0,0,2608,234,36
whir_t100_capacity_full,baseline_round0,local_interpolant,separate_paths,100.0,whir_capacity_full,0,18,8,2,1,30,4,0,12356,640,20,32768,1,phase_ood,8,33964,,ok,,0,0,0,0,0,0,2608,234,36
whir_t100_capacity_full,baseline_round0,local_interpolant,separate_paths,100.0,whir_capacity_full,0,18,8,2,1,30,4,0,12356,640,20,32768,1,phase_parse,8,1475,,ok,,0,0,0,0,0,0,2608,234,36
whir_t100_capacity_full,baseline_round0,local_interpolant,separate_paths,100.0,whir_capacity_full,0,18,8,2,1,30,4,0,12356,640,20,32768,1,phase_per_round_queries,8,621502,,ok,,0,0,0,0,0,0,2608,234,36
whir_t100_capacity_full,baseline_round0,local_interpolant,separate_paths,100.0,whir_capacity_full,0,18,8,2,1,30,4,0,12356,640,20,32768,1,phase_folding,9,4040,,ok,,0,0,0,0,0,0,2608,234,36
whir_t100_capacity_full,baseline_round0,local_interpolant,separate_paths,100.0,whir_capacity_full,0,18,8,2,1,30,4,0,12356,640,20,32768,1,phase_ood,9,33964,,ok,,0,0,0,0,0,0,2608,234,36
whir_t100_capacity_full,baseline_round0,local_interpolant,separate_paths,100.0,whir_capacity_full,0,18,8,2,1,30,4,0,12356,640,20,32768,1,phase_parse,9,1475,,ok,,0,0,0,0,0,0,2608,234,36
whir_t100_capacity_full,baseline_round0,local_interpolant,separate_paths,100.0,whir_capacity_full,0,18,8,2,1,30,4,0,12356,640,20,32768,1,phase_per_round_queries,9,621502,,ok,,0,0,0,0,0,0,2608,234,36
whir_t100_capacity_full,round_reuse_batch_inverse,local_interpolant,separate_paths,100.0,whir_capacity_full,0,18,8,2,1,30,4,0,12356,640,20,32768,1,host_verify,0,,5210583,ok,,222,14871,254,1102,234,18,1138,271,2
whir_t100_capacity_full,round_reuse_batch_inverse,local_interpolant,separate_paths,100.0,whir_capacity_full,0,18,8,2,1,30,4,0,12356,640,20,32768,1,verify_sbf,0,623241,,ok,,222,14871,254,1102,234,18,1138,271,2
whir_t100_capacity_full,round_reuse_batch_inverse,local_interpolant,separate_paths,100.0,whir_capacity_full,0,18,8,2,1,30,4,0,12356,640,20,32768,1,verify_sbf,1,623241,,ok,,222,14871,254,1102,234,18,1138,271,2
whir_t100_capacity_full,round_reuse_batch_inverse,local_interpolant,separate_paths,100.0,whir_capacity_full,0,18,8,2,1,30,4,0,12356,640,20,32768,1,verify_sbf,2,623241,,ok,,222,14871,254,1102,234,18,1138,271,2
whir_t100_capacity_full,round_reuse_batch_inverse,local_interpolant,separate_paths,100.0,whir_capacity_full,0,18,8,2,1,30,4,0,12356,640,20,32768,1,verify_sbf,3,623241,,ok,,222,14871,254,1102,234,18,1138,271,2
whir_t100_capacity_full,round_reuse_batch_inverse,local_interpolant,separate_paths,100.0,whir_capacity_full,0,18,8,2,1,30,4,0,12356,640,20,32768,1,verify_sbf,4,623241,,ok,,222,14871,254,1102,234,18,1138,271,2
whir_t100_capacity_full,round_reuse_batch_inverse,local_interpolant,separate_paths,100.0,whir_capacity_full,0,18,8,2,1,30,4,0,12356,640,20,32768,1,verify_sbf,5,623241,,ok,,222,14871,254,1102,234,18,1138,271,2
whir_t100_capacity_full,round_reuse_batch_inverse,local_interpolant,separate_paths,100.0,whir_capacity_full,0,18,8,2,1,30,4,0,12356,640,20,32768,1,verify_sbf,6,623241,,ok,,222,14871,254,1102,234,18,1138,271,2
whir_t100_capacity_full,round_reuse_batch_inverse,local_interpolant,separate_paths,100.0,whir_capacity_full,0,18,8,2,1,30,4,0,12356,640,20,32768,1,verify_sbf,7,623241,,ok,,222,14871,254,1102,234,18,1138,271,2
whir_t100_capacity_full,round_reuse_batch_inverse,local_interpolant,separate_paths,100.0,whir_capacity_full,0,18,8,2,1,30,4,0,12356,640,20,32768,1,verify_sbf,8,623241,,ok,,222,14871,254,1102,234,18,1138,271,2
whir_t100_capacity_full,round_reuse_batch_inverse,local_interpolant,separate_paths,100.0,whir_capacity_full,0,18,8,2,1,30,4,0,12356,640,20,32768,1,verify_sbf,9,623241,,ok,,222,14871,254,1102,234,18,1138,271,2
whir_t100_capacity_full,round_reuse_batch_inverse,local_interpolant,separate_paths,100.0,whir_capacity_full,0,18,8,2,1,30,4,0,12356,640,20,32768,1,phase_folding,0,4040,,ok,,0,0,0,0,0,0,1138,271,2
whir_t100_capacity_full,round_reuse_batch_inverse,local_interpolant,separate_paths,100.0,whir_capacity_full,0,18,8,2,1,30,4,0,12356,640,20,32768,1,phase_ood,0,33964,,ok,,0,0,0,0,0,0,1138,271,2
whir_t100_capacity_full,round_reuse_batch_inverse,local_interpolant,separate_paths,100.0,whir_capacity_full,0,18,8,2,1,30,4,0,12356,640,20,32768,1,phase_parse,0,1475,,ok,,0,0,0,0,0,0,1138,271,2
whir_t100_capacity_full,round_reuse_batch_inverse,local_interpolant,separate_paths,100.0,whir_capacity_full,0,18,8,2,1,30,4,0,12356,640,20,32768,1,phase_per_round_queries,0,584400,,ok,,0,0,0,0,0,0,1138,271,2
whir_t100_capacity_full,round_reuse_batch_inverse,local_interpolant,separate_paths,100.0,whir_capacity_full,0,18,8,2,1,30,4,0,12356,640,20,32768,1,phase_folding,1,4040,,ok,,0,0,0,0,0,0,1138,271,2
whir_t100_capacity_full,round_reuse_batch_inverse,local_interpolant,separate_paths,100.0,whir_capacity_full,0,18,8,2,1,30,4,0,12356,640,20,32768,1,phase_ood,1,33964,,ok,,0,0,0,0,0,0,1138,271,2
whir_t100_capacity_full,round_reuse_batch_inverse,local_interpolant,separate_paths,100.0,whir_capacity_full,0,18,8,2,1,30,4,0,12356,640,20,32768,1,phase_parse,1,1475,,ok,,0,0,0,0,0,0,1138,271,2
whir_t100_capacity_full,round_reuse_batch_inverse,local_interpolant,separate_paths,100.0,whir_capacity_full,0,18,8,2,1,30,4,0,12356,640,20,32768,1,phase_per_round_queries,1,584400,,ok,,0,0,0,0,0,0,1138,271,2
whir_t100_capacity_full,round_reuse_batch_inverse,local_interpolant,separate_paths,100.0,whir_capacity_full,0,18,8,2,1,30,4,0,12356,640,20,32768,1,phase_folding,2,4040,,ok,,0,0,0,0,0,0,1138,271,2
whir_t100_capacity_full,round_reuse_batch_inverse,local_interpolant,separate_paths,100.0,whir_capacity_full,0,18,8,2,1,30,4,0,12356,640,20,32768,1,phase_ood,2,33964,,ok,,0,0,0,0,0,0,1138,271,2
whir_t100_capacity_full,round_reuse_batch_inverse,local_interpolant,separate_paths,100.0,whir_capacity_full,0,18,8,2,1,30,4,0,12356,640,20,32768,1,phase_parse,2,1475,,ok,,0,0,0,0,0,0,1138,271,2
whir_t100_capacity_full,round_reuse_batch_inverse,local_interpolant,separate_paths,100.0,whir_capacity_full,0,18,8,2,1,30,4,0,12356,640,20,32768,1,phase_per_round_queries,2,584400,,ok,,0,0,0,0,0,0,1138,271,2
whir_t100_capacity_full,round_reuse_batch_inverse,local_interpolant,separate_paths,100.0,whir_capacity_full,0,18,8,2,1,30,4,0,12356,640,20,32768,1,phase_folding,3,4040,,ok,,0,0,0,0,0,0,1138,271,2
whir_t100_capacity_full,round_reuse_batch_inverse,local_interpolant,separate_paths,100.0,whir_capacity_full,0,18,8,2,1,30,4,0,12356,640,20,32768,1,phase_ood,3,33964,,ok,,0,0,0,0,0,0,1138,271,2
whir_t100_capacity_full,round_reuse_batch_inverse,local_interpolant,separate_paths,100.0,whir_capacity_full,0,18,8,2,1,30,4,0,12356,640,20,32768,1,phase_parse,3,1475,,ok,,0,0,0,0,0,0,1138,271,2
whir_t100_capacity_full,round_reuse_batch_inverse,local_interpolant,separate_paths,100.0,whir_capacity_full,0,18,8,2,1,30,4,0,12356,640,20,32768,1,phase_per_round_queries,3,584400,,ok,,0,0,0,0,0,0,1138,271,2
whir_t100_capacity_full,round_reuse_batch_inverse,local_interpolant,separate_paths,100.0,whir_capacity_full,0,18,8,2,1,30,4,0,12356,640,20,32768,1,phase_folding,4,4040,,ok,,0,0,0,0,0,0,1138,271,2
whir_t100_capacity_full,round_reuse_batch_inverse,local_interpolant,separate_paths,100.0,whir_capacity_full,0,18,8,2,1,30,4,0,12356,640,20,32768,1,phase_ood,4,33964,,ok,,0,0,0,0,0,0,1138,271,2
whir_t100_capacity_full,round_reuse_batch_inverse,local_interpolant,separate_paths,100.0,whir_capacity_full,0,18,8,2,1,30,4,0,12356,640,20,32768,1,phase_parse,4,1475,,ok,,0,0,0,0,0,0,1138,271,2
whir_t100_capacity_full,round_reuse_batch_inverse,local_interpolant,separate_paths,100.0,whir_capacity_full,0,18,8,2,1,30,4,0,12356,640,20,32768,1,phase_per_round_queries,4,584400,,ok,,0,0,0,0,0,0,1138,271,2
whir_t100_capacity_full,round_reuse_batch_inverse,local_interpolant,separate_paths,100.0,whir_capacity_full,0,18,8,2,1,30,4,0,12356,640,20,32768,1,phase_folding,5,4040,,ok,,0,0,0,0,0,0,1138,271,2
whir_t100_capacity_full,round_reuse_batch_inverse,local_interpolant,separate_paths,100.0,whir_capacity_full,0,18,8,2,1,30,4,0,12356,640,20,32768,1,phase_ood,5,33964,,ok,,0,0,0,0,0,0,1138,271,2
whir_t100_capacity_full,round_reuse_batch_inverse,local_interpolant,separate_paths,100.0,whir_capacity_full,0,18,8,2,1,30,4,0,12356,640,20,32768,1,phase_parse,5,1475,,ok,,0,0,0,0,0,0,1138,271,2
whir_t100_capacity_full,round_reuse_batch_inverse,local_interpolant,separate_paths,100.0,whir_capacity_full,0,18,8,2,1,30,4,0,12356,640,20,32768,1,phase_per_round_queries,5,584400,,ok,,0,0,0,0,0,0,1138,271,2
whir_t100_capacity_full,round_reuse_batch_inverse,local_interpolant,separate_paths,100.0,whir_capacity_full,0,18,8,2,1,30,4,0,12356,640,20,32768,1,phase_folding,6,4040,,ok,,0,0,0,0,0,0,1138,271,2
whir_t100_capacity_full,round_reuse_batch_inverse,local_interpolant,separate_paths,100.0,whir_capacity_full,0,18,8,2,1,30,4,0,12356,640,20,32768,1,phase_ood,6,33964,,ok,,0,0,0,0,0,0,1138,271,2
whir_t100_capacity_full,round_reuse_batch_inverse,local_interpolant,separate_paths,100.0,whir_capacity_full,0,18,8,2,1,30,4,0,12356,640,20,32768,1,phase_parse,6,1475,,ok,,0,0,0,0,0,0,1138,271,2
whir_t100_capacity_full,round_reuse_batch_inverse,local_interpolant,separate_paths,100.0,whir_capacity_full,0,18,8,2,1,30,4,0,12356,640,20,32768,1,phase_per_round_queries,6,584400,,ok,,0,0,0,0,0,0,1138,271,2
whir_t100_capacity_full,round_reuse_batch_inverse,local_interpolant,separate_paths,100.0,whir_capacity_full,0,18,8,2,1,30,4,0,12356,640,20,32768,1,phase_folding,7,4040,,ok,,0,0,0,0,0,0,1138,271,2
whir_t100_capacity_full,round_reuse_batch_inverse,local_interpolant,separate_paths,100.0,whir_capacity_full,0,18,8,2,1,30,4,0,12356,640,20,32768,1,phase_ood,7,33964,,ok,,0,0,0,0,0,0,1138,271,2
whir_t100_capacity_full,round_reuse_batch_inverse,local_interpolant,separate_paths,100.0,whir_capacity_full,0,18,8,2,1,30,4,0,12356,640,20,32768,1,phase_parse,7,1475,,ok,,0,0,0,0,0,0,1138,271,2
whir_t100_capacity_full,round_reuse_batch_inverse,local_interpolant,separate_paths,100.0,whir_capacity_full,0,18,8,2,1,30,4,0,12356,640,20,32768,1,phase_per_round_queries,7,584400,,ok,,0,0,0,0,0,0,1138,271,2
whir_t100_capacity_full,round_reuse_batch_inverse,local_interpolant,separate_paths,100.0,whir_capacity_full,0,18,8,2,1,30,4,0,12356,640,20,32768,1,phase_folding,8,4040,,ok,,0,0,0,0,0,0,1138,271,2
whir_t100_capacity_full,round_reuse_batch_inverse,local_interpolant,separate_paths,100.0,whir_capacity_full,0,18,8,2,1,30,4,0,12356,640,20,32768,1,phase_ood,8,33964,,ok,,0,0,0,0,0,0,1138,271,2
whir_t100_capacity_full,round_reuse_batch_inverse,local_interpolant,separate_paths,100.0,whir_capacity_full,0,18,8,2,1,30,4,0,12356,640,20,32768,1,phase_parse,8,1475,,ok,,0,0,0,0,0,0,1138,271,2
whir_t100_capacity_full,round_reuse_batch_inverse,local_interpolant,separate_paths,100.0,whir_capacity_full,0,18,8,2,1,30,4,0,12356,640,20,32768,1,phase_per_round_queries,8,584400,,ok,,0,0,0,0,0,0,1138,271,2
whir_t100_capacity_full,round_reuse_batch_inverse,local_interpolant,separate_paths,100.0,whir_capacity_full,0,18,8,2,1,30,4,0,12356,640,20,32768,1,phase_folding,9,4040,,ok,,0,0,0,0,0,0,1138,271,2
whir_t100_capacity_full,round_reuse_batch_inverse,local_interpolant,separate_paths,100.0,whir_capacity_full,0,18,8,2,1,30,4,0,12356,640,20,32768,1,phase_ood,9,33964,,ok,,0,0,0,0,0,0,1138,271,2
whir_t100_capacity_full,round_reuse_batch_inverse,local_interpolant,separate_paths,100.0,whir_capacity_full,0,18,8,2,1,30,4,0,12356,640,20,32768,1,phase_parse,9,1475,,ok,,0,0,0,0,0,0,1138,271,2
whir_t100_capacity_full,round_reuse_batch_inverse,local_interpolant,separate_paths,100.0,whir_capacity_full,0,18,8,2,1,30,4,0,12356,640,20,32768,1,phase_per_round_queries,9,584400,,ok,,0,0,0,0,0,0,1138,271,2
whir_t100_capacity_full,baseline_round0,raw_fibers,minimal_subtree,100.0,whir_capacity_full,0,18,8,2,1,30,4,0,5668,640,9,32768,1,host_verify,0,,8103209,ok,,103,6779,254,1956,180,18,2536,234,36
whir_t100_capacity_full,baseline_round0,raw_fibers,minimal_subtree,100.0,whir_capacity_full,0,18,8,2,1,30,4,0,5668,640,9,32768,1,verify_sbf,0,632170,,ok,,103,6779,254,1956,180,18,2536,234,36
whir_t100_capacity_full,baseline_round0,raw_fibers,minimal_subtree,100.0,whir_capacity_full,0,18,8,2,1,30,4,0,5668,640,9,32768,1,verify_sbf,1,632170,,ok,,103,6779,254,1956,180,18,2536,234,36
whir_t100_capacity_full,baseline_round0,raw_fibers,minimal_subtree,100.0,whir_capacity_full,0,18,8,2,1,30,4,0,5668,640,9,32768,1,verify_sbf,2,632170,,ok,,103,6779,254,1956,180,18,2536,234,36
whir_t100_capacity_full,baseline_round0,raw_fibers,minimal_subtree,100.0,whir_capacity_full,0,18,8,2,1,30,4,0,5668,640,9,32768,1,verify_sbf,3,632170,,ok,,103,6779,254,1956,180,18,2536,234,36
whir_t100_capacity_full,baseline_round0,raw_fibers,minimal_subtree,100.0,whir_capacity_full,0,18,8,2,1,30,4,0,5668,640,9,32768,1,verify_sbf,4,632170,,ok,,103,6779,254,1956,180,18,2536,234,36
whir_t100_capacity_full,baseline_round0,raw_fibers,minimal_subtree,100.0,whir_capacity_full,0,18,8,2,1,30,4,0,5668,640,9,32768,1,verify_sbf,5,632170,,ok,,103,6779,254,1956,180,18,2536,234,36
whir_t100_capacity_full,baseline_round0,raw_fibers,minimal_subtree,100.0,whir_capacity_full,0,18,8,2,1,30,4,0,5668,640,9,32768,1,verify_sbf,6,632170,,ok,,103,6779,254,1956,180,18,2536,234,36
whir_t100_capacity_full,baseline_round0,raw_fibers,minimal_subtree,100.0,whir_capacity_full,0,18,8,2,1,30,4,0,5668,640,9,32768,1,verify_sbf,7,632170,,ok,,103,6779,254,1956,180,18,2536,234,36
whir_t100_capacity_full,baseline_round0,raw_fibers,minimal_subtree,100.0,whir_capacity_full,0,18,8,2,1,30,4,0,5668,640,9,32768,1,verify_sbf,8,632170,,ok,,103,6779,254,1956,180,18,2536,234,36
whir_t100_capacity_full,baseline_round0,raw_fibers,minimal_subtree,100.0,whir_capacity_full,0,18,8,2,1,30,4,0,5668,640,9,32768,1,verify_sbf,9,632170,,ok,,103,6779,254,1956,180,18,2536,234,36
whir_t100_capacity_full,baseline_round0,raw_fibers,minimal_subtree,100.0,whir_capacity_full,0,18,8,2,1,30,4,0,5668,640,9,32768,1,phase_folding,0,4037,,ok,,0,0,0,0,0,0,2536,234,36
whir_t100_capacity_full,baseline_round0,raw_fibers,minimal_subtree,100.0,whir_capacity_full,0,18,8,2,1,30,4,0,5668,640,9,32768,1,phase_ood,0,33963,,ok,,0,0,0,0,0,0,2536,234,36
whir_t100_capacity_full,baseline_round0,raw_fibers,minimal_subtree,100.0,whir_capacity_full,0,18,8,2,1,30,4,0,5668,640,9,32768,1,phase_parse,0,1471,,ok,,0,0,0,0,0,0,2536,234,36
whir_t100_capacity_full,baseline_round0,raw_fibers,minimal_subtree,100.0,whir_capacity_full,0,18,8,2,1,30,4,0,5668,640,9,32768,1,phase_per_round_queries,0,593339,,ok,,0,0,0,0,0,0,2536,234,36
whir_t100_capacity_full,baseline_round0,raw_fibers,minimal_subtree,100.0,whir_capacity_full,0,18,8,2,1,30,4,0,5668,640,9,32768,1,phase_folding,1,4037,,ok,,0,0,0,0,0,0,2536,234,36
whir_t100_capacity_full,baseline_round0,raw_fibers,minimal_subtree,100.0,whir_capacity_full,0,18,8,2,1,30,4,0,5668,640,9,32768,1,phase_ood,1,33963,,ok,,0,0,0,0,0,0,2536,234,36
whir_t100_capacity_full,baseline_round0,raw_fibers,minimal_subtree,100.0,whir_capacity_full,0,18,8,2,1,30,4,0,5668,640,9,32768,1,phase_parse,1,1471,,ok,,0,0,0,0,0,0,2536,234,36
whir_t100_capacity_full,baseline_round0,raw_fibers,minimal_subtree,100.0,whir_capacity_full,0,18,8,2,1,30,4,0,5668,640,9,32768,1,phase_per_round_queries,1,593339,,ok,,0,0,0,0,0,0,2536,234,36
whir_t100_capacity_full,baseline_round0,raw_fibers,minimal_subtree,100.0,whir_capacity_full,0,18,8,2,1,30,4,0,5668,640,9,32768,1,phase_folding,2,4037,,ok,,0,0,0,0,0,0,2536,234,36
whir_t100_capacity_full,baseline_round0,raw_fibers,minimal_subtree,100.0,whir_capacity_full,0,18,8,2,1,30,4,0,5668,640,9,32768,1,phase_ood,2,33963,,ok,,0,0,0,0,0,0,2536,234,36
whir_t100_capacity_full,baseline_round0,raw_fibers,minimal_subtree,100.0,whir_capacity_full,0,18,8,2,1,30,4,0,5668,640,9,32768,1,phase_parse,2,1471,,ok,,0,0,0,0,0,0,2536,234,36
whir_t100_capacity_full,baseline_round0,raw_fibers,minimal_subtree,100.0,whir_capacity_full,0,18,8,2,1,30,4,0,5668,640,9,32768,1,phase_per_round_queries,2,593339,,ok,,0,0,0,0,0,0,2536,234,36
whir_t100_capacity_full,baseline_round0,raw_fibers,minimal_subtree,100.0,whir_capacity_full,0,18,8,2,1,30,4,0,5668,640,9,32768,1,phase_folding,3,4037,,ok,,0,0,0,0,0,0,2536,234,36
whir_t100_capacity_full,baseline_round0,raw_fibers,minimal_subtree,100.0,whir_capacity_full,0,18,8,2,1,30,4,0,5668,640,9,32768,1,phase_ood,3,33963,,ok,,0,0,0,0,0,0,2536,234,36
whir_t100_capacity_full,baseline_round0,raw_fibers,minimal_subtree,100.0,whir_capacity_full,0,18,8,2,1,30,4,0,5668,640,9,32768,1,phase_parse,3,1471,,ok,,0,0,0,0,0,0,2536,234,36
whir_t100_capacity_full,baseline_round0,raw_fibers,minimal_subtree,100.0,whir_capacity_full,0,18,8,2,1,30,4,0,5668,640,9,32768,1,phase_per_round_queries,3,593339,,ok,,0,0,0,0,0,0,2536,234,36
whir_t100_capacity_full,baseline_round0,raw_fibers,minimal_subtree,100.0,whir_capacity_full,0,18,8,2,1,30,4,0,5668,640,9,32768,1,phase_folding,4,4037,,ok,,0,0,0,0,0,0,2536,234,36
whir_t100_capacity_full,baseline_round0,raw_fibers,minimal_subtree,100.0,whir_capacity_full,0,18,8,2,1,30,4,0,5668,640,9,32768,1,phase_ood,4,33963,,ok,,0,0,0,0,0,0,2536,234,36
whir_t100_capacity_full,baseline_round0,raw_fibers,minimal_subtree,100.0,whir_capacity_full,0,18,8,2,1,30,4,0,5668,640,9,32768,1,phase_parse,4,1471,,ok,,0,0,0,0,0,0,2536,234,36
whir_t100_capacity_full,baseline_round0,raw_fibers,minimal_subtree,100.0,whir_capacity_full,0,18,8,2,1,30,4,0,5668,640,9,32768,1,phase_per_round_queries,4,593339,,ok,,0,0,0,0,0,0,2536,234,36
whir_t100_capacity_full,baseline_round0,raw_fibers,minimal_subtree,100.0,whir_capacity_full,0,18,8,2,1,30,4,0,5668,640,9,32768,1,phase_folding,5,4037,,ok,,0,0,0,0,0,0,2536,234,36
whir_t100_capacity_full,baseline_round0,raw_fibers,minimal_subtree,100.0,whir_capacity_full,0,18,8,2,1,30,4,0,5668,640,9,32768,1,phase_ood,5,33963,,ok,,0,0,0,0,0,0,2536,234,36
whir_t100_capacity_full,baseline_round0,raw_fibers,minimal_subtree,100.0,whir_capacity_full,0,18,8,2,1,30,4,0,5668,640,9,32768,1,phase_parse,5,1471,,ok,,0,0,0,0,0,0,2536,234,36
whir_t100_capacity_full,baseline_round0,raw_fibers,minimal_subtree,100.0,whir_capacity_full,0,18,8,2,1,30,4,0,5668,640,9,32768,1,phase_per_round_queries,5,593339,,ok,,0,0,0,0,0,0,2536,234,36
whir_t100_capacity_full,baseline_round0,raw_fibers,minimal_subtree,100.0,whir_capacity_full,0,18,8,2,1,30,4,0,5668,640,9,32768,1,phase_folding,6,4037,,ok,,0,0,0,0,0,0,2536,234,36
whir_t100_capacity_full,baseline_round0,raw_fibers,minimal_subtree,100.0,whir_capacity_full,0,18,8,2,1,30,4,0,5668,640,9,32768,1,phase_ood,6,33963,,ok,,0,0,0,0,0,0,2536,234,36
whir_t100_capacity_full,baseline_round0,raw_fibers,minimal_subtree,100.0,whir_capacity_full,0,18,8,2,1,30,4,0,5668,640,9,32768,1,phase_parse,6,1471,,ok,,0,0,0,0,0,0,2536,234,36
whir_t100_capacity_full,baseline_round0,raw_fibers,minimal_subtree,100.0,whir_capacity_full,0,18,8,2,1,30,4,0,5668,640,9,32768,1,phase_per_round_queries,6,593339,,ok,,0,0,0,0,0,0,2536,234,36
whir_t100_capacity_full,baseline_round0,raw_fibers,minimal_subtree,100.0,whir_capacity_full,0,18,8,2,1,30,4,0,5668,640,9,32768,1,phase_folding,7,4037,,ok,,0,0,0,0,0,0,2536,234,36
whir_t100_capacity_full,baseline_round0,raw_fibers,minimal_subtree,100.0,whir_capacity_full,0,18,8,2,1,30,4,0,5668,640,9,32768,1,phase_ood,7,33963,,ok,,0,0,0,0,0,0,2536,234,36
whir_t100_capacity_full,baseline_round0,raw_fibers,minimal_subtree,100.0,whir_capacity_full,0,18,8,2,1,30,4,0,5668,640,9,32768,1,phase_parse,7,1471,,ok,,0,0,0,0,0,0,2536,234,36
whir_t100_capacity_full,baseline_round0,raw_fibers,minimal_subtree,100.0,whir_capacity_full,0,18,8,2,1,30,4,0,5668,640,9,32768,1,phase_per_round_queries,7,593339,,ok,,0,0,0,0,0,0,2536,234,36
whir_t100_capacity_full,baseline_round0,raw_fibers,minimal_subtree,100.0,whir_capacity_full,0,18,8,2,1,30,4,0,5668,640,9,32768,1,phase_folding,8,4037,,ok,,0,0,0,0,0,0,2536,234,36
whir_t100_capacity_full,baseline_round0,raw_fibers,minimal_subtree,100.0,whir_capacity_full,0,18,8,2,1,30,4,0,5668,640,9,32768,1,phase_ood,8,33963,,ok,,0,0,0,0,0,0,2536,234,36
whir_t100_capacity_full,baseline_round0,raw_fibers,minimal_subtree,100.0,whir_capacity_full,0,18,8,2,1,30,4,0,5668,640,9,32768,1,phase_parse,8,1471,,ok,,0,0,0,0,0,0,2536,234,36
whir_t100_capacity_full,baseline_round0,raw_fibers,minimal_subtree,100.0,whir_capacity_full,0,18,8,2,1,30,4,0,5668,640,9,32768,1,phase_per_round_queries,8,593339,,ok,,0,0,0,0,0,0,2536,234,36
whir_t100_capacity_full,baseline_round0,raw_fibers,minimal_subtree,100.0,whir_capacity_full,0,18,8,2,1,30,4,0,5668,640,9,32768,1,phase_folding,9,4037,,ok,,0,0,0,0,0,0,2536,234,36
whir_t100_capacity_full,baseline_round0,raw_fibers,minimal_subtree,100.0,whir_capacity_full,0,18,8,2,1,30,4,0,5668,640,9,32768,1,phase_ood,9,33963,,ok,,0,0,0,0,0,0,2536,234,36
whir_t100_capacity_full,baseline_round0,raw_fibers,minimal_subtree,100.0,whir_capacity_full,0,18,8,2,1,30,4,0,5668,640,9,32768,1,phase_parse,9,1471,,ok,,0,0,0,0,0,0,2536,234,36
whir_t100_capacity_full,baseline_round0,raw_fibers,minimal_subtree,100.0,whir_capacity_full,0,18,8,2,1,30,4,0,5668,640,9,32768,1,phase_per_round_queries,9,593339,,ok,,0,0,0,0,0,0,2536,234,36
whir_t100_capacity_full,round_reuse_batch_inverse,raw_fibers,minimal_subtree,100.0,whir_capacity_full,0,18,8,2,1,30,4,0,5668,640,9,32768,1,host_verify,0,,10376541,ok,,103,6779,254,1030,234,18,1066,271,2
whir_t100_capacity_full,round_reuse_batch_inverse,raw_fibers,minimal_subtree,100.0,whir_capacity_full,0,18,8,2,1,30,4,0,5668,640,9,32768,1,verify_sbf,0,595076,,ok,,103,6779,254,1030,234,18,1066,271,2
whir_t100_capacity_full,round_reuse_batch_inverse,raw_fibers,minimal_subtree,100.0,whir_capacity_full,0,18,8,2,1,30,4,0,5668,640,9,32768,1,verify_sbf,1,595076,,ok,,103,6779,254,1030,234,18,1066,271,2
whir_t100_capacity_full,round_reuse_batch_inverse,raw_fibers,minimal_subtree,100.0,whir_capacity_full,0,18,8,2,1,30,4,0,5668,640,9,32768,1,verify_sbf,2,595076,,ok,,103,6779,254,1030,234,18,1066,271,2
whir_t100_capacity_full,round_reuse_batch_inverse,raw_fibers,minimal_subtree,100.0,whir_capacity_full,0,18,8,2,1,30,4,0,5668,640,9,32768,1,verify_sbf,3,595076,,ok,,103,6779,254,1030,234,18,1066,271,2
whir_t100_capacity_full,round_reuse_batch_inverse,raw_fibers,minimal_subtree,100.0,whir_capacity_full,0,18,8,2,1,30,4,0,5668,640,9,32768,1,verify_sbf,4,595076,,ok,,103,6779,254,1030,234,18,1066,271,2
whir_t100_capacity_full,round_reuse_batch_inverse,raw_fibers,minimal_subtree,100.0,whir_capacity_full,0,18,8,2,1,30,4,0,5668,640,9,32768,1,verify_sbf,5,595076,,ok,,103,6779,254,1030,234,18,1066,271,2
whir_t100_capacity_full,round_reuse_batch_inverse,raw_fibers,minimal_subtree,100.0,whir_capacity_full,0,18,8,2,1,30,4,0,5668,640,9,32768,1,verify_sbf,6,595076,,ok,,103,6779,254,1030,234,18,1066,271,2
whir_t100_capacity_full,round_reuse_batch_inverse,raw_fibers,minimal_subtree,100.0,whir_capacity_full,0,18,8,2,1,30,4,0,5668,640,9,32768,1,verify_sbf,7,595076,,ok,,103,6779,254,1030,234,18,1066,271,2
whir_t100_capacity_full,round_reuse_batch_inverse,raw_fibers,minimal_subtree,100.0,whir_capacity_full,0,18,8,2,1,30,4,0,5668,640,9,32768,1,verify_sbf,8,595076,,ok,,103,6779,254,1030,234,18,1066,271,2
whir_t100_capacity_full,round_reuse_batch_inverse,raw_fibers,minimal_subtree,100.0,whir_capacity_full,0,18,8,2,1,30,4,0,5668,640,9,32768,1,verify_sbf,9,595076,,ok,,103,6779,254,1030,234,18,1066,271,2
whir_t100_capacity_full,round_reuse_batch_inverse,raw_fibers,minimal_subtree,100.0,whir_capacity_full,0,18,8,2,1,30,4,0,5668,640,9,32768,1,phase_folding,0,4037,,ok,,0,0,0,0,0,0,1066,271,2
whir_t100_capacity_full,round_reuse_batch_inverse,raw_fibers,minimal_subtree,100.0,whir_capacity_full,0,18,8,2,1,30,4,0,5668,640,9,32768,1,phase_ood,0,33963,,ok,,0,0,0,0,0,0,1066,271,2
whir_t100_capacity_full,round_reuse_batch_inverse,raw_fibers,minimal_subtree,100.0,whir_capacity_full,0,18,8,2,1,30,4,0,5668,640,9,32768,1,phase_parse,0,1471,,ok,,0,0,0,0,0,0,1066,271,2
whir_t100_capacity_full,round_reuse_batch_inverse,raw_fibers,minimal_subtree,100.0,whir_capacity_full,0,18,8,2,1,30,4,0,5668,640,9,32768,1,phase_per_round_queries,0,556245,,ok,,0,0,0,0,0,0,1066,271,2
whir_t100_capacity_full,round_reuse_batch_inverse,raw_fibers,minimal_subtree,100.0,whir_capacity_full,0,18,8,2,1,30,4,0,5668,640,9,32768,1,phase_folding,1,4037,,ok,,0,0,0,0,0,0,1066,271,2
whir_t100_capacity_full,round_reuse_batch_inverse,raw_fibers,minimal_subtree,100.0,whir_capacity_full,0,18,8,2,1,30,4,0,5668,640,9,32768,1,phase_ood,1,33963,,ok,,0,0,0,0,0,0,1066,271,2
whir_t100_capacity_full,round_reuse_batch_inverse,raw_fibers,minimal_subtree,100.0,whir_capacity_full,0,18,8,2,1,30,4,0,5668,640,9,32768,1,phase_parse,1,1471,,ok,,0,0,0,0,0,0,1066,271,2
whir_t100_capacity_full,round_reuse_batch_inverse,raw_fibers,minimal_subtree,100.0,whir_capacity_full,0,18,8,2,1,30,4,0,5668,640,9,32768,1,phase_per_round_queries,1,556245,,ok,,0,0,0,0,0,0,1066,271,2
whir_t100_capacity_full,round_reuse_batch_inverse,raw_fibers,minimal_subtree,100.0,whir_capacity_full,0,18,8,2,1,30,4,0,5668,640,9,32768,1,phase_folding,2,4037,,ok,,0,0,0,0,0,0,1066,271,2
whir_t100_capacity_full,round_reuse_batch_inverse,raw_fibers,minimal_subtree,100.0,whir_capacity_full,0,18,8,2,1,30,4,0,5668,640,9,32768,1,phase_ood,2,33963,,ok,,0,0,0,0,0,0,1066,271,2
whir_t100_capacity_full,round_reuse_batch_inverse,raw_fibers,minimal_subtree,100.0,whir_capacity_full,0,18,8,2,1,30,4,0,5668,640,9,32768,1,phase_parse,2,1471,,ok,,0,0,0,0,0,0,1066,271,2
whir_t100_capacity_full,round_reuse_batch_inverse,raw_fibers,minimal_subtree,100.0,whir_capacity_full,0,18,8,2,1,30,4,0,5668,640,9,32768,1,phase_per_round_queries,2,556245,,ok,,0,0,0,0,0,0,1066,271,2
whir_t100_capacity_full,round_reuse_batch_inverse,raw_fibers,minimal_subtree,100.0,whir_capacity_full,0,18,8,2,1,30,4,0,5668,640,9,32768,1,phase_folding,3,4037,,ok,,0,0,0,0,0,0,1066,271,2
whir_t100_capacity_full,round_reuse_batch_inverse,raw_fibers,minimal_subtree,100.0,whir_capacity_full,0,18,8,2,1,30,4,0,5668,640,9,32768,1,phase_ood,3,33963,,ok,,0,0,0,0,0,0,1066,271,2
whir_t100_capacity_full,round_reuse_batch_inverse,raw_fibers,minimal_subtree,100.0,whir_capacity_full,0,18,8,2,1,30,4,0,5668,640,9,32768,1,phase_parse,3,1471,,ok,,0,0,0,0,0,0,1066,271,2
whir_t100_capacity_full,round_reuse_batch_inverse,raw_fibers,minimal_subtree,100.0,whir_capacity_full,0,18,8,2,1,30,4,0,5668,640,9,32768,1,phase_per_round_queries,3,556245,,ok,,0,0,0,0,0,0,1066,271,2
whir_t100_capacity_full,round_reuse_batch_inverse,raw_fibers,minimal_subtree,100.0,whir_capacity_full,0,18,8,2,1,30,4,0,5668,640,9,32768,1,phase_folding,4,4037,,ok,,0,0,0,0,0,0,1066,271,2
whir_t100_capacity_full,round_reuse_batch_inverse,raw_fibers,minimal_subtree,100.0,whir_capacity_full,0,18,8,2,1,30,4,0,5668,640,9,32768,1,phase_ood,4,33963,,ok,,0,0,0,0,0,0,1066,271,2
whir_t100_capacity_full,round_reuse_batch_inverse,raw_fibers,minimal_subtree,100.0,whir_capacity_full,0,18,8,2,1,30,4,0,5668,640,9,32768,1,phase_parse,4,1471,,ok,,0,0,0,0,0,0,1066,271,2
whir_t100_capacity_full,round_reuse_batch_inverse,raw_fibers,minimal_subtree,100.0,whir_capacity_full,0,18,8,2,1,30,4,0,5668,640,9,32768,1,phase_per_round_queries,4,556245,,ok,,0,0,0,0,0,0,1066,271,2
whir_t100_capacity_full,round_reuse_batch_inverse,raw_fibers,minimal_subtree,100.0,whir_capacity_full,0,18,8,2,1,30,4,0,5668,640,9,32768,1,phase_folding,5,4037,,ok,,0,0,0,0,0,0,1066,271,2
whir_t100_capacity_full,round_reuse_batch_inverse,raw_fibers,minimal_subtree,100.0,whir_capacity_full,0,18,8,2,1,30,4,0,5668,640,9,32768,1,phase_ood,5,33963,,ok,,0,0,0,0,0,0,1066,271,2
whir_t100_capacity_full,round_reuse_batch_inverse,raw_fibers,minimal_subtree,100.0,whir_capacity_full,0,18,8,2,1,30,4,0,5668,640,9,32768,1,phase_parse,5,1471,,ok,,0,0,0,0,0,0,1066,271,2
whir_t100_capacity_full,round_reuse_batch_inverse,raw_fibers,minimal_subtree,100.0,whir_capacity_full,0,18,8,2,1,30,4,0,5668,640,9,32768,1,phase_per_round_queries,5,556245,,ok,,0,0,0,0,0,0,1066,271,2
whir_t100_capacity_full,round_reuse_batch_inverse,raw_fibers,minimal_subtree,100.0,whir_capacity_full,0,18,8,2,1,30,4,0,5668,640,9,32768,1,phase_folding,6,4037,,ok,,0,0,0,0,0,0,1066,271,2
whir_t100_capacity_full,round_reuse_batch_inverse,raw_fibers,minimal_subtree,100.0,whir_capacity_full,0,18,8,2,1,30,4,0,5668,640,9,32768,1,phase_ood,6,33963,,ok,,0,0,0,0,0,0,1066,271,2
whir_t100_capacity_full,round_reuse_batch_inverse,raw_fibers,minimal_subtree,100.0,whir_capacity_full,0,18,8,2,1,30,4,0,5668,640,9,32768,1,phase_parse,6,1471,,ok,,0,0,0,0,0,0,1066,271,2
whir_t100_capacity_full,round_reuse_batch_inverse,raw_fibers,minimal_subtree,100.0,whir_capacity_full,0,18,8,2,1,30,4,0,5668,640,9,32768,1,phase_per_round_queries,6,556245,,ok,,0,0,0,0,0,0,1066,271,2
whir_t100_capacity_full,round_reuse_batch_inverse,raw_fibers,minimal_subtree,100.0,whir_capacity_full,0,18,8,2,1,30,4,0,5668,640,9,32768,1,phase_folding,7,4037,,ok,,0,0,0,0,0,0,1066,271,2
whir_t100_capacity_full,round_reuse_batch_inverse,raw_fibers,minimal_subtree,100.0,whir_capacity_full,0,18,8,2,1,30,4,0,5668,640,9,32768,1,phase_ood,7,33963,,ok,,0,0,0,0,0,0,1066,271,2
whir_t100_capacity_full,round_reuse_batch_inverse,raw_fibers,minimal_subtree,100.0,whir_capacity_full,0,18,8,2,1,30,4,0,5668,640,9,32768,1,phase_parse,7,1471,,ok,,0,0,0,0,0,0,1066,271,2
whir_t100_capacity_full,round_reuse_batch_inverse,raw_fibers,minimal_subtree,100.0,whir_capacity_full,0,18,8,2,1,30,4,0,5668,640,9,32768,1,phase_per_round_queries,7,556245,,ok,,0,0,0,0,0,0,1066,271,2
whir_t100_capacity_full,round_reuse_batch_inverse,raw_fibers,minimal_subtree,100.0,whir_capacity_full,0,18,8,2,1,30,4,0,5668,640,9,32768,1,phase_folding,8,4037,,ok,,0,0,0,0,0,0,1066,271,2
whir_t100_capacity_full,round_reuse_batch_inverse,raw_fibers,minimal_subtree,100.0,whir_capacity_full,0,18,8,2,1,30,4,0,5668,640,9,32768,1,phase_ood,8,33963,,ok,,0,0,0,0,0,0,1066,271,2
whir_t100_capacity_full,round_reuse_batch_inverse,raw_fibers,minimal_subtree,100.0,whir_capacity_full,0,18,8,2,1,30,4,0,5668,640,9,32768,1,phase_parse,8,1471,,ok,,0,0,0,0,0,0,1066,271,2
whir_t100_capacity_full,round_reuse_batch_inverse,raw_fibers,minimal_subtree,100.0,whir_capacity_full,0,18,8,2,1,30,4,0,5668,640,9,32768,1,phase_per_round_queries,8,556245,,ok,,0,0,0,0,0,0,1066,271,2
whir_t100_capacity_full,round_reuse_batch_inverse,raw_fibers,minimal_subtree,100.0,whir_capacity_full,0,18,8,2,1,30,4,0,5668,640,9,32768,1,phase_folding,9,4037,,ok,,0,0,0,0,0,0,1066,271,2
whir_t100_capacity_full,round_reuse_batch_inverse,raw_fibers,minimal_subtree,100.0,whir_capacity_full,0,18,8,2,1,30,4,0,5668,640,9,32768,1,phase_ood,9,33963,,ok,,0,0,0,0,0,0,1066,271,2
whir_t100_capacity_full,round_reuse_batch_inverse,raw_fibers,minimal_subtree,100.0,whir_capacity_full,0,18,8,2,1,30,4,0,5668,640,9,32768,1,phase_parse,9,1471,,ok,,0,0,0,0,0,0,1066,271,2
whir_t100_capacity_full,round_reuse_batch_inverse,raw_fibers,minimal_subtree,100.0,whir_capacity_full,0,18,8,2,1,30,4,0,5668,640,9,32768,1,phase_per_round_queries,9,556245,,ok,,0,0,0,0,0,0,1066,271,2
whir_t100_capacity_full,baseline_round0,local_interpolant,minimal_subtree,100.0,whir_capacity_full,0,18,8,2,1,30,4,0,5668,640,9,32768,1,host_verify,0,,4398000,ok,,103,6779,254,2028,180,18,2608,234,36
whir_t100_capacity_full,baseline_round0,local_interpolant,minimal_subtree,100.0,whir_capacity_full,0,18,8,2,1,30,4,0,5668,640,9,32768,1,verify_sbf,0,635913,,ok,,103,6779,254,2028,180,18,2608,234,36
whir_t100_capacity_full,baseline_round0,local_interpolant,minimal_subtree,100.0,whir_capacity_full,0,18,8,2,1,30,4,0,5668,640,9,32768,1,verify_sbf,1,635913,,ok,,103,6779,254,2028,180,18,2608,234,36
whir_t100_capacity_full,baseline_round0,local_interpolant,minimal_subtree,100.0,whir_capacity_full,0,18,8,2,1,30,4,0,5668,640,9,32768,1,verify_sbf,2,635913,,ok,,103,6779,254,2028,180,18,2608,234,36
whir_t100_capacity_full,baseline_round0,local_interpolant,minimal_subtree,100.0,whir_capacity_full,0,18,8,2,1,30,4,0,5668,640,9,32768,1,verify_sbf,3,635913,,ok,,103,6779,254,2028,180,18,2608,234,36
whir_t100_capacity_full,baseline_round0,local_interpolant,minimal_subtree,100.0,whir_capacity_full,0,18,8,2,1,30,4,0,5668,640,9,32768,1,verify_sbf,4,635913,,ok,,103,6779,254,2028,180,18,2608,234,36
whir_t100_capacity_full,baseline_round0,local_interpolant,minimal_subtree,100.0,whir_capacity_full,0,18,8,2,1,30,4,0,5668,640,9,32768,1,verify_sbf,5,635913,,ok,,103,6779,254,2028,180,18,2608,234,36
whir_t100_capacity_full,baseline_round0,local_interpolant,minimal_subtree,100.0,whir_capacity_full,0,18,8,2,1,30,4,0,5668,640,9,32768,1,verify_sbf,6,635913,,ok,,103,6779,254,2028,180,18,2608,234,36
whir_t100_capacity_full,baseline_round0,local_interpolant,minimal_subtree,100.0,whir_capacity_full,0,18,8,2,1,30,4,0,5668,640,9,32768,1,verify_sbf,7,635913,,ok,,103,6779,254,2028,180,18,2608,234,36
whir_t100_capacity_full,baseline_round0,local_interpolant,minimal_subtree,100.0,whir_capacity_full,0,18,8,2,1,30,4,0,5668,640,9,32768,1,verify_sbf,8,635913,,ok,,103,6779,254,2028,180,18,2608,234,36
whir_t100_capacity_full,baseline_round0,local_interpolant,minimal_subtree,100.0,whir_capacity_full,0,18,8,2,1,30,4,0,5668,640,9,32768,1,verify_sbf,9,635913,,ok,,103,6779,254,2028,180,18,2608,234,36
whir_t100_capacity_full,baseline_round0,local_interpolant,minimal_subtree,100.0,whir_capacity_full,0,18,8,2,1,30,4,0,5668,640,9,32768,1,phase_folding,0,4042,,ok,,0,0,0,0,0,0,2608,234,36
whir_t100_capacity_full,baseline_round0,local_interpolant,minimal_subtree,100.0,whir_capacity_full,0,18,8,2,1,30,4,0,5668,640,9,32768,1,phase_ood,0,33964,,ok,,0,0,0,0,0,0,2608,234,36
whir_t100_capacity_full,baseline_round0,local_interpolant,minimal_subtree,100.0,whir_capacity_full,0,18,8,2,1,30,4,0,5668,640,9,32768,1,phase_parse,0,1473,,ok,,0,0,0,0,0,0,2608,234,36
whir_t100_capacity_full,baseline_round0,local_interpolant,minimal_subtree,100.0,whir_capacity_full,0,18,8,2,1,30,4,0,5668,640,9,32768,1,phase_per_round_queries,0,597072,,ok,,0,0,0,0,0,0,2608,234,36
whir_t100_capacity_full,baseline_round0,local_interpolant,minimal_subtree,100.0,whir_capacity_full,0,18,8,2,1,30,4,0,5668,640,9,32768,1,phase_folding,1,4042,,ok,,0,0,0,0,0,0,2608,234,36
whir_t100_capacity_full,baseline_round0,local_interpolant,minimal_subtree,100.0,whir_capacity_full,0,18,8,2,1,30,4,0,5668,640,9,32768,1,phase_ood,1,33964,,ok,,0,0,0,0,0,0,2608,234,36
whir_t100_capacity_full,baseline_round0,local_interpolant,minimal_subtree,100.0,whir_capacity_full,0,18,8,2,1,30,4,0,5668,640,9,32768,1,phase_parse,1,1473,,ok,,0,0,0,0,0,0,2608,234,36
whir_t100_capacity_full,baseline_round0,local_interpolant,minimal_subtree,100.0,whir_capacity_full,0,18,8,2,1,30,4,0,5668,640,9,32768,1,phase_per_round_queries,1,597072,,ok,,0,0,0,0,0,0,2608,234,36
whir_t100_capacity_full,baseline_round0,local_interpolant,minimal_subtree,100.0,whir_capacity_full,0,18,8,2,1,30,4,0,5668,640,9,32768,1,phase_folding,2,4042,,ok,,0,0,0,0,0,0,2608,234,36
whir_t100_capacity_full,baseline_round0,local_interpolant,minimal_subtree,100.0,whir_capacity_full,0,18,8,2,1,30,4,0,5668,640,9,32768,1,phase_ood,2,33964,,ok,,0,0,0,0,0,0,2608,234,36
whir_t100_capacity_full,baseline_round0,local_interpolant,minimal_subtree,100.0,whir_capacity_full,0,18,8,2,1,30,4,0,5668,640,9,32768,1,phase_parse,2,1473,,ok,,0,0,0,0,0,0,2608,234,36
whir_t100_capacity_full,baseline_round0,local_interpolant,minimal_subtree,100.0,whir_capacity_full,0,18,8,2,1,30,4,0,5668,640,9,32768,1,phase_per_round_queries,2,597072,,ok,,0,0,0,0,0,0,2608,234,36
whir_t100_capacity_full,baseline_round0,local_interpolant,minimal_subtree,100.0,whir_capacity_full,0,18,8,2,1,30,4,0,5668,640,9,32768,1,phase_folding,3,4042,,ok,,0,0,0,0,0,0,2608,234,36
whir_t100_capacity_full,baseline_round0,local_interpolant,minimal_subtree,100.0,whir_capacity_full,0,18,8,2,1,30,4,0,5668,640,9,32768,1,phase_ood,3,33964,,ok,,0,0,0,0,0,0,2608,234,36
whir_t100_capacity_full,baseline_round0,local_interpolant,minimal_subtree,100.0,whir_capacity_full,0,18,8,2,1,30,4,0,5668,640,9,32768,1,phase_parse,3,1473,,ok,,0,0,0,0,0,0,2608,234,36
whir_t100_capacity_full,baseline_round0,local_interpolant,minimal_subtree,100.0,whir_capacity_full,0,18,8,2,1,30,4,0,5668,640,9,32768,1,phase_per_round_queries,3,597072,,ok,,0,0,0,0,0,0,2608,234,36
whir_t100_capacity_full,baseline_round0,local_interpolant,minimal_subtree,100.0,whir_capacity_full,0,18,8,2,1,30,4,0,5668,640,9,32768,1,phase_folding,4,4042,,ok,,0,0,0,0,0,0,2608,234,36
whir_t100_capacity_full,baseline_round0,local_interpolant,minimal_subtree,100.0,whir_capacity_full,0,18,8,2,1,30,4,0,5668,640,9,32768,1,phase_ood,4,33964,,ok,,0,0,0,0,0,0,2608,234,36
whir_t100_capacity_full,baseline_round0,local_interpolant,minimal_subtree,100.0,whir_capacity_full,0,18,8,2,1,30,4,0,5668,640,9,32768,1,phase_parse,4,1473,,ok,,0,0,0,0,0,0,2608,234,36
whir_t100_capacity_full,baseline_round0,local_interpolant,minimal_subtree,100.0,whir_capacity_full,0,18,8,2,1,30,4,0,5668,640,9,32768,1,phase_per_round_queries,4,597072,,ok,,0,0,0,0,0,0,2608,234,36
whir_t100_capacity_full,baseline_round0,local_interpolant,minimal_subtree,100.0,whir_capacity_full,0,18,8,2,1,30,4,0,5668,640,9,32768,1,phase_folding,5,4042,,ok,,0,0,0,0,0,0,2608,234,36
whir_t100_capacity_full,baseline_round0,local_interpolant,minimal_subtree,100.0,whir_capacity_full,0,18,8,2,1,30,4,0,5668,640,9,32768,1,phase_ood,5,33964,,ok,,0,0,0,0,0,0,2608,234,36
whir_t100_capacity_full,baseline_round0,local_interpolant,minimal_subtree,100.0,whir_capacity_full,0,18,8,2,1,30,4,0,5668,640,9,32768,1,phase_parse,5,1473,,ok,,0,0,0,0,0,0,2608,234,36
whir_t100_capacity_full,baseline_round0,local_interpolant,minimal_subtree,100.0,whir_capacity_full,0,18,8,2,1,30,4,0,5668,640,9,32768,1,phase_per_round_queries,5,597072,,ok,,0,0,0,0,0,0,2608,234,36
whir_t100_capacity_full,baseline_round0,local_interpolant,minimal_subtree,100.0,whir_capacity_full,0,18,8,2,1,30,4,0,5668,640,9,32768,1,phase_folding,6,4042,,ok,,0,0,0,0,0,0,2608,234,36
whir_t100_capacity_full,baseline_round0,local_interpolant,minimal_subtree,100.0,whir_capacity_full,0,18,8,2,1,30,4,0,5668,640,9,32768,1,phase_ood,6,33964,,ok,,0,0,0,0,0,0,2608,234,36
whir_t100_capacity_full,baseline_round0,local_interpolant,minimal_subtree,100.0,whir_capacity_full,0,18,8,2,1,30,4,0,5668,640,9,32768,1,phase_parse,6,1473,,ok,,0,0,0,0,0,0,2608,234,36
whir_t100_capacity_full,baseline_round0,local_interpolant,minimal_subtree,100.0,whir_capacity_full,0,18,8,2,1,30,4,0,5668,640,9,32768,1,phase_per_round_queries,6,597072,,ok,,0,0,0,0,0,0,2608,234,36
whir_t100_capacity_full,baseline_round0,local_interpolant,minimal_subtree,100.0,whir_capacity_full,0,18,8,2,1,30,4,0,5668,640,9,32768,1,phase_folding,7,4042,,ok,,0,0,0,0,0,0,2608,234,36
whir_t100_capacity_full,baseline_round0,local_interpolant,minimal_subtree,100.0,whir_capacity_full,0,18,8,2,1,30,4,0,5668,640,9,32768,1,phase_ood,7,33964,,ok,,0,0,0,0,0,0,2608,234,36
whir_t100_capacity_full,baseline_round0,local_interpolant,minimal_subtree,100.0,whir_capacity_full,0,18,8,2,1,30,4,0,5668,640,9,32768,1,phase_parse,7,1473,,ok,,0,0,0,0,0,0,2608,234,36
whir_t100_capacity_full,baseline_round0,local_interpolant,minimal_subtree,100.0,whir_capacity_full,0,18,8,2,1,30,4,0,5668,640,9,32768,1,phase_per_round_queries,7,597072,,ok,,0,0,0,0,0,0,2608,234,36
whir_t100_capacity_full,baseline_round0,local_interpolant,minimal_subtree,100.0,whir_capacity_full,0,18,8,2,1,30,4,0,5668,640,9,32768,1,phase_folding,8,4042,,ok,,0,0,0,0,0,0,2608,234,36
whir_t100_capacity_full,baseline_round0,local_interpolant,minimal_subtree,100.0,whir_capacity_full,0,18,8,2,1,30,4,0,5668,640,9,32768,1,phase_ood,8,33964,,ok,,0,0,0,0,0,0,2608,234,36
whir_t100_capacity_full,baseline_round0,local_interpolant,minimal_subtree,100.0,whir_capacity_full,0,18,8,2,1,30,4,0,5668,640,9,32768,1,phase_parse,8,1473,,ok,,0,0,0,0,0,0,2608,234,36
whir_t100_capacity_full,baseline_round0,local_interpolant,minimal_subtree,100.0,whir_capacity_full,0,18,8,2,1,30,4,0,5668,640,9,32768,1,phase_per_round_queries,8,597072,,ok,,0,0,0,0,0,0,2608,234,36
whir_t100_capacity_full,baseline_round0,local_interpolant,minimal_subtree,100.0,whir_capacity_full,0,18,8,2,1,30,4,0,5668,640,9,32768,1,phase_folding,9,4042,,ok,,0,0,0,0,0,0,2608,234,36
whir_t100_capacity_full,baseline_round0,local_interpolant,minimal_subtree,100.0,whir_capacity_full,0,18,8,2,1,30,4,0,5668,640,9,32768,1,phase_ood,9,33964,,ok,,0,0,0,0,0,0,2608,234,36
whir_t100_capacity_full,baseline_round0,local_interpolant,minimal_subtree,100.0,whir_capacity_full,0,18,8,2,1,30,4,0,5668,640,9,32768,1,phase_parse,9,1473,,ok,,0,0,0,0,0,0,2608,234,36
whir_t100_capacity_full,baseline_round0,local_interpolant,minimal_subtree,100.0,whir_capacity_full,0,18,8,2,1,30,4,0,5668,640,9,32768,1,phase_per_round_queries,9,597072,,ok,,0,0,0,0,0,0,2608,234,36
whir_t100_capacity_full,round_reuse_batch_inverse,local_interpolant,minimal_subtree,100.0,whir_capacity_full,0,18,8,2,1,30,4,0,5668,640,9,32768,1,host_verify,0,,4425458,ok,,103,6779,254,1102,234,18,1138,271,2
whir_t100_capacity_full,round_reuse_batch_inverse,local_interpolant,minimal_subtree,100.0,whir_capacity_full,0,18,8,2,1,30,4,0,5668,640,9,32768,1,verify_sbf,0,598819,,ok,,103,6779,254,1102,234,18,1138,271,2
whir_t100_capacity_full,round_reuse_batch_inverse,local_interpolant,minimal_subtree,100.0,whir_capacity_full,0,18,8,2,1,30,4,0,5668,640,9,32768,1,verify_sbf,1,598819,,ok,,103,6779,254,1102,234,18,1138,271,2
whir_t100_capacity_full,round_reuse_batch_inverse,local_interpolant,minimal_subtree,100.0,whir_capacity_full,0,18,8,2,1,30,4,0,5668,640,9,32768,1,verify_sbf,2,598819,,ok,,103,6779,254,1102,234,18,1138,271,2
whir_t100_capacity_full,round_reuse_batch_inverse,local_interpolant,minimal_subtree,100.0,whir_capacity_full,0,18,8,2,1,30,4,0,5668,640,9,32768,1,verify_sbf,3,598819,,ok,,103,6779,254,1102,234,18,1138,271,2
whir_t100_capacity_full,round_reuse_batch_inverse,local_interpolant,minimal_subtree,100.0,whir_capacity_full,0,18,8,2,1,30,4,0,5668,640,9,32768,1,verify_sbf,4,598819,,ok,,103,6779,254,1102,234,18,1138,271,2
whir_t100_capacity_full,round_reuse_batch_inverse,local_interpolant,minimal_subtree,100.0,whir_capacity_full,0,18,8,2,1,30,4,0,5668,640,9,32768,1,verify_sbf,5,598819,,ok,,103,6779,254,1102,234,18,1138,271,2
whir_t100_capacity_full,round_reuse_batch_inverse,local_interpolant,minimal_subtree,100.0,whir_capacity_full,0,18,8,2,1,30,4,0,5668,640,9,32768,1,verify_sbf,6,598819,,ok,,103,6779,254,1102,234,18,1138,271,2
whir_t100_capacity_full,round_reuse_batch_inverse,local_interpolant,minimal_subtree,100.0,whir_capacity_full,0,18,8,2,1,30,4,0,5668,640,9,32768,1,verify_sbf,7,598819,,ok,,103,6779,254,1102,234,18,1138,271,2
whir_t100_capacity_full,round_reuse_batch_inverse,local_interpolant,minimal_subtree,100.0,whir_capacity_full,0,18,8,2,1,30,4,0,5668,640,9,32768,1,verify_sbf,8,598819,,ok,,103,6779,254,1102,234,18,1138,271,2
whir_t100_capacity_full,round_reuse_batch_inverse,local_interpolant,minimal_subtree,100.0,whir_capacity_full,0,18,8,2,1,30,4,0,5668,640,9,32768,1,verify_sbf,9,598819,,ok,,103,6779,254,1102,234,18,1138,271,2
whir_t100_capacity_full,round_reuse_batch_inverse,local_interpolant,minimal_subtree,100.0,whir_capacity_full,0,18,8,2,1,30,4,0,5668,640,9,32768,1,phase_folding,0,4042,,ok,,0,0,0,0,0,0,1138,271,2
whir_t100_capacity_full,round_reuse_batch_inverse,local_interpolant,minimal_subtree,100.0,whir_capacity_full,0,18,8,2,1,30,4,0,5668,640,9,32768,1,phase_ood,0,33964,,ok,,0,0,0,0,0,0,1138,271,2
whir_t100_capacity_full,round_reuse_batch_inverse,local_interpolant,minimal_subtree,100.0,whir_capacity_full,0,18,8,2,1,30,4,0,5668,640,9,32768,1,phase_parse,0,1473,,ok,,0,0,0,0,0,0,1138,271,2
whir_t100_capacity_full,round_reuse_batch_inverse,local_interpolant,minimal_subtree,100.0,whir_capacity_full,0,18,8,2,1,30,4,0,5668,640,9,32768,1,phase_per_round_queries,0,559978,,ok,,0,0,0,0,0,0,1138,271,2
whir_t100_capacity_full,round_reuse_batch_inverse,local_interpolant,minimal_subtree,100.0,whir_capacity_full,0,18,8,2,1,30,4,0,5668,640,9,32768,1,phase_folding,1,4042,,ok,,0,0,0,0,0,0,1138,271,2
whir_t100_capacity_full,round_reuse_batch_inverse,local_interpolant,minimal_subtree,100.0,whir_capacity_full,0,18,8,2,1,30,4,0,5668,640,9,32768,1,phase_ood,1,33964,,ok,,0,0,0,0,0,0,1138,271,2
whir_t100_capacity_full,round_reuse_batch_inverse,local_interpolant,minimal_subtree,100.0,whir_capacity_full,0,18,8,2,1,30,4,0,5668,640,9,32768,1,phase_parse,1,1473,,ok,,0,0,0,0,0,0,1138,271,2
whir_t100_capacity_full,round_reuse_batch_inverse,local_interpolant,minimal_subtree,100.0,whir_capacity_full,0,18,8,2,1,30,4,0,5668,640,9,32768,1,phase_per_round_queries,1,559978,,ok,,0,0,0,0,0,0,1138,271,2
whir_t100_capacity_full,round_reuse_batch_inverse,local_interpolant,minimal_subtree,100.0,whir_capacity_full,0,18,8,2,1,30,4,0,5668,640,9,32768,1,phase_folding,2,4042,,ok,,0,0,0,0,0,0,1138,271,2
whir_t100_capacity_full,round_reuse_batch_inverse,local_interpolant,minimal_subtree,100.0,whir_capacity_full,0,18,8,2,1,30,4,0,5668,640,9,32768,1,phase_ood,2,33964,,ok,,0,0,0,0,0,0,1138,271,2
whir_t100_capacity_full,round_reuse_batch_inverse,local_interpolant,minimal_subtree,100.0,whir_capacity_full,0,18,8,2,1,30,4,0,5668,640,9,32768,1,phase_parse,2,1473,,ok,,0,0,0,0,0,0,1138,271,2
whir_t100_capacity_full,round_reuse_batch_inverse,local_interpolant,minimal_subtree,100.0,whir_capacity_full,0,18,8,2,1,30,4,0,5668,640,9,32768,1,phase_per_round_queries,2,559978,,ok,,0,0,0,0,0,0,1138,271,2
whir_t100_capacity_full,round_reuse_batch_inverse,local_interpolant,minimal_subtree,100.0,whir_capacity_full,0,18,8,2,1,30,4,0,5668,640,9,32768,1,phase_folding,3,4042,,ok,,0,0,0,0,0,0,1138,271,2
whir_t100_capacity_full,round_reuse_batch_inverse,local_interpolant,minimal_subtree,100.0,whir_capacity_full,0,18,8,2,1,30,4,0,5668,640,9,32768,1,phase_ood,3,33964,,ok,,0,0,0,0,0,0,1138,271,2
whir_t100_capacity_full,round_reuse_batch_inverse,local_interpolant,minimal_subtree,100.0,whir_capacity_full,0,18,8,2,1,30,4,0,5668,640,9,32768,1,phase_parse,3,1473,,ok,,0,0,0,0,0,0,1138,271,2
whir_t100_capacity_full,round_reuse_batch_inverse,local_interpolant,minimal_subtree,100.0,whir_capacity_full,0,18,8,2,1,30,4,0,5668,640,9,32768,1,phase_per_round_queries,3,559978,,ok,,0,0,0,0,0,0,1138,271,2
whir_t100_capacity_full,round_reuse_batch_inverse,local_interpolant,minimal_subtree,100.0,whir_capacity_full,0,18,8,2,1,30,4,0,5668,640,9,32768,1,phase_folding,4,4042,,ok,,0,0,0,0,0,0,1138,271,2
whir_t100_capacity_full,round_reuse_batch_inverse,local_interpolant,minimal_subtree,100.0,whir_capacity_full,0,18,8,2,1,30,4,0,5668,640,9,32768,1,phase_ood,4,33964,,ok,,0,0,0,0,0,0,1138,271,2
whir_t100_capacity_full,round_reuse_batch_inverse,local_interpolant,minimal_subtree,100.0,whir_capacity_full,0,18,8,2,1,30,4,0,5668,640,9,32768,1,phase_parse,4,1473,,ok,,0,0,0,0,0,0,1138,271,2
whir_t100_capacity_full,round_reuse_batch_inverse,local_interpolant,minimal_subtree,100.0,whir_capacity_full,0,18,8,2,1,30,4,0,5668,640,9,32768,1,phase_per_round_queries,4,559978,,ok,,0,0,0,0,0,0,1138,271,2
whir_t100_capacity_full,round_reuse_batch_inverse,local_interpolant,minimal_subtree,100.0,whir_capacity_full,0,18,8,2,1,30,4,0,5668,640,9,32768,1,phase_folding,5,4042,,ok,,0,0,0,0,0,0,1138,271,2
whir_t100_capacity_full,round_reuse_batch_inverse,local_interpolant,minimal_subtree,100.0,whir_capacity_full,0,18,8,2,1,30,4,0,5668,640,9,32768,1,phase_ood,5,33964,,ok,,0,0,0,0,0,0,1138,271,2
whir_t100_capacity_full,round_reuse_batch_inverse,local_interpolant,minimal_subtree,100.0,whir_capacity_full,0,18,8,2,1,30,4,0,5668,640,9,32768,1,phase_parse,5,1473,,ok,,0,0,0,0,0,0,1138,271,2
whir_t100_capacity_full,round_reuse_batch_inverse,local_interpolant,minimal_subtree,100.0,whir_capacity_full,0,18,8,2,1,30,4,0,5668,640,9,32768,1,phase_per_round_queries,5,559978,,ok,,0,0,0,0,0,0,1138,271,2
whir_t100_capacity_full,round_reuse_batch_inverse,local_interpolant,minimal_subtree,100.0,whir_capacity_full,0,18,8,2,1,30,4,0,5668,640,9,32768,1,phase_folding,6,4042,,ok,,0,0,0,0,0,0,1138,271,2
whir_t100_capacity_full,round_reuse_batch_inverse,local_interpolant,minimal_subtree,100.0,whir_capacity_full,0,18,8,2,1,30,4,0,5668,640,9,32768,1,phase_ood,6,33964,,ok,,0,0,0,0,0,0,1138,271,2
whir_t100_capacity_full,round_reuse_batch_inverse,local_interpolant,minimal_subtree,100.0,whir_capacity_full,0,18,8,2,1,30,4,0,5668,640,9,32768,1,phase_parse,6,1473,,ok,,0,0,0,0,0,0,1138,271,2
whir_t100_capacity_full,round_reuse_batch_inverse,local_interpolant,minimal_subtree,100.0,whir_capacity_full,0,18,8,2,1,30,4,0,5668,640,9,32768,1,phase_per_round_queries,6,559978,,ok,,0,0,0,0,0,0,1138,271,2
whir_t100_capacity_full,round_reuse_batch_inverse,local_interpolant,minimal_subtree,100.0,whir_capacity_full,0,18,8,2,1,30,4,0,5668,640,9,32768,1,phase_folding,7,4042,,ok,,0,0,0,0,0,0,1138,271,2
whir_t100_capacity_full,round_reuse_batch_inverse,local_interpolant,minimal_subtree,100.0,whir_capacity_full,0,18,8,2,1,30,4,0,5668,640,9,32768,1,phase_ood,7,33964,,ok,,0,0,0,0,0,0,1138,271,2
whir_t100_capacity_full,round_reuse_batch_inverse,local_interpolant,minimal_subtree,100.0,whir_capacity_full,0,18,8,2,1,30,4,0,5668,640,9,32768,1,phase_parse,7,1473,,ok,,0,0,0,0,0,0,1138,271,2
whir_t100_capacity_full,round_reuse_batch_inverse,local_interpolant,minimal_subtree,100.0,whir_capacity_full,0,18,8,2,1,30,4,0,5668,640,9,32768,1,phase_per_round_queries,7,559978,,ok,,0,0,0,0,0,0,1138,271,2
whir_t100_capacity_full,round_reuse_batch_inverse,local_interpolant,minimal_subtree,100.0,whir_capacity_full,0,18,8,2,1,30,4,0,5668,640,9,32768,1,phase_folding,8,4042,,ok,,0,0,0,0,0,0,1138,271,2
whir_t100_capacity_full,round_reuse_batch_inverse,local_interpolant,minimal_subtree,100.0,whir_capacity_full,0,18,8,2,1,30,4,0,5668,640,9,32768,1,phase_ood,8,33964,,ok,,0,0,0,0,0,0,1138,271,2
whir_t100_capacity_full,round_reuse_batch_inverse,local_interpolant,minimal_subtree,100.0,whir_capacity_full,0,18,8,2,1,30,4,0,5668,640,9,32768,1,phase_parse,8,1473,,ok,,0,0,0,0,0,0,1138,271,2
whir_t100_capacity_full,round_reuse_batch_inverse,local_interpolant,minimal_subtree,100.0,whir_capacity_full,0,18,8,2,1,30,4,0,5668,640,9,32768,1,phase_per_round_queries,8,559978,,ok,,0,0,0,0,0,0,1138,271,2
whir_t100_capacity_full,round_reuse_batch_inverse,local_interpolant,minimal_subtree,100.0,whir_capacity_full,0,18,8,2,1,30,4,0,5668,640,9,32768,1,phase_folding,9,4042,,ok,,0,0,0,0,0,0,1138,271,2
whir_t100_capacity_full,round_reuse_batch_inverse,local_interpolant,minimal_subtree,100.0,whir_capacity_full,0,18,8,2,1,30,4,0,5668,640,9,32768,1,phase_ood,9,33964,,ok,,0,0,0,0,0,0,1138,271,2
whir_t100_capacity_full,round_reuse_batch_inverse,local_interpolant,minimal_subtree,100.0,whir_capacity_full,0,18,8,2,1,30,4,0,5668,640,9,32768,1,phase_parse,9,1473,,ok,,0,0,0,0,0,0,1138,271,2
whir_t100_capacity_full,round_reuse_batch_inverse,local_interpolant,minimal_subtree,100.0,whir_capacity_full,0,18,8,2,1,30,4,0,5668,640,9,32768,1,phase_per_round_queries,9,559978,,ok,,0,0,0,0,0,0,1138,271,2
whir_t128_capacity_full,baseline_round0,raw_fibers,separate_paths,128.0,whir_capacity_full,0,25,8,2,1,30,4,8,15468,640,25,32768,1,host_verify,0,,11492708,ok,,311,20698,354,2712,250,25,3516,325,50
whir_t128_capacity_full,baseline_round0,raw_fibers,separate_paths,128.0,whir_capacity_full,0,25,8,2,1,30,4,8,15468,640,25,32768,1,verify_sbf,0,879539,,ok,,311,20698,354,2712,250,25,3516,325,50
whir_t128_capacity_full,baseline_round0,raw_fibers,separate_paths,128.0,whir_capacity_full,0,25,8,2,1,30,4,8,15468,640,25,32768,1,verify_sbf,1,879539,,ok,,311,20698,354,2712,250,25,3516,325,50
whir_t128_capacity_full,baseline_round0,raw_fibers,separate_paths,128.0,whir_capacity_full,0,25,8,2,1,30,4,8,15468,640,25,32768,1,verify_sbf,2,879539,,ok,,311,20698,354,2712,250,25,3516,325,50
whir_t128_capacity_full,baseline_round0,raw_fibers,separate_paths,128.0,whir_capacity_full,0,25,8,2,1,30,4,8,15468,640,25,32768,1,verify_sbf,3,879539,,ok,,311,20698,354,2712,250,25,3516,325,50
whir_t128_capacity_full,baseline_round0,raw_fibers,separate_paths,128.0,whir_capacity_full,0,25,8,2,1,30,4,8,15468,640,25,32768,1,verify_sbf,4,879539,,ok,,311,20698,354,2712,250,25,3516,325,50
whir_t128_capacity_full,baseline_round0,raw_fibers,separate_paths,128.0,whir_capacity_full,0,25,8,2,1,30,4,8,15468,640,25,32768,1,verify_sbf,5,879539,,ok,,311,20698,354,2712,250,25,3516,325,50
whir_t128_capacity_full,baseline_round0,raw_fibers,separate_paths,128.0,whir_capacity_full,0,25,8,2,1,30,4,8,15468,640,25,32768,1,verify_sbf,6,879539,,ok,,311,20698,354,2712,250,25,3516,325,50
whir_t128_capacity_full,baseline_round0,raw_fibers,separate_paths,128.0,whir_capacity_full,0,25,8,2,1,30,4,8,15468,640,25,32768,1,verify_sbf,7,879539,,ok,,311,20698,354,2712,250,25,3516,325,50
whir_t128_capacity_full,baseline_round0,raw_fibers,separate_paths,128.0,whir_capacity_full,0,25,8,2,1,30,4,8,15468,640,25,32768,1,verify_sbf,8,879539,,ok,,311,20698,354,2712,250,25,3516,325,50
whir_t128_capacity_full,baseline_round0,raw_fibers,separate_paths,128.0,whir_capacity_full,0,25,8,2,1,30,4,8,15468,640,25,32768,1,verify_sbf,9,879539,,ok,,311,20698,354,2712,250,25,3516,325,50
whir_t128_capacity_full,baseline_round0,raw_fibers,separate_paths,128.0,whir_capacity_full,0,25,8,2,1,30,4,8,15468,640,25,32768,1,phase_folding,0,6317,,ok,,0,0,0,0,0,0,3516,325,50
whir_t128_capacity_full,baseline_round0,raw_fibers,separate_paths,128.0,whir_capacity_full,0,25,8,2,1,30,4,8,15468,640,25,32768,1,phase_ood,0,14762,,ok,,0,0,0,0,0,0,3516,325,50
whir_t128_capacity_full,baseline_round0,raw_fibers,separate_paths,128.0,whir_capacity_full,0,25,8,2,1,30,4,8,15468,640,25,32768,1,phase_parse,0,1473,,ok,,0,0,0,0,0,0,3516,325,50
whir_t128_capacity_full,baseline_round0,raw_fibers,separate_paths,128.0,whir_capacity_full,0,25,8,2,1,30,4,8,15468,640,25,32768,1,phase_per_round_queries,0,857627,,ok,,0,0,0,0,0,0,3516,325,50
whir_t128_capacity_full,baseline_round0,raw_fibers,separate_paths,128.0,whir_capacity_full,0,25,8,2,1,30,4,8,15468,640,25,32768,1,phase_folding,1,6317,,ok,,0,0,0,0,0,0,3516,325,50
whir_t128_capacity_full,baseline_round0,raw_fibers,separate_paths,128.0,whir_capacity_full,0,25,8,2,1,30,4,8,15468,640,25,32768,1,phase_ood,1,14762,,ok,,0,0,0,0,0,0,3516,325,50
whir_t128_capacity_full,baseline_round0,raw_fibers,separate_paths,128.0,whir_capacity_full,0,25,8,2,1,30,4,8,15468,640,25,32768,1,phase_parse,1,1473,,ok,,0,0,0,0,0,0,3516,325,50
whir_t128_capacity_full,baseline_round0,raw_fibers,separate_paths,128.0,whir_capacity_full,0,25,8,2,1,30,4,8,15468,640,25,32768,1,phase_per_round_queries,1,857627,,ok,,0,0,0,0,0,0,3516,325,50
whir_t128_capacity_full,baseline_round0,raw_fibers,separate_paths,128.0,whir_capacity_full,0,25,8,2,1,30,4,8,15468,640,25,32768,1,phase_folding,2,6317,,ok,,0,0,0,0,0,0,3516,325,50
whir_t128_capacity_full,baseline_round0,raw_fibers,separate_paths,128.0,whir_capacity_full,0,25,8,2,1,30,4,8,15468,640,25,32768,1,phase_ood,2,14762,,ok,,0,0,0,0,0,0,3516,325,50
whir_t128_capacity_full,baseline_round0,raw_fibers,separate_paths,128.0,whir_capacity_full,0,25,8,2,1,30,4,8,15468,640,25,32768,1,phase_parse,2,1473,,ok,,0,0,0,0,0,0,3516,325,50
whir_t128_capacity_full,baseline_round0,raw_fibers,separate_paths,128.0,whir_capacity_full,0,25,8,2,1,30,4,8,15468,640,25,32768,1,phase_per_round_queries,2,857627,,ok,,0,0,0,0,0,0,3516,325,50
whir_t128_capacity_full,baseline_round0,raw_fibers,separate_paths,128.0,whir_capacity_full,0,25,8,2,1,30,4,8,15468,640,25,32768,1,phase_folding,3,6317,,ok,,0,0,0,0,0,0,3516,325,50
whir_t128_capacity_full,baseline_round0,raw_fibers,separate_paths,128.0,whir_capacity_full,0,25,8,2,1,30,4,8,15468,640,25,32768,1,phase_ood,3,14762,,ok,,0,0,0,0,0,0,3516,325,50
whir_t128_capacity_full,baseline_round0,raw_fibers,separate_paths,128.0,whir_capacity_full,0,25,8,2,1,30,4,8,15468,640,25,32768,1,phase_parse,3,1473,,ok,,0,0,0,0,0,0,3516,325,50
whir_t128_capacity_full,baseline_round0,raw_fibers,separate_paths,128.0,whir_capacity_full,0,25,8,2,1,30,4,8,15468,640,25,32768,1,phase_per_round_queries,3,857627,,ok,,0,0,0,0,0,0,3516,325,50
whir_t128_capacity_full,baseline_round0,raw_fibers,separate_paths,128.0,whir_capacity_full,0,25,8,2,1,30,4,8,15468,640,25,32768,1,phase_folding,4,6317,,ok,,0,0,0,0,0,0,3516,325,50
whir_t128_capacity_full,baseline_round0,raw_fibers,separate_paths,128.0,whir_capacity_full,0,25,8,2,1,30,4,8,15468,640,25,32768,1,phase_ood,4,14762,,ok,,0,0,0,0,0,0,3516,325,50
whir_t128_capacity_full,baseline_round0,raw_fibers,separate_paths,128.0,whir_capacity_full,0,25,8,2,1,30,4,8,15468,640,25,32768,1,phase_parse,4,1473,,ok,,0,0,0,0,0,0,3516,325,50
whir_t128_capacity_full,baseline_round0,raw_fibers,separate_paths,128.0,whir_capacity_full,0,25,8,2,1,30,4,8,15468,640,25,32768,1,phase_per_round_queries,4,857627,,ok,,0,0,0,0,0,0,3516,325,50
whir_t128_capacity_full,baseline_round0,raw_fibers,separate_paths,128.0,whir_capacity_full,0,25,8,2,1,30,4,8,15468,640,25,32768,1,phase_folding,5,6317,,ok,,0,0,0,0,0,0,3516,325,50
whir_t128_capacity_full,baseline_round0,raw_fibers,separate_paths,128.0,whir_capacity_full,0,25,8,2,1,30,4,8,15468,640,25,32768,1,phase_ood,5,14762,,ok,,0,0,0,0,0,0,3516,325,50
whir_t128_capacity_full,baseline_round0,raw_fibers,separate_paths,128.0,whir_capacity_full,0,25,8,2,1,30,4,8,15468,640,25,32768,1,phase_parse,5,1473,,ok,,0,0,0,0,0,0,3516,325,50
whir_t128_capacity_full,baseline_round0,raw_fibers,separate_paths,128.0,whir_capacity_full,0,25,8,2,1,30,4,8,15468,640,25,32768,1,phase_per_round_queries,5,857627,,ok,,0,0,0,0,0,0,3516,325,50
whir_t128_capacity_full,baseline_round0,raw_fibers,separate_paths,128.0,whir_capacity_full,0,25,8,2,1,30,4,8,15468,640,25,32768,1,phase_folding,6,6317,,ok,,0,0,0,0,0,0,3516,325,50
whir_t128_capacity_full,baseline_round0,raw_fibers,separate_paths,128.0,whir_capacity_full,0,25,8,2,1,30,4,8,15468,640,25,32768,1,phase_ood,6,14762,,ok,,0,0,0,0,0,0,3516,325,50
whir_t128_capacity_full,baseline_round0,raw_fibers,separate_paths,128.0,whir_capacity_full,0,25,8,2,1,30,4,8,15468,640,25,32768,1,phase_parse,6,1473,,ok,,0,0,0,0,0,0,3516,325,50
whir_t128_capacity_full,baseline_round0,raw_fibers,separate_paths,128.0,whir_capacity_full,0,25,8,2,1,30,4,8,15468,640,25,32768,1,phase_per_round_queries,6,857627,,ok,,0,0,0,0,0,0,3516,325,50
whir_t128_capacity_full,baseline_round0,raw_fibers,separate_paths,128.0,whir_capacity_full,0,25,8,2,1,30,4,8,15468,640,25,32768,1,phase_folding,7,6317,,ok,,0,0,0,0,0,0,3516,325,50
whir_t128_capacity_full,baseline_round0,raw_fibers,separate_paths,128.0,whir_capacity_full,0,25,8,2,1,30,4,8,15468,640,25,32768,1,phase_ood,7,14762,,ok,,0,0,0,0,0,0,3516,325,50
whir_t128_capacity_full,baseline_round0,raw_fibers,separate_paths,128.0,whir_capacity_full,0,25,8,2,1,30,4,8,15468,640,25,32768,1,phase_parse,7,1473,,ok,,0,0,0,0,0,0,3516,325,50
whir_t128_capacity_full,baseline_round0,raw_fibers,separate_paths,128.0,whir_capacity_full,0,25,8,2,1,30,4,8,15468,640,25,32768,1,phase_per_round_queries,7,857627,,ok,,0,0,0,0,0,0,3516,325,50
whir_t128_capacity_full,baseline_round0,raw_fibers,separate_paths,128.0,whir_capacity_full,0,25,8,2,1,30,4,8,15468,640,25,32768,1,phase_folding,8,6317,,ok,,0,0,0,0,0,0,3516,325,50
whir_t128_capacity_full,baseline_round0,raw_fibers,separate_paths,128.0,whir_capacity_full,0,25,8,2,1,30,4,8,15468,640,25,32768,1,phase_ood,8,14762,,ok,,0,0,0,0,0,0,3516,325,50
whir_t128_capacity_full,baseline_round0,raw_fibers,separate_paths,128.0,whir_capacity_full,0,25,8,2,1,30,4,8,15468,640,25,32768,1,phase_parse,8,1473,,ok,,0,0,0,0,0,0,3516,325,50
whir_t128_capacity_full,baseline_round0,raw_fibers,separate_paths,128.0,whir_capacity_full,0,25,8,2,1,30,4,8,15468,640,25,32768,1,phase_per_round_queries,8,857627,,ok,,0,0,0,0,0,0,3516,325,50
whir_t128_capacity_full,baseline_round0,raw_fibers,separate_paths,128.0,whir_capacity_full,0,25,8,2,1,30,4,8,15468,640,25,32768,1,phase_folding,9,6317,,ok,,0,0,0,0,0,0,3516,325,50
whir_t128_capacity_full,baseline_round0,raw_fibers,separate_paths,128.0,whir_capacity_full,0,25,8,2,1,30,4,8,15468,640,25,32768,1,phase_ood,9,14762,,ok,,0,0,0,0,0,0,3516,325,50
whir_t128_capacity_full,baseline_round0,raw_fibers,separate_paths,128.0,whir_capacity_full,0,25,8,2,1,30,4,8,15468,640,25,32768,1,phase_parse,9,1473,,ok,,0,0,0,0,0,0,3516,325,50
whir_t128_capacity_full,baseline_round0,raw_fibers,separate_paths,128.0,whir_capacity_full,0,25,8,2,1,30,4,8,15468,640,25,32768,1,phase_per_round_queries,9,857627,,ok,,0,0,0,0,0,0,3516,325,50
whir_t128_capacity_full,round_reuse_batch_inverse,raw_fibers,separate_paths,128.0,whir_capacity_full,0,25,8,2,1,30,4,8,15468,640,25,32768,1,host_verify,0,,19509917,ok,,311,20698,354,1401,325,25,1437,376,2
whir_t128_capacity_full,round_reuse_batch_inverse,raw_fibers,separate_paths,128.0,whir_capacity_full,0,25,8,2,1,30,4,8,15468,640,25,32768,1,verify_sbf,0,826797,,ok,,311,20698,354,1401,325,25,1437,376,2
whir_t128_capacity_full,round_reuse_batch_inverse,raw_fibers,separate_paths,128.0,whir_capacity_full,0,25,8,2,1,30,4,8,15468,640,25,32768,1,verify_sbf,1,826797,,ok,,311,20698,354,1401,325,25,1437,376,2
whir_t128_capacity_full,round_reuse_batch_inverse,raw_fibers,separate_paths,128.0,whir_capacity_full,0,25,8,2,1,30,4,8,15468,640,25,32768,1,verify_sbf,2,826797,,ok,,311,20698,354,1401,325,25,1437,376,2
whir_t128_capacity_full,round_reuse_batch_inverse,raw_fibers,separate_paths,128.0,whir_capacity_full,0,25,8,2,1,30,4,8,15468,640,25,32768,1,verify_sbf,3,826797,,ok,,311,20698,354,1401,325,25,1437,376,2
whir_t128_capacity_full,round_reuse_batch_inverse,raw_fibers,separate_paths,128.0,whir_capacity_full,0,25,8,2,1,30,4,8,15468,640,25,32768,1,verify_sbf,4,826797,,ok,,311,20698,354,1401,325,25,1437,376,2
whir_t128_capacity_full,round_reuse_batch_inverse,raw_fibers,separate_paths,128.0,whir_capacity_full,0,25,8,2,1,30,4,8,15468,640,25,32768,1,verify_sbf,5,826797,,ok,,311,20698,354,1401,325,25,1437,376,2
whir_t128_capacity_full,round_reuse_batch_inverse,raw_fibers,separate_paths,128.0,whir_capacity_full,0,25,8,2,1,30,4,8,15468,640,25,32768,1,verify_sbf,6,826797,,ok,,311,20698,354,1401,325,25,1437,376,2
whir_t128_capacity_full,round_reuse_batch_inverse,raw_fibers,separate_paths,128.0,whir_capacity_full,0,25,8,2,1,30,4,8,15468,640,25,32768,1,verify_sbf,7,826797,,ok,,311,20698,354,1401,325,25,1437,376,2
whir_t128_capacity_full,round_reuse_batch_inverse,raw_fibers,separate_paths,128.0,whir_capacity_full,0,25,8,2,1,30,4,8,15468,640,25,32768,1,verify_sbf,8,826797,,ok,,311,20698,354,1401,325,25,1437,376,2
whir_t128_capacity_full,round_reuse_batch_inverse,raw_fibers,separate_paths,128.0,whir_capacity_full,0,25,8,2,1,30,4,8,15468,640,25,32768,1,verify_sbf,9,826797,,ok,,311,20698,354,1401,325,25,1437,376,2
whir_t128_capacity_full,round_reuse_batch_inverse,raw_fibers,separate_paths,128.0,whir_capacity_full,0,25,8,2,1,30,4,8,15468,640,25,32768,1,phase_folding,0,6317,,ok,,0,0,0,0,0,0,1437,376,2
whir_t128_capacity_full,round_reuse_batch_inverse,raw_fibers,separate_paths,128.0,whir_capacity_full,0,25,8,2,1,30,4,8,15468,640,25,32768,1,phase_ood,0,14762,,ok,,0,0,0,0,0,0,1437,376,2
whir_t128_capacity_full,round_reuse_batch_inverse,raw_fibers,separate_paths,128.0,whir_capacity_full,0,25,8,2,1,30,4,8,15468,640,25,32768,1,phase_parse,0,1473,,ok,,0,0,0,0,0,0,1437,376,2
whir_t128_capacity_full,round_reuse_batch_inverse,raw_fibers,separate_paths,128.0,whir_capacity_full,0,25,8,2,1,30,4,8,15468,640,25,32768,1,phase_per_round_queries,0,804885,,ok,,0,0,0,0,0,0,1437,376,2
whir_t128_capacity_full,round_reuse_batch_inverse,raw_fibers,separate_paths,128.0,whir_capacity_full,0,25,8,2,1,30,4,8,15468,640,25,32768,1,phase_folding,1,6317,,ok,,0,0,0,0,0,0,1437,376,2
whir_t128_capacity_full,round_reuse_batch_inverse,raw_fibers,separate_paths,128.0,whir_capacity_full,0,25,8,2,1,30,4,8,15468,640,25,32768,1,phase_ood,1,14762,,ok,,0,0,0,0,0,0,1437,376,2
whir_t128_capacity_full,round_reuse_batch_inverse,raw_fibers,separate_paths,128.0,whir_capacity_full,0,25,8,2,1,30,4,8,15468,640,25,32768,1,phase_parse,1,1473,,ok,,0,0,0,0,0,0,1437,376,2
whir_t128_capacity_full,round_reuse_batch_inverse,raw_fibers,separate_paths,128.0,whir_capacity_full,0,25,8,2,1,30,4,8,15468,640,25,32768,1,phase_per_round_queries,1,804885,,ok,,0,0,0,0,0,0,1437,376,2
whir_t128_capacity_full,round_reuse_batch_inverse,raw_fibers,separate_paths,128.0,whir_capacity_full,0,25,8,2,1,30,4,8,15468,640,25,32768,1,phase_folding,2,6317,,ok,,0,0,0,0,0,0,1437,376,2
whir_t128_capacity_full,round_reuse_batch_inverse,raw_fibers,separate_paths,128.0,whir_capacity_full,0,25,8,2,1,30,4,8,15468,640,25,32768,1,phase_ood,2,14762,,ok,,0,0,0,0,0,0,1437,376,2
whir_t128_capacity_full,round_reuse_batch_inverse,raw_fibers,separate_paths,128.0,whir_capacity_full,0,25,8,2,1,30,4,8,15468,640,25,32768,1,phase_parse,2,1473,,ok,,0,0,0,0,0,0,1437,376,2
whir_t128_capacity_full,round_reuse_batch_inverse,raw_fibers,separate_paths,128.0,whir_capacity_full,0,25,8,2,1,30,4,8,15468,640,25,32768,1,phase_per_round_queries,2,804885,,ok,,0,0,0,0,0,0,1437,376,2
whir_t128_capacity_full,round_reuse_batch_inverse,raw_fibers,separate_paths,128.0,whir_capacity_full,0,25,8,2,1,30,4,8,15468,640,25,32768,1,phase_folding,3,6317,,ok,,0,0,0,0,0,0,1437,376,2
whir_t128_capacity_full,round_reuse_batch_inverse,raw_fibers,separate_paths,128.0,whir_capacity_full,0,25,8,2,1,30,4,8,15468,640,25,32768,1,phase_ood,3,14762,,ok,,0,0,0,0,0,0,1437,376,2
whir_t128_capacity_full,round_reuse_batch_inverse,raw_fibers,separate_paths,128.0,whir_capacity_full,0,25,8,2,1,30,4,8,15468,640,25,32768,1,phase_parse,3,1473,,ok,,0,0,0,0,0,0,1437,376,2
whir_t128_capacity_full,round_reuse_batch_inverse,raw_fibers,separate_paths,128.0,whir_capacity_full,0,25,8,2,1,30,4,8,15468,640,25,32768,1,phase_per_round_queries,3,804885,,ok,,0,0,0,0,0,0,1437,376,2
whir_t128_capacity_full,round_reuse_batch_inverse,raw_fibers,separate_paths,128.0,whir_capacity_full,0,25,8,2,1,30,4,8,15468,640,25,32768,1,phase_folding,4,6317,,ok,,0,0,0,0,0,0,1437,376,2
whir_t128_capacity_full,round_reuse_batch_inverse,raw_fibers,separate_paths,128.0,whir_capacity_full,0,25,8,2,1,30,4,8,15468,640,25,32768,1,phase_ood,4,14762,,ok,,0,0,0,0,0,0,1437,376,2
whir_t128_capacity_full,round_reuse_batch_inverse,raw_fibers,separate_paths,128.0,whir_capacity_full,0,25,8,2,1,30,4,8,15468,640,25,32768,1,phase_parse,4,1473,,ok,,0,0,0,0,0,0,1437,376,2
whir_t128_capacity_full,round_reuse_batch_inverse,raw_fibers,separate_paths,128.0,whir_capacity_full,0,25,8,2,1,30,4,8,15468,640,25,32768,1,phase_per_round_queries,4,804885,,ok,,0,0,0,0,0,0,1437,376,2
whir_t128_capacity_full,round_reuse_batch_inverse,raw_fibers,separate_paths,128.0,whir_capacity_full,0,25,8,2,1,30,4,8,15468,640,25,32768,1,phase_folding,5,6317,,ok,,0,0,0,0,0,0,1437,376,2
whir_t128_capacity_full,round_reuse_batch_inverse,raw_fibers,separate_paths,128.0,whir_capacity_full,0,25,8,2,1,30,4,8,15468,640,25,32768,1,phase_ood,5,14762,,ok,,0,0,0,0,0,0,1437,376,2
whir_t128_capacity_full,round_reuse_batch_inverse,raw_fibers,separate_paths,128.0,whir_capacity_full,0,25,8,2,1,30,4,8,15468,640,25,32768,1,phase_parse,5,1473,,ok,,0,0,0,0,0,0,1437,376,2
whir_t128_capacity_full,round_reuse_batch_inverse,raw_fibers,separate_paths,128.0,whir_capacity_full,0,25,8,2,1,30,4,8,15468,640,25,32768,1,phase_per_round_queries,5,804885,,ok,,0,0,0,0,0,0,1437,376,2
whir_t128_capacity_full,round_reuse_batch_inverse,raw_fibers,separate_paths,128.0,whir_capacity_full,0,25,8,2,1,30,4,8,15468,640,25,32768,1,phase_folding,6,6317,,ok,,0,0,0,0,0,0,1437,376,2
whir_t128_capacity_full,round_reuse_batch_inverse,raw_fibers,separate_paths,128.0,whir_capacity_full,0,25,8,2,1,30,4,8,15468,640,25,32768,1,phase_ood,6,14762,,ok,,0,0,0,0,0,0,1437,376,2
whir_t128_capacity_full,round_reuse_batch_inverse,raw_fibers,separate_paths,128.0,whir_capacity_full,0,25,8,2,1,30,4,8,15468,640,25,32768,1,phase_parse,6,1473,,ok,,0,0,0,0,0,0,1437,376,2
whir_t128_capacity_full,round_reuse_batch_inverse,raw_fibers,separate_paths,128.0,whir_capacity_full,0,25,8,2,1,30,4,8,15468,640,25,32768,1,phase_per_round_queries,6,804885,,ok,,0,0,0,0,0,0,1437,376,2
whir_t128_capacity_full,round_reuse_batch_inverse,raw_fibers,separate_paths,128.0,whir_capacity_full,0,25,8,2,1,30,4,8,15468,640,25,32768,1,phase_folding,7,6317,,ok,,0,0,0,0,0,0,1437,376,2
whir_t128_capacity_full,round_reuse_batch_inverse,raw_fibers,separate_paths,128.0,whir_capacity_full,0,25,8,2,1,30,4,8,15468,640,25,32768,1,phase_ood,7,14762,,ok,,0,0,0,0,0,0,1437,376,2
whir_t128_capacity_full,round_reuse_batch_inverse,raw_fibers,separate_paths,128.0,whir_capacity_full,0,25,8,2,1,30,4,8,15468,640,25,32768,1,phase_parse,7,1473,,ok,,0,0,0,0,0,0,1437,376,2
whir_t128_capacity_full,round_reuse_batch_inverse,raw_fibers,separate_paths,128.0,whir_capacity_full,0,25,8,2,1,30,4,8,15468,640,25,32768,1,phase_per_round_queries,7,804885,,ok,,0,0,0,0,0,0,1437,376,2
whir_t128_capacity_full,round_reuse_batch_inverse,raw_fibers,separate_paths,128.0,whir_capacity_full,0,25,8,2,1,30,4,8,15468,640,25,32768,1,phase_folding,8,6317,,ok,,0,0,0,0,0,0,1437,376,2
whir_t128_capacity_full,round_reuse_batch_inverse,raw_fibers,separate_paths,128.0,whir_capacity_full,0,25,8,2,1,30,4,8,15468,640,25,32768,1,phase_ood,8,14762,,ok,,0,0,0,0,0,0,1437,376,2
whir_t128_capacity_full,round_reuse_batch_inverse,raw_fibers,separate_paths,128.0,whir_capacity_full,0,25,8,2,1,30,4,8,15468,640,25,32768,1,phase_parse,8,1473,,ok,,0,0,0,0,0,0,1437,376,2
whir_t128_capacity_full,round_reuse_batch_inverse,raw_fibers,separate_paths,128.0,whir_capacity_full,0,25,8,2,1,30,4,8,15468,640,25,32768,1,phase_per_round_queries,8,804885,,ok,,0,0,0,0,0,0,1437,376,2
whir_t128_capacity_full,round_reuse_batch_inverse,raw_fibers,separate_paths,128.0,whir_capacity_full,0,25,8,2,1,30,4,8,15468,640,25,32768,1,phase_folding,9,6317,,ok,,0,0,0,0,0,0,1437,376,2
whir_t128_capacity_full,round_reuse_batch_inverse,raw_fibers,separate_paths,128.0,whir_capacity_full,0,25,8,2,1,30,4,8,15468,640,25,32768,1,phase_ood,9,14762,,ok,,0,0,0,0,0,0,1437,376,2
whir_t128_capacity_full,round_reuse_batch_inverse,raw_fibers,separate_paths,128.0,whir_capacity_full,0,25,8,2,1,30,4,8,15468,640,25,32768,1,phase_parse,9,1473,,ok,,0,0,0,0,0,0,1437,376,2
whir_t128_capacity_full,round_reuse_batch_inverse,raw_fibers,separate_paths,128.0,whir_capacity_full,0,25,8,2,1,30,4,8,15468,640,25,32768,1,phase_per_round_queries,9,804885,,ok,,0,0,0,0,0,0,1437,376,2
whir_t128_capacity_full,baseline_round0,local_interpolant,separate_paths,128.0,whir_capacity_full,0,25,8,2,1,30,4,8,15468,640,25,32768,1,host_verify,0,,7313167,ok,,311,20698,354,2812,250,25,3616,325,50
whir_t128_capacity_full,baseline_round0,local_interpolant,separate_paths,128.0,whir_capacity_full,0,25,8,2,1,30,4,8,15468,640,25,32768,1,verify_sbf,0,884696,,ok,,311,20698,354,2812,250,25,3616,325,50
whir_t128_capacity_full,baseline_round0,local_interpolant,separate_paths,128.0,whir_capacity_full,0,25,8,2,1,30,4,8,15468,640,25,32768,1,verify_sbf,1,884696,,ok,,311,20698,354,2812,250,25,3616,325,50
whir_t128_capacity_full,baseline_round0,local_interpolant,separate_paths,128.0,whir_capacity_full,0,25,8,2,1,30,4,8,15468,640,25,32768,1,verify_sbf,2,884696,,ok,,311,20698,354,2812,250,25,3616,325,50
whir_t128_capacity_full,baseline_round0,local_interpolant,separate_paths,128.0,whir_capacity_full,0,25,8,2,1,30,4,8,15468,640,25,32768,1,verify_sbf,3,884696,,ok,,311,20698,354,2812,250,25,3616,325,50
whir_t128_capacity_full,baseline_round0,local_interpolant,separate_paths,128.0,whir_capacity_full,0,25,8,2,1,30,4,8,15468,640,25,32768,1,verify_sbf,4,884696,,ok,,311,20698,354,2812,250,25,3616,325,50
whir_t128_capacity_full,baseline_round0,local_interpolant,separate_paths,128.0,whir_capacity_full,0,25,8,2,1,30,4,8,15468,640,25,32768,1,verify_sbf,5,884696,,ok,,311,20698,354,2812,250,25,3616,325,50
whir_t128_capacity_full,baseline_round0,local_interpolant,separate_paths,128.0,whir_capacity_full,0,25,8,2,1,30,4,8,15468,640,25,32768,1,verify_sbf,6,884696,,ok,,311,20698,354,2812,250,25,3616,325,50
whir_t128_capacity_full,baseline_round0,local_interpolant,separate_paths,128.0,whir_capacity_full,0,25,8,2,1,30,4,8,15468,640,25,32768,1,verify_sbf,7,884696,,ok,,311,20698,354,2812,250,25,3616,325,50
whir_t128_capacity_full,baseline_round0,local_interpolant,separate_paths,128.0,whir_capacity_full,0,25,8,2,1,30,4,8,15468,640,25,32768,1,verify_sbf,8,884696,,ok,,311,20698,354,2812,250,25,3616,325,50
whir_t128_capacity_full,baseline_round0,local_interpolant,separate_paths,128.0,whir_capacity_full,0,25,8,2,1,30,4,8,15468,640,25,32768,1,verify_sbf,9,884696,,ok,,311,20698,354,2812,250,25,3616,325,50
whir_t128_capacity_full,baseline_round0,local_interpolant,separate_paths,128.0,whir_capacity_full,0,25,8,2,1,30,4,8,15468,640,25,32768,1,phase_folding,0,6307,,ok,,0,0,0,0,0,0,3616,325,50
whir_t128_capacity_full,baseline_round0,local_interpolant,separate_paths,128.0,whir_capacity_full,0,25,8,2,1,30,4,8,15468,640,25,32768,1,phase_ood,0,14761,,ok,,0,0,0,0,0,0,3616,325,50
whir_t128_capacity_full,baseline_round0,local_interpolant,separate_paths,128.0,whir_capacity_full,0,25,8,2,1,30,4,8,15468,640,25,32768,1,phase_parse,0,1475,,ok,,0,0,0,0,0,0,3616,325,50
whir_t128_capacity_full,baseline_round0,local_interpolant,separate_paths,128.0,whir_capacity_full,0,25,8,2,1,30,4,8,15468,640,25,32768,1,phase_per_round_queries,0,862791,,ok,,0,0,0,0,0,0,3616,325,50
whir_t128_capacity_full,baseline_round0,local_interpolant,separate_paths,128.0,whir_capacity_full,0,25,8,2,1,30,4,8,15468,640,25,32768,1,phase_folding,1,6307,,ok,,0,0,0,0,0,0,3616,325,50
whir_t128_capacity_full,baseline_round0,local_interpolant,separate_paths,128.0,whir_capacity_full,0,25,8,2,1,30,4,8,15468,640,25,32768,1,phase_ood,1,14761,,ok,,0,0,0,0,0,0,3616,325,50
whir_t128_capacity_full,baseline_round0,local_interpolant,separate_paths,128.0,whir_capacity_full,0,25,8,2,1,30,4,8,15468,640,25,32768,1,phase_parse,1,1475,,ok,,0,0,0,0,0,0,3616,325,50
whir_t128_capacity_full,baseline_round0,local_interpolant,separate_paths,128.0,whir_capacity_full,0,25,8,2,1,30,4,8,15468,640,25,32768,1,phase_per_round_queries,1,862791,,ok,,0,0,0,0,0,0,3616,325,50
whir_t128_capacity_full,baseline_round0,local_interpolant,separate_paths,128.0,whir_capacity_full,0,25,8,2,1,30,4,8,15468,640,25,32768,1,phase_folding,2,6307,,ok,,0,0,0,0,0,0,3616,325,50
whir_t128_capacity_full,baseline_round0,local_interpolant,separate_paths,128.0,whir_capacity_full,0,25,8,2,1,30,4,8,15468,640,25,32768,1,phase_ood,2,14761,,ok,,0,0,0,0,0,0,3616,325,50
whir_t128_capacity_full,baseline_round0,local_interpolant,separate_paths,128.0,whir_capacity_full,0,25,8,2,1,30,4,8,15468,640,25,32768,1,phase_parse,2,1475,,ok,,0,0,0,0,0,0,3616,325,50
whir_t128_capacity_full,baseline_round0,local_interpolant,separate_paths,128.0,whir_capacity_full,0,25,8,2,1,30,4,8,15468,640,25,32768,1,phase_per_round_queries,2,862791,,ok,,0,0,0,0,0,0,3616,325,50
whir_t128_capacity_full,baseline_round0,local_interpolant,separate_paths,128.0,whir_capacity_full,0,25,8,2,1,30,4,8,15468,640,25,32768,1,phase_folding,3,6307,,ok,,0,0,0,0,0,0,3616,325,50
whir_t128_capacity_full,baseline_round0,local_interpolant,separate_paths,128.0,whir_capacity_full,0,25,8,2,1,30,4,8,15468,640,25,32768,1,phase_ood,3,14761,,ok,,0,0,0,0,0,0,3616,325,50
whir_t128_capacity_full,baseline_round0,local_interpolant,separate_paths,128.0,whir_capacity_full,0,25,8,2,1,30,4,8,15468,640,25,32768,1,phase_parse,3,1475,,ok,,0,0,0,0,0,0,3616,325,50
whir_t128_capacity_full,baseline_round0,local_interpolant,separate_paths,128.0,whir_capacity_full,0,25,8,2,1,30,4,8,15468,640,25,32768,1,phase_per_round_queries,3,862791,,ok,,0,0,0,0,0,0,3616,325,50
whir_t128_capacity_full,baseline_round0,local_interpolant,separate_paths,128.0,whir_capacity_full,0,25,8,2,1,30,4,8,15468,640,25,32768,1,phase_folding,4,6307,,ok,,0,0,0,0,0,0,3616,325,50
whir_t128_capacity_full,baseline_round0,local_interpolant,separate_paths,128.0,whir_capacity_full,0,25,8,2,1,30,4,8,15468,640,25,32768,1,phase_ood,4,14761,,ok,,0,0,0,0,0,0,3616,325,50
whir_t128_capacity_full,baseline_round0,local_interpolant,separate_paths,128.0,whir_capacity_full,0,25,8,2,1,30,4,8,15468,640,25,32768,1,phase_parse,4,1475,,ok,,0,0,0,0,0,0,3616,325,50
whir_t128_capacity_full,baseline_round0,local_interpolant,separate_paths,128.0,whir_capacity_full,0,25,8,2,1,30,4,8,15468,640,25,32768,1,phase_per_round_queries,4,862791,,ok,,0,0,0,0,0,0,3616,325,50
whir_t128_capacity_full,baseline_round0,local_interpolant,separate_paths,128.0,whir_capacity_full,0,25,8,2,1,30,4,8,15468,640,25,32768,1,phase_folding,5,6307,,ok,,0,0,0,0,0,0,3616,325,50
whir_t128_capacity_full,baseline_round0,local_interpolant,separate_paths,128.0,whir_capacity_full,0,25,8,2,1,30,4,8,15468,640,25,32768,1,phase_ood,5,14761,,ok,,0,0,0,0,0,0,3616,325,50
whir_t128_capacity_full,baseline_round0,local_interpolant,separate_paths,128.0,whir_capacity_full,0,25,8,2,1,30,4,8,15468,640,25,32768,1,phase_parse,5,1475,,ok,,0,0,0,0,0,0,3616,325,50
whir_t128_capacity_full,baseline_round0,local_interpolant,separate_paths,128.0,whir_capacity_full,0,25,8,2,1,30,4,8,15468,640,25,32768,1,phase_per_round_queries,5,862791,,ok,,0,0,0,0,0,0,3616,325,50
whir_t128_capacity_full,baseline_round0,local_interpolant,separate_paths,128.0,whir_capacity_full,0,25,8,2,1,30,4,8,15468,640,25,32768,1,phase_folding,6,6307,,ok,,0,0,0,0,0,0,3616,325,50
whir_t128_capacity_full,baseline_round0,local_interpolant,separate_paths,128.0,whir_capacity_full,0,25,8,2,1,30,4,8,15468,640,25,32768,1,phase_ood,6,14761,,ok,,0,0,0,0,0,0,3616,325,50
whir_t128_capacity_full,baseline_round0,local_interpolant,separate_paths,128.0,whir_capacity_full,0,25,8,2,1,30,4,8,15468,640,25,32768,1,phase_parse,6,1475,,ok,,0,0,0,0,0,0,3616,325,50
whir_t128_capacity_full,baseline_round0,local_interpolant,separate_paths,128.0,whir_capacity_full,0,25,8,2,1,30,4,8,15468,640,25,32768,1,phase_per_round_queries,6,862791,,ok,,0,0,0,0,0,0,3616,325,50
whir_t128_capacity_full,baseline_round0,local_interpolant,separate_paths,128.0,whir_capacity_full,0,25,8,2,1,30,4,8,15468,640,25,32768,1,phase_folding,7,6307,,ok,,0,0,0,0,0,0,3616,325,50
whir_t128_capacity_full,baseline_round0,local_interpolant,separate_paths,128.0,whir_capacity_full,0,25,8,2,1,30,4,8,15468,640,25,32768,1,phase_ood,7,14761,,ok,,0,0,0,0,0,0,3616,325,50
whir_t128_capacity_full,baseline_round0,local_interpolant,separate_paths,128.0,whir_capacity_full,0,25,8,2,1,30,4,8,15468,640,25,32768,1,phase_parse,7,1475,,ok,,0,0,0,0,0,0,3616,325,50
whir_t128_capacity_full,baseline_round0,local_interpolant,separate_paths,128.0,whir_capacity_full,0,25,8,2,1,30,4,8,15468,640,25,32768,1,phase_per_round_queries,7,862791,,ok,,0,0,0,0,0,0,3616,325,50
whir_t128_capacity_full,baseline_round0,local_interpolant,separate_paths,128.0,whir_capacity_full,0,25,8,2,1,30,4,8,15468,640,25,32768,1,phase_folding,8,6307,,ok,,0,0,0,0,0,0,3616,325,50
whir_t128_capacity_full,baseline_round0,local_interpolant,separate_paths,128.0,whir_capacity_full,0,25,8,2,1,30,4,8,15468,640,25,32768,1,phase_ood,8,14761,,ok,,0,0,0,0,0,0,3616,325,50
whir_t128_capacity_full,baseline_round0,local_interpolant,separate_paths,128.0,whir_capacity_full,0,25,8,2,1,30,4,8,15468,640,25,32768,1,phase_parse,8,1475,,ok,,0,0,0,0,0,0,3616,325,50
whir_t128_capacity_full,baseline_round0,local_interpolant,separate_paths,128.0,whir_capacity_full,0,25,8,2,1,30,4,8,15468,640,25,32768,1,phase_per_round_queries,8,862791,,ok,,0,0,0,0,0,0,3616,325,50
whir_t128_capacity_full,baseline_round0,local_interpolant,separate_paths,128.0,whir_capacity_full,0,25,8,2,1,30,4,8,15468,640,25,32768,1,phase_folding,9,6307,,ok,,0,0,0,0,0,0,3616,325,50
whir_t128_capacity_full,baseline_round0,local_interpolant,separate_paths,128.0,whir_capacity_full,0,25,8,2,1,30,4,8,15468,640,25,32768,1,phase_ood,9,14761,,ok,,0,0,0,0,0,0,3616,325,50
whir_t128_capacity_full,baseline_round0,local_interpolant,separate_paths,128.0,whir_capacity_full,0,25,8,2,1,30,4,8,15468,640,25,32768,1,phase_parse,9,1475,,ok,,0,0,0,0,0,0,3616,325,50
whir_t128_capacity_full,baseline_round0,local_interpolant,separate_paths,128.0,whir_capacity_full,0,25,8,2,1,30,4,8,15468,640,25,32768,1,phase_per_round_queries,9,862791,,ok,,0,0,0,0,0,0,3616,325,50
whir_t128_capacity_full,round_reuse_batch_inverse,local_interpolant,separate_paths,128.0,whir_capacity_full,0,25,8,2,1,30,4,8,15468,640,25,32768,1,host_verify,0,,11434041,ok,,311,20698,354,1501,325,25,1537,376,2
whir_t128_capacity_full,round_reuse_batch_inverse,local_interpolant,separate_paths,128.0,whir_capacity_full,0,25,8,2,1,30,4,8,15468,640,25,32768,1,verify_sbf,0,831954,,ok,,311,20698,354,1501,325,25,1537,376,2
whir_t128_capacity_full,round_reuse_batch_inverse,local_interpolant,separate_paths,128.0,whir_capacity_full,0,25,8,2,1,30,4,8,15468,640,25,32768,1,verify_sbf,1,831954,,ok,,311,20698,354,1501,325,25,1537,376,2
whir_t128_capacity_full,round_reuse_batch_inverse,local_interpolant,separate_paths,128.0,whir_capacity_full,0,25,8,2,1,30,4,8,15468,640,25,32768,1,verify_sbf,2,831954,,ok,,311,20698,354,1501,325,25,1537,376,2
whir_t128_capacity_full,round_reuse_batch_inverse,local_interpolant,separate_paths,128.0,whir_capacity_full,0,25,8,2,1,30,4,8,15468,640,25,32768,1,verify_sbf,3,831954,,ok,,311,20698,354,1501,325,25,1537,376,2
whir_t128_capacity_full,round_reuse_batch_inverse,local_interpolant,separate_paths,128.0,whir_capacity_full,0,25,8,2,1,30,4,8,15468,640,25,32768,1,verify_sbf,4,831954,,ok,,311,20698,354,1501,325,25,1537,376,2
whir_t128_capacity_full,round_reuse_batch_inverse,local_interpolant,separate_paths,128.0,whir_capacity_full,0,25,8,2,1,30,4,8,15468,640,25,32768,1,verify_sbf,5,831954,,ok,,311,20698,354,1501,325,25,1537,376,2
whir_t128_capacity_full,round_reuse_batch_inverse,local_interpolant,separate_paths,128.0,whir_capacity_full,0,25,8,2,1,30,4,8,15468,640,25,32768,1,verify_sbf,6,831954,,ok,,311,20698,354,1501,325,25,1537,376,2
whir_t128_capacity_full,round_reuse_batch_inverse,local_interpolant,separate_paths,128.0,whir_capacity_full,0,25,8,2,1,30,4,8,15468,640,25,32768,1,verify_sbf,7,831954,,ok,,311,20698,354,1501,325,25,1537,376,2
whir_t128_capacity_full,round_reuse_batch_inverse,local_interpolant,separate_paths,128.0,whir_capacity_full,0,25,8,2,1,30,4,8,15468,640,25,32768,1,verify_sbf,8,831954,,ok,,311,20698,354,1501,325,25,1537,376,2
whir_t128_capacity_full,round_reuse_batch_inverse,local_interpolant,separate_paths,128.0,whir_capacity_full,0,25,8,2,1,30,4,8,15468,640,25,32768,1,verify_sbf,9,831954,,ok,,311,20698,354,1501,325,25,1537,376,2
whir_t128_capacity_full,round_reuse_batch_inverse,local_interpolant,separate_paths,128.0,whir_capacity_full,0,25,8,2,1,30,4,8,15468,640,25,32768,1,phase_folding,0,6307,,ok,,0,0,0,0,0,0,1537,376,2
whir_t128_capacity_full,round_reuse_batch_inverse,local_interpolant,separate_paths,128.0,whir_capacity_full,0,25,8,2,1,30,4,8,15468,640,25,32768,1,phase_ood,0,14761,,ok,,0,0,0,0,0,0,1537,376,2
whir_t128_capacity_full,round_reuse_batch_inverse,local_interpolant,separate_paths,128.0,whir_capacity_full,0,25,8,2,1,30,4,8,15468,640,25,32768,1,phase_parse,0,1475,,ok,,0,0,0,0,0,0,1537,376,2
whir_t128_capacity_full,round_reuse_batch_inverse,local_interpolant,separate_paths,128.0,whir_capacity_full,0,25,8,2,1,30,4,8,15468,640,25,32768,1,phase_per_round_queries,0,810049,,ok,,0,0,0,0,0,0,1537,376,2
whir_t128_capacity_full,round_reuse_batch_inverse,local_interpolant,separate_paths,128.0,whir_capacity_full,0,25,8,2,1,30,4,8,15468,640,25,32768,1,phase_folding,1,6307,,ok,,0,0,0,0,0,0,1537,376,2
whir_t128_capacity_full,round_reuse_batch_inverse,local_interpolant,separate_paths,128.0,whir_capacity_full,0,25,8,2,1,30,4,8,15468,640,25,32768,1,phase_ood,1,14761,,ok,,0,0,0,0,0,0,1537,376,2
whir_t128_capacity_full,round_reuse_batch_inverse,local_interpolant,separate_paths,128.0,whir_capacity_full,0,25,8,2,1,30,4,8,15468,640,25,32768,1,phase_parse,1,1475,,ok,,0,0,0,0,0,0,1537,376,2
whir_t128_capacity_full,round_reuse_batch_inverse,local_interpolant,separate_paths,128.0,whir_capacity_full,0,25,8,2,1,30,4,8,15468,640,25,32768,1,phase_per_round_queries,1,810049,,ok,,0,0,0,0,0,0,1537,376,2
whir_t128_capacity_full,round_reuse_batch_inverse,local_interpolant,separate_paths,128.0,whir_capacity_full,0,25,8,2,1,30,4,8,15468,640,25,32768,1,phase_folding,2,6307,,ok,,0,0,0,0,0,0,1537,376,2
whir_t128_capacity_full,round_reuse_batch_inverse,local_interpolant,separate_paths,128.0,whir_capacity_full,0,25,8,2,1,30,4,8,15468,640,25,32768,1,phase_ood,2,14761,,ok,,0,0,0,0,0,0,1537,376,2
whir_t128_capacity_full,round_reuse_batch_inverse,local_interpolant,separate_paths,128.0,whir_capacity_full,0,25,8,2,1,30,4,8,15468,640,25,32768,1,phase_parse,2,1475,,ok,,0,0,0,0,0,0,1537,376,2
whir_t128_capacity_full,round_reuse_batch_inverse,local_interpolant,separate_paths,128.0,whir_capacity_full,0,25,8,2,1,30,4,8,15468,640,25,32768,1,phase_per_round_queries,2,810049,,ok,,0,0,0,0,0,0,1537,376,2
whir_t128_capacity_full,round_reuse_batch_inverse,local_interpolant,separate_paths,128.0,whir_capacity_full,0,25,8,2,1,30,4,8,15468,640,25,32768,1,phase_folding,3,6307,,ok,,0,0,0,0,0,0,1537,376,2
whir_t128_capacity_full,round_reuse_batch_inverse,local_interpolant,separate_paths,128.0,whir_capacity_full,0,25,8,2,1,30,4,8,15468,640,25,32768,1,phase_ood,3,14761,,ok,,0,0,0,0,0,0,1537,376,2
whir_t128_capacity_full,round_reuse_batch_inverse,local_interpolant,separate_paths,128.0,whir_capacity_full,0,25,8,2,1,30,4,8,15468,640,25,32768,1,phase_parse,3,1475,,ok,,0,0,0,0,0,0,1537,376,2
whir_t128_capacity_full,round_reuse_batch_inverse,local_interpolant,separate_paths,128.0,whir_capacity_full,0,25,8,2,1,30,4,8,15468,640,25,32768,1,phase_per_round_queries,3,810049,,ok,,0,0,0,0,0,0,1537,376,2
whir_t128_capacity_full,round_reuse_batch_inverse,local_interpolant,separate_paths,128.0,whir_capacity_full,0,25,8,2,1,30,4,8,15468,640,25,32768,1,phase_folding,4,6307,,ok,,0,0,0,0,0,0,1537,376,2
whir_t128_capacity_full,round_reuse_batch_inverse,local_interpolant,separate_paths,128.0,whir_capacity_full,0,25,8,2,1,30,4,8,15468,640,25,32768,1,phase_ood,4,14761,,ok,,0,0,0,0,0,0,1537,376,2
whir_t128_capacity_full,round_reuse_batch_inverse,local_interpolant,separate_paths,128.0,whir_capacity_full,0,25,8,2,1,30,4,8,15468,640,25,32768,1,phase_parse,4,1475,,ok,,0,0,0,0,0,0,1537,376,2
whir_t128_capacity_full,round_reuse_batch_inverse,local_interpolant,separate_paths,128.0,whir_capacity_full,0,25,8,2,1,30,4,8,15468,640,25,32768,1,phase_per_round_queries,4,810049,,ok,,0,0,0,0,0,0,1537,376,2
whir_t128_capacity_full,round_reuse_batch_inverse,local_interpolant,separate_paths,128.0,whir_capacity_full,0,25,8,2,1,30,4,8,15468,640,25,32768,1,phase_folding,5,6307,,ok,,0,0,0,0,0,0,1537,376,2
whir_t128_capacity_full,round_reuse_batch_inverse,local_interpolant,separate_paths,128.0,whir_capacity_full,0,25,8,2,1,30,4,8,15468,640,25,32768,1,phase_ood,5,14761,,ok,,0,0,0,0,0,0,1537,376,2
whir_t128_capacity_full,round_reuse_batch_inverse,local_interpolant,separate_paths,128.0,whir_capacity_full,0,25,8,2,1,30,4,8,15468,640,25,32768,1,phase_parse,5,1475,,ok,,0,0,0,0,0,0,1537,376,2
whir_t128_capacity_full,round_reuse_batch_inverse,local_interpolant,separate_paths,128.0,whir_capacity_full,0,25,8,2,1,30,4,8,15468,640,25,32768,1,phase_per_round_queries,5,810049,,ok,,0,0,0,0,0,0,1537,376,2
whir_t128_capacity_full,round_reuse_batch_inverse,local_interpolant,separate_paths,128.0,whir_capacity_full,0,25,8,2,1,30,4,8,15468,640,25,32768,1,phase_folding,6,6307,,ok,,0,0,0,0,0,0,1537,376,2
whir_t128_capacity_full,round_reuse_batch_inverse,local_interpolant,separate_paths,128.0,whir_capacity_full,0,25,8,2,1,30,4,8,15468,640,25,32768,1,phase_ood,6,14761,,ok,,0,0,0,0,0,0,1537,376,2
whir_t128_capacity_full,round_reuse_batch_inverse,local_interpolant,separate_paths,128.0,whir_capacity_full,0,25,8,2,1,30,4,8,15468,640,25,32768,1,phase_parse,6,1475,,ok,,0,0,0,0,0,0,1537,376,2
whir_t128_capacity_full,round_reuse_batch_inverse,local_interpolant,separate_paths,128.0,whir_capacity_full,0,25,8,2,1,30,4,8,15468,640,25,32768,1,phase_per_round_queries,6,810049,,ok,,0,0,0,0,0,0,1537,376,2
whir_t128_capacity_full,round_reuse_batch_inverse,local_interpolant,separate_paths,128.0,whir_capacity_full,0,25,8,2,1,30,4,8,15468,640,25,32768,1,phase_folding,7,6307,,ok,,0,0,0,0,0,0,1537,376,2
whir_t128_capacity_full,round_reuse_batch_inverse,local_interpolant,separate_paths,128.0,whir_capacity_full,0,25,8,2,1,30,4,8,15468,640,25,32768,1,phase_ood,7,14761,,ok,,0,0,0,0,0,0,1537,376,2
whir_t128_capacity_full,round_reuse_batch_inverse,local_interpolant,separate_paths,128.0,whir_capacity_full,0,25,8,2,1,30,4,8,15468,640,25,32768,1,phase_parse,7,1475,,ok,,0,0,0,0,0,0,1537,376,2
whir_t128_capacity_full,round_reuse_batch_inverse,local_interpolant,separate_paths,128.0,whir_capacity_full,0,25,8,2,1,30,4,8,15468,640,25,32768,1,phase_per_round_queries,7,810049,,ok,,0,0,0,0,0,0,1537,376,2
whir_t128_capacity_full,round_reuse_batch_inverse,local_interpolant,separate_paths,128.0,whir_capacity_full,0,25,8,2,1,30,4,8,15468,640,25,32768,1,phase_folding,8,6307,,ok,,0,0,0,0,0,0,1537,376,2
whir_t128_capacity_full,round_reuse_batch_inverse,local_interpolant,separate_paths,128.0,whir_capacity_full,0,25,8,2,1,30,4,8,15468,640,25,32768,1,phase_ood,8,14761,,ok,,0,0,0,0,0,0,1537,376,2
whir_t128_capacity_full,round_reuse_batch_inverse,local_interpolant,separate_paths,128.0,whir_capacity_full,0,25,8,2,1,30,4,8,15468,640,25,32768,1,phase_parse,8,1475,,ok,,0,0,0,0,0,0,1537,376,2
whir_t128_capacity_full,round_reuse_batch_inverse,local_interpolant,separate_paths,128.0,whir_capacity_full,0,25,8,2,1,30,4,8,15468,640,25,32768,1,phase_per_round_queries,8,810049,,ok,,0,0,0,0,0,0,1537,376,2
whir_t128_capacity_full,round_reuse_batch_inverse,local_interpolant,separate_paths,128.0,whir_capacity_full,0,25,8,2,1,30,4,8,15468,640,25,32768,1,phase_folding,9,6307,,ok,,0,0,0,0,0,0,1537,376,2
whir_t128_capacity_full,round_reuse_batch_inverse,local_interpolant,separate_paths,128.0,whir_capacity_full,0,25,8,2,1,30,4,8,15468,640,25,32768,1,phase_ood,9,14761,,ok,,0,0,0,0,0,0,1537,376,2
whir_t128_capacity_full,round_reuse_batch_inverse,local_interpolant,separate_paths,128.0,whir_capacity_full,0,25,8,2,1,30,4,8,15468,640,25,32768,1,phase_parse,9,1475,,ok,,0,0,0,0,0,0,1537,376,2
whir_t128_capacity_full,round_reuse_batch_inverse,local_interpolant,separate_paths,128.0,whir_capacity_full,0,25,8,2,1,30,4,8,15468,640,25,32768,1,phase_per_round_queries,9,810049,,ok,,0,0,0,0,0,0,1537,376,2
whir_t128_capacity_full,baseline_round0,raw_fibers,minimal_subtree,128.0,whir_capacity_full,0,25,8,2,1,30,4,8,5932,640,10,32768,1,host_verify,0,,94453167,ok,,143,9274,354,2712,250,25,3516,325,50
whir_t128_capacity_full,baseline_round0,raw_fibers,minimal_subtree,128.0,whir_capacity_full,0,25,8,2,1,30,4,8,5932,640,10,32768,1,verify_sbf,0,844809,,ok,,143,9274,354,2712,250,25,3516,325,50
whir_t128_capacity_full,baseline_round0,raw_fibers,minimal_subtree,128.0,whir_capacity_full,0,25,8,2,1,30,4,8,5932,640,10,32768,1,verify_sbf,1,844809,,ok,,143,9274,354,2712,250,25,3516,325,50
whir_t128_capacity_full,baseline_round0,raw_fibers,minimal_subtree,128.0,whir_capacity_full,0,25,8,2,1,30,4,8,5932,640,10,32768,1,verify_sbf,2,844809,,ok,,143,9274,354,2712,250,25,3516,325,50
whir_t128_capacity_full,baseline_round0,raw_fibers,minimal_subtree,128.0,whir_capacity_full,0,25,8,2,1,30,4,8,5932,640,10,32768,1,verify_sbf,3,844809,,ok,,143,9274,354,2712,250,25,3516,325,50
whir_t128_capacity_full,baseline_round0,raw_fibers,minimal_subtree,128.0,whir_capacity_full,0,25,8,2,1,30,4,8,5932,640,10,32768,1,verify_sbf,4,844809,,ok,,143,9274,354,2712,250,25,3516,325,50
whir_t128_capacity_full,baseline_round0,raw_fibers,minimal_subtree,128.0,whir_capacity_full,0,25,8,2,1,30,4,8,5932,640,10,32768,1,verify_sbf,5,844809,,ok,,143,9274,354,2712,250,25,3516,325,50
whir_t128_capacity_full,baseline_round0,raw_fibers,minimal_subtree,128.0,whir_capacity_full,0,25,8,2,1,30,4,8,5932,640,10,32768,1,verify_sbf,6,844809,,ok,,143,9274,354,2712,250,25,3516,325,50
whir_t128_capacity_full,baseline_round0,raw_fibers,minimal_subtree,128.0,whir_capacity_full,0,25,8,2,1,30,4,8,5932,640,10,32768,1,verify_sbf,7,844809,,ok,,143,9274,354,2712,250,25,3516,325,50
whir_t128_capacity_full,baseline_round0,raw_fibers,minimal_subtree,128.0,whir_capacity_full,0,25,8,2,1,30,4,8,5932,640,10,32768,1,verify_sbf,8,844809,,ok,,143,9274,354,2712,250,25,3516,325,50
whir_t128_capacity_full,baseline_round0,raw_fibers,minimal_subtree,128.0,whir_capacity_full,0,25,8,2,1,30,4,8,5932,640,10,32768,1,verify_sbf,9,844809,,ok,,143,9274,354,2712,250,25,3516,325,50
whir_t128_capacity_full,baseline_round0,raw_fibers,minimal_subtree,128.0,whir_capacity_full,0,25,8,2,1,30,4,8,5932,640,10,32768,1,phase_folding,0,6311,,ok,,0,0,0,0,0,0,3516,325,50
whir_t128_capacity_full,baseline_round0,raw_fibers,minimal_subtree,128.0,whir_capacity_full,0,25,8,2,1,30,4,8,5932,640,10,32768,1,phase_ood,0,14763,,ok,,0,0,0,0,0,0,3516,325,50
whir_t128_capacity_full,baseline_round0,raw_fibers,minimal_subtree,128.0,whir_capacity_full,0,25,8,2,1,30,4,8,5932,640,10,32768,1,phase_parse,0,1471,,ok,,0,0,0,0,0,0,3516,325,50
whir_t128_capacity_full,baseline_round0,raw_fibers,minimal_subtree,128.0,whir_capacity_full,0,25,8,2,1,30,4,8,5932,640,10,32768,1,phase_per_round_queries,0,822904,,ok,,0,0,0,0,0,0,3516,325,50
whir_t128_capacity_full,baseline_round0,raw_fibers,minimal_subtree,128.0,whir_capacity_full,0,25,8,2,1,30,4,8,5932,640,10,32768,1,phase_folding,1,6311,,ok,,0,0,0,0,0,0,3516,325,50
whir_t128_capacity_full,baseline_round0,raw_fibers,minimal_subtree,128.0,whir_capacity_full,0,25,8,2,1,30,4,8,5932,640,10,32768,1,phase_ood,1,14763,,ok,,0,0,0,0,0,0,3516,325,50
whir_t128_capacity_full,baseline_round0,raw_fibers,minimal_subtree,128.0,whir_capacity_full,0,25,8,2,1,30,4,8,5932,640,10,32768,1,phase_parse,1,1471,,ok,,0,0,0,0,0,0,3516,325,50
whir_t128_capacity_full,baseline_round0,raw_fibers,minimal_subtree,128.0,whir_capacity_full,0,25,8,2,1,30,4,8,5932,640,10,32768,1,phase_per_round_queries,1,822904,,ok,,0,0,0,0,0,0,3516,325,50
whir_t128_capacity_full,baseline_round0,raw_fibers,minimal_subtree,128.0,whir_capacity_full,0,25,8,2,1,30,4,8,5932,640,10,32768,1,phase_folding,2,6311,,ok,,0,0,0,0,0,0,3516,325,50
whir_t128_capacity_full,baseline_round0,raw_fibers,minimal_subtree,128.0,whir_capacity_full,0,25,8,2,1,30,4,8,5932,640,10,32768,1,phase_ood,2,14763,,ok,,0,0,0,0,0,0,3516,325,50
whir_t128_capacity_full,baseline_round0,raw_fibers,minimal_subtree,128.0,whir_capacity_full,0,25,8,2,1,30,4,8,5932,640,10,32768,1,phase_parse,2,1471,,ok,,0,0,0,0,0,0,3516,325,50
whir_t128_capacity_full,baseline_round0,raw_fibers,minimal_subtree,128.0,whir_capacity_full,0,25,8,2,1,30,4,8,5932,640,10,32768,1,phase_per_round_queries,2,822904,,ok,,0,0,0,0,0,0,3516,325,50
whir_t128_capacity_full,baseline_round0,raw_fibers,minimal_subtree,128.0,whir_capacity_full,0,25,8,2,1,30,4,8,5932,640,10,32768,1,phase_folding,3,6311,,ok,,0,0,0,0,0,0,3516,325,50
whir_t128_capacity_full,baseline_round0,raw_fibers,minimal_subtree,128.0,whir_capacity_full,0,25,8,2,1,30,4,8,5932,640,10,32768,1,phase_ood,3,14763,,ok,,0,0,0,0,0,0,3516,325,50
whir_t128_capacity_full,baseline_round0,raw_fibers,minimal_subtree,128.0,whir_capacity_full,0,25,8,2,1,30,4,8,5932,640,10,32768,1,phase_parse,3,1471,,ok,,0,0,0,0,0,0,3516,325,50
whir_t128_capacity_full,baseline_round0,raw_fibers,minimal_subtree,128.0,whir_capacity_full,0,25,8,2,1,30,4,8,5932,640,10,32768,1,phase_per_round_queries,3,822904,,ok,,0,0,0,0,0,0,3516,325,50
whir_t128_capacity_full,baseline_round0,raw_fibers,minimal_subtree,128.0,whir_capacity_full,0,25,8,2,1,30,4,8,5932,640,10,32768,1,phase_folding,4,6311,,ok,,0,0,0,0,0,0,3516,325,50
whir_t128_capacity_full,baseline_round0,raw_fibers,minimal_subtree,128.0,whir_capacity_full,0,25,8,2,1,30,4,8,5932,640,10,32768,1,phase_ood,4,14763,,ok,,0,0,0,0,0,0,3516,325,50
whir_t128_capacity_full,baseline_round0,raw_fibers,minimal_subtree,128.0,whir_capacity_full,0,25,8,2,1,30,4,8,5932,640,10,32768,1,phase_parse,4,1471,,ok,,0,0,0,0,0,0,3516,325,50
whir_t128_capacity_full,baseline_round0,raw_fibers,minimal_subtree,128.0,whir_capacity_full,0,25,8,2,1,30,4,8,5932,640,10,32768,1,phase_per_round_queries,4,822904,,ok,,0,0,0,0,0,0,3516,325,50
whir_t128_capacity_full,baseline_round0,raw_fibers,minimal_subtree,128.0,whir_capacity_full,0,25,8,2,1,30,4,8,5932,640,10,32768,1,phase_folding,5,6311,,ok,,0,0,0,0,0,0,3516,325,50
whir_t128_capacity_full,baseline_round0,raw_fibers,minimal_subtree,128.0,whir_capacity_full,0,25,8,2,1,30,4,8,5932,640,10,32768,1,phase_ood,5,14763,,ok,,0,0,0,0,0,0,3516,325,50
whir_t128_capacity_full,baseline_round0,raw_fibers,minimal_subtree,128.0,whir_capacity_full,0,25,8,2,1,30,4,8,5932,640,10,32768,1,phase_parse,5,1471,,ok,,0,0,0,0,0,0,3516,325,50
whir_t128_capacity_full,baseline_round0,raw_fibers,minimal_subtree,128.0,whir_capacity_full,0,25,8,2,1,30,4,8,5932,640,10,32768,1,phase_per_round_queries,5,822904,,ok,,0,0,0,0,0,0,3516,325,50
whir_t128_capacity_full,baseline_round0,raw_fibers,minimal_subtree,128.0,whir_capacity_full,0,25,8,2,1,30,4,8,5932,640,10,32768,1,phase_folding,6,6311,,ok,,0,0,0,0,0,0,3516,325,50
whir_t128_capacity_full,baseline_round0,raw_fibers,minimal_subtree,128.0,whir_capacity_full,0,25,8,2,1,30,4,8,5932,640,10,32768,1,phase_ood,6,14763,,ok,,0,0,0,0,0,0,3516,325,50
whir_t128_capacity_full,baseline_round0,raw_fibers,minimal_subtree,128.0,whir_capacity_full,0,25,8,2,1,30,4,8,5932,640,10,32768,1,phase_parse,6,1471,,ok,,0,0,0,0,0,0,3516,325,50
whir_t128_capacity_full,baseline_round0,raw_fibers,minimal_subtree,128.0,whir_capacity_full,0,25,8,2,1,30,4,8,5932,640,10,32768,1,phase_per_round_queries,6,822904,,ok,,0,0,0,0,0,0,3516,325,50
whir_t128_capacity_full,baseline_round0,raw_fibers,minimal_subtree,128.0,whir_capacity_full,0,25,8,2,1,30,4,8,5932,640,10,32768,1,phase_folding,7,6311,,ok,,0,0,0,0,0,0,3516,325,50
whir_t128_capacity_full,baseline_round0,raw_fibers,minimal_subtree,128.0,whir_capacity_full,0,25,8,2,1,30,4,8,5932,640,10,32768,1,phase_ood,7,14763,,ok,,0,0,0,0,0,0,3516,325,50
whir_t128_capacity_full,baseline_round0,raw_fibers,minimal_subtree,128.0,whir_capacity_full,0,25,8,2,1,30,4,8,5932,640,10,32768,1,phase_parse,7,1471,,ok,,0,0,0,0,0,0,3516,325,50
whir_t128_capacity_full,baseline_round0,raw_fibers,minimal_subtree,128.0,whir_capacity_full,0,25,8,2,1,30,4,8,5932,640,10,32768,1,phase_per_round_queries,7,822904,,ok,,0,0,0,0,0,0,3516,325,50
whir_t128_capacity_full,baseline_round0,raw_fibers,minimal_subtree,128.0,whir_capacity_full,0,25,8,2,1,30,4,8,5932,640,10,32768,1,phase_folding,8,6311,,ok,,0,0,0,0,0,0,3516,325,50
whir_t128_capacity_full,baseline_round0,raw_fibers,minimal_subtree,128.0,whir_capacity_full,0,25,8,2,1,30,4,8,5932,640,10,32768,1,phase_ood,8,14763,,ok,,0,0,0,0,0,0,3516,325,50
whir_t128_capacity_full,baseline_round0,raw_fibers,minimal_subtree,128.0,whir_capacity_full,0,25,8,2,1,30,4,8,5932,640,10,32768,1,phase_parse,8,1471,,ok,,0,0,0,0,0,0,3516,325,50
whir_t128_capacity_full,baseline_round0,raw_fibers,minimal_subtree,128.0,whir_capacity_full,0,25,8,2,1,30,4,8,5932,640,10,32768,1,phase_per_round_queries,8,822904,,ok,,0,0,0,0,0,0,3516,325,50
whir_t128_capacity_full,baseline_round0,raw_fibers,minimal_subtree,128.0,whir_capacity_full,0,25,8,2,1,30,4,8,5932,640,10,32768,1,phase_folding,9,6311,,ok,,0,0,0,0,0,0,3516,325,50
whir_t128_capacity_full,baseline_round0,raw_fibers,minimal_subtree,128.0,whir_capacity_full,0,25,8,2,1,30,4,8,5932,640,10,32768,1,phase_ood,9,14763,,ok,,0,0,0,0,0,0,3516,325,50
whir_t128_capacity_full,baseline_round0,raw_fibers,minimal_subtree,128.0,whir_capacity_full,0,25,8,2,1,30,4,8,5932,640,10,32768,1,phase_parse,9,1471,,ok,,0,0,0,0,0,0,3516,325,50
whir_t128_capacity_full,baseline_round0,raw_fibers,minimal_subtree,128.0,whir_capacity_full,0,25,8,2,1,30,4,8,5932,640,10,32768,1,phase_per_round_queries,9,822904,,ok,,0,0,0,0,0,0,3516,325,50
whir_t128_capacity_full,round_reuse_batch_inverse,raw_fibers,minimal_subtree,128.0,whir_capacity_full,0,25,8,2,1,30,4,8,5932,640,10,32768,1,host_verify,0,,12348542,ok,,143,9274,354,1401,325,25,1437,376,2
whir_t128_capacity_full,round_reuse_batch_inverse,raw_fibers,minimal_subtree,128.0,whir_capacity_full,0,25,8,2,1,30,4,8,5932,640,10,32768,1,verify_sbf,0,792035,,ok,,143,9274,354,1401,325,25,1437,376,2
whir_t128_capacity_full,round_reuse_batch_inverse,raw_fibers,minimal_subtree,128.0,whir_capacity_full,0,25,8,2,1,30,4,8,5932,640,10,32768,1,verify_sbf,1,792035,,ok,,143,9274,354,1401,325,25,1437,376,2
whir_t128_capacity_full,round_reuse_batch_inverse,raw_fibers,minimal_subtree,128.0,whir_capacity_full,0,25,8,2,1,30,4,8,5932,640,10,32768,1,verify_sbf,2,792035,,ok,,143,9274,354,1401,325,25,1437,376,2
whir_t128_capacity_full,round_reuse_batch_inverse,raw_fibers,minimal_subtree,128.0,whir_capacity_full,0,25,8,2,1,30,4,8,5932,640,10,32768,1,verify_sbf,3,792035,,ok,,143,9274,354,1401,325,25,1437,376,2
whir_t128_capacity_full,round_reuse_batch_inverse,raw_fibers,minimal_subtree,128.0,whir_capacity_full,0,25,8,2,1,30,4,8,5932,640,10,32768,1,verify_sbf,4,792035,,ok,,143,9274,354,1401,325,25,1437,376,2
whir_t128_capacity_full,round_reuse_batch_inverse,raw_fibers,minimal_subtree,128.0,whir_capacity_full,0,25,8,2,1,30,4,8,5932,640,10,32768,1,verify_sbf,5,792035,,ok,,143,9274,354,1401,325,25,1437,376,2
whir_t128_capacity_full,round_reuse_batch_inverse,raw_fibers,minimal_subtree,128.0,whir_capacity_full,0,25,8,2,1,30,4,8,5932,640,10,32768,1,verify_sbf,6,792035,,ok,,143,9274,354,1401,325,25,1437,376,2
whir_t128_capacity_full,round_reuse_batch_inverse,raw_fibers,minimal_subtree,128.0,whir_capacity_full,0,25,8,2,1,30,4,8,5932,640,10,32768,1,verify_sbf,7,792035,,ok,,143,9274,354,1401,325,25,1437,376,2
whir_t128_capacity_full,round_reuse_batch_inverse,raw_fibers,minimal_subtree,128.0,whir_capacity_full,0,25,8,2,1,30,4,8,5932,640,10,32768,1,verify_sbf,8,792035,,ok,,143,9274,354,1401,325,25,1437,376,2
whir_t128_capacity_full,round_reuse_batch_inverse,raw_fibers,minimal_subtree,128.0,whir_capacity_full,0,25,8,2,1,30,4,8,5932,640,10,32768,1,verify_sbf,9,792035,,ok,,143,9274,354,1401,325,25,1437,376,2
whir_t128_capacity_full,round_reuse_batch_inverse,raw_fibers,minimal_subtree,128.0,whir_capacity_full,0,25,8,2,1,30,4,8,5932,640,10,32768,1,phase_folding,0,6311,,ok,,0,0,0,0,0,0,1437,376,2
whir_t128_capacity_full,round_reuse_batch_inverse,raw_fibers,minimal_subtree,128.0,whir_capacity_full,0,25,8,2,1,30,4,8,5932,640,10,32768,1,phase_ood,0,14763,,ok,,0,0,0,0,0,0,1437,376,2
whir_t128_capacity_full,round_reuse_batch_inverse,raw_fibers,minimal_subtree,128.0,whir_capacity_full,0,25,8,2,1,30,4,8,5932,640,10,32768,1,phase_parse,0,1471,,ok,,0,0,0,0,0,0,1437,376,2
whir_t128_capacity_full,round_reuse_batch_inverse,raw_fibers,minimal_subtree,128.0,whir_capacity_full,0,25,8,2,1,30,4,8,5932,640,10,32768,1,phase_per_round_queries,0,770130,,ok,,0,0,0,0,0,0,1437,376,2
whir_t128_capacity_full,round_reuse_batch_inverse,raw_fibers,minimal_subtree,128.0,whir_capacity_full,0,25,8,2,1,30,4,8,5932,640,10,32768,1,phase_folding,1,6311,,ok,,0,0,0,0,0,0,1437,376,2
whir_t128_capacity_full,round_reuse_batch_inverse,raw_fibers,minimal_subtree,128.0,whir_capacity_full,0,25,8,2,1,30,4,8,5932,640,10,32768,1,phase_ood,1,14763,,ok,,0,0,0,0,0,0,1437,376,2
whir_t128_capacity_full,round_reuse_batch_inverse,raw_fibers,minimal_subtree,128.0,whir_capacity_full,0,25,8,2,1,30,4,8,5932,640,10,32768,1,phase_parse,1,1471,,ok,,0,0,0,0,0,0,1437,376,2
whir_t128_capacity_full,round_reuse_batch_inverse,raw_fibers,minimal_subtree,128.0,whir_capacity_full,0,25,8,2,1,30,4,8,5932,640,10,32768,1,phase_per_round_queries,1,770130,,ok,,0,0,0,0,0,0,1437,376,2
whir_t128_capacity_full,round_reuse_batch_inverse,raw_fibers,minimal_subtree,128.0,whir_capacity_full,0,25,8,2,1,30,4,8,5932,640,10,32768,1,phase_folding,2,6311,,ok,,0,0,0,0,0,0,1437,376,2
whir_t128_capacity_full,round_reuse_batch_inverse,raw_fibers,minimal_subtree,128.0,whir_capacity_full,0,25,8,2,1,30,4,8,5932,640,10,32768,1,phase_ood,2,14763,,ok,,0,0,0,0,0,0,1437,376,2
whir_t128_capacity_full,round_reuse_batch_inverse,raw_fibers,minimal_subtree,128.0,whir_capacity_full,0,25,8,2,1,30,4,8,5932,640,10,32768,1,phase_parse,2,1471,,ok,,0,0,0,0,0,0,1437,376,2
whir_t128_capacity_full,round_reuse_batch_inverse,raw_fibers,minimal_subtree,128.0,whir_capacity_full,0,25,8,2,1,30,4,8,5932,640,10,32768,1,phase_per_round_queries,2,770130,,ok,,0,0,0,0,0,0,1437,376,2
whir_t128_capacity_full,round_reuse_batch_inverse,raw_fibers,minimal_subtree,128.0,whir_capacity_full,0,25,8,2,1,30,4,8,5932,640,10,32768,1,phase_folding,3,6311,,ok,,0,0,0,0,0,0,1437,376,2
whir_t128_capacity_full,round_reuse_batch_inverse,raw_fibers,minimal_subtree,128.0,whir_capacity_full,0,25,8,2,1,30,4,8,5932,640,10,32768,1,phase_ood,3,14763,,ok,,0,0,0,0,0,0,1437,376,2
whir_t128_capacity_full,round_reuse_batch_inverse,raw_fibers,minimal_subtree,128.0,whir_capacity_full,0,25,8,2,1,30,4,8,5932,640,10,32768,1,phase_parse,3,1471,,ok,,0,0,0,0,0,0,1437,376,2
whir_t128_capacity_full,round_reuse_batch_inverse,raw_fibers,minimal_subtree,128.0,whir_capacity_full,0,25,8,2,1,30,4,8,5932,640,10,32768,1,phase_per_round_queries,3,770130,,ok,,0,0,0,0,0,0,1437,376,2
whir_t128_capacity_full,round_reuse_batch_inverse,raw_fibers,minimal_subtree,128.0,whir_capacity_full,0,25,8,2,1,30,4,8,5932,640,10,32768,1,phase_folding,4,6311,,ok,,0,0,0,0,0,0,1437,376,2
whir_t128_capacity_full,round_reuse_batch_inverse,raw_fibers,minimal_subtree,128.0,whir_capacity_full,0,25,8,2,1,30,4,8,5932,640,10,32768,1,phase_ood,4,14763,,ok,,0,0,0,0,0,0,1437,376,2
whir_t128_capacity_full,round_reuse_batch_inverse,raw_fibers,minimal_subtree,128.0,whir_capacity_full,0,25,8,2,1,30,4,8,5932,640,10,32768,1,phase_parse,4,1471,,ok,,0,0,0,0,0,0,1437,376,2
whir_t128_capacity_full,round_reuse_batch_inverse,raw_fibers,minimal_subtree,128.0,whir_capacity_full,0,25,8,2,1,30,4,8,5932,640,10,32768,1,phase_per_round_queries,4,770130,,ok,,0,0,0,0,0,0,1437,376,2
whir_t128_capacity_full,round_reuse_batch_inverse,raw_fibers,minimal_subtree,128.0,whir_capacity_full,0,25,8,2,1,30,4,8,5932,640,10,32768,1,phase_folding,5,6311,,ok,,0,0,0,0,0,0,1437,376,2
whir_t128_capacity_full,round_reuse_batch_inverse,raw_fibers,minimal_subtree,128.0,whir_capacity_full,0,25,8,2,1,30,4,8,5932,640,10,32768,1,phase_ood,5,14763,,ok,,0,0,0,0,0,0,1437,376,2
whir_t128_capacity_full,round_reuse_batch_inverse,raw_fibers,minimal_subtree,128.0,whir_capacity_full,0,25,8,2,1,30,4,8,5932,640,10,32768,1,phase_parse,5,1471,,ok,,0,0,0,0,0,0,1437,376,2
whir_t128_capacity_full,round_reuse_batch_inverse,raw_fibers,minimal_subtree,128.0,whir_capacity_full,0,25,8,2,1,30,4,8,5932,640,10,32768,1,phase_per_round_queries,5,770130,,ok,,0,0,0,0,0,0,1437,376,2
whir_t128_capacity_full,round_reuse_batch_inverse,raw_fibers,minimal_subtree,128.0,whir_capacity_full,0,25,8,2,1,30,4,8,5932,640,10,32768,1,phase_folding,6,6311,,ok,,0,0,0,0,0,0,1437,376,2
whir_t128_capacity_full,round_reuse_batch_inverse,raw_fibers,minimal_subtree,128.0,whir_capacity_full,0,25,8,2,1,30,4,8,5932,640,10,32768,1,phase_ood,6,14763,,ok,,0,0,0,0,0,0,1437,376,2
whir_t128_capacity_full,round_reuse_batch_inverse,raw_fibers,minimal_subtree,128.0,whir_capacity_full,0,25,8,2,1,30,4,8,5932,640,10,32768,1,phase_parse,6,1471,,ok,,0,0,0,0,0,0,1437,376,2
whir_t128_capacity_full,round_reuse_batch_inverse,raw_fibers,minimal_subtree,128.0,whir_capacity_full,0,25,8,2,1,30,4,8,5932,640,10,32768,1,phase_per_round_queries,6,770130,,ok,,0,0,0,0,0,0,1437,376,2
whir_t128_capacity_full,round_reuse_batch_inverse,raw_fibers,minimal_subtree,128.0,whir_capacity_full,0,25,8,2,1,30,4,8,5932,640,10,32768,1,phase_folding,7,6311,,ok,,0,0,0,0,0,0,1437,376,2
whir_t128_capacity_full,round_reuse_batch_inverse,raw_fibers,minimal_subtree,128.0,whir_capacity_full,0,25,8,2,1,30,4,8,5932,640,10,32768,1,phase_ood,7,14763,,ok,,0,0,0,0,0,0,1437,376,2
whir_t128_capacity_full,round_reuse_batch_inverse,raw_fibers,minimal_subtree,128.0,whir_capacity_full,0,25,8,2,1,30,4,8,5932,640,10,32768,1,phase_parse,7,1471,,ok,,0,0,0,0,0,0,1437,376,2
whir_t128_capacity_full,round_reuse_batch_inverse,raw_fibers,minimal_subtree,128.0,whir_capacity_full,0,25,8,2,1,30,4,8,5932,640,10,32768,1,phase_per_round_queries,7,770130,,ok,,0,0,0,0,0,0,1437,376,2
whir_t128_capacity_full,round_reuse_batch_inverse,raw_fibers,minimal_subtree,128.0,whir_capacity_full,0,25,8,2,1,30,4,8,5932,640,10,32768,1,phase_folding,8,6311,,ok,,0,0,0,0,0,0,1437,376,2
whir_t128_capacity_full,round_reuse_batch_inverse,raw_fibers,minimal_subtree,128.0,whir_capacity_full,0,25,8,2,1,30,4,8,5932,640,10,32768,1,phase_ood,8,14763,,ok,,0,0,0,0,0,0,1437,376,2
whir_t128_capacity_full,round_reuse_batch_inverse,raw_fibers,minimal_subtree,128.0,whir_capacity_full,0,25,8,2,1,30,4,8,5932,640,10,32768,1,phase_parse,8,1471,,ok,,0,0,0,0,0,0,1437,376,2
whir_t128_capacity_full,round_reuse_batch_inverse,raw_fibers,minimal_subtree,128.0,whir_capacity_full,0,25,8,2,1,30,4,8,5932,640,10,32768,1,phase_per_round_queries,8,770130,,ok,,0,0,0,0,0,0,1437,376,2
whir_t128_capacity_full,round_reuse_batch_inverse,raw_fibers,minimal_subtree,128.0,whir_capacity_full,0,25,8,2,1,30,4,8,5932,640,10,32768,1,phase_folding,9,6311,,ok,,0,0,0,0,0,0,1437,376,2
whir_t128_capacity_full,round_reuse_batch_inverse,raw_fibers,minimal_subtree,128.0,whir_capacity_full,0,25,8,2,1,30,4,8,5932,640,10,32768,1,phase_ood,9,14763,,ok,,0,0,0,0,0,0,1437,376,2
whir_t128_capacity_full,round_reuse_batch_inverse,raw_fibers,minimal_subtree,128.0,whir_capacity_full,0,25,8,2,1,30,4,8,5932,640,10,32768,1,phase_parse,9,1471,,ok,,0,0,0,0,0,0,1437,376,2
whir_t128_capacity_full,round_reuse_batch_inverse,raw_fibers,minimal_subtree,128.0,whir_capacity_full,0,25,8,2,1,30,4,8,5932,640,10,32768,1,phase_per_round_queries,9,770130,,ok,,0,0,0,0,0,0,1437,376,2
whir_t128_capacity_full,baseline_round0,local_interpolant,minimal_subtree,128.0,whir_capacity_full,0,25,8,2,1,30,4,8,5932,640,10,32768,1,host_verify,0,,6086792,ok,,143,9274,354,2812,250,25,3616,325,50
whir_t128_capacity_full,baseline_round0,local_interpolant,minimal_subtree,128.0,whir_capacity_full,0,25,8,2,1,30,4,8,5932,640,10,32768,1,verify_sbf,0,850009,,ok,,143,9274,354,2812,250,25,3616,325,50
whir_t128_capacity_full,baseline_round0,local_interpolant,minimal_subtree,128.0,whir_capacity_full,0,25,8,2,1,30,4,8,5932,640,10,32768,1,verify_sbf,1,850009,,ok,,143,9274,354,2812,250,25,3616,325,50
whir_t128_capacity_full,baseline_round0,local_interpolant,minimal_subtree,128.0,whir_capacity_full,0,25,8,2,1,30,4,8,5932,640,10,32768,1,verify_sbf,2,850009,,ok,,143,9274,354,2812,250,25,3616,325,50
whir_t128_capacity_full,baseline_round0,local_interpolant,minimal_subtree,128.0,whir_capacity_full,0,25,8,2,1,30,4,8,5932,640,10,32768,1,verify_sbf,3,850009,,ok,,143,9274,354,2812,250,25,3616,325,50
whir_t128_capacity_full,baseline_round0,local_interpolant,minimal_subtree,128.0,whir_capacity_full,0,25,8,2,1,30,4,8,5932,640,10,32768,1,verify_sbf,4,850009,,ok,,143,9274,354,2812,250,25,3616,325,50
whir_t128_capacity_full,baseline_round0,local_interpolant,minimal_subtree,128.0,whir_capacity_full,0,25,8,2,1,30,4,8,5932,640,10,32768,1,verify_sbf,5,850009,,ok,,143,9274,354,2812,250,25,3616,325,50
whir_t128_capacity_full,baseline_round0,local_interpolant,minimal_subtree,128.0,whir_capacity_full,0,25,8,2,1,30,4,8,5932,640,10,32768,1,verify_sbf,6,850009,,ok,,143,9274,354,2812,250,25,3616,325,50
whir_t128_capacity_full,baseline_round0,local_interpolant,minimal_subtree,128.0,whir_capacity_full,0,25,8,2,1,30,4,8,5932,640,10,32768,1,verify_sbf,7,850009,,ok,,143,9274,354,2812,250,25,3616,325,50
whir_t128_capacity_full,baseline_round0,local_interpolant,minimal_subtree,128.0,whir_capacity_full,0,25,8,2,1,30,4,8,5932,640,10,32768,1,verify_sbf,8,850009,,ok,,143,9274,354,2812,250,25,3616,325,50
whir_t128_capacity_full,baseline_round0,local_interpolant,minimal_subtree,128.0,whir_capacity_full,0,25,8,2,1,30,4,8,5932,640,10,32768,1,verify_sbf,9,850009,,ok,,143,9274,354,2812,250,25,3616,325,50
whir_t128_capacity_full,baseline_round0,local_interpolant,minimal_subtree,128.0,whir_capacity_full,0,25,8,2,1,30,4,8,5932,640,10,32768,1,phase_folding,0,6311,,ok,,0,0,0,0,0,0,3616,325,50
whir_t128_capacity_full,baseline_round0,local_interpolant,minimal_subtree,128.0,whir_capacity_full,0,25,8,2,1,30,4,8,5932,640,10,32768,1,phase_ood,0,14764,,ok,,0,0,0,0,0,0,3616,325,50
whir_t128_capacity_full,baseline_round0,local_interpolant,minimal_subtree,128.0,whir_capacity_full,0,25,8,2,1,30,4,8,5932,640,10,32768,1,phase_parse,0,1473,,ok,,0,0,0,0,0,0,3616,325,50
whir_t128_capacity_full,baseline_round0,local_interpolant,minimal_subtree,128.0,whir_capacity_full,0,25,8,2,1,30,4,8,5932,640,10,32768,1,phase_per_round_queries,0,828099,,ok,,0,0,0,0,0,0,3616,325,50
whir_t128_capacity_full,baseline_round0,local_interpolant,minimal_subtree,128.0,whir_capacity_full,0,25,8,2,1,30,4,8,5932,640,10,32768,1,phase_folding,1,6311,,ok,,0,0,0,0,0,0,3616,325,50
whir_t128_capacity_full,baseline_round0,local_interpolant,minimal_subtree,128.0,whir_capacity_full,0,25,8,2,1,30,4,8,5932,640,10,32768,1,phase_ood,1,14764,,ok,,0,0,0,0,0,0,3616,325,50
whir_t128_capacity_full,baseline_round0,local_interpolant,minimal_subtree,128.0,whir_capacity_full,0,25,8,2,1,30,4,8,5932,640,10,32768,1,phase_parse,1,1473,,ok,,0,0,0,0,0,0,3616,325,50
whir_t128_capacity_full,baseline_round0,local_interpolant,minimal_subtree,128.0,whir_capacity_full,0,25,8,2,1,30,4,8,5932,640,10,32768,1,phase_per_round_queries,1,828099,,ok,,0,0,0,0,0,0,3616,325,50
whir_t128_capacity_full,baseline_round0,local_interpolant,minimal_subtree,128.0,whir_capacity_full,0,25,8,2,1,30,4,8,5932,640,10,32768,1,phase_folding,2,6311,,ok,,0,0,0,0,0,0,3616,325,50
whir_t128_capacity_full,baseline_round0,local_interpolant,minimal_subtree,128.0,whir_capacity_full,0,25,8,2,1,30,4,8,5932,640,10,32768,1,phase_ood,2,14764,,ok,,0,0,0,0,0,0,3616,325,50
whir_t128_capacity_full,baseline_round0,local_interpolant,minimal_subtree,128.0,whir_capacity_full,0,25,8,2,1,30,4,8,5932,640,10,32768,1,phase_parse,2,1473,,ok,,0,0,0,0,0,0,3616,325,50
whir_t128_capacity_full,baseline_round0,local_interpolant,minimal_subtree,128.0,whir_capacity_full,0,25,8,2,1,30,4,8,5932,640,10,32768,1,phase_per_round_queries,2,828099,,ok,,0,0,0,0,0,0,3616,325,50
whir_t128_capacity_full,baseline_round0,local_interpolant,minimal_subtree,128.0,whir_capacity_full,0,25,8,2,1,30,4,8,5932,640,10,32768,1,phase_folding,3,6311,,ok,,0,0,0,0,0,0,3616,325,50
whir_t128_capacity_full,baseline_round0,local_interpolant,minimal_subtree,128.0,whir_capacity_full,0,25,8,2,1,30,4,8,5932,640,10,32768,1,phase_ood,3,14764,,ok,,0,0,0,0,0,0,3616,325,50
whir_t128_capacity_full,baseline_round0,local_interpolant,minimal_subtree,128.0,whir_capacity_full,0,25,8,2,1,30,4,8,5932,640,10,32768,1,phase_parse,3,1473,,ok,,0,0,0,0,0,0,3616,325,50
whir_t128_capacity_full,baseline_round0,local_interpolant,minimal_subtree,128.0,whir_capacity_full,0,25,8,2,1,30,4,8,5932,640,10,32768,1,phase_per_round_queries,3,828099,,ok,,0,0,0,0,0,0,3616,325,50
whir_t128_capacity_full,baseline_round0,local_interpolant,minimal_subtree,128.0,whir_capacity_full,0,25,8,2,1,30,4,8,5932,640,10,32768,1,phase_folding,4,6311,,ok,,0,0,0,0,0,0,3616,325,50
whir_t128_capacity_full,baseline_round0,local_interpolant,minimal_subtree,128.0,whir_capacity_full,0,25,8,2,1,30,4,8,5932,640,10,32768,1,phase_ood,4,14764,,ok,,0,0,0,0,0,0,3616,325,50
whir_t128_capacity_full,baseline_round0,local_interpolant,minimal_subtree,128.0,whir_capacity_full,0,25,8,2,1,30,4,8,5932,640,10,32768,1,phase_parse,4,1473,,ok,,0,0,0,0,0,0,3616,325,50
whir_t128_capacity_full,baseline_round0,local_interpolant,minimal_subtree,128.0,whir_capacity_full,0,25,8,2,1,30,4,8,5932,640,10,32768,1,phase_per_round_queries,4,828099,,ok,,0,0,0,0,0,0,3616,325,50
whir_t128_capacity_full,baseline_round0,local_interpolant,minimal_subtree,128.0,whir_capacity_full,0,25,8,2,1,30,4,8,5932,640,10,32768,1,phase_folding,5,6311,,ok,,0,0,0,0,0,0,3616,325,50
whir_t128_capacity_full,baseline_round0,local_interpolant,minimal_subtree,128.0,whir_capacity_full,0,25,8,2,1,30,4,8,5932,640,10,32768,1,phase_ood,5,14764,,ok,,0,0,0,0,0,0,3616,325,50
whir_t128_capacity_full,baseline_round0,local_interpolant,minimal_subtree,128.0,whir_capacity_full,0,25,8,2,1,30,4,8,5932,640,10,32768,1,phase_parse,5,1473,,ok,,0,0,0,0,0,0,3616,325,50
whir_t128_capacity_full,baseline_round0,local_interpolant,minimal_subtree,128.0,whir_capacity_full,0,25,8,2,1,30,4,8,5932,640,10,32768,1,phase_per_round_queries,5,828099,,ok,,0,0,0,0,0,0,3616,325,50
whir_t128_capacity_full,baseline_round0,local_interpolant,minimal_subtree,128.0,whir_capacity_full,0,25,8,2,1,30,4,8,5932,640,10,32768,1,phase_folding,6,6311,,ok,,0,0,0,0,0,0,3616,325,50
whir_t128_capacity_full,baseline_round0,local_interpolant,minimal_subtree,128.0,whir_capacity_full,0,25,8,2,1,30,4,8,5932,640,10,32768,1,phase_ood,6,14764,,ok,,0,0,0,0,0,0,3616,325,50
whir_t128_capacity_full,baseline_round0,local_interpolant,minimal_subtree,128.0,whir_capacity_full,0,25,8,2,1,30,4,8,5932,640,10,32768,1,phase_parse,6,1473,,ok,,0,0,0,0,0,0,3616,325,50
whir_t128_capacity_full,baseline_round0,local_interpolant,minimal_subtree,128.0,whir_capacity_full,0,25,8,2,1,30,4,8,5932,640,10,32768,1,phase_per_round_queries,6,828099,,ok,,0,0,0,0,0,0,3616,325,50
whir_t128_capacity_full,baseline_round0,local_interpolant,minimal_subtree,128.0,whir_capacity_full,0,25,8,2,1,30,4,8,5932,640,10,32768,1,phase_folding,7,6311,,ok,,0,0,0,0,0,0,3616,325,50
whir_t128_capacity_full,baseline_round0,local_interpolant,minimal_subtree,128.0,whir_capacity_full,0,25,8,2,1,30,4,8,5932,640,10,32768,1,phase_ood,7,14764,,ok,,0,0,0,0,0,0,3616,325,50
whir_t128_capacity_full,baseline_round0,local_interpolant,minimal_subtree,128.0,whir_capacity_full,0,25,8,2,1,30,4,8,5932,640,10,32768,1,phase_parse,7,1473,,ok,,0,0,0,0,0,0,3616,325,50
whir_t128_capacity_full,baseline_round0,local_interpolant,minimal_subtree,128.0,whir_capacity_full,0,25,8,2,1,30,4,8,5932,640,10,32768,1,phase_per_round_queries,7,828099,,ok,,0,0,0,0,0,0,3616,325,50
whir_t128_capacity_full,baseline_round0,local_interpolant,minimal_subtree,128.0,whir_capacity_full,0,25,8,2,1,30,4,8,5932,640,10,32768,1,phase_folding,8,6311,,ok,,0,0,0,0,0,0,3616,325,50
whir_t128_capacity_full,baseline_round0,local_interpolant,minimal_subtree,128.0,whir_capacity_full,0,25,8,2,1,30,4,8,5932,640,10,32768,1,phase_ood,8,14764,,ok,,0,0,0,0,0,0,3616,325,50
whir_t128_capacity_full,baseline_round0,local_interpolant,minimal_subtree,128.0,whir_capacity_full,0,25,8,2,1,30,4,8,5932,640,10,32768,1,phase_parse,8,1473,,ok,,0,0,0,0,0,0,3616,325,50
whir_t128_capacity_full,baseline_round0,local_interpolant,minimal_subtree,128.0,whir_capacity_full,0,25,8,2,1,30,4,8,5932,640,10,32768,1,phase_per_round_queries,8,828099,,ok,,0,0,0,0,0,0,3616,325,50
whir_t128_capacity_full,baseline_round0,local_interpolant,minimal_subtree,128.0,whir_capacity_full,0,25,8,2,1,30,4,8,5932,640,10,32768,1,phase_folding,9,6311,,ok,,0,0,0,0,0,0,3616,325,50
whir_t128_capacity_full,baseline_round0,local_interpolant,minimal_subtree,128.0,whir_capacity_full,0,25,8,2,1,30,4,8,5932,640,10,32768,1,phase_ood,9,14764,,ok,,0,0,0,0,0,0,3616,325,50
whir_t128_capacity_full,baseline_round0,local_interpolant,minimal_subtree,128.0,whir_capacity_full,0,25,8,2,1,30,4,8,5932,640,10,32768,1,phase_parse,9,1473,,ok,,0,0,0,0,0,0,3616,325,50
whir_t128_capacity_full,baseline_round0,local_interpolant,minimal_subtree,128.0,whir_capacity_full,0,25,8,2,1,30,4,8,5932,640,10,32768,1,phase_per_round_queries,9,828099,,ok,,0,0,0,0,0,0,3616,325,50
whir_t128_capacity_full,round_reuse_batch_inverse,local_interpolant,minimal_subtree,128.0,whir_capacity_full,0,25,8,2,1,30,4,8,5932,640,10,32768,1,host_verify,0,,6082042,ok,,143,9274,354,1501,325,25,1537,376,2
whir_t128_capacity_full,round_reuse_batch_inverse,local_interpolant,minimal_subtree,128.0,whir_capacity_full,0,25,8,2,1,30,4,8,5932,640,10,32768,1,verify_sbf,0,797235,,ok,,143,9274,354,1501,325,25,1537,376,2
whir_t128_capacity_full,round_reuse_batch_inverse,local_interpolant,minimal_subtree,128.0,whir_capacity_full,0,25,8,2,1,30,4,8,5932,640,10,32768,1,verify_sbf,1,797235,,ok,,143,9274,354,1501,325,25,1537,376,2
whir_t128_capacity_full,round_reuse_batch_inverse,local_interpolant,minimal_subtree,128.0,whir_capacity_full,0,25,8,2,1,30,4,8,5932,640,10,32768,1,verify_sbf,2,797235,,ok,,143,9274,354,1501,325,25,1537,376,2
whir_t128_capacity_full,round_reuse_batch_inverse,local_interpolant,minimal_subtree,128.0,whir_capacity_full,0,25,8,2,1,30,4,8,5932,640,10,32768,1,verify_sbf,3,797235,,ok,,143,9274,354,1501,325,25,1537,376,2
whir_t128_capacity_full,round_reuse_batch_inverse,local_interpolant,minimal_subtree,128.0,whir_capacity_full,0,25,8,2,1,30,4,8,5932,640,10,32768,1,verify_sbf,4,797235,,ok,,143,9274,354,1501,325,25,1537,376,2
whir_t128_capacity_full,round_reuse_batch_inverse,local_interpolant,minimal_subtree,128.0,whir_capacity_full,0,25,8,2,1,30,4,8,5932,640,10,32768,1,verify_sbf,5,797235,,ok,,143,9274,354,1501,325,25,1537,376,2
whir_t128_capacity_full,round_reuse_batch_inverse,local_interpolant,minimal_subtree,128.0,whir_capacity_full,0,25,8,2,1,30,4,8,5932,640,10,32768,1,verify_sbf,6,797235,,ok,,143,9274,354,1501,325,25,1537,376,2
whir_t128_capacity_full,round_reuse_batch_inverse,local_interpolant,minimal_subtree,128.0,whir_capacity_full,0,25,8,2,1,30,4,8,5932,640,10,32768,1,verify_sbf,7,797235,,ok,,143,9274,354,1501,325,25,1537,376,2
whir_t128_capacity_full,round_reuse_batch_inverse,local_interpolant,minimal_subtree,128.0,whir_capacity_full,0,25,8,2,1,30,4,8,5932,640,10,32768,1,verify_sbf,8,797235,,ok,,143,9274,354,1501,325,25,1537,376,2
whir_t128_capacity_full,round_reuse_batch_inverse,local_interpolant,minimal_subtree,128.0,whir_capacity_full,0,25,8,2,1,30,4,8,5932,640,10,32768,1,verify_sbf,9,797235,,ok,,143,9274,354,1501,325,25,1537,376,2
whir_t128_capacity_full,round_reuse_batch_inverse,local_interpolant,minimal_subtree,128.0,whir_capacity_full,0,25,8,2,1,30,4,8,5932,640,10,32768,1,phase_folding,0,6311,,ok,,0,0,0,0,0,0,1537,376,2
whir_t128_capacity_full,round_reuse_batch_inverse,local_interpolant,minimal_subtree,128.0,whir_capacity_full,0,25,8,2,1,30,4,8,5932,640,10,32768,1,phase_ood,0,14764,,ok,,0,0,0,0,0,0,1537,376,2
whir_t128_capacity_full,round_reuse_batch_inverse,local_interpolant,minimal_subtree,128.0,whir_capacity_full,0,25,8,2,1,30,4,8,5932,640,10,32768,1,phase_parse,0,1473,,ok,,0,0,0,0,0,0,1537,376,2
whir_t128_capacity_full,round_reuse_batch_inverse,local_interpolant,minimal_subtree,128.0,whir_capacity_full,0,25,8,2,1,30,4,8,5932,640,10,32768,1,phase_per_round_queries,0,775325,,ok,,0,0,0,0,0,0,1537,376,2
whir_t128_capacity_full,round_reuse_batch_inverse,local_interpolant,minimal_subtree,128.0,whir_capacity_full,0,25,8,2,1,30,4,8,5932,640,10,32768,1,phase_folding,1,6311,,ok,,0,0,0,0,0,0,1537,376,2
whir_t128_capacity_full,round_reuse_batch_inverse,local_interpolant,minimal_subtree,128.0,whir_capacity_full,0,25,8,2,1,30,4,8,5932,640,10,32768,1,phase_ood,1,14764,,ok,,0,0,0,0,0,0,1537,376,2
whir_t128_capacity_full,round_reuse_batch_inverse,local_interpolant,minimal_subtree,128.0,whir_capacity_full,0,25,8,2,1,30,4,8,5932,640,10,32768,1,phase_parse,1,1473,,ok,,0,0,0,0,0,0,1537,376,2
whir_t128_capacity_full,round_reuse_batch_inverse,local_interpolant,minimal_subtree,128.0,whir_capacity_full,0,25,8,2,1,30,4,8,5932,640,10,32768,1,phase_per_round_queries,1,775325,,ok,,0,0,0,0,0,0,1537,376,2
whir_t128_capacity_full,round_reuse_batch_inverse,local_interpolant,minimal_subtree,128.0,whir_capacity_full,0,25,8,2,1,30,4,8,5932,640,10,32768,1,phase_folding,2,6311,,ok,,0,0,0,0,0,0,1537,376,2
whir_t128_capacity_full,round_reuse_batch_inverse,local_interpolant,minimal_subtree,128.0,whir_capacity_full,0,25,8,2,1,30,4,8,5932,640,10,32768,1,phase_ood,2,14764,,ok,,0,0,0,0,0,0,1537,376,2
whir_t128_capacity_full,round_reuse_batch_inverse,local_interpolant,minimal_subtree,128.0,whir_capacity_full,0,25,8,2,1,30,4,8,5932,640,10,32768,1,phase_parse,2,1473,,ok,,0,0,0,0,0,0,1537,376,2
whir_t128_capacity_full,round_reuse_batch_inverse,local_interpolant,minimal_subtree,128.0,whir_capacity_full,0,25,8,2,1,30,4,8,5932,640,10,32768,1,phase_per_round_queries,2,775325,,ok,,0,0,0,0,0,0,1537,376,2
whir_t128_capacity_full,round_reuse_batch_inverse,local_interpolant,minimal_subtree,128.0,whir_capacity_full,0,25,8,2,1,30,4,8,5932,640,10,32768,1,phase_folding,3,6311,,ok,,0,0,0,0,0,0,1537,376,2
whir_t128_capacity_full,round_reuse_batch_inverse,local_interpolant,minimal_subtree,128.0,whir_capacity_full,0,25,8,2,1,30,4,8,5932,640,10,32768,1,phase_ood,3,14764,,ok,,0,0,0,0,0,0,1537,376,2
whir_t128_capacity_full,round_reuse_batch_inverse,local_interpolant,minimal_subtree,128.0,whir_capacity_full,0,25,8,2,1,30,4,8,5932,640,10,32768,1,phase_parse,3,1473,,ok,,0,0,0,0,0,0,1537,376,2
whir_t128_capacity_full,round_reuse_batch_inverse,local_interpolant,minimal_subtree,128.0,whir_capacity_full,0,25,8,2,1,30,4,8,5932,640,10,32768,1,phase_per_round_queries,3,775325,,ok,,0,0,0,0,0,0,1537,376,2
whir_t128_capacity_full,round_reuse_batch_inverse,local_interpolant,minimal_subtree,128.0,whir_capacity_full,0,25,8,2,1,30,4,8,5932,640,10,32768,1,phase_folding,4,6311,,ok,,0,0,0,0,0,0,1537,376,2
whir_t128_capacity_full,round_reuse_batch_inverse,local_interpolant,minimal_subtree,128.0,whir_capacity_full,0,25,8,2,1,30,4,8,5932,640,10,32768,1,phase_ood,4,14764,,ok,,0,0,0,0,0,0,1537,376,2
whir_t128_capacity_full,round_reuse_batch_inverse,local_interpolant,minimal_subtree,128.0,whir_capacity_full,0,25,8,2,1,30,4,8,5932,640,10,32768,1,phase_parse,4,1473,,ok,,0,0,0,0,0,0,1537,376,2
whir_t128_capacity_full,round_reuse_batch_inverse,local_interpolant,minimal_subtree,128.0,whir_capacity_full,0,25,8,2,1,30,4,8,5932,640,10,32768,1,phase_per_round_queries,4,775325,,ok,,0,0,0,0,0,0,1537,376,2
whir_t128_capacity_full,round_reuse_batch_inverse,local_interpolant,minimal_subtree,128.0,whir_capacity_full,0,25,8,2,1,30,4,8,5932,640,10,32768,1,phase_folding,5,6311,,ok,,0,0,0,0,0,0,1537,376,2
whir_t128_capacity_full,round_reuse_batch_inverse,local_interpolant,minimal_subtree,128.0,whir_capacity_full,0,25,8,2,1,30,4,8,5932,640,10,32768,1,phase_ood,5,14764,,ok,,0,0,0,0,0,0,1537,376,2
whir_t128_capacity_full,round_reuse_batch_inverse,local_interpolant,minimal_subtree,128.0,whir_capacity_full,0,25,8,2,1,30,4,8,5932,640,10,32768,1,phase_parse,5,1473,,ok,,0,0,0,0,0,0,1537,376,2
whir_t128_capacity_full,round_reuse_batch_inverse,local_interpolant,minimal_subtree,128.0,whir_capacity_full,0,25,8,2,1,30,4,8,5932,640,10,32768,1,phase_per_round_queries,5,775325,,ok,,0,0,0,0,0,0,1537,376,2
whir_t128_capacity_full,round_reuse_batch_inverse,local_interpolant,minimal_subtree,128.0,whir_capacity_full,0,25,8,2,1,30,4,8,5932,640,10,32768,1,phase_folding,6,6311,,ok,,0,0,0,0,0,0,1537,376,2
whir_t128_capacity_full,round_reuse_batch_inverse,local_interpolant,minimal_subtree,128.0,whir_capacity_full,0,25,8,2,1,30,4,8,5932,640,10,32768,1,phase_ood,6,14764,,ok,,0,0,0,0,0,0,1537,376,2
whir_t128_capacity_full,round_reuse_batch_inverse,local_interpolant,minimal_subtree,128.0,whir_capacity_full,0,25,8,2,1,30,4,8,5932,640,10,32768,1,phase_parse,6,1473,,ok,,0,0,0,0,0,0,1537,376,2
whir_t128_capacity_full,round_reuse_batch_inverse,local_interpolant,minimal_subtree,128.0,whir_capacity_full,0,25,8,2,1,30,4,8,5932,640,10,32768,1,phase_per_round_queries,6,775325,,ok,,0,0,0,0,0,0,1537,376,2
whir_t128_capacity_full,round_reuse_batch_inverse,local_interpolant,minimal_subtree,128.0,whir_capacity_full,0,25,8,2,1,30,4,8,5932,640,10,32768,1,phase_folding,7,6311,,ok,,0,0,0,0,0,0,1537,376,2
whir_t128_capacity_full,round_reuse_batch_inverse,local_interpolant,minimal_subtree,128.0,whir_capacity_full,0,25,8,2,1,30,4,8,5932,640,10,32768,1,phase_ood,7,14764,,ok,,0,0,0,0,0,0,1537,376,2
whir_t128_capacity_full,round_reuse_batch_inverse,local_interpolant,minimal_subtree,128.0,whir_capacity_full,0,25,8,2,1,30,4,8,5932,640,10,32768,1,phase_parse,7,1473,,ok,,0,0,0,0,0,0,1537,376,2
whir_t128_capacity_full,round_reuse_batch_inverse,local_interpolant,minimal_subtree,128.0,whir_capacity_full,0,25,8,2,1,30,4,8,5932,640,10,32768,1,phase_per_round_queries,7,775325,,ok,,0,0,0,0,0,0,1537,376,2
whir_t128_capacity_full,round_reuse_batch_inverse,local_interpolant,minimal_subtree,128.0,whir_capacity_full,0,25,8,2,1,30,4,8,5932,640,10,32768,1,phase_folding,8,6311,,ok,,0,0,0,0,0,0,1537,376,2
whir_t128_capacity_full,round_reuse_batch_inverse,local_interpolant,minimal_subtree,128.0,whir_capacity_full,0,25,8,2,1,30,4,8,5932,640,10,32768,1,phase_ood,8,14764,,ok,,0,0,0,0,0,0,1537,376,2
whir_t128_capacity_full,round_reuse_batch_inverse,local_interpolant,minimal_subtree,128.0,whir_capacity_full,0,25,8,2,1,30,4,8,5932,640,10,32768,1,phase_parse,8,1473,,ok,,0,0,0,0,0,0,1537,376,2
whir_t128_capacity_full,round_reuse_batch_inverse,local_interpolant,minimal_subtree,128.0,whir_capacity_full,0,25,8,2,1,30,4,8,5932,640,10,32768,1,phase_per_round_queries,8,775325,,ok,,0,0,0,0,0,0,1537,376,2
whir_t128_capacity_full,round_reuse_batch_inverse,local_interpolant,minimal_subtree,128.0,whir_capacity_full,0,25,8,2,1,30,4,8,5932,640,10,32768,1,phase_folding,9,6311,,ok,,0,0,0,0,0,0,1537,376,2
whir_t128_capacity_full,round_reuse_batch_inverse,local_interpolant,minimal_subtree,128.0,whir_capacity_full,0,25,8,2,1,30,4,8,5932,640,10,32768,1,phase_ood,9,14764,,ok,,0,0,0,0,0,0,1537,376,2
whir_t128_capacity_full,round_reuse_batch_inverse,local_interpolant,minimal_subtree,128.0,whir_capacity_full,0,25,8,2,1,30,4,8,5932,640,10,32768,1,phase_parse,9,1473,,ok,,0,0,0,0,0,0,1537,376,2
whir_t128_capacity_full,round_reuse_batch_inverse,local_interpolant,minimal_subtree,128.0,whir_capacity_full,0,25,8,2,1,30,4,8,5932,640,10,32768,1,phase_per_round_queries,9,775325,,ok,,0,0,0,0,0,0,1537,376,2
whir_t128_johnson_full,baseline_round0,raw_fibers,separate_paths,128.0,whir_johnson_full,0,50,8,2,1,32,4,16,29512,640,47,32768,1,host_verify,0,,24117792,ok,,586,39323,708,5412,500,50,7016,650,100
whir_t128_johnson_full,baseline_round0,raw_fibers,separate_paths,128.0,whir_johnson_full,0,50,8,2,1,32,4,16,29512,640,47,32768,1,verify_sbf,0,1400000,,simulation_error,"{""InstructionError"":[2,""ProgramFailedToComplete""]}",586,39323,708,5412,500,50,7016,650,100
whir_t128_johnson_full,baseline_round0,raw_fibers,separate_paths,128.0,whir_johnson_full,0,50,8,2,1,32,4,16,29512,640,47,32768,1,verify_sbf,1,1400000,,simulation_error,"{""InstructionError"":[2,""ProgramFailedToComplete""]}",586,39323,708,5412,500,50,7016,650,100
whir_t128_johnson_full,baseline_round0,raw_fibers,separate_paths,128.0,whir_johnson_full,0,50,8,2,1,32,4,16,29512,640,47,32768,1,verify_sbf,2,1400000,,simulation_error,"{""InstructionError"":[2,""ProgramFailedToComplete""]}",586,39323,708,5412,500,50,7016,650,100
whir_t128_johnson_full,baseline_round0,raw_fibers,separate_paths,128.0,whir_johnson_full,0,50,8,2,1,32,4,16,29512,640,47,32768,1,verify_sbf,3,1400000,,simulation_error,"{""InstructionError"":[2,""ProgramFailedToComplete""]}",586,39323,708,5412,500,50,7016,650,100
whir_t128_johnson_full,baseline_round0,raw_fibers,separate_paths,128.0,whir_johnson_full,0,50,8,2,1,32,4,16,29512,640,47,32768,1,verify_sbf,4,1400000,,simulation_error,"{""InstructionError"":[2,""ProgramFailedToComplete""]}",586,39323,708,5412,500,50,7016,650,100
whir_t128_johnson_full,baseline_round0,raw_fibers,separate_paths,128.0,whir_johnson_full,0,50,8,2,1,32,4,16,29512,640,47,32768,1,verify_sbf,5,1400000,,simulation_error,"{""InstructionError"":[2,""ProgramFailedToComplete""]}",586,39323,708,5412,500,50,7016,650,100
whir_t128_johnson_full,baseline_round0,raw_fibers,separate_paths,128.0,whir_johnson_full,0,50,8,2,1,32,4,16,29512,640,47,32768,1,verify_sbf,6,1400000,,simulation_error,"{""InstructionError"":[2,""ProgramFailedToComplete""]}",586,39323,708,5412,500,50,7016,650,100
whir_t128_johnson_full,baseline_round0,raw_fibers,separate_paths,128.0,whir_johnson_full,0,50,8,2,1,32,4,16,29512,640,47,32768,1,verify_sbf,7,1400000,,simulation_error,"{""InstructionError"":[2,""ProgramFailedToComplete""]}",586,39323,708,5412,500,50,7016,650,100
whir_t128_johnson_full,baseline_round0,raw_fibers,separate_paths,128.0,whir_johnson_full,0,50,8,2,1,32,4,16,29512,640,47,32768,1,verify_sbf,8,1400000,,simulation_error,"{""InstructionError"":[2,""ProgramFailedToComplete""]}",586,39323,708,5412,500,50,7016,650,100
whir_t128_johnson_full,baseline_round0,raw_fibers,separate_paths,128.0,whir_johnson_full,0,50,8,2,1,32,4,16,29512,640,47,32768,1,verify_sbf,9,1400000,,simulation_error,"{""InstructionError"":[2,""ProgramFailedToComplete""]}",586,39323,708,5412,500,50,7016,650,100
whir_t128_johnson_full,baseline_round0,raw_fibers,separate_paths,128.0,whir_johnson_full,0,50,8,2,1,32,4,16,29512,640,47,32768,1,phase_ood,0,7001,,simulation_error,"{""InstructionError"":[2,""ComputationalBudgetExceeded""]}",0,0,0,0,0,0,7016,650,100
whir_t128_johnson_full,baseline_round0,raw_fibers,separate_paths,128.0,whir_johnson_full,0,50,8,2,1,32,4,16,29512,640,47,32768,1,phase_parse,0,1473,,simulation_error,"{""InstructionError"":[2,""ComputationalBudgetExceeded""]}",0,0,0,0,0,0,7016,650,100
whir_t128_johnson_full,baseline_round0,raw_fibers,separate_paths,128.0,whir_johnson_full,0,50,8,2,1,32,4,16,29512,640,47,32768,1,phase_ood,1,7001,,simulation_error,"{""InstructionError"":[2,""ComputationalBudgetExceeded""]}",0,0,0,0,0,0,7016,650,100
whir_t128_johnson_full,baseline_round0,raw_fibers,separate_paths,128.0,whir_johnson_full,0,50,8,2,1,32,4,16,29512,640,47,32768,1,phase_parse,1,1473,,simulation_error,"{""InstructionError"":[2,""ComputationalBudgetExceeded""]}",0,0,0,0,0,0,7016,650,100
whir_t128_johnson_full,baseline_round0,raw_fibers,separate_paths,128.0,whir_johnson_full,0,50,8,2,1,32,4,16,29512,640,47,32768,1,phase_ood,2,7001,,simulation_error,"{""InstructionError"":[2,""ComputationalBudgetExceeded""]}",0,0,0,0,0,0,7016,650,100
whir_t128_johnson_full,baseline_round0,raw_fibers,separate_paths,128.0,whir_johnson_full,0,50,8,2,1,32,4,16,29512,640,47,32768,1,phase_parse,2,1473,,simulation_error,"{""InstructionError"":[2,""ComputationalBudgetExceeded""]}",0,0,0,0,0,0,7016,650,100
whir_t128_johnson_full,baseline_round0,raw_fibers,separate_paths,128.0,whir_johnson_full,0,50,8,2,1,32,4,16,29512,640,47,32768,1,phase_ood,3,7001,,simulation_error,"{""InstructionError"":[2,""ComputationalBudgetExceeded""]}",0,0,0,0,0,0,7016,650,100
whir_t128_johnson_full,baseline_round0,raw_fibers,separate_paths,128.0,whir_johnson_full,0,50,8,2,1,32,4,16,29512,640,47,32768,1,phase_parse,3,1473,,simulation_error,"{""InstructionError"":[2,""ComputationalBudgetExceeded""]}",0,0,0,0,0,0,7016,650,100
whir_t128_johnson_full,baseline_round0,raw_fibers,separate_paths,128.0,whir_johnson_full,0,50,8,2,1,32,4,16,29512,640,47,32768,1,phase_ood,4,7001,,simulation_error,"{""InstructionError"":[2,""ComputationalBudgetExceeded""]}",0,0,0,0,0,0,7016,650,100
whir_t128_johnson_full,baseline_round0,raw_fibers,separate_paths,128.0,whir_johnson_full,0,50,8,2,1,32,4,16,29512,640,47,32768,1,phase_parse,4,1473,,simulation_error,"{""InstructionError"":[2,""ComputationalBudgetExceeded""]}",0,0,0,0,0,0,7016,650,100
whir_t128_johnson_full,baseline_round0,raw_fibers,separate_paths,128.0,whir_johnson_full,0,50,8,2,1,32,4,16,29512,640,47,32768,1,phase_ood,5,7001,,simulation_error,"{""InstructionError"":[2,""ComputationalBudgetExceeded""]}",0,0,0,0,0,0,7016,650,100
whir_t128_johnson_full,baseline_round0,raw_fibers,separate_paths,128.0,whir_johnson_full,0,50,8,2,1,32,4,16,29512,640,47,32768,1,phase_parse,5,1473,,simulation_error,"{""InstructionError"":[2,""ComputationalBudgetExceeded""]}",0,0,0,0,0,0,7016,650,100
whir_t128_johnson_full,baseline_round0,raw_fibers,separate_paths,128.0,whir_johnson_full,0,50,8,2,1,32,4,16,29512,640,47,32768,1,phase_ood,6,7001,,simulation_error,"{""InstructionError"":[2,""ComputationalBudgetExceeded""]}",0,0,0,0,0,0,7016,650,100
whir_t128_johnson_full,baseline_round0,raw_fibers,separate_paths,128.0,whir_johnson_full,0,50,8,2,1,32,4,16,29512,640,47,32768,1,phase_parse,6,1473,,simulation_error,"{""InstructionError"":[2,""ComputationalBudgetExceeded""]}",0,0,0,0,0,0,7016,650,100
whir_t128_johnson_full,baseline_round0,raw_fibers,separate_paths,128.0,whir_johnson_full,0,50,8,2,1,32,4,16,29512,640,47,32768,1,phase_ood,7,7001,,simulation_error,"{""InstructionError"":[2,""ComputationalBudgetExceeded""]}",0,0,0,0,0,0,7016,650,100
whir_t128_johnson_full,baseline_round0,raw_fibers,separate_paths,128.0,whir_johnson_full,0,50,8,2,1,32,4,16,29512,640,47,32768,1,phase_parse,7,1473,,simulation_error,"{""InstructionError"":[2,""ComputationalBudgetExceeded""]}",0,0,0,0,0,0,7016,650,100
whir_t128_johnson_full,baseline_round0,raw_fibers,separate_paths,128.0,whir_johnson_full,0,50,8,2,1,32,4,16,29512,640,47,32768,1,phase_ood,8,7001,,simulation_error,"{""InstructionError"":[2,""ComputationalBudgetExceeded""]}",0,0,0,0,0,0,7016,650,100
whir_t128_johnson_full,baseline_round0,raw_fibers,separate_paths,128.0,whir_johnson_full,0,50,8,2,1,32,4,16,29512,640,47,32768,1,phase_parse,8,1473,,simulation_error,"{""InstructionError"":[2,""ComputationalBudgetExceeded""]}",0,0,0,0,0,0,7016,650,100
whir_t128_johnson_full,baseline_round0,raw_fibers,separate_paths,128.0,whir_johnson_full,0,50,8,2,1,32,4,16,29512,640,47,32768,1,phase_ood,9,7001,,simulation_error,"{""InstructionError"":[2,""ComputationalBudgetExceeded""]}",0,0,0,0,0,0,7016,650,100
whir_t128_johnson_full,baseline_round0,raw_fibers,separate_paths,128.0,whir_johnson_full,0,50,8,2,1,32,4,16,29512,640,47,32768,1,phase_parse,9,1473,,simulation_error,"{""InstructionError"":[2,""ComputationalBudgetExceeded""]}",0,0,0,0,0,0,7016,650,100
whir_t128_johnson_full,round_reuse_batch_inverse,raw_fibers,separate_paths,128.0,whir_johnson_full,0,50,8,2,1,32,4,16,29512,640,47,32768,1,host_verify,0,,17638083,ok,,586,39323,708,2726,650,50,2762,751,2
whir_t128_johnson_full,round_reuse_batch_inverse,raw_fibers,separate_paths,128.0,whir_johnson_full,0,50,8,2,1,32,4,16,29512,640,47,32768,1,verify_sbf,0,1400000,,simulation_error,"{""InstructionError"":[2,""ProgramFailedToComplete""]}",586,39323,708,2726,650,50,2762,751,2
whir_t128_johnson_full,round_reuse_batch_inverse,raw_fibers,separate_paths,128.0,whir_johnson_full,0,50,8,2,1,32,4,16,29512,640,47,32768,1,verify_sbf,1,1400000,,simulation_error,"{""InstructionError"":[2,""ProgramFailedToComplete""]}",586,39323,708,2726,650,50,2762,751,2
whir_t128_johnson_full,round_reuse_batch_inverse,raw_fibers,separate_paths,128.0,whir_johnson_full,0,50,8,2,1,32,4,16,29512,640,47,32768,1,verify_sbf,2,1400000,,simulation_error,"{""InstructionError"":[2,""ProgramFailedToComplete""]}",586,39323,708,2726,650,50,2762,751,2
whir_t128_johnson_full,round_reuse_batch_inverse,raw_fibers,separate_paths,128.0,whir_johnson_full,0,50,8,2,1,32,4,16,29512,640,47,32768,1,verify_sbf,3,1400000,,simulation_error,"{""InstructionError"":[2,""ProgramFailedToComplete""]}",586,39323,708,2726,650,50,2762,751,2
whir_t128_johnson_full,round_reuse_batch_inverse,raw_fibers,separate_paths,128.0,whir_johnson_full,0,50,8,2,1,32,4,16,29512,640,47,32768,1,verify_sbf,4,1400000,,simulation_error,"{""InstructionError"":[2,""ProgramFailedToComplete""]}",586,39323,708,2726,650,50,2762,751,2
whir_t128_johnson_full,round_reuse_batch_inverse,raw_fibers,separate_paths,128.0,whir_johnson_full,0,50,8,2,1,32,4,16,29512,640,47,32768,1,verify_sbf,5,1400000,,simulation_error,"{""InstructionError"":[2,""ProgramFailedToComplete""]}",586,39323,708,2726,650,50,2762,751,2
whir_t128_johnson_full,round_reuse_batch_inverse,raw_fibers,separate_paths,128.0,whir_johnson_full,0,50,8,2,1,32,4,16,29512,640,47,32768,1,verify_sbf,6,1400000,,simulation_error,"{""InstructionError"":[2,""ProgramFailedToComplete""]}",586,39323,708,2726,650,50,2762,751,2
whir_t128_johnson_full,round_reuse_batch_inverse,raw_fibers,separate_paths,128.0,whir_johnson_full,0,50,8,2,1,32,4,16,29512,640,47,32768,1,verify_sbf,7,1400000,,simulation_error,"{""InstructionError"":[2,""ProgramFailedToComplete""]}",586,39323,708,2726,650,50,2762,751,2
whir_t128_johnson_full,round_reuse_batch_inverse,raw_fibers,separate_paths,128.0,whir_johnson_full,0,50,8,2,1,32,4,16,29512,640,47,32768,1,verify_sbf,8,1400000,,simulation_error,"{""InstructionError"":[2,""ProgramFailedToComplete""]}",586,39323,708,2726,650,50,2762,751,2
whir_t128_johnson_full,round_reuse_batch_inverse,raw_fibers,separate_paths,128.0,whir_johnson_full,0,50,8,2,1,32,4,16,29512,640,47,32768,1,verify_sbf,9,1400000,,simulation_error,"{""InstructionError"":[2,""ProgramFailedToComplete""]}",586,39323,708,2726,650,50,2762,751,2
whir_t128_johnson_full,round_reuse_batch_inverse,raw_fibers,separate_paths,128.0,whir_johnson_full,0,50,8,2,1,32,4,16,29512,640,47,32768,1,phase_ood,0,7001,,simulation_error,"{""InstructionError"":[2,""ComputationalBudgetExceeded""]}",0,0,0,0,0,0,2762,751,2
whir_t128_johnson_full,round_reuse_batch_inverse,raw_fibers,separate_paths,128.0,whir_johnson_full,0,50,8,2,1,32,4,16,29512,640,47,32768,1,phase_parse,0,1473,,simulation_error,"{""InstructionError"":[2,""ComputationalBudgetExceeded""]}",0,0,0,0,0,0,2762,751,2
whir_t128_johnson_full,round_reuse_batch_inverse,raw_fibers,separate_paths,128.0,whir_johnson_full,0,50,8,2,1,32,4,16,29512,640,47,32768,1,phase_ood,1,7001,,simulation_error,"{""InstructionError"":[2,""ComputationalBudgetExceeded""]}",0,0,0,0,0,0,2762,751,2
whir_t128_johnson_full,round_reuse_batch_inverse,raw_fibers,separate_paths,128.0,whir_johnson_full,0,50,8,2,1,32,4,16,29512,640,47,32768,1,phase_parse,1,1473,,simulation_error,"{""InstructionError"":[2,""ComputationalBudgetExceeded""]}",0,0,0,0,0,0,2762,751,2
whir_t128_johnson_full,round_reuse_batch_inverse,raw_fibers,separate_paths,128.0,whir_johnson_full,0,50,8,2,1,32,4,16,29512,640,47,32768,1,phase_ood,2,7001,,simulation_error,"{""InstructionError"":[2,""ComputationalBudgetExceeded""]}",0,0,0,0,0,0,2762,751,2
whir_t128_johnson_full,round_reuse_batch_inverse,raw_fibers,separate_paths,128.0,whir_johnson_full,0,50,8,2,1,32,4,16,29512,640,47,32768,1,phase_parse,2,1473,,simulation_error,"{""InstructionError"":[2,""ComputationalBudgetExceeded""]}",0,0,0,0,0,0,2762,751,2
whir_t128_johnson_full,round_reuse_batch_inverse,raw_fibers,separate_paths,128.0,whir_johnson_full,0,50,8,2,1,32,4,16,29512,640,47,32768,1,phase_ood,3,7001,,simulation_error,"{""InstructionError"":[2,""ComputationalBudgetExceeded""]}",0,0,0,0,0,0,2762,751,2
whir_t128_johnson_full,round_reuse_batch_inverse,raw_fibers,separate_paths,128.0,whir_johnson_full,0,50,8,2,1,32,4,16,29512,640,47,32768,1,phase_parse,3,1473,,simulation_error,"{""InstructionError"":[2,""ComputationalBudgetExceeded""]}",0,0,0,0,0,0,2762,751,2
whir_t128_johnson_full,round_reuse_batch_inverse,raw_fibers,separate_paths,128.0,whir_johnson_full,0,50,8,2,1,32,4,16,29512,640,47,32768,1,phase_ood,4,7001,,simulation_error,"{""InstructionError"":[2,""ComputationalBudgetExceeded""]}",0,0,0,0,0,0,2762,751,2
whir_t128_johnson_full,round_reuse_batch_inverse,raw_fibers,separate_paths,128.0,whir_johnson_full,0,50,8,2,1,32,4,16,29512,640,47,32768,1,phase_parse,4,1473,,simulation_error,"{""InstructionError"":[2,""ComputationalBudgetExceeded""]}",0,0,0,0,0,0,2762,751,2
whir_t128_johnson_full,round_reuse_batch_inverse,raw_fibers,separate_paths,128.0,whir_johnson_full,0,50,8,2,1,32,4,16,29512,640,47,32768,1,phase_ood,5,7001,,simulation_error,"{""InstructionError"":[2,""ComputationalBudgetExceeded""]}",0,0,0,0,0,0,2762,751,2
whir_t128_johnson_full,round_reuse_batch_inverse,raw_fibers,separate_paths,128.0,whir_johnson_full,0,50,8,2,1,32,4,16,29512,640,47,32768,1,phase_parse,5,1473,,simulation_error,"{""InstructionError"":[2,""ComputationalBudgetExceeded""]}",0,0,0,0,0,0,2762,751,2
whir_t128_johnson_full,round_reuse_batch_inverse,raw_fibers,separate_paths,128.0,whir_johnson_full,0,50,8,2,1,32,4,16,29512,640,47,32768,1,phase_ood,6,7001,,simulation_error,"{""InstructionError"":[2,""ComputationalBudgetExceeded""]}",0,0,0,0,0,0,2762,751,2
whir_t128_johnson_full,round_reuse_batch_inverse,raw_fibers,separate_paths,128.0,whir_johnson_full,0,50,8,2,1,32,4,16,29512,640,47,32768,1,phase_parse,6,1473,,simulation_error,"{""InstructionError"":[2,""ComputationalBudgetExceeded""]}",0,0,0,0,0,0,2762,751,2
whir_t128_johnson_full,round_reuse_batch_inverse,raw_fibers,separate_paths,128.0,whir_johnson_full,0,50,8,2,1,32,4,16,29512,640,47,32768,1,phase_ood,7,7001,,simulation_error,"{""InstructionError"":[2,""ComputationalBudgetExceeded""]}",0,0,0,0,0,0,2762,751,2
whir_t128_johnson_full,round_reuse_batch_inverse,raw_fibers,separate_paths,128.0,whir_johnson_full,0,50,8,2,1,32,4,16,29512,640,47,32768,1,phase_parse,7,1473,,simulation_error,"{""InstructionError"":[2,""ComputationalBudgetExceeded""]}",0,0,0,0,0,0,2762,751,2
whir_t128_johnson_full,round_reuse_batch_inverse,raw_fibers,separate_paths,128.0,whir_johnson_full,0,50,8,2,1,32,4,16,29512,640,47,32768,1,phase_ood,8,7001,,simulation_error,"{""InstructionError"":[2,""ComputationalBudgetExceeded""]}",0,0,0,0,0,0,2762,751,2
whir_t128_johnson_full,round_reuse_batch_inverse,raw_fibers,separate_paths,128.0,whir_johnson_full,0,50,8,2,1,32,4,16,29512,640,47,32768,1,phase_parse,8,1473,,simulation_error,"{""InstructionError"":[2,""ComputationalBudgetExceeded""]}",0,0,0,0,0,0,2762,751,2
whir_t128_johnson_full,round_reuse_batch_inverse,raw_fibers,separate_paths,128.0,whir_johnson_full,0,50,8,2,1,32,4,16,29512,640,47,32768,1,phase_ood,9,7001,,simulation_error,"{""InstructionError"":[2,""ComputationalBudgetExceeded""]}",0,0,0,0,0,0,2762,751,2
whir_t128_johnson_full,round_reuse_batch_inverse,raw_fibers,separate_paths,128.0,whir_johnson_full,0,50,8,2,1,32,4,16,29512,640,47,32768,1,phase_parse,9,1473,,simulation_error,"{""InstructionError"":[2,""ComputationalBudgetExceeded""]}",0,0,0,0,0,0,2762,751,2
whir_t128_johnson_full,baseline_round0,local_interpolant,separate_paths,128.0,whir_johnson_full,0,50,8,2,1,32,4,16,29512,640,47,32768,1,host_verify,0,,17732708,ok,,586,39323,708,5612,500,50,7216,650,100
whir_t128_johnson_full,baseline_round0,local_interpolant,separate_paths,128.0,whir_johnson_full,0,50,8,2,1,32,4,16,29512,640,47,32768,1,verify_sbf,0,1400000,,simulation_error,"{""InstructionError"":[2,""ComputationalBudgetExceeded""]}",586,39323,708,5612,500,50,7216,650,100
whir_t128_johnson_full,baseline_round0,local_interpolant,separate_paths,128.0,whir_johnson_full,0,50,8,2,1,32,4,16,29512,640,47,32768,1,verify_sbf,1,1400000,,simulation_error,"{""InstructionError"":[2,""ComputationalBudgetExceeded""]}",586,39323,708,5612,500,50,7216,650,100
whir_t128_johnson_full,baseline_round0,local_interpolant,separate_paths,128.0,whir_johnson_full,0,50,8,2,1,32,4,16,29512,640,47,32768,1,verify_sbf,2,1400000,,simulation_error,"{""InstructionError"":[2,""ComputationalBudgetExceeded""]}",586,39323,708,5612,500,50,7216,650,100
whir_t128_johnson_full,baseline_round0,local_interpolant,separate_paths,128.0,whir_johnson_full,0,50,8,2,1,32,4,16,29512,640,47,32768,1,verify_sbf,3,1400000,,simulation_error,"{""InstructionError"":[2,""ComputationalBudgetExceeded""]}",586,39323,708,5612,500,50,7216,650,100
whir_t128_johnson_full,baseline_round0,local_interpolant,separate_paths,128.0,whir_johnson_full,0,50,8,2,1,32,4,16,29512,640,47,32768,1,verify_sbf,4,1400000,,simulation_error,"{""InstructionError"":[2,""ComputationalBudgetExceeded""]}",586,39323,708,5612,500,50,7216,650,100
whir_t128_johnson_full,baseline_round0,local_interpolant,separate_paths,128.0,whir_johnson_full,0,50,8,2,1,32,4,16,29512,640,47,32768,1,verify_sbf,5,1400000,,simulation_error,"{""InstructionError"":[2,""ComputationalBudgetExceeded""]}",586,39323,708,5612,500,50,7216,650,100
whir_t128_johnson_full,baseline_round0,local_interpolant,separate_paths,128.0,whir_johnson_full,0,50,8,2,1,32,4,16,29512,640,47,32768,1,verify_sbf,6,1400000,,simulation_error,"{""InstructionError"":[2,""ComputationalBudgetExceeded""]}",586,39323,708,5612,500,50,7216,650,100
whir_t128_johnson_full,baseline_round0,local_interpolant,separate_paths,128.0,whir_johnson_full,0,50,8,2,1,32,4,16,29512,640,47,32768,1,verify_sbf,7,1400000,,simulation_error,"{""InstructionError"":[2,""ComputationalBudgetExceeded""]}",586,39323,708,5612,500,50,7216,650,100
whir_t128_johnson_full,baseline_round0,local_interpolant,separate_paths,128.0,whir_johnson_full,0,50,8,2,1,32,4,16,29512,640,47,32768,1,verify_sbf,8,1400000,,simulation_error,"{""InstructionError"":[2,""ComputationalBudgetExceeded""]}",586,39323,708,5612,500,50,7216,650,100
whir_t128_johnson_full,baseline_round0,local_interpolant,separate_paths,128.0,whir_johnson_full,0,50,8,2,1,32,4,16,29512,640,47,32768,1,verify_sbf,9,1400000,,simulation_error,"{""InstructionError"":[2,""ComputationalBudgetExceeded""]}",586,39323,708,5612,500,50,7216,650,100
whir_t128_johnson_full,baseline_round0,local_interpolant,separate_paths,128.0,whir_johnson_full,0,50,8,2,1,32,4,16,29512,640,47,32768,1,phase_ood,0,7002,,simulation_error,"{""InstructionError"":[2,""ComputationalBudgetExceeded""]}",0,0,0,0,0,0,7216,650,100
whir_t128_johnson_full,baseline_round0,local_interpolant,separate_paths,128.0,whir_johnson_full,0,50,8,2,1,32,4,16,29512,640,47,32768,1,phase_parse,0,1475,,simulation_error,"{""InstructionError"":[2,""ComputationalBudgetExceeded""]}",0,0,0,0,0,0,7216,650,100
whir_t128_johnson_full,baseline_round0,local_interpolant,separate_paths,128.0,whir_johnson_full,0,50,8,2,1,32,4,16,29512,640,47,32768,1,phase_ood,1,7002,,simulation_error,"{""InstructionError"":[2,""ComputationalBudgetExceeded""]}",0,0,0,0,0,0,7216,650,100
whir_t128_johnson_full,baseline_round0,local_interpolant,separate_paths,128.0,whir_johnson_full,0,50,8,2,1,32,4,16,29512,640,47,32768,1,phase_parse,1,1475,,simulation_error,"{""InstructionError"":[2,""ComputationalBudgetExceeded""]}",0,0,0,0,0,0,7216,650,100
whir_t128_johnson_full,baseline_round0,local_interpolant,separate_paths,128.0,whir_johnson_full,0,50,8,2,1,32,4,16,29512,640,47,32768,1,phase_ood,2,7002,,simulation_error,"{""InstructionError"":[2,""ComputationalBudgetExceeded""]}",0,0,0,0,0,0,7216,650,100
whir_t128_johnson_full,baseline_round0,local_interpolant,separate_paths,128.0,whir_johnson_full,0,50,8,2,1,32,4,16,29512,640,47,32768,1,phase_parse,2,1475,,simulation_error,"{""InstructionError"":[2,""ComputationalBudgetExceeded""]}",0,0,0,0,0,0,7216,650,100
whir_t128_johnson_full,baseline_round0,local_interpolant,separate_paths,128.0,whir_johnson_full,0,50,8,2,1,32,4,16,29512,640,47,32768,1,phase_ood,3,7002,,simulation_error,"{""InstructionError"":[2,""ComputationalBudgetExceeded""]}",0,0,0,0,0,0,7216,650,100
whir_t128_johnson_full,baseline_round0,local_interpolant,separate_paths,128.0,whir_johnson_full,0,50,8,2,1,32,4,16,29512,640,47,32768,1,phase_parse,3,1475,,simulation_error,"{""InstructionError"":[2,""ComputationalBudgetExceeded""]}",0,0,0,0,0,0,7216,650,100
whir_t128_johnson_full,baseline_round0,local_interpolant,separate_paths,128.0,whir_johnson_full,0,50,8,2,1,32,4,16,29512,640,47,32768,1,phase_ood,4,7002,,simulation_error,"{""InstructionError"":[2,""ComputationalBudgetExceeded""]}",0,0,0,0,0,0,7216,650,100
whir_t128_johnson_full,baseline_round0,local_interpolant,separate_paths,128.0,whir_johnson_full,0,50,8,2,1,32,4,16,29512,640,47,32768,1,phase_parse,4,1475,,simulation_error,"{""InstructionError"":[2,""ComputationalBudgetExceeded""]}",0,0,0,0,0,0,7216,650,100
whir_t128_johnson_full,baseline_round0,local_interpolant,separate_paths,128.0,whir_johnson_full,0,50,8,2,1,32,4,16,29512,640,47,32768,1,phase_ood,5,7002,,simulation_error,"{""InstructionError"":[2,""ComputationalBudgetExceeded""]}",0,0,0,0,0,0,7216,650,100
whir_t128_johnson_full,baseline_round0,local_interpolant,separate_paths,128.0,whir_johnson_full,0,50,8,2,1,32,4,16,29512,640,47,32768,1,phase_parse,5,1475,,simulation_error,"{""InstructionError"":[2,""ComputationalBudgetExceeded""]}",0,0,0,0,0,0,7216,650,100
whir_t128_johnson_full,baseline_round0,local_interpolant,separate_paths,128.0,whir_johnson_full,0,50,8,2,1,32,4,16,29512,640,47,32768,1,phase_ood,6,7002,,simulation_error,"{""InstructionError"":[2,""ComputationalBudgetExceeded""]}",0,0,0,0,0,0,7216,650,100
whir_t128_johnson_full,baseline_round0,local_interpolant,separate_paths,128.0,whir_johnson_full,0,50,8,2,1,32,4,16,29512,640,47,32768,1,phase_parse,6,1475,,simulation_error,"{""InstructionError"":[2,""ComputationalBudgetExceeded""]}",0,0,0,0,0,0,7216,650,100
whir_t128_johnson_full,baseline_round0,local_interpolant,separate_paths,128.0,whir_johnson_full,0,50,8,2,1,32,4,16,29512,640,47,32768,1,phase_ood,7,7002,,simulation_error,"{""InstructionError"":[2,""ComputationalBudgetExceeded""]}",0,0,0,0,0,0,7216,650,100
whir_t128_johnson_full,baseline_round0,local_interpolant,separate_paths,128.0,whir_johnson_full,0,50,8,2,1,32,4,16,29512,640,47,32768,1,phase_parse,7,1475,,simulation_error,"{""InstructionError"":[2,""ComputationalBudgetExceeded""]}",0,0,0,0,0,0,7216,650,100
whir_t128_johnson_full,baseline_round0,local_interpolant,separate_paths,128.0,whir_johnson_full,0,50,8,2,1,32,4,16,29512,640,47,32768,1,phase_ood,8,7002,,simulation_error,"{""InstructionError"":[2,""ComputationalBudgetExceeded""]}",0,0,0,0,0,0,7216,650,100
whir_t128_johnson_full,baseline_round0,local_interpolant,separate_paths,128.0,whir_johnson_full,0,50,8,2,1,32,4,16,29512,640,47,32768,1,phase_parse,8,1475,,simulation_error,"{""InstructionError"":[2,""ComputationalBudgetExceeded""]}",0,0,0,0,0,0,7216,650,100
whir_t128_johnson_full,baseline_round0,local_interpolant,separate_paths,128.0,whir_johnson_full,0,50,8,2,1,32,4,16,29512,640,47,32768,1,phase_ood,9,7002,,simulation_error,"{""InstructionError"":[2,""ComputationalBudgetExceeded""]}",0,0,0,0,0,0,7216,650,100
whir_t128_johnson_full,baseline_round0,local_interpolant,separate_paths,128.0,whir_johnson_full,0,50,8,2,1,32,4,16,29512,640,47,32768,1,phase_parse,9,1475,,simulation_error,"{""InstructionError"":[2,""ComputationalBudgetExceeded""]}",0,0,0,0,0,0,7216,650,100
whir_t128_johnson_full,round_reuse_batch_inverse,local_interpolant,separate_paths,128.0,whir_johnson_full,0,50,8,2,1,32,4,16,29512,640,47,32768,1,host_verify,0,,28223625,ok,,586,39323,708,2926,650,50,2962,751,2
whir_t128_johnson_full,round_reuse_batch_inverse,local_interpolant,separate_paths,128.0,whir_johnson_full,0,50,8,2,1,32,4,16,29512,640,47,32768,1,verify_sbf,0,1400000,,simulation_error,"{""InstructionError"":[2,""ProgramFailedToComplete""]}",586,39323,708,2926,650,50,2962,751,2
whir_t128_johnson_full,round_reuse_batch_inverse,local_interpolant,separate_paths,128.0,whir_johnson_full,0,50,8,2,1,32,4,16,29512,640,47,32768,1,verify_sbf,1,1400000,,simulation_error,"{""InstructionError"":[2,""ProgramFailedToComplete""]}",586,39323,708,2926,650,50,2962,751,2
whir_t128_johnson_full,round_reuse_batch_inverse,local_interpolant,separate_paths,128.0,whir_johnson_full,0,50,8,2,1,32,4,16,29512,640,47,32768,1,verify_sbf,2,1400000,,simulation_error,"{""InstructionError"":[2,""ProgramFailedToComplete""]}",586,39323,708,2926,650,50,2962,751,2
whir_t128_johnson_full,round_reuse_batch_inverse,local_interpolant,separate_paths,128.0,whir_johnson_full,0,50,8,2,1,32,4,16,29512,640,47,32768,1,verify_sbf,3,1400000,,simulation_error,"{""InstructionError"":[2,""ProgramFailedToComplete""]}",586,39323,708,2926,650,50,2962,751,2
whir_t128_johnson_full,round_reuse_batch_inverse,local_interpolant,separate_paths,128.0,whir_johnson_full,0,50,8,2,1,32,4,16,29512,640,47,32768,1,verify_sbf,4,1400000,,simulation_error,"{""InstructionError"":[2,""ProgramFailedToComplete""]}",586,39323,708,2926,650,50,2962,751,2
whir_t128_johnson_full,round_reuse_batch_inverse,local_interpolant,separate_paths,128.0,whir_johnson_full,0,50,8,2,1,32,4,16,29512,640,47,32768,1,verify_sbf,5,1400000,,simulation_error,"{""InstructionError"":[2,""ProgramFailedToComplete""]}",586,39323,708,2926,650,50,2962,751,2
whir_t128_johnson_full,round_reuse_batch_inverse,local_interpolant,separate_paths,128.0,whir_johnson_full,0,50,8,2,1,32,4,16,29512,640,47,32768,1,verify_sbf,6,1400000,,simulation_error,"{""InstructionError"":[2,""ProgramFailedToComplete""]}",586,39323,708,2926,650,50,2962,751,2
whir_t128_johnson_full,round_reuse_batch_inverse,local_interpolant,separate_paths,128.0,whir_johnson_full,0,50,8,2,1,32,4,16,29512,640,47,32768,1,verify_sbf,7,1400000,,simulation_error,"{""InstructionError"":[2,""ProgramFailedToComplete""]}",586,39323,708,2926,650,50,2962,751,2
whir_t128_johnson_full,round_reuse_batch_inverse,local_interpolant,separate_paths,128.0,whir_johnson_full,0,50,8,2,1,32,4,16,29512,640,47,32768,1,verify_sbf,8,1400000,,simulation_error,"{""InstructionError"":[2,""ProgramFailedToComplete""]}",586,39323,708,2926,650,50,2962,751,2
whir_t128_johnson_full,round_reuse_batch_inverse,local_interpolant,separate_paths,128.0,whir_johnson_full,0,50,8,2,1,32,4,16,29512,640,47,32768,1,verify_sbf,9,1400000,,simulation_error,"{""InstructionError"":[2,""ProgramFailedToComplete""]}",586,39323,708,2926,650,50,2962,751,2
whir_t128_johnson_full,round_reuse_batch_inverse,local_interpolant,separate_paths,128.0,whir_johnson_full,0,50,8,2,1,32,4,16,29512,640,47,32768,1,phase_ood,0,7002,,simulation_error,"{""InstructionError"":[2,""ProgramFailedToComplete""]}",0,0,0,0,0,0,2962,751,2
whir_t128_johnson_full,round_reuse_batch_inverse,local_interpolant,separate_paths,128.0,whir_johnson_full,0,50,8,2,1,32,4,16,29512,640,47,32768,1,phase_parse,0,1475,,simulation_error,"{""InstructionError"":[2,""ProgramFailedToComplete""]}",0,0,0,0,0,0,2962,751,2
whir_t128_johnson_full,round_reuse_batch_inverse,local_interpolant,separate_paths,128.0,whir_johnson_full,0,50,8,2,1,32,4,16,29512,640,47,32768,1,phase_ood,1,7002,,simulation_error,"{""InstructionError"":[2,""ProgramFailedToComplete""]}",0,0,0,0,0,0,2962,751,2
whir_t128_johnson_full,round_reuse_batch_inverse,local_interpolant,separate_paths,128.0,whir_johnson_full,0,50,8,2,1,32,4,16,29512,640,47,32768,1,phase_parse,1,1475,,simulation_error,"{""InstructionError"":[2,""ProgramFailedToComplete""]}",0,0,0,0,0,0,2962,751,2
whir_t128_johnson_full,round_reuse_batch_inverse,local_interpolant,separate_paths,128.0,whir_johnson_full,0,50,8,2,1,32,4,16,29512,640,47,32768,1,phase_ood,2,7002,,simulation_error,"{""InstructionError"":[2,""ProgramFailedToComplete""]}",0,0,0,0,0,0,2962,751,2
whir_t128_johnson_full,round_reuse_batch_inverse,local_interpolant,separate_paths,128.0,whir_johnson_full,0,50,8,2,1,32,4,16,29512,640,47,32768,1,phase_parse,2,1475,,simulation_error,"{""InstructionError"":[2,""ProgramFailedToComplete""]}",0,0,0,0,0,0,2962,751,2
whir_t128_johnson_full,round_reuse_batch_inverse,local_interpolant,separate_paths,128.0,whir_johnson_full,0,50,8,2,1,32,4,16,29512,640,47,32768,1,phase_ood,3,7002,,simulation_error,"{""InstructionError"":[2,""ProgramFailedToComplete""]}",0,0,0,0,0,0,2962,751,2
whir_t128_johnson_full,round_reuse_batch_inverse,local_interpolant,separate_paths,128.0,whir_johnson_full,0,50,8,2,1,32,4,16,29512,640,47,32768,1,phase_parse,3,1475,,simulation_error,"{""InstructionError"":[2,""ProgramFailedToComplete""]}",0,0,0,0,0,0,2962,751,2
whir_t128_johnson_full,round_reuse_batch_inverse,local_interpolant,separate_paths,128.0,whir_johnson_full,0,50,8,2,1,32,4,16,29512,640,47,32768,1,phase_ood,4,7002,,simulation_error,"{""InstructionError"":[2,""ProgramFailedToComplete""]}",0,0,0,0,0,0,2962,751,2
whir_t128_johnson_full,round_reuse_batch_inverse,local_interpolant,separate_paths,128.0,whir_johnson_full,0,50,8,2,1,32,4,16,29512,640,47,32768,1,phase_parse,4,1475,,simulation_error,"{""InstructionError"":[2,""ProgramFailedToComplete""]}",0,0,0,0,0,0,2962,751,2
whir_t128_johnson_full,round_reuse_batch_inverse,local_interpolant,separate_paths,128.0,whir_johnson_full,0,50,8,2,1,32,4,16,29512,640,47,32768,1,phase_ood,5,7002,,simulation_error,"{""InstructionError"":[2,""ProgramFailedToComplete""]}",0,0,0,0,0,0,2962,751,2
whir_t128_johnson_full,round_reuse_batch_inverse,local_interpolant,separate_paths,128.0,whir_johnson_full,0,50,8,2,1,32,4,16,29512,640,47,32768,1,phase_parse,5,1475,,simulation_error,"{""InstructionError"":[2,""ProgramFailedToComplete""]}",0,0,0,0,0,0,2962,751,2
whir_t128_johnson_full,round_reuse_batch_inverse,local_interpolant,separate_paths,128.0,whir_johnson_full,0,50,8,2,1,32,4,16,29512,640,47,32768,1,phase_ood,6,7002,,simulation_error,"{""InstructionError"":[2,""ProgramFailedToComplete""]}",0,0,0,0,0,0,2962,751,2
whir_t128_johnson_full,round_reuse_batch_inverse,local_interpolant,separate_paths,128.0,whir_johnson_full,0,50,8,2,1,32,4,16,29512,640,47,32768,1,phase_parse,6,1475,,simulation_error,"{""InstructionError"":[2,""ProgramFailedToComplete""]}",0,0,0,0,0,0,2962,751,2
whir_t128_johnson_full,round_reuse_batch_inverse,local_interpolant,separate_paths,128.0,whir_johnson_full,0,50,8,2,1,32,4,16,29512,640,47,32768,1,phase_ood,7,7002,,simulation_error,"{""InstructionError"":[2,""ProgramFailedToComplete""]}",0,0,0,0,0,0,2962,751,2
whir_t128_johnson_full,round_reuse_batch_inverse,local_interpolant,separate_paths,128.0,whir_johnson_full,0,50,8,2,1,32,4,16,29512,640,47,32768,1,phase_parse,7,1475,,simulation_error,"{""InstructionError"":[2,""ProgramFailedToComplete""]}",0,0,0,0,0,0,2962,751,2
whir_t128_johnson_full,round_reuse_batch_inverse,local_interpolant,separate_paths,128.0,whir_johnson_full,0,50,8,2,1,32,4,16,29512,640,47,32768,1,phase_ood,8,7002,,simulation_error,"{""InstructionError"":[2,""ProgramFailedToComplete""]}",0,0,0,0,0,0,2962,751,2
whir_t128_johnson_full,round_reuse_batch_inverse,local_interpolant,separate_paths,128.0,whir_johnson_full,0,50,8,2,1,32,4,16,29512,640,47,32768,1,phase_parse,8,1475,,simulation_error,"{""InstructionError"":[2,""ProgramFailedToComplete""]}",0,0,0,0,0,0,2962,751,2
whir_t128_johnson_full,round_reuse_batch_inverse,local_interpolant,separate_paths,128.0,whir_johnson_full,0,50,8,2,1,32,4,16,29512,640,47,32768,1,phase_ood,9,7002,,simulation_error,"{""InstructionError"":[2,""ProgramFailedToComplete""]}",0,0,0,0,0,0,2962,751,2
whir_t128_johnson_full,round_reuse_batch_inverse,local_interpolant,separate_paths,128.0,whir_johnson_full,0,50,8,2,1,32,4,16,29512,640,47,32768,1,phase_parse,9,1475,,simulation_error,"{""InstructionError"":[2,""ProgramFailedToComplete""]}",0,0,0,0,0,0,2962,751,2
whir_t128_johnson_full,baseline_round0,raw_fibers,minimal_subtree,128.0,whir_johnson_full,0,50,8,2,1,32,4,16,9896,640,16,32768,1,host_verify,0,,11796208,ok,,243,15999,708,5412,500,50,7016,650,100
whir_t128_johnson_full,baseline_round0,raw_fibers,minimal_subtree,128.0,whir_johnson_full,0,50,8,2,1,32,4,16,9896,640,16,32768,1,verify_sbf,0,1400000,,simulation_error,"{""InstructionError"":[2,""ProgramFailedToComplete""]}",243,15999,708,5412,500,50,7016,650,100
whir_t128_johnson_full,baseline_round0,raw_fibers,minimal_subtree,128.0,whir_johnson_full,0,50,8,2,1,32,4,16,9896,640,16,32768,1,verify_sbf,1,1400000,,simulation_error,"{""InstructionError"":[2,""ProgramFailedToComplete""]}",243,15999,708,5412,500,50,7016,650,100
whir_t128_johnson_full,baseline_round0,raw_fibers,minimal_subtree,128.0,whir_johnson_full,0,50,8,2,1,32,4,16,9896,640,16,32768,1,verify_sbf,2,1400000,,simulation_error,"{""InstructionError"":[2,""ProgramFailedToComplete""]}",243,15999,708,5412,500,50,7016,650,100
whir_t128_johnson_full,baseline_round0,raw_fibers,minimal_subtree,128.0,whir_johnson_full,0,50,8,2,1,32,4,16,9896,640,16,32768,1,verify_sbf,3,1400000,,simulation_error,"{""InstructionError"":[2,""ProgramFailedToComplete""]}",243,15999,708,5412,500,50,7016,650,100
whir_t128_johnson_full,baseline_round0,raw_fibers,minimal_subtree,128.0,whir_johnson_full,0,50,8,2,1,32,4,16,9896,640,16,32768,1,verify_sbf,4,1400000,,simulation_error,"{""InstructionError"":[2,""ProgramFailedToComplete""]}",243,15999,708,5412,500,50,7016,650,100
whir_t128_johnson_full,baseline_round0,raw_fibers,minimal_subtree,128.0,whir_johnson_full,0,50,8,2,1,32,4,16,9896,640,16,32768,1,verify_sbf,5,1400000,,simulation_error,"{""InstructionError"":[2,""ProgramFailedToComplete""]}",243,15999,708,5412,500,50,7016,650,100
whir_t128_johnson_full,baseline_round0,raw_fibers,minimal_subtree,128.0,whir_johnson_full,0,50,8,2,1,32,4,16,9896,640,16,32768,1,verify_sbf,6,1400000,,simulation_error,"{""InstructionError"":[2,""ProgramFailedToComplete""]}",243,15999,708,5412,500,50,7016,650,100
whir_t128_johnson_full,baseline_round0,raw_fibers,minimal_subtree,128.0,whir_johnson_full,0,50,8,2,1,32,4,16,9896,640,16,32768,1,verify_sbf,7,1400000,,simulation_error,"{""InstructionError"":[2,""ProgramFailedToComplete""]}",243,15999,708,5412,500,50,7016,650,100
whir_t128_johnson_full,baseline_round0,raw_fibers,minimal_subtree,128.0,whir_johnson_full,0,50,8,2,1,32,4,16,9896,640,16,32768,1,verify_sbf,8,1400000,,simulation_error,"{""InstructionError"":[2,""ProgramFailedToComplete""]}",243,15999,708,5412,500,50,7016,650,100
whir_t128_johnson_full,baseline_round0,raw_fibers,minimal_subtree,128.0,whir_johnson_full,0,50,8,2,1,32,4,16,9896,640,16,32768,1,verify_sbf,9,1400000,,simulation_error,"{""InstructionError"":[2,""ProgramFailedToComplete""]}",243,15999,708,5412,500,50,7016,650,100
whir_t128_johnson_full,baseline_round0,raw_fibers,minimal_subtree,128.0,whir_johnson_full,0,50,8,2,1,32,4,16,9896,640,16,32768,1,phase_ood,0,7001,,simulation_error,"{""InstructionError"":[2,""ComputationalBudgetExceeded""]}",0,0,0,0,0,0,7016,650,100
whir_t128_johnson_full,baseline_round0,raw_fibers,minimal_subtree,128.0,whir_johnson_full,0,50,8,2,1,32,4,16,9896,640,16,32768,1,phase_parse,0,1471,,simulation_error,"{""InstructionError"":[2,""ComputationalBudgetExceeded""]}",0,0,0,0,0,0,7016,650,100
whir_t128_johnson_full,baseline_round0,raw_fibers,minimal_subtree,128.0,whir_johnson_full,0,50,8,2,1,32,4,16,9896,640,16,32768,1,phase_ood,1,7001,,simulation_error,"{""InstructionError"":[2,""ComputationalBudgetExceeded""]}",0,0,0,0,0,0,7016,650,100
whir_t128_johnson_full,baseline_round0,raw_fibers,minimal_subtree,128.0,whir_johnson_full,0,50,8,2,1,32,4,16,9896,640,16,32768,1,phase_parse,1,1471,,simulation_error,"{""InstructionError"":[2,""ComputationalBudgetExceeded""]}",0,0,0,0,0,0,7016,650,100
whir_t128_johnson_full,baseline_round0,raw_fibers,minimal_subtree,128.0,whir_johnson_full,0,50,8,2,1,32,4,16,9896,640,16,32768,1,phase_ood,2,7001,,simulation_error,"{""InstructionError"":[2,""ComputationalBudgetExceeded""]}",0,0,0,0,0,0,7016,650,100
whir_t128_johnson_full,baseline_round0,raw_fibers,minimal_subtree,128.0,whir_johnson_full,0,50,8,2,1,32,4,16,9896,640,16,32768,1,phase_parse,2,1471,,simulation_error,"{""InstructionError"":[2,""ComputationalBudgetExceeded""]}",0,0,0,0,0,0,7016,650,100
whir_t128_johnson_full,baseline_round0,raw_fibers,minimal_subtree,128.0,whir_johnson_full,0,50,8,2,1,32,4,16,9896,640,16,32768,1,phase_ood,3,7001,,simulation_error,"{""InstructionError"":[2,""ComputationalBudgetExceeded""]}",0,0,0,0,0,0,7016,650,100
whir_t128_johnson_full,baseline_round0,raw_fibers,minimal_subtree,128.0,whir_johnson_full,0,50,8,2,1,32,4,16,9896,640,16,32768,1,phase_parse,3,1471,,simulation_error,"{""InstructionError"":[2,""ComputationalBudgetExceeded""]}",0,0,0,0,0,0,7016,650,100
whir_t128_johnson_full,baseline_round0,raw_fibers,minimal_subtree,128.0,whir_johnson_full,0,50,8,2,1,32,4,16,9896,640,16,32768,1,phase_ood,4,7001,,simulation_error,"{""InstructionError"":[2,""ComputationalBudgetExceeded""]}",0,0,0,0,0,0,7016,650,100
whir_t128_johnson_full,baseline_round0,raw_fibers,minimal_subtree,128.0,whir_johnson_full,0,50,8,2,1,32,4,16,9896,640,16,32768,1,phase_parse,4,1471,,simulation_error,"{""InstructionError"":[2,""ComputationalBudgetExceeded""]}",0,0,0,0,0,0,7016,650,100
whir_t128_johnson_full,baseline_round0,raw_fibers,minimal_subtree,128.0,whir_johnson_full,0,50,8,2,1,32,4,16,9896,640,16,32768,1,phase_ood,5,7001,,simulation_error,"{""InstructionError"":[2,""ComputationalBudgetExceeded""]}",0,0,0,0,0,0,7016,650,100
whir_t128_johnson_full,baseline_round0,raw_fibers,minimal_subtree,128.0,whir_johnson_full,0,50,8,2,1,32,4,16,9896,640,16,32768,1,phase_parse,5,1471,,simulation_error,"{""InstructionError"":[2,""ComputationalBudgetExceeded""]}",0,0,0,0,0,0,7016,650,100
whir_t128_johnson_full,baseline_round0,raw_fibers,minimal_subtree,128.0,whir_johnson_full,0,50,8,2,1,32,4,16,9896,640,16,32768,1,phase_ood,6,7001,,simulation_error,"{""InstructionError"":[2,""ComputationalBudgetExceeded""]}",0,0,0,0,0,0,7016,650,100
whir_t128_johnson_full,baseline_round0,raw_fibers,minimal_subtree,128.0,whir_johnson_full,0,50,8,2,1,32,4,16,9896,640,16,32768,1,phase_parse,6,1471,,simulation_error,"{""InstructionError"":[2,""ComputationalBudgetExceeded""]}",0,0,0,0,0,0,7016,650,100
whir_t128_johnson_full,baseline_round0,raw_fibers,minimal_subtree,128.0,whir_johnson_full,0,50,8,2,1,32,4,16,9896,640,16,32768,1,phase_ood,7,7001,,simulation_error,"{""InstructionError"":[2,""ComputationalBudgetExceeded""]}",0,0,0,0,0,0,7016,650,100
whir_t128_johnson_full,baseline_round0,raw_fibers,minimal_subtree,128.0,whir_johnson_full,0,50,8,2,1,32,4,16,9896,640,16,32768,1,phase_parse,7,1471,,simulation_error,"{""InstructionError"":[2,""ComputationalBudgetExceeded""]}",0,0,0,0,0,0,7016,650,100
whir_t128_johnson_full,baseline_round0,raw_fibers,minimal_subtree,128.0,whir_johnson_full,0,50,8,2,1,32,4,16,9896,640,16,32768,1,phase_ood,8,7001,,simulation_error,"{""InstructionError"":[2,""ComputationalBudgetExceeded""]}",0,0,0,0,0,0,7016,650,100
whir_t128_johnson_full,baseline_round0,raw_fibers,minimal_subtree,128.0,whir_johnson_full,0,50,8,2,1,32,4,16,9896,640,16,32768,1,phase_parse,8,1471,,simulation_error,"{""InstructionError"":[2,""ComputationalBudgetExceeded""]}",0,0,0,0,0,0,7016,650,100
whir_t128_johnson_full,baseline_round0,raw_fibers,minimal_subtree,128.0,whir_johnson_full,0,50,8,2,1,32,4,16,9896,640,16,32768,1,phase_ood,9,7001,,simulation_error,"{""InstructionError"":[2,""ComputationalBudgetExceeded""]}",0,0,0,0,0,0,7016,650,100
whir_t128_johnson_full,baseline_round0,raw_fibers,minimal_subtree,128.0,whir_johnson_full,0,50,8,2,1,32,4,16,9896,640,16,32768,1,phase_parse,9,1471,,simulation_error,"{""InstructionError"":[2,""ComputationalBudgetExceeded""]}",0,0,0,0,0,0,7016,650,100
whir_t128_johnson_full,round_reuse_batch_inverse,raw_fibers,minimal_subtree,128.0,whir_johnson_full,0,50,8,2,1,32,4,16,9896,640,16,32768,1,host_verify,0,,18036833,ok,,243,15999,708,2726,650,50,2762,751,2
whir_t128_johnson_full,round_reuse_batch_inverse,raw_fibers,minimal_subtree,128.0,whir_johnson_full,0,50,8,2,1,32,4,16,9896,640,16,32768,1,verify_sbf,0,1400000,,simulation_error,"{""InstructionError"":[2,""ProgramFailedToComplete""]}",243,15999,708,2726,650,50,2762,751,2
whir_t128_johnson_full,round_reuse_batch_inverse,raw_fibers,minimal_subtree,128.0,whir_johnson_full,0,50,8,2,1,32,4,16,9896,640,16,32768,1,verify_sbf,1,1400000,,simulation_error,"{""InstructionError"":[2,""ProgramFailedToComplete""]}",243,15999,708,2726,650,50,2762,751,2
whir_t128_johnson_full,round_reuse_batch_inverse,raw_fibers,minimal_subtree,128.0,whir_johnson_full,0,50,8,2,1,32,4,16,9896,640,16,32768,1,verify_sbf,2,1400000,,simulation_error,"{""InstructionError"":[2,""ProgramFailedToComplete""]}",243,15999,708,2726,650,50,2762,751,2
whir_t128_johnson_full,round_reuse_batch_inverse,raw_fibers,minimal_subtree,128.0,whir_johnson_full,0,50,8,2,1,32,4,16,9896,640,16,32768,1,verify_sbf,3,1400000,,simulation_error,"{""InstructionError"":[2,""ProgramFailedToComplete""]}",243,15999,708,2726,650,50,2762,751,2
whir_t128_johnson_full,round_reuse_batch_inverse,raw_fibers,minimal_subtree,128.0,whir_johnson_full,0,50,8,2,1,32,4,16,9896,640,16,32768,1,verify_sbf,4,1400000,,simulation_error,"{""InstructionError"":[2,""ProgramFailedToComplete""]}",243,15999,708,2726,650,50,2762,751,2
whir_t128_johnson_full,round_reuse_batch_inverse,raw_fibers,minimal_subtree,128.0,whir_johnson_full,0,50,8,2,1,32,4,16,9896,640,16,32768,1,verify_sbf,5,1400000,,simulation_error,"{""InstructionError"":[2,""ProgramFailedToComplete""]}",243,15999,708,2726,650,50,2762,751,2
whir_t128_johnson_full,round_reuse_batch_inverse,raw_fibers,minimal_subtree,128.0,whir_johnson_full,0,50,8,2,1,32,4,16,9896,640,16,32768,1,verify_sbf,6,1400000,,simulation_error,"{""InstructionError"":[2,""ProgramFailedToComplete""]}",243,15999,708,2726,650,50,2762,751,2
whir_t128_johnson_full,round_reuse_batch_inverse,raw_fibers,minimal_subtree,128.0,whir_johnson_full,0,50,8,2,1,32,4,16,9896,640,16,32768,1,verify_sbf,7,1400000,,simulation_error,"{""InstructionError"":[2,""ProgramFailedToComplete""]}",243,15999,708,2726,650,50,2762,751,2
whir_t128_johnson_full,round_reuse_batch_inverse,raw_fibers,minimal_subtree,128.0,whir_johnson_full,0,50,8,2,1,32,4,16,9896,640,16,32768,1,verify_sbf,8,1400000,,simulation_error,"{""InstructionError"":[2,""ProgramFailedToComplete""]}",243,15999,708,2726,650,50,2762,751,2
whir_t128_johnson_full,round_reuse_batch_inverse,raw_fibers,minimal_subtree,128.0,whir_johnson_full,0,50,8,2,1,32,4,16,9896,640,16,32768,1,verify_sbf,9,1400000,,simulation_error,"{""InstructionError"":[2,""ProgramFailedToComplete""]}",243,15999,708,2726,650,50,2762,751,2
whir_t128_johnson_full,round_reuse_batch_inverse,raw_fibers,minimal_subtree,128.0,whir_johnson_full,0,50,8,2,1,32,4,16,9896,640,16,32768,1,phase_ood,0,7001,,simulation_error,"{""InstructionError"":[2,""ComputationalBudgetExceeded""]}",0,0,0,0,0,0,2762,751,2
whir_t128_johnson_full,round_reuse_batch_inverse,raw_fibers,minimal_subtree,128.0,whir_johnson_full,0,50,8,2,1,32,4,16,9896,640,16,32768,1,phase_parse,0,1471,,simulation_error,"{""InstructionError"":[2,""ComputationalBudgetExceeded""]}",0,0,0,0,0,0,2762,751,2
whir_t128_johnson_full,round_reuse_batch_inverse,raw_fibers,minimal_subtree,128.0,whir_johnson_full,0,50,8,2,1,32,4,16,9896,640,16,32768,1,phase_ood,1,7001,,simulation_error,"{""InstructionError"":[2,""ComputationalBudgetExceeded""]}",0,0,0,0,0,0,2762,751,2
whir_t128_johnson_full,round_reuse_batch_inverse,raw_fibers,minimal_subtree,128.0,whir_johnson_full,0,50,8,2,1,32,4,16,9896,640,16,32768,1,phase_parse,1,1471,,simulation_error,"{""InstructionError"":[2,""ComputationalBudgetExceeded""]}",0,0,0,0,0,0,2762,751,2
whir_t128_johnson_full,round_reuse_batch_inverse,raw_fibers,minimal_subtree,128.0,whir_johnson_full,0,50,8,2,1,32,4,16,9896,640,16,32768,1,phase_ood,2,7001,,simulation_error,"{""InstructionError"":[2,""ComputationalBudgetExceeded""]}",0,0,0,0,0,0,2762,751,2
whir_t128_johnson_full,round_reuse_batch_inverse,raw_fibers,minimal_subtree,128.0,whir_johnson_full,0,50,8,2,1,32,4,16,9896,640,16,32768,1,phase_parse,2,1471,,simulation_error,"{""InstructionError"":[2,""ComputationalBudgetExceeded""]}",0,0,0,0,0,0,2762,751,2
whir_t128_johnson_full,round_reuse_batch_inverse,raw_fibers,minimal_subtree,128.0,whir_johnson_full,0,50,8,2,1,32,4,16,9896,640,16,32768,1,phase_ood,3,7001,,simulation_error,"{""InstructionError"":[2,""ComputationalBudgetExceeded""]}",0,0,0,0,0,0,2762,751,2
whir_t128_johnson_full,round_reuse_batch_inverse,raw_fibers,minimal_subtree,128.0,whir_johnson_full,0,50,8,2,1,32,4,16,9896,640,16,32768,1,phase_parse,3,1471,,simulation_error,"{""InstructionError"":[2,""ComputationalBudgetExceeded""]}",0,0,0,0,0,0,2762,751,2
whir_t128_johnson_full,round_reuse_batch_inverse,raw_fibers,minimal_subtree,128.0,whir_johnson_full,0,50,8,2,1,32,4,16,9896,640,16,32768,1,phase_ood,4,7001,,simulation_error,"{""InstructionError"":[2,""ComputationalBudgetExceeded""]}",0,0,0,0,0,0,2762,751,2
whir_t128_johnson_full,round_reuse_batch_inverse,raw_fibers,minimal_subtree,128.0,whir_johnson_full,0,50,8,2,1,32,4,16,9896,640,16,32768,1,phase_parse,4,1471,,simulation_error,"{""InstructionError"":[2,""ComputationalBudgetExceeded""]}",0,0,0,0,0,0,2762,751,2
whir_t128_johnson_full,round_reuse_batch_inverse,raw_fibers,minimal_subtree,128.0,whir_johnson_full,0,50,8,2,1,32,4,16,9896,640,16,32768,1,phase_ood,5,7001,,simulation_error,"{""InstructionError"":[2,""ComputationalBudgetExceeded""]}",0,0,0,0,0,0,2762,751,2
whir_t128_johnson_full,round_reuse_batch_inverse,raw_fibers,minimal_subtree,128.0,whir_johnson_full,0,50,8,2,1,32,4,16,9896,640,16,32768,1,phase_parse,5,1471,,simulation_error,"{""InstructionError"":[2,""ComputationalBudgetExceeded""]}",0,0,0,0,0,0,2762,751,2
whir_t128_johnson_full,round_reuse_batch_inverse,raw_fibers,minimal_subtree,128.0,whir_johnson_full,0,50,8,2,1,32,4,16,9896,640,16,32768,1,phase_ood,6,7001,,simulation_error,"{""InstructionError"":[2,""ComputationalBudgetExceeded""]}",0,0,0,0,0,0,2762,751,2
whir_t128_johnson_full,round_reuse_batch_inverse,raw_fibers,minimal_subtree,128.0,whir_johnson_full,0,50,8,2,1,32,4,16,9896,640,16,32768,1,phase_parse,6,1471,,simulation_error,"{""InstructionError"":[2,""ComputationalBudgetExceeded""]}",0,0,0,0,0,0,2762,751,2
whir_t128_johnson_full,round_reuse_batch_inverse,raw_fibers,minimal_subtree,128.0,whir_johnson_full,0,50,8,2,1,32,4,16,9896,640,16,32768,1,phase_ood,7,7001,,simulation_error,"{""InstructionError"":[2,""ComputationalBudgetExceeded""]}",0,0,0,0,0,0,2762,751,2
whir_t128_johnson_full,round_reuse_batch_inverse,raw_fibers,minimal_subtree,128.0,whir_johnson_full,0,50,8,2,1,32,4,16,9896,640,16,32768,1,phase_parse,7,1471,,simulation_error,"{""InstructionError"":[2,""ComputationalBudgetExceeded""]}",0,0,0,0,0,0,2762,751,2
whir_t128_johnson_full,round_reuse_batch_inverse,raw_fibers,minimal_subtree,128.0,whir_johnson_full,0,50,8,2,1,32,4,16,9896,640,16,32768,1,phase_ood,8,7001,,simulation_error,"{""InstructionError"":[2,""ComputationalBudgetExceeded""]}",0,0,0,0,0,0,2762,751,2
whir_t128_johnson_full,round_reuse_batch_inverse,raw_fibers,minimal_subtree,128.0,whir_johnson_full,0,50,8,2,1,32,4,16,9896,640,16,32768,1,phase_parse,8,1471,,simulation_error,"{""InstructionError"":[2,""ComputationalBudgetExceeded""]}",0,0,0,0,0,0,2762,751,2
whir_t128_johnson_full,round_reuse_batch_inverse,raw_fibers,minimal_subtree,128.0,whir_johnson_full,0,50,8,2,1,32,4,16,9896,640,16,32768,1,phase_ood,9,7001,,simulation_error,"{""InstructionError"":[2,""ComputationalBudgetExceeded""]}",0,0,0,0,0,0,2762,751,2
whir_t128_johnson_full,round_reuse_batch_inverse,raw_fibers,minimal_subtree,128.0,whir_johnson_full,0,50,8,2,1,32,4,16,9896,640,16,32768,1,phase_parse,9,1471,,simulation_error,"{""InstructionError"":[2,""ComputationalBudgetExceeded""]}",0,0,0,0,0,0,2762,751,2
whir_t128_johnson_full,baseline_round0,local_interpolant,minimal_subtree,128.0,whir_johnson_full,0,50,8,2,1,32,4,16,9896,640,16,32768,1,host_verify,0,,21660292,ok,,243,15999,708,5612,500,50,7216,650,100
whir_t128_johnson_full,baseline_round0,local_interpolant,minimal_subtree,128.0,whir_johnson_full,0,50,8,2,1,32,4,16,9896,640,16,32768,1,verify_sbf,0,1400000,,simulation_error,"{""InstructionError"":[2,""ComputationalBudgetExceeded""]}",243,15999,708,5612,500,50,7216,650,100
whir_t128_johnson_full,baseline_round0,local_interpolant,minimal_subtree,128.0,whir_johnson_full,0,50,8,2,1,32,4,16,9896,640,16,32768,1,verify_sbf,1,1400000,,simulation_error,"{""InstructionError"":[2,""ComputationalBudgetExceeded""]}",243,15999,708,5612,500,50,7216,650,100
whir_t128_johnson_full,baseline_round0,local_interpolant,minimal_subtree,128.0,whir_johnson_full,0,50,8,2,1,32,4,16,9896,640,16,32768,1,verify_sbf,2,1400000,,simulation_error,"{""InstructionError"":[2,""ComputationalBudgetExceeded""]}",243,15999,708,5612,500,50,7216,650,100
whir_t128_johnson_full,baseline_round0,local_interpolant,minimal_subtree,128.0,whir_johnson_full,0,50,8,2,1,32,4,16,9896,640,16,32768,1,verify_sbf,3,1400000,,simulation_error,"{""InstructionError"":[2,""ComputationalBudgetExceeded""]}",243,15999,708,5612,500,50,7216,650,100
whir_t128_johnson_full,baseline_round0,local_interpolant,minimal_subtree,128.0,whir_johnson_full,0,50,8,2,1,32,4,16,9896,640,16,32768,1,verify_sbf,4,1400000,,simulation_error,"{""InstructionError"":[2,""ComputationalBudgetExceeded""]}",243,15999,708,5612,500,50,7216,650,100
whir_t128_johnson_full,baseline_round0,local_interpolant,minimal_subtree,128.0,whir_johnson_full,0,50,8,2,1,32,4,16,9896,640,16,32768,1,verify_sbf,5,1400000,,simulation_error,"{""InstructionError"":[2,""ComputationalBudgetExceeded""]}",243,15999,708,5612,500,50,7216,650,100
whir_t128_johnson_full,baseline_round0,local_interpolant,minimal_subtree,128.0,whir_johnson_full,0,50,8,2,1,32,4,16,9896,640,16,32768,1,verify_sbf,6,1400000,,simulation_error,"{""InstructionError"":[2,""ComputationalBudgetExceeded""]}",243,15999,708,5612,500,50,7216,650,100
whir_t128_johnson_full,baseline_round0,local_interpolant,minimal_subtree,128.0,whir_johnson_full,0,50,8,2,1,32,4,16,9896,640,16,32768,1,verify_sbf,7,1400000,,simulation_error,"{""InstructionError"":[2,""ComputationalBudgetExceeded""]}",243,15999,708,5612,500,50,7216,650,100
whir_t128_johnson_full,baseline_round0,local_interpolant,minimal_subtree,128.0,whir_johnson_full,0,50,8,2,1,32,4,16,9896,640,16,32768,1,verify_sbf,8,1400000,,simulation_error,"{""InstructionError"":[2,""ComputationalBudgetExceeded""]}",243,15999,708,5612,500,50,7216,650,100
whir_t128_johnson_full,baseline_round0,local_interpolant,minimal_subtree,128.0,whir_johnson_full,0,50,8,2,1,32,4,16,9896,640,16,32768,1,verify_sbf,9,1400000,,simulation_error,"{""InstructionError"":[2,""ComputationalBudgetExceeded""]}",243,15999,708,5612,500,50,7216,650,100
whir_t128_johnson_full,baseline_round0,local_interpolant,minimal_subtree,128.0,whir_johnson_full,0,50,8,2,1,32,4,16,9896,640,16,32768,1,phase_ood,0,7003,,simulation_error,"{""InstructionError"":[2,""ComputationalBudgetExceeded""]}",0,0,0,0,0,0,7216,650,100
whir_t128_johnson_full,baseline_round0,local_interpolant,minimal_subtree,128.0,whir_johnson_full,0,50,8,2,1,32,4,16,9896,640,16,32768,1,phase_parse,0,1473,,simulation_error,"{""InstructionError"":[2,""ComputationalBudgetExceeded""]}",0,0,0,0,0,0,7216,650,100
whir_t128_johnson_full,baseline_round0,local_interpolant,minimal_subtree,128.0,whir_johnson_full,0,50,8,2,1,32,4,16,9896,640,16,32768,1,phase_ood,1,7003,,simulation_error,"{""InstructionError"":[2,""ComputationalBudgetExceeded""]}",0,0,0,0,0,0,7216,650,100
whir_t128_johnson_full,baseline_round0,local_interpolant,minimal_subtree,128.0,whir_johnson_full,0,50,8,2,1,32,4,16,9896,640,16,32768,1,phase_parse,1,1473,,simulation_error,"{""InstructionError"":[2,""ComputationalBudgetExceeded""]}",0,0,0,0,0,0,7216,650,100
whir_t128_johnson_full,baseline_round0,local_interpolant,minimal_subtree,128.0,whir_johnson_full,0,50,8,2,1,32,4,16,9896,640,16,32768,1,phase_ood,2,7003,,simulation_error,"{""InstructionError"":[2,""ComputationalBudgetExceeded""]}",0,0,0,0,0,0,7216,650,100
whir_t128_johnson_full,baseline_round0,local_interpolant,minimal_subtree,128.0,whir_johnson_full,0,50,8,2,1,32,4,16,9896,640,16,32768,1,phase_parse,2,1473,,simulation_error,"{""InstructionError"":[2,""ComputationalBudgetExceeded""]}",0,0,0,0,0,0,7216,650,100
whir_t128_johnson_full,baseline_round0,local_interpolant,minimal_subtree,128.0,whir_johnson_full,0,50,8,2,1,32,4,16,9896,640,16,32768,1,phase_ood,3,7003,,simulation_error,"{""InstructionError"":[2,""ComputationalBudgetExceeded""]}",0,0,0,0,0,0,7216,650,100
whir_t128_johnson_full,baseline_round0,local_interpolant,minimal_subtree,128.0,whir_johnson_full,0,50,8,2,1,32,4,16,9896,640,16,32768,1,phase_parse,3,1473,,simulation_error,"{""InstructionError"":[2,""ComputationalBudgetExceeded""]}",0,0,0,0,0,0,7216,650,100
whir_t128_johnson_full,baseline_round0,local_interpolant,minimal_subtree,128.0,whir_johnson_full,0,50,8,2,1,32,4,16,9896,640,16,32768,1,phase_ood,4,7003,,simulation_error,"{""InstructionError"":[2,""ComputationalBudgetExceeded""]}",0,0,0,0,0,0,7216,650,100
whir_t128_johnson_full,baseline_round0,local_interpolant,minimal_subtree,128.0,whir_johnson_full,0,50,8,2,1,32,4,16,9896,640,16,32768,1,phase_parse,4,1473,,simulation_error,"{""InstructionError"":[2,""ComputationalBudgetExceeded""]}",0,0,0,0,0,0,7216,650,100
whir_t128_johnson_full,baseline_round0,local_interpolant,minimal_subtree,128.0,whir_johnson_full,0,50,8,2,1,32,4,16,9896,640,16,32768,1,phase_ood,5,7003,,simulation_error,"{""InstructionError"":[2,""ComputationalBudgetExceeded""]}",0,0,0,0,0,0,7216,650,100
whir_t128_johnson_full,baseline_round0,local_interpolant,minimal_subtree,128.0,whir_johnson_full,0,50,8,2,1,32,4,16,9896,640,16,32768,1,phase_parse,5,1473,,simulation_error,"{""InstructionError"":[2,""ComputationalBudgetExceeded""]}",0,0,0,0,0,0,7216,650,100
whir_t128_johnson_full,baseline_round0,local_interpolant,minimal_subtree,128.0,whir_johnson_full,0,50,8,2,1,32,4,16,9896,640,16,32768,1,phase_ood,6,7003,,simulation_error,"{""InstructionError"":[2,""ComputationalBudgetExceeded""]}",0,0,0,0,0,0,7216,650,100
whir_t128_johnson_full,baseline_round0,local_interpolant,minimal_subtree,128.0,whir_johnson_full,0,50,8,2,1,32,4,16,9896,640,16,32768,1,phase_parse,6,1473,,simulation_error,"{""InstructionError"":[2,""ComputationalBudgetExceeded""]}",0,0,0,0,0,0,7216,650,100
whir_t128_johnson_full,baseline_round0,local_interpolant,minimal_subtree,128.0,whir_johnson_full,0,50,8,2,1,32,4,16,9896,640,16,32768,1,phase_ood,7,7003,,simulation_error,"{""InstructionError"":[2,""ComputationalBudgetExceeded""]}",0,0,0,0,0,0,7216,650,100
whir_t128_johnson_full,baseline_round0,local_interpolant,minimal_subtree,128.0,whir_johnson_full,0,50,8,2,1,32,4,16,9896,640,16,32768,1,phase_parse,7,1473,,simulation_error,"{""InstructionError"":[2,""ComputationalBudgetExceeded""]}",0,0,0,0,0,0,7216,650,100
whir_t128_johnson_full,baseline_round0,local_interpolant,minimal_subtree,128.0,whir_johnson_full,0,50,8,2,1,32,4,16,9896,640,16,32768,1,phase_ood,8,7003,,simulation_error,"{""InstructionError"":[2,""ComputationalBudgetExceeded""]}",0,0,0,0,0,0,7216,650,100
whir_t128_johnson_full,baseline_round0,local_interpolant,minimal_subtree,128.0,whir_johnson_full,0,50,8,2,1,32,4,16,9896,640,16,32768,1,phase_parse,8,1473,,simulation_error,"{""InstructionError"":[2,""ComputationalBudgetExceeded""]}",0,0,0,0,0,0,7216,650,100
whir_t128_johnson_full,baseline_round0,local_interpolant,minimal_subtree,128.0,whir_johnson_full,0,50,8,2,1,32,4,16,9896,640,16,32768,1,phase_ood,9,7003,,simulation_error,"{""InstructionError"":[2,""ComputationalBudgetExceeded""]}",0,0,0,0,0,0,7216,650,100
whir_t128_johnson_full,baseline_round0,local_interpolant,minimal_subtree,128.0,whir_johnson_full,0,50,8,2,1,32,4,16,9896,640,16,32768,1,phase_parse,9,1473,,simulation_error,"{""InstructionError"":[2,""ComputationalBudgetExceeded""]}",0,0,0,0,0,0,7216,650,100
whir_t128_johnson_full,round_reuse_batch_inverse,local_interpolant,minimal_subtree,128.0,whir_johnson_full,0,50,8,2,1,32,4,16,9896,640,16,32768,1,host_verify,0,,16574000,ok,,243,15999,708,2926,650,50,2962,751,2
whir_t128_johnson_full,round_reuse_batch_inverse,local_interpolant,minimal_subtree,128.0,whir_johnson_full,0,50,8,2,1,32,4,16,9896,640,16,32768,1,verify_sbf,0,1400000,,simulation_error,"{""InstructionError"":[2,""ProgramFailedToComplete""]}",243,15999,708,2926,650,50,2962,751,2
whir_t128_johnson_full,round_reuse_batch_inverse,local_interpolant,minimal_subtree,128.0,whir_johnson_full,0,50,8,2,1,32,4,16,9896,640,16,32768,1,verify_sbf,1,1400000,,simulation_error,"{""InstructionError"":[2,""ProgramFailedToComplete""]}",243,15999,708,2926,650,50,2962,751,2
whir_t128_johnson_full,round_reuse_batch_inverse,local_interpolant,minimal_subtree,128.0,whir_johnson_full,0,50,8,2,1,32,4,16,9896,640,16,32768,1,verify_sbf,2,1400000,,simulation_error,"{""InstructionError"":[2,""ProgramFailedToComplete""]}",243,15999,708,2926,650,50,2962,751,2
whir_t128_johnson_full,round_reuse_batch_inverse,local_interpolant,minimal_subtree,128.0,whir_johnson_full,0,50,8,2,1,32,4,16,9896,640,16,32768,1,verify_sbf,3,1400000,,simulation_error,"{""InstructionError"":[2,""ProgramFailedToComplete""]}",243,15999,708,2926,650,50,2962,751,2
whir_t128_johnson_full,round_reuse_batch_inverse,local_interpolant,minimal_subtree,128.0,whir_johnson_full,0,50,8,2,1,32,4,16,9896,640,16,32768,1,verify_sbf,4,1400000,,simulation_error,"{""InstructionError"":[2,""ProgramFailedToComplete""]}",243,15999,708,2926,650,50,2962,751,2
whir_t128_johnson_full,round_reuse_batch_inverse,local_interpolant,minimal_subtree,128.0,whir_johnson_full,0,50,8,2,1,32,4,16,9896,640,16,32768,1,verify_sbf,5,1400000,,simulation_error,"{""InstructionError"":[2,""ProgramFailedToComplete""]}",243,15999,708,2926,650,50,2962,751,2
whir_t128_johnson_full,round_reuse_batch_inverse,local_interpolant,minimal_subtree,128.0,whir_johnson_full,0,50,8,2,1,32,4,16,9896,640,16,32768,1,verify_sbf,6,1400000,,simulation_error,"{""InstructionError"":[2,""ProgramFailedToComplete""]}",243,15999,708,2926,650,50,2962,751,2
whir_t128_johnson_full,round_reuse_batch_inverse,local_interpolant,minimal_subtree,128.0,whir_johnson_full,0,50,8,2,1,32,4,16,9896,640,16,32768,1,verify_sbf,7,1400000,,simulation_error,"{""InstructionError"":[2,""ProgramFailedToComplete""]}",243,15999,708,2926,650,50,2962,751,2
whir_t128_johnson_full,round_reuse_batch_inverse,local_interpolant,minimal_subtree,128.0,whir_johnson_full,0,50,8,2,1,32,4,16,9896,640,16,32768,1,verify_sbf,8,1400000,,simulation_error,"{""InstructionError"":[2,""ProgramFailedToComplete""]}",243,15999,708,2926,650,50,2962,751,2
whir_t128_johnson_full,round_reuse_batch_inverse,local_interpolant,minimal_subtree,128.0,whir_johnson_full,0,50,8,2,1,32,4,16,9896,640,16,32768,1,verify_sbf,9,1400000,,simulation_error,"{""InstructionError"":[2,""ProgramFailedToComplete""]}",243,15999,708,2926,650,50,2962,751,2
whir_t128_johnson_full,round_reuse_batch_inverse,local_interpolant,minimal_subtree,128.0,whir_johnson_full,0,50,8,2,1,32,4,16,9896,640,16,32768,1,phase_ood,0,7003,,simulation_error,"{""InstructionError"":[2,""ProgramFailedToComplete""]}",0,0,0,0,0,0,2962,751,2
whir_t128_johnson_full,round_reuse_batch_inverse,local_interpolant,minimal_subtree,128.0,whir_johnson_full,0,50,8,2,1,32,4,16,9896,640,16,32768,1,phase_parse,0,1473,,simulation_error,"{""InstructionError"":[2,""ProgramFailedToComplete""]}",0,0,0,0,0,0,2962,751,2
whir_t128_johnson_full,round_reuse_batch_inverse,local_interpolant,minimal_subtree,128.0,whir_johnson_full,0,50,8,2,1,32,4,16,9896,640,16,32768,1,phase_ood,1,7003,,simulation_error,"{""InstructionError"":[2,""ProgramFailedToComplete""]}",0,0,0,0,0,0,2962,751,2
whir_t128_johnson_full,round_reuse_batch_inverse,local_interpolant,minimal_subtree,128.0,whir_johnson_full,0,50,8,2,1,32,4,16,9896,640,16,32768,1,phase_parse,1,1473,,simulation_error,"{""InstructionError"":[2,""ProgramFailedToComplete""]}",0,0,0,0,0,0,2962,751,2
whir_t128_johnson_full,round_reuse_batch_inverse,local_interpolant,minimal_subtree,128.0,whir_johnson_full,0,50,8,2,1,32,4,16,9896,640,16,32768,1,phase_ood,2,7003,,simulation_error,"{""InstructionError"":[2,""ProgramFailedToComplete""]}",0,0,0,0,0,0,2962,751,2
whir_t128_johnson_full,round_reuse_batch_inverse,local_interpolant,minimal_subtree,128.0,whir_johnson_full,0,50,8,2,1,32,4,16,9896,640,16,32768,1,phase_parse,2,1473,,simulation_error,"{""InstructionError"":[2,""ProgramFailedToComplete""]}",0,0,0,0,0,0,2962,751,2
whir_t128_johnson_full,round_reuse_batch_inverse,local_interpolant,minimal_subtree,128.0,whir_johnson_full,0,50,8,2,1,32,4,16,9896,640,16,32768,1,phase_ood,3,7003,,simulation_error,"{""InstructionError"":[2,""ProgramFailedToComplete""]}",0,0,0,0,0,0,2962,751,2
whir_t128_johnson_full,round_reuse_batch_inverse,local_interpolant,minimal_subtree,128.0,whir_johnson_full,0,50,8,2,1,32,4,16,9896,640,16,32768,1,phase_parse,3,1473,,simulation_error,"{""InstructionError"":[2,""ProgramFailedToComplete""]}",0,0,0,0,0,0,2962,751,2
whir_t128_johnson_full,round_reuse_batch_inverse,local_interpolant,minimal_subtree,128.0,whir_johnson_full,0,50,8,2,1,32,4,16,9896,640,16,32768,1,phase_ood,4,7003,,simulation_error,"{""InstructionError"":[2,""ProgramFailedToComplete""]}",0,0,0,0,0,0,2962,751,2
whir_t128_johnson_full,round_reuse_batch_inverse,local_interpolant,minimal_subtree,128.0,whir_johnson_full,0,50,8,2,1,32,4,16,9896,640,16,32768,1,phase_parse,4,1473,,simulation_error,"{""InstructionError"":[2,""ProgramFailedToComplete""]}",0,0,0,0,0,0,2962,751,2
whir_t128_johnson_full,round_reuse_batch_inverse,local_interpolant,minimal_subtree,128.0,whir_johnson_full,0,50,8,2,1,32,4,16,9896,640,16,32768,1,phase_ood,5,7003,,simulation_error,"{""InstructionError"":[2,""ProgramFailedToComplete""]}",0,0,0,0,0,0,2962,751,2
whir_t128_johnson_full,round_reuse_batch_inverse,local_interpolant,minimal_subtree,128.0,whir_johnson_full,0,50,8,2,1,32,4,16,9896,640,16,32768,1,phase_parse,5,1473,,simulation_error,"{""InstructionError"":[2,""ProgramFailedToComplete""]}",0,0,0,0,0,0,2962,751,2
whir_t128_johnson_full,round_reuse_batch_inverse,local_interpolant,minimal_subtree,128.0,whir_johnson_full,0,50,8,2,1,32,4,16,9896,640,16,32768,1,phase_ood,6,7003,,simulation_error,"{""InstructionError"":[2,""ProgramFailedToComplete""]}",0,0,0,0,0,0,2962,751,2
whir_t128_johnson_full,round_reuse_batch_inverse,local_interpolant,minimal_subtree,128.0,whir_johnson_full,0,50,8,2,1,32,4,16,9896,640,16,32768,1,phase_parse,6,1473,,simulation_error,"{""InstructionError"":[2,""ProgramFailedToComplete""]}",0,0,0,0,0,0,2962,751,2
whir_t128_johnson_full,round_reuse_batch_inverse,local_interpolant,minimal_subtree,128.0,whir_johnson_full,0,50,8,2,1,32,4,16,9896,640,16,32768,1,phase_ood,7,7003,,simulation_error,"{""InstructionError"":[2,""ProgramFailedToComplete""]}",0,0,0,0,0,0,2962,751,2
whir_t128_johnson_full,round_reuse_batch_inverse,local_interpolant,minimal_subtree,128.0,whir_johnson_full,0,50,8,2,1,32,4,16,9896,640,16,32768,1,phase_parse,7,1473,,simulation_error,"{""InstructionError"":[2,""ProgramFailedToComplete""]}",0,0,0,0,0,0,2962,751,2
whir_t128_johnson_full,round_reuse_batch_inverse,local_interpolant,minimal_subtree,128.0,whir_johnson_full,0,50,8,2,1,32,4,16,9896,640,16,32768,1,phase_ood,8,7003,,simulation_error,"{""InstructionError"":[2,""ProgramFailedToComplete""]}",0,0,0,0,0,0,2962,751,2
whir_t128_johnson_full,round_reuse_batch_inverse,local_interpolant,minimal_subtree,128.0,whir_johnson_full,0,50,8,2,1,32,4,16,9896,640,16,32768,1,phase_parse,8,1473,,simulation_error,"{""InstructionError"":[2,""ProgramFailedToComplete""]}",0,0,0,0,0,0,2962,751,2
whir_t128_johnson_full,round_reuse_batch_inverse,local_interpolant,minimal_subtree,128.0,whir_johnson_full,0,50,8,2,1,32,4,16,9896,640,16,32768,1,phase_ood,9,7003,,simulation_error,"{""InstructionError"":[2,""ProgramFailedToComplete""]}",0,0,0,0,0,0,2962,751,2
whir_t128_johnson_full,round_reuse_batch_inverse,local_interpolant,minimal_subtree,128.0,whir_johnson_full,0,50,8,2,1,32,4,16,9896,640,16,32768,1,phase_parse,9,1473,,simulation_error,"{""InstructionError"":[2,""ProgramFailedToComplete""]}",0,0,0,0,0,0,2962,751,2
