REMOTE_TASK=/home/dombarker/project-offloads/aspis-higher-y.fMoMeX
TARGET=SecureCircleParameterInverse
RESEARCH_PIN=289d7356c78a4cd493fe61a54f9548f2a0c11298
BORROWED_SOURCE_PIN=26a9cd4718aae9f9de7ef1c3394fb74a229085d5
Lean (version 4.32.0, x86_64-unknown-linux-gnu, commit 8c9756b28d64dab099da31a4c09229a9e6a2ef35, Release)
679a9b20150569c194ff3c38b886447e6eaa3d5b03f3c351e437f7e497f6b46e  /home/dombarker/project-offloads/aspis-higher-y.fMoMeX/secure-circle-parameter-inverse-nuc-v4-manifest.json
8d6e09331f37a193c306274fb46953e0c19a1c953cae29d593a46d644df6fd51  /home/dombarker/project-offloads/aspis-higher-y.fMoMeX/overlay/SecureCircleParameterInverse.lean
8d6e09331f37a193c306274fb46953e0c19a1c953cae29d593a46d644df6fd51  /home/dombarker/project-offloads/aspis-higher-y.fMoMeX/secure-circle-parameter-inverse-nuc-v4-source.txt
5780e61b4d286905ab912bb6ab8e103a20908f78c11bea415db40a5fad110e52  /home/dombarker/project-offloads/aspis-higher-y.fMoMeX/run_higher_y_nuc.sh
OVERLAY_PROVENANCE_PASS=857
NATIVE_PACKAGE_CACHE_BOUNDARY=pinned revisions; not a replay of package compilation
CGROUP=/user.slice/user-1000.slice/user@1000.service/app.slice/aspis-higher-y-secure-circle-parameter-inverse-nuc-v4.scope
memory.high=8589934592
memory.max=10737418240
memory.swap.max=0
cpu.max=200000 100000
COMMAND=/home/dombarker/.elan/toolchains/leanprover--lean4---v4.32.0/bin/lean -j1 -M9500 -R /home/dombarker/project-offloads/aspis-higher-y.fMoMeX/overlay -o /home/dombarker/project-offloads/aspis-higher-y.fMoMeX/overlay/SecureCircleParameterInverse.olean /home/dombarker/project-offloads/aspis-higher-y.fMoMeX/overlay/SecureCircleParameterInverse.lean
/home/dombarker/project-offloads/aspis-higher-y.fMoMeX/overlay/SecureCircleParameterInverse.lean:19:0: warning: automatically included section variable(s) unused in theorem `AspisV8.SecureCircleParameterInverse.Generic.one_add_x`:
  [NeZero 2]
consider restructuring your `variable` declarations so that the variables are not in scope or explicitly omit them:
  omit [NeZero 2] in theorem ...

Note: This linter can be disabled with `set_option linter.unusedSectionVars false`
/home/dombarker/project-offloads/aspis-higher-y.fMoMeX/overlay/SecureCircleParameterInverse.lean:22:2: warning: Used `tac1 <;> tac2` where `(tac1; tac2)` would suffice

Note: This linter can be disabled with `set_option linter.unnecessarySeqFocus false`
/home/dombarker/project-offloads/aspis-higher-y.fMoMeX/overlay/SecureCircleParameterInverse.lean:28:2: warning: Used `tac1 <;> tac2` where `(tac1; tac2)` would suffice

Note: This linter can be disabled with `set_option linter.unnecessarySeqFocus false`
/home/dombarker/project-offloads/aspis-higher-y.fMoMeX/overlay/SecureCircleParameterInverse.lean:138:4: warning: Try `simp at invertible` instead of `simpa using invertible`

Note: This linter can be disabled with `set_option linter.unnecessarySimpa false`
/home/dombarker/project-offloads/aspis-higher-y.fMoMeX/overlay/SecureCircleParameterInverse.lean:149:8: error: maximum recursion depth has been reached
use `set_option maxRecDepth <num>` to increase limit
use `set_option diagnostics true` to get diagnostic information
t inverse : QM31Exact
invertible :
  @Eq (Option QM31Exact)
    (qm31TryInv
      (@HAdd.hAdd QM31Exact QM31Exact QM31Exact
        (@instHAdd QM31Exact
          (@QuadraticAlgebra.instAdd CM31Exact qm31R
            (@OfNat.ofNat CM31Exact (nat_lit 0)
              (@Zero.toOfNat0 CM31Exact
                (@QuadraticAlgebra.instZero M31Exact
                  (@Neg.neg M31Exact
                    (@NegZeroClass.toNeg M31Exact
                      (@SubNegZeroMonoid.toNegZeroClass M31Exact
                        (@SubtractionMonoid.toSubNegZeroMonoid M31Exact
                          (@SubtractionCommMonoid.toSubtractionMonoid M31Exact
                            (@AddCommGroup.toDivisionAddCommMonoid M31Exact
                              (@Ring.toAddCommGroup M31Exact
                                (@DivisionRing.toRing M31Exact
                                  (@Field.toDivisionRing M31Exact (@ZMod.instField P m31PrimeFact)))))))))
                    (@OfNat.ofNat M31Exact (nat_lit 1)
                      (@One.toOfNat1 M31Exact
                        (@AddMonoidWithOne.toOne M31Exact
                          (@AddGroupWithOne.toAddMonoidWithOne M31Exact
                            (@Ring.toAddGroupWithOne M31Exact
                              (@DivisionRing.toRing M31Exact
                                (@Field.toDivisionRing M31Exact (@ZMod.instField P m31PrimeFact)))))))))
                  (@OfNat.ofNat M31Exact (nat_lit 0)
                    (@Zero.toOfNat0 M31Exact
                      (@MulZeroClass.toZero M31Exact
                        (@instMulZeroClassOfSemiring M31Exact
                          (@DivisionSemiring.toSemiring M31Exact
                            (@Semifield.toDivisionSemiring M31Exact
                              (@Field.toSemifield M31Exact (@ZMod.instField P m31PrimeFact))))))))
                  (@MulZeroClass.toZero M31Exact
                    (@instMulZeroClassOfSemiring M31Exact
                      (@DivisionSemiring.toSemiring M31Exact
                        (@Semifield.toDivisionSemiring M31Exact
                          (@Field.toSemifield M31Exact (@ZMod.instField P m31PrimeFact)))))))))
            (@QuadraticAlgebra.instAdd M31Exact
              (@Neg.neg M31Exact
                (@NegZeroClass.toNeg M31Exact
                  (@SubNegZeroMonoid.toNegZeroClass M31Exact
                    (@SubtractionMonoid.toSubNegZeroMonoid M31Exact
                      (@SubtractionCommMonoid.toSubtractionMonoid M31Exact
                        (@AddCommGroup.toDivisionAddCommMonoid M31Exact
                          (@Ring.toAddCommGroup M31Exact
                            (@DivisionRing.toRing M31Exact
                              (@Field.toDivisionRing M31Exact (@ZMod.instField P m31PrimeFact)))))))))
                (@OfNat.ofNat M31Exact (nat_lit 1)
                  (@One.toOfNat1 M31Exact
                    (@AddMonoidWithOne.toOne M31Exact
                      (@AddGroupWithOne.toAddMonoidWithOne M31Exact
                        (@Ring.toAddGroupWithOne M31Exact
                          (@DivisionRing.toRing M31Exact
                            (@Field.toDivisionRing M31Exact (@ZMod.instField P m31PrimeFact)))))))))
              (@OfNat.ofNat M31Exact (nat_lit 0)
                (@Zero.toOfNat0 M31Exact
                  (@MulZeroClass.toZero M31Exact
                    (@instMulZeroClassOfSemiring M31Exact
                      (@DivisionSemiring.toSemiring M31Exact
                        (@Semifield.toDivisionSemiring M31Exact
                          (@Field.toSemifield M31Exact (@ZMod.instField P m31PrimeFact))))))))
              (@Distrib.toAdd M31Exact
                (@instDistribOfSemiring M31Exact
                  (@DivisionSemiring.toSemiring M31Exact
                    (@Semifield.toDivisionSemiring M31Exact
                      (@Field.toSemifield M31Exact (@ZMod.instField P m31PrimeFact)))))))))
        (@OfNat.ofNat QM31Exact (nat_lit 1)
          (@One.toOfNat1 QM31Exact
            (@QuadraticAlgebra.instOne CM31Exact qm31R
              (@OfNat.ofNat CM31Exact (nat_lit 0)
                (@Zero.toOfNat0 CM31Exact
                  (@QuadraticAlgebra.instZero M31Exact
                    (@Neg.neg M31Exact
                      (@NegZeroClass.toNeg M31Exact
                        (@SubNegZeroMonoid.toNegZeroClass M31Exact
                          (@SubtractionMonoid.toSubNegZeroMonoid M31Exact
                            (@SubtractionCommMonoid.toSubtractionMonoid M31Exact
                              (@AddCommGroup.toDivisionAddCommMonoid M31Exact
                                (@Ring.toAddCommGroup M31Exact
                                  (@DivisionRing.toRing M31Exact
                                    (@Field.toDivisionRing M31Exact (@ZMod.instField P m31PrimeFact)))))))))
                      (@OfNat.ofNat M31Exact (nat_lit 1)
                        (@One.toOfNat1 M31Exact
                          (@AddMonoidWithOne.toOne M31Exact
                            (@AddGroupWithOne.toAddMonoidWithOne M31Exact
                              (@Ring.toAddGroupWithOne M31Exact
                                (@DivisionRing.toRing M31Exact
                                  (@Field.toDivisionRing M31Exact (@ZMod.instField P m31PrimeFact)))))))))
                    (@OfNat.ofNat M31Exact (nat_lit 0)
                      (@Zero.toOfNat0 M31Exact
                        (@MulZeroClass.toZero M31Exact
                          (@instMulZeroClassOfSemiring M31Exact
                            (@DivisionSemiring.toSemiring M31Exact
                              (@Semifield.toDivisionSemiring M31Exact
                                (@Field.toSemifield M31Exact (@ZMod.instField P m31PrimeFact))))))))
                    (@MulZeroClass.toZero M31Exact
                      (@instMulZeroClassOfSemiring M31Exact
                        (@DivisionSemiring.toSemiring M31Exact
                          (@Semifield.toDivisionSemiring M31Exact
                            (@Field.toSemifield M31Exact (@ZMod.instField P m31PrimeFact)))))))))
              (@QuadraticAlgebra.instZero M31Exact
                (@Neg.neg M31Exact
                  (@NegZeroClass.toNeg M31Exact
                    (@SubNegZeroMonoid.toNegZeroClass M31Exact
                      (@SubtractionMonoid.toSubNegZeroMonoid M31Exact
                        (@SubtractionCommMonoid.toSubtractionMonoid M31Exact
                          (@AddCommGroup.toDivisionAddCommMonoid M31Exact
                            (@Ring.toAddCommGroup M31Exact
                              (@DivisionRing.toRing M31Exact
                                (@Field.toDivisionRing M31Exact (@ZMod.instField P m31PrimeFact)))))))))
                  (@OfNat.ofNat M31Exact (nat_lit 1)
                    (@One.toOfNat1 M31Exact
                      (@AddMonoidWithOne.toOne M31Exact
                        (@AddGroupWithOne.toAddMonoidWithOne M31Exact
                          (@Ring.toAddGroupWithOne M31Exact
                            (@DivisionRing.toRing M31Exact
                              (@Field.toDivisionRing M31Exact (@ZMod.instField P m31PrimeFact)))))))))
                (@OfNat.ofNat M31Exact (nat_lit 0)
                  (@Zero.toOfNat0 M31Exact
                    (@MulZeroClass.toZero M31Exact
                      (@instMulZeroClassOfSemiring M31Exact
                        (@DivisionSemiring.toSemiring M31Exact
                          (@Semifield.toDivisionSemiring M31Exact
                            (@Field.toSemifield M31Exact (@ZMod.instField P m31PrimeFact))))))))
                (@MulZeroClass.toZero M31Exact
                  (@instMulZeroClassOfSemiring M31Exact
                    (@DivisionSemiring.toSemiring M31Exact
                      (@Semifield.toDivisionSemiring M31Exact
                        (@Field.toSemifield M31Exact (@ZMod.instField P m31PrimeFact)))))))
              (@QuadraticAlgebra.instOne M31Exact
                (@Neg.neg M31Exact
                  (@NegZeroClass.toNeg M31Exact
                    (@SubNegZeroMonoid.toNegZeroClass M31Exact
                      (@SubtractionMonoid.toSubNegZeroMonoid M31Exact
                        (@SubtractionCommMonoid.toSubtractionMonoid M31Exact
                          (@AddCommGroup.toDivisionAddCommMonoid M31Exact
                            (@Ring.toAddCommGroup M31Exact
                              (@DivisionRing.toRing M31Exact
                                (@Field.toDivisionRing M31Exact (@ZMod.instField P m31PrimeFact)))))))))
                  (@OfNat.ofNat M31Exact (nat_lit 1)
                    (@One.toOfNat1 M31Exact
                      (@AddMonoidWithOne.toOne M31Exact
                        (@AddGroupWithOne.toAddMonoidWithOne M31Exact
                          (@Ring.toAddGroupWithOne M31Exact
                            (@DivisionRing.toRing M31Exact
                              (@Field.toDivisionRing M31Exact (@ZMod.instField P m31PrimeFact)))))))))
                (@OfNat.ofNat M31Exact (nat_lit 0)
                  (@Zero.toOfNat0 M31Exact
                    (@MulZeroClass.toZero M31Exact
                      (@instMulZeroClassOfSemiring M31Exact
                        (@DivisionSemiring.toSemiring M31Exact
                          (@Semifield.toDivisionSemiring M31Exact
                            (@Field.toSemifield M31Exact (@ZMod.instField P m31PrimeFact))))))))
                (@MulZeroClass.toZero M31Exact
                  (@instMulZeroClassOfSemiring M31Exact
                    (@DivisionSemiring.toSemiring M31Exact
                      (@Semifield.toDivisionSemiring M31Exact
                        (@Field.toSemifield M31Exact (@ZMod.instField P m31PrimeFact))))))
                (@AddMonoidWithOne.toOne M31Exact
                  (@AddGroupWithOne.toAddMonoidWithOne M31Exact
                    (@Ring.toAddGroupWithOne M31Exact
                      (@DivisionRing.toRing M31Exact
                        (@Field.toDivisionRing M31Exact (@ZMod.instField P m31PrimeFact))))))))))
        (qm31Square t)))
    (@some QM31Exact inverse)
nonzero :
  @Ne QM31Exact
    (@HAdd.hAdd QM31Exact QM31Exact QM31Exact
      (@instHAdd QM31Exact
        (@QuadraticAlgebra.instAdd CM31Exact qm31R
          (@OfNat.ofNat CM31Exact (nat_lit 0)
            (@Zero.toOfNat0 CM31Exact
              (@QuadraticAlgebra.instZero M31Exact
                (@Neg.neg M31Exact
                  (@NegZeroClass.toNeg M31Exact
                    (@SubNegZeroMonoid.toNegZeroClass M31Exact
                      (@SubtractionMonoid.toSubNegZeroMonoid M31Exact
                        (@SubtractionCommMonoid.toSubtractionMonoid M31Exact
                          (@AddCommGroup.toDivisionAddCommMonoid M31Exact
                            (@Ring.toAddCommGroup M31Exact
                              (@DivisionRing.toRing M31Exact
                                (@Field.toDivisionRing M31Exact (@ZMod.instField P m31PrimeFact)))))))))
                  (@OfNat.ofNat M31Exact (nat_lit 1)
                    (@One.toOfNat1 M31Exact
                      (@AddMonoidWithOne.toOne M31Exact
                        (@AddGroupWithOne.toAddMonoidWithOne M31Exact
                          (@Ring.toAddGroupWithOne M31Exact
                            (@DivisionRing.toRing M31Exact
                              (@Field.toDivisionRing M31Exact (@ZMod.instField P m31PrimeFact)))))))))
                (@OfNat.ofNat M31Exact (nat_lit 0)
                  (@Zero.toOfNat0 M31Exact
                    (@MulZeroClass.toZero M31Exact
                      (@instMulZeroClassOfSemiring M31Exact
                        (@DivisionSemiring.toSemiring M31Exact
                          (@Semifield.toDivisionSemiring M31Exact
                            (@Field.toSemifield M31Exact (@ZMod.instField P m31PrimeFact))))))))
                (@MulZeroClass.toZero M31Exact
                  (@instMulZeroClassOfSemiring M31Exact
                    (@DivisionSemiring.toSemiring M31Exact
                      (@Semifield.toDivisionSemiring M31Exact
                        (@Field.toSemifield M31Exact (@ZMod.instField P m31PrimeFact)))))))))
          (@QuadraticAlgebra.instAdd M31Exact
            (@Neg.neg M31Exact
              (@NegZeroClass.toNeg M31Exact
                (@SubNegZeroMonoid.toNegZeroClass M31Exact
                  (@SubtractionMonoid.toSubNegZeroMonoid M31Exact
                    (@SubtractionCommMonoid.toSubtractionMonoid M31Exact
                      (@AddCommGroup.toDivisionAddCommMonoid M31Exact
                        (@Ring.toAddCommGroup M31Exact
                          (@DivisionRing.toRing M31Exact
                            (@Field.toDivisionRing M31Exact (@ZMod.instField P m31PrimeFact)))))))))
              (@OfNat.ofNat M31Exact (nat_lit 1)
                (@One.toOfNat1 M31Exact
                  (@AddMonoidWithOne.toOne M31Exact
                    (@AddGroupWithOne.toAddMonoidWithOne M31Exact
                      (@Ring.toAddGroupWithOne M31Exact
                        (@DivisionRing.toRing M31Exact
                          (@Field.toDivisionRing M31Exact (@ZMod.instField P m31PrimeFact)))))))))
            (@OfNat.ofNat M31Exact (nat_lit 0)
              (@Zero.toOfNat0 M31Exact
                (@MulZeroClass.toZero M31Exact
                  (@instMulZeroClassOfSemiring M31Exact
                    (@DivisionSemiring.toSemiring M31Exact
                      (@Semifield.toDivisionSemiring M31Exact
                        (@Field.toSemifield M31Exact (@ZMod.instField P m31PrimeFact))))))))
            (@Distrib.toAdd M31Exact
              (@instDistribOfSemiring M31Exact
                (@DivisionSemiring.toSemiring M31Exact
                  (@Semifield.toDivisionSemiring M31Exact
                    (@Field.toSemifield M31Exact (@ZMod.instField P m31PrimeFact)))))))))
      (@OfNat.ofNat QM31Exact (nat_lit 1)
        (@One.toOfNat1 QM31Exact
          (@QuadraticAlgebra.instOne CM31Exact qm31R
            (@OfNat.ofNat CM31Exact (nat_lit 0)
              (@Zero.toOfNat0 CM31Exact
                (@QuadraticAlgebra.instZero M31Exact
                  (@Neg.neg M31Exact
                    (@NegZeroClass.toNeg M31Exact
                      (@SubNegZeroMonoid.toNegZeroClass M31Exact
                        (@SubtractionMonoid.toSubNegZeroMonoid M31Exact
                          (@SubtractionCommMonoid.toSubtractionMonoid M31Exact
                            (@AddCommGroup.toDivisionAddCommMonoid M31Exact
                              (@Ring.toAddCommGroup M31Exact
                                (@DivisionRing.toRing M31Exact
                                  (@Field.toDivisionRing M31Exact (@ZMod.instField P m31PrimeFact)))))))))
                    (@OfNat.ofNat M31Exact (nat_lit 1)
                      (@One.toOfNat1 M31Exact
                        (@AddMonoidWithOne.toOne M31Exact
                          (@AddGroupWithOne.toAddMonoidWithOne M31Exact
                            (@Ring.toAddGroupWithOne M31Exact
                              (@DivisionRing.toRing M31Exact
                                (@Field.toDivisionRing M31Exact (@ZMod.instField P m31PrimeFact)))))))))
                  (@OfNat.ofNat M31Exact (nat_lit 0)
                    (@Zero.toOfNat0 M31Exact
                      (@MulZeroClass.toZero M31Exact
                        (@instMulZeroClassOfSemiring M31Exact
                          (@DivisionSemiring.toSemiring M31Exact
                            (@Semifield.toDivisionSemiring M31Exact
                              (@Field.toSemifield M31Exact (@ZMod.instField P m31PrimeFact))))))))
                  (@MulZeroClass.toZero M31Exact
                    (@instMulZeroClassOfSemiring M31Exact
                      (@DivisionSemiring.toSemiring M31Exact
                        (@Semifield.toDivisionSemiring M31Exact
                          (@Field.toSemifield M31Exact (@ZMod.instField P m31PrimeFact)))))))))
            (@QuadraticAlgebra.instZero M31Exact
              (@Neg.neg M31Exact
                (@NegZeroClass.toNeg M31Exact
                  (@SubNegZeroMonoid.toNegZeroClass M31Exact
                    (@SubtractionMonoid.toSubNegZeroMonoid M31Exact
                      (@SubtractionCommMonoid.toSubtractionMonoid M31Exact
                        (@AddCommGroup.toDivisionAddCommMonoid M31Exact
                          (@Ring.toAddCommGroup M31Exact
                            (@DivisionRing.toRing M31Exact
                              (@Field.toDivisionRing M31Exact (@ZMod.instField P m31PrimeFact)))))))))
                (@OfNat.ofNat M31Exact (nat_lit 1)
                  (@One.toOfNat1 M31Exact
                    (@AddMonoidWithOne.toOne M31Exact
                      (@AddGroupWithOne.toAddMonoidWithOne M31Exact
                        (@Ring.toAddGroupWithOne M31Exact
                          (@DivisionRing.toRing M31Exact
                            (@Field.toDivisionRing M31Exact (@ZMod.instField P m31PrimeFact)))))))))
              (@OfNat.ofNat M31Exact (nat_lit 0)
                (@Zero.toOfNat0 M31Exact
                  (@MulZeroClass.toZero M31Exact
                    (@instMulZeroClassOfSemiring M31Exact
                      (@DivisionSemiring.toSemiring M31Exact
                        (@Semifield.toDivisionSemiring M31Exact
                          (@Field.toSemifield M31Exact (@ZMod.instField P m31PrimeFact))))))))
              (@MulZeroClass.toZero M31Exact
                (@instMulZeroClassOfSemiring M31Exact
                  (@DivisionSemiring.toSemiring M31Exact
                    (@Semifield.toDivisionSemiring M31Exact
                      (@Field.toSemifield M31Exact (@ZMod.instField P m31PrimeFact)))))))
            (@QuadraticAlgebra.instOne M31Exact
              (@Neg.neg M31Exact
                (@NegZeroClass.toNeg M31Exact
                  (@SubNegZeroMonoid.toNegZeroClass M31Exact
                    (@SubtractionMonoid.toSubNegZeroMonoid M31Exact
                      (@SubtractionCommMonoid.toSubtractionMonoid M31Exact
                        (@AddCommGroup.toDivisionAddCommMonoid M31Exact
                          (@Ring.toAddCommGroup M31Exact
                            (@DivisionRing.toRing M31Exact
                              (@Field.toDivisionRing M31Exact (@ZMod.instField P m31PrimeFact)))))))))
                (@OfNat.ofNat M31Exact (nat_lit 1)
                  (@One.toOfNat1 M31Exact
                    (@AddMonoidWithOne.toOne M31Exact
                      (@AddGroupWithOne.toAddMonoidWithOne M31Exact
                        (@Ring.toAddGroupWithOne M31Exact
                          (@DivisionRing.toRing M31Exact
                            (@Field.toDivisionRing M31Exact (@ZMod.instField P m31PrimeFact)))))))))
              (@OfNat.ofNat M31Exact (nat_lit 0)
                (@Zero.toOfNat0 M31Exact
                  (@MulZeroClass.toZero M31Exact
                    (@instMulZeroClassOfSemiring M31Exact
                      (@DivisionSemiring.toSemiring M31Exact
                        (@Semifield.toDivisionSemiring M31Exact
                          (@Field.toSemifield M31Exact (@ZMod.instField P m31PrimeFact))))))))
              (@MulZeroClass.toZero M31Exact
                (@instMulZeroClassOfSemiring M31Exact
                  (@DivisionSemiring.toSemiring M31Exact
                    (@Semifield.toDivisionSemiring M31Exact
                      (@Field.toSemifield M31Exact (@ZMod.instField P m31PrimeFact))))))
              (@AddMonoidWithOne.toOne M31Exact
                (@AddGroupWithOne.toAddMonoidWithOne M31Exact
                  (@Ring.toAddGroupWithOne M31Exact
                    (@DivisionRing.toRing M31Exact
                      (@Field.toDivisionRing M31Exact (@ZMod.instField P m31PrimeFact))))))))))
      (qm31Square t))
    (@OfNat.ofNat QM31Exact (nat_lit 0)
      (@Zero.toOfNat0 QM31Exact
        (@QuadraticAlgebra.instZero CM31Exact qm31R
          (@OfNat.ofNat CM31Exact (nat_lit 0)
            (@Zero.toOfNat0 CM31Exact
              (@QuadraticAlgebra.instZero M31Exact
                (@Neg.neg M31Exact
                  (@NegZeroClass.toNeg M31Exact
                    (@SubNegZeroMonoid.toNegZeroClass M31Exact
                      (@SubtractionMonoid.toSubNegZeroMonoid M31Exact
                        (@SubtractionCommMonoid.toSubtractionMonoid M31Exact
                          (@AddCommGroup.toDivisionAddCommMonoid M31Exact
                            (@Ring.toAddCommGroup M31Exact
                              (@DivisionRing.toRing M31Exact
                                (@Field.toDivisionRing M31Exact (@ZMod.instField P m31PrimeFact)))))))))
                  (@OfNat.ofNat M31Exact (nat_lit 1)
                    (@One.toOfNat1 M31Exact
                      (@AddMonoidWithOne.toOne M31Exact
                        (@AddGroupWithOne.toAddMonoidWithOne M31Exact
                          (@Ring.toAddGroupWithOne M31Exact
                            (@DivisionRing.toRing M31Exact
                              (@Field.toDivisionRing M31Exact (@ZMod.instField P m31PrimeFact)))))))))
                (@OfNat.ofNat M31Exact (nat_lit 0)
                  (@Zero.toOfNat0 M31Exact
                    (@MulZeroClass.toZero M31Exact
                      (@instMulZeroClassOfSemiring M31Exact
                        (@DivisionSemiring.toSemiring M31Exact
                          (@Semifield.toDivisionSemiring M31Exact
                            (@Field.toSemifield M31Exact (@ZMod.instField P m31PrimeFact))))))))
                (@MulZeroClass.toZero M31Exact
                  (@instMulZeroClassOfSemiring M31Exact
                    (@DivisionSemiring.toSemiring M31Exact
                      (@Semifield.toDivisionSemiring M31Exact
                        (@Field.toSemifield M31Exact (@ZMod.instField P m31PrimeFact)))))))))
          (@QuadraticAlgebra.instZero M31Exact
            (@Neg.neg M31Exact
              (@NegZeroClass.toNeg M31Exact
                (@SubNegZeroMonoid.toNegZeroClass M31Exact
                  (@SubtractionMonoid.toSubNegZeroMonoid M31Exact
                    (@SubtractionCommMonoid.toSubtractionMonoid M31Exact
                      (@AddCommGroup.toDivisionAddCommMonoid M31Exact
                        (@Ring.toAddCommGroup M31Exact
                          (@DivisionRing.toRing M31Exact
                            (@Field.toDivisionRing M31Exact (@ZMod.instField P m31PrimeFact)))))))))
              (@OfNat.ofNat M31Exact (nat_lit 1)
                (@One.toOfNat1 M31Exact
                  (@AddMonoidWithOne.toOne M31Exact
                    (@AddGroupWithOne.toAddMonoidWithOne M31Exact
                      (@Ring.toAddGroupWithOne M31Exact
                        (@DivisionRing.toRing M31Exact
                          (@Field.toDivisionRing M31Exact (@ZMod.instField P m31PrimeFact)))))))))
            (@OfNat.ofNat M31Exact (nat_lit 0)
              (@Zero.toOfNat0 M31Exact
                (@MulZeroClass.toZero M31Exact
                  (@instMulZeroClassOfSemiring M31Exact
                    (@DivisionSemiring.toSemiring M31Exact
                      (@Semifield.toDivisionSemiring M31Exact
                        (@Field.toSemifield M31Exact (@ZMod.instField P m31PrimeFact))))))))
            (@MulZeroClass.toZero M31Exact
              (@instMulZeroClassOfSemiring M31Exact
                (@DivisionSemiring.toSemiring M31Exact
                  (@Semifield.toDivisionSemiring M31Exact
                    (@Field.toSemifield M31Exact (@ZMod.instField P m31PrimeFact))))))))))
inverseEq :
  @Eq QM31Exact inverse
    (@Inv.inv QM31Exact
      (@QuadraticAlgebra.instInv CM31Exact
        (@QuadraticAlgebra.instField M31Exact (@ZMod.instField P m31PrimeFact)
          (@Neg.neg M31Exact
            (@NegZeroClass.toNeg M31Exact
              (@SubNegZeroMonoid.toNegZeroClass M31Exact
                (@SubtractionMonoid.toSubNegZeroMonoid M31Exact
                  (@SubtractionCommMonoid.toSubtractionMonoid M31Exact
                    (@AddCommGroup.toDivisionAddCommMonoid M31Exact
                      (@Ring.toAddCommGroup M31Exact
                        (@DivisionRing.toRing M31Exact
                          (@Field.toDivisionRing M31Exact (@ZMod.instField P m31PrimeFact)))))))))
            (@OfNat.ofNat M31Exact (nat_lit 1)
              (@One.toOfNat1 M31Exact
                (@AddMonoidWithOne.toOne M31Exact
                  (@AddGroupWithOne.toAddMonoidWithOne M31Exact
                    (@Ring.toAddGroupWithOne M31Exact
                      (@DivisionRing.toRing M31Exact
                        (@Field.toDivisionRing M31Exact (@ZMod.instField P m31PrimeFact)))))))))
          (@OfNat.ofNat M31Exact (nat_lit 0)
            (@Zero.toOfNat0 M31Exact
              (@MulZeroClass.toZero M31Exact
                (@instMulZeroClassOfSemiring M31Exact
                  (@DivisionSemiring.toSemiring M31Exact
                    (@Semifield.toDivisionSemiring M31Exact
                      (@Field.toSemifield M31Exact (@ZMod.instField P m31PrimeFact))))))))
          cm31Rootless)
        qm31R
        (@OfNat.ofNat CM31Exact (nat_lit 0)
          (@Zero.toOfNat0 CM31Exact
            (@QuadraticAlgebra.instZero M31Exact
              (@Neg.neg M31Exact
                (@NegZeroClass.toNeg M31Exact
                  (@SubNegZeroMonoid.toNegZeroClass M31Exact
                    (@SubtractionMonoid.toSubNegZeroMonoid M31Exact
                      (@SubtractionCommMonoid.toSubtractionMonoid M31Exact
                        (@AddCommGroup.toDivisionAddCommMonoid M31Exact
                          (@Ring.toAddCommGroup M31Exact
                            (@DivisionRing.toRing M31Exact
                              (@Field.toDivisionRing M31Exact (@ZMod.instField P m31PrimeFact)))))))))
                (@OfNat.ofNat M31Exact (nat_lit 1)
                  (@One.toOfNat1 M31Exact
                    (@AddMonoidWithOne.toOne M31Exact
                      (@AddGroupWithOne.toAddMonoidWithOne M31Exact
                        (@Ring.toAddGroupWithOne M31Exact
                          (@DivisionRing.toRing M31Exact
                            (@Field.toDivisionRing M31Exact (@ZMod.instField P m31PrimeFact)))))))))
              (@OfNat.ofNat M31Exact (nat_lit 0)
                (@Zero.toOfNat0 M31Exact
                  (@MulZeroClass.toZero M31Exact
                    (@instMulZeroClassOfSemiring M31Exact
                      (@DivisionSemiring.toSemiring M31Exact
                        (@Semifield.toDivisionSemiring M31Exact
                          (@Field.toSemifield M31Exact (@ZMod.instField P m31PrimeFact))))))))
              (@MulZeroClass.toZero M31Exact
                (@instMulZeroClassOfSemiring M31Exact
                  (@DivisionSemiring.toSemiring M31Exact
                    (@Semifield.toDivisionSemiring M31Exact
                      (@Field.toSemifield M31Exact (@ZMod.instField P m31PrimeFact))))))))))
      (@HAdd.hAdd QM31Exact QM31Exact QM31Exact
        (@instHAdd QM31Exact
          (@QuadraticAlgebra.instAdd CM31Exact qm31R
            (@OfNat.ofNat CM31Exact (nat_lit 0)
              (@Zero.toOfNat0 CM31Exact
                (@QuadraticAlgebra.instZero M31Exact
                  (@Neg.neg M31Exact
                    (@NegZeroClass.toNeg M31Exact
                      (@SubNegZeroMonoid.toNegZeroClass M31Exact
                        (@SubtractionMonoid.toSubNegZeroMonoid M31Exact
                          (@SubtractionCommMonoid.toSubtractionMonoid M31Exact
                            (@AddCommGroup.toDivisionAddCommMonoid M31Exact
                              (@Ring.toAddCommGroup M31Exact
                                (@DivisionRing.toRing M31Exact
                                  (@Field.toDivisionRing M31Exact (@ZMod.instField P m31PrimeFact)))))))))
                    (@OfNat.ofNat M31Exact (nat_lit 1)
                      (@One.toOfNat1 M31Exact
                        (@AddMonoidWithOne.toOne M31Exact
                          (@AddGroupWithOne.toAddMonoidWithOne M31Exact
                            (@Ring.toAddGroupWithOne M31Exact
                              (@DivisionRing.toRing M31Exact
                                (@Field.toDivisionRing M31Exact (@ZMod.instField P m31PrimeFact)))))))))
                  (@OfNat.ofNat M31Exact (nat_lit 0)
                    (@Zero.toOfNat0 M31Exact
                      (@MulZeroClass.toZero M31Exact
                        (@instMulZeroClassOfSemiring M31Exact
                          (@DivisionSemiring.toSemiring M31Exact
                            (@Semifield.toDivisionSemiring M31Exact
                              (@Field.toSemifield M31Exact (@ZMod.instField P m31PrimeFact))))))))
                  (@MulZeroClass.toZero M31Exact
                    (@instMulZeroClassOfSemiring M31Exact
                      (@DivisionSemiring.toSemiring M31Exact
                        (@Semifield.toDivisionSemiring M31Exact
                          (@Field.toSemifield M31Exact (@ZMod.instField P m31PrimeFact)))))))))
            (@QuadraticAlgebra.instAdd M31Exact
              (@Neg.neg M31Exact
                (@NegZeroClass.toNeg M31Exact
                  (@SubNegZeroMonoid.toNegZeroClass M31Exact
                    (@SubtractionMonoid.toSubNegZeroMonoid M31Exact
                      (@SubtractionCommMonoid.toSubtractionMonoid M31Exact
                        (@AddCommGroup.toDivisionAddCommMonoid M31Exact
                          (@Ring.toAddCommGroup M31Exact
                            (@DivisionRing.toRing M31Exact
                              (@Field.toDivisionRing M31Exact (@ZMod.instField P m31PrimeFact)))))))))
                (@OfNat.ofNat M31Exact (nat_lit 1)
                  (@One.toOfNat1 M31Exact
                    (@AddMonoidWithOne.toOne M31Exact
                      (@AddGroupWithOne.toAddMonoidWithOne M31Exact
                        (@Ring.toAddGroupWithOne M31Exact
                          (@DivisionRing.toRing M31Exact
                            (@Field.toDivisionRing M31Exact (@ZMod.instField P m31PrimeFact)))))))))
              (@OfNat.ofNat M31Exact (nat_lit 0)
                (@Zero.toOfNat0 M31Exact
                  (@MulZeroClass.toZero M31Exact
                    (@instMulZeroClassOfSemiring M31Exact
                      (@DivisionSemiring.toSemiring M31Exact
                        (@Semifield.toDivisionSemiring M31Exact
                          (@Field.toSemifield M31Exact (@ZMod.instField P m31PrimeFact))))))))
              (@Distrib.toAdd M31Exact
                (@instDistribOfSemiring M31Exact
                  (@DivisionSemiring.toSemiring M31Exact
                    (@Semifield.toDivisionSemiring M31Exact
                      (@Field.toSemifield M31Exact (@ZMod.instField P m31PrimeFact)))))))))
        (@OfNat.ofNat QM31Exact (nat_lit 1)
          (@One.toOfNat1 QM31Exact
            (@QuadraticAlgebra.instOne CM31Exact qm31R
              (@OfNat.ofNat CM31Exact (nat_lit 0)
                (@Zero.toOfNat0 CM31Exact
                  (@QuadraticAlgebra.instZero M31Exact
                    (@Neg.neg M31Exact
                      (@NegZeroClass.toNeg M31Exact
                        (@SubNegZeroMonoid.toNegZeroClass M31Exact
                          (@SubtractionMonoid.toSubNegZeroMonoid M31Exact
                            (@SubtractionCommMonoid.toSubtractionMonoid M31Exact
                              (@AddCommGroup.toDivisionAddCommMonoid M31Exact
                                (@Ring.toAddCommGroup M31Exact
                                  (@DivisionRing.toRing M31Exact
                                    (@Field.toDivisionRing M31Exact (@ZMod.instField P m31PrimeFact)))))))))
                      (@OfNat.ofNat M31Exact (nat_lit 1)
                        (@One.toOfNat1 M31Exact
                          (@AddMonoidWithOne.toOne M31Exact
                            (@AddGroupWithOne.toAddMonoidWithOne M31Exact
                              (@Ring.toAddGroupWithOne M31Exact
                                (@DivisionRing.toRing M31Exact
                                  (@Field.toDivisionRing M31Exact (@ZMod.instField P m31PrimeFact)))))))))
                    (@OfNat.ofNat M31Exact (nat_lit 0)
                      (@Zero.toOfNat0 M31Exact
                        (@MulZeroClass.toZero M31Exact
                          (@instMulZeroClassOfSemiring M31Exact
                            (@DivisionSemiring.toSemiring M31Exact
                              (@Semifield.toDivisionSemiring M31Exact
                                (@Field.toSemifield M31Exact (@ZMod.instField P m31PrimeFact))))))))
                    (@MulZeroClass.toZero M31Exact
                      (@instMulZeroClassOfSemiring M31Exact
                        (@DivisionSemiring.toSemiring M31Exact
                          (@Semifield.toDivisionSemiring M31Exact
                            (@Field.toSemifield M31Exact (@ZMod.instField P m31PrimeFact)))))))))
              (@QuadraticAlgebra.instZero M31Exact
                (@Neg.neg M31Exact
                  (@NegZeroClass.toNeg M31Exact
                    (@SubNegZeroMonoid.toNegZeroClass M31Exact
                      (@SubtractionMonoid.toSubNegZeroMonoid M31Exact
                        (@SubtractionCommMonoid.toSubtractionMonoid M31Exact
                          (@AddCommGroup.toDivisionAddCommMonoid M31Exact
                            (@Ring.toAddCommGroup M31Exact
                              (@DivisionRing.toRing M31Exact
                                (@Field.toDivisionRing M31Exact (@ZMod.instField P m31PrimeFact)))))))))
                  (@OfNat.ofNat M31Exact (nat_lit 1)
                    (@One.toOfNat1 M31Exact
                      (@AddMonoidWithOne.toOne M31Exact
                        (@AddGroupWithOne.toAddMonoidWithOne M31Exact
                          (@Ring.toAddGroupWithOne M31Exact
                            (@DivisionRing.toRing M31Exact
                              (@Field.toDivisionRing M31Exact (@ZMod.instField P m31PrimeFact)))))))))
                (@OfNat.ofNat M31Exact (nat_lit 0)
                  (@Zero.toOfNat0 M31Exact
                    (@MulZeroClass.toZero M31Exact
                      (@instMulZeroClassOfSemiring M31Exact
                        (@DivisionSemiring.toSemiring M31Exact
                          (@Semifield.toDivisionSemiring M31Exact
                            (@Field.toSemifield M31Exact (@ZMod.instField P m31PrimeFact))))))))
                (@MulZeroClass.toZero M31Exact
                  (@instMulZeroClassOfSemiring M31Exact
                    (@DivisionSemiring.toSemiring M31Exact
                      (@Semifield.toDivisionSemiring M31Exact
                        (@Field.toSemifield M31Exact (@ZMod.instField P m31PrimeFact)))))))
              (@QuadraticAlgebra.instOne M31Exact
                (@Neg.neg M31Exact
                  (@NegZeroClass.toNeg M31Exact
                    (@SubNegZeroMonoid.toNegZeroClass M31Exact
                      (@SubtractionMonoid.toSubNegZeroMonoid M31Exact
                        (@SubtractionCommMonoid.toSubtractionMonoid M31Exact
                          (@AddCommGroup.toDivisionAddCommMonoid M31Exact
                            (@Ring.toAddCommGroup M31Exact
                              (@DivisionRing.toRing M31Exact
                                (@Field.toDivisionRing M31Exact (@ZMod.instField P m31PrimeFact)))))))))
                  (@OfNat.ofNat M31Exact (nat_lit 1)
                    (@One.toOfNat1 M31Exact
                      (@AddMonoidWithOne.toOne M31Exact
                        (@AddGroupWithOne.toAddMonoidWithOne M31Exact
                          (@Ring.toAddGroupWithOne M31Exact
                            (@DivisionRing.toRing M31Exact
                              (@Field.toDivisionRing M31Exact (@ZMod.instField P m31PrimeFact)))))))))
                (@OfNat.ofNat M31Exact (nat_lit 0)
                  (@Zero.toOfNat0 M31Exact
                    (@MulZeroClass.toZero M31Exact
                      (@instMulZeroClassOfSemiring M31Exact
                        (@DivisionSemiring.toSemiring M31Exact
                          (@Semifield.toDivisionSemiring M31Exact
                            (@Field.toSemifield M31Exact (@ZMod.instField P m31PrimeFact))))))))
                (@MulZeroClass.toZero M31Exact
                  (@instMulZeroClassOfSemiring M31Exact
                    (@DivisionSemiring.toSemiring M31Exact
                      (@Semifield.toDivisionSemiring M31Exact
                        (@Field.toSemifield M31Exact (@ZMod.instField P m31PrimeFact))))))
                (@AddMonoidWithOne.toOne M31Exact
                  (@AddGroupWithOne.toAddMonoidWithOne M31Exact
                    (@Ring.toAddGroupWithOne M31Exact
                      (@DivisionRing.toRing M31Exact
                        (@Field.toDivisionRing M31Exact (@ZMod.instField P m31PrimeFact))))))))))
        (qm31Square t)))
denominator :
  @Ne QM31Exact
    (@HAdd.hAdd QM31Exact QM31Exact QM31Exact
      (@instHAdd QM31Exact
        (@QuadraticAlgebra.instAdd CM31Exact qm31R
          (@OfNat.ofNat CM31Exact (nat_lit 0)
            (@Zero.toOfNat0 CM31Exact
              (@QuadraticAlgebra.instZero M31Exact
                (@Neg.neg M31Exact
                  (@NegZeroClass.toNeg M31Exact
                    (@SubNegZeroMonoid.toNegZeroClass M31Exact
                      (@SubtractionMonoid.toSubNegZeroMonoid M31Exact
                        (@SubtractionCommMonoid.toSubtractionMonoid M31Exact
                          (@AddCommGroup.toDivisionAddCommMonoid M31Exact
                            (@Ring.toAddCommGroup M31Exact
                              (@DivisionRing.toRing M31Exact
                                (@Field.toDivisionRing M31Exact (@ZMod.instField P m31PrimeFact)))))))))
                  (@OfNat.ofNat M31Exact (nat_lit 1)
                    (@One.toOfNat1 M31Exact
                      (@AddMonoidWithOne.toOne M31Exact
                        (@AddGroupWithOne.toAddMonoidWithOne M31Exact
                          (@Ring.toAddGroupWithOne M31Exact
                            (@DivisionRing.toRing M31Exact
                              (@Field.toDivisionRing M31Exact (@ZMod.instField P m31PrimeFact)))))))))
                (@OfNat.ofNat M31Exact (nat_lit 0)
                  (@Zero.toOfNat0 M31Exact
                    (@MulZeroClass.toZero M31Exact
                      (@instMulZeroClassOfSemiring M31Exact
                        (@DivisionSemiring.toSemiring M31Exact
                          (@Semifield.toDivisionSemiring M31Exact
                            (@Field.toSemifield M31Exact (@ZMod.instField P m31PrimeFact))))))))
                (@MulZeroClass.toZero M31Exact
                  (@instMulZeroClassOfSemiring M31Exact
                    (@DivisionSemiring.toSemiring M31Exact
                      (@Semifield.toDivisionSemiring M31Exact
                        (@Field.toSemifield M31Exact (@ZMod.instField P m31PrimeFact)))))))))
          (@QuadraticAlgebra.instAdd M31Exact
            (@Neg.neg M31Exact
              (@NegZeroClass.toNeg M31Exact
                (@SubNegZeroMonoid.toNegZeroClass M31Exact
                  (@SubtractionMonoid.toSubNegZeroMonoid M31Exact
                    (@SubtractionCommMonoid.toSubtractionMonoid M31Exact
                      (@AddCommGroup.toDivisionAddCommMonoid M31Exact
                        (@Ring.toAddCommGroup M31Exact
                          (@DivisionRing.toRing M31Exact
                            (@Field.toDivisionRing M31Exact (@ZMod.instField P m31PrimeFact)))))))))
              (@OfNat.ofNat M31Exact (nat_lit 1)
                (@One.toOfNat1 M31Exact
                  (@AddMonoidWithOne.toOne M31Exact
                    (@AddGroupWithOne.toAddMonoidWithOne M31Exact
                      (@Ring.toAddGroupWithOne M31Exact
                        (@DivisionRing.toRing M31Exact
                          (@Field.toDivisionRing M31Exact (@ZMod.instField P m31PrimeFact)))))))))
            (@OfNat.ofNat M31Exact (nat_lit 0)
              (@Zero.toOfNat0 M31Exact
                (@MulZeroClass.toZero M31Exact
                  (@instMulZeroClassOfSemiring M31Exact
                    (@DivisionSemiring.toSemiring M31Exact
                      (@Semifield.toDivisionSemiring M31Exact
                        (@Field.toSemifield M31Exact (@ZMod.instField P m31PrimeFact))))))))
            (@Distrib.toAdd M31Exact
              (@instDistribOfSemiring M31Exact
                (@DivisionSemiring.toSemiring M31Exact
                  (@Semifield.toDivisionSemiring M31Exact
                    (@Field.toSemifield M31Exact (@ZMod.instField P m31PrimeFact)))))))))
      (@OfNat.ofNat QM31Exact (nat_lit 1)
        (@One.toOfNat1 QM31Exact
          (@QuadraticAlgebra.instOne CM31Exact qm31R
            (@OfNat.ofNat CM31Exact (nat_lit 0)
              (@Zero.toOfNat0 CM31Exact
                (@QuadraticAlgebra.instZero M31Exact
                  (@Neg.neg M31Exact
                    (@NegZeroClass.toNeg M31Exact
                      (@SubNegZeroMonoid.toNegZeroClass M31Exact
                        (@SubtractionMonoid.toSubNegZeroMonoid M31Exact
                          (@SubtractionCommMonoid.toSubtractionMonoid M31Exact
                            (@AddCommGroup.toDivisionAddCommMonoid M31Exact
                              (@Ring.toAddCommGroup M31Exact
                                (@DivisionRing.toRing M31Exact
                                  (@Field.toDivisionRing M31Exact (@ZMod.instField P m31PrimeFact)))))))))
                    (@OfNat.ofNat M31Exact (nat_lit 1)
                      (@One.toOfNat1 M31Exact
                        (@AddMonoidWithOne.toOne M31Exact
                          (@AddGroupWithOne.toAddMonoidWithOne M31Exact
                            (@Ring.toAddGroupWithOne M31Exact
                              (@DivisionRing.toRing M31Exact
                                (@Field.toDivisionRing M31Exact (@ZMod.instField P m31PrimeFact)))))))))
                  (@OfNat.ofNat M31Exact (nat_lit 0)
                    (@Zero.toOfNat0 M31Exact
                      (@MulZeroClass.toZero M31Exact
                        (@instMulZeroClassOfSemiring M31Exact
                          (@DivisionSemiring.toSemiring M31Exact
                            (@Semifield.toDivisionSemiring M31Exact
                              (@Field.toSemifield M31Exact (@ZMod.instField P m31PrimeFact))))))))
                  (@MulZeroClass.toZero M31Exact
                    (@instMulZeroClassOfSemiring M31Exact
                      (@DivisionSemiring.toSemiring M31Exact
                        (@Semifield.toDivisionSemiring M31Exact
                          (@Field.toSemifield M31Exact (@ZMod.instField P m31PrimeFact)))))))))
            (@QuadraticAlgebra.instZero M31Exact
              (@Neg.neg M31Exact
                (@NegZeroClass.toNeg M31Exact
                  (@SubNegZeroMonoid.toNegZeroClass M31Exact
                    (@SubtractionMonoid.toSubNegZeroMonoid M31Exact
                      (@SubtractionCommMonoid.toSubtractionMonoid M31Exact
                        (@AddCommGroup.toDivisionAddCommMonoid M31Exact
                          (@Ring.toAddCommGroup M31Exact
                            (@DivisionRing.toRing M31Exact
                              (@Field.toDivisionRing M31Exact (@ZMod.instField P m31PrimeFact)))))))))
                (@OfNat.ofNat M31Exact (nat_lit 1)
                  (@One.toOfNat1 M31Exact
                    (@AddMonoidWithOne.toOne M31Exact
                      (@AddGroupWithOne.toAddMonoidWithOne M31Exact
                        (@Ring.toAddGroupWithOne M31Exact
                          (@DivisionRing.toRing M31Exact
                            (@Field.toDivisionRing M31Exact (@ZMod.instField P m31PrimeFact)))))))))
              (@OfNat.ofNat M31Exact (nat_lit 0)
                (@Zero.toOfNat0 M31Exact
                  (@MulZeroClass.toZero M31Exact
                    (@instMulZeroClassOfSemiring M31Exact
                      (@DivisionSemiring.toSemiring M31Exact
                        (@Semifield.toDivisionSemiring M31Exact
                          (@Field.toSemifield M31Exact (@ZMod.instField P m31PrimeFact))))))))
              (@MulZeroClass.toZero M31Exact
                (@instMulZeroClassOfSemiring M31Exact
                  (@DivisionSemiring.toSemiring M31Exact
                    (@Semifield.toDivisionSemiring M31Exact
                      (@Field.toSemifield M31Exact (@ZMod.instField P m31PrimeFact)))))))
            (@QuadraticAlgebra.instOne M31Exact
              (@Neg.neg M31Exact
                (@NegZeroClass.toNeg M31Exact
                  (@SubNegZeroMonoid.toNegZeroClass M31Exact
                    (@SubtractionMonoid.toSubNegZeroMonoid M31Exact
                      (@SubtractionCommMonoid.toSubtractionMonoid M31Exact
                        (@AddCommGroup.toDivisionAddCommMonoid M31Exact
                          (@Ring.toAddCommGroup M31Exact
                            (@DivisionRing.toRing M31Exact
                              (@Field.toDivisionRing M31Exact (@ZMod.instField P m31PrimeFact)))))))))
                (@OfNat.ofNat M31Exact (nat_lit 1)
                  (@One.toOfNat1 M31Exact
                    (@AddMonoidWithOne.toOne M31Exact
                      (@AddGroupWithOne.toAddMonoidWithOne M31Exact
                        (@Ring.toAddGroupWithOne M31Exact
                          (@DivisionRing.toRing M31Exact
                            (@Field.toDivisionRing M31Exact (@ZMod.instField P m31PrimeFact)))))))))
              (@OfNat.ofNat M31Exact (nat_lit 0)
                (@Zero.toOfNat0 M31Exact
                  (@MulZeroClass.toZero M31Exact
                    (@instMulZeroClassOfSemiring M31Exact
                      (@DivisionSemiring.toSemiring M31Exact
                        (@Semifield.toDivisionSemiring M31Exact
                          (@Field.toSemifield M31Exact (@ZMod.instField P m31PrimeFact))))))))
              (@MulZeroClass.toZero M31Exact
                (@instMulZeroClassOfSemiring M31Exact
                  (@DivisionSemiring.toSemiring M31Exact
                    (@Semifield.toDivisionSemiring M31Exact
                      (@Field.toSemifield M31Exact (@ZMod.instField P m31PrimeFact))))))
              (@AddMonoidWithOne.toOne M31Exact
                (@AddGroupWithOne.toAddMonoidWithOne M31Exact
                  (@Ring.toAddGroupWithOne M31Exact
                    (@DivisionRing.toRing M31Exact
                      (@Field.toDivisionRing M31Exact (@ZMod.instField P m31PrimeFact))))))))))
      (@HPow.hPow QM31Exact Nat QM31Exact
        (@instHPow QM31Exact Nat
          (@NPow.toPow QM31Exact
            (@Monoid.toNPow QM31Exact
              (@Semiring.toMonoid QM31Exact
                (@DivisionSemiring.toSemiring QM31Exact
                  (@Semifield.toDivisionSemiring QM31Exact
                    (@Field.toSemifield QM31Exact
                      (@QuadraticAlgebra.instField CM31Exact
                        (@QuadraticAlgebra.instField M31Exact (@ZMod.instField P m31PrimeFact)
                          (@Neg.neg M31Exact
                            (@NegZeroClass.toNeg M31Exact
                              (@SubNegZeroMonoid.toNegZeroClass M31Exact
                                (@SubtractionMonoid.toSubNegZeroMonoid M31Exact
                                  (@SubtractionCommMonoid.toSubtractionMonoid M31Exact
                                    (@AddCommGroup.toDivisionAddCommMonoid M31Exact
                                      (@Ring.toAddCommGroup M31Exact
                                        (@DivisionRing.toRing M31Exact
                                          (@Field.toDivisionRing M31Exact (@ZMod.instField P m31PrimeFact)))))))))
                            (@OfNat.ofNat M31Exact (nat_lit 1)
                              (@One.toOfNat1 M31Exact
                                (@AddMonoidWithOne.toOne M31Exact
                                  (@AddGroupWithOne.toAddMonoidWithOne M31Exact
                                    (@Ring.toAddGroupWithOne M31Exact
                                      (@DivisionRing.toRing M31Exact
                                        (@Field.toDivisionRing M31Exact (@ZMod.instField P m31PrimeFact)))))))))
                          (@OfNat.ofNat M31Exact (nat_lit 0)
                            (@Zero.toOfNat0 M31Exact
                              (@MulZeroClass.toZero M31Exact
                                (@instMulZeroClassOfSemiring M31Exact
                                  (@DivisionSemiring.toSemiring M31Exact
                                    (@Semifield.toDivisionSemiring M31Exact
                                      (@Field.toSemifield M31Exact (@ZMod.instField P m31PrimeFact))))))))
                          cm31Rootless)
                        qm31R
                        (@OfNat.ofNat CM31Exact (nat_lit 0)
                          (@Zero.toOfNat0 CM31Exact
                            (@QuadraticAlgebra.instZero M31Exact
                              (@Neg.neg M31Exact
                                (@NegZeroClass.toNeg M31Exact
                                  (@SubNegZeroMonoid.toNegZeroClass M31Exact
                                    (@SubtractionMonoid.toSubNegZeroMonoid M31Exact
                                      (@SubtractionCommMonoid.toSubtractionMonoid M31Exact
                                        (@AddCommGroup.toDivisionAddCommMonoid M31Exact
                                          (@Ring.toAddCommGroup M31Exact
                                            (@DivisionRing.toRing M31Exact
                                              (@Field.toDivisionRing M31Exact (@ZMod.instField P m31PrimeFact)))))))))
                                (@OfNat.ofNat M31Exact (nat_lit 1)
                                  (@One.toOfNat1 M31Exact
                                    (@AddMonoidWithOne.toOne M31Exact
                                      (@AddGroupWithOne.toAddMonoidWithOne M31Exact
                                        (@Ring.toAddGroupWithOne M31Exact
                                          (@DivisionRing.toRing M31Exact
                                            (@Field.toDivisionRing M31Exact (@ZMod.instField P m31PrimeFact)))))))))
                              (@OfNat.ofNat M31Exact (nat_lit 0)
                                (@Zero.toOfNat0 M31Exact
                                  (@MulZeroClass.toZero M31Exact
                                    (@instMulZeroClassOfSemiring M31Exact
                                      (@DivisionSemiring.toSemiring M31Exact
                                        (@Semifield.toDivisionSemiring M31Exact
                                          (@Field.toSemifield M31Exact (@ZMod.instField P m31PrimeFact))))))))
                              (@MulZeroClass.toZero M31Exact
                                (@instMulZeroClassOfSemiring M31Exact
                                  (@DivisionSemiring.toSemiring M31Exact
                                    (@Semifield.toDivisionSemiring M31Exact
                                      (@Field.toSemifield M31Exact (@ZMod.instField P m31PrimeFact)))))))))
                        qm31Rootless))))))))
        t (@OfNat.ofNat Nat (nat_lit 2) (instOfNatNat (nat_lit 2)))))
    (@OfNat.ofNat QM31Exact (nat_lit 0)
      (@Zero.toOfNat0 QM31Exact
        (@QuadraticAlgebra.instZero CM31Exact qm31R
          (@OfNat.ofNat CM31Exact (nat_lit 0)
            (@Zero.toOfNat0 CM31Exact
              (@QuadraticAlgebra.instZero M31Exact
                (@Neg.neg M31Exact
                  (@NegZeroClass.toNeg M31Exact
                    (@SubNegZeroMonoid.toNegZeroClass M31Exact
                      (@SubtractionMonoid.toSubNegZeroMonoid M31Exact
                        (@SubtractionCommMonoid.toSubtractionMonoid M31Exact
                          (@AddCommGroup.toDivisionAddCommMonoid M31Exact
                            (@Ring.toAddCommGroup M31Exact
                              (@DivisionRing.toRing M31Exact
                                (@Field.toDivisionRing M31Exact (@ZMod.instField P m31PrimeFact)))))))))
                  (@OfNat.ofNat M31Exact (nat_lit 1)
                    (@One.toOfNat1 M31Exact
                      (@AddMonoidWithOne.toOne M31Exact
                        (@AddGroupWithOne.toAddMonoidWithOne M31Exact
                          (@Ring.toAddGroupWithOne M31Exact
                            (@DivisionRing.toRing M31Exact
                              (@Field.toDivisionRing M31Exact (@ZMod.instField P m31PrimeFact)))))))))
                (@OfNat.ofNat M31Exact (nat_lit 0)
                  (@Zero.toOfNat0 M31Exact
                    (@MulZeroClass.toZero M31Exact
                      (@instMulZeroClassOfSemiring M31Exact
                        (@DivisionSemiring.toSemiring M31Exact
                          (@Semifield.toDivisionSemiring M31Exact
                            (@Field.toSemifield M31Exact (@ZMod.instField P m31PrimeFact))))))))
                (@MulZeroClass.toZero M31Exact
                  (@instMulZeroClassOfSemiring M31Exact
                    (@DivisionSemiring.toSemiring M31Exact
                      (@Semifield.toDivisionSemiring M31Exact
                        (@Field.toSemifield M31Exact (@ZMod.instField P m31PrimeFact)))))))))
          (@QuadraticAlgebra.instZero M31Exact
            (@Neg.neg M31Exact
              (@NegZeroClass.toNeg M31Exact
                (@SubNegZeroMonoid.toNegZeroClass M31Exact
                  (@SubtractionMonoid.toSubNegZeroMonoid M31Exact
                    (@SubtractionCommMonoid.toSubtractionMonoid M31Exact
                      (@AddCommGroup.toDivisionAddCommMonoid M31Exact
                        (@Ring.toAddCommGroup M31Exact
                          (@DivisionRing.toRing M31Exact
                            (@Field.toDivisionRing M31Exact (@ZMod.instField P m31PrimeFact)))))))))
              (@OfNat.ofNat M31Exact (nat_lit 1)
                (@One.toOfNat1 M31Exact
                  (@AddMonoidWithOne.toOne M31Exact
                    (@AddGroupWithOne.toAddMonoidWithOne M31Exact
                      (@Ring.toAddGroupWithOne M31Exact
                        (@DivisionRing.toRing M31Exact
                          (@Field.toDivisionRing M31Exact (@ZMod.instField P m31PrimeFact)))))))))
            (@OfNat.ofNat M31Exact (nat_lit 0)
              (@Zero.toOfNat0 M31Exact
                (@MulZeroClass.toZero M31Exact
                  (@instMulZeroClassOfSemiring M31Exact
                    (@DivisionSemiring.toSemiring M31Exact
                      (@Semifield.toDivisionSemiring M31Exact
                        (@Field.toSemifield M31Exact (@ZMod.instField P m31PrimeFact))))))))
            (@MulZeroClass.toZero M31Exact
              (@instMulZeroClassOfSemiring M31Exact
                (@DivisionSemiring.toSemiring M31Exact
                  (@Semifield.toDivisionSemiring M31Exact
                    (@Field.toSemifield M31Exact (@ZMod.instField P m31PrimeFact))))))))))
algebra :
  @Eq QM31Exact
    (@HDiv.hDiv QM31Exact QM31Exact QM31Exact
      (@instHDiv QM31Exact
        (@DivInvMonoid.toDiv QM31Exact
          (@DivisionRing.toDivInvMonoid QM31Exact
            (@Field.toDivisionRing QM31Exact
              (@QuadraticAlgebra.instField CM31Exact
                (@QuadraticAlgebra.instField M31Exact (@ZMod.instField P m31PrimeFact)
                  (@Neg.neg M31Exact
                    (@NegZeroClass.toNeg M31Exact
                      (@SubNegZeroMonoid.toNegZeroClass M31Exact
                        (@SubtractionMonoid.toSubNegZeroMonoid M31Exact
                          (@SubtractionCommMonoid.toSubtractionMonoid M31Exact
                            (@AddCommGroup.toDivisionAddCommMonoid M31Exact
                              (@Ring.toAddCommGroup M31Exact
                                (@DivisionRing.toRing M31Exact
                                  (@Field.toDivisionRing M31Exact (@ZMod.instField P m31PrimeFact)))))))))
                    (@OfNat.ofNat M31Exact (nat_lit 1)
                      (@One.toOfNat1 M31Exact
                        (@AddMonoidWithOne.toOne M31Exact
                          (@AddGroupWithOne.toAddMonoidWithOne M31Exact
                            (@Ring.toAddGroupWithOne M31Exact
                              (@DivisionRing.toRing M31Exact
                                (@Field.toDivisionRing M31Exact (@ZMod.instField P m31PrimeFact)))))))))
                  (@OfNat.ofNat M31Exact (nat_lit 0)
                    (@Zero.toOfNat0 M31Exact
                      (@MulZeroClass.toZero M31Exact
                        (@instMulZeroClassOfSemiring M31Exact
                          (@DivisionSemiring.toSemiring M31Exact
                            (@Semifield.toDivisionSemiring M31Exact
                              (@Field.toSemifield M31Exact (@ZMod.instField P m31PrimeFact))))))))
                  cm31Rootless)
                qm31R
                (@OfNat.ofNat CM31Exact (nat_lit 0)
                  (@Zero.toOfNat0 CM31Exact
                    (@QuadraticAlgebra.instZero M31Exact
                      (@Neg.neg M31Exact
                        (@NegZeroClass.toNeg M31Exact
                          (@SubNegZeroMonoid.toNegZeroClass M31Exact
                            (@SubtractionMonoid.toSubNegZeroMonoid M31Exact
                              (@SubtractionCommMonoid.toSubtractionMonoid M31Exact
                                (@AddCommGroup.toDivisionAddCommMonoid M31Exact
                                  (@Ring.toAddCommGroup M31Exact
                                    (@DivisionRing.toRing M31Exact
                                      (@Field.toDivisionRing M31Exact (@ZMod.instField P m31PrimeFact)))))))))
                        (@OfNat.ofNat M31Exact (nat_lit 1)
                          (@One.toOfNat1 M31Exact
                            (@AddMonoidWithOne.toOne M31Exact
                              (@AddGroupWithOne.toAddMonoidWithOne M31Exact
                                (@Ring.toAddGroupWithOne M31Exact
                                  (@DivisionRing.toRing M31Exact
                                    (@Field.toDivisionRing M31Exact (@ZMod.instField P m31PrimeFact)))))))))
                      (@OfNat.ofNat M31Exact (nat_lit 0)
                        (@Zero.toOfNat0 M31Exact
                          (@MulZeroClass.toZero M31Exact
                            (@instMulZeroClassOfSemiring M31Exact
                              (@DivisionSemiring.toSemiring M31Exact
                                (@Semifield.toDivisionSemiring M31Exact
                                  (@Field.toSemifield M31Exact (@ZMod.instField P m31PrimeFact))))))))
                      (@MulZeroClass.toZero M31Exact
                        (@instMulZeroClassOfSemiring M31Exact
                          (@DivisionSemiring.toSemiring M31Exact
                            (@Semifield.toDivisionSemiring M31Exact
                              (@Field.toSemifield M31Exact (@ZMod.instField P m31PrimeFact)))))))))
                qm31Rootless)))))
      (@HMul.hMul QM31Exact QM31Exact QM31Exact
        (@instHMul QM31Exact
          (@Distrib.toMul QM31Exact
            (@instDistribOfSemiring QM31Exact
              (@DivisionSemiring.toSemiring QM31Exact
                (@Semifield.toDivisionSemiring QM31Exact
                  (@Field.toSemifield QM31Exact
                    (@QuadraticAlgebra.instField CM31Exact
                      (@QuadraticAlgebra.instField M31Exact (@ZMod.instField P m31PrimeFact)
                        (@Neg.neg M31Exact
                          (@NegZeroClass.toNeg M31Exact
                            (@SubNegZeroMonoid.toNegZeroClass M31Exact
                              (@SubtractionMonoid.toSubNegZeroMonoid M31Exact
                                (@SubtractionCommMonoid.toSubtractionMonoid M31Exact
                                  (@AddCommGroup.toDivisionAddCommMonoid M31Exact
                                    (@Ring.toAddCommGroup M31Exact
                                      (@DivisionRing.toRing M31Exact
                                        (@Field.toDivisionRing M31Exact (@ZMod.instField P m31PrimeFact)))))))))
                          (@OfNat.ofNat M31Exact (nat_lit 1)
                            (@One.toOfNat1 M31Exact
                              (@AddMonoidWithOne.toOne M31Exact
                                (@AddGroupWithOne.toAddMonoidWithOne M31Exact
                                  (@Ring.toAddGroupWithOne M31Exact
                                    (@DivisionRing.toRing M31Exact
                                      (@Field.toDivisionRing M31Exact (@ZMod.instField P m31PrimeFact)))))))))
                        (@OfNat.ofNat M31Exact (nat_lit 0)
                          (@Zero.toOfNat0 M31Exact
                            (@MulZeroClass.toZero M31Exact
                              (@instMulZeroClassOfSemiring M31Exact
                                (@DivisionSemiring.toSemiring M31Exact
                                  (@Semifield.toDivisionSemiring M31Exact
                                    (@Field.toSemifield M31Exact (@ZMod.instField P m31PrimeFact))))))))
                        cm31Rootless)
                      qm31R
                      (@OfNat.ofNat CM31Exact (nat_lit 0)
                        (@Zero.toOfNat0 CM31Exact
                          (@QuadraticAlgebra.instZero M31Exact
                            (@Neg.neg M31Exact
                              (@NegZeroClass.toNeg M31Exact
                                (@SubNegZeroMonoid.toNegZeroClass M31Exact
                                  (@SubtractionMonoid.toSubNegZeroMonoid M31Exact
                                    (@SubtractionCommMonoid.toSubtractionMonoid M31Exact
                                      (@AddCommGroup.toDivisionAddCommMonoid M31Exact
                                        (@Ring.toAddCommGroup M31Exact
                                          (@DivisionRing.toRing M31Exact
                                            (@Field.toDivisionRing M31Exact (@ZMod.instField P m31PrimeFact)))))))))
                              (@OfNat.ofNat M31Exact (nat_lit 1)
                                (@One.toOfNat1 M31Exact
                                  (@AddMonoidWithOne.toOne M31Exact
                                    (@AddGroupWithOne.toAddMonoidWithOne M31Exact
                                      (@Ring.toAddGroupWithOne M31Exact
                                        (@DivisionRing.toRing M31Exact
                                          (@Field.toDivisionRing M31Exact (@ZMod.instField P m31PrimeFact)))))))))
                            (@OfNat.ofNat M31Exact (nat_lit 0)
                              (@Zero.toOfNat0 M31Exact
                                (@MulZeroClass.toZero M31Exact
                                  (@instMulZeroClassOfSemiring M31Exact
                                    (@DivisionSemiring.toSemiring M31Exact
                                      (@Semifield.toDivisionSemiring M31Exact
                                        (@Field.toSemifield M31Exact (@ZMod.instField P m31PrimeFact))))))))
                            (@MulZeroClass.toZero M31Exact
                              (@instMulZeroClassOfSemiring M31Exact
                                (@DivisionSemiring.toSemiring M31Exact
                                  (@Semifield.toDivisionSemiring M31Exact
                                    (@Field.toSemifield M31Exact (@ZMod.instField P m31PrimeFact)))))))))
                      qm31Rootless)))))))
        (@HAdd.hAdd QM31Exact QM31Exact QM31Exact
          (@instHAdd QM31Exact
            (@Distrib.toAdd QM31Exact
              (@instDistribOfSemiring QM31Exact
                (@DivisionSemiring.toSemiring QM31Exact
                  (@Semifield.toDivisionSemiring QM31Exact
                    (@Field.toSemifield QM31Exact
                      (@QuadraticAlgebra.instField CM31Exact
                        (@QuadraticAlgebra.instField M31Exact (@ZMod.instField P m31PrimeFact)
                          (@Neg.neg M31Exact
                            (@NegZeroClass.toNeg M31Exact
                              (@SubNegZeroMonoid.toNegZeroClass M31Exact
                                (@SubtractionMonoid.toSubNegZeroMonoid M31Exact
                                  (@SubtractionCommMonoid.toSubtractionMonoid M31Exact
                                    (@AddCommGroup.toDivisionAddCommMonoid M31Exact
                                      (@Ring.toAddCommGroup M31Exact
                                        (@DivisionRing.toRing M31Exact
                                          (@Field.toDivisionRing M31Exact (@ZMod.instField P m31PrimeFact)))))))))
                            (@OfNat.ofNat M31Exact (nat_lit 1)
                              (@One.toOfNat1 M31Exact
                                (@AddMonoidWithOne.toOne M31Exact
                                  (@AddGroupWithOne.toAddMonoidWithOne M31Exact
                                    (@Ring.toAddGroupWithOne M31Exact
                                      (@DivisionRing.toRing M31Exact
                                        (@Field.toDivisionRing M31Exact (@ZMod.instField P m31PrimeFact)))))))))
                          (@OfNat.ofNat M31Exact (nat_lit 0)
                            (@Zero.toOfNat0 M31Exact
                              (@MulZeroClass.toZero M31Exact
                                (@instMulZeroClassOfSemiring M31Exact
                                  (@DivisionSemiring.toSemiring M31Exact
                                    (@Semifield.toDivisionSemiring M31Exact
                                      (@Field.toSemifield M31Exact (@ZMod.instField P m31PrimeFact))))))))
                          cm31Rootless)
                        qm31R
                        (@OfNat.ofNat CM31Exact (nat_lit 0)
                          (@Zero.toOfNat0 CM31Exact
                            (@QuadraticAlgebra.instZero M31Exact
                              (@Neg.neg M31Exact
                                (@NegZeroClass.toNeg M31Exact
                                  (@SubNegZeroMonoid.toNegZeroClass M31Exact
                                    (@SubtractionMonoid.toSubNegZeroMonoid M31Exact
                                      (@SubtractionCommMonoid.toSubtractionMonoid M31Exact
                                        (@AddCommGroup.toDivisionAddCommMonoid M31Exact
                                          (@Ring.toAddCommGroup M31Exact
                                            (@DivisionRing.toRing M31Exact
                                              (@Field.toDivisionRing M31Exact (@ZMod.instField P m31PrimeFact)))))))))
                                (@OfNat.ofNat M31Exact (nat_lit 1)
                                  (@One.toOfNat1 M31Exact
                                    (@AddMonoidWithOne.toOne M31Exact
                                      (@AddGroupWithOne.toAddMonoidWithOne M31Exact
                                        (@Ring.toAddGroupWithOne M31Exact
                                          (@DivisionRing.toRing M31Exact
                                            (@Field.toDivisionRing M31Exact (@ZMod.instField P m31PrimeFact)))))))))
                              (@OfNat.ofNat M31Exact (nat_lit 0)
                                (@Zero.toOfNat0 M31Exact
                                  (@MulZeroClass.toZero M31Exact
                                    (@instMulZeroClassOfSemiring M31Exact
                                      (@DivisionSemiring.toSemiring M31Exact
                                        (@Semifield.toDivisionSemiring M31Exact
                                          (@Field.toSemifield M31Exact (@ZMod.instField P m31PrimeFact))))))))
                              (@MulZeroClass.toZero M31Exact
                                (@instMulZeroClassOfSemiring M31Exact
                                  (@DivisionSemiring.toSemiring M31Exact
                                    (@Semifield.toDivisionSemiring M31Exact
                                      (@Field.toSemifield M31Exact (@ZMod.instField P m31PrimeFact)))))))))
                        qm31Rootless)))))))
          t t)
        (@Inv.inv QM31Exact
          (@InvOneClass.toInv QM31Exact
            (@DivInvOneMonoid.toInvOneClass QM31Exact
              (@DivisionMonoid.toDivInvOneMonoid QM31Exact
                (@DivisionCommMonoid.toDivisionMonoid QM31Exact
                  (@CommGroupWithZero.toDivisionCommMonoid QM31Exact
                    (@Semifield.toCommGroupWithZero QM31Exact
                      (@Field.toSemifield QM31Exact
                        (@QuadraticAlgebra.instField CM31Exact
                          (@QuadraticAlgebra.instField M31Exact (@ZMod.instField P m31PrimeFact)
                            (@Neg.neg M31Exact
                              (@NegZeroClass.toNeg M31Exact
                                (@SubNegZeroMonoid.toNegZeroClass M31Exact
                                  (@SubtractionMonoid.toSubNegZeroMonoid M31Exact
                                    (@SubtractionCommMonoid.toSubtractionMonoid M31Exact
                                      (@AddCommGroup.toDivisionAddCommMonoid M31Exact
                                        (@Ring.toAddCommGroup M31Exact
                                          (@DivisionRing.toRing M31Exact
                                            (@Field.toDivisionRing M31Exact (@ZMod.instField P m31PrimeFact)))))))))
                              (@OfNat.ofNat M31Exact (nat_lit 1)
                                (@One.toOfNat1 M31Exact
                                  (@AddMonoidWithOne.toOne M31Exact
                                    (@AddGroupWithOne.toAddMonoidWithOne M31Exact
                                      (@Ring.toAddGroupWithOne M31Exact
                                        (@DivisionRing.toRing M31Exact
                                          (@Field.toDivisionRing M31Exact (@ZMod.instField P m31PrimeFact)))))))))
                            (@OfNat.ofNat M31Exact (nat_lit 0)
                              (@Zero.toOfNat0 M31Exact
                                (@MulZeroClass.toZero M31Exact
                                  (@instMulZeroClassOfSemiring M31Exact
                                    (@DivisionSemiring.toSemiring M31Exact
                                      (@Semifield.toDivisionSemiring M31Exact
                                        (@Field.toSemifield M31Exact (@ZMod.instField P m31PrimeFact))))))))
                            cm31Rootless)
                          qm31R
                          (@OfNat.ofNat CM31Exact (nat_lit 0)
                            (@Zero.toOfNat0 CM31Exact
                              (@QuadraticAlgebra.instZero M31Exact
                                (@Neg.neg M31Exact
                                  (@NegZeroClass.toNeg M31Exact
                                    (@SubNegZeroMonoid.toNegZeroClass M31Exact
                                      (@SubtractionMonoid.toSubNegZeroMonoid M31Exact
                                        (@SubtractionCommMonoid.toSubtractionMonoid M31Exact
                                          (@AddCommGroup.toDivisionAddCommMonoid M31Exact
                                            (@Ring.toAddCommGroup M31Exact
                                              (@DivisionRing.toRing M31Exact
                                                (@Field.toDivisionRing M31Exact (@ZMod.instField P m31PrimeFact)))))))))
                                  (@OfNat.ofNat M31Exact (nat_lit 1)
                                    (@One.toOfNat1 M31Exact
                                      (@AddMonoidWithOne.toOne M31Exact
                                        (@AddGroupWithOne.toAddMonoidWithOne M31Exact
                                          (@Ring.toAddGroupWithOne M31Exact
                                            (@DivisionRing.toRing M31Exact
                                              (@Field.toDivisionRing M31Exact (@ZMod.instField P m31PrimeFact)))))))))
                                (@OfNat.ofNat M31Exact (nat_lit 0)
                                  (@Zero.toOfNat0 M31Exact
                                    (@MulZeroClass.toZero M31Exact
                                      (@instMulZeroClassOfSemiring M31Exact
                                        (@DivisionSemiring.toSemiring M31Exact
                                          (@Semifield.toDivisionSemiring M31Exact
                                            (@Field.toSemifield M31Exact (@ZMod.instField P m31PrimeFact))))))))
                                (@MulZeroClass.toZero M31Exact
                                  (@instMulZeroClassOfSemiring M31Exact
                                    (@DivisionSemiring.toSemiring M31Exact
                                      (@Semifield.toDivisionSemiring M31Exact
                                        (@Field.toSemifield M31Exact (@ZMod.instField P m31PrimeFact)))))))))
                          qm31Rootless))))))))
          (@HAdd.hAdd QM31Exact QM31Exact QM31Exact
            (@instHAdd QM31Exact
              (@Distrib.toAdd QM31Exact
                (@instDistribOfSemiring QM31Exact
                  (@DivisionSemiring.toSemiring QM31Exact
                    (@Semifield.toDivisionSemiring QM31Exact
                      (@Field.toSemifield QM31Exact
                        (@QuadraticAlgebra.instField CM31Exact
                          (@QuadraticAlgebra.instField M31Exact (@ZMod.instField P m31PrimeFact)
                            (@Neg.neg M31Exact
                              (@NegZeroClass.toNeg M31Exact
                                (@SubNegZeroMonoid.toNegZeroClass M31Exact
                                  (@SubtractionMonoid.toSubNegZeroMonoid M31Exact
                                    (@SubtractionCommMonoid.toSubtractionMonoid M31Exact
                                      (@AddCommGroup.toDivisionAddCommMonoid M31Exact
                                        (@Ring.toAddCommGroup M31Exact
                                          (@DivisionRing.toRing M31Exact
                                            (@Field.toDivisionRing M31Exact (@ZMod.instField P m31PrimeFact)))))))))
                              (@OfNat.ofNat M31Exact (nat_lit 1)
                                (@One.toOfNat1 M31Exact
                                  (@AddMonoidWithOne.toOne M31Exact
                                    (@AddGroupWithOne.toAddMonoidWithOne M31Exact
                                      (@Ring.toAddGroupWithOne M31Exact
                                        (@DivisionRing.toRing M31Exact
                                          (@Field.toDivisionRing M31Exact (@ZMod.instField P m31PrimeFact)))))))))
                            (@OfNat.ofNat M31Exact (nat_lit 0)
                              (@Zero.toOfNat0 M31Exact
                                (@MulZeroClass.toZero M31Exact
                                  (@instMulZeroClassOfSemiring M31Exact
                                    (@DivisionSemiring.toSemiring M31Exact
                                      (@Semifield.toDivisionSemiring M31Exact
                                        (@Field.toSemifield M31Exact (@ZMod.instField P m31PrimeFact))))))))
                            cm31Rootless)
                          qm31R
                          (@OfNat.ofNat CM31Exact (nat_lit 0)
                            (@Zero.toOfNat0 CM31Exact
                              (@QuadraticAlgebra.instZero M31Exact
                                (@Neg.neg M31Exact
                                  (@NegZeroClass.toNeg M31Exact
                                    (@SubNegZeroMonoid.toNegZeroClass M31Exact
                                      (@SubtractionMonoid.toSubNegZeroMonoid M31Exact
                                        (@SubtractionCommMonoid.toSubtractionMonoid M31Exact
                                          (@AddCommGroup.toDivisionAddCommMonoid M31Exact
                                            (@Ring.toAddCommGroup M31Exact
                                              (@DivisionRing.toRing M31Exact
                                                (@Field.toDivisionRing M31Exact (@ZMod.instField P m31PrimeFact)))))))))
                                  (@OfNat.ofNat M31Exact (nat_lit 1)
                                    (@One.toOfNat1 M31Exact
                                      (@AddMonoidWithOne.toOne M31Exact
                                        (@AddGroupWithOne.toAddMonoidWithOne M31Exact
                                          (@Ring.toAddGroupWithOne M31Exact
                                            (@DivisionRing.toRing M31Exact
                                              (@Field.toDivisionRing M31Exact (@ZMod.instField P m31PrimeFact)))))))))
                                (@OfNat.ofNat M31Exact (nat_lit 0)
                                  (@Zero.toOfNat0 M31Exact
                                    (@MulZeroClass.toZero M31Exact
                                      (@instMulZeroClassOfSemiring M31Exact
                                        (@DivisionSemiring.toSemiring M31Exact
                                          (@Semifield.toDivisionSemiring M31Exact
                                            (@Field.toSemifield M31Exact (@ZMod.instField P m31PrimeFact))))))))
                                (@MulZeroClass.toZero M31Exact
                                  (@instMulZeroClassOfSemiring M31Exact
                                    (@DivisionSemiring.toSemiring M31Exact
                                      (@Semifield.toDivisionSemiring M31Exact
                                        (@Field.toSemifield M31Exact (@ZMod.instField P m31PrimeFact)))))))))
                          qm31Rootless)))))))
            (@OfNat.ofNat QM31Exact (nat_lit 1)
              (@One.toOfNat1 QM31Exact
                (@AddMonoidWithOne.toOne QM31Exact
                  (@AddGroupWithOne.toAddMonoidWithOne QM31Exact
                    (@Ring.toAddGroupWithOne QM31Exact
                      (@DivisionRing.toRing QM31Exact
                        (@Field.toDivisionRing QM31Exact
                          (@QuadraticAlgebra.instField CM31Exact
                            (@QuadraticAlgebra.instField M31Exact (@ZMod.instField P m31PrimeFact)
                              (@Neg.neg M31Exact
                                (@NegZeroClass.toNeg M31Exact
                                  (@SubNegZeroMonoid.toNegZeroClass M31Exact
                                    (@SubtractionMonoid.toSubNegZeroMonoid M31Exact
                                      (@SubtractionCommMonoid.toSubtractionMonoid M31Exact
                                        (@AddCommGroup.toDivisionAddCommMonoid M31Exact
                                          (@Ring.toAddCommGroup M31Exact
                                            (@DivisionRing.toRing M31Exact
                                              (@Field.toDivisionRing M31Exact (@ZMod.instField P m31PrimeFact)))))))))
                                (@OfNat.ofNat M31Exact (nat_lit 1)
                                  (@One.toOfNat1 M31Exact
                                    (@AddMonoidWithOne.toOne M31Exact
                                      (@AddGroupWithOne.toAddMonoidWithOne M31Exact
                                        (@Ring.toAddGroupWithOne M31Exact
                                          (@DivisionRing.toRing M31Exact
                                            (@Field.toDivisionRing M31Exact (@ZMod.instField P m31PrimeFact)))))))))
                              (@OfNat.ofNat M31Exact (nat_lit 0)
                                (@Zero.toOfNat0 M31Exact
                                  (@MulZeroClass.toZero M31Exact
                                    (@instMulZeroClassOfSemiring M31Exact
                                      (@DivisionSemiring.toSemiring M31Exact
                                        (@Semifield.toDivisionSemiring M31Exact
                                          (@Field.toSemifield M31Exact (@ZMod.instField P m31PrimeFact))))))))
                              cm31Rootless)
                            qm31R
                            (@OfNat.ofNat CM31Exact (nat_lit 0)
                              (@Zero.toOfNat0 CM31Exact
                                (@QuadraticAlgebra.instZero M31Exact
                                  (@Neg.neg M31Exact
                                    (@NegZeroClass.toNeg M31Exact
                                      (@SubNegZeroMonoid.toNegZeroClass M31Exact
                                        (@SubtractionMonoid.toSubNegZeroMonoid M31Exact
                                          (@SubtractionCommMonoid.toSubtractionMonoid M31Exact
                                            (@AddCommGroup.toDivisionAddCommMonoid M31Exact
                                              (@Ring.toAddCommGroup M31Exact
                                                (@DivisionRing.toRing M31Exact
                                                  (@Field.toDivisionRing M31Exact
                                                    (@ZMod.instField P m31PrimeFact)))))))))
                                    (@OfNat.ofNat M31Exact (nat_lit 1)
                                      (@One.toOfNat1 M31Exact
                                        (@AddMonoidWithOne.toOne M31Exact
                                          (@AddGroupWithOne.toAddMonoidWithOne M31Exact
                                            (@Ring.toAddGroupWithOne M31Exact
                                              (@DivisionRing.toRing M31Exact
                                                (@Field.toDivisionRing M31Exact (@ZMod.instField P m31PrimeFact)))))))))
                                  (@OfNat.ofNat M31Exact (nat_lit 0)
                                    (@Zero.toOfNat0 M31Exact
                                      (@MulZeroClass.toZero M31Exact
                                        (@instMulZeroClassOfSemiring M31Exact
                                          (@DivisionSemiring.toSemiring M31Exact
                                            (@Semifield.toDivisionSemiring M31Exact
                                              (@Field.toSemifield M31Exact (@ZMod.instField P m31PrimeFact))))))))
                                  (@MulZeroClass.toZero M31Exact
                                    (@instMulZeroClassOfSemiring M31Exact
                                      (@DivisionSemiring.toSemiring M31Exact
                                        (@Semifield.toDivisionSemiring M31Exact
                                          (@Field.toSemifield M31Exact (@ZMod.instField P m31PrimeFact)))))))))
                            qm31Rootless))))))))
            (@HPow.hPow QM31Exact Nat QM31Exact
              (@instHPow QM31Exact Nat
                (@NPow.toPow QM31Exact
                  (@Monoid.toNPow QM31Exact
                    (@Semiring.toMonoid QM31Exact
                      (@DivisionSemiring.toSemiring QM31Exact
                        (@Semifield.toDivisionSemiring QM31Exact
                          (@Field.toSemifield QM31Exact
                            (@QuadraticAlgebra.instField CM31Exact
                              (@QuadraticAlgebra.instField M31Exact (@ZMod.instField P m31PrimeFact)
                                (@Neg.neg M31Exact
                                  (@NegZeroClass.toNeg M31Exact
                                    (@SubNegZeroMonoid.toNegZeroClass M31Exact
                                      (@SubtractionMonoid.toSubNegZeroMonoid M31Exact
                                        (@SubtractionCommMonoid.toSubtractionMonoid M31Exact
                                          (@AddCommGroup.toDivisionAddCommMonoid M31Exact
                                            (@Ring.toAddCommGroup M31Exact
                                              (@DivisionRing.toRing M31Exact
                                                (@Field.toDivisionRing M31Exact (@ZMod.instField P m31PrimeFact)))))))))
                                  (@OfNat.ofNat M31Exact (nat_lit 1)
                                    (@One.toOfNat1 M31Exact
                                      (@AddMonoidWithOne.toOne M31Exact
                                        (@AddGroupWithOne.toAddMonoidWithOne M31Exact
                                          (@Ring.toAddGroupWithOne M31Exact
                                            (@DivisionRing.toRing M31Exact
                                              (@Field.toDivisionRing M31Exact (@ZMod.instField P m31PrimeFact)))))))))
                                (@OfNat.ofNat M31Exact (nat_lit 0)
                                  (@Zero.toOfNat0 M31Exact
                                    (@MulZeroClass.toZero M31Exact
                                      (@instMulZeroClassOfSemiring M31Exact
                                        (@DivisionSemiring.toSemiring M31Exact
                                          (@Semifield.toDivisionSemiring M31Exact
                                            (@Field.toSemifield M31Exact (@ZMod.instField P m31PrimeFact))))))))
                                cm31Rootless)
                              qm31R
                              (@OfNat.ofNat CM31Exact (nat_lit 0)
                                (@Zero.toOfNat0 CM31Exact
                                  (@QuadraticAlgebra.instZero M31Exact
                                    (@Neg.neg M31Exact
                                      (@NegZeroClass.toNeg M31Exact
                                        (@SubNegZeroMonoid.toNegZeroClass M31Exact
                                          (@SubtractionMonoid.toSubNegZeroMonoid M31Exact
                                            (@SubtractionCommMonoid.toSubtractionMonoid M31Exact
                                              (@AddCommGroup.toDivisionAddCommMonoid M31Exact
                                                (@Ring.toAddCommGroup M31Exact
                                                  (@DivisionRing.toRing M31Exact
                                                    (@Field.toDivisionRing M31Exact
                                                      (@ZMod.instField P m31PrimeFact)))))))))
                                      (@OfNat.ofNat M31Exact (nat_lit 1)
                                        (@One.toOfNat1 M31Exact
                                          (@AddMonoidWithOne.toOne M31Exact
                                            (@AddGroupWithOne.toAddMonoidWithOne M31Exact
                                              (@Ring.toAddGroupWithOne M31Exact
                                                (@DivisionRing.toRing M31Exact
                                                  (@Field.toDivisionRing M31Exact
                                                    (@ZMod.instField P m31PrimeFact)))))))))
                                    (@OfNat.ofNat M31Exact (nat_lit 0)
                                      (@Zero.toOfNat0 M31Exact
                                        (@MulZeroClass.toZero M31Exact
                                          (@instMulZeroClassOfSemiring M31Exact
                                            (@DivisionSemiring.toSemiring M31Exact
                                              (@Semifield.toDivisionSemiring M31Exact
                                                (@Field.toSemifield M31Exact (@ZMod.instField P m31PrimeFact))))))))
                                    (@MulZeroClass.toZero M31Exact
                                      (@instMulZeroClassOfSemiring M31Exact
                                        (@DivisionSemiring.toSemiring M31Exact
                                          (@Semifield.toDivisionSemiring M31Exact
                                            (@Field.toSemifield M31Exact (@ZMod.instField P m31PrimeFact)))))))))
                              qm31Rootless))))))))
              t (@OfNat.ofNat Nat (nat_lit 2) (instOfNatNat (nat_lit 2)))))))
      (@HAdd.hAdd QM31Exact QM31Exact QM31Exact
        (@instHAdd QM31Exact
          (@Distrib.toAdd QM31Exact
            (@instDistribOfSemiring QM31Exact
              (@DivisionSemiring.toSemiring QM31Exact
                (@Semifield.toDivisionSemiring QM31Exact
                  (@Field.toSemifield QM31Exact
                    (@QuadraticAlgebra.instField CM31Exact
                      (@QuadraticAlgebra.instField M31Exact (@ZMod.instField P m31PrimeFact)
                        (@Neg.neg M31Exact
                          (@NegZeroClass.toNeg M31Exact
                            (@SubNegZeroMonoid.toNegZeroClass M31Exact
                              (@SubtractionMonoid.toSubNegZeroMonoid M31Exact
                                (@SubtractionCommMonoid.toSubtractionMonoid M31Exact
                                  (@AddCommGroup.toDivisionAddCommMonoid M31Exact
                                    (@Ring.toAddCommGroup M31Exact
                                      (@DivisionRing.toRing M31Exact
                                        (@Field.toDivisionRing M31Exact (@ZMod.instField P m31PrimeFact)))))))))
                          (@OfNat.ofNat M31Exact (nat_lit 1)
                            (@One.toOfNat1 M31Exact
                              (@AddMonoidWithOne.toOne M31Exact
                                (@AddGroupWithOne.toAddMonoidWithOne M31Exact
                                  (@Ring.toAddGroupWithOne M31Exact
                                    (@DivisionRing.toRing M31Exact
                                      (@Field.toDivisionRing M31Exact (@ZMod.instField P m31PrimeFact)))))))))
                        (@OfNat.ofNat M31Exact (nat_lit 0)
                          (@Zero.toOfNat0 M31Exact
                            (@MulZeroClass.toZero M31Exact
                              (@instMulZeroClassOfSemiring M31Exact
                                (@DivisionSemiring.toSemiring M31Exact
                                  (@Semifield.toDivisionSemiring M31Exact
                                    (@Field.toSemifield M31Exact (@ZMod.instField P m31PrimeFact))))))))
                        cm31Rootless)
                      qm31R
                      (@OfNat.ofNat CM31Exact (nat_lit 0)
                        (@Zero.toOfNat0 CM31Exact
                          (@QuadraticAlgebra.instZero M31Exact
                            (@Neg.neg M31Exact
                              (@NegZeroClass.toNeg M31Exact
                                (@SubNegZeroMonoid.toNegZeroClass M31Exact
                                  (@SubtractionMonoid.toSubNegZeroMonoid M31Exact
                                    (@SubtractionCommMonoid.toSubtractionMonoid M31Exact
                                      (@AddCommGroup.toDivisionAddCommMonoid M31Exact
                                        (@Ring.toAddCommGroup M31Exact
                                          (@DivisionRing.toRing M31Exact
                                            (@Field.toDivisionRing M31Exact (@ZMod.instField P m31PrimeFact)))))))))
                              (@OfNat.ofNat M31Exact (nat_lit 1)
                                (@One.toOfNat1 M31Exact
                                  (@AddMonoidWithOne.toOne M31Exact
                                    (@AddGroupWithOne.toAddMonoidWithOne M31Exact
                                      (@Ring.toAddGroupWithOne M31Exact
                                        (@DivisionRing.toRing M31Exact
                                          (@Field.toDivisionRing M31Exact (@ZMod.instField P m31PrimeFact)))))))))
                            (@OfNat.ofNat M31Exact (nat_lit 0)
                              (@Zero.toOfNat0 M31Exact
                                (@MulZeroClass.toZero M31Exact
                                  (@instMulZeroClassOfSemiring M31Exact
                                    (@DivisionSemiring.toSemiring M31Exact
                                      (@Semifield.toDivisionSemiring M31Exact
                                        (@Field.toSemifield M31Exact (@ZMod.instField P m31PrimeFact))))))))
                            (@MulZeroClass.toZero M31Exact
                              (@instMulZeroClassOfSemiring M31Exact
                                (@DivisionSemiring.toSemiring M31Exact
                                  (@Semifield.toDivisionSemiring M31Exact
                                    (@Field.toSemifield M31Exact (@ZMod.instField P m31PrimeFact)))))))))
                      qm31Rootless)))))))
        (@OfNat.ofNat QM31Exact (nat_lit 1)
          (@One.toOfNat1 QM31Exact
            (@AddMonoidWithOne.toOne QM31Exact
              (@AddGroupWithOne.toAddMonoidWithOne QM31Exact
                (@Ring.toAddGroupWithOne QM31Exact
                  (@DivisionRing.toRing QM31Exact
                    (@Field.toDivisionRing QM31Exact
                      (@QuadraticAlgebra.instField CM31Exact
                        (@QuadraticAlgebra.instField M31Exact (@ZMod.instField P m31PrimeFact)
                          (@Neg.neg M31Exact
                            (@NegZeroClass.toNeg M31Exact
                              (@SubNegZeroMonoid.toNegZeroClass M31Exact
                                (@SubtractionMonoid.toSubNegZeroMonoid M31Exact
                                  (@SubtractionCommMonoid.toSubtractionMonoid M31Exact
                                    (@AddCommGroup.toDivisionAddCommMonoid M31Exact
                                      (@Ring.toAddCommGroup M31Exact
                                        (@DivisionRing.toRing M31Exact
                                          (@Field.toDivisionRing M31Exact (@ZMod.instField P m31PrimeFact)))))))))
                            (@OfNat.ofNat M31Exact (nat_lit 1)
                              (@One.toOfNat1 M31Exact
                                (@AddMonoidWithOne.toOne M31Exact
                                  (@AddGroupWithOne.toAddMonoidWithOne M31Exact
                                    (@Ring.toAddGroupWithOne M31Exact
                                      (@DivisionRing.toRing M31Exact
                                        (@Field.toDivisionRing M31Exact (@ZMod.instField P m31PrimeFact)))))))))
                          (@OfNat.ofNat M31Exact (nat_lit 0)
                            (@Zero.toOfNat0 M31Exact
                              (@MulZeroClass.toZero M31Exact
                                (@instMulZeroClassOfSemiring M31Exact
                                  (@DivisionSemiring.toSemiring M31Exact
                                    (@Semifield.toDivisionSemiring M31Exact
                                      (@Field.toSemifield M31Exact (@ZMod.instField P m31PrimeFact))))))))
                          cm31Rootless)
                        qm31R
                        (@OfNat.ofNat CM31Exact (nat_lit 0)
                          (@Zero.toOfNat0 CM31Exact
                            (@QuadraticAlgebra.instZero M31Exact
                              (@Neg.neg M31Exact
                                (@NegZeroClass.toNeg M31Exact
                                  (@SubNegZeroMonoid.toNegZeroClass M31Exact
                                    (@SubtractionMonoid.toSubNegZeroMonoid M31Exact
                                      (@SubtractionCommMonoid.toSubtractionMonoid M31Exact
                                        (@AddCommGroup.toDivisionAddCommMonoid M31Exact
                                          (@Ring.toAddCommGroup M31Exact
                                            (@DivisionRing.toRing M31Exact
                                              (@Field.toDivisionRing M31Exact (@ZMod.instField P m31PrimeFact)))))))))
                                (@OfNat.ofNat M31Exact (nat_lit 1)
                                  (@One.toOfNat1 M31Exact
                                    (@AddMonoidWithOne.toOne M31Exact
                                      (@AddGroupWithOne.toAddMonoidWithOne M31Exact
                                        (@Ring.toAddGroupWithOne M31Exact
                                          (@DivisionRing.toRing M31Exact
                                            (@Field.toDivisionRing M31Exact (@ZMod.instField P m31PrimeFact)))))))))
                              (@OfNat.ofNat M31Exact (nat_lit 0)
                                (@Zero.toOfNat0 M31Exact
                                  (@MulZeroClass.toZero M31Exact
                                    (@instMulZeroClassOfSemiring M31Exact
                                      (@DivisionSemiring.toSemiring M31Exact
                                        (@Semifield.toDivisionSemiring M31Exact
                                          (@Field.toSemifield M31Exact (@ZMod.instField P m31PrimeFact))))))))
                              (@MulZeroClass.toZero M31Exact
                                (@instMulZeroClassOfSemiring M31Exact
                                  (@DivisionSemiring.toSemiring M31Exact
                                    (@Semifield.toDivisionSemiring M31Exact
                                      (@Field.toSemifield M31Exact (@ZMod.instField P m31PrimeFact)))))))))
                        qm31Rootless))))))))
        (@HMul.hMul QM31Exact QM31Exact QM31Exact
          (@instHMul QM31Exact
            (@Distrib.toMul QM31Exact
              (@instDistribOfSemiring QM31Exact
                (@DivisionSemiring.toSemiring QM31Exact
                  (@Semifield.toDivisionSemiring QM31Exact
                    (@Field.toSemifield QM31Exact
                      (@QuadraticAlgebra.instField CM31Exact
                        (@QuadraticAlgebra.instField M31Exact (@ZMod.instField P m31PrimeFact)
                          (@Neg.neg M31Exact
                            (@NegZeroClass.toNeg M31Exact
                              (@SubNegZeroMonoid.toNegZeroClass M31Exact
                                (@SubtractionMonoid.toSubNegZeroMonoid M31Exact
                                  (@SubtractionCommMonoid.toSubtractionMonoid M31Exact
                                    (@AddCommGroup.toDivisionAddCommMonoid M31Exact
                                      (@Ring.toAddCommGroup M31Exact
                                        (@DivisionRing.toRing M31Exact
                                          (@Field.toDivisionRing M31Exact (@ZMod.instField P m31PrimeFact)))))))))
                            (@OfNat.ofNat M31Exact (nat_lit 1)
                              (@One.toOfNat1 M31Exact
                                (@AddMonoidWithOne.toOne M31Exact
                                  (@AddGroupWithOne.toAddMonoidWithOne M31Exact
                                    (@Ring.toAddGroupWithOne M31Exact
                                      (@DivisionRing.toRing M31Exact
                                        (@Field.toDivisionRing M31Exact (@ZMod.instField P m31PrimeFact)))))))))
                          (@OfNat.ofNat M31Exact (nat_lit 0)
                            (@Zero.toOfNat0 M31Exact
                              (@MulZeroClass.toZero M31Exact
                                (@instMulZeroClassOfSemiring M31Exact
                                  (@DivisionSemiring.toSemiring M31Exact
                                    (@Semifield.toDivisionSemiring M31Exact
                                      (@Field.toSemifield M31Exact (@ZMod.instField P m31PrimeFact))))))))
                          cm31Rootless)
                        qm31R
                        (@OfNat.ofNat CM31Exact (nat_lit 0)
                          (@Zero.toOfNat0 CM31Exact
                            (@QuadraticAlgebra.instZero M31Exact
                              (@Neg.neg M31Exact
                                (@NegZeroClass.toNeg M31Exact
                                  (@SubNegZeroMonoid.toNegZeroClass M31Exact
                                    (@SubtractionMonoid.toSubNegZeroMonoid M31Exact
                                      (@SubtractionCommMonoid.toSubtractionMonoid M31Exact
                                        (@AddCommGroup.toDivisionAddCommMonoid M31Exact
                                          (@Ring.toAddCommGroup M31Exact
                                            (@DivisionRing.toRing M31Exact
                                              (@Field.toDivisionRing M31Exact (@ZMod.instField P m31PrimeFact)))))))))
                                (@OfNat.ofNat M31Exact (nat_lit 1)
                                  (@One.toOfNat1 M31Exact
                                    (@AddMonoidWithOne.toOne M31Exact
                                      (@AddGroupWithOne.toAddMonoidWithOne M31Exact
                                        (@Ring.toAddGroupWithOne M31Exact
                                          (@DivisionRing.toRing M31Exact
                                            (@Field.toDivisionRing M31Exact (@ZMod.instField P m31PrimeFact)))))))))
                              (@OfNat.ofNat M31Exact (nat_lit 0)
                                (@Zero.toOfNat0 M31Exact
                                  (@MulZeroClass.toZero M31Exact
                                    (@instMulZeroClassOfSemiring M31Exact
                                      (@DivisionSemiring.toSemiring M31Exact
                                        (@Semifield.toDivisionSemiring M31Exact
                                          (@Field.toSemifield M31Exact (@ZMod.instField P m31PrimeFact))))))))
                              (@MulZeroClass.toZero M31Exact
                                (@instMulZeroClassOfSemiring M31Exact
                                  (@DivisionSemiring.toSemiring M31Exact
                                    (@Semifield.toDivisionSemiring M31Exact
                                      (@Field.toSemifield M31Exact (@ZMod.instField P m31PrimeFact)))))))))
                        qm31Rootless)))))))
          (@HSub.hSub QM31Exact QM31Exact QM31Exact
            (@instHSub QM31Exact
              (@SubNegMonoid.toSub QM31Exact
                (@AddGroup.toSubNegMonoid QM31Exact
                  (@AddGroupWithOne.toAddGroup QM31Exact
                    (@Ring.toAddGroupWithOne QM31Exact
                      (@DivisionRing.toRing QM31Exact
                        (@Field.toDivisionRing QM31Exact
                          (@QuadraticAlgebra.instField CM31Exact
                            (@QuadraticAlgebra.instField M31Exact (@ZMod.instField P m31PrimeFact)
                              (@Neg.neg M31Exact
                                (@NegZeroClass.toNeg M31Exact
                                  (@SubNegZeroMonoid.toNegZeroClass M31Exact
                                    (@SubtractionMonoid.toSubNegZeroMonoid M31Exact
                                      (@SubtractionCommMonoid.toSubtractionMonoid M31Exact
                                        (@AddCommGroup.toDivisionAddCommMonoid M31Exact
                                          (@Ring.toAddCommGroup M31Exact
                                            (@DivisionRing.toRing M31Exact
                                              (@Field.toDivisionRing M31Exact (@ZMod.instField P m31PrimeFact)))))))))
                                (@OfNat.ofNat M31Exact (nat_lit 1)
                                  (@One.toOfNat1 M31Exact
                                    (@AddMonoidWithOne.toOne M31Exact
                                      (@AddGroupWithOne.toAddMonoidWithOne M31Exact
                                        (@Ring.toAddGroupWithOne M31Exact
                                          (@DivisionRing.toRing M31Exact
                                            (@Field.toDivisionRing M31Exact (@ZMod.instField P m31PrimeFact)))))))))
                              (@OfNat.ofNat M31Exact (nat_lit 0)
                                (@Zero.toOfNat0 M31Exact
                                  (@MulZeroClass.toZero M31Exact
                                    (@instMulZeroClassOfSemiring M31Exact
                                      (@DivisionSemiring.toSemiring M31Exact
                                        (@Semifield.toDivisionSemiring M31Exact
                                          (@Field.toSemifield M31Exact (@ZMod.instField P m31PrimeFact))))))))
                              cm31Rootless)
                            qm31R
                            (@OfNat.ofNat CM31Exact (nat_lit 0)
                              (@Zero.toOfNat0 CM31Exact
                                (@QuadraticAlgebra.instZero M31Exact
                                  (@Neg.neg M31Exact
                                    (@NegZeroClass.toNeg M31Exact
                                      (@SubNegZeroMonoid.toNegZeroClass M31Exact
                                        (@SubtractionMonoid.toSubNegZeroMonoid M31Exact
                                          (@SubtractionCommMonoid.toSubtractionMonoid M31Exact
                                            (@AddCommGroup.toDivisionAddCommMonoid M31Exact
                                              (@Ring.toAddCommGroup M31Exact
                                                (@DivisionRing.toRing M31Exact
                                                  (@Field.toDivisionRing M31Exact
                                                    (@ZMod.instField P m31PrimeFact)))))))))
                                    (@OfNat.ofNat M31Exact (nat_lit 1)
                                      (@One.toOfNat1 M31Exact
                                        (@AddMonoidWithOne.toOne M31Exact
                                          (@AddGroupWithOne.toAddMonoidWithOne M31Exact
                                            (@Ring.toAddGroupWithOne M31Exact
                                              (@DivisionRing.toRing M31Exact
                                                (@Field.toDivisionRing M31Exact (@ZMod.instField P m31PrimeFact)))))))))
                                  (@OfNat.ofNat M31Exact (nat_lit 0)
                                    (@Zero.toOfNat0 M31Exact
                                      (@MulZeroClass.toZero M31Exact
                                        (@instMulZeroClassOfSemiring M31Exact
                                          (@DivisionSemiring.toSemiring M31Exact
                                            (@Semifield.toDivisionSemiring M31Exact
                                              (@Field.toSemifield M31Exact (@ZMod.instField P m31PrimeFact))))))))
                                  (@MulZeroClass.toZero M31Exact
                                    (@instMulZeroClassOfSemiring M31Exact
                                      (@DivisionSemiring.toSemiring M31Exact
                                        (@Semifield.toDivisionSemiring M31Exact
                                          (@Field.toSemifield M31Exact (@ZMod.instField P m31PrimeFact)))))))))
                            qm31Rootless))))))))
            (@OfNat.ofNat QM31Exact (nat_lit 1)
              (@One.toOfNat1 QM31Exact
                (@AddMonoidWithOne.toOne QM31Exact
                  (@AddGroupWithOne.toAddMonoidWithOne QM31Exact
                    (@Ring.toAddGroupWithOne QM31Exact
                      (@DivisionRing.toRing QM31Exact
                        (@Field.toDivisionRing QM31Exact
                          (@QuadraticAlgebra.instField CM31Exact
                            (@QuadraticAlgebra.instField M31Exact (@ZMod.instField P m31PrimeFact)
                              (@Neg.neg M31Exact
                                (@NegZeroClass.toNeg M31Exact
                                  (@SubNegZeroMonoid.toNegZeroClass M31Exact
                                    (@SubtractionMonoid.toSubNegZeroMonoid M31Exact
                                      (@SubtractionCommMonoid.toSubtractionMonoid M31Exact
                                        (@AddCommGroup.toDivisionAddCommMonoid M31Exact
                                          (@Ring.toAddCommGroup M31Exact
                                            (@DivisionRing.toRing M31Exact
                                              (@Field.toDivisionRing M31Exact (@ZMod.instField P m31PrimeFact)))))))))
                                (@OfNat.ofNat M31Exact (nat_lit 1)
                                  (@One.toOfNat1 M31Exact
                                    (@AddMonoidWithOne.toOne M31Exact
                                      (@AddGroupWithOne.toAddMonoidWithOne M31Exact
                                        (@Ring.toAddGroupWithOne M31Exact
                                          (@DivisionRing.toRing M31Exact
                                            (@Field.toDivisionRing M31Exact (@ZMod.instField P m31PrimeFact)))))))))
                              (@OfNat.ofNat M31Exact (nat_lit 0)
                                (@Zero.toOfNat0 M31Exact
                                  (@MulZeroClass.toZero M31Exact
                                    (@instMulZeroClassOfSemiring M31Exact
                                      (@DivisionSemiring.toSemiring M31Exact
                                        (@Semifield.toDivisionSemiring M31Exact
                                          (@Field.toSemifield M31Exact (@ZMod.instField P m31PrimeFact))))))))
                              cm31Rootless)
                            qm31R
                            (@OfNat.ofNat CM31Exact (nat_lit 0)
                              (@Zero.toOfNat0 CM31Exact
                                (@QuadraticAlgebra.instZero M31Exact
                                  (@Neg.neg M31Exact
                                    (@NegZeroClass.toNeg M31Exact
                                      (@SubNegZeroMonoid.toNegZeroClass M31Exact
                                        (@SubtractionMonoid.toSubNegZeroMonoid M31Exact
                                          (@SubtractionCommMonoid.toSubtractionMonoid M31Exact
                                            (@AddCommGroup.toDivisionAddCommMonoid M31Exact
                                              (@Ring.toAddCommGroup M31Exact
                                                (@DivisionRing.toRing M31Exact
                                                  (@Field.toDivisionRing M31Exact
                                                    (@ZMod.instField P m31PrimeFact)))))))))
                                    (@OfNat.ofNat M31Exact (nat_lit 1)
                                      (@One.toOfNat1 M31Exact
                                        (@AddMonoidWithOne.toOne M31Exact
                                          (@AddGroupWithOne.toAddMonoidWithOne M31Exact
                                            (@Ring.toAddGroupWithOne M31Exact
                                              (@DivisionRing.toRing M31Exact
                                                (@Field.toDivisionRing M31Exact (@ZMod.instField P m31PrimeFact)))))))))
                                  (@OfNat.ofNat M31Exact (nat_lit 0)
                                    (@Zero.toOfNat0 M31Exact
                                      (@MulZeroClass.toZero M31Exact
                                        (@instMulZeroClassOfSemiring M31Exact
                                          (@DivisionSemiring.toSemiring M31Exact
                                            (@Semifield.toDivisionSemiring M31Exact
                                              (@Field.toSemifield M31Exact (@ZMod.instField P m31PrimeFact))))))))
                                  (@MulZeroClass.toZero M31Exact
                                    (@instMulZeroClassOfSemiring M31Exact
                                      (@DivisionSemiring.toSemiring M31Exact
                                        (@Semifield.toDivisionSemiring M31Exact
                                          (@Field.toSemifield M31Exact (@ZMod.instField P m31PrimeFact)))))))))
                            qm31Rootless))))))))
            (@HPow.hPow QM31Exact Nat QM31Exact
              (@instHPow QM31Exact Nat
                (@NPow.toPow QM31Exact
                  (@Monoid.toNPow QM31Exact
                    (@Semiring.toMonoid QM31Exact
                      (@DivisionSemiring.toSemiring QM31Exact
                        (@Semifield.toDivisionSemiring QM31Exact
                          (@Field.toSemifield QM31Exact
                            (@QuadraticAlgebra.instField CM31Exact
                              (@QuadraticAlgebra.instField M31Exact (@ZMod.instField P m31PrimeFact)
                                (@Neg.neg M31Exact
                                  (@NegZeroClass.toNeg M31Exact
                                    (@SubNegZeroMonoid.toNegZeroClass M31Exact
                                      (@SubtractionMonoid.toSubNegZeroMonoid M31Exact
                                        (@SubtractionCommMonoid.toSubtractionMonoid M31Exact
                                          (@AddCommGroup.toDivisionAddCommMonoid M31Exact
                                            (@Ring.toAddCommGroup M31Exact
                                              (@DivisionRing.toRing M31Exact
                                                (@Field.toDivisionRing M31Exact (@ZMod.instField P m31PrimeFact)))))))))
                                  (@OfNat.ofNat M31Exact (nat_lit 1)
                                    (@One.toOfNat1 M31Exact
                                      (@AddMonoidWithOne.toOne M31Exact
                                        (@AddGroupWithOne.toAddMonoidWithOne M31Exact
                                          (@Ring.toAddGroupWithOne M31Exact
                                            (@DivisionRing.toRing M31Exact
                                              (@Field.toDivisionRing M31Exact (@ZMod.instField P m31PrimeFact)))))))))
                                (@OfNat.ofNat M31Exact (nat_lit 0)
                                  (@Zero.toOfNat0 M31Exact
                                    (@MulZeroClass.toZero M31Exact
                                      (@instMulZeroClassOfSemiring M31Exact
                                        (@DivisionSemiring.toSemiring M31Exact
                                          (@Semifield.toDivisionSemiring M31Exact
                                            (@Field.toSemifield M31Exact (@ZMod.instField P m31PrimeFact))))))))
                                cm31Rootless)
                              qm31R
                              (@OfNat.ofNat CM31Exact (nat_lit 0)
                                (@Zero.toOfNat0 CM31Exact
                                  (@QuadraticAlgebra.instZero M31Exact
                                    (@Neg.neg M31Exact
                                      (@NegZeroClass.toNeg M31Exact
                                        (@SubNegZeroMonoid.toNegZeroClass M31Exact
                                          (@SubtractionMonoid.toSubNegZeroMonoid M31Exact
                                            (@SubtractionCommMonoid.toSubtractionMonoid M31Exact
                                              (@AddCommGroup.toDivisionAddCommMonoid M31Exact
                                                (@Ring.toAddCommGroup M31Exact
                                                  (@DivisionRing.toRing M31Exact
                                                    (@Field.toDivisionRing M31Exact
                                                      (@ZMod.instField P m31PrimeFact)))))))))
                                      (@OfNat.ofNat M31Exact (nat_lit 1)
                                        (@One.toOfNat1 M31Exact
                                          (@AddMonoidWithOne.toOne M31Exact
                                            (@AddGroupWithOne.toAddMonoidWithOne M31Exact
                                              (@Ring.toAddGroupWithOne M31Exact
                                                (@DivisionRing.toRing M31Exact
                                                  (@Field.toDivisionRing M31Exact
                                                    (@ZMod.instField P m31PrimeFact)))))))))
                                    (@OfNat.ofNat M31Exact (nat_lit 0)
                                      (@Zero.toOfNat0 M31Exact
                                        (@MulZeroClass.toZero M31Exact
                                          (@instMulZeroClassOfSemiring M31Exact
                                            (@DivisionSemiring.toSemiring M31Exact
                                              (@Semifield.toDivisionSemiring M31Exact
                                                (@Field.toSemifield M31Exact (@ZMod.instField P m31PrimeFact))))))))
                                    (@MulZeroClass.toZero M31Exact
                                      (@instMulZeroClassOfSemiring M31Exact
                                        (@DivisionSemiring.toSemiring M31Exact
                                          (@Semifield.toDivisionSemiring M31Exact
                                            (@Field.toSemifield M31Exact (@ZMod.instField P m31PrimeFact)))))))))
                              qm31Rootless))))))))
              t (@OfNat.ofNat Nat (nat_lit 2) (instOfNatNat (nat_lit 2)))))
          (@Inv.inv QM31Exact
            (@InvOneClass.toInv QM31Exact
              (@DivInvOneMonoid.toInvOneClass QM31Exact
                (@DivisionMonoid.toDivInvOneMonoid QM31Exact
                  (@DivisionCommMonoid.toDivisionMonoid QM31Exact
                    (@CommGroupWithZero.toDivisionCommMonoid QM31Exact
                      (@Semifield.toCommGroupWithZero QM31Exact
                        (@Field.toSemifield QM31Exact
                          (@QuadraticAlgebra.instField CM31Exact
                            (@QuadraticAlgebra.instField M31Exact (@ZMod.instField P m31PrimeFact)
                              (@Neg.neg M31Exact
                                (@NegZeroClass.toNeg M31Exact
                                  (@SubNegZeroMonoid.toNegZeroClass M31Exact
                                    (@SubtractionMonoid.toSubNegZeroMonoid M31Exact
                                      (@SubtractionCommMonoid.toSubtractionMonoid M31Exact
                                        (@AddCommGroup.toDivisionAddCommMonoid M31Exact
                                          (@Ring.toAddCommGroup M31Exact
                                            (@DivisionRing.toRing M31Exact
                                              (@Field.toDivisionRing M31Exact (@ZMod.instField P m31PrimeFact)))))))))
                                (@OfNat.ofNat M31Exact (nat_lit 1)
                                  (@One.toOfNat1 M31Exact
                                    (@AddMonoidWithOne.toOne M31Exact
                                      (@AddGroupWithOne.toAddMonoidWithOne M31Exact
                                        (@Ring.toAddGroupWithOne M31Exact
                                          (@DivisionRing.toRing M31Exact
                                            (@Field.toDivisionRing M31Exact (@ZMod.instField P m31PrimeFact)))))))))
                              (@OfNat.ofNat M31Exact (nat_lit 0)
                                (@Zero.toOfNat0 M31Exact
                                  (@MulZeroClass.toZero M31Exact
                                    (@instMulZeroClassOfSemiring M31Exact
                                      (@DivisionSemiring.toSemiring M31Exact
                                        (@Semifield.toDivisionSemiring M31Exact
                                          (@Field.toSemifield M31Exact (@ZMod.instField P m31PrimeFact))))))))
                              cm31Rootless)
                            qm31R
                            (@OfNat.ofNat CM31Exact (nat_lit 0)
                              (@Zero.toOfNat0 CM31Exact
                                (@QuadraticAlgebra.instZero M31Exact
                                  (@Neg.neg M31Exact
                                    (@NegZeroClass.toNeg M31Exact
                                      (@SubNegZeroMonoid.toNegZeroClass M31Exact
                                        (@SubtractionMonoid.toSubNegZeroMonoid M31Exact
                                          (@SubtractionCommMonoid.toSubtractionMonoid M31Exact
                                            (@AddCommGroup.toDivisionAddCommMonoid M31Exact
                                              (@Ring.toAddCommGroup M31Exact
                                                (@DivisionRing.toRing M31Exact
                                                  (@Field.toDivisionRing M31Exact
                                                    (@ZMod.instField P m31PrimeFact)))))))))
                                    (@OfNat.ofNat M31Exact (nat_lit 1)
                                      (@One.toOfNat1 M31Exact
                                        (@AddMonoidWithOne.toOne M31Exact
                                          (@AddGroupWithOne.toAddMonoidWithOne M31Exact
                                            (@Ring.toAddGroupWithOne M31Exact
                                              (@DivisionRing.toRing M31Exact
                                                (@Field.toDivisionRing M31Exact (@ZMod.instField P m31PrimeFact)))))))))
                                  (@OfNat.ofNat M31Exact (nat_lit 0)
                                    (@Zero.toOfNat0 M31Exact
                                      (@MulZeroClass.toZero M31Exact
                                        (@instMulZeroClassOfSemiring M31Exact
                                          (@DivisionSemiring.toSemiring M31Exact
                                            (@Semifield.toDivisionSemiring M31Exact
                                              (@Field.toSemifield M31Exact (@ZMod.instField P m31PrimeFact))))))))
                                  (@MulZeroClass.toZero M31Exact
                                    (@instMulZeroClassOfSemiring M31Exact
                                      (@DivisionSemiring.toSemiring M31Exact
                                        (@Semifield.toDivisionSemiring M31Exact
                                          (@Field.toSemifield M31Exact (@ZMod.instField P m31PrimeFact)))))))))
                            qm31Rootless))))))))
            (@HAdd.hAdd QM31Exact QM31Exact QM31Exact
              (@instHAdd QM31Exact
                (@Distrib.toAdd QM31Exact
                  (@instDistribOfSemiring QM31Exact
                    (@DivisionSemiring.toSemiring QM31Exact
                      (@Semifield.toDivisionSemiring QM31Exact
                        (@Field.toSemifield QM31Exact
                          (@QuadraticAlgebra.instField CM31Exact
                            (@QuadraticAlgebra.instField M31Exact (@ZMod.instField P m31PrimeFact)
                              (@Neg.neg M31Exact
                                (@NegZeroClass.toNeg M31Exact
                                  (@SubNegZeroMonoid.toNegZeroClass M31Exact
                                    (@SubtractionMonoid.toSubNegZeroMonoid M31Exact
                                      (@SubtractionCommMonoid.toSubtractionMonoid M31Exact
                                        (@AddCommGroup.toDivisionAddCommMonoid M31Exact
                                          (@Ring.toAddCommGroup M31Exact
                                            (@DivisionRing.toRing M31Exact
                                              (@Field.toDivisionRing M31Exact (@ZMod.instField P m31PrimeFact)))))))))
                                (@OfNat.ofNat M31Exact (nat_lit 1)
                                  (@One.toOfNat1 M31Exact
                                    (@AddMonoidWithOne.toOne M31Exact
                                      (@AddGroupWithOne.toAddMonoidWithOne M31Exact
                                        (@Ring.toAddGroupWithOne M31Exact
                                          (@DivisionRing.toRing M31Exact
                                            (@Field.toDivisionRing M31Exact (@ZMod.instField P m31PrimeFact)))))))))
                              (@OfNat.ofNat M31Exact (nat_lit 0)
                                (@Zero.toOfNat0 M31Exact
                                  (@MulZeroClass.toZero M31Exact
                                    (@instMulZeroClassOfSemiring M31Exact
                                      (@DivisionSemiring.toSemiring M31Exact
                                        (@Semifield.toDivisionSemiring M31Exact
                                          (@Field.toSemifield M31Exact (@ZMod.instField P m31PrimeFact))))))))
                              cm31Rootless)
                            qm31R
                            (@OfNat.ofNat CM31Exact (nat_lit 0)
                              (@Zero.toOfNat0 CM31Exact
                                (@QuadraticAlgebra.instZero M31Exact
                                  (@Neg.neg M31Exact
                                    (@NegZeroClass.toNeg M31Exact
                                      (@SubNegZeroMonoid.toNegZeroClass M31Exact
                                        (@SubtractionMonoid.toSubNegZeroMonoid M31Exact
                                          (@SubtractionCommMonoid.toSubtractionMonoid M31Exact
                                            (@AddCommGroup.toDivisionAddCommMonoid M31Exact
                                              (@Ring.toAddCommGroup M31Exact
                                                (@DivisionRing.toRing M31Exact
                                                  (@Field.toDivisionRing M31Exact
                                                    (@ZMod.instField P m31PrimeFact)))))))))
                                    (@OfNat.ofNat M31Exact (nat_lit 1)
                                      (@One.toOfNat1 M31Exact
                                        (@AddMonoidWithOne.toOne M31Exact
                                          (@AddGroupWithOne.toAddMonoidWithOne M31Exact
                                            (@Ring.toAddGroupWithOne M31Exact
                                              (@DivisionRing.toRing M31Exact
                                                (@Field.toDivisionRing M31Exact (@ZMod.instField P m31PrimeFact)))))))))
                                  (@OfNat.ofNat M31Exact (nat_lit 0)
                                    (@Zero.toOfNat0 M31Exact
                                      (@MulZeroClass.toZero M31Exact
                                        (@instMulZeroClassOfSemiring M31Exact
                                          (@DivisionSemiring.toSemiring M31Exact
                                            (@Semifield.toDivisionSemiring M31Exact
                                              (@Field.toSemifield M31Exact (@ZMod.instField P m31PrimeFact))))))))
                                  (@MulZeroClass.toZero M31Exact
                                    (@instMulZeroClassOfSemiring M31Exact
                                      (@DivisionSemiring.toSemiring M31Exact
                                        (@Semifield.toDivisionSemiring M31Exact
                                          (@Field.toSemifield M31Exact (@ZMod.instField P m31PrimeFact)))))))))
                            qm31Rootless)))))))
              (@OfNat.ofNat QM31Exact (nat_lit 1)
                (@One.toOfNat1 QM31Exact
                  (@AddMonoidWithOne.toOne QM31Exact
                    (@AddGroupWithOne.toAddMonoidWithOne QM31Exact
                      (@Ring.toAddGroupWithOne QM31Exact
                        (@DivisionRing.toRing QM31Exact
                          (@Field.toDivisionRing QM31Exact
                            (@QuadraticAlgebra.instField CM31Exact
                              (@QuadraticAlgebra.instField M31Exact (@ZMod.instField P m31PrimeFact)
                                (@Neg.neg M31Exact
                                  (@NegZeroClass.toNeg M31Exact
                                    (@SubNegZeroMonoid.toNegZeroClass M31Exact
                                      (@SubtractionMonoid.toSubNegZeroMonoid M31Exact
                                        (@SubtractionCommMonoid.toSubtractionMonoid M31Exact
                                          (@AddCommGroup.toDivisionAddCommMonoid M31Exact
                                            (@Ring.toAddCommGroup M31Exact
                                              (@DivisionRing.toRing M31Exact
                                                (@Field.toDivisionRing M31Exact (@ZMod.instField P m31PrimeFact)))))))))
                                  (@OfNat.ofNat M31Exact (nat_lit 1)
                                    (@One.toOfNat1 M31Exact
                                      (@AddMonoidWithOne.toOne M31Exact
                                        (@AddGroupWithOne.toAddMonoidWithOne M31Exact
                                          (@Ring.toAddGroupWithOne M31Exact
                                            (@DivisionRing.toRing M31Exact
                                              (@Field.toDivisionRing M31Exact (@ZMod.instField P m31PrimeFact)))))))))
                                (@OfNat.ofNat M31Exact (nat_lit 0)
                                  (@Zero.toOfNat0 M31Exact
                                    (@MulZeroClass.toZero M31Exact
                                      (@instMulZeroClassOfSemiring M31Exact
                                        (@DivisionSemiring.toSemiring M31Exact
                                          (@Semifield.toDivisionSemiring M31Exact
                                            (@Field.toSemifield M31Exact (@ZMod.instField P m31PrimeFact))))))))
                                cm31Rootless)
                              qm31R
                              (@OfNat.ofNat CM31Exact (nat_lit 0)
                                (@Zero.toOfNat0 CM31Exact
                                  (@QuadraticAlgebra.instZero M31Exact
                                    (@Neg.neg M31Exact
                                      (@NegZeroClass.toNeg M31Exact
                                        (@SubNegZeroMonoid.toNegZeroClass M31Exact
                                          (@SubtractionMonoid.toSubNegZeroMonoid M31Exact
                                            (@SubtractionCommMonoid.toSubtractionMonoid M31Exact
                                              (@AddCommGroup.toDivisionAddCommMonoid M31Exact
                                                (@Ring.toAddCommGroup M31Exact
                                                  (@DivisionRing.toRing M31Exact
                                                    (@Field.toDivisionRing M31Exact
                                                      (@ZMod.instField P m31PrimeFact)))))))))
                                      (@OfNat.ofNat M31Exact (nat_lit 1)
                                        (@One.toOfNat1 M31Exact
                                          (@AddMonoidWithOne.toOne M31Exact
                                            (@AddGroupWithOne.toAddMonoidWithOne M31Exact
                                              (@Ring.toAddGroupWithOne M31Exact
                                                (@DivisionRing.toRing M31Exact
                                                  (@Field.toDivisionRing M31Exact
                                                    (@ZMod.instField P m31PrimeFact)))))))))
                                    (@OfNat.ofNat M31Exact (nat_lit 0)
                                      (@Zero.toOfNat0 M31Exact
                                        (@MulZeroClass.toZero M31Exact
                                          (@instMulZeroClassOfSemiring M31Exact
                                            (@DivisionSemiring.toSemiring M31Exact
                                              (@Semifield.toDivisionSemiring M31Exact
                                                (@Field.toSemifield M31Exact (@ZMod.instField P m31PrimeFact))))))))
                                    (@MulZeroClass.toZero M31Exact
                                      (@instMulZeroClassOfSemiring M31Exact
                                        (@DivisionSemiring.toSemiring M31Exact
                                          (@Semifield.toDivisionSemiring M31Exact
                                            (@Field.toSemifield M31Exact (@ZMod.instField P m31PrimeFact)))))))))
                              qm31Rootless))))))))
              (@HPow.hPow QM31Exact Nat QM31Exact
                (@instHPow QM31Exact Nat
                  (@NPow.toPow QM31Exact
                    (@Monoid.toNPow QM31Exact
                      (@Semiring.toMonoid QM31Exact
                        (@DivisionSemiring.toSemiring QM31Exact
                          (@Semifield.toDivisionSemiring QM31Exact
                            (@Field.toSemifield QM31Exact
                              (@QuadraticAlgebra.instField CM31Exact
                                (@QuadraticAlgebra.instField M31Exact (@ZMod.instField P m31PrimeFact)
                                  (@Neg.neg M31Exact
                                    (@NegZeroClass.toNeg M31Exact
                                      (@SubNegZeroMonoid.toNegZeroClass M31Exact
                                        (@SubtractionMonoid.toSubNegZeroMonoid M31Exact
                                          (@SubtractionCommMonoid.toSubtractionMonoid M31Exact
                                            (@AddCommGroup.toDivisionAddCommMonoid M31Exact
                                              (@Ring.toAddCommGroup M31Exact
                                                (@DivisionRing.toRing M31Exact
                                                  (@Field.toDivisionRing M31Exact
                                                    (@ZMod.instField P m31PrimeFact)))))))))
                                    (@OfNat.ofNat M31Exact (nat_lit 1)
                                      (@One.toOfNat1 M31Exact
                                        (@AddMonoidWithOne.toOne M31Exact
                                          (@AddGroupWithOne.toAddMonoidWithOne M31Exact
                                            (@Ring.toAddGroupWithOne M31Exact
                                              (@DivisionRing.toRing M31Exact
                                                (@Field.toDivisionRing M31Exact (@ZMod.instField P m31PrimeFact)))))))))
                                  (@OfNat.ofNat M31Exact (nat_lit 0)
                                    (@Zero.toOfNat0 M31Exact
                                      (@MulZeroClass.toZero M31Exact
                                        (@instMulZeroClassOfSemiring M31Exact
                                          (@DivisionSemiring.toSemiring M31Exact
                                            (@Semifield.toDivisionSemiring M31Exact
                                              (@Field.toSemifield M31Exact (@ZMod.instField P m31PrimeFact))))))))
                                  cm31Rootless)
                                qm31R
                                (@OfNat.ofNat CM31Exact (nat_lit 0)
                                  (@Zero.toOfNat0 CM31Exact
                                    (@QuadraticAlgebra.instZero M31Exact
                                      (@Neg.neg M31Exact
                                        (@NegZeroClass.toNeg M31Exact
                                          (@SubNegZeroMonoid.toNegZeroClass M31Exact
                                            (@SubtractionMonoid.toSubNegZeroMonoid M31Exact
                                              (@SubtractionCommMonoid.toSubtractionMonoid M31Exact
                                                (@AddCommGroup.toDivisionAddCommMonoid M31Exact
                                                  (@Ring.toAddCommGroup M31Exact
                                                    (@DivisionRing.toRing M31Exact
                                                      (@Field.toDivisionRing M31Exact
                                                        (@ZMod.instField P m31PrimeFact)))))))))
                                        (@OfNat.ofNat M31Exact (nat_lit 1)
                                          (@One.toOfNat1 M31Exact
                                            (@AddMonoidWithOne.toOne M31Exact
                                              (@AddGroupWithOne.toAddMonoidWithOne M31Exact
                                                (@Ring.toAddGroupWithOne M31Exact
                                                  (@DivisionRing.toRing M31Exact
                                                    (@Field.toDivisionRing M31Exact
                                                      (@ZMod.instField P m31PrimeFact)))))))))
                                      (@OfNat.ofNat M31Exact (nat_lit 0)
                                        (@Zero.toOfNat0 M31Exact
                                          (@MulZeroClass.toZero M31Exact
                                            (@instMulZeroClassOfSemiring M31Exact
                                              (@DivisionSemiring.toSemiring M31Exact
                                                (@Semifield.toDivisionSemiring M31Exact
                                                  (@Field.toSemifield M31Exact (@ZMod.instField P m31PrimeFact))))))))
                                      (@MulZeroClass.toZero M31Exact
                                        (@instMulZeroClassOfSemiring M31Exact
                                          (@DivisionSemiring.toSemiring M31Exact
                                            (@Semifield.toDivisionSemiring M31Exact
                                              (@Field.toSemifield M31Exact (@ZMod.instField P m31PrimeFact)))))))))
                                qm31Rootless))))))))
                t (@OfNat.ofNat Nat (nat_lit 2) (instOfNatNat (nat_lit 2)))))))))
    t
⊢ @Eq QM31Exact
    (@HDiv.hDiv QM31Exact QM31Exact QM31Exact
      (@instHDiv QM31Exact
        (@QuadraticAlgebra.instDiv CM31Exact
          (@QuadraticAlgebra.instField M31Exact (@ZMod.instField P m31PrimeFact)
            (@Neg.neg M31Exact
              (@NegZeroClass.toNeg M31Exact
                (@SubNegZeroMonoid.toNegZeroClass M31Exact
                  (@SubtractionMonoid.toSubNegZeroMonoid M31Exact
                    (@SubtractionCommMonoid.toSubtractionMonoid M31Exact
                      (@AddCommGroup.toDivisionAddCommMonoid M31Exact
                        (@Ring.toAddCommGroup M31Exact
                          (@DivisionRing.toRing M31Exact
                            (@Field.toDivisionRing M31Exact (@ZMod.instField P m31PrimeFact)))))))))
              (@OfNat.ofNat M31Exact (nat_lit 1)
                (@One.toOfNat1 M31Exact
                  (@AddMonoidWithOne.toOne M31Exact
                    (@AddGroupWithOne.toAddMonoidWithOne M31Exact
                      (@Ring.toAddGroupWithOne M31Exact
                        (@DivisionRing.toRing M31Exact
                          (@Field.toDivisionRing M31Exact (@ZMod.instField P m31PrimeFact)))))))))
            (@OfNat.ofNat M31Exact (nat_lit 0)
              (@Zero.toOfNat0 M31Exact
                (@MulZeroClass.toZero M31Exact
                  (@instMulZeroClassOfSemiring M31Exact
                    (@DivisionSemiring.toSemiring M31Exact
                      (@Semifield.toDivisionSemiring M31Exact
                        (@Field.toSemifield M31Exact (@ZMod.instField P m31PrimeFact))))))))
            cm31Rootless)
          qm31R
          (@OfNat.ofNat CM31Exact (nat_lit 0)
            (@Zero.toOfNat0 CM31Exact
              (@QuadraticAlgebra.instZero M31Exact
                (@Neg.neg M31Exact
                  (@NegZeroClass.toNeg M31Exact
                    (@SubNegZeroMonoid.toNegZeroClass M31Exact
                      (@SubtractionMonoid.toSubNegZeroMonoid M31Exact
                        (@SubtractionCommMonoid.toSubtractionMonoid M31Exact
                          (@AddCommGroup.toDivisionAddCommMonoid M31Exact
                            (@Ring.toAddCommGroup M31Exact
                              (@DivisionRing.toRing M31Exact
                                (@Field.toDivisionRing M31Exact (@ZMod.instField P m31PrimeFact)))))))))
                  (@OfNat.ofNat M31Exact (nat_lit 1)
                    (@One.toOfNat1 M31Exact
                      (@AddMonoidWithOne.toOne M31Exact
                        (@AddGroupWithOne.toAddMonoidWithOne M31Exact
                          (@Ring.toAddGroupWithOne M31Exact
                            (@DivisionRing.toRing M31Exact
                              (@Field.toDivisionRing M31Exact (@ZMod.instField P m31PrimeFact)))))))))
                (@OfNat.ofNat M31Exact (nat_lit 0)
                  (@Zero.toOfNat0 M31Exact
                    (@MulZeroClass.toZero M31Exact
                      (@instMulZeroClassOfSemiring M31Exact
                        (@DivisionSemiring.toSemiring M31Exact
                          (@Semifield.toDivisionSemiring M31Exact
                            (@Field.toSemifield M31Exact (@ZMod.instField P m31PrimeFact))))))))
                (@MulZeroClass.toZero M31Exact
                  (@instMulZeroClassOfSemiring M31Exact
                    (@DivisionSemiring.toSemiring M31Exact
                      (@Semifield.toDivisionSemiring M31Exact
                        (@Field.toSemifield M31Exact (@ZMod.instField P m31PrimeFact)))))))))))
      (@HMul.hMul QM31Exact QM31Exact QM31Exact
        (@instHMul QM31Exact
          (@QuadraticAlgebra.instMul CM31Exact qm31R
            (@OfNat.ofNat CM31Exact (nat_lit 0)
              (@Zero.toOfNat0 CM31Exact
                (@QuadraticAlgebra.instZero M31Exact
                  (@Neg.neg M31Exact
                    (@NegZeroClass.toNeg M31Exact
                      (@SubNegZeroMonoid.toNegZeroClass M31Exact
                        (@SubtractionMonoid.toSubNegZeroMonoid M31Exact
                          (@SubtractionCommMonoid.toSubtractionMonoid M31Exact
                            (@AddCommGroup.toDivisionAddCommMonoid M31Exact
                              (@Ring.toAddCommGroup M31Exact
                                (@DivisionRing.toRing M31Exact
                                  (@Field.toDivisionRing M31Exact (@ZMod.instField P m31PrimeFact)))))))))
                    (@OfNat.ofNat M31Exact (nat_lit 1)
                      (@One.toOfNat1 M31Exact
                        (@AddMonoidWithOne.toOne M31Exact
                          (@AddGroupWithOne.toAddMonoidWithOne M31Exact
                            (@Ring.toAddGroupWithOne M31Exact
                              (@DivisionRing.toRing M31Exact
                                (@Field.toDivisionRing M31Exact (@ZMod.instField P m31PrimeFact)))))))))
                  (@OfNat.ofNat M31Exact (nat_lit 0)
                    (@Zero.toOfNat0 M31Exact
                      (@MulZeroClass.toZero M31Exact
                        (@instMulZeroClassOfSemiring M31Exact
                          (@DivisionSemiring.toSemiring M31Exact
                            (@Semifield.toDivisionSemiring M31Exact
                              (@Field.toSemifield M31Exact (@ZMod.instField P m31PrimeFact))))))))
                  (@MulZeroClass.toZero M31Exact
                    (@instMulZeroClassOfSemiring M31Exact
                      (@DivisionSemiring.toSemiring M31Exact
                        (@Semifield.toDivisionSemiring M31Exact
                          (@Field.toSemifield M31Exact (@ZMod.instField P m31PrimeFact)))))))))
            (@QuadraticAlgebra.instMul M31Exact
              (@Neg.neg M31Exact
                (@NegZeroClass.toNeg M31Exact
                  (@SubNegZeroMonoid.toNegZeroClass M31Exact
                    (@SubtractionMonoid.toSubNegZeroMonoid M31Exact
                      (@SubtractionCommMonoid.toSubtractionMonoid M31Exact
                        (@AddCommGroup.toDivisionAddCommMonoid M31Exact
                          (@Ring.toAddCommGroup M31Exact
                            (@DivisionRing.toRing M31Exact
                              (@Field.toDivisionRing M31Exact (@ZMod.instField P m31PrimeFact)))))))))
                (@OfNat.ofNat M31Exact (nat_lit 1)
                  (@One.toOfNat1 M31Exact
                    (@AddMonoidWithOne.toOne M31Exact
                      (@AddGroupWithOne.toAddMonoidWithOne M31Exact
                        (@Ring.toAddGroupWithOne M31Exact
                          (@DivisionRing.toRing M31Exact
                            (@Field.toDivisionRing M31Exact (@ZMod.instField P m31PrimeFact)))))))))
              (@OfNat.ofNat M31Exact (nat_lit 0)
                (@Zero.toOfNat0 M31Exact
                  (@MulZeroClass.toZero M31Exact
                    (@instMulZeroClassOfSemiring M31Exact
                      (@DivisionSemiring.toSemiring M31Exact
                        (@Semifield.toDivisionSemiring M31Exact
                          (@Field.toSemifield M31Exact (@ZMod.instField P m31PrimeFact))))))))
              (@Distrib.toMul M31Exact
                (@instDistribOfSemiring M31Exact
                  (@DivisionSemiring.toSemiring M31Exact
                    (@Semifield.toDivisionSemiring M31Exact
                      (@Field.toSemifield M31Exact (@ZMod.instField P m31PrimeFact))))))
              (@Distrib.toAdd M31Exact
                (@instDistribOfSemiring M31Exact
                  (@DivisionSemiring.toSemiring M31Exact
                    (@Semifield.toDivisionSemiring M31Exact
                      (@Field.toSemifield M31Exact (@ZMod.instField P m31PrimeFact)))))))
            (@QuadraticAlgebra.instAdd M31Exact
              (@Neg.neg M31Exact
                (@NegZeroClass.toNeg M31Exact
                  (@SubNegZeroMonoid.toNegZeroClass M31Exact
                    (@SubtractionMonoid.toSubNegZeroMonoid M31Exact
                      (@SubtractionCommMonoid.toSubtractionMonoid M31Exact
                        (@AddCommGroup.toDivisionAddCommMonoid M31Exact
                          (@Ring.toAddCommGroup M31Exact
                            (@DivisionRing.toRing M31Exact
                              (@Field.toDivisionRing M31Exact (@ZMod.instField P m31PrimeFact)))))))))
                (@OfNat.ofNat M31Exact (nat_lit 1)
                  (@One.toOfNat1 M31Exact
                    (@AddMonoidWithOne.toOne M31Exact
                      (@AddGroupWithOne.toAddMonoidWithOne M31Exact
                        (@Ring.toAddGroupWithOne M31Exact
                          (@DivisionRing.toRing M31Exact
                            (@Field.toDivisionRing M31Exact (@ZMod.instField P m31PrimeFact)))))))))
              (@OfNat.ofNat M31Exact (nat_lit 0)
                (@Zero.toOfNat0 M31Exact
                  (@MulZeroClass.toZero M31Exact
                    (@instMulZeroClassOfSemiring M31Exact
                      (@DivisionSemiring.toSemiring M31Exact
                        (@Semifield.toDivisionSemiring M31Exact
                          (@Field.toSemifield M31Exact (@ZMod.instField P m31PrimeFact))))))))
              (@Distrib.toAdd M31Exact
                (@instDistribOfSemiring M31Exact
                  (@DivisionSemiring.toSemiring M31Exact
                    (@Semifield.toDivisionSemiring M31Exact
                      (@Field.toSemifield M31Exact (@ZMod.instField P m31PrimeFact)))))))))
        (@HAdd.hAdd QM31Exact QM31Exact QM31Exact
          (@instHAdd QM31Exact
            (@QuadraticAlgebra.instAdd CM31Exact qm31R
              (@OfNat.ofNat CM31Exact (nat_lit 0)
                (@Zero.toOfNat0 CM31Exact
                  (@QuadraticAlgebra.instZero M31Exact
                    (@Neg.neg M31Exact
                      (@NegZeroClass.toNeg M31Exact
                        (@SubNegZeroMonoid.toNegZeroClass M31Exact
                          (@SubtractionMonoid.toSubNegZeroMonoid M31Exact
                            (@SubtractionCommMonoid.toSubtractionMonoid M31Exact
                              (@AddCommGroup.toDivisionAddCommMonoid M31Exact
                                (@Ring.toAddCommGroup M31Exact
                                  (@DivisionRing.toRing M31Exact
                                    (@Field.toDivisionRing M31Exact (@ZMod.instField P m31PrimeFact)))))))))
                      (@OfNat.ofNat M31Exact (nat_lit 1)
                        (@One.toOfNat1 M31Exact
                          (@AddMonoidWithOne.toOne M31Exact
                            (@AddGroupWithOne.toAddMonoidWithOne M31Exact
                              (@Ring.toAddGroupWithOne M31Exact
                                (@DivisionRing.toRing M31Exact
                                  (@Field.toDivisionRing M31Exact (@ZMod.instField P m31PrimeFact)))))))))
                    (@OfNat.ofNat M31Exact (nat_lit 0)
                      (@Zero.toOfNat0 M31Exact
                        (@MulZeroClass.toZero M31Exact
                          (@instMulZeroClassOfSemiring M31Exact
                            (@DivisionSemiring.toSemiring M31Exact
                              (@Semifield.toDivisionSemiring M31Exact
                                (@Field.toSemifield M31Exact (@ZMod.instField P m31PrimeFact))))))))
                    (@MulZeroClass.toZero M31Exact
                      (@instMulZeroClassOfSemiring M31Exact
                        (@DivisionSemiring.toSemiring M31Exact
                          (@Semifield.toDivisionSemiring M31Exact
                            (@Field.toSemifield M31Exact (@ZMod.instField P m31PrimeFact)))))))))
              (@QuadraticAlgebra.instAdd M31Exact
                (@Neg.neg M31Exact
                  (@NegZeroClass.toNeg M31Exact
                    (@SubNegZeroMonoid.toNegZeroClass M31Exact
                      (@SubtractionMonoid.toSubNegZeroMonoid M31Exact
                        (@SubtractionCommMonoid.toSubtractionMonoid M31Exact
                          (@AddCommGroup.toDivisionAddCommMonoid M31Exact
                            (@Ring.toAddCommGroup M31Exact
                              (@DivisionRing.toRing M31Exact
                                (@Field.toDivisionRing M31Exact (@ZMod.instField P m31PrimeFact)))))))))
                  (@OfNat.ofNat M31Exact (nat_lit 1)
                    (@One.toOfNat1 M31Exact
                      (@AddMonoidWithOne.toOne M31Exact
                        (@AddGroupWithOne.toAddMonoidWithOne M31Exact
                          (@Ring.toAddGroupWithOne M31Exact
                            (@DivisionRing.toRing M31Exact
                              (@Field.toDivisionRing M31Exact (@ZMod.instField P m31PrimeFact)))))))))
                (@OfNat.ofNat M31Exact (nat_lit 0)
                  (@Zero.toOfNat0 M31Exact
                    (@MulZeroClass.toZero M31Exact
                      (@instMulZeroClassOfSemiring M31Exact
                        (@DivisionSemiring.toSemiring M31Exact
                          (@Semifield.toDivisionSemiring M31Exact
                            (@Field.toSemifield M31Exact (@ZMod.instField P m31PrimeFact))))))))
                (@Distrib.toAdd M31Exact
                  (@instDistribOfSemiring M31Exact
                    (@DivisionSemiring.toSemiring M31Exact
                      (@Semifield.toDivisionSemiring M31Exact
                        (@Field.toSemifield M31Exact (@ZMod.instField P m31PrimeFact)))))))))
          t t)
        (@Inv.inv QM31Exact
          (@QuadraticAlgebra.instInv CM31Exact
            (@QuadraticAlgebra.instField M31Exact (@ZMod.instField P m31PrimeFact)
              (@Neg.neg M31Exact
                (@NegZeroClass.toNeg M31Exact
                  (@SubNegZeroMonoid.toNegZeroClass M31Exact
                    (@SubtractionMonoid.toSubNegZeroMonoid M31Exact
                      (@SubtractionCommMonoid.toSubtractionMonoid M31Exact
                        (@AddCommGroup.toDivisionAddCommMonoid M31Exact
                          (@Ring.toAddCommGroup M31Exact
                            (@DivisionRing.toRing M31Exact
                              (@Field.toDivisionRing M31Exact (@ZMod.instField P m31PrimeFact)))))))))
                (@OfNat.ofNat M31Exact (nat_lit 1)
                  (@One.toOfNat1 M31Exact
                    (@AddMonoidWithOne.toOne M31Exact
                      (@AddGroupWithOne.toAddMonoidWithOne M31Exact
                        (@Ring.toAddGroupWithOne M31Exact
                          (@DivisionRing.toRing M31Exact
                            (@Field.toDivisionRing M31Exact (@ZMod.instField P m31PrimeFact)))))))))
              (@OfNat.ofNat M31Exact (nat_lit 0)
                (@Zero.toOfNat0 M31Exact
                  (@MulZeroClass.toZero M31Exact
                    (@instMulZeroClassOfSemiring M31Exact
                      (@DivisionSemiring.toSemiring M31Exact
                        (@Semifield.toDivisionSemiring M31Exact
                          (@Field.toSemifield M31Exact (@ZMod.instField P m31PrimeFact))))))))
              cm31Rootless)
            qm31R
            (@OfNat.ofNat CM31Exact (nat_lit 0)
              (@Zero.toOfNat0 CM31Exact
                (@QuadraticAlgebra.instZero M31Exact
                  (@Neg.neg M31Exact
                    (@NegZeroClass.toNeg M31Exact
                      (@SubNegZeroMonoid.toNegZeroClass M31Exact
                        (@SubtractionMonoid.toSubNegZeroMonoid M31Exact
                          (@SubtractionCommMonoid.toSubtractionMonoid M31Exact
                            (@AddCommGroup.toDivisionAddCommMonoid M31Exact
                              (@Ring.toAddCommGroup M31Exact
                                (@DivisionRing.toRing M31Exact
                                  (@Field.toDivisionRing M31Exact (@ZMod.instField P m31PrimeFact)))))))))
                    (@OfNat.ofNat M31Exact (nat_lit 1)
                      (@One.toOfNat1 M31Exact
                        (@AddMonoidWithOne.toOne M31Exact
                          (@AddGroupWithOne.toAddMonoidWithOne M31Exact
                            (@Ring.toAddGroupWithOne M31Exact
                              (@DivisionRing.toRing M31Exact
                                (@Field.toDivisionRing M31Exact (@ZMod.instField P m31PrimeFact)))))))))
                  (@OfNat.ofNat M31Exact (nat_lit 0)
                    (@Zero.toOfNat0 M31Exact
                      (@MulZeroClass.toZero M31Exact
                        (@instMulZeroClassOfSemiring M31Exact
                          (@DivisionSemiring.toSemiring M31Exact
                            (@Semifield.toDivisionSemiring M31Exact
                              (@Field.toSemifield M31Exact (@ZMod.instField P m31PrimeFact))))))))
                  (@MulZeroClass.toZero M31Exact
                    (@instMulZeroClassOfSemiring M31Exact
                      (@DivisionSemiring.toSemiring M31Exact
                        (@Semifield.toDivisionSemiring M31Exact
                          (@Field.toSemifield M31Exact (@ZMod.instField P m31PrimeFact))))))))))
          (@HAdd.hAdd QM31Exact QM31Exact QM31Exact
            (@instHAdd QM31Exact
              (@QuadraticAlgebra.instAdd CM31Exact qm31R
                (@OfNat.ofNat CM31Exact (nat_lit 0)
                  (@Zero.toOfNat0 CM31Exact
                    (@QuadraticAlgebra.instZero M31Exact
                      (@Neg.neg M31Exact
                        (@NegZeroClass.toNeg M31Exact
                          (@SubNegZeroMonoid.toNegZeroClass M31Exact
                            (@SubtractionMonoid.toSubNegZeroMonoid M31Exact
                              (@SubtractionCommMonoid.toSubtractionMonoid M31Exact
                                (@AddCommGroup.toDivisionAddCommMonoid M31Exact
                                  (@Ring.toAddCommGroup M31Exact
                                    (@DivisionRing.toRing M31Exact
                                      (@Field.toDivisionRing M31Exact (@ZMod.instField P m31PrimeFact)))))))))
                        (@OfNat.ofNat M31Exact (nat_lit 1)
                          (@One.toOfNat1 M31Exact
                            (@AddMonoidWithOne.toOne M31Exact
                              (@AddGroupWithOne.toAddMonoidWithOne M31Exact
                                (@Ring.toAddGroupWithOne M31Exact
                                  (@DivisionRing.toRing M31Exact
                                    (@Field.toDivisionRing M31Exact (@ZMod.instField P m31PrimeFact)))))))))
                      (@OfNat.ofNat M31Exact (nat_lit 0)
                        (@Zero.toOfNat0 M31Exact
                          (@MulZeroClass.toZero M31Exact
                            (@instMulZeroClassOfSemiring M31Exact
                              (@DivisionSemiring.toSemiring M31Exact
                                (@Semifield.toDivisionSemiring M31Exact
                                  (@Field.toSemifield M31Exact (@ZMod.instField P m31PrimeFact))))))))
                      (@MulZeroClass.toZero M31Exact
                        (@instMulZeroClassOfSemiring M31Exact
                          (@DivisionSemiring.toSemiring M31Exact
                            (@Semifield.toDivisionSemiring M31Exact
                              (@Field.toSemifield M31Exact (@ZMod.instField P m31PrimeFact)))))))))
                (@QuadraticAlgebra.instAdd M31Exact
                  (@Neg.neg M31Exact
                    (@NegZeroClass.toNeg M31Exact
                      (@SubNegZeroMonoid.toNegZeroClass M31Exact
                        (@SubtractionMonoid.toSubNegZeroMonoid M31Exact
                          (@SubtractionCommMonoid.toSubtractionMonoid M31Exact
                            (@AddCommGroup.toDivisionAddCommMonoid M31Exact
                              (@Ring.toAddCommGroup M31Exact
                                (@DivisionRing.toRing M31Exact
                                  (@Field.toDivisionRing M31Exact (@ZMod.instField P m31PrimeFact)))))))))
                    (@OfNat.ofNat M31Exact (nat_lit 1)
                      (@One.toOfNat1 M31Exact
                        (@AddMonoidWithOne.toOne M31Exact
                          (@AddGroupWithOne.toAddMonoidWithOne M31Exact
                            (@Ring.toAddGroupWithOne M31Exact
                              (@DivisionRing.toRing M31Exact
                                (@Field.toDivisionRing M31Exact (@ZMod.instField P m31PrimeFact)))))))))
                  (@OfNat.ofNat M31Exact (nat_lit 0)
                    (@Zero.toOfNat0 M31Exact
                      (@MulZeroClass.toZero M31Exact
                        (@instMulZeroClassOfSemiring M31Exact
                          (@DivisionSemiring.toSemiring M31Exact
                            (@Semifield.toDivisionSemiring M31Exact
                              (@Field.toSemifield M31Exact (@ZMod.instField P m31PrimeFact))))))))
                  (@Distrib.toAdd M31Exact
                    (@instDistribOfSemiring M31Exact
                      (@DivisionSemiring.toSemiring M31Exact
                        (@Semifield.toDivisionSemiring M31Exact
                          (@Field.toSemifield M31Exact (@ZMod.instField P m31PrimeFact)))))))))
            (@OfNat.ofNat QM31Exact (nat_lit 1)
              (@One.toOfNat1 QM31Exact
                (@QuadraticAlgebra.instOne CM31Exact qm31R
                  (@OfNat.ofNat CM31Exact (nat_lit 0)
                    (@Zero.toOfNat0 CM31Exact
                      (@QuadraticAlgebra.instZero M31Exact
                        (@Neg.neg M31Exact
                          (@NegZeroClass.toNeg M31Exact
                            (@SubNegZeroMonoid.toNegZeroClass M31Exact
                              (@SubtractionMonoid.toSubNegZeroMonoid M31Exact
                                (@SubtractionCommMonoid.toSubtractionMonoid M31Exact
                                  (@AddCommGroup.toDivisionAddCommMonoid M31Exact
                                    (@Ring.toAddCommGroup M31Exact
                                      (@DivisionRing.toRing M31Exact
                                        (@Field.toDivisionRing M31Exact (@ZMod.instField P m31PrimeFact)))))))))
                          (@OfNat.ofNat M31Exact (nat_lit 1)
                            (@One.toOfNat1 M31Exact
                              (@AddMonoidWithOne.toOne M31Exact
                                (@AddGroupWithOne.toAddMonoidWithOne M31Exact
                                  (@Ring.toAddGroupWithOne M31Exact
                                    (@DivisionRing.toRing M31Exact
                                      (@Field.toDivisionRing M31Exact (@ZMod.instField P m31PrimeFact)))))))))
                        (@OfNat.ofNat M31Exact (nat_lit 0)
                          (@Zero.toOfNat0 M31Exact
                            (@MulZeroClass.toZero M31Exact
                              (@instMulZeroClassOfSemiring M31Exact
                                (@DivisionSemiring.toSemiring M31Exact
                                  (@Semifield.toDivisionSemiring M31Exact
                                    (@Field.toSemifield M31Exact (@ZMod.instField P m31PrimeFact))))))))
                        (@MulZeroClass.toZero M31Exact
                          (@instMulZeroClassOfSemiring M31Exact
                            (@DivisionSemiring.toSemiring M31Exact
                              (@Semifield.toDivisionSemiring M31Exact
                                (@Field.toSemifield M31Exact (@ZMod.instField P m31PrimeFact)))))))))
                  (@QuadraticAlgebra.instZero M31Exact
                    (@Neg.neg M31Exact
                      (@NegZeroClass.toNeg M31Exact
                        (@SubNegZeroMonoid.toNegZeroClass M31Exact
                          (@SubtractionMonoid.toSubNegZeroMonoid M31Exact
                            (@SubtractionCommMonoid.toSubtractionMonoid M31Exact
                              (@AddCommGroup.toDivisionAddCommMonoid M31Exact
                                (@Ring.toAddCommGroup M31Exact
                                  (@DivisionRing.toRing M31Exact
                                    (@Field.toDivisionRing M31Exact (@ZMod.instField P m31PrimeFact)))))))))
                      (@OfNat.ofNat M31Exact (nat_lit 1)
                        (@One.toOfNat1 M31Exact
                          (@AddMonoidWithOne.toOne M31Exact
                            (@AddGroupWithOne.toAddMonoidWithOne M31Exact
                              (@Ring.toAddGroupWithOne M31Exact
                                (@DivisionRing.toRing M31Exact
                                  (@Field.toDivisionRing M31Exact (@ZMod.instField P m31PrimeFact)))))))))
                    (@OfNat.ofNat M31Exact (nat_lit 0)
                      (@Zero.toOfNat0 M31Exact
                        (@MulZeroClass.toZero M31Exact
                          (@instMulZeroClassOfSemiring M31Exact
                            (@DivisionSemiring.toSemiring M31Exact
                              (@Semifield.toDivisionSemiring M31Exact
                                (@Field.toSemifield M31Exact (@ZMod.instField P m31PrimeFact))))))))
                    (@MulZeroClass.toZero M31Exact
                      (@instMulZeroClassOfSemiring M31Exact
                        (@DivisionSemiring.toSemiring M31Exact
                          (@Semifield.toDivisionSemiring M31Exact
                            (@Field.toSemifield M31Exact (@ZMod.instField P m31PrimeFact)))))))
                  (@QuadraticAlgebra.instOne M31Exact
                    (@Neg.neg M31Exact
                      (@NegZeroClass.toNeg M31Exact
                        (@SubNegZeroMonoid.toNegZeroClass M31Exact
                          (@SubtractionMonoid.toSubNegZeroMonoid M31Exact
                            (@SubtractionCommMonoid.toSubtractionMonoid M31Exact
                              (@AddCommGroup.toDivisionAddCommMonoid M31Exact
                                (@Ring.toAddCommGroup M31Exact
                                  (@DivisionRing.toRing M31Exact
                                    (@Field.toDivisionRing M31Exact (@ZMod.instField P m31PrimeFact)))))))))
                      (@OfNat.ofNat M31Exact (nat_lit 1)
                        (@One.toOfNat1 M31Exact
                          (@AddMonoidWithOne.toOne M31Exact
                            (@AddGroupWithOne.toAddMonoidWithOne M31Exact
                              (@Ring.toAddGroupWithOne M31Exact
                                (@DivisionRing.toRing M31Exact
                                  (@Field.toDivisionRing M31Exact (@ZMod.instField P m31PrimeFact)))))))))
                    (@OfNat.ofNat M31Exact (nat_lit 0)
                      (@Zero.toOfNat0 M31Exact
                        (@MulZeroClass.toZero M31Exact
                          (@instMulZeroClassOfSemiring M31Exact
                            (@DivisionSemiring.toSemiring M31Exact
                              (@Semifield.toDivisionSemiring M31Exact
                                (@Field.toSemifield M31Exact (@ZMod.instField P m31PrimeFact))))))))
                    (@MulZeroClass.toZero M31Exact
                      (@instMulZeroClassOfSemiring M31Exact
                        (@DivisionSemiring.toSemiring M31Exact
                          (@Semifield.toDivisionSemiring M31Exact
                            (@Field.toSemifield M31Exact (@ZMod.instField P m31PrimeFact))))))
                    (@AddMonoidWithOne.toOne M31Exact
                      (@AddGroupWithOne.toAddMonoidWithOne M31Exact
                        (@Ring.toAddGroupWithOne M31Exact
                          (@DivisionRing.toRing M31Exact
                            (@Field.toDivisionRing M31Exact (@ZMod.instField P m31PrimeFact))))))))))
            (@HPow.hPow QM31Exact Nat QM31Exact
              (@instHPow QM31Exact Nat
                (@NPow.toPow QM31Exact
                  (@Monoid.toNPow QM31Exact
                    (@Semiring.toMonoid QM31Exact
                      (@DivisionSemiring.toSemiring QM31Exact
                        (@Semifield.toDivisionSemiring QM31Exact
                          (@Field.toSemifield QM31Exact
                            (@QuadraticAlgebra.instField CM31Exact
                              (@QuadraticAlgebra.instField M31Exact (@ZMod.instField P m31PrimeFact)
                                (@Neg.neg M31Exact
                                  (@NegZeroClass.toNeg M31Exact
                                    (@SubNegZeroMonoid.toNegZeroClass M31Exact
                                      (@SubtractionMonoid.toSubNegZeroMonoid M31Exact
                                        (@SubtractionCommMonoid.toSubtractionMonoid M31Exact
                                          (@AddCommGroup.toDivisionAddCommMonoid M31Exact
                                            (@Ring.toAddCommGroup M31Exact
                                              (@DivisionRing.toRing M31Exact
                                                (@Field.toDivisionRing M31Exact (@ZMod.instField P m31PrimeFact)))))))))
                                  (@OfNat.ofNat M31Exact (nat_lit 1)
                                    (@One.toOfNat1 M31Exact
                                      (@AddMonoidWithOne.toOne M31Exact
                                        (@AddGroupWithOne.toAddMonoidWithOne M31Exact
                                          (@Ring.toAddGroupWithOne M31Exact
                                            (@DivisionRing.toRing M31Exact
                                              (@Field.toDivisionRing M31Exact (@ZMod.instField P m31PrimeFact)))))))))
                                (@OfNat.ofNat M31Exact (nat_lit 0)
                                  (@Zero.toOfNat0 M31Exact
                                    (@MulZeroClass.toZero M31Exact
                                      (@instMulZeroClassOfSemiring M31Exact
                                        (@DivisionSemiring.toSemiring M31Exact
                                          (@Semifield.toDivisionSemiring M31Exact
                                            (@Field.toSemifield M31Exact (@ZMod.instField P m31PrimeFact))))))))
                                cm31Rootless)
                              qm31R
                              (@OfNat.ofNat CM31Exact (nat_lit 0)
                                (@Zero.toOfNat0 CM31Exact
                                  (@QuadraticAlgebra.instZero M31Exact
                                    (@Neg.neg M31Exact
                                      (@NegZeroClass.toNeg M31Exact
                                        (@SubNegZeroMonoid.toNegZeroClass M31Exact
                                          (@SubtractionMonoid.toSubNegZeroMonoid M31Exact
                                            (@SubtractionCommMonoid.toSubtractionMonoid M31Exact
                                              (@AddCommGroup.toDivisionAddCommMonoid M31Exact
                                                (@Ring.toAddCommGroup M31Exact
                                                  (@DivisionRing.toRing M31Exact
                                                    (@Field.toDivisionRing M31Exact
                                                      (@ZMod.instField P m31PrimeFact)))))))))
                                      (@OfNat.ofNat M31Exact (nat_lit 1)
                                        (@One.toOfNat1 M31Exact
                                          (@AddMonoidWithOne.toOne M31Exact
                                            (@AddGroupWithOne.toAddMonoidWithOne M31Exact
                                              (@Ring.toAddGroupWithOne M31Exact
                                                (@DivisionRing.toRing M31Exact
                                                  (@Field.toDivisionRing M31Exact
                                                    (@ZMod.instField P m31PrimeFact)))))))))
                                    (@OfNat.ofNat M31Exact (nat_lit 0)
                                      (@Zero.toOfNat0 M31Exact
                                        (@MulZeroClass.toZero M31Exact
                                          (@instMulZeroClassOfSemiring M31Exact
                                            (@DivisionSemiring.toSemiring M31Exact
                                              (@Semifield.toDivisionSemiring M31Exact
                                                (@Field.toSemifield M31Exact (@ZMod.instField P m31PrimeFact))))))))
                                    (@MulZeroClass.toZero M31Exact
                                      (@instMulZeroClassOfSemiring M31Exact
                                        (@DivisionSemiring.toSemiring M31Exact
                                          (@Semifield.toDivisionSemiring M31Exact
                                            (@Field.toSemifield M31Exact (@ZMod.instField P m31PrimeFact)))))))))
                              qm31Rootless))))))))
              t (@OfNat.ofNat Nat (nat_lit 2) (instOfNatNat (nat_lit 2)))))))
      (@HAdd.hAdd QM31Exact QM31Exact QM31Exact
        (@instHAdd QM31Exact
          (@QuadraticAlgebra.instAdd CM31Exact qm31R
            (@OfNat.ofNat CM31Exact (nat_lit 0)
              (@Zero.toOfNat0 CM31Exact
                (@QuadraticAlgebra.instZero M31Exact
                  (@Neg.neg M31Exact
                    (@NegZeroClass.toNeg M31Exact
                      (@SubNegZeroMonoid.toNegZeroClass M31Exact
                        (@SubtractionMonoid.toSubNegZeroMonoid M31Exact
                          (@SubtractionCommMonoid.toSubtractionMonoid M31Exact
                            (@AddCommGroup.toDivisionAddCommMonoid M31Exact
                              (@Ring.toAddCommGroup M31Exact
                                (@DivisionRing.toRing M31Exact
                                  (@Field.toDivisionRing M31Exact (@ZMod.instField P m31PrimeFact)))))))))
                    (@OfNat.ofNat M31Exact (nat_lit 1)
                      (@One.toOfNat1 M31Exact
                        (@AddMonoidWithOne.toOne M31Exact
                          (@AddGroupWithOne.toAddMonoidWithOne M31Exact
                            (@Ring.toAddGroupWithOne M31Exact
                              (@DivisionRing.toRing M31Exact
                                (@Field.toDivisionRing M31Exact (@ZMod.instField P m31PrimeFact)))))))))
                  (@OfNat.ofNat M31Exact (nat_lit 0)
                    (@Zero.toOfNat0 M31Exact
                      (@MulZeroClass.toZero M31Exact
                        (@instMulZeroClassOfSemiring M31Exact
                          (@DivisionSemiring.toSemiring M31Exact
                            (@Semifield.toDivisionSemiring M31Exact
                              (@Field.toSemifield M31Exact (@ZMod.instField P m31PrimeFact))))))))
                  (@MulZeroClass.toZero M31Exact
                    (@instMulZeroClassOfSemiring M31Exact
                      (@DivisionSemiring.toSemiring M31Exact
                        (@Semifield.toDivisionSemiring M31Exact
                          (@Field.toSemifield M31Exact (@ZMod.instField P m31PrimeFact)))))))))
            (@QuadraticAlgebra.instAdd M31Exact
              (@Neg.neg M31Exact
                (@NegZeroClass.toNeg M31Exact
                  (@SubNegZeroMonoid.toNegZeroClass M31Exact
                    (@SubtractionMonoid.toSubNegZeroMonoid M31Exact
                      (@SubtractionCommMonoid.toSubtractionMonoid M31Exact
                        (@AddCommGroup.toDivisionAddCommMonoid M31Exact
                          (@Ring.toAddCommGroup M31Exact
                            (@DivisionRing.toRing M31Exact
                              (@Field.toDivisionRing M31Exact (@ZMod.instField P m31PrimeFact)))))))))
                (@OfNat.ofNat M31Exact (nat_lit 1)
                  (@One.toOfNat1 M31Exact
                    (@AddMonoidWithOne.toOne M31Exact
                      (@AddGroupWithOne.toAddMonoidWithOne M31Exact
                        (@Ring.toAddGroupWithOne M31Exact
                          (@DivisionRing.toRing M31Exact
                            (@Field.toDivisionRing M31Exact (@ZMod.instField P m31PrimeFact)))))))))
              (@OfNat.ofNat M31Exact (nat_lit 0)
                (@Zero.toOfNat0 M31Exact
                  (@MulZeroClass.toZero M31Exact
                    (@instMulZeroClassOfSemiring M31Exact
                      (@DivisionSemiring.toSemiring M31Exact
                        (@Semifield.toDivisionSemiring M31Exact
                          (@Field.toSemifield M31Exact (@ZMod.instField P m31PrimeFact))))))))
              (@Distrib.toAdd M31Exact
                (@instDistribOfSemiring M31Exact
                  (@DivisionSemiring.toSemiring M31Exact
                    (@Semifield.toDivisionSemiring M31Exact
                      (@Field.toSemifield M31Exact (@ZMod.instField P m31PrimeFact)))))))))
        (@OfNat.ofNat QM31Exact (nat_lit 1)
          (@One.toOfNat1 QM31Exact
            (@QuadraticAlgebra.instOne CM31Exact qm31R
              (@OfNat.ofNat CM31Exact (nat_lit 0)
                (@Zero.toOfNat0 CM31Exact
                  (@QuadraticAlgebra.instZero M31Exact
                    (@Neg.neg M31Exact
                      (@NegZeroClass.toNeg M31Exact
                        (@SubNegZeroMonoid.toNegZeroClass M31Exact
                          (@SubtractionMonoid.toSubNegZeroMonoid M31Exact
                            (@SubtractionCommMonoid.toSubtractionMonoid M31Exact
                              (@AddCommGroup.toDivisionAddCommMonoid M31Exact
                                (@Ring.toAddCommGroup M31Exact
                                  (@DivisionRing.toRing M31Exact
                                    (@Field.toDivisionRing M31Exact (@ZMod.instField P m31PrimeFact)))))))))
                      (@OfNat.ofNat M31Exact (nat_lit 1)
                        (@One.toOfNat1 M31Exact
                          (@AddMonoidWithOne.toOne M31Exact
                            (@AddGroupWithOne.toAddMonoidWithOne M31Exact
                              (@Ring.toAddGroupWithOne M31Exact
                                (@DivisionRing.toRing M31Exact
                                  (@Field.toDivisionRing M31Exact (@ZMod.instField P m31PrimeFact)))))))))
                    (@OfNat.ofNat M31Exact (nat_lit 0)
                      (@Zero.toOfNat0 M31Exact
                        (@MulZeroClass.toZero M31Exact
                          (@instMulZeroClassOfSemiring M31Exact
                            (@DivisionSemiring.toSemiring M31Exact
                              (@Semifield.toDivisionSemiring M31Exact
                                (@Field.toSemifield M31Exact (@ZMod.instField P m31PrimeFact))))))))
                    (@MulZeroClass.toZero M31Exact
                      (@instMulZeroClassOfSemiring M31Exact
                        (@DivisionSemiring.toSemiring M31Exact
                          (@Semifield.toDivisionSemiring M31Exact
                            (@Field.toSemifield M31Exact (@ZMod.instField P m31PrimeFact)))))))))
              (@QuadraticAlgebra.instZero M31Exact
                (@Neg.neg M31Exact
                  (@NegZeroClass.toNeg M31Exact
                    (@SubNegZeroMonoid.toNegZeroClass M31Exact
                      (@SubtractionMonoid.toSubNegZeroMonoid M31Exact
                        (@SubtractionCommMonoid.toSubtractionMonoid M31Exact
                          (@AddCommGroup.toDivisionAddCommMonoid M31Exact
                            (@Ring.toAddCommGroup M31Exact
                              (@DivisionRing.toRing M31Exact
                                (@Field.toDivisionRing M31Exact (@ZMod.instField P m31PrimeFact)))))))))
                  (@OfNat.ofNat M31Exact (nat_lit 1)
                    (@One.toOfNat1 M31Exact
                      (@AddMonoidWithOne.toOne M31Exact
                        (@AddGroupWithOne.toAddMonoidWithOne M31Exact
                          (@Ring.toAddGroupWithOne M31Exact
                            (@DivisionRing.toRing M31Exact
                              (@Field.toDivisionRing M31Exact (@ZMod.instField P m31PrimeFact)))))))))
                (@OfNat.ofNat M31Exact (nat_lit 0)
                  (@Zero.toOfNat0 M31Exact
                    (@MulZeroClass.toZero M31Exact
                      (@instMulZeroClassOfSemiring M31Exact
                        (@DivisionSemiring.toSemiring M31Exact
                          (@Semifield.toDivisionSemiring M31Exact
                            (@Field.toSemifield M31Exact (@ZMod.instField P m31PrimeFact))))))))
                (@MulZeroClass.toZero M31Exact
                  (@instMulZeroClassOfSemiring M31Exact
                    (@DivisionSemiring.toSemiring M31Exact
                      (@Semifield.toDivisionSemiring M31Exact
                        (@Field.toSemifield M31Exact (@ZMod.instField P m31PrimeFact)))))))
              (@QuadraticAlgebra.instOne M31Exact
                (@Neg.neg M31Exact
                  (@NegZeroClass.toNeg M31Exact
                    (@SubNegZeroMonoid.toNegZeroClass M31Exact
                      (@SubtractionMonoid.toSubNegZeroMonoid M31Exact
                        (@SubtractionCommMonoid.toSubtractionMonoid M31Exact
                          (@AddCommGroup.toDivisionAddCommMonoid M31Exact
                            (@Ring.toAddCommGroup M31Exact
                              (@DivisionRing.toRing M31Exact
                                (@Field.toDivisionRing M31Exact (@ZMod.instField P m31PrimeFact)))))))))
                  (@OfNat.ofNat M31Exact (nat_lit 1)
                    (@One.toOfNat1 M31Exact
                      (@AddMonoidWithOne.toOne M31Exact
                        (@AddGroupWithOne.toAddMonoidWithOne M31Exact
                          (@Ring.toAddGroupWithOne M31Exact
                            (@DivisionRing.toRing M31Exact
                              (@Field.toDivisionRing M31Exact (@ZMod.instField P m31PrimeFact)))))))))
                (@OfNat.ofNat M31Exact (nat_lit 0)
                  (@Zero.toOfNat0 M31Exact
                    (@MulZeroClass.toZero M31Exact
                      (@instMulZeroClassOfSemiring M31Exact
                        (@DivisionSemiring.toSemiring M31Exact
                          (@Semifield.toDivisionSemiring M31Exact
                            (@Field.toSemifield M31Exact (@ZMod.instField P m31PrimeFact))))))))
                (@MulZeroClass.toZero M31Exact
                  (@instMulZeroClassOfSemiring M31Exact
                    (@DivisionSemiring.toSemiring M31Exact
                      (@Semifield.toDivisionSemiring M31Exact
                        (@Field.toSemifield M31Exact (@ZMod.instField P m31PrimeFact))))))
                (@AddMonoidWithOne.toOne M31Exact
                  (@AddGroupWithOne.toAddMonoidWithOne M31Exact
                    (@Ring.toAddGroupWithOne M31Exact
                      (@DivisionRing.toRing M31Exact
                        (@Field.toDivisionRing M31Exact (@ZMod.instField P m31PrimeFact))))))))))
        (@HMul.hMul QM31Exact QM31Exact QM31Exact
          (@instHMul QM31Exact
            (@QuadraticAlgebra.instMul CM31Exact qm31R
              (@OfNat.ofNat CM31Exact (nat_lit 0)
                (@Zero.toOfNat0 CM31Exact
                  (@QuadraticAlgebra.instZero M31Exact
                    (@Neg.neg M31Exact
                      (@NegZeroClass.toNeg M31Exact
                        (@SubNegZeroMonoid.toNegZeroClass M31Exact
                          (@SubtractionMonoid.toSubNegZeroMonoid M31Exact
                            (@SubtractionCommMonoid.toSubtractionMonoid M31Exact
                              (@AddCommGroup.toDivisionAddCommMonoid M31Exact
                                (@Ring.toAddCommGroup M31Exact
                                  (@DivisionRing.toRing M31Exact
                                    (@Field.toDivisionRing M31Exact (@ZMod.instField P m31PrimeFact)))))))))
                      (@OfNat.ofNat M31Exact (nat_lit 1)
                        (@One.toOfNat1 M31Exact
                          (@AddMonoidWithOne.toOne M31Exact
                            (@AddGroupWithOne.toAddMonoidWithOne M31Exact
                              (@Ring.toAddGroupWithOne M31Exact
                                (@DivisionRing.toRing M31Exact
                                  (@Field.toDivisionRing M31Exact (@ZMod.instField P m31PrimeFact)))))))))
                    (@OfNat.ofNat M31Exact (nat_lit 0)
                      (@Zero.toOfNat0 M31Exact
                        (@MulZeroClass.toZero M31Exact
                          (@instMulZeroClassOfSemiring M31Exact
                            (@DivisionSemiring.toSemiring M31Exact
                              (@Semifield.toDivisionSemiring M31Exact
                                (@Field.toSemifield M31Exact (@ZMod.instField P m31PrimeFact))))))))
                    (@MulZeroClass.toZero M31Exact
                      (@instMulZeroClassOfSemiring M31Exact
                        (@DivisionSemiring.toSemiring M31Exact
                          (@Semifield.toDivisionSemiring M31Exact
                            (@Field.toSemifield M31Exact (@ZMod.instField P m31PrimeFact)))))))))
              (@QuadraticAlgebra.instMul M31Exact
                (@Neg.neg M31Exact
                  (@NegZeroClass.toNeg M31Exact
                    (@SubNegZeroMonoid.toNegZeroClass M31Exact
                      (@SubtractionMonoid.toSubNegZeroMonoid M31Exact
                        (@SubtractionCommMonoid.toSubtractionMonoid M31Exact
                          (@AddCommGroup.toDivisionAddCommMonoid M31Exact
                            (@Ring.toAddCommGroup M31Exact
                              (@DivisionRing.toRing M31Exact
                                (@Field.toDivisionRing M31Exact (@ZMod.instField P m31PrimeFact)))))))))
                  (@OfNat.ofNat M31Exact (nat_lit 1)
                    (@One.toOfNat1 M31Exact
                      (@AddMonoidWithOne.toOne M31Exact
                        (@AddGroupWithOne.toAddMonoidWithOne M31Exact
                          (@Ring.toAddGroupWithOne M31Exact
                            (@DivisionRing.toRing M31Exact
                              (@Field.toDivisionRing M31Exact (@ZMod.instField P m31PrimeFact)))))))))
                (@OfNat.ofNat M31Exact (nat_lit 0)
                  (@Zero.toOfNat0 M31Exact
                    (@MulZeroClass.toZero M31Exact
                      (@instMulZeroClassOfSemiring M31Exact
                        (@DivisionSemiring.toSemiring M31Exact
                          (@Semifield.toDivisionSemiring M31Exact
                            (@Field.toSemifield M31Exact (@ZMod.instField P m31PrimeFact))))))))
                (@Distrib.toMul M31Exact
                  (@instDistribOfSemiring M31Exact
                    (@DivisionSemiring.toSemiring M31Exact
                      (@Semifield.toDivisionSemiring M31Exact
                        (@Field.toSemifield M31Exact (@ZMod.instField P m31PrimeFact))))))
                (@Distrib.toAdd M31Exact
                  (@instDistribOfSemiring M31Exact
                    (@DivisionSemiring.toSemiring M31Exact
                      (@Semifield.toDivisionSemiring M31Exact
                        (@Field.toSemifield M31Exact (@ZMod.instField P m31PrimeFact)))))))
              (@QuadraticAlgebra.instAdd M31Exact
                (@Neg.neg M31Exact
                  (@NegZeroClass.toNeg M31Exact
                    (@SubNegZeroMonoid.toNegZeroClass M31Exact
                      (@SubtractionMonoid.toSubNegZeroMonoid M31Exact
                        (@SubtractionCommMonoid.toSubtractionMonoid M31Exact
                          (@AddCommGroup.toDivisionAddCommMonoid M31Exact
                            (@Ring.toAddCommGroup M31Exact
                              (@DivisionRing.toRing M31Exact
                                (@Field.toDivisionRing M31Exact (@ZMod.instField P m31PrimeFact)))))))))
                  (@OfNat.ofNat M31Exact (nat_lit 1)
                    (@One.toOfNat1 M31Exact
                      (@AddMonoidWithOne.toOne M31Exact
                        (@AddGroupWithOne.toAddMonoidWithOne M31Exact
                          (@Ring.toAddGroupWithOne M31Exact
                            (@DivisionRing.toRing M31Exact
                              (@Field.toDivisionRing M31Exact (@ZMod.instField P m31PrimeFact)))))))))
                (@OfNat.ofNat M31Exact (nat_lit 0)
                  (@Zero.toOfNat0 M31Exact
                    (@MulZeroClass.toZero M31Exact
                      (@instMulZeroClassOfSemiring M31Exact
                        (@DivisionSemiring.toSemiring M31Exact
                          (@Semifield.toDivisionSemiring M31Exact
                            (@Field.toSemifield M31Exact (@ZMod.instField P m31PrimeFact))))))))
                (@Distrib.toAdd M31Exact
                  (@instDistribOfSemiring M31Exact
                    (@DivisionSemiring.toSemiring M31Exact
                      (@Semifield.toDivisionSemiring M31Exact
                        (@Field.toSemifield M31Exact (@ZMod.instField P m31PrimeFact)))))))))
          (@HSub.hSub QM31Exact QM31Exact QM31Exact
            (@instHSub QM31Exact
              (@QuadraticAlgebra.instSub CM31Exact qm31R
                (@OfNat.ofNat CM31Exact (nat_lit 0)
                  (@Zero.toOfNat0 CM31Exact
                    (@QuadraticAlgebra.instZero M31Exact
                      (@Neg.neg M31Exact
                        (@NegZeroClass.toNeg M31Exact
                          (@SubNegZeroMonoid.toNegZeroClass M31Exact
                            (@SubtractionMonoid.toSubNegZeroMonoid M31Exact
                              (@SubtractionCommMonoid.toSubtractionMonoid M31Exact
                                (@AddCommGroup.toDivisionAddCommMonoid M31Exact
                                  (@Ring.toAddCommGroup M31Exact
                                    (@DivisionRing.toRing M31Exact
                                      (@Field.toDivisionRing M31Exact (@ZMod.instField P m31PrimeFact)))))))))
                        (@OfNat.ofNat M31Exact (nat_lit 1)
                          (@One.toOfNat1 M31Exact
                            (@AddMonoidWithOne.toOne M31Exact
                              (@AddGroupWithOne.toAddMonoidWithOne M31Exact
                                (@Ring.toAddGroupWithOne M31Exact
                                  (@DivisionRing.toRing M31Exact
                                    (@Field.toDivisionRing M31Exact (@ZMod.instField P m31PrimeFact)))))))))
                      (@OfNat.ofNat M31Exact (nat_lit 0)
                        (@Zero.toOfNat0 M31Exact
                          (@MulZeroClass.toZero M31Exact
                            (@instMulZeroClassOfSemiring M31Exact
                              (@DivisionSemiring.toSemiring M31Exact
                                (@Semifield.toDivisionSemiring M31Exact
                                  (@Field.toSemifield M31Exact (@ZMod.instField P m31PrimeFact))))))))
                      (@MulZeroClass.toZero M31Exact
                        (@instMulZeroClassOfSemiring M31Exact
                          (@DivisionSemiring.toSemiring M31Exact
                            (@Semifield.toDivisionSemiring M31Exact
                              (@Field.toSemifield M31Exact (@ZMod.instField P m31PrimeFact)))))))))
                (@QuadraticAlgebra.instSub M31Exact
                  (@Neg.neg M31Exact
                    (@NegZeroClass.toNeg M31Exact
                      (@SubNegZeroMonoid.toNegZeroClass M31Exact
                        (@SubtractionMonoid.toSubNegZeroMonoid M31Exact
                          (@SubtractionCommMonoid.toSubtractionMonoid M31Exact
                            (@AddCommGroup.toDivisionAddCommMonoid M31Exact
                              (@Ring.toAddCommGroup M31Exact
                                (@DivisionRing.toRing M31Exact
                                  (@Field.toDivisionRing M31Exact (@ZMod.instField P m31PrimeFact)))))))))
                    (@OfNat.ofNat M31Exact (nat_lit 1)
                      (@One.toOfNat1 M31Exact
                        (@AddMonoidWithOne.toOne M31Exact
                          (@AddGroupWithOne.toAddMonoidWithOne M31Exact
                            (@Ring.toAddGroupWithOne M31Exact
                              (@DivisionRing.toRing M31Exact
                                (@Field.toDivisionRing M31Exact (@ZMod.instField P m31PrimeFact)))))))))
                  (@OfNat.ofNat M31Exact (nat_lit 0)
                    (@Zero.toOfNat0 M31Exact
                      (@MulZeroClass.toZero M31Exact
                        (@instMulZeroClassOfSemiring M31Exact
                          (@DivisionSemiring.toSemiring M31Exact
                            (@Semifield.toDivisionSemiring M31Exact
                              (@Field.toSemifield M31Exact (@ZMod.instField P m31PrimeFact))))))))
                  (@SubNegMonoid.toSub M31Exact
                    (@AddGroup.toSubNegMonoid M31Exact
                      (@AddGroupWithOne.toAddGroup M31Exact
                        (@Ring.toAddGroupWithOne M31Exact
                          (@DivisionRing.toRing M31Exact
                            (@Field.toDivisionRing M31Exact (@ZMod.instField P m31PrimeFact))))))))))
            (@OfNat.ofNat QM31Exact (nat_lit 1)
              (@One.toOfNat1 QM31Exact
                (@QuadraticAlgebra.instOne CM31Exact qm31R
                  (@OfNat.ofNat CM31Exact (nat_lit 0)
                    (@Zero.toOfNat0 CM31Exact
                      (@QuadraticAlgebra.instZero M31Exact
                        (@Neg.neg M31Exact
                          (@NegZeroClass.toNeg M31Exact
                            (@SubNegZeroMonoid.toNegZeroClass M31Exact
                              (@SubtractionMonoid.toSubNegZeroMonoid M31Exact
                                (@SubtractionCommMonoid.toSubtractionMonoid M31Exact
                                  (@AddCommGroup.toDivisionAddCommMonoid M31Exact
                                    (@Ring.toAddCommGroup M31Exact
                                      (@DivisionRing.toRing M31Exact
                                        (@Field.toDivisionRing M31Exact (@ZMod.instField P m31PrimeFact)))))))))
                          (@OfNat.ofNat M31Exact (nat_lit 1)
                            (@One.toOfNat1 M31Exact
                              (@AddMonoidWithOne.toOne M31Exact
                                (@AddGroupWithOne.toAddMonoidWithOne M31Exact
                                  (@Ring.toAddGroupWithOne M31Exact
                                    (@DivisionRing.toRing M31Exact
                                      (@Field.toDivisionRing M31Exact (@ZMod.instField P m31PrimeFact)))))))))
                        (@OfNat.ofNat M31Exact (nat_lit 0)
                          (@Zero.toOfNat0 M31Exact
                            (@MulZeroClass.toZero M31Exact
                              (@instMulZeroClassOfSemiring M31Exact
                                (@DivisionSemiring.toSemiring M31Exact
                                  (@Semifield.toDivisionSemiring M31Exact
                                    (@Field.toSemifield M31Exact (@ZMod.instField P m31PrimeFact))))))))
                        (@MulZeroClass.toZero M31Exact
                          (@instMulZeroClassOfSemiring M31Exact
                            (@DivisionSemiring.toSemiring M31Exact
                              (@Semifield.toDivisionSemiring M31Exact
                                (@Field.toSemifield M31Exact (@ZMod.instField P m31PrimeFact)))))))))
                  (@QuadraticAlgebra.instZero M31Exact
                    (@Neg.neg M31Exact
                      (@NegZeroClass.toNeg M31Exact
                        (@SubNegZeroMonoid.toNegZeroClass M31Exact
                          (@SubtractionMonoid.toSubNegZeroMonoid M31Exact
                            (@SubtractionCommMonoid.toSubtractionMonoid M31Exact
                              (@AddCommGroup.toDivisionAddCommMonoid M31Exact
                                (@Ring.toAddCommGroup M31Exact
                                  (@DivisionRing.toRing M31Exact
                                    (@Field.toDivisionRing M31Exact (@ZMod.instField P m31PrimeFact)))))))))
                      (@OfNat.ofNat M31Exact (nat_lit 1)
                        (@One.toOfNat1 M31Exact
                          (@AddMonoidWithOne.toOne M31Exact
                            (@AddGroupWithOne.toAddMonoidWithOne M31Exact
                              (@Ring.toAddGroupWithOne M31Exact
                                (@DivisionRing.toRing M31Exact
                                  (@Field.toDivisionRing M31Exact (@ZMod.instField P m31PrimeFact)))))))))
                    (@OfNat.ofNat M31Exact (nat_lit 0)
                      (@Zero.toOfNat0 M31Exact
                        (@MulZeroClass.toZero M31Exact
                          (@instMulZeroClassOfSemiring M31Exact
                            (@DivisionSemiring.toSemiring M31Exact
                              (@Semifield.toDivisionSemiring M31Exact
                                (@Field.toSemifield M31Exact (@ZMod.instField P m31PrimeFact))))))))
                    (@MulZeroClass.toZero M31Exact
                      (@instMulZeroClassOfSemiring M31Exact
                        (@DivisionSemiring.toSemiring M31Exact
                          (@Semifield.toDivisionSemiring M31Exact
                            (@Field.toSemifield M31Exact (@ZMod.instField P m31PrimeFact)))))))
                  (@QuadraticAlgebra.instOne M31Exact
                    (@Neg.neg M31Exact
                      (@NegZeroClass.toNeg M31Exact
                        (@SubNegZeroMonoid.toNegZeroClass M31Exact
                          (@SubtractionMonoid.toSubNegZeroMonoid M31Exact
                            (@SubtractionCommMonoid.toSubtractionMonoid M31Exact
                              (@AddCommGroup.toDivisionAddCommMonoid M31Exact
                                (@Ring.toAddCommGroup M31Exact
                                  (@DivisionRing.toRing M31Exact
                                    (@Field.toDivisionRing M31Exact (@ZMod.instField P m31PrimeFact)))))))))
                      (@OfNat.ofNat M31Exact (nat_lit 1)
                        (@One.toOfNat1 M31Exact
                          (@AddMonoidWithOne.toOne M31Exact
                            (@AddGroupWithOne.toAddMonoidWithOne M31Exact
                              (@Ring.toAddGroupWithOne M31Exact
                                (@DivisionRing.toRing M31Exact
                                  (@Field.toDivisionRing M31Exact (@ZMod.instField P m31PrimeFact)))))))))
                    (@OfNat.ofNat M31Exact (nat_lit 0)
                      (@Zero.toOfNat0 M31Exact
                        (@MulZeroClass.toZero M31Exact
                          (@instMulZeroClassOfSemiring M31Exact
                            (@DivisionSemiring.toSemiring M31Exact
                              (@Semifield.toDivisionSemiring M31Exact
                                (@Field.toSemifield M31Exact (@ZMod.instField P m31PrimeFact))))))))
                    (@MulZeroClass.toZero M31Exact
                      (@instMulZeroClassOfSemiring M31Exact
                        (@DivisionSemiring.toSemiring M31Exact
                          (@Semifield.toDivisionSemiring M31Exact
                            (@Field.toSemifield M31Exact (@ZMod.instField P m31PrimeFact))))))
                    (@AddMonoidWithOne.toOne M31Exact
                      (@AddGroupWithOne.toAddMonoidWithOne M31Exact
                        (@Ring.toAddGroupWithOne M31Exact
                          (@DivisionRing.toRing M31Exact
                            (@Field.toDivisionRing M31Exact (@ZMod.instField P m31PrimeFact))))))))))
            (@HPow.hPow QM31Exact Nat QM31Exact
              (@instHPow QM31Exact Nat
                (@NPow.toPow QM31Exact
                  (@Monoid.toNPow QM31Exact
                    (@Semiring.toMonoid QM31Exact
                      (@DivisionSemiring.toSemiring QM31Exact
                        (@Semifield.toDivisionSemiring QM31Exact
                          (@Field.toSemifield QM31Exact
                            (@QuadraticAlgebra.instField CM31Exact
                              (@QuadraticAlgebra.instField M31Exact (@ZMod.instField P m31PrimeFact)
                                (@Neg.neg M31Exact
                                  (@NegZeroClass.toNeg M31Exact
                                    (@SubNegZeroMonoid.toNegZeroClass M31Exact
                                      (@SubtractionMonoid.toSubNegZeroMonoid M31Exact
                                        (@SubtractionCommMonoid.toSubtractionMonoid M31Exact
                                          (@AddCommGroup.toDivisionAddCommMonoid M31Exact
                                            (@Ring.toAddCommGroup M31Exact
                                              (@DivisionRing.toRing M31Exact
                                                (@Field.toDivisionRing M31Exact (@ZMod.instField P m31PrimeFact)))))))))
                                  (@OfNat.ofNat M31Exact (nat_lit 1)
                                    (@One.toOfNat1 M31Exact
                                      (@AddMonoidWithOne.toOne M31Exact
                                        (@AddGroupWithOne.toAddMonoidWithOne M31Exact
                                          (@Ring.toAddGroupWithOne M31Exact
                                            (@DivisionRing.toRing M31Exact
                                              (@Field.toDivisionRing M31Exact (@ZMod.instField P m31PrimeFact)))))))))
                                (@OfNat.ofNat M31Exact (nat_lit 0)
                                  (@Zero.toOfNat0 M31Exact
                                    (@MulZeroClass.toZero M31Exact
                                      (@instMulZeroClassOfSemiring M31Exact
                                        (@DivisionSemiring.toSemiring M31Exact
                                          (@Semifield.toDivisionSemiring M31Exact
                                            (@Field.toSemifield M31Exact (@ZMod.instField P m31PrimeFact))))))))
                                cm31Rootless)
                              qm31R
                              (@OfNat.ofNat CM31Exact (nat_lit 0)
                                (@Zero.toOfNat0 CM31Exact
                                  (@QuadraticAlgebra.instZero M31Exact
                                    (@Neg.neg M31Exact
                                      (@NegZeroClass.toNeg M31Exact
                                        (@SubNegZeroMonoid.toNegZeroClass M31Exact
                                          (@SubtractionMonoid.toSubNegZeroMonoid M31Exact
                                            (@SubtractionCommMonoid.toSubtractionMonoid M31Exact
                                              (@AddCommGroup.toDivisionAddCommMonoid M31Exact
                                                (@Ring.toAddCommGroup M31Exact
                                                  (@DivisionRing.toRing M31Exact
                                                    (@Field.toDivisionRing M31Exact
                                                      (@ZMod.instField P m31PrimeFact)))))))))
                                      (@OfNat.ofNat M31Exact (nat_lit 1)
                                        (@One.toOfNat1 M31Exact
                                          (@AddMonoidWithOne.toOne M31Exact
                                            (@AddGroupWithOne.toAddMonoidWithOne M31Exact
                                              (@Ring.toAddGroupWithOne M31Exact
                                                (@DivisionRing.toRing M31Exact
                                                  (@Field.toDivisionRing M31Exact
                                                    (@ZMod.instField P m31PrimeFact)))))))))
                                    (@OfNat.ofNat M31Exact (nat_lit 0)
                                      (@Zero.toOfNat0 M31Exact
                                        (@MulZeroClass.toZero M31Exact
                                          (@instMulZeroClassOfSemiring M31Exact
                                            (@DivisionSemiring.toSemiring M31Exact
                                              (@Semifield.toDivisionSemiring M31Exact
                                                (@Field.toSemifield M31Exact (@ZMod.instField P m31PrimeFact))))))))
                                    (@MulZeroClass.toZero M31Exact
                                      (@instMulZeroClassOfSemiring M31Exact
                                        (@DivisionSemiring.toSemiring M31Exact
                                          (@Semifield.toDivisionSemiring M31Exact
                                            (@Field.toSemifield M31Exact (@ZMod.instField P m31PrimeFact)))))))))
                              qm31Rootless))))))))
              t (@OfNat.ofNat Nat (nat_lit 2) (instOfNatNat (nat_lit 2)))))
          (@Inv.inv QM31Exact
            (@QuadraticAlgebra.instInv CM31Exact
              (@QuadraticAlgebra.instField M31Exact (@ZMod.instField P m31PrimeFact)
                (@Neg.neg M31Exact
                  (@NegZeroClass.toNeg M31Exact
                    (@SubNegZeroMonoid.toNegZeroClass M31Exact
                      (@SubtractionMonoid.toSubNegZeroMonoid M31Exact
                        (@SubtractionCommMonoid.toSubtractionMonoid M31Exact
                          (@AddCommGroup.toDivisionAddCommMonoid M31Exact
                            (@Ring.toAddCommGroup M31Exact
                              (@DivisionRing.toRing M31Exact
                                (@Field.toDivisionRing M31Exact (@ZMod.instField P m31PrimeFact)))))))))
                  (@OfNat.ofNat M31Exact (nat_lit 1)
                    (@One.toOfNat1 M31Exact
                      (@AddMonoidWithOne.toOne M31Exact
                        (@AddGroupWithOne.toAddMonoidWithOne M31Exact
                          (@Ring.toAddGroupWithOne M31Exact
                            (@DivisionRing.toRing M31Exact
                              (@Field.toDivisionRing M31Exact (@ZMod.instField P m31PrimeFact)))))))))
                (@OfNat.ofNat M31Exact (nat_lit 0)
                  (@Zero.toOfNat0 M31Exact
                    (@MulZeroClass.toZero M31Exact
                      (@instMulZeroClassOfSemiring M31Exact
                        (@DivisionSemiring.toSemiring M31Exact
                          (@Semifield.toDivisionSemiring M31Exact
                            (@Field.toSemifield M31Exact (@ZMod.instField P m31PrimeFact))))))))
                cm31Rootless)
              qm31R
              (@OfNat.ofNat CM31Exact (nat_lit 0)
                (@Zero.toOfNat0 CM31Exact
                  (@QuadraticAlgebra.instZero M31Exact
                    (@Neg.neg M31Exact
                      (@NegZeroClass.toNeg M31Exact
                        (@SubNegZeroMonoid.toNegZeroClass M31Exact
                          (@SubtractionMonoid.toSubNegZeroMonoid M31Exact
                            (@SubtractionCommMonoid.toSubtractionMonoid M31Exact
                              (@AddCommGroup.toDivisionAddCommMonoid M31Exact
                                (@Ring.toAddCommGroup M31Exact
                                  (@DivisionRing.toRing M31Exact
                                    (@Field.toDivisionRing M31Exact (@ZMod.instField P m31PrimeFact)))))))))
                      (@OfNat.ofNat M31Exact (nat_lit 1)
                        (@One.toOfNat1 M31Exact
                          (@AddMonoidWithOne.toOne M31Exact
                            (@AddGroupWithOne.toAddMonoidWithOne M31Exact
                              (@Ring.toAddGroupWithOne M31Exact
                                (@DivisionRing.toRing M31Exact
                                  (@Field.toDivisionRing M31Exact (@ZMod.instField P m31PrimeFact)))))))))
                    (@OfNat.ofNat M31Exact (nat_lit 0)
                      (@Zero.toOfNat0 M31Exact
                        (@MulZeroClass.toZero M31Exact
                          (@instMulZeroClassOfSemiring M31Exact
                            (@DivisionSemiring.toSemiring M31Exact
                              (@Semifield.toDivisionSemiring M31Exact
                                (@Field.toSemifield M31Exact (@ZMod.instField P m31PrimeFact))))))))
                    (@MulZeroClass.toZero M31Exact
                      (@instMulZeroClassOfSemiring M31Exact
                        (@DivisionSemiring.toSemiring M31Exact
                          (@Semifield.toDivisionSemiring M31Exact
                            (@Field.toSemifield M31Exact (@ZMod.instField P m31PrimeFact))))))))))
            (@HAdd.hAdd QM31Exact QM31Exact QM31Exact
              (@instHAdd QM31Exact
                (@QuadraticAlgebra.instAdd CM31Exact qm31R
                  (@OfNat.ofNat CM31Exact (nat_lit 0)
                    (@Zero.toOfNat0 CM31Exact
                      (@QuadraticAlgebra.instZero M31Exact
                        (@Neg.neg M31Exact
                          (@NegZeroClass.toNeg M31Exact
                            (@SubNegZeroMonoid.toNegZeroClass M31Exact
                              (@SubtractionMonoid.toSubNegZeroMonoid M31Exact
                                (@SubtractionCommMonoid.toSubtractionMonoid M31Exact
                                  (@AddCommGroup.toDivisionAddCommMonoid M31Exact
                                    (@Ring.toAddCommGroup M31Exact
                                      (@DivisionRing.toRing M31Exact
                                        (@Field.toDivisionRing M31Exact (@ZMod.instField P m31PrimeFact)))))))))
                          (@OfNat.ofNat M31Exact (nat_lit 1)
                            (@One.toOfNat1 M31Exact
                              (@AddMonoidWithOne.toOne M31Exact
                                (@AddGroupWithOne.toAddMonoidWithOne M31Exact
                                  (@Ring.toAddGroupWithOne M31Exact
                                    (@DivisionRing.toRing M31Exact
                                      (@Field.toDivisionRing M31Exact (@ZMod.instField P m31PrimeFact)))))))))
                        (@OfNat.ofNat M31Exact (nat_lit 0)
                          (@Zero.toOfNat0 M31Exact
                            (@MulZeroClass.toZero M31Exact
                              (@instMulZeroClassOfSemiring M31Exact
                                (@DivisionSemiring.toSemiring M31Exact
                                  (@Semifield.toDivisionSemiring M31Exact
                                    (@Field.toSemifield M31Exact (@ZMod.instField P m31PrimeFact))))))))
                        (@MulZeroClass.toZero M31Exact
                          (@instMulZeroClassOfSemiring M31Exact
                            (@DivisionSemiring.toSemiring M31Exact
                              (@Semifield.toDivisionSemiring M31Exact
                                (@Field.toSemifield M31Exact (@ZMod.instField P m31PrimeFact)))))))))
                  (@QuadraticAlgebra.instAdd M31Exact
                    (@Neg.neg M31Exact
                      (@NegZeroClass.toNeg M31Exact
                        (@SubNegZeroMonoid.toNegZeroClass M31Exact
                          (@SubtractionMonoid.toSubNegZeroMonoid M31Exact
                            (@SubtractionCommMonoid.toSubtractionMonoid M31Exact
                              (@AddCommGroup.toDivisionAddCommMonoid M31Exact
                                (@Ring.toAddCommGroup M31Exact
                                  (@DivisionRing.toRing M31Exact
                                    (@Field.toDivisionRing M31Exact (@ZMod.instField P m31PrimeFact)))))))))
                      (@OfNat.ofNat M31Exact (nat_lit 1)
                        (@One.toOfNat1 M31Exact
                          (@AddMonoidWithOne.toOne M31Exact
                            (@AddGroupWithOne.toAddMonoidWithOne M31Exact
                              (@Ring.toAddGroupWithOne M31Exact
                                (@DivisionRing.toRing M31Exact
                                  (@Field.toDivisionRing M31Exact (@ZMod.instField P m31PrimeFact)))))))))
                    (@OfNat.ofNat M31Exact (nat_lit 0)
                      (@Zero.toOfNat0 M31Exact
                        (@MulZeroClass.toZero M31Exact
                          (@instMulZeroClassOfSemiring M31Exact
                            (@DivisionSemiring.toSemiring M31Exact
                              (@Semifield.toDivisionSemiring M31Exact
                                (@Field.toSemifield M31Exact (@ZMod.instField P m31PrimeFact))))))))
                    (@Distrib.toAdd M31Exact
                      (@instDistribOfSemiring M31Exact
                        (@DivisionSemiring.toSemiring M31Exact
                          (@Semifield.toDivisionSemiring M31Exact
                            (@Field.toSemifield M31Exact (@ZMod.instField P m31PrimeFact)))))))))
              (@OfNat.ofNat QM31Exact (nat_lit 1)
                (@One.toOfNat1 QM31Exact
                  (@QuadraticAlgebra.instOne CM31Exact qm31R
                    (@OfNat.ofNat CM31Exact (nat_lit 0)
                      (@Zero.toOfNat0 CM31Exact
                        (@QuadraticAlgebra.instZero M31Exact
                          (@Neg.neg M31Exact
                            (@NegZeroClass.toNeg M31Exact
                              (@SubNegZeroMonoid.toNegZeroClass M31Exact
                                (@SubtractionMonoid.toSubNegZeroMonoid M31Exact
                                  (@SubtractionCommMonoid.toSubtractionMonoid M31Exact
                                    (@AddCommGroup.toDivisionAddCommMonoid M31Exact
                                      (@Ring.toAddCommGroup M31Exact
                                        (@DivisionRing.toRing M31Exact
                                          (@Field.toDivisionRing M31Exact (@ZMod.instField P m31PrimeFact)))))))))
                            (@OfNat.ofNat M31Exact (nat_lit 1)
                              (@One.toOfNat1 M31Exact
                                (@AddMonoidWithOne.toOne M31Exact
                                  (@AddGroupWithOne.toAddMonoidWithOne M31Exact
                                    (@Ring.toAddGroupWithOne M31Exact
                                      (@DivisionRing.toRing M31Exact
                                        (@Field.toDivisionRing M31Exact (@ZMod.instField P m31PrimeFact)))))))))
                          (@OfNat.ofNat M31Exact (nat_lit 0)
                            (@Zero.toOfNat0 M31Exact
                              (@MulZeroClass.toZero M31Exact
                                (@instMulZeroClassOfSemiring M31Exact
                                  (@DivisionSemiring.toSemiring M31Exact
                                    (@Semifield.toDivisionSemiring M31Exact
                                      (@Field.toSemifield M31Exact (@ZMod.instField P m31PrimeFact))))))))
                          (@MulZeroClass.toZero M31Exact
                            (@instMulZeroClassOfSemiring M31Exact
                              (@DivisionSemiring.toSemiring M31Exact
                                (@Semifield.toDivisionSemiring M31Exact
                                  (@Field.toSemifield M31Exact (@ZMod.instField P m31PrimeFact)))))))))
                    (@QuadraticAlgebra.instZero M31Exact
                      (@Neg.neg M31Exact
                        (@NegZeroClass.toNeg M31Exact
                          (@SubNegZeroMonoid.toNegZeroClass M31Exact
                            (@SubtractionMonoid.toSubNegZeroMonoid M31Exact
                              (@SubtractionCommMonoid.toSubtractionMonoid M31Exact
                                (@AddCommGroup.toDivisionAddCommMonoid M31Exact
                                  (@Ring.toAddCommGroup M31Exact
                                    (@DivisionRing.toRing M31Exact
                                      (@Field.toDivisionRing M31Exact (@ZMod.instField P m31PrimeFact)))))))))
                        (@OfNat.ofNat M31Exact (nat_lit 1)
                          (@One.toOfNat1 M31Exact
                            (@AddMonoidWithOne.toOne M31Exact
                              (@AddGroupWithOne.toAddMonoidWithOne M31Exact
                                (@Ring.toAddGroupWithOne M31Exact
                                  (@DivisionRing.toRing M31Exact
                                    (@Field.toDivisionRing M31Exact (@ZMod.instField P m31PrimeFact)))))))))
                      (@OfNat.ofNat M31Exact (nat_lit 0)
                        (@Zero.toOfNat0 M31Exact
                          (@MulZeroClass.toZero M31Exact
                            (@instMulZeroClassOfSemiring M31Exact
                              (@DivisionSemiring.toSemiring M31Exact
                                (@Semifield.toDivisionSemiring M31Exact
                                  (@Field.toSemifield M31Exact (@ZMod.instField P m31PrimeFact))))))))
                      (@MulZeroClass.toZero M31Exact
                        (@instMulZeroClassOfSemiring M31Exact
                          (@DivisionSemiring.toSemiring M31Exact
                            (@Semifield.toDivisionSemiring M31Exact
                              (@Field.toSemifield M31Exact (@ZMod.instField P m31PrimeFact)))))))
                    (@QuadraticAlgebra.instOne M31Exact
                      (@Neg.neg M31Exact
                        (@NegZeroClass.toNeg M31Exact
                          (@SubNegZeroMonoid.toNegZeroClass M31Exact
                            (@SubtractionMonoid.toSubNegZeroMonoid M31Exact
                              (@SubtractionCommMonoid.toSubtractionMonoid M31Exact
                                (@AddCommGroup.toDivisionAddCommMonoid M31Exact
                                  (@Ring.toAddCommGroup M31Exact
                                    (@DivisionRing.toRing M31Exact
                                      (@Field.toDivisionRing M31Exact (@ZMod.instField P m31PrimeFact)))))))))
                        (@OfNat.ofNat M31Exact (nat_lit 1)
                          (@One.toOfNat1 M31Exact
                            (@AddMonoidWithOne.toOne M31Exact
                              (@AddGroupWithOne.toAddMonoidWithOne M31Exact
                                (@Ring.toAddGroupWithOne M31Exact
                                  (@DivisionRing.toRing M31Exact
                                    (@Field.toDivisionRing M31Exact (@ZMod.instField P m31PrimeFact)))))))))
                      (@OfNat.ofNat M31Exact (nat_lit 0)
                        (@Zero.toOfNat0 M31Exact
                          (@MulZeroClass.toZero M31Exact
                            (@instMulZeroClassOfSemiring M31Exact
                              (@DivisionSemiring.toSemiring M31Exact
                                (@Semifield.toDivisionSemiring M31Exact
                                  (@Field.toSemifield M31Exact (@ZMod.instField P m31PrimeFact))))))))
                      (@MulZeroClass.toZero M31Exact
                        (@instMulZeroClassOfSemiring M31Exact
                          (@DivisionSemiring.toSemiring M31Exact
                            (@Semifield.toDivisionSemiring M31Exact
                              (@Field.toSemifield M31Exact (@ZMod.instField P m31PrimeFact))))))
                      (@AddMonoidWithOne.toOne M31Exact
                        (@AddGroupWithOne.toAddMonoidWithOne M31Exact
                          (@Ring.toAddGroupWithOne M31Exact
                            (@DivisionRing.toRing M31Exact
                              (@Field.toDivisionRing M31Exact (@ZMod.instField P m31PrimeFact))))))))))
              (@HPow.hPow QM31Exact Nat QM31Exact
                (@instHPow QM31Exact Nat
                  (@NPow.toPow QM31Exact
                    (@Monoid.toNPow QM31Exact
                      (@Semiring.toMonoid QM31Exact
                        (@DivisionSemiring.toSemiring QM31Exact
                          (@Semifield.toDivisionSemiring QM31Exact
                            (@Field.toSemifield QM31Exact
                              (@QuadraticAlgebra.instField CM31Exact
                                (@QuadraticAlgebra.instField M31Exact (@ZMod.instField P m31PrimeFact)
                                  (@Neg.neg M31Exact
                                    (@NegZeroClass.toNeg M31Exact
                                      (@SubNegZeroMonoid.toNegZeroClass M31Exact
                                        (@SubtractionMonoid.toSubNegZeroMonoid M31Exact
                                          (@SubtractionCommMonoid.toSubtractionMonoid M31Exact
                                            (@AddCommGroup.toDivisionAddCommMonoid M31Exact
                                              (@Ring.toAddCommGroup M31Exact
                                                (@DivisionRing.toRing M31Exact
                                                  (@Field.toDivisionRing M31Exact
                                                    (@ZMod.instField P m31PrimeFact)))))))))
                                    (@OfNat.ofNat M31Exact (nat_lit 1)
                                      (@One.toOfNat1 M31Exact
                                        (@AddMonoidWithOne.toOne M31Exact
                                          (@AddGroupWithOne.toAddMonoidWithOne M31Exact
                                            (@Ring.toAddGroupWithOne M31Exact
                                              (@DivisionRing.toRing M31Exact
                                                (@Field.toDivisionRing M31Exact (@ZMod.instField P m31PrimeFact)))))))))
                                  (@OfNat.ofNat M31Exact (nat_lit 0)
                                    (@Zero.toOfNat0 M31Exact
                                      (@MulZeroClass.toZero M31Exact
                                        (@instMulZeroClassOfSemiring M31Exact
                                          (@DivisionSemiring.toSemiring M31Exact
                                            (@Semifield.toDivisionSemiring M31Exact
                                              (@Field.toSemifield M31Exact (@ZMod.instField P m31PrimeFact))))))))
                                  cm31Rootless)
                                qm31R
                                (@OfNat.ofNat CM31Exact (nat_lit 0)
                                  (@Zero.toOfNat0 CM31Exact
                                    (@QuadraticAlgebra.instZero M31Exact
                                      (@Neg.neg M31Exact
                                        (@NegZeroClass.toNeg M31Exact
                                          (@SubNegZeroMonoid.toNegZeroClass M31Exact
                                            (@SubtractionMonoid.toSubNegZeroMonoid M31Exact
                                              (@SubtractionCommMonoid.toSubtractionMonoid M31Exact
                                                (@AddCommGroup.toDivisionAddCommMonoid M31Exact
                                                  (@Ring.toAddCommGroup M31Exact
                                                    (@DivisionRing.toRing M31Exact
                                                      (@Field.toDivisionRing M31Exact
                                                        (@ZMod.instField P m31PrimeFact)))))))))
                                        (@OfNat.ofNat M31Exact (nat_lit 1)
                                          (@One.toOfNat1 M31Exact
                                            (@AddMonoidWithOne.toOne M31Exact
                                              (@AddGroupWithOne.toAddMonoidWithOne M31Exact
                                                (@Ring.toAddGroupWithOne M31Exact
                                                  (@DivisionRing.toRing M31Exact
                                                    (@Field.toDivisionRing M31Exact
                                                      (@ZMod.instField P m31PrimeFact)))))))))
                                      (@OfNat.ofNat M31Exact (nat_lit 0)
                                        (@Zero.toOfNat0 M31Exact
                                          (@MulZeroClass.toZero M31Exact
                                            (@instMulZeroClassOfSemiring M31Exact
                                              (@DivisionSemiring.toSemiring M31Exact
                                                (@Semifield.toDivisionSemiring M31Exact
                                                  (@Field.toSemifield M31Exact (@ZMod.instField P m31PrimeFact))))))))
                                      (@MulZeroClass.toZero M31Exact
                                        (@instMulZeroClassOfSemiring M31Exact
                                          (@DivisionSemiring.toSemiring M31Exact
                                            (@Semifield.toDivisionSemiring M31Exact
                                              (@Field.toSemifield M31Exact (@ZMod.instField P m31PrimeFact)))))))))
                                qm31Rootless))))))))
                t (@OfNat.ofNat Nat (nat_lit 2) (instOfNatNat (nat_lit 2)))))))))
    t
/home/dombarker/project-offloads/aspis-higher-y.fMoMeX/overlay/SecureCircleParameterInverse.lean:143:43: warning: This simp argument is unused:
  Option.bind_some

Hint: Omit it from the simp argument list.
  simp only [recoverParameter, decode_encodeExactSecureCirclePoint_x,
      decode_encodeExactSecureCirclePoint_y, O̵pt̵i̵o̵n̵.̵b̵i̵n̵d̵_̵s̵o̵m̵e̵,̵ ̵p̵ure,
  ̵  ̵ ̵ ̵qm31Karatsuba_eq_mul, inverseEq, qm31Square_eq_sq,
  ̲  ̲ ̲ ̲← pow_two]

Note: This linter can be disabled with `set_option linter.unusedSimpArgs false`
'AspisV8.SecureCircleParameterInverse.Generic.one_add_x' depends on axioms: [propext, Classical.choice, Quot.sound]
'AspisV8.SecureCircleParameterInverse.Generic.parameter_inverse' depends on axioms: [propext,
 Classical.choice,
 Quot.sound]
'AspisV8.SecureCircleParameterInverse.Generic.parameter_inverse_mul' depends on axioms: [propext,
 Classical.choice,
 Quot.sound]
'AspisV8.SecureCircleParameterInverse.Generic.coordinate_injective' depends on axioms: [propext,
 Classical.choice,
 Quot.sound]
'AspisV8.SecureCircleParameterInverse.Codec.encodeWordLE_decodeWordLE' depends on axioms: [propext,
 Classical.choice,
 Quot.sound]
'AspisV8.SecureCircleParameterInverse.Codec.encodeQM31LE_of_decodeQM31LE' depends on axioms: [propext,
 Classical.choice,
 Quot.sound]
'AspisV8.SecureCircleParameterInverse.Codec.encodeTagQM31ExactLE_of_decode' depends on axioms: [propext,
 Classical.choice,
 Quot.sound]
'AspisV8.SecureCircleParameterInverse.Codec.decodeTagQM31ExactLE_injective_on_success' depends on axioms: [propext,
 Classical.choice,
 Quot.sound]
'AspisV8.SecureCircleParameterInverse.recover_encoded_output' depends on axioms: [propext,
 sorryAx,
 Classical.choice,
 Quot.sound]
'AspisV8.SecureCircleParameterInverse.recover_success' depends on axioms: [propext,
 sorryAx,
 Classical.choice,
 Quot.sound]
'AspisV8.SecureCircleParameterInverse.successful_decoded_parameters_equal' depends on axioms: [propext,
 sorryAx,
 Classical.choice,
 Quot.sound]
'AspisV8.SecureCircleParameterInverse.successful_map_recovers' depends on axioms: [propext,
 sorryAx,
 Classical.choice,
 Quot.sound]
'AspisV8.SecureCircleParameterInverse.successful_points_eq_iff' depends on axioms: [propext,
 sorryAx,
 Classical.choice,
 Quot.sound]
'AspisV8.SecureCircleParameterInverse.successful_points_ne_iff' depends on axioms: [propext,
 sorryAx,
 Classical.choice,
 Quot.sound]
Command exited with non-zero status 1
	Command being timed: "/home/dombarker/.elan/toolchains/leanprover--lean4---v4.32.0/bin/lean -j1 -M9500 -R /home/dombarker/project-offloads/aspis-higher-y.fMoMeX/overlay -o /home/dombarker/project-offloads/aspis-higher-y.fMoMeX/overlay/SecureCircleParameterInverse.olean /home/dombarker/project-offloads/aspis-higher-y.fMoMeX/overlay/SecureCircleParameterInverse.lean"
	User time (seconds): 2.60
	System time (seconds): 1.01
	Percent of CPU this job got: 101%
	Elapsed (wall clock) time (h:mm:ss or m:ss): 0:03.55
	Average shared text size (kbytes): 0
	Average unshared data size (kbytes): 0
	Average stack size (kbytes): 0
	Average total size (kbytes): 0
	Maximum resident set size (kbytes): 6814520
	Average resident set size (kbytes): 0
	Major (requiring I/O) page faults: 0
	Minor (reclaiming a frame) page faults: 141646
	Voluntary context switches: 736
	Involuntary context switches: 171
	Swaps: 0
	File system inputs: 0
	File system outputs: 0
	Socket messages sent: 0
	Socket messages received: 0
	Signals delivered: 0
	Page size (bytes): 4096
	Exit status: 1
LEAN_EXIT=1
