Warning: Permanently added '100.108.41.90' (ED25519) to the list of known hosts.
Running as unit: aspis-focus-1791141112138923000.service; invocation ID: 1115fb62cf684fa58cae2360199c89a8
/home/dombarker/project-offloads/aspis-r57-lean-src-20260929-a/AspisV8R19/R747JointBlock39Preflight.lean:97:45: error: unsolved goals
⊢ Matrix.vecCons 0
          (fun i =>
            Matrix.vecCons 0
              (fun i =>
                Matrix.vecCons 0
                  (fun i =>
                    Matrix.vecCons 0
                      (fun i =>
                        Matrix.vecCons 0
                          (fun i =>
                            Matrix.vecCons 0
                              (fun i =>
                                Matrix.vecCons 0
                                  (fun i =>
                                    Matrix.vecCons 0
                                      (fun i =>
                                        Matrix.vecCons 0
                                          (fun i =>
                                            Matrix.vecCons 0
                                              (fun i =>
                                                Matrix.vecCons 0
                                                  (fun i =>
                                                    Matrix.vecCons 0
                                                      (fun i =>
                                                        Matrix.vecCons 0
                                                          (fun i =>
                                                            Matrix.vecCons 0
                                                              (fun i =>
                                                                Matrix.vecCons 0
                                                                  (fun i =>
                                                                    Matrix.vecCons 0
                                                                      (fun i =>
                                                                        Matrix.vecCons 0
                                                                          (fun i =>
                                                                            Matrix.vecCons 0
                                                                              (fun i =>
                                                                                Matrix.vecCons 0
                                                                                  (fun i =>
                                                                                    Matrix.vecCons 0
                                                                                      (fun i =>
                                                                                        Matrix.vecCons 0
                                                                                          (fun i =>
                                                                                            Matrix.vecCons 0
                                                                                              (fun i =>
                                                                                                Matrix.vecCons 0
                                                                                                  (fun i =>
                                                                                                    Matrix.vecCons 0
                                                                                                      (fun i => ⋯) i)
                                                                                                  i)
                                                                                              i)
                                                                                          i)
                                                                                      i)
                                                                                  i)
                                                                              i)
                                                                          i)
                                                                      i)
                                                                  i)
                                                              i)
                                                          i)
                                                      i)
                                                  i)
                                              i)
                                          i)
                                      i)
                                  i)
                              i)
                          i)
                      i)
                  i)
              i)
          28 *
        ![2147483409, 0, 0, 0, 0, 0, 0, 0, 0, 0, 0, 0, 0, 0, 0, 0, 0, 0, 0, 0, 0, 0, 0, 0, 0, 0, 0, 0, 0, 0, 0, 0, 0, 0,
            0, 0, 0, 1342177280, 0]
          28 +
      (Matrix.vecCons 1717986918
            (fun i =>
              Matrix.vecCons 0
                (fun i =>
                  Matrix.vecCons 0
                    (fun i =>
                      Matrix.vecCons 0
                        (fun i =>
                          Matrix.vecCons 0
                            (fun i =>
                              Matrix.vecCons 0
                                (fun i =>
                                  Matrix.vecCons 0
                                    (fun i =>
                                      Matrix.vecCons 0
                                        (fun i =>
                                          Matrix.vecCons 0
                                            (fun i =>
                                              Matrix.vecCons 0
                                                (fun i =>
                                                  Matrix.vecCons 0
                                                    (fun i =>
                                                      Matrix.vecCons 0
                                                        (fun i =>
                                                          Matrix.vecCons 0
                                                            (fun i =>
                                                              Matrix.vecCons 0
                                                                (fun i =>
                                                                  Matrix.vecCons 0
                                                                    (fun i =>
                                                                      Matrix.vecCons 0
                                                                        (fun i =>
                                                                          Matrix.vecCons 0
                                                                            (fun i =>
                                                                              Matrix.vecCons 0
                                                                                (fun i =>
                                                                                  Matrix.vecCons 0
                                                                                    (fun i =>
                                                                                      Matrix.vecCons 0
                                                                                        (fun i =>
                                                                                          Matrix.vecCons 0
                                                                                            (fun i =>
                                                                                              Matrix.vecCons 0
                                                                                                (fun i =>
                                                                                                  Matrix.vecCons 0
                                                                                                    (fun i =>
                                                                                                      Matrix.vecCons 0 ⋯
                                                                                                        i)
                                                                                                    i)
                                                                                                i)
                                                                                            i)
                                                                                        i)
                                                                                    i)
                                                                                i)
                                                                            i)
                                                                        i)
                                                                    i)
                                                                i)
                                                            i)
                                                        i)
                                                    i)
                                                i)
                                            i)
                                        i)
                                    i)
                                i)
                            i)
                        i)
                    i)
                i)
            28 *
          ![1073741826, 1073741772, 1073741483, 0, 0, 0, 0, 0, 0, 0, 0, 0, 0, 0, 0, 0, 0, 0, 0, 0, 0, 0, 0, 0, 0, 0, 0,
              0, 0, 0, 0, 0, 0, 0, 0, 0, 0, 0, 0]
            28 +
        (Matrix.vecCons
              (![0, 1717986918, 1489486194, 1247021539, 1874347948, 2107894365, 490793984, 0, 0, 0, 0, 0, 0, 0, 0, 0, 0,
                  0, 0, 0, 0, 0, 0, 0, 0, 0, 0, 0, 0, 0, 0, 0, 0, 0, 0, 0, 0, 1411443648, 1677002431]
                2)
              (fun i =>
                Matrix.vecCons
                  (![0, 0, 655881705, 325825106, 1048900029, 351257849, 1192239505, 0, 0, 0, 0, 0, 0, 0, 0, 0, 0, 0, 0,
                      0, 0, 0, 0, 0, 0, 0, 0, 0, 0, 0, 0, 0, 0, 0, 0, 0, 0, 149068425, 2097794172]
                    2)
                  (fun i =>
                    Matrix.vecCons
                      (![0, 0, 1491601942, 962665083, 1930072359, 895763690, 1024735052, 0, 0, 0, 0, 0, 0, 0, 0, 0, 0,
                          0, 0, 0, 0, 0, 0, 0, 0, 0, 0, 0, 0, 0, 0, 0, 0, 0, 0, 0, 0, 167562024, 2091629639]
                        2)
                      (fun i =>
                        Matrix.vecCons
                          (![0, 0, 0, 0, 655881705, 162912553, 769220667, 0, 0, 0, 0, 0, 0, 0, 0, 0, 0, 0, 0, 0, 0, 0,
                              0, 0, 0, 0, 0, 0, 0, 0, 0, 0, 0, 0, 0, 0, 0, 662316722, 1210883524]
                            2)
                          (fun i =>
                            Matrix.vecCons
                              (Matrix.vecCons 0
                                (Matrix.vecCons 0
                                  (Matrix.vecCons 0
                                    (Matrix.vecCons 0
                                      (Matrix.vecCons 1491601942
                                        (Matrix.vecCons 1555074365
                                          (Matrix.vecCons 1718556542
                                            (Matrix.vecCons 0
                                              (Matrix.vecCons 0
                                                (Matrix.vecCons 0
                                                  (Matrix.vecCons 0
                                                    (Matrix.vecCons 0
                                                      (Matrix.vecCons 0
                                                        (Matrix.vecCons 0
                                                          (Matrix.vecCons 0
                                                            (Matrix.vecCons 0
                                                              (Matrix.vecCons 0
                                                                (Matrix.vecCons 0
                                                                  (Matrix.vecCons 0
                                                                    (Matrix.vecCons 0
                                                                      (Matrix.vecCons 0
                                                                        (Matrix.vecCons 0
                                                                          (Matrix.vecCons 0
                                                                            (Matrix.vecCons 0
                                                                              (Matrix.vecCons 0
                                                                                (Matrix.vecCons 0
                                                                                  (Matrix.vecCons 0
                                                                                    (Matrix.vecCons 0
                                                                                      (Matrix.vecCons 0
                                                                                        (Matrix.vecCons 0
                                                                                          (Matrix.vecCons 0
                                                                                            (Matrix.vecCons 0
                                                                                              (Matrix.vecCons 0
                                                                                                (Matrix.vecCons 0
                                                                                                  (Matrix.vecCons 0
                                                                                                    (Matrix.vecCons 0
                                                                                                      (Matrix.vecCons 0
                                                                                                        ⋯))))))))))))))))))))))))))))))))))))
                                2)
                              (fun i =>
                                Matrix.vecCons
                                  (Matrix.vecCons 0
                                    (Matrix.vecCons 0
                                      (Matrix.vecCons 0
                                        (Matrix.vecCons 0
                                          (Matrix.vecCons 0
                                            (Matrix.vecCons 0
                                              (Matrix.vecCons 877872436
                                                (Matrix.vecCons 0
                                                  (Matrix.vecCons 0
                                                    (Matrix.vecCons 0
                                                      (Matrix.vecCons 0
                                                        (Matrix.vecCons 0
                                                          (Matrix.vecCons 0
                                                            (Matrix.vecCons 0
                                                              (Matrix.vecCons 0
                                                                (Matrix.vecCons 0
                                                                  (Matrix.vecCons 0
                                                                    (Matrix.vecCons 0
                                                                      (Matrix.vecCons 0
                                                                        (Matrix.vecCons 0
                                                                          (Matrix.vecCons 0
                                                                            (Matrix.vecCons 0
                                                                              (Matrix.vecCons 0
                                                                                (Matrix.vecCons 0
                                                                                  (Matrix.vecCons 0
                                                                                    (Matrix.vecCons 0
                                                                                      (Matrix.vecCons 0
                                                                                        (Matrix.vecCons 0
                                                                                          (Matrix.vecCons 0
                                                                                            (Matrix.vecCons 0
                                                                                              (Matrix.vecCons 0
                                                                                                (Matrix.vecCons 0
                                                                                                  (Matrix.vecCons 0
                                                                                                    (Matrix.vecCons 0
                                                                                                      (Matrix.vecCons 0
                                                                                                        ⋯))))))))))))))))))))))))))))))))))
                                    2)
                                  (fun i =>
                                    Matrix.vecCons
                                      (Matrix.vecCons 0
                                        (Matrix.vecCons 0
                                          (Matrix.vecCons 0
                                            (Matrix.vecCons 0
                                              (Matrix.vecCons 0
                                                (Matrix.vecCons 0
                                                  (Matrix.vecCons 1522117530
                                                    (Matrix.vecCons 0
                                                      (Matrix.vecCons 0
                                                        (Matrix.vecCons 0
                                                          (Matrix.vecCons 0
                                                            (Matrix.vecCons 0
                                                              (Matrix.vecCons 0
                                                                (Matrix.vecCons 0
                                                                  (Matrix.vecCons 0
                                                                    (Matrix.vecCons 0
                                                                      (Matrix.vecCons 0
                                                                        (Matrix.vecCons 0
                                                                          (Matrix.vecCons 0
                                                                            (Matrix.vecCons 0
                                                                              (Matrix.vecCons 0
                                                                                (Matrix.vecCons 0
                                                                                  (Matrix.vecCons 0
                                                                                    (Matrix.vecCons 0
                                                                                      (Matrix.vecCons 0
                                                                                        (Matrix.vecCons 0
                                                                                          (Matrix.vecCons 0
                                                                                            (Matrix.vecCons 0
                                                                                              (Matrix.vecCons 0
                                                                                                (Matrix.vecCons 0
                                                                                                  (Matrix.vecCons 0
                                                                                                    (Matrix.vecCons 0
                                                                                                      (Matrix.vecCons 0
                                                                                                        ⋯))))))))))))))))))))))))))))))))
                                        2)
                                      (fun i =>
                                        Matrix.vecCons
                                          (Matrix.vecCons 0
                                            (Matrix.vecCons 0
                                              (Matrix.vecCons 0
                                                (Matrix.vecCons 0
                                                  (Matrix.vecCons 0
                                                    (Matrix.vecCons 0
                                                      (Matrix.vecCons 0
                                                        (Matrix.vecCons 0
                                                          (Matrix.vecCons 1717986918
                                                            (Matrix.vecCons 1489486194
                                                              (Matrix.vecCons 1247021539
                                                                (Matrix.vecCons 1874347948
                                                                  (Matrix.vecCons 2107894365
                                                                    (Matrix.vecCons 172727205
                                                                      (Matrix.vecCons 480549730
                                                                        (Matrix.vecCons 45800491
                                                                          (Matrix.vecCons 1950596724
                                                                            (Matrix.vecCons 904442640
                                                                              (Matrix.vecCons 1270220704
                                                                                (Matrix.vecCons 868076745
                                                                                  (Matrix.vecCons 1382902204
                                                                                    (Matrix.vecCons 358559928
                                                                                      (Matrix.vecCons 1816002133
                                                                                        (Matrix.vecCons 573803312
                                                                                          (Matrix.vecCons 55883206
                                                                                            (Matrix.vecCons 570939991
                                                                                              (Matrix.vecCons 1420145877
                                                                                                (Matrix.vecCons
                                                                                                  2035716556
                                                                                                  (Matrix.vecCons
                                                                                                    1925741071
                                                                                                    (Matrix.vecCons
                                                                                                      22264545
                                                                                                      (Matrix.vecCons
                                                                                                        961490296
                                                                                                        ⋯))))))))))))))))))))))))))))))
                                            2)
                                          (fun i =>
                                            Matrix.vecCons
                                              (Matrix.vecCons 0
                                                (Matrix.vecCons 0
                                                  (Matrix.vecCons 0
                                                    (Matrix.vecCons 0
                                                      (Matrix.vecCons 0
                                                        (Matrix.vecCons 0
                                                          (Matrix.vecCons 0
                                                            (Matrix.vecCons 0
                                                              (Matrix.vecCons 0
                                                                (Matrix.vecCons 655881705
                                                                  (Matrix.vecCons 325825106
                                                                    (Matrix.vecCons 1048900029
                                                                      (Matrix.vecCons 351257849
                                                                        (Matrix.vecCons 568385862
                                                                          (Matrix.vecCons 421559431
                                                                            (Matrix.vecCons 1674277382
                                                                              (Matrix.vecCons 341249651
                                                                                (Matrix.vecCons 1164464531
                                                                                  (Matrix.vecCons 2004769930
                                                                                    (Matrix.vecCons 1853456715
                                                                                      (Matrix.vecCons 674661511
                                                                                        (Matrix.vecCons 1536103271
                                                                                          (Matrix.vecCons 1345146597
                                                                                            (Matrix.vecCons 1979750964
                                                                                              (Matrix.vecCons 1935477193
                                                                                                (Matrix.vecCons
                                                                                                  535697339
                                                                                                  (Matrix.vecCons
                                                                                                    1182714061
                                                                                                    (Matrix.vecCons
                                                                                                      424011718
                                                                                                      (Matrix.vecCons
                                                                                                        585495284
                                                                                                        ⋯))))))))))))))))))))))))))))
                                                2)
                                              (fun i =>
                                                Matrix.vecCons
                                                  (Matrix.vecCons 0
                                                    (Matrix.vecCons 0
                                                      (Matrix.vecCons 0
                                                        (Matrix.vecCons 0
                                                          (Matrix.vecCons 0
                                                            (Matrix.vecCons 0
                                                              (Matrix.vecCons 0
                                                                (Matrix.vecCons 0
                                                                  (Matrix.vecCons 0
                                                                    (Matrix.vecCons 1491601942
                                                                      (Matrix.vecCons 962665083
                                                                        (Matrix.vecCons 1930072359
                                                                          (Matrix.vecCons 895763690
                                                                            (Matrix.vecCons 1305962086
                                                                              (Matrix.vecCons 1138070357
                                                                                (Matrix.vecCons 1648621250
                                                                                  (Matrix.vecCons 139300079
                                                                                    (Matrix.vecCons 1028819607
                                                                                      (Matrix.vecCons 336793730
                                                                                        (Matrix.vecCons 927497227
                                                                                          (Matrix.vecCons 595559193
                                                                                            (Matrix.vecCons 1479457121
                                                                                              (Matrix.vecCons 749603580
                                                                                                (Matrix.vecCons
                                                                                                  1224730962
                                                                                                  (Matrix.vecCons
                                                                                                    915435392
                                                                                                    (Matrix.vecCons
                                                                                                      1247607938
                                                                                                      (Matrix.vecCons
                                                                                                        1405103555
                                                                                                        ⋯))))))))))))))))))))))))))
                                                    2)
                                                  (fun i =>
                                                    Matrix.vecCons
                                                      (Matrix.vecCons 0
                                                        (Matrix.vecCons 0
                                                          (Matrix.vecCons 0
                                                            (Matrix.vecCons 0
                                                              (Matrix.vecCons 0
                                                                (Matrix.vecCons 0
                                                                  (Matrix.vecCons 0
                                                                    (Matrix.vecCons 0
                                                                      (Matrix.vecCons 0
                                                                        (Matrix.vecCons 0
                                                                          (Matrix.vecCons 0
                                                                            (Matrix.vecCons 655881705
                                                                              (Matrix.vecCons 162912553
                                                                                (Matrix.vecCons 1598191838
                                                                                  (Matrix.vecCons 702515698
                                                                                    (Matrix.vecCons 1136771724
                                                                                      (Matrix.vecCons 1610346645
                                                                                        (Matrix.vecCons 1886038720
                                                                                          (Matrix.vecCons 341249651
                                                                                            (Matrix.vecCons 1164464531
                                                                                              (Matrix.vecCons 139422857
                                                                                                (Matrix.vecCons
                                                                                                  690125225
                                                                                                  (Matrix.vecCons
                                                                                                    4794500
                                                                                                    (Matrix.vecCons
                                                                                                      1765635921
                                                                                                      (Matrix.vecCons
                                                                                                        1029996000
                                                                                                        ⋯))))))))))))))))))))))))
                                                        2)
                                                      (fun i =>
                                                        Matrix.vecCons
                                                          (Matrix.vecCons 0
                                                            (Matrix.vecCons 0
                                                              (Matrix.vecCons 0
                                                                (Matrix.vecCons 0
                                                                  (Matrix.vecCons 0
                                                                    (Matrix.vecCons 0
                                                                      (Matrix.vecCons 0
                                                                        (Matrix.vecCons 0
                                                                          (Matrix.vecCons 0
                                                                            (Matrix.vecCons 0
                                                                              (Matrix.vecCons 0
                                                                                (Matrix.vecCons 1491601942
                                                                                  (Matrix.vecCons 1555074365
                                                                                    (Matrix.vecCons 2038778003
                                                                                      (Matrix.vecCons 1791527380
                                                                                        (Matrix.vecCons 464440525
                                                                                          (Matrix.vecCons 457958438
                                                                                            (Matrix.vecCons 606899337
                                                                                              (Matrix.vecCons 139300079
                                                                                                (Matrix.vecCons
                                                                                                  1028819607
                                                                                                  (Matrix.vecCons
                                                                                                    1811173867
                                                                                                    (Matrix.vecCons
                                                                                                      214317415
                                                                                                      (Matrix.vecCons
                                                                                                        2020456006
                                                                                                        ⋯))))))))))))))))))))))
                                                            2)
                                                          (fun i =>
                                                            Matrix.vecCons
                                                              (Matrix.vecCons 0
                                                                (Matrix.vecCons 0
                                                                  (Matrix.vecCons 0
                                                                    (Matrix.vecCons 0
                                                                      (Matrix.vecCons 0
                                                                        (Matrix.vecCons 0
                                                                          (Matrix.vecCons 0
                                                                            (Matrix.vecCons 0
                                                                              (Matrix.vecCons 0
                                                                                (Matrix.vecCons 0
                                                                                  (Matrix.vecCons 0
                                                                                    (Matrix.vecCons 0
                                                                                      (Matrix.vecCons 0
                                                                                        (Matrix.vecCons 655881705
                                                                                          (Matrix.vecCons 651650212
                                                                                            (Matrix.vecCons 2097800058
                                                                                              (Matrix.vecCons 702515698
                                                                                                (Matrix.vecCons
                                                                                                  1136771724
                                                                                                  (Matrix.vecCons
                                                                                                    421559431
                                                                                                    (Matrix.vecCons
                                                                                                      1674277382
                                                                                                      (Matrix.vecCons
                                                                                                        341249651
                                                                                                        ⋯))))))))))))))))))))
                                                                2)
                                                              (fun i =>
                                                                Matrix.vecCons
                                                                  (Matrix.vecCons 0
                                                                    (Matrix.vecCons 0
                                                                      (Matrix.vecCons 0
                                                                        (Matrix.vecCons 0
                                                                          (Matrix.vecCons 0
                                                                            (Matrix.vecCons 0
                                                                              (Matrix.vecCons 0
                                                                                (Matrix.vecCons 0
                                                                                  (Matrix.vecCons 0
                                                                                    (Matrix.vecCons 0
                                                                                      (Matrix.vecCons 0
                                                                                        (Matrix.vecCons 0
                                                                                          (Matrix.vecCons 0
                                                                                            (Matrix.vecCons 1491601942
                                                                                              (Matrix.vecCons 1925330166
                                                                                                (Matrix.vecCons
                                                                                                  1712661071
                                                                                                  (Matrix.vecCons
                                                                                                    1791527380
                                                                                                    (Matrix.vecCons
                                                                                                      464440525
                                                                                                      (Matrix.vecCons
                                                                                                        1138070357
                                                                                                        ⋯))))))))))))))))))
                                                                    2)
                                                                  (fun i =>
                                                                    Matrix.vecCons
                                                                      (Matrix.vecCons 0
                                                                        (Matrix.vecCons 0
                                                                          (Matrix.vecCons 0
                                                                            (Matrix.vecCons 0
                                                                              (Matrix.vecCons 0
                                                                                (Matrix.vecCons 0
                                                                                  (Matrix.vecCons 0
                                                                                    (Matrix.vecCons 0
                                                                                      (Matrix.vecCons 0
                                                                                        (Matrix.vecCons 0
                                                                                          (Matrix.vecCons 0
                                                                                            (Matrix.vecCons 0
                                                                                              (Matrix.vecCons 0
                                                                                                (Matrix.vecCons 0
                                                                                                  (Matrix.vecCons 0
                                                                                                    (Matrix.vecCons
                                                                                                      655881705
                                                                                                      (Matrix.vecCons
                                                                                                        162912553
                                                                                                        ⋯))))))))))))))))
                                                                        2)
                                                                      (fun i =>
                                                                        Matrix.vecCons
                                                                          (Matrix.vecCons 0
                                                                            (Matrix.vecCons 0
                                                                              (Matrix.vecCons 0
                                                                                (Matrix.vecCons 0
                                                                                  (Matrix.vecCons 0
                                                                                    (Matrix.vecCons 0
                                                                                      (Matrix.vecCons 0
                                                                                        (Matrix.vecCons 0
                                                                                          (Matrix.vecCons 0
                                                                                            (Matrix.vecCons 0
                                                                                              (Matrix.vecCons 0
                                                                                                (Matrix.vecCons 0
                                                                                                  (Matrix.vecCons 0
                                                                                                    (Matrix.vecCons 0
                                                                                                      (Matrix.vecCons 0
                                                                                                        ⋯))))))))))))))
                                                                            2)
                                                                          (fun i =>
                                                                            Matrix.vecCons
                                                                              (Matrix.vecCons 0
                                                                                (Matrix.vecCons 0
                                                                                  (Matrix.vecCons 0
                                                                                    (Matrix.vecCons 0
                                                                                      (Matrix.vecCons 0
                                                                                        (Matrix.vecCons 0
                                                                                          (Matrix.vecCons 0
                                                                                            (Matrix.vecCons 0
                                                                                              (Matrix.vecCons 0
                                                                                                (Matrix.vecCons 0
                                                                                                  (Matrix.vecCons 0
                                                                                                    (Matrix.vecCons 0
                                                                                                      (Matrix.vecCons 0
                                                                                                        ⋯))))))))))))
                                                                                2)
                                                                              (fun i =>
                                                                                Matrix.vecCons
                                                                                  (Matrix.vecCons 0
                                                                                    (Matrix.vecCons 0
                                                                                      (Matrix.vecCons 0
                                                                                        (Matrix.vecCons 0
                                                                                          (Matrix.vecCons 0
                                                                                            (Matrix.vecCons 0
                                                                                              (Matrix.vecCons 0
                                                                                                (Matrix.vecCons 0
                                                                                                  (Matrix.vecCons 0
                                                                                                    (Matrix.vecCons 0
                                                                                                      (Matrix.vecCons 0
                                                                                                        ⋯))))))))))
                                                                                    2)
                                                                                  (fun i =>
                                                                                    Matrix.vecCons
                                                                                      (Matrix.vecCons 0
                                                                                        (Matrix.vecCons 0
                                                                                          (Matrix.vecCons 0
                                                                                            (Matrix.vecCons 0
                                                                                              (Matrix.vecCons 0
                                                                                                (Matrix.vecCons 0
                                                                                                  (Matrix.vecCons 0
                                                                                                    (Matrix.vecCons 0
                                                                                                      (Matrix.vecCons 0
                                                                                                        ⋯))))))))
                                                                                        2)
                                                                                      (fun i =>
                                                                                        Matrix.vecCons
                                                                                          (Matrix.vecCons 0
                                                                                            (Matrix.vecCons 0
                                                                                              (Matrix.vecCons 0
                                                                                                (Matrix.vecCons 0
                                                                                                  (Matrix.vecCons 0
                                                                                                    (Matrix.vecCons 0
                                                                                                      (Matrix.vecCons 0
                                                                                                        ⋯))))))
                                                                                            2)
                                                                                          (fun i =>
                                                                                            Matrix.vecCons
                                                                                              (Matrix.vecCons 0
                                                                                                (Matrix.vecCons 0
                                                                                                  (Matrix.vecCons 0
                                                                                                    (Matrix.vecCons 0
                                                                                                      (Matrix.vecCons 0
                                                                                                        ⋯))))
                                                                                                2)
                                                                                              (fun i =>
                                                                                                Matrix.vecCons
                                                                                                  (Matrix.vecCons 0
                                                                                                    (Matrix.vecCons 0
                                                                                                      (Matrix.vecCons 0
                                                                                                        ⋯))
                                                                                                    2)
                                                                                                  (fun i =>
                                                                                                    Matrix.vecCons
                                                                                                      (Matrix.vecCons 0
                                                                                                        ⋯ ⋯)
                                                                                                      (fun i => ⋯) i)
                                                                                                  i)
                                                                                              i)
                                                                                          i)
                                                                                      i)
                                                                                  i)
                                                                              i)
                                                                          i)
                                                                      i)
                                                                  i)
                                                              i)
                                                          i)
                                                      i)
                                                  i)
                                              i)
                                          i)
                                      i)
                                  i)
                              i)
                          i)
                      i)
                  i)
              28 *
            Matrix.vecCons
              (![2147483409, 0, 0, 0, 0, 0, 0, 0, 0, 0, 0, 0, 0, 0, 0, 0, 0, 0, 0, 0, 0, 0, 0, 0, 0, 0, 0, 0, 0, 0, 0,
                  0, 0, 0, 0, 0, 0, 1342177280, 0]
                28)
              (fun i =>
                Matrix.vecCons
                  (![1073741826, 1073741772, 1073741483, 0, 0, 0, 0, 0, 0, 0, 0, 0, 0, 0, 0, 0, 0, 0, 0, 0, 0, 0, 0, 0,
                      0, 0, 0, 0, 0, 0, 0, 0, 0, 0, 0, 0, 0, 0, 0]
                    28)
                  (fun i =>
                    Matrix.vecCons
                      (![0, 2147483612, 2147483409, 0, 0, 0, 0, 0, 0, 0, 0, 0, 0, 0, 0, 0, 0, 0, 0, 0, 0, 0, 0, 0, 0, 0,
                          0, 0, 0, 0, 0, 0, 0, 0, 0, 0, 0, 0, 0]
                        28)
                      (fun i =>
                        Matrix.vecCons
                          (![0, 536870913, 536870913, 1073741772, 1073741483, 536870913, 536870913, 0, 0, 0, 0, 0, 0, 0,
                              0, 0, 0, 0, 0, 0, 0, 0, 0, 0, 0, 0, 0, 0, 0, 0, 0, 0, 0, 0, 0, 0, 0, 0, 0]
                            28)
                          (fun i =>
                            Matrix.vecCons
                              (Matrix.vecCons 0
                                (Matrix.vecCons 0
                                  (Matrix.vecCons 0
                                    (Matrix.vecCons 2147483612
                                      (Matrix.vecCons 2147483409
                                        (Matrix.vecCons 0
                                          (Matrix.vecCons 0
                                            (Matrix.vecCons 0
                                              (Matrix.vecCons 0
                                                (Matrix.vecCons 0
                                                  (Matrix.vecCons 0
                                                    (Matrix.vecCons 0
                                                      (Matrix.vecCons 0
                                                        (Matrix.vecCons 0
                                                          (Matrix.vecCons 0
                                                            (Matrix.vecCons 0
                                                              (Matrix.vecCons 0
                                                                (Matrix.vecCons 0
                                                                  (Matrix.vecCons 0
                                                                    (Matrix.vecCons 0
                                                                      (Matrix.vecCons 0
                                                                        (Matrix.vecCons 0
                                                                          (Matrix.vecCons 0
                                                                            (Matrix.vecCons 0
                                                                              (Matrix.vecCons 0
                                                                                (Matrix.vecCons 0
                                                                                  (Matrix.vecCons 0
                                                                                    (Matrix.vecCons 0
                                                                                      (Matrix.vecCons 0
                                                                                        (Matrix.vecCons 0
                                                                                          (Matrix.vecCons 0
                                                                                            (Matrix.vecCons 0
                                                                                              (Matrix.vecCons 0
                                                                                                (Matrix.vecCons 0
                                                                                                  (Matrix.vecCons 0
                                                                                                    (Matrix.vecCons 0
                                                                                                      (Matrix.vecCons 0
                                                                                                        ⋯))))))))))))))))))))))))))))))))))))
                                28)
                              (fun i =>
                                Matrix.vecCons
                                  (Matrix.vecCons 0
                                    (Matrix.vecCons 0
                                      (Matrix.vecCons 0
                                        (Matrix.vecCons 1073741826
                                          (Matrix.vecCons 1073741826
                                            (Matrix.vecCons 1073741772
                                              (Matrix.vecCons 1073741483
                                                (Matrix.vecCons 0
                                                  (Matrix.vecCons 0
                                                    (Matrix.vecCons 0
                                                      (Matrix.vecCons 0
                                                        (Matrix.vecCons 0
                                                          (Matrix.vecCons 0
                                                            (Matrix.vecCons 0
                                                              (Matrix.vecCons 0
                                                                (Matrix.vecCons 0
                                                                  (Matrix.vecCons 0
                                                                    (Matrix.vecCons 0
                                                                      (Matrix.vecCons 0
                                                                        (Matrix.vecCons 0
                                                                          (Matrix.vecCons 0
                                                                            (Matrix.vecCons 0
                                                                              (Matrix.vecCons 0
                                                                                (Matrix.vecCons 0
                                                                                  (Matrix.vecCons 0
                                                                                    (Matrix.vecCons 0
                                                                                      (Matrix.vecCons 0
                                                                                        (Matrix.vecCons 0
                                                                                          (Matrix.vecCons 0
                                                                                            (Matrix.vecCons 0
                                                                                              (Matrix.vecCons 0
                                                                                                (Matrix.vecCons 0
                                                                                                  (Matrix.vecCons 0
                                                                                                    (Matrix.vecCons 0
                                                                                                      (Matrix.vecCons 0
                                                                                                        ⋯))))))))))))))))))))))))))))))))))
                                    28)
                                  (fun i =>
                                    Matrix.vecCons
                                      (Matrix.vecCons 0
                                        (Matrix.vecCons 0
                                          (Matrix.vecCons 0
                                            (Matrix.vecCons 0
                                              (Matrix.vecCons 0
                                                (Matrix.vecCons 2147483612
                                                  (Matrix.vecCons 2147483409
                                                    (Matrix.vecCons 0
                                                      (Matrix.vecCons 0
                                                        (Matrix.vecCons 0
                                                          (Matrix.vecCons 0
                                                            (Matrix.vecCons 0
                                                              (Matrix.vecCons 0
                                                                (Matrix.vecCons 0
                                                                  (Matrix.vecCons 0
                                                                    (Matrix.vecCons 0
                                                                      (Matrix.vecCons 0
                                                                        (Matrix.vecCons 0
                                                                          (Matrix.vecCons 0
                                                                            (Matrix.vecCons 0
                                                                              (Matrix.vecCons 0
                                                                                (Matrix.vecCons 0
                                                                                  (Matrix.vecCons 0
                                                                                    (Matrix.vecCons 0
                                                                                      (Matrix.vecCons 0
                                                                                        (Matrix.vecCons 0
                                                                                          (Matrix.vecCons 0
                                                                                            (Matrix.vecCons 0
                                                                                              (Matrix.vecCons 0
                                                                                                (Matrix.vecCons 0
                                                                                                  (Matrix.vecCons 0
                                                                                                    (Matrix.vecCons 0
                                                                                                      (Matrix.vecCons 0
                                                                                                        ⋯))))))))))))))))))))))))))))))))
                                        28)
                                      (fun i =>
                                        Matrix.vecCons
                                          (Matrix.vecCons 0
                                            (Matrix.vecCons 0
                                              (Matrix.vecCons 0
                                                (Matrix.vecCons 0
                                                  (Matrix.vecCons 0
                                                    (Matrix.vecCons 0
                                                      (Matrix.vecCons 0
                                                        (Matrix.vecCons 2147483409
                                                          (Matrix.vecCons 0
                                                            (Matrix.vecCons 0
                                                              (Matrix.vecCons 0
                                                                (Matrix.vecCons 0
                                                                  (Matrix.vecCons 0
                                                                    (Matrix.vecCons 0
                                                                      (Matrix.vecCons 0
                                                                        (Matrix.vecCons 0
                                                                          (Matrix.vecCons 0
                                                                            (Matrix.vecCons 0
                                                                              (Matrix.vecCons 0
                                                                                (Matrix.vecCons 0
                                                                                  (Matrix.vecCons 0
                                                                                    (Matrix.vecCons 0
                                                                                      (Matrix.vecCons 0
                                                                                        (Matrix.vecCons 0
                                                                                          (Matrix.vecCons 0
                                                                                            (Matrix.vecCons 0
                                                                                              (Matrix.vecCons 0
                                                                                                (Matrix.vecCons 0
                                                                                                  (Matrix.vecCons 0
                                                                                                    (Matrix.vecCons 0
                                                                                                      (Matrix.vecCons 0
                                                                                                        ⋯))))))))))))))))))))))))))))))
                                            28)
                                          (fun i =>
                                            Matrix.vecCons
                                              (Matrix.vecCons 0
                                                (Matrix.vecCons 0
                                                  (Matrix.vecCons 0
                                                    (Matrix.vecCons 0
                                                      (Matrix.vecCons 0
                                                        (Matrix.vecCons 0
                                                          (Matrix.vecCons 0
                                                            (Matrix.vecCons 1073741826
                                                              (Matrix.vecCons 1073741772
                                                                (Matrix.vecCons 1073741483
                                                                  (Matrix.vecCons 0
                                                                    (Matrix.vecCons 0
                                                                      (Matrix.vecCons 0
                                                                        (Matrix.vecCons 0
                                                                          (Matrix.vecCons 0
                                                                            (Matrix.vecCons 0
                                                                              (Matrix.vecCons 0
                                                                                (Matrix.vecCons 0
                                                                                  (Matrix.vecCons 0
                                                                                    (Matrix.vecCons 0
                                                                                      (Matrix.vecCons 0
                                                                                        (Matrix.vecCons 0
                                                                                          (Matrix.vecCons 0
                                                                                            (Matrix.vecCons 0
                                                                                              (Matrix.vecCons 0
                                                                                                (Matrix.vecCons 0
                                                                                                  (Matrix.vecCons 0
                                                                                                    (Matrix.vecCons 0
                                                                                                      (Matrix.vecCons 0
                                                                                                        ⋯))))))))))))))))))))))))))))
                                                28)
                                              (fun i =>
                                                Matrix.vecCons
                                                  (Matrix.vecCons 0
                                                    (Matrix.vecCons 0
                                                      (Matrix.vecCons 0
                                                        (Matrix.vecCons 0
                                                          (Matrix.vecCons 0
                                                            (Matrix.vecCons 0
                                                              (Matrix.vecCons 0
                                                                (Matrix.vecCons 0
                                                                  (Matrix.vecCons 2147483612
                                                                    (Matrix.vecCons 2147483409
                                                                      (Matrix.vecCons 0
                                                                        (Matrix.vecCons 0
                                                                          (Matrix.vecCons 0
                                                                            (Matrix.vecCons 0
                                                                              (Matrix.vecCons 0
                                                                                (Matrix.vecCons 0
                                                                                  (Matrix.vecCons 0
                                                                                    (Matrix.vecCons 0
                                                                                      (Matrix.vecCons 0
                                                                                        (Matrix.vecCons 0
                                                                                          (Matrix.vecCons 0
                                                                                            (Matrix.vecCons 0
                                                                                              (Matrix.vecCons 0
                                                                                                (Matrix.vecCons 0
                                                                                                  (Matrix.vecCons 0
                                                                                                    (Matrix.vecCons 0
                                                                                                      (Matrix.vecCons 0
                                                                                                        ⋯))))))))))))))))))))))))))
                                                    28)
                                                  (fun i =>
                                                    Matrix.vecCons
                                                      (Matrix.vecCons 0
                                                        (Matrix.vecCons 0
                                                          (Matrix.vecCons 0
                                                            (Matrix.vecCons 0
                                                              (Matrix.vecCons 0
                                                                (Matrix.vecCons 0
                                                                  (Matrix.vecCons 0
                                                                    (Matrix.vecCons 0
                                                                      (Matrix.vecCons 536870913
                                                                        (Matrix.vecCons 536870913
                                                                          (Matrix.vecCons 1073741772
                                                                            (Matrix.vecCons 1073741483
                                                                              (Matrix.vecCons 536870913
                                                                                (Matrix.vecCons 536870913
                                                                                  (Matrix.vecCons 0
                                                                                    (Matrix.vecCons 0
                                                                                      (Matrix.vecCons 0
                                                                                        (Matrix.vecCons 0
                                                                                          (Matrix.vecCons 0
                                                                                            (Matrix.vecCons 0
                                                                                              (Matrix.vecCons 0
                                                                                                (Matrix.vecCons 0
                                                                                                  (Matrix.vecCons 0
                                                                                                    (Matrix.vecCons 0
                                                                                                      (Matrix.vecCons 0
                                                                                                        ⋯))))))))))))))))))))))))
                                                        28)
                                                      (fun i =>
                                                        Matrix.vecCons
                                                          (Matrix.vecCons 0
                                                            (Matrix.vecCons 0
                                                              (Matrix.vecCons 0
                                                                (Matrix.vecCons 0
                                                                  (Matrix.vecCons 0
                                                                    (Matrix.vecCons 0
                                                                      (Matrix.vecCons 0
                                                                        (Matrix.vecCons 0
                                                                          (Matrix.vecCons 0
                                                                            (Matrix.vecCons 0
                                                                              (Matrix.vecCons 2147483612
                                                                                (Matrix.vecCons 2147483409
                                                                                  (Matrix.vecCons 0
                                                                                    (Matrix.vecCons 0
                                                                                      (Matrix.vecCons 0
                                                                                        (Matrix.vecCons 0
                                                                                          (Matrix.vecCons 0
                                                                                            (Matrix.vecCons 0
                                                                                              (Matrix.vecCons 0
                                                                                                (Matrix.vecCons 0
                                                                                                  (Matrix.vecCons 0
                                                                                                    (Matrix.vecCons 0
                                                                                                      (Matrix.vecCons 0
                                                                                                        ⋯))))))))))))))))))))))
                                                            28)
                                                          (fun i =>
                                                            Matrix.vecCons
                                                              (Matrix.vecCons 0
                                                                (Matrix.vecCons 0
                                                                  (Matrix.vecCons 0
                                                                    (Matrix.vecCons 0
                                                                      (Matrix.vecCons 0
                                                                        (Matrix.vecCons 0
                                                                          (Matrix.vecCons 0
                                                                            (Matrix.vecCons 0
                                                                              (Matrix.vecCons 0
                                                                                (Matrix.vecCons 0
                                                                                  (Matrix.vecCons 1073741826
                                                                                    (Matrix.vecCons 1073741826
                                                                                      (Matrix.vecCons 1073741772
                                                                                        (Matrix.vecCons 1073741483
                                                                                          (Matrix.vecCons 0
                                                                                            (Matrix.vecCons 0
                                                                                              (Matrix.vecCons 0
                                                                                                (Matrix.vecCons 0
                                                                                                  (Matrix.vecCons 0
                                                                                                    (Matrix.vecCons 0
                                                                                                      (Matrix.vecCons 0
                                                                                                        ⋯))))))))))))))))))))
                                                                28)
                                                              (fun i =>
                                                                Matrix.vecCons
                                                                  (Matrix.vecCons 0
                                                                    (Matrix.vecCons 0
                                                                      (Matrix.vecCons 0
                                                                        (Matrix.vecCons 0
                                                                          (Matrix.vecCons 0
                                                                            (Matrix.vecCons 0
                                                                              (Matrix.vecCons 0
                                                                                (Matrix.vecCons 0
                                                                                  (Matrix.vecCons 0
                                                                                    (Matrix.vecCons 0
                                                                                      (Matrix.vecCons 0
                                                                                        (Matrix.vecCons 0
                                                                                          (Matrix.vecCons 2147483612
                                                                                            (Matrix.vecCons 2147483409
                                                                                              (Matrix.vecCons 0
                                                                                                (Matrix.vecCons 0
                                                                                                  (Matrix.vecCons 0
                                                                                                    (Matrix.vecCons 0
                                                                                                      (Matrix.vecCons 0
                                                                                                        ⋯))))))))))))))))))
                                                                    28)
                                                                  (fun i =>
                                                                    Matrix.vecCons
                                                                      (Matrix.vecCons 0
                                                                        (Matrix.vecCons 0
                                                                          (Matrix.vecCons 0
                                                                            (Matrix.vecCons 0
                                                                              (Matrix.vecCons 0
                                                                                (Matrix.vecCons 0
                                                                                  (Matrix.vecCons 0
                                                                                    (Matrix.vecCons 0
                                                                                      (Matrix.vecCons 0
                                                                                        (Matrix.vecCons 0
                                                                                          (Matrix.vecCons 0
                                                                                            (Matrix.vecCons 0
                                                                                              (Matrix.vecCons 1342177280
                                                                                                (Matrix.vecCons
                                                                                                  1342177280
                                                                                                  (Matrix.vecCons
                                                                                                    1073741772
                                                                                                    (Matrix.vecCons
                                                                                                      1073741483
                                                                                                      (Matrix.vecCons
                                                                                                        536870913
                                                                                                        ⋯))))))))))))))))
                                                                        28)
                                                                      (fun i =>
                                                                        Matrix.vecCons
                                                                          (Matrix.vecCons 0
                                                                            (Matrix.vecCons 0
                                                                              (Matrix.vecCons 0
                                                                                (Matrix.vecCons 0
                                                                                  (Matrix.vecCons 0
                                                                                    (Matrix.vecCons 0
                                                                                      (Matrix.vecCons 0
                                                                                        (Matrix.vecCons 0
                                                                                          (Matrix.vecCons 0
                                                                                            (Matrix.vecCons 0
                                                                                              (Matrix.vecCons 0
                                                                                                (Matrix.vecCons 0
                                                                                                  (Matrix.vecCons 0
                                                                                                    (Matrix.vecCons 0
                                                                                                      (Matrix.vecCons
                                                                                                        2147483612
                                                                                                        ⋯))))))))))))))
                                                                            28)
                                                                          (fun i =>
                                                                            Matrix.vecCons
                                                                              (Matrix.vecCons 0
                                                                                (Matrix.vecCons 0
                                                                                  (Matrix.vecCons 0
                                                                                    (Matrix.vecCons 0
                                                                                      (Matrix.vecCons 0
                                                                                        (Matrix.vecCons 0
                                                                                          (Matrix.vecCons 0
                                                                                            (Matrix.vecCons 0
                                                                                              (Matrix.vecCons 0
                                                                                                (Matrix.vecCons 0
                                                                                                  (Matrix.vecCons 0
                                                                                                    (Matrix.vecCons 0
                                                                                                      (Matrix.vecCons 0
                                                                                                        ⋯))))))))))))
                                                                                28)
                                                                              (fun i =>
                                                                                Matrix.vecCons
                                                                                  (Matrix.vecCons 0
                                                                                    (Matrix.vecCons 0
                                                                                      (Matrix.vecCons 0
                                                                                        (Matrix.vecCons 0
                                                                                          (Matrix.vecCons 0
                                                                                            (Matrix.vecCons 0
                                                                                              (Matrix.vecCons 0
                                                                                                (Matrix.vecCons 0
                                                                                                  (Matrix.vecCons 0
                                                                                                    (Matrix.vecCons 0
                                                                                                      (Matrix.vecCons 0
                                                                                                        ⋯))))))))))
                                                                                    28)
                                                                                  (fun i =>
                                                                                    Matrix.vecCons
                                                                                      (Matrix.vecCons 0
                                                                                        (Matrix.vecCons 0
                                                                                          (Matrix.vecCons 0
                                                                                            (Matrix.vecCons 0
                                                                                              (Matrix.vecCons 0
                                                                                                (Matrix.vecCons 0
                                                                                                  (Matrix.vecCons 0
                                                                                                    (Matrix.vecCons 0
                                                                                                      (Matrix.vecCons 0
                                                                                                        ⋯))))))))
                                                                                        28)
                                                                                      (fun i =>
                                                                                        Matrix.vecCons
                                                                                          (Matrix.vecCons 0
                                                                                            (Matrix.vecCons 0
                                                                                              (Matrix.vecCons 0
                                                                                                (Matrix.vecCons 0
                                                                                                  (Matrix.vecCons 0
                                                                                                    (Matrix.vecCons 0
                                                                                                      (Matrix.vecCons 0
                                                                                                        ⋯))))))
                                                                                            28)
                                                                                          (fun i =>
                                                                                            Matrix.vecCons
                                                                                              (Matrix.vecCons 0
                                                                                                (Matrix.vecCons 0
                                                                                                  (Matrix.vecCons 0
                                                                                                    (Matrix.vecCons 0
                                                                                                      (Matrix.vecCons 0
                                                                                                        ⋯))))
                                                                                                28)
                                                                                              (fun i =>
                                                                                                Matrix.vecCons
                                                                                                  (Matrix.vecCons 0
                                                                                                    (Matrix.vecCons 0
                                                                                                      (Matrix.vecCons 0
                                                                                                        ⋯))
                                                                                                    28)
                                                                                                  (fun i =>
                                                                                                    Matrix.vecCons
                                                                                                      (Matrix.vecCons 0
                                                                                                        ⋯ 28)
                                                                                                      (fun i => ⋯) i)
                                                                                                  i)
                                                                                              i)
                                                                                          i)
                                                                                      i)
                                                                                  i)
                                                                              i)
                                                                          i)
                                                                      i)
                                                                  i)
                                                              i)
                                                          i)
                                                      i)
                                                  i)
                                              i)
                                          i)
                                      i)
                                  i)
                              i)
                          i)
                      i)
                  i)
              2 +
          (Matrix.vecCons
                (![1717986918, 1489486194, 1247021539, 1874347948, 2107894365, 490793984, 0, 0, 0, 0, 0, 0, 0, 0, 0, 0,
                    0, 0, 0, 0, 0, 0, 0, 0, 0, 0, 0, 0, 0, 0, 0, 0, 0, 0, 0, 0, 1411443648, 1677002431]
                  2)
                (fun i =>
                  Matrix.vecCons
                    (![0, 655881705, 325825106, 1048900029, 351257849, 1192239505, 0, 0, 0, 0, 0, 0, 0, 0, 0, 0, 0, 0,
                        0, 0, 0, 0, 0, 0, 0, 0, 0, 0, 0, 0, 0, 0, 0, 0, 0, 0, 149068425, 2097794172]
                      2)
                    (fun i =>
                      Matrix.vecCons
                        (![0, 1491601942, 962665083, 1930072359, 895763690, 1024735052, 0, 0, 0, 0, 0, 0, 0, 0, 0, 0, 0,
                            0, 0, 0, 0, 0, 0, 0, 0, 0, 0, 0, 0, 0, 0, 0, 0, 0, 0, 0, 167562024, 2091629639]
                          2)
                        (fun i =>
                          Matrix.vecCons
                            (![0, 0, 0, 655881705, 162912553, 769220667, 0, 0, 0, 0, 0, 0, 0, 0, 0, 0, 0, 0, 0, 0, 0, 0,
                                0, 0, 0, 0, 0, 0, 0, 0, 0, 0, 0, 0, 0, 0, 662316722, 1210883524]
                              2)
                            (fun i =>
                              Matrix.vecCons
                                (Matrix.vecCons 0
                                  (Matrix.vecCons 0
                                    (Matrix.vecCons 0
                                      (Matrix.vecCons 1491601942
                                        (Matrix.vecCons 1555074365
                                          (Matrix.vecCons 1718556542
                                            (Matrix.vecCons 0
                                              (Matrix.vecCons 0
                                                (Matrix.vecCons 0
                                                  (Matrix.vecCons 0
                                                    (Matrix.vecCons 0
                                                      (Matrix.vecCons 0
                                                        (Matrix.vecCons 0
                                                          (Matrix.vecCons 0
                                                            (Matrix.vecCons 0
                                                              (Matrix.vecCons 0
                                                                (Matrix.vecCons 0
                                                                  (Matrix.vecCons 0
                                                                    (Matrix.vecCons 0
                                                                      (Matrix.vecCons 0
                                                                        (Matrix.vecCons 0
                                                                          (Matrix.vecCons 0
                                                                            (Matrix.vecCons 0
                                                                              (Matrix.vecCons 0
                                                                                (Matrix.vecCons 0
                                                                                  (Matrix.vecCons 0
                                                                                    (Matrix.vecCons 0
                                                                                      (Matrix.vecCons 0
                                                                                        (Matrix.vecCons 0
                                                                                          (Matrix.vecCons 0
                                                                                            (Matrix.vecCons 0
                                                                                              (Matrix.vecCons 0
                                                                                                (Matrix.vecCons 0
                                                                                                  (Matrix.vecCons 0
                                                                                                    (Matrix.vecCons 0
                                                                                                      (Matrix.vecCons 0
                                                                                                        ⋯)))))))))))))))))))))))))))))))))))
                                  2)
                                (fun i =>
                                  Matrix.vecCons
                                    (Matrix.vecCons 0
                                      (Matrix.vecCons 0
                                        (Matrix.vecCons 0
                                          (Matrix.vecCons 0
                                            (Matrix.vecCons 0
                                              (Matrix.vecCons 877872436
                                                (Matrix.vecCons 0
                                                  (Matrix.vecCons 0
                                                    (Matrix.vecCons 0
                                                      (Matrix.vecCons 0
                                                        (Matrix.vecCons 0
                                                          (Matrix.vecCons 0
                                                            (Matrix.vecCons 0
                                                              (Matrix.vecCons 0
                                                                (Matrix.vecCons 0
                                                                  (Matrix.vecCons 0
                                                                    (Matrix.vecCons 0
                                                                      (Matrix.vecCons 0
                                                                        (Matrix.vecCons 0
                                                                          (Matrix.vecCons 0
                                                                            (Matrix.vecCons 0
                                                                              (Matrix.vecCons 0
                                                                                (Matrix.vecCons 0
                                                                                  (Matrix.vecCons 0
                                                                                    (Matrix.vecCons 0
                                                                                      (Matrix.vecCons 0
                                                                                        (Matrix.vecCons 0
                                                                                          (Matrix.vecCons 0
                                                                                            (Matrix.vecCons 0
                                                                                              (Matrix.vecCons 0
                                                                                                (Matrix.vecCons 0
                                                                                                  (Matrix.vecCons 0
                                                                                                    (Matrix.vecCons 0
                                                                                                      (Matrix.vecCons 0
                                                                                                        ⋯)))))))))))))))))))))))))))))))))
                                      2)
                                    (fun i =>
                                      Matrix.vecCons
                                        (Matrix.vecCons 0
                                          (Matrix.vecCons 0
                                            (Matrix.vecCons 0
                                              (Matrix.vecCons 0
                                                (Matrix.vecCons 0
                                                  (Matrix.vecCons 1522117530
                                                    (Matrix.vecCons 0
                                                      (Matrix.vecCons 0
                                                        (Matrix.vecCons 0
                                                          (Matrix.vecCons 0
                                                            (Matrix.vecCons 0
                                                              (Matrix.vecCons 0
                                                                (Matrix.vecCons 0
                                                                  (Matrix.vecCons 0
                                                                    (Matrix.vecCons 0
                                                                      (Matrix.vecCons 0
                                                                        (Matrix.vecCons 0
                                                                          (Matrix.vecCons 0
                                                                            (Matrix.vecCons 0
                                                                              (Matrix.vecCons 0
                                                                                (Matrix.vecCons 0
                                                                                  (Matrix.vecCons 0
                                                                                    (Matrix.vecCons 0
                                                                                      (Matrix.vecCons 0
                                                                                        (Matrix.vecCons 0
                                                                                          (Matrix.vecCons 0
                                                                                            (Matrix.vecCons 0
                                                                                              (Matrix.vecCons 0
                                                                                                (Matrix.vecCons 0
                                                                                                  (Matrix.vecCons 0
                                                                                                    (Matrix.vecCons 0
                                                                                                      (Matrix.vecCons 0
                                                                                                        ⋯)))))))))))))))))))))))))))))))
                                          2)
                                        (fun i =>
                                          Matrix.vecCons
                                            (Matrix.vecCons 0
                                              (Matrix.vecCons 0
                                                (Matrix.vecCons 0
                                                  (Matrix.vecCons 0
                                                    (Matrix.vecCons 0
                                                      (Matrix.vecCons 0
                                                        (Matrix.vecCons 0
                                                          (Matrix.vecCons 1717986918
                                                            (Matrix.vecCons 1489486194
                                                              (Matrix.vecCons 1247021539
                                                                (Matrix.vecCons 1874347948
                                                                  (Matrix.vecCons 2107894365
                                                                    (Matrix.vecCons 172727205
                                                                      (Matrix.vecCons 480549730
                                                                        (Matrix.vecCons 45800491
                                                                          (Matrix.vecCons 1950596724
                                                                            (Matrix.vecCons 904442640
                                                                              (Matrix.vecCons 1270220704
                                                                                (Matrix.vecCons 868076745
                                                                                  (Matrix.vecCons 1382902204
                                                                                    (Matrix.vecCons 358559928
                                                                                      (Matrix.vecCons 1816002133
                                                                                        (Matrix.vecCons 573803312
                                                                                          (Matrix.vecCons 55883206
                                                                                            (Matrix.vecCons 570939991
                                                                                              (Matrix.vecCons 1420145877
                                                                                                (Matrix.vecCons
                                                                                                  2035716556
                                                                                                  (Matrix.vecCons
                                                                                                    1925741071
                                                                                                    (Matrix.vecCons
                                                                                                      22264545
                                                                                                      (Matrix.vecCons
                                                                                                        961490296
                                                                                                        ⋯)))))))))))))))))))))))))))))
                                              2)
                                            (fun i =>
                                              Matrix.vecCons
                                                (Matrix.vecCons 0
                                                  (Matrix.vecCons 0
                                                    (Matrix.vecCons 0
                                                      (Matrix.vecCons 0
                                                        (Matrix.vecCons 0
                                                          (Matrix.vecCons 0
                                                            (Matrix.vecCons 0
                                                              (Matrix.vecCons 0
                                                                (Matrix.vecCons 655881705
                                                                  (Matrix.vecCons 325825106
                                                                    (Matrix.vecCons 1048900029
                                                                      (Matrix.vecCons 351257849
                                                                        (Matrix.vecCons 568385862
                                                                          (Matrix.vecCons 421559431
                                                                            (Matrix.vecCons 1674277382
                                                                              (Matrix.vecCons 341249651
                                                                                (Matrix.vecCons 1164464531
                                                                                  (Matrix.vecCons 2004769930
                                                                                    (Matrix.vecCons 1853456715
                                                                                      (Matrix.vecCons 674661511
                                                                                        (Matrix.vecCons 1536103271
                                                                                          (Matrix.vecCons 1345146597
                                                                                            (Matrix.vecCons 1979750964
                                                                                              (Matrix.vecCons 1935477193
                                                                                                (Matrix.vecCons
                                                                                                  535697339
                                                                                                  (Matrix.vecCons
                                                                                                    1182714061
                                                                                                    (Matrix.vecCons
                                                                                                      424011718
                                                                                                      (Matrix.vecCons
                                                                                                        585495284
                                                                                                        ⋯)))))))))))))))))))))))))))
                                                  2)
                                                (fun i =>
                                                  Matrix.vecCons
                                                    (Matrix.vecCons 0
                                                      (Matrix.vecCons 0
                                                        (Matrix.vecCons 0
                                                          (Matrix.vecCons 0
                                                            (Matrix.vecCons 0
                                                              (Matrix.vecCons 0
                                                                (Matrix.vecCons 0
                                                                  (Matrix.vecCons 0
                                                                    (Matrix.vecCons 1491601942
                                                                      (Matrix.vecCons 962665083
                                                                        (Matrix.vecCons 1930072359
                                                                          (Matrix.vecCons 895763690
                                                                            (Matrix.vecCons 1305962086
                                                                              (Matrix.vecCons 1138070357
                                                                                (Matrix.vecCons 1648621250
                                                                                  (Matrix.vecCons 139300079
                                                                                    (Matrix.vecCons 1028819607
                                                                                      (Matrix.vecCons 336793730
                                                                                        (Matrix.vecCons 927497227
                                                                                          (Matrix.vecCons 595559193
                                                                                            (Matrix.vecCons 1479457121
                                                                                              (Matrix.vecCons 749603580
                                                                                                (Matrix.vecCons
                                                                                                  1224730962
                                                                                                  (Matrix.vecCons
                                                                                                    915435392
                                                                                                    (Matrix.vecCons
                                                                                                      1247607938
                                                                                                      (Matrix.vecCons
                                                                                                        1405103555
                                                                                                        ⋯)))))))))))))))))))))))))
                                                      2)
                                                    (fun i =>
                                                      Matrix.vecCons
                                                        (Matrix.vecCons 0
                                                          (Matrix.vecCons 0
                                                            (Matrix.vecCons 0
                                                              (Matrix.vecCons 0
                                                                (Matrix.vecCons 0
                                                                  (Matrix.vecCons 0
                                                                    (Matrix.vecCons 0
                                                                      (Matrix.vecCons 0
                                                                        (Matrix.vecCons 0
                                                                          (Matrix.vecCons 0
                                                                            (Matrix.vecCons 655881705
                                                                              (Matrix.vecCons 162912553
                                                                                (Matrix.vecCons 1598191838
                                                                                  (Matrix.vecCons 702515698
                                                                                    (Matrix.vecCons 1136771724
                                                                                      (Matrix.vecCons 1610346645
                                                                                        (Matrix.vecCons 1886038720
                                                                                          (Matrix.vecCons 341249651
                                                                                            (Matrix.vecCons 1164464531
                                                                                              (Matrix.vecCons 139422857
                                                                                                (Matrix.vecCons
                                                                                                  690125225
                                                                                                  (Matrix.vecCons
                                                                                                    4794500
                                                                                                    (Matrix.vecCons
                                                                                                      1765635921
                                                                                                      (Matrix.vecCons
                                                                                                        1029996000
                                                                                                        ⋯)))))))))))))))))))))))
                                                          2)
                                                        (fun i =>
                                                          Matrix.vecCons
                                                            (Matrix.vecCons 0
                                                              (Matrix.vecCons 0
                                                                (Matrix.vecCons 0
                                                                  (Matrix.vecCons 0
                                                                    (Matrix.vecCons 0
                                                                      (Matrix.vecCons 0
                                                                        (Matrix.vecCons 0
                                                                          (Matrix.vecCons 0
                                                                            (Matrix.vecCons 0
                                                                              (Matrix.vecCons 0
                                                                                (Matrix.vecCons 1491601942
                                                                                  (Matrix.vecCons 1555074365
                                                                                    (Matrix.vecCons 2038778003
                                                                                      (Matrix.vecCons 1791527380
                                                                                        (Matrix.vecCons 464440525
                                                                                          (Matrix.vecCons 457958438
                                                                                            (Matrix.vecCons 606899337
                                                                                              (Matrix.vecCons 139300079
                                                                                                (Matrix.vecCons
                                                                                                  1028819607
                                                                                                  (Matrix.vecCons
                                                                                                    1811173867
                                                                                                    (Matrix.vecCons
                                                                                                      214317415
                                                                                                      (Matrix.vecCons
                                                                                                        2020456006
                                                                                                        ⋯)))))))))))))))))))))
                                                              2)
                                                            (fun i =>
                                                              Matrix.vecCons
                                                                (Matrix.vecCons 0
                                                                  (Matrix.vecCons 0
                                                                    (Matrix.vecCons 0
                                                                      (Matrix.vecCons 0
                                                                        (Matrix.vecCons 0
                                                                          (Matrix.vecCons 0
                                                                            (Matrix.vecCons 0
                                                                              (Matrix.vecCons 0
                                                                                (Matrix.vecCons 0
                                                                                  (Matrix.vecCons 0
                                                                                    (Matrix.vecCons 0
                                                                                      (Matrix.vecCons 0
                                                                                        (Matrix.vecCons 655881705
                                                                                          (Matrix.vecCons 651650212
                                                                                            (Matrix.vecCons 2097800058
                                                                                              (Matrix.vecCons 702515698
                                                                                                (Matrix.vecCons
                                                                                                  1136771724
                                                                                                  (Matrix.vecCons
                                                                                                    421559431
                                                                                                    (Matrix.vecCons
                                                                                                      1674277382
                                                                                                      (Matrix.vecCons
                                                                                                        341249651
                                                                                                        ⋯)))))))))))))))))))
                                                                  2)
                                                                (fun i =>
                                                                  Matrix.vecCons
                                                                    (Matrix.vecCons 0
                                                                      (Matrix.vecCons 0
                                                                        (Matrix.vecCons 0
                                                                          (Matrix.vecCons 0
                                                                            (Matrix.vecCons 0
                                                                              (Matrix.vecCons 0
                                                                                (Matrix.vecCons 0
                                                                                  (Matrix.vecCons 0
                                                                                    (Matrix.vecCons 0
                                                                                      (Matrix.vecCons 0
                                                                                        (Matrix.vecCons 0
                                                                                          (Matrix.vecCons 0
                                                                                            (Matrix.vecCons 1491601942
                                                                                              (Matrix.vecCons 1925330166
                                                                                                (Matrix.vecCons
                                                                                                  1712661071
                                                                                                  (Matrix.vecCons
                                                                                                    1791527380
                                                                                                    (Matrix.vecCons
                                                                                                      464440525
                                                                                                      (Matrix.vecCons
                                                                                                        1138070357
                                                                                                        ⋯)))))))))))))))))
                                                                      2)
                                                                    (fun i =>
                                                                      Matrix.vecCons
                                                                        (Matrix.vecCons 0
                                                                          (Matrix.vecCons 0
                                                                            (Matrix.vecCons 0
                                                                              (Matrix.vecCons 0
                                                                                (Matrix.vecCons 0
                                                                                  (Matrix.vecCons 0
                                                                                    (Matrix.vecCons 0
                                                                                      (Matrix.vecCons 0
                                                                                        (Matrix.vecCons 0
                                                                                          (Matrix.vecCons 0
                                                                                            (Matrix.vecCons 0
                                                                                              (Matrix.vecCons 0
                                                                                                (Matrix.vecCons 0
                                                                                                  (Matrix.vecCons 0
                                                                                                    (Matrix.vecCons
                                                                                                      655881705
                                                                                                      (Matrix.vecCons
                                                                                                        162912553
                                                                                                        ⋯)))))))))))))))
                                                                          2)
                                                                        (fun i =>
                                                                          Matrix.vecCons
                                                                            (Matrix.vecCons 0
                                                                              (Matrix.vecCons 0
                                                                                (Matrix.vecCons 0
                                                                                  (Matrix.vecCons 0
                                                                                    (Matrix.vecCons 0
                                                                                      (Matrix.vecCons 0
                                                                                        (Matrix.vecCons 0
                                                                                          (Matrix.vecCons 0
                                                                                            (Matrix.vecCons 0
                                                                                              (Matrix.vecCons 0
                                                                                                (Matrix.vecCons 0
                                                                                                  (Matrix.vecCons 0
                                                                                                    (Matrix.vecCons 0
                                                                                                      (Matrix.vecCons 0
                                                                                                        ⋯)))))))))))))
                                                                              2)
                                                                            (fun i =>
                                                                              Matrix.vecCons
                                                                                (Matrix.vecCons 0
                                                                                  (Matrix.vecCons 0
                                                                                    (Matrix.vecCons 0
                                                                                      (Matrix.vecCons 0
                                                                                        (Matrix.vecCons 0
                                                                                          (Matrix.vecCons 0
                                                                                            (Matrix.vecCons 0
                                                                                              (Matrix.vecCons 0
                                                                                                (Matrix.vecCons 0
                                                                                                  (Matrix.vecCons 0
                                                                                                    (Matrix.vecCons 0
                                                                                                      (Matrix.vecCons 0
                                                                                                        ⋯)))))))))))
                                                                                  2)
                                                                                (fun i =>
                                                                                  Matrix.vecCons
                                                                                    (Matrix.vecCons 0
                                                                                      (Matrix.vecCons 0
                                                                                        (Matrix.vecCons 0
                                                                                          (Matrix.vecCons 0
                                                                                            (Matrix.vecCons 0
                                                                                              (Matrix.vecCons 0
                                                                                                (Matrix.vecCons 0
                                                                                                  (Matrix.vecCons 0
                                                                                                    (Matrix.vecCons 0
                                                                                                      (Matrix.vecCons 0
                                                                                                        ⋯)))))))))
                                                                                      2)
                                                                                    (fun i =>
                                                                                      Matrix.vecCons
                                                                                        (Matrix.vecCons 0
                                                                                          (Matrix.vecCons 0
                                                                                            (Matrix.vecCons 0
                                                                                              (Matrix.vecCons 0
                                                                                                (Matrix.vecCons 0
                                                                                                  (Matrix.vecCons 0
                                                                                                    (Matrix.vecCons 0
                                                                                                      (Matrix.vecCons 0
                                                                                                        ⋯)))))))
                                                                                          2)
                                                                                        (fun i =>
                                                                                          Matrix.vecCons
                                                                                            (Matrix.vecCons 0
                                                                                              (Matrix.vecCons 0
                                                                                                (Matrix.vecCons 0
                                                                                                  (Matrix.vecCons 0
                                                                                                    (Matrix.vecCons 0
                                                                                                      (Matrix.vecCons 0
                                                                                                        ⋯)))))
                                                                                              2)
                                                                                            (fun i =>
                                                                                              Matrix.vecCons
                                                                                                (Matrix.vecCons 0
                                                                                                  (Matrix.vecCons 0
                                                                                                    (Matrix.vecCons 0
                                                                                                      (Matrix.vecCons 0
                                                                                                        ⋯)))
                                                                                                  2)
                                                                                                (fun i =>
                                                                                                  Matrix.vecCons
                                                                                                    (Matrix.vecCons 0
                                                                                                      (Matrix.vecCons 0
                                                                                                        ⋯)
                                                                                                      2)
                                                                                                    (fun i =>
                                                                                                      Matrix.vecCons ⋯ ⋯
                                                                                                        i)
                                                                                                    i)
                                                                                                i)
                                                                                            i)
                                                                                        i)
                                                                                    i)
                                                                                i)
                                                                            i)
                                                                        i)
                                                                    i)
                                                                i)
                                                            i)
                                                        i)
                                                    i)
                                                i)
                                            i)
                                        i)
                                    i)
                                i)
                            i)
                        i)
                    i)
                28 *
              Matrix.vecCons
                (![1073741826, 1073741772, 1073741483, 0, 0, 0, 0, 0, 0, 0, 0, 0, 0, 0, 0, 0, 0, 0, 0, 0, 0, 0, 0, 0, 0,
                    0, 0, 0, 0, 0, 0, 0, 0, 0, 0, 0, 0, 0, 0]
                  28)
                (fun i =>
                  Matrix.vecCons
                    (![0, 2147483612, 2147483409, 0, 0, 0, 0, 0, 0, 0, 0, 0, 0, 0, 0, 0, 0, 0, 0, 0, 0, 0, 0, 0, 0, 0,
                        0, 0, 0, 0, 0, 0, 0, 0, 0, 0, 0, 0, 0]
                      28)
                    (fun i =>
                      Matrix.vecCons
                        (![0, 536870913, 536870913, 1073741772, 1073741483, 536870913, 536870913, 0, 0, 0, 0, 0, 0, 0,
                            0, 0, 0, 0, 0, 0, 0, 0, 0, 0, 0, 0, 0, 0, 0, 0, 0, 0, 0, 0, 0, 0, 0, 0, 0]
                          28)
                        (fun i =>
                          Matrix.vecCons
                            (Matrix.vecCons 0
                              (Matrix.vecCons 0
                                (Matrix.vecCons 0
                                  (Matrix.vecCons 2147483612
                                    (Matrix.vecCons 2147483409
                                      (Matrix.vecCons 0
                                        (Matrix.vecCons 0
                                          (Matrix.vecCons 0
                                            (Matrix.vecCons 0
                                              (Matrix.vecCons 0
                                                (Matrix.vecCons 0
                                                  (Matrix.vecCons 0
                                                    (Matrix.vecCons 0
                                                      (Matrix.vecCons 0
                                                        (Matrix.vecCons 0
                                                          (Matrix.vecCons 0
                                                            (Matrix.vecCons 0
                                                              (Matrix.vecCons 0
                                                                (Matrix.vecCons 0
                                                                  (Matrix.vecCons 0
                                                                    (Matrix.vecCons 0
                                                                      (Matrix.vecCons 0
                                                                        (Matrix.vecCons 0
                                                                          (Matrix.vecCons 0
                                                                            (Matrix.vecCons 0
                                                                              (Matrix.vecCons 0
                                                                                (Matrix.vecCons 0
                                                                                  (Matrix.vecCons 0
                                                                                    (Matrix.vecCons 0
                                                                                      (Matrix.vecCons 0
                                                                                        (Matrix.vecCons 0
                                                                                          (Matrix.vecCons 0
                                                                                            (Matrix.vecCons 0
                                                                                              (Matrix.vecCons 0
                                                                                                (Matrix.vecCons 0
                                                                                                  (Matrix.vecCons 0
                                                                                                    (Matrix.vecCons 0
                                                                                                      (Matrix.vecCons 0
                                                                                                        ⋯)))))))))))))))))))))))))))))))))))))
                              28)
                            (fun i =>
                              Matrix.vecCons
                                (Matrix.vecCons 0
                                  (Matrix.vecCons 0
                                    (Matrix.vecCons 0
                                      (Matrix.vecCons 1073741826
                                        (Matrix.vecCons 1073741826
                                          (Matrix.vecCons 1073741772
                                            (Matrix.vecCons 1073741483
                                              (Matrix.vecCons 0
                                                (Matrix.vecCons 0
                                                  (Matrix.vecCons 0
                                                    (Matrix.vecCons 0
                                                      (Matrix.vecCons 0
                                                        (Matrix.vecCons 0
                                                          (Matrix.vecCons 0
                                                            (Matrix.vecCons 0
                                                              (Matrix.vecCons 0
                                                                (Matrix.vecCons 0
                                                                  (Matrix.vecCons 0
                                                                    (Matrix.vecCons 0
                                                                      (Matrix.vecCons 0
                                                                        (Matrix.vecCons 0
                                                                          (Matrix.vecCons 0
                                                                            (Matrix.vecCons 0
                                                                              (Matrix.vecCons 0
                                                                                (Matrix.vecCons 0
                                                                                  (Matrix.vecCons 0
                                                                                    (Matrix.vecCons 0
                                                                                      (Matrix.vecCons 0
                                                                                        (Matrix.vecCons 0
                                                                                          (Matrix.vecCons 0
                                                                                            (Matrix.vecCons 0
                                                                                              (Matrix.vecCons 0
                                                                                                (Matrix.vecCons 0
                                                                                                  (Matrix.vecCons 0
                                                                                                    (Matrix.vecCons 0
                                                                                                      (Matrix.vecCons 0
                                                                                                        ⋯)))))))))))))))))))))))))))))))))))
                                  28)
                                (fun i =>
                                  Matrix.vecCons
                                    (Matrix.vecCons 0
                                      (Matrix.vecCons 0
                                        (Matrix.vecCons 0
                                          (Matrix.vecCons 0
                                            (Matrix.vecCons 0
                                              (Matrix.vecCons 2147483612
                                                (Matrix.vecCons 2147483409
                                                  (Matrix.vecCons 0
                                                    (Matrix.vecCons 0
                                                      (Matrix.vecCons 0
                                                        (Matrix.vecCons 0
                                                          (Matrix.vecCons 0
                                                            (Matrix.vecCons 0
                                                              (Matrix.vecCons 0
                                                                (Matrix.vecCons 0
                                                                  (Matrix.vecCons 0
                                                                    (Matrix.vecCons 0
                                                                      (Matrix.vecCons 0
                                                                        (Matrix.vecCons 0
                                                                          (Matrix.vecCons 0
                                                                            (Matrix.vecCons 0
                                                                              (Matrix.vecCons 0
                                                                                (Matrix.vecCons 0
                                                                                  (Matrix.vecCons 0
                                                                                    (Matrix.vecCons 0
                                                                                      (Matrix.vecCons 0
                                                                                        (Matrix.vecCons 0
                                                                                          (Matrix.vecCons 0
                                                                                            (Matrix.vecCons 0
                                                                                              (Matrix.vecCons 0
                                                                                                (Matrix.vecCons 0
                                                                                                  (Matrix.vecCons 0
                                                                                                    (Matrix.vecCons 0
                                                                                                      (Matrix.vecCons 0
                                                                                                        ⋯)))))))))))))))))))))))))))))))))
                                      28)
                                    (fun i =>
                                      Matrix.vecCons
                                        (Matrix.vecCons 0
                                          (Matrix.vecCons 0
                                            (Matrix.vecCons 0
                                              (Matrix.vecCons 0
                                                (Matrix.vecCons 0
                                                  (Matrix.vecCons 0
                                                    (Matrix.vecCons 0
                                                      (Matrix.vecCons 2147483409
                                                        (Matrix.vecCons 0
                                                          (Matrix.vecCons 0
                                                            (Matrix.vecCons 0
                                                              (Matrix.vecCons 0
                                                                (Matrix.vecCons 0
                                                                  (Matrix.vecCons 0
                                                                    (Matrix.vecCons 0
                                                                      (Matrix.vecCons 0
                                                                        (Matrix.vecCons 0
                                                                          (Matrix.vecCons 0
                                                                            (Matrix.vecCons 0
                                                                              (Matrix.vecCons 0
                                                                                (Matrix.vecCons 0
                                                                                  (Matrix.vecCons 0
                                                                                    (Matrix.vecCons 0
                                                                                      (Matrix.vecCons 0
                                                                                        (Matrix.vecCons 0
                                                                                          (Matrix.vecCons 0
                                                                                            (Matrix.vecCons 0
                                                                                              (Matrix.vecCons 0
                                                                                                (Matrix.vecCons 0
                                                                                                  (Matrix.vecCons 0
                                                                                                    (Matrix.vecCons 0
                                                                                                      (Matrix.vecCons 0
                                                                                                        ⋯)))))))))))))))))))))))))))))))
                                          28)
                                        (fun i =>
                                          Matrix.vecCons
                                            (Matrix.vecCons 0
                                              (Matrix.vecCons 0
                                                (Matrix.vecCons 0
                                                  (Matrix.vecCons 0
                                                    (Matrix.vecCons 0
                                                      (Matrix.vecCons 0
                                                        (Matrix.vecCons 0
                                                          (Matrix.vecCons 1073741826
                                                            (Matrix.vecCons 1073741772
                                                              (Matrix.vecCons 1073741483
                                                                (Matrix.vecCons 0
                                                                  (Matrix.vecCons 0
                                                                    (Matrix.vecCons 0
                                                                      (Matrix.vecCons 0
                                                                        (Matrix.vecCons 0
                                                                          (Matrix.vecCons 0
                                                                            (Matrix.vecCons 0
                                                                              (Matrix.vecCons 0
                                                                                (Matrix.vecCons 0
                                                                                  (Matrix.vecCons 0
                                                                                    (Matrix.vecCons 0
                                                                                      (Matrix.vecCons 0
                                                                                        (Matrix.vecCons 0
                                                                                          (Matrix.vecCons 0
                                                                                            (Matrix.vecCons 0
                                                                                              (Matrix.vecCons 0
                                                                                                (Matrix.vecCons 0
                                                                                                  (Matrix.vecCons 0
                                                                                                    (Matrix.vecCons 0
                                                                                                      (Matrix.vecCons 0
                                                                                                        ⋯)))))))))))))))))))))))))))))
                                              28)
                                            (fun i =>
                                              Matrix.vecCons
                                                (Matrix.vecCons 0
                                                  (Matrix.vecCons 0
                                                    (Matrix.vecCons 0
                                                      (Matrix.vecCons 0
                                                        (Matrix.vecCons 0
                                                          (Matrix.vecCons 0
                                                            (Matrix.vecCons 0
                                                              (Matrix.vecCons 0
                                                                (Matrix.vecCons 2147483612
                                                                  (Matrix.vecCons 2147483409
                                                                    (Matrix.vecCons 0
                                                                      (Matrix.vecCons 0
                                                                        (Matrix.vecCons 0
                                                                          (Matrix.vecCons 0
                                                                            (Matrix.vecCons 0
                                                                              (Matrix.vecCons 0
                                                                                (Matrix.vecCons 0
                                                                                  (Matrix.vecCons 0
                                                                                    (Matrix.vecCons 0
                                                                                      (Matrix.vecCons 0
                                                                                        (Matrix.vecCons 0
                                                                                          (Matrix.vecCons 0
                                                                                            (Matrix.vecCons 0
                                                                                              (Matrix.vecCons 0
                                                                                                (Matrix.vecCons 0
                                                                                                  (Matrix.vecCons 0
                                                                                                    (Matrix.vecCons 0
                                                                                                      (Matrix.vecCons 0
                                                                                                        ⋯)))))))))))))))))))))))))))
                                                  28)
                                                (fun i =>
                                                  Matrix.vecCons
                                                    (Matrix.vecCons 0
                                                      (Matrix.vecCons 0
                                                        (Matrix.vecCons 0
                                                          (Matrix.vecCons 0
                                                            (Matrix.vecCons 0
                                                              (Matrix.vecCons 0
                                                                (Matrix.vecCons 0
                                                                  (Matrix.vecCons 0
                                                                    (Matrix.vecCons 536870913
                                                                      (Matrix.vecCons 536870913
                                                                        (Matrix.vecCons 1073741772
                                                                          (Matrix.vecCons 1073741483
                                                                            (Matrix.vecCons 536870913
                                                                              (Matrix.vecCons 536870913
                                                                                (Matrix.vecCons 0
                                                                                  (Matrix.vecCons 0
                                                                                    (Matrix.vecCons 0
                                                                                      (Matrix.vecCons 0
                                                                                        (Matrix.vecCons 0
                                                                                          (Matrix.vecCons 0
                                                                                            (Matrix.vecCons 0
                                                                                              (Matrix.vecCons 0
                                                                                                (Matrix.vecCons 0
                                                                                                  (Matrix.vecCons 0
                                                                                                    (Matrix.vecCons 0
                                                                                                      (Matrix.vecCons 0
                                                                                                        ⋯)))))))))))))))))))))))))
                                                      28)
                                                    (fun i =>
                                                      Matrix.vecCons
                                                        (Matrix.vecCons 0
                                                          (Matrix.vecCons 0
                                                            (Matrix.vecCons 0
                                                              (Matrix.vecCons 0
                                                                (Matrix.vecCons 0
                                                                  (Matrix.vecCons 0
                                                                    (Matrix.vecCons 0
                                                                      (Matrix.vecCons 0
                                                                        (Matrix.vecCons 0
                                                                          (Matrix.vecCons 0
                                                                            (Matrix.vecCons 2147483612
                                                                              (Matrix.vecCons 2147483409
                                                                                (Matrix.vecCons 0
                                                                                  (Matrix.vecCons 0
                                                                                    (Matrix.vecCons 0
                                                                                      (Matrix.vecCons 0
                                                                                        (Matrix.vecCons 0
                                                                                          (Matrix.vecCons 0
                                                                                            (Matrix.vecCons 0
                                                                                              (Matrix.vecCons 0
                                                                                                (Matrix.vecCons 0
                                                                                                  (Matrix.vecCons 0
                                                                                                    (Matrix.vecCons 0
                                                                                                      (Matrix.vecCons 0
                                                                                                        ⋯)))))))))))))))))))))))
                                                          28)
                                                        (fun i =>
                                                          Matrix.vecCons
                                                            (Matrix.vecCons 0
                                                              (Matrix.vecCons 0
                                                                (Matrix.vecCons 0
                                                                  (Matrix.vecCons 0
                                                                    (Matrix.vecCons 0
                                                                      (Matrix.vecCons 0
                                                                        (Matrix.vecCons 0
                                                                          (Matrix.vecCons 0
                                                                            (Matrix.vecCons 0
                                                                              (Matrix.vecCons 0
                                                                                (Matrix.vecCons 1073741826
                                                                                  (Matrix.vecCons 1073741826
                                                                                    (Matrix.vecCons 1073741772
                                                                                      (Matrix.vecCons 1073741483
                                                                                        (Matrix.vecCons 0
                                                                                          (Matrix.vecCons 0
                                                                                            (Matrix.vecCons 0
                                                                                              (Matrix.vecCons 0
                                                                                                (Matrix.vecCons 0
                                                                                                  (Matrix.vecCons 0
                                                                                                    (Matrix.vecCons 0
                                                                                                      (Matrix.vecCons 0
                                                                                                        ⋯)))))))))))))))))))))
                                                              28)
                                                            (fun i =>
                                                              Matrix.vecCons
                                                                (Matrix.vecCons 0
                                                                  (Matrix.vecCons 0
                                                                    (Matrix.vecCons 0
                                                                      (Matrix.vecCons 0
                                                                        (Matrix.vecCons 0
                                                                          (Matrix.vecCons 0
                                                                            (Matrix.vecCons 0
                                                                              (Matrix.vecCons 0
                                                                                (Matrix.vecCons 0
                                                                                  (Matrix.vecCons 0
                                                                                    (Matrix.vecCons 0
                                                                                      (Matrix.vecCons 0
                                                                                        (Matrix.vecCons 2147483612
                                                                                          (Matrix.vecCons 2147483409
                                                                                            (Matrix.vecCons 0
                                                                                              (Matrix.vecCons 0
                                                                                                (Matrix.vecCons 0
                                                                                                  (Matrix.vecCons 0
                                                                                                    (Matrix.vecCons 0
                                                                                                      (Matrix.vecCons 0
                                                                                                        ⋯)))))))))))))))))))
                                                                  28)
                                                                (fun i =>
                                                                  Matrix.vecCons
                                                                    (Matrix.vecCons 0
                                                                      (Matrix.vecCons 0
                                                                        (Matrix.vecCons 0
                                                                          (Matrix.vecCons 0
                                                                            (Matrix.vecCons 0
                                                                              (Matrix.vecCons 0
                                                                                (Matrix.vecCons 0
                                                                                  (Matrix.vecCons 0
                                                                                    (Matrix.vecCons 0
                                                                                      (Matrix.vecCons 0
                                                                                        (Matrix.vecCons 0
                                                                                          (Matrix.vecCons 0
                                                                                            (Matrix.vecCons 1342177280
                                                                                              (Matrix.vecCons 1342177280
                                                                                                (Matrix.vecCons
                                                                                                  1073741772
                                                                                                  (Matrix.vecCons
                                                                                                    1073741483
                                                                                                    (Matrix.vecCons
                                                                                                      536870913
                                                                                                      (Matrix.vecCons
                                                                                                        536870913
                                                                                                        ⋯)))))))))))))))))
                                                                      28)
                                                                    (fun i =>
                                                                      Matrix.vecCons
                                                                        (Matrix.vecCons 0
                                                                          (Matrix.vecCons 0
                                                                            (Matrix.vecCons 0
                                                                              (Matrix.vecCons 0
                                                                                (Matrix.vecCons 0
                                                                                  (Matrix.vecCons 0
                                                                                    (Matrix.vecCons 0
                                                                                      (Matrix.vecCons 0
                                                                                        (Matrix.vecCons 0
                                                                                          (Matrix.vecCons 0
                                                                                            (Matrix.vecCons 0
                                                                                              (Matrix.vecCons 0
                                                                                                (Matrix.vecCons 0
                                                                                                  (Matrix.vecCons 0
                                                                                                    (Matrix.vecCons
                                                                                                      2147483612
                                                                                                      (Matrix.vecCons
                                                                                                        2147483409
                                                                                                        ⋯)))))))))))))))
                                                                          28)
                                                                        (fun i =>
                                                                          Matrix.vecCons
                                                                            (Matrix.vecCons 0
                                                                              (Matrix.vecCons 0
                                                                                (Matrix.vecCons 0
                                                                                  (Matrix.vecCons 0
                                                                                    (Matrix.vecCons 0
                                                                                      (Matrix.vecCons 0
                                                                                        (Matrix.vecCons 0
                                                                                          (Matrix.vecCons 0
                                                                                            (Matrix.vecCons 0
                                                                                              (Matrix.vecCons 0
                                                                                                (Matrix.vecCons 0
                                                                                                  (Matrix.vecCons 0
                                                                                                    (Matrix.vecCons 0
                                                                                                      (Matrix.vecCons 0
                                                                                                        ⋯)))))))))))))
                                                                              28)
                                                                            (fun i =>
                                                                              Matrix.vecCons
                                                                                (Matrix.vecCons 0
                                                                                  (Matrix.vecCons 0
                                                                                    (Matrix.vecCons 0
                                                                                      (Matrix.vecCons 0
                                                                                        (Matrix.vecCons 0
                                                                                          (Matrix.vecCons 0
                                                                                            (Matrix.vecCons 0
                                                                                              (Matrix.vecCons 0
                                                                                                (Matrix.vecCons 0
                                                                                                  (Matrix.vecCons 0
                                                                                                    (Matrix.vecCons 0
                                                                                                      (Matrix.vecCons 0
                                                                                                        ⋯)))))))))))
                                                                                  28)
                                                                                (fun i =>
                                                                                  Matrix.vecCons
                                                                                    (Matrix.vecCons 0
                                                                                      (Matrix.vecCons 0
                                                                                        (Matrix.vecCons 0
                                                                                          (Matrix.vecCons 0
                                                                                            (Matrix.vecCons 0
                                                                                              (Matrix.vecCons 0
                                                                                                (Matrix.vecCons 0
                                                                                                  (Matrix.vecCons 0
                                                                                                    (Matrix.vecCons 0
                                                                                                      (Matrix.vecCons 0
                                                                                                        ⋯)))))))))
                                                                                      28)
                                                                                    (fun i =>
                                                                                      Matrix.vecCons
                                                                                        (Matrix.vecCons 0
                                                                                          (Matrix.vecCons 0
                                                                                            (Matrix.vecCons 0
                                                                                              (Matrix.vecCons 0
                                                                                                (Matrix.vecCons 0
                                                                                                  (Matrix.vecCons 0
                                                                                                    (Matrix.vecCons 0
                                                                                                      (Matrix.vecCons 0
                                                                                                        ⋯)))))))
                                                                                          28)
                                                                                        (fun i =>
                                                                                          Matrix.vecCons
                                                                                            (Matrix.vecCons 0
                                                                                              (Matrix.vecCons 0
                                                                                                (Matrix.vecCons 0
                                                                                                  (Matrix.vecCons 0
                                                                                                    (Matrix.vecCons 0
                                                                                                      (Matrix.vecCons 0
                                                                                                        ⋯)))))
                                                                                              28)
                                                                                            (fun i =>
                                                                                              Matrix.vecCons
                                                                                                (Matrix.vecCons 0
                                                                                                  (Matrix.vecCons 0
                                                                                                    (Matrix.vecCons 0
                                                                                                      (Matrix.vecCons 0
                                                                                                        ⋯)))
                                                                                                  28)
                                                                                                (fun i =>
                                                                                                  Matrix.vecCons
                                                                                                    (Matrix.vecCons 0
                                                                                                      (Matrix.vecCons 0
                                                                                                        ⋯)
                                                                                                      28)
                                                                                                    (fun i =>
                                                                                                      Matrix.vecCons ⋯ ⋯
                                                                                                        i)
                                                                                                    i)
                                                                                                i)
                                                                                            i)
                                                                                        i)
                                                                                    i)
                                                                                i)
                                                                            i)
                                                                        i)
                                                                    i)
                                                                i)
                                                            i)
                                                        i)
                                                    i)
                                                i)
                                            i)
                                        i)
                                    i)
                                i)
                            i)
                        i)
                    i)
                2 +
            (Matrix.vecCons
                  (![1489486194, 1247021539, 1874347948, 2107894365, 490793984, 0, 0, 0, 0, 0, 0, 0, 0, 0, 0, 0, 0, 0,
                      0, 0, 0, 0, 0, 0, 0, 0, 0, 0, 0, 0, 0, 0, 0, 0, 0, 1411443648, 1677002431]
                    2)
                  (fun i =>
                    Matrix.vecCons
                      (Matrix.vecCons 655881705
                        (Matrix.vecCons 325825106
                          (Matrix.vecCons 1048900029
                            (Matrix.vecCons 351257849
                              (Matrix.vecCons 1192239505
                                (Matrix.vecCons 0
                                  (Matrix.vecCons 0
                                    (Matrix.vecCons 0
                                      (Matrix.vecCons 0
                                        (Matrix.vecCons 0
                                          (Matrix.vecCons 0
                                            (Matrix.vecCons 0
                                              (Matrix.vecCons 0
                                                (Matrix.vecCons 0
                                                  (Matrix.vecCons 0
                                                    (Matrix.vecCons 0
                                                      (Matrix.vecCons 0
                                                        (Matrix.vecCons 0
                                                          (Matrix.vecCons 0
                                                            (Matrix.vecCons 0
                                                              (Matrix.vecCons 0
                                                                (Matrix.vecCons 0
                                                                  (Matrix.vecCons 0
                                                                    (Matrix.vecCons ⋯ ⋯)))))))))))))))))))))))
                        ⋯)
                      ⋯ ⋯)
                  ⋯ *
                ⋯ +
              ⋯)))) =
    ⋯
'R747JointBlock39Preflight.selected_cell' depends on axioms: [propext, sorryAx, Classical.choice, Quot.sound]
Command exited with non-zero status 1
	Command being timed: "/home/dombarker/.elan/bin/lake --dir /home/dombarker/project-offloads/aspis-r126-release-20260930-a/focus-workspace env lean -j1 -M4500 -R /home/dombarker/project-offloads/aspis-r57-lean-src-20260929-a -o /home/dombarker/project-offloads/aspis-r126-release-20260930-a/lib/AspisV8R19/R747JointBlock39Preflight.olean /home/dombarker/project-offloads/aspis-r57-lean-src-20260929-a/AspisV8R19/R747JointBlock39Preflight.lean"
	User time (seconds): 13.55
	System time (seconds): 0.42
	Percent of CPU this job got: 101%
	Elapsed (wall clock) time (h:mm:ss or m:ss): 0:13.72
	Average shared text size (kbytes): 0
	Average unshared data size (kbytes): 0
	Average stack size (kbytes): 0
	Average total size (kbytes): 0
	Maximum resident set size (kbytes): 3450588
	Average resident set size (kbytes): 0
	Major (requiring I/O) page faults: 0
	Minor (reclaiming a frame) page faults: 92310
	Voluntary context switches: 3766
	Involuntary context switches: 117
	Swaps: 0
	File system inputs: 0
	File system outputs: 0
	Socket messages sent: 0
	Socket messages received: 0
	Signals delivered: 0
	Page size (bytes): 4096
	Exit status: 1
Finished with result: exit-code
Main processes terminated with: code=exited/status=1
Service runtime: 13.751s
CPU time consumed: 14.011s
Memory peak: 512.0K
Memory swap peak: 0B
