Warning: Permanently added '100.108.41.90' (ED25519) to the list of known hosts.
Running as unit: aspis-focus-1791140251926963000.service; invocation ID: b323f5e7824042da94f07857dc1f8aa6
/home/dombarker/project-offloads/aspis-r57-lean-src-20260929-a/AspisV8R19/R747JointBlock39Preflight.lean:96:45: error: unsolved goals
⊢ Matrix.vecCons 0
          (fun i =>
            Matrix.vecCons 0
              (fun i =>
                Matrix.vecCons 0
                  (fun i =>
                    Matrix.vecCons 0
                      (fun i =>
                        Matrix.vecCons 0
                          (fun i =>
                            Matrix.vecCons 0
                              (fun i =>
                                Matrix.vecCons 0
                                  (fun i =>
                                    Matrix.vecCons 0
                                      (fun i =>
                                        Matrix.vecCons 0
                                          (fun i =>
                                            Matrix.vecCons 0
                                              (fun i =>
                                                Matrix.vecCons 0
                                                  (fun i =>
                                                    Matrix.vecCons 0
                                                      (fun i =>
                                                        Matrix.vecCons 0
                                                          (fun i =>
                                                            Matrix.vecCons 0
                                                              (fun i =>
                                                                Matrix.vecCons 0
                                                                  (fun i =>
                                                                    Matrix.vecCons 0
                                                                      (fun i =>
                                                                        Matrix.vecCons 0
                                                                          (fun i =>
                                                                            Matrix.vecCons 0
                                                                              (fun i =>
                                                                                Matrix.vecCons 0
                                                                                  (fun i =>
                                                                                    Matrix.vecCons 0
                                                                                      (fun i =>
                                                                                        Matrix.vecCons 0
                                                                                          (fun i =>
                                                                                            Matrix.vecCons 0
                                                                                              (fun i =>
                                                                                                Matrix.vecCons 0
                                                                                                  (fun i =>
                                                                                                    Matrix.vecCons 0
                                                                                                      (fun i => ⋯) i)
                                                                                                  i)
                                                                                              i)
                                                                                          i)
                                                                                      i)
                                                                                  i)
                                                                              i)
                                                                          i)
                                                                      i)
                                                                  i)
                                                              i)
                                                          i)
                                                      i)
                                                  i)
                                              i)
                                          i)
                                      i)
                                  i)
                              i)
                          i)
                      i)
                  i)
              i)
          28 *
        ![2147483409, 0, 0, 0, 0, 0, 0, 0, 0, 0, 0, 0, 0, 0, 0, 0, 0, 0, 0, 0, 0, 0, 0, 0, 0, 0, 0, 0, 0, 0, 0, 0, 0, 0,
            0, 0, 0, 1342177280, 0]
          28 +
      (Matrix.vecCons 1717986918
            (fun i =>
              Matrix.vecCons 0
                (fun i =>
                  Matrix.vecCons 0
                    (fun i =>
                      Matrix.vecCons 0
                        (fun i =>
                          Matrix.vecCons 0
                            (fun i =>
                              Matrix.vecCons 0
                                (fun i =>
                                  Matrix.vecCons 0
                                    (fun i =>
                                      Matrix.vecCons 0
                                        (fun i =>
                                          Matrix.vecCons 0
                                            (fun i =>
                                              Matrix.vecCons 0
                                                (fun i =>
                                                  Matrix.vecCons 0
                                                    (fun i =>
                                                      Matrix.vecCons 0
                                                        (fun i =>
                                                          Matrix.vecCons 0
                                                            (fun i =>
                                                              Matrix.vecCons 0
                                                                (fun i =>
                                                                  Matrix.vecCons 0
                                                                    (fun i =>
                                                                      Matrix.vecCons 0
                                                                        (fun i =>
                                                                          Matrix.vecCons 0
                                                                            (fun i =>
                                                                              Matrix.vecCons 0
                                                                                (fun i =>
                                                                                  Matrix.vecCons 0
                                                                                    (fun i =>
                                                                                      Matrix.vecCons 0
                                                                                        (fun i =>
                                                                                          Matrix.vecCons 0
                                                                                            (fun i =>
                                                                                              Matrix.vecCons 0
                                                                                                (fun i =>
                                                                                                  Matrix.vecCons 0
                                                                                                    (fun i =>
                                                                                                      Matrix.vecCons 0 ⋯
                                                                                                        i)
                                                                                                    i)
                                                                                                i)
                                                                                            i)
                                                                                        i)
                                                                                    i)
                                                                                i)
                                                                            i)
                                                                        i)
                                                                    i)
                                                                i)
                                                            i)
                                                        i)
                                                    i)
                                                i)
                                            i)
                                        i)
                                    i)
                                i)
                            i)
                        i)
                    i)
                i)
            28 *
          ![1073741826, 1073741772, 1073741483, 0, 0, 0, 0, 0, 0, 0, 0, 0, 0, 0, 0, 0, 0, 0, 0, 0, 0, 0, 0, 0, 0, 0, 0,
              0, 0, 0, 0, 0, 0, 0, 0, 0, 0, 0, 0]
            28 +
        (Matrix.vecCons 1489486194
              (fun i =>
                Matrix.vecCons 655881705
                  (fun i =>
                    Matrix.vecCons 1491601942
                      (fun i =>
                        Matrix.vecCons 0
                          (fun i =>
                            Matrix.vecCons 0
                              (fun i =>
                                Matrix.vecCons 0
                                  (fun i =>
                                    Matrix.vecCons 0
                                      (fun i =>
                                        Matrix.vecCons 0
                                          (fun i =>
                                            Matrix.vecCons 0
                                              (fun i =>
                                                Matrix.vecCons 0
                                                  (fun i =>
                                                    Matrix.vecCons 0
                                                      (fun i =>
                                                        Matrix.vecCons 0
                                                          (fun i =>
                                                            Matrix.vecCons 0
                                                              (fun i =>
                                                                Matrix.vecCons 0
                                                                  (fun i =>
                                                                    Matrix.vecCons 0
                                                                      (fun i =>
                                                                        Matrix.vecCons 0
                                                                          (fun i =>
                                                                            Matrix.vecCons 0
                                                                              (fun i =>
                                                                                Matrix.vecCons 0
                                                                                  (fun i =>
                                                                                    Matrix.vecCons 0
                                                                                      (fun i =>
                                                                                        Matrix.vecCons 0
                                                                                          (fun i =>
                                                                                            Matrix.vecCons 0
                                                                                              (fun i =>
                                                                                                Matrix.vecCons 0
                                                                                                  (fun i =>
                                                                                                    Matrix.vecCons 0
                                                                                                      (fun i => ⋯) i)
                                                                                                  i)
                                                                                              i)
                                                                                          i)
                                                                                      i)
                                                                                  i)
                                                                              i)
                                                                          i)
                                                                      i)
                                                                  i)
                                                              i)
                                                          i)
                                                      i)
                                                  i)
                                              i)
                                          i)
                                      i)
                                  i)
                              i)
                          i)
                      i)
                  i)
              28 *
            ![0, 2147483612, 2147483409, 0, 0, 0, 0, 0, 0, 0, 0, 0, 0, 0, 0, 0, 0, 0, 0, 0, 0, 0, 0, 0, 0, 0, 0, 0, 0,
                0, 0, 0, 0, 0, 0, 0, 0, 0, 0]
              28 +
          (Matrix.vecCons 1247021539
                (fun i =>
                  Matrix.vecCons 325825106
                    (fun i =>
                      Matrix.vecCons 962665083
                        (fun i =>
                          Matrix.vecCons 0
                            (fun i =>
                              Matrix.vecCons 0
                                (fun i =>
                                  Matrix.vecCons 0
                                    (fun i =>
                                      Matrix.vecCons 0
                                        (fun i =>
                                          Matrix.vecCons 0
                                            (fun i =>
                                              Matrix.vecCons 0
                                                (fun i =>
                                                  Matrix.vecCons 0
                                                    (fun i =>
                                                      Matrix.vecCons 0
                                                        (fun i =>
                                                          Matrix.vecCons 0
                                                            (fun i =>
                                                              Matrix.vecCons 0
                                                                (fun i =>
                                                                  Matrix.vecCons 0
                                                                    (fun i =>
                                                                      Matrix.vecCons 0
                                                                        (fun i =>
                                                                          Matrix.vecCons 0
                                                                            (fun i =>
                                                                              Matrix.vecCons 0
                                                                                (fun i =>
                                                                                  Matrix.vecCons 0
                                                                                    (fun i =>
                                                                                      Matrix.vecCons 0
                                                                                        (fun i =>
                                                                                          Matrix.vecCons 0
                                                                                            (fun i =>
                                                                                              Matrix.vecCons 0
                                                                                                (fun i =>
                                                                                                  Matrix.vecCons 0
                                                                                                    (fun i =>
                                                                                                      Matrix.vecCons 0 ⋯
                                                                                                        i)
                                                                                                    i)
                                                                                                i)
                                                                                            i)
                                                                                        i)
                                                                                    i)
                                                                                i)
                                                                            i)
                                                                        i)
                                                                    i)
                                                                i)
                                                            i)
                                                        i)
                                                    i)
                                                i)
                                            i)
                                        i)
                                    i)
                                i)
                            i)
                        i)
                    i)
                28 *
              ![0, 536870913, 536870913, 1073741772, 1073741483, 536870913, 536870913, 0, 0, 0, 0, 0, 0, 0, 0, 0, 0, 0,
                  0, 0, 0, 0, 0, 0, 0, 0, 0, 0, 0, 0, 0, 0, 0, 0, 0, 0, 0, 0, 0]
                28 +
            (Matrix.vecCons 1874347948
                  (fun i =>
                    Matrix.vecCons 1048900029
                      (fun i =>
                        Matrix.vecCons 1930072359
                          (fun i =>
                            Matrix.vecCons 655881705
                              (fun i =>
                                Matrix.vecCons 1491601942
                                  (fun i =>
                                    Matrix.vecCons 0
                                      (fun i =>
                                        Matrix.vecCons 0
                                          (fun i =>
                                            Matrix.vecCons 0
                                              (fun i =>
                                                Matrix.vecCons 0
                                                  (fun i =>
                                                    Matrix.vecCons 0
                                                      (fun i =>
                                                        Matrix.vecCons 0
                                                          (fun i =>
                                                            Matrix.vecCons 0
                                                              (fun i =>
                                                                Matrix.vecCons 0
                                                                  (fun i =>
                                                                    Matrix.vecCons 0
                                                                      (fun i =>
                                                                        Matrix.vecCons 0
                                                                          (fun i =>
                                                                            Matrix.vecCons 0
                                                                              (fun i =>
                                                                                Matrix.vecCons 0
                                                                                  (fun i =>
                                                                                    Matrix.vecCons 0
                                                                                      (fun i =>
                                                                                        Matrix.vecCons 0
                                                                                          (fun i =>
                                                                                            Matrix.vecCons 0
                                                                                              (fun i =>
                                                                                                Matrix.vecCons 0
                                                                                                  (fun i =>
                                                                                                    Matrix.vecCons 0
                                                                                                      (fun i => ⋯) i)
                                                                                                  i)
                                                                                              i)
                                                                                          i)
                                                                                      i)
                                                                                  i)
                                                                              i)
                                                                          i)
                                                                      i)
                                                                  i)
                                                              i)
                                                          i)
                                                      i)
                                                  i)
                                              i)
                                          i)
                                      i)
                                  i)
                              i)
                          i)
                      i)
                  28 *
                ![0, 0, 0, 2147483612, 2147483409, 0, 0, 0, 0, 0, 0, 0, 0, 0, 0, 0, 0, 0, 0, 0, 0, 0, 0, 0, 0, 0, 0, 0,
                    0, 0, 0, 0, 0, 0, 0, 0, 0, 0, 0]
                  28 +
              (Matrix.vecCons 2107894365
                    (fun i =>
                      Matrix.vecCons 351257849
                        (fun i =>
                          Matrix.vecCons 895763690
                            (fun i =>
                              Matrix.vecCons 162912553
                                (fun i =>
                                  Matrix.vecCons 1555074365
                                    (fun i =>
                                      Matrix.vecCons 0
                                        (fun i =>
                                          Matrix.vecCons 0
                                            (fun i =>
                                              Matrix.vecCons 0
                                                (fun i =>
                                                  Matrix.vecCons 0
                                                    (fun i =>
                                                      Matrix.vecCons 0
                                                        (fun i =>
                                                          Matrix.vecCons 0
                                                            (fun i =>
                                                              Matrix.vecCons 0
                                                                (fun i =>
                                                                  Matrix.vecCons 0
                                                                    (fun i =>
                                                                      Matrix.vecCons 0
                                                                        (fun i =>
                                                                          Matrix.vecCons 0
                                                                            (fun i =>
                                                                              Matrix.vecCons 0
                                                                                (fun i =>
                                                                                  Matrix.vecCons 0
                                                                                    (fun i =>
                                                                                      Matrix.vecCons 0
                                                                                        (fun i =>
                                                                                          Matrix.vecCons 0
                                                                                            (fun i =>
                                                                                              Matrix.vecCons 0
                                                                                                (fun i =>
                                                                                                  Matrix.vecCons 0
                                                                                                    (fun i =>
                                                                                                      Matrix.vecCons 0 ⋯
                                                                                                        i)
                                                                                                    i)
                                                                                                i)
                                                                                            i)
                                                                                        i)
                                                                                    i)
                                                                                i)
                                                                            i)
                                                                        i)
                                                                    i)
                                                                i)
                                                            i)
                                                        i)
                                                    i)
                                                i)
                                            i)
                                        i)
                                    i)
                                i)
                            i)
                        i)
                    28 *
                  ![0, 0, 0, 1073741826, 1073741826, 1073741772, 1073741483, 0, 0, 0, 0, 0, 0, 0, 0, 0, 0, 0, 0, 0, 0,
                      0, 0, 0, 0, 0, 0, 0, 0, 0, 0, 0, 0, 0, 0, 0, 0, 0, 0]
                    28 +
                (Matrix.vecCons 490793984
                      (fun i =>
                        Matrix.vecCons 1192239505
                          (fun i =>
                            Matrix.vecCons 1024735052
                              (fun i =>
                                Matrix.vecCons 769220667
                                  (fun i =>
                                    Matrix.vecCons 1718556542
                                      (fun i =>
                                        Matrix.vecCons 877872436
                                          (fun i =>
                                            Matrix.vecCons 1522117530
                                              (fun i =>
                                                Matrix.vecCons 0
                                                  (fun i =>
                                                    Matrix.vecCons 0
                                                      (fun i =>
                                                        Matrix.vecCons 0
                                                          (fun i =>
                                                            Matrix.vecCons 0
                                                              (fun i =>
                                                                Matrix.vecCons 0
                                                                  (fun i =>
                                                                    Matrix.vecCons 0
                                                                      (fun i =>
                                                                        Matrix.vecCons 0
                                                                          (fun i =>
                                                                            Matrix.vecCons 0
                                                                              (fun i =>
                                                                                Matrix.vecCons 0
                                                                                  (fun i =>
                                                                                    Matrix.vecCons 0
                                                                                      (fun i =>
                                                                                        Matrix.vecCons 0
                                                                                          (fun i =>
                                                                                            Matrix.vecCons 0
                                                                                              (fun i =>
                                                                                                Matrix.vecCons 0
                                                                                                  (fun i =>
                                                                                                    Matrix.vecCons 0
                                                                                                      (fun i => ⋯) i)
                                                                                                  i)
                                                                                              i)
                                                                                          i)
                                                                                      i)
                                                                                  i)
                                                                              i)
                                                                          i)
                                                                      i)
                                                                  i)
                                                              i)
                                                          i)
                                                      i)
                                                  i)
                                              i)
                                          i)
                                      i)
                                  i)
                              i)
                          i)
                      28 *
                    ![0, 0, 0, 0, 0, 2147483612, 2147483409, 0, 0, 0, 0, 0, 0, 0, 0, 0, 0, 0, 0, 0, 0, 0, 0, 0, 0, 0, 0,
                        0, 0, 0, 0, 0, 0, 0, 0, 0, 0, 0, 0]
                      28 +
                  (Matrix.vecCons 0
                        (fun i =>
                          Matrix.vecCons 0
                            (fun i =>
                              Matrix.vecCons 0
                                (fun i =>
                                  Matrix.vecCons 0
                                    (fun i =>
                                      Matrix.vecCons 0
                                        (fun i =>
                                          Matrix.vecCons 0
                                            (fun i =>
                                              Matrix.vecCons 0
                                                (fun i =>
                                                  Matrix.vecCons 0
                                                    (fun i =>
                                                      Matrix.vecCons 0
                                                        (fun i =>
                                                          Matrix.vecCons 0
                                                            (fun i =>
                                                              Matrix.vecCons 0
                                                                (fun i =>
                                                                  Matrix.vecCons 0
                                                                    (fun i =>
                                                                      Matrix.vecCons 0
                                                                        (fun i =>
                                                                          Matrix.vecCons 0
                                                                            (fun i =>
                                                                              Matrix.vecCons 0
                                                                                (fun i =>
                                                                                  Matrix.vecCons 0
                                                                                    (fun i =>
                                                                                      Matrix.vecCons 0
                                                                                        (fun i =>
                                                                                          Matrix.vecCons 0
                                                                                            (fun i =>
                                                                                              Matrix.vecCons 0
                                                                                                (fun i =>
                                                                                                  Matrix.vecCons 0
                                                                                                    (fun i =>
                                                                                                      Matrix.vecCons 0 ⋯
                                                                                                        i)
                                                                                                    i)
                                                                                                i)
                                                                                            i)
                                                                                        i)
                                                                                    i)
                                                                                i)
                                                                            i)
                                                                        i)
                                                                    i)
                                                                i)
                                                            i)
                                                        i)
                                                    i)
                                                i)
                                            i)
                                        i)
                                    i)
                                i)
                            i)
                        28 *
                      ![0, 0, 0, 0, 0, 0, 0, 2147483409, 0, 0, 0, 0, 0, 0, 0, 0, 0, 0, 0, 0, 0, 0, 0, 0, 0, 0, 0, 0, 0,
                          0, 0, 0, 0, 0, 0, 0, 0, 0, 335544320]
                        28 +
                    (Matrix.vecCons 0
                          (fun i =>
                            Matrix.vecCons 0
                              (fun i =>
                                Matrix.vecCons 0
                                  (fun i =>
                                    Matrix.vecCons 0
                                      (fun i =>
                                        Matrix.vecCons 0
                                          (fun i =>
                                            Matrix.vecCons 0
                                              (fun i =>
                                                Matrix.vecCons 0
                                                  (fun i =>
                                                    Matrix.vecCons 1717986918
                                                      (fun i =>
                                                        Matrix.vecCons 0
                                                          (fun i =>
                                                            Matrix.vecCons 0
                                                              (fun i =>
                                                                Matrix.vecCons 0
                                                                  (fun i =>
                                                                    Matrix.vecCons 0
                                                                      (fun i =>
                                                                        Matrix.vecCons 0
                                                                          (fun i =>
                                                                            Matrix.vecCons 0
                                                                              (fun i =>
                                                                                Matrix.vecCons 0
                                                                                  (fun i =>
                                                                                    Matrix.vecCons 0
                                                                                      (fun i =>
                                                                                        Matrix.vecCons 0
                                                                                          (fun i =>
                                                                                            Matrix.vecCons 0
                                                                                              (fun i =>
                                                                                                Matrix.vecCons 0
                                                                                                  (fun i =>
                                                                                                    Matrix.vecCons 0
                                                                                                      (fun i => ⋯) i)
                                                                                                  i)
                                                                                              i)
                                                                                          i)
                                                                                      i)
                                                                                  i)
                                                                              i)
                                                                          i)
                                                                      i)
                                                                  i)
                                                              i)
                                                          i)
                                                      i)
                                                  i)
                                              i)
                                          i)
                                      i)
                                  i)
                              i)
                          28 *
                        ![0, 0, 0, 0, 0, 0, 0, 1073741826, 1073741772, 1073741483, 0, 0, 0, 0, 0, 0, 0, 0, 0, 0, 0, 0,
                            0, 0, 0, 0, 0, 0, 0, 0, 0, 0, 0, 0, 0, 0, 0, 0, 0]
                          28 +
                      (Matrix.vecCons 0
                            (fun i =>
                              Matrix.vecCons 0
                                (fun i =>
                                  Matrix.vecCons 0
                                    (fun i =>
                                      Matrix.vecCons 0
                                        (fun i =>
                                          Matrix.vecCons 0
                                            (fun i =>
                                              Matrix.vecCons 0
                                                (fun i =>
                                                  Matrix.vecCons 0
                                                    (fun i =>
                                                      Matrix.vecCons 1489486194
                                                        (fun i =>
                                                          Matrix.vecCons 655881705
                                                            (fun i =>
                                                              Matrix.vecCons 1491601942
                                                                (fun i =>
                                                                  Matrix.vecCons 0
                                                                    (fun i =>
                                                                      Matrix.vecCons 0
                                                                        (fun i =>
                                                                          Matrix.vecCons 0
                                                                            (fun i =>
                                                                              Matrix.vecCons 0
                                                                                (fun i =>
                                                                                  Matrix.vecCons 0
                                                                                    (fun i =>
                                                                                      Matrix.vecCons 0
                                                                                        (fun i =>
                                                                                          Matrix.vecCons 0
                                                                                            (fun i =>
                                                                                              Matrix.vecCons 0
                                                                                                (fun i =>
                                                                                                  Matrix.vecCons 0
                                                                                                    (fun i =>
                                                                                                      Matrix.vecCons 0 ⋯
                                                                                                        i)
                                                                                                    i)
                                                                                                i)
                                                                                            i)
                                                                                        i)
                                                                                    i)
                                                                                i)
                                                                            i)
                                                                        i)
                                                                    i)
                                                                i)
                                                            i)
                                                        i)
                                                    i)
                                                i)
                                            i)
                                        i)
                                    i)
                                i)
                            28 *
                          ![0, 0, 0, 0, 0, 0, 0, 0, 2147483612, 2147483409, 0, 0, 0, 0, 0, 0, 0, 0, 0, 0, 0, 0, 0, 0, 0,
                              0, 0, 0, 0, 0, 0, 0, 0, 0, 0, 0, 0, 0, 0]
                            28 +
                        (Matrix.vecCons 0
                              (fun i =>
                                Matrix.vecCons 0
                                  (fun i =>
                                    Matrix.vecCons 0
                                      (fun i =>
                                        Matrix.vecCons 0
                                          (fun i =>
                                            Matrix.vecCons 0
                                              (fun i =>
                                                Matrix.vecCons 0
                                                  (fun i =>
                                                    Matrix.vecCons 0
                                                      (fun i =>
                                                        Matrix.vecCons 1247021539
                                                          (fun i =>
                                                            Matrix.vecCons 325825106
                                                              (fun i =>
                                                                Matrix.vecCons 962665083
                                                                  (fun i =>
                                                                    Matrix.vecCons 0
                                                                      (fun i =>
                                                                        Matrix.vecCons 0
                                                                          (fun i =>
                                                                            Matrix.vecCons 0
                                                                              (fun i =>
                                                                                Matrix.vecCons 0
                                                                                  (fun i =>
                                                                                    Matrix.vecCons 0
                                                                                      (fun i =>
                                                                                        Matrix.vecCons 0
                                                                                          (fun i =>
                                                                                            Matrix.vecCons 0
                                                                                              (fun i =>
                                                                                                Matrix.vecCons 0
                                                                                                  (fun i =>
                                                                                                    Matrix.vecCons 0
                                                                                                      (fun i => ⋯) i)
                                                                                                  i)
                                                                                              i)
                                                                                          i)
                                                                                      i)
                                                                                  i)
                                                                              i)
                                                                          i)
                                                                      i)
                                                                  i)
                                                              i)
                                                          i)
                                                      i)
                                                  i)
                                              i)
                                          i)
                                      i)
                                  i)
                              28 *
                            Matrix.vecCons 0
                              (Matrix.vecCons 0
                                (Matrix.vecCons 0
                                  (Matrix.vecCons 0
                                    (Matrix.vecCons 0
                                      (Matrix.vecCons 0
                                        (Matrix.vecCons 0
                                          (Matrix.vecCons 0
                                            (Matrix.vecCons 536870913
                                              (Matrix.vecCons 536870913
                                                (Matrix.vecCons 1073741772
                                                  (Matrix.vecCons 1073741483
                                                    (Matrix.vecCons 536870913
                                                      (Matrix.vecCons 536870913
                                                        (Matrix.vecCons 0
                                                          (Matrix.vecCons 0
                                                            (Matrix.vecCons 0
                                                              (Matrix.vecCons 0
                                                                (Matrix.vecCons 0
                                                                  (Matrix.vecCons 0
                                                                    (Matrix.vecCons 0
                                                                      (Matrix.vecCons 0
                                                                        (Matrix.vecCons 0
                                                                          (Matrix.vecCons 0
                                                                            (Matrix.vecCons 0
                                                                              (Matrix.vecCons 0
                                                                                (Matrix.vecCons 0
                                                                                  (Matrix.vecCons 0
                                                                                    (Matrix.vecCons 0
                                                                                      (Matrix.vecCons 0
                                                                                        (Matrix.vecCons 0
                                                                                          (Matrix.vecCons 0
                                                                                            (Matrix.vecCons 0
                                                                                              (Matrix.vecCons 0
                                                                                                (Matrix.vecCons 0
                                                                                                  (Matrix.vecCons 0
                                                                                                    (Matrix.vecCons 0
                                                                                                      (Matrix.vecCons 0
                                                                                                        ⋯)))))))))))))))))))))))))))))))))))))
                              28 +
                          (Matrix.vecCons 0
                                (fun i =>
                                  Matrix.vecCons 0
                                    (fun i =>
                                      Matrix.vecCons 0
                                        (fun i =>
                                          Matrix.vecCons 0
                                            (fun i =>
                                              Matrix.vecCons 0
                                                (fun i =>
                                                  Matrix.vecCons 0
                                                    (fun i =>
                                                      Matrix.vecCons 0
                                                        (fun i =>
                                                          Matrix.vecCons 1874347948
                                                            (fun i =>
                                                              Matrix.vecCons 1048900029
                                                                (fun i =>
                                                                  Matrix.vecCons 1930072359
                                                                    (fun i =>
                                                                      Matrix.vecCons 655881705
                                                                        (fun i =>
                                                                          Matrix.vecCons 1491601942
                                                                            (fun i =>
                                                                              Matrix.vecCons 0
                                                                                (fun i =>
                                                                                  Matrix.vecCons 0
                                                                                    (fun i =>
                                                                                      Matrix.vecCons 0
                                                                                        (fun i =>
                                                                                          Matrix.vecCons 0
                                                                                            (fun i =>
                                                                                              Matrix.vecCons 0
                                                                                                (fun i =>
                                                                                                  Matrix.vecCons 0
                                                                                                    (fun i =>
                                                                                                      Matrix.vecCons 0 ⋯
                                                                                                        i)
                                                                                                    i)
                                                                                                i)
                                                                                            i)
                                                                                        i)
                                                                                    i)
                                                                                i)
                                                                            i)
                                                                        i)
                                                                    i)
                                                                i)
                                                            i)
                                                        i)
                                                    i)
                                                i)
                                            i)
                                        i)
                                    i)
                                28 *
                              Matrix.vecCons 0
                                (Matrix.vecCons 0
                                  (Matrix.vecCons 0
                                    (Matrix.vecCons 0
                                      (Matrix.vecCons 0
                                        (Matrix.vecCons 0
                                          (Matrix.vecCons 0
                                            (Matrix.vecCons 0
                                              (Matrix.vecCons 0
                                                (Matrix.vecCons 0
                                                  (Matrix.vecCons 2147483612
                                                    (Matrix.vecCons 2147483409
                                                      (Matrix.vecCons 0
                                                        (Matrix.vecCons 0
                                                          (Matrix.vecCons 0
                                                            (Matrix.vecCons 0
                                                              (Matrix.vecCons 0
                                                                (Matrix.vecCons 0
                                                                  (Matrix.vecCons 0
                                                                    (Matrix.vecCons 0
                                                                      (Matrix.vecCons 0
                                                                        (Matrix.vecCons 0
                                                                          (Matrix.vecCons 0
                                                                            (Matrix.vecCons 0
                                                                              (Matrix.vecCons 0
                                                                                (Matrix.vecCons 0
                                                                                  (Matrix.vecCons 0
                                                                                    (Matrix.vecCons 0
                                                                                      (Matrix.vecCons 0
                                                                                        (Matrix.vecCons 0
                                                                                          (Matrix.vecCons 0
                                                                                            (Matrix.vecCons 0
                                                                                              (Matrix.vecCons 0
                                                                                                (Matrix.vecCons 0
                                                                                                  (Matrix.vecCons 0
                                                                                                    (Matrix.vecCons 0
                                                                                                      (Matrix.vecCons 0
                                                                                                        ⋯))))))))))))))))))))))))))))))))))))
                                28 +
                            (Matrix.vecCons 0
                                  (fun i =>
                                    Matrix.vecCons 0
                                      (fun i =>
                                        Matrix.vecCons 0
                                          (fun i =>
                                            Matrix.vecCons 0
                                              (fun i =>
                                                Matrix.vecCons 0
                                                  (fun i =>
                                                    Matrix.vecCons 0
                                                      (fun i =>
                                                        Matrix.vecCons 0
                                                          (fun i =>
                                                            Matrix.vecCons 2107894365
                                                              (fun i =>
                                                                Matrix.vecCons 351257849
                                                                  (fun i =>
                                                                    Matrix.vecCons 895763690
                                                                      (fun i =>
                                                                        Matrix.vecCons 162912553
                                                                          (fun i =>
                                                                            Matrix.vecCons 1555074365
                                                                              (fun i =>
                                                                                Matrix.vecCons 0
                                                                                  (fun i =>
                                                                                    Matrix.vecCons 0
                                                                                      (fun i =>
                                                                                        Matrix.vecCons 0
                                                                                          (fun i =>
                                                                                            Matrix.vecCons 0
                                                                                              (fun i =>
                                                                                                Matrix.vecCons 0
                                                                                                  (fun i =>
                                                                                                    Matrix.vecCons 0
                                                                                                      (fun i => ⋯) i)
                                                                                                  i)
                                                                                              i)
                                                                                          i)
                                                                                      i)
                                                                                  i)
                                                                              i)
                                                                          i)
                                                                      i)
                                                                  i)
                                                              i)
                                                          i)
                                                      i)
                                                  i)
                                              i)
                                          i)
                                      i)
                                  28 *
                                Matrix.vecCons 0
                                  (Matrix.vecCons 0
                                    (Matrix.vecCons 0
                                      (Matrix.vecCons 0
                                        (Matrix.vecCons 0
                                          (Matrix.vecCons 0
                                            (Matrix.vecCons 0
                                              (Matrix.vecCons 0
                                                (Matrix.vecCons 0
                                                  (Matrix.vecCons 0
                                                    (Matrix.vecCons 1073741826
                                                      (Matrix.vecCons 1073741826
                                                        (Matrix.vecCons 1073741772
                                                          (Matrix.vecCons 1073741483
                                                            (Matrix.vecCons 0
                                                              (Matrix.vecCons 0
                                                                (Matrix.vecCons 0
                                                                  (Matrix.vecCons 0
                                                                    (Matrix.vecCons 0
                                                                      (Matrix.vecCons 0
                                                                        (Matrix.vecCons 0
                                                                          (Matrix.vecCons 0
                                                                            (Matrix.vecCons 0
                                                                              (Matrix.vecCons 0
                                                                                (Matrix.vecCons 0
                                                                                  (Matrix.vecCons 0
                                                                                    (Matrix.vecCons 0
                                                                                      (Matrix.vecCons 0
                                                                                        (Matrix.vecCons 0
                                                                                          (Matrix.vecCons 0
                                                                                            (Matrix.vecCons 0
                                                                                              (Matrix.vecCons 0
                                                                                                (Matrix.vecCons 0
                                                                                                  (Matrix.vecCons 0
                                                                                                    (Matrix.vecCons 0
                                                                                                      (Matrix.vecCons 0
                                                                                                        ⋯)))))))))))))))))))))))))))))))))))
                                  28 +
                              (Matrix.vecCons 0
                                    (fun i =>
                                      Matrix.vecCons 0
                                        (fun i =>
                                          Matrix.vecCons 0
                                            (fun i =>
                                              Matrix.vecCons 0
                                                (fun i =>
                                                  Matrix.vecCons 0
                                                    (fun i =>
                                                      Matrix.vecCons 0
                                                        (fun i =>
                                                          Matrix.vecCons 0
                                                            (fun i =>
                                                              Matrix.vecCons 172727205
                                                                (fun i =>
                                                                  Matrix.vecCons 568385862
                                                                    (fun i =>
                                                                      Matrix.vecCons 1305962086
                                                                        (fun i =>
                                                                          Matrix.vecCons 1598191838
                                                                            (fun i =>
                                                                              Matrix.vecCons 2038778003
                                                                                (fun i =>
                                                                                  Matrix.vecCons 655881705
                                                                                    (fun i =>
                                                                                      Matrix.vecCons 1491601942
                                                                                        (fun i =>
                                                                                          Matrix.vecCons 0
                                                                                            (fun i =>
                                                                                              Matrix.vecCons 0
                                                                                                (fun i =>
                                                                                                  Matrix.vecCons 0
                                                                                                    (fun i =>
                                                                                                      Matrix.vecCons 0 ⋯
                                                                                                        i)
                                                                                                    i)
                                                                                                i)
                                                                                            i)
                                                                                        i)
                                                                                    i)
                                                                                i)
                                                                            i)
                                                                        i)
                                                                    i)
                                                                i)
                                                            i)
                                                        i)
                                                    i)
                                                i)
                                            i)
                                        i)
                                    28 *
                                  Matrix.vecCons 0
                                    (Matrix.vecCons 0
                                      (Matrix.vecCons 0
                                        (Matrix.vecCons 0
                                          (Matrix.vecCons 0
                                            (Matrix.vecCons 0
                                              (Matrix.vecCons 0
                                                (Matrix.vecCons 0
                                                  (Matrix.vecCons 0
                                                    (Matrix.vecCons 0
                                                      (Matrix.vecCons 0
                                                        (Matrix.vecCons 0
                                                          (Matrix.vecCons 2147483612
                                                            (Matrix.vecCons 2147483409
                                                              (Matrix.vecCons 0
                                                                (Matrix.vecCons 0
                                                                  (Matrix.vecCons 0
                                                                    (Matrix.vecCons 0
                                                                      (Matrix.vecCons 0
                                                                        (Matrix.vecCons 0
                                                                          (Matrix.vecCons 0
                                                                            (Matrix.vecCons 0
                                                                              (Matrix.vecCons 0
                                                                                (Matrix.vecCons 0
                                                                                  (Matrix.vecCons 0
                                                                                    (Matrix.vecCons 0
                                                                                      (Matrix.vecCons 0
                                                                                        (Matrix.vecCons 0
                                                                                          (Matrix.vecCons 0
                                                                                            (Matrix.vecCons 0
                                                                                              (Matrix.vecCons 0
                                                                                                (Matrix.vecCons 0
                                                                                                  (Matrix.vecCons 0
                                                                                                    (Matrix.vecCons 0
                                                                                                      (Matrix.vecCons 0
                                                                                                        ⋯))))))))))))))))))))))))))))))))))
                                    28 +
                                (Matrix.vecCons 0
                                      (fun i =>
                                        Matrix.vecCons 0
                                          (fun i =>
                                            Matrix.vecCons 0
                                              (fun i =>
                                                Matrix.vecCons 0
                                                  (fun i =>
                                                    Matrix.vecCons 0
                                                      (fun i =>
                                                        Matrix.vecCons 0
                                                          (fun i =>
                                                            Matrix.vecCons 0
                                                              (fun i =>
                                                                Matrix.vecCons 480549730
                                                                  (fun i =>
                                                                    Matrix.vecCons 421559431
                                                                      (fun i =>
                                                                        Matrix.vecCons 1138070357
                                                                          (fun i =>
                                                                            Matrix.vecCons 702515698
                                                                              (fun i =>
                                                                                Matrix.vecCons 1791527380
                                                                                  (fun i =>
                                                                                    Matrix.vecCons 651650212
                                                                                      (fun i =>
                                                                                        Matrix.vecCons 1925330166
                                                                                          (fun i =>
                                                                                            Matrix.vecCons 0
                                                                                              (fun i =>
                                                                                                Matrix.vecCons 0
                                                                                                  (fun i =>
                                                                                                    Matrix.vecCons 0
                                                                                                      (fun i => ⋯) i)
                                                                                                  i)
                                                                                              i)
                                                                                          i)
                                                                                      i)
                                                                                  i)
                                                                              i)
                                                                          i)
                                                                      i)
                                                                  i)
                                                              i)
                                                          i)
                                                      i)
                                                  i)
                                              i)
                                          i)
                                      28 *
                                    Matrix.vecCons 0
                                      (Matrix.vecCons 0
                                        (Matrix.vecCons 0
                                          (Matrix.vecCons 0
                                            (Matrix.vecCons 0
                                              (Matrix.vecCons 0
                                                (Matrix.vecCons 0
                                                  (Matrix.vecCons 0
                                                    (Matrix.vecCons 0
                                                      (Matrix.vecCons 0
                                                        (Matrix.vecCons 0
                                                          (Matrix.vecCons 0
                                                            (Matrix.vecCons 1342177280
                                                              (Matrix.vecCons 1342177280
                                                                (Matrix.vecCons 1073741772
                                                                  (Matrix.vecCons 1073741483
                                                                    (Matrix.vecCons 536870913
                                                                      (Matrix.vecCons 536870913
                                                                        (Matrix.vecCons 0
                                                                          (Matrix.vecCons 0
                                                                            (Matrix.vecCons 1342177280
                                                                              (Matrix.vecCons 1342177280
                                                                                (Matrix.vecCons 0
                                                                                  (Matrix.vecCons 0
                                                                                    (Matrix.vecCons 0
                                                                                      (Matrix.vecCons 0
                                                                                        (Matrix.vecCons 0
                                                                                          (Matrix.vecCons 0
                                                                                            (Matrix.vecCons 0
                                                                                              (Matrix.vecCons 0
                                                                                                (Matrix.vecCons 0
                                                                                                  (Matrix.vecCons 0
                                                                                                    (Matrix.vecCons 0
                                                                                                      (Matrix.vecCons 0
                                                                                                        ⋯)))))))))))))))))))))))))))))))))
                                      28 +
                                  (Matrix.vecCons 0
                                        (fun i =>
                                          Matrix.vecCons 0
                                            (fun i =>
                                              Matrix.vecCons 0
                                                (fun i =>
                                                  Matrix.vecCons 0
                                                    (fun i =>
                                                      Matrix.vecCons 0
                                                        (fun i =>
                                                          Matrix.vecCons 0
                                                            (fun i =>
                                                              Matrix.vecCons 0
                                                                (fun i =>
                                                                  Matrix.vecCons 45800491
                                                                    (fun i =>
                                                                      Matrix.vecCons 1674277382
                                                                        (fun i =>
                                                                          Matrix.vecCons 1648621250
                                                                            (fun i =>
                                                                              Matrix.vecCons 1136771724
                                                                                (fun i =>
                                                                                  Matrix.vecCons 464440525
                                                                                    (fun i =>
                                                                                      Matrix.vecCons 2097800058
                                                                                        (fun i =>
                                                                                          Matrix.vecCons 1712661071
                                                                                            (fun i =>
                                                                                              Matrix.vecCons 655881705
                                                                                                (fun i =>
                                                                                                  Matrix.vecCons
                                                                                                    1491601942
                                                                                                    (fun i =>
                                                                                                      Matrix.vecCons 0 ⋯
                                                                                                        i)
                                                                                                    i)
                                                                                                i)
                                                                                            i)
                                                                                        i)
                                                                                    i)
                                                                                i)
                                                                            i)
                                                                        i)
                                                                    i)
                                                                i)
                                                            i)
                                                        i)
                                                    i)
                                                i)
                                            i)
                                        28 *
                                      Matrix.vecCons 0
                                        (Matrix.vecCons 0
                                          (Matrix.vecCons 0
                                            (Matrix.vecCons 0
                                              (Matrix.vecCons 0
                                                (Matrix.vecCons 0
                                                  (Matrix.vecCons 0
                                                    (Matrix.vecCons 0
                                                      (Matrix.vecCons 0
                                                        (Matrix.vecCons 0
                                                          (Matrix.vecCons 0
                                                            (Matrix.vecCons 0
                                                              (Matrix.vecCons 0
                                                                (Matrix.vecCons 0
                                                                  (Matrix.vecCons 2147483612
                                                                    (Matrix.vecCons 2147483409
                                                                      (Matrix.vecCons 0
                                                                        (Matrix.vecCons 0
                                                                          (Matrix.vecCons 0
                                                                            (Matrix.vecCons 0
                                                                              (Matrix.vecCons 0
                                                                                (Matrix.vecCons 0
                                                                                  (Matrix.vecCons 0
                                                                                    (Matrix.vecCons 0
                                                                                      (Matrix.vecCons 0
                                                                                        (Matrix.vecCons 0
                                                                                          (Matrix.vecCons 0
                                                                                            (Matrix.vecCons 0
                                                                                              (Matrix.vecCons 0
                                                                                                (Matrix.vecCons 0
                                                                                                  (Matrix.vecCons 0
                                                                                                    (Matrix.vecCons 0
                                                                                                      (Matrix.vecCons 0
                                                                                                        ⋯))))))))))))))))))))))))))))))))
                                        28 +
                                    (Matrix.vecCons 0
                                          (fun i =>
                                            Matrix.vecCons 0
                                              (fun i =>
                                                Matrix.vecCons 0
                                                  (fun i =>
                                                    Matrix.vecCons 0
                                                      (fun i =>
                                                        Matrix.vecCons 0
                                                          (fun i =>
                                                            Matrix.vecCons 0
                                                              (fun i =>
                                                                Matrix.vecCons 0
                                                                  (fun i =>
                                                                    Matrix.vecCons 1950596724
                                                                      (fun i =>
                                                                        Matrix.vecCons 341249651
                                                                          (fun i =>
                                                                            Matrix.vecCons 139300079
                                                                              (fun i =>
                                                                                Matrix.vecCons 1610346645
                                                                                  (fun i =>
                                                                                    Matrix.vecCons 457958438
                                                                                      (fun i =>
                                                                                        Matrix.vecCons 702515698
                                                                                          (fun i =>
                                                                                            Matrix.vecCons 1791527380
                                                                                              (fun i =>
                                                                                                Matrix.vecCons 162912553
                                                                                                  (fun i =>
                                                                                                    Matrix.vecCons
                                                                                                      1555074365
                                                                                                      (fun i => ⋯) i)
                                                                                                  i)
                                                                                              i)
                                                                                          i)
                                                                                      i)
                                                                                  i)
                                                                              i)
                                                                          i)
                                                                      i)
                                                                  i)
                                                              i)
                                                          i)
                                                      i)
                                                  i)
                                              i)
                                          28 *
                                        Matrix.vecCons 0
                                          (Matrix.vecCons 0
                                            (Matrix.vecCons 0
                                              (Matrix.vecCons 0
                                                (Matrix.vecCons 0
                                                  (Matrix.vecCons 0
                                                    (Matrix.vecCons 0
                                                      (Matrix.vecCons 0
                                                        (Matrix.vecCons 0
                                                          (Matrix.vecCons 0
                                                            (Matrix.vecCons 0
                                                              (Matrix.vecCons 0
                                                                (Matrix.vecCons 0
                                                                  (Matrix.vecCons 0
                                                                    (Matrix.vecCons 1073741826
                                                                      (Matrix.vecCons 1073741826
                                                                        (Matrix.vecCons 1073741772
                                                                          (Matrix.vecCons 1073741483
                                                                            (Matrix.vecCons 0
                                                                              (Matrix.vecCons 0
                                                                                (Matrix.vecCons 0
                                                                                  (Matrix.vecCons 0
                                                                                    (Matrix.vecCons 0
                                                                                      (Matrix.vecCons 0
                                                                                        (Matrix.vecCons 0
                                                                                          (Matrix.vecCons 0
                                                                                            (Matrix.vecCons 0
                                                                                              (Matrix.vecCons 0
                                                                                                (Matrix.vecCons 0
                                                                                                  (Matrix.vecCons 0
                                                                                                    (Matrix.vecCons 0
                                                                                                      (Matrix.vecCons 0
                                                                                                        ⋯)))))))))))))))))))))))))))))))
                                          28 +
                                      (Matrix.vecCons 0
                                            (fun i =>
                                              Matrix.vecCons 0
                                                (fun i =>
                                                  Matrix.vecCons 0
                                                    (fun i =>
                                                      Matrix.vecCons 0
                                                        (fun i =>
                                                          Matrix.vecCons 0
                                                            (fun i =>
                                                              Matrix.vecCons 0
                                                                (fun i =>
                                                                  Matrix.vecCons 0
                                                                    (fun i =>
                                                                      Matrix.vecCons 904442640
                                                                        (fun i =>
                                                                          Matrix.vecCons 1164464531
                                                                            (fun i =>
                                                                              Matrix.vecCons 1028819607
                                                                                (fun i =>
                                                                                  Matrix.vecCons 1886038720
                                                                                    (fun i =>
                                                                                      Matrix.vecCons 606899337
                                                                                        (fun i =>
                                                                                          Matrix.vecCons 1136771724
                                                                                            (fun i =>
                                                                                              Matrix.vecCons 464440525
                                                                                                (fun i =>
                                                                                                  Matrix.vecCons
                                                                                                    1598191838
                                                                                                    (fun i =>
                                                                                                      Matrix.vecCons
                                                                                                        2038778003 ⋯ i)
                                                                                                    i)
                                                                                                i)
                                                                                            i)
                                                                                        i)
                                                                                    i)
                                                                                i)
                                                                            i)
                                                                        i)
                                                                    i)
                                                                i)
                                                            i)
                                                        i)
                                                    i)
                                                i)
                                            28 *
                                          Matrix.vecCons 0
                                            (Matrix.vecCons 0
                                              (Matrix.vecCons 0
                                                (Matrix.vecCons 0
                                                  (Matrix.vecCons 0
                                                    (Matrix.vecCons 0
                                                      (Matrix.vecCons 0
                                                        (Matrix.vecCons 0
                                                          (Matrix.vecCons 0
                                                            (Matrix.vecCons 0
                                                              (Matrix.vecCons 0
                                                                (Matrix.vecCons 0
                                                                  (Matrix.vecCons 0
                                                                    (Matrix.vecCons 0
                                                                      (Matrix.vecCons 0
                                                                        (Matrix.vecCons 0
                                                                          (Matrix.vecCons 2147483612
                                                                            (Matrix.vecCons 2147483409
                                                                              (Matrix.vecCons 0
                                                                                (Matrix.vecCons 0
                                                                                  (Matrix.vecCons 0
                                                                                    (Matrix.vecCons 0
                                                                                      (Matrix.vecCons 0
                                                                                        (Matrix.vecCons 0
                                                                                          (Matrix.vecCons 0
                                                                                            (Matrix.vecCons 0
                                                                                              (Matrix.vecCons 0
                                                                                                (Matrix.vecCons 0
                                                                                                  (Matrix.vecCons 0
                                                                                                    (Matrix.vecCons 0
                                                                                                      (Matrix.vecCons 0
                                                                                                        ⋯))))))))))))))))))))))))))))))
                                            28 +
                                        (Matrix.vecCons 0
                                              (fun i =>
                                                Matrix.vecCons 0
                                                  (fun i =>
                                                    Matrix.vecCons 0
                                                      (fun i =>
                                                        Matrix.vecCons 0
                                                          (fun i =>
                                                            Matrix.vecCons 0
                                                              (fun i =>
                                                                Matrix.vecCons 0
                                                                  (fun i =>
                                                                    Matrix.vecCons 0
                                                                      (fun i =>
                                                                        Matrix.vecCons 1270220704
                                                                          (fun i =>
                                                                            Matrix.vecCons 2004769930
                                                                              (fun i =>
                                                                                Matrix.vecCons 336793730
                                                                                  (fun i =>
                                                                                    Matrix.vecCons 341249651
                                                                                      (fun i =>
                                                                                        Matrix.vecCons 139300079
                                                                                          (fun i =>
                                                                                            Matrix.vecCons 421559431
                                                                                              (fun i =>
                                                                                                Matrix.vecCons
                                                                                                  1138070357
                                                                                                  (fun i =>
                                                                                                    Matrix.vecCons
                                                                                                      351257849
                                                                                                      (fun i => ⋯) i)
                                                                                                  i)
                                                                                              i)
                                                                                          i)
                                                                                      i)
                                                                                  i)
                                                                              i)
                                                                          i)
                                                                      i)
                                                                  i)
                                                              i)
                                                          i)
                                                      i)
                                                  i)
                                              28 *
                                            Matrix.vecCons 0
                                              (Matrix.vecCons 0
                                                (Matrix.vecCons 0
                                                  (Matrix.vecCons 0
                                                    (Matrix.vecCons 0
                                                      (Matrix.vecCons 0
                                                        (Matrix.vecCons 0
                                                          (Matrix.vecCons 0
                                                            (Matrix.vecCons 0
                                                              (Matrix.vecCons 0
                                                                (Matrix.vecCons 0
                                                                  (Matrix.vecCons 0
                                                                    (Matrix.vecCons 0
                                                                      (Matrix.vecCons 0
                                                                        (Matrix.vecCons 0
                                                                          (Matrix.vecCons 0
                                                                            (Matrix.vecCons 536870913
                                                                              (Matrix.vecCons 536870913
                                                                                (Matrix.vecCons 1073741772
                                                                                  (Matrix.vecCons 1073741483
                                                                                    (Matrix.vecCons 536870913
                                                                                      (Matrix.vecCons 536870913
                                                                                        (Matrix.vecCons 0
                                                                                          (Matrix.vecCons 0
                                                                                            (Matrix.vecCons 0
                                                                                              (Matrix.vecCons 0
                                                                                                (Matrix.vecCons 0
                                                                                                  (Matrix.vecCons 0
                                                                                                    (Matrix.vecCons 0
                                                                                                      (Matrix.vecCons 0
                                                                                                        ⋯)))))))))))))))))))))))))))))
                                              28 +
                                          (Matrix.vecCons 0
                                                (fun i =>
                                                  Matrix.vecCons 0
                                                    (fun i =>
                                                      Matrix.vecCons 0
                                                        (fun i =>
                                                          Matrix.vecCons 0
                                                            (fun i =>
                                                              Matrix.vecCons 0
                                                                (fun i =>
                                                                  Matrix.vecCons 0
                                                                    (fun i =>
                                                                      Matrix.vecCons 0
                                                                        (fun i =>
                                                                          Matrix.vecCons 868076745
                                                                            (fun i =>
                                                                              Matrix.vecCons 1853456715
                                                                                (fun i =>
                                                                                  Matrix.vecCons 927497227
                                                                                    (fun i =>
                                                                                      Matrix.vecCons 1164464531
                                                                                        (fun i =>
                                                                                          Matrix.vecCons 1028819607
                                                                                            (fun i =>
                                                                                              Matrix.vecCons 1674277382
                                                                                                (fun i =>
                                                                                                  Matrix.vecCons
                                                                                                    1648621250
                                                                                                    (fun i =>
                                                                                                      Matrix.vecCons
                                                                                                        568385862 ⋯ i)
                                                                                                    i)
                                                                                                i)
                                                                                            i)
                                                                                        i)
                                                                                    i)
                                                                                i)
                                                                            i)
                                                                        i)
                                                                    i)
                                                                i)
                                                            i)
                                                        i)
                                                    i)
                                                28 *
                                              Matrix.vecCons 0
                                                (Matrix.vecCons 0
                                                  (Matrix.vecCons 0
                                                    (Matrix.vecCons 0
                                                      (Matrix.vecCons 0
                                                        (Matrix.vecCons 0
                                                          (Matrix.vecCons 0
                                                            (Matrix.vecCons 0
                                                              (Matrix.vecCons 0
                                                                (Matrix.vecCons 0
                                                                  (Matrix.vecCons 0
                                                                    (Matrix.vecCons 0
                                                                      (Matrix.vecCons 0
                                                                        (Matrix.vecCons 0
                                                                          (Matrix.vecCons 0
                                                                            (Matrix.vecCons 0
                                                                              (Matrix.vecCons 0
                                                                                (Matrix.vecCons 0
                                                                                  (Matrix.vecCons 2147483612
                                                                                    (Matrix.vecCons 2147483409
                                                                                      (Matrix.vecCons 0
                                                                                        (Matrix.vecCons 0
                                                                                          (Matrix.vecCons 0
                                                                                            (Matrix.vecCons 0
                                                                                              (Matrix.vecCons 0
                                                                                                (Matrix.vecCons 0
                                                                                                  (Matrix.vecCons 0
                                                                                                    (Matrix.vecCons 0
                                                                                                      (Matrix.vecCons 0
                                                                                                        ⋯))))))))))))))))))))))))))))
                                                28 +
                                            (Matrix.vecCons 0
                                                  (fun i =>
                                                    Matrix.vecCons 0
                                                      (fun i =>
                                                        Matrix.vecCons 0
                                                          (fun i =>
                                                            Matrix.vecCons 0
                                                              (fun i =>
                                                                Matrix.vecCons 0
                                                                  (fun i =>
                                                                    Matrix.vecCons 0
                                                                      (fun i =>
                                                                        Matrix.vecCons 0
                                                                          (fun i =>
                                                                            Matrix.vecCons 1382902204
                                                                              (fun i =>
                                                                                Matrix.vecCons 674661511
                                                                                  (fun i =>
                                                                                    Matrix.vecCons 595559193
                                                                                      (fun i =>
                                                                                        Matrix.vecCons 139422857
                                                                                          (fun i =>
                                                                                            Matrix.vecCons 1811173867
                                                                                              (fun i =>
                                                                                                Matrix.vecCons 341249651
                                                                                                  (fun i =>
                                                                                                    Matrix.vecCons
                                                                                                      139300079
                                                                                                      (fun i => ⋯) i)
                                                                                                  i)
                                                                                              i)
                                                                                          i)
                                                                                      i)
                                                                                  i)
                                                                              i)
                                                                          i)
                                                                      i)
                                                                  i)
                                                              i)
                                                          i)
                                                      i)
                                                  28 *
                                                Matrix.vecCons 0
                                                  (Matrix.vecCons 0
                                                    (Matrix.vecCons 0
                                                      (Matrix.vecCons 0
                                                        (Matrix.vecCons 0
                                                          (Matrix.vecCons 0
                                                            (Matrix.vecCons 0
                                                              (Matrix.vecCons 0
                                                                (Matrix.vecCons 0
                                                                  (Matrix.vecCons 0
                                                                    (Matrix.vecCons 0
                                                                      (Matrix.vecCons 0
                                                                        (Matrix.vecCons 0
                                                                          (Matrix.vecCons 0
                                                                            (Matrix.vecCons 0
                                                                              (Matrix.vecCons 0
                                                                                (Matrix.vecCons 0
                                                                                  (Matrix.vecCons 0
                                                                                    (Matrix.vecCons 1073741826
                                                                                      (Matrix.vecCons 1073741826
                                                                                        (Matrix.vecCons 1073741772
                                                                                          (Matrix.vecCons 1073741483
                                                                                            (Matrix.vecCons 0
                                                                                              (Matrix.vecCons 0
                                                                                                (Matrix.vecCons 0
                                                                                                  (Matrix.vecCons 0
                                                                                                    (Matrix.vecCons 0
                                                                                                      (Matrix.vecCons 0
                                                                                                        ⋯)))))))))))))))))))))))))))
                                                  28 +
                                              (Matrix.vecCons 0
                                                    (fun i =>
                                                      Matrix.vecCons 0
                                                        (fun i =>
                                                          Matrix.vecCons 0
                                                            (fun i =>
                                                              Matrix.vecCons 0
                                                                (fun i =>
                                                                  Matrix.vecCons 0
                                                                    (fun i =>
                                                                      Matrix.vecCons 0
                                                                        (fun i =>
                                                                          Matrix.vecCons 0
                                                                            (fun i =>
                                                                              Matrix.vecCons 358559928
                                                                                (fun i =>
                                                                                  Matrix.vecCons 1536103271
                                                                                    (fun i =>
                                                                                      Matrix.vecCons 1479457121
                                                                                        (fun i =>
                                                                                          Matrix.vecCons 690125225
                                                                                            (fun i =>
                                                                                              Matrix.vecCons 214317415
                                                                                                (fun i =>
                                                                                                  Matrix.vecCons
                                                                                                    1164464531
                                                                                                    (fun i =>
                                                                                                      Matrix.vecCons
                                                                                                        1028819607 ⋯ i)
                                                                                                    i)
                                                                                                i)
                                                                                            i)
                                                                                        i)
                                                                                    i)
                                                                                i)
                                                                            i)
                                                                        i)
                                                                    i)
                                                                i)
                                                            i)
                                                        i)
                                                    28 *
                                                  Matrix.vecCons 0
                                                    (Matrix.vecCons 0
                                                      (Matrix.vecCons 0
                                                        (Matrix.vecCons 0
                                                          (Matrix.vecCons 0
                                                            (Matrix.vecCons 0
                                                              (Matrix.vecCons 0
                                                                (Matrix.vecCons 0
                                                                  (Matrix.vecCons 0
                                                                    (Matrix.vecCons 0
                                                                      (Matrix.vecCons 0
                                                                        (Matrix.vecCons 0
                                                                          (Matrix.vecCons 0
                                                                            (Matrix.vecCons 0
                                                                              (Matrix.vecCons 0
                                                                                (Matrix.vecCons 0
                                                                                  (Matrix.vecCons 0
                                                                                    (Matrix.vecCons 0
                                                                                      (Matrix.vecCons 0
                                                                                        (Matrix.vecCons 0
                                                                                          (Matrix.vecCons 2147483612
                                                                                            (Matrix.vecCons 2147483409
                                                                                              (Matrix.vecCons 0
                                                                                                (Matrix.vecCons 0
                                                                                                  (Matrix.vecCons 0
                                                                                                    (Matrix.vecCons 0
                                                                                                      (Matrix.vecCons 0
                                                                                                        ⋯))))))))))))))))))))))))))
                                                    28 +
                                                (Matrix.vecCons 0
                                                      (fun i =>
                                                        Matrix.vecCons 0
                                                          (fun i =>
                                                            Matrix.vecCons 0
                                                              (fun i =>
                                                                Matrix.vecCons 0
                                                                  (fun i =>
                                                                    Matrix.vecCons 0
                                                                      (fun i =>
                                                                        Matrix.vecCons 0
                                                                          (fun i =>
                                                                            Matrix.vecCons 0
                                                                              (fun i =>
                                                                                Matrix.vecCons 1816002133
                                                                                  (fun i =>
                                                                                    Matrix.vecCons 1345146597
                                                                                      (fun i =>
                                                                                        Matrix.vecCons 749603580
                                                                                          (fun i =>
                                                                                            Matrix.vecCons 4794500
                                                                                              (fun i =>
                                                                                                Matrix.vecCons
                                                                                                  2020456006
                                                                                                  (fun i =>
                                                                                                    Matrix.vecCons
                                                                                                      1623314523
                                                                                                      (fun i => ⋯) i)
                                                                                                  i)
                                                                                              i)
                                                                                          i)
                                                                                      i)
                                                                                  i)
                                                                              i)
                                                                          i)
                                                                      i)
                                                                  i)
                                                              i)
                                                          i)
                                                      28 *
                                                    Matrix.vecCons 0
                                                      (Matrix.vecCons 0
                                                        (Matrix.vecCons 0
                                                          (Matrix.vecCons 0
                                                            (Matrix.vecCons 0
                                                              (Matrix.vecCons 0
                                                                (Matrix.vecCons 0
                                                                  (Matrix.vecCons 0
                                                                    (Matrix.vecCons 0
                                                                      (Matrix.vecCons 0
                                                                        (Matrix.vecCons 0
                                                                          (Matrix.vecCons 0
                                                                            (Matrix.vecCons 0
                                                                              (Matrix.vecCons 0
                                                                                (Matrix.vecCons 0
                                                                                  (Matrix.vecCons 0
                                                                                    (Matrix.vecCons 0
                                                                                      (Matrix.vecCons 0
                                                                                        (Matrix.vecCons 0
                                                                                          (Matrix.vecCons 0
                                                                                            (Matrix.vecCons 671088640
                                                                                              (Matrix.vecCons 671088640
                                                                                                (Matrix.vecCons
                                                                                                  1073741772
                                                                                                  (Matrix.vecCons
                                                                                                    1073741483
                                                                                                    (Matrix.vecCons
                                                                                                      536870913
                                                                                                      (Matrix.vecCons
                                                                                                        536870913
                                                                                                        ⋯)))))))))))))))))))))))))
                                                      28 +
                                                  (Matrix.vecCons 0
                                                        (fun i =>
                                                          Matrix.vecCons 0
                                                            (fun i =>
                                                              Matrix.vecCons 0
                                                                (fun i =>
                                                                  Matrix.vecCons 0
                                                                    (fun i =>
                                                                      Matrix.vecCons 0
                                                                        (fun i =>
                                                                          Matrix.vecCons 0
                                                                            (fun i =>
                                                                              Matrix.vecCons 0
                                                                                (fun i =>
                                                                                  Matrix.vecCons 573803312
                                                                                    (fun i =>
                                                                                      Matrix.vecCons 1979750964
                                                                                        (fun i =>
                                                                                          Matrix.vecCons 1224730962
                                                                                            (fun i =>
                                                                                              Matrix.vecCons 1765635921
                                                                                                (fun i =>
                                                                                                  Matrix.vecCons
                                                                                                    1572024887
                                                                                                    (fun i =>
                                                                                                      Matrix.vecCons
                                                                                                        2130155512 ⋯ i)
                                                                                                    i)
                                                                                                i)
                                                                                            i)
                                                                                        i)
                                                                                    i)
                                                                                i)
                                                                            i)
                                                                        i)
                                                                    i)
                                                                i)
                                                            i)
                                                        28 *
                                                      Matrix.vecCons 0
                                                        (Matrix.vecCons 0
                                                          (Matrix.vecCons 0
                                                            (Matrix.vecCons 0
                                                              (Matrix.vecCons 0
                                                                (Matrix.vecCons 0
                                                                  (Matrix.vecCons 0
                                                                    (Matrix.vecCons 0
                                                                      (Matrix.vecCons 0
                                                                        (Matrix.vecCons 0
                                                                          (Matrix.vecCons 0
                                                                            (Matrix.vecCons 0
                                                                              (Matrix.vecCons 0
                                                                                (Matrix.vecCons 0
                                                                                  (Matrix.vecCons 0
                                                                                    (Matrix.vecCons 0
                                                                                      (Matrix.vecCons 0
                                                                                        (Matrix.vecCons 0
                                                                                          (Matrix.vecCons 0
                                                                                            (Matrix.vecCons 0
                                                                                              (Matrix.vecCons 0
                                                                                                (Matrix.vecCons 0
                                                                                                  (Matrix.vecCons
                                                                                                    2147483612
                                                                                                    (Matrix.vecCons
                                                                                                      2147483409
                                                                                                      (Matrix.vecCons 0
                                                                                                        ⋯))))))))))))))))))))))))
                                                        28 +
                                                    (Matrix.vecCons 0
                                                          (fun i =>
                                                            Matrix.vecCons 0
                                                              (fun i =>
                                                                Matrix.vecCons 0
                                                                  (fun i =>
                                                                    Matrix.vecCons 0
                                                                      (fun i =>
                                                                        Matrix.vecCons 0
                                                                          (fun i =>
                                                                            Matrix.vecCons 0
                                                                              (fun i =>
                                                                                Matrix.vecCons 0
                                                                                  (fun i =>
                                                                                    Matrix.vecCons 55883206
                                                                                      (fun i =>
                                                                                        Matrix.vecCons 1935477193
                                                                                          (fun i =>
                                                                                            Matrix.vecCons 915435392
                                                                                              (fun i =>
                                                                                                Matrix.vecCons
                                                                                                  1029996000
                                                                                                  (fun i =>
                                                                                                    Matrix.vecCons
                                                                                                      1996013647
                                                                                                      (fun i => ⋯) i)
                                                                                                  i)
                                                                                              i)
                                                                                          i)
                                                                                      i)
                                                                                  i)
                                                                              i)
                                                                          i)
                                                                      i)
                                                                  i)
                                                              i)
                                                          28 *
                                                        Matrix.vecCons 0
                                                          (Matrix.vecCons 0
                                                            (Matrix.vecCons 0
                                                              (Matrix.vecCons 0
                                                                (Matrix.vecCons 0
                                                                  (Matrix.vecCons 0
                                                                    (Matrix.vecCons 0
                                                                      (Matrix.vecCons 0
                                                                        (Matrix.vecCons 0
                                                                          (Matrix.vecCons 0
                                                                            (Matrix.vecCons 0
                                                                              (Matrix.vecCons 0
                                                                                (Matrix.vecCons 0
                                                                                  (Matrix.vecCons 0
                                                                                    (Matrix.vecCons 0
                                                                                      (Matrix.vecCons 0
                                                                                        (Matrix.vecCons 0
                                                                                          (Matrix.vecCons 0
                                                                                            (Matrix.vecCons 0
                                                                                              (Matrix.vecCons 0
                                                                                                (Matrix.vecCons 0
                                                                                                  (Matrix.vecCons 0
                                                                                                    (Matrix.vecCons
                                                                                                      1073741826
                                                                                                      (Matrix.vecCons
                                                                                                        1073741826
                                                                                                        ⋯)))))))))))))))))))))))
                                                          28 +
                                                      (Matrix.vecCons 0
                                                            (fun i =>
                                                              Matrix.vecCons 0
                                                                (fun i =>
                                                                  Matrix.vecCons 0
                                                                    (fun i =>
                                                                      Matrix.vecCons 0
                                                                        (fun i =>
                                                                          Matrix.vecCons 0
                                                                            (fun i =>
                                                                              Matrix.vecCons 0
                                                                                (fun i =>
                                                                                  Matrix.vecCons 0
                                                                                    (fun i =>
                                                                                      Matrix.vecCons 570939991
                                                                                        (fun i =>
                                                                                          Matrix.vecCons 535697339
                                                                                            (fun i =>
                                                                                              Matrix.vecCons 1247607938
                                                                                                (fun i =>
                                                                                                  Matrix.vecCons
                                                                                                    1054219227
                                                                                                    (fun i =>
                                                                                                      Matrix.vecCons
                                                                                                        1929290124 ⋯ i)
                                                                                                    i)
                                                                                                i)
                                                                                            i)
                                                                                        i)
                                                                                    i)
                                                                                i)
                                                                            i)
                                                                        i)
                                                                    i)
                                                                i)
                                                            28 *
                                                          Matrix.vecCons 0
                                                            (Matrix.vecCons 0
                                                              (Matrix.vecCons 0
                                                                (Matrix.vecCons 0
                                                                  (Matrix.vecCons 0
                                                                    (Matrix.vecCons 0
                                                                      (Matrix.vecCons 0
                                                                        (Matrix.vecCons 0
                                                                          (Matrix.vecCons 0
                                                                            (Matrix.vecCons 0
                                                                              (Matrix.vecCons 0
                                                                                (Matrix.vecCons 0
                                                                                  (Matrix.vecCons 0
                                                                                    (Matrix.vecCons 0
                                                                                      (Matrix.vecCons 0
                                                                                        (Matrix.vecCons 0
                                                                                          (Matrix.vecCons 0
                                                                                            (Matrix.vecCons 0
                                                                                              (Matrix.vecCons 0
                                                                                                (Matrix.vecCons 0
                                                                                                  (Matrix.vecCons 0
                                                                                                    (Matrix.vecCons 0
                                                                                                      (Matrix.vecCons 0
                                                                                                        ⋯))))))))))))))))))))))
                                                            28 +
                                                        (Matrix.vecCons 0
                                                              (fun i =>
                                                                Matrix.vecCons 0
                                                                  (fun i =>
                                                                    Matrix.vecCons 0
                                                                      (fun i =>
                                                                        Matrix.vecCons 0
                                                                          (fun i =>
                                                                            Matrix.vecCons 0
                                                                              (fun i =>
                                                                                Matrix.vecCons 0
                                                                                  (fun i =>
                                                                                    Matrix.vecCons 0
                                                                                      (fun i =>
                                                                                        Matrix.vecCons 1420145877
                                                                                          (fun i =>
                                                                                            Matrix.vecCons 1182714061
                                                                                              (fun i =>
                                                                                                Matrix.vecCons
                                                                                                  1405103555
                                                                                                  (fun i =>
                                                                                                    Matrix.vecCons
                                                                                                      1023419963
                                                                                                      (fun i => ⋯) i)
                                                                                                  i)
                                                                                              i)
                                                                                          i)
                                                                                      i)
                                                                                  i)
                                                                              i)
                                                                          i)
                                                                      i)
                                                                  i)
                                                              28 *
                                                            Matrix.vecCons 0
                                                              (Matrix.vecCons 0
                                                                (Matrix.vecCons 0
                                                                  (Matrix.vecCons 0
                                                                    (Matrix.vecCons 0
                                                                      (Matrix.vecCons 0
                                                                        (Matrix.vecCons 0
                                                                          (Matrix.vecCons 0
                                                                            (Matrix.vecCons 0
                                                                              (Matrix.vecCons 0
                                                                                (Matrix.vecCons 0
                                                                                  (Matrix.vecCons 0
                                                                                    (Matrix.vecCons 0
                                                                                      (Matrix.vecCons 0
                                                                                        (Matrix.vecCons 0
                                                                                          (Matrix.vecCons 0
                                                                                            (Matrix.vecCons 0
                                                                                              (Matrix.vecCons 0
                                                                                                (Matrix.vecCons 0
                                                                                                  (Matrix.vecCons 0
                                                                                                    (Matrix.vecCons 0
                                                                                                      (Matrix.vecCons 0
                                                                                                        ⋯)))))))))))))))))))))
                                                              28 +
                                                          (Matrix.vecCons 0
                                                                (fun i =>
                                                                  Matrix.vecCons 0
                                                                    (fun i =>
                                                                      Matrix.vecCons 0
                                                                        (fun i =>
                                                                          Matrix.vecCons 0
                                                                            (fun i =>
                                                                              Matrix.vecCons 0
                                                                                (fun i =>
                                                                                  Matrix.vecCons 0
                                                                                    (fun i =>
                                                                                      Matrix.vecCons 0
                                                                                        (fun i =>
                                                                                          Matrix.vecCons 2035716556
                                                                                            (fun i =>
                                                                                              Matrix.vecCons 424011718
                                                                                                (fun i =>
                                                                                                  Matrix.vecCons
                                                                                                    316613038
                                                                                                    (fun i =>
                                                                                                      Matrix.vecCons
                                                                                                        248049662 ⋯ i)
                                                                                                    i)
                                                                                                i)
                                                                                            i)
                                                                                        i)
                                                                                    i)
                                                                                i)
                                                                            i)
                                                                        i)
                                                                    i)
                                                                28 *
                                                              Matrix.vecCons 0
                                                                (Matrix.vecCons 0
                                                                  (Matrix.vecCons 0
                                                                    (Matrix.vecCons 0
                                                                      (Matrix.vecCons 0
                                                                        (Matrix.vecCons 0
                                                                          (Matrix.vecCons 0
                                                                            (Matrix.vecCons 0
                                                                              (Matrix.vecCons 0
                                                                                (Matrix.vecCons 0
                                                                                  (Matrix.vecCons 0
                                                                                    (Matrix.vecCons 0
                                                                                      (Matrix.vecCons 0
                                                                                        (Matrix.vecCons 0
                                                                                          (Matrix.vecCons 0
                                                                                            (Matrix.vecCons 0
                                                                                              (Matrix.vecCons 0
                                                                                                (Matrix.vecCons 0
                                                                                                  (Matrix.vecCons 0
                                                                                                    (Matrix.vecCons 0
                                                                                                      (Matrix.vecCons 0
                                                                                                        ⋯))))))))))))))))))))
                                                                28 +
                                                            (Matrix.vecCons 0
                                                                  (fun i =>
                                                                    Matrix.vecCons 0
                                                                      (fun i =>
                                                                        Matrix.vecCons 0
                                                                          (fun i =>
                                                                            Matrix.vecCons 0
                                                                              (fun i =>
                                                                                Matrix.vecCons 0
                                                                                  (fun i =>
                                                                                    Matrix.vecCons 0
                                                                                      (fun i =>
                                                                                        Matrix.vecCons 0
                                                                                          (fun i =>
                                                                                            Matrix.vecCons 1925741071
                                                                                              (fun i =>
                                                                                                Matrix.vecCons 585495284
                                                                                                  (fun i =>
                                                                                                    Matrix.vecCons
                                                                                                      1429768562
                                                                                                      (fun i => ⋯) i)
                                                                                                  i)
                                                                                              i)
                                                                                          i)
                                                                                      i)
                                                                                  i)
                                                                              i)
                                                                          i)
                                                                      i)
                                                                  28 *
                                                                Matrix.vecCons 0
                                                                  (Matrix.vecCons 0
                                                                    (Matrix.vecCons 0
                                                                      (Matrix.vecCons 0
                                                                        (Matrix.vecCons 0
                                                                          (Matrix.vecCons 0
                                                                            (Matrix.vecCons 0
                                                                              (Matrix.vecCons 0
                                                                                (Matrix.vecCons 0
                                                                                  (Matrix.vecCons 0
                                                                                    (Matrix.vecCons 0
                                                                                      (Matrix.vecCons 0
                                                                                        (Matrix.vecCons 0
                                                                                          (Matrix.vecCons 0
                                                                                            (Matrix.vecCons 0
                                                                                              (Matrix.vecCons 0
                                                                                                (Matrix.vecCons 0
                                                                                                  (Matrix.vecCons 0
                                                                                                    (Matrix.vecCons 0
                                                                                                      (Matrix.vecCons 0
                                                                                                        ⋯)))))))))))))))))))
                                                                  28 +
                                                              (Matrix.vecCons 0
                                                                    (fun i =>
                                                                      Matrix.vecCons 0
                                                                        (fun i =>
                                                                          Matrix.vecCons 0
                                                                            (fun i =>
                                                                              Matrix.vecCons 0
                                                                                (fun i =>
                                                                                  Matrix.vecCons 0
                                                                                    (fun i =>
                                                                                      Matrix.vecCons 0
                                                                                        (fun i =>
                                                                                          Matrix.vecCons 0
                                                                                            (fun i =>
                                                                                              Matrix.vecCons 22264545
                                                                                                (fun i =>
                                                                                                  Matrix.vecCons
                                                                                                    481800470
                                                                                                    (fun i =>
                                                                                                      Matrix.vecCons
                                                                                                        813404962 ⋯ i)
                                                                                                    i)
                                                                                                i)
                                                                                            i)
                                                                                        i)
                                                                                    i)
                                                                                i)
                                                                            i)
                                                                        i)
                                                                    28 *
                                                                  Matrix.vecCons 0
                                                                    (Matrix.vecCons 0
                                                                      (Matrix.vecCons 0
                                                                        (Matrix.vecCons 0
                                                                          (Matrix.vecCons 0
                                                                            (Matrix.vecCons 0
                                                                              (Matrix.vecCons 0
                                                                                (Matrix.vecCons 0
                                                                                  (Matrix.vecCons 0
                                                                                    (Matrix.vecCons 0
                                                                                      (Matrix.vecCons 0
                                                                                        (Matrix.vecCons 0
                                                                                          (Matrix.vecCons 0
                                                                                            (Matrix.vecCons 0
                                                                                              (Matrix.vecCons 0
                                                                                                (Matrix.vecCons 0
                                                                                                  (Matrix.vecCons 0
                                                                                                    (Matrix.vecCons 0
                                                                                                      (Matrix.vecCons 0
                                                                                                        ⋯))))))))))))))))))
                                                                    28 +
                                                                (Matrix.vecCons 0
                                                                      (fun i =>
                                                                        Matrix.vecCons 0
                                                                          (fun i =>
                                                                            Matrix.vecCons 0
                                                                              (fun i =>
                                                                                Matrix.vecCons 0
                                                                                  (fun i =>
                                                                                    Matrix.vecCons 0
                                                                                      (fun i =>
                                                                                        Matrix.vecCons 0
                                                                                          (fun i =>
                                                                                            Matrix.vecCons 0
                                                                                              (fun i =>
                                                                                                Matrix.vecCons 961490296
                                                                                                  (fun i =>
                                                                                                    Matrix.vecCons
                                                                                                      998776879
                                                                                                      (fun i => ⋯) i)
                                                                                                  i)
                                                                                              i)
                                                                                          i)
                                                                                      i)
                                                                                  i)
                                                                              i)
                                                                          i)
                                                                      28 *
                                                                    Matrix.vecCons 0
                                                                      (Matrix.vecCons 0
                                                                        (Matrix.vecCons 0
                                                                          (Matrix.vecCons 0
                                                                            (Matrix.vecCons 0
                                                                              (Matrix.vecCons 0
                                                                                (Matrix.vecCons 0
                                                                                  (Matrix.vecCons 0
                                                                                    (Matrix.vecCons 0
                                                                                      (Matrix.vecCons 0
                                                                                        (Matrix.vecCons 0
                                                                                          (Matrix.vecCons 0
                                                                                            (Matrix.vecCons 0
                                                                                              (Matrix.vecCons 0
                                                                                                (Matrix.vecCons 0
                                                                                                  (Matrix.vecCons 0
                                                                                                    (Matrix.vecCons 0
                                                                                                      (Matrix.vecCons 0
                                                                                                        ⋯)))))))))))))))))
                                                                      28 +
                                                                  (Matrix.vecCons 0
                                                                        (fun i =>
                                                                          Matrix.vecCons 0
                                                                            (fun i =>
                                                                              Matrix.vecCons 0
                                                                                (fun i =>
                                                                                  Matrix.vecCons 0
                                                                                    (fun i =>
                                                                                      Matrix.vecCons 0
                                                                                        (fun i =>
                                                                                          Matrix.vecCons 0
                                                                                            (fun i =>
                                                                                              Matrix.vecCons 0
                                                                                                (fun i =>
                                                                                                  Matrix.vecCons
                                                                                                    2032762705
                                                                                                    (fun i =>
                                                                                                      Matrix.vecCons
                                                                                                        2145677386 ⋯ i)
                                                                                                    i)
                                                                                                i)
                                                                                            i)
                                                                                        i)
                                                                                    i)
                                                                                i)
                                                                            i)
                                                                        28 *
                                                                      Matrix.vecCons 0
                                                                        (Matrix.vecCons 0
                                                                          (Matrix.vecCons 0
                                                                            (Matrix.vecCons 0
                                                                              (Matrix.vecCons 0
                                                                                (Matrix.vecCons 0
                                                                                  (Matrix.vecCons 0
                                                                                    (Matrix.vecCons 0
                                                                                      (Matrix.vecCons 0
                                                                                        (Matrix.vecCons 0
                                                                                          (Matrix.vecCons 0
                                                                                            (Matrix.vecCons 0
                                                                                              (Matrix.vecCons 0
                                                                                                (Matrix.vecCons 0
                                                                                                  (Matrix.vecCons 0
                                                                                                    (Matrix.vecCons 0
                                                                                                      (Matrix.vecCons 0
                                                                                                        ⋯))))))))))))))))
                                                                        28 +
                                                                    (Matrix.vecCons 0
                                                                          (fun i =>
                                                                            Matrix.vecCons 0
                                                                              (fun i =>
                                                                                Matrix.vecCons 0
                                                                                  (fun i =>
                                                                                    Matrix.vecCons 0
                                                                                      (fun i =>
                                                                                        Matrix.vecCons 0
                                                                                          (fun i =>
                                                                                            Matrix.vecCons 0
                                                                                              (fun i =>
                                                                                                Matrix.vecCons 0
                                                                                                  (fun i =>
                                                                                                    Matrix.vecCons
                                                                                                      871685798
                                                                                                      (fun i => ⋯) i)
                                                                                                  i)
                                                                                              i)
                                                                                          i)
                                                                                      i)
                                                                                  i)
                                                                              i)
                                                                          28 *
                                                                        Matrix.vecCons 0
                                                                          (Matrix.vecCons 0
                                                                            (Matrix.vecCons 0
                                                                              (Matrix.vecCons 0
                                                                                (Matrix.vecCons 0
                                                                                  (Matrix.vecCons 0
                                                                                    (Matrix.vecCons 0
                                                                                      (Matrix.vecCons 0
                                                                                        (Matrix.vecCons 0
                                                                                          (Matrix.vecCons 0
                                                                                            (Matrix.vecCons 0
                                                                                              (Matrix.vecCons 0
                                                                                                (Matrix.vecCons 0
                                                                                                  (Matrix.vecCons 0
                                                                                                    (Matrix.vecCons 0
                                                                                                      (Matrix.vecCons 0
                                                                                                        ⋯)))))))))))))))
                                                                          28 +
                                                                      (Matrix.vecCons 0
                                                                            (fun i =>
                                                                              Matrix.vecCons 0
                                                                                (fun i =>
                                                                                  Matrix.vecCons 0
                                                                                    (fun i =>
                                                                                      Matrix.vecCons 0
                                                                                        (fun i =>
                                                                                          Matrix.vecCons 0
                                                                                            (fun i =>
                                                                                              Matrix.vecCons 0
                                                                                                (fun i =>
                                                                                                  Matrix.vecCons 0
                                                                                                    (fun i =>
                                                                                                      Matrix.vecCons
                                                                                                        1681733553 ⋯ i)
                                                                                                    i)
                                                                                                i)
                                                                                            i)
                                                                                        i)
                                                                                    i)
                                                                                i)
                                                                            28 *
                                                                          Matrix.vecCons 0
                                                                            (Matrix.vecCons 0
                                                                              (Matrix.vecCons 0
                                                                                (Matrix.vecCons 0
                                                                                  (Matrix.vecCons 0
                                                                                    (Matrix.vecCons 0
                                                                                      (Matrix.vecCons 0
                                                                                        (Matrix.vecCons 0
                                                                                          (Matrix.vecCons 0
                                                                                            (Matrix.vecCons 0
                                                                                              (Matrix.vecCons 0
                                                                                                (Matrix.vecCons 0
                                                                                                  (Matrix.vecCons 0
                                                                                                    (Matrix.vecCons 0
                                                                                                      (Matrix.vecCons 0
                                                                                                        ⋯))))))))))))))
                                                                            28 +
                                                                        (Matrix.vecCons 0
                                                                              (fun i =>
                                                                                Matrix.vecCons 0
                                                                                  (fun i =>
                                                                                    Matrix.vecCons 0
                                                                                      (fun i =>
                                                                                        Matrix.vecCons 0
                                                                                          (fun i =>
                                                                                            Matrix.vecCons 0
                                                                                              (fun i =>
                                                                                                Matrix.vecCons 0
                                                                                                  (fun i =>
                                                                                                    Matrix.vecCons 0
                                                                                                      (fun i => ⋯) i)
                                                                                                  i)
                                                                                              i)
                                                                                          i)
                                                                                      i)
                                                                                  i)
                                                                              28 *
                                                                            Matrix.vecCons 0
                                                                              (Matrix.vecCons 0
                                                                                (Matrix.vecCons 0
                                                                                  (Matrix.vecCons 0
                                                                                    (Matrix.vecCons 0
                                                                                      (Matrix.vecCons 0
                                                                                        (Matrix.vecCons 0
                                                                                          (Matrix.vecCons 0
                                                                                            (Matrix.vecCons 0
                                                                                              (Matrix.vecCons 0
                                                                                                (Matrix.vecCons 0
                                                                                                  (Matrix.vecCons 0
                                                                                                    (Matrix.vecCons 0
                                                                                                      (Matrix.vecCons 0
                                                                                                        ⋯)))))))))))))
                                                                              28 +
                                                                          (Matrix.vecCons 0
                                                                                (fun i =>
                                                                                  Matrix.vecCons 0
                                                                                    (fun i =>
                                                                                      Matrix.vecCons 0
                                                                                        (fun i =>
                                                                                          Matrix.vecCons 0
                                                                                            (fun i =>
                                                                                              Matrix.vecCons 0
                                                                                                (fun i =>
                                                                                                  Matrix.vecCons 0
                                                                                                    (fun i =>
                                                                                                      Matrix.vecCons 0 ⋯
                                                                                                        i)
                                                                                                    i)
                                                                                                i)
                                                                                            i)
                                                                                        i)
                                                                                    i)
                                                                                28 *
                                                                              Matrix.vecCons 0
                                                                                (Matrix.vecCons 0
                                                                                  (Matrix.vecCons 0
                                                                                    (Matrix.vecCons 0
                                                                                      (Matrix.vecCons 0
                                                                                        (Matrix.vecCons 0
                                                                                          (Matrix.vecCons 0
                                                                                            (Matrix.vecCons 0
                                                                                              (Matrix.vecCons 0
                                                                                                (Matrix.vecCons 0
                                                                                                  (Matrix.vecCons 0
                                                                                                    (Matrix.vecCons 0
                                                                                                      (Matrix.vecCons 0
                                                                                                        ⋯))))))))))))
                                                                                28 +
                                                                            (Matrix.vecCons 0
                                                                                  (fun i =>
                                                                                    Matrix.vecCons 0
                                                                                      (fun i =>
                                                                                        Matrix.vecCons 0
                                                                                          (fun i =>
                                                                                            Matrix.vecCons 0
                                                                                              (fun i =>
                                                                                                Matrix.vecCons 0
                                                                                                  (fun i =>
                                                                                                    Matrix.vecCons 0
                                                                                                      (fun i => ⋯) i)
                                                                                                  i)
                                                                                              i)
                                                                                          i)
                                                                                      i)
                                                                                  28 *
                                                                                Matrix.vecCons 0
                                                                                  (Matrix.vecCons 0
                                                                                    (Matrix.vecCons 0
                                                                                      (Matrix.vecCons 0
                                                                                        (Matrix.vecCons 0
                                                                                          (Matrix.vecCons 0
                                                                                            (Matrix.vecCons 0
                                                                                              (Matrix.vecCons 0
                                                                                                (Matrix.vecCons 0
                                                                                                  (Matrix.vecCons 0
                                                                                                    (Matrix.vecCons 0
                                                                                                      (Matrix.vecCons 0
                                                                                                        ⋯)))))))))))
                                                                                  28 +
                                                                              (Matrix.vecCons 1411443648
                                                                                    (fun i =>
                                                                                      Matrix.vecCons 149068425
                                                                                        (fun i =>
                                                                                          Matrix.vecCons 167562024
                                                                                            (fun i =>
                                                                                              Matrix.vecCons 662316722
                                                                                                (fun i =>
                                                                                                  Matrix.vecCons
                                                                                                    155245617
                                                                                                    (fun i =>
                                                                                                      Matrix.vecCons
                                                                                                        1344285186 ⋯ i)
                                                                                                    i)
                                                                                                i)
                                                                                            i)
                                                                                        i)
                                                                                    28 *
                                                                                  Matrix.vecCons 0
                                                                                    (Matrix.vecCons 0
                                                                                      (Matrix.vecCons 0
                                                                                        (Matrix.vecCons 0
                                                                                          (Matrix.vecCons 0
                                                                                            (Matrix.vecCons 12960
                                                                                              (Matrix.vecCons 65664
                                                                                                (Matrix.vecCons 0
                                                                                                  (Matrix.vecCons 0
                                                                                                    (Matrix.vecCons 0
                                                                                                      (Matrix.vecCons 0
                                                                                                        ⋯))))))))))
                                                                                    28 +
                                                                                Matrix.vecCons 1677002431
                                                                                    (fun i =>
                                                                                      Matrix.vecCons 2097794172
                                                                                        (fun i =>
                                                                                          Matrix.vecCons 2091629639
                                                                                            (fun i =>
                                                                                              Matrix.vecCons 1210883524
                                                                                                (fun i =>
                                                                                                  Matrix.vecCons
                                                                                                    2095735108
                                                                                                    (fun i =>
                                                                                                      Matrix.vecCons
                                                                                                        1699388585 ⋯ i)
                                                                                                    i)
                                                                                                i)
                                                                                            i)
                                                                                        i)
                                                                                    28 *
                                                                                  Matrix.vecCons 0
                                                                                    (Matrix.vecCons 0
                                                                                      (Matrix.vecCons 0
                                                                                        (Matrix.vecCons 0
                                                                                          (Matrix.vecCons 0
                                                                                            (Matrix.vecCons 4320
                                                                                              (Matrix.vecCons 21888
                                                                                                (Matrix.vecCons 0
                                                                                                  (Matrix.vecCons 0
                                                                                                    (Matrix.vecCons 0
                                                                                                      (Matrix.vecCons 0
                                                                                                        ⋯))))))))))
                                                                                    28))))))))))))))))))))))))))))))))))))) =
    1
'R747JointBlock39Preflight.selected_cell' depends on axioms: [propext, sorryAx, Classical.choice, Quot.sound]
Command exited with non-zero status 1
	Command being timed: "/home/dombarker/.elan/bin/lake --dir /home/dombarker/project-offloads/aspis-r126-release-20260930-a/focus-workspace env lean -j1 -M4500 -R /home/dombarker/project-offloads/aspis-r57-lean-src-20260929-a -o /home/dombarker/project-offloads/aspis-r126-release-20260930-a/lib/AspisV8R19/R747JointBlock39Preflight.olean /home/dombarker/project-offloads/aspis-r57-lean-src-20260929-a/AspisV8R19/R747JointBlock39Preflight.lean"
	User time (seconds): 7.16
	System time (seconds): 0.40
	Percent of CPU this job got: 102%
	Elapsed (wall clock) time (h:mm:ss or m:ss): 0:07.36
	Average shared text size (kbytes): 0
	Average unshared data size (kbytes): 0
	Average stack size (kbytes): 0
	Average total size (kbytes): 0
	Maximum resident set size (kbytes): 3407572
	Average resident set size (kbytes): 0
	Major (requiring I/O) page faults: 1
	Minor (reclaiming a frame) page faults: 87646
	Voluntary context switches: 3805
	Involuntary context switches: 110
	Swaps: 0
	File system inputs: 128
	File system outputs: 0
	Socket messages sent: 0
	Socket messages received: 0
	Signals delivered: 0
	Page size (bytes): 4096
	Exit status: 1
Finished with result: exit-code
Main processes terminated with: code=exited/status=1
Service runtime: 7.395s
CPU time consumed: 7.591s
Memory peak: 256.0K
Memory swap peak: 0B
