Warning: Permanently added '100.108.41.90' (ED25519) to the list of known hosts.
Running as unit: aspis-focus-1791141221654931000.service; invocation ID: 3aa66cac15214bcfa86d96a1451c5e66
/home/dombarker/project-offloads/aspis-r57-lean-src-20260929-a/AspisV8R19/R747JointBlock39Preflight.lean:97:45: error: unsolved goals
⊢ ![0, 0, 0, 0, 0, 0, 0, 0, 0, 0, 0, 0, 0, 0, 0, 0, 0, 0, 0, 0, 0, 0, 1431898839, 134045234, 1686005120, 694069769,
            1840265651, 156442005, 664666242, 394512287, 1418094308, 485449213, 153127095, 369619525, 1479851757,
            375442257, 82226323, 186410979, 1588250710]
          2 *
        Matrix.vecCons
          (![2147483409, 0, 0, 0, 0, 0, 0, 0, 0, 0, 0, 0, 0, 0, 0, 0, 0, 0, 0, 0, 0, 0, 0, 0, 0, 0, 0, 0, 0, 0, 0, 0, 0,
              0, 0, 0, 0, 1342177280, 0]
            28)
          (fun i =>
            Matrix.vecCons
              (![1073741826, 1073741772, 1073741483, 0, 0, 0, 0, 0, 0, 0, 0, 0, 0, 0, 0, 0, 0, 0, 0, 0, 0, 0, 0, 0, 0,
                  0, 0, 0, 0, 0, 0, 0, 0, 0, 0, 0, 0, 0, 0]
                28)
              (fun i =>
                Matrix.vecCons
                  (![0, 2147483612, 2147483409, 0, 0, 0, 0, 0, 0, 0, 0, 0, 0, 0, 0, 0, 0, 0, 0, 0, 0, 0, 0, 0, 0, 0, 0,
                      0, 0, 0, 0, 0, 0, 0, 0, 0, 0, 0, 0]
                    28)
                  (fun i =>
                    Matrix.vecCons
                      (![0, 536870913, 536870913, 1073741772, 1073741483, 536870913, 536870913, 0, 0, 0, 0, 0, 0, 0, 0,
                          0, 0, 0, 0, 0, 0, 0, 0, 0, 0, 0, 0, 0, 0, 0, 0, 0, 0, 0, 0, 0, 0, 0, 0]
                        28)
                      (fun i =>
                        Matrix.vecCons
                          (![0, 0, 0, 2147483612, 2147483409, 0, 0, 0, 0, 0, 0, 0, 0, 0, 0, 0, 0, 0, 0, 0, 0, 0, 0, 0,
                              0, 0, 0, 0, 0, 0, 0, 0, 0, 0, 0, 0, 0, 0, 0]
                            28)
                          (fun i =>
                            Matrix.vecCons
                              (Matrix.vecCons 0
                                (Matrix.vecCons 0
                                  (Matrix.vecCons 0
                                    (Matrix.vecCons 1073741826
                                      (Matrix.vecCons 1073741826
                                        (Matrix.vecCons 1073741772
                                          (Matrix.vecCons 1073741483
                                            (Matrix.vecCons 0
                                              (Matrix.vecCons 0
                                                (Matrix.vecCons 0
                                                  (Matrix.vecCons 0
                                                    (Matrix.vecCons 0
                                                      (Matrix.vecCons 0
                                                        (Matrix.vecCons 0
                                                          (Matrix.vecCons 0
                                                            (Matrix.vecCons 0
                                                              (Matrix.vecCons 0
                                                                (Matrix.vecCons 0
                                                                  (Matrix.vecCons 0
                                                                    (Matrix.vecCons 0
                                                                      (Matrix.vecCons 0
                                                                        (Matrix.vecCons 0
                                                                          (Matrix.vecCons 0
                                                                            (Matrix.vecCons 0
                                                                              (Matrix.vecCons 0
                                                                                (Matrix.vecCons 0
                                                                                  (Matrix.vecCons 0
                                                                                    (Matrix.vecCons 0
                                                                                      (Matrix.vecCons 0
                                                                                        (Matrix.vecCons 0
                                                                                          (Matrix.vecCons 0
                                                                                            (Matrix.vecCons 0
                                                                                              (Matrix.vecCons 0
                                                                                                (Matrix.vecCons 0
                                                                                                  (Matrix.vecCons 0
                                                                                                    (Matrix.vecCons 0
                                                                                                      (Matrix.vecCons 0
                                                                                                        ⋯))))))))))))))))))))))))))))))))))))
                                28)
                              (fun i =>
                                Matrix.vecCons
                                  (Matrix.vecCons 0
                                    (Matrix.vecCons 0
                                      (Matrix.vecCons 0
                                        (Matrix.vecCons 0
                                          (Matrix.vecCons 0
                                            (Matrix.vecCons 2147483612
                                              (Matrix.vecCons 2147483409
                                                (Matrix.vecCons 0
                                                  (Matrix.vecCons 0
                                                    (Matrix.vecCons 0
                                                      (Matrix.vecCons 0
                                                        (Matrix.vecCons 0
                                                          (Matrix.vecCons 0
                                                            (Matrix.vecCons 0
                                                              (Matrix.vecCons 0
                                                                (Matrix.vecCons 0
                                                                  (Matrix.vecCons 0
                                                                    (Matrix.vecCons 0
                                                                      (Matrix.vecCons 0
                                                                        (Matrix.vecCons 0
                                                                          (Matrix.vecCons 0
                                                                            (Matrix.vecCons 0
                                                                              (Matrix.vecCons 0
                                                                                (Matrix.vecCons 0
                                                                                  (Matrix.vecCons 0
                                                                                    (Matrix.vecCons 0
                                                                                      (Matrix.vecCons 0
                                                                                        (Matrix.vecCons 0
                                                                                          (Matrix.vecCons 0
                                                                                            (Matrix.vecCons 0
                                                                                              (Matrix.vecCons 0
                                                                                                (Matrix.vecCons 0
                                                                                                  (Matrix.vecCons 0
                                                                                                    (Matrix.vecCons 0
                                                                                                      (Matrix.vecCons 0
                                                                                                        ⋯))))))))))))))))))))))))))))))))))
                                    28)
                                  (fun i =>
                                    Matrix.vecCons
                                      (Matrix.vecCons 0
                                        (Matrix.vecCons 0
                                          (Matrix.vecCons 0
                                            (Matrix.vecCons 0
                                              (Matrix.vecCons 0
                                                (Matrix.vecCons 0
                                                  (Matrix.vecCons 0
                                                    (Matrix.vecCons 2147483409
                                                      (Matrix.vecCons 0
                                                        (Matrix.vecCons 0
                                                          (Matrix.vecCons 0
                                                            (Matrix.vecCons 0
                                                              (Matrix.vecCons 0
                                                                (Matrix.vecCons 0
                                                                  (Matrix.vecCons 0
                                                                    (Matrix.vecCons 0
                                                                      (Matrix.vecCons 0
                                                                        (Matrix.vecCons 0
                                                                          (Matrix.vecCons 0
                                                                            (Matrix.vecCons 0
                                                                              (Matrix.vecCons 0
                                                                                (Matrix.vecCons 0
                                                                                  (Matrix.vecCons 0
                                                                                    (Matrix.vecCons 0
                                                                                      (Matrix.vecCons 0
                                                                                        (Matrix.vecCons 0
                                                                                          (Matrix.vecCons 0
                                                                                            (Matrix.vecCons 0
                                                                                              (Matrix.vecCons 0
                                                                                                (Matrix.vecCons 0
                                                                                                  (Matrix.vecCons 0
                                                                                                    (Matrix.vecCons 0
                                                                                                      (Matrix.vecCons 0
                                                                                                        ⋯))))))))))))))))))))))))))))))))
                                        28)
                                      (fun i =>
                                        Matrix.vecCons
                                          (Matrix.vecCons 0
                                            (Matrix.vecCons 0
                                              (Matrix.vecCons 0
                                                (Matrix.vecCons 0
                                                  (Matrix.vecCons 0
                                                    (Matrix.vecCons 0
                                                      (Matrix.vecCons 0
                                                        (Matrix.vecCons 1073741826
                                                          (Matrix.vecCons 1073741772
                                                            (Matrix.vecCons 1073741483
                                                              (Matrix.vecCons 0
                                                                (Matrix.vecCons 0
                                                                  (Matrix.vecCons 0
                                                                    (Matrix.vecCons 0
                                                                      (Matrix.vecCons 0
                                                                        (Matrix.vecCons 0
                                                                          (Matrix.vecCons 0
                                                                            (Matrix.vecCons 0
                                                                              (Matrix.vecCons 0
                                                                                (Matrix.vecCons 0
                                                                                  (Matrix.vecCons 0
                                                                                    (Matrix.vecCons 0
                                                                                      (Matrix.vecCons 0
                                                                                        (Matrix.vecCons 0
                                                                                          (Matrix.vecCons 0
                                                                                            (Matrix.vecCons 0
                                                                                              (Matrix.vecCons 0
                                                                                                (Matrix.vecCons 0
                                                                                                  (Matrix.vecCons 0
                                                                                                    (Matrix.vecCons 0
                                                                                                      (Matrix.vecCons 0
                                                                                                        ⋯))))))))))))))))))))))))))))))
                                            28)
                                          (fun i =>
                                            Matrix.vecCons
                                              (Matrix.vecCons 0
                                                (Matrix.vecCons 0
                                                  (Matrix.vecCons 0
                                                    (Matrix.vecCons 0
                                                      (Matrix.vecCons 0
                                                        (Matrix.vecCons 0
                                                          (Matrix.vecCons 0
                                                            (Matrix.vecCons 0
                                                              (Matrix.vecCons 2147483612
                                                                (Matrix.vecCons 2147483409
                                                                  (Matrix.vecCons 0
                                                                    (Matrix.vecCons 0
                                                                      (Matrix.vecCons 0
                                                                        (Matrix.vecCons 0
                                                                          (Matrix.vecCons 0
                                                                            (Matrix.vecCons 0
                                                                              (Matrix.vecCons 0
                                                                                (Matrix.vecCons 0
                                                                                  (Matrix.vecCons 0
                                                                                    (Matrix.vecCons 0
                                                                                      (Matrix.vecCons 0
                                                                                        (Matrix.vecCons 0
                                                                                          (Matrix.vecCons 0
                                                                                            (Matrix.vecCons 0
                                                                                              (Matrix.vecCons 0
                                                                                                (Matrix.vecCons 0
                                                                                                  (Matrix.vecCons 0
                                                                                                    (Matrix.vecCons 0
                                                                                                      (Matrix.vecCons 0
                                                                                                        ⋯))))))))))))))))))))))))))))
                                                28)
                                              (fun i =>
                                                Matrix.vecCons
                                                  (Matrix.vecCons 0
                                                    (Matrix.vecCons 0
                                                      (Matrix.vecCons 0
                                                        (Matrix.vecCons 0
                                                          (Matrix.vecCons 0
                                                            (Matrix.vecCons 0
                                                              (Matrix.vecCons 0
                                                                (Matrix.vecCons 0
                                                                  (Matrix.vecCons 536870913
                                                                    (Matrix.vecCons 536870913
                                                                      (Matrix.vecCons 1073741772
                                                                        (Matrix.vecCons 1073741483
                                                                          (Matrix.vecCons 536870913
                                                                            (Matrix.vecCons 536870913
                                                                              (Matrix.vecCons 0
                                                                                (Matrix.vecCons 0
                                                                                  (Matrix.vecCons 0
                                                                                    (Matrix.vecCons 0
                                                                                      (Matrix.vecCons 0
                                                                                        (Matrix.vecCons 0
                                                                                          (Matrix.vecCons 0
                                                                                            (Matrix.vecCons 0
                                                                                              (Matrix.vecCons 0
                                                                                                (Matrix.vecCons 0
                                                                                                  (Matrix.vecCons 0
                                                                                                    (Matrix.vecCons 0
                                                                                                      (Matrix.vecCons 0
                                                                                                        ⋯))))))))))))))))))))))))))
                                                    28)
                                                  (fun i =>
                                                    Matrix.vecCons
                                                      (Matrix.vecCons 0
                                                        (Matrix.vecCons 0
                                                          (Matrix.vecCons 0
                                                            (Matrix.vecCons 0
                                                              (Matrix.vecCons 0
                                                                (Matrix.vecCons 0
                                                                  (Matrix.vecCons 0
                                                                    (Matrix.vecCons 0
                                                                      (Matrix.vecCons 0
                                                                        (Matrix.vecCons 0
                                                                          (Matrix.vecCons 2147483612
                                                                            (Matrix.vecCons 2147483409
                                                                              (Matrix.vecCons 0
                                                                                (Matrix.vecCons 0
                                                                                  (Matrix.vecCons 0
                                                                                    (Matrix.vecCons 0
                                                                                      (Matrix.vecCons 0
                                                                                        (Matrix.vecCons 0
                                                                                          (Matrix.vecCons 0
                                                                                            (Matrix.vecCons 0
                                                                                              (Matrix.vecCons 0
                                                                                                (Matrix.vecCons 0
                                                                                                  (Matrix.vecCons 0
                                                                                                    (Matrix.vecCons 0
                                                                                                      (Matrix.vecCons 0
                                                                                                        ⋯))))))))))))))))))))))))
                                                        28)
                                                      (fun i =>
                                                        Matrix.vecCons
                                                          (Matrix.vecCons 0
                                                            (Matrix.vecCons 0
                                                              (Matrix.vecCons 0
                                                                (Matrix.vecCons 0
                                                                  (Matrix.vecCons 0
                                                                    (Matrix.vecCons 0
                                                                      (Matrix.vecCons 0
                                                                        (Matrix.vecCons 0
                                                                          (Matrix.vecCons 0
                                                                            (Matrix.vecCons 0
                                                                              (Matrix.vecCons 1073741826
                                                                                (Matrix.vecCons 1073741826
                                                                                  (Matrix.vecCons 1073741772
                                                                                    (Matrix.vecCons 1073741483
                                                                                      (Matrix.vecCons 0
                                                                                        (Matrix.vecCons 0
                                                                                          (Matrix.vecCons 0
                                                                                            (Matrix.vecCons 0
                                                                                              (Matrix.vecCons 0
                                                                                                (Matrix.vecCons 0
                                                                                                  (Matrix.vecCons 0
                                                                                                    (Matrix.vecCons 0
                                                                                                      (Matrix.vecCons 0
                                                                                                        ⋯))))))))))))))))))))))
                                                            28)
                                                          (fun i =>
                                                            Matrix.vecCons
                                                              (Matrix.vecCons 0
                                                                (Matrix.vecCons 0
                                                                  (Matrix.vecCons 0
                                                                    (Matrix.vecCons 0
                                                                      (Matrix.vecCons 0
                                                                        (Matrix.vecCons 0
                                                                          (Matrix.vecCons 0
                                                                            (Matrix.vecCons 0
                                                                              (Matrix.vecCons 0
                                                                                (Matrix.vecCons 0
                                                                                  (Matrix.vecCons 0
                                                                                    (Matrix.vecCons 0
                                                                                      (Matrix.vecCons 2147483612
                                                                                        (Matrix.vecCons 2147483409
                                                                                          (Matrix.vecCons 0
                                                                                            (Matrix.vecCons 0
                                                                                              (Matrix.vecCons 0
                                                                                                (Matrix.vecCons 0
                                                                                                  (Matrix.vecCons 0
                                                                                                    (Matrix.vecCons 0
                                                                                                      (Matrix.vecCons 0
                                                                                                        ⋯))))))))))))))))))))
                                                                28)
                                                              (fun i =>
                                                                Matrix.vecCons
                                                                  (Matrix.vecCons 0
                                                                    (Matrix.vecCons 0
                                                                      (Matrix.vecCons 0
                                                                        (Matrix.vecCons 0
                                                                          (Matrix.vecCons 0
                                                                            (Matrix.vecCons 0
                                                                              (Matrix.vecCons 0
                                                                                (Matrix.vecCons 0
                                                                                  (Matrix.vecCons 0
                                                                                    (Matrix.vecCons 0
                                                                                      (Matrix.vecCons 0
                                                                                        (Matrix.vecCons 0
                                                                                          (Matrix.vecCons 1342177280
                                                                                            (Matrix.vecCons 1342177280
                                                                                              (Matrix.vecCons 1073741772
                                                                                                (Matrix.vecCons
                                                                                                  1073741483
                                                                                                  (Matrix.vecCons
                                                                                                    536870913
                                                                                                    (Matrix.vecCons
                                                                                                      536870913
                                                                                                      (Matrix.vecCons 0
                                                                                                        ⋯))))))))))))))))))
                                                                    28)
                                                                  (fun i =>
                                                                    Matrix.vecCons
                                                                      (Matrix.vecCons 0
                                                                        (Matrix.vecCons 0
                                                                          (Matrix.vecCons 0
                                                                            (Matrix.vecCons 0
                                                                              (Matrix.vecCons 0
                                                                                (Matrix.vecCons 0
                                                                                  (Matrix.vecCons 0
                                                                                    (Matrix.vecCons 0
                                                                                      (Matrix.vecCons 0
                                                                                        (Matrix.vecCons 0
                                                                                          (Matrix.vecCons 0
                                                                                            (Matrix.vecCons 0
                                                                                              (Matrix.vecCons 0
                                                                                                (Matrix.vecCons 0
                                                                                                  (Matrix.vecCons
                                                                                                    2147483612
                                                                                                    (Matrix.vecCons
                                                                                                      2147483409
                                                                                                      (Matrix.vecCons 0
                                                                                                        ⋯))))))))))))))))
                                                                        28)
                                                                      (fun i =>
                                                                        Matrix.vecCons
                                                                          (Matrix.vecCons 0
                                                                            (Matrix.vecCons 0
                                                                              (Matrix.vecCons 0
                                                                                (Matrix.vecCons 0
                                                                                  (Matrix.vecCons 0
                                                                                    (Matrix.vecCons 0
                                                                                      (Matrix.vecCons 0
                                                                                        (Matrix.vecCons 0
                                                                                          (Matrix.vecCons 0
                                                                                            (Matrix.vecCons 0
                                                                                              (Matrix.vecCons 0
                                                                                                (Matrix.vecCons 0
                                                                                                  (Matrix.vecCons 0
                                                                                                    (Matrix.vecCons 0
                                                                                                      (Matrix.vecCons
                                                                                                        1073741826
                                                                                                        ⋯))))))))))))))
                                                                            28)
                                                                          (fun i =>
                                                                            Matrix.vecCons
                                                                              (Matrix.vecCons 0
                                                                                (Matrix.vecCons 0
                                                                                  (Matrix.vecCons 0
                                                                                    (Matrix.vecCons 0
                                                                                      (Matrix.vecCons 0
                                                                                        (Matrix.vecCons 0
                                                                                          (Matrix.vecCons 0
                                                                                            (Matrix.vecCons 0
                                                                                              (Matrix.vecCons 0
                                                                                                (Matrix.vecCons 0
                                                                                                  (Matrix.vecCons 0
                                                                                                    (Matrix.vecCons 0
                                                                                                      (Matrix.vecCons 0
                                                                                                        ⋯))))))))))))
                                                                                28)
                                                                              (fun i =>
                                                                                Matrix.vecCons
                                                                                  (Matrix.vecCons 0
                                                                                    (Matrix.vecCons 0
                                                                                      (Matrix.vecCons 0
                                                                                        (Matrix.vecCons 0
                                                                                          (Matrix.vecCons 0
                                                                                            (Matrix.vecCons 0
                                                                                              (Matrix.vecCons 0
                                                                                                (Matrix.vecCons 0
                                                                                                  (Matrix.vecCons 0
                                                                                                    (Matrix.vecCons 0
                                                                                                      (Matrix.vecCons 0
                                                                                                        ⋯))))))))))
                                                                                    28)
                                                                                  (fun i =>
                                                                                    Matrix.vecCons
                                                                                      (Matrix.vecCons 0
                                                                                        (Matrix.vecCons 0
                                                                                          (Matrix.vecCons 0
                                                                                            (Matrix.vecCons 0
                                                                                              (Matrix.vecCons 0
                                                                                                (Matrix.vecCons 0
                                                                                                  (Matrix.vecCons 0
                                                                                                    (Matrix.vecCons 0
                                                                                                      (Matrix.vecCons 0
                                                                                                        ⋯))))))))
                                                                                        28)
                                                                                      (fun i =>
                                                                                        Matrix.vecCons
                                                                                          (Matrix.vecCons 0
                                                                                            (Matrix.vecCons 0
                                                                                              (Matrix.vecCons 0
                                                                                                (Matrix.vecCons 0
                                                                                                  (Matrix.vecCons 0
                                                                                                    (Matrix.vecCons 0
                                                                                                      (Matrix.vecCons 0
                                                                                                        ⋯))))))
                                                                                            28)
                                                                                          (fun i =>
                                                                                            Matrix.vecCons
                                                                                              (Matrix.vecCons 0
                                                                                                (Matrix.vecCons 0
                                                                                                  (Matrix.vecCons 0
                                                                                                    (Matrix.vecCons 0
                                                                                                      (Matrix.vecCons 0
                                                                                                        ⋯))))
                                                                                                28)
                                                                                              (fun i =>
                                                                                                Matrix.vecCons
                                                                                                  (Matrix.vecCons 0
                                                                                                    (Matrix.vecCons 0
                                                                                                      (Matrix.vecCons 0
                                                                                                        ⋯))
                                                                                                    28)
                                                                                                  (fun i =>
                                                                                                    Matrix.vecCons
                                                                                                      (Matrix.vecCons 0
                                                                                                        ⋯ 28)
                                                                                                      (fun i => ⋯) i)
                                                                                                  i)
                                                                                              i)
                                                                                          i)
                                                                                      i)
                                                                                  i)
                                                                              i)
                                                                          i)
                                                                      i)
                                                                  i)
                                                              i)
                                                          i)
                                                      i)
                                                  i)
                                              i)
                                          i)
                                      i)
                                  i)
                              i)
                          i)
                      i)
                  i)
              i)
          2 +
      (![0, 0, 0, 0, 0, 0, 0, 0, 0, 0, 0, 0, 0, 0, 0, 0, 0, 0, 0, 0, 0, 1431898839, 134045234, 1686005120, 694069769,
              1840265651, 156442005, 664666242, 394512287, 1418094308, 485449213, 153127095, 369619525, 1479851757,
              375442257, 82226323, 186410979, 1588250710]
            2 *
          Matrix.vecCons
            (![1073741826, 1073741772, 1073741483, 0, 0, 0, 0, 0, 0, 0, 0, 0, 0, 0, 0, 0, 0, 0, 0, 0, 0, 0, 0, 0, 0, 0,
                0, 0, 0, 0, 0, 0, 0, 0, 0, 0, 0, 0, 0]
              28)
            (fun i =>
              Matrix.vecCons
                (![0, 2147483612, 2147483409, 0, 0, 0, 0, 0, 0, 0, 0, 0, 0, 0, 0, 0, 0, 0, 0, 0, 0, 0, 0, 0, 0, 0, 0, 0,
                    0, 0, 0, 0, 0, 0, 0, 0, 0, 0, 0]
                  28)
                (fun i =>
                  Matrix.vecCons
                    (![0, 536870913, 536870913, 1073741772, 1073741483, 536870913, 536870913, 0, 0, 0, 0, 0, 0, 0, 0, 0,
                        0, 0, 0, 0, 0, 0, 0, 0, 0, 0, 0, 0, 0, 0, 0, 0, 0, 0, 0, 0, 0, 0, 0]
                      28)
                    (fun i =>
                      Matrix.vecCons
                        (![0, 0, 0, 2147483612, 2147483409, 0, 0, 0, 0, 0, 0, 0, 0, 0, 0, 0, 0, 0, 0, 0, 0, 0, 0, 0, 0,
                            0, 0, 0, 0, 0, 0, 0, 0, 0, 0, 0, 0, 0, 0]
                          28)
                        (fun i =>
                          Matrix.vecCons
                            (Matrix.vecCons 0
                              (Matrix.vecCons 0
                                (Matrix.vecCons 0
                                  (Matrix.vecCons 1073741826
                                    (Matrix.vecCons 1073741826
                                      (Matrix.vecCons 1073741772
                                        (Matrix.vecCons 1073741483
                                          (Matrix.vecCons 0
                                            (Matrix.vecCons 0
                                              (Matrix.vecCons 0
                                                (Matrix.vecCons 0
                                                  (Matrix.vecCons 0
                                                    (Matrix.vecCons 0
                                                      (Matrix.vecCons 0
                                                        (Matrix.vecCons 0
                                                          (Matrix.vecCons 0
                                                            (Matrix.vecCons 0
                                                              (Matrix.vecCons 0
                                                                (Matrix.vecCons 0
                                                                  (Matrix.vecCons 0
                                                                    (Matrix.vecCons 0
                                                                      (Matrix.vecCons 0
                                                                        (Matrix.vecCons 0
                                                                          (Matrix.vecCons 0
                                                                            (Matrix.vecCons 0
                                                                              (Matrix.vecCons 0
                                                                                (Matrix.vecCons 0
                                                                                  (Matrix.vecCons 0
                                                                                    (Matrix.vecCons 0
                                                                                      (Matrix.vecCons 0
                                                                                        (Matrix.vecCons 0
                                                                                          (Matrix.vecCons 0
                                                                                            (Matrix.vecCons 0
                                                                                              (Matrix.vecCons 0
                                                                                                (Matrix.vecCons 0
                                                                                                  (Matrix.vecCons 0
                                                                                                    (Matrix.vecCons 0
                                                                                                      (Matrix.vecCons 0
                                                                                                        ⋯)))))))))))))))))))))))))))))))))))))
                              28)
                            (fun i =>
                              Matrix.vecCons
                                (Matrix.vecCons 0
                                  (Matrix.vecCons 0
                                    (Matrix.vecCons 0
                                      (Matrix.vecCons 0
                                        (Matrix.vecCons 0
                                          (Matrix.vecCons 2147483612
                                            (Matrix.vecCons 2147483409
                                              (Matrix.vecCons 0
                                                (Matrix.vecCons 0
                                                  (Matrix.vecCons 0
                                                    (Matrix.vecCons 0
                                                      (Matrix.vecCons 0
                                                        (Matrix.vecCons 0
                                                          (Matrix.vecCons 0
                                                            (Matrix.vecCons 0
                                                              (Matrix.vecCons 0
                                                                (Matrix.vecCons 0
                                                                  (Matrix.vecCons 0
                                                                    (Matrix.vecCons 0
                                                                      (Matrix.vecCons 0
                                                                        (Matrix.vecCons 0
                                                                          (Matrix.vecCons 0
                                                                            (Matrix.vecCons 0
                                                                              (Matrix.vecCons 0
                                                                                (Matrix.vecCons 0
                                                                                  (Matrix.vecCons 0
                                                                                    (Matrix.vecCons 0
                                                                                      (Matrix.vecCons 0
                                                                                        (Matrix.vecCons 0
                                                                                          (Matrix.vecCons 0
                                                                                            (Matrix.vecCons 0
                                                                                              (Matrix.vecCons 0
                                                                                                (Matrix.vecCons 0
                                                                                                  (Matrix.vecCons 0
                                                                                                    (Matrix.vecCons 0
                                                                                                      (Matrix.vecCons 0
                                                                                                        ⋯)))))))))))))))))))))))))))))))))))
                                  28)
                                (fun i =>
                                  Matrix.vecCons
                                    (Matrix.vecCons 0
                                      (Matrix.vecCons 0
                                        (Matrix.vecCons 0
                                          (Matrix.vecCons 0
                                            (Matrix.vecCons 0
                                              (Matrix.vecCons 0
                                                (Matrix.vecCons 0
                                                  (Matrix.vecCons 2147483409
                                                    (Matrix.vecCons 0
                                                      (Matrix.vecCons 0
                                                        (Matrix.vecCons 0
                                                          (Matrix.vecCons 0
                                                            (Matrix.vecCons 0
                                                              (Matrix.vecCons 0
                                                                (Matrix.vecCons 0
                                                                  (Matrix.vecCons 0
                                                                    (Matrix.vecCons 0
                                                                      (Matrix.vecCons 0
                                                                        (Matrix.vecCons 0
                                                                          (Matrix.vecCons 0
                                                                            (Matrix.vecCons 0
                                                                              (Matrix.vecCons 0
                                                                                (Matrix.vecCons 0
                                                                                  (Matrix.vecCons 0
                                                                                    (Matrix.vecCons 0
                                                                                      (Matrix.vecCons 0
                                                                                        (Matrix.vecCons 0
                                                                                          (Matrix.vecCons 0
                                                                                            (Matrix.vecCons 0
                                                                                              (Matrix.vecCons 0
                                                                                                (Matrix.vecCons 0
                                                                                                  (Matrix.vecCons 0
                                                                                                    (Matrix.vecCons 0
                                                                                                      (Matrix.vecCons 0
                                                                                                        ⋯)))))))))))))))))))))))))))))))))
                                      28)
                                    (fun i =>
                                      Matrix.vecCons
                                        (Matrix.vecCons 0
                                          (Matrix.vecCons 0
                                            (Matrix.vecCons 0
                                              (Matrix.vecCons 0
                                                (Matrix.vecCons 0
                                                  (Matrix.vecCons 0
                                                    (Matrix.vecCons 0
                                                      (Matrix.vecCons 1073741826
                                                        (Matrix.vecCons 1073741772
                                                          (Matrix.vecCons 1073741483
                                                            (Matrix.vecCons 0
                                                              (Matrix.vecCons 0
                                                                (Matrix.vecCons 0
                                                                  (Matrix.vecCons 0
                                                                    (Matrix.vecCons 0
                                                                      (Matrix.vecCons 0
                                                                        (Matrix.vecCons 0
                                                                          (Matrix.vecCons 0
                                                                            (Matrix.vecCons 0
                                                                              (Matrix.vecCons 0
                                                                                (Matrix.vecCons 0
                                                                                  (Matrix.vecCons 0
                                                                                    (Matrix.vecCons 0
                                                                                      (Matrix.vecCons 0
                                                                                        (Matrix.vecCons 0
                                                                                          (Matrix.vecCons 0
                                                                                            (Matrix.vecCons 0
                                                                                              (Matrix.vecCons 0
                                                                                                (Matrix.vecCons 0
                                                                                                  (Matrix.vecCons 0
                                                                                                    (Matrix.vecCons 0
                                                                                                      (Matrix.vecCons 0
                                                                                                        ⋯)))))))))))))))))))))))))))))))
                                          28)
                                        (fun i =>
                                          Matrix.vecCons
                                            (Matrix.vecCons 0
                                              (Matrix.vecCons 0
                                                (Matrix.vecCons 0
                                                  (Matrix.vecCons 0
                                                    (Matrix.vecCons 0
                                                      (Matrix.vecCons 0
                                                        (Matrix.vecCons 0
                                                          (Matrix.vecCons 0
                                                            (Matrix.vecCons 2147483612
                                                              (Matrix.vecCons 2147483409
                                                                (Matrix.vecCons 0
                                                                  (Matrix.vecCons 0
                                                                    (Matrix.vecCons 0
                                                                      (Matrix.vecCons 0
                                                                        (Matrix.vecCons 0
                                                                          (Matrix.vecCons 0
                                                                            (Matrix.vecCons 0
                                                                              (Matrix.vecCons 0
                                                                                (Matrix.vecCons 0
                                                                                  (Matrix.vecCons 0
                                                                                    (Matrix.vecCons 0
                                                                                      (Matrix.vecCons 0
                                                                                        (Matrix.vecCons 0
                                                                                          (Matrix.vecCons 0
                                                                                            (Matrix.vecCons 0
                                                                                              (Matrix.vecCons 0
                                                                                                (Matrix.vecCons 0
                                                                                                  (Matrix.vecCons 0
                                                                                                    (Matrix.vecCons 0
                                                                                                      (Matrix.vecCons 0
                                                                                                        ⋯)))))))))))))))))))))))))))))
                                              28)
                                            (fun i =>
                                              Matrix.vecCons
                                                (Matrix.vecCons 0
                                                  (Matrix.vecCons 0
                                                    (Matrix.vecCons 0
                                                      (Matrix.vecCons 0
                                                        (Matrix.vecCons 0
                                                          (Matrix.vecCons 0
                                                            (Matrix.vecCons 0
                                                              (Matrix.vecCons 0
                                                                (Matrix.vecCons 536870913
                                                                  (Matrix.vecCons 536870913
                                                                    (Matrix.vecCons 1073741772
                                                                      (Matrix.vecCons 1073741483
                                                                        (Matrix.vecCons 536870913
                                                                          (Matrix.vecCons 536870913
                                                                            (Matrix.vecCons 0
                                                                              (Matrix.vecCons 0
                                                                                (Matrix.vecCons 0
                                                                                  (Matrix.vecCons 0
                                                                                    (Matrix.vecCons 0
                                                                                      (Matrix.vecCons 0
                                                                                        (Matrix.vecCons 0
                                                                                          (Matrix.vecCons 0
                                                                                            (Matrix.vecCons 0
                                                                                              (Matrix.vecCons 0
                                                                                                (Matrix.vecCons 0
                                                                                                  (Matrix.vecCons 0
                                                                                                    (Matrix.vecCons 0
                                                                                                      (Matrix.vecCons 0
                                                                                                        ⋯)))))))))))))))))))))))))))
                                                  28)
                                                (fun i =>
                                                  Matrix.vecCons
                                                    (Matrix.vecCons 0
                                                      (Matrix.vecCons 0
                                                        (Matrix.vecCons 0
                                                          (Matrix.vecCons 0
                                                            (Matrix.vecCons 0
                                                              (Matrix.vecCons 0
                                                                (Matrix.vecCons 0
                                                                  (Matrix.vecCons 0
                                                                    (Matrix.vecCons 0
                                                                      (Matrix.vecCons 0
                                                                        (Matrix.vecCons 2147483612
                                                                          (Matrix.vecCons 2147483409
                                                                            (Matrix.vecCons 0
                                                                              (Matrix.vecCons 0
                                                                                (Matrix.vecCons 0
                                                                                  (Matrix.vecCons 0
                                                                                    (Matrix.vecCons 0
                                                                                      (Matrix.vecCons 0
                                                                                        (Matrix.vecCons 0
                                                                                          (Matrix.vecCons 0
                                                                                            (Matrix.vecCons 0
                                                                                              (Matrix.vecCons 0
                                                                                                (Matrix.vecCons 0
                                                                                                  (Matrix.vecCons 0
                                                                                                    (Matrix.vecCons 0
                                                                                                      (Matrix.vecCons 0
                                                                                                        ⋯)))))))))))))))))))))))))
                                                      28)
                                                    (fun i =>
                                                      Matrix.vecCons
                                                        (Matrix.vecCons 0
                                                          (Matrix.vecCons 0
                                                            (Matrix.vecCons 0
                                                              (Matrix.vecCons 0
                                                                (Matrix.vecCons 0
                                                                  (Matrix.vecCons 0
                                                                    (Matrix.vecCons 0
                                                                      (Matrix.vecCons 0
                                                                        (Matrix.vecCons 0
                                                                          (Matrix.vecCons 0
                                                                            (Matrix.vecCons 1073741826
                                                                              (Matrix.vecCons 1073741826
                                                                                (Matrix.vecCons 1073741772
                                                                                  (Matrix.vecCons 1073741483
                                                                                    (Matrix.vecCons 0
                                                                                      (Matrix.vecCons 0
                                                                                        (Matrix.vecCons 0
                                                                                          (Matrix.vecCons 0
                                                                                            (Matrix.vecCons 0
                                                                                              (Matrix.vecCons 0
                                                                                                (Matrix.vecCons 0
                                                                                                  (Matrix.vecCons 0
                                                                                                    (Matrix.vecCons 0
                                                                                                      (Matrix.vecCons 0
                                                                                                        ⋯)))))))))))))))))))))))
                                                          28)
                                                        (fun i =>
                                                          Matrix.vecCons
                                                            (Matrix.vecCons 0
                                                              (Matrix.vecCons 0
                                                                (Matrix.vecCons 0
                                                                  (Matrix.vecCons 0
                                                                    (Matrix.vecCons 0
                                                                      (Matrix.vecCons 0
                                                                        (Matrix.vecCons 0
                                                                          (Matrix.vecCons 0
                                                                            (Matrix.vecCons 0
                                                                              (Matrix.vecCons 0
                                                                                (Matrix.vecCons 0
                                                                                  (Matrix.vecCons 0
                                                                                    (Matrix.vecCons 2147483612
                                                                                      (Matrix.vecCons 2147483409
                                                                                        (Matrix.vecCons 0
                                                                                          (Matrix.vecCons 0
                                                                                            (Matrix.vecCons 0
                                                                                              (Matrix.vecCons 0
                                                                                                (Matrix.vecCons 0
                                                                                                  (Matrix.vecCons 0
                                                                                                    (Matrix.vecCons 0
                                                                                                      (Matrix.vecCons 0
                                                                                                        ⋯)))))))))))))))))))))
                                                              28)
                                                            (fun i =>
                                                              Matrix.vecCons
                                                                (Matrix.vecCons 0
                                                                  (Matrix.vecCons 0
                                                                    (Matrix.vecCons 0
                                                                      (Matrix.vecCons 0
                                                                        (Matrix.vecCons 0
                                                                          (Matrix.vecCons 0
                                                                            (Matrix.vecCons 0
                                                                              (Matrix.vecCons 0
                                                                                (Matrix.vecCons 0
                                                                                  (Matrix.vecCons 0
                                                                                    (Matrix.vecCons 0
                                                                                      (Matrix.vecCons 0
                                                                                        (Matrix.vecCons 1342177280
                                                                                          (Matrix.vecCons 1342177280
                                                                                            (Matrix.vecCons 1073741772
                                                                                              (Matrix.vecCons 1073741483
                                                                                                (Matrix.vecCons
                                                                                                  536870913
                                                                                                  (Matrix.vecCons
                                                                                                    536870913
                                                                                                    (Matrix.vecCons 0
                                                                                                      (Matrix.vecCons 0
                                                                                                        ⋯)))))))))))))))))))
                                                                  28)
                                                                (fun i =>
                                                                  Matrix.vecCons
                                                                    (Matrix.vecCons 0
                                                                      (Matrix.vecCons 0
                                                                        (Matrix.vecCons 0
                                                                          (Matrix.vecCons 0
                                                                            (Matrix.vecCons 0
                                                                              (Matrix.vecCons 0
                                                                                (Matrix.vecCons 0
                                                                                  (Matrix.vecCons 0
                                                                                    (Matrix.vecCons 0
                                                                                      (Matrix.vecCons 0
                                                                                        (Matrix.vecCons 0
                                                                                          (Matrix.vecCons 0
                                                                                            (Matrix.vecCons 0
                                                                                              (Matrix.vecCons 0
                                                                                                (Matrix.vecCons
                                                                                                  2147483612
                                                                                                  (Matrix.vecCons
                                                                                                    2147483409
                                                                                                    (Matrix.vecCons 0
                                                                                                      (Matrix.vecCons 0
                                                                                                        ⋯)))))))))))))))))
                                                                      28)
                                                                    (fun i =>
                                                                      Matrix.vecCons
                                                                        (Matrix.vecCons 0
                                                                          (Matrix.vecCons 0
                                                                            (Matrix.vecCons 0
                                                                              (Matrix.vecCons 0
                                                                                (Matrix.vecCons 0
                                                                                  (Matrix.vecCons 0
                                                                                    (Matrix.vecCons 0
                                                                                      (Matrix.vecCons 0
                                                                                        (Matrix.vecCons 0
                                                                                          (Matrix.vecCons 0
                                                                                            (Matrix.vecCons 0
                                                                                              (Matrix.vecCons 0
                                                                                                (Matrix.vecCons 0
                                                                                                  (Matrix.vecCons 0
                                                                                                    (Matrix.vecCons
                                                                                                      1073741826
                                                                                                      (Matrix.vecCons
                                                                                                        1073741826
                                                                                                        ⋯)))))))))))))))
                                                                          28)
                                                                        (fun i =>
                                                                          Matrix.vecCons
                                                                            (Matrix.vecCons 0
                                                                              (Matrix.vecCons 0
                                                                                (Matrix.vecCons 0
                                                                                  (Matrix.vecCons 0
                                                                                    (Matrix.vecCons 0
                                                                                      (Matrix.vecCons 0
                                                                                        (Matrix.vecCons 0
                                                                                          (Matrix.vecCons 0
                                                                                            (Matrix.vecCons 0
                                                                                              (Matrix.vecCons 0
                                                                                                (Matrix.vecCons 0
                                                                                                  (Matrix.vecCons 0
                                                                                                    (Matrix.vecCons 0
                                                                                                      (Matrix.vecCons 0
                                                                                                        ⋯)))))))))))))
                                                                              28)
                                                                            (fun i =>
                                                                              Matrix.vecCons
                                                                                (Matrix.vecCons 0
                                                                                  (Matrix.vecCons 0
                                                                                    (Matrix.vecCons 0
                                                                                      (Matrix.vecCons 0
                                                                                        (Matrix.vecCons 0
                                                                                          (Matrix.vecCons 0
                                                                                            (Matrix.vecCons 0
                                                                                              (Matrix.vecCons 0
                                                                                                (Matrix.vecCons 0
                                                                                                  (Matrix.vecCons 0
                                                                                                    (Matrix.vecCons 0
                                                                                                      (Matrix.vecCons 0
                                                                                                        ⋯)))))))))))
                                                                                  28)
                                                                                (fun i =>
                                                                                  Matrix.vecCons
                                                                                    (Matrix.vecCons 0
                                                                                      (Matrix.vecCons 0
                                                                                        (Matrix.vecCons 0
                                                                                          (Matrix.vecCons 0
                                                                                            (Matrix.vecCons 0
                                                                                              (Matrix.vecCons 0
                                                                                                (Matrix.vecCons 0
                                                                                                  (Matrix.vecCons 0
                                                                                                    (Matrix.vecCons 0
                                                                                                      (Matrix.vecCons 0
                                                                                                        ⋯)))))))))
                                                                                      28)
                                                                                    (fun i =>
                                                                                      Matrix.vecCons
                                                                                        (Matrix.vecCons 0
                                                                                          (Matrix.vecCons 0
                                                                                            (Matrix.vecCons 0
                                                                                              (Matrix.vecCons 0
                                                                                                (Matrix.vecCons 0
                                                                                                  (Matrix.vecCons 0
                                                                                                    (Matrix.vecCons 0
                                                                                                      (Matrix.vecCons 0
                                                                                                        ⋯)))))))
                                                                                          28)
                                                                                        (fun i =>
                                                                                          Matrix.vecCons
                                                                                            (Matrix.vecCons 0
                                                                                              (Matrix.vecCons 0
                                                                                                (Matrix.vecCons 0
                                                                                                  (Matrix.vecCons 0
                                                                                                    (Matrix.vecCons 0
                                                                                                      (Matrix.vecCons 0
                                                                                                        ⋯)))))
                                                                                              28)
                                                                                            (fun i =>
                                                                                              Matrix.vecCons
                                                                                                (Matrix.vecCons 0
                                                                                                  (Matrix.vecCons 0
                                                                                                    (Matrix.vecCons 0
                                                                                                      (Matrix.vecCons 0
                                                                                                        ⋯)))
                                                                                                  28)
                                                                                                (fun i =>
                                                                                                  Matrix.vecCons
                                                                                                    (Matrix.vecCons 0
                                                                                                      (Matrix.vecCons 0
                                                                                                        ⋯)
                                                                                                      28)
                                                                                                    (fun i =>
                                                                                                      Matrix.vecCons ⋯ ⋯
                                                                                                        i)
                                                                                                    i)
                                                                                                i)
                                                                                            i)
                                                                                        i)
                                                                                    i)
                                                                                i)
                                                                            i)
                                                                        i)
                                                                    i)
                                                                i)
                                                            i)
                                                        i)
                                                    i)
                                                i)
                                            i)
                                        i)
                                    i)
                                i)
                            i)
                        i)
                    i)
                i)
            2 +
        (![0, 0, 0, 0, 0, 0, 0, 0, 0, 0, 0, 0, 0, 0, 0, 0, 0, 0, 0, 0, 1431898839, 134045234, 1686005120, 694069769,
                1840265651, 156442005, 664666242, 394512287, 1418094308, 485449213, 153127095, 369619525, 1479851757,
                375442257, 82226323, 186410979, 1588250710]
              2 *
            Matrix.vecCons
              (![0, 2147483612, 2147483409, 0, 0, 0, 0, 0, 0, 0, 0, 0, 0, 0, 0, 0, 0, 0, 0, 0, 0, 0, 0, 0, 0, 0, 0, 0,
                  0, 0, 0, 0, 0, 0, 0, 0, 0, 0, 0]
                28)
              (fun i =>
                Matrix.vecCons
                  (![0, 536870913, 536870913, 1073741772, 1073741483, 536870913, 536870913, 0, 0, 0, 0, 0, 0, 0, 0, 0,
                      0, 0, 0, 0, 0, 0, 0, 0, 0, 0, 0, 0, 0, 0, 0, 0, 0, 0, 0, 0, 0, 0, 0]
                    28)
                  (fun i =>
                    Matrix.vecCons
                      (![0, 0, 0, 2147483612, 2147483409, 0, 0, 0, 0, 0, 0, 0, 0, 0, 0, 0, 0, 0, 0, 0, 0, 0, 0, 0, 0, 0,
                          0, 0, 0, 0, 0, 0, 0, 0, 0, 0, 0, 0, 0]
                        28)
                      (fun i =>
                        Matrix.vecCons
                          (![0, 0, 0, 1073741826, 1073741826, 1073741772, 1073741483, 0, 0, 0, 0, 0, 0, 0, 0, 0, 0, 0,
                              0, 0, 0, 0, 0, 0, 0, 0, 0, 0, 0, 0, 0, 0, 0, 0, 0, 0, 0, 0, 0]
                            28)
                          (fun i =>
                            Matrix.vecCons
                              (Matrix.vecCons 0
                                (Matrix.vecCons 0
                                  (Matrix.vecCons 0
                                    (Matrix.vecCons 0
                                      (Matrix.vecCons 0
                                        (Matrix.vecCons 2147483612
                                          (Matrix.vecCons 2147483409
                                            (Matrix.vecCons 0
                                              (Matrix.vecCons 0
                                                (Matrix.vecCons 0
                                                  (Matrix.vecCons 0
                                                    (Matrix.vecCons 0
                                                      (Matrix.vecCons 0
                                                        (Matrix.vecCons 0
                                                          (Matrix.vecCons 0
                                                            (Matrix.vecCons 0
                                                              (Matrix.vecCons 0
                                                                (Matrix.vecCons 0
                                                                  (Matrix.vecCons 0
                                                                    (Matrix.vecCons 0
                                                                      (Matrix.vecCons 0
                                                                        (Matrix.vecCons 0
                                                                          (Matrix.vecCons 0
                                                                            (Matrix.vecCons 0
                                                                              (Matrix.vecCons 0
                                                                                (Matrix.vecCons 0
                                                                                  (Matrix.vecCons 0
                                                                                    (Matrix.vecCons 0
                                                                                      (Matrix.vecCons 0
                                                                                        (Matrix.vecCons 0
                                                                                          (Matrix.vecCons 0
                                                                                            (Matrix.vecCons 0
                                                                                              (Matrix.vecCons 0
                                                                                                (Matrix.vecCons 0
                                                                                                  (Matrix.vecCons 0
                                                                                                    (Matrix.vecCons 0
                                                                                                      (Matrix.vecCons 0
                                                                                                        ⋯))))))))))))))))))))))))))))))))))))
                                28)
                              (fun i =>
                                Matrix.vecCons
                                  (Matrix.vecCons 0
                                    (Matrix.vecCons 0
                                      (Matrix.vecCons 0
                                        (Matrix.vecCons 0
                                          (Matrix.vecCons 0
                                            (Matrix.vecCons 0
                                              (Matrix.vecCons 0
                                                (Matrix.vecCons 2147483409
                                                  (Matrix.vecCons 0
                                                    (Matrix.vecCons 0
                                                      (Matrix.vecCons 0
                                                        (Matrix.vecCons 0
                                                          (Matrix.vecCons 0
                                                            (Matrix.vecCons 0
                                                              (Matrix.vecCons 0
                                                                (Matrix.vecCons 0
                                                                  (Matrix.vecCons 0
                                                                    (Matrix.vecCons 0
                                                                      (Matrix.vecCons 0
                                                                        (Matrix.vecCons 0
                                                                          (Matrix.vecCons 0
                                                                            (Matrix.vecCons 0
                                                                              (Matrix.vecCons 0
                                                                                (Matrix.vecCons 0
                                                                                  (Matrix.vecCons 0
                                                                                    (Matrix.vecCons 0
                                                                                      (Matrix.vecCons 0
                                                                                        (Matrix.vecCons 0
                                                                                          (Matrix.vecCons 0
                                                                                            (Matrix.vecCons 0
                                                                                              (Matrix.vecCons 0
                                                                                                (Matrix.vecCons 0
                                                                                                  (Matrix.vecCons 0
                                                                                                    (Matrix.vecCons 0
                                                                                                      (Matrix.vecCons 0
                                                                                                        ⋯))))))))))))))))))))))))))))))))))
                                    28)
                                  (fun i =>
                                    Matrix.vecCons
                                      (Matrix.vecCons 0
                                        (Matrix.vecCons 0
                                          (Matrix.vecCons 0
                                            (Matrix.vecCons 0
                                              (Matrix.vecCons 0
                                                (Matrix.vecCons 0
                                                  (Matrix.vecCons 0
                                                    (Matrix.vecCons 1073741826
                                                      (Matrix.vecCons 1073741772
                                                        (Matrix.vecCons 1073741483
                                                          (Matrix.vecCons 0
                                                            (Matrix.vecCons 0
                                                              (Matrix.vecCons 0
                                                                (Matrix.vecCons 0
                                                                  (Matrix.vecCons 0
                                                                    (Matrix.vecCons 0
                                                                      (Matrix.vecCons 0
                                                                        (Matrix.vecCons 0
                                                                          (Matrix.vecCons 0
                                                                            (Matrix.vecCons 0
                                                                              (Matrix.vecCons 0
                                                                                (Matrix.vecCons 0
                                                                                  (Matrix.vecCons 0
                                                                                    (Matrix.vecCons 0
                                                                                      (Matrix.vecCons 0
                                                                                        (Matrix.vecCons 0
                                                                                          (Matrix.vecCons 0
                                                                                            (Matrix.vecCons 0
                                                                                              (Matrix.vecCons 0
                                                                                                (Matrix.vecCons 0
                                                                                                  (Matrix.vecCons 0
                                                                                                    (Matrix.vecCons 0
                                                                                                      (Matrix.vecCons 0
                                                                                                        ⋯))))))))))))))))))))))))))))))))
                                        28)
                                      (fun i =>
                                        Matrix.vecCons
                                          (Matrix.vecCons 0
                                            (Matrix.vecCons 0
                                              (Matrix.vecCons 0
                                                (Matrix.vecCons 0
                                                  (Matrix.vecCons 0
                                                    (Matrix.vecCons 0
                                                      (Matrix.vecCons 0
                                                        (Matrix.vecCons 0
                                                          (Matrix.vecCons 2147483612
                                                            (Matrix.vecCons 2147483409
                                                              (Matrix.vecCons 0
                                                                (Matrix.vecCons 0
                                                                  (Matrix.vecCons 0
                                                                    (Matrix.vecCons 0
                                                                      (Matrix.vecCons 0
                                                                        (Matrix.vecCons 0
                                                                          (Matrix.vecCons 0
                                                                            (Matrix.vecCons 0
                                                                              (Matrix.vecCons 0
                                                                                (Matrix.vecCons 0
                                                                                  (Matrix.vecCons 0
                                                                                    (Matrix.vecCons 0
                                                                                      (Matrix.vecCons 0
                                                                                        (Matrix.vecCons 0
                                                                                          (Matrix.vecCons 0
                                                                                            (Matrix.vecCons 0
                                                                                              (Matrix.vecCons 0
                                                                                                (Matrix.vecCons 0
                                                                                                  (Matrix.vecCons 0
                                                                                                    (Matrix.vecCons 0
                                                                                                      (Matrix.vecCons 0
                                                                                                        ⋯))))))))))))))))))))))))))))))
                                            28)
                                          (fun i =>
                                            Matrix.vecCons
                                              (Matrix.vecCons 0
                                                (Matrix.vecCons 0
                                                  (Matrix.vecCons 0
                                                    (Matrix.vecCons 0
                                                      (Matrix.vecCons 0
                                                        (Matrix.vecCons 0
                                                          (Matrix.vecCons 0
                                                            (Matrix.vecCons 0
                                                              (Matrix.vecCons 536870913
                                                                (Matrix.vecCons 536870913
                                                                  (Matrix.vecCons 1073741772
                                                                    (Matrix.vecCons 1073741483
                                                                      (Matrix.vecCons 536870913
                                                                        (Matrix.vecCons 536870913
                                                                          (Matrix.vecCons 0
                                                                            (Matrix.vecCons 0
                                                                              (Matrix.vecCons 0
                                                                                (Matrix.vecCons 0
                                                                                  (Matrix.vecCons 0
                                                                                    (Matrix.vecCons 0
                                                                                      (Matrix.vecCons 0
                                                                                        (Matrix.vecCons 0
                                                                                          (Matrix.vecCons 0
                                                                                            (Matrix.vecCons 0
                                                                                              (Matrix.vecCons 0
                                                                                                (Matrix.vecCons 0
                                                                                                  (Matrix.vecCons 0
                                                                                                    (Matrix.vecCons 0
                                                                                                      (Matrix.vecCons 0
                                                                                                        ⋯))))))))))))))))))))))))))))
                                                28)
                                              (fun i =>
                                                Matrix.vecCons
                                                  (Matrix.vecCons 0
                                                    (Matrix.vecCons 0
                                                      (Matrix.vecCons 0
                                                        (Matrix.vecCons 0
                                                          (Matrix.vecCons 0
                                                            (Matrix.vecCons 0
                                                              (Matrix.vecCons 0
                                                                (Matrix.vecCons 0
                                                                  (Matrix.vecCons 0
                                                                    (Matrix.vecCons 0
                                                                      (Matrix.vecCons 2147483612
                                                                        (Matrix.vecCons 2147483409
                                                                          (Matrix.vecCons 0
                                                                            (Matrix.vecCons 0
                                                                              (Matrix.vecCons 0
                                                                                (Matrix.vecCons 0
                                                                                  (Matrix.vecCons 0
                                                                                    (Matrix.vecCons 0
                                                                                      (Matrix.vecCons 0
                                                                                        (Matrix.vecCons 0
                                                                                          (Matrix.vecCons 0
                                                                                            (Matrix.vecCons 0
                                                                                              (Matrix.vecCons 0
                                                                                                (Matrix.vecCons 0
                                                                                                  (Matrix.vecCons 0
                                                                                                    (Matrix.vecCons 0
                                                                                                      (Matrix.vecCons 0
                                                                                                        ⋯))))))))))))))))))))))))))
                                                    28)
                                                  (fun i =>
                                                    Matrix.vecCons
                                                      (Matrix.vecCons 0
                                                        (Matrix.vecCons 0
                                                          (Matrix.vecCons 0
                                                            (Matrix.vecCons 0
                                                              (Matrix.vecCons 0
                                                                (Matrix.vecCons 0
                                                                  (Matrix.vecCons 0
                                                                    (Matrix.vecCons 0
                                                                      (Matrix.vecCons 0
                                                                        (Matrix.vecCons 0
                                                                          (Matrix.vecCons 1073741826
                                                                            (Matrix.vecCons 1073741826
                                                                              (Matrix.vecCons 1073741772
                                                                                (Matrix.vecCons 1073741483
                                                                                  (Matrix.vecCons 0
                                                                                    (Matrix.vecCons 0
                                                                                      (Matrix.vecCons 0
                                                                                        (Matrix.vecCons 0
                                                                                          (Matrix.vecCons 0
                                                                                            (Matrix.vecCons 0
                                                                                              (Matrix.vecCons 0
                                                                                                (Matrix.vecCons 0
                                                                                                  (Matrix.vecCons 0
                                                                                                    (Matrix.vecCons 0
                                                                                                      (Matrix.vecCons 0
                                                                                                        ⋯))))))))))))))))))))))))
                                                        28)
                                                      (fun i =>
                                                        Matrix.vecCons
                                                          (Matrix.vecCons 0
                                                            (Matrix.vecCons 0
                                                              (Matrix.vecCons 0
                                                                (Matrix.vecCons 0
                                                                  (Matrix.vecCons 0
                                                                    (Matrix.vecCons 0
                                                                      (Matrix.vecCons 0
                                                                        (Matrix.vecCons 0
                                                                          (Matrix.vecCons 0
                                                                            (Matrix.vecCons 0
                                                                              (Matrix.vecCons 0
                                                                                (Matrix.vecCons 0
                                                                                  (Matrix.vecCons 2147483612
                                                                                    (Matrix.vecCons 2147483409
                                                                                      (Matrix.vecCons 0
                                                                                        (Matrix.vecCons 0
                                                                                          (Matrix.vecCons 0
                                                                                            (Matrix.vecCons 0
                                                                                              (Matrix.vecCons 0
                                                                                                (Matrix.vecCons 0
                                                                                                  (Matrix.vecCons 0
                                                                                                    (Matrix.vecCons 0
                                                                                                      (Matrix.vecCons 0
                                                                                                        ⋯))))))))))))))))))))))
                                                            28)
                                                          (fun i =>
                                                            Matrix.vecCons
                                                              (Matrix.vecCons 0
                                                                (Matrix.vecCons 0
                                                                  (Matrix.vecCons 0
                                                                    (Matrix.vecCons 0
                                                                      (Matrix.vecCons 0
                                                                        (Matrix.vecCons 0
                                                                          (Matrix.vecCons 0
                                                                            (Matrix.vecCons 0
                                                                              (Matrix.vecCons 0
                                                                                (Matrix.vecCons 0
                                                                                  (Matrix.vecCons 0
                                                                                    (Matrix.vecCons 0
                                                                                      (Matrix.vecCons 1342177280
                                                                                        (Matrix.vecCons 1342177280
                                                                                          (Matrix.vecCons 1073741772
                                                                                            (Matrix.vecCons 1073741483
                                                                                              (Matrix.vecCons 536870913
                                                                                                (Matrix.vecCons
                                                                                                  536870913
                                                                                                  (Matrix.vecCons 0
                                                                                                    (Matrix.vecCons 0
                                                                                                      (Matrix.vecCons
                                                                                                        1342177280
                                                                                                        ⋯))))))))))))))))))))
                                                                28)
                                                              (fun i =>
                                                                Matrix.vecCons
                                                                  (Matrix.vecCons 0
                                                                    (Matrix.vecCons 0
                                                                      (Matrix.vecCons 0
                                                                        (Matrix.vecCons 0
                                                                          (Matrix.vecCons 0
                                                                            (Matrix.vecCons 0
                                                                              (Matrix.vecCons 0
                                                                                (Matrix.vecCons 0
                                                                                  (Matrix.vecCons 0
                                                                                    (Matrix.vecCons 0
                                                                                      (Matrix.vecCons 0
                                                                                        (Matrix.vecCons 0
                                                                                          (Matrix.vecCons 0
                                                                                            (Matrix.vecCons 0
                                                                                              (Matrix.vecCons 2147483612
                                                                                                (Matrix.vecCons
                                                                                                  2147483409
                                                                                                  (Matrix.vecCons 0
                                                                                                    (Matrix.vecCons 0
                                                                                                      (Matrix.vecCons 0
                                                                                                        ⋯))))))))))))))))))
                                                                    28)
                                                                  (fun i =>
                                                                    Matrix.vecCons
                                                                      (Matrix.vecCons 0
                                                                        (Matrix.vecCons 0
                                                                          (Matrix.vecCons 0
                                                                            (Matrix.vecCons 0
                                                                              (Matrix.vecCons 0
                                                                                (Matrix.vecCons 0
                                                                                  (Matrix.vecCons 0
                                                                                    (Matrix.vecCons 0
                                                                                      (Matrix.vecCons 0
                                                                                        (Matrix.vecCons 0
                                                                                          (Matrix.vecCons 0
                                                                                            (Matrix.vecCons 0
                                                                                              (Matrix.vecCons 0
                                                                                                (Matrix.vecCons 0
                                                                                                  (Matrix.vecCons
                                                                                                    1073741826
                                                                                                    (Matrix.vecCons
                                                                                                      1073741826
                                                                                                      (Matrix.vecCons
                                                                                                        1073741772
                                                                                                        ⋯))))))))))))))))
                                                                        28)
                                                                      (fun i =>
                                                                        Matrix.vecCons
                                                                          (Matrix.vecCons 0
                                                                            (Matrix.vecCons 0
                                                                              (Matrix.vecCons 0
                                                                                (Matrix.vecCons 0
                                                                                  (Matrix.vecCons 0
                                                                                    (Matrix.vecCons 0
                                                                                      (Matrix.vecCons 0
                                                                                        (Matrix.vecCons 0
                                                                                          (Matrix.vecCons 0
                                                                                            (Matrix.vecCons 0
                                                                                              (Matrix.vecCons 0
                                                                                                (Matrix.vecCons 0
                                                                                                  (Matrix.vecCons 0
                                                                                                    (Matrix.vecCons 0
                                                                                                      (Matrix.vecCons 0
                                                                                                        ⋯))))))))))))))
                                                                            28)
                                                                          (fun i =>
                                                                            Matrix.vecCons
                                                                              (Matrix.vecCons 0
                                                                                (Matrix.vecCons 0
                                                                                  (Matrix.vecCons 0
                                                                                    (Matrix.vecCons 0
                                                                                      (Matrix.vecCons 0
                                                                                        (Matrix.vecCons 0
                                                                                          (Matrix.vecCons 0
                                                                                            (Matrix.vecCons 0
                                                                                              (Matrix.vecCons 0
                                                                                                (Matrix.vecCons 0
                                                                                                  (Matrix.vecCons 0
                                                                                                    (Matrix.vecCons 0
                                                                                                      (Matrix.vecCons 0
                                                                                                        ⋯))))))))))))
                                                                                28)
                                                                              (fun i =>
                                                                                Matrix.vecCons
                                                                                  (Matrix.vecCons 0
                                                                                    (Matrix.vecCons 0
                                                                                      (Matrix.vecCons 0
                                                                                        (Matrix.vecCons 0
                                                                                          (Matrix.vecCons 0
                                                                                            (Matrix.vecCons 0
                                                                                              (Matrix.vecCons 0
                                                                                                (Matrix.vecCons 0
                                                                                                  (Matrix.vecCons 0
                                                                                                    (Matrix.vecCons 0
                                                                                                      (Matrix.vecCons 0
                                                                                                        ⋯))))))))))
                                                                                    28)
                                                                                  (fun i =>
                                                                                    Matrix.vecCons
                                                                                      (Matrix.vecCons 0
                                                                                        (Matrix.vecCons 0
                                                                                          (Matrix.vecCons 0
                                                                                            (Matrix.vecCons 0
                                                                                              (Matrix.vecCons 0
                                                                                                (Matrix.vecCons 0
                                                                                                  (Matrix.vecCons 0
                                                                                                    (Matrix.vecCons 0
                                                                                                      (Matrix.vecCons 0
                                                                                                        ⋯))))))))
                                                                                        28)
                                                                                      (fun i =>
                                                                                        Matrix.vecCons
                                                                                          (Matrix.vecCons 0
                                                                                            (Matrix.vecCons 0
                                                                                              (Matrix.vecCons 0
                                                                                                (Matrix.vecCons 0
                                                                                                  (Matrix.vecCons 0
                                                                                                    (Matrix.vecCons 0
                                                                                                      (Matrix.vecCons 0
                                                                                                        ⋯))))))
                                                                                            28)
                                                                                          (fun i =>
                                                                                            Matrix.vecCons
                                                                                              (Matrix.vecCons 0
                                                                                                (Matrix.vecCons 0
                                                                                                  (Matrix.vecCons 0
                                                                                                    (Matrix.vecCons 0
                                                                                                      (Matrix.vecCons 0
                                                                                                        ⋯))))
                                                                                                28)
                                                                                              (fun i =>
                                                                                                Matrix.vecCons
                                                                                                  (Matrix.vecCons 0
                                                                                                    (Matrix.vecCons 0
                                                                                                      (Matrix.vecCons 0
                                                                                                        ⋯))
                                                                                                    28)
                                                                                                  (fun i =>
                                                                                                    Matrix.vecCons
                                                                                                      (Matrix.vecCons 0
                                                                                                        ⋯ 28)
                                                                                                      (fun i => ⋯) i)
                                                                                                  i)
                                                                                              i)
                                                                                          i)
                                                                                      i)
                                                                                  i)
                                                                              i)
                                                                          i)
                                                                      i)
                                                                  i)
                                                              i)
                                                          i)
                                                      i)
                                                  i)
                                              i)
                                          i)
                                      i)
                                  i)
                              i)
                          i)
                      i)
                  i)
              2 +
          (![0, 0, 0, 0, 0, 0, 0, 0, 0, 0, 0, 0, 0, 0, 0, 0, 0, 0, 0, 1431898839, 134045234, 1686005120, 694069769,
                  1840265651, 156442005, 664666242, 394512287, 1418094308, 485449213, 153127095, 369619525, 1479851757,
                  375442257, 82226323, 186410979, 1588250710]
                2 *
              Matrix.vecCons
                (![0, 536870913, 536870913, 1073741772, 1073741483, 536870913, 536870913, 0, 0, 0, 0, 0, 0, 0, 0, 0, 0,
                    0, 0, 0, 0, 0, 0, 0, 0, 0, 0, 0, 0, 0, 0, 0, 0, 0, 0, 0, 0, 0, 0]
                  28)
                (fun i =>
                  Matrix.vecCons
                    (![0, 0, 0, 2147483612, 2147483409, 0, 0, 0, 0, 0, 0, 0, 0, 0, 0, 0, 0, 0, 0, 0, 0, 0, 0, 0, 0, 0,
                        0, 0, 0, 0, 0, 0, 0, 0, 0, 0, 0, 0, 0]
                      28)
                    (fun i =>
                      Matrix.vecCons
                        (![0, 0, 0, 1073741826, 1073741826, 1073741772, 1073741483, 0, 0, 0, 0, 0, 0, 0, 0, 0, 0, 0, 0,
                            0, 0, 0, 0, 0, 0, 0, 0, 0, 0, 0, 0, 0, 0, 0, 0, 0, 0, 0, 0]
                          28)
                        (fun i =>
                          Matrix.vecCons
                            (Matrix.vecCons 0
                              (Matrix.vecCons 0
                                (Matrix.vecCons 0
                                  (Matrix.vecCons 0
                                    (Matrix.vecCons 0
                                      (Matrix.vecCons 2147483612
                                        (Matrix.vecCons 2147483409
                                          (Matrix.vecCons 0
                                            (Matrix.vecCons 0
                                              (Matrix.vecCons 0
                                                (Matrix.vecCons 0
                                                  (Matrix.vecCons 0
                                                    (Matrix.vecCons 0
                                                      (Matrix.vecCons 0
                                                        (Matrix.vecCons 0
                                                          (Matrix.vecCons 0
                                                            (Matrix.vecCons 0
                                                              (Matrix.vecCons 0
                                                                (Matrix.vecCons 0
                                                                  (Matrix.vecCons 0
                                                                    (Matrix.vecCons 0
                                                                      (Matrix.vecCons 0
                                                                        (Matrix.vecCons 0
                                                                          (Matrix.vecCons 0
                                                                            (Matrix.vecCons 0
                                                                              (Matrix.vecCons 0
                                                                                (Matrix.vecCons 0
                                                                                  (Matrix.vecCons 0
                                                                                    (Matrix.vecCons 0
                                                                                      (Matrix.vecCons 0
                                                                                        (Matrix.vecCons 0
                                                                                          (Matrix.vecCons 0
                                                                                            (Matrix.vecCons 0
                                                                                              (Matrix.vecCons 0
                                                                                                (Matrix.vecCons 0
                                                                                                  (Matrix.vecCons 0
                                                                                                    (Matrix.vecCons 0
                                                                                                      (Matrix.vecCons 0
                                                                                                        ⋯)))))))))))))))))))))))))))))))))))))
                              28)
                            (fun i =>
                              Matrix.vecCons
                                (Matrix.vecCons 0
                                  (Matrix.vecCons 0
                                    (Matrix.vecCons 0
                                      (Matrix.vecCons 0
                                        (Matrix.vecCons 0
                                          (Matrix.vecCons 0
                                            (Matrix.vecCons 0
                                              (Matrix.vecCons 2147483409
                                                (Matrix.vecCons 0
                                                  (Matrix.vecCons 0
                                                    (Matrix.vecCons 0
                                                      (Matrix.vecCons 0
                                                        (Matrix.vecCons 0
                                                          (Matrix.vecCons 0
                                                            (Matrix.vecCons 0
                                                              (Matrix.vecCons 0
                                                                (Matrix.vecCons 0
                                                                  (Matrix.vecCons 0
                                                                    (Matrix.vecCons 0
                                                                      (Matrix.vecCons 0
                                                                        (Matrix.vecCons 0
                                                                          (Matrix.vecCons 0
                                                                            (Matrix.vecCons 0
                                                                              (Matrix.vecCons 0
                                                                                (Matrix.vecCons 0
                                                                                  (Matrix.vecCons 0
                                                                                    (Matrix.vecCons 0
                                                                                      (Matrix.vecCons 0
                                                                                        (Matrix.vecCons 0
                                                                                          (Matrix.vecCons 0
                                                                                            (Matrix.vecCons 0
                                                                                              (Matrix.vecCons 0
                                                                                                (Matrix.vecCons 0
                                                                                                  (Matrix.vecCons 0
                                                                                                    (Matrix.vecCons 0
                                                                                                      (Matrix.vecCons 0
                                                                                                        ⋯)))))))))))))))))))))))))))))))))))
                                  28)
                                (fun i =>
                                  Matrix.vecCons
                                    (Matrix.vecCons 0
                                      (Matrix.vecCons 0
                                        (Matrix.vecCons 0
                                          (Matrix.vecCons 0
                                            (Matrix.vecCons 0
                                              (Matrix.vecCons 0
                                                (Matrix.vecCons 0
                                                  (Matrix.vecCons 1073741826
                                                    (Matrix.vecCons 1073741772
                                                      (Matrix.vecCons 1073741483
                                                        (Matrix.vecCons 0
                                                          (Matrix.vecCons 0
                                                            (Matrix.vecCons 0
                                                              (Matrix.vecCons 0
                                                                (Matrix.vecCons 0
                                                                  (Matrix.vecCons 0
                                                                    (Matrix.vecCons 0
                                                                      (Matrix.vecCons 0
                                                                        (Matrix.vecCons 0
                                                                          (Matrix.vecCons 0
                                                                            (Matrix.vecCons 0
                                                                              (Matrix.vecCons 0
                                                                                (Matrix.vecCons 0
                                                                                  (Matrix.vecCons 0
                                                                                    (Matrix.vecCons 0
                                                                                      (Matrix.vecCons 0
                                                                                        (Matrix.vecCons 0
                                                                                          (Matrix.vecCons 0
                                                                                            (Matrix.vecCons 0
                                                                                              (Matrix.vecCons 0
                                                                                                (Matrix.vecCons 0
                                                                                                  (Matrix.vecCons 0
                                                                                                    (Matrix.vecCons 0
                                                                                                      (Matrix.vecCons 0
                                                                                                        ⋯)))))))))))))))))))))))))))))))))
                                      28)
                                    (fun i =>
                                      Matrix.vecCons
                                        (Matrix.vecCons 0
                                          (Matrix.vecCons 0
                                            (Matrix.vecCons 0
                                              (Matrix.vecCons 0
                                                (Matrix.vecCons 0
                                                  (Matrix.vecCons 0
                                                    (Matrix.vecCons 0
                                                      (Matrix.vecCons 0
                                                        (Matrix.vecCons 2147483612
                                                          (Matrix.vecCons 2147483409
                                                            (Matrix.vecCons 0
                                                              (Matrix.vecCons 0
                                                                (Matrix.vecCons 0
                                                                  (Matrix.vecCons 0
                                                                    (Matrix.vecCons 0
                                                                      (Matrix.vecCons 0
                                                                        (Matrix.vecCons 0
                                                                          (Matrix.vecCons 0
                                                                            (Matrix.vecCons 0
                                                                              (Matrix.vecCons 0
                                                                                (Matrix.vecCons 0
                                                                                  (Matrix.vecCons 0
                                                                                    (Matrix.vecCons 0
                                                                                      (Matrix.vecCons 0
                                                                                        (Matrix.vecCons 0
                                                                                          (Matrix.vecCons 0
                                                                                            (Matrix.vecCons 0
                                                                                              (Matrix.vecCons 0
                                                                                                (Matrix.vecCons 0
                                                                                                  (Matrix.vecCons 0
                                                                                                    (Matrix.vecCons 0
                                                                                                      (Matrix.vecCons 0
                                                                                                        ⋯)))))))))))))))))))))))))))))))
                                          28)
                                        (fun i =>
                                          Matrix.vecCons
                                            (Matrix.vecCons 0
                                              (Matrix.vecCons 0
                                                (Matrix.vecCons 0
                                                  (Matrix.vecCons 0
                                                    (Matrix.vecCons 0
                                                      (Matrix.vecCons 0
                                                        (Matrix.vecCons 0
                                                          (Matrix.vecCons 0
                                                            (Matrix.vecCons 536870913
                                                              (Matrix.vecCons 536870913
                                                                (Matrix.vecCons 1073741772
                                                                  (Matrix.vecCons 1073741483
                                                                    (Matrix.vecCons 536870913
                                                                      (Matrix.vecCons 536870913
                                                                        (Matrix.vecCons 0
                                                                          (Matrix.vecCons 0
                                                                            (Matrix.vecCons 0
                                                                              (Matrix.vecCons 0
                                                                                (Matrix.vecCons 0
                                                                                  (Matrix.vecCons 0
                                                                                    (Matrix.vecCons 0
                                                                                      (Matrix.vecCons 0
                                                                                        (Matrix.vecCons 0
                                                                                          (Matrix.vecCons 0
                                                                                            (Matrix.vecCons 0
                                                                                              (Matrix.vecCons 0
                                                                                                (Matrix.vecCons 0
                                                                                                  (Matrix.vecCons 0
                                                                                                    (Matrix.vecCons 0
                                                                                                      (Matrix.vecCons 0
                                                                                                        ⋯)))))))))))))))))))))))))))))
                                              28)
                                            (fun i =>
                                              Matrix.vecCons
                                                (Matrix.vecCons 0
                                                  (Matrix.vecCons 0
                                                    (Matrix.vecCons 0
                                                      (Matrix.vecCons 0
                                                        (Matrix.vecCons 0
                                                          (Matrix.vecCons 0
                                                            (Matrix.vecCons 0
                                                              (Matrix.vecCons 0
                                                                (Matrix.vecCons 0
                                                                  (Matrix.vecCons 0
                                                                    (Matrix.vecCons 2147483612
                                                                      (Matrix.vecCons 2147483409
                                                                        (Matrix.vecCons 0
                                                                          (Matrix.vecCons 0
                                                                            (Matrix.vecCons 0
                                                                              (Matrix.vecCons 0
                                                                                (Matrix.vecCons 0
                                                                                  (Matrix.vecCons 0
                                                                                    (Matrix.vecCons 0
                                                                                      (Matrix.vecCons 0
                                                                                        (Matrix.vecCons 0
                                                                                          (Matrix.vecCons 0
                                                                                            (Matrix.vecCons 0
                                                                                              (Matrix.vecCons 0
                                                                                                (Matrix.vecCons 0
                                                                                                  (Matrix.vecCons 0
                                                                                                    (Matrix.vecCons 0
                                                                                                      (Matrix.vecCons 0
                                                                                                        ⋯)))))))))))))))))))))))))))
                                                  28)
                                                (fun i =>
                                                  Matrix.vecCons
                                                    (Matrix.vecCons 0
                                                      (Matrix.vecCons 0
                                                        (Matrix.vecCons 0
                                                          (Matrix.vecCons 0
                                                            (Matrix.vecCons 0
                                                              (Matrix.vecCons 0
                                                                (Matrix.vecCons 0
                                                                  (Matrix.vecCons 0
                                                                    (Matrix.vecCons 0
                                                                      (Matrix.vecCons 0
                                                                        (Matrix.vecCons 1073741826
                                                                          (Matrix.vecCons 1073741826
                                                                            (Matrix.vecCons 1073741772
                                                                              (Matrix.vecCons 1073741483
                                                                                (Matrix.vecCons 0
                                                                                  (Matrix.vecCons 0
                                                                                    (Matrix.vecCons 0
                                                                                      (Matrix.vecCons 0
                                                                                        (Matrix.vecCons 0
                                                                                          (Matrix.vecCons 0
                                                                                            (Matrix.vecCons 0
                                                                                              (Matrix.vecCons 0
                                                                                                (Matrix.vecCons 0
                                                                                                  (Matrix.vecCons 0
                                                                                                    (Matrix.vecCons 0
                                                                                                      (Matrix.vecCons 0
                                                                                                        ⋯)))))))))))))))))))))))))
                                                      28)
                                                    (fun i =>
                                                      Matrix.vecCons
                                                        (Matrix.vecCons 0
                                                          (Matrix.vecCons 0
                                                            (Matrix.vecCons 0
                                                              (Matrix.vecCons 0
                                                                (Matrix.vecCons 0
                                                                  (Matrix.vecCons 0
                                                                    (Matrix.vecCons 0
                                                                      (Matrix.vecCons 0
                                                                        (Matrix.vecCons 0
                                                                          (Matrix.vecCons 0
                                                                            (Matrix.vecCons 0
                                                                              (Matrix.vecCons 0
                                                                                (Matrix.vecCons 2147483612
                                                                                  (Matrix.vecCons 2147483409
                                                                                    (Matrix.vecCons 0
                                                                                      (Matrix.vecCons 0
                                                                                        (Matrix.vecCons 0
                                                                                          (Matrix.vecCons 0
                                                                                            (Matrix.vecCons 0
                                                                                              (Matrix.vecCons 0
                                                                                                (Matrix.vecCons 0
                                                                                                  (Matrix.vecCons 0
                                                                                                    (Matrix.vecCons 0
                                                                                                      (Matrix.vecCons 0
                                                                                                        ⋯)))))))))))))))))))))))
                                                          28)
                                                        (fun i =>
                                                          Matrix.vecCons
                                                            (Matrix.vecCons 0
                                                              (Matrix.vecCons 0
                                                                (Matrix.vecCons 0
                                                                  (Matrix.vecCons 0
                                                                    (Matrix.vecCons 0
                                                                      (Matrix.vecCons 0
                                                                        (Matrix.vecCons 0
                                                                          (Matrix.vecCons 0
                                                                            (Matrix.vecCons 0
                                                                              (Matrix.vecCons 0
                                                                                (Matrix.vecCons 0
                                                                                  (Matrix.vecCons 0
                                                                                    (Matrix.vecCons 1342177280
                                                                                      (Matrix.vecCons 1342177280
                                                                                        (Matrix.vecCons 1073741772
                                                                                          (Matrix.vecCons 1073741483
                                                                                            (Matrix.vecCons 536870913
                                                                                              (Matrix.vecCons 536870913
                                                                                                (Matrix.vecCons 0
                                                                                                  (Matrix.vecCons 0
                                                                                                    (Matrix.vecCons
                                                                                                      1342177280
                                                                                                      (Matrix.vecCons
                                                                                                        1342177280
                                                                                                        ⋯)))))))))))))))))))))
                                                              28)
                                                            (fun i =>
                                                              Matrix.vecCons
                                                                (Matrix.vecCons 0
                                                                  (Matrix.vecCons 0
                                                                    (Matrix.vecCons 0
                                                                      (Matrix.vecCons 0
                                                                        (Matrix.vecCons 0
                                                                          (Matrix.vecCons 0
                                                                            (Matrix.vecCons 0
                                                                              (Matrix.vecCons 0
                                                                                (Matrix.vecCons 0
                                                                                  (Matrix.vecCons 0
                                                                                    (Matrix.vecCons 0
                                                                                      (Matrix.vecCons 0
                                                                                        (Matrix.vecCons 0
                                                                                          (Matrix.vecCons 0
                                                                                            (Matrix.vecCons 2147483612
                                                                                              (Matrix.vecCons 2147483409
                                                                                                (Matrix.vecCons 0
                                                                                                  (Matrix.vecCons 0
                                                                                                    (Matrix.vecCons 0
                                                                                                      (Matrix.vecCons 0
                                                                                                        ⋯)))))))))))))))))))
                                                                  28)
                                                                (fun i =>
                                                                  Matrix.vecCons
                                                                    (Matrix.vecCons 0
                                                                      (Matrix.vecCons 0
                                                                        (Matrix.vecCons 0
                                                                          (Matrix.vecCons 0
                                                                            (Matrix.vecCons 0
                                                                              (Matrix.vecCons 0
                                                                                (Matrix.vecCons 0
                                                                                  (Matrix.vecCons 0
                                                                                    (Matrix.vecCons 0
                                                                                      (Matrix.vecCons 0
                                                                                        (Matrix.vecCons 0
                                                                                          (Matrix.vecCons 0
                                                                                            (Matrix.vecCons 0
                                                                                              (Matrix.vecCons 0
                                                                                                (Matrix.vecCons
                                                                                                  1073741826
                                                                                                  (Matrix.vecCons
                                                                                                    1073741826
                                                                                                    (Matrix.vecCons
                                                                                                      1073741772
                                                                                                      (Matrix.vecCons
                                                                                                        1073741483
                                                                                                        ⋯)))))))))))))))))
                                                                      28)
                                                                    (fun i =>
                                                                      Matrix.vecCons
                                                                        (Matrix.vecCons 0
                                                                          (Matrix.vecCons 0
                                                                            (Matrix.vecCons 0
                                                                              (Matrix.vecCons 0
                                                                                (Matrix.vecCons 0
                                                                                  (Matrix.vecCons 0
                                                                                    (Matrix.vecCons 0
                                                                                      (Matrix.vecCons 0
                                                                                        (Matrix.vecCons 0
                                                                                          (Matrix.vecCons 0
                                                                                            (Matrix.vecCons 0
                                                                                              (Matrix.vecCons 0
                                                                                                (Matrix.vecCons 0
                                                                                                  (Matrix.vecCons 0
                                                                                                    (Matrix.vecCons 0
                                                                                                      (Matrix.vecCons 0
                                                                                                        ⋯)))))))))))))))
                                                                          28)
                                                                        (fun i =>
                                                                          Matrix.vecCons
                                                                            (Matrix.vecCons 0
                                                                              (Matrix.vecCons 0
                                                                                (Matrix.vecCons 0
                                                                                  (Matrix.vecCons 0
                                                                                    (Matrix.vecCons 0
                                                                                      (Matrix.vecCons 0
                                                                                        (Matrix.vecCons 0
                                                                                          (Matrix.vecCons 0
                                                                                            (Matrix.vecCons 0
                                                                                              (Matrix.vecCons 0
                                                                                                (Matrix.vecCons 0
                                                                                                  (Matrix.vecCons 0
                                                                                                    (Matrix.vecCons 0
                                                                                                      (Matrix.vecCons 0
                                                                                                        ⋯)))))))))))))
                                                                              28)
                                                                            (fun i =>
                                                                              Matrix.vecCons
                                                                                (Matrix.vecCons 0
                                                                                  (Matrix.vecCons 0
                                                                                    (Matrix.vecCons 0
                                                                                      (Matrix.vecCons 0
                                                                                        (Matrix.vecCons 0
                                                                                          (Matrix.vecCons 0
                                                                                            (Matrix.vecCons 0
                                                                                              (Matrix.vecCons 0
                                                                                                (Matrix.vecCons 0
                                                                                                  (Matrix.vecCons 0
                                                                                                    (Matrix.vecCons 0
                                                                                                      (Matrix.vecCons 0
                                                                                                        ⋯)))))))))))
                                                                                  28)
                                                                                (fun i =>
                                                                                  Matrix.vecCons
                                                                                    (Matrix.vecCons 0
                                                                                      (Matrix.vecCons 0
                                                                                        (Matrix.vecCons 0
                                                                                          (Matrix.vecCons 0
                                                                                            (Matrix.vecCons 0
                                                                                              (Matrix.vecCons 0
                                                                                                (Matrix.vecCons 0
                                                                                                  (Matrix.vecCons 0
                                                                                                    (Matrix.vecCons 0
                                                                                                      (Matrix.vecCons 0
                                                                                                        ⋯)))))))))
                                                                                      28)
                                                                                    (fun i =>
                                                                                      Matrix.vecCons
                                                                                        (Matrix.vecCons 0
                                                                                          (Matrix.vecCons 0
                                                                                            (Matrix.vecCons 0
                                                                                              (Matrix.vecCons 0
                                                                                                (Matrix.vecCons 0
                                                                                                  (Matrix.vecCons 0
                                                                                                    (Matrix.vecCons 0
                                                                                                      (Matrix.vecCons 0
                                                                                                        ⋯)))))))
                                                                                          28)
                                                                                        (fun i =>
                                                                                          Matrix.vecCons
                                                                                            (Matrix.vecCons 0
                                                                                              (Matrix.vecCons 0
                                                                                                (Matrix.vecCons 0
                                                                                                  (Matrix.vecCons 0
                                                                                                    (Matrix.vecCons 0
                                                                                                      (Matrix.vecCons 0
                                                                                                        ⋯)))))
                                                                                              28)
                                                                                            (fun i =>
                                                                                              Matrix.vecCons
                                                                                                (Matrix.vecCons 0
                                                                                                  (Matrix.vecCons 0
                                                                                                    (Matrix.vecCons 0
                                                                                                      (Matrix.vecCons 0
                                                                                                        ⋯)))
                                                                                                  28)
                                                                                                (fun i =>
                                                                                                  Matrix.vecCons
                                                                                                    (Matrix.vecCons 0
                                                                                                      (Matrix.vecCons 0
                                                                                                        ⋯)
                                                                                                      28)
                                                                                                    (fun i =>
                                                                                                      Matrix.vecCons ⋯ ⋯
                                                                                                        i)
                                                                                                    i)
                                                                                                i)
                                                                                            i)
                                                                                        i)
                                                                                    i)
                                                                                i)
                                                                            i)
                                                                        i)
                                                                    i)
                                                                i)
                                                            i)
                                                        i)
                                                    i)
                                                i)
                                            i)
                                        i)
                                    i)
                                i)
                            i)
                        i)
                    i)
                2 +
            (⋯ + ⋯)))) =
    ⋯
'R747JointBlock39Preflight.selected_cell' depends on axioms: [propext, sorryAx, Classical.choice, Quot.sound]
Command exited with non-zero status 1
	Command being timed: "/home/dombarker/.elan/bin/lake --dir /home/dombarker/project-offloads/aspis-r126-release-20260930-a/focus-workspace env lean -j1 -M4500 -R /home/dombarker/project-offloads/aspis-r57-lean-src-20260929-a -o /home/dombarker/project-offloads/aspis-r126-release-20260930-a/lib/AspisV8R19/R747JointBlock39Preflight.olean /home/dombarker/project-offloads/aspis-r57-lean-src-20260929-a/AspisV8R19/R747JointBlock39Preflight.lean"
	User time (seconds): 4.13
	System time (seconds): 0.38
	Percent of CPU this job got: 103%
	Elapsed (wall clock) time (h:mm:ss or m:ss): 0:04.37
	Average shared text size (kbytes): 0
	Average unshared data size (kbytes): 0
	Average stack size (kbytes): 0
	Average total size (kbytes): 0
	Maximum resident set size (kbytes): 3340552
	Average resident set size (kbytes): 0
	Major (requiring I/O) page faults: 0
	Minor (reclaiming a frame) page faults: 81028
	Voluntary context switches: 3718
	Involuntary context switches: 65
	Swaps: 0
	File system inputs: 8
	File system outputs: 0
	Socket messages sent: 0
	Socket messages received: 0
	Signals delivered: 0
	Page size (bytes): 4096
	Exit status: 1
Finished with result: exit-code
Main processes terminated with: code=exited/status=1
Service runtime: 4.408s
CPU time consumed: 4.550s
Memory peak: 512.0K
Memory swap peak: 0B
