# ULLBC after translation from MIR:

struct aspis_v8_performance_host::circle_norm::joined_inverse::line_norm::r110_norm::B {
  u32,
}

#[lang_item("Result")]
pub enum core::result::Result<T, E> {
  Ok(T),
  Err(E),
}

#[lang_item("Vec")]
pub opaque type alloc::vec::Vec<T, A>

#[lang_item("global_alloc_ty")]
pub struct alloc::alloc::Global {}

enum aspis_v8_performance_host::Error {
  Length,
  Canonical,
  Sampler,
  Shape,
  Authentication,
  Terminal,
  Domain,
}

pub struct core::iter::adapters::chain::Chain<A, B> {
  a: core::option::Option<A>,
  b: core::option::Option<B>,
}

#[lang_item("SliceIter")]
pub opaque type core::slice::iter::Iter<'a, T>
where
    TypeOutlives0: T: 'a,
    TypeOutlives1: T: 'a,

struct aspis_v8_performance_host::circle_norm::joined_inverse::line_norm::r110_norm::batch::closure {}

#[lang_item("RangeFrom")]
pub struct core::ops::range::RangeFrom<Idx> {
  start: Idx,
}

#[lang_item("Option")]
pub enum core::option::Option<T> {
  None,
  Some(T),
}

pub opaque type core::iter::adapters::rev::Rev<T>

#[lang_item("Range")]
pub struct core::ops::range::Range<Idx> {
  start: Idx,
  end: Idx,
}

#[lang_item("ArrayIntoIter")]
pub opaque type core::array::iter::IntoIter<T, const N : usize>

#[lang_item("NonZero")]
pub opaque type core::num::nonzero::NonZero<T>
where
    TraitClause0: (T: core::num::nonzero::ZeroablePrimitive),

pub opaque type core::iter::adapters::step_by::StepBy<I>

pub opaque type core::iter::adapters::zip::Zip<A, B>

pub opaque type core::iter::adapters::intersperse::Intersperse<I>
where
    TraitClause0: (I: core::iter::traits::iterator::Iterator),
    TraitClause1: (TraitClause0::Item: core::clone::Clone),

pub opaque type core::iter::adapters::intersperse::IntersperseWith<I, G>
where
    TraitClause0: (I: core::iter::traits::iterator::Iterator),

pub opaque type core::iter::adapters::map::Map<I, F>

pub opaque type core::iter::adapters::filter::Filter<I, P>

pub opaque type core::iter::adapters::filter_map::FilterMap<I, F>

#[lang_item("Enumerate")]
pub opaque type core::iter::adapters::enumerate::Enumerate<I>

#[lang_item("IterPeekable")]
pub opaque type core::iter::adapters::peekable::Peekable<I>
where
    TraitClause0: (I: core::iter::traits::iterator::Iterator),

pub opaque type core::iter::adapters::skip_while::SkipWhile<I, P>

pub opaque type core::iter::adapters::take_while::TakeWhile<I, P>

pub opaque type core::iter::adapters::map_while::MapWhile<I, P>

pub opaque type core::iter::adapters::skip::Skip<I>

pub opaque type core::iter::adapters::take::Take<I>

pub opaque type core::iter::adapters::scan::Scan<I, St, F>

pub opaque type core::iter::adapters::flatten::FlatMap<I, U, F>
where
    TraitClause0: (U: core::iter::traits::collect::IntoIterator),

pub opaque type core::iter::adapters::flatten::Flatten<I>
where
    TraitClause0: (I: core::iter::traits::iterator::Iterator),
    TraitClause1: (TraitClause0::Item: core::iter::traits::collect::IntoIterator),

pub opaque type core::iter::adapters::map_windows::MapWindows<I, F, const N : usize>
where
    TraitClause0: (I: core::iter::traits::iterator::Iterator),

pub opaque type core::iter::adapters::fuse::Fuse<I>

pub opaque type core::iter::adapters::inspect::Inspect<I, F>

#[lang_item("Ordering")]
pub enum core::cmp::Ordering {
  Less,
  Equal,
  Greater,
}

pub opaque type core::iter::adapters::copied::Copied<I>

pub opaque type core::iter::adapters::cloned::Cloned<I>

pub opaque type core::iter::adapters::cycle::Cycle<I>

pub opaque type core::iter::adapters::array_chunks::ArrayChunks<I, const N : usize>
where
    TraitClause0: (I: core::iter::traits::iterator::Iterator),

#[lang_item("ControlFlow")]
pub enum core::ops::control_flow::ControlFlow<B, C> {
  Continue(C),
  Break(B),
}

struct core::iter::traits::iterator::Iterator::any::check::closure<T, T1>
where
    TraitClause0: (T1: core::ops::function::FnMut<(T,)>),
    TypeConstraint0: TraitClause0::ImpliedClause0::Output = bool,
{
  T1,
}

pub struct aspis_core::field::M31 {
  u32,
}

pub opaque type core::num::niche_types::NonZeroUsizeInner

#[lang_item("NonNull")]
pub opaque type core::ptr::non_null::NonNull<T>

pub enum core::convert::Infallible {
}

struct core::iter::adapters::chain::{impl core::iter::traits::iterator::Iterator for core::iter::adapters::chain::Chain<A, B>}::next::closure<'_0, A, B>
where
    TraitClause0: (A: core::iter::traits::iterator::Iterator),
    TraitClause1: (B: core::iter::traits::iterator::Iterator),
    TypeConstraint0: TraitClause1::Item = TraitClause0::Item,
{
  &'_0 mut core::option::Option<B>,
}

#[lang_item("format_arguments")]
pub opaque type core::fmt::Arguments<'a>

pub opaque type core::mem::alignment::Alignment

#[lang_item("alloc_layout")]
pub opaque type core::alloc::layout::Layout

const aspis_v8_performance_host::circle_norm::joined_inverse::line_norm::r110_norm::{aspis_v8_performance_host::circle_norm::joined_inverse::line_norm::r110_norm::B}::ZERO: aspis_v8_performance_host::circle_norm::joined_inverse::line_norm::r110_norm::B = aspis_v8_performance_host::circle_norm::joined_inverse::line_norm::r110_norm::{aspis_v8_performance_host::circle_norm::joined_inverse::line_norm::r110_norm::B}::ZERO()

const core::iter::traits::iterator::Iterator::any::{promoted_const}<Self, F>: &'_ core::ops::control_flow::ControlFlow<(), ()>
where
    TraitClause0: (Self: core::iter::traits::iterator::Iterator),
    TraitClause1: (F: core::ops::function::FnMut<(TraitClause0::Item,)>),
    TypeConstraint0: TraitClause1::ImpliedClause0::Output = bool,
 = core::iter::traits::iterator::Iterator::any::{promoted_const}<Self, F>[TraitClause0, TraitClause1]()

const aspis_v8_performance_host::circle_norm::joined_inverse::line_norm::r110_norm::P110: u32 = aspis_v8_performance_host::circle_norm::joined_inverse::line_norm::r110_norm::P110()

pub const core::mem::SizedTypeProperties::IS_ZST<Self>: bool
where
    TraitClause0: (Self: core::mem::SizedTypeProperties),
 = core::mem::SizedTypeProperties::IS_ZST<Self>[TraitClause0]()

#[lang_item("mem_size_const")]
pub const core::mem::SizedTypeProperties::SIZE<Self>: usize
where
    TraitClause0: (Self: core::mem::SizedTypeProperties),
 = core::mem::SizedTypeProperties::SIZE<Self>[TraitClause0]()

#[lang_item("mem_align_const")]
pub const core::mem::SizedTypeProperties::ALIGN<Self>: usize
where
    TraitClause0: (Self: core::mem::SizedTypeProperties),
 = core::mem::SizedTypeProperties::ALIGN<Self>[TraitClause0]()

pub const core::mem::SizedTypeProperties::ALIGNMENT<Self>: core::mem::alignment::Alignment
where
    TraitClause0: (Self: core::mem::SizedTypeProperties),
 = core::mem::SizedTypeProperties::ALIGNMENT<Self>[TraitClause0]()

pub const core::mem::SizedTypeProperties::LAYOUT<Self>: core::alloc::layout::Layout
where
    TraitClause0: (Self: core::mem::SizedTypeProperties),
 = core::mem::SizedTypeProperties::LAYOUT<Self>[TraitClause0]()

pub const core::mem::SizedTypeProperties::MAX_SLICE_LEN<Self>: usize
where
    TraitClause0: (Self: core::mem::SizedTypeProperties),
 = core::mem::SizedTypeProperties::MAX_SLICE_LEN<Self>[TraitClause0]()

pub const aspis_core::field::P: u32 = aspis_core::field::P()

#[lang_item("iterator")]
pub trait core::iter::traits::iterator::Iterator<Self>
{
    type Item
    fn next<'_0_1>;
    fn chain<U, TraitClause0_1: (U: core::iter::traits::collect::IntoIterator), TypeConstraint0: TraitClause0_1::Item = Self::Item> = core::iter::traits::iterator::Iterator::chain<Self, U>[Self, TraitClause0_1]
    fn try_fold<'_0_1, B, F, R, TraitClause0_1: (F: core::ops::function::FnMut<(B, Self::Item)>), TraitClause1_1: (F: core::marker::Destruct), TraitClause2_1: (R: core::ops::try_trait::Try), TypeConstraint0: TraitClause0_1::ImpliedClause0::Output = R, TypeConstraint1: TraitClause2_1::Output = B> = core::iter::traits::iterator::Iterator::try_fold<'_0_1, Self, B, F, R>[Self, TraitClause0_1, TraitClause1_1, TraitClause2_1]
    fn any<'_0_1, F, TraitClause0_1: (F: core::ops::function::FnMut<(Self::Item,)>), TypeConstraint0: TraitClause0_1::ImpliedClause0::Output = bool> = core::iter::traits::iterator::Iterator::any<'_0_1, Self, F>[Self, TraitClause0_1]
    fn rev<TraitClause0_1: (Self: core::iter::traits::double_ended::DoubleEndedIterator)> = core::iter::traits::iterator::Iterator::rev<Self>[Self, TraitClause0_1]
    vtable: core::iter::traits::iterator::Iterator::{vtable}<Self::Item>
}

#[lang_item("IntoIterator")]
pub trait core::iter::traits::collect::IntoIterator<Self>
{
    type Item
    type IntoIter
    where
        TypeConstraint0: Self::IntoIter::ImpliedClause0::Item = Self::Item,
        proof ImpliedClause0: (Self::IntoIter: core::iter::traits::iterator::Iterator);
    fn into_iter;
    vtable: core::iter::traits::collect::IntoIterator::{vtable}<Self::Item, Self::IntoIter>
}

#[lang_item("fn_mut")]
pub trait core::ops::function::FnMut<Self, Args>
{
    proof ImpliedClause0: (Self: core::ops::function::FnOnce<Args>)
    fn call_mut<'_0_1>;
    vtable: core::ops::function::FnMut::{vtable}<Args, Self::ImpliedClause0::Output>
}

#[lang_item("destruct")]
pub trait core::marker::Destruct<Self>
{
    fn drop_glue<'_0_1>;
    non-dyn-compatible
}

#[lang_item("SliceIndex")]
pub trait core::slice::index::SliceIndex<Self, T>
{
    proof ImpliedClause0: (Self: core::slice::index::private_slice_index::Sealed)
    type Output
    fn get<'_0_1>;
    fn get_mut<'_0_1>;
    fn get_unchecked;
    fn get_unchecked_mut;
    fn index<'_0_1>;
    fn index_mut<'_0_1>;
    vtable: core::slice::index::SliceIndex::{vtable}<T, Self::Output>
}

#[lang_item("clone")]
pub trait core::clone::Clone<Self>
{
    fn clone<'_0_1>;
    non-dyn-compatible
}

#[lang_item("range_step")]
pub trait core::iter::range::Step<Self>
{
    proof ImpliedClause0: (Self: core::clone::Clone)
    proof ImpliedClause1: (Self: core::cmp::PartialOrd<Self>)
    fn steps_between<'_0_1, '_1_1>;
    fn forward_checked;
    fn backward_checked;
    non-dyn-compatible
}

#[lang_item("DoubleEndedIterator")]
pub trait core::iter::traits::double_ended::DoubleEndedIterator<Self>
{
    proof ImpliedClause0: (Self: core::iter::traits::iterator::Iterator)
    fn next_back<'_0_1>;
    vtable: core::iter::traits::double_ended::DoubleEndedIterator::{vtable}<Self::ImpliedClause0::Item>
}

#[lang_item("fn_once")]
pub trait core::ops::function::FnOnce<Self, Args>
{
    type Output
    fn call_once;
    vtable: core::ops::function::FnOnce::{vtable}<Args, Self::Output>
}

pub trait core::num::nonzero::ZeroablePrimitive<Self>
{
    proof ImpliedClause0: (Self: core::marker::Copy)
    proof ImpliedClause1: (Self: core::num::nonzero::private::Sealed)
    type NonZeroInner
    where
        proof ImpliedClause0: (Self::NonZeroInner: core::marker::Copy);
    non-dyn-compatible
}

#[lang_item("FromIterator")]
pub trait core::iter::traits::collect::FromIterator<Self, A>
{
    fn from_iter<T, TraitClause0_1: (T: core::iter::traits::collect::IntoIterator), TypeConstraint0: TraitClause0_1::Item = A>;
    non-dyn-compatible
}

#[lang_item("Try")]
pub trait core::ops::try_trait::Try<Self>
{
    proof ImpliedClause0: (Self: core::ops::try_trait::FromResidual<Self::Residual>)
    type Output
    type Residual
    where
        proof ImpliedClause0: (Self::Residual: core::ops::try_trait::Residual<Self::Output>);
    fn from_output;
    fn branch;
    non-dyn-compatible
}

pub trait core::ops::try_trait::Residual<Self, O>
{
    type TryType
    where
        TypeConstraint0: Self::TryType::ImpliedClause0::Output = O,
        TypeConstraint1: Self::TryType::ImpliedClause0::Residual = Self,
        proof ImpliedClause0: (Self::TryType: core::ops::try_trait::Try);
    non-dyn-compatible
}

pub trait core::iter::traits::collect::Extend<Self, A>
{
    fn extend<'_0_1, T, TraitClause0_1: (T: core::iter::traits::collect::IntoIterator), TypeConstraint0: TraitClause0_1::Item = A>;
    non-dyn-compatible
}

#[lang_item("Default")]
pub trait core::default::Default<Self>
{
    fn default;
    non-dyn-compatible
}

pub trait core::iter::traits::exact_size::ExactSizeIterator<Self>
{
    proof ImpliedClause0: (Self: core::iter::traits::iterator::Iterator)
    vtable: core::iter::traits::exact_size::ExactSizeIterator::{vtable}<Self::ImpliedClause0::Item>
}

#[lang_item("Ord")]
pub trait core::cmp::Ord<Self>
{
    proof ImpliedClause0: (Self: core::cmp::Eq)
    proof ImpliedClause1: (Self: core::cmp::PartialOrd<Self>)
    fn cmp<'_0_1, '_1_1>;
    non-dyn-compatible
}

#[lang_item("copy")]
pub trait core::marker::Copy<Self>
{
    proof ImpliedClause0: (Self: core::clone::Clone)
    non-dyn-compatible
}

pub trait core::iter::traits::accum::Sum<Self, A>
{
    fn sum<I, TraitClause0_1: (I: core::iter::traits::iterator::Iterator), TypeConstraint0: TraitClause0_1::Item = A>;
    non-dyn-compatible
}

pub trait core::iter::traits::accum::Product<Self, A>
{
    fn product<I, TraitClause0_1: (I: core::iter::traits::iterator::Iterator), TypeConstraint0: TraitClause0_1::Item = A>;
    non-dyn-compatible
}

#[lang_item("partial_ord")]
pub trait core::cmp::PartialOrd<Self, Rhs>
{
    proof ImpliedClause0: (Self: core::cmp::PartialEq<Rhs>)
    fn partial_cmp<'_0_1, '_1_1>;
    vtable: core::cmp::PartialOrd::{vtable}<Rhs>
}

#[lang_item("eq")]
pub trait core::cmp::PartialEq<Self, Rhs>
{
    fn eq<'_0_1, '_1_1>;
    vtable: core::cmp::PartialEq::{vtable}<Rhs>
}

pub trait core::iter::adapters::zip::TrustedRandomAccessNoCoerce<Self>
{
    const MAY_HAVE_SIDE_EFFECT : bool
    non-dyn-compatible
}

#[lang_item("index")]
pub trait core::ops::index::Index<Self, Idx>
{
    type Output
    fn index<'_0_1>;
    vtable: core::ops::index::Index::{vtable}<Idx, Self::Output>
}

pub trait core::slice::index::private_slice_index::Sealed<Self>

#[lang_item("deref")]
pub trait core::ops::deref::Deref<Self>
{
    type Target
    fn deref<'_0_1>;
    vtable: core::ops::deref::Deref::{vtable}<Self::Target>
}

#[lang_item("index_mut")]
pub trait core::ops::index::IndexMut<Self, Idx>
{
    proof ImpliedClause0: (Self: core::ops::index::Index<Idx>)
    fn index_mut<'_0_1>;
    vtable: core::ops::index::IndexMut::{vtable}<Idx, Self::ImpliedClause0::Output>
}

pub trait core::num::nonzero::private::Sealed<Self>

#[lang_item("FromResidual")]
pub trait core::ops::try_trait::FromResidual<Self, R>
{
    fn from_residual;
    non-dyn-compatible
}

#[lang_item("Eq")]
pub trait core::cmp::Eq<Self>
{
    proof ImpliedClause0: (Self: core::cmp::PartialEq<Self>)
    non-dyn-compatible
}

pub trait core::mem::SizedTypeProperties<Self>
{
    const SIZE : usize
    const ALIGN : usize
    const ALIGNMENT : core::mem::alignment::Alignment
    const IS_ZST : bool
    const LAYOUT : core::alloc::layout::Layout
    const MAX_SLICE_LEN : usize
    non-dyn-compatible
}

#[lang_item("From")]
pub trait core::convert::From<Self, T>
{
    fn from;
    non-dyn-compatible
}

// Full name: aspis_v8_performance_host::circle_norm::joined_inverse::line_norm::r110_norm::batch::{impl core::ops::function::FnOnce<(&'_ aspis_v8_performance_host::circle_norm::joined_inverse::line_norm::r110_norm::B,)> for aspis_v8_performance_host::circle_norm::joined_inverse::line_norm::r110_norm::batch::closure}
impl<'_0> core::ops::function::FnOnce<(&'_ aspis_v8_performance_host::circle_norm::joined_inverse::line_norm::r110_norm::B,)> for aspis_v8_performance_host::circle_norm::joined_inverse::line_norm::r110_norm::batch::closure {
    type Output = bool
    fn call_once = aspis_v8_performance_host::circle_norm::joined_inverse::line_norm::r110_norm::batch::{impl core::ops::function::FnOnce<(&'_ aspis_v8_performance_host::circle_norm::joined_inverse::line_norm::r110_norm::B,)> for aspis_v8_performance_host::circle_norm::joined_inverse::line_norm::r110_norm::batch::closure}::call_once<'_0>
    non-dyn-compatible
}

// Full name: aspis_v8_performance_host::circle_norm::joined_inverse::line_norm::r110_norm::batch::{impl core::ops::function::FnMut<(&'_ aspis_v8_performance_host::circle_norm::joined_inverse::line_norm::r110_norm::B,)> for aspis_v8_performance_host::circle_norm::joined_inverse::line_norm::r110_norm::batch::closure}
impl<'_0> core::ops::function::FnMut<(&'_ aspis_v8_performance_host::circle_norm::joined_inverse::line_norm::r110_norm::B,)> for aspis_v8_performance_host::circle_norm::joined_inverse::line_norm::r110_norm::batch::closure {
    proof ImpliedClause0: (aspis_v8_performance_host::circle_norm::joined_inverse::line_norm::r110_norm::batch::closure: core::ops::function::FnOnce<(&'_ aspis_v8_performance_host::circle_norm::joined_inverse::line_norm::r110_norm::B,)>) = aspis_v8_performance_host::circle_norm::joined_inverse::line_norm::r110_norm::batch::{impl core::ops::function::FnOnce<(&'_ aspis_v8_performance_host::circle_norm::joined_inverse::line_norm::r110_norm::B,)> for aspis_v8_performance_host::circle_norm::joined_inverse::line_norm::r110_norm::batch::closure}<'_0>
    fn call_mut<'_0_1> = aspis_v8_performance_host::circle_norm::joined_inverse::line_norm::r110_norm::batch::{impl core::ops::function::FnMut<(&'_ aspis_v8_performance_host::circle_norm::joined_inverse::line_norm::r110_norm::B,)> for aspis_v8_performance_host::circle_norm::joined_inverse::line_norm::r110_norm::batch::closure}::call_mut<'_0, '_0_1>
    non-dyn-compatible
}

// Full name: core::slice::iter::{impl core::iter::traits::iterator::Iterator for core::slice::iter::Iter<'a, T>}
impl<'a, T> core::iter::traits::iterator::Iterator for core::slice::iter::Iter<'a, T> {
    type Item = &'a T
    fn next<'_0_1> = core::slice::iter::{impl core::iter::traits::iterator::Iterator for core::slice::iter::Iter<'a, T>}::next<'a, '_0_1, T>
    fn chain<U, TraitClause0_1: (U: core::iter::traits::collect::IntoIterator), TypeConstraint0: TraitClause0_1::Item = core::slice::iter::{impl core::iter::traits::iterator::Iterator for core::slice::iter::Iter<'a, T>}<'a, T>::Item> = core::iter::traits::iterator::Iterator::chain<core::slice::iter::Iter<'a, T>, U>[core::slice::iter::{impl core::iter::traits::iterator::Iterator for core::slice::iter::Iter<'a, T>}<'a, T>, TraitClause0_1]
    fn try_fold<'_0_1, B, F, R, TraitClause0_1: (F: core::ops::function::FnMut<(B, core::slice::iter::{impl core::iter::traits::iterator::Iterator for core::slice::iter::Iter<'a, T>}<'a, T>::Item)>), TraitClause1_1: (F: core::marker::Destruct), TraitClause2_1: (R: core::ops::try_trait::Try), TypeConstraint0: TraitClause0_1::ImpliedClause0::Output = R, TypeConstraint1: TraitClause2_1::Output = B> = core::iter::traits::iterator::Iterator::try_fold<'_0_1, core::slice::iter::Iter<'a, T>, B, F, R>[core::slice::iter::{impl core::iter::traits::iterator::Iterator for core::slice::iter::Iter<'a, T>}<'a, T>, TraitClause0_1, TraitClause1_1, TraitClause2_1]
    fn any<'_0_1, F, TraitClause0_1: (F: core::ops::function::FnMut<(&'a T,)>), TypeConstraint0: TraitClause0_1::ImpliedClause0::Output = bool> = core::slice::iter::{impl core::iter::traits::iterator::Iterator for core::slice::iter::Iter<'a, T>}::any<'a, '_0_1, T, F>[TraitClause0_1]
    fn rev<TraitClause0_1: (core::slice::iter::Iter<'a, T>: core::iter::traits::double_ended::DoubleEndedIterator)> = core::iter::traits::iterator::Iterator::rev<core::slice::iter::Iter<'a, T>>[core::slice::iter::{impl core::iter::traits::iterator::Iterator for core::slice::iter::Iter<'a, T>}<'a, T>, TraitClause0_1]
    vtable: core::slice::iter::{impl core::iter::traits::iterator::Iterator for core::slice::iter::Iter<'a, T>}::{vtable}<'a, T>
}

// Full name: core::slice::iter::{impl core::iter::traits::collect::IntoIterator for &'a [T]}
impl<'a, T> core::iter::traits::collect::IntoIterator for &'a [T] {
    type Item = &'a T
    type IntoIter = core::slice::iter::Iter<'a, T>
    where
        proof ImpliedClause0: (core::slice::iter::Iter<'a, T>: core::iter::traits::iterator::Iterator) = core::slice::iter::{impl core::iter::traits::iterator::Iterator for core::slice::iter::Iter<'a, T>}<'_, T>;
    fn into_iter = core::slice::iter::{impl core::iter::traits::collect::IntoIterator for &'a [T]}::into_iter<'a, T>
    vtable: core::slice::iter::{impl core::iter::traits::collect::IntoIterator for &'a [T]}::{vtable}<'a, T>
}

// Full name: core::iter::adapters::chain::{impl core::iter::traits::iterator::Iterator for core::iter::adapters::chain::Chain<A, B>}
impl<A, B> core::iter::traits::iterator::Iterator for core::iter::adapters::chain::Chain<A, B>
where
    TraitClause0: (A: core::iter::traits::iterator::Iterator),
    TraitClause1: (B: core::iter::traits::iterator::Iterator),
    TypeConstraint0: TraitClause1::Item = TraitClause0::Item,
{
    type Item = TraitClause0::Item
    fn next<'_0_1> = core::iter::adapters::chain::{impl core::iter::traits::iterator::Iterator for core::iter::adapters::chain::Chain<A, B>}::next<'_0_1, A, B>[TraitClause0, TraitClause1]
    fn chain<U, TraitClause0_1: (U: core::iter::traits::collect::IntoIterator), TypeConstraint0: TraitClause0_1::Item = core::iter::adapters::chain::{impl core::iter::traits::iterator::Iterator for core::iter::adapters::chain::Chain<A, B>}<A, B>[TraitClause0, TraitClause1]::Item> = core::iter::traits::iterator::Iterator::chain<core::iter::adapters::chain::Chain<A, B>, U>[core::iter::adapters::chain::{impl core::iter::traits::iterator::Iterator for core::iter::adapters::chain::Chain<A, B>}<A, B>[TraitClause0, TraitClause1], TraitClause0_1]
    fn try_fold<'_0_1, B, F, R, TraitClause0_1: (F: core::ops::function::FnMut<(B, TraitClause0::Item)>), TraitClause1_1: (F: core::marker::Destruct), TraitClause2_1: (R: core::ops::try_trait::Try), TypeConstraint0: TraitClause0_1::ImpliedClause0::Output = R, TypeConstraint1: TraitClause2_1::Output = B> = core::iter::adapters::chain::{impl core::iter::traits::iterator::Iterator for core::iter::adapters::chain::Chain<A, B>}::try_fold<'_0_1, A, B, B, F, R>[TraitClause0, TraitClause1, TraitClause0_1, TraitClause2_1]
    fn any<'_0_1, F, TraitClause0_1: (F: core::ops::function::FnMut<(core::iter::adapters::chain::{impl core::iter::traits::iterator::Iterator for core::iter::adapters::chain::Chain<A, B>}<A, B>[TraitClause0, TraitClause1]::Item,)>), TypeConstraint0: TraitClause0_1::ImpliedClause0::Output = bool> = core::iter::traits::iterator::Iterator::any<'_0_1, core::iter::adapters::chain::Chain<A, B>, F>[core::iter::adapters::chain::{impl core::iter::traits::iterator::Iterator for core::iter::adapters::chain::Chain<A, B>}<A, B>[TraitClause0, TraitClause1], TraitClause0_1]
    fn rev<TraitClause0_1: (core::iter::adapters::chain::Chain<A, B>: core::iter::traits::double_ended::DoubleEndedIterator)> = core::iter::traits::iterator::Iterator::rev<core::iter::adapters::chain::Chain<A, B>>[core::iter::adapters::chain::{impl core::iter::traits::iterator::Iterator for core::iter::adapters::chain::Chain<A, B>}<A, B>[TraitClause0, TraitClause1], TraitClause0_1]
    vtable: core::iter::adapters::chain::{impl core::iter::traits::iterator::Iterator for core::iter::adapters::chain::Chain<A, B>}::{vtable}<A, B>[TraitClause0, TraitClause1]
}

// Full name: alloc::vec::Vec::{impl core::marker::Destruct for alloc::vec::Vec<T, A>}
impl<T, A> core::marker::Destruct for alloc::vec::Vec<T, A> {
    fn drop_glue<'_0_1> = alloc::vec::Vec::{impl core::marker::Destruct for alloc::vec::Vec<T, A>}::drop_glue<'_0_1, T, A>
    non-dyn-compatible
}

// Full name: alloc::alloc::Global::{impl core::marker::Destruct for alloc::alloc::Global}
impl core::marker::Destruct for alloc::alloc::Global {
    fn drop_glue<'_0_1> = alloc::alloc::Global::{impl core::marker::Destruct for alloc::alloc::Global}::drop_glue<'_0_1>
    non-dyn-compatible
}

// Full name: core::slice::index::{impl core::ops::index::Index<I> for [T]}
impl<T, I> core::ops::index::Index<I> for [T]
where
    TraitClause0: (I: core::slice::index::SliceIndex<[T]>),
{
    type Output = TraitClause0::Output
    fn index<'_0_1> = core::slice::index::{impl core::ops::index::Index<I> for [T]}::index<'_0_1, T, I>[TraitClause0]
    vtable: core::slice::index::{impl core::ops::index::Index<I> for [T]}::{vtable}<T, I>[TraitClause0]
}

// Full name: core::slice::index::{impl core::slice::index::SliceIndex<[T]> for core::ops::range::RangeFrom<usize>}
impl<T> core::slice::index::SliceIndex<[T]> for core::ops::range::RangeFrom<usize> {
    proof ImpliedClause0: (core::ops::range::RangeFrom<usize>: core::slice::index::private_slice_index::Sealed) = core::slice::index::private_slice_index::{impl core::slice::index::private_slice_index::Sealed for core::ops::range::RangeFrom<usize>}
    type Output = [T]
    fn get<'_0_1> = core::slice::index::{impl core::slice::index::SliceIndex<[T]> for core::ops::range::RangeFrom<usize>}::get<'_0_1, T>
    fn get_mut<'_0_1> = core::slice::index::{impl core::slice::index::SliceIndex<[T]> for core::ops::range::RangeFrom<usize>}::get_mut<'_0_1, T>
    fn get_unchecked = core::slice::index::{impl core::slice::index::SliceIndex<[T]> for core::ops::range::RangeFrom<usize>}::get_unchecked<T>
    fn get_unchecked_mut = core::slice::index::{impl core::slice::index::SliceIndex<[T]> for core::ops::range::RangeFrom<usize>}::get_unchecked_mut<T>
    fn index<'_0_1> = core::slice::index::{impl core::slice::index::SliceIndex<[T]> for core::ops::range::RangeFrom<usize>}::index<'_0_1, T>
    fn index_mut<'_0_1> = core::slice::index::{impl core::slice::index::SliceIndex<[T]> for core::ops::range::RangeFrom<usize>}::index_mut<'_0_1, T>
    vtable: core::slice::index::{impl core::slice::index::SliceIndex<[T]> for core::ops::range::RangeFrom<usize>}::{vtable}<T>
}

// Full name: alloc::vec::{impl core::ops::deref::Deref for alloc::vec::Vec<T, A>}
impl<T, A> core::ops::deref::Deref for alloc::vec::Vec<T, A> {
    type Target = [T]
    fn deref<'_0_1> = alloc::vec::{impl core::ops::deref::Deref for alloc::vec::Vec<T, A>}::deref<'_0_1, T, A>
    vtable: alloc::vec::{impl core::ops::deref::Deref for alloc::vec::Vec<T, A>}::{vtable}<T, A>
}

// Full name: aspis_v8_performance_host::circle_norm::joined_inverse::line_norm::r110_norm::{impl core::clone::Clone for aspis_v8_performance_host::circle_norm::joined_inverse::line_norm::r110_norm::B}
impl core::clone::Clone for aspis_v8_performance_host::circle_norm::joined_inverse::line_norm::r110_norm::B {
    fn clone<'_0_1> = aspis_v8_performance_host::circle_norm::joined_inverse::line_norm::r110_norm::{impl core::clone::Clone for aspis_v8_performance_host::circle_norm::joined_inverse::line_norm::r110_norm::B}::clone<'_0_1>
    non-dyn-compatible
}

// Full name: core::iter::range::{impl core::iter::traits::iterator::Iterator for core::ops::range::Range<A>}
impl<A> core::iter::traits::iterator::Iterator for core::ops::range::Range<A>
where
    TraitClause0: (A: core::iter::range::Step),
{
    type Item = A
    fn next<'_0_1> = core::iter::range::{impl core::iter::traits::iterator::Iterator for core::ops::range::Range<A>}::next<'_0_1, A>[TraitClause0]
    fn chain<U, TraitClause0_1: (U: core::iter::traits::collect::IntoIterator), TypeConstraint0: TraitClause0_1::Item = core::iter::range::{impl core::iter::traits::iterator::Iterator for core::ops::range::Range<A>}<A>[TraitClause0]::Item> = core::iter::traits::iterator::Iterator::chain<core::ops::range::Range<A>, U>[core::iter::range::{impl core::iter::traits::iterator::Iterator for core::ops::range::Range<A>}<A>[TraitClause0], TraitClause0_1]
    fn try_fold<'_0_1, B, F, R, TraitClause0_1: (F: core::ops::function::FnMut<(B, core::iter::range::{impl core::iter::traits::iterator::Iterator for core::ops::range::Range<A>}<A>[TraitClause0]::Item)>), TraitClause1_1: (F: core::marker::Destruct), TraitClause2_1: (R: core::ops::try_trait::Try), TypeConstraint0: TraitClause0_1::ImpliedClause0::Output = R, TypeConstraint1: TraitClause2_1::Output = B> = core::iter::traits::iterator::Iterator::try_fold<'_0_1, core::ops::range::Range<A>, B, F, R>[core::iter::range::{impl core::iter::traits::iterator::Iterator for core::ops::range::Range<A>}<A>[TraitClause0], TraitClause0_1, TraitClause1_1, TraitClause2_1]
    fn any<'_0_1, F, TraitClause0_1: (F: core::ops::function::FnMut<(core::iter::range::{impl core::iter::traits::iterator::Iterator for core::ops::range::Range<A>}<A>[TraitClause0]::Item,)>), TypeConstraint0: TraitClause0_1::ImpliedClause0::Output = bool> = core::iter::traits::iterator::Iterator::any<'_0_1, core::ops::range::Range<A>, F>[core::iter::range::{impl core::iter::traits::iterator::Iterator for core::ops::range::Range<A>}<A>[TraitClause0], TraitClause0_1]
    fn rev<TraitClause0_1: (core::ops::range::Range<A>: core::iter::traits::double_ended::DoubleEndedIterator)> = core::iter::traits::iterator::Iterator::rev<core::ops::range::Range<A>>[core::iter::range::{impl core::iter::traits::iterator::Iterator for core::ops::range::Range<A>}<A>[TraitClause0], TraitClause0_1]
    vtable: core::iter::range::{impl core::iter::traits::iterator::Iterator for core::ops::range::Range<A>}::{vtable}<A>[TraitClause0]
}

// Full name: core::iter::range::{impl core::iter::range::Step for usize}
impl core::iter::range::Step for usize {
    proof ImpliedClause0: (usize: core::clone::Clone) = core::clone::impls::{impl core::clone::Clone for usize}
    proof ImpliedClause1: (usize: core::cmp::PartialOrd<usize>) = core::cmp::impls::{impl core::cmp::PartialOrd<usize> for usize}
    fn steps_between<'_0_1, '_1_1> = core::iter::range::{impl core::iter::range::Step for usize}::steps_between<'_0_1, '_1_1>
    fn forward_checked = core::iter::range::{impl core::iter::range::Step for usize}::forward_checked
    fn backward_checked = core::iter::range::{impl core::iter::range::Step for usize}::backward_checked
    non-dyn-compatible
}

// Full name: core::iter::range::{impl core::iter::traits::double_ended::DoubleEndedIterator for core::ops::range::Range<A>}
impl<A> core::iter::traits::double_ended::DoubleEndedIterator for core::ops::range::Range<A>
where
    TraitClause0: (A: core::iter::range::Step),
{
    proof ImpliedClause0: (core::ops::range::Range<A>: core::iter::traits::iterator::Iterator) = core::iter::range::{impl core::iter::traits::iterator::Iterator for core::ops::range::Range<A>}<A>[TraitClause0]
    fn next_back<'_0_1> = core::iter::range::{impl core::iter::traits::double_ended::DoubleEndedIterator for core::ops::range::Range<A>}::next_back<'_0_1, A>[TraitClause0]
    vtable: core::iter::range::{impl core::iter::traits::double_ended::DoubleEndedIterator for core::ops::range::Range<A>}::{vtable}<A>[TraitClause0]
}

// Full name: core::iter::traits::collect::{impl core::iter::traits::collect::IntoIterator for I}
impl<I> core::iter::traits::collect::IntoIterator for I
where
    TraitClause0: (I: core::iter::traits::iterator::Iterator),
{
    type Item = TraitClause0::Item
    type IntoIter = I
    where
        proof ImpliedClause0: (I: core::iter::traits::iterator::Iterator) = TraitClause0;
    fn into_iter = core::iter::traits::collect::{impl core::iter::traits::collect::IntoIterator for I}::into_iter<I>[TraitClause0]
    vtable: core::iter::traits::collect::{impl core::iter::traits::collect::IntoIterator for I}::{vtable}<I>[TraitClause0]
}

// Full name: core::iter::adapters::rev::{impl core::iter::traits::iterator::Iterator for core::iter::adapters::rev::Rev<I>}
impl<I> core::iter::traits::iterator::Iterator for core::iter::adapters::rev::Rev<I>
where
    TraitClause0: (I: core::iter::traits::double_ended::DoubleEndedIterator),
{
    type Item = TraitClause0::ImpliedClause0::Item
    fn next<'_0_1> = core::iter::adapters::rev::{impl core::iter::traits::iterator::Iterator for core::iter::adapters::rev::Rev<I>}::next<'_0_1, I>[TraitClause0]
    fn chain<U, TraitClause0_1: (U: core::iter::traits::collect::IntoIterator), TypeConstraint0: TraitClause0_1::Item = core::iter::adapters::rev::{impl core::iter::traits::iterator::Iterator for core::iter::adapters::rev::Rev<I>}<I>[TraitClause0]::Item> = core::iter::traits::iterator::Iterator::chain<core::iter::adapters::rev::Rev<I>, U>[core::iter::adapters::rev::{impl core::iter::traits::iterator::Iterator for core::iter::adapters::rev::Rev<I>}<I>[TraitClause0], TraitClause0_1]
    fn try_fold<'_0_1, B, F, R, TraitClause0_1: (F: core::ops::function::FnMut<(B, TraitClause0::ImpliedClause0::Item)>), TraitClause1_1: (F: core::marker::Destruct), TraitClause2_1: (R: core::ops::try_trait::Try), TypeConstraint0: TraitClause0_1::ImpliedClause0::Output = R, TypeConstraint1: TraitClause2_1::Output = B> = core::iter::adapters::rev::{impl core::iter::traits::iterator::Iterator for core::iter::adapters::rev::Rev<I>}::try_fold<'_0_1, I, B, F, R>[TraitClause0, TraitClause0_1, TraitClause2_1]
    fn any<'_0_1, F, TraitClause0_1: (F: core::ops::function::FnMut<(core::iter::adapters::rev::{impl core::iter::traits::iterator::Iterator for core::iter::adapters::rev::Rev<I>}<I>[TraitClause0]::Item,)>), TypeConstraint0: TraitClause0_1::ImpliedClause0::Output = bool> = core::iter::traits::iterator::Iterator::any<'_0_1, core::iter::adapters::rev::Rev<I>, F>[core::iter::adapters::rev::{impl core::iter::traits::iterator::Iterator for core::iter::adapters::rev::Rev<I>}<I>[TraitClause0], TraitClause0_1]
    fn rev<TraitClause0_1: (core::iter::adapters::rev::Rev<I>: core::iter::traits::double_ended::DoubleEndedIterator)> = core::iter::traits::iterator::Iterator::rev<core::iter::adapters::rev::Rev<I>>[core::iter::adapters::rev::{impl core::iter::traits::iterator::Iterator for core::iter::adapters::rev::Rev<I>}<I>[TraitClause0], TraitClause0_1]
    vtable: core::iter::adapters::rev::{impl core::iter::traits::iterator::Iterator for core::iter::adapters::rev::Rev<I>}::{vtable}<I>[TraitClause0]
}

// Full name: alloc::vec::{impl core::ops::index::Index<I> for alloc::vec::Vec<T, A>}
impl<T, I, A> core::ops::index::Index<I> for alloc::vec::Vec<T, A>
where
    TraitClause0: (I: core::slice::index::SliceIndex<[T]>),
{
    type Output = TraitClause0::Output
    fn index<'_0_1> = alloc::vec::{impl core::ops::index::Index<I> for alloc::vec::Vec<T, A>}::index<'_0_1, T, I, A>[TraitClause0]
    vtable: alloc::vec::{impl core::ops::index::Index<I> for alloc::vec::Vec<T, A>}::{vtable}<T, I, A>[TraitClause0]
}

// Full name: core::slice::index::{impl core::slice::index::SliceIndex<[T]> for usize}
impl<T> core::slice::index::SliceIndex<[T]> for usize {
    proof ImpliedClause0: (usize: core::slice::index::private_slice_index::Sealed) = core::slice::index::private_slice_index::{impl core::slice::index::private_slice_index::Sealed for usize}
    type Output = T
    fn get<'_0_1> = core::slice::index::{impl core::slice::index::SliceIndex<[T]> for usize}::get<'_0_1, T>
    fn get_mut<'_0_1> = core::slice::index::{impl core::slice::index::SliceIndex<[T]> for usize}::get_mut<'_0_1, T>
    fn get_unchecked = core::slice::index::{impl core::slice::index::SliceIndex<[T]> for usize}::get_unchecked<T>
    fn get_unchecked_mut = core::slice::index::{impl core::slice::index::SliceIndex<[T]> for usize}::get_unchecked_mut<T>
    fn index<'_0_1> = core::slice::index::{impl core::slice::index::SliceIndex<[T]> for usize}::index<'_0_1, T>
    fn index_mut<'_0_1> = core::slice::index::{impl core::slice::index::SliceIndex<[T]> for usize}::index_mut<'_0_1, T>
    vtable: core::slice::index::{impl core::slice::index::SliceIndex<[T]> for usize}::{vtable}<T>
}

// Full name: alloc::vec::{impl core::ops::index::IndexMut<I> for alloc::vec::Vec<T, A>}
impl<T, I, A> core::ops::index::IndexMut<I> for alloc::vec::Vec<T, A>
where
    TraitClause0: (I: core::slice::index::SliceIndex<[T]>),
{
    proof ImpliedClause0: (alloc::vec::Vec<T, A>: core::ops::index::Index<I>) = alloc::vec::{impl core::ops::index::Index<I> for alloc::vec::Vec<T, A>}<T, I, A>[TraitClause0]
    fn index_mut<'_0_1> = alloc::vec::{impl core::ops::index::IndexMut<I> for alloc::vec::Vec<T, A>}::index_mut<'_0_1, T, I, A>[TraitClause0]
    vtable: alloc::vec::{impl core::ops::index::IndexMut<I> for alloc::vec::Vec<T, A>}::{vtable}<T, I, A>[TraitClause0]
}

// Full name: aspis_v8_performance_host::<tuple_2>::{impl core::marker::Destruct for (A, B)}
impl<A, B> core::marker::Destruct for (A, B) {
    fn drop_glue<'_0_1> = aspis_v8_performance_host::<tuple_2>::{impl core::marker::Destruct for (A, B)}::drop_glue<'_0_1, A, B>
    non-dyn-compatible
}

// Full name: core::num::nonzero::{impl core::num::nonzero::ZeroablePrimitive for usize}
impl core::num::nonzero::ZeroablePrimitive for usize {
    proof ImpliedClause0: (usize: core::marker::Copy) = core::marker::{impl core::marker::Copy for usize}
    proof ImpliedClause1: (usize: core::num::nonzero::private::Sealed) = core::num::nonzero::{impl core::num::nonzero::private::Sealed for usize}
    type NonZeroInner = core::num::niche_types::NonZeroUsizeInner
    where
        proof ImpliedClause0: (core::num::niche_types::NonZeroUsizeInner: core::marker::Copy) = core::num::niche_types::{impl core::marker::Copy for core::num::niche_types::NonZeroUsizeInner};
    non-dyn-compatible
}

// Full name: core::iter::traits::iterator::Iterator::any::check::{impl core::ops::function::FnOnce<((), T)> for core::iter::traits::iterator::Iterator::any::check::closure<T, T1>[TraitClause0]}
impl<T, T1> core::ops::function::FnOnce<((), T)> for core::iter::traits::iterator::Iterator::any::check::closure<T, T1>[TraitClause0]
where
    TraitClause0: (T1: core::ops::function::FnMut<(T,)>),
    TypeConstraint0: TraitClause0::ImpliedClause0::Output = bool,
{
    type Output = core::ops::control_flow::ControlFlow<(), ()>
    fn call_once = core::iter::traits::iterator::Iterator::any::check::{impl core::ops::function::FnOnce<((), T)> for core::iter::traits::iterator::Iterator::any::check::closure<T, T1>[TraitClause0]}::call_once<T, T1>[TraitClause0]
    non-dyn-compatible
}

// Full name: core::iter::traits::iterator::Iterator::any::check::{impl core::ops::function::FnMut<((), T)> for core::iter::traits::iterator::Iterator::any::check::closure<T, T1>[TraitClause0]}
impl<T, T1> core::ops::function::FnMut<((), T)> for core::iter::traits::iterator::Iterator::any::check::closure<T, T1>[TraitClause0]
where
    TraitClause0: (T1: core::ops::function::FnMut<(T,)>),
    TypeConstraint0: TraitClause0::ImpliedClause0::Output = bool,
{
    proof ImpliedClause0: (core::iter::traits::iterator::Iterator::any::check::closure<T, T1>[TraitClause0]: core::ops::function::FnOnce<((), T)>) = core::iter::traits::iterator::Iterator::any::check::{impl core::ops::function::FnOnce<((), T)> for core::iter::traits::iterator::Iterator::any::check::closure<T, T1>[TraitClause0]}<T, T1>[TraitClause0]
    fn call_mut<'_0_1> = core::iter::traits::iterator::Iterator::any::check::{impl core::ops::function::FnMut<((), T)> for core::iter::traits::iterator::Iterator::any::check::closure<T, T1>[TraitClause0]}::call_mut<'_0_1, T, T1>[TraitClause0]
    non-dyn-compatible
}

// Full name: core::iter::traits::iterator::Iterator::any::check::closure::{impl core::marker::Destruct for core::iter::traits::iterator::Iterator::any::check::closure<T, T1>[TraitClause0]}
impl<T, T1> core::marker::Destruct for core::iter::traits::iterator::Iterator::any::check::closure<T, T1>[TraitClause0]
where
    TraitClause0: (T1: core::ops::function::FnMut<(T,)>),
    TypeConstraint0: TraitClause0::ImpliedClause0::Output = bool,
{
    fn drop_glue<'_0_1> = core::iter::traits::iterator::Iterator::any::check::closure::{impl core::marker::Destruct for core::iter::traits::iterator::Iterator::any::check::closure<T, T1>[TraitClause0]}::drop_glue<'_0_1, T, T1>[TraitClause0]
    non-dyn-compatible
}

// Full name: core::ops::control_flow::{impl core::ops::try_trait::Try for core::ops::control_flow::ControlFlow<B, C>}
impl<B, C> core::ops::try_trait::Try for core::ops::control_flow::ControlFlow<B, C> {
    proof ImpliedClause0: (core::ops::control_flow::ControlFlow<B, C>: core::ops::try_trait::FromResidual<core::ops::control_flow::ControlFlow<B, core::convert::Infallible>>) = core::ops::control_flow::{impl core::ops::try_trait::FromResidual<core::ops::control_flow::ControlFlow<B, core::convert::Infallible>> for core::ops::control_flow::ControlFlow<B, C>}<B, C>
    type Output = C
    type Residual = core::ops::control_flow::ControlFlow<B, core::convert::Infallible>
    where
        proof ImpliedClause0: (core::ops::control_flow::ControlFlow<B, core::convert::Infallible>: core::ops::try_trait::Residual<C>) = core::ops::control_flow::{impl core::ops::try_trait::Residual<C> for core::ops::control_flow::ControlFlow<B, core::convert::Infallible>}<B, C>;
    fn from_output = core::ops::control_flow::{impl core::ops::try_trait::Try for core::ops::control_flow::ControlFlow<B, C>}::from_output<B, C>
    fn branch = core::ops::control_flow::{impl core::ops::try_trait::Try for core::ops::control_flow::ControlFlow<B, C>}::branch<B, C>
    non-dyn-compatible
}

// Full name: core::ops::control_flow::{impl core::cmp::PartialEq<core::ops::control_flow::ControlFlow<B, C>> for core::ops::control_flow::ControlFlow<B, C>}
impl<B, C> core::cmp::PartialEq<core::ops::control_flow::ControlFlow<B, C>> for core::ops::control_flow::ControlFlow<B, C>
where
    TraitClause0: (B: core::cmp::PartialEq<B>),
    TraitClause1: (C: core::cmp::PartialEq<C>),
{
    fn eq<'_0_1, '_1_1> = core::ops::control_flow::{impl core::cmp::PartialEq<core::ops::control_flow::ControlFlow<B, C>> for core::ops::control_flow::ControlFlow<B, C>}::eq<'_0_1, '_1_1, B, C>[TraitClause0, TraitClause1]
    vtable: core::ops::control_flow::{impl core::cmp::PartialEq<core::ops::control_flow::ControlFlow<B, C>> for core::ops::control_flow::ControlFlow<B, C>}::{vtable}<B, C>[TraitClause0, TraitClause1]
}

// Full name: core::cmp::impls::{impl core::cmp::PartialEq<()> for ()}
impl core::cmp::PartialEq<()> for () {
    fn eq<'_0_1, '_1_1> = core::cmp::impls::{impl core::cmp::PartialEq<()> for ()}::eq<'_0_1, '_1_1>
    vtable: core::cmp::impls::{impl core::cmp::PartialEq<()> for ()}::{vtable}
}

// Full name: core::slice::index::private_slice_index::{impl core::slice::index::private_slice_index::Sealed for core::ops::range::RangeFrom<usize>}
impl core::slice::index::private_slice_index::Sealed for core::ops::range::RangeFrom<usize> {
    vtable: core::slice::index::private_slice_index::{impl core::slice::index::private_slice_index::Sealed for core::ops::range::RangeFrom<usize>}::{vtable}
}

// Full name: core::convert::num::{impl core::convert::From<u32> for u64}
impl core::convert::From<u32> for u64 {
    fn from = core::convert::num::{impl core::convert::From<u32> for u64}::from
    non-dyn-compatible
}

// Full name: core::clone::impls::{impl core::clone::Clone for usize}
impl core::clone::Clone for usize {
    fn clone<'_0_1> = core::clone::impls::{impl core::clone::Clone for usize}::clone<'_0_1>
    non-dyn-compatible
}

// Full name: core::cmp::impls::{impl core::cmp::PartialOrd<usize> for usize}
impl core::cmp::PartialOrd<usize> for usize {
    proof ImpliedClause0: (usize: core::cmp::PartialEq<usize>) = core::cmp::impls::{impl core::cmp::PartialEq<usize> for usize}
    fn partial_cmp<'_0_1, '_1_1> = core::cmp::impls::{impl core::cmp::PartialOrd<usize> for usize}::partial_cmp<'_0_1, '_1_1>
    vtable: core::cmp::impls::{impl core::cmp::PartialOrd<usize> for usize}::{vtable}
}

// Full name: core::slice::index::private_slice_index::{impl core::slice::index::private_slice_index::Sealed for usize}
impl core::slice::index::private_slice_index::Sealed for usize {
    vtable: core::slice::index::private_slice_index::{impl core::slice::index::private_slice_index::Sealed for usize}::{vtable}
}

// Full name: aspis_v8_performance_host::circle_norm::joined_inverse::line_norm::r110_norm::batch::closure::{impl core::marker::Destruct for aspis_v8_performance_host::circle_norm::joined_inverse::line_norm::r110_norm::batch::closure}
impl core::marker::Destruct for aspis_v8_performance_host::circle_norm::joined_inverse::line_norm::r110_norm::batch::closure {
    fn drop_glue<'_0_1> = aspis_v8_performance_host::circle_norm::joined_inverse::line_norm::r110_norm::batch::closure::{impl core::marker::Destruct for aspis_v8_performance_host::circle_norm::joined_inverse::line_norm::r110_norm::batch::closure}::drop_glue<'_0_1>
    non-dyn-compatible
}

// Full name: aspis_v8_performance_host::circle_norm::joined_inverse::line_norm::r110_norm::{impl core::cmp::PartialEq<aspis_v8_performance_host::circle_norm::joined_inverse::line_norm::r110_norm::B> for aspis_v8_performance_host::circle_norm::joined_inverse::line_norm::r110_norm::B}
impl core::cmp::PartialEq<aspis_v8_performance_host::circle_norm::joined_inverse::line_norm::r110_norm::B> for aspis_v8_performance_host::circle_norm::joined_inverse::line_norm::r110_norm::B {
    fn eq<'_0_1, '_1_1> = aspis_v8_performance_host::circle_norm::joined_inverse::line_norm::r110_norm::{impl core::cmp::PartialEq<aspis_v8_performance_host::circle_norm::joined_inverse::line_norm::r110_norm::B> for aspis_v8_performance_host::circle_norm::joined_inverse::line_norm::r110_norm::B}::eq<'_0_1, '_1_1>
    vtable: aspis_v8_performance_host::circle_norm::joined_inverse::line_norm::r110_norm::{impl core::cmp::PartialEq<aspis_v8_performance_host::circle_norm::joined_inverse::line_norm::r110_norm::B> for aspis_v8_performance_host::circle_norm::joined_inverse::line_norm::r110_norm::B}::{vtable}
}

// Full name: core::marker::{impl core::marker::Copy for usize}
impl core::marker::Copy for usize {
    proof ImpliedClause0: (usize: core::clone::Clone) = core::clone::impls::{impl core::clone::Clone for usize}
    non-dyn-compatible
}

// Full name: core::num::nonzero::{impl core::num::nonzero::private::Sealed for usize}
impl core::num::nonzero::private::Sealed for usize {
    vtable: core::num::nonzero::{impl core::num::nonzero::private::Sealed for usize}::{vtable}
}

// Full name: core::num::niche_types::{impl core::marker::Copy for core::num::niche_types::NonZeroUsizeInner}
impl core::marker::Copy for core::num::niche_types::NonZeroUsizeInner {
    proof ImpliedClause0: (core::num::niche_types::NonZeroUsizeInner: core::clone::Clone) = core::num::niche_types::{impl core::clone::Clone for core::num::niche_types::NonZeroUsizeInner}
    non-dyn-compatible
}

// Full name: core::mem::{impl core::mem::SizedTypeProperties for T}
impl<T> core::mem::SizedTypeProperties for T {
    const SIZE = core::mem::SizedTypeProperties::SIZE<T>[core::mem::{impl core::mem::SizedTypeProperties for T}<T>]
    const ALIGN = core::mem::SizedTypeProperties::ALIGN<T>[core::mem::{impl core::mem::SizedTypeProperties for T}<T>]
    const ALIGNMENT = core::mem::SizedTypeProperties::ALIGNMENT<T>[core::mem::{impl core::mem::SizedTypeProperties for T}<T>]
    const IS_ZST = core::mem::SizedTypeProperties::IS_ZST<T>[core::mem::{impl core::mem::SizedTypeProperties for T}<T>]
    const LAYOUT = core::mem::SizedTypeProperties::LAYOUT<T>[core::mem::{impl core::mem::SizedTypeProperties for T}<T>]
    const MAX_SLICE_LEN = core::mem::SizedTypeProperties::MAX_SLICE_LEN<T>[core::mem::{impl core::mem::SizedTypeProperties for T}<T>]
    non-dyn-compatible
}

// Full name: core::ops::control_flow::{impl core::ops::try_trait::FromResidual<core::ops::control_flow::ControlFlow<B, core::convert::Infallible>> for core::ops::control_flow::ControlFlow<B, C>}
impl<B, C> core::ops::try_trait::FromResidual<core::ops::control_flow::ControlFlow<B, core::convert::Infallible>> for core::ops::control_flow::ControlFlow<B, C> {
    fn from_residual = core::ops::control_flow::{impl core::ops::try_trait::FromResidual<core::ops::control_flow::ControlFlow<B, core::convert::Infallible>> for core::ops::control_flow::ControlFlow<B, C>}::from_residual<B, C>
    non-dyn-compatible
}

// Full name: core::ops::control_flow::{impl core::ops::try_trait::Residual<C> for core::ops::control_flow::ControlFlow<B, core::convert::Infallible>}
impl<B, C> core::ops::try_trait::Residual<C> for core::ops::control_flow::ControlFlow<B, core::convert::Infallible> {
    type TryType = core::ops::control_flow::ControlFlow<B, C>
    where
        proof ImpliedClause0: (core::ops::control_flow::ControlFlow<B, C>: core::ops::try_trait::Try) = core::ops::control_flow::{impl core::ops::try_trait::Try for core::ops::control_flow::ControlFlow<B, C>}<B, C>;
    non-dyn-compatible
}

// Full name: core::iter::adapters::chain::{impl core::iter::traits::iterator::Iterator for core::iter::adapters::chain::Chain<A, B>}::next::{impl core::ops::function::FnOnce<()> for core::iter::adapters::chain::{impl core::iter::traits::iterator::Iterator for core::iter::adapters::chain::Chain<A, B>}::next::closure<'_0, A, B>[TraitClause0, TraitClause1]}
impl<'_0, A, B> core::ops::function::FnOnce<()> for core::iter::adapters::chain::{impl core::iter::traits::iterator::Iterator for core::iter::adapters::chain::Chain<A, B>}::next::closure<'_0, A, B>[TraitClause0, TraitClause1]
where
    TraitClause0: (A: core::iter::traits::iterator::Iterator),
    TraitClause1: (B: core::iter::traits::iterator::Iterator),
    TypeConstraint0: TraitClause1::Item = TraitClause0::Item,
{
    type Output = core::option::Option<TraitClause0::Item>
    fn call_once = core::iter::adapters::chain::{impl core::iter::traits::iterator::Iterator for core::iter::adapters::chain::Chain<A, B>}::next::{impl core::ops::function::FnOnce<()> for core::iter::adapters::chain::{impl core::iter::traits::iterator::Iterator for core::iter::adapters::chain::Chain<A, B>}::next::closure<'_0, A, B>[TraitClause0, TraitClause1]}::call_once<'_0, A, B>[TraitClause0, TraitClause1]
    non-dyn-compatible
}

// Full name: core::iter::adapters::chain::{impl core::iter::traits::iterator::Iterator for core::iter::adapters::chain::Chain<A, B>}::next::closure::{impl core::marker::Destruct for core::iter::adapters::chain::{impl core::iter::traits::iterator::Iterator for core::iter::adapters::chain::Chain<A, B>}::next::closure<'_0, A, B>[TraitClause0, TraitClause1]}
impl<'_0, A, B> core::marker::Destruct for core::iter::adapters::chain::{impl core::iter::traits::iterator::Iterator for core::iter::adapters::chain::Chain<A, B>}::next::closure<'_0, A, B>[TraitClause0, TraitClause1]
where
    TraitClause0: (A: core::iter::traits::iterator::Iterator),
    TraitClause1: (B: core::iter::traits::iterator::Iterator),
    TypeConstraint0: TraitClause1::Item = TraitClause0::Item,
{
    fn drop_glue<'_0_1> = core::iter::adapters::chain::{impl core::iter::traits::iterator::Iterator for core::iter::adapters::chain::Chain<A, B>}::next::closure::{impl core::marker::Destruct for core::iter::adapters::chain::{impl core::iter::traits::iterator::Iterator for core::iter::adapters::chain::Chain<A, B>}::next::closure<'_0, A, B>[TraitClause0, TraitClause1]}::drop_glue<'_0, '_0_1, A, B>[TraitClause0, TraitClause1]
    non-dyn-compatible
}

// Full name: core::ops::function::impls::{impl core::ops::function::FnMut<A> for &'_0 mut F}
impl<'_0, A, F> core::ops::function::FnMut<A> for &'_0 mut F
where
    TraitClause0: (F: core::ops::function::FnMut<A>),
{
    proof ImpliedClause0: (&'_0 mut F: core::ops::function::FnOnce<A>) = core::ops::function::impls::{impl core::ops::function::FnOnce<A> for &'_0 mut F}<'_, A, F>[TraitClause0]
    fn call_mut<'_0_1> = core::ops::function::impls::{impl core::ops::function::FnMut<A> for &'_0 mut F}::call_mut<'_0, '_0_1, A, F>[TraitClause0]
    vtable: core::ops::function::impls::{impl core::ops::function::FnMut<A> for &'_0 mut F}::{vtable}<'_0, A, F>[TraitClause0]
}

// Full name: core::option::Option::{impl core::marker::Destruct for core::option::Option<T>}
impl<T> core::marker::Destruct for core::option::Option<T> {
    fn drop_glue<'_0_1> = core::option::Option::{impl core::marker::Destruct for core::option::Option<T>}::drop_glue<'_0_1, T>
    non-dyn-compatible
}

// Full name: core::cmp::impls::{impl core::cmp::PartialEq<usize> for usize}
impl core::cmp::PartialEq<usize> for usize {
    fn eq<'_0_1, '_1_1> = core::cmp::impls::{impl core::cmp::PartialEq<usize> for usize}::eq<'_0_1, '_1_1>
    vtable: core::cmp::impls::{impl core::cmp::PartialEq<usize> for usize}::{vtable}
}

// Full name: core::num::niche_types::{impl core::clone::Clone for core::num::niche_types::NonZeroUsizeInner}
impl core::clone::Clone for core::num::niche_types::NonZeroUsizeInner {
    fn clone<'_0_1> = core::num::niche_types::{impl core::clone::Clone for core::num::niche_types::NonZeroUsizeInner}::clone<'_0_1>
    non-dyn-compatible
}

// Full name: core::ops::function::impls::{impl core::ops::function::FnOnce<A> for &'_0 mut F}
impl<'_0, A, F> core::ops::function::FnOnce<A> for &'_0 mut F
where
    TraitClause0: (F: core::ops::function::FnMut<A>),
{
    type Output = TraitClause0::ImpliedClause0::Output
    fn call_once = core::ops::function::impls::{impl core::ops::function::FnOnce<A> for &'_0 mut F}::call_once<'_0, A, F>[TraitClause0]
    vtable: core::ops::function::impls::{impl core::ops::function::FnOnce<A> for &'_0 mut F}::{vtable}<'_0, A, F>[TraitClause0]
}

fn aspis_v8_performance_host::circle_norm::joined_inverse::line_norm::r110_norm::batch<'_0, '_1>(xs: &'_0 [aspis_v8_performance_host::circle_norm::joined_inverse::line_norm::r110_norm::B], ys: &'_1 [aspis_v8_performance_host::circle_norm::joined_inverse::line_norm::r110_norm::B]) -> core::result::Result<(alloc::vec::Vec<aspis_v8_performance_host::circle_norm::joined_inverse::line_norm::r110_norm::B, alloc::alloc::Global>, alloc::vec::Vec<aspis_v8_performance_host::circle_norm::joined_inverse::line_norm::r110_norm::B, alloc::alloc::Global>), aspis_v8_performance_host::Error>
{
    let _0: core::result::Result<(alloc::vec::Vec<aspis_v8_performance_host::circle_norm::joined_inverse::line_norm::r110_norm::B, alloc::alloc::Global>, alloc::vec::Vec<aspis_v8_performance_host::circle_norm::joined_inverse::line_norm::r110_norm::B, alloc::alloc::Global>), aspis_v8_performance_host::Error>; // return
    let xs: &'1 [aspis_v8_performance_host::circle_norm::joined_inverse::line_norm::r110_norm::B]; // arg #1
    let ys: &'2 [aspis_v8_performance_host::circle_norm::joined_inverse::line_norm::r110_norm::B]; // arg #2
    let _3: (); // anonymous local
    let _4: bool; // anonymous local
    let _5: &'3 [aspis_v8_performance_host::circle_norm::joined_inverse::line_norm::r110_norm::B]; // anonymous local
    let _6: bool; // anonymous local
    let _7: &'4 [aspis_v8_performance_host::circle_norm::joined_inverse::line_norm::r110_norm::B]; // anonymous local
    let _8: bool; // anonymous local
    let _9: &'11 mut core::iter::adapters::chain::Chain<core::slice::iter::Iter<'12, aspis_v8_performance_host::circle_norm::joined_inverse::line_norm::r110_norm::B>, core::slice::iter::Iter<'13, aspis_v8_performance_host::circle_norm::joined_inverse::line_norm::r110_norm::B>>; // anonymous local
    let _10: core::iter::adapters::chain::Chain<core::slice::iter::Iter<'14, aspis_v8_performance_host::circle_norm::joined_inverse::line_norm::r110_norm::B>, core::slice::iter::Iter<'15, aspis_v8_performance_host::circle_norm::joined_inverse::line_norm::r110_norm::B>>; // anonymous local
    let _11: core::slice::iter::Iter<'16, aspis_v8_performance_host::circle_norm::joined_inverse::line_norm::r110_norm::B>; // anonymous local
    let _12: &'17 [aspis_v8_performance_host::circle_norm::joined_inverse::line_norm::r110_norm::B]; // anonymous local
    let _13: &'18 [aspis_v8_performance_host::circle_norm::joined_inverse::line_norm::r110_norm::B]; // anonymous local
    let _14: aspis_v8_performance_host::circle_norm::joined_inverse::line_norm::r110_norm::batch::closure; // anonymous local
    let _15: !; // anonymous local
    let _16: aspis_v8_performance_host::Error; // anonymous local
    let px: alloc::vec::Vec<aspis_v8_performance_host::circle_norm::joined_inverse::line_norm::r110_norm::B, alloc::alloc::Global>; // local
    let _18: usize; // anonymous local
    let _19: &'19 [aspis_v8_performance_host::circle_norm::joined_inverse::line_norm::r110_norm::B]; // anonymous local
    let _20: (); // anonymous local
    let _21: &'21 mut alloc::vec::Vec<aspis_v8_performance_host::circle_norm::joined_inverse::line_norm::r110_norm::B, alloc::alloc::Global>; // anonymous local
    let _22: aspis_v8_performance_host::circle_norm::joined_inverse::line_norm::r110_norm::B; // anonymous local
    let _23: usize; // anonymous local
    let _24: usize; // anonymous local
    let _25: bool; // anonymous local
    let _26: (); // anonymous local
    let _27: core::slice::iter::Iter<'22, aspis_v8_performance_host::circle_norm::joined_inverse::line_norm::r110_norm::B>; // anonymous local
    let _28: &'23 [aspis_v8_performance_host::circle_norm::joined_inverse::line_norm::r110_norm::B]; // anonymous local
    let _29: &'24 [aspis_v8_performance_host::circle_norm::joined_inverse::line_norm::r110_norm::B]; // anonymous local
    let _30: &'25 [aspis_v8_performance_host::circle_norm::joined_inverse::line_norm::r110_norm::B]; // anonymous local
    let _31: core::ops::range::RangeFrom<usize>; // anonymous local
    let iter_32: core::slice::iter::Iter<'26, aspis_v8_performance_host::circle_norm::joined_inverse::line_norm::r110_norm::B>; // local
    let _33: (); // anonymous local
    let _34: (); // anonymous local
    let _35: core::option::Option<&'29 aspis_v8_performance_host::circle_norm::joined_inverse::line_norm::r110_norm::B>; // anonymous local
    let _36: &'32 mut core::slice::iter::Iter<'33, aspis_v8_performance_host::circle_norm::joined_inverse::line_norm::r110_norm::B>; // anonymous local
    let _37: &'34 mut core::slice::iter::Iter<'35, aspis_v8_performance_host::circle_norm::joined_inverse::line_norm::r110_norm::B>; // anonymous local
    let _38: isize; // anonymous local
    let _39: !; // anonymous local
    let x: &'36 aspis_v8_performance_host::circle_norm::joined_inverse::line_norm::r110_norm::B; // local
    let _41: (); // anonymous local
    let _42: &'37 mut alloc::vec::Vec<aspis_v8_performance_host::circle_norm::joined_inverse::line_norm::r110_norm::B, alloc::alloc::Global>; // anonymous local
    let _43: aspis_v8_performance_host::circle_norm::joined_inverse::line_norm::r110_norm::B; // anonymous local
    let _44: aspis_v8_performance_host::circle_norm::joined_inverse::line_norm::r110_norm::B; // anonymous local
    let _45: &'38 aspis_v8_performance_host::circle_norm::joined_inverse::line_norm::r110_norm::B; // anonymous local
    let _46: core::option::Option<&'39 aspis_v8_performance_host::circle_norm::joined_inverse::line_norm::r110_norm::B>; // anonymous local
    let _47: &'40 [aspis_v8_performance_host::circle_norm::joined_inverse::line_norm::r110_norm::B]; // anonymous local
    let _48: &'41 [aspis_v8_performance_host::circle_norm::joined_inverse::line_norm::r110_norm::B]; // anonymous local
    let _49: &'43 alloc::vec::Vec<aspis_v8_performance_host::circle_norm::joined_inverse::line_norm::r110_norm::B, alloc::alloc::Global>; // anonymous local
    let _50: aspis_v8_performance_host::circle_norm::joined_inverse::line_norm::r110_norm::B; // anonymous local
    let py: alloc::vec::Vec<aspis_v8_performance_host::circle_norm::joined_inverse::line_norm::r110_norm::B, alloc::alloc::Global>; // local
    let _52: usize; // anonymous local
    let _53: &'44 [aspis_v8_performance_host::circle_norm::joined_inverse::line_norm::r110_norm::B]; // anonymous local
    let _54: (); // anonymous local
    let _55: &'45 mut alloc::vec::Vec<aspis_v8_performance_host::circle_norm::joined_inverse::line_norm::r110_norm::B, alloc::alloc::Global>; // anonymous local
    let _56: aspis_v8_performance_host::circle_norm::joined_inverse::line_norm::r110_norm::B; // anonymous local
    let _57: usize; // anonymous local
    let _58: usize; // anonymous local
    let _59: bool; // anonymous local
    let _60: (); // anonymous local
    let _61: core::slice::iter::Iter<'46, aspis_v8_performance_host::circle_norm::joined_inverse::line_norm::r110_norm::B>; // anonymous local
    let _62: &'47 [aspis_v8_performance_host::circle_norm::joined_inverse::line_norm::r110_norm::B]; // anonymous local
    let _63: &'48 [aspis_v8_performance_host::circle_norm::joined_inverse::line_norm::r110_norm::B]; // anonymous local
    let _64: &'49 [aspis_v8_performance_host::circle_norm::joined_inverse::line_norm::r110_norm::B]; // anonymous local
    let _65: core::ops::range::RangeFrom<usize>; // anonymous local
    let iter_66: core::slice::iter::Iter<'50, aspis_v8_performance_host::circle_norm::joined_inverse::line_norm::r110_norm::B>; // local
    let _67: (); // anonymous local
    let _68: core::option::Option<&'51 aspis_v8_performance_host::circle_norm::joined_inverse::line_norm::r110_norm::B>; // anonymous local
    let _69: &'52 mut core::slice::iter::Iter<'53, aspis_v8_performance_host::circle_norm::joined_inverse::line_norm::r110_norm::B>; // anonymous local
    let _70: &'54 mut core::slice::iter::Iter<'55, aspis_v8_performance_host::circle_norm::joined_inverse::line_norm::r110_norm::B>; // anonymous local
    let _71: isize; // anonymous local
    let _72: !; // anonymous local
    let y: &'56 aspis_v8_performance_host::circle_norm::joined_inverse::line_norm::r110_norm::B; // local
    let _74: (); // anonymous local
    let _75: &'57 mut alloc::vec::Vec<aspis_v8_performance_host::circle_norm::joined_inverse::line_norm::r110_norm::B, alloc::alloc::Global>; // anonymous local
    let _76: aspis_v8_performance_host::circle_norm::joined_inverse::line_norm::r110_norm::B; // anonymous local
    let _77: aspis_v8_performance_host::circle_norm::joined_inverse::line_norm::r110_norm::B; // anonymous local
    let _78: &'58 aspis_v8_performance_host::circle_norm::joined_inverse::line_norm::r110_norm::B; // anonymous local
    let _79: core::option::Option<&'59 aspis_v8_performance_host::circle_norm::joined_inverse::line_norm::r110_norm::B>; // anonymous local
    let _80: &'60 [aspis_v8_performance_host::circle_norm::joined_inverse::line_norm::r110_norm::B]; // anonymous local
    let _81: &'61 [aspis_v8_performance_host::circle_norm::joined_inverse::line_norm::r110_norm::B]; // anonymous local
    let _82: &'62 alloc::vec::Vec<aspis_v8_performance_host::circle_norm::joined_inverse::line_norm::r110_norm::B, alloc::alloc::Global>; // anonymous local
    let _83: aspis_v8_performance_host::circle_norm::joined_inverse::line_norm::r110_norm::B; // anonymous local
    let p: aspis_v8_performance_host::circle_norm::joined_inverse::line_norm::r110_norm::B; // local
    let _85: &'63 aspis_v8_performance_host::circle_norm::joined_inverse::line_norm::r110_norm::B; // anonymous local
    let _86: core::option::Option<&'64 aspis_v8_performance_host::circle_norm::joined_inverse::line_norm::r110_norm::B>; // anonymous local
    let _87: &'65 [aspis_v8_performance_host::circle_norm::joined_inverse::line_norm::r110_norm::B]; // anonymous local
    let _88: &'66 [aspis_v8_performance_host::circle_norm::joined_inverse::line_norm::r110_norm::B]; // anonymous local
    let _89: &'67 alloc::vec::Vec<aspis_v8_performance_host::circle_norm::joined_inverse::line_norm::r110_norm::B, alloc::alloc::Global>; // anonymous local
    let q: aspis_v8_performance_host::circle_norm::joined_inverse::line_norm::r110_norm::B; // local
    let _91: &'68 aspis_v8_performance_host::circle_norm::joined_inverse::line_norm::r110_norm::B; // anonymous local
    let _92: core::option::Option<&'69 aspis_v8_performance_host::circle_norm::joined_inverse::line_norm::r110_norm::B>; // anonymous local
    let _93: &'70 [aspis_v8_performance_host::circle_norm::joined_inverse::line_norm::r110_norm::B]; // anonymous local
    let _94: &'71 [aspis_v8_performance_host::circle_norm::joined_inverse::line_norm::r110_norm::B]; // anonymous local
    let _95: &'72 alloc::vec::Vec<aspis_v8_performance_host::circle_norm::joined_inverse::line_norm::r110_norm::B, alloc::alloc::Global>; // anonymous local
    let total: aspis_v8_performance_host::circle_norm::joined_inverse::line_norm::r110_norm::B; // local
    let _97: aspis_v8_performance_host::circle_norm::joined_inverse::line_norm::r110_norm::B; // anonymous local
    let _98: aspis_v8_performance_host::circle_norm::joined_inverse::line_norm::r110_norm::B; // anonymous local
    let _99: aspis_v8_performance_host::circle_norm::joined_inverse::line_norm::r110_norm::B; // anonymous local
    let ix: aspis_v8_performance_host::circle_norm::joined_inverse::line_norm::r110_norm::B; // local
    let _101: aspis_v8_performance_host::circle_norm::joined_inverse::line_norm::r110_norm::B; // anonymous local
    let _102: aspis_v8_performance_host::circle_norm::joined_inverse::line_norm::r110_norm::B; // anonymous local
    let iy: aspis_v8_performance_host::circle_norm::joined_inverse::line_norm::r110_norm::B; // local
    let _104: aspis_v8_performance_host::circle_norm::joined_inverse::line_norm::r110_norm::B; // anonymous local
    let _105: aspis_v8_performance_host::circle_norm::joined_inverse::line_norm::r110_norm::B; // anonymous local
    let ox: alloc::vec::Vec<aspis_v8_performance_host::circle_norm::joined_inverse::line_norm::r110_norm::B, alloc::alloc::Global>; // local
    let _107: usize; // anonymous local
    let _108: &'73 [aspis_v8_performance_host::circle_norm::joined_inverse::line_norm::r110_norm::B]; // anonymous local
    let _109: (); // anonymous local
    let _110: core::iter::adapters::rev::Rev<core::ops::range::Range<usize>>; // anonymous local
    let _111: core::iter::adapters::rev::Rev<core::ops::range::Range<usize>>; // anonymous local
    let _112: core::ops::range::Range<usize>; // anonymous local
    let _113: usize; // anonymous local
    let _114: &'74 [aspis_v8_performance_host::circle_norm::joined_inverse::line_norm::r110_norm::B]; // anonymous local
    let iter_115: core::iter::adapters::rev::Rev<core::ops::range::Range<usize>>; // local
    let _116: (); // anonymous local
    let _117: core::option::Option<usize>; // anonymous local
    let _118: &'76 mut core::iter::adapters::rev::Rev<core::ops::range::Range<usize>>; // anonymous local
    let _119: &'77 mut core::iter::adapters::rev::Rev<core::ops::range::Range<usize>>; // anonymous local
    let _120: isize; // anonymous local
    let _121: !; // anonymous local
    let i_122: usize; // local
    let _123: aspis_v8_performance_host::circle_norm::joined_inverse::line_norm::r110_norm::B; // anonymous local
    let _124: aspis_v8_performance_host::circle_norm::joined_inverse::line_norm::r110_norm::B; // anonymous local
    let _125: &'78 aspis_v8_performance_host::circle_norm::joined_inverse::line_norm::r110_norm::B; // anonymous local
    let _126: &'79 alloc::vec::Vec<aspis_v8_performance_host::circle_norm::joined_inverse::line_norm::r110_norm::B, alloc::alloc::Global>; // anonymous local
    let _127: usize; // anonymous local
    let _128: usize; // anonymous local
    let _129: aspis_v8_performance_host::circle_norm::joined_inverse::line_norm::r110_norm::B; // anonymous local
    let _130: &'81 mut aspis_v8_performance_host::circle_norm::joined_inverse::line_norm::r110_norm::B; // anonymous local
    let _131: &'82 mut alloc::vec::Vec<aspis_v8_performance_host::circle_norm::joined_inverse::line_norm::r110_norm::B, alloc::alloc::Global>; // anonymous local
    let _132: usize; // anonymous local
    let _133: aspis_v8_performance_host::circle_norm::joined_inverse::line_norm::r110_norm::B; // anonymous local
    let _134: aspis_v8_performance_host::circle_norm::joined_inverse::line_norm::r110_norm::B; // anonymous local
    let _135: aspis_v8_performance_host::circle_norm::joined_inverse::line_norm::r110_norm::B; // anonymous local
    let _136: usize; // anonymous local
    let _137: usize; // anonymous local
    let _138: bool; // anonymous local
    let _139: aspis_v8_performance_host::circle_norm::joined_inverse::line_norm::r110_norm::B; // anonymous local
    let _140: &'83 mut aspis_v8_performance_host::circle_norm::joined_inverse::line_norm::r110_norm::B; // anonymous local
    let _141: &'84 mut alloc::vec::Vec<aspis_v8_performance_host::circle_norm::joined_inverse::line_norm::r110_norm::B, alloc::alloc::Global>; // anonymous local
    let oy: alloc::vec::Vec<aspis_v8_performance_host::circle_norm::joined_inverse::line_norm::r110_norm::B, alloc::alloc::Global>; // local
    let _143: usize; // anonymous local
    let _144: &'85 [aspis_v8_performance_host::circle_norm::joined_inverse::line_norm::r110_norm::B]; // anonymous local
    let _145: (); // anonymous local
    let _146: core::iter::adapters::rev::Rev<core::ops::range::Range<usize>>; // anonymous local
    let _147: core::iter::adapters::rev::Rev<core::ops::range::Range<usize>>; // anonymous local
    let _148: core::ops::range::Range<usize>; // anonymous local
    let _149: usize; // anonymous local
    let _150: &'86 [aspis_v8_performance_host::circle_norm::joined_inverse::line_norm::r110_norm::B]; // anonymous local
    let iter_151: core::iter::adapters::rev::Rev<core::ops::range::Range<usize>>; // local
    let _152: (); // anonymous local
    let _153: core::option::Option<usize>; // anonymous local
    let _154: &'87 mut core::iter::adapters::rev::Rev<core::ops::range::Range<usize>>; // anonymous local
    let _155: &'88 mut core::iter::adapters::rev::Rev<core::ops::range::Range<usize>>; // anonymous local
    let _156: isize; // anonymous local
    let _157: !; // anonymous local
    let i_158: usize; // local
    let _159: aspis_v8_performance_host::circle_norm::joined_inverse::line_norm::r110_norm::B; // anonymous local
    let _160: aspis_v8_performance_host::circle_norm::joined_inverse::line_norm::r110_norm::B; // anonymous local
    let _161: &'89 aspis_v8_performance_host::circle_norm::joined_inverse::line_norm::r110_norm::B; // anonymous local
    let _162: &'90 alloc::vec::Vec<aspis_v8_performance_host::circle_norm::joined_inverse::line_norm::r110_norm::B, alloc::alloc::Global>; // anonymous local
    let _163: usize; // anonymous local
    let _164: usize; // anonymous local
    let _165: aspis_v8_performance_host::circle_norm::joined_inverse::line_norm::r110_norm::B; // anonymous local
    let _166: &'91 mut aspis_v8_performance_host::circle_norm::joined_inverse::line_norm::r110_norm::B; // anonymous local
    let _167: &'92 mut alloc::vec::Vec<aspis_v8_performance_host::circle_norm::joined_inverse::line_norm::r110_norm::B, alloc::alloc::Global>; // anonymous local
    let _168: usize; // anonymous local
    let _169: aspis_v8_performance_host::circle_norm::joined_inverse::line_norm::r110_norm::B; // anonymous local
    let _170: aspis_v8_performance_host::circle_norm::joined_inverse::line_norm::r110_norm::B; // anonymous local
    let _171: aspis_v8_performance_host::circle_norm::joined_inverse::line_norm::r110_norm::B; // anonymous local
    let _172: usize; // anonymous local
    let _173: usize; // anonymous local
    let _174: bool; // anonymous local
    let _175: aspis_v8_performance_host::circle_norm::joined_inverse::line_norm::r110_norm::B; // anonymous local
    let _176: &'93 mut aspis_v8_performance_host::circle_norm::joined_inverse::line_norm::r110_norm::B; // anonymous local
    let _177: &'94 mut alloc::vec::Vec<aspis_v8_performance_host::circle_norm::joined_inverse::line_norm::r110_norm::B, alloc::alloc::Global>; // anonymous local
    let _178: (alloc::vec::Vec<aspis_v8_performance_host::circle_norm::joined_inverse::line_norm::r110_norm::B, alloc::alloc::Global>, alloc::vec::Vec<aspis_v8_performance_host::circle_norm::joined_inverse::line_norm::r110_norm::B, alloc::alloc::Global>); // anonymous local
    let _179: alloc::vec::Vec<aspis_v8_performance_host::circle_norm::joined_inverse::line_norm::r110_norm::B, alloc::alloc::Global>; // anonymous local
    let _180: alloc::vec::Vec<aspis_v8_performance_host::circle_norm::joined_inverse::line_norm::r110_norm::B, alloc::alloc::Global>; // anonymous local

    bb0: {
        storage_live(_3);
        storage_live(_4);
        storage_live(_5);
        _5 = &(*xs);
        _4 = core::slice::{[T]}::is_empty<'96, aspis_v8_performance_host::circle_norm::joined_inverse::line_norm::r110_norm::B>(move _5) -> bb2 (unwind: bb1);
    }

    bb1: {
        unwind_continue;
    }

    bb2: {
        if move _4 -> bb3 else -> bb4;
    }

    bb3: {
        storage_dead(_5);
        goto bb5;
    }

    bb4: {
        storage_dead(_5);
        storage_live(_6);
        storage_live(_7);
        _7 = &(*ys);
        _6 = core::slice::{[T]}::is_empty<'98, aspis_v8_performance_host::circle_norm::joined_inverse::line_norm::r110_norm::B>(move _7) -> bb6 (unwind: bb1);
    }

    bb5: {
        storage_live(_16);
        _16 = aspis_v8_performance_host::Error::Domain {  };
        _0 = core::result::Result::Err { 0: move _16 };
        storage_dead(_16);
        storage_dead(_8);
        storage_dead(_6);
        storage_dead(_4);
        storage_dead(_3);
        goto bb7;
    }

    bb6: {
        if move _6 -> bb8 else -> bb9;
    }

    bb7: {
        return;
    }

    bb8: {
        storage_dead(_7);
        goto bb5;
    }

    bb9: {
        storage_dead(_7);
        storage_live(_8);
        storage_live(_9);
        storage_live(_10);
        storage_live(_11);
        storage_live(_12);
        _12 = &(*xs);
        _11 = core::slice::{[T]}::iter<'100, aspis_v8_performance_host::circle_norm::joined_inverse::line_norm::r110_norm::B>(move _12) -> bb10 (unwind: bb1);
    }

    bb10: {
        storage_dead(_12);
        storage_live(_13);
        _13 = copy ys;
        _10 = core::iter::traits::iterator::Iterator::chain<core::slice::iter::Iter<'102, aspis_v8_performance_host::circle_norm::joined_inverse::line_norm::r110_norm::B>, &'104 [aspis_v8_performance_host::circle_norm::joined_inverse::line_norm::r110_norm::B]>[core::slice::iter::{impl core::iter::traits::iterator::Iterator for core::slice::iter::Iter<'a, T>}<'107, aspis_v8_performance_host::circle_norm::joined_inverse::line_norm::r110_norm::B>, core::slice::iter::{impl core::iter::traits::collect::IntoIterator for &'a [T]}<'110, aspis_v8_performance_host::circle_norm::joined_inverse::line_norm::r110_norm::B>](move _11, move _13) -> bb11 (unwind: bb1);
    }

    bb11: {
        _9 = &two-phase-mut _10;
        storage_dead(_13);
        storage_dead(_11);
        storage_live(_14);
        _14 = aspis_v8_performance_host::circle_norm::joined_inverse::line_norm::r110_norm::batch::closure {  };
        _8 = core::iter::traits::iterator::Iterator::any<'134, core::iter::adapters::chain::Chain<core::slice::iter::Iter<'114, aspis_v8_performance_host::circle_norm::joined_inverse::line_norm::r110_norm::B>, core::slice::iter::Iter<'115, aspis_v8_performance_host::circle_norm::joined_inverse::line_norm::r110_norm::B>>, aspis_v8_performance_host::circle_norm::joined_inverse::line_norm::r110_norm::batch::closure>[core::iter::adapters::chain::{impl core::iter::traits::iterator::Iterator for core::iter::adapters::chain::Chain<A, B>}<core::slice::iter::Iter<'121, aspis_v8_performance_host::circle_norm::joined_inverse::line_norm::r110_norm::B>, core::slice::iter::Iter<'122, aspis_v8_performance_host::circle_norm::joined_inverse::line_norm::r110_norm::B>>[core::slice::iter::{impl core::iter::traits::iterator::Iterator for core::slice::iter::Iter<'a, T>}<'125, aspis_v8_performance_host::circle_norm::joined_inverse::line_norm::r110_norm::B>, core::slice::iter::{impl core::iter::traits::iterator::Iterator for core::slice::iter::Iter<'a, T>}<'128, aspis_v8_performance_host::circle_norm::joined_inverse::line_norm::r110_norm::B>], aspis_v8_performance_host::circle_norm::joined_inverse::line_norm::r110_norm::batch::{impl core::ops::function::FnMut<(&'_ aspis_v8_performance_host::circle_norm::joined_inverse::line_norm::r110_norm::B,)> for aspis_v8_performance_host::circle_norm::joined_inverse::line_norm::r110_norm::batch::closure}<'132>](move _9, move _14) -> bb12 (unwind: bb1);
    }

    bb12: {
        if move _8 -> bb13 else -> bb14;
    }

    bb13: {
        storage_dead(_14);
        storage_dead(_10);
        storage_dead(_9);
        goto bb5;
    }

    bb14: {
        storage_dead(_14);
        storage_dead(_10);
        storage_dead(_9);
        _3 = const ();
        storage_dead(_8);
        storage_dead(_6);
        storage_dead(_4);
        storage_dead(_3);
        storage_live(px);
        storage_live(_18);
        storage_live(_19);
        _19 = &(*xs);
        _18 = core::slice::{[T]}::len<'136, aspis_v8_performance_host::circle_norm::joined_inverse::line_norm::r110_norm::B>(move _19) -> bb15 (unwind: bb1);
    }

    bb15: {
        storage_dead(_19);
        px = alloc::vec::{alloc::vec::Vec<T, alloc::alloc::Global>}::with_capacity<aspis_v8_performance_host::circle_norm::joined_inverse::line_norm::r110_norm::B>(move _18) -> bb16 (unwind: bb1);
    }

    bb16: {
        storage_dead(_18);
        storage_live(_20);
        storage_live(_21);
        _21 = &two-phase-mut px;
        storage_live(_22);
        storage_live(_23);
        _23 = const 0usize;
        _24 = copy xs.metadata;
        _25 = copy _23 < copy _24;
        assert assert(move _25 == true) (bounds_check) -> bb18 (unwind: bb17);
    }

    bb17: {
        conditional_drop[alloc::vec::Vec::{impl core::marker::Destruct for alloc::vec::Vec<T, A>}<aspis_v8_performance_host::circle_norm::joined_inverse::line_norm::r110_norm::B, alloc::alloc::Global>::drop_glue<'137>] px -> bb1 (unwind: bb19);
    }

    bb18: {
        _22 = copy (*xs)[copy _23];
        _20 = alloc::vec::{alloc::vec::Vec<T, A>}::push<'139, aspis_v8_performance_host::circle_norm::joined_inverse::line_norm::r110_norm::B, alloc::alloc::Global>[alloc::alloc::Global::{impl core::marker::Destruct for alloc::alloc::Global}](move _21, move _22) -> bb20 (unwind: bb17);
    }

    bb19: {
        unwind_terminate;
    }

    bb20: {
        storage_dead(_22);
        storage_dead(_21);
        storage_dead(_23);
        storage_dead(_20);
        storage_live(_26);
        storage_live(_27);
        storage_live(_28);
        storage_live(_29);
        storage_live(_30);
        _30 = &(*xs);
        storage_live(_31);
        _31 = core::ops::range::RangeFrom { start: const 1usize };
        _29 = core::slice::index::{impl core::ops::index::Index<I> for [T]}::index<'141, aspis_v8_performance_host::circle_norm::joined_inverse::line_norm::r110_norm::B, core::ops::range::RangeFrom<usize>>[core::slice::index::{impl core::slice::index::SliceIndex<[T]> for core::ops::range::RangeFrom<usize>}<aspis_v8_performance_host::circle_norm::joined_inverse::line_norm::r110_norm::B>](move _30, move _31) -> bb21 (unwind: bb17);
    }

    bb21: {
        storage_dead(_31);
        storage_dead(_30);
        _28 = &(*_29);
        _27 = core::slice::iter::{impl core::iter::traits::collect::IntoIterator for &'a [T]}::into_iter<'142, aspis_v8_performance_host::circle_norm::joined_inverse::line_norm::r110_norm::B>(move _28) -> bb22 (unwind: bb17);
    }

    bb22: {
        storage_dead(_28);
        storage_live(iter_32);
        iter_32 = move _27;
        goto bb23;
    }

    bb23: {
        goto bb24;
    }

    bb24: {
        storage_live(_34);
        storage_live(_35);
        storage_live(_36);
        storage_live(_37);
        _37 = &mut iter_32;
        _36 = &two-phase-mut (*_37);
        _35 = core::slice::iter::{impl core::iter::traits::iterator::Iterator for core::slice::iter::Iter<'a, T>}::next<'144, '146, aspis_v8_performance_host::circle_norm::joined_inverse::line_norm::r110_norm::B>(move _36) -> bb25 (unwind: bb17);
    }

    bb25: {
        storage_dead(_36);
        _38 = @discriminant(_35);
        switch move _38 -> 0isize: bb26, 1isize: bb27, otherwise: bb28;
    }

    bb26: {
        goto bb29;
    }

    bb27: {
        storage_live(x);
        x = copy (_35 as variant core::option::Option::Some).0;
        storage_live(_41);
        storage_live(_42);
        _42 = &two-phase-mut px;
        storage_live(_43);
        storage_live(_44);
        storage_live(_45);
        storage_live(_46);
        storage_live(_47);
        storage_live(_48);
        storage_live(_49);
        _49 = &px;
        _48 = alloc::vec::{impl core::ops::deref::Deref for alloc::vec::Vec<T, A>}::deref<'150, aspis_v8_performance_host::circle_norm::joined_inverse::line_norm::r110_norm::B, alloc::alloc::Global>(move _49) -> bb30 (unwind: bb17);
    }

    bb28: {
        undefined_behavior;
    }

    bb29: {
        _26 = const ();
        storage_dead(_37);
        storage_dead(_35);
        storage_dead(_34);
        storage_dead(iter_32);
        storage_dead(_29);
        storage_dead(_27);
        storage_dead(_26);
        storage_live(py);
        storage_live(_52);
        storage_live(_53);
        _53 = &(*ys);
        _52 = core::slice::{[T]}::len<'152, aspis_v8_performance_host::circle_norm::joined_inverse::line_norm::r110_norm::B>(move _53) -> bb31 (unwind: bb17);
    }

    bb30: {
        _47 = &(*_48);
        storage_dead(_49);
        _46 = core::slice::{[T]}::last<'154, aspis_v8_performance_host::circle_norm::joined_inverse::line_norm::r110_norm::B>(move _47) -> bb32 (unwind: bb17);
    }

    bb31: {
        storage_dead(_53);
        py = alloc::vec::{alloc::vec::Vec<T, alloc::alloc::Global>}::with_capacity<aspis_v8_performance_host::circle_norm::joined_inverse::line_norm::r110_norm::B>(move _52) -> bb33 (unwind: bb17);
    }

    bb32: {
        storage_dead(_47);
        _45 = core::option::{core::option::Option<T>}::unwrap<&'156 aspis_v8_performance_host::circle_norm::joined_inverse::line_norm::r110_norm::B>(move _46) -> bb34 (unwind: bb17);
    }

    bb33: {
        storage_dead(_52);
        storage_live(_54);
        storage_live(_55);
        _55 = &two-phase-mut py;
        storage_live(_56);
        storage_live(_57);
        _57 = const 0usize;
        _58 = copy ys.metadata;
        _59 = copy _57 < copy _58;
        assert assert(move _59 == true) (bounds_check) -> bb36 (unwind: bb35);
    }

    bb34: {
        _44 = copy (*_45);
        storage_dead(_46);
        storage_live(_50);
        _50 = copy (*x);
        _43 = aspis_v8_performance_host::circle_norm::joined_inverse::line_norm::r110_norm::{aspis_v8_performance_host::circle_norm::joined_inverse::line_norm::r110_norm::B}::mul(move _44, move _50) -> bb37 (unwind: bb17);
    }

    bb35: {
        conditional_drop[alloc::vec::Vec::{impl core::marker::Destruct for alloc::vec::Vec<T, A>}<aspis_v8_performance_host::circle_norm::joined_inverse::line_norm::r110_norm::B, alloc::alloc::Global>::drop_glue<'157>] py -> bb17 (unwind: bb38);
    }

    bb36: {
        _56 = copy (*ys)[copy _57];
        _54 = alloc::vec::{alloc::vec::Vec<T, A>}::push<'159, aspis_v8_performance_host::circle_norm::joined_inverse::line_norm::r110_norm::B, alloc::alloc::Global>[alloc::alloc::Global::{impl core::marker::Destruct for alloc::alloc::Global}](move _55, move _56) -> bb39 (unwind: bb35);
    }

    bb37: {
        storage_dead(_50);
        storage_dead(_44);
        _41 = alloc::vec::{alloc::vec::Vec<T, A>}::push<'161, aspis_v8_performance_host::circle_norm::joined_inverse::line_norm::r110_norm::B, alloc::alloc::Global>[alloc::alloc::Global::{impl core::marker::Destruct for alloc::alloc::Global}](move _42, move _43) -> bb40 (unwind: bb17);
    }

    bb38: {
        unwind_terminate;
    }

    bb39: {
        storage_dead(_56);
        storage_dead(_55);
        storage_dead(_57);
        storage_dead(_54);
        storage_live(_60);
        storage_live(_61);
        storage_live(_62);
        storage_live(_63);
        storage_live(_64);
        _64 = &(*ys);
        storage_live(_65);
        _65 = core::ops::range::RangeFrom { start: const 1usize };
        _63 = core::slice::index::{impl core::ops::index::Index<I> for [T]}::index<'163, aspis_v8_performance_host::circle_norm::joined_inverse::line_norm::r110_norm::B, core::ops::range::RangeFrom<usize>>[core::slice::index::{impl core::slice::index::SliceIndex<[T]> for core::ops::range::RangeFrom<usize>}<aspis_v8_performance_host::circle_norm::joined_inverse::line_norm::r110_norm::B>](move _64, move _65) -> bb41 (unwind: bb35);
    }

    bb40: {
        storage_dead(_43);
        storage_dead(_42);
        storage_dead(_48);
        storage_dead(_45);
        storage_dead(_41);
        _34 = const ();
        storage_dead(x);
        storage_dead(_37);
        storage_dead(_35);
        storage_dead(_34);
        _33 = const ();
        goto bb23;
    }

    bb41: {
        storage_dead(_65);
        storage_dead(_64);
        _62 = &(*_63);
        _61 = core::slice::iter::{impl core::iter::traits::collect::IntoIterator for &'a [T]}::into_iter<'164, aspis_v8_performance_host::circle_norm::joined_inverse::line_norm::r110_norm::B>(move _62) -> bb42 (unwind: bb35);
    }

    bb42: {
        storage_dead(_62);
        storage_live(iter_66);
        iter_66 = move _61;
        goto bb43;
    }

    bb43: {
        goto bb44;
    }

    bb44: {
        storage_live(_67);
        storage_live(_68);
        storage_live(_69);
        storage_live(_70);
        _70 = &mut iter_66;
        _69 = &two-phase-mut (*_70);
        _68 = core::slice::iter::{impl core::iter::traits::iterator::Iterator for core::slice::iter::Iter<'a, T>}::next<'166, '168, aspis_v8_performance_host::circle_norm::joined_inverse::line_norm::r110_norm::B>(move _69) -> bb45 (unwind: bb35);
    }

    bb45: {
        storage_dead(_69);
        _71 = @discriminant(_68);
        switch move _71 -> 0isize: bb46, 1isize: bb47, otherwise: bb48;
    }

    bb46: {
        goto bb49;
    }

    bb47: {
        storage_live(y);
        y = copy (_68 as variant core::option::Option::Some).0;
        storage_live(_74);
        storage_live(_75);
        _75 = &two-phase-mut py;
        storage_live(_76);
        storage_live(_77);
        storage_live(_78);
        storage_live(_79);
        storage_live(_80);
        storage_live(_81);
        storage_live(_82);
        _82 = &py;
        _81 = alloc::vec::{impl core::ops::deref::Deref for alloc::vec::Vec<T, A>}::deref<'172, aspis_v8_performance_host::circle_norm::joined_inverse::line_norm::r110_norm::B, alloc::alloc::Global>(move _82) -> bb50 (unwind: bb35);
    }

    bb48: {
        undefined_behavior;
    }

    bb49: {
        _60 = const ();
        storage_dead(_70);
        storage_dead(_68);
        storage_dead(_67);
        storage_dead(iter_66);
        storage_dead(_63);
        storage_dead(_61);
        storage_dead(_60);
        storage_live(p);
        storage_live(_85);
        storage_live(_86);
        storage_live(_87);
        storage_live(_88);
        storage_live(_89);
        _89 = &px;
        _88 = alloc::vec::{impl core::ops::deref::Deref for alloc::vec::Vec<T, A>}::deref<'174, aspis_v8_performance_host::circle_norm::joined_inverse::line_norm::r110_norm::B, alloc::alloc::Global>(move _89) -> bb51 (unwind: bb35);
    }

    bb50: {
        _80 = &(*_81);
        storage_dead(_82);
        _79 = core::slice::{[T]}::last<'176, aspis_v8_performance_host::circle_norm::joined_inverse::line_norm::r110_norm::B>(move _80) -> bb52 (unwind: bb35);
    }

    bb51: {
        _87 = &(*_88);
        storage_dead(_89);
        _86 = core::slice::{[T]}::last<'178, aspis_v8_performance_host::circle_norm::joined_inverse::line_norm::r110_norm::B>(move _87) -> bb53 (unwind: bb35);
    }

    bb52: {
        storage_dead(_80);
        _78 = core::option::{core::option::Option<T>}::unwrap<&'180 aspis_v8_performance_host::circle_norm::joined_inverse::line_norm::r110_norm::B>(move _79) -> bb54 (unwind: bb35);
    }

    bb53: {
        storage_dead(_87);
        _85 = core::option::{core::option::Option<T>}::unwrap<&'182 aspis_v8_performance_host::circle_norm::joined_inverse::line_norm::r110_norm::B>(move _86) -> bb55 (unwind: bb35);
    }

    bb54: {
        _77 = copy (*_78);
        storage_dead(_79);
        storage_live(_83);
        _83 = copy (*y);
        _76 = aspis_v8_performance_host::circle_norm::joined_inverse::line_norm::r110_norm::{aspis_v8_performance_host::circle_norm::joined_inverse::line_norm::r110_norm::B}::mul(move _77, move _83) -> bb56 (unwind: bb35);
    }

    bb55: {
        storage_dead(_86);
        p = copy (*_85);
        storage_dead(_88);
        storage_dead(_85);
        storage_live(q);
        storage_live(_91);
        storage_live(_92);
        storage_live(_93);
        storage_live(_94);
        storage_live(_95);
        _95 = &py;
        _94 = alloc::vec::{impl core::ops::deref::Deref for alloc::vec::Vec<T, A>}::deref<'184, aspis_v8_performance_host::circle_norm::joined_inverse::line_norm::r110_norm::B, alloc::alloc::Global>(move _95) -> bb57 (unwind: bb35);
    }

    bb56: {
        storage_dead(_83);
        storage_dead(_77);
        _74 = alloc::vec::{alloc::vec::Vec<T, A>}::push<'186, aspis_v8_performance_host::circle_norm::joined_inverse::line_norm::r110_norm::B, alloc::alloc::Global>[alloc::alloc::Global::{impl core::marker::Destruct for alloc::alloc::Global}](move _75, move _76) -> bb58 (unwind: bb35);
    }

    bb57: {
        _93 = &(*_94);
        storage_dead(_95);
        _92 = core::slice::{[T]}::last<'188, aspis_v8_performance_host::circle_norm::joined_inverse::line_norm::r110_norm::B>(move _93) -> bb59 (unwind: bb35);
    }

    bb58: {
        storage_dead(_76);
        storage_dead(_75);
        storage_dead(_81);
        storage_dead(_78);
        storage_dead(_74);
        _67 = const ();
        storage_dead(y);
        storage_dead(_70);
        storage_dead(_68);
        storage_dead(_67);
        _33 = const ();
        goto bb43;
    }

    bb59: {
        storage_dead(_93);
        _91 = core::option::{core::option::Option<T>}::unwrap<&'190 aspis_v8_performance_host::circle_norm::joined_inverse::line_norm::r110_norm::B>(move _92) -> bb60 (unwind: bb35);
    }

    bb60: {
        storage_dead(_92);
        q = copy (*_91);
        storage_dead(_94);
        storage_dead(_91);
        storage_live(total);
        storage_live(_97);
        storage_live(_98);
        _98 = copy p;
        storage_live(_99);
        _99 = copy q;
        _97 = aspis_v8_performance_host::circle_norm::joined_inverse::line_norm::r110_norm::{aspis_v8_performance_host::circle_norm::joined_inverse::line_norm::r110_norm::B}::mul(move _98, move _99) -> bb61 (unwind: bb35);
    }

    bb61: {
        storage_dead(_99);
        storage_dead(_98);
        total = aspis_v8_performance_host::circle_norm::joined_inverse::line_norm::r110_norm::{aspis_v8_performance_host::circle_norm::joined_inverse::line_norm::r110_norm::B}::inv(move _97) -> bb62 (unwind: bb35);
    }

    bb62: {
        storage_dead(_97);
        storage_live(ix);
        storage_live(_101);
        _101 = copy total;
        storage_live(_102);
        _102 = copy q;
        ix = aspis_v8_performance_host::circle_norm::joined_inverse::line_norm::r110_norm::{aspis_v8_performance_host::circle_norm::joined_inverse::line_norm::r110_norm::B}::mul(move _101, move _102) -> bb63 (unwind: bb35);
    }

    bb63: {
        storage_dead(_102);
        storage_dead(_101);
        storage_live(iy);
        storage_live(_104);
        _104 = copy total;
        storage_live(_105);
        _105 = copy p;
        iy = aspis_v8_performance_host::circle_norm::joined_inverse::line_norm::r110_norm::{aspis_v8_performance_host::circle_norm::joined_inverse::line_norm::r110_norm::B}::mul(move _104, move _105) -> bb64 (unwind: bb35);
    }

    bb64: {
        storage_dead(_105);
        storage_dead(_104);
        storage_live(ox);
        storage_live(_107);
        storage_live(_108);
        _108 = &(*xs);
        _107 = core::slice::{[T]}::len<'192, aspis_v8_performance_host::circle_norm::joined_inverse::line_norm::r110_norm::B>(move _108) -> bb65 (unwind: bb35);
    }

    bb65: {
        storage_dead(_108);
        ox = alloc::vec::from_elem<aspis_v8_performance_host::circle_norm::joined_inverse::line_norm::r110_norm::B>[aspis_v8_performance_host::circle_norm::joined_inverse::line_norm::r110_norm::{impl core::clone::Clone for aspis_v8_performance_host::circle_norm::joined_inverse::line_norm::r110_norm::B}](const aspis_v8_performance_host::circle_norm::joined_inverse::line_norm::r110_norm::{aspis_v8_performance_host::circle_norm::joined_inverse::line_norm::r110_norm::B}::ZERO, move _107) -> bb66 (unwind: bb35);
    }

    bb66: {
        storage_dead(_107);
        storage_live(_109);
        storage_live(_110);
        storage_live(_111);
        storage_live(_112);
        storage_live(_113);
        storage_live(_114);
        _114 = &(*xs);
        _113 = core::slice::{[T]}::len<'194, aspis_v8_performance_host::circle_norm::joined_inverse::line_norm::r110_norm::B>(move _114) -> bb68 (unwind: bb67);
    }

    bb67: {
        conditional_drop[alloc::vec::Vec::{impl core::marker::Destruct for alloc::vec::Vec<T, A>}<aspis_v8_performance_host::circle_norm::joined_inverse::line_norm::r110_norm::B, alloc::alloc::Global>::drop_glue<'195>] ox -> bb35 (unwind: bb69);
    }

    bb68: {
        storage_dead(_114);
        _112 = core::ops::range::Range { start: const 1usize, end: move _113 };
        storage_dead(_113);
        _111 = core::iter::traits::iterator::Iterator::rev<core::ops::range::Range<usize>>[core::iter::range::{impl core::iter::traits::iterator::Iterator for core::ops::range::Range<A>}<usize>[core::iter::range::{impl core::iter::range::Step for usize}], core::iter::range::{impl core::iter::traits::double_ended::DoubleEndedIterator for core::ops::range::Range<A>}<usize>[core::iter::range::{impl core::iter::range::Step for usize}]](move _112) -> bb70 (unwind: bb67);
    }

    bb69: {
        unwind_terminate;
    }

    bb70: {
        storage_dead(_112);
        _110 = core::iter::traits::collect::{impl core::iter::traits::collect::IntoIterator for I}::into_iter<core::iter::adapters::rev::Rev<core::ops::range::Range<usize>>>[core::iter::adapters::rev::{impl core::iter::traits::iterator::Iterator for core::iter::adapters::rev::Rev<I>}<core::ops::range::Range<usize>>[core::iter::range::{impl core::iter::traits::double_ended::DoubleEndedIterator for core::ops::range::Range<A>}<usize>[core::iter::range::{impl core::iter::range::Step for usize}]]](move _111) -> bb71 (unwind: bb67);
    }

    bb71: {
        storage_dead(_111);
        storage_live(iter_115);
        iter_115 = move _110;
        goto bb72;
    }

    bb72: {
        goto bb73;
    }

    bb73: {
        storage_live(_116);
        storage_live(_117);
        storage_live(_118);
        storage_live(_119);
        _119 = &mut iter_115;
        _118 = &two-phase-mut (*_119);
        _117 = core::iter::adapters::rev::{impl core::iter::traits::iterator::Iterator for core::iter::adapters::rev::Rev<I>}::next<'197, core::ops::range::Range<usize>>[core::iter::range::{impl core::iter::traits::double_ended::DoubleEndedIterator for core::ops::range::Range<A>}<usize>[core::iter::range::{impl core::iter::range::Step for usize}]](move _118) -> bb74 (unwind: bb67);
    }

    bb74: {
        storage_dead(_118);
        _120 = @discriminant(_117);
        switch move _120 -> 0isize: bb75, 1isize: bb76, otherwise: bb77;
    }

    bb75: {
        goto bb78;
    }

    bb76: {
        storage_live(i_122);
        i_122 = copy (_117 as variant core::option::Option::Some).0;
        storage_live(_123);
        storage_live(_124);
        storage_live(_125);
        storage_live(_126);
        _126 = &px;
        storage_live(_127);
        storage_live(_128);
        _128 = copy i_122;
        _127 = move _128 wrap.- const 1usize;
        storage_dead(_128);
        _125 = alloc::vec::{impl core::ops::index::Index<I> for alloc::vec::Vec<T, A>}::index<'199, aspis_v8_performance_host::circle_norm::joined_inverse::line_norm::r110_norm::B, usize, alloc::alloc::Global>[core::slice::index::{impl core::slice::index::SliceIndex<[T]> for usize}<aspis_v8_performance_host::circle_norm::joined_inverse::line_norm::r110_norm::B>](move _126, move _127) -> bb79 (unwind: bb67);
    }

    bb77: {
        undefined_behavior;
    }

    bb78: {
        _109 = const ();
        storage_dead(_119);
        storage_dead(_117);
        storage_dead(_116);
        storage_dead(iter_115);
        storage_dead(_110);
        storage_dead(_109);
        storage_live(_139);
        _139 = copy ix;
        storage_live(_140);
        storage_live(_141);
        _141 = &mut ox;
        _140 = alloc::vec::{impl core::ops::index::IndexMut<I> for alloc::vec::Vec<T, A>}::index_mut<'201, aspis_v8_performance_host::circle_norm::joined_inverse::line_norm::r110_norm::B, usize, alloc::alloc::Global>[core::slice::index::{impl core::slice::index::SliceIndex<[T]> for usize}<aspis_v8_performance_host::circle_norm::joined_inverse::line_norm::r110_norm::B>](move _141, const 0usize) -> bb80 (unwind: bb67);
    }

    bb79: {
        _124 = copy (*_125);
        storage_dead(_127);
        storage_dead(_126);
        storage_live(_129);
        _129 = copy ix;
        _123 = aspis_v8_performance_host::circle_norm::joined_inverse::line_norm::r110_norm::{aspis_v8_performance_host::circle_norm::joined_inverse::line_norm::r110_norm::B}::mul(move _124, move _129) -> bb81 (unwind: bb67);
    }

    bb80: {
        storage_dead(_141);
        (*_140) = move _139;
        storage_dead(_139);
        storage_dead(_140);
        storage_live(oy);
        storage_live(_143);
        storage_live(_144);
        _144 = &(*ys);
        _143 = core::slice::{[T]}::len<'203, aspis_v8_performance_host::circle_norm::joined_inverse::line_norm::r110_norm::B>(move _144) -> bb82 (unwind: bb67);
    }

    bb81: {
        storage_dead(_129);
        storage_dead(_124);
        storage_live(_130);
        storage_live(_131);
        _131 = &mut ox;
        storage_live(_132);
        _132 = copy i_122;
        _130 = alloc::vec::{impl core::ops::index::IndexMut<I> for alloc::vec::Vec<T, A>}::index_mut<'205, aspis_v8_performance_host::circle_norm::joined_inverse::line_norm::r110_norm::B, usize, alloc::alloc::Global>[core::slice::index::{impl core::slice::index::SliceIndex<[T]> for usize}<aspis_v8_performance_host::circle_norm::joined_inverse::line_norm::r110_norm::B>](move _131, move _132) -> bb83 (unwind: bb67);
    }

    bb82: {
        storage_dead(_144);
        oy = alloc::vec::from_elem<aspis_v8_performance_host::circle_norm::joined_inverse::line_norm::r110_norm::B>[aspis_v8_performance_host::circle_norm::joined_inverse::line_norm::r110_norm::{impl core::clone::Clone for aspis_v8_performance_host::circle_norm::joined_inverse::line_norm::r110_norm::B}](const aspis_v8_performance_host::circle_norm::joined_inverse::line_norm::r110_norm::{aspis_v8_performance_host::circle_norm::joined_inverse::line_norm::r110_norm::B}::ZERO, move _143) -> bb84 (unwind: bb67);
    }

    bb83: {
        storage_dead(_132);
        storage_dead(_131);
        (*_130) = move _123;
        storage_dead(_123);
        storage_dead(_130);
        storage_dead(_125);
        storage_live(_133);
        storage_live(_134);
        _134 = copy ix;
        storage_live(_135);
        storage_live(_136);
        _136 = copy i_122;
        _137 = copy xs.metadata;
        _138 = copy _136 < copy _137;
        assert assert(move _138 == true) (bounds_check) -> bb85 (unwind: bb67);
    }

    bb84: {
        storage_dead(_143);
        storage_live(_145);
        storage_live(_146);
        storage_live(_147);
        storage_live(_148);
        storage_live(_149);
        storage_live(_150);
        _150 = &(*ys);
        _149 = core::slice::{[T]}::len<'207, aspis_v8_performance_host::circle_norm::joined_inverse::line_norm::r110_norm::B>(move _150) -> bb87 (unwind: bb86);
    }

    bb85: {
        _135 = copy (*xs)[copy _136];
        _133 = aspis_v8_performance_host::circle_norm::joined_inverse::line_norm::r110_norm::{aspis_v8_performance_host::circle_norm::joined_inverse::line_norm::r110_norm::B}::mul(move _134, move _135) -> bb88 (unwind: bb67);
    }

    bb86: {
        conditional_drop[alloc::vec::Vec::{impl core::marker::Destruct for alloc::vec::Vec<T, A>}<aspis_v8_performance_host::circle_norm::joined_inverse::line_norm::r110_norm::B, alloc::alloc::Global>::drop_glue<'208>] oy -> bb67 (unwind: bb89);
    }

    bb87: {
        storage_dead(_150);
        _148 = core::ops::range::Range { start: const 1usize, end: move _149 };
        storage_dead(_149);
        _147 = core::iter::traits::iterator::Iterator::rev<core::ops::range::Range<usize>>[core::iter::range::{impl core::iter::traits::iterator::Iterator for core::ops::range::Range<A>}<usize>[core::iter::range::{impl core::iter::range::Step for usize}], core::iter::range::{impl core::iter::traits::double_ended::DoubleEndedIterator for core::ops::range::Range<A>}<usize>[core::iter::range::{impl core::iter::range::Step for usize}]](move _148) -> bb90 (unwind: bb86);
    }

    bb88: {
        storage_dead(_135);
        storage_dead(_134);
        ix = move _133;
        storage_dead(_133);
        storage_dead(_136);
        _116 = const ();
        storage_dead(i_122);
        storage_dead(_119);
        storage_dead(_117);
        storage_dead(_116);
        _33 = const ();
        goto bb72;
    }

    bb89: {
        unwind_terminate;
    }

    bb90: {
        storage_dead(_148);
        _146 = core::iter::traits::collect::{impl core::iter::traits::collect::IntoIterator for I}::into_iter<core::iter::adapters::rev::Rev<core::ops::range::Range<usize>>>[core::iter::adapters::rev::{impl core::iter::traits::iterator::Iterator for core::iter::adapters::rev::Rev<I>}<core::ops::range::Range<usize>>[core::iter::range::{impl core::iter::traits::double_ended::DoubleEndedIterator for core::ops::range::Range<A>}<usize>[core::iter::range::{impl core::iter::range::Step for usize}]]](move _147) -> bb91 (unwind: bb86);
    }

    bb91: {
        storage_dead(_147);
        storage_live(iter_151);
        iter_151 = move _146;
        goto bb92;
    }

    bb92: {
        goto bb93;
    }

    bb93: {
        storage_live(_152);
        storage_live(_153);
        storage_live(_154);
        storage_live(_155);
        _155 = &mut iter_151;
        _154 = &two-phase-mut (*_155);
        _153 = core::iter::adapters::rev::{impl core::iter::traits::iterator::Iterator for core::iter::adapters::rev::Rev<I>}::next<'210, core::ops::range::Range<usize>>[core::iter::range::{impl core::iter::traits::double_ended::DoubleEndedIterator for core::ops::range::Range<A>}<usize>[core::iter::range::{impl core::iter::range::Step for usize}]](move _154) -> bb94 (unwind: bb86);
    }

    bb94: {
        storage_dead(_154);
        _156 = @discriminant(_153);
        switch move _156 -> 0isize: bb95, 1isize: bb96, otherwise: bb97;
    }

    bb95: {
        goto bb98;
    }

    bb96: {
        storage_live(i_158);
        i_158 = copy (_153 as variant core::option::Option::Some).0;
        storage_live(_159);
        storage_live(_160);
        storage_live(_161);
        storage_live(_162);
        _162 = &py;
        storage_live(_163);
        storage_live(_164);
        _164 = copy i_158;
        _163 = move _164 wrap.- const 1usize;
        storage_dead(_164);
        _161 = alloc::vec::{impl core::ops::index::Index<I> for alloc::vec::Vec<T, A>}::index<'212, aspis_v8_performance_host::circle_norm::joined_inverse::line_norm::r110_norm::B, usize, alloc::alloc::Global>[core::slice::index::{impl core::slice::index::SliceIndex<[T]> for usize}<aspis_v8_performance_host::circle_norm::joined_inverse::line_norm::r110_norm::B>](move _162, move _163) -> bb99 (unwind: bb86);
    }

    bb97: {
        undefined_behavior;
    }

    bb98: {
        _145 = const ();
        storage_dead(_155);
        storage_dead(_153);
        storage_dead(_152);
        storage_dead(iter_151);
        storage_dead(_146);
        storage_dead(_145);
        storage_live(_175);
        _175 = copy iy;
        storage_live(_176);
        storage_live(_177);
        _177 = &mut oy;
        _176 = alloc::vec::{impl core::ops::index::IndexMut<I> for alloc::vec::Vec<T, A>}::index_mut<'214, aspis_v8_performance_host::circle_norm::joined_inverse::line_norm::r110_norm::B, usize, alloc::alloc::Global>[core::slice::index::{impl core::slice::index::SliceIndex<[T]> for usize}<aspis_v8_performance_host::circle_norm::joined_inverse::line_norm::r110_norm::B>](move _177, const 0usize) -> bb100 (unwind: bb86);
    }

    bb99: {
        _160 = copy (*_161);
        storage_dead(_163);
        storage_dead(_162);
        storage_live(_165);
        _165 = copy iy;
        _159 = aspis_v8_performance_host::circle_norm::joined_inverse::line_norm::r110_norm::{aspis_v8_performance_host::circle_norm::joined_inverse::line_norm::r110_norm::B}::mul(move _160, move _165) -> bb101 (unwind: bb86);
    }

    bb100: {
        storage_dead(_177);
        (*_176) = move _175;
        storage_dead(_175);
        storage_dead(_176);
        storage_live(_178);
        storage_live(_179);
        _179 = move ox;
        storage_live(_180);
        _180 = move oy;
        _178 = (move _179, move _180);
        conditional_drop[alloc::vec::Vec::{impl core::marker::Destruct for alloc::vec::Vec<T, A>}<aspis_v8_performance_host::circle_norm::joined_inverse::line_norm::r110_norm::B, alloc::alloc::Global>::drop_glue<'215>] _180 -> bb102 (unwind: bb103);
    }

    bb101: {
        storage_dead(_165);
        storage_dead(_160);
        storage_live(_166);
        storage_live(_167);
        _167 = &mut oy;
        storage_live(_168);
        _168 = copy i_158;
        _166 = alloc::vec::{impl core::ops::index::IndexMut<I> for alloc::vec::Vec<T, A>}::index_mut<'217, aspis_v8_performance_host::circle_norm::joined_inverse::line_norm::r110_norm::B, usize, alloc::alloc::Global>[core::slice::index::{impl core::slice::index::SliceIndex<[T]> for usize}<aspis_v8_performance_host::circle_norm::joined_inverse::line_norm::r110_norm::B>](move _167, move _168) -> bb104 (unwind: bb86);
    }

    bb102: {
        storage_dead(_180);
        conditional_drop[alloc::vec::Vec::{impl core::marker::Destruct for alloc::vec::Vec<T, A>}<aspis_v8_performance_host::circle_norm::joined_inverse::line_norm::r110_norm::B, alloc::alloc::Global>::drop_glue<'218>] _179 -> bb105 (unwind: bb106);
    }

    bb103: {
        conditional_drop[alloc::vec::Vec::{impl core::marker::Destruct for alloc::vec::Vec<T, A>}<aspis_v8_performance_host::circle_norm::joined_inverse::line_norm::r110_norm::B, alloc::alloc::Global>::drop_glue<'219>] _179 -> bb106 (unwind: bb107);
    }

    bb104: {
        storage_dead(_168);
        storage_dead(_167);
        (*_166) = move _159;
        storage_dead(_159);
        storage_dead(_166);
        storage_dead(_161);
        storage_live(_169);
        storage_live(_170);
        _170 = copy iy;
        storage_live(_171);
        storage_live(_172);
        _172 = copy i_158;
        _173 = copy ys.metadata;
        _174 = copy _172 < copy _173;
        assert assert(move _174 == true) (bounds_check) -> bb108 (unwind: bb86);
    }

    bb105: {
        storage_dead(_179);
        _0 = core::result::Result::Ok { 0: move _178 };
        conditional_drop[aspis_v8_performance_host::<tuple_2>::{impl core::marker::Destruct for (A, B)}<alloc::vec::Vec<aspis_v8_performance_host::circle_norm::joined_inverse::line_norm::r110_norm::B, alloc::alloc::Global>, alloc::vec::Vec<aspis_v8_performance_host::circle_norm::joined_inverse::line_norm::r110_norm::B, alloc::alloc::Global>>::drop_glue<'220>] _178 -> bb109 (unwind: bb86);
    }

    bb106: {
        conditional_drop[aspis_v8_performance_host::<tuple_2>::{impl core::marker::Destruct for (A, B)}<alloc::vec::Vec<aspis_v8_performance_host::circle_norm::joined_inverse::line_norm::r110_norm::B, alloc::alloc::Global>, alloc::vec::Vec<aspis_v8_performance_host::circle_norm::joined_inverse::line_norm::r110_norm::B, alloc::alloc::Global>>::drop_glue<'221>] _178 -> bb86 (unwind: bb110);
    }

    bb107: {
        unwind_terminate;
    }

    bb108: {
        _171 = copy (*ys)[copy _172];
        _169 = aspis_v8_performance_host::circle_norm::joined_inverse::line_norm::r110_norm::{aspis_v8_performance_host::circle_norm::joined_inverse::line_norm::r110_norm::B}::mul(move _170, move _171) -> bb111 (unwind: bb86);
    }

    bb109: {
        storage_dead(_178);
        conditional_drop[alloc::vec::Vec::{impl core::marker::Destruct for alloc::vec::Vec<T, A>}<aspis_v8_performance_host::circle_norm::joined_inverse::line_norm::r110_norm::B, alloc::alloc::Global>::drop_glue<'222>] oy -> bb112 (unwind: bb67);
    }

    bb110: {
        unwind_terminate;
    }

    bb111: {
        storage_dead(_171);
        storage_dead(_170);
        iy = move _169;
        storage_dead(_169);
        storage_dead(_172);
        _152 = const ();
        storage_dead(i_158);
        storage_dead(_155);
        storage_dead(_153);
        storage_dead(_152);
        _33 = const ();
        goto bb92;
    }

    bb112: {
        storage_dead(oy);
        conditional_drop[alloc::vec::Vec::{impl core::marker::Destruct for alloc::vec::Vec<T, A>}<aspis_v8_performance_host::circle_norm::joined_inverse::line_norm::r110_norm::B, alloc::alloc::Global>::drop_glue<'223>] ox -> bb113 (unwind: bb35);
    }

    bb113: {
        storage_dead(ox);
        storage_dead(iy);
        storage_dead(ix);
        storage_dead(total);
        storage_dead(q);
        storage_dead(p);
        conditional_drop[alloc::vec::Vec::{impl core::marker::Destruct for alloc::vec::Vec<T, A>}<aspis_v8_performance_host::circle_norm::joined_inverse::line_norm::r110_norm::B, alloc::alloc::Global>::drop_glue<'224>] py -> bb114 (unwind: bb17);
    }

    bb114: {
        storage_dead(py);
        conditional_drop[alloc::vec::Vec::{impl core::marker::Destruct for alloc::vec::Vec<T, A>}<aspis_v8_performance_host::circle_norm::joined_inverse::line_norm::r110_norm::B, alloc::alloc::Global>::drop_glue<'225>] px -> bb115 (unwind: bb1);
    }

    bb115: {
        storage_dead(px);
        goto bb7;
    }
}

pub fn core::slice::{[T]}::is_empty<'_0, T>(_1: &'_0 [T]) -> bool
= <opaque>

#[lang_item("slice_iter")]
pub fn core::slice::{[T]}::iter<'_0, T>(_1: &'_0 [T]) -> core::slice::iter::Iter<'_0, T>
= <opaque>

pub fn core::iter::traits::iterator::Iterator::chain<Self, U>(self: Self, other: U) -> core::iter::adapters::chain::Chain<Self, TraitClause1::IntoIter>
where
    TraitClause0: (Self: core::iter::traits::iterator::Iterator),
    TraitClause1: (U: core::iter::traits::collect::IntoIterator),
    TypeConstraint0: TraitClause1::Item = TraitClause0::Item,
{
    let _0: core::iter::adapters::chain::Chain<Self, TraitClause1::IntoIter>; // return
    let self: Self; // arg #1
    let other: U; // arg #2
    let a: Self; // local
    let b: TraitClause1::IntoIter; // local
    let _5: core::option::Option<Self>; // anonymous local
    let _6: core::option::Option<TraitClause1::IntoIter>; // anonymous local

    bb0: {
        storage_live(a);
        a = move self;
        storage_live(b);
        b = TraitClause1::into_iter(move other) -> bb2 (unwind: bb1);
    }

    bb1: {
        drop[{built_in impl core::marker::Destruct for Self}::drop_glue<'0>] a -> bb3 (unwind: bb4);
    }

    bb2: {
        storage_live(_5);
        _5 = core::option::Option::Some { 0: copy a };
        storage_live(_6);
        _6 = core::option::Option::Some { 0: copy b };
        _0 = core::iter::adapters::chain::Chain { a: move _5, b: move _6 };
        storage_dead(_6);
        storage_dead(_5);
        storage_dead(b);
        storage_dead(a);
        return;
    }

    bb3: {
        unwind_continue;
    }

    bb4: {
        unwind_terminate;
    }
}

pub fn core::iter::traits::iterator::Iterator::any<'_0, Self, F>(self: &'_0 mut Self, f: F) -> bool
where
    TraitClause0: (Self: core::iter::traits::iterator::Iterator),
    TraitClause1: (F: core::ops::function::FnMut<(TraitClause0::Item,)>),
    TypeConstraint0: TraitClause1::ImpliedClause0::Output = bool,
{
    let _0: bool; // return
    let self: &'1 mut Self; // arg #1
    let f: F; // arg #2
    let _3: &'3 core::ops::control_flow::ControlFlow<(), ()>; // anonymous local
    let _4: core::ops::control_flow::ControlFlow<(), ()>; // anonymous local
    let _5: core::iter::traits::iterator::Iterator::any::check::closure<TraitClause0::Item, F>[TraitClause1]; // anonymous local

    bb0: {
        storage_live(_3);
        storage_live(_4);
        storage_live(_5);
        _5 = core::iter::traits::iterator::Iterator::any::check::closure { 0: copy f };
        _4 = TraitClause0::try_fold<'4, (), core::iter::traits::iterator::Iterator::any::check::closure<TraitClause0::Item, F>[TraitClause1], core::ops::control_flow::ControlFlow<(), ()>>[core::iter::traits::iterator::Iterator::any::check::{impl core::ops::function::FnMut<((), T)> for core::iter::traits::iterator::Iterator::any::check::closure<T, T1>[TraitClause0]}<TraitClause0::Item, F>[TraitClause1], core::iter::traits::iterator::Iterator::any::check::closure::{impl core::marker::Destruct for core::iter::traits::iterator::Iterator::any::check::closure<T, T1>[TraitClause0]}<TraitClause0::Item, F>[TraitClause1], core::ops::control_flow::{impl core::ops::try_trait::Try for core::ops::control_flow::ControlFlow<B, C>}<(), ()>](move self, const (), move _5) -> bb2 (unwind: bb1);
    }

    bb1: {
        unwind_continue;
    }

    bb2: {
        _3 = &_4;
        storage_dead(_5);
        _0 = core::ops::control_flow::{impl core::cmp::PartialEq<core::ops::control_flow::ControlFlow<B, C>> for core::ops::control_flow::ControlFlow<B, C>}::eq<'7, '8, (), ()>[core::cmp::impls::{impl core::cmp::PartialEq<()> for ()}, core::cmp::impls::{impl core::cmp::PartialEq<()> for ()}](move _3, const core::iter::traits::iterator::Iterator::any::{promoted_const}<Self, F>[TraitClause0, TraitClause1]) -> bb4 (unwind: bb3);
    }

    bb3: {
        unwind_continue;
    }

    bb4: {
        storage_dead(_4);
        storage_dead(_3);
        return;
    }
}

#[lang_item("slice_len_fn")]
pub fn core::slice::{[T]}::len<'_0, T>(_1: &'_0 [T]) -> usize
= <opaque>

#[lang_item("vec_with_capacity")]
pub fn alloc::vec::{alloc::vec::Vec<T, alloc::alloc::Global>}::with_capacity<T>(_1: usize) -> alloc::vec::Vec<T, alloc::alloc::Global>
= <opaque>

pub fn alloc::vec::{alloc::vec::Vec<T, A>}::push<'_0, T, A>(_1: &'_0 mut alloc::vec::Vec<T, A>, _2: T)
where
    TraitClause0: (A: core::marker::Destruct),
= <opaque>

pub fn core::slice::index::{impl core::ops::index::Index<I> for [T]}::index<'_0, T, I>(_1: &'_0 [T], _2: I) -> &'_0 TraitClause0::Output
where
    TraitClause0: (I: core::slice::index::SliceIndex<[T]>),
= <opaque>

pub fn core::slice::iter::{impl core::iter::traits::collect::IntoIterator for &'a [T]}::into_iter<'a, T>(_1: &'a [T]) -> core::slice::iter::Iter<'a, T>
= <opaque>

pub fn core::slice::iter::{impl core::iter::traits::iterator::Iterator for core::slice::iter::Iter<'a, T>}::next<'a, '_1, T>(_1: &'_1 mut core::slice::iter::Iter<'a, T>) -> core::option::Option<&'a T>
= <opaque>

pub fn alloc::vec::{impl core::ops::deref::Deref for alloc::vec::Vec<T, A>}::deref<'_0, T, A>(_1: &'_0 alloc::vec::Vec<T, A>) -> &'_0 [T]
= <opaque>

pub fn core::slice::{[T]}::last<'_0, T>(self: &'_0 [T]) -> core::option::Option<&'_0 T>
{
    let _0: core::option::Option<&'2 T>; // return
    let self: &'4 [T]; // arg #1
    let _2: usize; // anonymous local
    let _3: bool; // anonymous local
    let last: &'5 T; // local

    bb0: {
        _2 = copy self.metadata;
        _3 = copy _2 >= const 1usize;
        if move _3 -> bb1 else -> bb2;
    }

    bb1: {
        storage_live(last);
        last = &(*self)[-const 1usize];
        _0 = core::option::Option::Some { 0: copy last };
        storage_dead(last);
        goto bb3;
    }

    bb2: {
        _0 = const core::option::Option::None {  };
        goto bb3;
    }

    bb3: {
        return;
    }
}

#[lang_item("option_unwrap")]
pub fn core::option::{core::option::Option<T>}::unwrap<T>(self: core::option::Option<T>) -> T
{
    let val: T; // return
    let self: core::option::Option<T>; // arg #1
    let _2: isize; // anonymous local
    let _3: !; // anonymous local

    bb0: {
        _2 = @discriminant(self);
        switch move _2 -> 0isize: bb1, 1isize: bb2, otherwise: bb3;
    }

    bb1: {
        _3 = core::option::unwrap_failed() -> bb5 (unwind: bb4);
    }

    bb2: {
        val = move (self as variant core::option::Option::Some).0;
        return;
    }

    bb3: {
        undefined_behavior;
    }

    bb4: {
        unwind_continue;
    }

    bb5: {
        undefined_behavior;
    }
}

fn aspis_v8_performance_host::circle_norm::joined_inverse::line_norm::r110_norm::{aspis_v8_performance_host::circle_norm::joined_inverse::line_norm::r110_norm::B}::mul(self: aspis_v8_performance_host::circle_norm::joined_inverse::line_norm::r110_norm::B, r: aspis_v8_performance_host::circle_norm::joined_inverse::line_norm::r110_norm::B) -> aspis_v8_performance_host::circle_norm::joined_inverse::line_norm::r110_norm::B
{
    let _0: aspis_v8_performance_host::circle_norm::joined_inverse::line_norm::r110_norm::B; // return
    let self: aspis_v8_performance_host::circle_norm::joined_inverse::line_norm::r110_norm::B; // arg #1
    let r: aspis_v8_performance_host::circle_norm::joined_inverse::line_norm::r110_norm::B; // arg #2
    let x: u64; // local
    let _4: u64; // anonymous local
    let _5: u32; // anonymous local
    let _6: u64; // anonymous local
    let _7: u32; // anonymous local
    let s: u64; // local
    let _9: u64; // anonymous local
    let _10: u64; // anonymous local
    let _11: u64; // anonymous local
    let _12: u64; // anonymous local
    let _13: u64; // anonymous local
    let _14: u32; // anonymous local
    let _15: bool; // anonymous local
    let _16: u64; // anonymous local
    let _17: u64; // anonymous local
    let _18: u64; // anonymous local
    let _19: u64; // anonymous local
    let _20: u64; // anonymous local
    let _21: u64; // anonymous local

    bb0: {
        storage_live(x);
        storage_live(_4);
        storage_live(_5);
        _5 = copy (self).0;
        _4 = core::convert::num::{impl core::convert::From<u32> for u64}::from(move _5) -> bb2 (unwind: bb1);
    }

    bb1: {
        unwind_continue;
    }

    bb2: {
        storage_dead(_5);
        storage_live(_6);
        storage_live(_7);
        _7 = copy (r).0;
        _6 = core::convert::num::{impl core::convert::From<u32> for u64}::from(move _7) -> bb3 (unwind: bb1);
    }

    bb3: {
        storage_dead(_7);
        x = move _4 wrap.* move _6;
        storage_dead(_6);
        storage_dead(_4);
        storage_live(s);
        storage_live(_9);
        storage_live(_10);
        _10 = copy x;
        storage_live(_11);
        _11 = core::convert::num::{impl core::convert::From<u32> for u64}::from(const aspis_v8_performance_host::circle_norm::joined_inverse::line_norm::r110_norm::P110) -> bb4 (unwind: bb1);
    }

    bb4: {
        _9 = move _10 & move _11;
        storage_dead(_11);
        storage_dead(_10);
        storage_live(_12);
        storage_live(_13);
        _13 = copy x;
        _12 = move _13 wrap.>> const 31i32;
        storage_dead(_13);
        s = move _9 wrap.+ move _12;
        storage_dead(_12);
        storage_dead(_9);
        storage_live(_14);
        storage_live(_15);
        storage_live(_16);
        _16 = copy s;
        storage_live(_17);
        _17 = core::convert::num::{impl core::convert::From<u32> for u64}::from(const aspis_v8_performance_host::circle_norm::joined_inverse::line_norm::r110_norm::P110) -> bb5 (unwind: bb1);
    }

    bb5: {
        _15 = move _16 >= move _17;
        if move _15 -> bb6 else -> bb7;
    }

    bb6: {
        storage_dead(_17);
        storage_dead(_16);
        storage_live(_18);
        storage_live(_19);
        _19 = copy s;
        storage_live(_20);
        _20 = core::convert::num::{impl core::convert::From<u32> for u64}::from(const aspis_v8_performance_host::circle_norm::joined_inverse::line_norm::r110_norm::P110) -> bb8 (unwind: bb1);
    }

    bb7: {
        storage_dead(_17);
        storage_dead(_16);
        storage_live(_21);
        _21 = copy s;
        _14 = cast<u64, u32>(move _21);
        storage_dead(_21);
        goto bb9;
    }

    bb8: {
        _18 = move _19 wrap.- move _20;
        storage_dead(_20);
        storage_dead(_19);
        _14 = cast<u64, u32>(move _18);
        storage_dead(_18);
        goto bb9;
    }

    bb9: {
        storage_dead(_15);
        _0 = aspis_v8_performance_host::circle_norm::joined_inverse::line_norm::r110_norm::B { 0: move _14 };
        storage_dead(_14);
        storage_dead(s);
        storage_dead(x);
        return;
    }
}

fn aspis_v8_performance_host::circle_norm::joined_inverse::line_norm::r110_norm::{aspis_v8_performance_host::circle_norm::joined_inverse::line_norm::r110_norm::B}::inv(self: aspis_v8_performance_host::circle_norm::joined_inverse::line_norm::r110_norm::B) -> aspis_v8_performance_host::circle_norm::joined_inverse::line_norm::r110_norm::B
{
    let _0: aspis_v8_performance_host::circle_norm::joined_inverse::line_norm::r110_norm::B; // return
    let self: aspis_v8_performance_host::circle_norm::joined_inverse::line_norm::r110_norm::B; // arg #1
    let _2: u32; // anonymous local
    let _3: aspis_core::field::M31; // anonymous local
    let _4: aspis_core::field::M31; // anonymous local
    let _5: u32; // anonymous local

    bb0: {
        storage_live(_2);
        storage_live(_3);
        storage_live(_4);
        storage_live(_5);
        _5 = copy (self).0;
        _4 = aspis_core::field::M31 { 0: move _5 };
        storage_dead(_5);
        _3 = aspis_core::field::{aspis_core::field::M31}::inv(move _4) -> bb2 (unwind: bb1);
    }

    bb1: {
        unwind_continue;
    }

    bb2: {
        storage_dead(_4);
        _2 = copy (_3).0;
        _0 = aspis_v8_performance_host::circle_norm::joined_inverse::line_norm::r110_norm::B { 0: move _2 };
        storage_dead(_2);
        storage_dead(_3);
        return;
    }
}

#[lang_item("vec_from_elem")]
pub fn alloc::vec::from_elem<T>(_1: T, _2: usize) -> alloc::vec::Vec<T, alloc::alloc::Global>
where
    TraitClause0: (T: core::clone::Clone),
= <opaque>

pub fn core::iter::traits::iterator::Iterator::rev<Self>(_1: Self) -> core::iter::adapters::rev::Rev<Self>
where
    TraitClause0: (Self: core::iter::traits::iterator::Iterator),
    TraitClause1: (Self: core::iter::traits::double_ended::DoubleEndedIterator),
= <opaque>

pub fn core::iter::traits::collect::{impl core::iter::traits::collect::IntoIterator for I}::into_iter<I>(_1: I) -> I
where
    TraitClause0: (I: core::iter::traits::iterator::Iterator),
= <opaque>

pub fn core::iter::adapters::rev::{impl core::iter::traits::iterator::Iterator for core::iter::adapters::rev::Rev<I>}::next<'_0, I>(_1: &'_0 mut core::iter::adapters::rev::Rev<I>) -> core::option::Option<TraitClause0::ImpliedClause0::Item>
where
    TraitClause0: (I: core::iter::traits::double_ended::DoubleEndedIterator),
= <opaque>

pub fn alloc::vec::{impl core::ops::index::Index<I> for alloc::vec::Vec<T, A>}::index<'_0, T, I, A>(_1: &'_0 alloc::vec::Vec<T, A>, _2: I) -> &'_0 TraitClause0::Output
where
    TraitClause0: (I: core::slice::index::SliceIndex<[T]>),
= <opaque>

pub fn alloc::vec::{impl core::ops::index::IndexMut<I> for alloc::vec::Vec<T, A>}::index_mut<'_0, T, I, A>(_1: &'_0 mut alloc::vec::Vec<T, A>, _2: I) -> &'_0 mut TraitClause0::Output
where
    TraitClause0: (I: core::slice::index::SliceIndex<[T]>),
= <opaque>

fn aspis_v8_performance_host::circle_norm::joined_inverse::line_norm::r110_norm::batch::{impl core::ops::function::FnOnce<(&'_ aspis_v8_performance_host::circle_norm::joined_inverse::line_norm::r110_norm::B,)> for aspis_v8_performance_host::circle_norm::joined_inverse::line_norm::r110_norm::batch::closure}::call_once<'_0>(_1: aspis_v8_performance_host::circle_norm::joined_inverse::line_norm::r110_norm::batch::closure, _2: (&'_0 aspis_v8_performance_host::circle_norm::joined_inverse::line_norm::r110_norm::B,)) -> bool
{
    let _0: bool; // return
    let _1: aspis_v8_performance_host::circle_norm::joined_inverse::line_norm::r110_norm::batch::closure; // arg #1
    let _2: (&'0 aspis_v8_performance_host::circle_norm::joined_inverse::line_norm::r110_norm::B,); // arg #2
    let _3: &'2 mut aspis_v8_performance_host::circle_norm::joined_inverse::line_norm::r110_norm::batch::closure; // anonymous local

    bb0: {
        _3 = &mut _1;
        _0 = aspis_v8_performance_host::circle_norm::joined_inverse::line_norm::r110_norm::batch::{impl core::ops::function::FnMut<(&'_ aspis_v8_performance_host::circle_norm::joined_inverse::line_norm::r110_norm::B,)> for aspis_v8_performance_host::circle_norm::joined_inverse::line_norm::r110_norm::batch::closure}<'_0>::call_mut<'7>(move _3, move _2) -> bb2 (unwind: bb1);
    }

    bb1: {
        drop[aspis_v8_performance_host::circle_norm::joined_inverse::line_norm::r110_norm::batch::closure::{impl core::marker::Destruct for aspis_v8_performance_host::circle_norm::joined_inverse::line_norm::r110_norm::batch::closure}::drop_glue<'8>] _1 -> bb3 (unwind: bb4);
    }

    bb2: {
        drop[aspis_v8_performance_host::circle_norm::joined_inverse::line_norm::r110_norm::batch::closure::{impl core::marker::Destruct for aspis_v8_performance_host::circle_norm::joined_inverse::line_norm::r110_norm::batch::closure}::drop_glue<'9>] _1 -> bb5 (unwind: bb6);
    }

    bb3: {
        unwind_continue;
    }

    bb4: {
        unwind_terminate;
    }

    bb5: {
        return;
    }

    bb6: {
        unwind_continue;
    }
}

fn aspis_v8_performance_host::circle_norm::joined_inverse::line_norm::r110_norm::batch::{impl core::ops::function::FnMut<(&'_ aspis_v8_performance_host::circle_norm::joined_inverse::line_norm::r110_norm::B,)> for aspis_v8_performance_host::circle_norm::joined_inverse::line_norm::r110_norm::batch::closure}::call_mut<'_0, '_1>(_1: &'_1 mut aspis_v8_performance_host::circle_norm::joined_inverse::line_norm::r110_norm::batch::closure, tupled_args: (&'_0 aspis_v8_performance_host::circle_norm::joined_inverse::line_norm::r110_norm::B,)) -> bool
{
    let _0: bool; // return
    let _1: &'1 mut aspis_v8_performance_host::circle_norm::joined_inverse::line_norm::r110_norm::batch::closure; // arg #1
    let tupled_args: (&'_0 aspis_v8_performance_host::circle_norm::joined_inverse::line_norm::r110_norm::B,); // arg #2
    let x: &'2 aspis_v8_performance_host::circle_norm::joined_inverse::line_norm::r110_norm::B; // local
    let _4: &'3 aspis_v8_performance_host::circle_norm::joined_inverse::line_norm::r110_norm::B; // anonymous local
    let _5: &'4 aspis_v8_performance_host::circle_norm::joined_inverse::line_norm::r110_norm::B; // anonymous local
    let _6: aspis_v8_performance_host::circle_norm::joined_inverse::line_norm::r110_norm::B; // anonymous local

    bb0: {
        x = move tupled_args.0;
        storage_live(_4);
        _4 = &(*x);
        storage_live(_5);
        storage_live(_6);
        _6 = const aspis_v8_performance_host::circle_norm::joined_inverse::line_norm::r110_norm::{aspis_v8_performance_host::circle_norm::joined_inverse::line_norm::r110_norm::B}::ZERO;
        _5 = &_6;
        _0 = aspis_v8_performance_host::circle_norm::joined_inverse::line_norm::r110_norm::{impl core::cmp::PartialEq<aspis_v8_performance_host::circle_norm::joined_inverse::line_norm::r110_norm::B> for aspis_v8_performance_host::circle_norm::joined_inverse::line_norm::r110_norm::B}::eq<'7, '8>(move _4, move _5) -> bb2 (unwind: bb1);
    }

    bb1: {
        unwind_continue;
    }

    bb2: {
        storage_dead(_6);
        storage_dead(_5);
        storage_dead(_4);
        return;
    }
}

pub fn core::iter::traits::iterator::Iterator::try_fold<'_0, Self, B, F, R>(self: &'_0 mut Self, init: B, f: F) -> R
where
    TraitClause0: (Self: core::iter::traits::iterator::Iterator),
    TraitClause1: (F: core::ops::function::FnMut<(B, TraitClause0::Item)>),
    TraitClause2: (F: core::marker::Destruct),
    TraitClause3: (R: core::ops::try_trait::Try),
    TypeConstraint0: TraitClause1::ImpliedClause0::Output = R,
    TypeConstraint1: TraitClause3::Output = B,
{
    let _0: R; // return
    let self: &'1 mut Self; // arg #1
    let init: B; // arg #2
    let f: F; // arg #3
    let accum: B; // local
    let _5: core::option::Option<TraitClause0::Item>; // anonymous local
    let _6: isize; // anonymous local
    let x: TraitClause0::Item; // local
    let _8: core::ops::control_flow::ControlFlow<TraitClause3::Residual, B>; // anonymous local
    let _9: R; // anonymous local
    let _10: &'3 mut F; // anonymous local
    let _11: (B, TraitClause0::Item); // anonymous local
    let _12: B; // anonymous local
    let _13: isize; // anonymous local
    let residual: TraitClause3::Residual; // local
    let val: B; // local
    let _16: B; // anonymous local
    let _17: bool; // anonymous local

    bb0: {
        storage_live(accum);
        _17 = const true;
        accum = move init;
        goto bb1;
    }

    bb1: {
        storage_live(_5);
        _5 = TraitClause0::next<'4>(copy self) -> bb3 (unwind: bb2);
    }

    bb2: {
        if copy _17 -> bb4 else -> bb5;
    }

    bb3: {
        _6 = @discriminant(_5);
        switch move _6 -> 1isize: bb6, 0isize: bb7, otherwise: bb8;
    }

    bb4: {
        drop[{built_in impl core::marker::Destruct for B}::drop_glue<'5>] accum -> bb5 (unwind: bb9);
    }

    bb5: {
        drop[TraitClause2::drop_glue<'6>] f -> bb10 (unwind: bb11);
    }

    bb6: {
        storage_live(x);
        x = move (_5 as variant core::option::Option::Some).0;
        storage_live(_8);
        storage_live(_9);
        storage_live(_10);
        _10 = &mut f;
        storage_live(_11);
        storage_live(_12);
        _17 = const false;
        _12 = move accum;
        _11 = (move _12, copy x);
        _9 = TraitClause1::call_mut<'7>(move _10, move _11) -> bb12 (unwind: bb2);
    }

    bb7: {
        storage_dead(_5);
        storage_live(_16);
        _17 = const false;
        _16 = move accum;
        _0 = TraitClause3::from_output(move _16) -> bb13 (unwind: bb2);
    }

    bb8: {
        undefined_behavior;
    }

    bb9: {
        unwind_terminate;
    }

    bb10: {
        unwind_continue;
    }

    bb11: {
        unwind_terminate;
    }

    bb12: {
        storage_dead(_12);
        storage_dead(_11);
        storage_dead(_10);
        _8 = TraitClause3::branch(move _9) -> bb14 (unwind: bb2);
    }

    bb13: {
        storage_dead(_16);
        storage_dead(accum);
        drop[TraitClause2::drop_glue<'8>] f -> bb15 (unwind: bb16);
    }

    bb14: {
        storage_dead(_9);
        _13 = @discriminant(_8);
        switch move _13 -> 0isize: bb17, 1isize: bb18, otherwise: bb8;
    }

    bb15: {
        return;
    }

    bb16: {
        unwind_continue;
    }

    bb17: {
        val = move (_8 as variant core::ops::control_flow::ControlFlow::Continue).0;
        _17 = const true;
        accum = copy val;
        storage_dead(_8);
        storage_dead(x);
        storage_dead(_5);
        goto bb1;
    }

    bb18: {
        storage_live(residual);
        residual = move (_8 as variant core::ops::control_flow::ControlFlow::Break).0;
        _0 = TraitClause3::ImpliedClause0::from_residual(move residual) -> bb19 (unwind: bb2);
    }

    bb19: {
        storage_dead(residual);
        storage_dead(_8);
        storage_dead(x);
        storage_dead(_5);
        storage_dead(accum);
        drop[TraitClause2::drop_glue<'9>] f -> bb15 (unwind: bb20);
    }

    bb20: {
        unwind_continue;
    }
}

pub fn core::slice::iter::{impl core::iter::traits::iterator::Iterator for core::slice::iter::Iter<'a, T>}::any<'a, '_1, T, F>(self_1: &'_1 mut core::slice::iter::Iter<'a, T>, f: F) -> bool
where
    TraitClause0: (F: core::ops::function::FnMut<(&'a T,)>),
    TypeConstraint0: TraitClause0::ImpliedClause0::Output = bool,
{
    let _0: bool; // return
    let self_1: &'3 mut core::slice::iter::Iter<'4, T>; // arg #1
    let f: F; // arg #2
    let _3: core::option::Option<&'7 T>; // anonymous local
    let x: &'8 T; // local
    let _5: bool; // anonymous local
    let _6: &'10 mut F; // anonymous local
    let _7: (&'12 T,); // anonymous local
    let ptr: core::ptr::non_null::NonNull<T>; // local
    let end_or_len: *const T; // local
    let len: usize; // local
    let addr: usize; // local
    let _12: bool; // anonymous local
    let self_13: &'14 core::ptr::non_null::NonNull<T>; // local
    let other: &'15 core::ptr::non_null::NonNull<T>; // local
    let _15: core::ptr::non_null::NonNull<T>; // anonymous local
    let _16: core::ptr::non_null::NonNull<T>; // anonymous local
    let _17: &'16 T; // anonymous local
    let self_18: &'17 core::ptr::non_null::NonNull<T>; // local
    let _19: (); // anonymous local
    let _20: *mut T; // anonymous local
    let _21: *mut T; // anonymous local
    let _22: *mut T; // anonymous local
    let _23: *const T; // anonymous local
    let _24: bool; // anonymous local

    bb0: {
        goto bb1;
    }

    bb1: {
        storage_live(_3);
        storage_live(addr);
        storage_live(_20);
        storage_live(ptr);
        ptr = copy ((*self_1)).0;
        storage_live(end_or_len);
        end_or_len = copy ((*self_1)).1;
        if const core::mem::SizedTypeProperties::IS_ZST<T>[core::mem::{impl core::mem::SizedTypeProperties for T}<T>] -> bb2 else -> bb3;
    }

    bb2: {
        storage_live(len);
        len = transmute<*const T, usize>(copy end_or_len);
        switch copy len -> 0usize: bb4, otherwise: bb5;
    }

    bb3: {
        storage_live(_12);
        storage_live(_15);
        _15 = transmute<*const T, core::ptr::non_null::NonNull<T>>(copy end_or_len);
        _20 = transmute<core::ptr::non_null::NonNull<T>, *mut T>(copy ptr);
        storage_live(_21);
        _21 = transmute<core::ptr::non_null::NonNull<T>, *mut T>(copy _15);
        _12 = copy _20 == copy _21;
        storage_dead(_21);
        if move _12 -> bb6 else -> bb7;
    }

    bb4: {
        storage_dead(len);
        goto bb8;
    }

    bb5: {
        storage_live(_24);
        _24 = ub_checks<bool>;
        if move _24 -> bb9 else -> bb10;
    }

    bb6: {
        storage_dead(_15);
        storage_dead(_12);
        goto bb8;
    }

    bb7: {
        storage_dead(_15);
        storage_dead(_12);
        storage_live(_16);
        storage_live(_22);
        _22 = copy _20 offset const 1usize;
        _16 = transmute<*mut T, core::ptr::non_null::NonNull<T>>(copy _22);
        storage_dead(_22);
        ((*self_1)).0 = move _16;
        storage_dead(_16);
        goto bb11;
    }

    bb8: {
        storage_dead(end_or_len);
        storage_dead(ptr);
        storage_dead(_20);
        storage_dead(addr);
        storage_dead(_3);
        _0 = const false;
        drop[{built_in impl core::marker::Destruct for F}::drop_glue<'21>] f -> bb12 (unwind: bb13);
    }

    bb9: {
        _19 = core::num::{usize}::unchecked_sub::precondition_check(copy len, const 1usize) -> bb10 (unwind: bb14);
    }

    bb10: {
        addr = copy len ub.- const 1usize;
        ((*self_1)).1 = transmute<usize, *const T>(copy addr);
        storage_dead(len);
        goto bb11;
    }

    bb11: {
        storage_live(_17);
        storage_live(_23);
        _23 = transmute<core::ptr::non_null::NonNull<T>, *const T>(copy ptr);
        _17 = &(*_23);
        storage_dead(_23);
        _3 = core::option::Option::Some { 0: copy _17 };
        storage_dead(_17);
        storage_dead(end_or_len);
        storage_dead(ptr);
        storage_dead(_20);
        storage_dead(addr);
        storage_live(x);
        x = copy (_3 as variant core::option::Option::Some).0;
        storage_live(_5);
        storage_live(_6);
        _6 = &mut f;
        storage_live(_7);
        _7 = (copy x,);
        _5 = TraitClause0::call_mut<'29>(move _6, move _7) -> bb16 (unwind: bb15);
    }

    bb12: {
        return;
    }

    bb13: {
        unwind_continue;
    }

    bb14: {
        undefined_behavior;
    }

    bb15: {
        drop[{built_in impl core::marker::Destruct for F}::drop_glue<'30>] f -> bb17 (unwind: bb18);
    }

    bb16: {
        if move _5 -> bb19 else -> bb20;
    }

    bb17: {
        unwind_continue;
    }

    bb18: {
        unwind_terminate;
    }

    bb19: {
        storage_dead(_7);
        storage_dead(_6);
        _0 = const true;
        storage_dead(_5);
        storage_dead(x);
        storage_dead(_3);
        drop[{built_in impl core::marker::Destruct for F}::drop_glue<'31>] f -> bb12 (unwind: bb21);
    }

    bb20: {
        storage_dead(_7);
        storage_dead(_6);
        storage_dead(_5);
        storage_dead(x);
        storage_dead(_3);
        goto bb1;
    }

    bb21: {
        unwind_continue;
    }
}

pub fn core::ops::control_flow::{impl core::cmp::PartialEq<core::ops::control_flow::ControlFlow<B, C>> for core::ops::control_flow::ControlFlow<B, C>}::eq<'_0, '_1, B, C>(_1: &'_0 core::ops::control_flow::ControlFlow<B, C>, _2: &'_1 core::ops::control_flow::ControlFlow<B, C>) -> bool
where
    TraitClause0: (B: core::cmp::PartialEq<B>),
    TraitClause1: (C: core::cmp::PartialEq<C>),
= <opaque>

pub fn core::iter::adapters::chain::{impl core::iter::traits::iterator::Iterator for core::iter::adapters::chain::Chain<A, B>}::next<'_0, A, B>(self: &'_0 mut core::iter::adapters::chain::Chain<A, B>) -> core::option::Option<TraitClause0::Item>
where
    TraitClause0: (A: core::iter::traits::iterator::Iterator),
    TraitClause1: (B: core::iter::traits::iterator::Iterator),
    TypeConstraint0: TraitClause1::Item = TraitClause0::Item,
{
    let _0: core::option::Option<TraitClause0::Item>; // return
    let self: &'1 mut core::iter::adapters::chain::Chain<A, B>; // arg #1
    let _2: core::option::Option<TraitClause0::Item>; // anonymous local
    let _3: &'3 mut core::option::Option<A>; // anonymous local
    let _4: core::iter::adapters::chain::{impl core::iter::traits::iterator::Iterator for core::iter::adapters::chain::Chain<A, B>}::next::closure<'5, A, B>[TraitClause0, TraitClause1]; // anonymous local
    let _5: &'7 mut core::option::Option<B>; // anonymous local

    bb0: {
        storage_live(_2);
        storage_live(_3);
        _3 = &mut ((*self)).a;
        _2 = core::iter::adapters::chain::and_then_or_clear<'9, A, TraitClause0::Item, for<'_0_1> TraitClause0::next<'_0_1>>[{built_in impl core::ops::function::FnOnce<(&'_0_1 mut A,)> for for<'_0_2> TraitClause0::next<'_0_2> where Output  = core::option::Option<TraitClause0::Item>}](move _3, const TraitClause0::next<'10>) -> bb2 (unwind: bb1);
    }

    bb1: {
        unwind_continue;
    }

    bb2: {
        storage_live(_4);
        storage_live(_5);
        _5 = &uniq ((*self)).b;
        _4 = core::iter::adapters::chain::{impl core::iter::traits::iterator::Iterator for core::iter::adapters::chain::Chain<A, B>}::next::closure { 0: copy _5 };
        storage_dead(_5);
        _0 = core::option::{core::option::Option<T>}::or_else<TraitClause0::Item, core::iter::adapters::chain::{impl core::iter::traits::iterator::Iterator for core::iter::adapters::chain::Chain<A, B>}::next::closure<'13, A, B>[TraitClause0, TraitClause1]>[core::iter::adapters::chain::{impl core::iter::traits::iterator::Iterator for core::iter::adapters::chain::Chain<A, B>}::next::{impl core::ops::function::FnOnce<()> for core::iter::adapters::chain::{impl core::iter::traits::iterator::Iterator for core::iter::adapters::chain::Chain<A, B>}::next::closure<'_0, A, B>[TraitClause0, TraitClause1]}<'16, A, B>[TraitClause0, TraitClause1], core::iter::adapters::chain::{impl core::iter::traits::iterator::Iterator for core::iter::adapters::chain::Chain<A, B>}::next::closure::{impl core::marker::Destruct for core::iter::adapters::chain::{impl core::iter::traits::iterator::Iterator for core::iter::adapters::chain::Chain<A, B>}::next::closure<'_0, A, B>[TraitClause0, TraitClause1]}<'19, A, B>[TraitClause0, TraitClause1], {built_in impl core::marker::Destruct for TraitClause0::Item}](move _2, move _4) -> bb4 (unwind: bb3);
    }

    bb3: {
        unwind_continue;
    }

    bb4: {
        storage_dead(_4);
        storage_dead(_3);
        storage_dead(_2);
        return;
    }
}

pub fn core::iter::adapters::chain::{impl core::iter::traits::iterator::Iterator for core::iter::adapters::chain::Chain<A, B>}::try_fold<'_0, A, B, Acc, F, R>(self: &'_0 mut core::iter::adapters::chain::Chain<A, B>, acc: Acc, f: F) -> R
where
    TraitClause0: (A: core::iter::traits::iterator::Iterator),
    TraitClause1: (B: core::iter::traits::iterator::Iterator),
    TraitClause2: (F: core::ops::function::FnMut<(Acc, TraitClause0::Item)>),
    TraitClause3: (R: core::ops::try_trait::Try),
    TypeConstraint0: TraitClause1::Item = TraitClause0::Item,
    TypeConstraint1: TraitClause2::ImpliedClause0::Output = R,
    TypeConstraint2: TraitClause3::Output = Acc,
{
    let _0: R; // return
    let self: &'1 mut core::iter::adapters::chain::Chain<A, B>; // arg #1
    let acc: Acc; // arg #2
    let f: F; // arg #3
    let _4: isize; // anonymous local
    let a: &'3 mut A; // local
    let _6: core::ops::control_flow::ControlFlow<TraitClause3::Residual, Acc>; // anonymous local
    let _7: R; // anonymous local
    let _8: Acc; // anonymous local
    let _9: &'5 mut F; // anonymous local
    let _10: isize; // anonymous local
    let residual_11: TraitClause3::Residual; // local
    let val_12: Acc; // local
    let _13: core::option::Option<A>; // anonymous local
    let _14: isize; // anonymous local
    let b: &'7 mut B; // local
    let _16: core::ops::control_flow::ControlFlow<TraitClause3::Residual, Acc>; // anonymous local
    let _17: R; // anonymous local
    let _18: Acc; // anonymous local
    let _19: F; // anonymous local
    let _20: isize; // anonymous local
    let residual_21: TraitClause3::Residual; // local
    let val_22: Acc; // local
    let _23: Acc; // anonymous local
    let _24: bool; // anonymous local
    let _25: bool; // anonymous local

    bb0: {
        _24 = const true;
        _4 = @discriminant(((*self)).a);
        switch move _4 -> 1isize: bb1, 0isize: bb2, otherwise: bb3;
    }

    bb1: {
        storage_live(a);
        a = &mut (((*self)).a as variant core::option::Option::Some).0;
        storage_live(_6);
        storage_live(_7);
        storage_live(_8);
        _25 = const false;
        _8 = move acc;
        storage_live(_9);
        _9 = &mut f;
        _7 = TraitClause0::try_fold<'14, Acc, &'8 mut F, R>[core::ops::function::impls::{impl core::ops::function::FnMut<A> for &'_0 mut F}<'11, (Acc, TraitClause0::Item), F>[TraitClause2], {built_in impl core::marker::Destruct for &'13 mut F}, TraitClause3](move a, move _8, move _9) -> bb5 (unwind: bb4);
    }

    bb2: {
        _14 = @discriminant(((*self)).b);
        switch move _14 -> 1isize: bb6, 0isize: bb7, otherwise: bb3;
    }

    bb3: {
        undefined_behavior;
    }

    bb4: {
        if copy _24 -> bb8 else -> bb9;
    }

    bb5: {
        storage_dead(_9);
        storage_dead(_8);
        _6 = TraitClause3::branch(move _7) -> bb10 (unwind: bb4);
    }

    bb6: {
        storage_live(b);
        b = &mut (((*self)).b as variant core::option::Option::Some).0;
        storage_live(_16);
        storage_live(_17);
        storage_live(_18);
        _25 = const false;
        _18 = move acc;
        storage_live(_19);
        _24 = const false;
        _19 = move f;
        _17 = TraitClause1::try_fold<'15, Acc, F, R>[TraitClause2, {built_in impl core::marker::Destruct for F}, TraitClause3](move b, move _18, move _19) -> bb11 (unwind: bb4);
    }

    bb7: {
        storage_live(_23);
        _25 = const false;
        _23 = move acc;
        _0 = TraitClause3::from_output(move _23) -> bb12 (unwind: bb4);
    }

    bb8: {
        drop[{built_in impl core::marker::Destruct for F}::drop_glue<'16>] f -> bb9 (unwind: bb13);
    }

    bb9: {
        if copy _25 -> bb14 else -> bb15;
    }

    bb10: {
        storage_dead(_7);
        _10 = @discriminant(_6);
        switch move _10 -> 0isize: bb16, 1isize: bb17, otherwise: bb3;
    }

    bb11: {
        storage_dead(_19);
        storage_dead(_18);
        _16 = TraitClause3::branch(move _17) -> bb18 (unwind: bb4);
    }

    bb12: {
        storage_dead(_23);
        drop[{built_in impl core::marker::Destruct for F}::drop_glue<'17>] f -> bb19 (unwind: bb9);
    }

    bb13: {
        unwind_terminate;
    }

    bb14: {
        drop[{built_in impl core::marker::Destruct for Acc}::drop_glue<'18>] acc -> bb15 (unwind: bb20);
    }

    bb15: {
        unwind_continue;
    }

    bb16: {
        val_12 = move (_6 as variant core::ops::control_flow::ControlFlow::Continue).0;
        _25 = const true;
        acc = copy val_12;
        storage_dead(_6);
        storage_live(_13);
        _13 = core::option::Option::None {  };
        drop[core::option::Option::{impl core::marker::Destruct for core::option::Option<T>}<A>::drop_glue<'19>] ((*self)).a -> bb21 (unwind: bb22);
    }

    bb17: {
        storage_live(residual_11);
        residual_11 = move (_6 as variant core::ops::control_flow::ControlFlow::Break).0;
        _0 = TraitClause3::ImpliedClause0::from_residual(move residual_11) -> bb23 (unwind: bb4);
    }

    bb18: {
        storage_dead(_17);
        _20 = @discriminant(_16);
        switch move _20 -> 0isize: bb24, 1isize: bb25, otherwise: bb3;
    }

    bb19: {
        return;
    }

    bb20: {
        unwind_terminate;
    }

    bb21: {
        ((*self)).a = move _13;
        storage_dead(_13);
        storage_dead(a);
        goto bb2;
    }

    bb22: {
        ((*self)).a = move _13;
        goto bb4;
    }

    bb23: {
        storage_dead(residual_11);
        storage_dead(_6);
        storage_dead(a);
        drop[{built_in impl core::marker::Destruct for F}::drop_glue<'20>] f -> bb19 (unwind: bb9);
    }

    bb24: {
        val_22 = move (_16 as variant core::ops::control_flow::ControlFlow::Continue).0;
        acc = copy val_22;
        storage_dead(_16);
        storage_dead(b);
        storage_live(_23);
        _25 = const false;
        _23 = move acc;
        _0 = TraitClause3::from_output(move _23) -> bb26 (unwind: bb4);
    }

    bb25: {
        storage_live(residual_21);
        residual_21 = move (_16 as variant core::ops::control_flow::ControlFlow::Break).0;
        _0 = TraitClause3::ImpliedClause0::from_residual(move residual_21) -> bb27 (unwind: bb4);
    }

    bb26: {
        storage_dead(_23);
        goto bb19;
    }

    bb27: {
        storage_dead(residual_21);
        storage_dead(_16);
        storage_dead(b);
        goto bb19;
    }
}

unsafe fn alloc::vec::Vec::{impl core::marker::Destruct for alloc::vec::Vec<T, A>}::drop_glue<'_0, T, A>(_1: &'_0 mut alloc::vec::Vec<T, A>)
= <opaque>

unsafe fn alloc::alloc::Global::{impl core::marker::Destruct for alloc::alloc::Global}::drop_glue<'_0>(_1: &'_0 mut alloc::alloc::Global)
= <opaque>

pub fn core::slice::index::{impl core::slice::index::SliceIndex<[T]> for core::ops::range::RangeFrom<usize>}::get<'_0, T>(_1: core::ops::range::RangeFrom<usize>, _2: &'_0 [T]) -> core::option::Option<&'_0 [T]>
= <opaque>

pub fn core::slice::index::{impl core::slice::index::SliceIndex<[T]> for core::ops::range::RangeFrom<usize>}::get_mut<'_0, T>(_1: core::ops::range::RangeFrom<usize>, _2: &'_0 mut [T]) -> core::option::Option<&'_0 mut [T]>
= <opaque>

pub unsafe fn core::slice::index::{impl core::slice::index::SliceIndex<[T]> for core::ops::range::RangeFrom<usize>}::get_unchecked<T>(_1: core::ops::range::RangeFrom<usize>, _2: *const [T]) -> *const [T]
= <opaque>

pub unsafe fn core::slice::index::{impl core::slice::index::SliceIndex<[T]> for core::ops::range::RangeFrom<usize>}::get_unchecked_mut<T>(_1: core::ops::range::RangeFrom<usize>, _2: *mut [T]) -> *mut [T]
= <opaque>

pub fn core::slice::index::{impl core::slice::index::SliceIndex<[T]> for core::ops::range::RangeFrom<usize>}::index<'_0, T>(_1: core::ops::range::RangeFrom<usize>, _2: &'_0 [T]) -> &'_0 [T]
= <opaque>

pub fn core::slice::index::{impl core::slice::index::SliceIndex<[T]> for core::ops::range::RangeFrom<usize>}::index_mut<'_0, T>(_1: core::ops::range::RangeFrom<usize>, _2: &'_0 mut [T]) -> &'_0 mut [T]
= <opaque>

fn core::option::unwrap_failed() -> !
{
    let _0: !; // return

    bb0: {
        panic(core::panicking::panic);
    }

    bb1: {
        unwind_continue;
    }
}

pub fn core::convert::num::{impl core::convert::From<u32> for u64}::from(_1: u32) -> u64
= <opaque>

pub fn aspis_core::field::{aspis_core::field::M31}::inv(self: aspis_core::field::M31) -> aspis_core::field::M31
{
    let _0: aspis_core::field::M31; // return
    let self: aspis_core::field::M31; // arg #1
    let _2: (); // anonymous local
    let _3: bool; // anonymous local
    let _4: u32; // anonymous local
    let _5: !; // anonymous local
    let _6: !; // anonymous local
    let _7: core::fmt::Arguments<'1>; // anonymous local
    let t2: aspis_core::field::M31; // local
    let _9: aspis_core::field::M31; // anonymous local
    let _10: aspis_core::field::M31; // anonymous local
    let _11: aspis_core::field::M31; // anonymous local
    let _12: aspis_core::field::M31; // anonymous local
    let t4: aspis_core::field::M31; // local
    let _14: aspis_core::field::M31; // anonymous local
    let _15: aspis_core::field::M31; // anonymous local
    let _16: aspis_core::field::M31; // anonymous local
    let t8: aspis_core::field::M31; // local
    let _18: aspis_core::field::M31; // anonymous local
    let _19: aspis_core::field::M31; // anonymous local
    let _20: aspis_core::field::M31; // anonymous local
    let t16: aspis_core::field::M31; // local
    let _22: aspis_core::field::M31; // anonymous local
    let _23: aspis_core::field::M31; // anonymous local
    let _24: aspis_core::field::M31; // anonymous local
    let t24: aspis_core::field::M31; // local
    let _26: aspis_core::field::M31; // anonymous local
    let _27: aspis_core::field::M31; // anonymous local
    let _28: aspis_core::field::M31; // anonymous local
    let t28: aspis_core::field::M31; // local
    let _30: aspis_core::field::M31; // anonymous local
    let _31: aspis_core::field::M31; // anonymous local
    let _32: aspis_core::field::M31; // anonymous local
    let t29: aspis_core::field::M31; // local
    let _34: aspis_core::field::M31; // anonymous local
    let _35: aspis_core::field::M31; // anonymous local
    let _36: aspis_core::field::M31; // anonymous local
    let _37: aspis_core::field::M31; // anonymous local
    let t30: aspis_core::field::M31; // local
    let _39: aspis_core::field::M31; // anonymous local
    let _40: aspis_core::field::M31; // anonymous local
    let _41: aspis_core::field::M31; // anonymous local
    let _42: aspis_core::field::M31; // anonymous local
    let _43: aspis_core::field::M31; // anonymous local
    let _44: aspis_core::field::M31; // anonymous local

    bb0: {
        storage_live(_2);
        storage_live(_3);
        storage_live(_4);
        _4 = copy (self).0;
        _3 = move _4 != const 0u32;
        if move _3 -> bb1 else -> bb2;
    }

    bb1: {
        storage_dead(_4);
        _2 = const ();
        storage_dead(_3);
        storage_dead(_2);
        storage_live(t2);
        storage_live(_9);
        storage_live(_10);
        _10 = copy self;
        storage_live(_11);
        _11 = copy self;
        _9 = aspis_core::field::{aspis_core::field::M31}::mul(move _10, move _11) -> bb4 (unwind: bb3);
    }

    bb2: {
        storage_dead(_4);
        storage_live(_6);
        storage_live(_7);
        _7 = core::fmt::{core::fmt::Arguments<'a>}::from_str<'2>(const "inverse of zero") -> bb6 (unwind: bb5);
    }

    bb3: {
        unwind_continue;
    }

    bb4: {
        storage_dead(_11);
        storage_dead(_10);
        storage_live(_12);
        _12 = copy self;
        t2 = aspis_core::field::{aspis_core::field::M31}::mul(move _9, move _12) -> bb8 (unwind: bb7);
    }

    bb5: {
        unwind_continue;
    }

    bb6: {
        panic(core::panicking::panic_fmt);
    }

    bb7: {
        unwind_continue;
    }

    bb8: {
        storage_dead(_12);
        storage_dead(_9);
        storage_live(t4);
        storage_live(_14);
        storage_live(_15);
        _15 = copy t2;
        _14 = aspis_core::field::square_n(move _15, const 2usize) -> bb11 (unwind: bb10);
    }

    bb9: {
        unwind_continue;
    }

    bb10: {
        unwind_continue;
    }

    bb11: {
        storage_dead(_15);
        storage_live(_16);
        _16 = copy t2;
        t4 = aspis_core::field::{aspis_core::field::M31}::mul(move _14, move _16) -> bb13 (unwind: bb12);
    }

    bb12: {
        unwind_continue;
    }

    bb13: {
        storage_dead(_16);
        storage_dead(_14);
        storage_live(t8);
        storage_live(_18);
        storage_live(_19);
        _19 = copy t4;
        _18 = aspis_core::field::square_n(move _19, const 4usize) -> bb15 (unwind: bb14);
    }

    bb14: {
        unwind_continue;
    }

    bb15: {
        storage_dead(_19);
        storage_live(_20);
        _20 = copy t4;
        t8 = aspis_core::field::{aspis_core::field::M31}::mul(move _18, move _20) -> bb17 (unwind: bb16);
    }

    bb16: {
        unwind_continue;
    }

    bb17: {
        storage_dead(_20);
        storage_dead(_18);
        storage_live(t16);
        storage_live(_22);
        storage_live(_23);
        _23 = copy t8;
        _22 = aspis_core::field::square_n(move _23, const 8usize) -> bb19 (unwind: bb18);
    }

    bb18: {
        unwind_continue;
    }

    bb19: {
        storage_dead(_23);
        storage_live(_24);
        _24 = copy t8;
        t16 = aspis_core::field::{aspis_core::field::M31}::mul(move _22, move _24) -> bb21 (unwind: bb20);
    }

    bb20: {
        unwind_continue;
    }

    bb21: {
        storage_dead(_24);
        storage_dead(_22);
        storage_live(t24);
        storage_live(_26);
        storage_live(_27);
        _27 = copy t16;
        _26 = aspis_core::field::square_n(move _27, const 8usize) -> bb23 (unwind: bb22);
    }

    bb22: {
        unwind_continue;
    }

    bb23: {
        storage_dead(_27);
        storage_live(_28);
        _28 = copy t8;
        t24 = aspis_core::field::{aspis_core::field::M31}::mul(move _26, move _28) -> bb25 (unwind: bb24);
    }

    bb24: {
        unwind_continue;
    }

    bb25: {
        storage_dead(_28);
        storage_dead(_26);
        storage_live(t28);
        storage_live(_30);
        storage_live(_31);
        _31 = copy t24;
        _30 = aspis_core::field::square_n(move _31, const 4usize) -> bb27 (unwind: bb26);
    }

    bb26: {
        unwind_continue;
    }

    bb27: {
        storage_dead(_31);
        storage_live(_32);
        _32 = copy t4;
        t28 = aspis_core::field::{aspis_core::field::M31}::mul(move _30, move _32) -> bb29 (unwind: bb28);
    }

    bb28: {
        unwind_continue;
    }

    bb29: {
        storage_dead(_32);
        storage_dead(_30);
        storage_live(t29);
        storage_live(_34);
        storage_live(_35);
        _35 = copy t28;
        storage_live(_36);
        _36 = copy t28;
        _34 = aspis_core::field::{aspis_core::field::M31}::mul(move _35, move _36) -> bb31 (unwind: bb30);
    }

    bb30: {
        unwind_continue;
    }

    bb31: {
        storage_dead(_36);
        storage_dead(_35);
        storage_live(_37);
        _37 = copy self;
        t29 = aspis_core::field::{aspis_core::field::M31}::mul(move _34, move _37) -> bb33 (unwind: bb32);
    }

    bb32: {
        unwind_continue;
    }

    bb33: {
        storage_dead(_37);
        storage_dead(_34);
        storage_live(t30);
        storage_live(_39);
        _39 = copy t29;
        storage_live(_40);
        _40 = copy t29;
        t30 = aspis_core::field::{aspis_core::field::M31}::mul(move _39, move _40) -> bb35 (unwind: bb34);
    }

    bb34: {
        unwind_continue;
    }

    bb35: {
        storage_dead(_40);
        storage_dead(_39);
        storage_live(_41);
        storage_live(_42);
        _42 = copy t30;
        storage_live(_43);
        _43 = copy t30;
        _41 = aspis_core::field::{aspis_core::field::M31}::mul(move _42, move _43) -> bb37 (unwind: bb36);
    }

    bb36: {
        unwind_continue;
    }

    bb37: {
        storage_dead(_43);
        storage_dead(_42);
        storage_live(_44);
        _44 = copy self;
        _0 = aspis_core::field::{aspis_core::field::M31}::mul(move _41, move _44) -> bb39 (unwind: bb38);
    }

    bb38: {
        unwind_continue;
    }

    bb39: {
        storage_dead(_44);
        storage_dead(_41);
        storage_dead(t30);
        storage_dead(t29);
        storage_dead(t28);
        storage_dead(t24);
        storage_dead(t16);
        storage_dead(t8);
        storage_dead(t4);
        storage_dead(t2);
        return;
    }
}

pub fn aspis_v8_performance_host::circle_norm::joined_inverse::line_norm::r110_norm::{impl core::clone::Clone for aspis_v8_performance_host::circle_norm::joined_inverse::line_norm::r110_norm::B}::clone<'_0>(self: &'_0 aspis_v8_performance_host::circle_norm::joined_inverse::line_norm::r110_norm::B) -> aspis_v8_performance_host::circle_norm::joined_inverse::line_norm::r110_norm::B
{
    let _0: aspis_v8_performance_host::circle_norm::joined_inverse::line_norm::r110_norm::B; // return
    let self: &'1 aspis_v8_performance_host::circle_norm::joined_inverse::line_norm::r110_norm::B; // arg #1

    bb0: {
        _0 = copy (*self);
        return;
    }
}

fn aspis_v8_performance_host::circle_norm::joined_inverse::line_norm::r110_norm::{aspis_v8_performance_host::circle_norm::joined_inverse::line_norm::r110_norm::B}::ZERO() -> aspis_v8_performance_host::circle_norm::joined_inverse::line_norm::r110_norm::B
{
    let _0: aspis_v8_performance_host::circle_norm::joined_inverse::line_norm::r110_norm::B; // return

    bb0: {
        _0 = aspis_v8_performance_host::circle_norm::joined_inverse::line_norm::r110_norm::B { 0: const 0u32 };
        return;
    }
}

pub fn core::iter::range::{impl core::iter::traits::iterator::Iterator for core::ops::range::Range<A>}::next<'_0, A>(_1: &'_0 mut core::ops::range::Range<A>) -> core::option::Option<A>
where
    TraitClause0: (A: core::iter::range::Step),
= <opaque>

pub fn core::iter::range::{impl core::iter::range::Step for usize}::steps_between<'_0, '_1>(_1: &'_0 usize, _2: &'_1 usize) -> (usize, core::option::Option<usize>)
= <opaque>

pub fn core::iter::range::{impl core::iter::range::Step for usize}::forward_checked(_1: usize, _2: usize) -> core::option::Option<usize>
= <opaque>

pub fn core::iter::range::{impl core::iter::range::Step for usize}::backward_checked(_1: usize, _2: usize) -> core::option::Option<usize>
= <opaque>

pub fn core::iter::range::{impl core::iter::traits::double_ended::DoubleEndedIterator for core::ops::range::Range<A>}::next_back<'_0, A>(_1: &'_0 mut core::ops::range::Range<A>) -> core::option::Option<A>
where
    TraitClause0: (A: core::iter::range::Step),
= <opaque>

pub fn core::iter::adapters::rev::{impl core::iter::traits::iterator::Iterator for core::iter::adapters::rev::Rev<I>}::try_fold<'_0, I, B, F, R>(_1: &'_0 mut core::iter::adapters::rev::Rev<I>, _2: B, _3: F) -> R
where
    TraitClause0: (I: core::iter::traits::double_ended::DoubleEndedIterator),
    TraitClause1: (F: core::ops::function::FnMut<(B, TraitClause0::ImpliedClause0::Item)>),
    TraitClause2: (R: core::ops::try_trait::Try),
    TypeConstraint0: TraitClause1::ImpliedClause0::Output = R,
    TypeConstraint1: TraitClause2::Output = B,
= <opaque>

pub fn core::slice::index::{impl core::slice::index::SliceIndex<[T]> for usize}::get<'_0, T>(_1: usize, _2: &'_0 [T]) -> core::option::Option<&'_0 T>
= <opaque>

pub fn core::slice::index::{impl core::slice::index::SliceIndex<[T]> for usize}::get_mut<'_0, T>(_1: usize, _2: &'_0 mut [T]) -> core::option::Option<&'_0 mut T>
= <opaque>

pub unsafe fn core::slice::index::{impl core::slice::index::SliceIndex<[T]> for usize}::get_unchecked<T>(_1: usize, _2: *const [T]) -> *const T
= <opaque>

pub unsafe fn core::slice::index::{impl core::slice::index::SliceIndex<[T]> for usize}::get_unchecked_mut<T>(_1: usize, _2: *mut [T]) -> *mut T
= <opaque>

pub fn core::slice::index::{impl core::slice::index::SliceIndex<[T]> for usize}::index<'_0, T>(_1: usize, _2: &'_0 [T]) -> &'_0 T
= <opaque>

pub fn core::slice::index::{impl core::slice::index::SliceIndex<[T]> for usize}::index_mut<'_0, T>(_1: usize, _2: &'_0 mut [T]) -> &'_0 mut T
= <opaque>

unsafe fn aspis_v8_performance_host::<tuple_2>::{impl core::marker::Destruct for (A, B)}::drop_glue<'_0, A, B>(_1: &'_0 mut (A, B))
{
    let _0: (); // return
    let _1: &'1 mut (A, B); // arg #1

    bb0: {
        goto bb1;
    }

    bb1: {
        drop[{built_in impl core::marker::Destruct for A}::drop_glue<'2>] (*_1).0 -> bb2 (unwind: bb3);
    }

    bb2: {
        drop[{built_in impl core::marker::Destruct for B}::drop_glue<'3>] (*_1).1 -> bb4 (unwind: bb5);
    }

    bb3: {
        drop[{built_in impl core::marker::Destruct for B}::drop_glue<'4>] (*_1).1 -> bb5 (unwind: bb6);
    }

    bb4: {
        goto bb7;
    }

    bb5: {
        unwind_continue;
    }

    bb6: {
        unwind_terminate;
    }

    bb7: {
        return;
    }
}

pub fn aspis_v8_performance_host::circle_norm::joined_inverse::line_norm::r110_norm::{impl core::cmp::PartialEq<aspis_v8_performance_host::circle_norm::joined_inverse::line_norm::r110_norm::B> for aspis_v8_performance_host::circle_norm::joined_inverse::line_norm::r110_norm::B}::eq<'_0, '_1>(self: &'_0 aspis_v8_performance_host::circle_norm::joined_inverse::line_norm::r110_norm::B, other: &'_1 aspis_v8_performance_host::circle_norm::joined_inverse::line_norm::r110_norm::B) -> bool
{
    let _0: bool; // return
    let self: &'1 aspis_v8_performance_host::circle_norm::joined_inverse::line_norm::r110_norm::B; // arg #1
    let other: &'2 aspis_v8_performance_host::circle_norm::joined_inverse::line_norm::r110_norm::B; // arg #2
    let _3: u32; // anonymous local
    let _4: u32; // anonymous local

    bb0: {
        storage_live(_3);
        _3 = copy ((*self)).0;
        storage_live(_4);
        _4 = copy ((*other)).0;
        _0 = move _3 == move _4;
        storage_dead(_4);
        storage_dead(_3);
        return;
    }
}

fn core::num::{usize}::unchecked_sub::precondition_check(_1: usize, _2: usize)
= <opaque>

fn core::iter::traits::iterator::Iterator::any::check::{impl core::ops::function::FnOnce<((), T)> for core::iter::traits::iterator::Iterator::any::check::closure<T, T1>[TraitClause0]}::call_once<T, T1>(_1: core::iter::traits::iterator::Iterator::any::check::closure<T, T1>[TraitClause0], _2: ((), T)) -> core::ops::control_flow::ControlFlow<(), ()>
where
    TraitClause0: (T1: core::ops::function::FnMut<(T,)>),
    TypeConstraint0: TraitClause0::ImpliedClause0::Output = bool,
{
    let _0: core::ops::control_flow::ControlFlow<(), ()>; // return
    let _1: core::iter::traits::iterator::Iterator::any::check::closure<T, T1>[TraitClause0]; // arg #1
    let _2: ((), T); // arg #2
    let _3: &'1 mut core::iter::traits::iterator::Iterator::any::check::closure<T, T1>[TraitClause0]; // anonymous local

    bb0: {
        _3 = &mut _1;
        _0 = core::iter::traits::iterator::Iterator::any::check::{impl core::ops::function::FnMut<((), T)> for core::iter::traits::iterator::Iterator::any::check::closure<T, T1>[TraitClause0]}<T, T1>[TraitClause0]::call_mut<'2>(move _3, move _2) -> bb2 (unwind: bb1);
    }

    bb1: {
        drop[core::iter::traits::iterator::Iterator::any::check::closure::{impl core::marker::Destruct for core::iter::traits::iterator::Iterator::any::check::closure<T, T1>[TraitClause0]}<T, T1>[TraitClause0]::drop_glue<'3>] _1 -> bb3 (unwind: bb4);
    }

    bb2: {
        drop[core::iter::traits::iterator::Iterator::any::check::closure::{impl core::marker::Destruct for core::iter::traits::iterator::Iterator::any::check::closure<T, T1>[TraitClause0]}<T, T1>[TraitClause0]::drop_glue<'4>] _1 -> bb5 (unwind: bb6);
    }

    bb3: {
        unwind_continue;
    }

    bb4: {
        unwind_terminate;
    }

    bb5: {
        return;
    }

    bb6: {
        unwind_continue;
    }
}

fn core::iter::traits::iterator::Iterator::any::check::{impl core::ops::function::FnMut<((), T)> for core::iter::traits::iterator::Iterator::any::check::closure<T, T1>[TraitClause0]}::call_mut<'_0, T, T1>(_1: &'_0 mut core::iter::traits::iterator::Iterator::any::check::closure<T, T1>[TraitClause0], tupled_args: ((), T)) -> core::ops::control_flow::ControlFlow<(), ()>
where
    TraitClause0: (T1: core::ops::function::FnMut<(T,)>),
    TypeConstraint0: TraitClause0::ImpliedClause0::Output = bool,
{
    let _0: core::ops::control_flow::ControlFlow<(), ()>; // return
    let _1: &'1 mut core::iter::traits::iterator::Iterator::any::check::closure<T, T1>[TraitClause0]; // arg #1
    let tupled_args: ((), T); // arg #2
    let _3: (); // anonymous local
    let x: T; // local
    let _5: bool; // anonymous local
    let _6: &'3 mut T1; // anonymous local
    let _7: (T,); // anonymous local

    bb0: {
        _3 = move tupled_args.0;
        x = move tupled_args.1;
        storage_live(_5);
        storage_live(_6);
        _6 = &mut ((*_1)).0;
        storage_live(_7);
        _7 = (copy x,);
        _5 = TraitClause0::call_mut<'4>(move _6, move _7) -> bb2 (unwind: bb1);
    }

    bb1: {
        unwind_continue;
    }

    bb2: {
        if move _5 -> bb3 else -> bb4;
    }

    bb3: {
        storage_dead(_7);
        storage_dead(_6);
        _0 = const core::ops::control_flow::ControlFlow::Break { 0: () };
        goto bb5;
    }

    bb4: {
        storage_dead(_7);
        storage_dead(_6);
        _0 = const core::ops::control_flow::ControlFlow::Continue { 0: () };
        goto bb5;
    }

    bb5: {
        storage_dead(_5);
        return;
    }
}

unsafe fn core::iter::traits::iterator::Iterator::any::check::closure::{impl core::marker::Destruct for core::iter::traits::iterator::Iterator::any::check::closure<T, T1>[TraitClause0]}::drop_glue<'_0, T, T1>(_1: &'_0 mut core::iter::traits::iterator::Iterator::any::check::closure<T, T1>[TraitClause0])
where
    TraitClause0: (T1: core::ops::function::FnMut<(T,)>),
    TypeConstraint0: TraitClause0::ImpliedClause0::Output = bool,
{
    let _0: (); // return
    let _1: &'1 mut core::iter::traits::iterator::Iterator::any::check::closure<T, T1>[TraitClause0]; // arg #1

    bb0: {
        goto bb1;
    }

    bb1: {
        drop[{built_in impl core::marker::Destruct for T1}::drop_glue<'2>] ((*_1)).0 -> bb2 (unwind: bb3);
    }

    bb2: {
        goto bb4;
    }

    bb3: {
        unwind_continue;
    }

    bb4: {
        return;
    }
}

pub fn core::ops::control_flow::{impl core::ops::try_trait::Try for core::ops::control_flow::ControlFlow<B, C>}::from_output<B, C>(output: C) -> core::ops::control_flow::ControlFlow<B, C>
{
    let _0: core::ops::control_flow::ControlFlow<B, C>; // return
    let output: C; // arg #1

    bb0: {
        _0 = core::ops::control_flow::ControlFlow::Continue { 0: copy output };
        return;
    }
}

pub fn core::ops::control_flow::{impl core::ops::try_trait::Try for core::ops::control_flow::ControlFlow<B, C>}::branch<B, C>(self: core::ops::control_flow::ControlFlow<B, C>) -> core::ops::control_flow::ControlFlow<core::ops::control_flow::ControlFlow<B, core::convert::Infallible>, C>
{
    let _0: core::ops::control_flow::ControlFlow<core::ops::control_flow::ControlFlow<B, core::convert::Infallible>, C>; // return
    let self: core::ops::control_flow::ControlFlow<B, C>; // arg #1
    let _2: isize; // anonymous local
    let c: C; // local
    let b: B; // local
    let _5: core::ops::control_flow::ControlFlow<B, core::convert::Infallible>; // anonymous local

    bb0: {
        _2 = @discriminant(self);
        switch move _2 -> 0isize: bb1, 1isize: bb2, otherwise: bb3;
    }

    bb1: {
        storage_live(c);
        c = move (self as variant core::ops::control_flow::ControlFlow::Continue).0;
        _0 = core::ops::control_flow::ControlFlow::Continue { 0: copy c };
        storage_dead(c);
        goto bb4;
    }

    bb2: {
        storage_live(b);
        b = move (self as variant core::ops::control_flow::ControlFlow::Break).0;
        storage_live(_5);
        _5 = core::ops::control_flow::ControlFlow::Break { 0: copy b };
        _0 = core::ops::control_flow::ControlFlow::Break { 0: move _5 };
        storage_dead(_5);
        storage_dead(b);
        goto bb4;
    }

    bb3: {
        undefined_behavior;
    }

    bb4: {
        return;
    }
}

pub fn core::cmp::impls::{impl core::cmp::PartialEq<()> for ()}::eq<'_0, '_1>(_1: &'_0 (), _2: &'_1 ()) -> bool
= <opaque>

fn core::iter::traits::iterator::Iterator::any::{promoted_const}<Self, F>() -> &'_ core::ops::control_flow::ControlFlow<(), ()>
where
    TraitClause0: (Self: core::iter::traits::iterator::Iterator),
    TraitClause1: (F: core::ops::function::FnMut<(TraitClause0::Item,)>),
    TypeConstraint0: TraitClause1::ImpliedClause0::Output = bool,
{
    let _0: &'0 core::ops::control_flow::ControlFlow<(), ()>; // return
    let _1: core::ops::control_flow::ControlFlow<(), ()>; // anonymous local
    let _2: (); // anonymous local

    bb0: {
        _2 = ();
        _1 = core::ops::control_flow::ControlFlow::Break { 0: move _2 };
        _0 = &_1;
        return;
    }
}

fn core::iter::adapters::chain::and_then_or_clear<'_0, T, U, T2>(_1: &'_0 mut core::option::Option<T>, _2: T2) -> core::option::Option<U>
where
    TraitClause0: for<'_0_1> (T2: core::ops::function::FnOnce<(&'_0_1 mut T,)>),
    TypeConstraint0: for<'_0_1> TraitClause0::Output = core::option::Option<U>,
= <opaque>

pub fn core::option::{core::option::Option<T>}::or_else<T, F>(self: core::option::Option<T>, f: F) -> core::option::Option<T>
where
    TraitClause0: (F: core::ops::function::FnOnce<()>),
    TraitClause1: (F: core::marker::Destruct),
    TraitClause2: (T: core::marker::Destruct),
    TypeConstraint0: TraitClause0::Output = core::option::Option<T>,
{
    let x: core::option::Option<T>; // return
    let self: core::option::Option<T>; // arg #1
    let f: F; // arg #2
    let _3: isize; // anonymous local
    let _4: F; // anonymous local
    let _5: bool; // anonymous local

    bb0: {
        _5 = const true;
        _3 = @discriminant(self);
        switch move _3 -> 0isize: bb1, 1isize: bb2, otherwise: bb3;
    }

    bb1: {
        storage_live(_4);
        _4 = move f;
        x = TraitClause0::call_once(move _4, const ()) -> bb5 (unwind: bb4);
    }

    bb2: {
        _5 = const false;
        x = move self;
        drop[TraitClause1::drop_glue<'0>] f -> bb6 (unwind: bb4);
    }

    bb3: {
        undefined_behavior;
    }

    bb4: {
        if copy _5 -> bb7 else -> bb8;
    }

    bb5: {
        storage_dead(_4);
        drop[core::option::Option::{impl core::marker::Destruct for core::option::Option<T>}<T>::drop_glue<'1>] self -> bb6 (unwind: bb9);
    }

    bb6: {
        return;
    }

    bb7: {
        drop[core::option::Option::{impl core::marker::Destruct for core::option::Option<T>}<T>::drop_glue<'2>] self -> bb8 (unwind: bb10);
    }

    bb8: {
        unwind_continue;
    }

    bb9: {
        unwind_continue;
    }

    bb10: {
        unwind_terminate;
    }
}

fn aspis_v8_performance_host::circle_norm::joined_inverse::line_norm::r110_norm::P110() -> u32
{
    let _0: u32; // return

    bb0: {
        _0 = const 2147483647u32;
        return;
    }
}

pub fn aspis_core::field::{aspis_core::field::M31}::mul(self: aspis_core::field::M31, rhs: aspis_core::field::M31) -> aspis_core::field::M31
{
    let _0: aspis_core::field::M31; // return
    let self: aspis_core::field::M31; // arg #1
    let rhs: aspis_core::field::M31; // arg #2
    let _3: bool; // anonymous local
    let _4: u32; // anonymous local
    let _5: bool; // anonymous local
    let _6: u32; // anonymous local
    let x: u64; // local
    let _8: u64; // anonymous local
    let _9: u32; // anonymous local
    let _10: u64; // anonymous local
    let _11: u32; // anonymous local
    let s: u64; // local
    let _13: u64; // anonymous local
    let _14: u64; // anonymous local
    let _15: u64; // anonymous local
    let _16: u64; // anonymous local
    let _17: u64; // anonymous local
    let _18: u32; // anonymous local
    let _19: bool; // anonymous local
    let _20: u64; // anonymous local
    let _21: u64; // anonymous local
    let _22: u64; // anonymous local
    let _23: u64; // anonymous local
    let _24: u64; // anonymous local
    let _25: u64; // anonymous local
    let _26: u32; // anonymous local
    let _27: u64; // anonymous local
    let _28: u64; // anonymous local
    let _29: u32; // anonymous local
    let _30: u64; // anonymous local
    let _31: u32; // anonymous local

    bb0: {
        storage_live(_3);
        storage_live(_4);
        _4 = copy (self).0;
        _3 = move _4 < const aspis_core::field::P;
        if move _3 -> bb1 else -> bb2;
    }

    bb1: {
        storage_dead(_4);
        storage_live(_5);
        storage_live(_6);
        _6 = copy (rhs).0;
        _5 = move _6 < const aspis_core::field::P;
        if move _5 -> bb3 else -> bb4;
    }

    bb2: {
        storage_dead(_4);
        goto bb5;
    }

    bb3: {
        storage_dead(_6);
        storage_live(x);
        storage_live(_8);
        storage_live(_9);
        _9 = copy (self).0;
        _8 = cast<u32, u64>(move _9);
        storage_dead(_9);
        storage_live(_10);
        storage_live(_11);
        _11 = copy (rhs).0;
        _10 = cast<u32, u64>(move _11);
        storage_dead(_11);
        x = move _8 wrap.* move _10;
        storage_dead(_10);
        storage_dead(_8);
        storage_live(s);
        storage_live(_13);
        storage_live(_14);
        _14 = copy x;
        storage_live(_15);
        _15 = cast<u32, u64>(const aspis_core::field::P);
        _13 = move _14 & move _15;
        storage_dead(_15);
        storage_dead(_14);
        storage_live(_16);
        storage_live(_17);
        _17 = copy x;
        _16 = move _17 wrap.>> const 31i32;
        storage_dead(_17);
        s = move _13 wrap.+ move _16;
        storage_dead(_16);
        storage_dead(_13);
        storage_live(_18);
        storage_live(_19);
        storage_live(_20);
        _20 = copy s;
        storage_live(_21);
        _21 = cast<u32, u64>(const aspis_core::field::P);
        _19 = move _20 >= move _21;
        if move _19 -> bb6 else -> bb7;
    }

    bb4: {
        storage_dead(_6);
        goto bb5;
    }

    bb5: {
        storage_live(_26);
        storage_live(_27);
        storage_live(_28);
        storage_live(_29);
        _29 = copy (self).0;
        _28 = cast<u32, u64>(move _29);
        storage_dead(_29);
        storage_live(_30);
        storage_live(_31);
        _31 = copy (rhs).0;
        _30 = cast<u32, u64>(move _31);
        storage_dead(_31);
        _27 = move _28 wrap.* move _30;
        storage_dead(_30);
        storage_dead(_28);
        _26 = aspis_core::field::reduce_u64(move _27) -> bb9 (unwind: bb8);
    }

    bb6: {
        storage_dead(_21);
        storage_dead(_20);
        storage_live(_22);
        storage_live(_23);
        _23 = copy s;
        storage_live(_24);
        _24 = cast<u32, u64>(const aspis_core::field::P);
        _22 = move _23 wrap.- move _24;
        storage_dead(_24);
        storage_dead(_23);
        _18 = cast<u64, u32>(move _22);
        storage_dead(_22);
        goto bb10;
    }

    bb7: {
        storage_dead(_21);
        storage_dead(_20);
        storage_live(_25);
        _25 = copy s;
        _18 = cast<u64, u32>(move _25);
        storage_dead(_25);
        goto bb10;
    }

    bb8: {
        unwind_continue;
    }

    bb9: {
        storage_dead(_27);
        _0 = aspis_core::field::M31 { 0: move _26 };
        storage_dead(_26);
        goto bb11;
    }

    bb10: {
        storage_dead(_19);
        _0 = aspis_core::field::M31 { 0: move _18 };
        storage_dead(_18);
        storage_dead(s);
        storage_dead(x);
        goto bb11;
    }

    bb11: {
        storage_dead(_5);
        storage_dead(_3);
        return;
    }
}

pub fn core::fmt::{core::fmt::Arguments<'a>}::from_str<'a>(_1: &'static str) -> core::fmt::Arguments<'a>
= <opaque>

fn aspis_core::field::square_n(value: aspis_core::field::M31, count: usize) -> aspis_core::field::M31
{
    let _0: aspis_core::field::M31; // return
    let value: aspis_core::field::M31; // arg #1
    let count: usize; // arg #2
    let _3: (); // anonymous local
    let _4: core::ops::range::Range<usize>; // anonymous local
    let _5: core::ops::range::Range<usize>; // anonymous local
    let _6: usize; // anonymous local
    let iter: core::ops::range::Range<usize>; // local
    let _8: (); // anonymous local
    let _9: (); // anonymous local
    let _10: core::option::Option<usize>; // anonymous local
    let _11: &'1 mut core::ops::range::Range<usize>; // anonymous local
    let _12: &'2 mut core::ops::range::Range<usize>; // anonymous local
    let _13: isize; // anonymous local
    let _14: !; // anonymous local
    let _15: aspis_core::field::M31; // anonymous local
    let _16: aspis_core::field::M31; // anonymous local
    let _17: aspis_core::field::M31; // anonymous local

    bb0: {
        storage_live(_3);
        storage_live(_4);
        storage_live(_5);
        storage_live(_6);
        _6 = copy count;
        _5 = core::ops::range::Range { start: const 0usize, end: move _6 };
        storage_dead(_6);
        _4 = core::iter::traits::collect::{impl core::iter::traits::collect::IntoIterator for I}::into_iter<core::ops::range::Range<usize>>[core::iter::range::{impl core::iter::traits::iterator::Iterator for core::ops::range::Range<A>}<usize>[core::iter::range::{impl core::iter::range::Step for usize}]](move _5) -> bb2 (unwind: bb1);
    }

    bb1: {
        unwind_continue;
    }

    bb2: {
        storage_dead(_5);
        storage_live(iter);
        iter = move _4;
        goto bb3;
    }

    bb3: {
        storage_live(_9);
        storage_live(_10);
        storage_live(_11);
        storage_live(_12);
        _12 = &mut iter;
        _11 = &two-phase-mut (*_12);
        _10 = core::iter::range::{impl core::iter::traits::iterator::Iterator for core::ops::range::Range<A>}::next<'4, usize>[core::iter::range::{impl core::iter::range::Step for usize}](move _11) -> bb5 (unwind: bb4);
    }

    bb4: {
        unwind_continue;
    }

    bb5: {
        storage_dead(_11);
        _13 = @discriminant(_10);
        switch move _13 -> 0isize: bb6, 1isize: bb7, otherwise: bb8;
    }

    bb6: {
        _3 = const ();
        storage_dead(_12);
        storage_dead(_10);
        storage_dead(_9);
        storage_dead(iter);
        storage_dead(_4);
        storage_dead(_3);
        _0 = copy value;
        return;
    }

    bb7: {
        storage_live(_15);
        storage_live(_16);
        _16 = copy value;
        storage_live(_17);
        _17 = copy value;
        _15 = aspis_core::field::{aspis_core::field::M31}::mul(move _16, move _17) -> bb10 (unwind: bb9);
    }

    bb8: {
        undefined_behavior;
    }

    bb9: {
        unwind_continue;
    }

    bb10: {
        storage_dead(_17);
        storage_dead(_16);
        value = move _15;
        storage_dead(_15);
        _9 = const ();
        storage_dead(_12);
        storage_dead(_10);
        storage_dead(_9);
        _8 = const ();
        goto bb3;
    }
}

pub fn core::clone::impls::{impl core::clone::Clone for usize}::clone<'_0>(_1: &'_0 usize) -> usize
= <opaque>

pub fn core::cmp::impls::{impl core::cmp::PartialOrd<usize> for usize}::partial_cmp<'_0, '_1>(_1: &'_0 usize, _2: &'_1 usize) -> core::option::Option<core::cmp::Ordering>
= <opaque>

unsafe fn aspis_v8_performance_host::circle_norm::joined_inverse::line_norm::r110_norm::batch::closure::{impl core::marker::Destruct for aspis_v8_performance_host::circle_norm::joined_inverse::line_norm::r110_norm::batch::closure}::drop_glue<'_0>(_1: &'_0 mut aspis_v8_performance_host::circle_norm::joined_inverse::line_norm::r110_norm::batch::closure)
{
    let _0: (); // return
    let _1: &'1 mut aspis_v8_performance_host::circle_norm::joined_inverse::line_norm::r110_norm::batch::closure; // arg #1

    bb0: {
        goto bb1;
    }

    bb1: {
        goto bb2;
    }

    bb2: {
        return;
    }
}

pub fn core::mem::SizedTypeProperties::IS_ZST<Self>() -> bool
where
    TraitClause0: (Self: core::mem::SizedTypeProperties),
= <opaque>

pub fn core::ops::control_flow::{impl core::ops::try_trait::FromResidual<core::ops::control_flow::ControlFlow<B, core::convert::Infallible>> for core::ops::control_flow::ControlFlow<B, C>}::from_residual<B, C>(residual: core::ops::control_flow::ControlFlow<B, core::convert::Infallible>) -> core::ops::control_flow::ControlFlow<B, C>
{
    let _0: core::ops::control_flow::ControlFlow<B, C>; // return
    let residual: core::ops::control_flow::ControlFlow<B, core::convert::Infallible>; // arg #1
    let _2: isize; // anonymous local
    let _3: B; // anonymous local
    let _4: bool; // anonymous local

    bb0: {
        _2 = @discriminant(residual);
        _4 = copy _2 == const 1isize;
        assert(move _4 == true) else undefined_behavior;
        storage_live(_3);
        _3 = move (residual as variant core::ops::control_flow::ControlFlow::Break).0;
        _0 = core::ops::control_flow::ControlFlow::Break { 0: copy _3 };
        storage_dead(_3);
        return;
    }
}

fn core::iter::adapters::chain::{impl core::iter::traits::iterator::Iterator for core::iter::adapters::chain::Chain<A, B>}::next::{impl core::ops::function::FnOnce<()> for core::iter::adapters::chain::{impl core::iter::traits::iterator::Iterator for core::iter::adapters::chain::Chain<A, B>}::next::closure<'_0, A, B>[TraitClause0, TraitClause1]}::call_once<'_0, A, B>(_1: core::iter::adapters::chain::{impl core::iter::traits::iterator::Iterator for core::iter::adapters::chain::Chain<A, B>}::next::closure<'_0, A, B>[TraitClause0, TraitClause1], tupled_args: ()) -> core::option::Option<TraitClause0::Item>
where
    TraitClause0: (A: core::iter::traits::iterator::Iterator),
    TraitClause1: (B: core::iter::traits::iterator::Iterator),
    TypeConstraint0: TraitClause1::Item = TraitClause0::Item,
{
    let _0: core::option::Option<TraitClause0::Item>; // return
    let _1: core::iter::adapters::chain::{impl core::iter::traits::iterator::Iterator for core::iter::adapters::chain::Chain<A, B>}::next::closure<'_0, A, B>[TraitClause0, TraitClause1]; // arg #1
    let tupled_args: (); // arg #2
    let _3: core::ops::control_flow::ControlFlow<core::option::Option<core::convert::Infallible>, &'2 mut B>; // anonymous local
    let self_4: core::option::Option<&'4 mut B>; // local
    let _5: core::option::Option<core::convert::Infallible>; // anonymous local
    let val: &'5 mut B; // local
    let self_7: &'6 mut core::option::Option<B>; // local
    let _8: isize; // anonymous local
    let x: &'7 mut B; // local
    let v: &'8 mut B; // local
    let _11: isize; // anonymous local
    let _12: bool; // anonymous local

    bb0: {
        storage_live(_3);
        storage_live(self_4);
        self_7 = copy (_1).0;
        storage_live(_8);
        _8 = @discriminant((*self_7));
        switch move _8 -> 0isize: bb1, 1isize: bb2, otherwise: bb3;
    }

    bb1: {
        self_4 = const core::option::Option::None {  };
        storage_dead(_8);
        storage_dead(self_4);
        storage_live(_11);
        storage_live(_12);
        _11 = @discriminant(_5);
        _12 = copy _11 == const 0isize;
        assert(move _12 == true) else undefined_behavior;
        _0 = core::option::Option::None {  };
        storage_dead(_12);
        storage_dead(_11);
        storage_dead(_3);
        goto bb4;
    }

    bb2: {
        storage_live(x);
        x = &mut ((*self_7) as variant core::option::Option::Some).0;
        self_4 = core::option::Option::Some { 0: copy x };
        storage_dead(x);
        storage_dead(_8);
        storage_live(v);
        v = copy (self_4 as variant core::option::Option::Some).0;
        _3 = core::ops::control_flow::ControlFlow::Continue { 0: copy v };
        storage_dead(v);
        storage_dead(self_4);
        val = copy (_3 as variant core::ops::control_flow::ControlFlow::Continue).0;
        _0 = TraitClause1::next<'17>(move val) -> bb6 (unwind: bb5);
    }

    bb3: {
        undefined_behavior;
    }

    bb4: {
        return;
    }

    bb5: {
        unwind_continue;
    }

    bb6: {
        storage_dead(_3);
        goto bb4;
    }
}

unsafe fn core::iter::adapters::chain::{impl core::iter::traits::iterator::Iterator for core::iter::adapters::chain::Chain<A, B>}::next::closure::{impl core::marker::Destruct for core::iter::adapters::chain::{impl core::iter::traits::iterator::Iterator for core::iter::adapters::chain::Chain<A, B>}::next::closure<'_0, A, B>[TraitClause0, TraitClause1]}::drop_glue<'_0, '_1, A, B>(_1: &'_1 mut core::iter::adapters::chain::{impl core::iter::traits::iterator::Iterator for core::iter::adapters::chain::Chain<A, B>}::next::closure<'_0, A, B>[TraitClause0, TraitClause1])
where
    TraitClause0: (A: core::iter::traits::iterator::Iterator),
    TraitClause1: (B: core::iter::traits::iterator::Iterator),
    TypeConstraint0: TraitClause1::Item = TraitClause0::Item,
{
    let _0: (); // return
    let _1: &'1 mut core::iter::adapters::chain::{impl core::iter::traits::iterator::Iterator for core::iter::adapters::chain::Chain<A, B>}::next::closure<'_0, A, B>[TraitClause0, TraitClause1]; // arg #1

    bb0: {
        goto bb1;
    }

    bb1: {
        goto bb2;
    }

    bb2: {
        return;
    }
}

pub extern "rust-call" fn core::ops::function::impls::{impl core::ops::function::FnMut<A> for &'_0 mut F}::call_mut<'_0, '_1, A, F>(_1: &'_1 mut &'_0 mut F, _2: A) -> TraitClause0::ImpliedClause0::Output
where
    TraitClause0: (F: core::ops::function::FnMut<A>),
= <opaque>

unsafe fn core::option::Option::{impl core::marker::Destruct for core::option::Option<T>}::drop_glue<'_0, T>(_1: &'_0 mut core::option::Option<T>)
{
    let _0: (); // return
    let _1: &'1 mut core::option::Option<T>; // arg #1
    let _2: isize; // anonymous local
    let _3: isize; // anonymous local

    bb0: {
        goto bb1;
    }

    bb1: {
        _2 = @discriminant((*_1));
        switch move _2 -> 0isize: bb2, otherwise: bb3;
    }

    bb2: {
        goto bb4;
    }

    bb3: {
        drop[{built_in impl core::marker::Destruct for T}::drop_glue<'2>] ((*_1) as variant core::option::Option::Some).0 -> bb2 (unwind: bb5);
    }

    bb4: {
        return;
    }

    bb5: {
        unwind_continue;
    }
}

fn aspis_core::field::reduce_u64(x_1: u64) -> u32
{
    let _0: u32; // return
    let x_1: u64; // arg #1
    let x_2: u64; // local
    let _3: u64; // anonymous local
    let _4: u64; // anonymous local
    let _5: u64; // anonymous local
    let _6: u64; // anonymous local
    let _7: u64; // anonymous local
    let x_8: u64; // local
    let _9: u64; // anonymous local
    let _10: u64; // anonymous local
    let _11: u64; // anonymous local
    let _12: u64; // anonymous local
    let _13: u64; // anonymous local
    let x_14: u32; // local
    let _15: u64; // anonymous local
    let _16: bool; // anonymous local
    let _17: u32; // anonymous local
    let _18: u32; // anonymous local

    bb0: {
        storage_live(x_2);
        storage_live(_3);
        storage_live(_4);
        _4 = copy x_1;
        storage_live(_5);
        _5 = cast<u32, u64>(const aspis_core::field::P);
        _3 = move _4 & move _5;
        storage_dead(_5);
        storage_dead(_4);
        storage_live(_6);
        storage_live(_7);
        _7 = copy x_1;
        _6 = move _7 wrap.>> const 31u32;
        storage_dead(_7);
        x_2 = move _3 wrap.+ move _6;
        storage_dead(_6);
        storage_dead(_3);
        storage_live(x_8);
        storage_live(_9);
        storage_live(_10);
        _10 = copy x_2;
        storage_live(_11);
        _11 = cast<u32, u64>(const aspis_core::field::P);
        _9 = move _10 & move _11;
        storage_dead(_11);
        storage_dead(_10);
        storage_live(_12);
        storage_live(_13);
        _13 = copy x_2;
        _12 = move _13 wrap.>> const 31u32;
        storage_dead(_13);
        x_8 = move _9 wrap.+ move _12;
        storage_dead(_12);
        storage_dead(_9);
        storage_live(x_14);
        storage_live(_15);
        _15 = copy x_8;
        x_14 = cast<u64, u32>(move _15);
        storage_dead(_15);
        storage_live(_16);
        storage_live(_17);
        _17 = copy x_14;
        _16 = move _17 >= const aspis_core::field::P;
        if move _16 -> bb1 else -> bb2;
    }

    bb1: {
        storage_dead(_17);
        storage_live(_18);
        _18 = copy x_14;
        _0 = move _18 wrap.- const aspis_core::field::P;
        storage_dead(_18);
        goto bb3;
    }

    bb2: {
        storage_dead(_17);
        _0 = copy x_14;
        goto bb3;
    }

    bb3: {
        storage_dead(_16);
        storage_dead(x_14);
        storage_dead(x_8);
        storage_dead(x_2);
        return;
    }
}

pub fn core::cmp::impls::{impl core::cmp::PartialEq<usize> for usize}::eq<'_0, '_1>(_1: &'_0 usize, _2: &'_1 usize) -> bool
= <opaque>

pub fn core::num::niche_types::{impl core::clone::Clone for core::num::niche_types::NonZeroUsizeInner}::clone<'_0>(_1: &'_0 core::num::niche_types::NonZeroUsizeInner) -> core::num::niche_types::NonZeroUsizeInner
= <opaque>

#[lang_item("mem_size_const")]
pub fn core::mem::SizedTypeProperties::SIZE<Self>() -> usize
where
    TraitClause0: (Self: core::mem::SizedTypeProperties),
= <opaque>

#[lang_item("mem_align_const")]
pub fn core::mem::SizedTypeProperties::ALIGN<Self>() -> usize
where
    TraitClause0: (Self: core::mem::SizedTypeProperties),
= <opaque>

pub fn core::mem::SizedTypeProperties::ALIGNMENT<Self>() -> core::mem::alignment::Alignment
where
    TraitClause0: (Self: core::mem::SizedTypeProperties),
= <opaque>

pub fn core::mem::SizedTypeProperties::LAYOUT<Self>() -> core::alloc::layout::Layout
where
    TraitClause0: (Self: core::mem::SizedTypeProperties),
= <opaque>

pub fn core::mem::SizedTypeProperties::MAX_SLICE_LEN<Self>() -> usize
where
    TraitClause0: (Self: core::mem::SizedTypeProperties),
= <opaque>

pub extern "rust-call" fn core::ops::function::impls::{impl core::ops::function::FnOnce<A> for &'_0 mut F}::call_once<'_0, A, F>(_1: &'_0 mut F, _2: A) -> TraitClause0::ImpliedClause0::Output
where
    TraitClause0: (F: core::ops::function::FnMut<A>),
= <opaque>

pub fn aspis_core::field::P() -> u32
{
    let _0: u32; // return

    bb0: {
        _0 = const 2147483647u32;
        return;
    }
}



