Warning: Permanently added '100.108.41.90' (ED25519) to the list of known hosts.
Running as unit: aspis-r151-query-schedule-extract.service; invocation ID: dc0c49067bcf4f8595f91ac5df6a2b58
warning: unexpected `cfg` condition value: `solana`
   --> /home/dombarker/project-offloads/aspis-r20-r117-primal-20260930-a/crates/aspis-core/src/circle_prefix.rs:585:11
    |
585 | #[cfg(not(target_os = "solana"))]
    |           ^^^^^^^^^^^^^^^^^^^^
    |
    = note: expected values for `target_os` are: `aix`, `amdhsa`, `android`, `cuda`, `cygwin`, `dragonfly`, `emscripten`, `espidf`, `freebsd`, `fuchsia`, `haiku`, `helenos`, `hermit`, `horizon`, `hurd`, `illumos`, `ios`, `l4re`, `linux`, `lynxos178`, `macos`, `managarm`, `motor`, `netbsd`, `none`, `nto`, `nuttx`, `openbsd`, `psp`, `psx`, `qurt`, `redox`, `rtems`, `solaris`, and `solid_asp3` and 14 more
    = note: see <https://doc.rust-lang.org/nightly/rustc/check-cfg/cargo-specifics.html> for more information about checking conditional configuration
    = note: `#[warn(unexpected_cfgs)]` on by default

warning: unexpected `cfg` condition value: `solana`
   --> /home/dombarker/project-offloads/aspis-r20-r117-primal-20260930-a/crates/aspis-core/src/circle_prefix.rs:594:11
    |
594 | #[cfg(not(target_os = "solana"))]
    |           ^^^^^^^^^^^^^^^^^^^^
    |
    = note: expected values for `target_os` are: `aix`, `amdhsa`, `android`, `cuda`, `cygwin`, `dragonfly`, `emscripten`, `espidf`, `freebsd`, `fuchsia`, `haiku`, `helenos`, `hermit`, `horizon`, `hurd`, `illumos`, `ios`, `l4re`, `linux`, `lynxos178`, `macos`, `managarm`, `motor`, `netbsd`, `none`, `nto`, `nuttx`, `openbsd`, `psp`, `psx`, `qurt`, `redox`, `rtems`, `solaris`, and `solid_asp3` and 14 more
    = note: see <https://doc.rust-lang.org/nightly/rustc/check-cfg/cargo-specifics.html> for more information about checking conditional configuration

warning: unexpected `cfg` condition value: `solana`
   --> /home/dombarker/project-offloads/aspis-r20-r117-primal-20260930-a/crates/aspis-core/src/circle_prefix.rs:638:11
    |
638 | #[cfg(not(target_os = "solana"))]
    |           ^^^^^^^^^^^^^^^^^^^^
    |
    = note: expected values for `target_os` are: `aix`, `amdhsa`, `android`, `cuda`, `cygwin`, `dragonfly`, `emscripten`, `espidf`, `freebsd`, `fuchsia`, `haiku`, `helenos`, `hermit`, `horizon`, `hurd`, `illumos`, `ios`, `l4re`, `linux`, `lynxos178`, `macos`, `managarm`, `motor`, `netbsd`, `none`, `nto`, `nuttx`, `openbsd`, `psp`, `psx`, `qurt`, `redox`, `rtems`, `solaris`, and `solid_asp3` and 14 more
    = note: see <https://doc.rust-lang.org/nightly/rustc/check-cfg/cargo-specifics.html> for more information about checking conditional configuration

warning: unexpected `cfg` condition name: `v8_compact_workspace`
   --> /home/dombarker/project-offloads/aspis-r20-r117-primal-20260930-a/crates/aspis-core/src/sumcheck.rs:402:11
    |
402 |     #[cfg(v8_compact_workspace)]
    |           ^^^^^^^^^^^^^^^^^^^^
    |
    = help: expected names are: `docsrs`, `feature`, and `test` and 32 more
    = help: consider using a Cargo feature instead
    = help: or consider adding in `Cargo.toml` the `check-cfg` lint config for the lint:
             [lints.rust]
             unexpected_cfgs = { level = "warn", check-cfg = ['cfg(v8_compact_workspace)'] }
    = help: or consider adding `println!("cargo::rustc-check-cfg=cfg(v8_compact_workspace)");` to the top of the `build.rs`
    = note: see <https://doc.rust-lang.org/nightly/rustc/check-cfg/cargo-specifics.html> for more information about checking conditional configuration

warning: unexpected `cfg` condition name: `v8_merkle_slices`
  --> /home/dombarker/project-offloads/aspis-r20-r117-primal-20260930-a/crates/aspis-core/src/v7_merkle208.rs:37:11
   |
37 |     #[cfg(v8_merkle_slices)]
   |           ^^^^^^^^^^^^^^^^
   |
   = help: consider using a Cargo feature instead
   = help: or consider adding in `Cargo.toml` the `check-cfg` lint config for the lint:
            [lints.rust]
            unexpected_cfgs = { level = "warn", check-cfg = ['cfg(v8_merkle_slices)'] }
   = help: or consider adding `println!("cargo::rustc-check-cfg=cfg(v8_merkle_slices)");` to the top of the `build.rs`
   = note: see <https://doc.rust-lang.org/nightly/rustc/check-cfg/cargo-specifics.html> for more information about checking conditional configuration

warning: unexpected `cfg` condition name: `v8_merkle_slices`
  --> /home/dombarker/project-offloads/aspis-r20-r117-primal-20260930-a/crates/aspis-core/src/v7_merkle208.rs:41:15
   |
41 |     #[cfg(not(v8_merkle_slices))] {
   |               ^^^^^^^^^^^^^^^^
   |
   = help: consider using a Cargo feature instead
   = help: or consider adding in `Cargo.toml` the `check-cfg` lint config for the lint:
            [lints.rust]
            unexpected_cfgs = { level = "warn", check-cfg = ['cfg(v8_merkle_slices)'] }
   = help: or consider adding `println!("cargo::rustc-check-cfg=cfg(v8_merkle_slices)");` to the top of the `build.rs`
   = note: see <https://doc.rust-lang.org/nightly/rustc/check-cfg/cargo-specifics.html> for more information about checking conditional configuration

warning: unexpected `cfg` condition name: `v8_merkle_borrow`
  --> /home/dombarker/project-offloads/aspis-r20-r117-primal-20260930-a/crates/aspis-core/src/v7_merkle208.rs:82:23
   |
82 |             #[cfg(not(v8_merkle_borrow))]
   |                       ^^^^^^^^^^^^^^^^
   |
   = help: consider using a Cargo feature instead
   = help: or consider adding in `Cargo.toml` the `check-cfg` lint config for the lint:
            [lints.rust]
            unexpected_cfgs = { level = "warn", check-cfg = ['cfg(v8_merkle_borrow)'] }
   = help: or consider adding `println!("cargo::rustc-check-cfg=cfg(v8_merkle_borrow)");` to the top of the `build.rs`
   = note: see <https://doc.rust-lang.org/nightly/rustc/check-cfg/cargo-specifics.html> for more information about checking conditional configuration

warning: unexpected `cfg` condition name: `v8_merkle_borrow`
  --> /home/dombarker/project-offloads/aspis-r20-r117-primal-20260930-a/crates/aspis-core/src/v7_merkle208.rs:84:19
   |
84 |             #[cfg(v8_merkle_borrow)]
   |                   ^^^^^^^^^^^^^^^^
   |
   = help: consider using a Cargo feature instead
   = help: or consider adding in `Cargo.toml` the `check-cfg` lint config for the lint:
            [lints.rust]
            unexpected_cfgs = { level = "warn", check-cfg = ['cfg(v8_merkle_borrow)'] }
   = help: or consider adding `println!("cargo::rustc-check-cfg=cfg(v8_merkle_borrow)");` to the top of the `build.rs`
   = note: see <https://doc.rust-lang.org/nightly/rustc/check-cfg/cargo-specifics.html> for more information about checking conditional configuration

warning: unexpected `cfg` condition name: `v8_merkle_borrow`
  --> /home/dombarker/project-offloads/aspis-r20-r117-primal-20260930-a/crates/aspis-core/src/v7_merkle208.rs:90:27
   |
90 |                 #[cfg(not(v8_merkle_borrow))]
   |                           ^^^^^^^^^^^^^^^^
   |
   = help: consider using a Cargo feature instead
   = help: or consider adding in `Cargo.toml` the `check-cfg` lint config for the lint:
            [lints.rust]
            unexpected_cfgs = { level = "warn", check-cfg = ['cfg(v8_merkle_borrow)'] }
   = help: or consider adding `println!("cargo::rustc-check-cfg=cfg(v8_merkle_borrow)");` to the top of the `build.rs`
   = note: see <https://doc.rust-lang.org/nightly/rustc/check-cfg/cargo-specifics.html> for more information about checking conditional configuration

warning: unexpected `cfg` condition name: `v8_merkle_borrow`
  --> /home/dombarker/project-offloads/aspis-r20-r117-primal-20260930-a/crates/aspis-core/src/v7_merkle208.rs:92:23
   |
92 |                 #[cfg(v8_merkle_borrow)]
   |                       ^^^^^^^^^^^^^^^^
   |
   = help: consider using a Cargo feature instead
   = help: or consider adding in `Cargo.toml` the `check-cfg` lint config for the lint:
            [lints.rust]
            unexpected_cfgs = { level = "warn", check-cfg = ['cfg(v8_merkle_borrow)'] }
   = help: or consider adding `println!("cargo::rustc-check-cfg=cfg(v8_merkle_borrow)");` to the top of the `build.rs`
   = note: see <https://doc.rust-lang.org/nightly/rustc/check-cfg/cargo-specifics.html> for more information about checking conditional configuration

warning: unexpected `cfg` condition name: `v8_merkle_borrow`
   --> /home/dombarker/project-offloads/aspis-r20-r117-primal-20260930-a/crates/aspis-core/src/v7_merkle208.rs:103:23
    |
103 |                 #[cfg(v8_merkle_borrow)]
    |                       ^^^^^^^^^^^^^^^^
    |
    = help: consider using a Cargo feature instead
    = help: or consider adding in `Cargo.toml` the `check-cfg` lint config for the lint:
             [lints.rust]
             unexpected_cfgs = { level = "warn", check-cfg = ['cfg(v8_merkle_borrow)'] }
    = help: or consider adding `println!("cargo::rustc-check-cfg=cfg(v8_merkle_borrow)");` to the top of the `build.rs`
    = note: see <https://doc.rust-lang.org/nightly/rustc/check-cfg/cargo-specifics.html> for more information about checking conditional configuration

warning: unexpected `cfg` condition name: `v8_merkle_borrow`
   --> /home/dombarker/project-offloads/aspis-r20-r117-primal-20260930-a/crates/aspis-core/src/v7_merkle208.rs:108:23
    |
108 |                 #[cfg(v8_merkle_borrow)]
    |                       ^^^^^^^^^^^^^^^^
    |
    = help: consider using a Cargo feature instead
    = help: or consider adding in `Cargo.toml` the `check-cfg` lint config for the lint:
             [lints.rust]
             unexpected_cfgs = { level = "warn", check-cfg = ['cfg(v8_merkle_borrow)'] }
    = help: or consider adding `println!("cargo::rustc-check-cfg=cfg(v8_merkle_borrow)");` to the top of the `build.rs`
    = note: see <https://doc.rust-lang.org/nightly/rustc/check-cfg/cargo-specifics.html> for more information about checking conditional configuration

warning: unexpected `cfg` condition name: `v8_merkle_borrow`
   --> /home/dombarker/project-offloads/aspis-r20-r117-primal-20260930-a/crates/aspis-core/src/v7_merkle208.rs:113:27
    |
113 |                 #[cfg(not(v8_merkle_borrow))]
    |                           ^^^^^^^^^^^^^^^^
    |
    = help: consider using a Cargo feature instead
    = help: or consider adding in `Cargo.toml` the `check-cfg` lint config for the lint:
             [lints.rust]
             unexpected_cfgs = { level = "warn", check-cfg = ['cfg(v8_merkle_borrow)'] }
    = help: or consider adding `println!("cargo::rustc-check-cfg=cfg(v8_merkle_borrow)");` to the top of the `build.rs`
    = note: see <https://doc.rust-lang.org/nightly/rustc/check-cfg/cargo-specifics.html> for more information about checking conditional configuration

warning: unexpected `cfg` condition name: `v8_merkle_borrow`
   --> /home/dombarker/project-offloads/aspis-r20-r117-primal-20260930-a/crates/aspis-core/src/v7_merkle208.rs:118:27
    |
118 |                 #[cfg(not(v8_merkle_borrow))]
    |                           ^^^^^^^^^^^^^^^^
    |
    = help: consider using a Cargo feature instead
    = help: or consider adding in `Cargo.toml` the `check-cfg` lint config for the lint:
             [lints.rust]
             unexpected_cfgs = { level = "warn", check-cfg = ['cfg(v8_merkle_borrow)'] }
    = help: or consider adding `println!("cargo::rustc-check-cfg=cfg(v8_merkle_borrow)");` to the top of the `build.rs`
    = note: see <https://doc.rust-lang.org/nightly/rustc/check-cfg/cargo-specifics.html> for more information about checking conditional configuration

warning: function `verify_circle_layer0_opening_from_proof_deferred_canonical_for_depth_and_c2_leaf_bytes` is never used
   --> /home/dombarker/project-offloads/aspis-r20-r117-primal-20260930-a/crates/aspis-core/src/circle_merkle.rs:419:15
    |
419 | pub(crate) fn verify_circle_layer0_opening_from_proof_deferred_canonical_for_depth_and_c2_leaf_bytes<
    |               ^^^^^^^^^^^^^^^^^^^^^^^^^^^^^^^^^^^^^^^^^^^^^^^^^^^^^^^^^^^^^^^^^^^^^^^^^^^^^^^^^^^^^^
    |
    = note: `#[warn(dead_code)]` (part of `#[warn(unused)]`) on by default

warning: function `verify_circle_openings_deferred_canonical` is never used
   --> /home/dombarker/project-offloads/aspis-r20-r117-primal-20260930-a/crates/aspis-core/src/circle_openings.rs:993:15
    |
993 | pub(crate) fn verify_circle_openings_deferred_canonical<'a>(
    |               ^^^^^^^^^^^^^^^^^^^^^^^^^^^^^^^^^^^^^^^^^

warning: function `verify_radix4_minimal_subtree_prevalidated_in_place` is never used
   --> /home/dombarker/project-offloads/aspis-r20-r117-primal-20260930-a/crates/aspis-core/src/merkle.rs:329:15
    |
329 | pub(crate) fn verify_radix4_minimal_subtree_prevalidated_in_place(
    |               ^^^^^^^^^^^^^^^^^^^^^^^^^^^^^^^^^^^^^^^^^^^^^^^^^^^

warning: `aspis-core` (lib) generated 17 warnings
warning: unexpected `cfg` condition value: `solana`
  --> /home/dombarker/project-offloads/aspis-r20-r117-primal-20260930-a/crates/aspis-statement/src/lib.rs:14:11
   |
14 | #[cfg(not(target_os = "solana"))]
   |           ^^^^^^^^^^^^^^^^^^^^
   |
   = note: expected values for `target_os` are: `aix`, `amdhsa`, `android`, `cuda`, `cygwin`, `dragonfly`, `emscripten`, `espidf`, `freebsd`, `fuchsia`, `haiku`, `helenos`, `hermit`, `horizon`, `hurd`, `illumos`, `ios`, `l4re`, `linux`, `lynxos178`, `macos`, `managarm`, `motor`, `netbsd`, `none`, `nto`, `nuttx`, `openbsd`, `psp`, `psx`, `qurt`, `redox`, `rtems`, `solaris`, and `solid_asp3` and 14 more
   = note: see <https://doc.rust-lang.org/nightly/rustc/check-cfg/cargo-specifics.html> for more information about checking conditional configuration
   = note: `#[warn(unexpected_cfgs)]` on by default

warning: unexpected `cfg` condition value: `solana`
  --> /home/dombarker/project-offloads/aspis-r20-r117-primal-20260930-a/crates/aspis-statement/src/lib.rs:17:11
   |
17 | #[cfg(not(target_os = "solana"))]
   |           ^^^^^^^^^^^^^^^^^^^^
   |
   = note: expected values for `target_os` are: `aix`, `amdhsa`, `android`, `cuda`, `cygwin`, `dragonfly`, `emscripten`, `espidf`, `freebsd`, `fuchsia`, `haiku`, `helenos`, `hermit`, `horizon`, `hurd`, `illumos`, `ios`, `l4re`, `linux`, `lynxos178`, `macos`, `managarm`, `motor`, `netbsd`, `none`, `nto`, `nuttx`, `openbsd`, `psp`, `psx`, `qurt`, `redox`, `rtems`, `solaris`, and `solid_asp3` and 14 more
   = note: see <https://doc.rust-lang.org/nightly/rustc/check-cfg/cargo-specifics.html> for more information about checking conditional configuration

warning: unexpected `cfg` condition value: `solana`
  --> /home/dombarker/project-offloads/aspis-r20-r117-primal-20260930-a/crates/aspis-statement/src/lib.rs:24:15
   |
24 | #[cfg(any(not(target_os = "solana"), feature = "pool-v1-kernel"))]
   |               ^^^^^^^^^^^^^^^^^^^^
   |
   = note: expected values for `target_os` are: `aix`, `amdhsa`, `android`, `cuda`, `cygwin`, `dragonfly`, `emscripten`, `espidf`, `freebsd`, `fuchsia`, `haiku`, `helenos`, `hermit`, `horizon`, `hurd`, `illumos`, `ios`, `l4re`, `linux`, `lynxos178`, `macos`, `managarm`, `motor`, `netbsd`, `none`, `nto`, `nuttx`, `openbsd`, `psp`, `psx`, `qurt`, `redox`, `rtems`, `solaris`, and `solid_asp3` and 14 more
   = note: see <https://doc.rust-lang.org/nightly/rustc/check-cfg/cargo-specifics.html> for more information about checking conditional configuration

warning: unexpected `cfg` condition value: `solana`
  --> /home/dombarker/project-offloads/aspis-r20-r117-primal-20260930-a/crates/aspis-statement/src/lib.rs:28:11
   |
28 | #[cfg(not(target_os = "solana"))]
   |           ^^^^^^^^^^^^^^^^^^^^
   |
   = note: expected values for `target_os` are: `aix`, `amdhsa`, `android`, `cuda`, `cygwin`, `dragonfly`, `emscripten`, `espidf`, `freebsd`, `fuchsia`, `haiku`, `helenos`, `hermit`, `horizon`, `hurd`, `illumos`, `ios`, `l4re`, `linux`, `lynxos178`, `macos`, `managarm`, `motor`, `netbsd`, `none`, `nto`, `nuttx`, `openbsd`, `psp`, `psx`, `qurt`, `redox`, `rtems`, `solaris`, and `solid_asp3` and 14 more
   = note: see <https://doc.rust-lang.org/nightly/rustc/check-cfg/cargo-specifics.html> for more information about checking conditional configuration

warning: unexpected `cfg` condition value: `solana`
  --> /home/dombarker/project-offloads/aspis-r20-r117-primal-20260930-a/crates/aspis-statement/src/lib.rs:31:11
   |
31 | #[cfg(not(target_os = "solana"))]
   |           ^^^^^^^^^^^^^^^^^^^^
   |
   = note: expected values for `target_os` are: `aix`, `amdhsa`, `android`, `cuda`, `cygwin`, `dragonfly`, `emscripten`, `espidf`, `freebsd`, `fuchsia`, `haiku`, `helenos`, `hermit`, `horizon`, `hurd`, `illumos`, `ios`, `l4re`, `linux`, `lynxos178`, `macos`, `managarm`, `motor`, `netbsd`, `none`, `nto`, `nuttx`, `openbsd`, `psp`, `psx`, `qurt`, `redox`, `rtems`, `solaris`, and `solid_asp3` and 14 more
   = note: see <https://doc.rust-lang.org/nightly/rustc/check-cfg/cargo-specifics.html> for more information about checking conditional configuration

warning: unexpected `cfg` condition value: `solana`
  --> /home/dombarker/project-offloads/aspis-r20-r117-primal-20260930-a/crates/aspis-statement/src/lib.rs:35:11
   |
35 | #[cfg(not(target_os = "solana"))]
   |           ^^^^^^^^^^^^^^^^^^^^
   |
   = note: expected values for `target_os` are: `aix`, `amdhsa`, `android`, `cuda`, `cygwin`, `dragonfly`, `emscripten`, `espidf`, `freebsd`, `fuchsia`, `haiku`, `helenos`, `hermit`, `horizon`, `hurd`, `illumos`, `ios`, `l4re`, `linux`, `lynxos178`, `macos`, `managarm`, `motor`, `netbsd`, `none`, `nto`, `nuttx`, `openbsd`, `psp`, `psx`, `qurt`, `redox`, `rtems`, `solaris`, and `solid_asp3` and 14 more
   = note: see <https://doc.rust-lang.org/nightly/rustc/check-cfg/cargo-specifics.html> for more information about checking conditional configuration

warning: unexpected `cfg` condition value: `solana`
  --> /home/dombarker/project-offloads/aspis-r20-r117-primal-20260930-a/crates/aspis-statement/src/lib.rs:67:11
   |
67 | #[cfg(not(target_os = "solana"))]
   |           ^^^^^^^^^^^^^^^^^^^^
   |
   = note: expected values for `target_os` are: `aix`, `amdhsa`, `android`, `cuda`, `cygwin`, `dragonfly`, `emscripten`, `espidf`, `freebsd`, `fuchsia`, `haiku`, `helenos`, `hermit`, `horizon`, `hurd`, `illumos`, `ios`, `l4re`, `linux`, `lynxos178`, `macos`, `managarm`, `motor`, `netbsd`, `none`, `nto`, `nuttx`, `openbsd`, `psp`, `psx`, `qurt`, `redox`, `rtems`, `solaris`, and `solid_asp3` and 14 more
   = note: see <https://doc.rust-lang.org/nightly/rustc/check-cfg/cargo-specifics.html> for more information about checking conditional configuration

warning: unexpected `cfg` condition value: `solana`
   --> /home/dombarker/project-offloads/aspis-r20-r117-primal-20260930-a/crates/aspis-statement/src/lib.rs:117:11
    |
117 | #[cfg(not(target_os = "solana"))]
    |           ^^^^^^^^^^^^^^^^^^^^
    |
    = note: expected values for `target_os` are: `aix`, `amdhsa`, `android`, `cuda`, `cygwin`, `dragonfly`, `emscripten`, `espidf`, `freebsd`, `fuchsia`, `haiku`, `helenos`, `hermit`, `horizon`, `hurd`, `illumos`, `ios`, `l4re`, `linux`, `lynxos178`, `macos`, `managarm`, `motor`, `netbsd`, `none`, `nto`, `nuttx`, `openbsd`, `psp`, `psx`, `qurt`, `redox`, `rtems`, `solaris`, and `solid_asp3` and 14 more
    = note: see <https://doc.rust-lang.org/nightly/rustc/check-cfg/cargo-specifics.html> for more information about checking conditional configuration

warning: unexpected `cfg` condition value: `solana`
   --> /home/dombarker/project-offloads/aspis-r20-r117-primal-20260930-a/crates/aspis-statement/src/lib.rs:119:11
    |
119 | #[cfg(not(target_os = "solana"))]
    |           ^^^^^^^^^^^^^^^^^^^^
    |
    = note: expected values for `target_os` are: `aix`, `amdhsa`, `android`, `cuda`, `cygwin`, `dragonfly`, `emscripten`, `espidf`, `freebsd`, `fuchsia`, `haiku`, `helenos`, `hermit`, `horizon`, `hurd`, `illumos`, `ios`, `l4re`, `linux`, `lynxos178`, `macos`, `managarm`, `motor`, `netbsd`, `none`, `nto`, `nuttx`, `openbsd`, `psp`, `psx`, `qurt`, `redox`, `rtems`, `solaris`, and `solid_asp3` and 14 more
    = note: see <https://doc.rust-lang.org/nightly/rustc/check-cfg/cargo-specifics.html> for more information about checking conditional configuration

warning: unexpected `cfg` condition value: `solana`
   --> /home/dombarker/project-offloads/aspis-r20-r117-primal-20260930-a/crates/aspis-statement/src/lib.rs:129:11
    |
129 | #[cfg(not(target_os = "solana"))]
    |           ^^^^^^^^^^^^^^^^^^^^
    |
    = note: expected values for `target_os` are: `aix`, `amdhsa`, `android`, `cuda`, `cygwin`, `dragonfly`, `emscripten`, `espidf`, `freebsd`, `fuchsia`, `haiku`, `helenos`, `hermit`, `horizon`, `hurd`, `illumos`, `ios`, `l4re`, `linux`, `lynxos178`, `macos`, `managarm`, `motor`, `netbsd`, `none`, `nto`, `nuttx`, `openbsd`, `psp`, `psx`, `qurt`, `redox`, `rtems`, `solaris`, and `solid_asp3` and 14 more
    = note: see <https://doc.rust-lang.org/nightly/rustc/check-cfg/cargo-specifics.html> for more information about checking conditional configuration

warning: unexpected `cfg` condition value: `solana`
   --> /home/dombarker/project-offloads/aspis-r20-r117-primal-20260930-a/crates/aspis-statement/src/lib.rs:153:11
    |
153 | #[cfg(not(target_os = "solana"))]
    |           ^^^^^^^^^^^^^^^^^^^^
    |
    = note: expected values for `target_os` are: `aix`, `amdhsa`, `android`, `cuda`, `cygwin`, `dragonfly`, `emscripten`, `espidf`, `freebsd`, `fuchsia`, `haiku`, `helenos`, `hermit`, `horizon`, `hurd`, `illumos`, `ios`, `l4re`, `linux`, `lynxos178`, `macos`, `managarm`, `motor`, `netbsd`, `none`, `nto`, `nuttx`, `openbsd`, `psp`, `psx`, `qurt`, `redox`, `rtems`, `solaris`, and `solid_asp3` and 14 more
    = note: see <https://doc.rust-lang.org/nightly/rustc/check-cfg/cargo-specifics.html> for more information about checking conditional configuration

warning: unexpected `cfg` condition value: `solana`
   --> /home/dombarker/project-offloads/aspis-r20-r117-primal-20260930-a/crates/aspis-statement/src/constraints_v4.rs:723:11
    |
723 | #[cfg(not(target_os = "solana"))]
    |           ^^^^^^^^^^^^^^^^^^^^
    |
    = note: expected values for `target_os` are: `aix`, `amdhsa`, `android`, `cuda`, `cygwin`, `dragonfly`, `emscripten`, `espidf`, `freebsd`, `fuchsia`, `haiku`, `helenos`, `hermit`, `horizon`, `hurd`, `illumos`, `ios`, `l4re`, `linux`, `lynxos178`, `macos`, `managarm`, `motor`, `netbsd`, `none`, `nto`, `nuttx`, `openbsd`, `psp`, `psx`, `qurt`, `redox`, `rtems`, `solaris`, and `solid_asp3` and 14 more
    = note: see <https://doc.rust-lang.org/nightly/rustc/check-cfg/cargo-specifics.html> for more information about checking conditional configuration

warning: unexpected `cfg` condition value: `solana`
   --> /home/dombarker/project-offloads/aspis-r20-r117-primal-20260930-a/crates/aspis-statement/src/constraints_v4.rs:734:11
    |
734 | #[cfg(not(target_os = "solana"))]
    |           ^^^^^^^^^^^^^^^^^^^^
    |
    = note: expected values for `target_os` are: `aix`, `amdhsa`, `android`, `cuda`, `cygwin`, `dragonfly`, `emscripten`, `espidf`, `freebsd`, `fuchsia`, `haiku`, `helenos`, `hermit`, `horizon`, `hurd`, `illumos`, `ios`, `l4re`, `linux`, `lynxos178`, `macos`, `managarm`, `motor`, `netbsd`, `none`, `nto`, `nuttx`, `openbsd`, `psp`, `psx`, `qurt`, `redox`, `rtems`, `solaris`, and `solid_asp3` and 14 more
    = note: see <https://doc.rust-lang.org/nightly/rustc/check-cfg/cargo-specifics.html> for more information about checking conditional configuration

warning: unexpected `cfg` condition value: `solana`
   --> /home/dombarker/project-offloads/aspis-r20-r117-primal-20260930-a/crates/aspis-statement/src/constraints_v4.rs:749:11
    |
749 | #[cfg(not(target_os = "solana"))]
    |           ^^^^^^^^^^^^^^^^^^^^
    |
    = note: expected values for `target_os` are: `aix`, `amdhsa`, `android`, `cuda`, `cygwin`, `dragonfly`, `emscripten`, `espidf`, `freebsd`, `fuchsia`, `haiku`, `helenos`, `hermit`, `horizon`, `hurd`, `illumos`, `ios`, `l4re`, `linux`, `lynxos178`, `macos`, `managarm`, `motor`, `netbsd`, `none`, `nto`, `nuttx`, `openbsd`, `psp`, `psx`, `qurt`, `redox`, `rtems`, `solaris`, and `solid_asp3` and 14 more
    = note: see <https://doc.rust-lang.org/nightly/rustc/check-cfg/cargo-specifics.html> for more information about checking conditional configuration

warning: unexpected `cfg` condition value: `solana`
    --> /home/dombarker/project-offloads/aspis-r20-r117-primal-20260930-a/crates/aspis-statement/src/constraints_v4.rs:2602:11
     |
2602 | #[cfg(not(target_os = "solana"))]
     |           ^^^^^^^^^^^^^^^^^^^^
     |
     = note: expected values for `target_os` are: `aix`, `amdhsa`, `android`, `cuda`, `cygwin`, `dragonfly`, `emscripten`, `espidf`, `freebsd`, `fuchsia`, `haiku`, `helenos`, `hermit`, `horizon`, `hurd`, `illumos`, `ios`, `l4re`, `linux`, `lynxos178`, `macos`, `managarm`, `motor`, `netbsd`, `none`, `nto`, `nuttx`, `openbsd`, `psp`, `psx`, `qurt`, `redox`, `rtems`, `solaris`, and `solid_asp3` and 14 more
     = note: see <https://doc.rust-lang.org/nightly/rustc/check-cfg/cargo-specifics.html> for more information about checking conditional configuration

warning: unexpected `cfg` condition value: `solana`
    --> /home/dombarker/project-offloads/aspis-r20-r117-primal-20260930-a/crates/aspis-statement/src/constraints_v4.rs:2766:11
     |
2766 | #[cfg(not(target_os = "solana"))]
     |           ^^^^^^^^^^^^^^^^^^^^
     |
     = note: expected values for `target_os` are: `aix`, `amdhsa`, `android`, `cuda`, `cygwin`, `dragonfly`, `emscripten`, `espidf`, `freebsd`, `fuchsia`, `haiku`, `helenos`, `hermit`, `horizon`, `hurd`, `illumos`, `ios`, `l4re`, `linux`, `lynxos178`, `macos`, `managarm`, `motor`, `netbsd`, `none`, `nto`, `nuttx`, `openbsd`, `psp`, `psx`, `qurt`, `redox`, `rtems`, `solaris`, and `solid_asp3` and 14 more
     = note: see <https://doc.rust-lang.org/nightly/rustc/check-cfg/cargo-specifics.html> for more information about checking conditional configuration

warning: unexpected `cfg` condition value: `solana`
    --> /home/dombarker/project-offloads/aspis-r20-r117-primal-20260930-a/crates/aspis-statement/src/constraints_v4.rs:2776:11
     |
2776 | #[cfg(not(target_os = "solana"))]
     |           ^^^^^^^^^^^^^^^^^^^^
     |
     = note: expected values for `target_os` are: `aix`, `amdhsa`, `android`, `cuda`, `cygwin`, `dragonfly`, `emscripten`, `espidf`, `freebsd`, `fuchsia`, `haiku`, `helenos`, `hermit`, `horizon`, `hurd`, `illumos`, `ios`, `l4re`, `linux`, `lynxos178`, `macos`, `managarm`, `motor`, `netbsd`, `none`, `nto`, `nuttx`, `openbsd`, `psp`, `psx`, `qurt`, `redox`, `rtems`, `solaris`, and `solid_asp3` and 14 more
     = note: see <https://doc.rust-lang.org/nightly/rustc/check-cfg/cargo-specifics.html> for more information about checking conditional configuration

warning: unexpected `cfg` condition value: `solana`
    --> /home/dombarker/project-offloads/aspis-r20-r117-primal-20260930-a/crates/aspis-statement/src/constraints_v4.rs:2790:11
     |
2790 | #[cfg(not(target_os = "solana"))]
     |           ^^^^^^^^^^^^^^^^^^^^
     |
     = note: expected values for `target_os` are: `aix`, `amdhsa`, `android`, `cuda`, `cygwin`, `dragonfly`, `emscripten`, `espidf`, `freebsd`, `fuchsia`, `haiku`, `helenos`, `hermit`, `horizon`, `hurd`, `illumos`, `ios`, `l4re`, `linux`, `lynxos178`, `macos`, `managarm`, `motor`, `netbsd`, `none`, `nto`, `nuttx`, `openbsd`, `psp`, `psx`, `qurt`, `redox`, `rtems`, `solaris`, and `solid_asp3` and 14 more
     = note: see <https://doc.rust-lang.org/nightly/rustc/check-cfg/cargo-specifics.html> for more information about checking conditional configuration

warning: unused imports: `visit_copy_exceptional_terminal_links` and `visit_copy_terminal_links`
  --> /home/dombarker/project-offloads/aspis-r20-r117-primal-20260930-a/crates/aspis-statement/src/constraints_v4.rs:32:5
   |
32 |     visit_copy_exceptional_terminal_links, visit_copy_links, visit_copy_terminal_links,
   |     ^^^^^^^^^^^^^^^^^^^^^^^^^^^^^^^^^^^^^                    ^^^^^^^^^^^^^^^^^^^^^^^^^
   |
   = note: `#[warn(unused_imports)]` (part of `#[warn(unused)]`) on by default

warning: unexpected `cfg` condition value: `solana`
  --> /home/dombarker/project-offloads/aspis-r20-r117-primal-20260930-a/crates/aspis-statement/src/pool_v1/mod.rs:16:11
   |
16 | #[cfg(not(target_os = "solana"))]
   |           ^^^^^^^^^^^^^^^^^^^^
   |
   = note: expected values for `target_os` are: `aix`, `amdhsa`, `android`, `cuda`, `cygwin`, `dragonfly`, `emscripten`, `espidf`, `freebsd`, `fuchsia`, `haiku`, `helenos`, `hermit`, `horizon`, `hurd`, `illumos`, `ios`, `l4re`, `linux`, `lynxos178`, `macos`, `managarm`, `motor`, `netbsd`, `none`, `nto`, `nuttx`, `openbsd`, `psp`, `psx`, `qurt`, `redox`, `rtems`, `solaris`, and `solid_asp3` and 14 more
   = note: see <https://doc.rust-lang.org/nightly/rustc/check-cfg/cargo-specifics.html> for more information about checking conditional configuration

warning: unexpected `cfg` condition value: `solana`
  --> /home/dombarker/project-offloads/aspis-r20-r117-primal-20260930-a/crates/aspis-statement/src/pool_v1/mod.rs:19:11
   |
19 | #[cfg(not(target_os = "solana"))]
   |           ^^^^^^^^^^^^^^^^^^^^
   |
   = note: expected values for `target_os` are: `aix`, `amdhsa`, `android`, `cuda`, `cygwin`, `dragonfly`, `emscripten`, `espidf`, `freebsd`, `fuchsia`, `haiku`, `helenos`, `hermit`, `horizon`, `hurd`, `illumos`, `ios`, `l4re`, `linux`, `lynxos178`, `macos`, `managarm`, `motor`, `netbsd`, `none`, `nto`, `nuttx`, `openbsd`, `psp`, `psx`, `qurt`, `redox`, `rtems`, `solaris`, and `solid_asp3` and 14 more
   = note: see <https://doc.rust-lang.org/nightly/rustc/check-cfg/cargo-specifics.html> for more information about checking conditional configuration

warning: unexpected `cfg` condition value: `solana`
  --> /home/dombarker/project-offloads/aspis-r20-r117-primal-20260930-a/crates/aspis-statement/src/pool_v1/mod.rs:22:11
   |
22 | #[cfg(not(target_os = "solana"))]
   |           ^^^^^^^^^^^^^^^^^^^^
   |
   = note: expected values for `target_os` are: `aix`, `amdhsa`, `android`, `cuda`, `cygwin`, `dragonfly`, `emscripten`, `espidf`, `freebsd`, `fuchsia`, `haiku`, `helenos`, `hermit`, `horizon`, `hurd`, `illumos`, `ios`, `l4re`, `linux`, `lynxos178`, `macos`, `managarm`, `motor`, `netbsd`, `none`, `nto`, `nuttx`, `openbsd`, `psp`, `psx`, `qurt`, `redox`, `rtems`, `solaris`, and `solid_asp3` and 14 more
   = note: see <https://doc.rust-lang.org/nightly/rustc/check-cfg/cargo-specifics.html> for more information about checking conditional configuration

warning: unexpected `cfg` condition value: `solana`
  --> /home/dombarker/project-offloads/aspis-r20-r117-primal-20260930-a/crates/aspis-statement/src/pool_v1/mod.rs:24:11
   |
24 | #[cfg(not(target_os = "solana"))]
   |           ^^^^^^^^^^^^^^^^^^^^
   |
   = note: expected values for `target_os` are: `aix`, `amdhsa`, `android`, `cuda`, `cygwin`, `dragonfly`, `emscripten`, `espidf`, `freebsd`, `fuchsia`, `haiku`, `helenos`, `hermit`, `horizon`, `hurd`, `illumos`, `ios`, `l4re`, `linux`, `lynxos178`, `macos`, `managarm`, `motor`, `netbsd`, `none`, `nto`, `nuttx`, `openbsd`, `psp`, `psx`, `qurt`, `redox`, `rtems`, `solaris`, and `solid_asp3` and 14 more
   = note: see <https://doc.rust-lang.org/nightly/rustc/check-cfg/cargo-specifics.html> for more information about checking conditional configuration

warning: unexpected `cfg` condition value: `solana`
  --> /home/dombarker/project-offloads/aspis-r20-r117-primal-20260930-a/crates/aspis-statement/src/pool_v1/mod.rs:28:11
   |
28 | #[cfg(not(target_os = "solana"))]
   |           ^^^^^^^^^^^^^^^^^^^^
   |
   = note: expected values for `target_os` are: `aix`, `amdhsa`, `android`, `cuda`, `cygwin`, `dragonfly`, `emscripten`, `espidf`, `freebsd`, `fuchsia`, `haiku`, `helenos`, `hermit`, `horizon`, `hurd`, `illumos`, `ios`, `l4re`, `linux`, `lynxos178`, `macos`, `managarm`, `motor`, `netbsd`, `none`, `nto`, `nuttx`, `openbsd`, `psp`, `psx`, `qurt`, `redox`, `rtems`, `solaris`, and `solid_asp3` and 14 more
   = note: see <https://doc.rust-lang.org/nightly/rustc/check-cfg/cargo-specifics.html> for more information about checking conditional configuration

warning: unexpected `cfg` condition value: `solana`
  --> /home/dombarker/project-offloads/aspis-r20-r117-primal-20260930-a/crates/aspis-statement/src/pool_v1/mod.rs:31:11
   |
31 | #[cfg(not(target_os = "solana"))]
   |           ^^^^^^^^^^^^^^^^^^^^
   |
   = note: expected values for `target_os` are: `aix`, `amdhsa`, `android`, `cuda`, `cygwin`, `dragonfly`, `emscripten`, `espidf`, `freebsd`, `fuchsia`, `haiku`, `helenos`, `hermit`, `horizon`, `hurd`, `illumos`, `ios`, `l4re`, `linux`, `lynxos178`, `macos`, `managarm`, `motor`, `netbsd`, `none`, `nto`, `nuttx`, `openbsd`, `psp`, `psx`, `qurt`, `redox`, `rtems`, `solaris`, and `solid_asp3` and 14 more
   = note: see <https://doc.rust-lang.org/nightly/rustc/check-cfg/cargo-specifics.html> for more information about checking conditional configuration

warning: unexpected `cfg` condition value: `solana`
  --> /home/dombarker/project-offloads/aspis-r20-r117-primal-20260930-a/crates/aspis-statement/src/pool_v1/mod.rs:33:11
   |
33 | #[cfg(not(target_os = "solana"))]
   |           ^^^^^^^^^^^^^^^^^^^^
   |
   = note: expected values for `target_os` are: `aix`, `amdhsa`, `android`, `cuda`, `cygwin`, `dragonfly`, `emscripten`, `espidf`, `freebsd`, `fuchsia`, `haiku`, `helenos`, `hermit`, `horizon`, `hurd`, `illumos`, `ios`, `l4re`, `linux`, `lynxos178`, `macos`, `managarm`, `motor`, `netbsd`, `none`, `nto`, `nuttx`, `openbsd`, `psp`, `psx`, `qurt`, `redox`, `rtems`, `solaris`, and `solid_asp3` and 14 more
   = note: see <https://doc.rust-lang.org/nightly/rustc/check-cfg/cargo-specifics.html> for more information about checking conditional configuration

warning: unexpected `cfg` condition value: `solana`
  --> /home/dombarker/project-offloads/aspis-r20-r117-primal-20260930-a/crates/aspis-statement/src/pool_v1/mod.rs:36:11
   |
36 | #[cfg(not(target_os = "solana"))]
   |           ^^^^^^^^^^^^^^^^^^^^
   |
   = note: expected values for `target_os` are: `aix`, `amdhsa`, `android`, `cuda`, `cygwin`, `dragonfly`, `emscripten`, `espidf`, `freebsd`, `fuchsia`, `haiku`, `helenos`, `hermit`, `horizon`, `hurd`, `illumos`, `ios`, `l4re`, `linux`, `lynxos178`, `macos`, `managarm`, `motor`, `netbsd`, `none`, `nto`, `nuttx`, `openbsd`, `psp`, `psx`, `qurt`, `redox`, `rtems`, `solaris`, and `solid_asp3` and 14 more
   = note: see <https://doc.rust-lang.org/nightly/rustc/check-cfg/cargo-specifics.html> for more information about checking conditional configuration

warning: unexpected `cfg` condition value: `solana`
  --> /home/dombarker/project-offloads/aspis-r20-r117-primal-20260930-a/crates/aspis-statement/src/pool_v1/mod.rs:38:11
   |
38 | #[cfg(not(target_os = "solana"))]
   |           ^^^^^^^^^^^^^^^^^^^^
   |
   = note: expected values for `target_os` are: `aix`, `amdhsa`, `android`, `cuda`, `cygwin`, `dragonfly`, `emscripten`, `espidf`, `freebsd`, `fuchsia`, `haiku`, `helenos`, `hermit`, `horizon`, `hurd`, `illumos`, `ios`, `l4re`, `linux`, `lynxos178`, `macos`, `managarm`, `motor`, `netbsd`, `none`, `nto`, `nuttx`, `openbsd`, `psp`, `psx`, `qurt`, `redox`, `rtems`, `solaris`, and `solid_asp3` and 14 more
   = note: see <https://doc.rust-lang.org/nightly/rustc/check-cfg/cargo-specifics.html> for more information about checking conditional configuration

warning: unexpected `cfg` condition value: `solana`
  --> /home/dombarker/project-offloads/aspis-r20-r117-primal-20260930-a/crates/aspis-statement/src/pool_v1/mod.rs:41:11
   |
41 | #[cfg(not(target_os = "solana"))]
   |           ^^^^^^^^^^^^^^^^^^^^
   |
   = note: expected values for `target_os` are: `aix`, `amdhsa`, `android`, `cuda`, `cygwin`, `dragonfly`, `emscripten`, `espidf`, `freebsd`, `fuchsia`, `haiku`, `helenos`, `hermit`, `horizon`, `hurd`, `illumos`, `ios`, `l4re`, `linux`, `lynxos178`, `macos`, `managarm`, `motor`, `netbsd`, `none`, `nto`, `nuttx`, `openbsd`, `psp`, `psx`, `qurt`, `redox`, `rtems`, `solaris`, and `solid_asp3` and 14 more
   = note: see <https://doc.rust-lang.org/nightly/rustc/check-cfg/cargo-specifics.html> for more information about checking conditional configuration

warning: unexpected `cfg` condition value: `solana`
  --> /home/dombarker/project-offloads/aspis-r20-r117-primal-20260930-a/crates/aspis-statement/src/pool_v1/mod.rs:43:11
   |
43 | #[cfg(not(target_os = "solana"))]
   |           ^^^^^^^^^^^^^^^^^^^^
   |
   = note: expected values for `target_os` are: `aix`, `amdhsa`, `android`, `cuda`, `cygwin`, `dragonfly`, `emscripten`, `espidf`, `freebsd`, `fuchsia`, `haiku`, `helenos`, `hermit`, `horizon`, `hurd`, `illumos`, `ios`, `l4re`, `linux`, `lynxos178`, `macos`, `managarm`, `motor`, `netbsd`, `none`, `nto`, `nuttx`, `openbsd`, `psp`, `psx`, `qurt`, `redox`, `rtems`, `solaris`, and `solid_asp3` and 14 more
   = note: see <https://doc.rust-lang.org/nightly/rustc/check-cfg/cargo-specifics.html> for more information about checking conditional configuration

warning: unexpected `cfg` condition value: `solana`
  --> /home/dombarker/project-offloads/aspis-r20-r117-primal-20260930-a/crates/aspis-statement/src/pool_v1/mod.rs:46:11
   |
46 | #[cfg(not(target_os = "solana"))]
   |           ^^^^^^^^^^^^^^^^^^^^
   |
   = note: expected values for `target_os` are: `aix`, `amdhsa`, `android`, `cuda`, `cygwin`, `dragonfly`, `emscripten`, `espidf`, `freebsd`, `fuchsia`, `haiku`, `helenos`, `hermit`, `horizon`, `hurd`, `illumos`, `ios`, `l4re`, `linux`, `lynxos178`, `macos`, `managarm`, `motor`, `netbsd`, `none`, `nto`, `nuttx`, `openbsd`, `psp`, `psx`, `qurt`, `redox`, `rtems`, `solaris`, and `solid_asp3` and 14 more
   = note: see <https://doc.rust-lang.org/nightly/rustc/check-cfg/cargo-specifics.html> for more information about checking conditional configuration

warning: unexpected `cfg` condition value: `solana`
   --> /home/dombarker/project-offloads/aspis-r20-r117-primal-20260930-a/crates/aspis-statement/src/pool_v1/mod.rs:123:11
    |
123 | #[cfg(not(target_os = "solana"))]
    |           ^^^^^^^^^^^^^^^^^^^^
    |
    = note: expected values for `target_os` are: `aix`, `amdhsa`, `android`, `cuda`, `cygwin`, `dragonfly`, `emscripten`, `espidf`, `freebsd`, `fuchsia`, `haiku`, `helenos`, `hermit`, `horizon`, `hurd`, `illumos`, `ios`, `l4re`, `linux`, `lynxos178`, `macos`, `managarm`, `motor`, `netbsd`, `none`, `nto`, `nuttx`, `openbsd`, `psp`, `psx`, `qurt`, `redox`, `rtems`, `solaris`, and `solid_asp3` and 14 more
    = note: see <https://doc.rust-lang.org/nightly/rustc/check-cfg/cargo-specifics.html> for more information about checking conditional configuration

warning: unexpected `cfg` condition value: `solana`
   --> /home/dombarker/project-offloads/aspis-r20-r117-primal-20260930-a/crates/aspis-statement/src/pool_v1/mod.rs:173:11
    |
173 | #[cfg(not(target_os = "solana"))]
    |           ^^^^^^^^^^^^^^^^^^^^
    |
    = note: expected values for `target_os` are: `aix`, `amdhsa`, `android`, `cuda`, `cygwin`, `dragonfly`, `emscripten`, `espidf`, `freebsd`, `fuchsia`, `haiku`, `helenos`, `hermit`, `horizon`, `hurd`, `illumos`, `ios`, `l4re`, `linux`, `lynxos178`, `macos`, `managarm`, `motor`, `netbsd`, `none`, `nto`, `nuttx`, `openbsd`, `psp`, `psx`, `qurt`, `redox`, `rtems`, `solaris`, and `solid_asp3` and 14 more
    = note: see <https://doc.rust-lang.org/nightly/rustc/check-cfg/cargo-specifics.html> for more information about checking conditional configuration

warning: unexpected `cfg` condition value: `solana`
   --> /home/dombarker/project-offloads/aspis-r20-r117-primal-20260930-a/crates/aspis-statement/src/pool_v1/mod.rs:190:11
    |
190 | #[cfg(not(target_os = "solana"))]
    |           ^^^^^^^^^^^^^^^^^^^^
    |
    = note: expected values for `target_os` are: `aix`, `amdhsa`, `android`, `cuda`, `cygwin`, `dragonfly`, `emscripten`, `espidf`, `freebsd`, `fuchsia`, `haiku`, `helenos`, `hermit`, `horizon`, `hurd`, `illumos`, `ios`, `l4re`, `linux`, `lynxos178`, `macos`, `managarm`, `motor`, `netbsd`, `none`, `nto`, `nuttx`, `openbsd`, `psp`, `psx`, `qurt`, `redox`, `rtems`, `solaris`, and `solid_asp3` and 14 more
    = note: see <https://doc.rust-lang.org/nightly/rustc/check-cfg/cargo-specifics.html> for more information about checking conditional configuration

warning: unexpected `cfg` condition value: `solana`
   --> /home/dombarker/project-offloads/aspis-r20-r117-primal-20260930-a/crates/aspis-statement/src/pool_v1/mod.rs:231:11
    |
231 | #[cfg(not(target_os = "solana"))]
    |           ^^^^^^^^^^^^^^^^^^^^
    |
    = note: expected values for `target_os` are: `aix`, `amdhsa`, `android`, `cuda`, `cygwin`, `dragonfly`, `emscripten`, `espidf`, `freebsd`, `fuchsia`, `haiku`, `helenos`, `hermit`, `horizon`, `hurd`, `illumos`, `ios`, `l4re`, `linux`, `lynxos178`, `macos`, `managarm`, `motor`, `netbsd`, `none`, `nto`, `nuttx`, `openbsd`, `psp`, `psx`, `qurt`, `redox`, `rtems`, `solaris`, and `solid_asp3` and 14 more
    = note: see <https://doc.rust-lang.org/nightly/rustc/check-cfg/cargo-specifics.html> for more information about checking conditional configuration

warning: unexpected `cfg` condition value: `solana`
   --> /home/dombarker/project-offloads/aspis-r20-r117-primal-20260930-a/crates/aspis-statement/src/pool_v1/mod.rs:235:11
    |
235 | #[cfg(not(target_os = "solana"))]
    |           ^^^^^^^^^^^^^^^^^^^^
    |
    = note: expected values for `target_os` are: `aix`, `amdhsa`, `android`, `cuda`, `cygwin`, `dragonfly`, `emscripten`, `espidf`, `freebsd`, `fuchsia`, `haiku`, `helenos`, `hermit`, `horizon`, `hurd`, `illumos`, `ios`, `l4re`, `linux`, `lynxos178`, `macos`, `managarm`, `motor`, `netbsd`, `none`, `nto`, `nuttx`, `openbsd`, `psp`, `psx`, `qurt`, `redox`, `rtems`, `solaris`, and `solid_asp3` and 14 more
    = note: see <https://doc.rust-lang.org/nightly/rustc/check-cfg/cargo-specifics.html> for more information about checking conditional configuration

warning: unexpected `cfg` condition value: `solana`
   --> /home/dombarker/project-offloads/aspis-r20-r117-primal-20260930-a/crates/aspis-statement/src/pool_v1/mod.rs:258:11
    |
258 | #[cfg(not(target_os = "solana"))]
    |           ^^^^^^^^^^^^^^^^^^^^
    |
    = note: expected values for `target_os` are: `aix`, `amdhsa`, `android`, `cuda`, `cygwin`, `dragonfly`, `emscripten`, `espidf`, `freebsd`, `fuchsia`, `haiku`, `helenos`, `hermit`, `horizon`, `hurd`, `illumos`, `ios`, `l4re`, `linux`, `lynxos178`, `macos`, `managarm`, `motor`, `netbsd`, `none`, `nto`, `nuttx`, `openbsd`, `psp`, `psx`, `qurt`, `redox`, `rtems`, `solaris`, and `solid_asp3` and 14 more
    = note: see <https://doc.rust-lang.org/nightly/rustc/check-cfg/cargo-specifics.html> for more information about checking conditional configuration

warning: unexpected `cfg` condition value: `solana`
   --> /home/dombarker/project-offloads/aspis-r20-r117-primal-20260930-a/crates/aspis-statement/src/pool_v1/mod.rs:301:11
    |
301 | #[cfg(not(target_os = "solana"))]
    |           ^^^^^^^^^^^^^^^^^^^^
    |
    = note: expected values for `target_os` are: `aix`, `amdhsa`, `android`, `cuda`, `cygwin`, `dragonfly`, `emscripten`, `espidf`, `freebsd`, `fuchsia`, `haiku`, `helenos`, `hermit`, `horizon`, `hurd`, `illumos`, `ios`, `l4re`, `linux`, `lynxos178`, `macos`, `managarm`, `motor`, `netbsd`, `none`, `nto`, `nuttx`, `openbsd`, `psp`, `psx`, `qurt`, `redox`, `rtems`, `solaris`, and `solid_asp3` and 14 more
    = note: see <https://doc.rust-lang.org/nightly/rustc/check-cfg/cargo-specifics.html> for more information about checking conditional configuration

warning: unexpected `cfg` condition value: `solana`
   --> /home/dombarker/project-offloads/aspis-r20-r117-primal-20260930-a/crates/aspis-statement/src/pool_v1/mod.rs:313:11
    |
313 | #[cfg(not(target_os = "solana"))]
    |           ^^^^^^^^^^^^^^^^^^^^
    |
    = note: expected values for `target_os` are: `aix`, `amdhsa`, `android`, `cuda`, `cygwin`, `dragonfly`, `emscripten`, `espidf`, `freebsd`, `fuchsia`, `haiku`, `helenos`, `hermit`, `horizon`, `hurd`, `illumos`, `ios`, `l4re`, `linux`, `lynxos178`, `macos`, `managarm`, `motor`, `netbsd`, `none`, `nto`, `nuttx`, `openbsd`, `psp`, `psx`, `qurt`, `redox`, `rtems`, `solaris`, and `solid_asp3` and 14 more
    = note: see <https://doc.rust-lang.org/nightly/rustc/check-cfg/cargo-specifics.html> for more information about checking conditional configuration

warning: unexpected `cfg` condition value: `solana`
   --> /home/dombarker/project-offloads/aspis-r20-r117-primal-20260930-a/crates/aspis-statement/src/pool_v1/mod.rs:359:11
    |
359 | #[cfg(not(target_os = "solana"))]
    |           ^^^^^^^^^^^^^^^^^^^^
    |
    = note: expected values for `target_os` are: `aix`, `amdhsa`, `android`, `cuda`, `cygwin`, `dragonfly`, `emscripten`, `espidf`, `freebsd`, `fuchsia`, `haiku`, `helenos`, `hermit`, `horizon`, `hurd`, `illumos`, `ios`, `l4re`, `linux`, `lynxos178`, `macos`, `managarm`, `motor`, `netbsd`, `none`, `nto`, `nuttx`, `openbsd`, `psp`, `psx`, `qurt`, `redox`, `rtems`, `solaris`, and `solid_asp3` and 14 more
    = note: see <https://doc.rust-lang.org/nightly/rustc/check-cfg/cargo-specifics.html> for more information about checking conditional configuration

warning: unexpected `cfg` condition name: `v8_performance_sbf`
    --> /home/dombarker/project-offloads/aspis-r20-r117-primal-20260930-a/crates/aspis-statement/src/pool_v1/pair_forest_copy_terminal.rs:1557:11
     |
1557 | #[cfg(not(v8_performance_sbf))]
     |           ^^^^^^^^^^^^^^^^^^
     |
     = help: expected names are: `docsrs`, `feature`, and `test` and 32 more
     = help: consider using a Cargo feature instead
     = help: or consider adding in `Cargo.toml` the `check-cfg` lint config for the lint:
              [lints.rust]
              unexpected_cfgs = { level = "warn", check-cfg = ['cfg(v8_performance_sbf)'] }
     = help: or consider adding `println!("cargo::rustc-check-cfg=cfg(v8_performance_sbf)");` to the top of the `build.rs`
     = note: see <https://doc.rust-lang.org/nightly/rustc/check-cfg/cargo-specifics.html> for more information about checking conditional configuration

warning: unexpected `cfg` condition name: `v8_performance_sbf`
    --> /home/dombarker/project-offloads/aspis-r20-r117-primal-20260930-a/crates/aspis-statement/src/pool_v1/pair_forest_copy_terminal.rs:1725:15
     |
1725 | #[cfg(all(not(v8_performance_sbf), all(feature = "pool-v1-pair-forest-copy-selector-tensor-basis-audit", feature = "pool-v1-pair-f...
     |               ^^^^^^^^^^^^^^^^^^
     |
     = help: consider using a Cargo feature instead
     = help: or consider adding in `Cargo.toml` the `check-cfg` lint config for the lint:
              [lints.rust]
              unexpected_cfgs = { level = "warn", check-cfg = ['cfg(v8_performance_sbf)'] }
     = help: or consider adding `println!("cargo::rustc-check-cfg=cfg(v8_performance_sbf)");` to the top of the `build.rs`
     = note: see <https://doc.rust-lang.org/nightly/rustc/check-cfg/cargo-specifics.html> for more information about checking conditional configuration

warning: unexpected `cfg` condition name: `v8_performance_sbf`
    --> /home/dombarker/project-offloads/aspis-r20-r117-primal-20260930-a/crates/aspis-statement/src/pool_v1/pair_forest_copy_terminal.rs:1754:15
     |
1754 | #[cfg(all(not(v8_performance_sbf), all(feature = "pool-v1-pair-forest-copy-selector-tensor-basis-audit", feature = "pool-v1-pair-f...
     |               ^^^^^^^^^^^^^^^^^^
     |
     = help: consider using a Cargo feature instead
     = help: or consider adding in `Cargo.toml` the `check-cfg` lint config for the lint:
              [lints.rust]
              unexpected_cfgs = { level = "warn", check-cfg = ['cfg(v8_performance_sbf)'] }
     = help: or consider adding `println!("cargo::rustc-check-cfg=cfg(v8_performance_sbf)");` to the top of the `build.rs`
     = note: see <https://doc.rust-lang.org/nightly/rustc/check-cfg/cargo-specifics.html> for more information about checking conditional configuration

warning: unexpected `cfg` condition name: `v8_performance_sbf`
    --> /home/dombarker/project-offloads/aspis-r20-r117-primal-20260930-a/crates/aspis-statement/src/pool_v1/pair_forest_copy_terminal.rs:1829:15
     |
1829 | #[cfg(all(not(v8_performance_sbf), all(feature = "pool-v1-pair-forest-copy-selector-tensor-basis-audit", feature = "pool-v1-pair-f...
     |               ^^^^^^^^^^^^^^^^^^
     |
     = help: consider using a Cargo feature instead
     = help: or consider adding in `Cargo.toml` the `check-cfg` lint config for the lint:
              [lints.rust]
              unexpected_cfgs = { level = "warn", check-cfg = ['cfg(v8_performance_sbf)'] }
     = help: or consider adding `println!("cargo::rustc-check-cfg=cfg(v8_performance_sbf)");` to the top of the `build.rs`
     = note: see <https://doc.rust-lang.org/nightly/rustc/check-cfg/cargo-specifics.html> for more information about checking conditional configuration

warning: unexpected `cfg` condition name: `v8_performance_sbf`
  --> /home/dombarker/project-offloads/aspis-r20-r117-primal-20260930-a/crates/aspis-statement/src/pool_v1/r57_selector_gather.rs:71:11
   |
71 | #[cfg(not(v8_performance_sbf))]
   |           ^^^^^^^^^^^^^^^^^^
   |
   = help: consider using a Cargo feature instead
   = help: or consider adding in `Cargo.toml` the `check-cfg` lint config for the lint:
            [lints.rust]
            unexpected_cfgs = { level = "warn", check-cfg = ['cfg(v8_performance_sbf)'] }
   = help: or consider adding `println!("cargo::rustc-check-cfg=cfg(v8_performance_sbf)");` to the top of the `build.rs`
   = note: see <https://doc.rust-lang.org/nightly/rustc/check-cfg/cargo-specifics.html> for more information about checking conditional configuration

warning: unexpected `cfg` condition name: `v8_performance_sbf`
   --> /home/dombarker/project-offloads/aspis-r20-r117-primal-20260930-a/crates/aspis-statement/src/pool_v1/r113_gather.rs:377:11
    |
377 | #[cfg(not(v8_performance_sbf))]
    |           ^^^^^^^^^^^^^^^^^^
    |
    = help: consider using a Cargo feature instead
    = help: or consider adding in `Cargo.toml` the `check-cfg` lint config for the lint:
             [lints.rust]
             unexpected_cfgs = { level = "warn", check-cfg = ['cfg(v8_performance_sbf)'] }
    = help: or consider adding `println!("cargo::rustc-check-cfg=cfg(v8_performance_sbf)");` to the top of the `build.rs`
    = note: see <https://doc.rust-lang.org/nightly/rustc/check-cfg/cargo-specifics.html> for more information about checking conditional configuration

warning: unexpected `cfg` condition name: `v8_performance_sbf`
  --> /home/dombarker/project-offloads/aspis-r20-r117-primal-20260930-a/crates/aspis-statement/src/pool_v1/r58_tag_base.rs:32:11
   |
32 | #[cfg(not(v8_performance_sbf))]
   |           ^^^^^^^^^^^^^^^^^^
   |
   = help: consider using a Cargo feature instead
   = help: or consider adding in `Cargo.toml` the `check-cfg` lint config for the lint:
            [lints.rust]
            unexpected_cfgs = { level = "warn", check-cfg = ['cfg(v8_performance_sbf)'] }
   = help: or consider adding `println!("cargo::rustc-check-cfg=cfg(v8_performance_sbf)");` to the top of the `build.rs`
   = note: see <https://doc.rust-lang.org/nightly/rustc/check-cfg/cargo-specifics.html> for more information about checking conditional configuration

warning: unexpected `cfg` condition name: `v8_performance_sbf`
   --> /home/dombarker/project-offloads/aspis-r20-r117-primal-20260930-a/crates/aspis-statement/src/pool_v1/r114_tag.rs:141:11
    |
141 | #[cfg(not(v8_performance_sbf))]
    |           ^^^^^^^^^^^^^^^^^^
    |
    = help: consider using a Cargo feature instead
    = help: or consider adding in `Cargo.toml` the `check-cfg` lint config for the lint:
             [lints.rust]
             unexpected_cfgs = { level = "warn", check-cfg = ['cfg(v8_performance_sbf)'] }
    = help: or consider adding `println!("cargo::rustc-check-cfg=cfg(v8_performance_sbf)");` to the top of the `build.rs`
    = note: see <https://doc.rust-lang.org/nightly/rustc/check-cfg/cargo-specifics.html> for more information about checking conditional configuration

warning: unexpected `cfg` condition value: `solana`
   --> /home/dombarker/project-offloads/aspis-r20-r117-primal-20260930-a/crates/aspis-statement/src/pool_v1/pair_forest_terminal.rs:626:11
    |
626 | #[cfg(not(target_os = "solana"))]
    |           ^^^^^^^^^^^^^^^^^^^^
    |
    = note: expected values for `target_os` are: `aix`, `amdhsa`, `android`, `cuda`, `cygwin`, `dragonfly`, `emscripten`, `espidf`, `freebsd`, `fuchsia`, `haiku`, `helenos`, `hermit`, `horizon`, `hurd`, `illumos`, `ios`, `l4re`, `linux`, `lynxos178`, `macos`, `managarm`, `motor`, `netbsd`, `none`, `nto`, `nuttx`, `openbsd`, `psp`, `psx`, `qurt`, `redox`, `rtems`, `solaris`, and `solid_asp3` and 14 more
    = note: see <https://doc.rust-lang.org/nightly/rustc/check-cfg/cargo-specifics.html> for more information about checking conditional configuration

warning: unexpected `cfg` condition value: `solana`
   --> /home/dombarker/project-offloads/aspis-r20-r117-primal-20260930-a/crates/aspis-statement/src/pool_v1/pair_forest_terminal.rs:803:11
    |
803 | #[cfg(not(target_os = "solana"))]
    |           ^^^^^^^^^^^^^^^^^^^^
    |
    = note: expected values for `target_os` are: `aix`, `amdhsa`, `android`, `cuda`, `cygwin`, `dragonfly`, `emscripten`, `espidf`, `freebsd`, `fuchsia`, `haiku`, `helenos`, `hermit`, `horizon`, `hurd`, `illumos`, `ios`, `l4re`, `linux`, `lynxos178`, `macos`, `managarm`, `motor`, `netbsd`, `none`, `nto`, `nuttx`, `openbsd`, `psp`, `psx`, `qurt`, `redox`, `rtems`, `solaris`, and `solid_asp3` and 14 more
    = note: see <https://doc.rust-lang.org/nightly/rustc/check-cfg/cargo-specifics.html> for more information about checking conditional configuration

warning: unused import: `decode_pool_v1_pair_late_public_statement_v1`
  --> /home/dombarker/project-offloads/aspis-r20-r117-primal-20260930-a/crates/aspis-statement/src/pool_v1/pair_forest_terminal.rs:15:5
   |
15 |     decode_pool_v1_pair_late_public_statement_v1, decode_pool_v1_pair_verified_afterstate_v1,
   |     ^^^^^^^^^^^^^^^^^^^^^^^^^^^^^^^^^^^^^^^^^^^^

warning: unused import: `pool_v1_note_commitment`
  --> /home/dombarker/project-offloads/aspis-r20-r117-primal-20260930-a/crates/aspis-statement/src/pool_v1/pair_trace.rs:50:5
   |
50 |     pool_v1_note_commitment, pool_v1_nullifier, pool_v1_tree_parent,
   |     ^^^^^^^^^^^^^^^^^^^^^^^

warning: unexpected `cfg` condition value: `solana`
   --> /home/dombarker/project-offloads/aspis-r20-r117-primal-20260930-a/crates/aspis-statement/src/pool_v1/root_history.rs:297:15
    |
297 |     #[cfg(not(target_os = "solana"))]
    |               ^^^^^^^^^^^^^^^^^^^^
    |
    = note: expected values for `target_os` are: `aix`, `amdhsa`, `android`, `cuda`, `cygwin`, `dragonfly`, `emscripten`, `espidf`, `freebsd`, `fuchsia`, `haiku`, `helenos`, `hermit`, `horizon`, `hurd`, `illumos`, `ios`, `l4re`, `linux`, `lynxos178`, `macos`, `managarm`, `motor`, `netbsd`, `none`, `nto`, `nuttx`, `openbsd`, `psp`, `psx`, `qurt`, `redox`, `rtems`, `solaris`, and `solid_asp3` and 14 more
    = note: see <https://doc.rust-lang.org/nightly/rustc/check-cfg/cargo-specifics.html> for more information about checking conditional configuration

warning: unexpected `cfg` condition value: `solana`
   --> /home/dombarker/project-offloads/aspis-r20-r117-primal-20260930-a/crates/aspis-statement/src/pool_v1/root_history.rs:312:15
    |
312 |     #[cfg(not(target_os = "solana"))]
    |               ^^^^^^^^^^^^^^^^^^^^
    |
    = note: expected values for `target_os` are: `aix`, `amdhsa`, `android`, `cuda`, `cygwin`, `dragonfly`, `emscripten`, `espidf`, `freebsd`, `fuchsia`, `haiku`, `helenos`, `hermit`, `horizon`, `hurd`, `illumos`, `ios`, `l4re`, `linux`, `lynxos178`, `macos`, `managarm`, `motor`, `netbsd`, `none`, `nto`, `nuttx`, `openbsd`, `psp`, `psx`, `qurt`, `redox`, `rtems`, `solaris`, and `solid_asp3` and 14 more
    = note: see <https://doc.rust-lang.org/nightly/rustc/check-cfg/cargo-specifics.html> for more information about checking conditional configuration

warning: unexpected `cfg` condition value: `solana`
   --> /home/dombarker/project-offloads/aspis-r20-r117-primal-20260930-a/crates/aspis-statement/src/pool_v1/root_history.rs:407:15
    |
407 |     #[cfg(not(target_os = "solana"))]
    |               ^^^^^^^^^^^^^^^^^^^^
    |
    = note: expected values for `target_os` are: `aix`, `amdhsa`, `android`, `cuda`, `cygwin`, `dragonfly`, `emscripten`, `espidf`, `freebsd`, `fuchsia`, `haiku`, `helenos`, `hermit`, `horizon`, `hurd`, `illumos`, `ios`, `l4re`, `linux`, `lynxos178`, `macos`, `managarm`, `motor`, `netbsd`, `none`, `nto`, `nuttx`, `openbsd`, `psp`, `psx`, `qurt`, `redox`, `rtems`, `solaris`, and `solid_asp3` and 14 more
    = note: see <https://doc.rust-lang.org/nightly/rustc/check-cfg/cargo-specifics.html> for more information about checking conditional configuration

warning: unexpected `cfg` condition value: `solana`
   --> /home/dombarker/project-offloads/aspis-r20-r117-primal-20260930-a/crates/aspis-statement/src/pool_v1/root_history.rs:421:15
    |
421 |     #[cfg(not(target_os = "solana"))]
    |               ^^^^^^^^^^^^^^^^^^^^
    |
    = note: expected values for `target_os` are: `aix`, `amdhsa`, `android`, `cuda`, `cygwin`, `dragonfly`, `emscripten`, `espidf`, `freebsd`, `fuchsia`, `haiku`, `helenos`, `hermit`, `horizon`, `hurd`, `illumos`, `ios`, `l4re`, `linux`, `lynxos178`, `macos`, `managarm`, `motor`, `netbsd`, `none`, `nto`, `nuttx`, `openbsd`, `psp`, `psx`, `qurt`, `redox`, `rtems`, `solaris`, and `solid_asp3` and 14 more
    = note: see <https://doc.rust-lang.org/nightly/rustc/check-cfg/cargo-specifics.html> for more information about checking conditional configuration

warning: unexpected `cfg` condition value: `solana`
   --> /home/dombarker/project-offloads/aspis-r20-r117-primal-20260930-a/crates/aspis-statement/src/state_only_poseidon.rs:639:11
    |
639 | #[cfg(not(target_os = "solana"))]
    |           ^^^^^^^^^^^^^^^^^^^^
    |
    = note: expected values for `target_os` are: `aix`, `amdhsa`, `android`, `cuda`, `cygwin`, `dragonfly`, `emscripten`, `espidf`, `freebsd`, `fuchsia`, `haiku`, `helenos`, `hermit`, `horizon`, `hurd`, `illumos`, `ios`, `l4re`, `linux`, `lynxos178`, `macos`, `managarm`, `motor`, `netbsd`, `none`, `nto`, `nuttx`, `openbsd`, `psp`, `psx`, `qurt`, `redox`, `rtems`, `solaris`, and `solid_asp3` and 14 more
    = note: see <https://doc.rust-lang.org/nightly/rustc/check-cfg/cargo-specifics.html> for more information about checking conditional configuration

warning: unused imports: `trace_round_constant` and `trace_round_descriptor`
  --> /home/dombarker/project-offloads/aspis-r20-r117-primal-20260930-a/crates/aspis-statement/src/state_only_poseidon.rs:18:5
   |
18 |     trace_round_constant, trace_round_descriptor, EXTERNAL_FINAL, EXTERNAL_INITIAL, INTERNAL,
   |     ^^^^^^^^^^^^^^^^^^^^  ^^^^^^^^^^^^^^^^^^^^^^

warning: type `state_only_terminal::CompiledCopyLink` is more private than the item `state_only_terminal::constants::COMPILED_COPY_LINKS`
   --> /home/dombarker/project-offloads/aspis-r20-r117-primal-20260930-a/crates/aspis-statement/src/state_only_terminal_constants.rs:850:1
    |
850 | pub(crate) const COMPILED_COPY_LINKS: [CompiledCopyLink; 102] = [
    | ^^^^^^^^^^^^^^^^^^^^^^^^^^^^^^^^^^^^^^^^^^^^^^^^^^^^^^^^^^^^^ constant `state_only_terminal::constants::COMPILED_COPY_LINKS` is reachable at visibility `pub(crate)`
    |
note: but type `state_only_terminal::CompiledCopyLink` is only usable at visibility `pub(self)`
   --> /home/dombarker/project-offloads/aspis-r20-r117-primal-20260930-a/crates/aspis-statement/src/state_only_terminal.rs:88:1
    |
 88 | struct CompiledCopyLink {
    | ^^^^^^^^^^^^^^^^^^^^^^^
    = note: `#[warn(private_interfaces)]` on by default

warning: fields `kinds`, `columns`, and `scales` are never read
  --> /home/dombarker/project-offloads/aspis-r20-r117-primal-20260930-a/crates/aspis-statement/src/atomic_state_only_terminal.rs:59:5
   |
57 | struct CompiledAtomicPattern {
   |        --------------------- fields in this struct
58 |     /// 0 = zero, 1 = constant, 2 = affine local cell.
59 |     kinds: [u8; 16],
   |     ^^^^^
60 |     columns: [u8; 16],
   |     ^^^^^^^
61 |     scales: [u32; 16],
   |     ^^^^^^
   |
   = note: `CompiledAtomicPattern` has a derived impl for the trait `Clone`, but this is intentionally ignored during dead code analysis
   = note: `#[warn(dead_code)]` (part of `#[warn(unused)]`) on by default

warning: fields `row`, `slot`, and `pattern` are never read
  --> /home/dombarker/project-offloads/aspis-r20-r117-primal-20260930-a/crates/aspis-statement/src/atomic_state_only_terminal.rs:67:5
   |
66 | struct CompiledAtomicCopyEndpoint {
   |        -------------------------- fields in this struct
67 |     row: u16,
   |     ^^^
68 |     slot: u8,
   |     ^^^^
69 |     pattern: u8,
   |     ^^^^^^^
   |
   = note: `CompiledAtomicCopyEndpoint` has a derived impl for the trait `Clone`, but this is intentionally ignored during dead code analysis

warning: fields `tag`, `producer`, and `consumer` are never read
  --> /home/dombarker/project-offloads/aspis-r20-r117-primal-20260930-a/crates/aspis-statement/src/atomic_state_only_terminal.rs:74:5
   |
73 | struct CompiledAtomicCopyLink {
   |        ---------------------- fields in this struct
74 |     tag: u32,
   |     ^^^
75 |     producer: CompiledAtomicCopyEndpoint,
   |     ^^^^^^^^
76 |     consumer: CompiledAtomicCopyEndpoint,
   |     ^^^^^^^^
   |
   = note: `CompiledAtomicCopyLink` has a derived impl for the trait `Clone`, but this is intentionally ignored during dead code analysis

warning: struct `AtomicSemanticSelectors` is never constructed
   --> /home/dombarker/project-offloads/aspis-r20-r117-primal-20260930-a/crates/aspis-statement/src/atomic_state_only_terminal.rs:297:8
    |
297 | struct AtomicSemanticSelectors {
    |        ^^^^^^^^^^^^^^^^^^^^^^^

warning: associated items `at_point`, `row`, and `poseidon` are never used
   --> /home/dombarker/project-offloads/aspis-r20-r117-primal-20260930-a/crates/aspis-statement/src/atomic_state_only_terminal.rs:305:8
    |
304 | impl AtomicSemanticSelectors {
    | ---------------------------- associated items in this implementation
305 |     fn at_point(point: &[QM31; 10]) -> Self {
    |        ^^^^^^^^
...
327 |     fn row(&self, row: usize) -> QM31 {
    |        ^^^
...
331 |     fn poseidon(&self) -> StateOnlyPoseidonSelectors {
    |        ^^^^^^^^

warning: constant `COMPILED_ATOMIC_COPY_ACTIVE_ROWS` is never used
 --> /home/dombarker/project-offloads/aspis-r20-r117-primal-20260930-a/crates/aspis-statement/src/atomic_state_only_terminal_constants_legacy_partition.rs:6:18
  |
6 | pub(crate) const COMPILED_ATOMIC_COPY_ACTIVE_ROWS: [u16; 210] = [11, 12, 27, 28, 32, 43, 44, 48, 59, 60, 64, 75, 76, 80, 91, 92, 96, ...
  |                  ^^^^^^^^^^^^^^^^^^^^^^^^^^^^^^^^

warning: constant `COMPILED_ATOMIC_COPY_ACTIVE_ROWS_FINGERPRINT` is never used
 --> /home/dombarker/project-offloads/aspis-r20-r117-primal-20260930-a/crates/aspis-statement/src/atomic_state_only_terminal_constants_legacy_partition.rs:7:18
  |
7 | pub(crate) const COMPILED_ATOMIC_COPY_ACTIVE_ROWS_FINGERPRINT: u64 = 0xfc90f89be110b6f5;
  |                  ^^^^^^^^^^^^^^^^^^^^^^^^^^^^^^^^^^^^^^^^^^^^

warning: constant `ATOMIC_COPY_PATTERNS` is never used
  --> /home/dombarker/project-offloads/aspis-r20-r117-primal-20260930-a/crates/aspis-statement/src/atomic_state_only_terminal_constants_legacy_partition.rs:16:18
   |
16 | pub(crate) const ATOMIC_COPY_PATTERNS: [CompiledAtomicPattern; 15] = [
   |                  ^^^^^^^^^^^^^^^^^^^^

warning: constant `COMPILED_ATOMIC_COPY_LINKS` is never used
  --> /home/dombarker/project-offloads/aspis-r20-r117-primal-20260930-a/crates/aspis-statement/src/atomic_state_only_terminal_constants_legacy_partition.rs:40:18
   |
40 | pub(crate) const COMPILED_ATOMIC_COPY_LINKS: [CompiledAtomicCopyLink; 183] = [
   |                  ^^^^^^^^^^^^^^^^^^^^^^^^^^

warning: function `compose_direct_range_terminal_packed_residuals` is never used
   --> /home/dombarker/project-offloads/aspis-r20-r117-primal-20260930-a/crates/aspis-statement/src/constraints_v4.rs:371:4
    |
371 | fn compose_direct_range_terminal_packed_residuals(
    |    ^^^^^^^^^^^^^^^^^^^^^^^^^^^^^^^^^^^^^^^^^^^^^^

warning: function `eq_row` is never used
   --> /home/dombarker/project-offloads/aspis-r20-r117-primal-20260930-a/crates/aspis-statement/src/constraints_v4.rs:588:4
    |
588 | fn eq_row(point: &[QM31; 10], row: usize) -> QM31 {
    |    ^^^^^^

warning: function `compress_opened_tuple` is never used
    --> /home/dombarker/project-offloads/aspis-r20-r117-primal-20260930-a/crates/aspis-statement/src/constraints_v4.rs:1184:4
     |
1184 | fn compress_opened_tuple(
     |    ^^^^^^^^^^^^^^^^^^^^^

warning: constant `COPY_ROUTING_EXPANDED_FACTOR_SUPPORT` is never used
    --> /home/dombarker/project-offloads/aspis-r20-r117-primal-20260930-a/crates/aspis-statement/src/constraints_v4.rs:1203:7
     |
1203 | const COPY_ROUTING_EXPANDED_FACTOR_SUPPORT: usize = 674;
     |       ^^^^^^^^^^^^^^^^^^^^^^^^^^^^^^^^^^^^

warning: function `evaluate_exceptional_copy_routing_direct` is never used
    --> /home/dombarker/project-offloads/aspis-r20-r117-primal-20260930-a/crates/aspis-statement/src/constraints_v4.rs:1717:4
     |
1717 | fn evaluate_exceptional_copy_routing_direct(
     |    ^^^^^^^^^^^^^^^^^^^^^^^^^^^^^^^^^^^^^^^^

warning: function `lift` is never used
  --> /home/dombarker/project-offloads/aspis-r20-r117-primal-20260930-a/crates/aspis-statement/src/direct_range_hiding_v4.rs:67:4
   |
67 | fn lift(value: M31) -> QM31 {
   |    ^^^^

warning: fields `kinds`, `columns`, and `offsets` are never read
  --> /home/dombarker/project-offloads/aspis-r20-r117-primal-20260930-a/crates/aspis-statement/src/pool_v1/pair_forest_copy_terminal.rs:82:5
   |
80 | struct CompiledPoolV1PairForestPattern {
   |        ------------------------------- fields in this struct
81 |     /// 0 = zero, 1 = row-local C1 cell plus a canonical M31 offset.
82 |     kinds: [u8; POSEIDON2_WIDTH],
   |     ^^^^^
83 |     columns: [u8; POSEIDON2_WIDTH],
   |     ^^^^^^^
84 |     offsets: [u32; POSEIDON2_WIDTH],
   |     ^^^^^^^
   |
   = note: `CompiledPoolV1PairForestPattern` has a derived impl for the trait `Clone`, but this is intentionally ignored during dead code analysis

warning: function `add_binary_weight` is never used
   --> /home/dombarker/project-offloads/aspis-r20-r117-primal-20260930-a/crates/aspis-statement/src/pool_v1/pair_forest_copy_terminal.rs:384:4
    |
384 | fn add_binary_weight(sum: QM31, selector: QM31, weight: M31) -> QM31 {
    |    ^^^^^^^^^^^^^^^^^

warning: struct `EndpointSelectorCache` is never constructed
   --> /home/dombarker/project-offloads/aspis-r20-r117-primal-20260930-a/crates/aspis-statement/src/pool_v1/pair_forest_copy_terminal.rs:396:8
    |
396 | struct EndpointSelectorCache {
    |        ^^^^^^^^^^^^^^^^^^^^^

warning: associated items `new` and `selector` are never used
   --> /home/dombarker/project-offloads/aspis-r20-r117-primal-20260930-a/crates/aspis-statement/src/pool_v1/pair_forest_copy_terminal.rs:403:8
    |
402 | impl EndpointSelectorCache {
    | -------------------------- associated items in this implementation
403 |     fn new() -> Self {
    |        ^^^
...
411 |     fn selector(&mut self, row: u16, selectors: &Selectors) -> QM31 {
    |        ^^^^^^^^

warning: function `accumulate_endpoint` is never used
   --> /home/dombarker/project-offloads/aspis-r20-r117-primal-20260930-a/crates/aspis-statement/src/pool_v1/pair_forest_copy_terminal.rs:424:4
    |
424 | fn accumulate_endpoint(
    |    ^^^^^^^^^^^^^^^^^^^

warning: constant `COPY_PATTERN_GROUP_SUPPORT` is never used
   --> /home/dombarker/project-offloads/aspis-r20-r117-primal-20260930-a/crates/aspis-statement/src/pool_v1/pair_forest_copy_terminal.rs:456:7
    |
456 | const COPY_PATTERN_GROUP_SUPPORT: [u16; 4] = [0x0ed7, 0x2042, 0x1dcb, 0x01e2];
    |       ^^^^^^^^^^^^^^^^^^^^^^^^^^

warning: constant `COPY_PATTERN_COORDINATES` is never used
   --> /home/dombarker/project-offloads/aspis-r20-r117-primal-20260930-a/crates/aspis-statement/src/pool_v1/pair_forest_copy_terminal.rs:458:7
    |
458 | const COPY_PATTERN_COORDINATES: [[u8; POOL_V1_PAIR_FOREST_COPY_TERMINAL_PATTERNS_V1]; 4] = [
    |       ^^^^^^^^^^^^^^^^^^^^^^^^

warning: constant `COPY_SELECTOR_TENSOR_TAG_OFFSET` is never used
   --> /home/dombarker/project-offloads/aspis-r20-r117-primal-20260930-a/crates/aspis-statement/src/pool_v1/pair_forest_copy_terminal.rs:593:7
    |
593 | const COPY_SELECTOR_TENSOR_TAG_OFFSET: usize = 0;
    |       ^^^^^^^^^^^^^^^^^^^^^^^^^^^^^^^

warning: function `copy_tag_coordinate_dot` is never used
   --> /home/dombarker/project-offloads/aspis-r20-r117-primal-20260930-a/crates/aspis-statement/src/pool_v1/pair_forest_copy_terminal.rs:678:4
    |
678 | fn copy_tag_coordinate_dot(coordinate: usize, selectors: &Selectors) -> QM31 {
    |    ^^^^^^^^^^^^^^^^^^^^^^^

warning: function `copy_tag_coordinate_value` is never used
   --> /home/dombarker/project-offloads/aspis-r20-r117-primal-20260930-a/crates/aspis-statement/src/pool_v1/pair_forest_copy_terminal.rs:735:4
    |
735 | fn copy_tag_coordinate_value(_scratch: &[QM31], coordinate: usize, selectors: &Selectors) -> QM31 {
    |    ^^^^^^^^^^^^^^^^^^^^^^^^^

warning: function `accumulate_endpoint_pattern_basis` is never used
   --> /home/dombarker/project-offloads/aspis-r20-r117-primal-20260930-a/crates/aspis-statement/src/pool_v1/pair_forest_copy_terminal.rs:748:4
    |
748 | fn accumulate_endpoint_pattern_basis(
    |    ^^^^^^^^^^^^^^^^^^^^^^^^^^^^^^^^^

warning: function `add_digest_binding_packed` is never used
   --> /home/dombarker/project-offloads/aspis-r20-r117-primal-20260930-a/crates/aspis-statement/src/pool_v1/pair_forest_semantic_terminal.rs:705:4
    |
705 | fn add_digest_binding_packed(
    |    ^^^^^^^^^^^^^^^^^^^^^^^^^

warning: function `left_digest_packed_selector_tensor` is never used
   --> /home/dombarker/project-offloads/aspis-r20-r117-primal-20260930-a/crates/aspis-statement/src/pool_v1/pair_forest_semantic_terminal.rs:826:4
    |
826 | fn left_digest_packed_selector_tensor(
    |    ^^^^^^^^^^^^^^^^^^^^^^^^^^^^^^^^^^

warning: function `optional_recipient_packed_selector_tensor` is never used
   --> /home/dombarker/project-offloads/aspis-r20-r117-primal-20260930-a/crates/aspis-statement/src/pool_v1/pair_forest_semantic_terminal.rs:855:4
    |
855 | fn optional_recipient_packed_selector_tensor(
    |    ^^^^^^^^^^^^^^^^^^^^^^^^^^^^^^^^^^^^^^^^^

warning: function `append_level_packed_selector_tensor` is never used
   --> /home/dombarker/project-offloads/aspis-r20-r117-primal-20260930-a/crates/aspis-statement/src/pool_v1/pair_forest_semantic_terminal.rs:887:4
    |
887 | fn append_level_packed_selector_tensor(
    |    ^^^^^^^^^^^^^^^^^^^^^^^^^^^^^^^^^^^

warning: function `append_levels_packed_selector_tensor` is never used
   --> /home/dombarker/project-offloads/aspis-r20-r117-primal-20260930-a/crates/aspis-statement/src/pool_v1/pair_forest_semantic_terminal.rs:948:4
    |
948 | fn append_levels_packed_selector_tensor(
    |    ^^^^^^^^^^^^^^^^^^^^^^^^^^^^^^^^^^^^

warning: function `optional_carry_packed_selector_tensor` is never used
   --> /home/dombarker/project-offloads/aspis-r20-r117-primal-20260930-a/crates/aspis-statement/src/pool_v1/pair_forest_semantic_terminal.rs:982:4
    |
982 | fn optional_carry_packed_selector_tensor(
    |    ^^^^^^^^^^^^^^^^^^^^^^^^^^^^^^^^^^^^^

warning: function `public_digest_packed_selector_tensor` is never used
    --> /home/dombarker/project-offloads/aspis-r20-r117-primal-20260930-a/crates/aspis-statement/src/pool_v1/pair_forest_semantic_terminal.rs:1026:4
     |
1026 | fn public_digest_packed_selector_tensor(
     |    ^^^^^^^^^^^^^^^^^^^^^^^^^^^^^^^^^^^^

warning: function `merkle_node_sponge_v2` is never used
   --> /home/dombarker/project-offloads/aspis-r20-r117-primal-20260930-a/crates/aspis-statement/src/poseidon2.rs:480:15
    |
480 | pub(crate) fn merkle_node_sponge_v2(left: &Digest, right: &Digest) -> Digest {
    |               ^^^^^^^^^^^^^^^^^^^^^

warning: fields `row`, `slot`, `present`, and `columns` are never read
  --> /home/dombarker/project-offloads/aspis-r20-r117-primal-20260930-a/crates/aspis-statement/src/state_only_terminal.rs:81:5
   |
80 | struct CompiledCopyEndpoint {
   |        -------------------- fields in this struct
81 |     row: u16,
   |     ^^^
82 |     slot: u8,
   |     ^^^^
83 |     present: u16,
   |     ^^^^^^^
84 |     columns: u64,
   |     ^^^^^^^
   |
   = note: `CompiledCopyEndpoint` has a derived impl for the trait `Clone`, but this is intentionally ignored during dead code analysis

warning: fields `tag`, `producer`, and `consumer` are never read
  --> /home/dombarker/project-offloads/aspis-r20-r117-primal-20260930-a/crates/aspis-statement/src/state_only_terminal.rs:89:5
   |
88 | struct CompiledCopyLink {
   |        ---------------- fields in this struct
89 |     tag: u32,
   |     ^^^
90 |     producer: CompiledCopyEndpoint,
   |     ^^^^^^^^
91 |     consumer: CompiledCopyEndpoint,
   |     ^^^^^^^^
   |
   = note: `CompiledCopyLink` has a derived impl for the trait `Clone`, but this is intentionally ignored during dead code analysis

warning: function `append_link` is never used
    --> /home/dombarker/project-offloads/aspis-r20-r117-primal-20260930-a/crates/aspis-statement/src/trace_v4.rs:1017:4
     |
1017 | fn append_link(
     |    ^^^^^^^^^^^

warning: function `append_intra_permutation_links` is never used
    --> /home/dombarker/project-offloads/aspis-r20-r117-primal-20260930-a/crates/aspis-statement/src/trace_v4.rs:1048:4
     |
1048 | fn append_intra_permutation_links(layout: &mut CopyLayout) {
     |    ^^^^^^^^^^^^^^^^^^^^^^^^^^^^^^

warning: function `append_sponge_continuation_links` is never used
    --> /home/dombarker/project-offloads/aspis-r20-r117-primal-20260930-a/crates/aspis-statement/src/trace_v4.rs:1067:4
     |
1067 | fn append_sponge_continuation_links(layout: &mut CopyLayout) {
     |    ^^^^^^^^^^^^^^^^^^^^^^^^^^^^^^^^

warning: function `append_merkle_level_links` is never used
    --> /home/dombarker/project-offloads/aspis-r20-r117-primal-20260930-a/crates/aspis-statement/src/trace_v4.rs:1090:4
     |
1090 | fn append_merkle_level_links(layout: &mut CopyLayout) {
     |    ^^^^^^^^^^^^^^^^^^^^^^^^^

warning: function `append_semantic_ingress_links` is never used
    --> /home/dombarker/project-offloads/aspis-r20-r117-primal-20260930-a/crates/aspis-statement/src/trace_v4.rs:1107:4
     |
1107 | fn append_semantic_ingress_links(layout: &mut CopyLayout) {
     |    ^^^^^^^^^^^^^^^^^^^^^^^^^^^^^

warning: function `append_absorption_links` is never used
    --> /home/dombarker/project-offloads/aspis-r20-r117-primal-20260930-a/crates/aspis-statement/src/trace_v4.rs:1163:4
     |
1163 | fn append_absorption_links(layout: &mut CopyLayout) {
     |    ^^^^^^^^^^^^^^^^^^^^^^^

warning: function `append_value_reconstruction_links` is never used
    --> /home/dombarker/project-offloads/aspis-r20-r117-primal-20260930-a/crates/aspis-statement/src/trace_v4.rs:1190:4
     |
1190 | fn append_value_reconstruction_links(layout: &mut CopyLayout) {
     |    ^^^^^^^^^^^^^^^^^^^^^^^^^^^^^^^^^

warning: `aspis-statement` (lib) generated 102 warnings (run `cargo fix --lib -p aspis-statement` to apply 4 suggestions)
   Compiling aspis-v8-performance-host v0.0.0 (/home/dombarker/project-offloads/aspis-r20-r117-primal-20260930-a/docs/research/v8-no-work-100-20260907/experiments/performance-host)
error[E0432]: unresolved import `super::inactive_binding`
   --> ../r17_host_relation.rs:2:5
    |
  2 | use super::inactive_binding as row;
    |     ^^^^^^^^^^^^^^^^^^^^^^^^^^^^^^ no `inactive_binding` in the root
    |
note: found an item that was configured out
   --> ../relation_callback.rs:324:39
    |
323 | #[cfg(any(v8_inactive_binding,v8_radius_boundary,v8_payment_extraction,v8_performance_sbf))]
    |          --------------------------------------------------------------------------------- the item is gated here
324 | #[path="inactive_row_binding.rs"] mod inactive_binding;
    |                                       ^^^^^^^^^^^^^^^^

error[E0433]: cannot find module or crate `circle_norm` in this scope
   --> ../r17_host_relation.rs:164:27
    |
164 |     let selected_points = circle_norm::Selected::new(queries)?;
    |                           ^^^^^^^^^^^ use of unresolved module or unlinked crate `circle_norm`
    |
note: found an item that was configured out
   --> ../relation_callback.rs:47:30
    |
 46 | #[cfg(any(v8_circle_norm,test))]
    |          --------------------- the item is gated here
 47 | #[path="circle_norm.rs"] mod circle_norm;
    |                              ^^^^^^^^^^^
help: to make use of source file ../circle_norm.rs, use `mod circle_norm` in this file to declare the module
   --> ../relation_callback.rs:6:1
    |
  6 + mod circle_norm;
    |

error[E0433]: cannot find module or crate `quotient_fold` in this scope
   --> ../r17_host_relation.rs:187:23
    |
187 |     let prepared_fold=quotient_fold::Prepared::new(alpha);
    |                       ^^^^^^^^^^^^^ use of unresolved module or unlinked crate `quotient_fold`
    |
note: found an item that was configured out
   --> ../relation_callback.rs:49:32
    |
 48 | #[cfg(v8_quotient_fused)]
    |       ----------------- the item is gated here
 49 | #[path="quotient_fold.rs"] mod quotient_fold;
    |                                ^^^^^^^^^^^^^
help: there is an enum variant `aspis_statement::state_only_terminal::StateOnlyTerminalDiagnosticPhase::Prepared` and 1 other; try using the variant's enum
    |
187 -     let prepared_fold=quotient_fold::Prepared::new(alpha);
187 +     let prepared_fold=aspis_statement::state_only_terminal::StateOnlyTerminalDiagnosticPhase::new(alpha);
    |
187 -     let prepared_fold=quotient_fold::Prepared::new(alpha);
187 +     let prepared_fold=aspis_statement::state_only_verify::StateOnlyRelationStructuralPhase::new(alpha);
    |
help: to make use of source file ../quotient_fold.rs, use `mod quotient_fold` in this file to declare the module
   --> ../relation_callback.rs:6:1
    |
  6 + mod quotient_fold;
    |

error[E0433]: cannot find module or crate `circle_norm` in this scope
   --> ../r17_host_relation.rs:331:27
    |
331 |     let selected_points = circle_norm::Selected::new(queries)?;
    |                           ^^^^^^^^^^^ use of unresolved module or unlinked crate `circle_norm`
    |
note: found an item that was configured out
   --> ../relation_callback.rs:47:30
    |
 46 | #[cfg(any(v8_circle_norm,test))]
    |          --------------------- the item is gated here
 47 | #[path="circle_norm.rs"] mod circle_norm;
    |                              ^^^^^^^^^^^
help: to make use of source file ../circle_norm.rs, use `mod circle_norm` in this file to declare the module
   --> ../relation_callback.rs:6:1
    |
  6 + mod circle_norm;
    |

error[E0433]: cannot find module or crate `quotient_fold` in this scope
   --> ../r17_host_relation.rs:354:23
    |
354 |     let prepared_fold=quotient_fold::Prepared::new(alpha);
    |                       ^^^^^^^^^^^^^ use of unresolved module or unlinked crate `quotient_fold`
    |
note: found an item that was configured out
   --> ../relation_callback.rs:49:32
    |
 48 | #[cfg(v8_quotient_fused)]
    |       ----------------- the item is gated here
 49 | #[path="quotient_fold.rs"] mod quotient_fold;
    |                                ^^^^^^^^^^^^^
help: there is an enum variant `aspis_statement::state_only_terminal::StateOnlyTerminalDiagnosticPhase::Prepared` and 1 other; try using the variant's enum
    |
354 -     let prepared_fold=quotient_fold::Prepared::new(alpha);
354 +     let prepared_fold=aspis_statement::state_only_terminal::StateOnlyTerminalDiagnosticPhase::new(alpha);
    |
354 -     let prepared_fold=quotient_fold::Prepared::new(alpha);
354 +     let prepared_fold=aspis_statement::state_only_verify::StateOnlyRelationStructuralPhase::new(alpha);
    |
help: to make use of source file ../quotient_fold.rs, use `mod quotient_fold` in this file to declare the module
   --> ../relation_callback.rs:6:1
    |
  6 + mod quotient_fold;
    |

error[E0433]: cannot find module or crate `query_arithmetic` in this scope
   --> ../r17_host_relation.rs:356:18
    |
356 |     let powers = query_arithmetic::BetaCoefficients::new(p.gamma,beta);
    |                  ^^^^^^^^^^^^^^^^ use of unresolved module or unlinked crate `query_arithmetic`
    |
note: found an item that was configured out
   --> ../relation_callback.rs:59:35
    |
 58 | #[cfg(v8_gamma_wrap)]
    |       ------------- the item is gated here
 59 | #[path="query_arithmetic.rs"] mod query_arithmetic;
    |                                   ^^^^^^^^^^^^^^^^
help: to make use of source file ../query_arithmetic.rs, use `mod query_arithmetic` in this file to declare the module
   --> ../relation_callback.rs:6:1
    |
  6 + mod query_arithmetic;
    |

error[E0433]: cannot find module or crate `quotient_fold` in this scope
   --> ../r17_host_relation.rs:358:19
    |
358 |     let canonical=quotient_fold::Weighted::new(iv);
    |                   ^^^^^^^^^^^^^ use of unresolved module or unlinked crate `quotient_fold`
    |
note: found an item that was configured out
   --> ../relation_callback.rs:49:32
    |
 48 | #[cfg(v8_quotient_fused)]
    |       ----------------- the item is gated here
 49 | #[path="quotient_fold.rs"] mod quotient_fold;
    |                                ^^^^^^^^^^^^^
help: to make use of source file ../quotient_fold.rs, use `mod quotient_fold` in this file to declare the module
   --> ../relation_callback.rs:6:1
    |
  6 + mod quotient_fold;
    |

warning: unexpected `cfg` condition name: `v8_performance_sbf`
 --> ../relation_callback.rs:7:11
  |
7 | #[cfg(not(v8_performance_sbf))]
  |           ^^^^^^^^^^^^^^^^^^
  |
  = help: expected names are: `docsrs`, `feature`, and `test` and 32 more
  = help: consider using a Cargo feature instead
  = help: or consider adding in `Cargo.toml` the `check-cfg` lint config for the lint:
           [lints.rust]
           unexpected_cfgs = { level = "warn", check-cfg = ['cfg(v8_performance_sbf)'] }
  = help: or consider adding `println!("cargo::rustc-check-cfg=cfg(v8_performance_sbf)");` to the top of the `build.rs`
  = note: see <https://doc.rust-lang.org/nightly/rustc/check-cfg/cargo-specifics.html> for more information about checking conditional configuration
  = note: `#[warn(unexpected_cfgs)]` on by default

warning: unexpected `cfg` condition name: `v8_performance_sbf`
  --> ../relation_callback.rs:36:11
   |
36 | #[cfg(not(v8_performance_sbf))]
   |           ^^^^^^^^^^^^^^^^^^
   |
   = help: consider using a Cargo feature instead
   = help: or consider adding in `Cargo.toml` the `check-cfg` lint config for the lint:
            [lints.rust]
            unexpected_cfgs = { level = "warn", check-cfg = ['cfg(v8_performance_sbf)'] }
   = help: or consider adding `println!("cargo::rustc-check-cfg=cfg(v8_performance_sbf)");` to the top of the `build.rs`
   = note: see <https://doc.rust-lang.org/nightly/rustc/check-cfg/cargo-specifics.html> for more information about checking conditional configuration

warning: unexpected `cfg` condition name: `v8_leaf_record`
  --> ../relation_callback.rs:40:11
   |
40 | #[cfg(any(v8_leaf_record,test))]
   |           ^^^^^^^^^^^^^^
   |
   = help: consider using a Cargo feature instead
   = help: or consider adding in `Cargo.toml` the `check-cfg` lint config for the lint:
            [lints.rust]
            unexpected_cfgs = { level = "warn", check-cfg = ['cfg(v8_leaf_record)'] }
   = help: or consider adding `println!("cargo::rustc-check-cfg=cfg(v8_leaf_record)");` to the top of the `build.rs`
   = note: see <https://doc.rust-lang.org/nightly/rustc/check-cfg/cargo-specifics.html> for more information about checking conditional configuration

warning: unexpected `cfg` condition name: `v8_auth_order`
  --> ../relation_callback.rs:42:11
   |
42 | #[cfg(any(v8_auth_order,test))]
   |           ^^^^^^^^^^^^^
   |
   = help: consider using a Cargo feature instead
   = help: or consider adding in `Cargo.toml` the `check-cfg` lint config for the lint:
            [lints.rust]
            unexpected_cfgs = { level = "warn", check-cfg = ['cfg(v8_auth_order)'] }
   = help: or consider adding `println!("cargo::rustc-check-cfg=cfg(v8_auth_order)");` to the top of the `build.rs`
   = note: see <https://doc.rust-lang.org/nightly/rustc/check-cfg/cargo-specifics.html> for more information about checking conditional configuration

warning: unexpected `cfg` condition name: `v8_chord_norm`
  --> ../relation_callback.rs:44:11
   |
44 | #[cfg(any(v8_chord_norm,test))]
   |           ^^^^^^^^^^^^^
   |
   = help: consider using a Cargo feature instead
   = help: or consider adding in `Cargo.toml` the `check-cfg` lint config for the lint:
            [lints.rust]
            unexpected_cfgs = { level = "warn", check-cfg = ['cfg(v8_chord_norm)'] }
   = help: or consider adding `println!("cargo::rustc-check-cfg=cfg(v8_chord_norm)");` to the top of the `build.rs`
   = note: see <https://doc.rust-lang.org/nightly/rustc/check-cfg/cargo-specifics.html> for more information about checking conditional configuration

warning: unexpected `cfg` condition name: `v8_circle_norm`
  --> ../relation_callback.rs:46:11
   |
46 | #[cfg(any(v8_circle_norm,test))]
   |           ^^^^^^^^^^^^^^
   |
   = help: consider using a Cargo feature instead
   = help: or consider adding in `Cargo.toml` the `check-cfg` lint config for the lint:
            [lints.rust]
            unexpected_cfgs = { level = "warn", check-cfg = ['cfg(v8_circle_norm)'] }
   = help: or consider adding `println!("cargo::rustc-check-cfg=cfg(v8_circle_norm)");` to the top of the `build.rs`
   = note: see <https://doc.rust-lang.org/nightly/rustc/check-cfg/cargo-specifics.html> for more information about checking conditional configuration

warning: unexpected `cfg` condition name: `v8_quotient_fused`
  --> ../relation_callback.rs:48:7
   |
48 | #[cfg(v8_quotient_fused)]
   |       ^^^^^^^^^^^^^^^^^
   |
   = help: consider using a Cargo feature instead
   = help: or consider adding in `Cargo.toml` the `check-cfg` lint config for the lint:
            [lints.rust]
            unexpected_cfgs = { level = "warn", check-cfg = ['cfg(v8_quotient_fused)'] }
   = help: or consider adding `println!("cargo::rustc-check-cfg=cfg(v8_quotient_fused)");` to the top of the `build.rs`
   = note: see <https://doc.rust-lang.org/nightly/rustc/check-cfg/cargo-specifics.html> for more information about checking conditional configuration

warning: unexpected `cfg` condition name: `v8_affine_primal`
  --> ../relation_callback.rs:50:7
   |
50 | #[cfg(v8_affine_primal)]
   |       ^^^^^^^^^^^^^^^^
   |
   = help: consider using a Cargo feature instead
   = help: or consider adding in `Cargo.toml` the `check-cfg` lint config for the lint:
            [lints.rust]
            unexpected_cfgs = { level = "warn", check-cfg = ['cfg(v8_affine_primal)'] }
   = help: or consider adding `println!("cargo::rustc-check-cfg=cfg(v8_affine_primal)");` to the top of the `build.rs`
   = note: see <https://doc.rust-lang.org/nightly/rustc/check-cfg/cargo-specifics.html> for more information about checking conditional configuration

warning: unexpected `cfg` condition name: `v8_semantic_carry`
  --> ../relation_callback.rs:52:7
   |
52 | #[cfg(v8_semantic_carry)]
   |       ^^^^^^^^^^^^^^^^^
   |
   = help: consider using a Cargo feature instead
   = help: or consider adding in `Cargo.toml` the `check-cfg` lint config for the lint:
            [lints.rust]
            unexpected_cfgs = { level = "warn", check-cfg = ['cfg(v8_semantic_carry)'] }
   = help: or consider adding `println!("cargo::rustc-check-cfg=cfg(v8_semantic_carry)");` to the top of the `build.rs`
   = note: see <https://doc.rust-lang.org/nightly/rustc/check-cfg/cargo-specifics.html> for more information about checking conditional configuration

warning: unexpected `cfg` condition name: `v8_semantic_boundary`
  --> ../relation_callback.rs:54:7
   |
54 | #[cfg(v8_semantic_boundary)]
   |       ^^^^^^^^^^^^^^^^^^^^
   |
   = help: consider using a Cargo feature instead
   = help: or consider adding in `Cargo.toml` the `check-cfg` lint config for the lint:
            [lints.rust]
            unexpected_cfgs = { level = "warn", check-cfg = ['cfg(v8_semantic_boundary)'] }
   = help: or consider adding `println!("cargo::rustc-check-cfg=cfg(v8_semantic_boundary)");` to the top of the `build.rs`
   = note: see <https://doc.rust-lang.org/nightly/rustc/check-cfg/cargo-specifics.html> for more information about checking conditional configuration

warning: unexpected `cfg` condition name: `v8_shared_gamma`
  --> ../relation_callback.rs:56:7
   |
56 | #[cfg(v8_shared_gamma)]
   |       ^^^^^^^^^^^^^^^
   |
   = help: consider using a Cargo feature instead
   = help: or consider adding in `Cargo.toml` the `check-cfg` lint config for the lint:
            [lints.rust]
            unexpected_cfgs = { level = "warn", check-cfg = ['cfg(v8_shared_gamma)'] }
   = help: or consider adding `println!("cargo::rustc-check-cfg=cfg(v8_shared_gamma)");` to the top of the `build.rs`
   = note: see <https://doc.rust-lang.org/nightly/rustc/check-cfg/cargo-specifics.html> for more information about checking conditional configuration

warning: unexpected `cfg` condition name: `v8_gamma_wrap`
  --> ../relation_callback.rs:58:7
   |
58 | #[cfg(v8_gamma_wrap)]
   |       ^^^^^^^^^^^^^
   |
   = help: consider using a Cargo feature instead
   = help: or consider adding in `Cargo.toml` the `check-cfg` lint config for the lint:
            [lints.rust]
            unexpected_cfgs = { level = "warn", check-cfg = ['cfg(v8_gamma_wrap)'] }
   = help: or consider adding `println!("cargo::rustc-check-cfg=cfg(v8_gamma_wrap)");` to the top of the `build.rs`
   = note: see <https://doc.rust-lang.org/nightly/rustc/check-cfg/cargo-specifics.html> for more information about checking conditional configuration

warning: unexpected `cfg` condition name: `v8_positive_transfer`
  --> ../relation_callback.rs:60:7
   |
60 | #[cfg(v8_positive_transfer)]
   |       ^^^^^^^^^^^^^^^^^^^^
   |
   = help: consider using a Cargo feature instead
   = help: or consider adding in `Cargo.toml` the `check-cfg` lint config for the lint:
            [lints.rust]
            unexpected_cfgs = { level = "warn", check-cfg = ['cfg(v8_positive_transfer)'] }
   = help: or consider adding `println!("cargo::rustc-check-cfg=cfg(v8_positive_transfer)");` to the top of the `build.rs`
   = note: see <https://doc.rust-lang.org/nightly/rustc/check-cfg/cargo-specifics.html> for more information about checking conditional configuration

warning: unexpected `cfg` condition name: `v8_performance_sbf`
  --> ../relation_callback.rs:63:11
   |
63 | #[cfg(not(v8_performance_sbf))]
   |           ^^^^^^^^^^^^^^^^^^
   |
   = help: consider using a Cargo feature instead
   = help: or consider adding in `Cargo.toml` the `check-cfg` lint config for the lint:
            [lints.rust]
            unexpected_cfgs = { level = "warn", check-cfg = ['cfg(v8_performance_sbf)'] }
   = help: or consider adding `println!("cargo::rustc-check-cfg=cfg(v8_performance_sbf)");` to the top of the `build.rs`
   = note: see <https://doc.rust-lang.org/nightly/rustc/check-cfg/cargo-specifics.html> for more information about checking conditional configuration

warning: unexpected `cfg` condition name: `v8_performance_sbf`
  --> ../relation_callback.rs:68:7
   |
68 | #[cfg(v8_performance_sbf)]
   |       ^^^^^^^^^^^^^^^^^^
   |
   = help: consider using a Cargo feature instead
   = help: or consider adding in `Cargo.toml` the `check-cfg` lint config for the lint:
            [lints.rust]
            unexpected_cfgs = { level = "warn", check-cfg = ['cfg(v8_performance_sbf)'] }
   = help: or consider adding `println!("cargo::rustc-check-cfg=cfg(v8_performance_sbf)");` to the top of the `build.rs`
   = note: see <https://doc.rust-lang.org/nightly/rustc/check-cfg/cargo-specifics.html> for more information about checking conditional configuration

warning: unexpected `cfg` condition name: `v8_query_kernels`
  --> ../relation_callback.rs:74:11
   |
74 | #[cfg(not(v8_query_kernels))]
   |           ^^^^^^^^^^^^^^^^
   |
   = help: consider using a Cargo feature instead
   = help: or consider adding in `Cargo.toml` the `check-cfg` lint config for the lint:
            [lints.rust]
            unexpected_cfgs = { level = "warn", check-cfg = ['cfg(v8_query_kernels)'] }
   = help: or consider adding `println!("cargo::rustc-check-cfg=cfg(v8_query_kernels)");` to the top of the `build.rs`
   = note: see <https://doc.rust-lang.org/nightly/rustc/check-cfg/cargo-specifics.html> for more information about checking conditional configuration

warning: unexpected `cfg` condition name: `v8_query_kernels`
  --> ../relation_callback.rs:91:11
   |
91 | #[cfg(all(v8_query_kernels,not(v8_affine_primal)))]
   |           ^^^^^^^^^^^^^^^^
   |
   = help: consider using a Cargo feature instead
   = help: or consider adding in `Cargo.toml` the `check-cfg` lint config for the lint:
            [lints.rust]
            unexpected_cfgs = { level = "warn", check-cfg = ['cfg(v8_query_kernels)'] }
   = help: or consider adding `println!("cargo::rustc-check-cfg=cfg(v8_query_kernels)");` to the top of the `build.rs`
   = note: see <https://doc.rust-lang.org/nightly/rustc/check-cfg/cargo-specifics.html> for more information about checking conditional configuration

warning: unexpected `cfg` condition name: `v8_affine_primal`
  --> ../relation_callback.rs:91:32
   |
91 | #[cfg(all(v8_query_kernels,not(v8_affine_primal)))]
   |                                ^^^^^^^^^^^^^^^^
   |
   = help: consider using a Cargo feature instead
   = help: or consider adding in `Cargo.toml` the `check-cfg` lint config for the lint:
            [lints.rust]
            unexpected_cfgs = { level = "warn", check-cfg = ['cfg(v8_affine_primal)'] }
   = help: or consider adding `println!("cargo::rustc-check-cfg=cfg(v8_affine_primal)");` to the top of the `build.rs`
   = note: see <https://doc.rust-lang.org/nightly/rustc/check-cfg/cargo-specifics.html> for more information about checking conditional configuration

warning: unexpected `cfg` condition name: `v8_affine_primal`
   --> ../relation_callback.rs:100:7
    |
100 | #[cfg(v8_affine_primal)]
    |       ^^^^^^^^^^^^^^^^
    |
    = help: consider using a Cargo feature instead
    = help: or consider adding in `Cargo.toml` the `check-cfg` lint config for the lint:
             [lints.rust]
             unexpected_cfgs = { level = "warn", check-cfg = ['cfg(v8_affine_primal)'] }
    = help: or consider adding `println!("cargo::rustc-check-cfg=cfg(v8_affine_primal)");` to the top of the `build.rs`
    = note: see <https://doc.rust-lang.org/nightly/rustc/check-cfg/cargo-specifics.html> for more information about checking conditional configuration

warning: unexpected `cfg` condition name: `v8_performance_sbf`
   --> ../relation_callback.rs:319:11
    |
319 | #[cfg(not(v8_performance_sbf))]
    |           ^^^^^^^^^^^^^^^^^^
    |
    = help: consider using a Cargo feature instead
    = help: or consider adding in `Cargo.toml` the `check-cfg` lint config for the lint:
             [lints.rust]
             unexpected_cfgs = { level = "warn", check-cfg = ['cfg(v8_performance_sbf)'] }
    = help: or consider adding `println!("cargo::rustc-check-cfg=cfg(v8_performance_sbf)");` to the top of the `build.rs`
    = note: see <https://doc.rust-lang.org/nightly/rustc/check-cfg/cargo-specifics.html> for more information about checking conditional configuration

warning: unexpected `cfg` condition name: `v8_inactive_binding`
   --> ../relation_callback.rs:321:15
    |
321 | #[cfg(not(any(v8_inactive_binding,v8_radius_boundary,v8_payment_extraction,v8_performance_sbf)))]
    |               ^^^^^^^^^^^^^^^^^^^
    |
    = help: consider using a Cargo feature instead
    = help: or consider adding in `Cargo.toml` the `check-cfg` lint config for the lint:
             [lints.rust]
             unexpected_cfgs = { level = "warn", check-cfg = ['cfg(v8_inactive_binding)'] }
    = help: or consider adding `println!("cargo::rustc-check-cfg=cfg(v8_inactive_binding)");` to the top of the `build.rs`
    = note: see <https://doc.rust-lang.org/nightly/rustc/check-cfg/cargo-specifics.html> for more information about checking conditional configuration

warning: unexpected `cfg` condition name: `v8_radius_boundary`
   --> ../relation_callback.rs:321:35
    |
321 | #[cfg(not(any(v8_inactive_binding,v8_radius_boundary,v8_payment_extraction,v8_performance_sbf)))]
    |                                   ^^^^^^^^^^^^^^^^^^
    |
    = help: consider using a Cargo feature instead
    = help: or consider adding in `Cargo.toml` the `check-cfg` lint config for the lint:
             [lints.rust]
             unexpected_cfgs = { level = "warn", check-cfg = ['cfg(v8_radius_boundary)'] }
    = help: or consider adding `println!("cargo::rustc-check-cfg=cfg(v8_radius_boundary)");` to the top of the `build.rs`
    = note: see <https://doc.rust-lang.org/nightly/rustc/check-cfg/cargo-specifics.html> for more information about checking conditional configuration

warning: unexpected `cfg` condition name: `v8_payment_extraction`
   --> ../relation_callback.rs:321:54
    |
321 | #[cfg(not(any(v8_inactive_binding,v8_radius_boundary,v8_payment_extraction,v8_performance_sbf)))]
    |                                                      ^^^^^^^^^^^^^^^^^^^^^
    |
    = help: consider using a Cargo feature instead
    = help: or consider adding in `Cargo.toml` the `check-cfg` lint config for the lint:
             [lints.rust]
             unexpected_cfgs = { level = "warn", check-cfg = ['cfg(v8_payment_extraction)'] }
    = help: or consider adding `println!("cargo::rustc-check-cfg=cfg(v8_payment_extraction)");` to the top of the `build.rs`
    = note: see <https://doc.rust-lang.org/nightly/rustc/check-cfg/cargo-specifics.html> for more information about checking conditional configuration

warning: unexpected `cfg` condition name: `v8_performance_sbf`
   --> ../relation_callback.rs:321:76
    |
321 | #[cfg(not(any(v8_inactive_binding,v8_radius_boundary,v8_payment_extraction,v8_performance_sbf)))]
    |                                                                            ^^^^^^^^^^^^^^^^^^
    |
    = help: consider using a Cargo feature instead
    = help: or consider adding in `Cargo.toml` the `check-cfg` lint config for the lint:
             [lints.rust]
             unexpected_cfgs = { level = "warn", check-cfg = ['cfg(v8_performance_sbf)'] }
    = help: or consider adding `println!("cargo::rustc-check-cfg=cfg(v8_performance_sbf)");` to the top of the `build.rs`
    = note: see <https://doc.rust-lang.org/nightly/rustc/check-cfg/cargo-specifics.html> for more information about checking conditional configuration

warning: unexpected `cfg` condition name: `v8_inactive_binding`
   --> ../relation_callback.rs:323:11
    |
323 | #[cfg(any(v8_inactive_binding,v8_radius_boundary,v8_payment_extraction,v8_performance_sbf))]
    |           ^^^^^^^^^^^^^^^^^^^
    |
    = help: consider using a Cargo feature instead
    = help: or consider adding in `Cargo.toml` the `check-cfg` lint config for the lint:
             [lints.rust]
             unexpected_cfgs = { level = "warn", check-cfg = ['cfg(v8_inactive_binding)'] }
    = help: or consider adding `println!("cargo::rustc-check-cfg=cfg(v8_inactive_binding)");` to the top of the `build.rs`
    = note: see <https://doc.rust-lang.org/nightly/rustc/check-cfg/cargo-specifics.html> for more information about checking conditional configuration

warning: unexpected `cfg` condition name: `v8_radius_boundary`
   --> ../relation_callback.rs:323:31
    |
323 | #[cfg(any(v8_inactive_binding,v8_radius_boundary,v8_payment_extraction,v8_performance_sbf))]
    |                               ^^^^^^^^^^^^^^^^^^
    |
    = help: consider using a Cargo feature instead
    = help: or consider adding in `Cargo.toml` the `check-cfg` lint config for the lint:
             [lints.rust]
             unexpected_cfgs = { level = "warn", check-cfg = ['cfg(v8_radius_boundary)'] }
    = help: or consider adding `println!("cargo::rustc-check-cfg=cfg(v8_radius_boundary)");` to the top of the `build.rs`
    = note: see <https://doc.rust-lang.org/nightly/rustc/check-cfg/cargo-specifics.html> for more information about checking conditional configuration

warning: unexpected `cfg` condition name: `v8_payment_extraction`
   --> ../relation_callback.rs:323:50
    |
323 | #[cfg(any(v8_inactive_binding,v8_radius_boundary,v8_payment_extraction,v8_performance_sbf))]
    |                                                  ^^^^^^^^^^^^^^^^^^^^^
    |
    = help: consider using a Cargo feature instead
    = help: or consider adding in `Cargo.toml` the `check-cfg` lint config for the lint:
             [lints.rust]
             unexpected_cfgs = { level = "warn", check-cfg = ['cfg(v8_payment_extraction)'] }
    = help: or consider adding `println!("cargo::rustc-check-cfg=cfg(v8_payment_extraction)");` to the top of the `build.rs`
    = note: see <https://doc.rust-lang.org/nightly/rustc/check-cfg/cargo-specifics.html> for more information about checking conditional configuration

warning: unexpected `cfg` condition name: `v8_performance_sbf`
   --> ../relation_callback.rs:323:72
    |
323 | #[cfg(any(v8_inactive_binding,v8_radius_boundary,v8_payment_extraction,v8_performance_sbf))]
    |                                                                        ^^^^^^^^^^^^^^^^^^
    |
    = help: consider using a Cargo feature instead
    = help: or consider adding in `Cargo.toml` the `check-cfg` lint config for the lint:
             [lints.rust]
             unexpected_cfgs = { level = "warn", check-cfg = ['cfg(v8_performance_sbf)'] }
    = help: or consider adding `println!("cargo::rustc-check-cfg=cfg(v8_performance_sbf)");` to the top of the `build.rs`
    = note: see <https://doc.rust-lang.org/nightly/rustc/check-cfg/cargo-specifics.html> for more information about checking conditional configuration

warning: unexpected `cfg` condition name: `v8_inactive_binding`
   --> ../relation_callback.rs:325:7
    |
325 | #[cfg(v8_inactive_binding)]
    |       ^^^^^^^^^^^^^^^^^^^
    |
    = help: consider using a Cargo feature instead
    = help: or consider adding in `Cargo.toml` the `check-cfg` lint config for the lint:
             [lints.rust]
             unexpected_cfgs = { level = "warn", check-cfg = ['cfg(v8_inactive_binding)'] }
    = help: or consider adding `println!("cargo::rustc-check-cfg=cfg(v8_inactive_binding)");` to the top of the `build.rs`
    = note: see <https://doc.rust-lang.org/nightly/rustc/check-cfg/cargo-specifics.html> for more information about checking conditional configuration

warning: unexpected `cfg` condition name: `v8_radius_boundary`
   --> ../relation_callback.rs:327:7
    |
327 | #[cfg(v8_radius_boundary)]
    |       ^^^^^^^^^^^^^^^^^^
    |
    = help: consider using a Cargo feature instead
    = help: or consider adding in `Cargo.toml` the `check-cfg` lint config for the lint:
             [lints.rust]
             unexpected_cfgs = { level = "warn", check-cfg = ['cfg(v8_radius_boundary)'] }
    = help: or consider adding `println!("cargo::rustc-check-cfg=cfg(v8_radius_boundary)");` to the top of the `build.rs`
    = note: see <https://doc.rust-lang.org/nightly/rustc/check-cfg/cargo-specifics.html> for more information about checking conditional configuration

warning: unexpected `cfg` condition name: `v8_radius_boundary`
   --> ../relation_callback.rs:329:7
    |
329 | #[cfg(v8_radius_boundary)]
    |       ^^^^^^^^^^^^^^^^^^
    |
    = help: consider using a Cargo feature instead
    = help: or consider adding in `Cargo.toml` the `check-cfg` lint config for the lint:
             [lints.rust]
             unexpected_cfgs = { level = "warn", check-cfg = ['cfg(v8_radius_boundary)'] }
    = help: or consider adding `println!("cargo::rustc-check-cfg=cfg(v8_radius_boundary)");` to the top of the `build.rs`
    = note: see <https://doc.rust-lang.org/nightly/rustc/check-cfg/cargo-specifics.html> for more information about checking conditional configuration

warning: unexpected `cfg` condition name: `v8_payment_extraction`
   --> ../relation_callback.rs:331:7
    |
331 | #[cfg(v8_payment_extraction)]
    |       ^^^^^^^^^^^^^^^^^^^^^
    |
    = help: consider using a Cargo feature instead
    = help: or consider adding in `Cargo.toml` the `check-cfg` lint config for the lint:
             [lints.rust]
             unexpected_cfgs = { level = "warn", check-cfg = ['cfg(v8_payment_extraction)'] }
    = help: or consider adding `println!("cargo::rustc-check-cfg=cfg(v8_payment_extraction)");` to the top of the `build.rs`
    = note: see <https://doc.rust-lang.org/nightly/rustc/check-cfg/cargo-specifics.html> for more information about checking conditional configuration

warning: unexpected `cfg` condition name: `v8_payment_extraction`
   --> ../relation_callback.rs:333:7
    |
333 | #[cfg(v8_payment_extraction)]
    |       ^^^^^^^^^^^^^^^^^^^^^
    |
    = help: consider using a Cargo feature instead
    = help: or consider adding in `Cargo.toml` the `check-cfg` lint config for the lint:
             [lints.rust]
             unexpected_cfgs = { level = "warn", check-cfg = ['cfg(v8_payment_extraction)'] }
    = help: or consider adding `println!("cargo::rustc-check-cfg=cfg(v8_payment_extraction)");` to the top of the `build.rs`
    = note: see <https://doc.rust-lang.org/nightly/rustc/check-cfg/cargo-specifics.html> for more information about checking conditional configuration

warning: unexpected `cfg` condition name: `v8_payment_extraction`
   --> ../relation_callback.rs:335:7
    |
335 | #[cfg(v8_payment_extraction)]
    |       ^^^^^^^^^^^^^^^^^^^^^
    |
    = help: consider using a Cargo feature instead
    = help: or consider adding in `Cargo.toml` the `check-cfg` lint config for the lint:
             [lints.rust]
             unexpected_cfgs = { level = "warn", check-cfg = ['cfg(v8_payment_extraction)'] }
    = help: or consider adding `println!("cargo::rustc-check-cfg=cfg(v8_payment_extraction)");` to the top of the `build.rs`
    = note: see <https://doc.rust-lang.org/nightly/rustc/check-cfg/cargo-specifics.html> for more information about checking conditional configuration

warning: unexpected `cfg` condition name: `v8_payment_extraction`
   --> ../relation_callback.rs:337:7
    |
337 | #[cfg(v8_payment_extraction)]
    |       ^^^^^^^^^^^^^^^^^^^^^
    |
    = help: consider using a Cargo feature instead
    = help: or consider adding in `Cargo.toml` the `check-cfg` lint config for the lint:
             [lints.rust]
             unexpected_cfgs = { level = "warn", check-cfg = ['cfg(v8_payment_extraction)'] }
    = help: or consider adding `println!("cargo::rustc-check-cfg=cfg(v8_payment_extraction)");` to the top of the `build.rs`
    = note: see <https://doc.rust-lang.org/nightly/rustc/check-cfg/cargo-specifics.html> for more information about checking conditional configuration

warning: unexpected `cfg` condition name: `v8_payment_extraction`
   --> ../relation_callback.rs:339:7
    |
339 | #[cfg(v8_payment_extraction)]
    |       ^^^^^^^^^^^^^^^^^^^^^
    |
    = help: consider using a Cargo feature instead
    = help: or consider adding in `Cargo.toml` the `check-cfg` lint config for the lint:
             [lints.rust]
             unexpected_cfgs = { level = "warn", check-cfg = ['cfg(v8_payment_extraction)'] }
    = help: or consider adding `println!("cargo::rustc-check-cfg=cfg(v8_payment_extraction)");` to the top of the `build.rs`
    = note: see <https://doc.rust-lang.org/nightly/rustc/check-cfg/cargo-specifics.html> for more information about checking conditional configuration

warning: unexpected `cfg` condition name: `v8_payment_extraction`
   --> ../relation_callback.rs:341:7
    |
341 | #[cfg(v8_payment_extraction)]
    |       ^^^^^^^^^^^^^^^^^^^^^
    |
    = help: consider using a Cargo feature instead
    = help: or consider adding in `Cargo.toml` the `check-cfg` lint config for the lint:
             [lints.rust]
             unexpected_cfgs = { level = "warn", check-cfg = ['cfg(v8_payment_extraction)'] }
    = help: or consider adding `println!("cargo::rustc-check-cfg=cfg(v8_payment_extraction)");` to the top of the `build.rs`
    = note: see <https://doc.rust-lang.org/nightly/rustc/check-cfg/cargo-specifics.html> for more information about checking conditional configuration

warning: unexpected `cfg` condition name: `v8_payment_extraction`
   --> ../relation_callback.rs:343:7
    |
343 | #[cfg(v8_payment_extraction)]
    |       ^^^^^^^^^^^^^^^^^^^^^
    |
    = help: consider using a Cargo feature instead
    = help: or consider adding in `Cargo.toml` the `check-cfg` lint config for the lint:
             [lints.rust]
             unexpected_cfgs = { level = "warn", check-cfg = ['cfg(v8_payment_extraction)'] }
    = help: or consider adding `println!("cargo::rustc-check-cfg=cfg(v8_payment_extraction)");` to the top of the `build.rs`
    = note: see <https://doc.rust-lang.org/nightly/rustc/check-cfg/cargo-specifics.html> for more information about checking conditional configuration

warning: unexpected `cfg` condition name: `v8_payment_extraction`
   --> ../relation_callback.rs:345:7
    |
345 | #[cfg(v8_payment_extraction)]
    |       ^^^^^^^^^^^^^^^^^^^^^
    |
    = help: consider using a Cargo feature instead
    = help: or consider adding in `Cargo.toml` the `check-cfg` lint config for the lint:
             [lints.rust]
             unexpected_cfgs = { level = "warn", check-cfg = ['cfg(v8_payment_extraction)'] }
    = help: or consider adding `println!("cargo::rustc-check-cfg=cfg(v8_payment_extraction)");` to the top of the `build.rs`
    = note: see <https://doc.rust-lang.org/nightly/rustc/check-cfg/cargo-specifics.html> for more information about checking conditional configuration

warning: unexpected `cfg` condition name: `v8_query_graph`
   --> ../relation_callback.rs:347:7
    |
347 | #[cfg(v8_query_graph)]
    |       ^^^^^^^^^^^^^^
    |
    = help: consider using a Cargo feature instead
    = help: or consider adding in `Cargo.toml` the `check-cfg` lint config for the lint:
             [lints.rust]
             unexpected_cfgs = { level = "warn", check-cfg = ['cfg(v8_query_graph)'] }
    = help: or consider adding `println!("cargo::rustc-check-cfg=cfg(v8_query_graph)");` to the top of the `build.rs`
    = note: see <https://doc.rust-lang.org/nightly/rustc/check-cfg/cargo-specifics.html> for more information about checking conditional configuration

warning: unexpected `cfg` condition name: `v8_early_prefix`
   --> ../relation_callback.rs:349:7
    |
349 | #[cfg(v8_early_prefix)]
    |       ^^^^^^^^^^^^^^^
    |
    = help: consider using a Cargo feature instead
    = help: or consider adding in `Cargo.toml` the `check-cfg` lint config for the lint:
             [lints.rust]
             unexpected_cfgs = { level = "warn", check-cfg = ['cfg(v8_early_prefix)'] }
    = help: or consider adding `println!("cargo::rustc-check-cfg=cfg(v8_early_prefix)");` to the top of the `build.rs`
    = note: see <https://doc.rust-lang.org/nightly/rustc/check-cfg/cargo-specifics.html> for more information about checking conditional configuration

warning: unexpected `cfg` condition name: `v8_c1_gao`
   --> ../relation_callback.rs:351:7
    |
351 | #[cfg(v8_c1_gao)]
    |       ^^^^^^^^^
    |
    = help: consider using a Cargo feature instead
    = help: or consider adding in `Cargo.toml` the `check-cfg` lint config for the lint:
             [lints.rust]
             unexpected_cfgs = { level = "warn", check-cfg = ['cfg(v8_c1_gao)'] }
    = help: or consider adding `println!("cargo::rustc-check-cfg=cfg(v8_c1_gao)");` to the top of the `build.rs`
    = note: see <https://doc.rust-lang.org/nightly/rustc/check-cfg/cargo-specifics.html> for more information about checking conditional configuration

warning: unexpected `cfg` condition name: `v8_payment_extraction`
   --> ../relation_callback.rs:353:11
    |
353 | #[cfg(all(v8_payment_extraction,not(v8_graph_orders),not(v8_circle_coordinates),not(v8_gao_completeness),not(v8_performance)))]
    |           ^^^^^^^^^^^^^^^^^^^^^
    |
    = help: consider using a Cargo feature instead
    = help: or consider adding in `Cargo.toml` the `check-cfg` lint config for the lint:
             [lints.rust]
             unexpected_cfgs = { level = "warn", check-cfg = ['cfg(v8_payment_extraction)'] }
    = help: or consider adding `println!("cargo::rustc-check-cfg=cfg(v8_payment_extraction)");` to the top of the `build.rs`
    = note: see <https://doc.rust-lang.org/nightly/rustc/check-cfg/cargo-specifics.html> for more information about checking conditional configuration

warning: unexpected `cfg` condition name: `v8_graph_orders`
   --> ../relation_callback.rs:353:37
    |
353 | #[cfg(all(v8_payment_extraction,not(v8_graph_orders),not(v8_circle_coordinates),not(v8_gao_completeness),not(v8_performance)))]
    |                                     ^^^^^^^^^^^^^^^
    |
    = help: consider using a Cargo feature instead
    = help: or consider adding in `Cargo.toml` the `check-cfg` lint config for the lint:
             [lints.rust]
             unexpected_cfgs = { level = "warn", check-cfg = ['cfg(v8_graph_orders)'] }
    = help: or consider adding `println!("cargo::rustc-check-cfg=cfg(v8_graph_orders)");` to the top of the `build.rs`
    = note: see <https://doc.rust-lang.org/nightly/rustc/check-cfg/cargo-specifics.html> for more information about checking conditional configuration

warning: unexpected `cfg` condition name: `v8_circle_coordinates`
   --> ../relation_callback.rs:353:58
    |
353 | #[cfg(all(v8_payment_extraction,not(v8_graph_orders),not(v8_circle_coordinates),not(v8_gao_completeness),not(v8_performance)))]
    |                                                          ^^^^^^^^^^^^^^^^^^^^^
    |
    = help: consider using a Cargo feature instead
    = help: or consider adding in `Cargo.toml` the `check-cfg` lint config for the lint:
             [lints.rust]
             unexpected_cfgs = { level = "warn", check-cfg = ['cfg(v8_circle_coordinates)'] }
    = help: or consider adding `println!("cargo::rustc-check-cfg=cfg(v8_circle_coordinates)");` to the top of the `build.rs`
    = note: see <https://doc.rust-lang.org/nightly/rustc/check-cfg/cargo-specifics.html> for more information about checking conditional configuration

warning: unexpected `cfg` condition name: `v8_gao_completeness`
   --> ../relation_callback.rs:353:85
    |
353 | #[cfg(all(v8_payment_extraction,not(v8_graph_orders),not(v8_circle_coordinates),not(v8_gao_completeness),not(v8_performance)))]
    |                                                                                     ^^^^^^^^^^^^^^^^^^^
    |
    = help: consider using a Cargo feature instead
    = help: or consider adding in `Cargo.toml` the `check-cfg` lint config for the lint:
             [lints.rust]
             unexpected_cfgs = { level = "warn", check-cfg = ['cfg(v8_gao_completeness)'] }
    = help: or consider adding `println!("cargo::rustc-check-cfg=cfg(v8_gao_completeness)");` to the top of the `build.rs`
    = note: see <https://doc.rust-lang.org/nightly/rustc/check-cfg/cargo-specifics.html> for more information about checking conditional configuration

warning: unexpected `cfg` condition name: `v8_performance`
   --> ../relation_callback.rs:353:110
    |
353 | #[cfg(all(v8_payment_extraction,not(v8_graph_orders),not(v8_circle_coordinates),not(v8_gao_completeness),not(v8_performance)))]
    |                                                                                                              ^^^^^^^^^^^^^^
    |
    = help: consider using a Cargo feature instead
    = help: or consider adding in `Cargo.toml` the `check-cfg` lint config for the lint:
             [lints.rust]
             unexpected_cfgs = { level = "warn", check-cfg = ['cfg(v8_performance)'] }
    = help: or consider adding `println!("cargo::rustc-check-cfg=cfg(v8_performance)");` to the top of the `build.rs`
    = note: see <https://doc.rust-lang.org/nightly/rustc/check-cfg/cargo-specifics.html> for more information about checking conditional configuration

warning: unexpected `cfg` condition name: `v8_graph_orders`
   --> ../relation_callback.rs:355:7
    |
355 | #[cfg(v8_graph_orders)]
    |       ^^^^^^^^^^^^^^^
    |
    = help: consider using a Cargo feature instead
    = help: or consider adding in `Cargo.toml` the `check-cfg` lint config for the lint:
             [lints.rust]
             unexpected_cfgs = { level = "warn", check-cfg = ['cfg(v8_graph_orders)'] }
    = help: or consider adding `println!("cargo::rustc-check-cfg=cfg(v8_graph_orders)");` to the top of the `build.rs`
    = note: see <https://doc.rust-lang.org/nightly/rustc/check-cfg/cargo-specifics.html> for more information about checking conditional configuration

warning: unexpected `cfg` condition name: `v8_circle_coordinates`
   --> ../relation_callback.rs:357:7
    |
357 | #[cfg(v8_circle_coordinates)]
    |       ^^^^^^^^^^^^^^^^^^^^^
    |
    = help: consider using a Cargo feature instead
    = help: or consider adding in `Cargo.toml` the `check-cfg` lint config for the lint:
             [lints.rust]
             unexpected_cfgs = { level = "warn", check-cfg = ['cfg(v8_circle_coordinates)'] }
    = help: or consider adding `println!("cargo::rustc-check-cfg=cfg(v8_circle_coordinates)");` to the top of the `build.rs`
    = note: see <https://doc.rust-lang.org/nightly/rustc/check-cfg/cargo-specifics.html> for more information about checking conditional configuration

warning: unexpected `cfg` condition name: `v8_circle_coordinates`
   --> ../relation_callback.rs:359:7
    |
359 | #[cfg(v8_circle_coordinates)]
    |       ^^^^^^^^^^^^^^^^^^^^^
    |
    = help: consider using a Cargo feature instead
    = help: or consider adding in `Cargo.toml` the `check-cfg` lint config for the lint:
             [lints.rust]
             unexpected_cfgs = { level = "warn", check-cfg = ['cfg(v8_circle_coordinates)'] }
    = help: or consider adding `println!("cargo::rustc-check-cfg=cfg(v8_circle_coordinates)");` to the top of the `build.rs`
    = note: see <https://doc.rust-lang.org/nightly/rustc/check-cfg/cargo-specifics.html> for more information about checking conditional configuration

warning: unexpected `cfg` condition name: `v8_gao_completeness`
   --> ../relation_callback.rs:361:7
    |
361 | #[cfg(v8_gao_completeness)]
    |       ^^^^^^^^^^^^^^^^^^^
    |
    = help: consider using a Cargo feature instead
    = help: or consider adding in `Cargo.toml` the `check-cfg` lint config for the lint:
             [lints.rust]
             unexpected_cfgs = { level = "warn", check-cfg = ['cfg(v8_gao_completeness)'] }
    = help: or consider adding `println!("cargo::rustc-check-cfg=cfg(v8_gao_completeness)");` to the top of the `build.rs`
    = note: see <https://doc.rust-lang.org/nightly/rustc/check-cfg/cargo-specifics.html> for more information about checking conditional configuration

warning: unexpected `cfg` condition name: `v8_performance`
   --> ../relation_callback.rs:363:7
    |
363 | #[cfg(v8_performance)]
    |       ^^^^^^^^^^^^^^
    |
    = help: consider using a Cargo feature instead
    = help: or consider adding in `Cargo.toml` the `check-cfg` lint config for the lint:
             [lints.rust]
             unexpected_cfgs = { level = "warn", check-cfg = ['cfg(v8_performance)'] }
    = help: or consider adding `println!("cargo::rustc-check-cfg=cfg(v8_performance)");` to the top of the `build.rs`
    = note: see <https://doc.rust-lang.org/nightly/rustc/check-cfg/cargo-specifics.html> for more information about checking conditional configuration

warning: unexpected `cfg` condition name: `v8_performance`
   --> ../relation_callback.rs:365:11
    |
365 | #[cfg(any(v8_performance,v8_performance_sbf))]
    |           ^^^^^^^^^^^^^^
    |
    = help: consider using a Cargo feature instead
    = help: or consider adding in `Cargo.toml` the `check-cfg` lint config for the lint:
             [lints.rust]
             unexpected_cfgs = { level = "warn", check-cfg = ['cfg(v8_performance)'] }
    = help: or consider adding `println!("cargo::rustc-check-cfg=cfg(v8_performance)");` to the top of the `build.rs`
    = note: see <https://doc.rust-lang.org/nightly/rustc/check-cfg/cargo-specifics.html> for more information about checking conditional configuration

warning: unexpected `cfg` condition name: `v8_performance_sbf`
   --> ../relation_callback.rs:365:26
    |
365 | #[cfg(any(v8_performance,v8_performance_sbf))]
    |                          ^^^^^^^^^^^^^^^^^^
    |
    = help: consider using a Cargo feature instead
    = help: or consider adding in `Cargo.toml` the `check-cfg` lint config for the lint:
             [lints.rust]
             unexpected_cfgs = { level = "warn", check-cfg = ['cfg(v8_performance_sbf)'] }
    = help: or consider adding `println!("cargo::rustc-check-cfg=cfg(v8_performance_sbf)");` to the top of the `build.rs`
    = note: see <https://doc.rust-lang.org/nightly/rustc/check-cfg/cargo-specifics.html> for more information about checking conditional configuration

warning: unexpected `cfg` condition name: `v8_performance_sbf`
   --> ../relation_callback.rs:371:7
    |
371 | #[cfg(v8_performance_sbf)]
    |       ^^^^^^^^^^^^^^^^^^
    |
    = help: consider using a Cargo feature instead
    = help: or consider adding in `Cargo.toml` the `check-cfg` lint config for the lint:
             [lints.rust]
             unexpected_cfgs = { level = "warn", check-cfg = ['cfg(v8_performance_sbf)'] }
    = help: or consider adding `println!("cargo::rustc-check-cfg=cfg(v8_performance_sbf)");` to the top of the `build.rs`
    = note: see <https://doc.rust-lang.org/nightly/rustc/check-cfg/cargo-specifics.html> for more information about checking conditional configuration

warning: unexpected `cfg` condition value: `solana`
   --> ../relation_callback.rs:373:7
    |
373 | #[cfg(target_os="solana")]
    |       ^^^^^^^^^^^^^^^^^^
    |
    = note: expected values for `target_os` are: `aix`, `amdhsa`, `android`, `cuda`, `cygwin`, `dragonfly`, `emscripten`, `espidf`, `freebsd`, `fuchsia`, `haiku`, `helenos`, `hermit`, `horizon`, `hurd`, `illumos`, `ios`, `l4re`, `linux`, `lynxos178`, `macos`, `managarm`, `motor`, `netbsd`, `none`, `nto`, `nuttx`, `openbsd`, `psp`, `psx`, `qurt`, `redox`, `rtems`, `solaris`, and `solid_asp3` and 14 more
    = note: see <https://doc.rust-lang.org/nightly/rustc/check-cfg/cargo-specifics.html> for more information about checking conditional configuration

warning: unexpected `cfg` condition name: `v8_performance_sbf`
   --> ../relation_callback.rs:380:7
    |
380 | #[cfg(v8_performance_sbf)]
    |       ^^^^^^^^^^^^^^^^^^
    |
    = help: consider using a Cargo feature instead
    = help: or consider adding in `Cargo.toml` the `check-cfg` lint config for the lint:
             [lints.rust]
             unexpected_cfgs = { level = "warn", check-cfg = ['cfg(v8_performance_sbf)'] }
    = help: or consider adding `println!("cargo::rustc-check-cfg=cfg(v8_performance_sbf)");` to the top of the `build.rs`
    = note: see <https://doc.rust-lang.org/nightly/rustc/check-cfg/cargo-specifics.html> for more information about checking conditional configuration

warning: unexpected `cfg` condition value: `solana`
 --> ../r16_basis_transport.rs:5:11
  |
5 | #[cfg(not(target_os="solana"))]
  |           ^^^^^^^^^^^^^^^^^^
  |
  = note: expected values for `target_os` are: `aix`, `amdhsa`, `android`, `cuda`, `cygwin`, `dragonfly`, `emscripten`, `espidf`, `freebsd`, `fuchsia`, `haiku`, `helenos`, `hermit`, `horizon`, `hurd`, `illumos`, `ios`, `l4re`, `linux`, `lynxos178`, `macos`, `managarm`, `motor`, `netbsd`, `none`, `nto`, `nuttx`, `openbsd`, `psp`, `psx`, `qurt`, `redox`, `rtems`, `solaris`, and `solid_asp3` and 14 more
  = note: see <https://doc.rust-lang.org/nightly/rustc/check-cfg/cargo-specifics.html> for more information about checking conditional configuration

warning: unexpected `cfg` condition value: `solana`
 --> ../r16_basis_transport.rs:7:11
  |
7 | #[cfg(not(target_os="solana"))]
  |           ^^^^^^^^^^^^^^^^^^
  |
  = note: expected values for `target_os` are: `aix`, `amdhsa`, `android`, `cuda`, `cygwin`, `dragonfly`, `emscripten`, `espidf`, `freebsd`, `fuchsia`, `haiku`, `helenos`, `hermit`, `horizon`, `hurd`, `illumos`, `ios`, `l4re`, `linux`, `lynxos178`, `macos`, `managarm`, `motor`, `netbsd`, `none`, `nto`, `nuttx`, `openbsd`, `psp`, `psx`, `qurt`, `redox`, `rtems`, `solaris`, and `solid_asp3` and 14 more
  = note: see <https://doc.rust-lang.org/nightly/rustc/check-cfg/cargo-specifics.html> for more information about checking conditional configuration

warning: unexpected `cfg` condition value: `solana`
  --> ../r16_basis_transport.rs:11:11
   |
11 | #[cfg(not(target_os="solana"))]
   |           ^^^^^^^^^^^^^^^^^^
   |
   = note: expected values for `target_os` are: `aix`, `amdhsa`, `android`, `cuda`, `cygwin`, `dragonfly`, `emscripten`, `espidf`, `freebsd`, `fuchsia`, `haiku`, `helenos`, `hermit`, `horizon`, `hurd`, `illumos`, `ios`, `l4re`, `linux`, `lynxos178`, `macos`, `managarm`, `motor`, `netbsd`, `none`, `nto`, `nuttx`, `openbsd`, `psp`, `psx`, `qurt`, `redox`, `rtems`, `solaris`, and `solid_asp3` and 14 more
   = note: see <https://doc.rust-lang.org/nightly/rustc/check-cfg/cargo-specifics.html> for more information about checking conditional configuration

warning: unexpected `cfg` condition value: `solana`
   --> ../r16_basis_transport.rs:113:7
    |
113 | #[cfg(target_os="solana")]
    |       ^^^^^^^^^^^^^^^^^^
    |
    = note: expected values for `target_os` are: `aix`, `amdhsa`, `android`, `cuda`, `cygwin`, `dragonfly`, `emscripten`, `espidf`, `freebsd`, `fuchsia`, `haiku`, `helenos`, `hermit`, `horizon`, `hurd`, `illumos`, `ios`, `l4re`, `linux`, `lynxos178`, `macos`, `managarm`, `motor`, `netbsd`, `none`, `nto`, `nuttx`, `openbsd`, `psp`, `psx`, `qurt`, `redox`, `rtems`, `solaris`, and `solid_asp3` and 14 more
    = note: see <https://doc.rust-lang.org/nightly/rustc/check-cfg/cargo-specifics.html> for more information about checking conditional configuration

warning: unexpected `cfg` condition value: `solana`
   --> ../r16_basis_transport.rs:118:11
    |
118 | #[cfg(not(target_os="solana"))]
    |           ^^^^^^^^^^^^^^^^^^
    |
    = note: expected values for `target_os` are: `aix`, `amdhsa`, `android`, `cuda`, `cygwin`, `dragonfly`, `emscripten`, `espidf`, `freebsd`, `fuchsia`, `haiku`, `helenos`, `hermit`, `horizon`, `hurd`, `illumos`, `ios`, `l4re`, `linux`, `lynxos178`, `macos`, `managarm`, `motor`, `netbsd`, `none`, `nto`, `nuttx`, `openbsd`, `psp`, `psx`, `qurt`, `redox`, `rtems`, `solaris`, and `solid_asp3` and 14 more
    = note: see <https://doc.rust-lang.org/nightly/rustc/check-cfg/cargo-specifics.html> for more information about checking conditional configuration

warning: unexpected `cfg` condition value: `solana`
  --> ../r16_basis_transport.rs:43:15
   |
43 |     #[cfg(not(target_os="solana"))]
   |               ^^^^^^^^^^^^^^^^^^
   |
   = note: expected values for `target_os` are: `aix`, `amdhsa`, `android`, `cuda`, `cygwin`, `dragonfly`, `emscripten`, `espidf`, `freebsd`, `fuchsia`, `haiku`, `helenos`, `hermit`, `horizon`, `hurd`, `illumos`, `ios`, `l4re`, `linux`, `lynxos178`, `macos`, `managarm`, `motor`, `netbsd`, `none`, `nto`, `nuttx`, `openbsd`, `psp`, `psx`, `qurt`, `redox`, `rtems`, `solaris`, and `solid_asp3` and 14 more
   = note: see <https://doc.rust-lang.org/nightly/rustc/check-cfg/cargo-specifics.html> for more information about checking conditional configuration

warning: unexpected `cfg` condition value: `solana`
  --> ../r16_basis_transport.rs:45:11
   |
45 |     #[cfg(target_os="solana")]
   |           ^^^^^^^^^^^^^^^^^^
   |
   = note: expected values for `target_os` are: `aix`, `amdhsa`, `android`, `cuda`, `cygwin`, `dragonfly`, `emscripten`, `espidf`, `freebsd`, `fuchsia`, `haiku`, `helenos`, `hermit`, `horizon`, `hurd`, `illumos`, `ios`, `l4re`, `linux`, `lynxos178`, `macos`, `managarm`, `motor`, `netbsd`, `none`, `nto`, `nuttx`, `openbsd`, `psp`, `psx`, `qurt`, `redox`, `rtems`, `solaris`, and `solid_asp3` and 14 more
   = note: see <https://doc.rust-lang.org/nightly/rustc/check-cfg/cargo-specifics.html> for more information about checking conditional configuration

warning: unexpected `cfg` condition value: `solana`
  --> ../r16_basis_transport.rs:47:15
   |
47 |     #[cfg(not(target_os="solana"))]
   |               ^^^^^^^^^^^^^^^^^^
   |
   = note: expected values for `target_os` are: `aix`, `amdhsa`, `android`, `cuda`, `cygwin`, `dragonfly`, `emscripten`, `espidf`, `freebsd`, `fuchsia`, `haiku`, `helenos`, `hermit`, `horizon`, `hurd`, `illumos`, `ios`, `l4re`, `linux`, `lynxos178`, `macos`, `managarm`, `motor`, `netbsd`, `none`, `nto`, `nuttx`, `openbsd`, `psp`, `psx`, `qurt`, `redox`, `rtems`, `solaris`, and `solid_asp3` and 14 more
   = note: see <https://doc.rust-lang.org/nightly/rustc/check-cfg/cargo-specifics.html> for more information about checking conditional configuration

warning: unexpected `cfg` condition value: `solana`
  --> ../r16_basis_transport.rs:49:11
   |
49 |     #[cfg(target_os="solana")]
   |           ^^^^^^^^^^^^^^^^^^
   |
   = note: expected values for `target_os` are: `aix`, `amdhsa`, `android`, `cuda`, `cygwin`, `dragonfly`, `emscripten`, `espidf`, `freebsd`, `fuchsia`, `haiku`, `helenos`, `hermit`, `horizon`, `hurd`, `illumos`, `ios`, `l4re`, `linux`, `lynxos178`, `macos`, `managarm`, `motor`, `netbsd`, `none`, `nto`, `nuttx`, `openbsd`, `psp`, `psx`, `qurt`, `redox`, `rtems`, `solaris`, and `solid_asp3` and 14 more
   = note: see <https://doc.rust-lang.org/nightly/rustc/check-cfg/cargo-specifics.html> for more information about checking conditional configuration

warning: unexpected `cfg` condition value: `solana`
  --> ../r16_basis_transport.rs:53:15
   |
53 |     #[cfg(not(target_os="solana"))]
   |               ^^^^^^^^^^^^^^^^^^
   |
   = note: expected values for `target_os` are: `aix`, `amdhsa`, `android`, `cuda`, `cygwin`, `dragonfly`, `emscripten`, `espidf`, `freebsd`, `fuchsia`, `haiku`, `helenos`, `hermit`, `horizon`, `hurd`, `illumos`, `ios`, `l4re`, `linux`, `lynxos178`, `macos`, `managarm`, `motor`, `netbsd`, `none`, `nto`, `nuttx`, `openbsd`, `psp`, `psx`, `qurt`, `redox`, `rtems`, `solaris`, and `solid_asp3` and 14 more
   = note: see <https://doc.rust-lang.org/nightly/rustc/check-cfg/cargo-specifics.html> for more information about checking conditional configuration

warning: unexpected `cfg` condition value: `solana`
  --> ../r17_structured_g.rs:70:11
   |
70 | #[cfg(not(target_os="solana"))]
   |           ^^^^^^^^^^^^^^^^^^
   |
   = note: expected values for `target_os` are: `aix`, `amdhsa`, `android`, `cuda`, `cygwin`, `dragonfly`, `emscripten`, `espidf`, `freebsd`, `fuchsia`, `haiku`, `helenos`, `hermit`, `horizon`, `hurd`, `illumos`, `ios`, `l4re`, `linux`, `lynxos178`, `macos`, `managarm`, `motor`, `netbsd`, `none`, `nto`, `nuttx`, `openbsd`, `psp`, `psx`, `qurt`, `redox`, `rtems`, `solaris`, and `solid_asp3` and 14 more
   = note: see <https://doc.rust-lang.org/nightly/rustc/check-cfg/cargo-specifics.html> for more information about checking conditional configuration

warning: unexpected `cfg` condition value: `solana`
 --> ../r17_reused_group_geometry.rs:2:11
  |
2 | #[cfg(not(target_os="solana"))]
  |           ^^^^^^^^^^^^^^^^^^
  |
  = note: expected values for `target_os` are: `aix`, `amdhsa`, `android`, `cuda`, `cygwin`, `dragonfly`, `emscripten`, `espidf`, `freebsd`, `fuchsia`, `haiku`, `helenos`, `hermit`, `horizon`, `hurd`, `illumos`, `ios`, `l4re`, `linux`, `lynxos178`, `macos`, `managarm`, `motor`, `netbsd`, `none`, `nto`, `nuttx`, `openbsd`, `psp`, `psx`, `qurt`, `redox`, `rtems`, `solaris`, and `solid_asp3` and 14 more
  = note: see <https://doc.rust-lang.org/nightly/rustc/check-cfg/cargo-specifics.html> for more information about checking conditional configuration

warning: unexpected `cfg` condition value: `solana`
  --> ../r17_edges_iter.rs:22:11
   |
22 | #[cfg(not(target_os="solana"))]
   |           ^^^^^^^^^^^^^^^^^^
   |
   = note: expected values for `target_os` are: `aix`, `amdhsa`, `android`, `cuda`, `cygwin`, `dragonfly`, `emscripten`, `espidf`, `freebsd`, `fuchsia`, `haiku`, `helenos`, `hermit`, `horizon`, `hurd`, `illumos`, `ios`, `l4re`, `linux`, `lynxos178`, `macos`, `managarm`, `motor`, `netbsd`, `none`, `nto`, `nuttx`, `openbsd`, `psp`, `psx`, `qurt`, `redox`, `rtems`, `solaris`, and `solid_asp3` and 14 more
   = note: see <https://doc.rust-lang.org/nightly/rustc/check-cfg/cargo-specifics.html> for more information about checking conditional configuration

warning: unexpected `cfg` condition value: `solana`
  --> ../r109_geometry.rs:46:11
   |
46 | #[cfg(not(target_os="solana"))]
   |           ^^^^^^^^^^^^^^^^^^
   |
   = note: expected values for `target_os` are: `aix`, `amdhsa`, `android`, `cuda`, `cygwin`, `dragonfly`, `emscripten`, `espidf`, `freebsd`, `fuchsia`, `haiku`, `helenos`, `hermit`, `horizon`, `hurd`, `illumos`, `ios`, `l4re`, `linux`, `lynxos178`, `macos`, `managarm`, `motor`, `netbsd`, `none`, `nto`, `nuttx`, `openbsd`, `psp`, `psx`, `qurt`, `redox`, `rtems`, `solaris`, and `solid_asp3` and 14 more
   = note: see <https://doc.rust-lang.org/nightly/rustc/check-cfg/cargo-specifics.html> for more information about checking conditional configuration

warning: unexpected `cfg` condition name: `v8_grouped_linear`
  --> ../r17_reused_group_geometry.rs:26:11
   |
26 |     #[cfg(v8_grouped_linear)]
   |           ^^^^^^^^^^^^^^^^^
   |
   = help: consider using a Cargo feature instead
   = help: or consider adding in `Cargo.toml` the `check-cfg` lint config for the lint:
            [lints.rust]
            unexpected_cfgs = { level = "warn", check-cfg = ['cfg(v8_grouped_linear)'] }
   = help: or consider adding `println!("cargo::rustc-check-cfg=cfg(v8_grouped_linear)");` to the top of the `build.rs`
   = note: see <https://doc.rust-lang.org/nightly/rustc/check-cfg/cargo-specifics.html> for more information about checking conditional configuration

warning: unexpected `cfg` condition name: `v8_grouped_linear`
  --> ../r17_reused_group_geometry.rs:65:15
   |
65 |     #[cfg(not(v8_grouped_linear))]
   |               ^^^^^^^^^^^^^^^^^
   |
   = help: consider using a Cargo feature instead
   = help: or consider adding in `Cargo.toml` the `check-cfg` lint config for the lint:
            [lints.rust]
            unexpected_cfgs = { level = "warn", check-cfg = ['cfg(v8_grouped_linear)'] }
   = help: or consider adding `println!("cargo::rustc-check-cfg=cfg(v8_grouped_linear)");` to the top of the `build.rs`
   = note: see <https://doc.rust-lang.org/nightly/rustc/check-cfg/cargo-specifics.html> for more information about checking conditional configuration

warning: unexpected `cfg` condition name: `v8_grouped_linear`
  --> ../r17_reused_group_geometry.rs:68:15
   |
68 |     #[cfg(not(v8_grouped_linear))]
   |               ^^^^^^^^^^^^^^^^^
   |
   = help: consider using a Cargo feature instead
   = help: or consider adding in `Cargo.toml` the `check-cfg` lint config for the lint:
            [lints.rust]
            unexpected_cfgs = { level = "warn", check-cfg = ['cfg(v8_grouped_linear)'] }
   = help: or consider adding `println!("cargo::rustc-check-cfg=cfg(v8_grouped_linear)");` to the top of the `build.rs`
   = note: see <https://doc.rust-lang.org/nightly/rustc/check-cfg/cargo-specifics.html> for more information about checking conditional configuration

warning: unexpected `cfg` condition name: `v8_grouped_linear`
  --> ../r17_reused_group_geometry.rs:84:11
   |
84 |     #[cfg(v8_grouped_linear)]
   |           ^^^^^^^^^^^^^^^^^
   |
   = help: consider using a Cargo feature instead
   = help: or consider adding in `Cargo.toml` the `check-cfg` lint config for the lint:
            [lints.rust]
            unexpected_cfgs = { level = "warn", check-cfg = ['cfg(v8_grouped_linear)'] }
   = help: or consider adding `println!("cargo::rustc-check-cfg=cfg(v8_grouped_linear)");` to the top of the `build.rs`
   = note: see <https://doc.rust-lang.org/nightly/rustc/check-cfg/cargo-specifics.html> for more information about checking conditional configuration

warning: unexpected `cfg` condition value: `solana`
  --> ../r112_complex.rs:16:11
   |
16 | #[cfg(not(target_os="solana"))]
   |           ^^^^^^^^^^^^^^^^^^
   |
   = note: expected values for `target_os` are: `aix`, `amdhsa`, `android`, `cuda`, `cygwin`, `dragonfly`, `emscripten`, `espidf`, `freebsd`, `fuchsia`, `haiku`, `helenos`, `hermit`, `horizon`, `hurd`, `illumos`, `ios`, `l4re`, `linux`, `lynxos178`, `macos`, `managarm`, `motor`, `netbsd`, `none`, `nto`, `nuttx`, `openbsd`, `psp`, `psx`, `qurt`, `redox`, `rtems`, `solaris`, and `solid_asp3` and 14 more
   = note: see <https://doc.rust-lang.org/nightly/rustc/check-cfg/cargo-specifics.html> for more information about checking conditional configuration

warning: unexpected `cfg` condition value: `solana`
   --> ../r19_channel_ordinary.rs:207:11
    |
207 | #[cfg(not(target_os="solana"))]
    |           ^^^^^^^^^^^^^^^^^^
    |
    = note: expected values for `target_os` are: `aix`, `amdhsa`, `android`, `cuda`, `cygwin`, `dragonfly`, `emscripten`, `espidf`, `freebsd`, `fuchsia`, `haiku`, `helenos`, `hermit`, `horizon`, `hurd`, `illumos`, `ios`, `l4re`, `linux`, `lynxos178`, `macos`, `managarm`, `motor`, `netbsd`, `none`, `nto`, `nuttx`, `openbsd`, `psp`, `psx`, `qurt`, `redox`, `rtems`, `solaris`, and `solid_asp3` and 14 more
    = note: see <https://doc.rust-lang.org/nightly/rustc/check-cfg/cargo-specifics.html> for more information about checking conditional configuration

warning: unexpected `cfg` condition value: `solana`
   --> ../r19_channel_ordinary.rs:235:11
    |
235 | #[cfg(not(target_os="solana"))]
    |           ^^^^^^^^^^^^^^^^^^
    |
    = note: expected values for `target_os` are: `aix`, `amdhsa`, `android`, `cuda`, `cygwin`, `dragonfly`, `emscripten`, `espidf`, `freebsd`, `fuchsia`, `haiku`, `helenos`, `hermit`, `horizon`, `hurd`, `illumos`, `ios`, `l4re`, `linux`, `lynxos178`, `macos`, `managarm`, `motor`, `netbsd`, `none`, `nto`, `nuttx`, `openbsd`, `psp`, `psx`, `qurt`, `redox`, `rtems`, `solaris`, and `solid_asp3` and 14 more
    = note: see <https://doc.rust-lang.org/nightly/rustc/check-cfg/cargo-specifics.html> for more information about checking conditional configuration

warning: unexpected `cfg` condition value: `solana`
   --> ../r19_channel_ordinary.rs:259:11
    |
259 | #[cfg(not(target_os="solana"))]
    |           ^^^^^^^^^^^^^^^^^^
    |
    = note: expected values for `target_os` are: `aix`, `amdhsa`, `android`, `cuda`, `cygwin`, `dragonfly`, `emscripten`, `espidf`, `freebsd`, `fuchsia`, `haiku`, `helenos`, `hermit`, `horizon`, `hurd`, `illumos`, `ios`, `l4re`, `linux`, `lynxos178`, `macos`, `managarm`, `motor`, `netbsd`, `none`, `nto`, `nuttx`, `openbsd`, `psp`, `psx`, `qurt`, `redox`, `rtems`, `solaris`, and `solid_asp3` and 14 more
    = note: see <https://doc.rust-lang.org/nightly/rustc/check-cfg/cargo-specifics.html> for more information about checking conditional configuration

warning: unexpected `cfg` condition value: `solana`
   --> ../r19_channel_ordinary.rs:418:11
    |
418 | #[cfg(not(target_os="solana"))]
    |           ^^^^^^^^^^^^^^^^^^
    |
    = note: expected values for `target_os` are: `aix`, `amdhsa`, `android`, `cuda`, `cygwin`, `dragonfly`, `emscripten`, `espidf`, `freebsd`, `fuchsia`, `haiku`, `helenos`, `hermit`, `horizon`, `hurd`, `illumos`, `ios`, `l4re`, `linux`, `lynxos178`, `macos`, `managarm`, `motor`, `netbsd`, `none`, `nto`, `nuttx`, `openbsd`, `psp`, `psx`, `qurt`, `redox`, `rtems`, `solaris`, and `solid_asp3` and 14 more
    = note: see <https://doc.rust-lang.org/nightly/rustc/check-cfg/cargo-specifics.html> for more information about checking conditional configuration

warning: unexpected `cfg` condition value: `solana`
  --> ../r22_scalar.rs:40:11
   |
40 | #[cfg(not(target_os="solana"))]
   |           ^^^^^^^^^^^^^^^^^^
   |
   = note: expected values for `target_os` are: `aix`, `amdhsa`, `android`, `cuda`, `cygwin`, `dragonfly`, `emscripten`, `espidf`, `freebsd`, `fuchsia`, `haiku`, `helenos`, `hermit`, `horizon`, `hurd`, `illumos`, `ios`, `l4re`, `linux`, `lynxos178`, `macos`, `managarm`, `motor`, `netbsd`, `none`, `nto`, `nuttx`, `openbsd`, `psp`, `psx`, `qurt`, `redox`, `rtems`, `solaris`, and `solid_asp3` and 14 more
   = note: see <https://doc.rust-lang.org/nightly/rustc/check-cfg/cargo-specifics.html> for more information about checking conditional configuration

warning: unexpected `cfg` condition value: `solana`
   --> ../r22_scalar.rs:110:11
    |
110 | #[cfg(not(target_os="solana"))]
    |           ^^^^^^^^^^^^^^^^^^
    |
    = note: expected values for `target_os` are: `aix`, `amdhsa`, `android`, `cuda`, `cygwin`, `dragonfly`, `emscripten`, `espidf`, `freebsd`, `fuchsia`, `haiku`, `helenos`, `hermit`, `horizon`, `hurd`, `illumos`, `ios`, `l4re`, `linux`, `lynxos178`, `macos`, `managarm`, `motor`, `netbsd`, `none`, `nto`, `nuttx`, `openbsd`, `psp`, `psx`, `qurt`, `redox`, `rtems`, `solaris`, and `solid_asp3` and 14 more
    = note: see <https://doc.rust-lang.org/nightly/rustc/check-cfg/cargo-specifics.html> for more information about checking conditional configuration

warning: unexpected `cfg` condition value: `solana`
  --> ../r106_terminal.rs:74:11
   |
74 | #[cfg(not(target_os="solana"))]
   |           ^^^^^^^^^^^^^^^^^^
   |
   = note: expected values for `target_os` are: `aix`, `amdhsa`, `android`, `cuda`, `cygwin`, `dragonfly`, `emscripten`, `espidf`, `freebsd`, `fuchsia`, `haiku`, `helenos`, `hermit`, `horizon`, `hurd`, `illumos`, `ios`, `l4re`, `linux`, `lynxos178`, `macos`, `managarm`, `motor`, `netbsd`, `none`, `nto`, `nuttx`, `openbsd`, `psp`, `psx`, `qurt`, `redox`, `rtems`, `solaris`, and `solid_asp3` and 14 more
   = note: see <https://doc.rust-lang.org/nightly/rustc/check-cfg/cargo-specifics.html> for more information about checking conditional configuration

warning: unexpected `cfg` condition value: `solana`
  --> ../r22_scalar.rs:59:15
   |
59 |     #[cfg(not(target_os="solana"))] {
   |               ^^^^^^^^^^^^^^^^^^
   |
   = note: expected values for `target_os` are: `aix`, `amdhsa`, `android`, `cuda`, `cygwin`, `dragonfly`, `emscripten`, `espidf`, `freebsd`, `fuchsia`, `haiku`, `helenos`, `hermit`, `horizon`, `hurd`, `illumos`, `ios`, `l4re`, `linux`, `lynxos178`, `macos`, `managarm`, `motor`, `netbsd`, `none`, `nto`, `nuttx`, `openbsd`, `psp`, `psx`, `qurt`, `redox`, `rtems`, `solaris`, and `solid_asp3` and 14 more
   = note: see <https://doc.rust-lang.org/nightly/rustc/check-cfg/cargo-specifics.html> for more information about checking conditional configuration

warning: unused imports: `M31_HALF` and `M31`
 --> ../r17_owned_weights.rs:2:69
  |
2 | use super::{basis_transport::transport, corelib::field::{QM31 as K, M31, M31_HALF}};
  |                                                                     ^^^  ^^^^^^^^
  |
  = note: `#[warn(unused_imports)]` (part of `#[warn(unused)]`) on by default

warning: unexpected `cfg` condition value: `solana`
  --> ../r17_compact_prepare.rs:67:11
   |
67 | #[cfg(not(target_os="solana"))]
   |           ^^^^^^^^^^^^^^^^^^
   |
   = note: expected values for `target_os` are: `aix`, `amdhsa`, `android`, `cuda`, `cygwin`, `dragonfly`, `emscripten`, `espidf`, `freebsd`, `fuchsia`, `haiku`, `helenos`, `hermit`, `horizon`, `hurd`, `illumos`, `ios`, `l4re`, `linux`, `lynxos178`, `macos`, `managarm`, `motor`, `netbsd`, `none`, `nto`, `nuttx`, `openbsd`, `psp`, `psx`, `qurt`, `redox`, `rtems`, `solaris`, and `solid_asp3` and 14 more
   = note: see <https://doc.rust-lang.org/nightly/rustc/check-cfg/cargo-specifics.html> for more information about checking conditional configuration

warning: unexpected `cfg` condition value: `solana`
  --> ../r17_opening_weights.rs:68:11
   |
68 | #[cfg(not(target_os="solana"))]
   |           ^^^^^^^^^^^^^^^^^^
   |
   = note: expected values for `target_os` are: `aix`, `amdhsa`, `android`, `cuda`, `cygwin`, `dragonfly`, `emscripten`, `espidf`, `freebsd`, `fuchsia`, `haiku`, `helenos`, `hermit`, `horizon`, `hurd`, `illumos`, `ios`, `l4re`, `linux`, `lynxos178`, `macos`, `managarm`, `motor`, `netbsd`, `none`, `nto`, `nuttx`, `openbsd`, `psp`, `psx`, `qurt`, `redox`, `rtems`, `solaris`, and `solid_asp3` and 14 more
   = note: see <https://doc.rust-lang.org/nightly/rustc/check-cfg/cargo-specifics.html> for more information about checking conditional configuration

warning: unexpected `cfg` condition value: `solana`
  --> ../r105_parse.rs:21:11
   |
21 | #[cfg(not(target_os="solana"))]
   |           ^^^^^^^^^^^^^^^^^^
   |
   = note: expected values for `target_os` are: `aix`, `amdhsa`, `android`, `cuda`, `cygwin`, `dragonfly`, `emscripten`, `espidf`, `freebsd`, `fuchsia`, `haiku`, `helenos`, `hermit`, `horizon`, `hurd`, `illumos`, `ios`, `l4re`, `linux`, `lynxos178`, `macos`, `managarm`, `motor`, `netbsd`, `none`, `nto`, `nuttx`, `openbsd`, `psp`, `psx`, `qurt`, `redox`, `rtems`, `solaris`, and `solid_asp3` and 14 more
   = note: see <https://doc.rust-lang.org/nightly/rustc/check-cfg/cargo-specifics.html> for more information about checking conditional configuration

warning: unexpected `cfg` condition value: `solana`
  --> ../r117_primal.rs:24:11
   |
24 | #[cfg(not(target_os="solana"))]
   |           ^^^^^^^^^^^^^^^^^^
   |
   = note: expected values for `target_os` are: `aix`, `amdhsa`, `android`, `cuda`, `cygwin`, `dragonfly`, `emscripten`, `espidf`, `freebsd`, `fuchsia`, `haiku`, `helenos`, `hermit`, `horizon`, `hurd`, `illumos`, `ios`, `l4re`, `linux`, `lynxos178`, `macos`, `managarm`, `motor`, `netbsd`, `none`, `nto`, `nuttx`, `openbsd`, `psp`, `psx`, `qurt`, `redox`, `rtems`, `solaris`, and `solid_asp3` and 14 more
   = note: see <https://doc.rust-lang.org/nightly/rustc/check-cfg/cargo-specifics.html> for more information about checking conditional configuration

warning: unexpected `cfg` condition value: `solana`
  --> ../r17_host_relation.rs:39:15
   |
39 |     #[cfg(not(target_os="solana"))]
   |               ^^^^^^^^^^^^^^^^^^
   |
   = note: expected values for `target_os` are: `aix`, `amdhsa`, `android`, `cuda`, `cygwin`, `dragonfly`, `emscripten`, `espidf`, `freebsd`, `fuchsia`, `haiku`, `helenos`, `hermit`, `horizon`, `hurd`, `illumos`, `ios`, `l4re`, `linux`, `lynxos178`, `macos`, `managarm`, `motor`, `netbsd`, `none`, `nto`, `nuttx`, `openbsd`, `psp`, `psx`, `qurt`, `redox`, `rtems`, `solaris`, and `solid_asp3` and 14 more
   = note: see <https://doc.rust-lang.org/nightly/rustc/check-cfg/cargo-specifics.html> for more information about checking conditional configuration

warning: unexpected `cfg` condition value: `solana`
   --> ../r17_host_relation.rs:100:15
    |
100 |     #[cfg(not(target_os="solana"))] {
    |               ^^^^^^^^^^^^^^^^^^
    |
    = note: expected values for `target_os` are: `aix`, `amdhsa`, `android`, `cuda`, `cygwin`, `dragonfly`, `emscripten`, `espidf`, `freebsd`, `fuchsia`, `haiku`, `helenos`, `hermit`, `horizon`, `hurd`, `illumos`, `ios`, `l4re`, `linux`, `lynxos178`, `macos`, `managarm`, `motor`, `netbsd`, `none`, `nto`, `nuttx`, `openbsd`, `psp`, `psx`, `qurt`, `redox`, `rtems`, `solaris`, and `solid_asp3` and 14 more
    = note: see <https://doc.rust-lang.org/nightly/rustc/check-cfg/cargo-specifics.html> for more information about checking conditional configuration

warning: unexpected `cfg` condition value: `solana`
  --> ../r17_host_relation.rs:84:7
   |
84 | #[cfg(target_os="solana")] { (); (); }
   |       ^^^^^^^^^^^^^^^^^^
   |
   = note: expected values for `target_os` are: `aix`, `amdhsa`, `android`, `cuda`, `cygwin`, `dragonfly`, `emscripten`, `espidf`, `freebsd`, `fuchsia`, `haiku`, `helenos`, `hermit`, `horizon`, `hurd`, `illumos`, `ios`, `l4re`, `linux`, `lynxos178`, `macos`, `managarm`, `motor`, `netbsd`, `none`, `nto`, `nuttx`, `openbsd`, `psp`, `psx`, `qurt`, `redox`, `rtems`, `solaris`, and `solid_asp3` and 14 more
   = note: see <https://doc.rust-lang.org/nightly/rustc/check-cfg/cargo-specifics.html> for more information about checking conditional configuration

warning: unexpected `cfg` condition value: `solana`
  --> ../r17_host_relation.rs:87:7
   |
87 | #[cfg(target_os="solana")] { (); (); }
   |       ^^^^^^^^^^^^^^^^^^
   |
   = note: expected values for `target_os` are: `aix`, `amdhsa`, `android`, `cuda`, `cygwin`, `dragonfly`, `emscripten`, `espidf`, `freebsd`, `fuchsia`, `haiku`, `helenos`, `hermit`, `horizon`, `hurd`, `illumos`, `ios`, `l4re`, `linux`, `lynxos178`, `macos`, `managarm`, `motor`, `netbsd`, `none`, `nto`, `nuttx`, `openbsd`, `psp`, `psx`, `qurt`, `redox`, `rtems`, `solaris`, and `solid_asp3` and 14 more
   = note: see <https://doc.rust-lang.org/nightly/rustc/check-cfg/cargo-specifics.html> for more information about checking conditional configuration

warning: unexpected `cfg` condition value: `solana`
  --> ../r17_host_relation.rs:89:7
   |
89 | #[cfg(target_os="solana")] { (); (); }
   |       ^^^^^^^^^^^^^^^^^^
   |
   = note: expected values for `target_os` are: `aix`, `amdhsa`, `android`, `cuda`, `cygwin`, `dragonfly`, `emscripten`, `espidf`, `freebsd`, `fuchsia`, `haiku`, `helenos`, `hermit`, `horizon`, `hurd`, `illumos`, `ios`, `l4re`, `linux`, `lynxos178`, `macos`, `managarm`, `motor`, `netbsd`, `none`, `nto`, `nuttx`, `openbsd`, `psp`, `psx`, `qurt`, `redox`, `rtems`, `solaris`, and `solid_asp3` and 14 more
   = note: see <https://doc.rust-lang.org/nightly/rustc/check-cfg/cargo-specifics.html> for more information about checking conditional configuration

warning: unexpected `cfg` condition value: `solana`
  --> ../r17_host_relation.rs:96:7
   |
96 | #[cfg(target_os="solana")] { (); (); }
   |       ^^^^^^^^^^^^^^^^^^
   |
   = note: expected values for `target_os` are: `aix`, `amdhsa`, `android`, `cuda`, `cygwin`, `dragonfly`, `emscripten`, `espidf`, `freebsd`, `fuchsia`, `haiku`, `helenos`, `hermit`, `horizon`, `hurd`, `illumos`, `ios`, `l4re`, `linux`, `lynxos178`, `macos`, `managarm`, `motor`, `netbsd`, `none`, `nto`, `nuttx`, `openbsd`, `psp`, `psx`, `qurt`, `redox`, `rtems`, `solaris`, and `solid_asp3` and 14 more
   = note: see <https://doc.rust-lang.org/nightly/rustc/check-cfg/cargo-specifics.html> for more information about checking conditional configuration

warning: unexpected `cfg` condition value: `solana`
   --> ../r17_host_relation.rs:188:11
    |
188 |     #[cfg(target_os="solana")] { (); (); }
    |           ^^^^^^^^^^^^^^^^^^
    |
    = note: expected values for `target_os` are: `aix`, `amdhsa`, `android`, `cuda`, `cygwin`, `dragonfly`, `emscripten`, `espidf`, `freebsd`, `fuchsia`, `haiku`, `helenos`, `hermit`, `horizon`, `hurd`, `illumos`, `ios`, `l4re`, `linux`, `lynxos178`, `macos`, `managarm`, `motor`, `netbsd`, `none`, `nto`, `nuttx`, `openbsd`, `psp`, `psx`, `qurt`, `redox`, `rtems`, `solaris`, and `solid_asp3` and 14 more
    = note: see <https://doc.rust-lang.org/nightly/rustc/check-cfg/cargo-specifics.html> for more information about checking conditional configuration

warning: unexpected `cfg` condition value: `solana`
   --> ../r17_host_relation.rs:255:11
    |
255 |     #[cfg(target_os="solana")] { (); (); }
    |           ^^^^^^^^^^^^^^^^^^
    |
    = note: expected values for `target_os` are: `aix`, `amdhsa`, `android`, `cuda`, `cygwin`, `dragonfly`, `emscripten`, `espidf`, `freebsd`, `fuchsia`, `haiku`, `helenos`, `hermit`, `horizon`, `hurd`, `illumos`, `ios`, `l4re`, `linux`, `lynxos178`, `macos`, `managarm`, `motor`, `netbsd`, `none`, `nto`, `nuttx`, `openbsd`, `psp`, `psx`, `qurt`, `redox`, `rtems`, `solaris`, and `solid_asp3` and 14 more
    = note: see <https://doc.rust-lang.org/nightly/rustc/check-cfg/cargo-specifics.html> for more information about checking conditional configuration

warning: unexpected `cfg` condition value: `solana`
   --> ../r17_host_relation.rs:260:11
    |
260 |     #[cfg(target_os="solana")] { (); (); }
    |           ^^^^^^^^^^^^^^^^^^
    |
    = note: expected values for `target_os` are: `aix`, `amdhsa`, `android`, `cuda`, `cygwin`, `dragonfly`, `emscripten`, `espidf`, `freebsd`, `fuchsia`, `haiku`, `helenos`, `hermit`, `horizon`, `hurd`, `illumos`, `ios`, `l4re`, `linux`, `lynxos178`, `macos`, `managarm`, `motor`, `netbsd`, `none`, `nto`, `nuttx`, `openbsd`, `psp`, `psx`, `qurt`, `redox`, `rtems`, `solaris`, and `solid_asp3` and 14 more
    = note: see <https://doc.rust-lang.org/nightly/rustc/check-cfg/cargo-specifics.html> for more information about checking conditional configuration

warning: unexpected `cfg` condition value: `solana`
   --> ../r17_host_relation.rs:178:23
    |
178 |             #[cfg(not(target_os="solana"))]
    |                       ^^^^^^^^^^^^^^^^^^
    |
    = note: expected values for `target_os` are: `aix`, `amdhsa`, `android`, `cuda`, `cygwin`, `dragonfly`, `emscripten`, `espidf`, `freebsd`, `fuchsia`, `haiku`, `helenos`, `hermit`, `horizon`, `hurd`, `illumos`, `ios`, `l4re`, `linux`, `lynxos178`, `macos`, `managarm`, `motor`, `netbsd`, `none`, `nto`, `nuttx`, `openbsd`, `psp`, `psx`, `qurt`, `redox`, `rtems`, `solaris`, and `solid_asp3` and 14 more
    = note: see <https://doc.rust-lang.org/nightly/rustc/check-cfg/cargo-specifics.html> for more information about checking conditional configuration

warning: unexpected `cfg` condition value: `solana`
   --> ../r17_host_relation.rs:200:19
    |
200 |         #[cfg(not(target_os="solana"))]
    |                   ^^^^^^^^^^^^^^^^^^
    |
    = note: expected values for `target_os` are: `aix`, `amdhsa`, `android`, `cuda`, `cygwin`, `dragonfly`, `emscripten`, `espidf`, `freebsd`, `fuchsia`, `haiku`, `helenos`, `hermit`, `horizon`, `hurd`, `illumos`, `ios`, `l4re`, `linux`, `lynxos178`, `macos`, `managarm`, `motor`, `netbsd`, `none`, `nto`, `nuttx`, `openbsd`, `psp`, `psx`, `qurt`, `redox`, `rtems`, `solaris`, and `solid_asp3` and 14 more
    = note: see <https://doc.rust-lang.org/nightly/rustc/check-cfg/cargo-specifics.html> for more information about checking conditional configuration

warning: unexpected `cfg` condition value: `solana`
   --> ../r17_host_relation.rs:249:23
    |
249 |             #[cfg(not(target_os="solana"))]
    |                       ^^^^^^^^^^^^^^^^^^
    |
    = note: expected values for `target_os` are: `aix`, `amdhsa`, `android`, `cuda`, `cygwin`, `dragonfly`, `emscripten`, `espidf`, `freebsd`, `fuchsia`, `haiku`, `helenos`, `hermit`, `horizon`, `hurd`, `illumos`, `ios`, `l4re`, `linux`, `lynxos178`, `macos`, `managarm`, `motor`, `netbsd`, `none`, `nto`, `nuttx`, `openbsd`, `psp`, `psx`, `qurt`, `redox`, `rtems`, `solaris`, and `solid_asp3` and 14 more
    = note: see <https://doc.rust-lang.org/nightly/rustc/check-cfg/cargo-specifics.html> for more information about checking conditional configuration

warning: unexpected `cfg` condition value: `solana`
   --> ../r17_host_relation.rs:235:35
    |
235 |                         #[cfg(not(target_os="solana"))]
    |                                   ^^^^^^^^^^^^^^^^^^
    |
    = note: expected values for `target_os` are: `aix`, `amdhsa`, `android`, `cuda`, `cygwin`, `dragonfly`, `emscripten`, `espidf`, `freebsd`, `fuchsia`, `haiku`, `helenos`, `hermit`, `horizon`, `hurd`, `illumos`, `ios`, `l4re`, `linux`, `lynxos178`, `macos`, `managarm`, `motor`, `netbsd`, `none`, `nto`, `nuttx`, `openbsd`, `psp`, `psx`, `qurt`, `redox`, `rtems`, `solaris`, and `solid_asp3` and 14 more
    = note: see <https://doc.rust-lang.org/nightly/rustc/check-cfg/cargo-specifics.html> for more information about checking conditional configuration

warning: unexpected `cfg` condition value: `solana`
   --> ../r17_host_relation.rs:355:11
    |
355 |     #[cfg(target_os="solana")] { (); (); }
    |           ^^^^^^^^^^^^^^^^^^
    |
    = note: expected values for `target_os` are: `aix`, `amdhsa`, `android`, `cuda`, `cygwin`, `dragonfly`, `emscripten`, `espidf`, `freebsd`, `fuchsia`, `haiku`, `helenos`, `hermit`, `horizon`, `hurd`, `illumos`, `ios`, `l4re`, `linux`, `lynxos178`, `macos`, `managarm`, `motor`, `netbsd`, `none`, `nto`, `nuttx`, `openbsd`, `psp`, `psx`, `qurt`, `redox`, `rtems`, `solaris`, and `solid_asp3` and 14 more
    = note: see <https://doc.rust-lang.org/nightly/rustc/check-cfg/cargo-specifics.html> for more information about checking conditional configuration

warning: unexpected `cfg` condition value: `solana`
   --> ../r17_host_relation.rs:420:11
    |
420 |     #[cfg(target_os="solana")] { (); (); }
    |           ^^^^^^^^^^^^^^^^^^
    |
    = note: expected values for `target_os` are: `aix`, `amdhsa`, `android`, `cuda`, `cygwin`, `dragonfly`, `emscripten`, `espidf`, `freebsd`, `fuchsia`, `haiku`, `helenos`, `hermit`, `horizon`, `hurd`, `illumos`, `ios`, `l4re`, `linux`, `lynxos178`, `macos`, `managarm`, `motor`, `netbsd`, `none`, `nto`, `nuttx`, `openbsd`, `psp`, `psx`, `qurt`, `redox`, `rtems`, `solaris`, and `solid_asp3` and 14 more
    = note: see <https://doc.rust-lang.org/nightly/rustc/check-cfg/cargo-specifics.html> for more information about checking conditional configuration

warning: unexpected `cfg` condition value: `solana`
   --> ../r17_host_relation.rs:425:11
    |
425 |     #[cfg(target_os="solana")] { (); (); }
    |           ^^^^^^^^^^^^^^^^^^
    |
    = note: expected values for `target_os` are: `aix`, `amdhsa`, `android`, `cuda`, `cygwin`, `dragonfly`, `emscripten`, `espidf`, `freebsd`, `fuchsia`, `haiku`, `helenos`, `hermit`, `horizon`, `hurd`, `illumos`, `ios`, `l4re`, `linux`, `lynxos178`, `macos`, `managarm`, `motor`, `netbsd`, `none`, `nto`, `nuttx`, `openbsd`, `psp`, `psx`, `qurt`, `redox`, `rtems`, `solaris`, and `solid_asp3` and 14 more
    = note: see <https://doc.rust-lang.org/nightly/rustc/check-cfg/cargo-specifics.html> for more information about checking conditional configuration

warning: unexpected `cfg` condition value: `solana`
   --> ../r17_host_relation.rs:426:15
    |
426 |     #[cfg(not(target_os="solana"))] {
    |               ^^^^^^^^^^^^^^^^^^
    |
    = note: expected values for `target_os` are: `aix`, `amdhsa`, `android`, `cuda`, `cygwin`, `dragonfly`, `emscripten`, `espidf`, `freebsd`, `fuchsia`, `haiku`, `helenos`, `hermit`, `horizon`, `hurd`, `illumos`, `ios`, `l4re`, `linux`, `lynxos178`, `macos`, `managarm`, `motor`, `netbsd`, `none`, `nto`, `nuttx`, `openbsd`, `psp`, `psx`, `qurt`, `redox`, `rtems`, `solaris`, and `solid_asp3` and 14 more
    = note: see <https://doc.rust-lang.org/nightly/rustc/check-cfg/cargo-specifics.html> for more information about checking conditional configuration

warning: unexpected `cfg` condition value: `solana`
   --> ../r17_host_relation.rs:345:23
    |
345 |             #[cfg(not(target_os="solana"))]
    |                       ^^^^^^^^^^^^^^^^^^
    |
    = note: expected values for `target_os` are: `aix`, `amdhsa`, `android`, `cuda`, `cygwin`, `dragonfly`, `emscripten`, `espidf`, `freebsd`, `fuchsia`, `haiku`, `helenos`, `hermit`, `horizon`, `hurd`, `illumos`, `ios`, `l4re`, `linux`, `lynxos178`, `macos`, `managarm`, `motor`, `netbsd`, `none`, `nto`, `nuttx`, `openbsd`, `psp`, `psx`, `qurt`, `redox`, `rtems`, `solaris`, and `solid_asp3` and 14 more
    = note: see <https://doc.rust-lang.org/nightly/rustc/check-cfg/cargo-specifics.html> for more information about checking conditional configuration

warning: unexpected `cfg` condition value: `solana`
   --> ../r17_host_relation.rs:367:19
    |
367 |         #[cfg(not(target_os="solana"))] {
    |                   ^^^^^^^^^^^^^^^^^^
    |
    = note: expected values for `target_os` are: `aix`, `amdhsa`, `android`, `cuda`, `cygwin`, `dragonfly`, `emscripten`, `espidf`, `freebsd`, `fuchsia`, `haiku`, `helenos`, `hermit`, `horizon`, `hurd`, `illumos`, `ios`, `l4re`, `linux`, `lynxos178`, `macos`, `managarm`, `motor`, `netbsd`, `none`, `nto`, `nuttx`, `openbsd`, `psp`, `psx`, `qurt`, `redox`, `rtems`, `solaris`, and `solid_asp3` and 14 more
    = note: see <https://doc.rust-lang.org/nightly/rustc/check-cfg/cargo-specifics.html> for more information about checking conditional configuration

warning: unexpected `cfg` condition value: `solana`
   --> ../r17_host_relation.rs:414:23
    |
414 |             #[cfg(not(target_os="solana"))]
    |                       ^^^^^^^^^^^^^^^^^^
    |
    = note: expected values for `target_os` are: `aix`, `amdhsa`, `android`, `cuda`, `cygwin`, `dragonfly`, `emscripten`, `espidf`, `freebsd`, `fuchsia`, `haiku`, `helenos`, `hermit`, `horizon`, `hurd`, `illumos`, `ios`, `l4re`, `linux`, `lynxos178`, `macos`, `managarm`, `motor`, `netbsd`, `none`, `nto`, `nuttx`, `openbsd`, `psp`, `psx`, `qurt`, `redox`, `rtems`, `solaris`, and `solid_asp3` and 14 more
    = note: see <https://doc.rust-lang.org/nightly/rustc/check-cfg/cargo-specifics.html> for more information about checking conditional configuration

warning: unexpected `cfg` condition value: `solana`
   --> ../r17_host_relation.rs:405:35
    |
405 |                         #[cfg(not(target_os="solana"))]
    |                                   ^^^^^^^^^^^^^^^^^^
    |
    = note: expected values for `target_os` are: `aix`, `amdhsa`, `android`, `cuda`, `cygwin`, `dragonfly`, `emscripten`, `espidf`, `freebsd`, `fuchsia`, `haiku`, `helenos`, `hermit`, `horizon`, `hurd`, `illumos`, `ios`, `l4re`, `linux`, `lynxos178`, `macos`, `managarm`, `motor`, `netbsd`, `none`, `nto`, `nuttx`, `openbsd`, `psp`, `psx`, `qurt`, `redox`, `rtems`, `solaris`, and `solid_asp3` and 14 more
    = note: see <https://doc.rust-lang.org/nightly/rustc/check-cfg/cargo-specifics.html> for more information about checking conditional configuration

warning: unexpected `cfg` condition value: `solana`
   --> ../r17_host_relation.rs:463:11
    |
463 |     #[cfg(target_os="solana")] {();();}
    |           ^^^^^^^^^^^^^^^^^^
    |
    = note: expected values for `target_os` are: `aix`, `amdhsa`, `android`, `cuda`, `cygwin`, `dragonfly`, `emscripten`, `espidf`, `freebsd`, `fuchsia`, `haiku`, `helenos`, `hermit`, `horizon`, `hurd`, `illumos`, `ios`, `l4re`, `linux`, `lynxos178`, `macos`, `managarm`, `motor`, `netbsd`, `none`, `nto`, `nuttx`, `openbsd`, `psp`, `psx`, `qurt`, `redox`, `rtems`, `solaris`, and `solid_asp3` and 14 more
    = note: see <https://doc.rust-lang.org/nightly/rustc/check-cfg/cargo-specifics.html> for more information about checking conditional configuration

warning: unexpected `cfg` condition value: `solana`
   --> ../r17_host_relation.rs:465:11
    |
465 |     #[cfg(target_os="solana")] {();();}
    |           ^^^^^^^^^^^^^^^^^^
    |
    = note: expected values for `target_os` are: `aix`, `amdhsa`, `android`, `cuda`, `cygwin`, `dragonfly`, `emscripten`, `espidf`, `freebsd`, `fuchsia`, `haiku`, `helenos`, `hermit`, `horizon`, `hurd`, `illumos`, `ios`, `l4re`, `linux`, `lynxos178`, `macos`, `managarm`, `motor`, `netbsd`, `none`, `nto`, `nuttx`, `openbsd`, `psp`, `psx`, `qurt`, `redox`, `rtems`, `solaris`, and `solid_asp3` and 14 more
    = note: see <https://doc.rust-lang.org/nightly/rustc/check-cfg/cargo-specifics.html> for more information about checking conditional configuration

warning: unexpected `cfg` condition value: `solana`
   --> ../r17_host_relation.rs:482:11
    |
482 |     #[cfg(target_os="solana")] {();();}
    |           ^^^^^^^^^^^^^^^^^^
    |
    = note: expected values for `target_os` are: `aix`, `amdhsa`, `android`, `cuda`, `cygwin`, `dragonfly`, `emscripten`, `espidf`, `freebsd`, `fuchsia`, `haiku`, `helenos`, `hermit`, `horizon`, `hurd`, `illumos`, `ios`, `l4re`, `linux`, `lynxos178`, `macos`, `managarm`, `motor`, `netbsd`, `none`, `nto`, `nuttx`, `openbsd`, `psp`, `psx`, `qurt`, `redox`, `rtems`, `solaris`, and `solid_asp3` and 14 more
    = note: see <https://doc.rust-lang.org/nightly/rustc/check-cfg/cargo-specifics.html> for more information about checking conditional configuration

warning: unexpected `cfg` condition value: `solana`
   --> ../r17_host_relation.rs:516:11
    |
516 |     #[cfg(target_os="solana")] {();();}
    |           ^^^^^^^^^^^^^^^^^^
    |
    = note: expected values for `target_os` are: `aix`, `amdhsa`, `android`, `cuda`, `cygwin`, `dragonfly`, `emscripten`, `espidf`, `freebsd`, `fuchsia`, `haiku`, `helenos`, `hermit`, `horizon`, `hurd`, `illumos`, `ios`, `l4re`, `linux`, `lynxos178`, `macos`, `managarm`, `motor`, `netbsd`, `none`, `nto`, `nuttx`, `openbsd`, `psp`, `psx`, `qurt`, `redox`, `rtems`, `solaris`, and `solid_asp3` and 14 more
    = note: see <https://doc.rust-lang.org/nightly/rustc/check-cfg/cargo-specifics.html> for more information about checking conditional configuration

warning: unexpected `cfg` condition value: `solana`
   --> ../r17_host_relation.rs:495:15
    |
495 |         #[cfg(target_os="solana")] {();();}
    |               ^^^^^^^^^^^^^^^^^^
    |
    = note: expected values for `target_os` are: `aix`, `amdhsa`, `android`, `cuda`, `cygwin`, `dragonfly`, `emscripten`, `espidf`, `freebsd`, `fuchsia`, `haiku`, `helenos`, `hermit`, `horizon`, `hurd`, `illumos`, `ios`, `l4re`, `linux`, `lynxos178`, `macos`, `managarm`, `motor`, `netbsd`, `none`, `nto`, `nuttx`, `openbsd`, `psp`, `psx`, `qurt`, `redox`, `rtems`, `solaris`, and `solid_asp3` and 14 more
    = note: see <https://doc.rust-lang.org/nightly/rustc/check-cfg/cargo-specifics.html> for more information about checking conditional configuration

warning: unexpected `cfg` condition value: `solana`
   --> ../r17_host_relation.rs:499:23
    |
499 |             #[cfg(not(target_os="solana"))] {
    |                       ^^^^^^^^^^^^^^^^^^
    |
    = note: expected values for `target_os` are: `aix`, `amdhsa`, `android`, `cuda`, `cygwin`, `dragonfly`, `emscripten`, `espidf`, `freebsd`, `fuchsia`, `haiku`, `helenos`, `hermit`, `horizon`, `hurd`, `illumos`, `ios`, `l4re`, `linux`, `lynxos178`, `macos`, `managarm`, `motor`, `netbsd`, `none`, `nto`, `nuttx`, `openbsd`, `psp`, `psx`, `qurt`, `redox`, `rtems`, `solaris`, and `solid_asp3` and 14 more
    = note: see <https://doc.rust-lang.org/nightly/rustc/check-cfg/cargo-specifics.html> for more information about checking conditional configuration

warning: unexpected `cfg` condition value: `solana`
  --> ../r116_query.rs:71:11
   |
71 | #[cfg(not(target_os="solana"))]
   |           ^^^^^^^^^^^^^^^^^^
   |
   = note: expected values for `target_os` are: `aix`, `amdhsa`, `android`, `cuda`, `cygwin`, `dragonfly`, `emscripten`, `espidf`, `freebsd`, `fuchsia`, `haiku`, `helenos`, `hermit`, `horizon`, `hurd`, `illumos`, `ios`, `l4re`, `linux`, `lynxos178`, `macos`, `managarm`, `motor`, `netbsd`, `none`, `nto`, `nuttx`, `openbsd`, `psp`, `psx`, `qurt`, `redox`, `rtems`, `solaris`, and `solid_asp3` and 14 more
   = note: see <https://doc.rust-lang.org/nightly/rustc/check-cfg/cargo-specifics.html> for more information about checking conditional configuration

warning: unused import: `r17_host_relation as r17_relation`
  --> ../relation_callback.rs:32:5
   |
32 | use r17_host_relation as r17_relation;
   |     ^^^^^^^^^^^^^^^^^^^^^^^^^^^^^^^^^

warning: unexpected `cfg` condition name: `v8_query_graph`
  --> ../relation_callback.rs:65:11
   |
65 |     #[cfg(v8_query_graph)] query_graph::record(parts);
   |           ^^^^^^^^^^^^^^
   |
   = help: consider using a Cargo feature instead
   = help: or consider adding in `Cargo.toml` the `check-cfg` lint config for the lint:
            [lints.rust]
            unexpected_cfgs = { level = "warn", check-cfg = ['cfg(v8_query_graph)'] }
   = help: or consider adding `println!("cargo::rustc-check-cfg=cfg(v8_query_graph)");` to the top of the `build.rs`
   = note: see <https://doc.rust-lang.org/nightly/rustc/check-cfg/cargo-specifics.html> for more information about checking conditional configuration

warning: unexpected `cfg` condition name: `v8_early_prefix`
  --> ../relation_callback.rs:66:11
   |
66 |     #[cfg(v8_early_prefix)] early_c1_trace::record(parts,digest);
   |           ^^^^^^^^^^^^^^^
   |
   = help: consider using a Cargo feature instead
   = help: or consider adding in `Cargo.toml` the `check-cfg` lint config for the lint:
            [lints.rust]
            unexpected_cfgs = { level = "warn", check-cfg = ['cfg(v8_early_prefix)'] }
   = help: or consider adding `println!("cargo::rustc-check-cfg=cfg(v8_early_prefix)");` to the top of the `build.rs`
   = note: see <https://doc.rust-lang.org/nightly/rustc/check-cfg/cargo-specifics.html> for more information about checking conditional configuration

warning: unexpected `cfg` condition name: `v8_performance_sbf`
   --> ../relation_callback.rs:169:15
    |
169 |     #[cfg(all(v8_performance_sbf,v8_fine_profile))]
    |               ^^^^^^^^^^^^^^^^^^
    |
    = help: consider using a Cargo feature instead
    = help: or consider adding in `Cargo.toml` the `check-cfg` lint config for the lint:
             [lints.rust]
             unexpected_cfgs = { level = "warn", check-cfg = ['cfg(v8_performance_sbf)'] }
    = help: or consider adding `println!("cargo::rustc-check-cfg=cfg(v8_performance_sbf)");` to the top of the `build.rs`
    = note: see <https://doc.rust-lang.org/nightly/rustc/check-cfg/cargo-specifics.html> for more information about checking conditional configuration

warning: unexpected `cfg` condition name: `v8_fine_profile`
   --> ../relation_callback.rs:169:34
    |
169 |     #[cfg(all(v8_performance_sbf,v8_fine_profile))]
    |                                  ^^^^^^^^^^^^^^^
    |
    = help: consider using a Cargo feature instead
    = help: or consider adding in `Cargo.toml` the `check-cfg` lint config for the lint:
             [lints.rust]
             unexpected_cfgs = { level = "warn", check-cfg = ['cfg(v8_fine_profile)'] }
    = help: or consider adding `println!("cargo::rustc-check-cfg=cfg(v8_fine_profile)");` to the top of the `build.rs`
    = note: see <https://doc.rust-lang.org/nightly/rustc/check-cfg/cargo-specifics.html> for more information about checking conditional configuration

warning: unexpected `cfg` condition name: `v8_performance_sbf`
   --> ../relation_callback.rs:171:19
    |
171 |     #[cfg(not(all(v8_performance_sbf,v8_fine_profile)))] let _=name;
    |                   ^^^^^^^^^^^^^^^^^^
    |
    = help: consider using a Cargo feature instead
    = help: or consider adding in `Cargo.toml` the `check-cfg` lint config for the lint:
             [lints.rust]
             unexpected_cfgs = { level = "warn", check-cfg = ['cfg(v8_performance_sbf)'] }
    = help: or consider adding `println!("cargo::rustc-check-cfg=cfg(v8_performance_sbf)");` to the top of the `build.rs`
    = note: see <https://doc.rust-lang.org/nightly/rustc/check-cfg/cargo-specifics.html> for more information about checking conditional configuration

warning: unexpected `cfg` condition name: `v8_fine_profile`
   --> ../relation_callback.rs:171:38
    |
171 |     #[cfg(not(all(v8_performance_sbf,v8_fine_profile)))] let _=name;
    |                                      ^^^^^^^^^^^^^^^
    |
    = help: consider using a Cargo feature instead
    = help: or consider adding in `Cargo.toml` the `check-cfg` lint config for the lint:
             [lints.rust]
             unexpected_cfgs = { level = "warn", check-cfg = ['cfg(v8_fine_profile)'] }
    = help: or consider adding `println!("cargo::rustc-check-cfg=cfg(v8_fine_profile)");` to the top of the `build.rs`
    = note: see <https://doc.rust-lang.org/nightly/rustc/check-cfg/cargo-specifics.html> for more information about checking conditional configuration

warning: unexpected `cfg` condition name: `v8_circle_norm`
   --> ../relation_callback.rs:195:11
    |
195 |     #[cfg(v8_circle_norm)] let selected_points=circle_norm::Selected::new(queries)?;
    |           ^^^^^^^^^^^^^^
    |
    = help: consider using a Cargo feature instead
    = help: or consider adding in `Cargo.toml` the `check-cfg` lint config for the lint:
             [lints.rust]
             unexpected_cfgs = { level = "warn", check-cfg = ['cfg(v8_circle_norm)'] }
    = help: or consider adding `println!("cargo::rustc-check-cfg=cfg(v8_circle_norm)");` to the top of the `build.rs`
    = note: see <https://doc.rust-lang.org/nightly/rustc/check-cfg/cargo-specifics.html> for more information about checking conditional configuration

warning: unexpected `cfg` condition name: `v8_circle_norm`
   --> ../relation_callback.rs:196:11
    |
196 |     #[cfg(v8_circle_norm)] let pts=selected_points.points();
    |           ^^^^^^^^^^^^^^
    |
    = help: consider using a Cargo feature instead
    = help: or consider adding in `Cargo.toml` the `check-cfg` lint config for the lint:
             [lints.rust]
             unexpected_cfgs = { level = "warn", check-cfg = ['cfg(v8_circle_norm)'] }
    = help: or consider adding `println!("cargo::rustc-check-cfg=cfg(v8_circle_norm)");` to the top of the `build.rs`
    = note: see <https://doc.rust-lang.org/nightly/rustc/check-cfg/cargo-specifics.html> for more information about checking conditional configuration

warning: unexpected `cfg` condition name: `v8_circle_norm`
   --> ../relation_callback.rs:197:15
    |
197 |     #[cfg(not(v8_circle_norm))]
    |               ^^^^^^^^^^^^^^
    |
    = help: consider using a Cargo feature instead
    = help: or consider adding in `Cargo.toml` the `check-cfg` lint config for the lint:
             [lints.rust]
             unexpected_cfgs = { level = "warn", check-cfg = ['cfg(v8_circle_norm)'] }
    = help: or consider adding `println!("cargo::rustc-check-cfg=cfg(v8_circle_norm)");` to the top of the `build.rs`
    = note: see <https://doc.rust-lang.org/nightly/rustc/check-cfg/cargo-specifics.html> for more information about checking conditional configuration

warning: unexpected `cfg` condition name: `v8_auth_order`
   --> ../relation_callback.rs:211:15
    |
211 |     #[cfg(not(v8_auth_order))]
    |               ^^^^^^^^^^^^^
    |
    = help: consider using a Cargo feature instead
    = help: or consider adding in `Cargo.toml` the `check-cfg` lint config for the lint:
             [lints.rust]
             unexpected_cfgs = { level = "warn", check-cfg = ['cfg(v8_auth_order)'] }
    = help: or consider adding `println!("cargo::rustc-check-cfg=cfg(v8_auth_order)");` to the top of the `build.rs`
    = note: see <https://doc.rust-lang.org/nightly/rustc/check-cfg/cargo-specifics.html> for more information about checking conditional configuration

warning: unexpected `cfg` condition name: `v8_auth_order`
   --> ../relation_callback.rs:224:11
    |
224 |     #[cfg(v8_auth_order)]
    |           ^^^^^^^^^^^^^
    |
    = help: consider using a Cargo feature instead
    = help: or consider adding in `Cargo.toml` the `check-cfg` lint config for the lint:
             [lints.rust]
             unexpected_cfgs = { level = "warn", check-cfg = ['cfg(v8_auth_order)'] }
    = help: or consider adding `println!("cargo::rustc-check-cfg=cfg(v8_auth_order)");` to the top of the `build.rs`
    = note: see <https://doc.rust-lang.org/nightly/rustc/check-cfg/cargo-specifics.html> for more information about checking conditional configuration

warning: unexpected `cfg` condition name: `v8_auth_order`
   --> ../relation_callback.rs:226:11
    |
226 |     #[cfg(v8_auth_order)] query_checkpoint("v8:ordered-leaf-hashes");
    |           ^^^^^^^^^^^^^
    |
    = help: consider using a Cargo feature instead
    = help: or consider adding in `Cargo.toml` the `check-cfg` lint config for the lint:
             [lints.rust]
             unexpected_cfgs = { level = "warn", check-cfg = ['cfg(v8_auth_order)'] }
    = help: or consider adding `println!("cargo::rustc-check-cfg=cfg(v8_auth_order)");` to the top of the `build.rs`
    = note: see <https://doc.rust-lang.org/nightly/rustc/check-cfg/cargo-specifics.html> for more information about checking conditional configuration

warning: unexpected `cfg` condition name: `v8_tower_batch`
   --> ../relation_callback.rs:260:15
    |
260 |     #[cfg(all(v8_tower_batch,not(v8_chord_norm)))] let inverses=tower_inverse_k(&denoms)?;
    |               ^^^^^^^^^^^^^^
    |
    = help: consider using a Cargo feature instead
    = help: or consider adding in `Cargo.toml` the `check-cfg` lint config for the lint:
             [lints.rust]
             unexpected_cfgs = { level = "warn", check-cfg = ['cfg(v8_tower_batch)'] }
    = help: or consider adding `println!("cargo::rustc-check-cfg=cfg(v8_tower_batch)");` to the top of the `build.rs`
    = note: see <https://doc.rust-lang.org/nightly/rustc/check-cfg/cargo-specifics.html> for more information about checking conditional configuration

warning: unexpected `cfg` condition name: `v8_chord_norm`
   --> ../relation_callback.rs:260:34
    |
260 |     #[cfg(all(v8_tower_batch,not(v8_chord_norm)))] let inverses=tower_inverse_k(&denoms)?;
    |                                  ^^^^^^^^^^^^^
    |
    = help: consider using a Cargo feature instead
    = help: or consider adding in `Cargo.toml` the `check-cfg` lint config for the lint:
             [lints.rust]
             unexpected_cfgs = { level = "warn", check-cfg = ['cfg(v8_chord_norm)'] }
    = help: or consider adding `println!("cargo::rustc-check-cfg=cfg(v8_chord_norm)");` to the top of the `build.rs`
    = note: see <https://doc.rust-lang.org/nightly/rustc/check-cfg/cargo-specifics.html> for more information about checking conditional configuration

warning: unexpected `cfg` condition name: `v8_chord_norm`
   --> ../relation_callback.rs:261:15
    |
261 |     #[cfg(all(v8_chord_norm,not(v8_circle_norm)))] let inverses=chord_norm::inverse(&denoms,p.abc,&pts)?;
    |               ^^^^^^^^^^^^^
    |
    = help: consider using a Cargo feature instead
    = help: or consider adding in `Cargo.toml` the `check-cfg` lint config for the lint:
             [lints.rust]
             unexpected_cfgs = { level = "warn", check-cfg = ['cfg(v8_chord_norm)'] }
    = help: or consider adding `println!("cargo::rustc-check-cfg=cfg(v8_chord_norm)");` to the top of the `build.rs`
    = note: see <https://doc.rust-lang.org/nightly/rustc/check-cfg/cargo-specifics.html> for more information about checking conditional configuration

warning: unexpected `cfg` condition name: `v8_circle_norm`
   --> ../relation_callback.rs:261:33
    |
261 |     #[cfg(all(v8_chord_norm,not(v8_circle_norm)))] let inverses=chord_norm::inverse(&denoms,p.abc,&pts)?;
    |                                 ^^^^^^^^^^^^^^
    |
    = help: consider using a Cargo feature instead
    = help: or consider adding in `Cargo.toml` the `check-cfg` lint config for the lint:
             [lints.rust]
             unexpected_cfgs = { level = "warn", check-cfg = ['cfg(v8_circle_norm)'] }
    = help: or consider adding `println!("cargo::rustc-check-cfg=cfg(v8_circle_norm)");` to the top of the `build.rs`
    = note: see <https://doc.rust-lang.org/nightly/rustc/check-cfg/cargo-specifics.html> for more information about checking conditional configuration

warning: unexpected `cfg` condition name: `v8_circle_norm`
   --> ../relation_callback.rs:262:15
    |
262 |     #[cfg(all(v8_circle_norm,not(v8_joined_inverse)))] let inverses=selected_points.inverse(&denoms,p.abc)?;
    |               ^^^^^^^^^^^^^^
    |
    = help: consider using a Cargo feature instead
    = help: or consider adding in `Cargo.toml` the `check-cfg` lint config for the lint:
             [lints.rust]
             unexpected_cfgs = { level = "warn", check-cfg = ['cfg(v8_circle_norm)'] }
    = help: or consider adding `println!("cargo::rustc-check-cfg=cfg(v8_circle_norm)");` to the top of the `build.rs`
    = note: see <https://doc.rust-lang.org/nightly/rustc/check-cfg/cargo-specifics.html> for more information about checking conditional configuration

warning: unexpected `cfg` condition name: `v8_joined_inverse`
   --> ../relation_callback.rs:262:34
    |
262 |     #[cfg(all(v8_circle_norm,not(v8_joined_inverse)))] let inverses=selected_points.inverse(&denoms,p.abc)?;
    |                                  ^^^^^^^^^^^^^^^^^
    |
    = help: consider using a Cargo feature instead
    = help: or consider adding in `Cargo.toml` the `check-cfg` lint config for the lint:
             [lints.rust]
             unexpected_cfgs = { level = "warn", check-cfg = ['cfg(v8_joined_inverse)'] }
    = help: or consider adding `println!("cargo::rustc-check-cfg=cfg(v8_joined_inverse)");` to the top of the `build.rs`
    = note: see <https://doc.rust-lang.org/nightly/rustc/check-cfg/cargo-specifics.html> for more information about checking conditional configuration

warning: unexpected `cfg` condition name: `v8_joined_inverse`
   --> ../relation_callback.rs:263:15
    |
263 |     #[cfg(all(v8_joined_inverse,not(v8_line_norm)))] let (inverses,joined_m_inverse)=selected_points.inverse_joined(&denoms,p.abc,&...
    |               ^^^^^^^^^^^^^^^^^
    |
    = help: consider using a Cargo feature instead
    = help: or consider adding in `Cargo.toml` the `check-cfg` lint config for the lint:
             [lints.rust]
             unexpected_cfgs = { level = "warn", check-cfg = ['cfg(v8_joined_inverse)'] }
    = help: or consider adding `println!("cargo::rustc-check-cfg=cfg(v8_joined_inverse)");` to the top of the `build.rs`
    = note: see <https://doc.rust-lang.org/nightly/rustc/check-cfg/cargo-specifics.html> for more information about checking conditional configuration

warning: unexpected `cfg` condition name: `v8_line_norm`
   --> ../relation_callback.rs:263:37
    |
263 |     #[cfg(all(v8_joined_inverse,not(v8_line_norm)))] let (inverses,joined_m_inverse)=selected_points.inverse_joined(&denoms,p.abc,&...
    |                                     ^^^^^^^^^^^^
    |
    = help: consider using a Cargo feature instead
    = help: or consider adding in `Cargo.toml` the `check-cfg` lint config for the lint:
             [lints.rust]
             unexpected_cfgs = { level = "warn", check-cfg = ['cfg(v8_line_norm)'] }
    = help: or consider adding `println!("cargo::rustc-check-cfg=cfg(v8_line_norm)");` to the top of the `build.rs`
    = note: see <https://doc.rust-lang.org/nightly/rustc/check-cfg/cargo-specifics.html> for more information about checking conditional configuration

warning: unexpected `cfg` condition name: `v8_line_norm`
   --> ../relation_callback.rs:264:11
    |
264 |     #[cfg(v8_line_norm)] let (inverses,joined_m_inverse)=selected_points.inverse_lines(&denoms,p.abc,&base_denoms,&xs)?;
    |           ^^^^^^^^^^^^
    |
    = help: consider using a Cargo feature instead
    = help: or consider adding in `Cargo.toml` the `check-cfg` lint config for the lint:
             [lints.rust]
             unexpected_cfgs = { level = "warn", check-cfg = ['cfg(v8_line_norm)'] }
    = help: or consider adding `println!("cargo::rustc-check-cfg=cfg(v8_line_norm)");` to the top of the `build.rs`
    = note: see <https://doc.rust-lang.org/nightly/rustc/check-cfg/cargo-specifics.html> for more information about checking conditional configuration

warning: unexpected `cfg` condition name: `v8_batch_k`
   --> ../relation_callback.rs:265:15
    |
265 |     #[cfg(all(v8_batch_k,not(any(v8_tower_batch,v8_chord_norm))))] let inverses=batch_inverse_k(&denoms)?;
    |               ^^^^^^^^^^
    |
    = help: consider using a Cargo feature instead
    = help: or consider adding in `Cargo.toml` the `check-cfg` lint config for the lint:
             [lints.rust]
             unexpected_cfgs = { level = "warn", check-cfg = ['cfg(v8_batch_k)'] }
    = help: or consider adding `println!("cargo::rustc-check-cfg=cfg(v8_batch_k)");` to the top of the `build.rs`
    = note: see <https://doc.rust-lang.org/nightly/rustc/check-cfg/cargo-specifics.html> for more information about checking conditional configuration

warning: unexpected `cfg` condition name: `v8_tower_batch`
   --> ../relation_callback.rs:265:34
    |
265 |     #[cfg(all(v8_batch_k,not(any(v8_tower_batch,v8_chord_norm))))] let inverses=batch_inverse_k(&denoms)?;
    |                                  ^^^^^^^^^^^^^^
    |
    = help: consider using a Cargo feature instead
    = help: or consider adding in `Cargo.toml` the `check-cfg` lint config for the lint:
             [lints.rust]
             unexpected_cfgs = { level = "warn", check-cfg = ['cfg(v8_tower_batch)'] }
    = help: or consider adding `println!("cargo::rustc-check-cfg=cfg(v8_tower_batch)");` to the top of the `build.rs`
    = note: see <https://doc.rust-lang.org/nightly/rustc/check-cfg/cargo-specifics.html> for more information about checking conditional configuration

warning: unexpected `cfg` condition name: `v8_chord_norm`
   --> ../relation_callback.rs:265:49
    |
265 |     #[cfg(all(v8_batch_k,not(any(v8_tower_batch,v8_chord_norm))))] let inverses=batch_inverse_k(&denoms)?;
    |                                                 ^^^^^^^^^^^^^
    |
    = help: consider using a Cargo feature instead
    = help: or consider adding in `Cargo.toml` the `check-cfg` lint config for the lint:
             [lints.rust]
             unexpected_cfgs = { level = "warn", check-cfg = ['cfg(v8_chord_norm)'] }
    = help: or consider adding `println!("cargo::rustc-check-cfg=cfg(v8_chord_norm)");` to the top of the `build.rs`
    = note: see <https://doc.rust-lang.org/nightly/rustc/check-cfg/cargo-specifics.html> for more information about checking conditional configuration

warning: unexpected `cfg` condition name: `v8_batch_k`
   --> ../relation_callback.rs:266:19
    |
266 |     #[cfg(not(any(v8_batch_k,v8_tower_batch,v8_chord_norm)))] let inverses=denoms.iter().map(|d|d.try_inv().ok_or(Error::Domain)).c...
    |                   ^^^^^^^^^^
    |
    = help: consider using a Cargo feature instead
    = help: or consider adding in `Cargo.toml` the `check-cfg` lint config for the lint:
             [lints.rust]
             unexpected_cfgs = { level = "warn", check-cfg = ['cfg(v8_batch_k)'] }
    = help: or consider adding `println!("cargo::rustc-check-cfg=cfg(v8_batch_k)");` to the top of the `build.rs`
    = note: see <https://doc.rust-lang.org/nightly/rustc/check-cfg/cargo-specifics.html> for more information about checking conditional configuration

warning: unexpected `cfg` condition name: `v8_tower_batch`
   --> ../relation_callback.rs:266:30
    |
266 |     #[cfg(not(any(v8_batch_k,v8_tower_batch,v8_chord_norm)))] let inverses=denoms.iter().map(|d|d.try_inv().ok_or(Error::Domain)).c...
    |                              ^^^^^^^^^^^^^^
    |
    = help: consider using a Cargo feature instead
    = help: or consider adding in `Cargo.toml` the `check-cfg` lint config for the lint:
             [lints.rust]
             unexpected_cfgs = { level = "warn", check-cfg = ['cfg(v8_tower_batch)'] }
    = help: or consider adding `println!("cargo::rustc-check-cfg=cfg(v8_tower_batch)");` to the top of the `build.rs`
    = note: see <https://doc.rust-lang.org/nightly/rustc/check-cfg/cargo-specifics.html> for more information about checking conditional configuration

warning: unexpected `cfg` condition name: `v8_chord_norm`
   --> ../relation_callback.rs:266:45
    |
266 |     #[cfg(not(any(v8_batch_k,v8_tower_batch,v8_chord_norm)))] let inverses=denoms.iter().map(|d|d.try_inv().ok_or(Error::Domain)).c...
    |                                             ^^^^^^^^^^^^^
    |
    = help: consider using a Cargo feature instead
    = help: or consider adding in `Cargo.toml` the `check-cfg` lint config for the lint:
             [lints.rust]
             unexpected_cfgs = { level = "warn", check-cfg = ['cfg(v8_chord_norm)'] }
    = help: or consider adding `println!("cargo::rustc-check-cfg=cfg(v8_chord_norm)");` to the top of the `build.rs`
    = note: see <https://doc.rust-lang.org/nightly/rustc/check-cfg/cargo-specifics.html> for more information about checking conditional configuration

warning: unexpected `cfg` condition name: `v8_batch_m`
   --> ../relation_callback.rs:268:15
    |
268 |     #[cfg(all(v8_batch_m,not(v8_joined_inverse)))] let base_inverse=batch_inverse_m(&base_denoms)?;
    |               ^^^^^^^^^^
    |
    = help: consider using a Cargo feature instead
    = help: or consider adding in `Cargo.toml` the `check-cfg` lint config for the lint:
             [lints.rust]
             unexpected_cfgs = { level = "warn", check-cfg = ['cfg(v8_batch_m)'] }
    = help: or consider adding `println!("cargo::rustc-check-cfg=cfg(v8_batch_m)");` to the top of the `build.rs`
    = note: see <https://doc.rust-lang.org/nightly/rustc/check-cfg/cargo-specifics.html> for more information about checking conditional configuration

warning: unexpected `cfg` condition name: `v8_joined_inverse`
   --> ../relation_callback.rs:268:30
    |
268 |     #[cfg(all(v8_batch_m,not(v8_joined_inverse)))] let base_inverse=batch_inverse_m(&base_denoms)?;
    |                              ^^^^^^^^^^^^^^^^^
    |
    = help: consider using a Cargo feature instead
    = help: or consider adding in `Cargo.toml` the `check-cfg` lint config for the lint:
             [lints.rust]
             unexpected_cfgs = { level = "warn", check-cfg = ['cfg(v8_joined_inverse)'] }
    = help: or consider adding `println!("cargo::rustc-check-cfg=cfg(v8_joined_inverse)");` to the top of the `build.rs`
    = note: see <https://doc.rust-lang.org/nightly/rustc/check-cfg/cargo-specifics.html> for more information about checking conditional configuration

warning: unexpected `cfg` condition name: `v8_joined_inverse`
   --> ../relation_callback.rs:269:15
    |
269 |     #[cfg(all(v8_joined_inverse,not(v8_split_inverse)))] let base_inverse=&joined_m_inverse[denoms.len()..];
    |               ^^^^^^^^^^^^^^^^^
    |
    = help: consider using a Cargo feature instead
    = help: or consider adding in `Cargo.toml` the `check-cfg` lint config for the lint:
             [lints.rust]
             unexpected_cfgs = { level = "warn", check-cfg = ['cfg(v8_joined_inverse)'] }
    = help: or consider adding `println!("cargo::rustc-check-cfg=cfg(v8_joined_inverse)");` to the top of the `build.rs`
    = note: see <https://doc.rust-lang.org/nightly/rustc/check-cfg/cargo-specifics.html> for more information about checking conditional configuration

warning: unexpected `cfg` condition name: `v8_split_inverse`
   --> ../relation_callback.rs:269:37
    |
269 |     #[cfg(all(v8_joined_inverse,not(v8_split_inverse)))] let base_inverse=&joined_m_inverse[denoms.len()..];
    |                                     ^^^^^^^^^^^^^^^^
    |
    = help: consider using a Cargo feature instead
    = help: or consider adding in `Cargo.toml` the `check-cfg` lint config for the lint:
             [lints.rust]
             unexpected_cfgs = { level = "warn", check-cfg = ['cfg(v8_split_inverse)'] }
    = help: or consider adding `println!("cargo::rustc-check-cfg=cfg(v8_split_inverse)");` to the top of the `build.rs`
    = note: see <https://doc.rust-lang.org/nightly/rustc/check-cfg/cargo-specifics.html> for more information about checking conditional configuration

warning: unexpected `cfg` condition name: `v8_split_inverse`
   --> ../relation_callback.rs:270:11
    |
270 |     #[cfg(v8_split_inverse)] let base_inverse=&joined_m_inverse[..];
    |           ^^^^^^^^^^^^^^^^
    |
    = help: consider using a Cargo feature instead
    = help: or consider adding in `Cargo.toml` the `check-cfg` lint config for the lint:
             [lints.rust]
             unexpected_cfgs = { level = "warn", check-cfg = ['cfg(v8_split_inverse)'] }
    = help: or consider adding `println!("cargo::rustc-check-cfg=cfg(v8_split_inverse)");` to the top of the `build.rs`
    = note: see <https://doc.rust-lang.org/nightly/rustc/check-cfg/cargo-specifics.html> for more information about checking conditional configuration

warning: unexpected `cfg` condition name: `v8_batch_m`
   --> ../relation_callback.rs:271:15
    |
271 |     #[cfg(not(v8_batch_m))] let base_inverse:Vec<M31>=base_denoms.iter().map(|d|d.inv()).collect();
    |               ^^^^^^^^^^
    |
    = help: consider using a Cargo feature instead
    = help: or consider adding in `Cargo.toml` the `check-cfg` lint config for the lint:
             [lints.rust]
             unexpected_cfgs = { level = "warn", check-cfg = ['cfg(v8_batch_m)'] }
    = help: or consider adding `println!("cargo::rustc-check-cfg=cfg(v8_batch_m)");` to the top of the `build.rs`
    = note: see <https://doc.rust-lang.org/nightly/rustc/check-cfg/cargo-specifics.html> for more information about checking conditional configuration

warning: unexpected `cfg` condition name: `v8_query_shared`
   --> ../relation_callback.rs:273:15
    |
273 |     #[cfg(all(v8_query_shared,not(v8_quotient_fused)))]
    |               ^^^^^^^^^^^^^^^
    |
    = help: consider using a Cargo feature instead
    = help: or consider adding in `Cargo.toml` the `check-cfg` lint config for the lint:
             [lints.rust]
             unexpected_cfgs = { level = "warn", check-cfg = ['cfg(v8_query_shared)'] }
    = help: or consider adding `println!("cargo::rustc-check-cfg=cfg(v8_query_shared)");` to the top of the `build.rs`
    = note: see <https://doc.rust-lang.org/nightly/rustc/check-cfg/cargo-specifics.html> for more information about checking conditional configuration

warning: unexpected `cfg` condition name: `v8_quotient_fused`
   --> ../relation_callback.rs:273:35
    |
273 |     #[cfg(all(v8_query_shared,not(v8_quotient_fused)))]
    |                                   ^^^^^^^^^^^^^^^^^
    |
    = help: consider using a Cargo feature instead
    = help: or consider adding in `Cargo.toml` the `check-cfg` lint config for the lint:
             [lints.rust]
             unexpected_cfgs = { level = "warn", check-cfg = ['cfg(v8_quotient_fused)'] }
    = help: or consider adding `println!("cargo::rustc-check-cfg=cfg(v8_quotient_fused)");` to the top of the `build.rs`
    = note: see <https://doc.rust-lang.org/nightly/rustc/check-cfg/cargo-specifics.html> for more information about checking conditional configuration

warning: unexpected `cfg` condition name: `v8_quotient_fused`
   --> ../relation_callback.rs:275:11
    |
275 |     #[cfg(v8_quotient_fused)] let prepared_fold=quotient_fold::Prepared::new(alpha);
    |           ^^^^^^^^^^^^^^^^^
    |
    = help: consider using a Cargo feature instead
    = help: or consider adding in `Cargo.toml` the `check-cfg` lint config for the lint:
             [lints.rust]
             unexpected_cfgs = { level = "warn", check-cfg = ['cfg(v8_quotient_fused)'] }
    = help: or consider adding `println!("cargo::rustc-check-cfg=cfg(v8_quotient_fused)");` to the top of the `build.rs`
    = note: see <https://doc.rust-lang.org/nightly/rustc/check-cfg/cargo-specifics.html> for more information about checking conditional configuration

warning: unexpected `cfg` condition name: `v8_structured`
   --> ../relation_callback.rs:293:15
    |
293 |     #[cfg(all(v8_structured,not(v8_performance_sbf)))]
    |               ^^^^^^^^^^^^^
    |
    = help: consider using a Cargo feature instead
    = help: or consider adding in `Cargo.toml` the `check-cfg` lint config for the lint:
             [lints.rust]
             unexpected_cfgs = { level = "warn", check-cfg = ['cfg(v8_structured)'] }
    = help: or consider adding `println!("cargo::rustc-check-cfg=cfg(v8_structured)");` to the top of the `build.rs`
    = note: see <https://doc.rust-lang.org/nightly/rustc/check-cfg/cargo-specifics.html> for more information about checking conditional configuration

warning: unexpected `cfg` condition name: `v8_performance_sbf`
   --> ../relation_callback.rs:293:33
    |
293 |     #[cfg(all(v8_structured,not(v8_performance_sbf)))]
    |                                 ^^^^^^^^^^^^^^^^^^
    |
    = help: consider using a Cargo feature instead
    = help: or consider adding in `Cargo.toml` the `check-cfg` lint config for the lint:
             [lints.rust]
             unexpected_cfgs = { level = "warn", check-cfg = ['cfg(v8_performance_sbf)'] }
    = help: or consider adding `println!("cargo::rustc-check-cfg=cfg(v8_performance_sbf)");` to the top of the `build.rs`
    = note: see <https://doc.rust-lang.org/nightly/rustc/check-cfg/cargo-specifics.html> for more information about checking conditional configuration

warning: unexpected `cfg` condition name: `v8_gamma_wrap`
   --> ../relation_callback.rs:205:19
    |
205 |         #[cfg(not(v8_gamma_wrap))]
    |                   ^^^^^^^^^^^^^
    |
    = help: consider using a Cargo feature instead
    = help: or consider adding in `Cargo.toml` the `check-cfg` lint config for the lint:
             [lints.rust]
             unexpected_cfgs = { level = "warn", check-cfg = ['cfg(v8_gamma_wrap)'] }
    = help: or consider adding `println!("cargo::rustc-check-cfg=cfg(v8_gamma_wrap)");` to the top of the `build.rs`
    = note: see <https://doc.rust-lang.org/nightly/rustc/check-cfg/cargo-specifics.html> for more information about checking conditional configuration

warning: unexpected `cfg` condition name: `v8_gamma_wrap`
   --> ../relation_callback.rs:207:15
    |
207 |         #[cfg(v8_gamma_wrap)]
    |               ^^^^^^^^^^^^^
    |
    = help: consider using a Cargo feature instead
    = help: or consider adding in `Cargo.toml` the `check-cfg` lint config for the lint:
             [lints.rust]
             unexpected_cfgs = { level = "warn", check-cfg = ['cfg(v8_gamma_wrap)'] }
    = help: or consider adding `println!("cargo::rustc-check-cfg=cfg(v8_gamma_wrap)");` to the top of the `build.rs`
    = note: see <https://doc.rust-lang.org/nightly/rustc/check-cfg/cargo-specifics.html> for more information about checking conditional configuration

warning: unexpected `cfg` condition name: `v8_leaf_record`
   --> ../relation_callback.rs:216:19
    |
216 |         #[cfg(not(v8_leaf_record))]
    |                   ^^^^^^^^^^^^^^
    |
    = help: consider using a Cargo feature instead
    = help: or consider adding in `Cargo.toml` the `check-cfg` lint config for the lint:
             [lints.rust]
             unexpected_cfgs = { level = "warn", check-cfg = ['cfg(v8_leaf_record)'] }
    = help: or consider adding `println!("cargo::rustc-check-cfg=cfg(v8_leaf_record)");` to the top of the `build.rs`
    = note: see <https://doc.rust-lang.org/nightly/rustc/check-cfg/cargo-specifics.html> for more information about checking conditional configuration

warning: unexpected `cfg` condition name: `v8_leaf_record`
   --> ../relation_callback.rs:218:15
    |
218 |         #[cfg(v8_leaf_record)]
    |               ^^^^^^^^^^^^^^
    |
    = help: consider using a Cargo feature instead
    = help: or consider adding in `Cargo.toml` the `check-cfg` lint config for the lint:
             [lints.rust]
             unexpected_cfgs = { level = "warn", check-cfg = ['cfg(v8_leaf_record)'] }
    = help: or consider adding `println!("cargo::rustc-check-cfg=cfg(v8_leaf_record)");` to the top of the `build.rs`
    = note: see <https://doc.rust-lang.org/nightly/rustc/check-cfg/cargo-specifics.html> for more information about checking conditional configuration

warning: unexpected `cfg` condition name: `v8_query_shared`
   --> ../relation_callback.rs:235:15
    |
235 |         #[cfg(v8_query_shared)]
    |               ^^^^^^^^^^^^^^^
    |
    = help: consider using a Cargo feature instead
    = help: or consider adding in `Cargo.toml` the `check-cfg` lint config for the lint:
             [lints.rust]
             unexpected_cfgs = { level = "warn", check-cfg = ['cfg(v8_query_shared)'] }
    = help: or consider adding `println!("cargo::rustc-check-cfg=cfg(v8_query_shared)");` to the top of the `build.rs`
    = note: see <https://doc.rust-lang.org/nightly/rustc/check-cfg/cargo-specifics.html> for more information about checking conditional configuration

warning: unexpected `cfg` condition name: `v8_query_kernels`
   --> ../relation_callback.rs:241:23
    |
241 |             #[cfg(not(v8_query_kernels))] {
    |                       ^^^^^^^^^^^^^^^^
    |
    = help: consider using a Cargo feature instead
    = help: or consider adding in `Cargo.toml` the `check-cfg` lint config for the lint:
             [lints.rust]
             unexpected_cfgs = { level = "warn", check-cfg = ['cfg(v8_query_kernels)'] }
    = help: or consider adding `println!("cargo::rustc-check-cfg=cfg(v8_query_kernels)");` to the top of the `build.rs`
    = note: see <https://doc.rust-lang.org/nightly/rustc/check-cfg/cargo-specifics.html> for more information about checking conditional configuration

warning: unexpected `cfg` condition name: `v8_query_kernels`
   --> ../relation_callback.rs:246:23
    |
246 |             #[cfg(all(v8_query_kernels,not(v8_query_shared)))] {
    |                       ^^^^^^^^^^^^^^^^
    |
    = help: consider using a Cargo feature instead
    = help: or consider adding in `Cargo.toml` the `check-cfg` lint config for the lint:
             [lints.rust]
             unexpected_cfgs = { level = "warn", check-cfg = ['cfg(v8_query_kernels)'] }
    = help: or consider adding `println!("cargo::rustc-check-cfg=cfg(v8_query_kernels)");` to the top of the `build.rs`
    = note: see <https://doc.rust-lang.org/nightly/rustc/check-cfg/cargo-specifics.html> for more information about checking conditional configuration

warning: unexpected `cfg` condition name: `v8_query_shared`
   --> ../relation_callback.rs:246:44
    |
246 |             #[cfg(all(v8_query_kernels,not(v8_query_shared)))] {
    |                                            ^^^^^^^^^^^^^^^
    |
    = help: consider using a Cargo feature instead
    = help: or consider adding in `Cargo.toml` the `check-cfg` lint config for the lint:
             [lints.rust]
             unexpected_cfgs = { level = "warn", check-cfg = ['cfg(v8_query_shared)'] }
    = help: or consider adding `println!("cargo::rustc-check-cfg=cfg(v8_query_shared)");` to the top of the `build.rs`
    = note: see <https://doc.rust-lang.org/nightly/rustc/check-cfg/cargo-specifics.html> for more information about checking conditional configuration

warning: unexpected `cfg` condition name: `v8_query_shared`
   --> ../relation_callback.rs:250:19
    |
250 |             #[cfg(v8_query_shared)] {
    |                   ^^^^^^^^^^^^^^^
    |
    = help: consider using a Cargo feature instead
    = help: or consider adding in `Cargo.toml` the `check-cfg` lint config for the lint:
             [lints.rust]
             unexpected_cfgs = { level = "warn", check-cfg = ['cfg(v8_query_shared)'] }
    = help: or consider adding `println!("cargo::rustc-check-cfg=cfg(v8_query_shared)");` to the top of the `build.rs`
    = note: see <https://doc.rust-lang.org/nightly/rustc/check-cfg/cargo-specifics.html> for more information about checking conditional configuration

warning: unexpected `cfg` condition name: `v8_query_shared`
   --> ../relation_callback.rs:278:19
    |
278 |         #[cfg(not(v8_query_shared))]
    |                   ^^^^^^^^^^^^^^^
    |
    = help: consider using a Cargo feature instead
    = help: or consider adding in `Cargo.toml` the `check-cfg` lint config for the lint:
             [lints.rust]
             unexpected_cfgs = { level = "warn", check-cfg = ['cfg(v8_query_shared)'] }
    = help: or consider adding `println!("cargo::rustc-check-cfg=cfg(v8_query_shared)");` to the top of the `build.rs`
    = note: see <https://doc.rust-lang.org/nightly/rustc/check-cfg/cargo-specifics.html> for more information about checking conditional configuration

warning: unexpected `cfg` condition name: `v8_query_shared`
   --> ../relation_callback.rs:280:19
    |
280 |         #[cfg(all(v8_query_shared,not(v8_quotient_fused)))]
    |                   ^^^^^^^^^^^^^^^
    |
    = help: consider using a Cargo feature instead
    = help: or consider adding in `Cargo.toml` the `check-cfg` lint config for the lint:
             [lints.rust]
             unexpected_cfgs = { level = "warn", check-cfg = ['cfg(v8_query_shared)'] }
    = help: or consider adding `println!("cargo::rustc-check-cfg=cfg(v8_query_shared)");` to the top of the `build.rs`
    = note: see <https://doc.rust-lang.org/nightly/rustc/check-cfg/cargo-specifics.html> for more information about checking conditional configuration

warning: unexpected `cfg` condition name: `v8_quotient_fused`
   --> ../relation_callback.rs:280:39
    |
280 |         #[cfg(all(v8_query_shared,not(v8_quotient_fused)))]
    |                                       ^^^^^^^^^^^^^^^^^
    |
    = help: consider using a Cargo feature instead
    = help: or consider adding in `Cargo.toml` the `check-cfg` lint config for the lint:
             [lints.rust]
             unexpected_cfgs = { level = "warn", check-cfg = ['cfg(v8_quotient_fused)'] }
    = help: or consider adding `println!("cargo::rustc-check-cfg=cfg(v8_quotient_fused)");` to the top of the `build.rs`
    = note: see <https://doc.rust-lang.org/nightly/rustc/check-cfg/cargo-specifics.html> for more information about checking conditional configuration

warning: unexpected `cfg` condition name: `v8_quotient_fused`
   --> ../relation_callback.rs:290:15
    |
290 |         #[cfg(v8_quotient_fused)] {prepared_fold.fold(qv,base_inverse[2*i],base_inverse[2*i+1])}
    |               ^^^^^^^^^^^^^^^^^
    |
    = help: consider using a Cargo feature instead
    = help: or consider adding in `Cargo.toml` the `check-cfg` lint config for the lint:
             [lints.rust]
             unexpected_cfgs = { level = "warn", check-cfg = ['cfg(v8_quotient_fused)'] }
    = help: or consider adding `println!("cargo::rustc-check-cfg=cfg(v8_quotient_fused)");` to the top of the `build.rs`
    = note: see <https://doc.rust-lang.org/nightly/rustc/check-cfg/cargo-specifics.html> for more information about checking conditional configuration

warning: unexpected `cfg` condition value: `solana`
   --> ../r20_semantic_basis.rs:203:11
    |
203 | #[cfg(not(target_os="solana"))]
    |           ^^^^^^^^^^^^^^^^^^
    |
    = note: expected values for `target_os` are: `aix`, `amdhsa`, `android`, `cuda`, `cygwin`, `dragonfly`, `emscripten`, `espidf`, `freebsd`, `fuchsia`, `haiku`, `helenos`, `hermit`, `horizon`, `hurd`, `illumos`, `ios`, `l4re`, `linux`, `lynxos178`, `macos`, `managarm`, `motor`, `netbsd`, `none`, `nto`, `nuttx`, `openbsd`, `psp`, `psx`, `qurt`, `redox`, `rtems`, `solaris`, and `solid_asp3` and 14 more
    = note: see <https://doc.rust-lang.org/nightly/rustc/check-cfg/cargo-specifics.html> for more information about checking conditional configuration

warning: unexpected `cfg` condition value: `solana`
  --> ../r107_semantic.rs:29:11
   |
29 | #[cfg(not(target_os="solana"))]
   |           ^^^^^^^^^^^^^^^^^^
   |
   = note: expected values for `target_os` are: `aix`, `amdhsa`, `android`, `cuda`, `cygwin`, `dragonfly`, `emscripten`, `espidf`, `freebsd`, `fuchsia`, `haiku`, `helenos`, `hermit`, `horizon`, `hurd`, `illumos`, `ios`, `l4re`, `linux`, `lynxos178`, `macos`, `managarm`, `motor`, `netbsd`, `none`, `nto`, `nuttx`, `openbsd`, `psp`, `psx`, `qurt`, `redox`, `rtems`, `solaris`, and `solid_asp3` and 14 more
   = note: see <https://doc.rust-lang.org/nightly/rustc/check-cfg/cargo-specifics.html> for more information about checking conditional configuration

error[E0433]: cannot find module or crate `query_arithmetic` in this scope
   --> ../r17_host_relation.rs:199:19
    |
199 |         let all = query_arithmetic::gamma(&r[..403], &r[403..589], &powers)?;
    |                   ^^^^^^^^^^^^^^^^ use of unresolved module or unlinked crate `query_arithmetic`
    |
note: found an item that was configured out
   --> ../relation_callback.rs:59:35
    |
 58 | #[cfg(v8_gamma_wrap)]
    |       ------------- the item is gated here
 59 | #[path="query_arithmetic.rs"] mod query_arithmetic;
    |                                   ^^^^^^^^^^^^^^^^
help: to make use of source file ../query_arithmetic.rs, use `mod query_arithmetic` in this file to declare the module
   --> ../relation_callback.rs:6:1
    |
  6 + mod query_arithmetic;
    |

error[E0433]: cannot find module or crate `query_arithmetic` in this scope
   --> ../r17_host_relation.rs:366:19
    |
366 |         let all = query_arithmetic::combine_beta(&r[..403], &r[403..589], &powers)?;
    |                   ^^^^^^^^^^^^^^^^ use of unresolved module or unlinked crate `query_arithmetic`
    |
note: found an item that was configured out
   --> ../relation_callback.rs:59:35
    |
 58 | #[cfg(v8_gamma_wrap)]
    |       ------------- the item is gated here
 59 | #[path="query_arithmetic.rs"] mod query_arithmetic;
    |                                   ^^^^^^^^^^^^^^^^
help: to make use of source file ../query_arithmetic.rs, use `mod query_arithmetic` in this file to declare the module
   --> ../relation_callback.rs:6:1
    |
  6 + mod query_arithmetic;
    |

error[E0433]: cannot find module or crate `leaf_record` in this scope
   --> ../r17_host_relation.rs:378:13
    |
378 |             leaf_record::c2(hash, r),
    |             ^^^^^^^^^^^ use of unresolved module or unlinked crate `leaf_record`
    |
note: found an item that was configured out
   --> ../relation_callback.rs:41:30
    |
 40 | #[cfg(any(v8_leaf_record,test))]
    |          --------------------- the item is gated here
 41 | #[path="leaf_record.rs"] mod leaf_record;
    |                              ^^^^^^^^^^^
help: to make use of source file ../leaf_record.rs, use `mod leaf_record` in this file to declare the module
   --> ../relation_callback.rs:6:1
    |
  6 + mod leaf_record;
    |

error[E0599]: no method named `into_single_dense_for_workspace` found for struct `corelib::sumcheck::WeightAccumulator` in the current scope
   --> ../r17_host_relation.rs:453:14
    |
452 | /         core::mem::replace(&mut weights[0],WeightAccumulator::empty(10))
453 | |             .into_single_dense_for_workspace().ok_or(Error::Shape)?};
    | |             -^^^^^^^^^^^^^^^^^^^^^^^^^^^^^^^ method not found in `corelib::sumcheck::WeightAccumulator`
    | |_____________|
    |

Some errors have detailed explanations: E0432, E0433, E0599.
For more information about an error, try `rustc --explain E0432`.
ERROR Code failed to compile
warning: `aspis-v8-performance-host` (bin "aspis-v8-performance-host") generated 171 warnings
error: could not compile `aspis-v8-performance-host` (bin "aspis-v8-performance-host") due to 11 previous errors; 171 warnings emitted
Command exited with non-zero status 101
	Command being timed: "/home/dombarker/project-offloads/ZK-v5-formal/toolchains/charon/bin/charon cargo --preset aeneas --mir built --sysroot default --start-from crate::query_schedule --include core::option --include core::result::_::map_err --dest-file /home/dombarker/project-offloads/aspis-r151-query-schedule-extract-20260930-a/R151QuerySchedule.llbc -- --offline --locked --release --jobs 1 --features insecure-spend-fixture,selected-v7-kernels --manifest-path /home/dombarker/project-offloads/aspis-r20-r117-primal-20260930-a/docs/research/v8-no-work-100-20260907/experiments/performance-host/Cargo.toml --bin aspis-v8-performance-host"
	User time (seconds): 0.67
	System time (seconds): 0.24
	Percent of CPU this job got: 78%
	Elapsed (wall clock) time (h:mm:ss or m:ss): 0:01.15
	Average shared text size (kbytes): 0
	Average unshared data size (kbytes): 0
	Average stack size (kbytes): 0
	Average total size (kbytes): 0
	Maximum resident set size (kbytes): 295348
	Average resident set size (kbytes): 0
	Major (requiring I/O) page faults: 1756
	Minor (reclaiming a frame) page faults: 64940
	Voluntary context switches: 2822
	Involuntary context switches: 41
	Swaps: 0
	File system inputs: 450488
	File system outputs: 1152
	Socket messages sent: 0
	Socket messages received: 0
	Signals delivered: 0
	Page size (bytes): 4096
	Exit status: 101
Finished with result: exit-code
Main processes terminated with: code=exited/status=101
Service runtime: 1.187s
CPU time consumed: 943ms
Memory peak: 256.0K
Memory swap peak: 0B
