file,lines,nodes,orphan_reason
docs/research/v8-full-view-zk-20260912/lean/AspisFormal/CircleNaturalBasisEval.lean,51,P17 P18 P19 P22 P25 P26 P27 P28 P29 P30 P32,
docs/research/v8-full-view-zk-20260912/lean/AspisFormal/V5FriNaturalBasisRadix4.lean,114,P17 P18 P19 P25 P26 P27 P28 P29 P30 P32,
docs/research/v8-full-view-zk-20260912/lean/AspisR136BeforeOod/Funs.lean,185,ORPHAN,refinement-deferred
docs/research/v8-full-view-zk-20260912/lean/AspisR136BeforeOod/FunsExternal.lean,99,ORPHAN,refinement-deferred
docs/research/v8-full-view-zk-20260912/lean/AspisR136BeforeOod/Types.lean,78,ORPHAN,refinement-deferred
docs/research/v8-full-view-zk-20260912/lean/AspisR136BeforeOod/TypesExternal.lean,18,ORPHAN,refinement-deferred
docs/research/v8-full-view-zk-20260912/lean/AspisR137Q22/Funs.lean,201,ORPHAN,refinement-deferred
docs/research/v8-full-view-zk-20260912/lean/AspisR137Q22/Types.lean,44,ORPHAN,refinement-deferred
docs/research/v8-full-view-zk-20260912/lean/AspisR137Transcript/Funs.lean,512,ORPHAN,refinement-deferred
docs/research/v8-full-view-zk-20260912/lean/AspisR137Transcript/Types.lean,50,ORPHAN,refinement-deferred
docs/research/v8-full-view-zk-20260912/lean/AspisR151QuerySchedule/Funs.lean,210,ORPHAN,refinement-deferred
docs/research/v8-full-view-zk-20260912/lean/AspisR151QuerySchedule/FunsExternal.lean,23,ORPHAN,refinement-deferred
docs/research/v8-full-view-zk-20260912/lean/AspisR151QuerySchedule/Types.lean,88,ORPHAN,refinement-deferred
docs/research/v8-full-view-zk-20260912/lean/AspisR151QuerySchedule/TypesExternal.lean,4,ORPHAN,refinement-deferred
docs/research/v8-full-view-zk-20260912/lean/AspisR156FullFreeze/FunsCore.lean,1460,P31,
docs/research/v8-full-view-zk-20260912/lean/AspisR156FullFreeze/FunsSample.lean,53,ORPHAN,refinement-deferred
docs/research/v8-full-view-zk-20260912/lean/AspisR156FullFreeze/Types.lean,176,P31,
docs/research/v8-full-view-zk-20260912/lean/AspisR182IteratorDefault/FunsDefaultFold.lean,66,ORPHAN,refinement-deferred
docs/research/v8-full-view-zk-20260912/lean/AspisR197CurrentBytes/FunsBytes.lean,67,ORPHAN,refinement-deferred
docs/research/v8-full-view-zk-20260912/lean/AspisR221NormExecutionRaw.lean,42,ORPHAN,refinement-deferred
docs/research/v8-full-view-zk-20260912/lean/AspisR239CoeffExecutionRaw.lean,130,ORPHAN,refinement-deferred
docs/research/v8-full-view-zk-20260912/lean/AspisR249R110Raw.lean,301,ORPHAN,refinement-deferred
docs/research/v8-full-view-zk-20260912/lean/AspisR259PrivateInputRaw.lean,81,ORPHAN,refinement-deferred
docs/research/v8-full-view-zk-20260912/lean/AspisR264PrivateCoefficientRaw.lean,194,ORPHAN,refinement-deferred
docs/research/v8-full-view-zk-20260912/lean/AspisR278PrivateInverseRaw.lean,42,ORPHAN,refinement-deferred
docs/research/v8-full-view-zk-20260912/lean/AspisR286QueryFieldRaw.lean,40,ORPHAN,refinement-deferred
docs/research/v8-full-view-zk-20260912/lean/AspisR305BatchReverseRaw.lean,123,ORPHAN,refinement-deferred
docs/research/v8-full-view-zk-20260912/lean/AspisR316SliceLastRaw.lean,23,ORPHAN,refinement-deferred
docs/research/v8-full-view-zk-20260912/lean/AspisR318BatchPrefixRaw.lean,94,ORPHAN,refinement-deferred
docs/research/v8-full-view-zk-20260912/lean/AspisR328PrefixInitializationRaw.lean,30,ORPHAN,refinement-deferred
docs/research/v8-full-view-zk-20260912/lean/AspisR335PrefixPairInverseRaw.lean,45,ORPHAN,refinement-deferred
docs/research/v8-full-view-zk-20260912/lean/AspisR340BatchOutputRaw.lean,85,ORPHAN,refinement-deferred
docs/research/v8-full-view-zk-20260912/lean/AspisR346AfterGuardsRaw.lean,122,ORPHAN,refinement-deferred
docs/research/v8-full-view-zk-20260912/lean/AspisR357BatchZeroPredicateRaw.lean,87,ORPHAN,refinement-deferred
docs/research/v8-full-view-zk-20260912/lean/AspisR364ControlFlowPattern/Funs.lean,88,ORPHAN,refinement-deferred
docs/research/v8-full-view-zk-20260912/lean/AspisR364ControlFlowPattern/Types.lean,69,ORPHAN,refinement-deferred
docs/research/v8-full-view-zk-20260912/lean/AspisR388ReduceU62/Funs.lean,54,ORPHAN,refinement-deferred
docs/research/v8-full-view-zk-20260912/lean/AspisR388ReduceU62/Types.lean,25,ORPHAN,refinement-deferred
docs/research/v8-full-view-zk-20260912/lean/AspisR403InterpolateThreeLimb/Funs.lean,77,ORPHAN,refinement-deferred
docs/research/v8-full-view-zk-20260912/lean/AspisR403InterpolateThreeLimb/Types.lean,33,ORPHAN,refinement-deferred
docs/research/v8-full-view-zk-20260912/lean/AspisR490AlignOffsets/Funs.lean,64,ORPHAN,refinement-deferred
docs/research/v8-full-view-zk-20260912/lean/AspisR490AlignOffsets/Types.lean,26,ORPHAN,refinement-deferred
docs/research/v8-full-view-zk-20260912/lean/AspisR515SharedGamma/AffinePrimal.lean,79,ORPHAN,refinement-deferred
docs/research/v8-full-view-zk-20260912/lean/AspisR515SharedGamma/QmCrossRange.lean,168,ORPHAN,refinement-deferred
docs/research/v8-full-view-zk-20260912/lean/AspisR515SharedGamma/R527PartsBounds.lean,55,ORPHAN,refinement-deferred
docs/research/v8-full-view-zk-20260912/lean/AspisR515SharedGamma/SemanticCarry.lean,70,ORPHAN,refinement-deferred
docs/research/v8-full-view-zk-20260912/lean/AspisR515SharedGamma/SharedGammaDots.lean,133,ORPHAN,refinement-deferred
docs/research/v8-full-view-zk-20260912/lean/AspisR517GammaTowerCoordinates/GammaTowerCoordinates.lean,36,ORPHAN,refinement-deferred
docs/research/v8-full-view-zk-20260912/lean/AspisR518GammaKernelTower/GammaKernelTower.lean,71,ORPHAN,refinement-deferred
docs/research/v8-full-view-zk-20260912/lean/AspisR519SharedGammaPartsV3/Axioms.lean,6,ORPHAN,refinement-deferred
docs/research/v8-full-view-zk-20260912/lean/AspisR519SharedGammaPartsV3/Funs.lean,89,ORPHAN,refinement-deferred
docs/research/v8-full-view-zk-20260912/lean/AspisR519SharedGammaPartsV3/Types.lean,51,ORPHAN,refinement-deferred
docs/research/v8-full-view-zk-20260912/lean/AspisR520SourceMaskLinearity/SourceMaskLinearity.lean,125,ORPHAN,refinement-deferred
docs/research/v8-full-view-zk-20260912/lean/AspisR523GammaGroupExecution/R523GammaGroupExecution.lean,65,ORPHAN,refinement-deferred
docs/research/v8-full-view-zk-20260912/lean/AspisR569MaskedClaimCompleteConsts/Funs.lean,621,ORPHAN,refinement-deferred
docs/research/v8-full-view-zk-20260912/lean/AspisR569MaskedClaimCompleteConsts/Types.lean,75,ORPHAN,refinement-deferred
docs/research/v8-full-view-zk-20260912/lean/AspisR614SelectedCombineBeta/Axioms.lean,94,ORPHAN,refinement-deferred
docs/research/v8-full-view-zk-20260912/lean/AspisR614SelectedCombineBeta/Funs.lean,1084,ORPHAN,refinement-deferred
docs/research/v8-full-view-zk-20260912/lean/AspisR614SelectedCombineBeta/Types.lean,76,ORPHAN,refinement-deferred
docs/research/v8-full-view-zk-20260912/lean/AspisR618SelectedMatrix/Axioms.lean,10,ORPHAN,refinement-deferred
docs/research/v8-full-view-zk-20260912/lean/AspisR618SelectedMatrix/Funs.lean,159,ORPHAN,refinement-deferred
docs/research/v8-full-view-zk-20260912/lean/AspisR618SelectedMatrix/Types.lean,44,ORPHAN,refinement-deferred
docs/research/v8-full-view-zk-20260912/lean/AspisR68Circle/Funs.lean,761,ORPHAN,refinement-deferred
docs/research/v8-full-view-zk-20260912/lean/AspisR68Circle/Types.lean,76,ORPHAN,refinement-deferred
docs/research/v8-full-view-zk-20260912/lean/AspisR69Explicit/Funs.lean,621,ORPHAN,refinement-deferred
docs/research/v8-full-view-zk-20260912/lean/AspisR69Explicit/Types.lean,60,ORPHAN,refinement-deferred
docs/research/v8-full-view-zk-20260912/lean/AspisR72Sampler/Funs.lean,908,P31,
docs/research/v8-full-view-zk-20260912/lean/AspisR72Sampler/Types.lean,85,P31,
docs/research/v8-full-view-zk-20260912/lean/AspisR86Query/Loops.lean,149,ORPHAN,refinement-deferred
docs/research/v8-full-view-zk-20260912/lean/AspisR86Query/Types.lean,35,ORPHAN,refinement-deferred
docs/research/v8-full-view-zk-20260912/lean/AspisV8H1C2.lean,6,ORPHAN,superseded-design
docs/research/v8-full-view-zk-20260912/lean/AspisV8H1C2/FiniteTransport.lean,42,P05 P44,
docs/research/v8-full-view-zk-20260912/lean/AspisV8H1C2/HelperObservation.lean,39,ORPHAN,superseded-design
docs/research/v8-full-view-zk-20260912/lean/AspisV8H1C2/Incidence.lean,91,ORPHAN,superseded-design
docs/research/v8-full-view-zk-20260912/lean/AspisV8H1C2/NonlinearFreshPad.lean,39,ORPHAN,superseded-design
docs/research/v8-full-view-zk-20260912/lean/AspisV8H1C2/PointProjection.lean,41,ORPHAN,superseded-design
docs/research/v8-full-view-zk-20260912/lean/AspisV8H1C2/TriangularTransport.lean,32,ORPHAN,superseded-design
docs/research/v8-full-view-zk-20260912/lean/AspisV8PairedCommitment.lean,10,ORPHAN,unused
docs/research/v8-full-view-zk-20260912/lean/AspisV8PairedCommitment/Domains.lean,47,S30,
docs/research/v8-full-view-zk-20260912/lean/AspisV8PairedCommitment/ForwardHop.lean,215,P05 P44,
docs/research/v8-full-view-zk-20260912/lean/AspisV8PairedCommitment/GoodEvent.lean,49,P05 P44,
docs/research/v8-full-view-zk-20260912/lean/AspisV8PairedCommitment/Marginals.lean,105,P05 P44,
docs/research/v8-full-view-zk-20260912/lean/AspisV8PairedCommitment/SaltCounting.lean,377,ORPHAN,unused
docs/research/v8-full-view-zk-20260912/lean/AspisV8PairedCommitment/ShadowTable.lean,87,P05 P44,
docs/research/v8-full-view-zk-20260912/lean/AspisV8PairedCommitment/Table.lean,92,P05 P06 P07 P31 P44 P45 P46 P47 P48 P49 P50 S16,
docs/research/v8-full-view-zk-20260912/lean/AspisV8PairedCommitment/V8SourceInstantiation.lean,54,ORPHAN,unused
docs/research/v8-full-view-zk-20260912/lean/AspisV8Privacy.lean,21,ORPHAN,unused
docs/research/v8-full-view-zk-20260912/lean/AspisV8Privacy/AdaptiveComposition.lean,43,P42,
docs/research/v8-full-view-zk-20260912/lean/AspisV8Privacy/AffineMask.lean,51,ORPHAN,unused
docs/research/v8-full-view-zk-20260912/lean/AspisV8Privacy/BalancedMasks.lean,63,ORPHAN,unused
docs/research/v8-full-view-zk-20260912/lean/AspisV8Privacy/ConditionalMask.lean,56,ORPHAN,unused
docs/research/v8-full-view-zk-20260912/lean/AspisV8Privacy/DCompensation.lean,40,ORPHAN,unused
docs/research/v8-full-view-zk-20260912/lean/AspisV8Privacy/FiniteGames.lean,68,P06 P07 P31 P40 P41 P43 P45 P46 P47 P48 P49 P50 S16,
docs/research/v8-full-view-zk-20260912/lean/AspisV8Privacy/GatedRelease.lean,43,ORPHAN,unused
docs/research/v8-full-view-zk-20260912/lean/AspisV8Privacy/HybridBudget.lean,43,P40 P43,
docs/research/v8-full-view-zk-20260912/lean/AspisV8Privacy/PositiveOverwrite.lean,41,ORPHAN,unused
docs/research/v8-full-view-zk-20260912/lean/AspisV8Privacy/PrivacyGames.lean,66,P40 P43,
docs/research/v8-full-view-zk-20260912/lean/AspisV8Privacy/PublicCosetRepair.lean,44,ORPHAN,unused
docs/research/v8-full-view-zk-20260912/lean/AspisV8Privacy/ReleaseTransport.lean,66,ORPHAN,unused
docs/research/v8-full-view-zk-20260912/lean/AspisV8Privacy/RetryFailureBound.lean,25,P42,
docs/research/v8-full-view-zk-20260912/lean/AspisV8Privacy/RetrySymmetry.lean,54,ORPHAN,unused
docs/research/v8-full-view-zk-20260912/lean/AspisV8Privacy/SeparatorObstruction.lean,132,P43,
docs/research/v8-full-view-zk-20260912/lean/AspisV8Privacy/V8Profile.lean,45,ORPHAN,unused
docs/research/v8-full-view-zk-20260912/lean/AspisV8Privacy/Visibility.lean,50,ORPHAN,unused
docs/research/v8-full-view-zk-20260912/lean/AspisV8R10.lean,5,ORPHAN,superseded-design
docs/research/v8-full-view-zk-20260912/lean/AspisV8R10/AffineCertificates.lean,53,ORPHAN,superseded-design
docs/research/v8-full-view-zk-20260912/lean/AspisV8R10/Compaction.lean,42,ORPHAN,superseded-design
docs/research/v8-full-view-zk-20260912/lean/AspisV8R10/CopySlope.lean,43,ORPHAN,superseded-design
docs/research/v8-full-view-zk-20260912/lean/AspisV8R10/DegreeBound.lean,70,ORPHAN,superseded-design
docs/research/v8-full-view-zk-20260912/lean/AspisV8R10/KernelFibers.lean,40,ORPHAN,superseded-design
docs/research/v8-full-view-zk-20260912/lean/AspisV8R11.lean,4,ORPHAN,superseded-design
docs/research/v8-full-view-zk-20260912/lean/AspisV8R11/ActiveSupport.lean,26,ORPHAN,superseded-design
docs/research/v8-full-view-zk-20260912/lean/AspisV8R11/CheckedCoordinates.lean,22,ORPHAN,superseded-design
docs/research/v8-full-view-zk-20260912/lean/AspisV8R11/PosteriorElimination.lean,31,ORPHAN,superseded-design
docs/research/v8-full-view-zk-20260912/lean/AspisV8R11/TriangularCut.lean,71,ORPHAN,superseded-design
docs/research/v8-full-view-zk-20260912/lean/AspisV8R12.lean,6,ORPHAN,superseded-design
docs/research/v8-full-view-zk-20260912/lean/AspisV8R12/BoundaryOperator.lean,27,ORPHAN,superseded-design
docs/research/v8-full-view-zk-20260912/lean/AspisV8R12/CausalThreeCut.lean,38,ORPHAN,superseded-design
docs/research/v8-full-view-zk-20260912/lean/AspisV8R12/KernelSection.lean,23,ORPHAN,superseded-design
docs/research/v8-full-view-zk-20260912/lean/AspisV8R12/PairCancellation.lean,30,ORPHAN,superseded-design
docs/research/v8-full-view-zk-20260912/lean/AspisV8R12/RawSkeletonTransport.lean,22,ORPHAN,superseded-design
docs/research/v8-full-view-zk-20260912/lean/AspisV8R12/SymmetricPrefixes.lean,19,ORPHAN,superseded-design
docs/research/v8-full-view-zk-20260912/lean/AspisV8R13.lean,7,ORPHAN,superseded-design
docs/research/v8-full-view-zk-20260912/lean/AspisV8R13/AdaptiveHistory.lean,46,ORPHAN,superseded-design
docs/research/v8-full-view-zk-20260912/lean/AspisV8R13/Disclosure.lean,22,ORPHAN,superseded-design
docs/research/v8-full-view-zk-20260912/lean/AspisV8R13/FiniteOracleLaw.lean,53,ORPHAN,superseded-design
docs/research/v8-full-view-zk-20260912/lean/AspisV8R13/MaskedFailure.lean,20,ORPHAN,superseded-design
docs/research/v8-full-view-zk-20260912/lean/AspisV8R13/MovingLeaves.lean,76,ORPHAN,superseded-design
docs/research/v8-full-view-zk-20260912/lean/AspisV8R13/OraclePartition.lean,34,ORPHAN,superseded-design
docs/research/v8-full-view-zk-20260912/lean/AspisV8R13/SwapCells.lean,39,ORPHAN,superseded-design
docs/research/v8-full-view-zk-20260912/lean/AspisV8R14.lean,6,ORPHAN,superseded-design
docs/research/v8-full-view-zk-20260912/lean/AspisV8R14/DisclosureBoundary.lean,52,ORPHAN,superseded-design
docs/research/v8-full-view-zk-20260912/lean/AspisV8R14/FiberContinuation.lean,34,ORPHAN,superseded-design
docs/research/v8-full-view-zk-20260912/lean/AspisV8R14/FinalRoundObstruction.lean,58,ORPHAN,superseded-design
docs/research/v8-full-view-zk-20260912/lean/AspisV8R14/PublicPrefix.lean,76,ORPHAN,superseded-design
docs/research/v8-full-view-zk-20260912/lean/AspisV8R14/ReadVisibility.lean,30,ORPHAN,superseded-design
docs/research/v8-full-view-zk-20260912/lean/AspisV8R14/TwoCommitments.lean,80,ORPHAN,superseded-design
docs/research/v8-full-view-zk-20260912/lean/AspisV8R15/CircleChord.lean,104,P31 P47 P49,
docs/research/v8-full-view-zk-20260912/lean/AspisV8R15/ExactTowerBase.lean,105,P18 P25 P26 P27 P28 P30 P31 P47 P49,
docs/research/v8-full-view-zk-20260912/lean/AspisV8R15/ExactTowerChord.lean,63,P31 P47 P49,
docs/research/v8-full-view-zk-20260912/lean/AspisV8R15/RawScheduleExtension.lean,77,ORPHAN,superseded-design
docs/research/v8-full-view-zk-20260912/lean/AspisV8R16/BalancedTransport.lean,133,P17 P18 P19 P20 P21 P25 P26 P27 P28 P29 P30 P31 P32 S31 S35,
docs/research/v8-full-view-zk-20260912/lean/AspisV8R16/FibreInterpolation.lean,73,P17 P18 P19 P22 P23 P25 P26 P27 P28 P29 P30 P32,
docs/research/v8-full-view-zk-20260912/lean/AspisV8R16/FinalConsistency.lean,38,P17 P18 P19 P23 P25 P26 P27 P28 P29 P30 P32,
docs/research/v8-full-view-zk-20260912/lean/AspisV8R16/NaturalBasisCore.lean,124,P17 P18 P19 P22 P25 P26 P27 P28 P29 P30 P32,
docs/research/v8-full-view-zk-20260912/lean/AspisV8R16/NaturalCoverage.lean,51,P17 P18 P19 P22 P25 P26 P27 P28 P29 P30 P32,
docs/research/v8-full-view-zk-20260912/lean/AspisV8R16/TransportDual.lean,54,P17 P18 P19 P21 P25 P26 P27 P28 P29 P30 P32 S35,
docs/research/v8-full-view-zk-20260912/lean/AspisV8R17/ActiveEntry.lean,78,P17 P18 P19 P25 P26 P27 P28 P29 P31 P32,
docs/research/v8-full-view-zk-20260912/lean/AspisV8R17/ActiveLinearForm.lean,31,ORPHAN,superseded-design
docs/research/v8-full-view-zk-20260912/lean/AspisV8R17/AdaptiveMemoized.lean,83,ORPHAN,superseded-design
docs/research/v8-full-view-zk-20260912/lean/AspisV8R17/AdaptiveOracle.lean,100,P06 P07 P31 P45 P46 P47 P48 P49 P50 S16,
docs/research/v8-full-view-zk-20260912/lean/AspisV8R17/AdaptivePrefix.lean,57,ORPHAN,superseded-design
docs/research/v8-full-view-zk-20260912/lean/AspisV8R17/AffinePosterior.lean,98,ORPHAN,superseded-design
docs/research/v8-full-view-zk-20260912/lean/AspisV8R17/BlockComposition.lean,65,ORPHAN,superseded-design
docs/research/v8-full-view-zk-20260912/lean/AspisV8R17/BlockDeterminants.lean,420,ORPHAN,superseded-design
docs/research/v8-full-view-zk-20260912/lean/AspisV8R17/BlockOrdering.lean,42,ORPHAN,superseded-design
docs/research/v8-full-view-zk-20260912/lean/AspisV8R17/BoundedRejection.lean,116,ORPHAN,superseded-design
docs/research/v8-full-view-zk-20260912/lean/AspisV8R17/CausalRounds.lean,58,P17 P18 P19 P25 P27 P28 P29 P32 S35,
docs/research/v8-full-view-zk-20260912/lean/AspisV8R17/ChannelResidual.lean,60,ORPHAN,superseded-design
docs/research/v8-full-view-zk-20260912/lean/AspisV8R17/ChordBalance.lean,45,ORPHAN,superseded-design
docs/research/v8-full-view-zk-20260912/lean/AspisV8R17/ChordDual.lean,91,P17 P18 P19 P25 P26 P27 P28 P29 P30 P32 S35,
docs/research/v8-full-view-zk-20260912/lean/AspisV8R17/CompactPrepare.lean,43,ORPHAN,superseded-design
docs/research/v8-full-view-zk-20260912/lean/AspisV8R17/CompactTransport.lean,92,ORPHAN,superseded-design
docs/research/v8-full-view-zk-20260912/lean/AspisV8R17/CompatibleGluing.lean,48,ORPHAN,superseded-design
docs/research/v8-full-view-zk-20260912/lean/AspisV8R17/ConsecutiveWrites.lean,81,ORPHAN,superseded-design
docs/research/v8-full-view-zk-20260912/lean/AspisV8R17/ContextShear.lean,61,ORPHAN,superseded-design
docs/research/v8-full-view-zk-20260912/lean/AspisV8R17/CurrentFieldSlice.lean,129,ORPHAN,refinement-deferred
docs/research/v8-full-view-zk-20260912/lean/AspisV8R17/CyclicPowerSum.lean,88,ORPHAN,superseded-design
docs/research/v8-full-view-zk-20260912/lean/AspisV8R17/DifButterflyBounds.lean,34,ORPHAN,superseded-design
docs/research/v8-full-view-zk-20260912/lean/AspisV8R17/FirstAssignment.lean,130,ORPHAN,superseded-design
docs/research/v8-full-view-zk-20260912/lean/AspisV8R17/FusedButterflyBounds.lean,56,ORPHAN,superseded-design
docs/research/v8-full-view-zk-20260912/lean/AspisV8R17/GPrefixConvolution.lean,38,ORPHAN,superseded-design
docs/research/v8-full-view-zk-20260912/lean/AspisV8R17/GeneratedCM31Linear.lean,83,ORPHAN,refinement-deferred
docs/research/v8-full-view-zk-20260912/lean/AspisV8R17/GeneratedCM31Mul.lean,78,ORPHAN,refinement-deferred
docs/research/v8-full-view-zk-20260912/lean/AspisV8R17/GeneratedCM31Normalized.lean,38,ORPHAN,refinement-deferred
docs/research/v8-full-view-zk-20260912/lean/AspisV8R17/GeneratedCM31Square.lean,93,ORPHAN,refinement-deferred
docs/research/v8-full-view-zk-20260912/lean/AspisV8R17/GeneratedCM31SquareNormalized.lean,68,ORPHAN,refinement-deferred
docs/research/v8-full-view-zk-20260912/lean/AspisV8R17/GeneratedM31Add.lean,51,ORPHAN,refinement-deferred
docs/research/v8-full-view-zk-20260912/lean/AspisV8R17/GeneratedM31Half.lean,83,ORPHAN,refinement-deferred
docs/research/v8-full-view-zk-20260912/lean/AspisV8R17/GeneratedM31Mul.lean,69,ORPHAN,refinement-deferred
docs/research/v8-full-view-zk-20260912/lean/AspisV8R17/GeneratedM31Sub.lean,77,ORPHAN,refinement-deferred
docs/research/v8-full-view-zk-20260912/lean/AspisV8R17/GeneratedMulByR.lean,57,ORPHAN,refinement-deferred
docs/research/v8-full-view-zk-20260912/lean/AspisV8R17/GeneratedQM31Constants.lean,68,ORPHAN,refinement-deferred
docs/research/v8-full-view-zk-20260912/lean/AspisV8R17/GeneratedQM31Linear.lean,54,ORPHAN,refinement-deferred
docs/research/v8-full-view-zk-20260912/lean/AspisV8R17/GeneratedQM31Products.lean,111,ORPHAN,refinement-deferred
docs/research/v8-full-view-zk-20260912/lean/AspisV8R17/GeneratedQM31Scalar.lean,88,ORPHAN,refinement-deferred
docs/research/v8-full-view-zk-20260912/lean/AspisV8R17/GeneratedQM31Tower.lean,68,ORPHAN,refinement-deferred
docs/research/v8-full-view-zk-20260912/lean/AspisV8R17/GeneratedReducerExpanded.lean,64,ORPHAN,refinement-deferred
docs/research/v8-full-view-zk-20260912/lean/AspisV8R17/HalfRotateNat.lean,51,ORPHAN,refinement-deferred
docs/research/v8-full-view-zk-20260912/lean/AspisV8R17/HelperAffine.lean,41,ORPHAN,superseded-design
docs/research/v8-full-view-zk-20260912/lean/AspisV8R17/HidingContextBytes.lean,47,ORPHAN,superseded-design
docs/research/v8-full-view-zk-20260912/lean/AspisV8R17/InPlaceDenseFold.lean,55,ORPHAN,superseded-design
docs/research/v8-full-view-zk-20260912/lean/AspisV8R17/IndexSchedule.lean,98,P17 P18 P19 P25 P26 P27 P28 P29 P30 P31 P32 S35,
docs/research/v8-full-view-zk-20260912/lean/AspisV8R17/LegalMaskCoordinates.lean,76,P17 P18 P19 P25 P26 P27 P28 P29 P30 P32,
docs/research/v8-full-view-zk-20260912/lean/AspisV8R17/LegalSourceMixing.lean,69,ORPHAN,superseded-design
docs/research/v8-full-view-zk-20260912/lean/AspisV8R17/MaskClosureWriteback.lean,52,ORPHAN,refinement-deferred
docs/research/v8-full-view-zk-20260912/lean/AspisV8R17/MaskSourceSlices.lean,73,P17 P18 P19 P25 P27 P28 P29 P32,
docs/research/v8-full-view-zk-20260912/lean/AspisV8R17/MaskWeightBlocks.lean,123,P17 P18 P19 P25 P27 P28 P29 P32 S35,
docs/research/v8-full-view-zk-20260912/lean/AspisV8R17/MaskWeightVector.lean,77,P17 P18 P19 P25 P27 P28 P29 P32 S35,
docs/research/v8-full-view-zk-20260912/lean/AspisV8R17/MaskWeightWrites.lean,88,ORPHAN,superseded-design
docs/research/v8-full-view-zk-20260912/lean/AspisV8R17/MatrixWindow.lean,42,ORPHAN,superseded-design
docs/research/v8-full-view-zk-20260912/lean/AspisV8R17/MinorDegree.lean,48,P17 P18 P19 P25 P26 P27 P28 P29 P30 P31 P32,
docs/research/v8-full-view-zk-20260912/lean/AspisV8R17/Mixing.lean,75,P17 P18 P19 P25 P27 P28 P29 P32 S14 S17 S33 S34 S35,
docs/research/v8-full-view-zk-20260912/lean/AspisV8R17/NestedCarry.lean,71,ORPHAN,superseded-design
docs/research/v8-full-view-zk-20260912/lean/AspisV8R17/NormalizedChord.lean,60,P17 P18 P19 P25 P26 P27 P28 P29 P30 P31 P32,
docs/research/v8-full-view-zk-20260912/lean/AspisV8R17/OODPair.lean,43,ORPHAN,superseded-design
docs/research/v8-full-view-zk-20260912/lean/AspisV8R17/QM31WordFormulas.lean,33,ORPHAN,refinement-deferred
docs/research/v8-full-view-zk-20260912/lean/AspisV8R17/QM31WordResidues.lean,121,ORPHAN,refinement-deferred
docs/research/v8-full-view-zk-20260912/lean/AspisV8R17/QM31WordTower.lean,57,ORPHAN,refinement-deferred
docs/research/v8-full-view-zk-20260912/lean/AspisV8R17/QuadraticTowerOperations.lean,50,ORPHAN,refinement-deferred
docs/research/v8-full-view-zk-20260912/lean/AspisV8R17/RawFinalCoverage.lean,77,P23,
docs/research/v8-full-view-zk-20260912/lean/AspisV8R17/RawFinalKernel.lean,83,P17 P18 P19 P25 P26 P27 P28 P29 P30 P32,
docs/research/v8-full-view-zk-20260912/lean/AspisV8R17/RawReducer.lean,125,P31,
docs/research/v8-full-view-zk-20260912/lean/AspisV8R17/RawReducerNat.lean,151,P31,
docs/research/v8-full-view-zk-20260912/lean/AspisV8R17/RejectionCursor.lean,124,ORPHAN,superseded-design
docs/research/v8-full-view-zk-20260912/lean/AspisV8R17/ScalarImportProbe.lean,6,ORPHAN,refinement-deferred
docs/research/v8-full-view-zk-20260912/lean/AspisV8R17/ScatterDual.lean,72,P17 P18 P19 P25 P26 P27 P28 P29 P30 P32 S35,
docs/research/v8-full-view-zk-20260912/lean/AspisV8R17/SequentialRelabel.lean,113,ORPHAN,superseded-design
docs/research/v8-full-view-zk-20260912/lean/AspisV8R17/SharedBatchBoundary.lean,24,ORPHAN,superseded-design
docs/research/v8-full-view-zk-20260912/lean/AspisV8R17/SignedLiteralSupport.lean,109,ORPHAN,refinement-deferred
docs/research/v8-full-view-zk-20260912/lean/AspisV8R17/SignedShiftSlice.lean,110,ORPHAN,refinement-deferred
docs/research/v8-full-view-zk-20260912/lean/AspisV8R17/SingleSentinelSampler.lean,41,ORPHAN,superseded-design
docs/research/v8-full-view-zk-20260912/lean/AspisV8R17/SourceBlockEntries00.lean,331,ORPHAN,generated-chunk-of:AspisV8R17/SourceMinorFirstBlock.lean
docs/research/v8-full-view-zk-20260912/lean/AspisV8R17/SourceBlockEntries01.lean,331,ORPHAN,generated-chunk-of:AspisV8R17/SourceDiagonalBlocks01.lean
docs/research/v8-full-view-zk-20260912/lean/AspisV8R17/SourceBlockEntries02.lean,331,ORPHAN,generated-chunk-of:AspisV8R17/SourceDiagonalBlocks02.lean
docs/research/v8-full-view-zk-20260912/lean/AspisV8R17/SourceBlockEntries03.lean,331,ORPHAN,generated-chunk-of:AspisV8R17/SourceDiagonalBlocks03.lean
docs/research/v8-full-view-zk-20260912/lean/AspisV8R17/SourceBlockEntries04.lean,331,ORPHAN,generated-chunk-of:AspisV8R17/SourceDiagonalBlocks04.lean
docs/research/v8-full-view-zk-20260912/lean/AspisV8R17/SourceBlockEntries05.lean,331,ORPHAN,generated-chunk-of:AspisV8R17/SourceDiagonalBlocks05.lean
docs/research/v8-full-view-zk-20260912/lean/AspisV8R17/SourceBlockEntries06.lean,331,ORPHAN,generated-chunk-of:AspisV8R17/SourceDiagonalBlocks06.lean
docs/research/v8-full-view-zk-20260912/lean/AspisV8R17/SourceBlockEntries07.lean,331,ORPHAN,generated-chunk-of:AspisV8R17/SourceDiagonalBlocks07.lean
docs/research/v8-full-view-zk-20260912/lean/AspisV8R17/SourceBlockEntries08.lean,331,ORPHAN,generated-chunk-of:AspisV8R17/SourceDiagonalBlocks08.lean
docs/research/v8-full-view-zk-20260912/lean/AspisV8R17/SourceBlockEntries09.lean,331,ORPHAN,generated-chunk-of:AspisV8R17/SourceDiagonalBlocks09.lean
docs/research/v8-full-view-zk-20260912/lean/AspisV8R17/SourceBlockEntries10.lean,331,ORPHAN,generated-chunk-of:AspisV8R17/SourceDiagonalBlocks10.lean
docs/research/v8-full-view-zk-20260912/lean/AspisV8R17/SourceBlockEntries11.lean,331,ORPHAN,generated-chunk-of:AspisV8R17/SourceDiagonalBlocks11.lean
docs/research/v8-full-view-zk-20260912/lean/AspisV8R17/SourceBlockEntries12.lean,91,ORPHAN,generated-chunk-of:AspisV8R17/SourceDiagonalBlocks12.lean
docs/research/v8-full-view-zk-20260912/lean/AspisV8R17/SourceBlockPreflight.lean,19,ORPHAN,superseded-design
docs/research/v8-full-view-zk-20260912/lean/AspisV8R17/SourceBlockSupport00.lean,123,ORPHAN,generated-chunk-of:AspisV8R17/SourceMinorFirstBlock.lean
docs/research/v8-full-view-zk-20260912/lean/AspisV8R17/SourceBlockSupport01.lean,123,ORPHAN,generated-chunk-of:AspisV8R17/SourceLowerBlocks01.lean
docs/research/v8-full-view-zk-20260912/lean/AspisV8R17/SourceBlockSupport02.lean,123,ORPHAN,generated-chunk-of:AspisV8R17/SourceLowerBlocks02.lean
docs/research/v8-full-view-zk-20260912/lean/AspisV8R17/SourceBlockSupport03.lean,123,ORPHAN,generated-chunk-of:AspisV8R17/SourceLowerBlocks03.lean
docs/research/v8-full-view-zk-20260912/lean/AspisV8R17/SourceBlockSupport04.lean,123,ORPHAN,generated-chunk-of:AspisV8R17/SourceLowerBlocks04.lean
docs/research/v8-full-view-zk-20260912/lean/AspisV8R17/SourceBlockSupport05.lean,123,ORPHAN,generated-chunk-of:AspisV8R17/SourceLowerBlocks05.lean
docs/research/v8-full-view-zk-20260912/lean/AspisV8R17/SourceBlockSupport06.lean,123,ORPHAN,generated-chunk-of:AspisV8R17/SourceLowerBlocks06.lean
docs/research/v8-full-view-zk-20260912/lean/AspisV8R17/SourceBlockSupport07.lean,123,ORPHAN,generated-chunk-of:AspisV8R17/SourceLowerBlocks07.lean
docs/research/v8-full-view-zk-20260912/lean/AspisV8R17/SourceBlockSupport08.lean,123,ORPHAN,generated-chunk-of:AspisV8R17/SourceLowerBlocks08.lean
docs/research/v8-full-view-zk-20260912/lean/AspisV8R17/SourceBlockSupport09.lean,123,ORPHAN,generated-chunk-of:AspisV8R17/SourceLowerBlocks09.lean
docs/research/v8-full-view-zk-20260912/lean/AspisV8R17/SourceBlockSupport10.lean,123,ORPHAN,generated-chunk-of:AspisV8R17/SourceLowerBlocks10.lean
docs/research/v8-full-view-zk-20260912/lean/AspisV8R17/SourceBlockSupport11.lean,123,ORPHAN,generated-chunk-of:AspisV8R17/SourceLowerBlocks11.lean
docs/research/v8-full-view-zk-20260912/lean/AspisV8R17/SourceBlockSupport12.lean,123,ORPHAN,generated-chunk-of:AspisV8R17/SourceLowerBlocks12.lean
docs/research/v8-full-view-zk-20260912/lean/AspisV8R17/SourceBlockSupport13.lean,123,ORPHAN,generated-chunk-of:AspisV8R17/SourceLowerBlocks13.lean
docs/research/v8-full-view-zk-20260912/lean/AspisV8R17/SourceBlockSupport14.lean,123,ORPHAN,generated-chunk-of:AspisV8R17/SourceLowerBlocks14.lean
docs/research/v8-full-view-zk-20260912/lean/AspisV8R17/SourceBlockSupport15.lean,123,ORPHAN,generated-chunk-of:AspisV8R17/SourceLowerBlocks15.lean
docs/research/v8-full-view-zk-20260912/lean/AspisV8R17/SourceBlockSupport16.lean,123,ORPHAN,generated-chunk-of:AspisV8R17/SourceLowerBlocks16.lean
docs/research/v8-full-view-zk-20260912/lean/AspisV8R17/SourceBlockSupport17.lean,123,ORPHAN,generated-chunk-of:AspisV8R17/SourceLowerBlocks17.lean
docs/research/v8-full-view-zk-20260912/lean/AspisV8R17/SourceBlockSupport18.lean,123,ORPHAN,generated-chunk-of:AspisV8R17/SourceLowerBlocks18.lean
docs/research/v8-full-view-zk-20260912/lean/AspisV8R17/SourceBlockSupport19.lean,123,ORPHAN,generated-chunk-of:AspisV8R17/SourceLowerBlocks19.lean
docs/research/v8-full-view-zk-20260912/lean/AspisV8R17/SourceBlockSupport20.lean,123,ORPHAN,generated-chunk-of:AspisV8R17/SourceLowerBlocks20.lean
docs/research/v8-full-view-zk-20260912/lean/AspisV8R17/SourceBlockSupport21.lean,123,ORPHAN,generated-chunk-of:AspisV8R17/SourceLowerBlocks21.lean
docs/research/v8-full-view-zk-20260912/lean/AspisV8R17/SourceBlockSupport22.lean,123,ORPHAN,generated-chunk-of:AspisV8R17/SourceLowerBlocks22.lean
docs/research/v8-full-view-zk-20260912/lean/AspisV8R17/SourceBlockSupport23.lean,123,ORPHAN,generated-chunk-of:AspisV8R17/SourceLowerBlocks23.lean
docs/research/v8-full-view-zk-20260912/lean/AspisV8R17/SourceBlockSupport24.lean,123,ORPHAN,generated-chunk-of:AspisV8R17/SourceLowerBlocks24.lean
docs/research/v8-full-view-zk-20260912/lean/AspisV8R17/SourceBlockSupport25.lean,123,ORPHAN,generated-chunk-of:AspisV8R17/SourceLowerBlocks25.lean
docs/research/v8-full-view-zk-20260912/lean/AspisV8R17/SourceBlockSupport26.lean,95,ORPHAN,generated-chunk-of:AspisV8R17/SourceLowerBlocks26.lean
docs/research/v8-full-view-zk-20260912/lean/AspisV8R17/SourceChordTranspose.lean,64,P17 P18 P19 P25 P26 P27 P28 P29 P30 P32 S35,
docs/research/v8-full-view-zk-20260912/lean/AspisV8R17/SourceDiagonalBlocks00.lean,396,ORPHAN,generated-chunk-of:AspisV8R17/SourceWindowBlocks00.lean
docs/research/v8-full-view-zk-20260912/lean/AspisV8R17/SourceDiagonalBlocks01.lean,396,ORPHAN,generated-chunk-of:AspisV8R17/SourceWindowBlocks00.lean
docs/research/v8-full-view-zk-20260912/lean/AspisV8R17/SourceDiagonalBlocks02.lean,396,ORPHAN,generated-chunk-of:AspisV8R17/SourceWindowBlocks00.lean
docs/research/v8-full-view-zk-20260912/lean/AspisV8R17/SourceDiagonalBlocks03.lean,396,ORPHAN,generated-chunk-of:AspisV8R17/SourceWindowBlocks10.lean
docs/research/v8-full-view-zk-20260912/lean/AspisV8R17/SourceDiagonalBlocks04.lean,396,ORPHAN,generated-chunk-of:AspisV8R17/SourceWindowBlocks10.lean
docs/research/v8-full-view-zk-20260912/lean/AspisV8R17/SourceDiagonalBlocks05.lean,396,ORPHAN,generated-chunk-of:AspisV8R17/SourceWindowBlocks00.lean
docs/research/v8-full-view-zk-20260912/lean/AspisV8R17/SourceDiagonalBlocks06.lean,396,ORPHAN,generated-chunk-of:AspisV8R17/SourceWindowBlocks01.lean
docs/research/v8-full-view-zk-20260912/lean/AspisV8R17/SourceDiagonalBlocks07.lean,396,ORPHAN,generated-chunk-of:AspisV8R17/SourceWindowBlocks03.lean
docs/research/v8-full-view-zk-20260912/lean/AspisV8R17/SourceDiagonalBlocks08.lean,396,ORPHAN,generated-chunk-of:AspisV8R17/SourceWindowBlocks05.lean
docs/research/v8-full-view-zk-20260912/lean/AspisV8R17/SourceDiagonalBlocks09.lean,396,ORPHAN,generated-chunk-of:AspisV8R17/SourceWindowBlocks06.lean
docs/research/v8-full-view-zk-20260912/lean/AspisV8R17/SourceDiagonalBlocks10.lean,396,ORPHAN,generated-chunk-of:AspisV8R17/SourceWindowBlocks08.lean
docs/research/v8-full-view-zk-20260912/lean/AspisV8R17/SourceDiagonalBlocks11.lean,396,ORPHAN,generated-chunk-of:AspisV8R17/SourceWindowBlocks09.lean
docs/research/v8-full-view-zk-20260912/lean/AspisV8R17/SourceDiagonalBlocks12.lean,108,ORPHAN,generated-chunk-of:AspisV8R17/SourceWindowBlocks10.lean
docs/research/v8-full-view-zk-20260912/lean/AspisV8R17/SourceGatherLoop.lean,67,P17 P18 P19 P25 P26 P27 P28 P29 P30 P32 S35,
docs/research/v8-full-view-zk-20260912/lean/AspisV8R17/SourceLazyCM31.lean,70,ORPHAN,generated-chunk-of:no-aggregator-in-tree
docs/research/v8-full-view-zk-20260912/lean/AspisV8R17/SourceLowerBlocks00.lean,124,ORPHAN,generated-chunk-of:AspisV8R17/SourceWindowBlocks00.lean
docs/research/v8-full-view-zk-20260912/lean/AspisV8R17/SourceLowerBlocks01.lean,124,ORPHAN,generated-chunk-of:AspisV8R17/SourceWindowBlocks00.lean
docs/research/v8-full-view-zk-20260912/lean/AspisV8R17/SourceLowerBlocks02.lean,124,ORPHAN,generated-chunk-of:AspisV8R17/SourceWindowBlocks01.lean
docs/research/v8-full-view-zk-20260912/lean/AspisV8R17/SourceLowerBlocks03.lean,124,ORPHAN,generated-chunk-of:AspisV8R17/SourceWindowBlocks02.lean
docs/research/v8-full-view-zk-20260912/lean/AspisV8R17/SourceLowerBlocks04.lean,124,ORPHAN,generated-chunk-of:AspisV8R17/SourceWindowBlocks02.lean
docs/research/v8-full-view-zk-20260912/lean/AspisV8R17/SourceLowerBlocks05.lean,124,ORPHAN,generated-chunk-of:AspisV8R17/SourceWindowBlocks03.lean
docs/research/v8-full-view-zk-20260912/lean/AspisV8R17/SourceLowerBlocks06.lean,124,ORPHAN,generated-chunk-of:AspisV8R17/SourceWindowBlocks04.lean
docs/research/v8-full-view-zk-20260912/lean/AspisV8R17/SourceLowerBlocks07.lean,124,ORPHAN,generated-chunk-of:AspisV8R17/SourceWindowBlocks04.lean
docs/research/v8-full-view-zk-20260912/lean/AspisV8R17/SourceLowerBlocks08.lean,124,ORPHAN,generated-chunk-of:AspisV8R17/SourceWindowBlocks05.lean
docs/research/v8-full-view-zk-20260912/lean/AspisV8R17/SourceLowerBlocks09.lean,124,ORPHAN,generated-chunk-of:AspisV8R17/SourceWindowBlocks06.lean
docs/research/v8-full-view-zk-20260912/lean/AspisV8R17/SourceLowerBlocks10.lean,124,ORPHAN,generated-chunk-of:AspisV8R17/SourceWindowBlocks06.lean
docs/research/v8-full-view-zk-20260912/lean/AspisV8R17/SourceLowerBlocks11.lean,124,ORPHAN,generated-chunk-of:AspisV8R17/SourceWindowBlocks07.lean
docs/research/v8-full-view-zk-20260912/lean/AspisV8R17/SourceLowerBlocks12.lean,124,ORPHAN,generated-chunk-of:AspisV8R17/SourceWindowBlocks07.lean
docs/research/v8-full-view-zk-20260912/lean/AspisV8R17/SourceLowerBlocks13.lean,124,ORPHAN,generated-chunk-of:AspisV8R17/SourceWindowBlocks08.lean
docs/research/v8-full-view-zk-20260912/lean/AspisV8R17/SourceLowerBlocks14.lean,124,ORPHAN,generated-chunk-of:AspisV8R17/SourceWindowBlocks08.lean
docs/research/v8-full-view-zk-20260912/lean/AspisV8R17/SourceLowerBlocks15.lean,124,ORPHAN,generated-chunk-of:AspisV8R17/SourceWindowBlocks09.lean
docs/research/v8-full-view-zk-20260912/lean/AspisV8R17/SourceLowerBlocks16.lean,124,ORPHAN,generated-chunk-of:AspisV8R17/SourceWindowBlocks10.lean
docs/research/v8-full-view-zk-20260912/lean/AspisV8R17/SourceLowerBlocks17.lean,124,ORPHAN,generated-chunk-of:AspisV8R17/SourceWindowBlocks10.lean
docs/research/v8-full-view-zk-20260912/lean/AspisV8R17/SourceLowerBlocks18.lean,124,ORPHAN,generated-chunk-of:AspisV8R17/SourceWindowBlocks11.lean
docs/research/v8-full-view-zk-20260912/lean/AspisV8R17/SourceLowerBlocks19.lean,124,ORPHAN,generated-chunk-of:AspisV8R17/SourceWindowBlocks11.lean
docs/research/v8-full-view-zk-20260912/lean/AspisV8R17/SourceLowerBlocks20.lean,124,ORPHAN,generated-chunk-of:AspisV8R17/SourceWindowBlocks12.lean
docs/research/v8-full-view-zk-20260912/lean/AspisV8R17/SourceLowerBlocks21.lean,124,ORPHAN,generated-chunk-of:AspisV8R17/SourceWindowBlocks12.lean
docs/research/v8-full-view-zk-20260912/lean/AspisV8R17/SourceLowerBlocks22.lean,124,ORPHAN,generated-chunk-of:AspisV8R17/SourceWindowBlocks13.lean
docs/research/v8-full-view-zk-20260912/lean/AspisV8R17/SourceLowerBlocks23.lean,124,ORPHAN,generated-chunk-of:AspisV8R17/SourceWindowBlocks13.lean
docs/research/v8-full-view-zk-20260912/lean/AspisV8R17/SourceLowerBlocks24.lean,124,ORPHAN,generated-chunk-of:AspisV8R17/SourceWindowBlocks14.lean
docs/research/v8-full-view-zk-20260912/lean/AspisV8R17/SourceLowerBlocks25.lean,124,ORPHAN,generated-chunk-of:AspisV8R17/SourceWindowBlocks14.lean
docs/research/v8-full-view-zk-20260912/lean/AspisV8R17/SourceLowerBlocks26.lean,96,ORPHAN,generated-chunk-of:AspisV8R17/SourceWindowBlocks15.lean
docs/research/v8-full-view-zk-20260912/lean/AspisV8R17/SourceMaskLoop.lean,89,P17 P18 P19 P25 P27 P28 P29 P32 S35,
docs/research/v8-full-view-zk-20260912/lean/AspisV8R17/SourceMatrixWindow.lean,26,ORPHAN,superseded-design
docs/research/v8-full-view-zk-20260912/lean/AspisV8R17/SourceMinor.lean,61,ORPHAN,superseded-design
docs/research/v8-full-view-zk-20260912/lean/AspisV8R17/SourceMinorDeterminant.lean,713,ORPHAN,superseded-design
docs/research/v8-full-view-zk-20260912/lean/AspisV8R17/SourceMinorFirstBlock.lean,42,ORPHAN,superseded-design
docs/research/v8-full-view-zk-20260912/lean/AspisV8R17/SourceMinorNonzeroPolynomial.lean,36,ORPHAN,superseded-design
docs/research/v8-full-view-zk-20260912/lean/AspisV8R17/SourceMinorPolynomial.lean,57,ORPHAN,superseded-design
docs/research/v8-full-view-zk-20260912/lean/AspisV8R17/SourceMixing.lean,57,P17 P18 P19 P25 P27 P28 P29 P32 S35,
docs/research/v8-full-view-zk-20260912/lean/AspisV8R17/SourceMixingWeights.lean,76,P17 P18 P19 P25 P27 P28 P29 P32 S35,
docs/research/v8-full-view-zk-20260912/lean/AspisV8R17/SourceOpeningResidual.lean,64,P17 P18 P19 P25 P26 P27 P28 P29 P30 P32 S35,
docs/research/v8-full-view-zk-20260912/lean/AspisV8R17/SourceOriginalWeights.lean,94,P17 P18 P19 P25 P26 P27 P28 P29 P30 P32 S35,
docs/research/v8-full-view-zk-20260912/lean/AspisV8R17/SourceScatter.lean,259,P17 P18 P19 P25 P26 P27 P28 P29 P30 P31 P32 S35,
docs/research/v8-full-view-zk-20260912/lean/AspisV8R17/SourceWindowBlocks00.lean,296,ORPHAN,generated-chunk-of:AspisV8R17/SourceMinorDeterminant.lean
docs/research/v8-full-view-zk-20260912/lean/AspisV8R17/SourceWindowBlocks01.lean,294,ORPHAN,generated-chunk-of:AspisV8R17/SourceMinorDeterminant.lean
docs/research/v8-full-view-zk-20260912/lean/AspisV8R17/SourceWindowBlocks02.lean,294,ORPHAN,generated-chunk-of:AspisV8R17/SourceMinorDeterminant.lean
docs/research/v8-full-view-zk-20260912/lean/AspisV8R17/SourceWindowBlocks03.lean,294,ORPHAN,generated-chunk-of:AspisV8R17/SourceMinorDeterminant.lean
docs/research/v8-full-view-zk-20260912/lean/AspisV8R17/SourceWindowBlocks04.lean,293,ORPHAN,generated-chunk-of:AspisV8R17/SourceMinorDeterminant.lean
docs/research/v8-full-view-zk-20260912/lean/AspisV8R17/SourceWindowBlocks05.lean,294,ORPHAN,generated-chunk-of:AspisV8R17/SourceMinorDeterminant.lean
docs/research/v8-full-view-zk-20260912/lean/AspisV8R17/SourceWindowBlocks06.lean,272,ORPHAN,generated-chunk-of:AspisV8R17/SourceMinorDeterminant.lean
docs/research/v8-full-view-zk-20260912/lean/AspisV8R17/SourceWindowBlocks07.lean,361,ORPHAN,generated-chunk-of:AspisV8R17/SourceMinorDeterminant.lean
docs/research/v8-full-view-zk-20260912/lean/AspisV8R17/SourceWindowBlocks08.lean,383,ORPHAN,generated-chunk-of:AspisV8R17/SourceMinorDeterminant.lean
docs/research/v8-full-view-zk-20260912/lean/AspisV8R17/SourceWindowBlocks09.lean,339,ORPHAN,generated-chunk-of:AspisV8R17/SourceMinorDeterminant.lean
docs/research/v8-full-view-zk-20260912/lean/AspisV8R17/SourceWindowBlocks10.lean,379,ORPHAN,generated-chunk-of:AspisV8R17/SourceMinorDeterminant.lean
docs/research/v8-full-view-zk-20260912/lean/AspisV8R17/SourceWindowBlocks11.lean,399,ORPHAN,generated-chunk-of:AspisV8R17/SourceMinorDeterminant.lean
docs/research/v8-full-view-zk-20260912/lean/AspisV8R17/SourceWindowBlocks12.lean,323,ORPHAN,generated-chunk-of:AspisV8R17/SourceMinorDeterminant.lean
docs/research/v8-full-view-zk-20260912/lean/AspisV8R17/SourceWindowBlocks13.lean,369,ORPHAN,generated-chunk-of:AspisV8R17/SourceMinorDeterminant.lean
docs/research/v8-full-view-zk-20260912/lean/AspisV8R17/SourceWindowBlocks14.lean,342,ORPHAN,generated-chunk-of:AspisV8R17/SourceMinorDeterminant.lean
docs/research/v8-full-view-zk-20260912/lean/AspisV8R17/SourceWindowBlocks15.lean,208,ORPHAN,generated-chunk-of:AspisV8R17/SourceMinorDeterminant.lean
docs/research/v8-full-view-zk-20260912/lean/AspisV8R17/SourceWindowBlocks16.lean,133,ORPHAN,generated-chunk-of:AspisV8R17/SourceMinorDeterminant.lean
docs/research/v8-full-view-zk-20260912/lean/AspisV8R17/SourceZeroBoundary.lean,71,P17 P18 P19 P25 P27 P28 P29 P32 S35,
docs/research/v8-full-view-zk-20260912/lean/AspisV8R17/SpectralReindex.lean,35,ORPHAN,superseded-design
docs/research/v8-full-view-zk-20260912/lean/AspisV8R17/StructuredCube.lean,39,P17 P18 P19 P25 P27 P28 P29 P32 S35,
docs/research/v8-full-view-zk-20260912/lean/AspisV8R17/StructuredRound.lean,90,P17 P18 P19 P25 P27 P28 P29 P32 S35,
docs/research/v8-full-view-zk-20260912/lean/AspisV8R17/TailLookup.lean,16,ORPHAN,superseded-design
docs/research/v8-full-view-zk-20260912/lean/AspisV8R17/TensorComplement.lean,31,ORPHAN,superseded-design
docs/research/v8-full-view-zk-20260912/lean/AspisV8R17/TerminalG.lean,78,P17 P18 P19 P25 P27 P28 P29 P32 S35,
docs/research/v8-full-view-zk-20260912/lean/AspisV8R17/TranscriptAddresses.lean,69,ORPHAN,superseded-design
docs/research/v8-full-view-zk-20260912/lean/AspisV8R17/TransportedOpening.lean,38,P17 P18 P19 P25 P26 P27 P28 P29 P30 P32 S35,
docs/research/v8-full-view-zk-20260912/lean/AspisV8R17/TwoChannelImageGate.lean,61,S14 S17 S33 S34,
docs/research/v8-full-view-zk-20260912/lean/AspisV8R17/TwoChannelOpening.lean,40,ORPHAN,superseded-design
docs/research/v8-full-view-zk-20260912/lean/AspisV8R17/UnsignedCM31Cross.lean,125,ORPHAN,refinement-deferred
docs/research/v8-full-view-zk-20260912/lean/AspisV8R17/UnsignedCoreSlice.lean,115,ORPHAN,refinement-deferred
docs/research/v8-full-view-zk-20260912/lean/AspisV8R17/UnsignedLiteralSupport.lean,97,ORPHAN,refinement-deferred
docs/research/v8-full-view-zk-20260912/lean/AspisV8R17/UnsignedReducerExecution.lean,79,ORPHAN,refinement-deferred
docs/research/v8-full-view-zk-20260912/lean/AspisV8R17/UnsignedReducerOps.lean,85,ORPHAN,refinement-deferred
docs/research/v8-full-view-zk-20260912/lean/AspisV8R17/WeightedGroups.lean,61,ORPHAN,superseded-design
docs/research/v8-full-view-zk-20260912/lean/AspisV8R17/WeightedScatter.lean,335,P17 P18 P19 P25 P26 P27 P28 P29 P30 P31 P32 S35,
docs/research/v8-full-view-zk-20260912/lean/AspisV8R17/WitnessShear.lean,65,ORPHAN,superseded-design
docs/research/v8-full-view-zk-20260912/lean/AspisV8R18/SparseCoordinates.lean,102,P24,
docs/research/v8-full-view-zk-20260912/lean/AspisV8R19/AdaptiveFirstReadLaw.lean,90,P06 P07 P45 P46 P47 P48 P49 P50 S16,
docs/research/v8-full-view-zk-20260912/lean/AspisV8R19/AdaptiveFirstReadLoss.lean,37,ORPHAN,unused
docs/research/v8-full-view-zk-20260912/lean/AspisV8R19/AdaptiveFirstReadSource.lean,70,ORPHAN,unused
docs/research/v8-full-view-zk-20260912/lean/AspisV8R19/AdmissibleGridBound.lean,59,P28,
docs/research/v8-full-view-zk-20260912/lean/AspisV8R19/AugmentedMaskTransport.lean,120,P17 P18 P19 P25 P26 P27 P28 P29 P30 P32,
docs/research/v8-full-view-zk-20260912/lean/AspisV8R19/AugmentedOpeningBoundary.lean,75,ORPHAN,superseded-design
docs/research/v8-full-view-zk-20260912/lean/AspisV8R19/AugmentedQuerySection.lean,147,P17 P18 P19 P25 P26 P27 P28 P29 P30 P32,
docs/research/v8-full-view-zk-20260912/lean/AspisV8R19/AugmentedQuotient.lean,109,P17 P18 P19 P25 P26 P27 P28 P29 P30 P32,
docs/research/v8-full-view-zk-20260912/lean/AspisV8R19/BetaUniformCorrection.lean,89,P17 P18 P19 P25 P26 P27 P28 P29 P30 P31 P32,
docs/research/v8-full-view-zk-20260912/lean/AspisV8R19/BoundedSamplerWrapper.lean,105,P31 P47 P49,
docs/research/v8-full-view-zk-20260912/lean/AspisV8R19/CachedFiniteSupport.lean,51,ORPHAN,refinement-deferred
docs/research/v8-full-view-zk-20260912/lean/AspisV8R19/CanonicalProduct.lean,84,P31,
docs/research/v8-full-view-zk-20260912/lean/AspisV8R19/CausalDuplexCollisionBound.lean,111,ORPHAN,unused
docs/research/v8-full-view-zk-20260912/lean/AspisV8R19/CausalFirstHitUnionBound.lean,69,ORPHAN,unused
docs/research/v8-full-view-zk-20260912/lean/AspisV8R19/CausalInjectiveFrameBound.lean,60,ORPHAN,unused
docs/research/v8-full-view-zk-20260912/lean/AspisV8R19/CausalTapeFirstHit.lean,80,ORPHAN,unused
docs/research/v8-full-view-zk-20260912/lean/AspisV8R19/ChannelFold.lean,85,S13 S32,
docs/research/v8-full-view-zk-20260912/lean/AspisV8R19/CircleChannelsBridge.lean,93,P17 P18 P19 P25 P26 P27 P28 P29 P30 P32,
docs/research/v8-full-view-zk-20260912/lean/AspisV8R19/CircleFieldExecution.lean,143,ORPHAN,refinement-deferred
docs/research/v8-full-view-zk-20260912/lean/AspisV8R19/CircleObservationBridge.lean,89,P17 P18 P19 P25 P26 P27 P28 P29 P30 P32,
docs/research/v8-full-view-zk-20260912/lean/AspisV8R19/CirclePairHistoryLaw.lean,82,ORPHAN,refinement-deferred
docs/research/v8-full-view-zk-20260912/lean/AspisV8R19/CirclePairPrefixProgram.lean,114,ORPHAN,refinement-deferred
docs/research/v8-full-view-zk-20260912/lean/AspisV8R19/CirclePairRawFixedTapeLaw.lean,98,ORPHAN,refinement-deferred
docs/research/v8-full-view-zk-20260912/lean/AspisV8R19/CirclePairRawIndependentLaw.lean,44,ORPHAN,refinement-deferred
docs/research/v8-full-view-zk-20260912/lean/AspisV8R19/CircleScalarTransport.lean,86,ORPHAN,refinement-deferred
docs/research/v8-full-view-zk-20260912/lean/AspisV8R19/CircleSourceExecution.lean,139,ORPHAN,refinement-deferred
docs/research/v8-full-view-zk-20260912/lean/AspisV8R19/CircleWeightBridge.lean,100,P17 P18 P19 P25 P26 P27 P28 P29 P30 P32,
docs/research/v8-full-view-zk-20260912/lean/AspisV8R19/CompatibleTargetBasis.lean,43,ORPHAN,unused
docs/research/v8-full-view-zk-20260912/lean/AspisV8R19/ComplexBaseExecution.lean,148,P31,
docs/research/v8-full-view-zk-20260912/lean/AspisV8R19/ComplexFieldSlice.lean,188,P31,
docs/research/v8-full-view-zk-20260912/lean/AspisV8R19/ComplexInverseExecution.lean,103,P31,
docs/research/v8-full-view-zk-20260912/lean/AspisV8R19/CorrectionGather.lean,40,ORPHAN,unused
docs/research/v8-full-view-zk-20260912/lean/AspisV8R19/DescendingRemainder.lean,111,P17 P18 P19 P25 P26 P27 P28 P29 P30 P32,
docs/research/v8-full-view-zk-20260912/lean/AspisV8R19/DistinctCircleProgram.lean,70,ORPHAN,refinement-deferred
docs/research/v8-full-view-zk-20260912/lean/AspisV8R19/DuplexFrames.lean,89,P07 P31 P46 P47 P48 P49 P50 S16,
docs/research/v8-full-view-zk-20260912/lean/AspisV8R19/DuplexFreshPair.lean,90,P07 P31 P46 P47 P48 P49 P50 S16,
docs/research/v8-full-view-zk-20260912/lean/AspisV8R19/ExplicitGuard.lean,47,ORPHAN,refinement-deferred
docs/research/v8-full-view-zk-20260912/lean/AspisV8R19/ExplicitWord.lean,100,ORPHAN,refinement-deferred
docs/research/v8-full-view-zk-20260912/lean/AspisV8R19/FactorLeading.lean,163,P17 P18 P19 P25 P26 P27 P28 P29 P30 P31 P32,
docs/research/v8-full-view-zk-20260912/lean/AspisV8R19/FirstRelationBoundary.lean,76,ORPHAN,unused
docs/research/v8-full-view-zk-20260912/lean/AspisV8R19/FixedQueryChordScale.lean,90,ORPHAN,superseded-design
docs/research/v8-full-view-zk-20260912/lean/AspisV8R19/FixedQueryDegree.lean,126,ORPHAN,superseded-design
docs/research/v8-full-view-zk-20260912/lean/AspisV8R19/FixedQueryModel.lean,70,ORPHAN,superseded-design
docs/research/v8-full-view-zk-20260912/lean/AspisV8R19/FixedQueryNonzero.lean,63,ORPHAN,superseded-design
docs/research/v8-full-view-zk-20260912/lean/AspisV8R19/FixedQueryPolynomial.lean,67,ORPHAN,superseded-design
docs/research/v8-full-view-zk-20260912/lean/AspisV8R19/FixedQuerySource.lean,92,ORPHAN,superseded-design
docs/research/v8-full-view-zk-20260912/lean/AspisV8R19/FixedQuerySourceGate.lean,39,ORPHAN,superseded-design
docs/research/v8-full-view-zk-20260912/lean/AspisV8R19/FullCoefficientBoundary.lean,72,P17 P18 P19 P25 P26 P27 P28 P29 P30 P32,
docs/research/v8-full-view-zk-20260912/lean/AspisV8R19/FullPointFunctional.lean,75,P17 P18 P19 P25 P26 P27 P28 P29 P30 P32,
docs/research/v8-full-view-zk-20260912/lean/AspisV8R19/FullQuotientWeights.lean,47,P17 P18 P19 P25 P26 P27 P28 P29 P30 P32,
docs/research/v8-full-view-zk-20260912/lean/AspisV8R19/FullResidualBoundary.lean,81,P17 P18 P19 P25 P26 P27 P28 P29 P30 P32,
docs/research/v8-full-view-zk-20260912/lean/AspisV8R19/FullWeightHom.lean,54,ORPHAN,unused
docs/research/v8-full-view-zk-20260912/lean/AspisV8R19/FullWitnessPointCode.lean,63,P17 P18 P19 P25 P26 P27 P28 P29 P30 P32,
docs/research/v8-full-view-zk-20260912/lean/AspisV8R19/GResidualSchur.lean,36,ORPHAN,superseded-design
docs/research/v8-full-view-zk-20260912/lean/AspisV8R19/GeneratedInverseLoop.lean,128,P31,
docs/research/v8-full-view-zk-20260912/lean/AspisV8R19/GuardedFieldSlice.lean,134,P31,
docs/research/v8-full-view-zk-20260912/lean/AspisV8R19/GuardedFirstRead.lean,65,P46 P47,
docs/research/v8-full-view-zk-20260912/lean/AspisV8R19/GuardedInverseExecution.lean,65,P31,
docs/research/v8-full-view-zk-20260912/lean/AspisV8R19/GuardedM31Execution.lean,96,P31,
docs/research/v8-full-view-zk-20260912/lean/AspisV8R19/H1RelationLift.lean,62,ORPHAN,unused
docs/research/v8-full-view-zk-20260912/lean/AspisV8R19/HighQueryGCore.lean,84,P17 P18 P19 P25 P26 P27 P28 P29 P30 P32,
docs/research/v8-full-view-zk-20260912/lean/AspisV8R19/HighRepairInvariant.lean,73,P17 P18 P19 P25 P26 P27 P28 P29 P30 P32,
docs/research/v8-full-view-zk-20260912/lean/AspisV8R19/HighWitnessData.lean,12,ORPHAN,superseded-design
docs/research/v8-full-view-zk-20260912/lean/AspisV8R19/HighWitnessEntries.lean,11,ORPHAN,superseded-design
docs/research/v8-full-view-zk-20260912/lean/AspisV8R19/HighWitnessFieldTransport.lean,61,ORPHAN,superseded-design
docs/research/v8-full-view-zk-20260912/lean/AspisV8R19/HighWitnessInverseRow00.lean,10,ORPHAN,generated-chunk-of:AspisV8R19/HighWitnessNonzero.lean
docs/research/v8-full-view-zk-20260912/lean/AspisV8R19/HighWitnessInverseRow01.lean,10,ORPHAN,generated-chunk-of:AspisV8R19/HighWitnessNonzero.lean
docs/research/v8-full-view-zk-20260912/lean/AspisV8R19/HighWitnessInverseRow02.lean,10,ORPHAN,generated-chunk-of:AspisV8R19/HighWitnessNonzero.lean
docs/research/v8-full-view-zk-20260912/lean/AspisV8R19/HighWitnessInverseRow03.lean,10,ORPHAN,generated-chunk-of:AspisV8R19/HighWitnessNonzero.lean
docs/research/v8-full-view-zk-20260912/lean/AspisV8R19/HighWitnessInverseRow04.lean,10,ORPHAN,generated-chunk-of:AspisV8R19/HighWitnessNonzero.lean
docs/research/v8-full-view-zk-20260912/lean/AspisV8R19/HighWitnessInverseRow05.lean,10,ORPHAN,generated-chunk-of:AspisV8R19/HighWitnessNonzero.lean
docs/research/v8-full-view-zk-20260912/lean/AspisV8R19/HighWitnessInverseRow06.lean,10,ORPHAN,generated-chunk-of:AspisV8R19/HighWitnessNonzero.lean
docs/research/v8-full-view-zk-20260912/lean/AspisV8R19/HighWitnessInverseRow07.lean,10,ORPHAN,generated-chunk-of:AspisV8R19/HighWitnessNonzero.lean
docs/research/v8-full-view-zk-20260912/lean/AspisV8R19/HighWitnessInverseRow08.lean,10,ORPHAN,generated-chunk-of:AspisV8R19/HighWitnessNonzero.lean
docs/research/v8-full-view-zk-20260912/lean/AspisV8R19/HighWitnessInverseRow09.lean,10,ORPHAN,generated-chunk-of:AspisV8R19/HighWitnessNonzero.lean
docs/research/v8-full-view-zk-20260912/lean/AspisV8R19/HighWitnessInverseRow10.lean,10,ORPHAN,generated-chunk-of:AspisV8R19/HighWitnessNonzero.lean
docs/research/v8-full-view-zk-20260912/lean/AspisV8R19/HighWitnessInverseRow11.lean,10,ORPHAN,generated-chunk-of:AspisV8R19/HighWitnessNonzero.lean
docs/research/v8-full-view-zk-20260912/lean/AspisV8R19/HighWitnessInverseRow12.lean,10,ORPHAN,generated-chunk-of:AspisV8R19/HighWitnessNonzero.lean
docs/research/v8-full-view-zk-20260912/lean/AspisV8R19/HighWitnessNonzero.lean,45,ORPHAN,superseded-design
docs/research/v8-full-view-zk-20260912/lean/AspisV8R19/HighWitnessTransport.lean,65,ORPHAN,superseded-design
docs/research/v8-full-view-zk-20260912/lean/AspisV8R19/IndependentAnswerTransport.lean,52,ORPHAN,refinement-deferred
docs/research/v8-full-view-zk-20260912/lean/AspisV8R19/IndependentMeanFixedTape.lean,109,P47 P49,
docs/research/v8-full-view-zk-20260912/lean/AspisV8R19/IndependentMeanFixedTapeCircle.lean,197,ORPHAN,refinement-deferred
docs/research/v8-full-view-zk-20260912/lean/AspisV8R19/IndependentMeanFixedTapeQM31.lean,117,P47 P49,
docs/research/v8-full-view-zk-20260912/lean/AspisV8R19/InverseChain.lean,106,P31,
docs/research/v8-full-view-zk-20260912/lean/AspisV8R19/InverseFieldSlice.lean,99,P31,
docs/research/v8-full-view-zk-20260912/lean/AspisV8R19/InverseRuntimeMul.lean,187,P31,
docs/research/v8-full-view-zk-20260912/lean/AspisV8R19/LazyComplexExecution.lean,141,P31,
docs/research/v8-full-view-zk-20260912/lean/AspisV8R19/LowGResidualSupport.lean,49,P17 P18 P19 P25 P26 P27 P28 P29 P30 P31 P32,
docs/research/v8-full-view-zk-20260912/lean/AspisV8R19/LowKernelSeparation.lean,72,P17 P18 P19 P25 P26 P27 P28 P29 P30 P31 P32,
docs/research/v8-full-view-zk-20260912/lean/AspisV8R19/LowResidualFactor.lean,98,P17 P18 P19 P25 P26 P27 P28 P29 P30 P31 P32,
docs/research/v8-full-view-zk-20260912/lean/AspisV8R19/MemoizedProgramLaw.lean,107,P06 P07 P31 P45 P46 P47 P48 P49 P50 S16,
docs/research/v8-full-view-zk-20260912/lean/AspisV8R19/NormInverse.lean,117,P31,
docs/research/v8-full-view-zk-20260912/lean/AspisV8R19/NormalizationLoopBridge.lean,104,P17 P18 P19 P25 P26 P27 P28 P29 P30 P32,
docs/research/v8-full-view-zk-20260912/lean/AspisV8R19/NormalizedGCore.lean,70,P17 P18 P19 P25 P26 P27 P28 P29 P30 P32,
docs/research/v8-full-view-zk-20260912/lean/AspisV8R19/NormalizedQuerySection.lean,96,P17 P18 P19 P25 P26 P27 P28 P29 P30 P32,
docs/research/v8-full-view-zk-20260912/lean/AspisV8R19/NormalizedQuotient.lean,115,P17 P18 P19 P25 P26 P27 P28 P29 P30 P32,
docs/research/v8-full-view-zk-20260912/lean/AspisV8R19/NormalizedSectionAudit.lean,14,ORPHAN,superseded-design
docs/research/v8-full-view-zk-20260912/lean/AspisV8R19/NormalizedSectionBoundary.lean,60,ORPHAN,superseded-design
docs/research/v8-full-view-zk-20260912/lean/AspisV8R19/OODDistinctRetryLaw.lean,83,ORPHAN,unused
docs/research/v8-full-view-zk-20260912/lean/AspisV8R19/OODParameterRetryLaw.lean,82,ORPHAN,unused
docs/research/v8-full-view-zk-20260912/lean/AspisV8R19/OracleFiniteSupport.lean,86,P07 P31 P46 P47 P48 P49 P50 S16,
docs/research/v8-full-view-zk-20260912/lean/AspisV8R19/OracleLawControls.lean,54,ORPHAN,unused
docs/research/v8-full-view-zk-20260912/lean/AspisV8R19/OracleProgramOps.lean,64,P06 P07 P31 P45 P46 P47 P48 P49 P50 S16,
docs/research/v8-full-view-zk-20260912/lean/AspisV8R19/OracleResampling.lean,74,P06 P07 P31 P45 P46 P47 P48 P49 P50 S16,
docs/research/v8-full-view-zk-20260912/lean/AspisV8R19/OriginalChannelWeights.lean,57,ORPHAN,unused
docs/research/v8-full-view-zk-20260912/lean/AspisV8R19/PackedCanonicalMarker.lean,59,ORPHAN,unused
docs/research/v8-full-view-zk-20260912/lean/AspisV8R19/PartialDot.lean,71,P31,
docs/research/v8-full-view-zk-20260912/lean/AspisV8R19/PartialProduct.lean,71,P31,
docs/research/v8-full-view-zk-20260912/lean/AspisV8R19/Point1GuardedChunk00.lean,713,P28,
docs/research/v8-full-view-zk-20260912/lean/AspisV8R19/Point1GuardedChunk01.lean,731,P28,
docs/research/v8-full-view-zk-20260912/lean/AspisV8R19/Point1GuardedChunk02.lean,731,P28,
docs/research/v8-full-view-zk-20260912/lean/AspisV8R19/Point1GuardedChunk03.lean,734,P28,
docs/research/v8-full-view-zk-20260912/lean/AspisV8R19/Point1GuardedChunk04.lean,731,P28,
docs/research/v8-full-view-zk-20260912/lean/AspisV8R19/Point1GuardedChunk05.lean,734,P28,
docs/research/v8-full-view-zk-20260912/lean/AspisV8R19/Point1GuardedChunk06.lean,707,P28,
docs/research/v8-full-view-zk-20260912/lean/AspisV8R19/Point1GuardedChunk07.lean,734,P28,
docs/research/v8-full-view-zk-20260912/lean/AspisV8R19/Point1GuardedChunk08.lean,725,P28,
docs/research/v8-full-view-zk-20260912/lean/AspisV8R19/Point1GuardedChunk09.lean,350,P28,
docs/research/v8-full-view-zk-20260912/lean/AspisV8R19/PointWeightCertificate.lean,35,P18 P25 P26 P27 P30 P31,
docs/research/v8-full-view-zk-20260912/lean/AspisV8R19/PreparedCircleFold.lean,46,P17 P18 P19 P25 P26 P27 P28 P29 P30 P32,
docs/research/v8-full-view-zk-20260912/lean/AspisV8R19/ProductCorrectness.lean,126,ORPHAN,refinement-deferred
docs/research/v8-full-view-zk-20260912/lean/AspisV8R19/ProductExecution.lean,89,ORPHAN,refinement-deferred
docs/research/v8-full-view-zk-20260912/lean/AspisV8R19/Q22SamplerInvariants.lean,80,P48 S16,
docs/research/v8-full-view-zk-20260912/lean/AspisV8R19/Q22SamplerProgram.lean,96,P31 P46 P47 P48 P49 S16,
docs/research/v8-full-view-zk-20260912/lean/AspisV8R19/Q22WordScan.lean,80,P31 P46 P47 P48 P49 S16,
docs/research/v8-full-view-zk-20260912/lean/AspisV8R19/QM31AdmissibleGrid.lean,38,ORPHAN,superseded-design
docs/research/v8-full-view-zk-20260912/lean/AspisV8R19/QM31NormalizedSection.lean,67,ORPHAN,superseded-design
docs/research/v8-full-view-zk-20260912/lean/AspisV8R19/QM31ResidualBoundary.lean,28,ORPHAN,superseded-design
docs/research/v8-full-view-zk-20260912/lean/AspisV8R19/QM31ResidualWitness.lean,54,P18 P25 P26 P27 P30 P31,
docs/research/v8-full-view-zk-20260912/lean/AspisV8R19/QM31SamplerInvariants.lean,52,P31 P47 P49,
docs/research/v8-full-view-zk-20260912/lean/AspisV8R19/QM31SamplerProgram.lean,119,P07 P31 P47 P49 P50,
docs/research/v8-full-view-zk-20260912/lean/AspisV8R19/QuarticBaseExecution.lean,165,P31,
docs/research/v8-full-view-zk-20260912/lean/AspisV8R19/QuarticFieldSlice.lean,350,P31,
docs/research/v8-full-view-zk-20260912/lean/AspisV8R19/QuarticInverseExecution.lean,133,ORPHAN,refinement-deferred
docs/research/v8-full-view-zk-20260912/lean/AspisV8R19/QueryBlockStep.lean,66,ORPHAN,refinement-deferred
docs/research/v8-full-view-zk-20260912/lean/AspisV8R19/QueryBlockWords.lean,96,ORPHAN,refinement-deferred
docs/research/v8-full-view-zk-20260912/lean/AspisV8R19/QueryChunkExecution.lean,112,ORPHAN,refinement-deferred
docs/research/v8-full-view-zk-20260912/lean/AspisV8R19/QueryChunkModel.lean,107,ORPHAN,refinement-deferred
docs/research/v8-full-view-zk-20260912/lean/AspisV8R19/QueryChunkSource.lean,41,ORPHAN,refinement-deferred
docs/research/v8-full-view-zk-20260912/lean/AspisV8R19/QueryEntryExecution.lean,75,ORPHAN,refinement-deferred
docs/research/v8-full-view-zk-20260912/lean/AspisV8R19/QueryEntrySource.lean,62,ORPHAN,refinement-deferred
docs/research/v8-full-view-zk-20260912/lean/AspisV8R19/QueryLoopExecution.lean,69,ORPHAN,refinement-deferred
docs/research/v8-full-view-zk-20260912/lean/AspisV8R19/QueryObservedBlock.lean,70,ORPHAN,refinement-deferred
docs/research/v8-full-view-zk-20260912/lean/AspisV8R19/QueryObservedExecution.lean,124,ORPHAN,refinement-deferred
docs/research/v8-full-view-zk-20260912/lean/AspisV8R19/QueryObservedFreshHistoryLaw.lean,38,ORPHAN,refinement-deferred
docs/research/v8-full-view-zk-20260912/lean/AspisV8R19/QueryObservedHistoryLaw.lean,33,ORPHAN,refinement-deferred
docs/research/v8-full-view-zk-20260912/lean/AspisV8R19/QueryObservedProgram.lean,52,ORPHAN,refinement-deferred
docs/research/v8-full-view-zk-20260912/lean/AspisV8R19/QueryObservedSource.lean,113,ORPHAN,refinement-deferred
docs/research/v8-full-view-zk-20260912/lean/AspisV8R19/R137NonzeroLoop.lean,93,ORPHAN,refinement-deferred
docs/research/v8-full-view-zk-20260912/lean/AspisV8R19/R137SamplerChallengeBridge.lean,120,ORPHAN,refinement-deferred
docs/research/v8-full-view-zk-20260912/lean/AspisV8R19/R137SamplerInnerLoop.lean,172,ORPHAN,refinement-deferred
docs/research/v8-full-view-zk-20260912/lean/AspisV8R19/R137SamplerInnerStep.lean,119,ORPHAN,refinement-deferred
docs/research/v8-full-view-zk-20260912/lean/AspisV8R19/R137SamplerLimbBridge.lean,148,ORPHAN,refinement-deferred
docs/research/v8-full-view-zk-20260912/lean/AspisV8R19/R137SamplerLimbLoop.lean,124,ORPHAN,refinement-deferred
docs/research/v8-full-view-zk-20260912/lean/AspisV8R19/R137SamplerWordRead.lean,143,ORPHAN,refinement-deferred
docs/research/v8-full-view-zk-20260912/lean/AspisV8R19/R137SamplerWriteback.lean,80,ORPHAN,refinement-deferred
docs/research/v8-full-view-zk-20260912/lean/AspisV8R19/R137TranscriptPrimitiveBridge.lean,319,ORPHAN,refinement-deferred
docs/research/v8-full-view-zk-20260912/lean/AspisV8R19/R139NonzeroModelBridge.lean,166,ORPHAN,refinement-deferred
docs/research/v8-full-view-zk-20260912/lean/AspisV8R19/R139SamplerSourceBridge.lean,30,ORPHAN,refinement-deferred
docs/research/v8-full-view-zk-20260912/lean/AspisV8R19/R140BeforeOodSampleBridge.lean,70,ORPHAN,refinement-deferred
docs/research/v8-full-view-zk-20260912/lean/AspisV8R19/R141BeforeOodPrimitiveBridge.lean,38,ORPHAN,refinement-deferred
docs/research/v8-full-view-zk-20260912/lean/AspisV8R19/R143QueryEntryBridge.lean,95,ORPHAN,refinement-deferred
docs/research/v8-full-view-zk-20260912/lean/AspisV8R19/R144BeforeOodBytesBridge.lean,251,ORPHAN,refinement-deferred
docs/research/v8-full-view-zk-20260912/lean/AspisV8R19/R145QueryInnerBridge.lean,114,ORPHAN,refinement-deferred
docs/research/v8-full-view-zk-20260912/lean/AspisV8R19/R146BeforeOodBridge.lean,170,ORPHAN,refinement-deferred
docs/research/v8-full-view-zk-20260912/lean/AspisV8R19/R147QuerySqueezeBridge.lean,76,ORPHAN,refinement-deferred
docs/research/v8-full-view-zk-20260912/lean/AspisV8R19/R148QueryBlockBridge.lean,73,ORPHAN,refinement-deferred
docs/research/v8-full-view-zk-20260912/lean/AspisV8R19/R149QueryLoopBridge.lean,81,ORPHAN,refinement-deferred
docs/research/v8-full-view-zk-20260912/lean/AspisV8R19/R150QueryPublicBridge.lean,117,ORPHAN,refinement-deferred
docs/research/v8-full-view-zk-20260912/lean/AspisV8R19/R152WrappingBounds.lean,44,ORPHAN,refinement-deferred
docs/research/v8-full-view-zk-20260912/lean/AspisV8R19/R153ScheduleBytesBridge.lean,86,ORPHAN,refinement-deferred
docs/research/v8-full-view-zk-20260912/lean/AspisV8R19/R154QueryScheduleBridge.lean,131,ORPHAN,refinement-deferred
docs/research/v8-full-view-zk-20260912/lean/AspisV8R19/R158WordBounds.lean,127,P31,
docs/research/v8-full-view-zk-20260912/lean/AspisV8R19/R159WideBaseExecution.lean,173,P31,
docs/research/v8-full-view-zk-20260912/lean/AspisV8R19/R161WrappedMulExecution.lean,274,P31,
docs/research/v8-full-view-zk-20260912/lean/AspisV8R19/R162WrappedWord.lean,60,P31,
docs/research/v8-full-view-zk-20260912/lean/AspisV8R19/R163ComplexExecution.lean,186,P31,
docs/research/v8-full-view-zk-20260912/lean/AspisV8R19/R164ProductExecution.lean,166,P31,
docs/research/v8-full-view-zk-20260912/lean/AspisV8R19/R165QuarticExecution.lean,93,P31,
docs/research/v8-full-view-zk-20260912/lean/AspisV8R19/R166CircleExecution.lean,140,ORPHAN,refinement-deferred
docs/research/v8-full-view-zk-20260912/lean/AspisV8R19/R167TranscriptPrimitiveExecution.lean,119,ORPHAN,refinement-deferred
docs/research/v8-full-view-zk-20260912/lean/AspisV8R19/R169InnerSamplerExecution.lean,159,ORPHAN,refinement-deferred
docs/research/v8-full-view-zk-20260912/lean/AspisV8R19/R170LimbSamplerExecution.lean,120,ORPHAN,refinement-deferred
docs/research/v8-full-view-zk-20260912/lean/AspisV8R19/R171SamplerCanonical.lean,31,ORPHAN,refinement-deferred
docs/research/v8-full-view-zk-20260912/lean/AspisV8R19/R172CircleSamplerExecution.lean,153,ORPHAN,refinement-deferred
docs/research/v8-full-view-zk-20260912/lean/AspisV8R19/R173NonzeroExecution.lean,160,ORPHAN,refinement-deferred
docs/research/v8-full-view-zk-20260912/lean/AspisV8R19/R174GammaBatchStep.lean,58,ORPHAN,refinement-deferred
docs/research/v8-full-view-zk-20260912/lean/AspisV8R19/R175ChordInverseExecution.lean,141,ORPHAN,refinement-deferred
docs/research/v8-full-view-zk-20260912/lean/AspisV8R19/R176CallbackSamplerExecution.lean,78,ORPHAN,refinement-deferred
docs/research/v8-full-view-zk-20260912/lean/AspisV8R19/R177CircleScheduleBridge.lean,120,ORPHAN,refinement-deferred
docs/research/v8-full-view-zk-20260912/lean/AspisV8R19/R178CircleOutputCanonical.lean,50,ORPHAN,refinement-deferred
docs/research/v8-full-view-zk-20260912/lean/AspisV8R19/R181SampledChordGuard.lean,54,ORPHAN,refinement-deferred
docs/research/v8-full-view-zk-20260912/lean/AspisV8R19/R183DefaultFoldExecution.lean,104,ORPHAN,refinement-deferred
docs/research/v8-full-view-zk-20260912/lean/AspisV8R19/R184GammaBatchFold.lean,95,ORPHAN,refinement-deferred
docs/research/v8-full-view-zk-20260912/lean/AspisV8R19/R187DefaultVecFoldExecution.lean,77,ORPHAN,refinement-deferred
docs/research/v8-full-view-zk-20260912/lean/AspisV8R19/R191GammaBorrowCallOnce.lean,60,ORPHAN,refinement-deferred
docs/research/v8-full-view-zk-20260912/lean/AspisV8R19/R192NonzeroOutput.lean,78,ORPHAN,refinement-deferred
docs/research/v8-full-view-zk-20260912/lean/AspisV8R19/R193CountedSliceFoldControl.lean,90,ORPHAN,refinement-deferred
docs/research/v8-full-view-zk-20260912/lean/AspisV8R19/R194DistinctCircleFragment.lean,102,ORPHAN,refinement-deferred
docs/research/v8-full-view-zk-20260912/lean/AspisV8R19/R195CountedSliceFoldArithmetic.lean,54,ORPHAN,refinement-deferred
docs/research/v8-full-view-zk-20260912/lean/AspisV8R19/R196CurrentByteWriter.lean,42,ORPHAN,refinement-deferred
docs/research/v8-full-view-zk-20260912/lean/AspisV8R19/R198CurrentBytesBodyMap.lean,54,ORPHAN,refinement-deferred
docs/research/v8-full-view-zk-20260912/lean/AspisV8R19/R199FiniteLoopMap.lean,39,ORPHAN,refinement-deferred
docs/research/v8-full-view-zk-20260912/lean/AspisV8R19/R200CurrentBytesRank.lean,67,ORPHAN,refinement-deferred
docs/research/v8-full-view-zk-20260912/lean/AspisV8R19/R201CurrentBytesExecution.lean,70,ORPHAN,refinement-deferred
docs/research/v8-full-view-zk-20260912/lean/AspisV8R19/R203ChordDataExecution.lean,103,ORPHAN,refinement-deferred
docs/research/v8-full-view-zk-20260912/lean/AspisV8R19/R205AbsorbHashCall.lean,113,ORPHAN,refinement-deferred
docs/research/v8-full-view-zk-20260912/lean/AspisV8R19/R206CurrentAbsorbHashCall.lean,73,ORPHAN,refinement-deferred
docs/research/v8-full-view-zk-20260912/lean/AspisV8R19/R211CircleDomain.lean,73,ORPHAN,refinement-deferred
docs/research/v8-full-view-zk-20260912/lean/AspisV8R19/R212SampledChordDomain.lean,49,ORPHAN,refinement-deferred
docs/research/v8-full-view-zk-20260912/lean/AspisV8R19/R213ComputedChordInverse.lean,75,ORPHAN,refinement-deferred
docs/research/v8-full-view-zk-20260912/lean/AspisV8R19/R216ResultOraclePrimitives.lean,57,ORPHAN,refinement-deferred
docs/research/v8-full-view-zk-20260912/lean/AspisV8R19/R218CircleNormAlgebra.lean,57,ORPHAN,refinement-deferred
docs/research/v8-full-view-zk-20260912/lean/AspisV8R19/R222NormLeafExecution.lean,52,ORPHAN,refinement-deferred
docs/research/v8-full-view-zk-20260912/lean/AspisV8R19/R224HalfWordBounds.lean,45,ORPHAN,refinement-deferred
docs/research/v8-full-view-zk-20260912/lean/AspisV8R19/R225LineNormAlgebra.lean,54,ORPHAN,refinement-deferred
docs/research/v8-full-view-zk-20260912/lean/AspisV8R19/R228HalfEncoding.lean,43,ORPHAN,refinement-deferred
docs/research/v8-full-view-zk-20260912/lean/AspisV8R19/R236HalfWordOps.lean,16,ORPHAN,refinement-deferred
docs/research/v8-full-view-zk-20260912/lean/AspisV8R19/R240HalfExecution.lean,68,ORPHAN,refinement-deferred
docs/research/v8-full-view-zk-20260912/lean/AspisV8R19/R241CoeffExecution.lean,57,ORPHAN,refinement-deferred
docs/research/v8-full-view-zk-20260912/lean/AspisV8R19/R242LineCoeffExecution.lean,70,ORPHAN,refinement-deferred
docs/research/v8-full-view-zk-20260912/lean/AspisV8R19/R243LineNormBridge.lean,81,ORPHAN,refinement-deferred
docs/research/v8-full-view-zk-20260912/lean/AspisV8R19/R250PrivateBaseExecution.lean,84,ORPHAN,refinement-deferred
docs/research/v8-full-view-zk-20260912/lean/AspisV8R19/R251PrivateAddSub.lean,124,ORPHAN,refinement-deferred
docs/research/v8-full-view-zk-20260912/lean/AspisV8R19/R252PrivateComplexLinear.lean,64,ORPHAN,refinement-deferred
docs/research/v8-full-view-zk-20260912/lean/AspisV8R19/R253PrivateComplexNorm.lean,55,ORPHAN,refinement-deferred
docs/research/v8-full-view-zk-20260912/lean/AspisV8R19/R257PrivateSquare.lean,60,ORPHAN,refinement-deferred
docs/research/v8-full-view-zk-20260912/lean/AspisV8R19/R258PrivateProduct.lean,111,ORPHAN,refinement-deferred
docs/research/v8-full-view-zk-20260912/lean/AspisV8R19/R260PrivateInputExecution.lean,59,ORPHAN,refinement-deferred
docs/research/v8-full-view-zk-20260912/lean/AspisV8R19/R265PrivateNormClosures.lean,42,ORPHAN,refinement-deferred
docs/research/v8-full-view-zk-20260912/lean/AspisV8R19/R270PrivateCoefficientExecution.lean,56,ORPHAN,refinement-deferred
docs/research/v8-full-view-zk-20260912/lean/AspisV8R19/R271PrivateLineNormBridge.lean,52,ORPHAN,refinement-deferred
docs/research/v8-full-view-zk-20260912/lean/AspisV8R19/R272PrivateDenominatorNorm.lean,38,ORPHAN,refinement-deferred
docs/research/v8-full-view-zk-20260912/lean/AspisV8R19/R273PrivateCoefficientFallback.lean,87,ORPHAN,refinement-deferred
docs/research/v8-full-view-zk-20260912/lean/AspisV8R19/R275PrivateCoefficientComplete.lean,66,ORPHAN,refinement-deferred
docs/research/v8-full-view-zk-20260912/lean/AspisV8R19/R279PrivateScalarInverse.lean,47,ORPHAN,refinement-deferred
docs/research/v8-full-view-zk-20260912/lean/AspisV8R19/R287SelectedScalarQuarticExecution.lean,39,ORPHAN,refinement-deferred
docs/research/v8-full-view-zk-20260912/lean/AspisV8R19/R306BatchReverseStepExecution.lean,101,ORPHAN,refinement-deferred
docs/research/v8-full-view-zk-20260912/lean/AspisV8R19/R311BatchReverseLoopExecution.lean,139,ORPHAN,refinement-deferred
docs/research/v8-full-view-zk-20260912/lean/AspisV8R19/R313BatchReverseIndexErrors.lean,59,ORPHAN,refinement-deferred
docs/research/v8-full-view-zk-20260912/lean/AspisV8R19/R317SliceLastExecution.lean,47,ORPHAN,refinement-deferred
docs/research/v8-full-view-zk-20260912/lean/AspisV8R19/R319BatchPrefixStepExecution.lean,77,ORPHAN,refinement-deferred
docs/research/v8-full-view-zk-20260912/lean/AspisV8R19/R321BatchPrefixLoopExecution.lean,102,ORPHAN,refinement-deferred
docs/research/v8-full-view-zk-20260912/lean/AspisV8R19/R324BatchPrefixComplete.lean,82,ORPHAN,refinement-deferred
docs/research/v8-full-view-zk-20260912/lean/AspisV8R19/R325BatchPrefixAllWords.lean,45,ORPHAN,refinement-deferred
docs/research/v8-full-view-zk-20260912/lean/AspisV8R19/R326PrefixProductSelectors.lean,64,ORPHAN,refinement-deferred
docs/research/v8-full-view-zk-20260912/lean/AspisV8R19/R329PrefixInitializationExecution.lean,83,ORPHAN,refinement-deferred
docs/research/v8-full-view-zk-20260912/lean/AspisV8R19/R332PrefixInitializationSelectors.lean,107,ORPHAN,refinement-deferred
docs/research/v8-full-view-zk-20260912/lean/AspisV8R19/R336PrefixPairInverseExecution.lean,85,ORPHAN,refinement-deferred
docs/research/v8-full-view-zk-20260912/lean/AspisV8R19/R337InitializedReverseExecution.lean,112,ORPHAN,refinement-deferred
docs/research/v8-full-view-zk-20260912/lean/AspisV8R19/R341PrefixNonzero.lean,53,ORPHAN,refinement-deferred
docs/research/v8-full-view-zk-20260912/lean/AspisV8R19/R342OutputSetup.lean,172,ORPHAN,refinement-deferred
docs/research/v8-full-view-zk-20260912/lean/AspisV8R19/R350AfterGuardsExecution.lean,83,ORPHAN,refinement-deferred
docs/research/v8-full-view-zk-20260912/lean/AspisV8R19/R353AfterGuardsCriterion.lean,79,ORPHAN,refinement-deferred
docs/research/v8-full-view-zk-20260912/lean/AspisV8R19/R354ReverseInverseModel.lean,122,ORPHAN,refinement-deferred
docs/research/v8-full-view-zk-20260912/lean/AspisV8R19/R355AfterGuardsInverseValues.lean,83,ORPHAN,refinement-deferred
docs/research/v8-full-view-zk-20260912/lean/AspisV8R19/R358BatchZeroPredicate.lean,63,ORPHAN,refinement-deferred
docs/research/v8-full-view-zk-20260912/lean/AspisV8R19/R366SemanticNormalization.lean,125,S35,
docs/research/v8-full-view-zk-20260912/lean/AspisV8R19/R367ControlFlowExecution.lean,38,ORPHAN,refinement-deferred
docs/research/v8-full-view-zk-20260912/lean/AspisV8R19/R368WireSemanticCompatibility.lean,121,S35,
docs/research/v8-full-view-zk-20260912/lean/AspisV8R19/R370KernelEvaluation.lean,80,P17 P18 P19 P25 P27 P28 P29 P32,
docs/research/v8-full-view-zk-20260912/lean/AspisV8R19/R372SourceColumnCompatibility.lean,64,P17 P18 P19 P25 P27 P28 P29 P32,
docs/research/v8-full-view-zk-20260912/lean/AspisV8R19/R374SingleCoordinateDegree.lean,140,ORPHAN,unused
docs/research/v8-full-view-zk-20260912/lean/AspisV8R19/R376SimplePointDegree.lean,53,ORPHAN,unused
docs/research/v8-full-view-zk-20260912/lean/AspisV8R19/R377SelectorCoordinateDegree.lean,88,ORPHAN,unused
docs/research/v8-full-view-zk-20260912/lean/AspisV8R19/R378PairedFifthDegree.lean,82,ORPHAN,unused
docs/research/v8-full-view-zk-20260912/lean/AspisV8R19/R380InternalFifthDegree.lean,41,ORPHAN,unused
docs/research/v8-full-view-zk-20260912/lean/AspisV8R19/R381ProjectedPoseidonDegree.lean,152,ORPHAN,unused
docs/research/v8-full-view-zk-20260912/lean/AspisV8R19/R382SelectedMaskDegree.lean,190,ORPHAN,unused
docs/research/v8-full-view-zk-20260912/lean/AspisV8R19/R384PositiveDeltaDegree.lean,53,ORPHAN,unused
docs/research/v8-full-view-zk-20260912/lean/AspisV8R19/R386CopyDegree.lean,249,ORPHAN,unused
docs/research/v8-full-view-zk-20260912/lean/AspisV8R19/R391ReduceU62Execution.lean,50,ORPHAN,refinement-deferred
docs/research/v8-full-view-zk-20260912/lean/AspisV8R19/R402Q22IndependentLaw.lean,47,P46 P48 S16,
docs/research/v8-full-view-zk-20260912/lean/AspisV8R19/R406SamplerWordDistribution.lean,92,P07 P46 P47 P48 P49 P50 S16,
docs/research/v8-full-view-zk-20260912/lean/AspisV8R19/R407Q22CandidateKernel.lean,55,P46 P48 S16,
docs/research/v8-full-view-zk-20260912/lean/AspisV8R19/R409Q22Relabeling.lean,97,P48 S16,
docs/research/v8-full-view-zk-20260912/lean/AspisV8R19/R411EqualLegalQueryMass.lean,49,P48 S16,
docs/research/v8-full-view-zk-20260912/lean/AspisV8R19/R412LegalQueryEnumeration.lean,104,P48 S16,
docs/research/v8-full-view-zk-20260912/lean/AspisV8R19/R413GuardedOracleDistance.lean,98,P46 P47,
docs/research/v8-full-view-zk-20260912/lean/AspisV8R19/R414Q22CacheHitDistance.lean,36,P46,
docs/research/v8-full-view-zk-20260912/lean/AspisV8R19/R415InterpolationExecution.lean,63,ORPHAN,refinement-deferred
docs/research/v8-full-view-zk-20260912/lean/AspisV8R19/R417Q22SuccessLaw.lean,131,P48 S16,
docs/research/v8-full-view-zk-20260912/lean/AspisV8R19/R421UniformMasked31Block.lean,59,P07 P47 P49 P50,
docs/research/v8-full-view-zk-20260912/lean/AspisV8R19/R430ReadonlyConstantGraph.lean,111,ORPHAN,refinement-deferred
docs/research/v8-full-view-zk-20260912/lean/AspisV8R19/R432PointerPrimitive.lean,208,ORPHAN,refinement-deferred
docs/research/v8-full-view-zk-20260912/lean/AspisV8R19/R433ConstructorFragment.lean,176,ORPHAN,refinement-deferred
docs/research/v8-full-view-zk-20260912/lean/AspisV8R19/R435HelperGuards.lean,87,ORPHAN,refinement-deferred
docs/research/v8-full-view-zk-20260912/lean/AspisV8R19/R436PointerGammaFold.lean,42,ORPHAN,refinement-deferred
docs/research/v8-full-view-zk-20260912/lean/AspisV8R19/R442RejectionAlphabet.lean,50,P07 P47 P49 P50,
docs/research/v8-full-view-zk-20260912/lean/AspisV8R19/R443BoundedRejectionMass.lean,94,P07 P47 P49 P50,
docs/research/v8-full-view-zk-20260912/lean/AspisV8R19/R444InitialSourceLimb.lean,127,ORPHAN,unused
docs/research/v8-full-view-zk-20260912/lean/AspisV8R19/R445InitialBlockRejectionLaw.lean,57,P07 P47 P49 P50,
docs/research/v8-full-view-zk-20260912/lean/AspisV8R19/R446RejectionListExecution.lean,46,ORPHAN,unused
docs/research/v8-full-view-zk-20260912/lean/AspisV8R19/R447SourceInitialBlockLaw.lean,70,ORPHAN,unused
docs/research/v8-full-view-zk-20260912/lean/AspisV8R19/R448RefillSourceLimb.lean,41,ORPHAN,unused
docs/research/v8-full-view-zk-20260912/lean/AspisV8R19/R449BlockPermutation.lean,99,ORPHAN,unused
docs/research/v8-full-view-zk-20260912/lean/AspisV8R19/R450RefillOraclePermutation.lean,71,ORPHAN,unused
docs/research/v8-full-view-zk-20260912/lean/AspisV8R19/R451BlockStoppingCore.lean,55,ORPHAN,unused
docs/research/v8-full-view-zk-20260912/lean/AspisV8R19/R451BlockStoppingPermutation.lean,58,ORPHAN,unused
docs/research/v8-full-view-zk-20260912/lean/AspisV8R19/R452NoRefillProgram.lean,43,ORPHAN,unused
docs/research/v8-full-view-zk-20260912/lean/AspisV8R19/R453SourceFirstLimbLaw.lean,75,ORPHAN,unused
docs/research/v8-full-view-zk-20260912/lean/AspisV8R19/R454RefillProgramShape.lean,54,ORPHAN,unused
docs/research/v8-full-view-zk-20260912/lean/AspisV8R19/R455SourceRefillLaw.lean,54,ORPHAN,unused
docs/research/v8-full-view-zk-20260912/lean/AspisV8R19/R456IndexedWordPermutation.lean,70,ORPHAN,unused
docs/research/v8-full-view-zk-20260912/lean/AspisV8R19/R457IndexedScan.lean,39,ORPHAN,unused
docs/research/v8-full-view-zk-20260912/lean/AspisV8R19/R458ScanConsumptionBound.lean,44,ORPHAN,unused
docs/research/v8-full-view-zk-20260912/lean/AspisV8R19/R459IndexedFiniteTape.lean,66,ORPHAN,unused
docs/research/v8-full-view-zk-20260912/lean/AspisV8R19/R460IndexedBlockPermutation.lean,78,ORPHAN,unused
docs/research/v8-full-view-zk-20260912/lean/AspisV8R19/R461OptionScanCount.lean,41,ORPHAN,unused
docs/research/v8-full-view-zk-20260912/lean/AspisV8R19/R462IndexedRefillPermutation.lean,70,ORPHAN,unused
docs/research/v8-full-view-zk-20260912/lean/AspisV8R19/R463ConsumedAcceptanceCount.lean,39,ORPHAN,unused
docs/research/v8-full-view-zk-20260912/lean/AspisV8R19/R464ObservedChallengeTraceBound.lean,51,ORPHAN,refinement-deferred
docs/research/v8-full-view-zk-20260912/lean/AspisV8R19/R465AllAcceptedPermutation.lean,47,ORPHAN,unused
docs/research/v8-full-view-zk-20260912/lean/AspisV8R19/R466Q22TraceBound.lean,58,ORPHAN,refinement-deferred
docs/research/v8-full-view-zk-20260912/lean/AspisV8R19/R467R137ObservedSqueeze.lean,57,ORPHAN,refinement-deferred
docs/research/v8-full-view-zk-20260912/lean/AspisV8R19/R468R137ObservedQ22Entry.lean,125,ORPHAN,refinement-deferred
docs/research/v8-full-view-zk-20260912/lean/AspisV8R19/R469ActualR137Q22TraceBound.lean,38,ORPHAN,refinement-deferred
docs/research/v8-full-view-zk-20260912/lean/AspisV8R19/R470R440ReadonlyConstantGraph.lean,85,ORPHAN,refinement-deferred
docs/research/v8-full-view-zk-20260912/lean/AspisV8R19/R471NonNullPointerValidity.lean,129,ORPHAN,refinement-deferred
docs/research/v8-full-view-zk-20260912/lean/AspisV8R19/R472CheckedConstructor.lean,135,ORPHAN,refinement-deferred
docs/research/v8-full-view-zk-20260912/lean/AspisV8R19/R473SequenceRegrouping.lean,78,ORPHAN,refinement-deferred
docs/research/v8-full-view-zk-20260912/lean/AspisV8R19/R474NativeConstructorProjection.lean,42,ORPHAN,refinement-deferred
docs/research/v8-full-view-zk-20260912/lean/AspisV8R19/R475PointerWordRuntime.lean,160,ORPHAN,refinement-deferred
docs/research/v8-full-view-zk-20260912/lean/AspisV8R19/R476WordConstructorExecution.lean,193,ORPHAN,refinement-deferred
docs/research/v8-full-view-zk-20260912/lean/AspisV8R19/R477BackedPointerWordImage.lean,84,ORPHAN,refinement-deferred
docs/research/v8-full-view-zk-20260912/lean/AspisV8R19/R478SelectedWordConstructor.lean,62,ORPHAN,refinement-deferred
docs/research/v8-full-view-zk-20260912/lean/AspisV8R19/R479CallerBatchSlices.lean,121,ORPHAN,refinement-deferred
docs/research/v8-full-view-zk-20260912/lean/AspisV8R19/R480CallerPointerReads.lean,75,ORPHAN,refinement-deferred
docs/research/v8-full-view-zk-20260912/lean/AspisV8R19/R481NativeQM31Cell.lean,95,ORPHAN,refinement-deferred
docs/research/v8-full-view-zk-20260912/lean/AspisV8R19/R482PackedAllocationRead.lean,63,ORPHAN,refinement-deferred
docs/research/v8-full-view-zk-20260912/lean/AspisV8R19/R483SharedReadPlace.lean,144,ORPHAN,refinement-deferred
docs/research/v8-full-view-zk-20260912/lean/AspisV8R19/R484BackedSharedReads.lean,84,ORPHAN,refinement-deferred
docs/research/v8-full-view-zk-20260912/lean/AspisV8R19/R485SelectedSharedRead.lean,96,ORPHAN,refinement-deferred
docs/research/v8-full-view-zk-20260912/lean/AspisV8R19/R486ParserCanonicalMask.lean,75,ORPHAN,refinement-deferred
docs/research/v8-full-view-zk-20260912/lean/AspisV8R19/R487ParserScalarMask.lean,72,ORPHAN,refinement-deferred
docs/research/v8-full-view-zk-20260912/lean/AspisV8R19/R489WordArithmetic.lean,66,ORPHAN,refinement-deferred
docs/research/v8-full-view-zk-20260912/lean/AspisV8R19/R492ParserCellCanonical.lean,93,ORPHAN,refinement-deferred
docs/research/v8-full-view-zk-20260912/lean/AspisV8R19/R496AlignOffsetsExecution.lean,66,ORPHAN,refinement-deferred
docs/research/v8-full-view-zk-20260912/lean/AspisV8R19/R498UsizePrimitiveNames.lean,20,ORPHAN,refinement-deferred
docs/research/v8-full-view-zk-20260912/lean/AspisV8R19/R499ChunksConstructorArithmetic.lean,70,ORPHAN,refinement-deferred
docs/research/v8-full-view-zk-20260912/lean/AspisV8R19/R503RawPartsSizeGuard.lean,37,ORPHAN,refinement-deferred
docs/research/v8-full-view-zk-20260912/lean/AspisV8R19/R506RawPartsLengthGuard.lean,66,ORPHAN,refinement-deferred
docs/research/v8-full-view-zk-20260912/lean/AspisV8R19/R511SourceDegenerateFold.lean,118,P17 P18 P19 P25 P27 P28 P29 P32,
docs/research/v8-full-view-zk-20260912/lean/AspisV8R19/R513SourceDegenerateRoots.lean,143,P17 P18 P19 P25 P27 P28 P29 P32,
docs/research/v8-full-view-zk-20260912/lean/AspisV8R19/R514DegenerateGCore.lean,108,P17 P18 P19 P25 P27 P28 P29 P32,
docs/research/v8-full-view-zk-20260912/lean/AspisV8R19/R516FiniteGFamily.lean,68,ORPHAN,unused
docs/research/v8-full-view-zk-20260912/lean/AspisV8R19/R521FamilyObservations.lean,84,ORPHAN,unused
docs/research/v8-full-view-zk-20260912/lean/AspisV8R19/R522GammaWordPrefix.lean,47,ORPHAN,refinement-deferred
docs/research/v8-full-view-zk-20260912/lean/AspisV8R19/R524FinitePreparedFold.lean,71,ORPHAN,unused
docs/research/v8-full-view-zk-20260912/lean/AspisV8R19/R525FamilyOODZero.lean,85,ORPHAN,unused
docs/research/v8-full-view-zk-20260912/lean/AspisV8R19/R529SelectedPartsExecution.lean,81,ORPHAN,refinement-deferred
docs/research/v8-full-view-zk-20260912/lean/AspisV8R19/R541JointSchurEquivalence.lean,60,P33,
docs/research/v8-full-view-zk-20260912/lean/AspisV8R19/R548CompactBoundaryRejoin.lean,112,S35,
docs/research/v8-full-view-zk-20260912/lean/AspisV8R19/R549Merkle8PathBinding.lean,165,S30,
docs/research/v8-full-view-zk-20260912/lean/AspisV8R19/R551FirstFourZeroBlockV10.lean,194,ORPHAN,unused
docs/research/v8-full-view-zk-20260912/lean/AspisV8R19/R552Merkle8LeafPathBinding.lean,137,S30,
docs/research/v8-full-view-zk-20260912/lean/AspisV8R19/R561SparseGPairing.lean,120,P17 P18 P19 P25 P27 P28 P29 P32,
docs/research/v8-full-view-zk-20260912/lean/AspisV8R19/R562ChannelTargetBoundary.lean,72,P17 P18 P19 P25 P27 P28 P29 P32,
docs/research/v8-full-view-zk-20260912/lean/AspisV8R19/R564ZeroChallengeExecutionV2.lean,69,ORPHAN,refinement-deferred
docs/research/v8-full-view-zk-20260912/lean/AspisV8R19/R566FreshZeroBlock.lean,35,ORPHAN,unused
docs/research/v8-full-view-zk-20260912/lean/AspisV8R19/R567ClaimSerializationInjectivity.lean,94,ORPHAN,refinement-deferred
docs/research/v8-full-view-zk-20260912/lean/AspisV8R19/R572SequentialWordMass.lean,226,P07 P47 P49 P50,
docs/research/v8-full-view-zk-20260912/lean/AspisV8R19/R573ClaimPrefixExecution.lean,200,ORPHAN,refinement-deferred
docs/research/v8-full-view-zk-20260912/lean/AspisV8R19/R574SparseGCorePolynomial.lean,380,P17 P18 P19 P25 P27 P28 P29 P31 P32,
docs/research/v8-full-view-zk-20260912/lean/AspisV8R19/R575NativeClaimHashCall.lean,109,ORPHAN,refinement-deferred
docs/research/v8-full-view-zk-20260912/lean/AspisV8R19/R577NativeInnerSamplerExecution.lean,410,ORPHAN,refinement-deferred
docs/research/v8-full-view-zk-20260912/lean/AspisV8R19/R578FiniteWordTape.lean,156,P07 P47 P49 P50,
docs/research/v8-full-view-zk-20260912/lean/AspisV8R19/R579FourBlockTape.lean,82,P07 P47 P49 P50,
docs/research/v8-full-view-zk-20260912/lean/AspisV8R19/R580SourceWordStream.lean,211,P07 P47 P49 P50,
docs/research/v8-full-view-zk-20260912/lean/AspisV8R19/R581NormalizedCorePolynomial.lean,214,P31,
docs/research/v8-full-view-zk-20260912/lean/AspisV8R19/R582SequentialTapeExecution.lean,121,P07 P47 P49 P50,
docs/research/v8-full-view-zk-20260912/lean/AspisV8R19/R583SamplerWordTrace.lean,174,P07 P47 P49 P50,
docs/research/v8-full-view-zk-20260912/lean/AspisV8R19/R584IndependentBlockSampler.lean,161,P07 P47 P49 P50,
docs/research/v8-full-view-zk-20260912/lean/AspisV8R19/R585SelectedCoreNonzero.lean,55,P31,
docs/research/v8-full-view-zk-20260912/lean/AspisV8R19/R586IndependentSamplerState.lean,42,ORPHAN,unused
docs/research/v8-full-view-zk-20260912/lean/AspisV8R19/R587BlockSamplerBound.lean,101,P47 P49,
docs/research/v8-full-view-zk-20260912/lean/AspisV8R19/R588NormalizedCoreDomainBound.lean,60,P31,
docs/research/v8-full-view-zk-20260912/lean/AspisV8R19/R589IndexedReplyExecution.lean,130,P47 P49,
docs/research/v8-full-view-zk-20260912/lean/AspisV8R19/R591CompleteBlockExecution.lean,70,P47 P49,
docs/research/v8-full-view-zk-20260912/lean/AspisV8R19/R592FiniteBlockExecution.lean,66,P47 P49,
docs/research/v8-full-view-zk-20260912/lean/AspisV8R19/R593DecodedTupleObservation.lean,40,P47 P49,
docs/research/v8-full-view-zk-20260912/lean/AspisV8R19/R594JointChallengeMass.lean,45,P47 P49,
docs/research/v8-full-view-zk-20260912/lean/AspisV8R19/R595CoreChordScaling.lean,45,ORPHAN,refinement-deferred
docs/research/v8-full-view-zk-20260912/lean/AspisV8R19/R596SelectedChordCore.lean,57,ORPHAN,refinement-deferred
docs/research/v8-full-view-zk-20260912/lean/AspisV8R19/R597SampledChordCore.lean,88,ORPHAN,refinement-deferred
docs/research/v8-full-view-zk-20260912/lean/AspisV8R19/R598NativeOrdinarySampler.lean,321,ORPHAN,refinement-deferred
docs/research/v8-full-view-zk-20260912/lean/AspisV8R19/R599CanonicalFieldTuple.lean,100,P47 P49,
docs/research/v8-full-view-zk-20260912/lean/AspisV8R19/R600ResultEvalLength.lean,37,P47 P49,
docs/research/v8-full-view-zk-20260912/lean/AspisV8R19/R601ExactFieldMass.lean,59,P47 P49,
docs/research/v8-full-view-zk-20260912/lean/AspisV8R19/R602CircleParameterCount.lean,70,P49,
docs/research/v8-full-view-zk-20260912/lean/AspisV8R19/R603CircleAcceptanceSet.lean,78,P49,
docs/research/v8-full-view-zk-20260912/lean/AspisV8R19/R605GuardedFieldLaw.lean,32,P47,
docs/research/v8-full-view-zk-20260912/lean/AspisV8R19/R607FieldSetMass.lean,71,P49,
docs/research/v8-full-view-zk-20260912/lean/AspisV8R19/R608CircleOutcomeEvents.lean,118,P49,
docs/research/v8-full-view-zk-20260912/lean/AspisV8R19/R609CircleRetryLaw.lean,244,P49,
docs/research/v8-full-view-zk-20260912/lean/AspisV8R19/R612GuardedCircleLaw.lean,72,ORPHAN,unused
docs/research/v8-full-view-zk-20260912/lean/AspisV8R19/R613NativeNonzeroExecution.lean,205,ORPHAN,refinement-deferred
docs/research/v8-full-view-zk-20260912/lean/AspisV8R19/R616MixedLimbExecution.lean,2182,ORPHAN,refinement-deferred
docs/research/v8-full-view-zk-20260912/lean/AspisV8R19/R619MatrixArithmeticBridge.lean,100,ORPHAN,refinement-deferred
docs/research/v8-full-view-zk-20260912/lean/AspisV8R19/R620MatrixAction.lean,78,ORPHAN,refinement-deferred
docs/research/v8-full-view-zk-20260912/lean/AspisV8R19/R623PackedDecoderExecution.lean,428,ORPHAN,refinement-deferred
docs/research/v8-full-view-zk-20260912/lean/AspisV8R19/R624DecoderInnerExecution.lean,439,ORPHAN,refinement-deferred
docs/research/v8-full-view-zk-20260912/lean/AspisV8R19/R628DecoderAxioms.lean,43,ORPHAN,refinement-deferred
docs/research/v8-full-view-zk-20260912/lean/AspisV8R19/R631DecoderChunkShape.lean,78,ORPHAN,refinement-deferred
docs/research/v8-full-view-zk-20260912/lean/AspisV8R19/R632DecoderBlockArray.lean,106,ORPHAN,refinement-deferred
docs/research/v8-full-view-zk-20260912/lean/AspisV8R19/R633PackedBlockResult.lean,36,ORPHAN,refinement-deferred
docs/research/v8-full-view-zk-20260912/lean/AspisV8R19/R634DecoderPrefixCanonical.lean,52,ORPHAN,refinement-deferred
docs/research/v8-full-view-zk-20260912/lean/AspisV8R19/R635DecoderWholeCanonical.lean,225,ORPHAN,refinement-deferred
docs/research/v8-full-view-zk-20260912/lean/AspisV8R19/R636DecoderAcceptedHeader.lean,77,ORPHAN,refinement-deferred
docs/research/v8-full-view-zk-20260912/lean/AspisV8R19/R637PackedBitExtraction.lean,155,ORPHAN,refinement-deferred
docs/research/v8-full-view-zk-20260912/lean/AspisV8R19/R638CombineAcceptedInputs.lean,64,ORPHAN,refinement-deferred
docs/research/v8-full-view-zk-20260912/lean/AspisV8R19/R639PackedByteBits.lean,29,ORPHAN,refinement-deferred
docs/research/v8-full-view-zk-20260912/lean/AspisV8R19/R640DecoderExactWords.lean,116,ORPHAN,refinement-deferred
docs/research/v8-full-view-zk-20260912/lean/AspisV8R19/R641PackedByteConcat.lean,115,ORPHAN,refinement-deferred
docs/research/v8-full-view-zk-20260912/lean/AspisV8R19/R642SourceScalarWrapper.lean,52,ORPHAN,refinement-deferred
docs/research/v8-full-view-zk-20260912/lean/AspisV8R19/R643PackedRadixValues.lean,25,ORPHAN,refinement-deferred
docs/research/v8-full-view-zk-20260912/lean/AspisV8R19/R644AcceptedRadixSerialization.lean,64,ORPHAN,refinement-deferred
docs/research/v8-full-view-zk-20260912/lean/AspisV8R19/R645TwoSwapHighDirections.lean,58,P17 P18 P19 P25 P27 P28 P29 P32,
docs/research/v8-full-view-zk-20260912/lean/AspisV8R19/R646CombineLoopExecution.lean,319,ORPHAN,refinement-deferred
docs/research/v8-full-view-zk-20260912/lean/AspisV8R19/R647TwoSwapStructuredMoment.lean,56,ORPHAN,unused
docs/research/v8-full-view-zk-20260912/lean/AspisV8R19/R648AugmentedTwoSwapKernel.lean,66,P17 P18 P19 P25 P27 P28 P29 P32,
docs/research/v8-full-view-zk-20260912/lean/AspisV8R19/R649TwoSwapResidualRepair.lean,82,P17 P18 P19 P25 P27 P28 P29 P32,
docs/research/v8-full-view-zk-20260912/lean/AspisV8R19/R650ResidualCombinationKernel.lean,133,P17 P18 P19 P25 P27 P28 P29 P32,
docs/research/v8-full-view-zk-20260912/lean/AspisV8R19/R651ResidualKernelRepair.lean,39,P17 P18 P19 P25 P27 P28 P29 P32,
docs/research/v8-full-view-zk-20260912/lean/AspisV8R19/R652ResidualCoefficientCompletion.lean,46,P17 P18 P19 P25 P27 P28 P29 P32,
docs/research/v8-full-view-zk-20260912/lean/AspisV8R19/R653SourceCoefficientBoundary.lean,59,P17 P18 P19 P25 P27 P28 P29 P32,
docs/research/v8-full-view-zk-20260912/lean/AspisV8R19/R654ResidualAlphaNonzero.lean,94,P17 P18 P19 P25 P27 P28 P29 P32,
docs/research/v8-full-view-zk-20260912/lean/AspisV8R19/R655SourceResidualCompletion.lean,60,P17 P18 P19 P25 P27 P28 P29 P32,
docs/research/v8-full-view-zk-20260912/lean/AspisV8R19/R656CombinationStructuredMoment.lean,74,P17 P18 P19 P25 P27 P28 P29 P32,
docs/research/v8-full-view-zk-20260912/lean/AspisV8R19/R657CompleteResidualRepair.lean,96,P17 P18 P19 P25 P27 P28 P29 P32,
docs/research/v8-full-view-zk-20260912/lean/AspisV8R19/R660FullSourceResidualCorrection.lean,121,P17 P18 P19 P25 P27 P28 P29 P32,
docs/research/v8-full-view-zk-20260912/lean/AspisV8R19/R661TwoSwapMaskAddition.lean,98,P17 P18 P19 P25 P27 P28 P29 P32,
docs/research/v8-full-view-zk-20260912/lean/AspisV8R19/R662FullIndexedMaskPreservation.lean,82,P17 P18 P19 P25 P27 P28 P29 P32,
docs/research/v8-full-view-zk-20260912/lean/AspisV8R19/R663CombineWrapperExecution.lean,43,ORPHAN,refinement-deferred
docs/research/v8-full-view-zk-20260912/lean/AspisV8R19/R664FullMomentP2.lean,119,P17 P18 P19 P25 P27 P28 P29 P32,
docs/research/v8-full-view-zk-20260912/lean/AspisV8R19/R665FullSourceP2Boundary.lean,58,P17 P18 P19 P25 P27 P28 P29 P32,
docs/research/v8-full-view-zk-20260912/lean/AspisV8R19/R666PreservingSourceResidualCorrection.lean,64,P18 P19 P25 P27 P28 P29,
docs/research/v8-full-view-zk-20260912/lean/AspisV8R19/R669ResidualPairRepair.lean,118,P18 P19 P25 P27 P28 P29,
docs/research/v8-full-view-zk-20260912/lean/AspisV8R19/R670AllPointResidualRepair.lean,98,P18 P19 P25 P27 P28 P29,
docs/research/v8-full-view-zk-20260912/lean/AspisV8R19/R671WeakMomentResidualRepair.lean,166,ORPHAN,unused
docs/research/v8-full-view-zk-20260912/lean/AspisV8R19/R672FixedBetaWeakMomentRepair.lean,216,ORPHAN,unused
docs/research/v8-full-view-zk-20260912/lean/AspisV8R19/R674TermPartition.lean,14,ORPHAN,refinement-deferred
docs/research/v8-full-view-zk-20260912/lean/AspisV8R19/R675FullCorrectionMoments.lean,50,P19 P29,
docs/research/v8-full-view-zk-20260912/lean/AspisV8R19/R677C1ChunkCanonical.lean,38,ORPHAN,refinement-deferred
docs/research/v8-full-view-zk-20260912/lean/AspisV8R19/R678ArbitraryPointResidualRepair.lean,147,P19 P29,
docs/research/v8-full-view-zk-20260912/lean/AspisV8R19/R679GeneralResidualMoments.lean,72,P18 P19 P25 P27 P28 P29,
docs/research/v8-full-view-zk-20260912/lean/AspisV8R19/R680CoreQuotientSupport.lean,30,P18 P19 P25 P27 P29,
docs/research/v8-full-view-zk-20260912/lean/AspisV8R19/R681FullCoreCoinImage.lean,84,P18 P19 P25 P27 P29,
docs/research/v8-full-view-zk-20260912/lean/AspisV8R19/R682FullQueryNormalization.lean,93,P18 P19 P25 P27 P28 P29,
docs/research/v8-full-view-zk-20260912/lean/AspisV8R19/R683QueryCoreCoinImage.lean,71,P18 P19 P25 P27 P29,
docs/research/v8-full-view-zk-20260912/lean/AspisV8R19/R684FullSourceMomentIdentity.lean,35,P19 P29,
docs/research/v8-full-view-zk-20260912/lean/AspisV8R19/R685FullJointGImage.lean,220,P19 P29,
docs/research/v8-full-view-zk-20260912/lean/AspisV8R19/R686AllBetaJointGCorrection.lean,139,P19 P29,
docs/research/v8-full-view-zk-20260912/lean/AspisV8R19/R687CombineBetaComposition.lean,89,ORPHAN,refinement-deferred
docs/research/v8-full-view-zk-20260912/lean/AspisV8R19/R688CombineBetaFieldInterpretation.lean,252,ORPHAN,refinement-deferred
docs/research/v8-full-view-zk-20260912/lean/AspisV8R19/R689SelectedRootExponents.lean,118,ORPHAN,unused
docs/research/v8-full-view-zk-20260912/lean/AspisV8R19/R690CircleGeneratorCertificate.lean,342,ORPHAN,unused
docs/research/v8-full-view-zk-20260912/lean/AspisV8R19/R691CircleCosetRoots.lean,102,ORPHAN,unused
docs/research/v8-full-view-zk-20260912/lean/AspisV8R19/R696OptionTryExecution.lean,45,ORPHAN,refinement-deferred
docs/research/v8-full-view-zk-20260912/lean/AspisV8R19/R698ActiveCoreLayout.lean,272,P17 P18 P25 P26 P27 P28 P32,
docs/research/v8-full-view-zk-20260912/lean/AspisV8R19/R699SourceTopChordBoundary.lean,120,P17 P18 P25 P26 P27 P28 P32,
docs/research/v8-full-view-zk-20260912/lean/AspisV8R19/R700ActiveBlockInverse.lean,37,P17 P18 P25 P26 P27 P28 P32,
docs/research/v8-full-view-zk-20260912/lean/AspisV8R19/R702ActiveScalarEmbedding.lean,209,P17 P18 P25 P26 P27 P28 P32,
docs/research/v8-full-view-zk-20260912/lean/AspisV8R19/R703ActiveBlockMatrix.lean,48,P17 P18 P25 P26 P27 P28 P32,
docs/research/v8-full-view-zk-20260912/lean/AspisV8R19/R704LastRowDeterminant.lean,45,P17 P18 P25 P26 P27 P28 P32,
docs/research/v8-full-view-zk-20260912/lean/AspisV8R19/R705HighChordDeterminant.lean,58,P17 P18 P25 P26 P27 P28 P32,
docs/research/v8-full-view-zk-20260912/lean/AspisV8R19/R706ExtraActiveColumn.lean,70,P17 P18 P25 P26 P27 P28 P32,
docs/research/v8-full-view-zk-20260912/lean/AspisV8R19/R707FullActiveDeterminant.lean,117,P17 P18 P25 P26 P27 P28 P32,
docs/research/v8-full-view-zk-20260912/lean/AspisV8R19/R708ClearedCircleSubstitution.lean,80,P18 P25 P26 P27,
docs/research/v8-full-view-zk-20260912/lean/AspisV8R19/R709ChosenColumnBasis.lean,155,P18 P25 P26 P27,
docs/research/v8-full-view-zk-20260912/lean/AspisV8R19/R710SelectedActivePolynomial.lean,73,P17 P18 P25 P26 P27 P28 P32,
docs/research/v8-full-view-zk-20260912/lean/AspisV8R19/R711ActivePolynomialSlice.lean,44,P18 P25 P26 P27,
docs/research/v8-full-view-zk-20260912/lean/AspisV8R19/R712ClearedCircleEvaluation.lean,81,P18 P25 P26 P27,
docs/research/v8-full-view-zk-20260912/lean/AspisV8R19/R713FullActiveDegree.lean,35,P18 P25 P26 P27,
docs/research/v8-full-view-zk-20260912/lean/AspisV8R19/R714SelectedActiveNonzero.lean,76,P18 P25 P26 P27,
docs/research/v8-full-view-zk-20260912/lean/AspisV8R19/R716SelectedColumnFold.lean,89,P18 P25 P27,
docs/research/v8-full-view-zk-20260912/lean/AspisV8R19/R717SelectedCoreImage.lean,90,P18 P25 P27,
docs/research/v8-full-view-zk-20260912/lean/AspisV8R19/R720QueryActiveCoreImage.lean,145,P18 P25 P27,
docs/research/v8-full-view-zk-20260912/lean/AspisV8R19/R721SelectedRowLowerBound.lean,34,ORPHAN,unused
docs/research/v8-full-view-zk-20260912/lean/AspisV8R19/R723ActiveKernelSupport.lean,21,ORPHAN,unused
docs/research/v8-full-view-zk-20260912/lean/AspisV8R19/R724BlockOrderCase0.lean,12,P28,
docs/research/v8-full-view-zk-20260912/lean/AspisV8R19/R724BlockOrderChunk00.lean,387,P28,
docs/research/v8-full-view-zk-20260912/lean/AspisV8R19/R724BlockOrderChunk01.lean,393,P28,
docs/research/v8-full-view-zk-20260912/lean/AspisV8R19/R724BlockOrderChunk02.lean,393,P28,
docs/research/v8-full-view-zk-20260912/lean/AspisV8R19/R724BlockOrderChunk03.lean,393,P28,
docs/research/v8-full-view-zk-20260912/lean/AspisV8R19/R724BlockOrderChunk04.lean,393,P28,
docs/research/v8-full-view-zk-20260912/lean/AspisV8R19/R724BlockOrderChunk05.lean,393,P28,
docs/research/v8-full-view-zk-20260912/lean/AspisV8R19/R724BlockOrderChunk06.lean,369,P28,
docs/research/v8-full-view-zk-20260912/lean/AspisV8R19/R724BlockOrderMaps.lean,912,P28,
docs/research/v8-full-view-zk-20260912/lean/AspisV8R19/R725SevenCoefficientCompletion.lean,38,ORPHAN,unused
docs/research/v8-full-view-zk-20260912/lean/AspisV8R19/R726PointFactorIdentity.lean,64,ORPHAN,unused
docs/research/v8-full-view-zk-20260912/lean/AspisV8R19/R727TopBalance.lean,61,P18 P25 P27,
docs/research/v8-full-view-zk-20260912/lean/AspisV8R19/R728BalancedImageTails.lean,58,ORPHAN,unused
docs/research/v8-full-view-zk-20260912/lean/AspisV8R19/R729SelectedCircleTailBoundary.lean,38,ORPHAN,unused
docs/research/v8-full-view-zk-20260912/lean/AspisV8R19/R730CircleConversionSuccess.lean,35,ORPHAN,refinement-deferred
docs/research/v8-full-view-zk-20260912/lean/AspisV8R19/R732SelectedAbcNorm.lean,47,ORPHAN,refinement-deferred
docs/research/v8-full-view-zk-20260912/lean/AspisV8R19/R735SampledAbcNorm.lean,99,ORPHAN,refinement-deferred
docs/research/v8-full-view-zk-20260912/lean/AspisV8R19/R738JointObservationModel.lean,112,P17 P18 P27 P28 P32,
docs/research/v8-full-view-zk-20260912/lean/AspisV8R19/R739AugmentedQuery256.lean,108,P18 P27 P28,
docs/research/v8-full-view-zk-20260912/lean/AspisV8R19/R740SparsePointObservation.lean,71,P17 P18 P27 P28 P32,
docs/research/v8-full-view-zk-20260912/lean/AspisV8R19/R741SparseCoefficientObservation.lean,100,P18 P27 P28,
docs/research/v8-full-view-zk-20260912/lean/AspisV8R19/R742SourceObservationHom.lean,125,P18 P27 P28,
docs/research/v8-full-view-zk-20260912/lean/AspisV8R19/R743JointSparseEntryBinding.lean,90,P18 P27 P28,
docs/research/v8-full-view-zk-20260912/lean/AspisV8R19/R744JointEntryHom.lean,53,P18 P27 P28,
docs/research/v8-full-view-zk-20260912/lean/AspisV8R19/R745JointObservationPolynomial.lean,142,P18 P27 P28,
docs/research/v8-full-view-zk-20260912/lean/AspisV8R19/R746SelectedJointMinor.lean,68,P18 P27 P28,
docs/research/v8-full-view-zk-20260912/lean/AspisV8R19/R747JointBlock39Preflight.lean,104,P28,
docs/research/v8-full-view-zk-20260912/lean/AspisV8R19/R748FiniteGatherSchedules.lean,105,P28,
docs/research/v8-full-view-zk-20260912/lean/AspisV8R19/R748GatherExpand00.lean,209,P28,
docs/research/v8-full-view-zk-20260912/lean/AspisV8R19/R748GatherExpand01.lean,210,P28,
docs/research/v8-full-view-zk-20260912/lean/AspisV8R19/R748GatherExpand02.lean,211,P28,
docs/research/v8-full-view-zk-20260912/lean/AspisV8R19/R748GatherExpand03.lean,212,P28,
docs/research/v8-full-view-zk-20260912/lean/AspisV8R19/R748GatherExpand04.lean,213,P28,
docs/research/v8-full-view-zk-20260912/lean/AspisV8R19/R748GatherExpand05.lean,214,P28,
docs/research/v8-full-view-zk-20260912/lean/AspisV8R19/R748GatherExpand06.lean,215,P28,
docs/research/v8-full-view-zk-20260912/lean/AspisV8R19/R748GatherExpand07.lean,66,P28,
docs/research/v8-full-view-zk-20260912/lean/AspisV8R19/R748GatherLoop00.lean,106,P28,
docs/research/v8-full-view-zk-20260912/lean/AspisV8R19/R748GatherLoop01.lean,106,P28,
docs/research/v8-full-view-zk-20260912/lean/AspisV8R19/R748GatherLoop02.lean,106,P28,
docs/research/v8-full-view-zk-20260912/lean/AspisV8R19/R748GatherLoop03.lean,107,P28,
docs/research/v8-full-view-zk-20260912/lean/AspisV8R19/R748GatherLoop04.lean,108,P28,
docs/research/v8-full-view-zk-20260912/lean/AspisV8R19/R748GatherLoop05.lean,109,P28,
docs/research/v8-full-view-zk-20260912/lean/AspisV8R19/R748GatherLoop06.lean,110,P28,
docs/research/v8-full-view-zk-20260912/lean/AspisV8R19/R748GatherLoop07.lean,30,P28,
docs/research/v8-full-view-zk-20260912/lean/AspisV8R19/R748GatherNested00.lean,185,P28,
docs/research/v8-full-view-zk-20260912/lean/AspisV8R19/R748GatherNested01.lean,186,P28,
docs/research/v8-full-view-zk-20260912/lean/AspisV8R19/R748GatherNested02.lean,187,P28,
docs/research/v8-full-view-zk-20260912/lean/AspisV8R19/R748GatherNested03.lean,188,P28,
docs/research/v8-full-view-zk-20260912/lean/AspisV8R19/R748GatherNested04.lean,139,P28,
docs/research/v8-full-view-zk-20260912/lean/AspisV8R19/R748JointWitnessPointEntry.lean,449,P28,
docs/research/v8-full-view-zk-20260912/lean/AspisV8R19/R748SchedulePrototype.lean,83,P28,
docs/research/v8-full-view-zk-20260912/lean/AspisV8R19/R749JointBlock39Row28.lean,209,P28,
docs/research/v8-full-view-zk-20260912/lean/AspisV8R19/R750JointBlock39Rows01.lean,811,P28,
docs/research/v8-full-view-zk-20260912/lean/AspisV8R19/R750JointBlock39Rows02.lean,811,P28,
docs/research/v8-full-view-zk-20260912/lean/AspisV8R19/R750JointBlock39Rows03.lean,811,P28,
docs/research/v8-full-view-zk-20260912/lean/AspisV8R19/R750JointBlock39Rows04.lean,811,P28,
docs/research/v8-full-view-zk-20260912/lean/AspisV8R19/R750JointBlock39Rows05.lean,811,P28,
docs/research/v8-full-view-zk-20260912/lean/AspisV8R19/R750JointBlock39Rows06.lean,811,P28,
docs/research/v8-full-view-zk-20260912/lean/AspisV8R19/R750JointBlock39Rows07.lean,811,P28,
docs/research/v8-full-view-zk-20260912/lean/AspisV8R19/R750JointBlock39Rows08.lean,811,P28,
docs/research/v8-full-view-zk-20260912/lean/AspisV8R19/R750JointBlock39Rows09.lean,811,P28,
docs/research/v8-full-view-zk-20260912/lean/AspisV8R19/R750JointBlock39Rows10.lean,409,P28,
docs/research/v8-full-view-zk-20260912/lean/AspisV8R19/R750WitnessPointSupport.lean,57,P28,
docs/research/v8-full-view-zk-20260912/lean/AspisV8R19/R751JointBlock39Inverse.lean,73,P28,
docs/research/v8-full-view-zk-20260912/lean/AspisV8R19/R752SCC00Inverse.lean,68,P28,
docs/research/v8-full-view-zk-20260912/lean/AspisV8R19/R752SCC00Matrix.lean,27,P28,
docs/research/v8-full-view-zk-20260912/lean/AspisV8R19/R752SCC00Rows01.lean,172,P28,
docs/research/v8-full-view-zk-20260912/lean/AspisV8R19/R752SCC00Rows02.lean,90,P28,
docs/research/v8-full-view-zk-20260912/lean/AspisV8R19/R752SCC01Inverse.lean,27,P28,
docs/research/v8-full-view-zk-20260912/lean/AspisV8R19/R752SCC01Matrix.lean,17,P28,
docs/research/v8-full-view-zk-20260912/lean/AspisV8R19/R752SCC01Rows01.lean,19,P28,
docs/research/v8-full-view-zk-20260912/lean/AspisV8R19/R752SCC02Inverse.lean,37,P28,
docs/research/v8-full-view-zk-20260912/lean/AspisV8R19/R752SCC02Matrix.lean,21,P28,
docs/research/v8-full-view-zk-20260912/lean/AspisV8R19/R752SCC02Rows01.lean,77,P28,
docs/research/v8-full-view-zk-20260912/lean/AspisV8R19/R752SCC03Inverse.lean,98,P28,
docs/research/v8-full-view-zk-20260912/lean/AspisV8R19/R752SCC03Matrix.lean,31,P28,
docs/research/v8-full-view-zk-20260912/lean/AspisV8R19/R752SCC03Rows01.lean,220,P28,
docs/research/v8-full-view-zk-20260912/lean/AspisV8R19/R752SCC03Rows02.lean,220,P28,
docs/research/v8-full-view-zk-20260912/lean/AspisV8R19/R752SCC04Inverse.lean,300,P28,
docs/research/v8-full-view-zk-20260912/lean/AspisV8R19/R752SCC04Matrix.lean,47,P28,
docs/research/v8-full-view-zk-20260912/lean/AspisV8R19/R752SCC04Rows01.lean,412,P28,
docs/research/v8-full-view-zk-20260912/lean/AspisV8R19/R752SCC04Rows02.lean,412,P28,
docs/research/v8-full-view-zk-20260912/lean/AspisV8R19/R752SCC04Rows03.lean,412,P28,
docs/research/v8-full-view-zk-20260912/lean/AspisV8R19/R752SCC04Rows04.lean,412,P28,
docs/research/v8-full-view-zk-20260912/lean/AspisV8R19/R752SCC05Inverse.lean,27,P28,
docs/research/v8-full-view-zk-20260912/lean/AspisV8R19/R752SCC05Matrix.lean,17,P28,
docs/research/v8-full-view-zk-20260912/lean/AspisV8R19/R752SCC05Rows01.lean,19,P28,
docs/research/v8-full-view-zk-20260912/lean/AspisV8R19/R752SCC07Inverse.lean,31,P28,
docs/research/v8-full-view-zk-20260912/lean/AspisV8R19/R752SCC07Matrix.lean,19,P28,
docs/research/v8-full-view-zk-20260912/lean/AspisV8R19/R752SCC07Rows01.lean,42,P28,
docs/research/v8-full-view-zk-20260912/lean/AspisV8R19/R752SCC08Inverse.lean,98,P28,
docs/research/v8-full-view-zk-20260912/lean/AspisV8R19/R752SCC08Matrix.lean,31,P28,
docs/research/v8-full-view-zk-20260912/lean/AspisV8R19/R752SCC08Rows01.lean,220,P28,
docs/research/v8-full-view-zk-20260912/lean/AspisV8R19/R752SCC08Rows02.lean,220,P28,
docs/research/v8-full-view-zk-20260912/lean/AspisV8R19/R752SCC09Inverse.lean,300,P28,
docs/research/v8-full-view-zk-20260912/lean/AspisV8R19/R752SCC09Matrix.lean,47,P28,
docs/research/v8-full-view-zk-20260912/lean/AspisV8R19/R752SCC09Rows01.lean,412,P28,
docs/research/v8-full-view-zk-20260912/lean/AspisV8R19/R752SCC09Rows02.lean,412,P28,
docs/research/v8-full-view-zk-20260912/lean/AspisV8R19/R752SCC09Rows03.lean,412,P28,
docs/research/v8-full-view-zk-20260912/lean/AspisV8R19/R752SCC09Rows04.lean,412,P28,
docs/research/v8-full-view-zk-20260912/lean/AspisV8R19/R752SCC10Inverse.lean,27,P28,
docs/research/v8-full-view-zk-20260912/lean/AspisV8R19/R752SCC10Matrix.lean,17,P28,
docs/research/v8-full-view-zk-20260912/lean/AspisV8R19/R752SCC10Rows01.lean,19,P28,
docs/research/v8-full-view-zk-20260912/lean/AspisV8R19/R752SCC11Inverse.lean,45,P28,
docs/research/v8-full-view-zk-20260912/lean/AspisV8R19/R752SCC11Matrix.lean,23,P28,
docs/research/v8-full-view-zk-20260912/lean/AspisV8R19/R752SCC11Rows01.lean,124,P28,
docs/research/v8-full-view-zk-20260912/lean/AspisV8R19/R752SCC12Inverse.lean,300,P28,
docs/research/v8-full-view-zk-20260912/lean/AspisV8R19/R752SCC12Matrix.lean,47,P28,
docs/research/v8-full-view-zk-20260912/lean/AspisV8R19/R752SCC12Rows01.lean,412,P28,
docs/research/v8-full-view-zk-20260912/lean/AspisV8R19/R752SCC12Rows02.lean,412,P28,
docs/research/v8-full-view-zk-20260912/lean/AspisV8R19/R752SCC12Rows03.lean,412,P28,
docs/research/v8-full-view-zk-20260912/lean/AspisV8R19/R752SCC12Rows04.lean,412,P28,
docs/research/v8-full-view-zk-20260912/lean/AspisV8R19/R752SCC13Inverse.lean,45,P28,
docs/research/v8-full-view-zk-20260912/lean/AspisV8R19/R752SCC13Matrix.lean,23,P28,
docs/research/v8-full-view-zk-20260912/lean/AspisV8R19/R752SCC13Rows01.lean,124,P28,
docs/research/v8-full-view-zk-20260912/lean/AspisV8R19/R752SCC14Inverse.lean,27,P28,
docs/research/v8-full-view-zk-20260912/lean/AspisV8R19/R752SCC14Matrix.lean,17,P28,
docs/research/v8-full-view-zk-20260912/lean/AspisV8R19/R752SCC14Rows01.lean,19,P28,
docs/research/v8-full-view-zk-20260912/lean/AspisV8R19/R752SCC15Inverse.lean,45,P28,
docs/research/v8-full-view-zk-20260912/lean/AspisV8R19/R752SCC15Matrix.lean,23,P28,
docs/research/v8-full-view-zk-20260912/lean/AspisV8R19/R752SCC15Rows01.lean,124,P28,
docs/research/v8-full-view-zk-20260912/lean/AspisV8R19/R752SCC16Inverse.lean,31,P28,
docs/research/v8-full-view-zk-20260912/lean/AspisV8R19/R752SCC16Matrix.lean,19,P28,
docs/research/v8-full-view-zk-20260912/lean/AspisV8R19/R752SCC16Rows01.lean,42,P28,
docs/research/v8-full-view-zk-20260912/lean/AspisV8R19/R752SCC17Inverse.lean,27,P28,
docs/research/v8-full-view-zk-20260912/lean/AspisV8R19/R752SCC17Matrix.lean,17,P28,
docs/research/v8-full-view-zk-20260912/lean/AspisV8R19/R752SCC17Rows01.lean,19,P28,
docs/research/v8-full-view-zk-20260912/lean/AspisV8R19/R752SCC18Inverse.lean,31,P28,
docs/research/v8-full-view-zk-20260912/lean/AspisV8R19/R752SCC18Matrix.lean,19,P28,
docs/research/v8-full-view-zk-20260912/lean/AspisV8R19/R752SCC18Rows01.lean,42,P28,
docs/research/v8-full-view-zk-20260912/lean/AspisV8R19/R752SCC19Inverse.lean,45,P28,
docs/research/v8-full-view-zk-20260912/lean/AspisV8R19/R752SCC19Matrix.lean,23,P28,
docs/research/v8-full-view-zk-20260912/lean/AspisV8R19/R752SCC19Rows01.lean,124,P28,
docs/research/v8-full-view-zk-20260912/lean/AspisV8R19/R752SCC20Inverse.lean,31,P28,
docs/research/v8-full-view-zk-20260912/lean/AspisV8R19/R752SCC20Matrix.lean,19,P28,
docs/research/v8-full-view-zk-20260912/lean/AspisV8R19/R752SCC20Rows01.lean,42,P28,
docs/research/v8-full-view-zk-20260912/lean/AspisV8R19/R752SCC21Inverse.lean,27,P28,
docs/research/v8-full-view-zk-20260912/lean/AspisV8R19/R752SCC21Matrix.lean,17,P28,
docs/research/v8-full-view-zk-20260912/lean/AspisV8R19/R752SCC21Rows01.lean,19,P28,
docs/research/v8-full-view-zk-20260912/lean/AspisV8R19/R752SCC22Inverse.lean,98,P28,
docs/research/v8-full-view-zk-20260912/lean/AspisV8R19/R752SCC22Matrix.lean,31,P28,
docs/research/v8-full-view-zk-20260912/lean/AspisV8R19/R752SCC22Rows01.lean,220,P28,
docs/research/v8-full-view-zk-20260912/lean/AspisV8R19/R752SCC22Rows02.lean,220,P28,
docs/research/v8-full-view-zk-20260912/lean/AspisV8R19/R752SCC23Inverse.lean,31,P28,
docs/research/v8-full-view-zk-20260912/lean/AspisV8R19/R752SCC23Matrix.lean,19,P28,
docs/research/v8-full-view-zk-20260912/lean/AspisV8R19/R752SCC23Rows01.lean,42,P28,
docs/research/v8-full-view-zk-20260912/lean/AspisV8R19/R752SCC24Inverse.lean,31,P28,
docs/research/v8-full-view-zk-20260912/lean/AspisV8R19/R752SCC24Matrix.lean,19,P28,
docs/research/v8-full-view-zk-20260912/lean/AspisV8R19/R752SCC24Rows01.lean,42,P28,
docs/research/v8-full-view-zk-20260912/lean/AspisV8R19/R752SCC25Inverse.lean,31,P28,
docs/research/v8-full-view-zk-20260912/lean/AspisV8R19/R752SCC25Matrix.lean,19,P28,
docs/research/v8-full-view-zk-20260912/lean/AspisV8R19/R752SCC25Rows01.lean,42,P28,
docs/research/v8-full-view-zk-20260912/lean/AspisV8R19/R752SCC26Inverse.lean,27,P28,
docs/research/v8-full-view-zk-20260912/lean/AspisV8R19/R752SCC26Matrix.lean,17,P28,
docs/research/v8-full-view-zk-20260912/lean/AspisV8R19/R752SCC26Rows01.lean,19,P28,
docs/research/v8-full-view-zk-20260912/lean/AspisV8R19/R752SCC27Inverse.lean,45,P28,
docs/research/v8-full-view-zk-20260912/lean/AspisV8R19/R752SCC27Matrix.lean,23,P28,
docs/research/v8-full-view-zk-20260912/lean/AspisV8R19/R752SCC27Rows01.lean,124,P28,
docs/research/v8-full-view-zk-20260912/lean/AspisV8R19/R752SCC28Inverse.lean,31,P28,
docs/research/v8-full-view-zk-20260912/lean/AspisV8R19/R752SCC28Matrix.lean,19,P28,
docs/research/v8-full-view-zk-20260912/lean/AspisV8R19/R752SCC28Rows01.lean,42,P28,
docs/research/v8-full-view-zk-20260912/lean/AspisV8R19/R752SCC29Inverse.lean,27,P28,
docs/research/v8-full-view-zk-20260912/lean/AspisV8R19/R752SCC29Matrix.lean,17,P28,
docs/research/v8-full-view-zk-20260912/lean/AspisV8R19/R752SCC29Rows01.lean,19,P28,
docs/research/v8-full-view-zk-20260912/lean/AspisV8R19/R752SCC30Inverse.lean,31,P28,
docs/research/v8-full-view-zk-20260912/lean/AspisV8R19/R752SCC30Matrix.lean,19,P28,
docs/research/v8-full-view-zk-20260912/lean/AspisV8R19/R752SCC30Rows01.lean,42,P28,
docs/research/v8-full-view-zk-20260912/lean/AspisV8R19/R752SCC31Inverse.lean,31,P28,
docs/research/v8-full-view-zk-20260912/lean/AspisV8R19/R752SCC31Matrix.lean,19,P28,
docs/research/v8-full-view-zk-20260912/lean/AspisV8R19/R752SCC31Rows01.lean,42,P28,
docs/research/v8-full-view-zk-20260912/lean/AspisV8R19/R752SCC32Inverse.lean,98,P28,
docs/research/v8-full-view-zk-20260912/lean/AspisV8R19/R752SCC32Matrix.lean,31,P28,
docs/research/v8-full-view-zk-20260912/lean/AspisV8R19/R752SCC32Rows01.lean,220,P28,
docs/research/v8-full-view-zk-20260912/lean/AspisV8R19/R752SCC32Rows02.lean,220,P28,
docs/research/v8-full-view-zk-20260912/lean/AspisV8R19/R752SCC33Inverse.lean,98,P28,
docs/research/v8-full-view-zk-20260912/lean/AspisV8R19/R752SCC33Matrix.lean,31,P28,
docs/research/v8-full-view-zk-20260912/lean/AspisV8R19/R752SCC33Rows01.lean,220,P28,
docs/research/v8-full-view-zk-20260912/lean/AspisV8R19/R752SCC33Rows02.lean,220,P28,
docs/research/v8-full-view-zk-20260912/lean/AspisV8R19/R752SCC34Inverse.lean,45,P28,
docs/research/v8-full-view-zk-20260912/lean/AspisV8R19/R752SCC34Matrix.lean,23,P28,
docs/research/v8-full-view-zk-20260912/lean/AspisV8R19/R752SCC34Rows01.lean,124,P28,
docs/research/v8-full-view-zk-20260912/lean/AspisV8R19/R752SCC35Inverse.lean,31,P28,
docs/research/v8-full-view-zk-20260912/lean/AspisV8R19/R752SCC35Matrix.lean,19,P28,
docs/research/v8-full-view-zk-20260912/lean/AspisV8R19/R752SCC35Rows01.lean,42,P28,
docs/research/v8-full-view-zk-20260912/lean/AspisV8R19/R752SCC36Inverse.lean,37,P28,
docs/research/v8-full-view-zk-20260912/lean/AspisV8R19/R752SCC36Matrix.lean,21,P28,
docs/research/v8-full-view-zk-20260912/lean/AspisV8R19/R752SCC36Rows01.lean,77,P28,
docs/research/v8-full-view-zk-20260912/lean/AspisV8R19/R752SCC37Inverse.lean,45,P28,
docs/research/v8-full-view-zk-20260912/lean/AspisV8R19/R752SCC37Matrix.lean,23,P28,
docs/research/v8-full-view-zk-20260912/lean/AspisV8R19/R752SCC37Rows01.lean,124,P28,
docs/research/v8-full-view-zk-20260912/lean/AspisV8R19/R752SCC38Inverse.lean,98,P28,
docs/research/v8-full-view-zk-20260912/lean/AspisV8R19/R752SCC38Matrix.lean,31,P28,
docs/research/v8-full-view-zk-20260912/lean/AspisV8R19/R752SCC38Rows01.lean,220,P28,
docs/research/v8-full-view-zk-20260912/lean/AspisV8R19/R752SCC38Rows02.lean,220,P28,
docs/research/v8-full-view-zk-20260912/lean/AspisV8R19/R752SCC39Inverse.lean,300,P28,
docs/research/v8-full-view-zk-20260912/lean/AspisV8R19/R752SCC39Matrix.lean,47,P28,
docs/research/v8-full-view-zk-20260912/lean/AspisV8R19/R752SCC39Rows01.lean,412,P28,
docs/research/v8-full-view-zk-20260912/lean/AspisV8R19/R752SCC39Rows02.lean,412,P28,
docs/research/v8-full-view-zk-20260912/lean/AspisV8R19/R752SCC39Rows03.lean,412,P28,
docs/research/v8-full-view-zk-20260912/lean/AspisV8R19/R752SCC39Rows04.lean,412,P28,
docs/research/v8-full-view-zk-20260912/lean/AspisV8R19/R752SCC40Inverse.lean,27,P28,
docs/research/v8-full-view-zk-20260912/lean/AspisV8R19/R752SCC40Matrix.lean,17,P28,
docs/research/v8-full-view-zk-20260912/lean/AspisV8R19/R752SCC40Rows01.lean,19,P28,
docs/research/v8-full-view-zk-20260912/lean/AspisV8R19/R752SharedWitnessPointSupport.lean,95,P28,
docs/research/v8-full-view-zk-20260912/lean/AspisV8R19/R753Point1BasisChunk00.lean,202,P28,
docs/research/v8-full-view-zk-20260912/lean/AspisV8R19/R753Point1BasisChunk01.lean,202,P28,
docs/research/v8-full-view-zk-20260912/lean/AspisV8R19/R753Point1BasisChunk02.lean,202,P28,
docs/research/v8-full-view-zk-20260912/lean/AspisV8R19/R753Point1BasisChunk03.lean,202,P28,
docs/research/v8-full-view-zk-20260912/lean/AspisV8R19/R753Point1BasisChunk04.lean,202,P28,
docs/research/v8-full-view-zk-20260912/lean/AspisV8R19/R753Point1BasisChunk05.lean,202,P28,
docs/research/v8-full-view-zk-20260912/lean/AspisV8R19/R753Point1BasisChunk06.lean,34,P28,
docs/research/v8-full-view-zk-20260912/lean/AspisV8R19/R754Point1GuardedTransport.lean,52,P28,
docs/research/v8-full-view-zk-20260912/lean/AspisV8R19/R755Point1BasisTransport.lean,28,P28,
docs/research/v8-full-view-zk-20260912/lean/AspisV8R19/R758NormalizedLowRepair.lean,35,P18 P27 P28,
docs/research/v8-full-view-zk-20260912/lean/AspisV8R19/R759Point1TransportChunk00.lean,676,P28,
docs/research/v8-full-view-zk-20260912/lean/AspisV8R19/R759Point1TransportChunk01.lean,687,P28,
docs/research/v8-full-view-zk-20260912/lean/AspisV8R19/R759Point1TransportChunk02.lean,685,P28,
docs/research/v8-full-view-zk-20260912/lean/AspisV8R19/R759Point1TransportChunk03.lean,683,P28,
docs/research/v8-full-view-zk-20260912/lean/AspisV8R19/R759Point1TransportChunk04.lean,685,P28,
docs/research/v8-full-view-zk-20260912/lean/AspisV8R19/R759Point1TransportChunk05.lean,688,P28,
docs/research/v8-full-view-zk-20260912/lean/AspisV8R19/R759Point1TransportChunk06.lean,99,P28,
docs/research/v8-full-view-zk-20260912/lean/AspisV8R19/R760PointWeightChunk00.lean,741,P28,
docs/research/v8-full-view-zk-20260912/lean/AspisV8R19/R760PointWeightChunk01.lean,740,P28,
docs/research/v8-full-view-zk-20260912/lean/AspisV8R19/R760PointWeightChunk02.lean,739,P28,
docs/research/v8-full-view-zk-20260912/lean/AspisV8R19/R760PointWeightChunk03.lean,748,P28,
docs/research/v8-full-view-zk-20260912/lean/AspisV8R19/R760PointWeightChunk04.lean,750,P28,
docs/research/v8-full-view-zk-20260912/lean/AspisV8R19/R760PointWeightChunk05.lean,750,P28,
docs/research/v8-full-view-zk-20260912/lean/AspisV8R19/R760PointWeightChunk06.lean,742,P28,
docs/research/v8-full-view-zk-20260912/lean/AspisV8R19/R760PointWeightChunk07.lean,742,P28,
docs/research/v8-full-view-zk-20260912/lean/AspisV8R19/R760PointWeightChunk08.lean,740,P28,
docs/research/v8-full-view-zk-20260912/lean/AspisV8R19/R760PointWeightChunk09.lean,739,P28,
docs/research/v8-full-view-zk-20260912/lean/AspisV8R19/R760PointWeightChunk10.lean,444,P28,
docs/research/v8-full-view-zk-20260912/lean/AspisV8R19/R760PointWeightPrototype.lean,79,P28,
docs/research/v8-full-view-zk-20260912/lean/AspisV8R19/R762LiteralBlockProduct.lean,337,ORPHAN,unused
docs/research/v8-full-view-zk-20260912/lean/AspisV8R19/R764RawJointWeights.lean,78,P18 P27 P28,
docs/research/v8-full-view-zk-20260912/lean/AspisV8R19/R765NormalizedJointRepair.lean,61,P18 P27 P28,
docs/research/v8-full-view-zk-20260912/lean/AspisV8R19/R766BlockOrderEquivalences.lean,940,P28,
docs/research/v8-full-view-zk-20260912/lean/AspisV8R19/R767NormalizedSparseEntry.lean,62,P18 P27 P28,
docs/research/v8-full-view-zk-20260912/lean/AspisV8R19/R768Point02BasisLeaves.lean,32,P28,
docs/research/v8-full-view-zk-20260912/lean/AspisV8R19/R768Point02LeavesChunk00.lean,268,P28,
docs/research/v8-full-view-zk-20260912/lean/AspisV8R19/R768Point02LeavesChunk01.lean,268,P28,
docs/research/v8-full-view-zk-20260912/lean/AspisV8R19/R768Point02LeavesChunk02.lean,268,P28,
docs/research/v8-full-view-zk-20260912/lean/AspisV8R19/R768Point02LeavesChunk03.lean,268,P28,
docs/research/v8-full-view-zk-20260912/lean/AspisV8R19/R768Point02LeavesChunk04.lean,268,P28,
docs/research/v8-full-view-zk-20260912/lean/AspisV8R19/R768Point02LeavesChunk05.lean,268,P28,
docs/research/v8-full-view-zk-20260912/lean/AspisV8R19/R768Point02LeavesChunk06.lean,60,P28,
docs/research/v8-full-view-zk-20260912/lean/AspisV8R19/R769Point1SelectedChunk00.lean,319,ORPHAN,generated-chunk-of:AspisV8R19/R769Point1SelectedEntry.lean
docs/research/v8-full-view-zk-20260912/lean/AspisV8R19/R769Point1SelectedChunk01.lean,319,ORPHAN,generated-chunk-of:AspisV8R19/R769Point1SelectedEntry.lean
docs/research/v8-full-view-zk-20260912/lean/AspisV8R19/R769Point1SelectedChunk02.lean,319,ORPHAN,generated-chunk-of:AspisV8R19/R769Point1SelectedEntry.lean
docs/research/v8-full-view-zk-20260912/lean/AspisV8R19/R769Point1SelectedChunk03.lean,319,ORPHAN,generated-chunk-of:AspisV8R19/R769Point1SelectedEntry.lean
docs/research/v8-full-view-zk-20260912/lean/AspisV8R19/R769Point1SelectedChunk04.lean,319,ORPHAN,generated-chunk-of:AspisV8R19/R769Point1SelectedEntry.lean
docs/research/v8-full-view-zk-20260912/lean/AspisV8R19/R769Point1SelectedChunk05.lean,319,ORPHAN,generated-chunk-of:AspisV8R19/R769Point1SelectedEntry.lean
docs/research/v8-full-view-zk-20260912/lean/AspisV8R19/R769Point1SelectedChunk06.lean,283,P28,
docs/research/v8-full-view-zk-20260912/lean/AspisV8R19/R769Point1SelectedEntry.lean,33,ORPHAN,unused
docs/research/v8-full-view-zk-20260912/lean/AspisV8R19/R770NormalizedPairKernel.lean,61,P18 P27,
docs/research/v8-full-view-zk-20260912/lean/AspisV8R19/R771Point02Transport.lean,56,P28,
docs/research/v8-full-view-zk-20260912/lean/AspisV8R19/R772Point02DualLeaves.lean,75,P28,
docs/research/v8-full-view-zk-20260912/lean/AspisV8R19/R772Point02DualLeavesChunk00.lean,342,P28,
docs/research/v8-full-view-zk-20260912/lean/AspisV8R19/R772Point02DualLeavesChunk01.lean,342,P28,
docs/research/v8-full-view-zk-20260912/lean/AspisV8R19/R772Point02DualLeavesChunk02.lean,342,P28,
docs/research/v8-full-view-zk-20260912/lean/AspisV8R19/R772Point02DualLeavesChunk03.lean,342,P28,
docs/research/v8-full-view-zk-20260912/lean/AspisV8R19/R772Point02DualLeavesChunk04.lean,342,P28,
docs/research/v8-full-view-zk-20260912/lean/AspisV8R19/R772Point02DualLeavesChunk05.lean,342,P28,
docs/research/v8-full-view-zk-20260912/lean/AspisV8R19/R772Point02DualLeavesChunk06.lean,342,P28,
docs/research/v8-full-view-zk-20260912/lean/AspisV8R19/R772Point02DualLeavesChunk07.lean,342,ORPHAN,generated-chunk-of:AspisV8R19/R780Point02WeightSharedChunk06.lean
docs/research/v8-full-view-zk-20260912/lean/AspisV8R19/R772Point02DualLeavesChunk08.lean,342,ORPHAN,generated-chunk-of:AspisV8R19/R780Point02WeightSharedChunk07.lean
docs/research/v8-full-view-zk-20260912/lean/AspisV8R19/R772Point02DualLeavesChunk09.lean,342,ORPHAN,generated-chunk-of:AspisV8R19/R780Point02WeightSharedChunk08.lean
docs/research/v8-full-view-zk-20260912/lean/AspisV8R19/R772Point02DualLeavesChunk10.lean,342,P28,
docs/research/v8-full-view-zk-20260912/lean/AspisV8R19/R772Point02DualLeavesChunk11.lean,342,ORPHAN,generated-chunk-of:AspisV8R19/R780Point02WeightSharedChunk10.lean
docs/research/v8-full-view-zk-20260912/lean/AspisV8R19/R772Point02DualLeavesChunk12.lean,342,ORPHAN,generated-chunk-of:AspisV8R19/R780Point02WeightSharedChunk12.lean
docs/research/v8-full-view-zk-20260912/lean/AspisV8R19/R772Point02DualLeavesChunk13.lean,342,ORPHAN,generated-chunk-of:AspisV8R19/R780Point02WeightSharedChunk12.lean
docs/research/v8-full-view-zk-20260912/lean/AspisV8R19/R772Point02DualLeavesChunk14.lean,342,ORPHAN,generated-chunk-of:AspisV8R19/R780Point02WeightSharedChunk13.lean
docs/research/v8-full-view-zk-20260912/lean/AspisV8R19/R772Point02DualLeavesChunk15.lean,342,P28,
docs/research/v8-full-view-zk-20260912/lean/AspisV8R19/R772Point02DualLeavesChunk16.lean,342,P28,
docs/research/v8-full-view-zk-20260912/lean/AspisV8R19/R772Point02DualLeavesChunk17.lean,342,P28,
docs/research/v8-full-view-zk-20260912/lean/AspisV8R19/R772Point02DualLeavesChunk18.lean,342,P28,
docs/research/v8-full-view-zk-20260912/lean/AspisV8R19/R772Point02DualLeavesChunk19.lean,342,P28,
docs/research/v8-full-view-zk-20260912/lean/AspisV8R19/R772Point02DualLeavesChunk20.lean,342,ORPHAN,generated-chunk-of:AspisV8R19/R780Point02WeightSharedChunk06.lean
docs/research/v8-full-view-zk-20260912/lean/AspisV8R19/R772Point02DualLeavesChunk21.lean,342,ORPHAN,generated-chunk-of:AspisV8R19/R780Point02WeightSharedChunk07.lean
docs/research/v8-full-view-zk-20260912/lean/AspisV8R19/R772Point02DualLeavesChunk22.lean,342,ORPHAN,generated-chunk-of:AspisV8R19/R780Point02WeightSharedChunk09.lean
docs/research/v8-full-view-zk-20260912/lean/AspisV8R19/R772Point02DualLeavesChunk23.lean,342,ORPHAN,generated-chunk-of:AspisV8R19/R780Point02WeightSharedChunk11.lean
docs/research/v8-full-view-zk-20260912/lean/AspisV8R19/R772Point02DualLeavesChunk24.lean,342,ORPHAN,generated-chunk-of:AspisV8R19/R780Point02WeightSharedChunk12.lean
docs/research/v8-full-view-zk-20260912/lean/AspisV8R19/R772Point02DualLeavesChunk25.lean,342,ORPHAN,generated-chunk-of:AspisV8R19/R780Point02WeightSharedChunk14.lean
docs/research/v8-full-view-zk-20260912/lean/AspisV8R19/R772Point02DualLeavesChunk26.lean,342,P28,
docs/research/v8-full-view-zk-20260912/lean/AspisV8R19/R772Point02DualLeavesChunk27.lean,342,P28,
docs/research/v8-full-view-zk-20260912/lean/AspisV8R19/R772Point02DualLeavesChunk28.lean,342,P28,
docs/research/v8-full-view-zk-20260912/lean/AspisV8R19/R772Point02DualLeavesChunk29.lean,342,P28,
docs/research/v8-full-view-zk-20260912/lean/AspisV8R19/R772Point02DualLeavesChunk30.lean,342,P28,
docs/research/v8-full-view-zk-20260912/lean/AspisV8R19/R772Point02DualLeavesChunk31.lean,342,ORPHAN,generated-chunk-of:AspisV8R19/R780Point02WeightSharedChunk11.lean
docs/research/v8-full-view-zk-20260912/lean/AspisV8R19/R772Point02DualLeavesChunk32.lean,122,ORPHAN,generated-chunk-of:AspisV8R19/R780Point02WeightSharedChunk15.lean
docs/research/v8-full-view-zk-20260912/lean/AspisV8R19/R773LowActiveKernel.lean,115,P18 P27 P28,
docs/research/v8-full-view-zk-20260912/lean/AspisV8R19/R774WeightedScheduleMass.lean,58,P28,
docs/research/v8-full-view-zk-20260912/lean/AspisV8R19/R775GatherUnitChordBridge.lean,53,P17 P18 P27 P28 P32,
docs/research/v8-full-view-zk-20260912/lean/AspisV8R19/R776LowPoint1Transport.lean,30,P28,
docs/research/v8-full-view-zk-20260912/lean/AspisV8R19/R777GatherConstantOnTargets.lean,45,P28,
docs/research/v8-full-view-zk-20260912/lean/AspisV8R19/R778ActiveEntryPrototype.lean,104,P28,
docs/research/v8-full-view-zk-20260912/lean/AspisV8R19/R779FixedPoint1LowKernel.lean,149,P28,
docs/research/v8-full-view-zk-20260912/lean/AspisV8R19/R780Point02WeightChunk00P0.lean,112,P28,
docs/research/v8-full-view-zk-20260912/lean/AspisV8R19/R780Point02WeightChunk00P2.lean,112,P28,
docs/research/v8-full-view-zk-20260912/lean/AspisV8R19/R780Point02WeightChunk01P0.lean,112,P28,
docs/research/v8-full-view-zk-20260912/lean/AspisV8R19/R780Point02WeightChunk01P2.lean,112,P28,
docs/research/v8-full-view-zk-20260912/lean/AspisV8R19/R780Point02WeightChunk02P0.lean,112,P28,
docs/research/v8-full-view-zk-20260912/lean/AspisV8R19/R780Point02WeightChunk02P2.lean,112,P28,
docs/research/v8-full-view-zk-20260912/lean/AspisV8R19/R780Point02WeightChunk03P0.lean,113,P28,
docs/research/v8-full-view-zk-20260912/lean/AspisV8R19/R780Point02WeightChunk03P2.lean,113,P28,
docs/research/v8-full-view-zk-20260912/lean/AspisV8R19/R780Point02WeightChunk04P0.lean,111,P28,
docs/research/v8-full-view-zk-20260912/lean/AspisV8R19/R780Point02WeightChunk04P2.lean,111,P28,
docs/research/v8-full-view-zk-20260912/lean/AspisV8R19/R780Point02WeightChunk05P0.lean,114,P28,
docs/research/v8-full-view-zk-20260912/lean/AspisV8R19/R780Point02WeightChunk05P2.lean,114,P28,
docs/research/v8-full-view-zk-20260912/lean/AspisV8R19/R780Point02WeightChunk06P0.lean,113,P28,
docs/research/v8-full-view-zk-20260912/lean/AspisV8R19/R780Point02WeightChunk06P2.lean,113,P28,
docs/research/v8-full-view-zk-20260912/lean/AspisV8R19/R780Point02WeightChunk07P0.lean,111,P28,
docs/research/v8-full-view-zk-20260912/lean/AspisV8R19/R780Point02WeightChunk07P2.lean,111,P28,
docs/research/v8-full-view-zk-20260912/lean/AspisV8R19/R780Point02WeightChunk08P0.lean,114,P28,
docs/research/v8-full-view-zk-20260912/lean/AspisV8R19/R780Point02WeightChunk08P2.lean,114,P28,
docs/research/v8-full-view-zk-20260912/lean/AspisV8R19/R780Point02WeightChunk09P0.lean,113,P28,
docs/research/v8-full-view-zk-20260912/lean/AspisV8R19/R780Point02WeightChunk09P2.lean,113,P28,
docs/research/v8-full-view-zk-20260912/lean/AspisV8R19/R780Point02WeightChunk10P0.lean,111,P28,
docs/research/v8-full-view-zk-20260912/lean/AspisV8R19/R780Point02WeightChunk10P2.lean,111,P28,
docs/research/v8-full-view-zk-20260912/lean/AspisV8R19/R780Point02WeightChunk11P0.lean,114,P28,
docs/research/v8-full-view-zk-20260912/lean/AspisV8R19/R780Point02WeightChunk11P2.lean,114,P28,
docs/research/v8-full-view-zk-20260912/lean/AspisV8R19/R780Point02WeightChunk12P0.lean,113,P28,
docs/research/v8-full-view-zk-20260912/lean/AspisV8R19/R780Point02WeightChunk12P2.lean,113,P28,
docs/research/v8-full-view-zk-20260912/lean/AspisV8R19/R780Point02WeightChunk13P0.lean,111,P28,
docs/research/v8-full-view-zk-20260912/lean/AspisV8R19/R780Point02WeightChunk13P2.lean,111,P28,
docs/research/v8-full-view-zk-20260912/lean/AspisV8R19/R780Point02WeightChunk14P0.lean,114,P28,
docs/research/v8-full-view-zk-20260912/lean/AspisV8R19/R780Point02WeightChunk14P2.lean,114,P28,
docs/research/v8-full-view-zk-20260912/lean/AspisV8R19/R780Point02WeightChunk15P0.lean,113,P28,
docs/research/v8-full-view-zk-20260912/lean/AspisV8R19/R780Point02WeightChunk15P2.lean,113,P28,
docs/research/v8-full-view-zk-20260912/lean/AspisV8R19/R780Point02WeightChunk16P0.lean,112,P28,
docs/research/v8-full-view-zk-20260912/lean/AspisV8R19/R780Point02WeightChunk16P2.lean,112,P28,
docs/research/v8-full-view-zk-20260912/lean/AspisV8R19/R780Point02WeightChunk17P0.lean,115,P28,
docs/research/v8-full-view-zk-20260912/lean/AspisV8R19/R780Point02WeightChunk17P2.lean,115,P28,
docs/research/v8-full-view-zk-20260912/lean/AspisV8R19/R780Point02WeightChunk18P0.lean,111,P28,
docs/research/v8-full-view-zk-20260912/lean/AspisV8R19/R780Point02WeightChunk18P2.lean,111,P28,
docs/research/v8-full-view-zk-20260912/lean/AspisV8R19/R780Point02WeightChunk19P0.lean,111,P28,
docs/research/v8-full-view-zk-20260912/lean/AspisV8R19/R780Point02WeightChunk19P2.lean,111,P28,
docs/research/v8-full-view-zk-20260912/lean/AspisV8R19/R780Point02WeightChunk20P0.lean,114,P28,
docs/research/v8-full-view-zk-20260912/lean/AspisV8R19/R780Point02WeightChunk20P2.lean,114,P28,
docs/research/v8-full-view-zk-20260912/lean/AspisV8R19/R780Point02WeightChunk21P0.lean,111,P28,
docs/research/v8-full-view-zk-20260912/lean/AspisV8R19/R780Point02WeightChunk21P2.lean,111,P28,
docs/research/v8-full-view-zk-20260912/lean/AspisV8R19/R780Point02WeightChunk22P0.lean,111,P28,
docs/research/v8-full-view-zk-20260912/lean/AspisV8R19/R780Point02WeightChunk22P2.lean,111,P28,
docs/research/v8-full-view-zk-20260912/lean/AspisV8R19/R780Point02WeightChunk23P0.lean,114,P28,
docs/research/v8-full-view-zk-20260912/lean/AspisV8R19/R780Point02WeightChunk23P2.lean,114,P28,
docs/research/v8-full-view-zk-20260912/lean/AspisV8R19/R780Point02WeightChunk24P0.lean,111,P28,
docs/research/v8-full-view-zk-20260912/lean/AspisV8R19/R780Point02WeightChunk24P2.lean,111,P28,
docs/research/v8-full-view-zk-20260912/lean/AspisV8R19/R780Point02WeightChunk25P0.lean,171,P28,
docs/research/v8-full-view-zk-20260912/lean/AspisV8R19/R780Point02WeightChunk25P2.lean,171,P28,
docs/research/v8-full-view-zk-20260912/lean/AspisV8R19/R780Point02WeightChunk26P0.lean,171,P28,
docs/research/v8-full-view-zk-20260912/lean/AspisV8R19/R780Point02WeightChunk26P2.lean,171,P28,
docs/research/v8-full-view-zk-20260912/lean/AspisV8R19/R780Point02WeightChunk27P0.lean,179,P28,
docs/research/v8-full-view-zk-20260912/lean/AspisV8R19/R780Point02WeightChunk27P2.lean,179,P28,
docs/research/v8-full-view-zk-20260912/lean/AspisV8R19/R780Point02WeightChunk28P0.lean,174,ORPHAN,generated-chunk-of:AspisV8R19/R780Point02WeightPrototype.lean
docs/research/v8-full-view-zk-20260912/lean/AspisV8R19/R780Point02WeightChunk28P2.lean,174,ORPHAN,generated-chunk-of:AspisV8R19/R780Point02WeightPrototype.lean
docs/research/v8-full-view-zk-20260912/lean/AspisV8R19/R780Point02WeightChunk29P0.lean,173,ORPHAN,generated-chunk-of:AspisV8R19/R780Point02WeightPrototype.lean
docs/research/v8-full-view-zk-20260912/lean/AspisV8R19/R780Point02WeightChunk29P2.lean,173,ORPHAN,generated-chunk-of:AspisV8R19/R780Point02WeightPrototype.lean
docs/research/v8-full-view-zk-20260912/lean/AspisV8R19/R780Point02WeightChunk30P0.lean,173,ORPHAN,generated-chunk-of:AspisV8R19/R780Point02WeightPrototype.lean
docs/research/v8-full-view-zk-20260912/lean/AspisV8R19/R780Point02WeightChunk30P2.lean,173,ORPHAN,generated-chunk-of:AspisV8R19/R780Point02WeightPrototype.lean
docs/research/v8-full-view-zk-20260912/lean/AspisV8R19/R780Point02WeightChunk31P0.lean,174,ORPHAN,generated-chunk-of:AspisV8R19/R780Point02WeightPrototype.lean
docs/research/v8-full-view-zk-20260912/lean/AspisV8R19/R780Point02WeightChunk31P2.lean,174,ORPHAN,generated-chunk-of:AspisV8R19/R780Point02WeightPrototype.lean
docs/research/v8-full-view-zk-20260912/lean/AspisV8R19/R780Point02WeightChunk32P0.lean,175,ORPHAN,generated-chunk-of:AspisV8R19/R780Point02WeightPrototype.lean
docs/research/v8-full-view-zk-20260912/lean/AspisV8R19/R780Point02WeightChunk32P2.lean,175,ORPHAN,generated-chunk-of:AspisV8R19/R780Point02WeightPrototype.lean
docs/research/v8-full-view-zk-20260912/lean/AspisV8R19/R780Point02WeightChunk33P0.lean,171,ORPHAN,generated-chunk-of:AspisV8R19/R780Point02WeightPrototype.lean
docs/research/v8-full-view-zk-20260912/lean/AspisV8R19/R780Point02WeightChunk33P2.lean,171,ORPHAN,generated-chunk-of:AspisV8R19/R780Point02WeightPrototype.lean
docs/research/v8-full-view-zk-20260912/lean/AspisV8R19/R780Point02WeightChunk34P0.lean,173,ORPHAN,generated-chunk-of:AspisV8R19/R780Point02WeightPrototype.lean
docs/research/v8-full-view-zk-20260912/lean/AspisV8R19/R780Point02WeightChunk34P2.lean,173,ORPHAN,generated-chunk-of:AspisV8R19/R780Point02WeightPrototype.lean
docs/research/v8-full-view-zk-20260912/lean/AspisV8R19/R780Point02WeightChunk35P0.lean,174,ORPHAN,generated-chunk-of:AspisV8R19/R780Point02WeightPrototype.lean
docs/research/v8-full-view-zk-20260912/lean/AspisV8R19/R780Point02WeightChunk35P2.lean,174,ORPHAN,generated-chunk-of:AspisV8R19/R780Point02WeightPrototype.lean
docs/research/v8-full-view-zk-20260912/lean/AspisV8R19/R780Point02WeightChunk36P0.lean,171,ORPHAN,generated-chunk-of:AspisV8R19/R780Point02WeightPrototype.lean
docs/research/v8-full-view-zk-20260912/lean/AspisV8R19/R780Point02WeightChunk36P2.lean,171,ORPHAN,generated-chunk-of:AspisV8R19/R780Point02WeightPrototype.lean
docs/research/v8-full-view-zk-20260912/lean/AspisV8R19/R780Point02WeightChunk37P0.lean,171,ORPHAN,generated-chunk-of:AspisV8R19/R780Point02WeightPrototype.lean
docs/research/v8-full-view-zk-20260912/lean/AspisV8R19/R780Point02WeightChunk37P2.lean,171,ORPHAN,generated-chunk-of:AspisV8R19/R780Point02WeightPrototype.lean
docs/research/v8-full-view-zk-20260912/lean/AspisV8R19/R780Point02WeightChunk38P0.lean,177,ORPHAN,generated-chunk-of:AspisV8R19/R780Point02WeightPrototype.lean
docs/research/v8-full-view-zk-20260912/lean/AspisV8R19/R780Point02WeightChunk38P2.lean,177,ORPHAN,generated-chunk-of:AspisV8R19/R780Point02WeightPrototype.lean
docs/research/v8-full-view-zk-20260912/lean/AspisV8R19/R780Point02WeightChunk39P0.lean,177,ORPHAN,generated-chunk-of:AspisV8R19/R780Point02WeightPrototype.lean
docs/research/v8-full-view-zk-20260912/lean/AspisV8R19/R780Point02WeightChunk39P2.lean,177,ORPHAN,generated-chunk-of:AspisV8R19/R780Point02WeightPrototype.lean
docs/research/v8-full-view-zk-20260912/lean/AspisV8R19/R780Point02WeightChunk40P0.lean,175,ORPHAN,generated-chunk-of:AspisV8R19/R780Point02WeightPrototype.lean
docs/research/v8-full-view-zk-20260912/lean/AspisV8R19/R780Point02WeightChunk40P2.lean,175,ORPHAN,generated-chunk-of:AspisV8R19/R780Point02WeightPrototype.lean
docs/research/v8-full-view-zk-20260912/lean/AspisV8R19/R780Point02WeightChunk41P0.lean,171,ORPHAN,generated-chunk-of:AspisV8R19/R780Point02WeightPrototype.lean
docs/research/v8-full-view-zk-20260912/lean/AspisV8R19/R780Point02WeightChunk41P2.lean,171,ORPHAN,generated-chunk-of:AspisV8R19/R780Point02WeightPrototype.lean
docs/research/v8-full-view-zk-20260912/lean/AspisV8R19/R780Point02WeightChunk42P0.lean,173,ORPHAN,generated-chunk-of:AspisV8R19/R780Point02WeightPrototype.lean
docs/research/v8-full-view-zk-20260912/lean/AspisV8R19/R780Point02WeightChunk42P2.lean,173,ORPHAN,generated-chunk-of:AspisV8R19/R780Point02WeightPrototype.lean
docs/research/v8-full-view-zk-20260912/lean/AspisV8R19/R780Point02WeightChunk43P0.lean,170,ORPHAN,generated-chunk-of:AspisV8R19/R780Point02WeightPrototype.lean
docs/research/v8-full-view-zk-20260912/lean/AspisV8R19/R780Point02WeightChunk43P2.lean,170,ORPHAN,generated-chunk-of:AspisV8R19/R780Point02WeightPrototype.lean
docs/research/v8-full-view-zk-20260912/lean/AspisV8R19/R780Point02WeightChunk44P0.lean,171,ORPHAN,generated-chunk-of:AspisV8R19/R780Point02WeightPrototype.lean
docs/research/v8-full-view-zk-20260912/lean/AspisV8R19/R780Point02WeightChunk44P2.lean,171,ORPHAN,generated-chunk-of:AspisV8R19/R780Point02WeightPrototype.lean
docs/research/v8-full-view-zk-20260912/lean/AspisV8R19/R780Point02WeightChunk45P0.lean,168,ORPHAN,generated-chunk-of:AspisV8R19/R780Point02WeightPrototype.lean
docs/research/v8-full-view-zk-20260912/lean/AspisV8R19/R780Point02WeightChunk45P2.lean,168,ORPHAN,generated-chunk-of:AspisV8R19/R780Point02WeightPrototype.lean
docs/research/v8-full-view-zk-20260912/lean/AspisV8R19/R780Point02WeightChunk46P0.lean,171,ORPHAN,generated-chunk-of:AspisV8R19/R780Point02WeightPrototype.lean
docs/research/v8-full-view-zk-20260912/lean/AspisV8R19/R780Point02WeightChunk46P2.lean,171,ORPHAN,generated-chunk-of:AspisV8R19/R780Point02WeightPrototype.lean
docs/research/v8-full-view-zk-20260912/lean/AspisV8R19/R780Point02WeightChunk47P0.lean,169,ORPHAN,generated-chunk-of:AspisV8R19/R780Point02WeightPrototype.lean
docs/research/v8-full-view-zk-20260912/lean/AspisV8R19/R780Point02WeightChunk47P2.lean,169,ORPHAN,generated-chunk-of:AspisV8R19/R780Point02WeightPrototype.lean
docs/research/v8-full-view-zk-20260912/lean/AspisV8R19/R780Point02WeightChunk48P0.lean,171,ORPHAN,generated-chunk-of:AspisV8R19/R780Point02WeightPrototype.lean
docs/research/v8-full-view-zk-20260912/lean/AspisV8R19/R780Point02WeightChunk48P2.lean,171,ORPHAN,generated-chunk-of:AspisV8R19/R780Point02WeightPrototype.lean
docs/research/v8-full-view-zk-20260912/lean/AspisV8R19/R780Point02WeightChunk49P0.lean,172,ORPHAN,generated-chunk-of:AspisV8R19/R780Point02WeightPrototype.lean
docs/research/v8-full-view-zk-20260912/lean/AspisV8R19/R780Point02WeightChunk49P2.lean,172,ORPHAN,generated-chunk-of:AspisV8R19/R780Point02WeightPrototype.lean
docs/research/v8-full-view-zk-20260912/lean/AspisV8R19/R780Point02WeightChunk50P0.lean,169,ORPHAN,generated-chunk-of:AspisV8R19/R780Point02WeightPrototype.lean
docs/research/v8-full-view-zk-20260912/lean/AspisV8R19/R780Point02WeightChunk50P2.lean,169,ORPHAN,generated-chunk-of:AspisV8R19/R780Point02WeightPrototype.lean
docs/research/v8-full-view-zk-20260912/lean/AspisV8R19/R780Point02WeightChunk51P0.lean,170,ORPHAN,generated-chunk-of:AspisV8R19/R780Point02WeightPrototype.lean
docs/research/v8-full-view-zk-20260912/lean/AspisV8R19/R780Point02WeightChunk51P2.lean,170,ORPHAN,generated-chunk-of:AspisV8R19/R780Point02WeightPrototype.lean
docs/research/v8-full-view-zk-20260912/lean/AspisV8R19/R780Point02WeightChunk52P0.lean,171,ORPHAN,generated-chunk-of:AspisV8R19/R780Point02WeightPrototype.lean
docs/research/v8-full-view-zk-20260912/lean/AspisV8R19/R780Point02WeightChunk52P2.lean,171,ORPHAN,generated-chunk-of:AspisV8R19/R780Point02WeightPrototype.lean
docs/research/v8-full-view-zk-20260912/lean/AspisV8R19/R780Point02WeightChunk53P0.lean,169,ORPHAN,generated-chunk-of:AspisV8R19/R780Point02WeightPrototype.lean
docs/research/v8-full-view-zk-20260912/lean/AspisV8R19/R780Point02WeightChunk53P2.lean,169,ORPHAN,generated-chunk-of:AspisV8R19/R780Point02WeightPrototype.lean
docs/research/v8-full-view-zk-20260912/lean/AspisV8R19/R780Point02WeightChunk54P0.lean,172,ORPHAN,generated-chunk-of:AspisV8R19/R780Point02WeightPrototype.lean
docs/research/v8-full-view-zk-20260912/lean/AspisV8R19/R780Point02WeightChunk54P2.lean,172,ORPHAN,generated-chunk-of:AspisV8R19/R780Point02WeightPrototype.lean
docs/research/v8-full-view-zk-20260912/lean/AspisV8R19/R780Point02WeightChunk55P0.lean,98,ORPHAN,generated-chunk-of:AspisV8R19/R780Point02WeightPrototype.lean
docs/research/v8-full-view-zk-20260912/lean/AspisV8R19/R780Point02WeightChunk55P2.lean,98,ORPHAN,generated-chunk-of:AspisV8R19/R780Point02WeightPrototype.lean
docs/research/v8-full-view-zk-20260912/lean/AspisV8R19/R780Point02WeightPrototype.lean,353,P28,
docs/research/v8-full-view-zk-20260912/lean/AspisV8R19/R780Point02WeightShared.lean,18,P28,
docs/research/v8-full-view-zk-20260912/lean/AspisV8R19/R780Point02WeightSharedChunk00.lean,687,P28,
docs/research/v8-full-view-zk-20260912/lean/AspisV8R19/R780Point02WeightSharedChunk01.lean,690,P28,
docs/research/v8-full-view-zk-20260912/lean/AspisV8R19/R780Point02WeightSharedChunk02.lean,688,P28,
docs/research/v8-full-view-zk-20260912/lean/AspisV8R19/R780Point02WeightSharedChunk03.lean,689,P28,
docs/research/v8-full-view-zk-20260912/lean/AspisV8R19/R780Point02WeightSharedChunk04.lean,690,P28,
docs/research/v8-full-view-zk-20260912/lean/AspisV8R19/R780Point02WeightSharedChunk05.lean,691,P28,
docs/research/v8-full-view-zk-20260912/lean/AspisV8R19/R780Point02WeightSharedChunk06.lean,688,ORPHAN,generated-chunk-of:AspisV8R19/R780Point02WeightChunk28P0.lean
docs/research/v8-full-view-zk-20260912/lean/AspisV8R19/R780Point02WeightSharedChunk07.lean,688,ORPHAN,generated-chunk-of:AspisV8R19/R780Point02WeightChunk31P0.lean
docs/research/v8-full-view-zk-20260912/lean/AspisV8R19/R780Point02WeightSharedChunk08.lean,687,ORPHAN,generated-chunk-of:AspisV8R19/R780Point02WeightChunk34P0.lean
docs/research/v8-full-view-zk-20260912/lean/AspisV8R19/R780Point02WeightSharedChunk09.lean,689,ORPHAN,generated-chunk-of:AspisV8R19/R780Point02WeightChunk37P0.lean
docs/research/v8-full-view-zk-20260912/lean/AspisV8R19/R780Point02WeightSharedChunk10.lean,689,ORPHAN,generated-chunk-of:AspisV8R19/R780Point02WeightChunk38P0.lean
docs/research/v8-full-view-zk-20260912/lean/AspisV8R19/R780Point02WeightSharedChunk11.lean,690,ORPHAN,generated-chunk-of:AspisV8R19/R780Point02WeightChunk41P0.lean
docs/research/v8-full-view-zk-20260912/lean/AspisV8R19/R780Point02WeightSharedChunk12.lean,688,ORPHAN,generated-chunk-of:AspisV8R19/R780Point02WeightChunk43P0.lean
docs/research/v8-full-view-zk-20260912/lean/AspisV8R19/R780Point02WeightSharedChunk13.lean,687,ORPHAN,generated-chunk-of:AspisV8R19/R780Point02WeightChunk46P0.lean
docs/research/v8-full-view-zk-20260912/lean/AspisV8R19/R780Point02WeightSharedChunk14.lean,688,ORPHAN,generated-chunk-of:AspisV8R19/R780Point02WeightChunk48P0.lean
docs/research/v8-full-view-zk-20260912/lean/AspisV8R19/R780Point02WeightSharedChunk15.lean,691,ORPHAN,generated-chunk-of:AspisV8R19/R780Point02WeightChunk51P0.lean
docs/research/v8-full-view-zk-20260912/lean/AspisV8R19/R780Point02WeightSharedChunk16.lean,162,ORPHAN,generated-chunk-of:AspisV8R19/R780Point02WeightChunk54P0.lean
docs/research/v8-full-view-zk-20260912/lean/AspisV8R19/R781NormalizedActivePreservation.lean,45,P18 P27 P28,
docs/research/v8-full-view-zk-20260912/lean/AspisV8R19/R782Point02LowKernel.lean,213,P28,
docs/research/v8-full-view-zk-20260912/lean/AspisV8R19/R783FixedOrdinaryLowKernel.lean,184,P28,
docs/research/v8-full-view-zk-20260912/lean/AspisV8R19/R784FixedJointNormalization.lean,63,P28,
docs/research/v8-full-view-zk-20260912/lean/AspisV8R19/R785SourceTransposeLinear.lean,71,P17 P18 P27 P28 P32,
docs/research/v8-full-view-zk-20260912/lean/AspisV8R19/R786ActiveZeroPrototype.lean,49,ORPHAN,unused
docs/research/v8-full-view-zk-20260912/lean/AspisV8R19/R787PairSupportZero.lean,94,P28,
docs/research/v8-full-view-zk-20260912/lean/AspisV8R19/R788OrdinaryPointDecomposition.lean,131,P17 P18 P27 P28 P32,
docs/research/v8-full-view-zk-20260912/lean/AspisV8R19/R789MappedJointNormalization.lean,61,P28,
docs/research/v8-full-view-zk-20260912/lean/AspisV8R19/R790LiteralObservationChunk00.lean,146,P28,
docs/research/v8-full-view-zk-20260912/lean/AspisV8R19/R790LiteralObservationChunk01.lean,146,P28,
docs/research/v8-full-view-zk-20260912/lean/AspisV8R19/R790LiteralObservationChunk02.lean,146,P28,
docs/research/v8-full-view-zk-20260912/lean/AspisV8R19/R790LiteralObservationChunk03.lean,146,P28,
docs/research/v8-full-view-zk-20260912/lean/AspisV8R19/R790LiteralObservationChunk04.lean,146,P28,
docs/research/v8-full-view-zk-20260912/lean/AspisV8R19/R790LiteralObservationChunk05.lean,146,P28,
docs/research/v8-full-view-zk-20260912/lean/AspisV8R19/R790LiteralObservationChunk06.lean,146,P28,
docs/research/v8-full-view-zk-20260912/lean/AspisV8R19/R790LiteralObservationChunk07.lean,146,P28,
docs/research/v8-full-view-zk-20260912/lean/AspisV8R19/R790LiteralObservationChunk08.lean,146,P28,
docs/research/v8-full-view-zk-20260912/lean/AspisV8R19/R790LiteralObservationChunk09.lean,146,P28,
docs/research/v8-full-view-zk-20260912/lean/AspisV8R19/R790LiteralObservationChunk10.lean,146,P28,
docs/research/v8-full-view-zk-20260912/lean/AspisV8R19/R790LiteralObservationChunk11.lean,146,P28,
docs/research/v8-full-view-zk-20260912/lean/AspisV8R19/R790LiteralObservationChunk12.lean,133,P28,
docs/research/v8-full-view-zk-20260912/lean/AspisV8R19/R790LiteralObservationChunk13.lean,36,P28,
docs/research/v8-full-view-zk-20260912/lean/AspisV8R19/R790LiteralObservationOrderPrototype.lean,89,P28,
docs/research/v8-full-view-zk-20260912/lean/AspisV8R19/R791QM31JointNormalization.lean,34,P28,
docs/research/v8-full-view-zk-20260912/lean/AspisV8R19/R792JointSourceMatrixHom.lean,86,P18 P27 P28,
docs/research/v8-full-view-zk-20260912/lean/AspisV8R19/R793MarkerTranspose.lean,94,P17 P18 P27 P28 P32,
docs/research/v8-full-view-zk-20260912/lean/AspisV8R19/R794QM31JointDeterminantTransfer.lean,51,P28,
docs/research/v8-full-view-zk-20260912/lean/AspisV8R19/R795OrdinaryCoefficientDecomposition.lean,92,P28,
docs/research/v8-full-view-zk-20260912/lean/AspisV8R19/R796CoefficientStencil.lean,30,P28,
docs/research/v8-full-view-zk-20260912/lean/AspisV8R19/R797ActiveSourceCellsChunk00.lean,565,P28,
docs/research/v8-full-view-zk-20260912/lean/AspisV8R19/R797ActiveSourceCellsChunk01.lean,571,P28,
docs/research/v8-full-view-zk-20260912/lean/AspisV8R19/R797ActiveSourceCellsChunk02.lean,565,P28,
docs/research/v8-full-view-zk-20260912/lean/AspisV8R19/R797ActiveSourceCellsChunk03.lean,567,P28,
docs/research/v8-full-view-zk-20260912/lean/AspisV8R19/R797ActiveSourceCellsChunk04.lean,567,P28,
docs/research/v8-full-view-zk-20260912/lean/AspisV8R19/R797ActiveSourceCellsChunk05.lean,565,P28,
docs/research/v8-full-view-zk-20260912/lean/AspisV8R19/R797ActiveSourceCellsChunk06.lean,565,P28,
docs/research/v8-full-view-zk-20260912/lean/AspisV8R19/R797ActiveSourceCellsChunk07.lean,565,P28,
docs/research/v8-full-view-zk-20260912/lean/AspisV8R19/R797ActiveSourceCellsChunk08.lean,565,P28,
docs/research/v8-full-view-zk-20260912/lean/AspisV8R19/R797ActiveSourceCellsChunk09.lean,569,P28,
docs/research/v8-full-view-zk-20260912/lean/AspisV8R19/R797ActiveSourceCellsChunk10.lean,569,P28,
docs/research/v8-full-view-zk-20260912/lean/AspisV8R19/R797ActiveSourceCellsPreflight.lean,191,P28,
docs/research/v8-full-view-zk-20260912/lean/AspisV8R19/R797ObservationEncoding.lean,47,P28,
docs/research/v8-full-view-zk-20260912/lean/AspisV8R19/R798LiteralObservationView.lean,510,P28,
docs/research/v8-full-view-zk-20260912/lean/AspisV8R19/R799ActiveSourceCellsChunk00.lean,569,P28,
docs/research/v8-full-view-zk-20260912/lean/AspisV8R19/R799ActiveSourceCellsChunk01.lean,569,P28,
docs/research/v8-full-view-zk-20260912/lean/AspisV8R19/R799ActiveSourceCellsChunk02.lean,561,P28,
docs/research/v8-full-view-zk-20260912/lean/AspisV8R19/R799ActiveSourceCellsChunk03.lean,551,P28,
docs/research/v8-full-view-zk-20260912/lean/AspisV8R19/R799ActiveSourceCellsChunk04.lean,547,P28,
docs/research/v8-full-view-zk-20260912/lean/AspisV8R19/R799ActiveSourceCellsChunk05.lean,547,P28,
docs/research/v8-full-view-zk-20260912/lean/AspisV8R19/R799ActiveSourceCellsChunk06.lean,549,P28,
docs/research/v8-full-view-zk-20260912/lean/AspisV8R19/R799ActiveSourceCellsChunk07.lean,549,P28,
docs/research/v8-full-view-zk-20260912/lean/AspisV8R19/R799ActiveSourceCellsChunk08.lean,547,P28,
docs/research/v8-full-view-zk-20260912/lean/AspisV8R19/R799ActiveSourceCellsChunk09.lean,547,P28,
docs/research/v8-full-view-zk-20260912/lean/AspisV8R19/R799ActiveSourceCellsChunk10.lean,547,P28,
docs/research/v8-full-view-zk-20260912/lean/AspisV8R19/R799ActiveSourceCellsChunk11.lean,547,P28,
docs/research/v8-full-view-zk-20260912/lean/AspisV8R19/R799ActiveSourceCellsChunk12.lean,549,P28,
docs/research/v8-full-view-zk-20260912/lean/AspisV8R19/R799ActiveSourceCellsChunk13.lean,562,P28,
docs/research/v8-full-view-zk-20260912/lean/AspisV8R19/R799ActiveSourceCellsChunk14.lean,559,P28,
docs/research/v8-full-view-zk-20260912/lean/AspisV8R19/R799ActiveSourceCellsChunk15.lean,556,P28,
docs/research/v8-full-view-zk-20260912/lean/AspisV8R19/R799ActiveSourceCellsChunk16.lean,565,P28,
docs/research/v8-full-view-zk-20260912/lean/AspisV8R19/R799ActiveSourceCellsChunk17.lean,551,P28,
docs/research/v8-full-view-zk-20260912/lean/AspisV8R19/R799ActiveSourceCellsChunk18.lean,562,P28,
docs/research/v8-full-view-zk-20260912/lean/AspisV8R19/R799ActiveSourceCellsChunk19.lean,565,P28,
docs/research/v8-full-view-zk-20260912/lean/AspisV8R19/R799ActiveSourceCellsChunk20.lean,565,P28,
docs/research/v8-full-view-zk-20260912/lean/AspisV8R19/R799ActiveSourceCellsChunk21.lean,565,P28,
docs/research/v8-full-view-zk-20260912/lean/AspisV8R19/R799ActiveSourceCellsChunk22.lean,565,P28,
docs/research/v8-full-view-zk-20260912/lean/AspisV8R19/R799ActiveSourceCellsChunk23.lean,569,P28,
docs/research/v8-full-view-zk-20260912/lean/AspisV8R19/R799ActiveSourceCellsChunk24.lean,569,P28,
docs/research/v8-full-view-zk-20260912/lean/AspisV8R19/R799ActiveSourceCellsChunk25.lean,565,P28,
docs/research/v8-full-view-zk-20260912/lean/AspisV8R19/R799ActiveSourceCellsChunk26.lean,565,P28,
docs/research/v8-full-view-zk-20260912/lean/AspisV8R19/R799ActiveSourceCellsChunk27.lean,565,P28,
docs/research/v8-full-view-zk-20260912/lean/AspisV8R19/R799ActiveSourceCellsChunk28.lean,565,P28,
docs/research/v8-full-view-zk-20260912/lean/AspisV8R19/R799ActiveSourceCellsChunk29.lean,565,P28,
docs/research/v8-full-view-zk-20260912/lean/AspisV8R19/R799ActiveSourceCellsChunk30.lean,565,P28,
docs/research/v8-full-view-zk-20260912/lean/AspisV8R19/R799ActiveSourceCellsChunk31.lean,559,P28,
docs/research/v8-full-view-zk-20260912/lean/AspisV8R19/R799ActiveSourceCellsChunk32.lean,215,P28,
docs/research/v8-full-view-zk-20260912/lean/AspisV8R19/R799LiteralSourceMatrix.lean,44,P28,
docs/research/v8-full-view-zk-20260912/lean/AspisV8R19/R800SelectedSupportChunk00.lean,75,P28,
docs/research/v8-full-view-zk-20260912/lean/AspisV8R19/R800SelectedSupportChunk01.lean,75,P28,
docs/research/v8-full-view-zk-20260912/lean/AspisV8R19/R800SelectedSupportChunk02.lean,75,P28,
docs/research/v8-full-view-zk-20260912/lean/AspisV8R19/R800SelectedSupportChunk03.lean,75,P28,
docs/research/v8-full-view-zk-20260912/lean/AspisV8R19/R800SelectedSupportChunk04.lean,75,P28,
docs/research/v8-full-view-zk-20260912/lean/AspisV8R19/R800SelectedSupportChunk05.lean,75,P28,
docs/research/v8-full-view-zk-20260912/lean/AspisV8R19/R800SelectedSupportChunk06.lean,75,P28,
docs/research/v8-full-view-zk-20260912/lean/AspisV8R19/R800SelectedSupportChunk07.lean,75,P28,
docs/research/v8-full-view-zk-20260912/lean/AspisV8R19/R800SelectedSupportChunk08.lean,75,P28,
docs/research/v8-full-view-zk-20260912/lean/AspisV8R19/R800SelectedSupportChunk09.lean,75,P28,
docs/research/v8-full-view-zk-20260912/lean/AspisV8R19/R800SelectedSupportChunk10.lean,75,P28,
docs/research/v8-full-view-zk-20260912/lean/AspisV8R19/R800SelectedSupportChunk11.lean,75,P28,
docs/research/v8-full-view-zk-20260912/lean/AspisV8R19/R800SelectedSupportChunk12.lean,75,P28,
docs/research/v8-full-view-zk-20260912/lean/AspisV8R19/R800SelectedSupportChunk13.lean,75,P28,
docs/research/v8-full-view-zk-20260912/lean/AspisV8R19/R800SelectedSupportChunk14.lean,75,P28,
docs/research/v8-full-view-zk-20260912/lean/AspisV8R19/R800SelectedSupportChunk15.lean,75,P28,
docs/research/v8-full-view-zk-20260912/lean/AspisV8R19/R800SelectedSupportChunk16.lean,75,P28,
docs/research/v8-full-view-zk-20260912/lean/AspisV8R19/R800SelectedSupportChunk17.lean,75,P28,
docs/research/v8-full-view-zk-20260912/lean/AspisV8R19/R800SelectedSupportChunk18.lean,75,P28,
docs/research/v8-full-view-zk-20260912/lean/AspisV8R19/R800SelectedSupportChunk19.lean,75,P28,
docs/research/v8-full-view-zk-20260912/lean/AspisV8R19/R800SelectedSupportChunk20.lean,75,P28,
docs/research/v8-full-view-zk-20260912/lean/AspisV8R19/R800SelectedSupportChunk21.lean,75,P28,
docs/research/v8-full-view-zk-20260912/lean/AspisV8R19/R800SelectedSupportChunk22.lean,75,P28,
docs/research/v8-full-view-zk-20260912/lean/AspisV8R19/R800SelectedSupportChunk23.lean,75,P28,
docs/research/v8-full-view-zk-20260912/lean/AspisV8R19/R800SelectedSupportChunk24.lean,75,P28,
docs/research/v8-full-view-zk-20260912/lean/AspisV8R19/R800SelectedSupportChunk25.lean,75,P28,
docs/research/v8-full-view-zk-20260912/lean/AspisV8R19/R800SelectedSupportChunk26.lean,75,P28,
docs/research/v8-full-view-zk-20260912/lean/AspisV8R19/R800SelectedSupportChunk27.lean,75,P28,
docs/research/v8-full-view-zk-20260912/lean/AspisV8R19/R800SelectedSupportChunk28.lean,75,P28,
docs/research/v8-full-view-zk-20260912/lean/AspisV8R19/R800SelectedSupportChunk29.lean,75,P28,
docs/research/v8-full-view-zk-20260912/lean/AspisV8R19/R800SelectedSupportChunk30.lean,75,P28,
docs/research/v8-full-view-zk-20260912/lean/AspisV8R19/R800SelectedSupportChunk31.lean,75,P28,
docs/research/v8-full-view-zk-20260912/lean/AspisV8R19/R800SelectedSupportChunk32.lean,75,P28,
docs/research/v8-full-view-zk-20260912/lean/AspisV8R19/R800SelectedSupportChunk33.lean,75,P28,
docs/research/v8-full-view-zk-20260912/lean/AspisV8R19/R800SelectedSupportChunk34.lean,75,P28,
docs/research/v8-full-view-zk-20260912/lean/AspisV8R19/R800SelectedSupportChunk35.lean,75,P28,
docs/research/v8-full-view-zk-20260912/lean/AspisV8R19/R800SelectedSupportChunk36.lean,75,P28,
docs/research/v8-full-view-zk-20260912/lean/AspisV8R19/R800SelectedSupportChunk37.lean,75,P28,
docs/research/v8-full-view-zk-20260912/lean/AspisV8R19/R800SelectedSupportChunk38.lean,75,P28,
docs/research/v8-full-view-zk-20260912/lean/AspisV8R19/R800SelectedSupportChunk39.lean,75,P28,
docs/research/v8-full-view-zk-20260912/lean/AspisV8R19/R800SelectedSupportChunk40.lean,75,P28,
docs/research/v8-full-view-zk-20260912/lean/AspisV8R19/R800SelectedSupportChunk41.lean,75,P28,
docs/research/v8-full-view-zk-20260912/lean/AspisV8R19/R800SelectedSupportChunk42.lean,75,P28,
docs/research/v8-full-view-zk-20260912/lean/AspisV8R19/R800SelectedSupportChunk43.lean,75,P28,
docs/research/v8-full-view-zk-20260912/lean/AspisV8R19/R800SelectedSupportChunk44.lean,75,P28,
docs/research/v8-full-view-zk-20260912/lean/AspisV8R19/R800SelectedSupportChunk45.lean,75,P28,
docs/research/v8-full-view-zk-20260912/lean/AspisV8R19/R800SelectedSupportChunk46.lean,75,P28,
docs/research/v8-full-view-zk-20260912/lean/AspisV8R19/R800SelectedSupportChunk47.lean,75,P28,
docs/research/v8-full-view-zk-20260912/lean/AspisV8R19/R800SelectedSupportChunk48.lean,75,P28,
docs/research/v8-full-view-zk-20260912/lean/AspisV8R19/R800SelectedSupportChunk49.lean,75,P28,
docs/research/v8-full-view-zk-20260912/lean/AspisV8R19/R800SelectedSupportChunk50.lean,75,P28,
docs/research/v8-full-view-zk-20260912/lean/AspisV8R19/R800SelectedSupportChunk51.lean,75,P28,
docs/research/v8-full-view-zk-20260912/lean/AspisV8R19/R800SelectedSupportChunk52.lean,75,P28,
docs/research/v8-full-view-zk-20260912/lean/AspisV8R19/R800SelectedSupportPrototype.lean,47,P28,
docs/research/v8-full-view-zk-20260912/lean/AspisV8R19/R801LiteralActiveEntries.lean,1325,P28,
docs/research/v8-full-view-zk-20260912/lean/AspisV8R19/R802OrdinaryDirectionPointCoefficients.lean,39,P28,
docs/research/v8-full-view-zk-20260912/lean/AspisV8R19/R803LiteralSupplementaryEntries.lean,60,P28,
docs/research/v8-full-view-zk-20260912/lean/AspisV8R19/R804LiteralSourceRow1022.lean,40,P28,
docs/research/v8-full-view-zk-20260912/lean/AspisV8R19/R804LiteralSourceRow114.lean,58,P28,
docs/research/v8-full-view-zk-20260912/lean/AspisV8R19/R804LiteralSourceRowsChunk00.lean,200,P28,
docs/research/v8-full-view-zk-20260912/lean/AspisV8R19/R804LiteralSourceRowsChunk01.lean,273,P28,
docs/research/v8-full-view-zk-20260912/lean/AspisV8R19/R804LiteralSourceRowsChunk02.lean,210,P28,
docs/research/v8-full-view-zk-20260912/lean/AspisV8R19/R804LiteralSourceRowsChunk03.lean,227,P28,
docs/research/v8-full-view-zk-20260912/lean/AspisV8R19/R804LiteralSourceRowsChunk04.lean,209,P28,
docs/research/v8-full-view-zk-20260912/lean/AspisV8R19/R804LiteralSourceRowsChunk05.lean,246,P28,
docs/research/v8-full-view-zk-20260912/lean/AspisV8R19/R804LiteralSourceRowsChunk06.lean,209,P28,
docs/research/v8-full-view-zk-20260912/lean/AspisV8R19/R804LiteralSourceRowsChunk07.lean,219,P28,
docs/research/v8-full-view-zk-20260912/lean/AspisV8R19/R804LiteralSourceRowsChunk08.lean,173,P28,
docs/research/v8-full-view-zk-20260912/lean/AspisV8R19/R804LiteralSourceRowsChunk09.lean,201,P28,
docs/research/v8-full-view-zk-20260912/lean/AspisV8R19/R804LiteralSourceRowsChunk10.lean,227,P28,
docs/research/v8-full-view-zk-20260912/lean/AspisV8R19/R804LiteralSourceRowsChunk11.lean,209,P28,
docs/research/v8-full-view-zk-20260912/lean/AspisV8R19/R804LiteralSourceRowsChunk12.lean,236,P28,
docs/research/v8-full-view-zk-20260912/lean/AspisV8R19/R804LiteralSourceRowsChunk13.lean,209,P28,
docs/research/v8-full-view-zk-20260912/lean/AspisV8R19/R804LiteralSourceRowsChunk14.lean,209,P28,
docs/research/v8-full-view-zk-20260912/lean/AspisV8R19/R804LiteralSourceRowsChunk15.lean,173,P28,
docs/research/v8-full-view-zk-20260912/lean/AspisV8R19/R804LiteralSourceRowsChunk16.lean,210,P28,
docs/research/v8-full-view-zk-20260912/lean/AspisV8R19/R804LiteralSourceRowsChunk17.lean,181,P28,
docs/research/v8-full-view-zk-20260912/lean/AspisV8R19/R804LiteralSourceRowsChunk18.lean,191,P28,
docs/research/v8-full-view-zk-20260912/lean/AspisV8R19/R804LiteralSourceRowsChunk19.lean,182,P28,
docs/research/v8-full-view-zk-20260912/lean/AspisV8R19/R804LiteralSourceRowsChunk20.lean,200,P28,
docs/research/v8-full-view-zk-20260912/lean/AspisV8R19/R804LiteralSourceRowsChunk21.lean,181,P28,
docs/research/v8-full-view-zk-20260912/lean/AspisV8R19/R804LiteralSourceRowsChunk22.lean,172,P28,
docs/research/v8-full-view-zk-20260912/lean/AspisV8R19/R804LiteralSourceRowsChunk23.lean,182,P28,
docs/research/v8-full-view-zk-20260912/lean/AspisV8R19/R804LiteralSourceRowsChunk24.lean,199,P28,
docs/research/v8-full-view-zk-20260912/lean/AspisV8R19/R804LiteralSourceRowsChunk25.lean,181,P28,
docs/research/v8-full-view-zk-20260912/lean/AspisV8R19/R804LiteralSourceRowsChunk26.lean,191,P28,
docs/research/v8-full-view-zk-20260912/lean/AspisV8R19/R804LiteralSourceRowsChunk27.lean,182,P28,
docs/research/v8-full-view-zk-20260912/lean/AspisV8R19/R804LiteralSourceRowsChunk28.lean,190,P28,
docs/research/v8-full-view-zk-20260912/lean/AspisV8R19/R804LiteralSourceRowsChunk29.lean,164,P28,
docs/research/v8-full-view-zk-20260912/lean/AspisV8R19/R804LiteralSourceRowsChunk30.lean,200,P28,
docs/research/v8-full-view-zk-20260912/lean/AspisV8R19/R804LiteralSourceRowsChunk31.lean,171,P28,
docs/research/v8-full-view-zk-20260912/lean/AspisV8R19/R804LiteralSourceRowsChunk32.lean,182,P28,
docs/research/v8-full-view-zk-20260912/lean/AspisV8R19/R804LiteralSourceRowsChunk33.lean,164,P28,
docs/research/v8-full-view-zk-20260912/lean/AspisV8R19/R804LiteralSourceRowsChunk34.lean,236,P28,
docs/research/v8-full-view-zk-20260912/lean/AspisV8R19/R804LiteralSourceRowsChunk35.lean,162,P28,
docs/research/v8-full-view-zk-20260912/lean/AspisV8R19/R804LiteralSourceRowsChunk36.lean,182,P28,
docs/research/v8-full-view-zk-20260912/lean/AspisV8R19/R804LiteralSourceRowsChunk37.lean,190,P28,
docs/research/v8-full-view-zk-20260912/lean/AspisV8R19/R804LiteralSourceRowsChunk38.lean,172,P28,
docs/research/v8-full-view-zk-20260912/lean/AspisV8R19/R804LiteralSourceRowsChunk39.lean,209,P28,
docs/research/v8-full-view-zk-20260912/lean/AspisV8R19/R804LiteralSourceRowsChunk40.lean,227,P28,
docs/research/v8-full-view-zk-20260912/lean/AspisV8R19/R804LiteralSourceRowsChunk41.lean,209,P28,
docs/research/v8-full-view-zk-20260912/lean/AspisV8R19/R804LiteralSourceRowsChunk42.lean,236,P28,
docs/research/v8-full-view-zk-20260912/lean/AspisV8R19/R804LiteralSourceRowsChunk43.lean,209,P28,
docs/research/v8-full-view-zk-20260912/lean/AspisV8R19/R804LiteralSourceRowsChunk44.lean,200,P28,
docs/research/v8-full-view-zk-20260912/lean/AspisV8R19/R804LiteralSourceRowsChunk45.lean,208,P28,
docs/research/v8-full-view-zk-20260912/lean/AspisV8R19/R804LiteralSourceRowsChunk46.lean,209,P28,
docs/research/v8-full-view-zk-20260912/lean/AspisV8R19/R804LiteralSourceRowsChunk47.lean,227,P28,
docs/research/v8-full-view-zk-20260912/lean/AspisV8R19/R804LiteralSourceRowsChunk48.lean,208,P28,
docs/research/v8-full-view-zk-20260912/lean/AspisV8R19/R804LiteralSourceRowsChunk49.lean,227,P28,
docs/research/v8-full-view-zk-20260912/lean/AspisV8R19/R804LiteralSourceRowsChunk50.lean,209,P28,
docs/research/v8-full-view-zk-20260912/lean/AspisV8R19/R804LiteralSourceRowsChunk51.lean,200,P28,
docs/research/v8-full-view-zk-20260912/lean/AspisV8R19/R804LiteralSourceRowsChunk52.lean,191,P28,
docs/research/v8-full-view-zk-20260912/lean/AspisV8R19/R805BlockDeterminantAssembly.lean,32,P28,
docs/research/v8-full-view-zk-20260912/lean/AspisV8R19/R806LiteralBlockLayout.lean,365,P28,
docs/research/v8-full-view-zk-20260912/lean/AspisV8R19/R806Point02SelectedChunk00.lean,179,P28,
docs/research/v8-full-view-zk-20260912/lean/AspisV8R19/R806Point02SelectedChunk01.lean,183,P28,
docs/research/v8-full-view-zk-20260912/lean/AspisV8R19/R806Point02SelectedChunk02.lean,183,P28,
docs/research/v8-full-view-zk-20260912/lean/AspisV8R19/R806Point02SelectedChunk03.lean,179,P28,
docs/research/v8-full-view-zk-20260912/lean/AspisV8R19/R806Point02SelectedChunk04.lean,187,P28,
docs/research/v8-full-view-zk-20260912/lean/AspisV8R19/R806Point02SelectedChunk05.lean,187,P28,
docs/research/v8-full-view-zk-20260912/lean/AspisV8R19/R806Point02SelectedChunk06.lean,183,P28,
docs/research/v8-full-view-zk-20260912/lean/AspisV8R19/R806Point02SelectedChunk07.lean,179,P28,
docs/research/v8-full-view-zk-20260912/lean/AspisV8R19/R806Point02SelectedChunk08.lean,175,P28,
docs/research/v8-full-view-zk-20260912/lean/AspisV8R19/R806Point02SelectedChunk09.lean,63,P28,
docs/research/v8-full-view-zk-20260912/lean/AspisV8R19/R807SourceBlock01Binding.lean,48,P28,
docs/research/v8-full-view-zk-20260912/lean/AspisV8R19/R807SourceBlock02Binding.lean,47,P28,
docs/research/v8-full-view-zk-20260912/lean/AspisV8R19/R807SourceBlock03Binding.lean,32,P28,
docs/research/v8-full-view-zk-20260912/lean/AspisV8R19/R807SourceBlock03Row00.lean,37,P28,
docs/research/v8-full-view-zk-20260912/lean/AspisV8R19/R807SourceBlock03RowsChunk00.lean,50,P28,
docs/research/v8-full-view-zk-20260912/lean/AspisV8R19/R807SourceBlock03RowsChunk01.lean,49,P28,
docs/research/v8-full-view-zk-20260912/lean/AspisV8R19/R807SourceBlock03RowsChunk02.lean,50,P28,
docs/research/v8-full-view-zk-20260912/lean/AspisV8R19/R807SourceBlock03RowsChunk03.lean,38,P28,
docs/research/v8-full-view-zk-20260912/lean/AspisV8R19/R807SourceBlock04Binding.lean,51,P28,
docs/research/v8-full-view-zk-20260912/lean/AspisV8R19/R807SourceBlock04RowsChunk00.lean,38,P28,
docs/research/v8-full-view-zk-20260912/lean/AspisV8R19/R807SourceBlock04RowsChunk01.lean,38,P28,
docs/research/v8-full-view-zk-20260912/lean/AspisV8R19/R807SourceBlock04RowsChunk02.lean,38,P28,
docs/research/v8-full-view-zk-20260912/lean/AspisV8R19/R807SourceBlock04RowsChunk03.lean,38,P28,
docs/research/v8-full-view-zk-20260912/lean/AspisV8R19/R807SourceBlock04RowsChunk04.lean,38,P28,
docs/research/v8-full-view-zk-20260912/lean/AspisV8R19/R807SourceBlock04RowsChunk05.lean,38,P28,
docs/research/v8-full-view-zk-20260912/lean/AspisV8R19/R807SourceBlock04RowsChunk06.lean,38,P28,
docs/research/v8-full-view-zk-20260912/lean/AspisV8R19/R807SourceBlock04RowsChunk07.lean,38,P28,
docs/research/v8-full-view-zk-20260912/lean/AspisV8R19/R807SourceBlock04RowsChunk08.lean,38,P28,
docs/research/v8-full-view-zk-20260912/lean/AspisV8R19/R807SourceBlock04RowsChunk09.lean,38,P28,
docs/research/v8-full-view-zk-20260912/lean/AspisV8R19/R807SourceBlock04RowsChunk10.lean,38,P28,
docs/research/v8-full-view-zk-20260912/lean/AspisV8R19/R807SourceBlock04RowsChunk11.lean,38,P28,
docs/research/v8-full-view-zk-20260912/lean/AspisV8R19/R807SourceBlock04RowsChunk12.lean,38,P28,
docs/research/v8-full-view-zk-20260912/lean/AspisV8R19/R807SourceBlock04RowsChunk13.lean,38,P28,
docs/research/v8-full-view-zk-20260912/lean/AspisV8R19/R807SourceBlock04RowsChunk14.lean,38,P28,
docs/research/v8-full-view-zk-20260912/lean/AspisV8R19/R807SourceBlock04RowsChunk15.lean,38,P28,
docs/research/v8-full-view-zk-20260912/lean/AspisV8R19/R807SourceBlock05Binding.lean,21,P28,
docs/research/v8-full-view-zk-20260912/lean/AspisV8R19/R807SourceBlock05RowsChunk00.lean,38,P28,
docs/research/v8-full-view-zk-20260912/lean/AspisV8R19/R807SourceBlock07Binding.lean,22,P28,
docs/research/v8-full-view-zk-20260912/lean/AspisV8R19/R807SourceBlock07RowsChunk00.lean,49,P28,
docs/research/v8-full-view-zk-20260912/lean/AspisV8R19/R807SourceBlock08Binding.lean,31,P28,
docs/research/v8-full-view-zk-20260912/lean/AspisV8R19/R807SourceBlock08RowsChunk00.lean,49,P28,
docs/research/v8-full-view-zk-20260912/lean/AspisV8R19/R807SourceBlock08RowsChunk01.lean,50,P28,
docs/research/v8-full-view-zk-20260912/lean/AspisV8R19/R807SourceBlock08RowsChunk02.lean,49,P28,
docs/research/v8-full-view-zk-20260912/lean/AspisV8R19/R807SourceBlock08RowsChunk03.lean,50,P28,
docs/research/v8-full-view-zk-20260912/lean/AspisV8R19/R807SourceBlock09Binding.lean,51,P28,
docs/research/v8-full-view-zk-20260912/lean/AspisV8R19/R807SourceBlock09RowsChunk00.lean,38,P28,
docs/research/v8-full-view-zk-20260912/lean/AspisV8R19/R807SourceBlock09RowsChunk01.lean,38,P28,
docs/research/v8-full-view-zk-20260912/lean/AspisV8R19/R807SourceBlock09RowsChunk02.lean,38,P28,
docs/research/v8-full-view-zk-20260912/lean/AspisV8R19/R807SourceBlock09RowsChunk03.lean,38,P28,
docs/research/v8-full-view-zk-20260912/lean/AspisV8R19/R807SourceBlock09RowsChunk04.lean,38,P28,
docs/research/v8-full-view-zk-20260912/lean/AspisV8R19/R807SourceBlock09RowsChunk05.lean,38,P28,
docs/research/v8-full-view-zk-20260912/lean/AspisV8R19/R807SourceBlock09RowsChunk06.lean,38,P28,
docs/research/v8-full-view-zk-20260912/lean/AspisV8R19/R807SourceBlock09RowsChunk07.lean,38,P28,
docs/research/v8-full-view-zk-20260912/lean/AspisV8R19/R807SourceBlock09RowsChunk08.lean,38,P28,
docs/research/v8-full-view-zk-20260912/lean/AspisV8R19/R807SourceBlock09RowsChunk09.lean,38,P28,
docs/research/v8-full-view-zk-20260912/lean/AspisV8R19/R807SourceBlock09RowsChunk10.lean,38,P28,
docs/research/v8-full-view-zk-20260912/lean/AspisV8R19/R807SourceBlock09RowsChunk11.lean,38,P28,
docs/research/v8-full-view-zk-20260912/lean/AspisV8R19/R807SourceBlock09RowsChunk12.lean,38,P28,
docs/research/v8-full-view-zk-20260912/lean/AspisV8R19/R807SourceBlock09RowsChunk13.lean,38,P28,
docs/research/v8-full-view-zk-20260912/lean/AspisV8R19/R807SourceBlock09RowsChunk14.lean,38,P28,
docs/research/v8-full-view-zk-20260912/lean/AspisV8R19/R807SourceBlock09RowsChunk15.lean,38,P28,
docs/research/v8-full-view-zk-20260912/lean/AspisV8R19/R807SourceBlock10Binding.lean,21,P28,
docs/research/v8-full-view-zk-20260912/lean/AspisV8R19/R807SourceBlock10RowsChunk00.lean,38,P28,
docs/research/v8-full-view-zk-20260912/lean/AspisV8R19/R807SourceBlock11Binding.lean,25,P28,
docs/research/v8-full-view-zk-20260912/lean/AspisV8R19/R807SourceBlock11RowsChunk00.lean,49,P28,
docs/research/v8-full-view-zk-20260912/lean/AspisV8R19/R807SourceBlock11RowsChunk01.lean,49,P28,
docs/research/v8-full-view-zk-20260912/lean/AspisV8R19/R807SourceBlock12Binding.lean,51,P28,
docs/research/v8-full-view-zk-20260912/lean/AspisV8R19/R807SourceBlock12RowsChunk00.lean,38,P28,
docs/research/v8-full-view-zk-20260912/lean/AspisV8R19/R807SourceBlock12RowsChunk01.lean,38,P28,
docs/research/v8-full-view-zk-20260912/lean/AspisV8R19/R807SourceBlock12RowsChunk02.lean,38,P28,
docs/research/v8-full-view-zk-20260912/lean/AspisV8R19/R807SourceBlock12RowsChunk03.lean,38,P28,
docs/research/v8-full-view-zk-20260912/lean/AspisV8R19/R807SourceBlock12RowsChunk04.lean,38,P28,
docs/research/v8-full-view-zk-20260912/lean/AspisV8R19/R807SourceBlock12RowsChunk05.lean,38,P28,
docs/research/v8-full-view-zk-20260912/lean/AspisV8R19/R807SourceBlock12RowsChunk06.lean,38,P28,
docs/research/v8-full-view-zk-20260912/lean/AspisV8R19/R807SourceBlock12RowsChunk07.lean,38,P28,
docs/research/v8-full-view-zk-20260912/lean/AspisV8R19/R807SourceBlock12RowsChunk08.lean,38,P28,
docs/research/v8-full-view-zk-20260912/lean/AspisV8R19/R807SourceBlock12RowsChunk09.lean,38,P28,
docs/research/v8-full-view-zk-20260912/lean/AspisV8R19/R807SourceBlock12RowsChunk10.lean,38,P28,
docs/research/v8-full-view-zk-20260912/lean/AspisV8R19/R807SourceBlock12RowsChunk11.lean,38,P28,
docs/research/v8-full-view-zk-20260912/lean/AspisV8R19/R807SourceBlock12RowsChunk12.lean,38,P28,
docs/research/v8-full-view-zk-20260912/lean/AspisV8R19/R807SourceBlock12RowsChunk13.lean,38,P28,
docs/research/v8-full-view-zk-20260912/lean/AspisV8R19/R807SourceBlock12RowsChunk14.lean,38,P28,
docs/research/v8-full-view-zk-20260912/lean/AspisV8R19/R807SourceBlock12RowsChunk15.lean,38,P28,
docs/research/v8-full-view-zk-20260912/lean/AspisV8R19/R807SourceBlock13Binding.lean,25,P28,
docs/research/v8-full-view-zk-20260912/lean/AspisV8R19/R807SourceBlock13RowsChunk00.lean,49,P28,
docs/research/v8-full-view-zk-20260912/lean/AspisV8R19/R807SourceBlock13RowsChunk01.lean,49,P28,
docs/research/v8-full-view-zk-20260912/lean/AspisV8R19/R807SourceBlock14Binding.lean,21,P28,
docs/research/v8-full-view-zk-20260912/lean/AspisV8R19/R807SourceBlock14RowsChunk00.lean,38,P28,
docs/research/v8-full-view-zk-20260912/lean/AspisV8R19/R807SourceBlock15Binding.lean,25,P28,
docs/research/v8-full-view-zk-20260912/lean/AspisV8R19/R807SourceBlock15RowsChunk00.lean,49,P28,
docs/research/v8-full-view-zk-20260912/lean/AspisV8R19/R807SourceBlock15RowsChunk01.lean,49,P28,
docs/research/v8-full-view-zk-20260912/lean/AspisV8R19/R807SourceBlock16Binding.lean,22,P28,
docs/research/v8-full-view-zk-20260912/lean/AspisV8R19/R807SourceBlock16RowsChunk00.lean,49,P28,
docs/research/v8-full-view-zk-20260912/lean/AspisV8R19/R807SourceBlock17Binding.lean,21,P28,
docs/research/v8-full-view-zk-20260912/lean/AspisV8R19/R807SourceBlock17RowsChunk00.lean,38,P28,
docs/research/v8-full-view-zk-20260912/lean/AspisV8R19/R807SourceBlock18Binding.lean,22,P28,
docs/research/v8-full-view-zk-20260912/lean/AspisV8R19/R807SourceBlock18RowsChunk00.lean,49,P28,
docs/research/v8-full-view-zk-20260912/lean/AspisV8R19/R807SourceBlock19Binding.lean,25,P28,
docs/research/v8-full-view-zk-20260912/lean/AspisV8R19/R807SourceBlock19RowsChunk00.lean,49,P28,
docs/research/v8-full-view-zk-20260912/lean/AspisV8R19/R807SourceBlock19RowsChunk01.lean,50,P28,
docs/research/v8-full-view-zk-20260912/lean/AspisV8R19/R807SourceBlock20Binding.lean,22,P28,
docs/research/v8-full-view-zk-20260912/lean/AspisV8R19/R807SourceBlock20RowsChunk00.lean,50,P28,
docs/research/v8-full-view-zk-20260912/lean/AspisV8R19/R807SourceBlock21Binding.lean,21,P28,
docs/research/v8-full-view-zk-20260912/lean/AspisV8R19/R807SourceBlock21RowsChunk00.lean,38,P28,
docs/research/v8-full-view-zk-20260912/lean/AspisV8R19/R807SourceBlock22Binding.lean,31,P28,
docs/research/v8-full-view-zk-20260912/lean/AspisV8R19/R807SourceBlock22RowsChunk00.lean,49,P28,
docs/research/v8-full-view-zk-20260912/lean/AspisV8R19/R807SourceBlock22RowsChunk01.lean,50,P28,
docs/research/v8-full-view-zk-20260912/lean/AspisV8R19/R807SourceBlock22RowsChunk02.lean,49,P28,
docs/research/v8-full-view-zk-20260912/lean/AspisV8R19/R807SourceBlock22RowsChunk03.lean,50,P28,
docs/research/v8-full-view-zk-20260912/lean/AspisV8R19/R807SourceBlock23Binding.lean,22,P28,
docs/research/v8-full-view-zk-20260912/lean/AspisV8R19/R807SourceBlock23RowsChunk00.lean,49,P28,
docs/research/v8-full-view-zk-20260912/lean/AspisV8R19/R807SourceBlock24Binding.lean,22,P28,
docs/research/v8-full-view-zk-20260912/lean/AspisV8R19/R807SourceBlock24RowsChunk00.lean,49,P28,
docs/research/v8-full-view-zk-20260912/lean/AspisV8R19/R807SourceBlock25Binding.lean,22,P28,
docs/research/v8-full-view-zk-20260912/lean/AspisV8R19/R807SourceBlock25RowsChunk00.lean,49,P28,
docs/research/v8-full-view-zk-20260912/lean/AspisV8R19/R807SourceBlock26Binding.lean,21,P28,
docs/research/v8-full-view-zk-20260912/lean/AspisV8R19/R807SourceBlock26RowsChunk00.lean,38,P28,
docs/research/v8-full-view-zk-20260912/lean/AspisV8R19/R807SourceBlock27Binding.lean,25,P28,
docs/research/v8-full-view-zk-20260912/lean/AspisV8R19/R807SourceBlock27RowsChunk00.lean,50,P28,
docs/research/v8-full-view-zk-20260912/lean/AspisV8R19/R807SourceBlock27RowsChunk01.lean,49,P28,
docs/research/v8-full-view-zk-20260912/lean/AspisV8R19/R807SourceBlock28Binding.lean,22,P28,
docs/research/v8-full-view-zk-20260912/lean/AspisV8R19/R807SourceBlock28RowsChunk00.lean,49,P28,
docs/research/v8-full-view-zk-20260912/lean/AspisV8R19/R807SourceBlock29Binding.lean,21,P28,
docs/research/v8-full-view-zk-20260912/lean/AspisV8R19/R807SourceBlock29RowsChunk00.lean,38,P28,
docs/research/v8-full-view-zk-20260912/lean/AspisV8R19/R807SourceBlock30Binding.lean,22,P28,
docs/research/v8-full-view-zk-20260912/lean/AspisV8R19/R807SourceBlock30RowsChunk00.lean,50,P28,
docs/research/v8-full-view-zk-20260912/lean/AspisV8R19/R807SourceBlock31Binding.lean,22,P28,
docs/research/v8-full-view-zk-20260912/lean/AspisV8R19/R807SourceBlock31RowsChunk00.lean,49,P28,
docs/research/v8-full-view-zk-20260912/lean/AspisV8R19/R807SourceBlock32Binding.lean,31,P28,
docs/research/v8-full-view-zk-20260912/lean/AspisV8R19/R807SourceBlock32RowsChunk00.lean,49,P28,
docs/research/v8-full-view-zk-20260912/lean/AspisV8R19/R807SourceBlock32RowsChunk01.lean,50,P28,
docs/research/v8-full-view-zk-20260912/lean/AspisV8R19/R807SourceBlock32RowsChunk02.lean,49,P28,
docs/research/v8-full-view-zk-20260912/lean/AspisV8R19/R807SourceBlock32RowsChunk03.lean,50,P28,
docs/research/v8-full-view-zk-20260912/lean/AspisV8R19/R807SourceBlock33Binding.lean,31,P28,
docs/research/v8-full-view-zk-20260912/lean/AspisV8R19/R807SourceBlock33RowsChunk00.lean,49,P28,
docs/research/v8-full-view-zk-20260912/lean/AspisV8R19/R807SourceBlock33RowsChunk01.lean,50,P28,
docs/research/v8-full-view-zk-20260912/lean/AspisV8R19/R807SourceBlock33RowsChunk02.lean,49,P28,
docs/research/v8-full-view-zk-20260912/lean/AspisV8R19/R807SourceBlock33RowsChunk03.lean,50,P28,
docs/research/v8-full-view-zk-20260912/lean/AspisV8R19/R807SourceBlock34Binding.lean,25,P28,
docs/research/v8-full-view-zk-20260912/lean/AspisV8R19/R807SourceBlock34RowsChunk00.lean,49,P28,
docs/research/v8-full-view-zk-20260912/lean/AspisV8R19/R807SourceBlock34RowsChunk01.lean,50,P28,
docs/research/v8-full-view-zk-20260912/lean/AspisV8R19/R807SourceBlock35Binding.lean,22,P28,
docs/research/v8-full-view-zk-20260912/lean/AspisV8R19/R807SourceBlock35RowsChunk00.lean,50,P28,
docs/research/v8-full-view-zk-20260912/lean/AspisV8R19/R807SourceBlock36Binding.lean,24,P28,
docs/research/v8-full-view-zk-20260912/lean/AspisV8R19/R807SourceBlock36RowsChunk00.lean,49,P28,
docs/research/v8-full-view-zk-20260912/lean/AspisV8R19/R807SourceBlock36RowsChunk01.lean,38,P28,
docs/research/v8-full-view-zk-20260912/lean/AspisV8R19/R807SourceBlock37Binding.lean,25,P28,
docs/research/v8-full-view-zk-20260912/lean/AspisV8R19/R807SourceBlock37RowsChunk00.lean,49,P28,
docs/research/v8-full-view-zk-20260912/lean/AspisV8R19/R807SourceBlock37RowsChunk01.lean,49,P28,
docs/research/v8-full-view-zk-20260912/lean/AspisV8R19/R807SourceBlock38Binding.lean,31,P28,
docs/research/v8-full-view-zk-20260912/lean/AspisV8R19/R807SourceBlock38RowsChunk00.lean,49,P28,
docs/research/v8-full-view-zk-20260912/lean/AspisV8R19/R807SourceBlock38RowsChunk01.lean,49,P28,
docs/research/v8-full-view-zk-20260912/lean/AspisV8R19/R807SourceBlock38RowsChunk02.lean,49,P28,
docs/research/v8-full-view-zk-20260912/lean/AspisV8R19/R807SourceBlock38RowsChunk03.lean,49,P28,
docs/research/v8-full-view-zk-20260912/lean/AspisV8R19/R807SourceBlock39Binding.lean,51,P28,
docs/research/v8-full-view-zk-20260912/lean/AspisV8R19/R807SourceBlock39RowsChunk00.lean,38,P28,
docs/research/v8-full-view-zk-20260912/lean/AspisV8R19/R807SourceBlock39RowsChunk01.lean,38,P28,
docs/research/v8-full-view-zk-20260912/lean/AspisV8R19/R807SourceBlock39RowsChunk02.lean,38,P28,
docs/research/v8-full-view-zk-20260912/lean/AspisV8R19/R807SourceBlock39RowsChunk03.lean,38,P28,
docs/research/v8-full-view-zk-20260912/lean/AspisV8R19/R807SourceBlock39RowsChunk04.lean,38,P28,
docs/research/v8-full-view-zk-20260912/lean/AspisV8R19/R807SourceBlock39RowsChunk05.lean,38,P28,
docs/research/v8-full-view-zk-20260912/lean/AspisV8R19/R807SourceBlock39RowsChunk06.lean,38,P28,
docs/research/v8-full-view-zk-20260912/lean/AspisV8R19/R807SourceBlock39RowsChunk07.lean,38,P28,
docs/research/v8-full-view-zk-20260912/lean/AspisV8R19/R807SourceBlock39RowsChunk08.lean,38,P28,
docs/research/v8-full-view-zk-20260912/lean/AspisV8R19/R807SourceBlock39RowsChunk09.lean,38,P28,
docs/research/v8-full-view-zk-20260912/lean/AspisV8R19/R807SourceBlock39RowsChunk10.lean,38,P28,
docs/research/v8-full-view-zk-20260912/lean/AspisV8R19/R807SourceBlock39RowsChunk11.lean,38,P28,
docs/research/v8-full-view-zk-20260912/lean/AspisV8R19/R807SourceBlock39RowsChunk12.lean,38,P28,
docs/research/v8-full-view-zk-20260912/lean/AspisV8R19/R807SourceBlock39RowsChunk13.lean,38,P28,
docs/research/v8-full-view-zk-20260912/lean/AspisV8R19/R807SourceBlock39RowsChunk14.lean,38,P28,
docs/research/v8-full-view-zk-20260912/lean/AspisV8R19/R807SourceBlock39RowsChunk15.lean,38,P28,
docs/research/v8-full-view-zk-20260912/lean/AspisV8R19/R807SourceBlock40Binding.lean,21,P28,
docs/research/v8-full-view-zk-20260912/lean/AspisV8R19/R807SourceBlock40RowsChunk00.lean,38,P28,
docs/research/v8-full-view-zk-20260912/lean/AspisV8R19/R808PointCoefficientStencil.lean,36,P28,
docs/research/v8-full-view-zk-20260912/lean/AspisV8R19/R809SourceBlockAssembly.lean,28,P28,
docs/research/v8-full-view-zk-20260912/lean/AspisV8R19/R810CoefficientCellPrototype.lean,62,P28,
docs/research/v8-full-view-zk-20260912/lean/AspisV8R19/R810CoefficientCellsChunk00.lean,198,P28,
docs/research/v8-full-view-zk-20260912/lean/AspisV8R19/R810CoefficientCellsChunk01.lean,196,P28,
docs/research/v8-full-view-zk-20260912/lean/AspisV8R19/R810CoefficientCellsChunk02.lean,170,P28,
docs/research/v8-full-view-zk-20260912/lean/AspisV8R19/R811SourceLowerZeroChunk01.lean,67,P28,
docs/research/v8-full-view-zk-20260912/lean/AspisV8R19/R811SourceLowerZeroChunk02.lean,67,P28,
docs/research/v8-full-view-zk-20260912/lean/AspisV8R19/R811SourceLowerZeroChunk03.lean,67,P28,
docs/research/v8-full-view-zk-20260912/lean/AspisV8R19/R811SourceLowerZeroChunk04.lean,67,P28,
docs/research/v8-full-view-zk-20260912/lean/AspisV8R19/R811SourceLowerZeroChunk05.lean,67,P28,
docs/research/v8-full-view-zk-20260912/lean/AspisV8R19/R811SourceLowerZeroChunk06.lean,67,P28,
docs/research/v8-full-view-zk-20260912/lean/AspisV8R19/R811SourceLowerZeroChunk07.lean,67,P28,
docs/research/v8-full-view-zk-20260912/lean/AspisV8R19/R811SourceLowerZeroChunk08.lean,67,P28,
docs/research/v8-full-view-zk-20260912/lean/AspisV8R19/R811SourceLowerZeroChunk09.lean,67,P28,
docs/research/v8-full-view-zk-20260912/lean/AspisV8R19/R811SourceLowerZeroChunk10.lean,67,P28,
docs/research/v8-full-view-zk-20260912/lean/AspisV8R19/R811SourceLowerZeroChunk11.lean,67,P28,
docs/research/v8-full-view-zk-20260912/lean/AspisV8R19/R811SourceLowerZeroChunk12.lean,67,P28,
docs/research/v8-full-view-zk-20260912/lean/AspisV8R19/R811SourceLowerZeroChunk13.lean,67,P28,
docs/research/v8-full-view-zk-20260912/lean/AspisV8R19/R811SourceLowerZeroChunk14.lean,67,P28,
docs/research/v8-full-view-zk-20260912/lean/AspisV8R19/R811SourceLowerZeroChunk15.lean,67,P28,
docs/research/v8-full-view-zk-20260912/lean/AspisV8R19/R811SourceLowerZeroChunk16.lean,67,P28,
docs/research/v8-full-view-zk-20260912/lean/AspisV8R19/R811SourceLowerZeroChunk17.lean,67,P28,
docs/research/v8-full-view-zk-20260912/lean/AspisV8R19/R811SourceLowerZeroChunk18.lean,67,P28,
docs/research/v8-full-view-zk-20260912/lean/AspisV8R19/R811SourceLowerZeroChunk19.lean,67,P28,
docs/research/v8-full-view-zk-20260912/lean/AspisV8R19/R811SourceLowerZeroChunk20.lean,67,P28,
docs/research/v8-full-view-zk-20260912/lean/AspisV8R19/R811SourceLowerZeroChunk21.lean,67,P28,
docs/research/v8-full-view-zk-20260912/lean/AspisV8R19/R811SourceLowerZeroChunk22.lean,67,P28,
docs/research/v8-full-view-zk-20260912/lean/AspisV8R19/R811SourceLowerZeroChunk23.lean,67,P28,
docs/research/v8-full-view-zk-20260912/lean/AspisV8R19/R811SourceLowerZeroChunk24.lean,67,P28,
docs/research/v8-full-view-zk-20260912/lean/AspisV8R19/R811SourceLowerZeroChunk25.lean,67,P28,
docs/research/v8-full-view-zk-20260912/lean/AspisV8R19/R811SourceLowerZeroChunk26.lean,67,P28,
docs/research/v8-full-view-zk-20260912/lean/AspisV8R19/R811SourceLowerZeroChunk27.lean,67,P28,
docs/research/v8-full-view-zk-20260912/lean/AspisV8R19/R811SourceLowerZeroChunk28.lean,67,P28,
docs/research/v8-full-view-zk-20260912/lean/AspisV8R19/R811SourceLowerZeroChunk29.lean,67,P28,
docs/research/v8-full-view-zk-20260912/lean/AspisV8R19/R811SourceLowerZeroChunk30.lean,67,P28,
docs/research/v8-full-view-zk-20260912/lean/AspisV8R19/R811SourceLowerZeroChunk31.lean,67,P28,
docs/research/v8-full-view-zk-20260912/lean/AspisV8R19/R811SourceLowerZeroChunk32.lean,67,P28,
docs/research/v8-full-view-zk-20260912/lean/AspisV8R19/R811SourceLowerZeroChunk33.lean,67,P28,
docs/research/v8-full-view-zk-20260912/lean/AspisV8R19/R811SourceLowerZeroChunk34.lean,67,P28,
docs/research/v8-full-view-zk-20260912/lean/AspisV8R19/R811SourceLowerZeroChunk35.lean,67,P28,
docs/research/v8-full-view-zk-20260912/lean/AspisV8R19/R811SourceLowerZeroChunk36.lean,67,P28,
docs/research/v8-full-view-zk-20260912/lean/AspisV8R19/R811SourceLowerZeroChunk37.lean,67,P28,
docs/research/v8-full-view-zk-20260912/lean/AspisV8R19/R811SourceLowerZeroChunk38.lean,67,P28,
docs/research/v8-full-view-zk-20260912/lean/AspisV8R19/R811SourceLowerZeroChunk39.lean,67,P28,
docs/research/v8-full-view-zk-20260912/lean/AspisV8R19/R811SourceLowerZeroChunk40.lean,67,P28,
docs/research/v8-full-view-zk-20260912/lean/AspisV8R19/R811SourceLowerZeroChunk41.lean,67,P28,
docs/research/v8-full-view-zk-20260912/lean/AspisV8R19/R811SourceLowerZeroChunk42.lean,67,P28,
docs/research/v8-full-view-zk-20260912/lean/AspisV8R19/R811SourceLowerZeroChunk43.lean,67,P28,
docs/research/v8-full-view-zk-20260912/lean/AspisV8R19/R811SourceLowerZeroChunk44.lean,67,P28,
docs/research/v8-full-view-zk-20260912/lean/AspisV8R19/R811SourceLowerZeroChunk45.lean,67,P28,
docs/research/v8-full-view-zk-20260912/lean/AspisV8R19/R811SourceLowerZeroChunk46.lean,67,P28,
docs/research/v8-full-view-zk-20260912/lean/AspisV8R19/R811SourceLowerZeroChunk47.lean,67,P28,
docs/research/v8-full-view-zk-20260912/lean/AspisV8R19/R811SourceLowerZeroChunk48.lean,67,P28,
docs/research/v8-full-view-zk-20260912/lean/AspisV8R19/R811SourceLowerZeroChunk49.lean,67,P28,
docs/research/v8-full-view-zk-20260912/lean/AspisV8R19/R811SourceLowerZeroChunk50.lean,67,P28,
docs/research/v8-full-view-zk-20260912/lean/AspisV8R19/R811SourceLowerZeroChunk51.lean,67,P28,
docs/research/v8-full-view-zk-20260912/lean/AspisV8R19/R811SourceLowerZeroChunk52.lean,67,P28,
docs/research/v8-full-view-zk-20260912/lean/AspisV8R19/R811SourceLowerZeroChunk53.lean,67,P28,
docs/research/v8-full-view-zk-20260912/lean/AspisV8R19/R811SourceLowerZeroChunk54.lean,31,P28,
docs/research/v8-full-view-zk-20260912/lean/AspisV8R19/R811SourceLowerZeroPrototype.lean,29,P28,
docs/research/v8-full-view-zk-20260912/lean/AspisV8R19/R812BlockSixBinding.lean,69,P28,
docs/research/v8-full-view-zk-20260912/lean/AspisV8R19/R812BlockSixP0CertificateRow.lean,53,P28,
docs/research/v8-full-view-zk-20260912/lean/AspisV8R19/R812BlockSixP0LowerZeros.lean,59,P28,
docs/research/v8-full-view-zk-20260912/lean/AspisV8R19/R812BlockSixP0RowBridge.lean,16,P28,
docs/research/v8-full-view-zk-20260912/lean/AspisV8R19/R812BlockSixP0SourceRow.lean,58,P28,
docs/research/v8-full-view-zk-20260912/lean/AspisV8R19/R812BlockSixP2CertificateRow.lean,53,P28,
docs/research/v8-full-view-zk-20260912/lean/AspisV8R19/R812BlockSixP2LowerZeros.lean,59,P28,
docs/research/v8-full-view-zk-20260912/lean/AspisV8R19/R812BlockSixP2RowBridge.lean,16,P28,
docs/research/v8-full-view-zk-20260912/lean/AspisV8R19/R812BlockSixP2SourceRow.lean,58,P28,
docs/research/v8-full-view-zk-20260912/lean/AspisV8R19/R812P0StaticChunk00.lean,71,P28,
docs/research/v8-full-view-zk-20260912/lean/AspisV8R19/R812P0StaticChunk01.lean,71,P28,
docs/research/v8-full-view-zk-20260912/lean/AspisV8R19/R812P0StaticChunk02.lean,71,P28,
docs/research/v8-full-view-zk-20260912/lean/AspisV8R19/R812P0StaticChunk03.lean,71,P28,
docs/research/v8-full-view-zk-20260912/lean/AspisV8R19/R812P0StaticChunk04.lean,64,P28,
docs/research/v8-full-view-zk-20260912/lean/AspisV8R19/R812P0StaticLowChunk00.lean,69,P28,
docs/research/v8-full-view-zk-20260912/lean/AspisV8R19/R812P0StaticLowChunk01.lean,69,P28,
docs/research/v8-full-view-zk-20260912/lean/AspisV8R19/R812P0StaticLowChunk02.lean,69,P28,
docs/research/v8-full-view-zk-20260912/lean/AspisV8R19/R812P0StaticLowChunk03.lean,69,P28,
docs/research/v8-full-view-zk-20260912/lean/AspisV8R19/R812P0StaticLowChunk04.lean,34,P28,
docs/research/v8-full-view-zk-20260912/lean/AspisV8R19/R812P2StaticChunk00.lean,71,P28,
docs/research/v8-full-view-zk-20260912/lean/AspisV8R19/R812P2StaticChunk01.lean,71,P28,
docs/research/v8-full-view-zk-20260912/lean/AspisV8R19/R812P2StaticChunk02.lean,71,P28,
docs/research/v8-full-view-zk-20260912/lean/AspisV8R19/R812P2StaticChunk03.lean,71,P28,
docs/research/v8-full-view-zk-20260912/lean/AspisV8R19/R812P2StaticChunk04.lean,64,P28,
docs/research/v8-full-view-zk-20260912/lean/AspisV8R19/R812P2StaticLowChunk00.lean,69,P28,
docs/research/v8-full-view-zk-20260912/lean/AspisV8R19/R812P2StaticLowChunk01.lean,69,P28,
docs/research/v8-full-view-zk-20260912/lean/AspisV8R19/R812P2StaticLowChunk02.lean,69,P28,
docs/research/v8-full-view-zk-20260912/lean/AspisV8R19/R812P2StaticLowChunk03.lean,69,P28,
docs/research/v8-full-view-zk-20260912/lean/AspisV8R19/R812P2StaticLowChunk04.lean,34,P28,
docs/research/v8-full-view-zk-20260912/lean/AspisV8R19/R812Rows01.lean,90,P28,
docs/research/v8-full-view-zk-20260912/lean/AspisV8R19/R812Rows02.lean,88,P28,
docs/research/v8-full-view-zk-20260912/lean/AspisV8R19/R812Rows03.lean,88,P28,
docs/research/v8-full-view-zk-20260912/lean/AspisV8R19/R812Rows04.lean,88,P28,
docs/research/v8-full-view-zk-20260912/lean/AspisV8R19/R812Rows05.lean,88,P28,
docs/research/v8-full-view-zk-20260912/lean/AspisV8R19/R812Rows06.lean,88,P28,
docs/research/v8-full-view-zk-20260912/lean/AspisV8R19/R812Rows07.lean,84,P28,
docs/research/v8-full-view-zk-20260912/lean/AspisV8R19/R812Rows08.lean,84,P28,
docs/research/v8-full-view-zk-20260912/lean/AspisV8R19/R812SourceBlock00Cells00.lean,80,P28,
docs/research/v8-full-view-zk-20260912/lean/AspisV8R19/R812SourceBlock00Cells01.lean,80,P28,
docs/research/v8-full-view-zk-20260912/lean/AspisV8R19/R812SourceBlock00Cells02.lean,80,P28,
docs/research/v8-full-view-zk-20260912/lean/AspisV8R19/R812SourceBlock00Cells03.lean,80,P28,
docs/research/v8-full-view-zk-20260912/lean/AspisV8R19/R812SourceBlock00Cells04.lean,80,P28,
docs/research/v8-full-view-zk-20260912/lean/AspisV8R19/R812SourceBlock00Cells05.lean,80,P28,
docs/research/v8-full-view-zk-20260912/lean/AspisV8R19/R812SourceBlock06Binding.lean,29,P28,
docs/research/v8-full-view-zk-20260912/lean/AspisV8R19/R812SourceBlock06RowsChunk00.lean,66,P28,
docs/research/v8-full-view-zk-20260912/lean/AspisV8R19/R813FinSixExt.lean,12,ORPHAN,unused
docs/research/v8-full-view-zk-20260912/lean/AspisV8R19/R813FiniteFunctionExt1.lean,12,P28,
docs/research/v8-full-view-zk-20260912/lean/AspisV8R19/R813FiniteFunctionExt16.lean,27,P28,
docs/research/v8-full-view-zk-20260912/lean/AspisV8R19/R813FiniteFunctionExt2.lean,13,P28,
docs/research/v8-full-view-zk-20260912/lean/AspisV8R19/R813FiniteFunctionExt3.lean,14,P28,
docs/research/v8-full-view-zk-20260912/lean/AspisV8R19/R813FiniteFunctionExt39.lean,50,P28,
docs/research/v8-full-view-zk-20260912/lean/AspisV8R19/R813FiniteFunctionExt4.lean,15,P28,
docs/research/v8-full-view-zk-20260912/lean/AspisV8R19/R813FiniteFunctionExt8.lean,19,P28,
docs/research/v8-full-view-zk-20260912/lean/AspisV8R19/R814BlockZeroReindex.lean,25,P28,
docs/research/v8-full-view-zk-20260912/lean/AspisV8R19/R815ActiveDiagonalDetUnits.lean,208,P28,
docs/research/v8-full-view-zk-20260912/lean/AspisV8R19/R815BlockZeroSourceView.lean,30,P28,
docs/research/v8-full-view-zk-20260912/lean/AspisV8R19/R815Fin41ExcludeTwo.lean,92,P28,
docs/research/v8-full-view-zk-20260912/lean/AspisV8R19/R816BlockSixSourceView.lean,39,P28,
docs/research/v8-full-view-zk-20260912/lean/AspisV8R19/R816Fin222ActiveSupplementDispatch.lean,37,P28,
docs/research/v8-full-view-zk-20260912/lean/AspisV8R19/R817BlockZeroRow00Binding.lean,58,P28,
docs/research/v8-full-view-zk-20260912/lean/AspisV8R19/R818BlockZeroRow01Binding.lean,54,P28,
docs/research/v8-full-view-zk-20260912/lean/AspisV8R19/R818BlockZeroRow02Binding.lean,54,P28,
docs/research/v8-full-view-zk-20260912/lean/AspisV8R19/R818BlockZeroRow03Binding.lean,54,P28,
docs/research/v8-full-view-zk-20260912/lean/AspisV8R19/R818BlockZeroRow04Binding.lean,54,P28,
docs/research/v8-full-view-zk-20260912/lean/AspisV8R19/R818BlockZeroRow05Binding.lean,54,P28,
docs/research/v8-full-view-zk-20260912/lean/AspisV8R19/R819BlockZeroBinding.lean,43,P28,
docs/research/v8-full-view-zk-20260912/lean/AspisV8R19/R820SupplementaryLowerZero.lean,47,P28,
docs/research/v8-full-view-zk-20260912/lean/AspisV8R19/R821AllSourceDiagonalUnits.lean,25,P28,
docs/research/v8-full-view-zk-20260912/lean/AspisV8R19/R823ActiveLowerZeroDispatcher.lean,313,P28,
docs/research/v8-full-view-zk-20260912/lean/AspisV8R19/R823Fin222AbstractDispatcher.lean,672,P28,
docs/research/v8-full-view-zk-20260912/lean/AspisV8R19/R824SourceBlockTriangular.lean,47,P28,
docs/research/v8-full-view-zk-20260912/lean/AspisV8R19/R825CompleteSourceDeterminant.lean,63,P28,
docs/research/v8-full-view-zk-20260912/lean/AspisV8R19/R826JointCombinationObservation.lean,60,ORPHAN,unused
docs/research/v8-full-view-zk-20260912/lean/AspisV8R19/R827JointCombinationKernel.lean,79,ORPHAN,unused
docs/research/v8-full-view-zk-20260912/lean/AspisV8R19/R828SupplementarySourceLowerRows.lean,118,P28,
docs/research/v8-full-view-zk-20260912/lean/AspisV8R19/R829JointTargetRepair.lean,39,ORPHAN,unused
docs/research/v8-full-view-zk-20260912/lean/AspisV8R19/R830JointCombinationTail.lean,42,ORPHAN,unused
docs/research/v8-full-view-zk-20260912/lean/AspisV8R19/R831JointCombinationBalance.lean,46,ORPHAN,unused
docs/research/v8-full-view-zk-20260912/lean/AspisV8R19/R832BalancedJointTargetRepair.lean,41,ORPHAN,unused
docs/research/v8-full-view-zk-20260912/lean/AspisV8R19/R833RootFixedJointPolynomial.lean,84,P18 P27 P28,
docs/research/v8-full-view-zk-20260912/lean/AspisV8R19/R834NormalizedJointDegree.lean,68,P18 P27 P28,
docs/research/v8-full-view-zk-20260912/lean/AspisV8R19/R835RootFixedJointPolynomialNonzero.lean,52,ORPHAN,unused
docs/research/v8-full-view-zk-20260912/lean/AspisV8R19/R836StatementPointDegree.lean,96,P18 P27 P28,
docs/research/v8-full-view-zk-20260912/lean/AspisV8R19/R837ActiveJointEntryDegree.lean,62,P18 P27 P28,
docs/research/v8-full-view-zk-20260912/lean/AspisV8R19/R838SourceWeightDegree.lean,152,P18 P27 P28,
docs/research/v8-full-view-zk-20260912/lean/AspisV8R19/R839SourceOriginalWeightDegree.lean,60,P18 P27 P28,
docs/research/v8-full-view-zk-20260912/lean/AspisV8R19/R840JointPointRowDegree.lean,102,P18 P27 P28,
docs/research/v8-full-view-zk-20260912/lean/AspisV8R19/R841RawOrdinaryWeightDegree.lean,106,P18 P27 P28,
docs/research/v8-full-view-zk-20260912/lean/AspisV8R19/R842SparseCoefficientDegree.lean,53,P18 P27 P28,
docs/research/v8-full-view-zk-20260912/lean/AspisV8R19/R843CompleteJointDegree.lean,33,P18 P27 P28,
docs/research/v8-full-view-zk-20260912/lean/AspisV8R19/R844JointDeterminantGridBound.lean,40,ORPHAN,unused
docs/research/v8-full-view-zk-20260912/lean/AspisV8R19/R851FullOrdinaryMoment.lean,94,P17 P18 P27 P32,
docs/research/v8-full-view-zk-20260912/lean/AspisV8R19/R852FullOrdinaryCoefficientBoundary.lean,43,P18 P27,
docs/research/v8-full-view-zk-20260912/lean/AspisV8R19/R853JointCoefficientCompletion.lean,36,P18 P27,
docs/research/v8-full-view-zk-20260912/lean/AspisV8R19/R854CompleteOrdinaryJointRepair.lean,101,ORPHAN,unused
docs/research/v8-full-view-zk-20260912/lean/AspisV8R19/R855JointDeterminantFourthRoot.lean,109,ORPHAN,unused
docs/research/v8-full-view-zk-20260912/lean/AspisV8R19/R856OrdinaryJointRepairFromDeterminant.lean,48,ORPHAN,unused
docs/research/v8-full-view-zk-20260912/lean/AspisV8R19/R861SemanticMaskFinishCoins.lean,41,P28,
docs/research/v8-full-view-zk-20260912/lean/AspisV8R19/R863SemanticStructuredMoment.lean,58,ORPHAN,unused
docs/research/v8-full-view-zk-20260912/lean/AspisV8R19/R864SemanticKernel.lean,262,P28,
docs/research/v8-full-view-zk-20260912/lean/AspisV8R19/R865PointWeightBlock.lean,402,P28,
docs/research/v8-full-view-zk-20260912/lean/AspisV8R19/R866OrdinaryBlockKernel.lean,62,P28,
docs/research/v8-full-view-zk-20260912/lean/AspisV8R19/R867SemanticDirectionActiveKernel.lean,67,P28,
docs/research/v8-full-view-zk-20260912/lean/AspisV8R19/R868LowSemanticPairing.lean,48,P18 P27 P28,
docs/research/v8-full-view-zk-20260912/lean/AspisV8R19/R869NormalizedSemanticCoins.lean,134,P18 P27 P28,
docs/research/v8-full-view-zk-20260912/lean/AspisV8R19/R870AugmentedSemanticDeterminant.lean,103,P28,
docs/research/v8-full-view-zk-20260912/lean/AspisV8R19/R871CompleteSemanticDeterminant.lean,37,P28,
docs/research/v8-full-view-zk-20260912/lean/AspisV8R19/R872NormalizedAugmentedAxioms.lean,6,ORPHAN,unused
docs/research/v8-full-view-zk-20260912/lean/AspisV8R19/R872NormalizedAugmentedSemanticMatrix.lean,157,P28,
docs/research/v8-full-view-zk-20260912/lean/AspisV8R19/R873SemanticMaskWeightHom.lean,59,P18 P27 P28,
docs/research/v8-full-view-zk-20260912/lean/AspisV8R19/R874SemanticCoinEmbedding.lean,62,P18 P27 P28,
docs/research/v8-full-view-zk-20260912/lean/AspisV8R19/R875AugmentedSemanticMatrixHom.lean,120,P18 P27 P28,
docs/research/v8-full-view-zk-20260912/lean/AspisV8R19/R876SemanticWeightPolynomial.lean,305,P28,
docs/research/v8-full-view-zk-20260912/lean/AspisV8R19/R877QM31SemanticDeterminant.lean,104,P28,
docs/research/v8-full-view-zk-20260912/lean/AspisV8R19/R878SemanticChordPolynomial.lean,71,P18 P27 P28,
docs/research/v8-full-view-zk-20260912/lean/AspisV8R19/R879QM31Full223Normalization.lean,175,P28,
docs/research/v8-full-view-zk-20260912/lean/AspisV8R19/R880AugmentedSemanticPolynomial.lean,115,P18 P27 P28,
docs/research/v8-full-view-zk-20260912/lean/AspisV8R19/R881QM31SemanticWeightPolynomial.lean,62,P28,
docs/research/v8-full-view-zk-20260912/lean/AspisV8R19/R882RootFixedAugmentedPolynomial.lean,194,P18 P27 P28,
docs/research/v8-full-view-zk-20260912/lean/AspisV8R19/R883SelectedQM31AugmentedPolynomial.lean,60,P28,
docs/research/v8-full-view-zk-20260912/lean/AspisV8R19/R884SelectedNormalizedSemanticPolynomial.lean,72,P28,
docs/research/v8-full-view-zk-20260912/lean/AspisV8R19/R885CompleteSemanticGridBound.lean,41,P28,
docs/research/v8-full-view-zk-20260912/lean/AspisV8R19/R887Full223CombinationObservation.lean,212,P18 P27,
docs/research/v8-full-view-zk-20260912/lean/AspisV8R19/R889Full223KernelProperties.lean,152,P18 P27,
docs/research/v8-full-view-zk-20260912/lean/AspisV8R19/R890Full223DeterminantFourthRoot.lean,115,P18 P27,
docs/research/v8-full-view-zk-20260912/lean/AspisV8R19/R891Full223CompleteOrdinaryRepair.lean,123,P18 P27,
docs/research/v8-full-view-zk-20260912/lean/AspisV8R19/R893SourceCompatible223Repair.lean,90,ORPHAN,unused
docs/research/v8-full-view-zk-20260912/lean/AspisV8R19/R896OrdinarySourceTailBoundary.lean,112,P17 P18 P27 P32,
docs/research/v8-full-view-zk-20260912/lean/AspisV8R19/R931AdaptiveSuccessDomination.lean,143,P07 P50,
docs/research/v8-full-view-zk-20260912/lean/AspisV8R19/R932NonzeroIndependentMass.lean,199,ORPHAN,unused
docs/research/v8-full-view-zk-20260912/lean/AspisV8R19/R935OrdinaryObservationLaw.lean,164,P49,
docs/research/v8-full-view-zk-20260912/lean/AspisV8R19/R938NonzeroObservationLaw.lean,170,ORPHAN,unused
docs/research/v8-full-view-zk-20260912/lean/AspisV8R19/R940MarkerBalance.lean,81,P17 P18 P27 P32,
docs/research/v8-full-view-zk-20260912/lean/AspisV8R19/R941BalancedSource223Repair.lean,93,P18 P27,
docs/research/v8-full-view-zk-20260912/lean/AspisV8R19/R945CircleObservationLaw.lean,158,P49,
docs/research/v8-full-view-zk-20260912/lean/AspisV8R19/RelationPrefixCorrespondence.lean,69,ORPHAN,refinement-deferred
docs/research/v8-full-view-zk-20260912/lean/AspisV8R19/RelationPrefixProgram.lean,141,ORPHAN,refinement-deferred
docs/research/v8-full-view-zk-20260912/lean/AspisV8R19/RelationPrefixQueryBound.lean,175,ORPHAN,refinement-deferred
docs/research/v8-full-view-zk-20260912/lean/AspisV8R19/ResidualDegree.lean,200,P18 P25 P26 P27 P30,
docs/research/v8-full-view-zk-20260912/lean/AspisV8R19/ResidualEntryCertificate.lean,46,P18 P25 P26 P27 P30 P31,
docs/research/v8-full-view-zk-20260912/lean/AspisV8R19/ResidualFieldLift.lean,37,P18 P25 P26 P27 P30 P31,
docs/research/v8-full-view-zk-20260912/lean/AspisV8R19/ResidualHomogeneous.lean,77,P17 P18 P19 P25 P26 P27 P28 P29 P30 P31 P32,
docs/research/v8-full-view-zk-20260912/lean/AspisV8R19/ResidualModel.lean,162,P17 P18 P19 P25 P26 P27 P28 P29 P30 P31 P32,
docs/research/v8-full-view-zk-20260912/lean/AspisV8R19/ResidualNonsingular.lean,25,P18 P25 P26 P27 P30 P31,
docs/research/v8-full-view-zk-20260912/lean/AspisV8R19/ResidualPins.lean,8,P17 P18 P19 P25 P26 P27 P28 P29 P30 P31 P32,
docs/research/v8-full-view-zk-20260912/lean/AspisV8R19/ResidualPolynomial.lean,39,P17 P18 P19 P25 P26 P27 P28 P29 P30 P31 P32,
docs/research/v8-full-view-zk-20260912/lean/AspisV8R19/RetainedSparseShift.lean,284,P17 P18 P19 P25 P26 P27 P28 P29 P30 P32,
docs/research/v8-full-view-zk-20260912/lean/AspisV8R19/RootCertificate.lean,48,P17 P18 P19 P25 P26 P27 P28 P29 P30 P31 P32,
docs/research/v8-full-view-zk-20260912/lean/AspisV8R19/SamplerChallengeBridge.lean,92,ORPHAN,refinement-deferred
docs/research/v8-full-view-zk-20260912/lean/AspisV8R19/SamplerCircleBridge.lean,110,ORPHAN,refinement-deferred
docs/research/v8-full-view-zk-20260912/lean/AspisV8R19/SamplerCirclePolicy.lean,123,P31 P49,
docs/research/v8-full-view-zk-20260912/lean/AspisV8R19/SamplerClosureCircleFieldExecution.lean,146,ORPHAN,refinement-deferred
docs/research/v8-full-view-zk-20260912/lean/AspisV8R19/SamplerClosureCircleScalarTransport.lean,89,ORPHAN,refinement-deferred
docs/research/v8-full-view-zk-20260912/lean/AspisV8R19/SamplerClosureCircleSourceExecution.lean,138,ORPHAN,refinement-deferred
docs/research/v8-full-view-zk-20260912/lean/AspisV8R19/SamplerClosureExplicitWord.lean,103,P31,
docs/research/v8-full-view-zk-20260912/lean/AspisV8R19/SamplerClosureProductCorrectness.lean,129,P31,
docs/research/v8-full-view-zk-20260912/lean/AspisV8R19/SamplerClosureProductExecution.lean,92,P31,
docs/research/v8-full-view-zk-20260912/lean/AspisV8R19/SamplerCursorTightBound.lean,134,P47 P49,
docs/research/v8-full-view-zk-20260912/lean/AspisV8R19/SamplerFieldDecode.lean,77,P31 P47 P49,
docs/research/v8-full-view-zk-20260912/lean/AspisV8R19/SamplerInnerLoop.lean,150,ORPHAN,refinement-deferred
docs/research/v8-full-view-zk-20260912/lean/AspisV8R19/SamplerInnerStep.lean,97,ORPHAN,refinement-deferred
docs/research/v8-full-view-zk-20260912/lean/AspisV8R19/SamplerLimbBridge.lean,115,ORPHAN,refinement-deferred
docs/research/v8-full-view-zk-20260912/lean/AspisV8R19/SamplerLimbLoop.lean,111,ORPHAN,refinement-deferred
docs/research/v8-full-view-zk-20260912/lean/AspisV8R19/SamplerObservation.lean,48,ORPHAN,refinement-deferred
docs/research/v8-full-view-zk-20260912/lean/AspisV8R19/SamplerObservedChallenge.lean,78,ORPHAN,refinement-deferred
docs/research/v8-full-view-zk-20260912/lean/AspisV8R19/SamplerObservedCircleBridge.lean,80,ORPHAN,refinement-deferred
docs/research/v8-full-view-zk-20260912/lean/AspisV8R19/SamplerObservedCircleHistoryLaw.lean,68,ORPHAN,refinement-deferred
docs/research/v8-full-view-zk-20260912/lean/AspisV8R19/SamplerObservedCircleLoop.lean,79,ORPHAN,refinement-deferred
docs/research/v8-full-view-zk-20260912/lean/AspisV8R19/SamplerObservedCircleProgram.lean,63,ORPHAN,refinement-deferred
docs/research/v8-full-view-zk-20260912/lean/AspisV8R19/SamplerObservedInnerLoop.lean,82,ORPHAN,refinement-deferred
docs/research/v8-full-view-zk-20260912/lean/AspisV8R19/SamplerObservedInnerStep.lean,89,ORPHAN,refinement-deferred
docs/research/v8-full-view-zk-20260912/lean/AspisV8R19/SamplerObservedLaws.lean,36,ORPHAN,refinement-deferred
docs/research/v8-full-view-zk-20260912/lean/AspisV8R19/SamplerObservedLimbBridge.lean,118,ORPHAN,refinement-deferred
docs/research/v8-full-view-zk-20260912/lean/AspisV8R19/SamplerObservedLimbLoop.lean,92,ORPHAN,refinement-deferred
docs/research/v8-full-view-zk-20260912/lean/AspisV8R19/SamplerObservedProgram.lean,54,ORPHAN,refinement-deferred
docs/research/v8-full-view-zk-20260912/lean/AspisV8R19/SamplerObservedSource.lean,201,ORPHAN,refinement-deferred
docs/research/v8-full-view-zk-20260912/lean/AspisV8R19/SamplerObservedSqueeze.lean,66,ORPHAN,refinement-deferred
docs/research/v8-full-view-zk-20260912/lean/AspisV8R19/SamplerObservedWriteback.lean,58,ORPHAN,refinement-deferred
docs/research/v8-full-view-zk-20260912/lean/AspisV8R19/SamplerOracleLaws.lean,38,P31 P47 P49,
docs/research/v8-full-view-zk-20260912/lean/AspisV8R19/SamplerOuterExecution.lean,141,ORPHAN,refinement-deferred
docs/research/v8-full-view-zk-20260912/lean/AspisV8R19/SamplerProgramQueryBound.lean,116,P47 P49,
docs/research/v8-full-view-zk-20260912/lean/AspisV8R19/SamplerRawCursorBridge.lean,54,ORPHAN,unused
docs/research/v8-full-view-zk-20260912/lean/AspisV8R19/SamplerRawExecutionBridge.lean,96,ORPHAN,unused
docs/research/v8-full-view-zk-20260912/lean/AspisV8R19/SamplerRawStateRepresentation.lean,94,ORPHAN,unused
docs/research/v8-full-view-zk-20260912/lean/AspisV8R19/SamplerReplay.lean,86,ORPHAN,unused
docs/research/v8-full-view-zk-20260912/lean/AspisV8R19/SamplerWordBridge.lean,73,ORPHAN,refinement-deferred
docs/research/v8-full-view-zk-20260912/lean/AspisV8R19/SamplerWordRead.lean,108,ORPHAN,refinement-deferred
docs/research/v8-full-view-zk-20260912/lean/AspisV8R19/SamplerWords.lean,51,P07 P31 P46 P47 P48 P49 P50 S16,
docs/research/v8-full-view-zk-20260912/lean/AspisV8R19/SamplerWrapperPolicies.lean,83,P31 P47 P49,
docs/research/v8-full-view-zk-20260912/lean/AspisV8R19/SamplerWriteback.lean,62,ORPHAN,refinement-deferred
docs/research/v8-full-view-zk-20260912/lean/AspisV8R19/SelectedResearchPrefixProgram.lean,82,ORPHAN,refinement-deferred
docs/research/v8-full-view-zk-20260912/lean/AspisV8R19/SelectedResearchScheduleBound.lean,221,ORPHAN,refinement-deferred
docs/research/v8-full-view-zk-20260912/lean/AspisV8R19/SelectedResearchScheduleExecution.lean,276,ORPHAN,refinement-deferred
docs/research/v8-full-view-zk-20260912/lean/AspisV8R19/SelectedResearchScheduleProgram.lean,162,ORPHAN,refinement-deferred
docs/research/v8-full-view-zk-20260912/lean/AspisV8R19/SelectorGather.lean,54,ORPHAN,unused
docs/research/v8-full-view-zk-20260912/lean/AspisV8R19/SourceChordEvaluation.lean,108,P17 P18 P19 P25 P26 P27 P28 P29 P30 P32,
docs/research/v8-full-view-zk-20260912/lean/AspisV8R19/SourceCircleBoundary.lean,73,P17 P18 P19 P25 P26 P27 P28 P29 P30 P32,
docs/research/v8-full-view-zk-20260912/lean/AspisV8R19/SourceDuplexStep.lean,92,P07 P31 P46 P47 P48 P49 P50 S16,
docs/research/v8-full-view-zk-20260912/lean/AspisV8R19/SourceEdgeGrowth.lean,54,P17 P18 P19 P25 P26 P27 P28 P29 P30 P31 P32,
docs/research/v8-full-view-zk-20260912/lean/AspisV8R19/SourceEncodedOpening.lean,105,P17 P18 P19 P25 P26 P27 P28 P29 P30 P32,
docs/research/v8-full-view-zk-20260912/lean/AspisV8R19/SourceFactorEvaluation.lean,103,P17 P18 P19 P25 P26 P27 P28 P29 P30 P32,
docs/research/v8-full-view-zk-20260912/lean/AspisV8R19/SourceFieldResidual.lean,118,ORPHAN,superseded-design
docs/research/v8-full-view-zk-20260912/lean/AspisV8R19/SourceFixedResidual.lean,100,ORPHAN,superseded-design
docs/research/v8-full-view-zk-20260912/lean/AspisV8R19/SourceFramePrefix.lean,82,ORPHAN,unused
docs/research/v8-full-view-zk-20260912/lean/AspisV8R19/SourceGConstant.lean,39,P17 P18 P19 P25 P26 P27 P28 P29 P30 P32,
docs/research/v8-full-view-zk-20260912/lean/AspisV8R19/SourceMaskBoundary.lean,48,P17 P18 P19 P25 P26 P27 P28 P29 P30 P32,
docs/research/v8-full-view-zk-20260912/lean/AspisV8R19/SourceMaskTransport.lean,102,P17 P18 P19 P25 P26 P27 P28 P29 P30 P32,
docs/research/v8-full-view-zk-20260912/lean/AspisV8R19/SourceNaturalShift.lean,77,P17 P18 P19 P25 P26 P27 P28 P29 P30 P32,
docs/research/v8-full-view-zk-20260912/lean/AspisV8R19/SourceNormalizationBoundary.lean,31,P17 P18 P19 P25 P26 P27 P28 P29 P30 P32,
docs/research/v8-full-view-zk-20260912/lean/AspisV8R19/SourceOraclePrograms.lean,89,P07 P31 P46 P47 P48 P49 P50 S16,
docs/research/v8-full-view-zk-20260912/lean/AspisV8R19/SourceResidualDegree.lean,65,ORPHAN,superseded-design
docs/research/v8-full-view-zk-20260912/lean/AspisV8R19/SourceResidualPolynomial.lean,78,P17 P18 P19 P25 P26 P27 P28 P29 P30 P31 P32,
docs/research/v8-full-view-zk-20260912/lean/AspisV8R19/SourceStatementPoints.lean,48,P17 P18 P19 P25 P26 P27 P28 P29 P30 P32,
docs/research/v8-full-view-zk-20260912/lean/AspisV8R19/SparseGAdmissible.lean,47,ORPHAN,superseded-design
docs/research/v8-full-view-zk-20260912/lean/AspisV8R19/SparseGChordWitness.lean,69,P17 P18 P19 P25 P26 P27 P28 P29 P31 P32,
docs/research/v8-full-view-zk-20260912/lean/AspisV8R19/SparseGCoreInverse.lean,142,P17 P18 P19 P25 P26 P27 P28 P29 P31 P32,
docs/research/v8-full-view-zk-20260912/lean/AspisV8R19/SparseGPolynomial.lean,144,P17 P18 P19 P25 P26 P27 P28 P29 P31 P32,
docs/research/v8-full-view-zk-20260912/lean/AspisV8R19/SparseGScatter.lean,88,P17 P18 P19 P25 P26 P27 P28 P29 P30 P32,
docs/research/v8-full-view-zk-20260912/lean/AspisV8R19/SparseHighWitness.lean,66,P17 P18 P19 P25 P26 P27 P28 P29 P30 P32,
docs/research/v8-full-view-zk-20260912/lean/AspisV8R19/SqueezeOracleBridge.lean,74,ORPHAN,refinement-deferred
docs/research/v8-full-view-zk-20260912/lean/AspisV8R19/SqueezeSourceExecution.lean,59,ORPHAN,refinement-deferred
docs/research/v8-full-view-zk-20260912/lean/AspisV8R19/StoppingOracleProgram.lean,76,ORPHAN,unused
docs/research/v8-full-view-zk-20260912/lean/AspisV8R19/T163SourceTable.lean,72,P17 P18 P19 P25 P26 P27 P28 P29 P30 P32,
docs/research/v8-full-view-zk-20260912/lean/AspisV8R19/TagBase.lean,57,ORPHAN,unused
docs/research/v8-full-view-zk-20260912/lean/AspisV8R19/TraversalCaller.lean,45,ORPHAN,refinement-deferred
docs/research/v8-full-view-zk-20260912/lean/AspisV8R19/TraversalLaws.lean,173,ORPHAN,refinement-deferred
docs/research/v8-full-view-zk-20260912/lean/AspisV8R19/TraversalRuntime.lean,127,ORPHAN,refinement-deferred
docs/research/v8-full-view-zk-20260912/lean/AspisV8R19/TwoSwapChannel0.lean,11,P17 P18 P19 P25 P26 P27 P28 P29 P30 P32,
docs/research/v8-full-view-zk-20260912/lean/AspisV8R19/TwoSwapChannel1.lean,11,P17 P18 P19 P25 P26 P27 P28 P29 P30 P32,
docs/research/v8-full-view-zk-20260912/lean/AspisV8R19/TwoSwapChordScale.lean,90,ORPHAN,unused
docs/research/v8-full-view-zk-20260912/lean/AspisV8R19/TwoSwapCodeChunk00.lean,11,P17 P18 P19 P25 P26 P27 P28 P29 P30 P32,
docs/research/v8-full-view-zk-20260912/lean/AspisV8R19/TwoSwapCodeChunk01.lean,11,P17 P18 P19 P25 P26 P27 P28 P29 P30 P32,
docs/research/v8-full-view-zk-20260912/lean/AspisV8R19/TwoSwapCodeChunk02.lean,11,P17 P18 P19 P25 P26 P27 P28 P29 P30 P32,
docs/research/v8-full-view-zk-20260912/lean/AspisV8R19/TwoSwapCodeChunk03.lean,11,P17 P18 P19 P25 P26 P27 P28 P29 P30 P32,
docs/research/v8-full-view-zk-20260912/lean/AspisV8R19/TwoSwapCodeChunk04.lean,11,P17 P18 P19 P25 P26 P27 P28 P29 P30 P32,
docs/research/v8-full-view-zk-20260912/lean/AspisV8R19/TwoSwapCodeChunk05.lean,11,P17 P18 P19 P25 P26 P27 P28 P29 P30 P32,
docs/research/v8-full-view-zk-20260912/lean/AspisV8R19/TwoSwapCodeChunk06.lean,11,P17 P18 P19 P25 P26 P27 P28 P29 P30 P32,
docs/research/v8-full-view-zk-20260912/lean/AspisV8R19/TwoSwapCodeChunk07.lean,11,P17 P18 P19 P25 P26 P27 P28 P29 P30 P32,
docs/research/v8-full-view-zk-20260912/lean/AspisV8R19/TwoSwapCodeChunk08.lean,11,P17 P18 P19 P25 P26 P27 P28 P29 P30 P32,
docs/research/v8-full-view-zk-20260912/lean/AspisV8R19/TwoSwapDistinctRestriction.lean,48,ORPHAN,unused
docs/research/v8-full-view-zk-20260912/lean/AspisV8R19/TwoSwapDomainProbability.lean,67,ORPHAN,unused
docs/research/v8-full-view-zk-20260912/lean/AspisV8R19/TwoSwapFixedRootProbability.lean,77,P18 P25 P26 P27 P30,
docs/research/v8-full-view-zk-20260912/lean/AspisV8R19/TwoSwapFixedWeights.lean,78,P17 P18 P19 P25 P26 P27 P28 P29 P30 P32,
docs/research/v8-full-view-zk-20260912/lean/AspisV8R19/TwoSwapInverseRow00.lean,10,P18 P25 P26 P27 P30,
docs/research/v8-full-view-zk-20260912/lean/AspisV8R19/TwoSwapInverseRow01.lean,10,P18 P25 P26 P27 P30,
docs/research/v8-full-view-zk-20260912/lean/AspisV8R19/TwoSwapInverseRow02.lean,10,P18 P25 P26 P27 P30,
docs/research/v8-full-view-zk-20260912/lean/AspisV8R19/TwoSwapInverseRow03.lean,10,P18 P25 P26 P27 P30,
docs/research/v8-full-view-zk-20260912/lean/AspisV8R19/TwoSwapInverseRow04.lean,10,P18 P25 P26 P27 P30,
docs/research/v8-full-view-zk-20260912/lean/AspisV8R19/TwoSwapInverseRow05.lean,10,P18 P25 P26 P27 P30,
docs/research/v8-full-view-zk-20260912/lean/AspisV8R19/TwoSwapInverseRow06.lean,10,P18 P25 P26 P27 P30,
docs/research/v8-full-view-zk-20260912/lean/AspisV8R19/TwoSwapInverseRow07.lean,10,P18 P25 P26 P27 P30,
docs/research/v8-full-view-zk-20260912/lean/AspisV8R19/TwoSwapInverseRow08.lean,10,P18 P25 P26 P27 P30,
docs/research/v8-full-view-zk-20260912/lean/AspisV8R19/TwoSwapInverseRow09.lean,10,P18 P25 P26 P27 P30,
docs/research/v8-full-view-zk-20260912/lean/AspisV8R19/TwoSwapInverseRow10.lean,10,P18 P25 P26 P27 P30,
docs/research/v8-full-view-zk-20260912/lean/AspisV8R19/TwoSwapInverseRow11.lean,10,P18 P25 P26 P27 P30,
docs/research/v8-full-view-zk-20260912/lean/AspisV8R19/TwoSwapInverseRow12.lean,10,P18 P25 P26 P27 P30,
docs/research/v8-full-view-zk-20260912/lean/AspisV8R19/TwoSwapLowWeights.lean,27,P18 P25 P26 P27 P30,
docs/research/v8-full-view-zk-20260912/lean/AspisV8R19/TwoSwapMatrixEntries.lean,11,P18 P25 P26 P27 P30,
docs/research/v8-full-view-zk-20260912/lean/AspisV8R19/TwoSwapNonzero.lean,43,P18 P25 P26 P27 P30,
docs/research/v8-full-view-zk-20260912/lean/AspisV8R19/TwoSwapQueryTransport.lean,101,P18 P25 P26 P27 P30,
docs/research/v8-full-view-zk-20260912/lean/AspisV8R19/TwoSwapResidualDegree.lean,126,P18 P25 P26 P27 P30,
docs/research/v8-full-view-zk-20260912/lean/AspisV8R19/TwoSwapResidualModel.lean,71,P17 P18 P19 P25 P26 P27 P28 P29 P30 P32,
docs/research/v8-full-view-zk-20260912/lean/AspisV8R19/TwoSwapResidualNonzero.lean,70,P18 P25 P26 P27 P30,
docs/research/v8-full-view-zk-20260912/lean/AspisV8R19/TwoSwapResidualPolynomial.lean,82,P18 P25 P26 P27 P30,
docs/research/v8-full-view-zk-20260912/lean/AspisV8R19/TwoSwapResidualSource.lean,93,P17 P18 P19 P25 P26 P27 P28 P29 P30 P32,
docs/research/v8-full-view-zk-20260912/lean/AspisV8R19/TwoSwapSourceDistinct.lean,81,ORPHAN,unused
docs/research/v8-full-view-zk-20260912/lean/AspisV8R19/TwoSwapSourceDomains.lean,120,ORPHAN,unused
docs/research/v8-full-view-zk-20260912/lean/AspisV8R19/TwoSwapSourceFixed.lean,78,P17 P18 P19 P25 P26 P27 P28 P29 P30 P32,
docs/research/v8-full-view-zk-20260912/lean/AspisV8R19/TwoSwapSourceG.lean,109,P17 P18 P19 P25 P26 P27 P28 P29 P30 P32,
docs/research/v8-full-view-zk-20260912/lean/AspisV8R19/TwoSwapSourceGate.lean,39,ORPHAN,unused
docs/research/v8-full-view-zk-20260912/lean/AspisV8R19/TwoSwapSourceMinor.lean,70,P18 P25 P26 P27 P30,
docs/research/v8-full-view-zk-20260912/lean/AspisV8R19/TwoSwapSourceTable.lean,77,P17 P18 P19 P25 P26 P27 P28 P29 P30 P32,
docs/research/v8-full-view-zk-20260912/lean/AspisV8R19/TwoSwapSourceWeights.lean,167,P17 P18 P19 P25 P26 P27 P28 P29 P30 P32,
docs/research/v8-full-view-zk-20260912/lean/AspisV8R19/TwoSwapWeightsChunk00.lean,11,P17 P18 P19 P25 P26 P27 P28 P29 P30 P32,
docs/research/v8-full-view-zk-20260912/lean/AspisV8R19/TwoSwapWeightsChunk01.lean,11,P17 P18 P19 P25 P26 P27 P28 P29 P30 P32,
docs/research/v8-full-view-zk-20260912/lean/AspisV8R19/TwoSwapWeightsChunk02.lean,11,P17 P18 P19 P25 P26 P27 P28 P29 P30 P32,
docs/research/v8-full-view-zk-20260912/lean/AspisV8R19/TwoSwapWeightsChunk03.lean,11,P17 P18 P19 P25 P26 P27 P28 P29 P30 P32,
docs/research/v8-full-view-zk-20260912/lean/AspisV8R19/TwoSwapWeightsChunk04.lean,11,P17 P18 P19 P25 P26 P27 P28 P29 P30 P32,
docs/research/v8-full-view-zk-20260912/lean/AspisV8R19/TwoSwapWeightsChunk05.lean,11,P17 P18 P19 P25 P26 P27 P28 P29 P30 P32,
docs/research/v8-full-view-zk-20260912/lean/AspisV8R19/TwoSwapWeightsChunk06.lean,11,P17 P18 P19 P25 P26 P27 P28 P29 P30 P32,
docs/research/v8-full-view-zk-20260912/lean/AspisV8R19/TwoSwapWeightsChunk07.lean,11,P17 P18 P19 P25 P26 P27 P28 P29 P30 P32,
docs/research/v8-full-view-zk-20260912/lean/AspisV8R19/TwoSwapWitnessData.lean,39,P17 P18 P19 P25 P26 P27 P28 P29 P30 P32,
docs/research/v8-full-view-zk-20260912/lean/AspisV8R19/UniformFrameCollision.lean,78,ORPHAN,unused
docs/research/v8-full-view-zk-20260912/lean/AspisV8R19/UniformStateFirstHit.lean,51,ORPHAN,unused
docs/research/v8-full-view-zk-20260912/lean/AspisV8R19/UniformStateFirstHitMean.lean,44,ORPHAN,unused
docs/research/v8-full-view-zk-20260912/lean/AspisV8R19/WideFactorLeading.lean,103,P17 P18 P19 P25 P26 P27 P28 P29 P30 P32,
docs/research/v8-full-view-zk-20260912/lean/AspisV8R19/WitnessChordSupport00.lean,55,P18 P25 P26 P27 P30 P31,
docs/research/v8-full-view-zk-20260912/lean/AspisV8R19/WitnessChordSupport01.lean,55,P18 P25 P26 P27 P30 P31,
docs/research/v8-full-view-zk-20260912/lean/AspisV8R19/WitnessChordSupport02.lean,55,P18 P25 P26 P27 P30 P31,
docs/research/v8-full-view-zk-20260912/lean/AspisV8R19/WitnessChordSupport03.lean,55,P18 P25 P26 P27 P30 P31,
docs/research/v8-full-view-zk-20260912/lean/AspisV8R19/WitnessChordSupport04.lean,55,P18 P25 P26 P27 P30 P31,
docs/research/v8-full-view-zk-20260912/lean/AspisV8R19/WitnessChordSupport05.lean,55,P18 P25 P26 P27 P30 P31,
docs/research/v8-full-view-zk-20260912/lean/AspisV8R19/WitnessChordSupport06.lean,55,P18 P25 P26 P27 P30 P31,
docs/research/v8-full-view-zk-20260912/lean/AspisV8R19/WitnessChordSupport07.lean,55,P18 P25 P26 P27 P30 P31,
docs/research/v8-full-view-zk-20260912/lean/AspisV8R19/WitnessChordSupport08.lean,55,P18 P25 P26 P27 P30 P31,
docs/research/v8-full-view-zk-20260912/lean/AspisV8R19/WitnessCode0Chunk00.lean,31,P18 P25 P26 P27 P30 P31,
docs/research/v8-full-view-zk-20260912/lean/AspisV8R19/WitnessCode0Chunk01.lean,31,P18 P25 P26 P27 P30 P31,
docs/research/v8-full-view-zk-20260912/lean/AspisV8R19/WitnessCode0Chunk02.lean,31,P18 P25 P26 P27 P30 P31,
docs/research/v8-full-view-zk-20260912/lean/AspisV8R19/WitnessCode0Chunk03.lean,31,P18 P25 P26 P27 P30 P31,
docs/research/v8-full-view-zk-20260912/lean/AspisV8R19/WitnessCode0Chunk04.lean,31,P18 P25 P26 P27 P30 P31,
docs/research/v8-full-view-zk-20260912/lean/AspisV8R19/WitnessCode0Chunk05.lean,31,P18 P25 P26 P27 P30 P31,
docs/research/v8-full-view-zk-20260912/lean/AspisV8R19/WitnessCode0Chunk06.lean,31,P18 P25 P26 P27 P30 P31,
docs/research/v8-full-view-zk-20260912/lean/AspisV8R19/WitnessCode0Chunk07.lean,31,P18 P25 P26 P27 P30 P31,
docs/research/v8-full-view-zk-20260912/lean/AspisV8R19/WitnessCode0Chunk08.lean,31,P18 P25 P26 P27 P30 P31,
docs/research/v8-full-view-zk-20260912/lean/AspisV8R19/WitnessCode0Chunk09.lean,13,P18 P25 P26 P27 P30 P31,
docs/research/v8-full-view-zk-20260912/lean/AspisV8R19/WitnessCode1Chunk00.lean,31,P18 P25 P26 P27 P30 P31,
docs/research/v8-full-view-zk-20260912/lean/AspisV8R19/WitnessCode1Chunk01.lean,31,P18 P25 P26 P27 P30 P31,
docs/research/v8-full-view-zk-20260912/lean/AspisV8R19/WitnessCode1Chunk02.lean,31,P18 P25 P26 P27 P30 P31,
docs/research/v8-full-view-zk-20260912/lean/AspisV8R19/WitnessCode1Chunk03.lean,31,P18 P25 P26 P27 P30 P31,
docs/research/v8-full-view-zk-20260912/lean/AspisV8R19/WitnessCode1Chunk04.lean,31,P18 P25 P26 P27 P30 P31,
docs/research/v8-full-view-zk-20260912/lean/AspisV8R19/WitnessCode1Chunk05.lean,31,P18 P25 P26 P27 P30 P31,
docs/research/v8-full-view-zk-20260912/lean/AspisV8R19/WitnessCode1Chunk06.lean,31,P18 P25 P26 P27 P30 P31,
docs/research/v8-full-view-zk-20260912/lean/AspisV8R19/WitnessCode1Chunk07.lean,31,P18 P25 P26 P27 P30 P31,
docs/research/v8-full-view-zk-20260912/lean/AspisV8R19/WitnessCode1Chunk08.lean,31,P18 P25 P26 P27 P30 P31,
docs/research/v8-full-view-zk-20260912/lean/AspisV8R19/WitnessCode1Chunk09.lean,13,P18 P25 P26 P27 P30 P31,
docs/research/v8-full-view-zk-20260912/lean/AspisV8R19/WitnessCode2Chunk00.lean,31,P18 P25 P26 P27 P30 P31,
docs/research/v8-full-view-zk-20260912/lean/AspisV8R19/WitnessCode2Chunk01.lean,31,P18 P25 P26 P27 P30 P31,
docs/research/v8-full-view-zk-20260912/lean/AspisV8R19/WitnessCode2Chunk02.lean,31,P18 P25 P26 P27 P30 P31,
docs/research/v8-full-view-zk-20260912/lean/AspisV8R19/WitnessCode2Chunk03.lean,31,P18 P25 P26 P27 P30 P31,
docs/research/v8-full-view-zk-20260912/lean/AspisV8R19/WitnessCode2Chunk04.lean,31,P18 P25 P26 P27 P30 P31,
docs/research/v8-full-view-zk-20260912/lean/AspisV8R19/WitnessCode2Chunk05.lean,31,P18 P25 P26 P27 P30 P31,
docs/research/v8-full-view-zk-20260912/lean/AspisV8R19/WitnessCode2Chunk06.lean,31,P18 P25 P26 P27 P30 P31,
docs/research/v8-full-view-zk-20260912/lean/AspisV8R19/WitnessCode2Chunk07.lean,31,P18 P25 P26 P27 P30 P31,
docs/research/v8-full-view-zk-20260912/lean/AspisV8R19/WitnessCode2Chunk08.lean,31,P18 P25 P26 P27 P30 P31,
docs/research/v8-full-view-zk-20260912/lean/AspisV8R19/WitnessCode2Chunk09.lean,13,P18 P25 P26 P27 P30 P31,
docs/research/v8-full-view-zk-20260912/lean/AspisV8R19/WitnessEntryBridge.lean,192,P18 P25 P26 P27 P30 P31,
docs/research/v8-full-view-zk-20260912/lean/AspisV8R19/WitnessEntryColumn00.lean,138,P18 P25 P26 P27 P30 P31,
docs/research/v8-full-view-zk-20260912/lean/AspisV8R19/WitnessEntryColumn01.lean,138,P18 P25 P26 P27 P30 P31,
docs/research/v8-full-view-zk-20260912/lean/AspisV8R19/WitnessEntryColumn02.lean,138,P18 P25 P26 P27 P30 P31,
docs/research/v8-full-view-zk-20260912/lean/AspisV8R19/WitnessEntryColumn03.lean,138,P18 P25 P26 P27 P30 P31,
docs/research/v8-full-view-zk-20260912/lean/AspisV8R19/WitnessEntryColumn04.lean,138,P18 P25 P26 P27 P30 P31,
docs/research/v8-full-view-zk-20260912/lean/AspisV8R19/WitnessEntryColumn05.lean,138,P18 P25 P26 P27 P30 P31,
docs/research/v8-full-view-zk-20260912/lean/AspisV8R19/WitnessEntryColumn06.lean,138,P18 P25 P26 P27 P30 P31,
docs/research/v8-full-view-zk-20260912/lean/AspisV8R19/WitnessEntryColumn07.lean,138,P18 P25 P26 P27 P30 P31,
docs/research/v8-full-view-zk-20260912/lean/AspisV8R19/WitnessEntryColumn08.lean,138,P18 P25 P26 P27 P30 P31,
docs/research/v8-full-view-zk-20260912/lean/AspisV8R19/WitnessEntryColumn09.lean,138,P18 P25 P26 P27 P30 P31,
docs/research/v8-full-view-zk-20260912/lean/AspisV8R19/WitnessEntryColumn10.lean,138,P18 P25 P26 P27 P30 P31,
docs/research/v8-full-view-zk-20260912/lean/AspisV8R19/WitnessEntryColumn11.lean,138,P18 P25 P26 P27 P30 P31,
docs/research/v8-full-view-zk-20260912/lean/AspisV8R19/WitnessEntryColumn12.lean,138,P18 P25 P26 P27 P30 P31,
docs/research/v8-full-view-zk-20260912/lean/AspisV8R19/WitnessEntryData.lean,27,P18 P25 P26 P27 P30 P31,
docs/research/v8-full-view-zk-20260912/lean/AspisV8R19/WitnessEntryInputs.lean,20,P18 P25 P26 P27 P30 P31,
docs/research/v8-full-view-zk-20260912/lean/AspisV8R19/WitnessInverseData.lean,10,P18 P25 P26 P27 P30 P31,
docs/research/v8-full-view-zk-20260912/lean/AspisV8R19/WitnessInverseRow00.lean,10,P18 P25 P26 P27 P30 P31,
docs/research/v8-full-view-zk-20260912/lean/AspisV8R19/WitnessInverseRow01.lean,10,P18 P25 P26 P27 P30 P31,
docs/research/v8-full-view-zk-20260912/lean/AspisV8R19/WitnessInverseRow02.lean,10,P18 P25 P26 P27 P30 P31,
docs/research/v8-full-view-zk-20260912/lean/AspisV8R19/WitnessInverseRow03.lean,10,P18 P25 P26 P27 P30 P31,
docs/research/v8-full-view-zk-20260912/lean/AspisV8R19/WitnessInverseRow04.lean,10,P18 P25 P26 P27 P30 P31,
docs/research/v8-full-view-zk-20260912/lean/AspisV8R19/WitnessInverseRow05.lean,10,P18 P25 P26 P27 P30 P31,
docs/research/v8-full-view-zk-20260912/lean/AspisV8R19/WitnessInverseRow06.lean,10,P18 P25 P26 P27 P30 P31,
docs/research/v8-full-view-zk-20260912/lean/AspisV8R19/WitnessInverseRow07.lean,10,P18 P25 P26 P27 P30 P31,
docs/research/v8-full-view-zk-20260912/lean/AspisV8R19/WitnessInverseRow08.lean,10,P18 P25 P26 P27 P30 P31,
docs/research/v8-full-view-zk-20260912/lean/AspisV8R19/WitnessInverseRow09.lean,10,P18 P25 P26 P27 P30 P31,
docs/research/v8-full-view-zk-20260912/lean/AspisV8R19/WitnessInverseRow10.lean,10,P18 P25 P26 P27 P30 P31,
docs/research/v8-full-view-zk-20260912/lean/AspisV8R19/WitnessInverseRow11.lean,10,P18 P25 P26 P27 P30 P31,
docs/research/v8-full-view-zk-20260912/lean/AspisV8R19/WitnessInverseRow12.lean,10,P18 P25 P26 P27 P30 P31,
docs/research/v8-full-view-zk-20260912/lean/AspisV8R19/WitnessNonzero.lean,61,P18 P25 P26 P27 P30 P31,
docs/research/v8-full-view-zk-20260912/lean/AspisV8R19/WitnessPointBridge.lean,751,P18 P25 P26 P27 P30 P31,
docs/research/v8-full-view-zk-20260912/lean/AspisV8R19/WitnessPointData.lean,18,P18 P25 P26 P27 P30 P31,
docs/research/v8-full-view-zk-20260912/lean/AspisV8R19/WitnessPointPreflight.lean,17,ORPHAN,superseded-design
docs/research/v8-full-view-zk-20260912/lean/AspisV8R19/WitnessPoints.lean,19,P18 P25 P26 P27 P30 P31,
docs/research/v8-full-view-zk-20260912/lean/AspisV8R19/WitnessQuotient00.lean,15,P18 P25 P26 P27 P30 P31,
docs/research/v8-full-view-zk-20260912/lean/AspisV8R19/WitnessQuotient01.lean,15,P18 P25 P26 P27 P30 P31,
docs/research/v8-full-view-zk-20260912/lean/AspisV8R19/WitnessQuotient02.lean,15,P18 P25 P26 P27 P30 P31,
docs/research/v8-full-view-zk-20260912/lean/AspisV8R19/WitnessQuotient03.lean,15,P18 P25 P26 P27 P30 P31,
docs/research/v8-full-view-zk-20260912/lean/AspisV8R19/WitnessQuotient04.lean,15,P18 P25 P26 P27 P30 P31,
docs/research/v8-full-view-zk-20260912/lean/AspisV8R19/WitnessQuotient05.lean,15,P18 P25 P26 P27 P30 P31,
docs/research/v8-full-view-zk-20260912/lean/AspisV8R19/WitnessQuotient06.lean,15,P18 P25 P26 P27 P30 P31,
docs/research/v8-full-view-zk-20260912/lean/AspisV8R19/WitnessQuotient07.lean,15,P18 P25 P26 P27 P30 P31,
docs/research/v8-full-view-zk-20260912/lean/AspisV8R19/WitnessQuotient08.lean,15,P18 P25 P26 P27 P30 P31,
docs/research/v8-full-view-zk-20260912/lean/AspisV8R19/WitnessQuotient09.lean,15,P18 P25 P26 P27 P30 P31,
docs/research/v8-full-view-zk-20260912/lean/AspisV8R19/WitnessQuotient10.lean,15,P18 P25 P26 P27 P30 P31,
docs/research/v8-full-view-zk-20260912/lean/AspisV8R19/WitnessQuotient11.lean,15,P18 P25 P26 P27 P30 P31,
docs/research/v8-full-view-zk-20260912/lean/AspisV8R19/WitnessQuotient12.lean,15,P18 P25 P26 P27 P30 P31,
docs/research/v8-full-view-zk-20260912/lean/AspisV8R19/WitnessRootBridge.lean,83,P18 P25 P26 P27 P30 P31,
docs/research/v8-full-view-zk-20260912/lean/AspisV8R19/WitnessRootData.lean,36,P18 P25 P26 P27 P30 P31,
docs/research/v8-full-view-zk-20260912/lean/AspisV8R19/WitnessRootStep01.lean,9,P18 P25 P26 P27 P30 P31,
docs/research/v8-full-view-zk-20260912/lean/AspisV8R19/WitnessRootStep02.lean,9,P18 P25 P26 P27 P30 P31,
docs/research/v8-full-view-zk-20260912/lean/AspisV8R19/WitnessRootStep03.lean,9,P18 P25 P26 P27 P30 P31,
docs/research/v8-full-view-zk-20260912/lean/AspisV8R19/WitnessRootStep04.lean,9,P18 P25 P26 P27 P30 P31,
docs/research/v8-full-view-zk-20260912/lean/AspisV8R19/WitnessRootStep05.lean,9,P18 P25 P26 P27 P30 P31,
docs/research/v8-full-view-zk-20260912/lean/AspisV8R19/WitnessRootStep06.lean,9,P18 P25 P26 P27 P30 P31,
docs/research/v8-full-view-zk-20260912/lean/AspisV8R19/WitnessRootStep07.lean,9,P18 P25 P26 P27 P30 P31,
docs/research/v8-full-view-zk-20260912/lean/AspisV8R19/WitnessRootStep08.lean,9,P18 P25 P26 P27 P30 P31,
docs/research/v8-full-view-zk-20260912/lean/AspisV8R19/WitnessRootStep09.lean,9,P18 P25 P26 P27 P30 P31,
docs/research/v8-full-view-zk-20260912/lean/AspisV8R19/WitnessRootStep10.lean,9,P18 P25 P26 P27 P30 P31,
docs/research/v8-full-view-zk-20260912/lean/AspisV8R19/WitnessRootStep11.lean,9,P18 P25 P26 P27 P30 P31,
docs/research/v8-full-view-zk-20260912/lean/AspisV8R19/WitnessRootStep12.lean,9,P18 P25 P26 P27 P30 P31,
docs/research/v8-full-view-zk-20260912/lean/AspisV8R19/WitnessRootStep13.lean,9,P18 P25 P26 P27 P30 P31,
docs/research/v8-full-view-zk-20260912/lean/AspisV8R19/WitnessRootStep14.lean,9,P18 P25 P26 P27 P30 P31,
docs/research/v8-full-view-zk-20260912/lean/AspisV8R19/WitnessRootStep15.lean,9,P18 P25 P26 P27 P30 P31,
docs/research/v8-full-view-zk-20260912/lean/AspisV8R19/WitnessRootStep16.lean,9,P18 P25 P26 P27 P30 P31,
docs/research/v8-full-view-zk-20260912/lean/AspisV8R19/WitnessRootStep17.lean,9,P18 P25 P26 P27 P30 P31,
docs/research/v8-full-view-zk-20260912/lean/AspisV8R19/WitnessRootStep18.lean,9,P18 P25 P26 P27 P30 P31,
docs/research/v8-full-view-zk-20260912/lean/AspisV8R19/WitnessRootStep19.lean,9,P18 P25 P26 P27 P30 P31,
docs/research/v8-full-view-zk-20260912/lean/AspisV8R19/WitnessRootStep20.lean,9,P18 P25 P26 P27 P30 P31,
docs/research/v8-full-view-zk-20260912/lean/AspisV8R19/WitnessRootStep21.lean,9,P18 P25 P26 P27 P30 P31,
docs/research/v8-full-view-zk-20260912/lean/AspisV8R19/WitnessRootStep22.lean,9,P18 P25 P26 P27 P30 P31,
docs/research/v8-full-view-zk-20260912/lean/AspisV8R19/WitnessShiftStep1.lean,9,P18 P25 P26 P27 P30 P31,
docs/research/v8-full-view-zk-20260912/lean/AspisV8R19/WitnessShiftStep2.lean,9,P18 P25 P26 P27 P30 P31,
docs/research/v8-full-view-zk-20260912/lean/AspisV8R19/WitnessShiftStep3.lean,9,P18 P25 P26 P27 P30 P31,
docs/research/v8-full-view-zk-20260912/lean/AspisV8R19/WitnessShiftStep4.lean,9,P18 P25 P26 P27 P30 P31,
docs/research/v8-full-view-zk-20260912/lean/AspisV8R19/WitnessWeight0Chunk00.lean,56,P18 P25 P26 P27 P30 P31,
docs/research/v8-full-view-zk-20260912/lean/AspisV8R19/WitnessWeight0Chunk01.lean,56,P18 P25 P26 P27 P30 P31,
docs/research/v8-full-view-zk-20260912/lean/AspisV8R19/WitnessWeight0Chunk02.lean,56,P18 P25 P26 P27 P30 P31,
docs/research/v8-full-view-zk-20260912/lean/AspisV8R19/WitnessWeight0Chunk03.lean,56,P18 P25 P26 P27 P30 P31,
docs/research/v8-full-view-zk-20260912/lean/AspisV8R19/WitnessWeight0Chunk04.lean,56,P18 P25 P26 P27 P30 P31,
docs/research/v8-full-view-zk-20260912/lean/AspisV8R19/WitnessWeight0Chunk05.lean,56,P18 P25 P26 P27 P30 P31,
docs/research/v8-full-view-zk-20260912/lean/AspisV8R19/WitnessWeight0Chunk06.lean,56,P18 P25 P26 P27 P30 P31,
docs/research/v8-full-view-zk-20260912/lean/AspisV8R19/WitnessWeight0Chunk07.lean,56,P18 P25 P26 P27 P30 P31,
docs/research/v8-full-view-zk-20260912/lean/AspisV8R19/WitnessWeight0Chunk08.lean,56,P18 P25 P26 P27 P30 P31,
docs/research/v8-full-view-zk-20260912/lean/AspisV8R19/WitnessWeight1Chunk00.lean,56,P18 P25 P26 P27 P30 P31,
docs/research/v8-full-view-zk-20260912/lean/AspisV8R19/WitnessWeight1Chunk01.lean,56,P18 P25 P26 P27 P30 P31,
docs/research/v8-full-view-zk-20260912/lean/AspisV8R19/WitnessWeight1Chunk02.lean,56,P18 P25 P26 P27 P30 P31,
docs/research/v8-full-view-zk-20260912/lean/AspisV8R19/WitnessWeight1Chunk03.lean,56,P18 P25 P26 P27 P30 P31,
docs/research/v8-full-view-zk-20260912/lean/AspisV8R19/WitnessWeight1Chunk04.lean,56,P18 P25 P26 P27 P30 P31,
docs/research/v8-full-view-zk-20260912/lean/AspisV8R19/WitnessWeight1Chunk05.lean,56,P18 P25 P26 P27 P30 P31,
docs/research/v8-full-view-zk-20260912/lean/AspisV8R19/WitnessWeight1Chunk06.lean,56,P18 P25 P26 P27 P30 P31,
docs/research/v8-full-view-zk-20260912/lean/AspisV8R19/WitnessWeight1Chunk07.lean,56,P18 P25 P26 P27 P30 P31,
docs/research/v8-full-view-zk-20260912/lean/AspisV8R19/WitnessWeight1Chunk08.lean,56,P18 P25 P26 P27 P30 P31,
docs/research/v8-full-view-zk-20260912/lean/AspisV8R19/WitnessWeight2Chunk00.lean,56,P18 P25 P26 P27 P30 P31,
docs/research/v8-full-view-zk-20260912/lean/AspisV8R19/WitnessWeight2Chunk01.lean,56,P18 P25 P26 P27 P30 P31,
docs/research/v8-full-view-zk-20260912/lean/AspisV8R19/WitnessWeight2Chunk02.lean,56,P18 P25 P26 P27 P30 P31,
docs/research/v8-full-view-zk-20260912/lean/AspisV8R19/WitnessWeight2Chunk03.lean,56,P18 P25 P26 P27 P30 P31,
docs/research/v8-full-view-zk-20260912/lean/AspisV8R19/WitnessWeight2Chunk04.lean,56,P18 P25 P26 P27 P30 P31,
docs/research/v8-full-view-zk-20260912/lean/AspisV8R19/WitnessWeight2Chunk05.lean,56,P18 P25 P26 P27 P30 P31,
docs/research/v8-full-view-zk-20260912/lean/AspisV8R19/WitnessWeight2Chunk06.lean,56,P18 P25 P26 P27 P30 P31,
docs/research/v8-full-view-zk-20260912/lean/AspisV8R19/WitnessWeight2Chunk07.lean,56,P18 P25 P26 P27 P30 P31,
docs/research/v8-full-view-zk-20260912/lean/AspisV8R19/WitnessWeight2Chunk08.lean,56,P18 P25 P26 P27 P30 P31,
docs/research/v8-full-view-zk-20260912/lean/AspisV8R19/WrapperReplay.lean,69,ORPHAN,unused
docs/research/v8-full-view-zk-20260912/lean/AspisV8R9.lean,9,ORPHAN,unused
docs/research/v8-full-view-zk-20260912/lean/AspisV8R9/FirstHit.lean,61,ORPHAN,unused
docs/research/v8-full-view-zk-20260912/lean/AspisV8R9/FirstHitFiber.lean,74,ORPHAN,unused
docs/research/v8-full-view-zk-20260912/lean/AspisV8R9/MemoizedExpansion.lean,33,ORPHAN,unused
docs/research/v8-full-view-zk-20260912/lean/AspisV8R9/OperationalLaws.lean,262,ORPHAN,unused
docs/research/v8-full-view-zk-20260912/lean/AspisV8R9/OperationalTrace.lean,232,ORPHAN,unused
docs/research/v8-full-view-zk-20260912/lean/AspisV8R9/ProbeGrammar.lean,48,ORPHAN,unused
docs/research/v8-full-view-zk-20260912/lean/AspisV8R9/SourcePrefixMemo.lean,104,ORPHAN,unused
docs/research/v8-full-view-zk-20260912/lean/integration-drafts/FSProgrammingDraft.lean,45,ORPHAN,refinement-deferred
