{
  "status": "PASS_INDEPENDENT_STRUCTURAL_AUDIT",
  "input_sha256": "ab72ee9cb72ec543bc8a86f5fc2a627cd3c5847eeed46c049d78ab25182294f8",
  "output_sha256": "d4fa8045d5b43c2fa5930b201417a0e6a683c9c783030dcc4c0b3ffbb95d9d3c",
  "pinned_charon_revision": "cb50ff16b9f1066b8a97dc06da704de2da2fa41c",
  "pinned_charon_reorder_decls_sha256": "8a1176e29a51a83c82ff5a7df2aa11021e3e0c254e9fd6c656c0a92314ba2632",
  "roots": [
    [
      "Fun",
      0
    ],
    [
      "Fun",
      1
    ],
    [
      "Fun",
      2
    ],
    [
      "Fun",
      3
    ]
  ],
  "counts": {
    "Type": 5,
    "Fun": 28,
    "Global": 2
  },
  "ordered_count": 35,
  "edges_count": 107,
  "edge_set_matches_generator": true,
  "typed_reference_shapes": {
    "Adt-id": 1069,
    "Fun.Builtin": 18,
    "Fun.Regular": 106,
    "Global.record": 24
  },
  "missing_refs": [],
  "cycles": [],
  "trait_execution_refs": [],
  "fun_trait_source_refs": [],
  "integer_id_dictionary_count": 1892,
  "integer_id_dictionary_classes": [
    "body"
  ],
  "integer_id_census_matches_generator": true,
  "all_dependencies_precede_users": true,
  "all_reachable_once_no_extra": true,
  "only_changed_json_path": "translated.ordered_decls",
  "all_other_json_identical": true,
  "all_type_fun_global_rows_identical": true,
  "scope": "Structural metadata audit only; no translation or source-semantics claim.",
  "integer_id_dictionaries": [
    {
      "owner": [
        "Fun",
        0
      ],
      "path": "Fun[0].body.Structured.body.statements[0]",
      "id": 0,
      "keys": [
        "comments_before",
        "id",
        "kind",
        "span"
      ]
    },
    {
      "owner": [
        "Fun",
        0
      ],
      "path": "Fun[0].body.Structured.body.statements[1]",
      "id": 1,
      "keys": [
        "comments_before",
        "id",
        "kind",
        "span"
      ]
    },
    {
      "owner": [
        "Fun",
        0
      ],
      "path": "Fun[0].body.Structured.body.statements[2]",
      "id": 1821,
      "keys": [
        "comments_before",
        "id",
        "kind",
        "span"
      ]
    },
    {
      "owner": [
        "Fun",
        0
      ],
      "path": "Fun[0].body.Structured.body.statements[3]",
      "id": 1822,
      "keys": [
        "comments_before",
        "id",
        "kind",
        "span"
      ]
    },
    {
      "owner": [
        "Fun",
        0
      ],
      "path": "Fun[0].body.Structured.body.statements[4]",
      "id": 1823,
      "keys": [
        "comments_before",
        "id",
        "kind",
        "span"
      ]
    },
    {
      "owner": [
        "Fun",
        0
      ],
      "path": "Fun[0].body.Structured.body.statements[5]",
      "id": 1825,
      "keys": [
        "comments_before",
        "id",
        "kind",
        "span"
      ]
    },
    {
      "owner": [
        "Fun",
        0
      ],
      "path": "Fun[0].body.Structured.body.statements[5].kind.Call.on_unwind.statements[0]",
      "id": 1911,
      "keys": [
        "comments_before",
        "id",
        "kind",
        "span"
      ]
    },
    {
      "owner": [
        "Fun",
        0
      ],
      "path": "Fun[0].body.Structured.body.statements[5].kind.Call.on_unwind.statements[1]",
      "id": 1912,
      "keys": [
        "comments_before",
        "id",
        "kind",
        "span"
      ]
    },
    {
      "owner": [
        "Fun",
        0
      ],
      "path": "Fun[0].body.Structured.body.statements[5].kind.Call.on_unwind.statements[2]",
      "id": 1913,
      "keys": [
        "comments_before",
        "id",
        "kind",
        "span"
      ]
    },
    {
      "owner": [
        "Fun",
        0
      ],
      "path": "Fun[0].body.Structured.body.statements[5].kind.Call.on_unwind.statements[3]",
      "id": 1914,
      "keys": [
        "comments_before",
        "id",
        "kind",
        "span"
      ]
    },
    {
      "owner": [
        "Fun",
        0
      ],
      "path": "Fun[0].body.Structured.body.statements[5].kind.Call.on_unwind.statements[4]",
      "id": 1915,
      "keys": [
        "comments_before",
        "id",
        "kind",
        "span"
      ]
    },
    {
      "owner": [
        "Fun",
        0
      ],
      "path": "Fun[0].body.Structured.body.statements[5].kind.Call.on_unwind.statements[5]",
      "id": 1916,
      "keys": [
        "comments_before",
        "id",
        "kind",
        "span"
      ]
    },
    {
      "owner": [
        "Fun",
        0
      ],
      "path": "Fun[0].body.Structured.body.statements[5].kind.Call.on_unwind.statements[6]",
      "id": 1824,
      "keys": [
        "comments_before",
        "id",
        "kind",
        "span"
      ]
    },
    {
      "owner": [
        "Fun",
        0
      ],
      "path": "Fun[0].body.Structured.body.statements[6]",
      "id": 2,
      "keys": [
        "comments_before",
        "id",
        "kind",
        "span"
      ]
    },
    {
      "owner": [
        "Fun",
        0
      ],
      "path": "Fun[0].body.Structured.body.statements[7]",
      "id": 3,
      "keys": [
        "comments_before",
        "id",
        "kind",
        "span"
      ]
    },
    {
      "owner": [
        "Fun",
        0
      ],
      "path": "Fun[0].body.Structured.body.statements[8]",
      "id": 1826,
      "keys": [
        "comments_before",
        "id",
        "kind",
        "span"
      ]
    },
    {
      "owner": [
        "Fun",
        0
      ],
      "path": "Fun[0].body.Structured.body.statements[9]",
      "id": 1827,
      "keys": [
        "comments_before",
        "id",
        "kind",
        "span"
      ]
    },
    {
      "owner": [
        "Fun",
        0
      ],
      "path": "Fun[0].body.Structured.body.statements[10]",
      "id": 1828,
      "keys": [
        "comments_before",
        "id",
        "kind",
        "span"
      ]
    },
    {
      "owner": [
        "Fun",
        0
      ],
      "path": "Fun[0].body.Structured.body.statements[11]",
      "id": 1830,
      "keys": [
        "comments_before",
        "id",
        "kind",
        "span"
      ]
    },
    {
      "owner": [
        "Fun",
        0
      ],
      "path": "Fun[0].body.Structured.body.statements[11].kind.Call.on_unwind.statements[0]",
      "id": 1917,
      "keys": [
        "comments_before",
        "id",
        "kind",
        "span"
      ]
    },
    {
      "owner": [
        "Fun",
        0
      ],
      "path": "Fun[0].body.Structured.body.statements[11].kind.Call.on_unwind.statements[1]",
      "id": 1918,
      "keys": [
        "comments_before",
        "id",
        "kind",
        "span"
      ]
    },
    {
      "owner": [
        "Fun",
        0
      ],
      "path": "Fun[0].body.Structured.body.statements[11].kind.Call.on_unwind.statements[2]",
      "id": 1919,
      "keys": [
        "comments_before",
        "id",
        "kind",
        "span"
      ]
    },
    {
      "owner": [
        "Fun",
        0
      ],
      "path": "Fun[0].body.Structured.body.statements[11].kind.Call.on_unwind.statements[3]",
      "id": 1920,
      "keys": [
        "comments_before",
        "id",
        "kind",
        "span"
      ]
    },
    {
      "owner": [
        "Fun",
        0
      ],
      "path": "Fun[0].body.Structured.body.statements[11].kind.Call.on_unwind.statements[4]",
      "id": 1921,
      "keys": [
        "comments_before",
        "id",
        "kind",
        "span"
      ]
    },
    {
      "owner": [
        "Fun",
        0
      ],
      "path": "Fun[0].body.Structured.body.statements[11].kind.Call.on_unwind.statements[5]",
      "id": 1922,
      "keys": [
        "comments_before",
        "id",
        "kind",
        "span"
      ]
    },
    {
      "owner": [
        "Fun",
        0
      ],
      "path": "Fun[0].body.Structured.body.statements[11].kind.Call.on_unwind.statements[6]",
      "id": 1829,
      "keys": [
        "comments_before",
        "id",
        "kind",
        "span"
      ]
    },
    {
      "owner": [
        "Fun",
        0
      ],
      "path": "Fun[0].body.Structured.body.statements[12]",
      "id": 4,
      "keys": [
        "comments_before",
        "id",
        "kind",
        "span"
      ]
    },
    {
      "owner": [
        "Fun",
        0
      ],
      "path": "Fun[0].body.Structured.body.statements[13]",
      "id": 5,
      "keys": [
        "comments_before",
        "id",
        "kind",
        "span"
      ]
    },
    {
      "owner": [
        "Fun",
        0
      ],
      "path": "Fun[0].body.Structured.body.statements[14]",
      "id": 1831,
      "keys": [
        "comments_before",
        "id",
        "kind",
        "span"
      ]
    },
    {
      "owner": [
        "Fun",
        0
      ],
      "path": "Fun[0].body.Structured.body.statements[15]",
      "id": 1832,
      "keys": [
        "comments_before",
        "id",
        "kind",
        "span"
      ]
    },
    {
      "owner": [
        "Fun",
        0
      ],
      "path": "Fun[0].body.Structured.body.statements[16]",
      "id": 1833,
      "keys": [
        "comments_before",
        "id",
        "kind",
        "span"
      ]
    },
    {
      "owner": [
        "Fun",
        0
      ],
      "path": "Fun[0].body.Structured.body.statements[17]",
      "id": 1835,
      "keys": [
        "comments_before",
        "id",
        "kind",
        "span"
      ]
    },
    {
      "owner": [
        "Fun",
        0
      ],
      "path": "Fun[0].body.Structured.body.statements[17].kind.Call.on_unwind.statements[0]",
      "id": 1923,
      "keys": [
        "comments_before",
        "id",
        "kind",
        "span"
      ]
    },
    {
      "owner": [
        "Fun",
        0
      ],
      "path": "Fun[0].body.Structured.body.statements[17].kind.Call.on_unwind.statements[1]",
      "id": 1924,
      "keys": [
        "comments_before",
        "id",
        "kind",
        "span"
      ]
    },
    {
      "owner": [
        "Fun",
        0
      ],
      "path": "Fun[0].body.Structured.body.statements[17].kind.Call.on_unwind.statements[2]",
      "id": 1925,
      "keys": [
        "comments_before",
        "id",
        "kind",
        "span"
      ]
    },
    {
      "owner": [
        "Fun",
        0
      ],
      "path": "Fun[0].body.Structured.body.statements[17].kind.Call.on_unwind.statements[3]",
      "id": 1926,
      "keys": [
        "comments_before",
        "id",
        "kind",
        "span"
      ]
    },
    {
      "owner": [
        "Fun",
        0
      ],
      "path": "Fun[0].body.Structured.body.statements[17].kind.Call.on_unwind.statements[4]",
      "id": 1927,
      "keys": [
        "comments_before",
        "id",
        "kind",
        "span"
      ]
    },
    {
      "owner": [
        "Fun",
        0
      ],
      "path": "Fun[0].body.Structured.body.statements[17].kind.Call.on_unwind.statements[5]",
      "id": 1928,
      "keys": [
        "comments_before",
        "id",
        "kind",
        "span"
      ]
    },
    {
      "owner": [
        "Fun",
        0
      ],
      "path": "Fun[0].body.Structured.body.statements[17].kind.Call.on_unwind.statements[6]",
      "id": 1834,
      "keys": [
        "comments_before",
        "id",
        "kind",
        "span"
      ]
    },
    {
      "owner": [
        "Fun",
        0
      ],
      "path": "Fun[0].body.Structured.body.statements[18]",
      "id": 6,
      "keys": [
        "comments_before",
        "id",
        "kind",
        "span"
      ]
    },
    {
      "owner": [
        "Fun",
        0
      ],
      "path": "Fun[0].body.Structured.body.statements[19]",
      "id": 7,
      "keys": [
        "comments_before",
        "id",
        "kind",
        "span"
      ]
    },
    {
      "owner": [
        "Fun",
        0
      ],
      "path": "Fun[0].body.Structured.body.statements[20]",
      "id": 8,
      "keys": [
        "comments_before",
        "id",
        "kind",
        "span"
      ]
    },
    {
      "owner": [
        "Fun",
        0
      ],
      "path": "Fun[0].body.Structured.body.statements[21]",
      "id": 9,
      "keys": [
        "comments_before",
        "id",
        "kind",
        "span"
      ]
    },
    {
      "owner": [
        "Fun",
        0
      ],
      "path": "Fun[0].body.Structured.body.statements[22]",
      "id": 12,
      "keys": [
        "comments_before",
        "id",
        "kind",
        "span"
      ]
    },
    {
      "owner": [
        "Fun",
        0
      ],
      "path": "Fun[0].body.Structured.body.statements[22].kind.Call.on_unwind.statements[0]",
      "id": 10,
      "keys": [
        "comments_before",
        "id",
        "kind",
        "span"
      ]
    },
    {
      "owner": [
        "Fun",
        0
      ],
      "path": "Fun[0].body.Structured.body.statements[22].kind.Call.on_unwind.statements[1]",
      "id": 11,
      "keys": [
        "comments_before",
        "id",
        "kind",
        "span"
      ]
    },
    {
      "owner": [
        "Fun",
        0
      ],
      "path": "Fun[0].body.Structured.body.statements[23]",
      "id": 13,
      "keys": [
        "comments_before",
        "id",
        "kind",
        "span"
      ]
    },
    {
      "owner": [
        "Fun",
        0
      ],
      "path": "Fun[0].body.Structured.body.statements[24]",
      "id": 14,
      "keys": [
        "comments_before",
        "id",
        "kind",
        "span"
      ]
    },
    {
      "owner": [
        "Fun",
        0
      ],
      "path": "Fun[0].body.Structured.body.statements[25]",
      "id": 15,
      "keys": [
        "comments_before",
        "id",
        "kind",
        "span"
      ]
    },
    {
      "owner": [
        "Fun",
        0
      ],
      "path": "Fun[0].body.Structured.body.statements[26]",
      "id": 16,
      "keys": [
        "comments_before",
        "id",
        "kind",
        "span"
      ]
    },
    {
      "owner": [
        "Fun",
        0
      ],
      "path": "Fun[0].body.Structured.body.statements[27]",
      "id": 17,
      "keys": [
        "comments_before",
        "id",
        "kind",
        "span"
      ]
    },
    {
      "owner": [
        "Fun",
        0
      ],
      "path": "Fun[0].body.Structured.body.statements[28]",
      "id": 18,
      "keys": [
        "comments_before",
        "id",
        "kind",
        "span"
      ]
    },
    {
      "owner": [
        "Fun",
        0
      ],
      "path": "Fun[0].body.Structured.body.statements[29]",
      "id": 21,
      "keys": [
        "comments_before",
        "id",
        "kind",
        "span"
      ]
    },
    {
      "owner": [
        "Fun",
        0
      ],
      "path": "Fun[0].body.Structured.body.statements[29].kind.Call.on_unwind.statements[0]",
      "id": 19,
      "keys": [
        "comments_before",
        "id",
        "kind",
        "span"
      ]
    },
    {
      "owner": [
        "Fun",
        0
      ],
      "path": "Fun[0].body.Structured.body.statements[29].kind.Call.on_unwind.statements[1]",
      "id": 20,
      "keys": [
        "comments_before",
        "id",
        "kind",
        "span"
      ]
    },
    {
      "owner": [
        "Fun",
        0
      ],
      "path": "Fun[0].body.Structured.body.statements[30]",
      "id": 22,
      "keys": [
        "comments_before",
        "id",
        "kind",
        "span"
      ]
    },
    {
      "owner": [
        "Fun",
        0
      ],
      "path": "Fun[0].body.Structured.body.statements[31]",
      "id": 23,
      "keys": [
        "comments_before",
        "id",
        "kind",
        "span"
      ]
    },
    {
      "owner": [
        "Fun",
        0
      ],
      "path": "Fun[0].body.Structured.body.statements[32]",
      "id": 24,
      "keys": [
        "comments_before",
        "id",
        "kind",
        "span"
      ]
    },
    {
      "owner": [
        "Fun",
        0
      ],
      "path": "Fun[0].body.Structured.body.statements[33]",
      "id": 27,
      "keys": [
        "comments_before",
        "id",
        "kind",
        "span"
      ]
    },
    {
      "owner": [
        "Fun",
        0
      ],
      "path": "Fun[0].body.Structured.body.statements[33].kind.Call.on_unwind.statements[0]",
      "id": 25,
      "keys": [
        "comments_before",
        "id",
        "kind",
        "span"
      ]
    },
    {
      "owner": [
        "Fun",
        0
      ],
      "path": "Fun[0].body.Structured.body.statements[33].kind.Call.on_unwind.statements[1]",
      "id": 26,
      "keys": [
        "comments_before",
        "id",
        "kind",
        "span"
      ]
    },
    {
      "owner": [
        "Fun",
        0
      ],
      "path": "Fun[0].body.Structured.body.statements[34]",
      "id": 28,
      "keys": [
        "comments_before",
        "id",
        "kind",
        "span"
      ]
    },
    {
      "owner": [
        "Fun",
        0
      ],
      "path": "Fun[0].body.Structured.body.statements[35]",
      "id": 29,
      "keys": [
        "comments_before",
        "id",
        "kind",
        "span"
      ]
    },
    {
      "owner": [
        "Fun",
        0
      ],
      "path": "Fun[0].body.Structured.body.statements[36]",
      "id": 30,
      "keys": [
        "comments_before",
        "id",
        "kind",
        "span"
      ]
    },
    {
      "owner": [
        "Fun",
        0
      ],
      "path": "Fun[0].body.Structured.body.statements[37]",
      "id": 31,
      "keys": [
        "comments_before",
        "id",
        "kind",
        "span"
      ]
    },
    {
      "owner": [
        "Fun",
        0
      ],
      "path": "Fun[0].body.Structured.body.statements[38]",
      "id": 32,
      "keys": [
        "comments_before",
        "id",
        "kind",
        "span"
      ]
    },
    {
      "owner": [
        "Fun",
        0
      ],
      "path": "Fun[0].body.Structured.body.statements[39]",
      "id": 33,
      "keys": [
        "comments_before",
        "id",
        "kind",
        "span"
      ]
    },
    {
      "owner": [
        "Fun",
        0
      ],
      "path": "Fun[0].body.Structured.body.statements[40]",
      "id": 36,
      "keys": [
        "comments_before",
        "id",
        "kind",
        "span"
      ]
    },
    {
      "owner": [
        "Fun",
        0
      ],
      "path": "Fun[0].body.Structured.body.statements[40].kind.Call.on_unwind.statements[0]",
      "id": 34,
      "keys": [
        "comments_before",
        "id",
        "kind",
        "span"
      ]
    },
    {
      "owner": [
        "Fun",
        0
      ],
      "path": "Fun[0].body.Structured.body.statements[40].kind.Call.on_unwind.statements[1]",
      "id": 35,
      "keys": [
        "comments_before",
        "id",
        "kind",
        "span"
      ]
    },
    {
      "owner": [
        "Fun",
        0
      ],
      "path": "Fun[0].body.Structured.body.statements[41]",
      "id": 37,
      "keys": [
        "comments_before",
        "id",
        "kind",
        "span"
      ]
    },
    {
      "owner": [
        "Fun",
        0
      ],
      "path": "Fun[0].body.Structured.body.statements[42]",
      "id": 38,
      "keys": [
        "comments_before",
        "id",
        "kind",
        "span"
      ]
    },
    {
      "owner": [
        "Fun",
        0
      ],
      "path": "Fun[0].body.Structured.body.statements[43]",
      "id": 39,
      "keys": [
        "comments_before",
        "id",
        "kind",
        "span"
      ]
    },
    {
      "owner": [
        "Fun",
        0
      ],
      "path": "Fun[0].body.Structured.body.statements[44]",
      "id": 42,
      "keys": [
        "comments_before",
        "id",
        "kind",
        "span"
      ]
    },
    {
      "owner": [
        "Fun",
        0
      ],
      "path": "Fun[0].body.Structured.body.statements[44].kind.Call.on_unwind.statements[0]",
      "id": 40,
      "keys": [
        "comments_before",
        "id",
        "kind",
        "span"
      ]
    },
    {
      "owner": [
        "Fun",
        0
      ],
      "path": "Fun[0].body.Structured.body.statements[44].kind.Call.on_unwind.statements[1]",
      "id": 41,
      "keys": [
        "comments_before",
        "id",
        "kind",
        "span"
      ]
    },
    {
      "owner": [
        "Fun",
        0
      ],
      "path": "Fun[0].body.Structured.body.statements[45]",
      "id": 43,
      "keys": [
        "comments_before",
        "id",
        "kind",
        "span"
      ]
    },
    {
      "owner": [
        "Fun",
        0
      ],
      "path": "Fun[0].body.Structured.body.statements[46]",
      "id": 44,
      "keys": [
        "comments_before",
        "id",
        "kind",
        "span"
      ]
    },
    {
      "owner": [
        "Fun",
        0
      ],
      "path": "Fun[0].body.Structured.body.statements[47]",
      "id": 45,
      "keys": [
        "comments_before",
        "id",
        "kind",
        "span"
      ]
    },
    {
      "owner": [
        "Fun",
        0
      ],
      "path": "Fun[0].body.Structured.body.statements[48]",
      "id": 46,
      "keys": [
        "comments_before",
        "id",
        "kind",
        "span"
      ]
    },
    {
      "owner": [
        "Fun",
        0
      ],
      "path": "Fun[0].body.Structured.body.statements[49]",
      "id": 47,
      "keys": [
        "comments_before",
        "id",
        "kind",
        "span"
      ]
    },
    {
      "owner": [
        "Fun",
        0
      ],
      "path": "Fun[0].body.Structured.body.statements[50]",
      "id": 48,
      "keys": [
        "comments_before",
        "id",
        "kind",
        "span"
      ]
    },
    {
      "owner": [
        "Fun",
        0
      ],
      "path": "Fun[0].body.Structured.body.statements[51]",
      "id": 49,
      "keys": [
        "comments_before",
        "id",
        "kind",
        "span"
      ]
    },
    {
      "owner": [
        "Fun",
        0
      ],
      "path": "Fun[0].body.Structured.body.statements[52]",
      "id": 52,
      "keys": [
        "comments_before",
        "id",
        "kind",
        "span"
      ]
    },
    {
      "owner": [
        "Fun",
        0
      ],
      "path": "Fun[0].body.Structured.body.statements[52].kind.Call.on_unwind.statements[0]",
      "id": 50,
      "keys": [
        "comments_before",
        "id",
        "kind",
        "span"
      ]
    },
    {
      "owner": [
        "Fun",
        0
      ],
      "path": "Fun[0].body.Structured.body.statements[52].kind.Call.on_unwind.statements[1]",
      "id": 51,
      "keys": [
        "comments_before",
        "id",
        "kind",
        "span"
      ]
    },
    {
      "owner": [
        "Fun",
        0
      ],
      "path": "Fun[0].body.Structured.body.statements[53]",
      "id": 53,
      "keys": [
        "comments_before",
        "id",
        "kind",
        "span"
      ]
    },
    {
      "owner": [
        "Fun",
        0
      ],
      "path": "Fun[0].body.Structured.body.statements[54]",
      "id": 54,
      "keys": [
        "comments_before",
        "id",
        "kind",
        "span"
      ]
    },
    {
      "owner": [
        "Fun",
        0
      ],
      "path": "Fun[0].body.Structured.body.statements[55]",
      "id": 55,
      "keys": [
        "comments_before",
        "id",
        "kind",
        "span"
      ]
    },
    {
      "owner": [
        "Fun",
        0
      ],
      "path": "Fun[0].body.Structured.body.statements[56]",
      "id": 56,
      "keys": [
        "comments_before",
        "id",
        "kind",
        "span"
      ]
    },
    {
      "owner": [
        "Fun",
        0
      ],
      "path": "Fun[0].body.Structured.body.statements[57]",
      "id": 57,
      "keys": [
        "comments_before",
        "id",
        "kind",
        "span"
      ]
    },
    {
      "owner": [
        "Fun",
        0
      ],
      "path": "Fun[0].body.Structured.body.statements[58]",
      "id": 58,
      "keys": [
        "comments_before",
        "id",
        "kind",
        "span"
      ]
    },
    {
      "owner": [
        "Fun",
        0
      ],
      "path": "Fun[0].body.Structured.body.statements[59]",
      "id": 59,
      "keys": [
        "comments_before",
        "id",
        "kind",
        "span"
      ]
    },
    {
      "owner": [
        "Fun",
        0
      ],
      "path": "Fun[0].body.Structured.body.statements[60]",
      "id": 62,
      "keys": [
        "comments_before",
        "id",
        "kind",
        "span"
      ]
    },
    {
      "owner": [
        "Fun",
        0
      ],
      "path": "Fun[0].body.Structured.body.statements[60].kind.Call.on_unwind.statements[0]",
      "id": 60,
      "keys": [
        "comments_before",
        "id",
        "kind",
        "span"
      ]
    },
    {
      "owner": [
        "Fun",
        0
      ],
      "path": "Fun[0].body.Structured.body.statements[60].kind.Call.on_unwind.statements[1]",
      "id": 61,
      "keys": [
        "comments_before",
        "id",
        "kind",
        "span"
      ]
    },
    {
      "owner": [
        "Fun",
        0
      ],
      "path": "Fun[0].body.Structured.body.statements[61]",
      "id": 63,
      "keys": [
        "comments_before",
        "id",
        "kind",
        "span"
      ]
    },
    {
      "owner": [
        "Fun",
        0
      ],
      "path": "Fun[0].body.Structured.body.statements[62]",
      "id": 64,
      "keys": [
        "comments_before",
        "id",
        "kind",
        "span"
      ]
    },
    {
      "owner": [
        "Fun",
        0
      ],
      "path": "Fun[0].body.Structured.body.statements[63]",
      "id": 65,
      "keys": [
        "comments_before",
        "id",
        "kind",
        "span"
      ]
    },
    {
      "owner": [
        "Fun",
        0
      ],
      "path": "Fun[0].body.Structured.body.statements[64]",
      "id": 66,
      "keys": [
        "comments_before",
        "id",
        "kind",
        "span"
      ]
    },
    {
      "owner": [
        "Fun",
        0
      ],
      "path": "Fun[0].body.Structured.body.statements[65]",
      "id": 67,
      "keys": [
        "comments_before",
        "id",
        "kind",
        "span"
      ]
    },
    {
      "owner": [
        "Fun",
        0
      ],
      "path": "Fun[0].body.Structured.body.statements[66]",
      "id": 68,
      "keys": [
        "comments_before",
        "id",
        "kind",
        "span"
      ]
    },
    {
      "owner": [
        "Fun",
        0
      ],
      "path": "Fun[0].body.Structured.body.statements[67]",
      "id": 69,
      "keys": [
        "comments_before",
        "id",
        "kind",
        "span"
      ]
    },
    {
      "owner": [
        "Fun",
        0
      ],
      "path": "Fun[0].body.Structured.body.statements[68]",
      "id": 72,
      "keys": [
        "comments_before",
        "id",
        "kind",
        "span"
      ]
    },
    {
      "owner": [
        "Fun",
        0
      ],
      "path": "Fun[0].body.Structured.body.statements[68].kind.Call.on_unwind.statements[0]",
      "id": 70,
      "keys": [
        "comments_before",
        "id",
        "kind",
        "span"
      ]
    },
    {
      "owner": [
        "Fun",
        0
      ],
      "path": "Fun[0].body.Structured.body.statements[68].kind.Call.on_unwind.statements[1]",
      "id": 71,
      "keys": [
        "comments_before",
        "id",
        "kind",
        "span"
      ]
    },
    {
      "owner": [
        "Fun",
        0
      ],
      "path": "Fun[0].body.Structured.body.statements[69]",
      "id": 73,
      "keys": [
        "comments_before",
        "id",
        "kind",
        "span"
      ]
    },
    {
      "owner": [
        "Fun",
        0
      ],
      "path": "Fun[0].body.Structured.body.statements[70]",
      "id": 74,
      "keys": [
        "comments_before",
        "id",
        "kind",
        "span"
      ]
    },
    {
      "owner": [
        "Fun",
        0
      ],
      "path": "Fun[0].body.Structured.body.statements[71]",
      "id": 75,
      "keys": [
        "comments_before",
        "id",
        "kind",
        "span"
      ]
    },
    {
      "owner": [
        "Fun",
        0
      ],
      "path": "Fun[0].body.Structured.body.statements[72]",
      "id": 76,
      "keys": [
        "comments_before",
        "id",
        "kind",
        "span"
      ]
    },
    {
      "owner": [
        "Fun",
        0
      ],
      "path": "Fun[0].body.Structured.body.statements[73]",
      "id": 77,
      "keys": [
        "comments_before",
        "id",
        "kind",
        "span"
      ]
    },
    {
      "owner": [
        "Fun",
        0
      ],
      "path": "Fun[0].body.Structured.body.statements[74]",
      "id": 78,
      "keys": [
        "comments_before",
        "id",
        "kind",
        "span"
      ]
    },
    {
      "owner": [
        "Fun",
        0
      ],
      "path": "Fun[0].body.Structured.body.statements[75]",
      "id": 79,
      "keys": [
        "comments_before",
        "id",
        "kind",
        "span"
      ]
    },
    {
      "owner": [
        "Fun",
        0
      ],
      "path": "Fun[0].body.Structured.body.statements[76]",
      "id": 80,
      "keys": [
        "comments_before",
        "id",
        "kind",
        "span"
      ]
    },
    {
      "owner": [
        "Fun",
        0
      ],
      "path": "Fun[0].body.Structured.body.statements[77]",
      "id": 81,
      "keys": [
        "comments_before",
        "id",
        "kind",
        "span"
      ]
    },
    {
      "owner": [
        "Fun",
        0
      ],
      "path": "Fun[0].body.Structured.body.statements[78]",
      "id": 82,
      "keys": [
        "comments_before",
        "id",
        "kind",
        "span"
      ]
    },
    {
      "owner": [
        "Fun",
        0
      ],
      "path": "Fun[0].body.Structured.body.statements[79]",
      "id": 83,
      "keys": [
        "comments_before",
        "id",
        "kind",
        "span"
      ]
    },
    {
      "owner": [
        "Fun",
        0
      ],
      "path": "Fun[0].body.Structured.body.statements[80]",
      "id": 84,
      "keys": [
        "comments_before",
        "id",
        "kind",
        "span"
      ]
    },
    {
      "owner": [
        "Fun",
        0
      ],
      "path": "Fun[0].body.Structured.body.statements[81]",
      "id": 85,
      "keys": [
        "comments_before",
        "id",
        "kind",
        "span"
      ]
    },
    {
      "owner": [
        "Fun",
        0
      ],
      "path": "Fun[0].body.Structured.body.statements[82]",
      "id": 86,
      "keys": [
        "comments_before",
        "id",
        "kind",
        "span"
      ]
    },
    {
      "owner": [
        "Fun",
        0
      ],
      "path": "Fun[0].body.Structured.body.statements[83]",
      "id": 87,
      "keys": [
        "comments_before",
        "id",
        "kind",
        "span"
      ]
    },
    {
      "owner": [
        "Fun",
        0
      ],
      "path": "Fun[0].body.Structured.body.statements[84]",
      "id": 1929,
      "keys": [
        "comments_before",
        "id",
        "kind",
        "span"
      ]
    },
    {
      "owner": [
        "Fun",
        0
      ],
      "path": "Fun[0].body.Structured.body.statements[85]",
      "id": 1930,
      "keys": [
        "comments_before",
        "id",
        "kind",
        "span"
      ]
    },
    {
      "owner": [
        "Fun",
        0
      ],
      "path": "Fun[0].body.Structured.body.statements[86]",
      "id": 1931,
      "keys": [
        "comments_before",
        "id",
        "kind",
        "span"
      ]
    },
    {
      "owner": [
        "Fun",
        0
      ],
      "path": "Fun[0].body.Structured.body.statements[87]",
      "id": 1932,
      "keys": [
        "comments_before",
        "id",
        "kind",
        "span"
      ]
    },
    {
      "owner": [
        "Fun",
        0
      ],
      "path": "Fun[0].body.Structured.body.statements[88]",
      "id": 1933,
      "keys": [
        "comments_before",
        "id",
        "kind",
        "span"
      ]
    },
    {
      "owner": [
        "Fun",
        0
      ],
      "path": "Fun[0].body.Structured.body.statements[89]",
      "id": 1934,
      "keys": [
        "comments_before",
        "id",
        "kind",
        "span"
      ]
    },
    {
      "owner": [
        "Fun",
        0
      ],
      "path": "Fun[0].body.Structured.body.statements[90]",
      "id": 88,
      "keys": [
        "comments_before",
        "id",
        "kind",
        "span"
      ]
    },
    {
      "owner": [
        "Fun",
        4
      ],
      "path": "Fun[4].body.Structured.body.statements[0]",
      "id": 798,
      "keys": [
        "comments_before",
        "id",
        "kind",
        "span"
      ]
    },
    {
      "owner": [
        "Fun",
        4
      ],
      "path": "Fun[4].body.Structured.body.statements[1]",
      "id": 799,
      "keys": [
        "comments_before",
        "id",
        "kind",
        "span"
      ]
    },
    {
      "owner": [
        "Fun",
        4
      ],
      "path": "Fun[4].body.Structured.body.statements[2]",
      "id": 800,
      "keys": [
        "comments_before",
        "id",
        "kind",
        "span"
      ]
    },
    {
      "owner": [
        "Fun",
        4
      ],
      "path": "Fun[4].body.Structured.body.statements[3]",
      "id": 801,
      "keys": [
        "comments_before",
        "id",
        "kind",
        "span"
      ]
    },
    {
      "owner": [
        "Fun",
        4
      ],
      "path": "Fun[4].body.Structured.body.statements[4]",
      "id": 804,
      "keys": [
        "comments_before",
        "id",
        "kind",
        "span"
      ]
    },
    {
      "owner": [
        "Fun",
        4
      ],
      "path": "Fun[4].body.Structured.body.statements[4].kind.Call.on_unwind.statements[0]",
      "id": 802,
      "keys": [
        "comments_before",
        "id",
        "kind",
        "span"
      ]
    },
    {
      "owner": [
        "Fun",
        4
      ],
      "path": "Fun[4].body.Structured.body.statements[4].kind.Call.on_unwind.statements[1]",
      "id": 803,
      "keys": [
        "comments_before",
        "id",
        "kind",
        "span"
      ]
    },
    {
      "owner": [
        "Fun",
        4
      ],
      "path": "Fun[4].body.Structured.body.statements[5]",
      "id": 805,
      "keys": [
        "comments_before",
        "id",
        "kind",
        "span"
      ]
    },
    {
      "owner": [
        "Fun",
        4
      ],
      "path": "Fun[4].body.Structured.body.statements[6]",
      "id": 806,
      "keys": [
        "comments_before",
        "id",
        "kind",
        "span"
      ]
    },
    {
      "owner": [
        "Fun",
        4
      ],
      "path": "Fun[4].body.Structured.body.statements[7]",
      "id": 807,
      "keys": [
        "comments_before",
        "id",
        "kind",
        "span"
      ]
    },
    {
      "owner": [
        "Fun",
        4
      ],
      "path": "Fun[4].body.Structured.body.statements[8]",
      "id": 808,
      "keys": [
        "comments_before",
        "id",
        "kind",
        "span"
      ]
    },
    {
      "owner": [
        "Fun",
        4
      ],
      "path": "Fun[4].body.Structured.body.statements[9]",
      "id": 809,
      "keys": [
        "comments_before",
        "id",
        "kind",
        "span"
      ]
    },
    {
      "owner": [
        "Fun",
        4
      ],
      "path": "Fun[4].body.Structured.body.statements[10]",
      "id": 812,
      "keys": [
        "comments_before",
        "id",
        "kind",
        "span"
      ]
    },
    {
      "owner": [
        "Fun",
        4
      ],
      "path": "Fun[4].body.Structured.body.statements[10].kind.Call.on_unwind.statements[0]",
      "id": 810,
      "keys": [
        "comments_before",
        "id",
        "kind",
        "span"
      ]
    },
    {
      "owner": [
        "Fun",
        4
      ],
      "path": "Fun[4].body.Structured.body.statements[10].kind.Call.on_unwind.statements[1]",
      "id": 811,
      "keys": [
        "comments_before",
        "id",
        "kind",
        "span"
      ]
    },
    {
      "owner": [
        "Fun",
        4
      ],
      "path": "Fun[4].body.Structured.body.statements[11]",
      "id": 813,
      "keys": [
        "comments_before",
        "id",
        "kind",
        "span"
      ]
    },
    {
      "owner": [
        "Fun",
        4
      ],
      "path": "Fun[4].body.Structured.body.statements[12]",
      "id": 816,
      "keys": [
        "comments_before",
        "id",
        "kind",
        "span"
      ]
    },
    {
      "owner": [
        "Fun",
        4
      ],
      "path": "Fun[4].body.Structured.body.statements[12].kind.Call.on_unwind.statements[0]",
      "id": 814,
      "keys": [
        "comments_before",
        "id",
        "kind",
        "span"
      ]
    },
    {
      "owner": [
        "Fun",
        4
      ],
      "path": "Fun[4].body.Structured.body.statements[12].kind.Call.on_unwind.statements[1]",
      "id": 815,
      "keys": [
        "comments_before",
        "id",
        "kind",
        "span"
      ]
    },
    {
      "owner": [
        "Fun",
        4
      ],
      "path": "Fun[4].body.Structured.body.statements[13]",
      "id": 817,
      "keys": [
        "comments_before",
        "id",
        "kind",
        "span"
      ]
    },
    {
      "owner": [
        "Fun",
        4
      ],
      "path": "Fun[4].body.Structured.body.statements[14]",
      "id": 820,
      "keys": [
        "comments_before",
        "id",
        "kind",
        "span"
      ]
    },
    {
      "owner": [
        "Fun",
        4
      ],
      "path": "Fun[4].body.Structured.body.statements[14].kind.Call.on_unwind.statements[0]",
      "id": 818,
      "keys": [
        "comments_before",
        "id",
        "kind",
        "span"
      ]
    },
    {
      "owner": [
        "Fun",
        4
      ],
      "path": "Fun[4].body.Structured.body.statements[14].kind.Call.on_unwind.statements[1]",
      "id": 819,
      "keys": [
        "comments_before",
        "id",
        "kind",
        "span"
      ]
    },
    {
      "owner": [
        "Fun",
        4
      ],
      "path": "Fun[4].body.Structured.body.statements[15]",
      "id": 821,
      "keys": [
        "comments_before",
        "id",
        "kind",
        "span"
      ]
    },
    {
      "owner": [
        "Fun",
        4
      ],
      "path": "Fun[4].body.Structured.body.statements[16]",
      "id": 822,
      "keys": [
        "comments_before",
        "id",
        "kind",
        "span"
      ]
    },
    {
      "owner": [
        "Fun",
        4
      ],
      "path": "Fun[4].body.Structured.body.statements[17]",
      "id": 823,
      "keys": [
        "comments_before",
        "id",
        "kind",
        "span"
      ]
    },
    {
      "owner": [
        "Fun",
        4
      ],
      "path": "Fun[4].body.Structured.body.statements[18]",
      "id": 824,
      "keys": [
        "comments_before",
        "id",
        "kind",
        "span"
      ]
    },
    {
      "owner": [
        "Fun",
        6
      ],
      "path": "Fun[6].body.Structured.body.statements[0]",
      "id": 854,
      "keys": [
        "comments_before",
        "id",
        "kind",
        "span"
      ]
    },
    {
      "owner": [
        "Fun",
        6
      ],
      "path": "Fun[6].body.Structured.body.statements[1]",
      "id": 855,
      "keys": [
        "comments_before",
        "id",
        "kind",
        "span"
      ]
    },
    {
      "owner": [
        "Fun",
        6
      ],
      "path": "Fun[6].body.Structured.body.statements[2]",
      "id": 856,
      "keys": [
        "comments_before",
        "id",
        "kind",
        "span"
      ]
    },
    {
      "owner": [
        "Fun",
        6
      ],
      "path": "Fun[6].body.Structured.body.statements[3]",
      "id": 857,
      "keys": [
        "comments_before",
        "id",
        "kind",
        "span"
      ]
    },
    {
      "owner": [
        "Fun",
        6
      ],
      "path": "Fun[6].body.Structured.body.statements[4]",
      "id": 858,
      "keys": [
        "comments_before",
        "id",
        "kind",
        "span"
      ]
    },
    {
      "owner": [
        "Fun",
        6
      ],
      "path": "Fun[6].body.Structured.body.statements[5]",
      "id": 859,
      "keys": [
        "comments_before",
        "id",
        "kind",
        "span"
      ]
    },
    {
      "owner": [
        "Fun",
        6
      ],
      "path": "Fun[6].body.Structured.body.statements[6]",
      "id": 863,
      "keys": [
        "comments_before",
        "id",
        "kind",
        "span"
      ]
    },
    {
      "owner": [
        "Fun",
        6
      ],
      "path": "Fun[6].body.Structured.body.statements[6].kind.Call.on_unwind.statements[0]",
      "id": 860,
      "keys": [
        "comments_before",
        "id",
        "kind",
        "span"
      ]
    },
    {
      "owner": [
        "Fun",
        6
      ],
      "path": "Fun[6].body.Structured.body.statements[6].kind.Call.on_unwind.statements[1]",
      "id": 861,
      "keys": [
        "comments_before",
        "id",
        "kind",
        "span"
      ]
    },
    {
      "owner": [
        "Fun",
        6
      ],
      "path": "Fun[6].body.Structured.body.statements[6].kind.Call.on_unwind.statements[2]",
      "id": 862,
      "keys": [
        "comments_before",
        "id",
        "kind",
        "span"
      ]
    },
    {
      "owner": [
        "Fun",
        6
      ],
      "path": "Fun[6].body.Structured.body.statements[7]",
      "id": 864,
      "keys": [
        "comments_before",
        "id",
        "kind",
        "span"
      ]
    },
    {
      "owner": [
        "Fun",
        6
      ],
      "path": "Fun[6].body.Structured.body.statements[8]",
      "id": 865,
      "keys": [
        "comments_before",
        "id",
        "kind",
        "span"
      ]
    },
    {
      "owner": [
        "Fun",
        6
      ],
      "path": "Fun[6].body.Structured.body.statements[9]",
      "id": 866,
      "keys": [
        "comments_before",
        "id",
        "kind",
        "span"
      ]
    },
    {
      "owner": [
        "Fun",
        6
      ],
      "path": "Fun[6].body.Structured.body.statements[10]",
      "id": 867,
      "keys": [
        "comments_before",
        "id",
        "kind",
        "span"
      ]
    },
    {
      "owner": [
        "Fun",
        6
      ],
      "path": "Fun[6].body.Structured.body.statements[11]",
      "id": 868,
      "keys": [
        "comments_before",
        "id",
        "kind",
        "span"
      ]
    },
    {
      "owner": [
        "Fun",
        6
      ],
      "path": "Fun[6].body.Structured.body.statements[12]",
      "id": 869,
      "keys": [
        "comments_before",
        "id",
        "kind",
        "span"
      ]
    },
    {
      "owner": [
        "Fun",
        6
      ],
      "path": "Fun[6].body.Structured.body.statements[13]",
      "id": 870,
      "keys": [
        "comments_before",
        "id",
        "kind",
        "span"
      ]
    },
    {
      "owner": [
        "Fun",
        6
      ],
      "path": "Fun[6].body.Structured.body.statements[14]",
      "id": 874,
      "keys": [
        "comments_before",
        "id",
        "kind",
        "span"
      ]
    },
    {
      "owner": [
        "Fun",
        6
      ],
      "path": "Fun[6].body.Structured.body.statements[14].kind.Call.on_unwind.statements[0]",
      "id": 871,
      "keys": [
        "comments_before",
        "id",
        "kind",
        "span"
      ]
    },
    {
      "owner": [
        "Fun",
        6
      ],
      "path": "Fun[6].body.Structured.body.statements[14].kind.Call.on_unwind.statements[1]",
      "id": 872,
      "keys": [
        "comments_before",
        "id",
        "kind",
        "span"
      ]
    },
    {
      "owner": [
        "Fun",
        6
      ],
      "path": "Fun[6].body.Structured.body.statements[14].kind.Call.on_unwind.statements[2]",
      "id": 873,
      "keys": [
        "comments_before",
        "id",
        "kind",
        "span"
      ]
    },
    {
      "owner": [
        "Fun",
        6
      ],
      "path": "Fun[6].body.Structured.body.statements[15]",
      "id": 875,
      "keys": [
        "comments_before",
        "id",
        "kind",
        "span"
      ]
    },
    {
      "owner": [
        "Fun",
        6
      ],
      "path": "Fun[6].body.Structured.body.statements[16]",
      "id": 876,
      "keys": [
        "comments_before",
        "id",
        "kind",
        "span"
      ]
    },
    {
      "owner": [
        "Fun",
        6
      ],
      "path": "Fun[6].body.Structured.body.statements[17]",
      "id": 877,
      "keys": [
        "comments_before",
        "id",
        "kind",
        "span"
      ]
    },
    {
      "owner": [
        "Fun",
        6
      ],
      "path": "Fun[6].body.Structured.body.statements[18]",
      "id": 878,
      "keys": [
        "comments_before",
        "id",
        "kind",
        "span"
      ]
    },
    {
      "owner": [
        "Fun",
        6
      ],
      "path": "Fun[6].body.Structured.body.statements[19]",
      "id": 879,
      "keys": [
        "comments_before",
        "id",
        "kind",
        "span"
      ]
    },
    {
      "owner": [
        "Fun",
        6
      ],
      "path": "Fun[6].body.Structured.body.statements[20]",
      "id": 880,
      "keys": [
        "comments_before",
        "id",
        "kind",
        "span"
      ]
    },
    {
      "owner": [
        "Fun",
        6
      ],
      "path": "Fun[6].body.Structured.body.statements[21]",
      "id": 881,
      "keys": [
        "comments_before",
        "id",
        "kind",
        "span"
      ]
    },
    {
      "owner": [
        "Fun",
        6
      ],
      "path": "Fun[6].body.Structured.body.statements[22]",
      "id": 882,
      "keys": [
        "comments_before",
        "id",
        "kind",
        "span"
      ]
    },
    {
      "owner": [
        "Fun",
        14
      ],
      "path": "Fun[14].body.Structured.body.statements[0]",
      "id": 1300,
      "keys": [
        "comments_before",
        "id",
        "kind",
        "span"
      ]
    },
    {
      "owner": [
        "Fun",
        14
      ],
      "path": "Fun[14].body.Structured.body.statements[1]",
      "id": 1301,
      "keys": [
        "comments_before",
        "id",
        "kind",
        "span"
      ]
    },
    {
      "owner": [
        "Fun",
        14
      ],
      "path": "Fun[14].body.Structured.body.statements[2]",
      "id": 1302,
      "keys": [
        "comments_before",
        "id",
        "kind",
        "span"
      ]
    },
    {
      "owner": [
        "Fun",
        14
      ],
      "path": "Fun[14].body.Structured.body.statements[3]",
      "id": 1303,
      "keys": [
        "comments_before",
        "id",
        "kind",
        "span"
      ]
    },
    {
      "owner": [
        "Fun",
        14
      ],
      "path": "Fun[14].body.Structured.body.statements[4]",
      "id": 1304,
      "keys": [
        "comments_before",
        "id",
        "kind",
        "span"
      ]
    },
    {
      "owner": [
        "Fun",
        14
      ],
      "path": "Fun[14].body.Structured.body.statements[5]",
      "id": 1308,
      "keys": [
        "comments_before",
        "id",
        "kind",
        "span"
      ]
    },
    {
      "owner": [
        "Fun",
        14
      ],
      "path": "Fun[14].body.Structured.body.statements[5].kind.Call.on_unwind.statements[0]",
      "id": 1305,
      "keys": [
        "comments_before",
        "id",
        "kind",
        "span"
      ]
    },
    {
      "owner": [
        "Fun",
        14
      ],
      "path": "Fun[14].body.Structured.body.statements[5].kind.Call.on_unwind.statements[1]",
      "id": 1306,
      "keys": [
        "comments_before",
        "id",
        "kind",
        "span"
      ]
    },
    {
      "owner": [
        "Fun",
        14
      ],
      "path": "Fun[14].body.Structured.body.statements[5].kind.Call.on_unwind.statements[2]",
      "id": 1307,
      "keys": [
        "comments_before",
        "id",
        "kind",
        "span"
      ]
    },
    {
      "owner": [
        "Fun",
        14
      ],
      "path": "Fun[14].body.Structured.body.statements[6]",
      "id": 1309,
      "keys": [
        "comments_before",
        "id",
        "kind",
        "span"
      ]
    },
    {
      "owner": [
        "Fun",
        14
      ],
      "path": "Fun[14].body.Structured.body.statements[7]",
      "id": 1310,
      "keys": [
        "comments_before",
        "id",
        "kind",
        "span"
      ]
    },
    {
      "owner": [
        "Fun",
        14
      ],
      "path": "Fun[14].body.Structured.body.statements[8]",
      "id": 1314,
      "keys": [
        "comments_before",
        "id",
        "kind",
        "span"
      ]
    },
    {
      "owner": [
        "Fun",
        14
      ],
      "path": "Fun[14].body.Structured.body.statements[8].kind.Call.call.args[0].Copy.kind.Global",
      "id": 0,
      "keys": [
        "generics",
        "id"
      ]
    },
    {
      "owner": [
        "Fun",
        14
      ],
      "path": "Fun[14].body.Structured.body.statements[8].kind.Call.on_unwind.statements[0]",
      "id": 1311,
      "keys": [
        "comments_before",
        "id",
        "kind",
        "span"
      ]
    },
    {
      "owner": [
        "Fun",
        14
      ],
      "path": "Fun[14].body.Structured.body.statements[8].kind.Call.on_unwind.statements[1]",
      "id": 1312,
      "keys": [
        "comments_before",
        "id",
        "kind",
        "span"
      ]
    },
    {
      "owner": [
        "Fun",
        14
      ],
      "path": "Fun[14].body.Structured.body.statements[8].kind.Call.on_unwind.statements[2]",
      "id": 1313,
      "keys": [
        "comments_before",
        "id",
        "kind",
        "span"
      ]
    },
    {
      "owner": [
        "Fun",
        14
      ],
      "path": "Fun[14].body.Structured.body.statements[9]",
      "id": 1315,
      "keys": [
        "comments_before",
        "id",
        "kind",
        "span"
      ]
    },
    {
      "owner": [
        "Fun",
        14
      ],
      "path": "Fun[14].body.Structured.body.statements[10]",
      "id": 1316,
      "keys": [
        "comments_before",
        "id",
        "kind",
        "span"
      ]
    },
    {
      "owner": [
        "Fun",
        14
      ],
      "path": "Fun[14].body.Structured.body.statements[11]",
      "id": 1317,
      "keys": [
        "comments_before",
        "id",
        "kind",
        "span"
      ]
    },
    {
      "owner": [
        "Fun",
        14
      ],
      "path": "Fun[14].body.Structured.body.statements[12]",
      "id": 1319,
      "keys": [
        "comments_before",
        "id",
        "kind",
        "span"
      ]
    },
    {
      "owner": [
        "Fun",
        14
      ],
      "path": "Fun[14].body.Structured.body.statements[13]",
      "id": 1320,
      "keys": [
        "comments_before",
        "id",
        "kind",
        "span"
      ]
    },
    {
      "owner": [
        "Fun",
        14
      ],
      "path": "Fun[14].body.Structured.body.statements[14]",
      "id": 1321,
      "keys": [
        "comments_before",
        "id",
        "kind",
        "span"
      ]
    },
    {
      "owner": [
        "Fun",
        14
      ],
      "path": "Fun[14].body.Structured.body.statements[15]",
      "id": 1322,
      "keys": [
        "comments_before",
        "id",
        "kind",
        "span"
      ]
    },
    {
      "owner": [
        "Fun",
        14
      ],
      "path": "Fun[14].body.Structured.body.statements[16]",
      "id": 1326,
      "keys": [
        "comments_before",
        "id",
        "kind",
        "span"
      ]
    },
    {
      "owner": [
        "Fun",
        14
      ],
      "path": "Fun[14].body.Structured.body.statements[16].kind.Call.call.args[0].Copy.kind.Global",
      "id": 1,
      "keys": [
        "generics",
        "id"
      ]
    },
    {
      "owner": [
        "Fun",
        14
      ],
      "path": "Fun[14].body.Structured.body.statements[16].kind.Call.on_unwind.statements[0]",
      "id": 1323,
      "keys": [
        "comments_before",
        "id",
        "kind",
        "span"
      ]
    },
    {
      "owner": [
        "Fun",
        14
      ],
      "path": "Fun[14].body.Structured.body.statements[16].kind.Call.on_unwind.statements[1]",
      "id": 1324,
      "keys": [
        "comments_before",
        "id",
        "kind",
        "span"
      ]
    },
    {
      "owner": [
        "Fun",
        14
      ],
      "path": "Fun[14].body.Structured.body.statements[16].kind.Call.on_unwind.statements[2]",
      "id": 1325,
      "keys": [
        "comments_before",
        "id",
        "kind",
        "span"
      ]
    },
    {
      "owner": [
        "Fun",
        14
      ],
      "path": "Fun[14].body.Structured.body.statements[17]",
      "id": 1327,
      "keys": [
        "comments_before",
        "id",
        "kind",
        "span"
      ]
    },
    {
      "owner": [
        "Fun",
        14
      ],
      "path": "Fun[14].body.Structured.body.statements[18]",
      "id": 1412,
      "keys": [
        "comments_before",
        "id",
        "kind",
        "span"
      ]
    },
    {
      "owner": [
        "Fun",
        14
      ],
      "path": "Fun[14].body.Structured.body.statements[18].kind.Switch.If[1].statements[0]",
      "id": 1328,
      "keys": [
        "comments_before",
        "id",
        "kind",
        "span"
      ]
    },
    {
      "owner": [
        "Fun",
        14
      ],
      "path": "Fun[14].body.Structured.body.statements[18].kind.Switch.If[1].statements[1]",
      "id": 1329,
      "keys": [
        "comments_before",
        "id",
        "kind",
        "span"
      ]
    },
    {
      "owner": [
        "Fun",
        14
      ],
      "path": "Fun[14].body.Structured.body.statements[18].kind.Switch.If[2].statements[0]",
      "id": 1331,
      "keys": [
        "comments_before",
        "id",
        "kind",
        "span"
      ]
    },
    {
      "owner": [
        "Fun",
        14
      ],
      "path": "Fun[14].body.Structured.body.statements[18].kind.Switch.If[2].statements[1]",
      "id": 1332,
      "keys": [
        "comments_before",
        "id",
        "kind",
        "span"
      ]
    },
    {
      "owner": [
        "Fun",
        14
      ],
      "path": "Fun[14].body.Structured.body.statements[18].kind.Switch.If[2].statements[2]",
      "id": 1333,
      "keys": [
        "comments_before",
        "id",
        "kind",
        "span"
      ]
    },
    {
      "owner": [
        "Fun",
        14
      ],
      "path": "Fun[14].body.Structured.body.statements[18].kind.Switch.If[2].statements[3]",
      "id": 1334,
      "keys": [
        "comments_before",
        "id",
        "kind",
        "span"
      ]
    },
    {
      "owner": [
        "Fun",
        14
      ],
      "path": "Fun[14].body.Structured.body.statements[18].kind.Switch.If[2].statements[4]",
      "id": 1335,
      "keys": [
        "comments_before",
        "id",
        "kind",
        "span"
      ]
    },
    {
      "owner": [
        "Fun",
        14
      ],
      "path": "Fun[14].body.Structured.body.statements[18].kind.Switch.If[2].statements[5]",
      "id": 1336,
      "keys": [
        "comments_before",
        "id",
        "kind",
        "span"
      ]
    },
    {
      "owner": [
        "Fun",
        14
      ],
      "path": "Fun[14].body.Structured.body.statements[18].kind.Switch.If[2].statements[6]",
      "id": 1337,
      "keys": [
        "comments_before",
        "id",
        "kind",
        "span"
      ]
    },
    {
      "owner": [
        "Fun",
        14
      ],
      "path": "Fun[14].body.Structured.body.statements[18].kind.Switch.If[2].statements[7]",
      "id": 1338,
      "keys": [
        "comments_before",
        "id",
        "kind",
        "span"
      ]
    },
    {
      "owner": [
        "Fun",
        14
      ],
      "path": "Fun[14].body.Structured.body.statements[18].kind.Switch.If[2].statements[8]",
      "id": 1342,
      "keys": [
        "comments_before",
        "id",
        "kind",
        "span"
      ]
    },
    {
      "owner": [
        "Fun",
        14
      ],
      "path": "Fun[14].body.Structured.body.statements[18].kind.Switch.If[2].statements[8].kind.Call.on_unwind.statements[0]",
      "id": 1339,
      "keys": [
        "comments_before",
        "id",
        "kind",
        "span"
      ]
    },
    {
      "owner": [
        "Fun",
        14
      ],
      "path": "Fun[14].body.Structured.body.statements[18].kind.Switch.If[2].statements[8].kind.Call.on_unwind.statements[1]",
      "id": 1340,
      "keys": [
        "comments_before",
        "id",
        "kind",
        "span"
      ]
    },
    {
      "owner": [
        "Fun",
        14
      ],
      "path": "Fun[14].body.Structured.body.statements[18].kind.Switch.If[2].statements[8].kind.Call.on_unwind.statements[2]",
      "id": 1341,
      "keys": [
        "comments_before",
        "id",
        "kind",
        "span"
      ]
    },
    {
      "owner": [
        "Fun",
        14
      ],
      "path": "Fun[14].body.Structured.body.statements[18].kind.Switch.If[2].statements[9]",
      "id": 1343,
      "keys": [
        "comments_before",
        "id",
        "kind",
        "span"
      ]
    },
    {
      "owner": [
        "Fun",
        14
      ],
      "path": "Fun[14].body.Structured.body.statements[18].kind.Switch.If[2].statements[10]",
      "id": 1344,
      "keys": [
        "comments_before",
        "id",
        "kind",
        "span"
      ]
    },
    {
      "owner": [
        "Fun",
        14
      ],
      "path": "Fun[14].body.Structured.body.statements[18].kind.Switch.If[2].statements[11]",
      "id": 1408,
      "keys": [
        "comments_before",
        "id",
        "kind",
        "span"
      ]
    },
    {
      "owner": [
        "Fun",
        14
      ],
      "path": "Fun[14].body.Structured.body.statements[18].kind.Switch.If[2].statements[11].kind.Switch.If[2].statements[0]",
      "id": 1346,
      "keys": [
        "comments_before",
        "id",
        "kind",
        "span"
      ]
    },
    {
      "owner": [
        "Fun",
        14
      ],
      "path": "Fun[14].body.Structured.body.statements[18].kind.Switch.If[2].statements[11].kind.Switch.If[2].statements[1]",
      "id": 1347,
      "keys": [
        "comments_before",
        "id",
        "kind",
        "span"
      ]
    },
    {
      "owner": [
        "Fun",
        14
      ],
      "path": "Fun[14].body.Structured.body.statements[18].kind.Switch.If[2].statements[11].kind.Switch.If[2].statements[2]",
      "id": 1349,
      "keys": [
        "comments_before",
        "id",
        "kind",
        "span"
      ]
    },
    {
      "owner": [
        "Fun",
        14
      ],
      "path": "Fun[14].body.Structured.body.statements[18].kind.Switch.If[2].statements[11].kind.Switch.If[2].statements[3]",
      "id": 1350,
      "keys": [
        "comments_before",
        "id",
        "kind",
        "span"
      ]
    },
    {
      "owner": [
        "Fun",
        14
      ],
      "path": "Fun[14].body.Structured.body.statements[18].kind.Switch.If[2].statements[11].kind.Switch.If[2].statements[4]",
      "id": 1352,
      "keys": [
        "comments_before",
        "id",
        "kind",
        "span"
      ]
    },
    {
      "owner": [
        "Fun",
        14
      ],
      "path": "Fun[14].body.Structured.body.statements[18].kind.Switch.If[2].statements[11].kind.Switch.If[2].statements[5]",
      "id": 1353,
      "keys": [
        "comments_before",
        "id",
        "kind",
        "span"
      ]
    },
    {
      "owner": [
        "Fun",
        14
      ],
      "path": "Fun[14].body.Structured.body.statements[18].kind.Switch.If[2].statements[11].kind.Switch.If[2].statements[6]",
      "id": 1354,
      "keys": [
        "comments_before",
        "id",
        "kind",
        "span"
      ]
    },
    {
      "owner": [
        "Fun",
        14
      ],
      "path": "Fun[14].body.Structured.body.statements[18].kind.Switch.If[2].statements[11].kind.Switch.If[2].statements[7]",
      "id": 1355,
      "keys": [
        "comments_before",
        "id",
        "kind",
        "span"
      ]
    },
    {
      "owner": [
        "Fun",
        14
      ],
      "path": "Fun[14].body.Structured.body.statements[18].kind.Switch.If[2].statements[11].kind.Switch.If[2].statements[8]",
      "id": 1356,
      "keys": [
        "comments_before",
        "id",
        "kind",
        "span"
      ]
    },
    {
      "owner": [
        "Fun",
        14
      ],
      "path": "Fun[14].body.Structured.body.statements[18].kind.Switch.If[2].statements[11].kind.Switch.If[2].statements[9]",
      "id": 1357,
      "keys": [
        "comments_before",
        "id",
        "kind",
        "span"
      ]
    },
    {
      "owner": [
        "Fun",
        14
      ],
      "path": "Fun[14].body.Structured.body.statements[18].kind.Switch.If[2].statements[11].kind.Switch.If[2].statements[10]",
      "id": 1361,
      "keys": [
        "comments_before",
        "id",
        "kind",
        "span"
      ]
    },
    {
      "owner": [
        "Fun",
        14
      ],
      "path": "Fun[14].body.Structured.body.statements[18].kind.Switch.If[2].statements[11].kind.Switch.If[2].statements[10].kind.Call.on_unwind.statements[0]",
      "id": 1358,
      "keys": [
        "comments_before",
        "id",
        "kind",
        "span"
      ]
    },
    {
      "owner": [
        "Fun",
        14
      ],
      "path": "Fun[14].body.Structured.body.statements[18].kind.Switch.If[2].statements[11].kind.Switch.If[2].statements[10].kind.Call.on_unwind.statements[1]",
      "id": 1359,
      "keys": [
        "comments_before",
        "id",
        "kind",
        "span"
      ]
    },
    {
      "owner": [
        "Fun",
        14
      ],
      "path": "Fun[14].body.Structured.body.statements[18].kind.Switch.If[2].statements[11].kind.Switch.If[2].statements[10].kind.Call.on_unwind.statements[2]",
      "id": 1360,
      "keys": [
        "comments_before",
        "id",
        "kind",
        "span"
      ]
    },
    {
      "owner": [
        "Fun",
        14
      ],
      "path": "Fun[14].body.Structured.body.statements[18].kind.Switch.If[2].statements[11].kind.Switch.If[2].statements[11]",
      "id": 1362,
      "keys": [
        "comments_before",
        "id",
        "kind",
        "span"
      ]
    },
    {
      "owner": [
        "Fun",
        14
      ],
      "path": "Fun[14].body.Structured.body.statements[18].kind.Switch.If[2].statements[11].kind.Switch.If[2].statements[12]",
      "id": 1363,
      "keys": [
        "comments_before",
        "id",
        "kind",
        "span"
      ]
    },
    {
      "owner": [
        "Fun",
        14
      ],
      "path": "Fun[14].body.Structured.body.statements[18].kind.Switch.If[2].statements[11].kind.Switch.If[2].statements[13]",
      "id": 1364,
      "keys": [
        "comments_before",
        "id",
        "kind",
        "span"
      ]
    },
    {
      "owner": [
        "Fun",
        14
      ],
      "path": "Fun[14].body.Structured.body.statements[18].kind.Switch.If[2].statements[11].kind.Switch.If[2].statements[14]",
      "id": 1365,
      "keys": [
        "comments_before",
        "id",
        "kind",
        "span"
      ]
    },
    {
      "owner": [
        "Fun",
        14
      ],
      "path": "Fun[14].body.Structured.body.statements[18].kind.Switch.If[2].statements[11].kind.Switch.If[2].statements[15]",
      "id": 1366,
      "keys": [
        "comments_before",
        "id",
        "kind",
        "span"
      ]
    },
    {
      "owner": [
        "Fun",
        14
      ],
      "path": "Fun[14].body.Structured.body.statements[18].kind.Switch.If[2].statements[11].kind.Switch.If[2].statements[16]",
      "id": 1367,
      "keys": [
        "comments_before",
        "id",
        "kind",
        "span"
      ]
    },
    {
      "owner": [
        "Fun",
        14
      ],
      "path": "Fun[14].body.Structured.body.statements[18].kind.Switch.If[2].statements[11].kind.Switch.If[2].statements[17]",
      "id": 1368,
      "keys": [
        "comments_before",
        "id",
        "kind",
        "span"
      ]
    },
    {
      "owner": [
        "Fun",
        14
      ],
      "path": "Fun[14].body.Structured.body.statements[18].kind.Switch.If[2].statements[11].kind.Switch.If[2].statements[18]",
      "id": 1369,
      "keys": [
        "comments_before",
        "id",
        "kind",
        "span"
      ]
    },
    {
      "owner": [
        "Fun",
        14
      ],
      "path": "Fun[14].body.Structured.body.statements[18].kind.Switch.If[2].statements[11].kind.Switch.If[2].statements[19]",
      "id": 1370,
      "keys": [
        "comments_before",
        "id",
        "kind",
        "span"
      ]
    },
    {
      "owner": [
        "Fun",
        14
      ],
      "path": "Fun[14].body.Structured.body.statements[18].kind.Switch.If[2].statements[11].kind.Switch.If[2].statements[20]",
      "id": 1374,
      "keys": [
        "comments_before",
        "id",
        "kind",
        "span"
      ]
    },
    {
      "owner": [
        "Fun",
        14
      ],
      "path": "Fun[14].body.Structured.body.statements[18].kind.Switch.If[2].statements[11].kind.Switch.If[2].statements[20].kind.Call.call.args[0].Copy.kind.Global",
      "id": 0,
      "keys": [
        "generics",
        "id"
      ]
    },
    {
      "owner": [
        "Fun",
        14
      ],
      "path": "Fun[14].body.Structured.body.statements[18].kind.Switch.If[2].statements[11].kind.Switch.If[2].statements[20].kind.Call.on_unwind.statements[0]",
      "id": 1371,
      "keys": [
        "comments_before",
        "id",
        "kind",
        "span"
      ]
    },
    {
      "owner": [
        "Fun",
        14
      ],
      "path": "Fun[14].body.Structured.body.statements[18].kind.Switch.If[2].statements[11].kind.Switch.If[2].statements[20].kind.Call.on_unwind.statements[1]",
      "id": 1372,
      "keys": [
        "comments_before",
        "id",
        "kind",
        "span"
      ]
    },
    {
      "owner": [
        "Fun",
        14
      ],
      "path": "Fun[14].body.Structured.body.statements[18].kind.Switch.If[2].statements[11].kind.Switch.If[2].statements[20].kind.Call.on_unwind.statements[2]",
      "id": 1373,
      "keys": [
        "comments_before",
        "id",
        "kind",
        "span"
      ]
    },
    {
      "owner": [
        "Fun",
        14
      ],
      "path": "Fun[14].body.Structured.body.statements[18].kind.Switch.If[2].statements[11].kind.Switch.If[2].statements[21]",
      "id": 1375,
      "keys": [
        "comments_before",
        "id",
        "kind",
        "span"
      ]
    },
    {
      "owner": [
        "Fun",
        14
      ],
      "path": "Fun[14].body.Structured.body.statements[18].kind.Switch.If[2].statements[11].kind.Switch.If[2].statements[22]",
      "id": 1399,
      "keys": [
        "comments_before",
        "id",
        "kind",
        "span"
      ]
    },
    {
      "owner": [
        "Fun",
        14
      ],
      "path": "Fun[14].body.Structured.body.statements[18].kind.Switch.If[2].statements[11].kind.Switch.If[2].statements[22].kind.Switch.If[1].statements[0]",
      "id": 1376,
      "keys": [
        "comments_before",
        "id",
        "kind",
        "span"
      ]
    },
    {
      "owner": [
        "Fun",
        14
      ],
      "path": "Fun[14].body.Structured.body.statements[18].kind.Switch.If[2].statements[11].kind.Switch.If[2].statements[22].kind.Switch.If[1].statements[1]",
      "id": 1377,
      "keys": [
        "comments_before",
        "id",
        "kind",
        "span"
      ]
    },
    {
      "owner": [
        "Fun",
        14
      ],
      "path": "Fun[14].body.Structured.body.statements[18].kind.Switch.If[2].statements[11].kind.Switch.If[2].statements[22].kind.Switch.If[1].statements[2]",
      "id": 1378,
      "keys": [
        "comments_before",
        "id",
        "kind",
        "span"
      ]
    },
    {
      "owner": [
        "Fun",
        14
      ],
      "path": "Fun[14].body.Structured.body.statements[18].kind.Switch.If[2].statements[11].kind.Switch.If[2].statements[22].kind.Switch.If[1].statements[3]",
      "id": 1379,
      "keys": [
        "comments_before",
        "id",
        "kind",
        "span"
      ]
    },
    {
      "owner": [
        "Fun",
        14
      ],
      "path": "Fun[14].body.Structured.body.statements[18].kind.Switch.If[2].statements[11].kind.Switch.If[2].statements[22].kind.Switch.If[1].statements[4]",
      "id": 1380,
      "keys": [
        "comments_before",
        "id",
        "kind",
        "span"
      ]
    },
    {
      "owner": [
        "Fun",
        14
      ],
      "path": "Fun[14].body.Structured.body.statements[18].kind.Switch.If[2].statements[11].kind.Switch.If[2].statements[22].kind.Switch.If[1].statements[5]",
      "id": 1381,
      "keys": [
        "comments_before",
        "id",
        "kind",
        "span"
      ]
    },
    {
      "owner": [
        "Fun",
        14
      ],
      "path": "Fun[14].body.Structured.body.statements[18].kind.Switch.If[2].statements[11].kind.Switch.If[2].statements[22].kind.Switch.If[1].statements[6]",
      "id": 1385,
      "keys": [
        "comments_before",
        "id",
        "kind",
        "span"
      ]
    },
    {
      "owner": [
        "Fun",
        14
      ],
      "path": "Fun[14].body.Structured.body.statements[18].kind.Switch.If[2].statements[11].kind.Switch.If[2].statements[22].kind.Switch.If[1].statements[6].kind.Call.call.args[0].Copy.kind.Global",
      "id": 0,
      "keys": [
        "generics",
        "id"
      ]
    },
    {
      "owner": [
        "Fun",
        14
      ],
      "path": "Fun[14].body.Structured.body.statements[18].kind.Switch.If[2].statements[11].kind.Switch.If[2].statements[22].kind.Switch.If[1].statements[6].kind.Call.on_unwind.statements[0]",
      "id": 1382,
      "keys": [
        "comments_before",
        "id",
        "kind",
        "span"
      ]
    },
    {
      "owner": [
        "Fun",
        14
      ],
      "path": "Fun[14].body.Structured.body.statements[18].kind.Switch.If[2].statements[11].kind.Switch.If[2].statements[22].kind.Switch.If[1].statements[6].kind.Call.on_unwind.statements[1]",
      "id": 1383,
      "keys": [
        "comments_before",
        "id",
        "kind",
        "span"
      ]
    },
    {
      "owner": [
        "Fun",
        14
      ],
      "path": "Fun[14].body.Structured.body.statements[18].kind.Switch.If[2].statements[11].kind.Switch.If[2].statements[22].kind.Switch.If[1].statements[6].kind.Call.on_unwind.statements[2]",
      "id": 1384,
      "keys": [
        "comments_before",
        "id",
        "kind",
        "span"
      ]
    },
    {
      "owner": [
        "Fun",
        14
      ],
      "path": "Fun[14].body.Structured.body.statements[18].kind.Switch.If[2].statements[11].kind.Switch.If[2].statements[22].kind.Switch.If[1].statements[7]",
      "id": 1386,
      "keys": [
        "comments_before",
        "id",
        "kind",
        "span"
      ]
    },
    {
      "owner": [
        "Fun",
        14
      ],
      "path": "Fun[14].body.Structured.body.statements[18].kind.Switch.If[2].statements[11].kind.Switch.If[2].statements[22].kind.Switch.If[1].statements[8]",
      "id": 1387,
      "keys": [
        "comments_before",
        "id",
        "kind",
        "span"
      ]
    },
    {
      "owner": [
        "Fun",
        14
      ],
      "path": "Fun[14].body.Structured.body.statements[18].kind.Switch.If[2].statements[11].kind.Switch.If[2].statements[22].kind.Switch.If[1].statements[9]",
      "id": 1388,
      "keys": [
        "comments_before",
        "id",
        "kind",
        "span"
      ]
    },
    {
      "owner": [
        "Fun",
        14
      ],
      "path": "Fun[14].body.Structured.body.statements[18].kind.Switch.If[2].statements[11].kind.Switch.If[2].statements[22].kind.Switch.If[1].statements[10]",
      "id": 1389,
      "keys": [
        "comments_before",
        "id",
        "kind",
        "span"
      ]
    },
    {
      "owner": [
        "Fun",
        14
      ],
      "path": "Fun[14].body.Structured.body.statements[18].kind.Switch.If[2].statements[11].kind.Switch.If[2].statements[22].kind.Switch.If[1].statements[11]",
      "id": 1390,
      "keys": [
        "comments_before",
        "id",
        "kind",
        "span"
      ]
    },
    {
      "owner": [
        "Fun",
        14
      ],
      "path": "Fun[14].body.Structured.body.statements[18].kind.Switch.If[2].statements[11].kind.Switch.If[2].statements[22].kind.Switch.If[2].statements[0]",
      "id": 1392,
      "keys": [
        "comments_before",
        "id",
        "kind",
        "span"
      ]
    },
    {
      "owner": [
        "Fun",
        14
      ],
      "path": "Fun[14].body.Structured.body.statements[18].kind.Switch.If[2].statements[11].kind.Switch.If[2].statements[22].kind.Switch.If[2].statements[1]",
      "id": 1393,
      "keys": [
        "comments_before",
        "id",
        "kind",
        "span"
      ]
    },
    {
      "owner": [
        "Fun",
        14
      ],
      "path": "Fun[14].body.Structured.body.statements[18].kind.Switch.If[2].statements[11].kind.Switch.If[2].statements[22].kind.Switch.If[2].statements[2]",
      "id": 1394,
      "keys": [
        "comments_before",
        "id",
        "kind",
        "span"
      ]
    },
    {
      "owner": [
        "Fun",
        14
      ],
      "path": "Fun[14].body.Structured.body.statements[18].kind.Switch.If[2].statements[11].kind.Switch.If[2].statements[22].kind.Switch.If[2].statements[3]",
      "id": 1395,
      "keys": [
        "comments_before",
        "id",
        "kind",
        "span"
      ]
    },
    {
      "owner": [
        "Fun",
        14
      ],
      "path": "Fun[14].body.Structured.body.statements[18].kind.Switch.If[2].statements[11].kind.Switch.If[2].statements[22].kind.Switch.If[2].statements[4]",
      "id": 1396,
      "keys": [
        "comments_before",
        "id",
        "kind",
        "span"
      ]
    },
    {
      "owner": [
        "Fun",
        14
      ],
      "path": "Fun[14].body.Structured.body.statements[18].kind.Switch.If[2].statements[11].kind.Switch.If[2].statements[22].kind.Switch.If[2].statements[5]",
      "id": 1397,
      "keys": [
        "comments_before",
        "id",
        "kind",
        "span"
      ]
    },
    {
      "owner": [
        "Fun",
        14
      ],
      "path": "Fun[14].body.Structured.body.statements[18].kind.Switch.If[2].statements[11].kind.Switch.If[2].statements[23]",
      "id": 1400,
      "keys": [
        "comments_before",
        "id",
        "kind",
        "span"
      ]
    },
    {
      "owner": [
        "Fun",
        14
      ],
      "path": "Fun[14].body.Structured.body.statements[18].kind.Switch.If[2].statements[11].kind.Switch.If[2].statements[24]",
      "id": 1401,
      "keys": [
        "comments_before",
        "id",
        "kind",
        "span"
      ]
    },
    {
      "owner": [
        "Fun",
        14
      ],
      "path": "Fun[14].body.Structured.body.statements[18].kind.Switch.If[2].statements[11].kind.Switch.If[2].statements[25]",
      "id": 1402,
      "keys": [
        "comments_before",
        "id",
        "kind",
        "span"
      ]
    },
    {
      "owner": [
        "Fun",
        14
      ],
      "path": "Fun[14].body.Structured.body.statements[18].kind.Switch.If[2].statements[11].kind.Switch.If[2].statements[26]",
      "id": 1403,
      "keys": [
        "comments_before",
        "id",
        "kind",
        "span"
      ]
    },
    {
      "owner": [
        "Fun",
        14
      ],
      "path": "Fun[14].body.Structured.body.statements[18].kind.Switch.If[2].statements[11].kind.Switch.If[2].statements[27]",
      "id": 1404,
      "keys": [
        "comments_before",
        "id",
        "kind",
        "span"
      ]
    },
    {
      "owner": [
        "Fun",
        14
      ],
      "path": "Fun[14].body.Structured.body.statements[18].kind.Switch.If[2].statements[11].kind.Switch.If[2].statements[28]",
      "id": 1405,
      "keys": [
        "comments_before",
        "id",
        "kind",
        "span"
      ]
    },
    {
      "owner": [
        "Fun",
        14
      ],
      "path": "Fun[14].body.Structured.body.statements[18].kind.Switch.If[2].statements[11].kind.Switch.If[2].statements[29]",
      "id": 1406,
      "keys": [
        "comments_before",
        "id",
        "kind",
        "span"
      ]
    },
    {
      "owner": [
        "Fun",
        14
      ],
      "path": "Fun[14].body.Structured.body.statements[18].kind.Switch.If[2].statements[11].kind.Switch.If[2].statements[30]",
      "id": 1407,
      "keys": [
        "comments_before",
        "id",
        "kind",
        "span"
      ]
    },
    {
      "owner": [
        "Fun",
        14
      ],
      "path": "Fun[14].body.Structured.body.statements[18].kind.Switch.If[2].statements[12]",
      "id": 1409,
      "keys": [
        "comments_before",
        "id",
        "kind",
        "span"
      ]
    },
    {
      "owner": [
        "Fun",
        14
      ],
      "path": "Fun[14].body.Structured.body.statements[18].kind.Switch.If[2].statements[13]",
      "id": 1410,
      "keys": [
        "comments_before",
        "id",
        "kind",
        "span"
      ]
    },
    {
      "owner": [
        "Fun",
        14
      ],
      "path": "Fun[14].body.Structured.body.statements[19]",
      "id": 1413,
      "keys": [
        "comments_before",
        "id",
        "kind",
        "span"
      ]
    },
    {
      "owner": [
        "Fun",
        14
      ],
      "path": "Fun[14].body.Structured.body.statements[20]",
      "id": 1414,
      "keys": [
        "comments_before",
        "id",
        "kind",
        "span"
      ]
    },
    {
      "owner": [
        "Fun",
        14
      ],
      "path": "Fun[14].body.Structured.body.statements[21]",
      "id": 1415,
      "keys": [
        "comments_before",
        "id",
        "kind",
        "span"
      ]
    },
    {
      "owner": [
        "Fun",
        14
      ],
      "path": "Fun[14].body.Structured.body.statements[22]",
      "id": 1416,
      "keys": [
        "comments_before",
        "id",
        "kind",
        "span"
      ]
    },
    {
      "owner": [
        "Fun",
        14
      ],
      "path": "Fun[14].body.Structured.body.statements[23]",
      "id": 1420,
      "keys": [
        "comments_before",
        "id",
        "kind",
        "span"
      ]
    },
    {
      "owner": [
        "Fun",
        14
      ],
      "path": "Fun[14].body.Structured.body.statements[23].kind.Call.on_unwind.statements[0]",
      "id": 1417,
      "keys": [
        "comments_before",
        "id",
        "kind",
        "span"
      ]
    },
    {
      "owner": [
        "Fun",
        14
      ],
      "path": "Fun[14].body.Structured.body.statements[23].kind.Call.on_unwind.statements[1]",
      "id": 1418,
      "keys": [
        "comments_before",
        "id",
        "kind",
        "span"
      ]
    },
    {
      "owner": [
        "Fun",
        14
      ],
      "path": "Fun[14].body.Structured.body.statements[23].kind.Call.on_unwind.statements[2]",
      "id": 1419,
      "keys": [
        "comments_before",
        "id",
        "kind",
        "span"
      ]
    },
    {
      "owner": [
        "Fun",
        14
      ],
      "path": "Fun[14].body.Structured.body.statements[24]",
      "id": 1421,
      "keys": [
        "comments_before",
        "id",
        "kind",
        "span"
      ]
    },
    {
      "owner": [
        "Fun",
        14
      ],
      "path": "Fun[14].body.Structured.body.statements[25]",
      "id": 1422,
      "keys": [
        "comments_before",
        "id",
        "kind",
        "span"
      ]
    },
    {
      "owner": [
        "Fun",
        14
      ],
      "path": "Fun[14].body.Structured.body.statements[26]",
      "id": 1423,
      "keys": [
        "comments_before",
        "id",
        "kind",
        "span"
      ]
    },
    {
      "owner": [
        "Fun",
        14
      ],
      "path": "Fun[14].body.Structured.body.statements[27]",
      "id": 1424,
      "keys": [
        "comments_before",
        "id",
        "kind",
        "span"
      ]
    },
    {
      "owner": [
        "Fun",
        14
      ],
      "path": "Fun[14].body.Structured.body.statements[28]",
      "id": 1426,
      "keys": [
        "comments_before",
        "id",
        "kind",
        "span"
      ]
    },
    {
      "owner": [
        "Fun",
        14
      ],
      "path": "Fun[14].body.Structured.body.statements[29]",
      "id": 1427,
      "keys": [
        "comments_before",
        "id",
        "kind",
        "span"
      ]
    },
    {
      "owner": [
        "Fun",
        14
      ],
      "path": "Fun[14].body.Structured.body.statements[30]",
      "id": 1428,
      "keys": [
        "comments_before",
        "id",
        "kind",
        "span"
      ]
    },
    {
      "owner": [
        "Fun",
        14
      ],
      "path": "Fun[14].body.Structured.body.statements[31]",
      "id": 1429,
      "keys": [
        "comments_before",
        "id",
        "kind",
        "span"
      ]
    },
    {
      "owner": [
        "Fun",
        25
      ],
      "path": "Fun[25].body.Structured.body.statements[0]",
      "id": 1784,
      "keys": [
        "comments_before",
        "id",
        "kind",
        "span"
      ]
    },
    {
      "owner": [
        "Fun",
        25
      ],
      "path": "Fun[25].body.Structured.body.statements[1]",
      "id": 1785,
      "keys": [
        "comments_before",
        "id",
        "kind",
        "span"
      ]
    },
    {
      "owner": [
        "Fun",
        25
      ],
      "path": "Fun[25].body.Structured.body.statements[2]",
      "id": 1786,
      "keys": [
        "comments_before",
        "id",
        "kind",
        "span"
      ]
    },
    {
      "owner": [
        "Fun",
        25
      ],
      "path": "Fun[25].body.Structured.body.statements[3]",
      "id": 1787,
      "keys": [
        "comments_before",
        "id",
        "kind",
        "span"
      ]
    },
    {
      "owner": [
        "Fun",
        25
      ],
      "path": "Fun[25].body.Structured.body.statements[4]",
      "id": 1788,
      "keys": [
        "comments_before",
        "id",
        "kind",
        "span"
      ]
    },
    {
      "owner": [
        "Fun",
        25
      ],
      "path": "Fun[25].body.Structured.body.statements[5]",
      "id": 1789,
      "keys": [
        "comments_before",
        "id",
        "kind",
        "span"
      ]
    },
    {
      "owner": [
        "Fun",
        25
      ],
      "path": "Fun[25].body.Structured.body.statements[5].kind.Assign[1].BinaryOp[2].Copy.kind.Global",
      "id": 0,
      "keys": [
        "generics",
        "id"
      ]
    },
    {
      "owner": [
        "Fun",
        25
      ],
      "path": "Fun[25].body.Structured.body.statements[6]",
      "id": 1790,
      "keys": [
        "comments_before",
        "id",
        "kind",
        "span"
      ]
    },
    {
      "owner": [
        "Fun",
        25
      ],
      "path": "Fun[25].body.Structured.body.statements[7]",
      "id": 1791,
      "keys": [
        "comments_before",
        "id",
        "kind",
        "span"
      ]
    },
    {
      "owner": [
        "Fun",
        25
      ],
      "path": "Fun[25].body.Structured.body.statements[8]",
      "id": 1792,
      "keys": [
        "comments_before",
        "id",
        "kind",
        "span"
      ]
    },
    {
      "owner": [
        "Fun",
        25
      ],
      "path": "Fun[25].body.Structured.body.statements[9]",
      "id": 1793,
      "keys": [
        "comments_before",
        "id",
        "kind",
        "span"
      ]
    },
    {
      "owner": [
        "Fun",
        25
      ],
      "path": "Fun[25].body.Structured.body.statements[10]",
      "id": 1794,
      "keys": [
        "comments_before",
        "id",
        "kind",
        "span"
      ]
    },
    {
      "owner": [
        "Fun",
        25
      ],
      "path": "Fun[25].body.Structured.body.statements[11]",
      "id": 1795,
      "keys": [
        "comments_before",
        "id",
        "kind",
        "span"
      ]
    },
    {
      "owner": [
        "Fun",
        25
      ],
      "path": "Fun[25].body.Structured.body.statements[12]",
      "id": 1796,
      "keys": [
        "comments_before",
        "id",
        "kind",
        "span"
      ]
    },
    {
      "owner": [
        "Fun",
        25
      ],
      "path": "Fun[25].body.Structured.body.statements[13]",
      "id": 1797,
      "keys": [
        "comments_before",
        "id",
        "kind",
        "span"
      ]
    },
    {
      "owner": [
        "Fun",
        25
      ],
      "path": "Fun[25].body.Structured.body.statements[14]",
      "id": 1798,
      "keys": [
        "comments_before",
        "id",
        "kind",
        "span"
      ]
    },
    {
      "owner": [
        "Fun",
        25
      ],
      "path": "Fun[25].body.Structured.body.statements[15]",
      "id": 1799,
      "keys": [
        "comments_before",
        "id",
        "kind",
        "span"
      ]
    },
    {
      "owner": [
        "Fun",
        25
      ],
      "path": "Fun[25].body.Structured.body.statements[16]",
      "id": 1800,
      "keys": [
        "comments_before",
        "id",
        "kind",
        "span"
      ]
    },
    {
      "owner": [
        "Fun",
        25
      ],
      "path": "Fun[25].body.Structured.body.statements[16].kind.Assign[1].BinaryOp[2].Copy.kind.Global",
      "id": 0,
      "keys": [
        "generics",
        "id"
      ]
    },
    {
      "owner": [
        "Fun",
        25
      ],
      "path": "Fun[25].body.Structured.body.statements[17]",
      "id": 1810,
      "keys": [
        "comments_before",
        "id",
        "kind",
        "span"
      ]
    },
    {
      "owner": [
        "Fun",
        25
      ],
      "path": "Fun[25].body.Structured.body.statements[17].kind.Switch.If[1].statements[0]",
      "id": 1801,
      "keys": [
        "comments_before",
        "id",
        "kind",
        "span"
      ]
    },
    {
      "owner": [
        "Fun",
        25
      ],
      "path": "Fun[25].body.Structured.body.statements[17].kind.Switch.If[1].statements[1]",
      "id": 1802,
      "keys": [
        "comments_before",
        "id",
        "kind",
        "span"
      ]
    },
    {
      "owner": [
        "Fun",
        25
      ],
      "path": "Fun[25].body.Structured.body.statements[17].kind.Switch.If[1].statements[2]",
      "id": 1803,
      "keys": [
        "comments_before",
        "id",
        "kind",
        "span"
      ]
    },
    {
      "owner": [
        "Fun",
        25
      ],
      "path": "Fun[25].body.Structured.body.statements[17].kind.Switch.If[1].statements[3]",
      "id": 1804,
      "keys": [
        "comments_before",
        "id",
        "kind",
        "span"
      ]
    },
    {
      "owner": [
        "Fun",
        25
      ],
      "path": "Fun[25].body.Structured.body.statements[17].kind.Switch.If[1].statements[3].kind.Assign[1].BinaryOp[2].Copy.kind.Global",
      "id": 0,
      "keys": [
        "generics",
        "id"
      ]
    },
    {
      "owner": [
        "Fun",
        25
      ],
      "path": "Fun[25].body.Structured.body.statements[17].kind.Switch.If[1].statements[4]",
      "id": 1805,
      "keys": [
        "comments_before",
        "id",
        "kind",
        "span"
      ]
    },
    {
      "owner": [
        "Fun",
        25
      ],
      "path": "Fun[25].body.Structured.body.statements[17].kind.Switch.If[2].statements[0]",
      "id": 1807,
      "keys": [
        "comments_before",
        "id",
        "kind",
        "span"
      ]
    },
    {
      "owner": [
        "Fun",
        25
      ],
      "path": "Fun[25].body.Structured.body.statements[17].kind.Switch.If[2].statements[1]",
      "id": 1808,
      "keys": [
        "comments_before",
        "id",
        "kind",
        "span"
      ]
    },
    {
      "owner": [
        "Fun",
        25
      ],
      "path": "Fun[25].body.Structured.body.statements[18]",
      "id": 1811,
      "keys": [
        "comments_before",
        "id",
        "kind",
        "span"
      ]
    },
    {
      "owner": [
        "Fun",
        25
      ],
      "path": "Fun[25].body.Structured.body.statements[19]",
      "id": 1812,
      "keys": [
        "comments_before",
        "id",
        "kind",
        "span"
      ]
    },
    {
      "owner": [
        "Fun",
        25
      ],
      "path": "Fun[25].body.Structured.body.statements[20]",
      "id": 1813,
      "keys": [
        "comments_before",
        "id",
        "kind",
        "span"
      ]
    },
    {
      "owner": [
        "Fun",
        25
      ],
      "path": "Fun[25].body.Structured.body.statements[21]",
      "id": 1814,
      "keys": [
        "comments_before",
        "id",
        "kind",
        "span"
      ]
    },
    {
      "owner": [
        "Fun",
        25
      ],
      "path": "Fun[25].body.Structured.body.statements[22]",
      "id": 1815,
      "keys": [
        "comments_before",
        "id",
        "kind",
        "span"
      ]
    },
    {
      "owner": [
        "Fun",
        25
      ],
      "path": "Fun[25].body.Structured.body.statements[23]",
      "id": 1816,
      "keys": [
        "comments_before",
        "id",
        "kind",
        "span"
      ]
    },
    {
      "owner": [
        "Fun",
        25
      ],
      "path": "Fun[25].body.Structured.body.statements[24]",
      "id": 1817,
      "keys": [
        "comments_before",
        "id",
        "kind",
        "span"
      ]
    },
    {
      "owner": [
        "Fun",
        26
      ],
      "path": "Fun[26].body.Structured.body.statements[0]",
      "id": 1818,
      "keys": [
        "comments_before",
        "id",
        "kind",
        "span"
      ]
    },
    {
      "owner": [
        "Fun",
        26
      ],
      "path": "Fun[26].body.Structured.body.statements[1]",
      "id": 1819,
      "keys": [
        "comments_before",
        "id",
        "kind",
        "span"
      ]
    },
    {
      "owner": [
        "Fun",
        26
      ],
      "path": "Fun[26].body.Structured.body.statements[2]",
      "id": 1820,
      "keys": [
        "comments_before",
        "id",
        "kind",
        "span"
      ]
    },
    {
      "owner": [
        "Fun",
        11
      ],
      "path": "Fun[11].body.Structured.body.statements[0]",
      "id": 1089,
      "keys": [
        "comments_before",
        "id",
        "kind",
        "span"
      ]
    },
    {
      "owner": [
        "Fun",
        11
      ],
      "path": "Fun[11].body.Structured.body.statements[1]",
      "id": 1090,
      "keys": [
        "comments_before",
        "id",
        "kind",
        "span"
      ]
    },
    {
      "owner": [
        "Fun",
        11
      ],
      "path": "Fun[11].body.Structured.body.statements[2]",
      "id": 1091,
      "keys": [
        "comments_before",
        "id",
        "kind",
        "span"
      ]
    },
    {
      "owner": [
        "Fun",
        11
      ],
      "path": "Fun[11].body.Structured.body.statements[3]",
      "id": 1092,
      "keys": [
        "comments_before",
        "id",
        "kind",
        "span"
      ]
    },
    {
      "owner": [
        "Fun",
        11
      ],
      "path": "Fun[11].body.Structured.body.statements[4]",
      "id": 1093,
      "keys": [
        "comments_before",
        "id",
        "kind",
        "span"
      ]
    },
    {
      "owner": [
        "Fun",
        11
      ],
      "path": "Fun[11].body.Structured.body.statements[5]",
      "id": 1094,
      "keys": [
        "comments_before",
        "id",
        "kind",
        "span"
      ]
    },
    {
      "owner": [
        "Fun",
        11
      ],
      "path": "Fun[11].body.Structured.body.statements[6]",
      "id": 1095,
      "keys": [
        "comments_before",
        "id",
        "kind",
        "span"
      ]
    },
    {
      "owner": [
        "Fun",
        11
      ],
      "path": "Fun[11].body.Structured.body.statements[7]",
      "id": 1098,
      "keys": [
        "comments_before",
        "id",
        "kind",
        "span"
      ]
    },
    {
      "owner": [
        "Fun",
        11
      ],
      "path": "Fun[11].body.Structured.body.statements[7].kind.Call.on_unwind.statements[0]",
      "id": 1096,
      "keys": [
        "comments_before",
        "id",
        "kind",
        "span"
      ]
    },
    {
      "owner": [
        "Fun",
        11
      ],
      "path": "Fun[11].body.Structured.body.statements[7].kind.Call.on_unwind.statements[1]",
      "id": 1097,
      "keys": [
        "comments_before",
        "id",
        "kind",
        "span"
      ]
    },
    {
      "owner": [
        "Fun",
        11
      ],
      "path": "Fun[11].body.Structured.body.statements[8]",
      "id": 1099,
      "keys": [
        "comments_before",
        "id",
        "kind",
        "span"
      ]
    },
    {
      "owner": [
        "Fun",
        11
      ],
      "path": "Fun[11].body.Structured.body.statements[9]",
      "id": 1100,
      "keys": [
        "comments_before",
        "id",
        "kind",
        "span"
      ]
    },
    {
      "owner": [
        "Fun",
        11
      ],
      "path": "Fun[11].body.Structured.body.statements[10]",
      "id": 1101,
      "keys": [
        "comments_before",
        "id",
        "kind",
        "span"
      ]
    },
    {
      "owner": [
        "Fun",
        11
      ],
      "path": "Fun[11].body.Structured.body.statements[11]",
      "id": 1102,
      "keys": [
        "comments_before",
        "id",
        "kind",
        "span"
      ]
    },
    {
      "owner": [
        "Fun",
        11
      ],
      "path": "Fun[11].body.Structured.body.statements[12]",
      "id": 1105,
      "keys": [
        "comments_before",
        "id",
        "kind",
        "span"
      ]
    },
    {
      "owner": [
        "Fun",
        11
      ],
      "path": "Fun[11].body.Structured.body.statements[12].kind.Call.on_unwind.statements[0]",
      "id": 1103,
      "keys": [
        "comments_before",
        "id",
        "kind",
        "span"
      ]
    },
    {
      "owner": [
        "Fun",
        11
      ],
      "path": "Fun[11].body.Structured.body.statements[12].kind.Call.on_unwind.statements[1]",
      "id": 1104,
      "keys": [
        "comments_before",
        "id",
        "kind",
        "span"
      ]
    },
    {
      "owner": [
        "Fun",
        11
      ],
      "path": "Fun[11].body.Structured.body.statements[13]",
      "id": 1106,
      "keys": [
        "comments_before",
        "id",
        "kind",
        "span"
      ]
    },
    {
      "owner": [
        "Fun",
        11
      ],
      "path": "Fun[11].body.Structured.body.statements[14]",
      "id": 1107,
      "keys": [
        "comments_before",
        "id",
        "kind",
        "span"
      ]
    },
    {
      "owner": [
        "Fun",
        11
      ],
      "path": "Fun[11].body.Structured.body.statements[15]",
      "id": 1108,
      "keys": [
        "comments_before",
        "id",
        "kind",
        "span"
      ]
    },
    {
      "owner": [
        "Fun",
        11
      ],
      "path": "Fun[11].body.Structured.body.statements[16]",
      "id": 1109,
      "keys": [
        "comments_before",
        "id",
        "kind",
        "span"
      ]
    },
    {
      "owner": [
        "Fun",
        11
      ],
      "path": "Fun[11].body.Structured.body.statements[17]",
      "id": 1110,
      "keys": [
        "comments_before",
        "id",
        "kind",
        "span"
      ]
    },
    {
      "owner": [
        "Fun",
        11
      ],
      "path": "Fun[11].body.Structured.body.statements[18]",
      "id": 1111,
      "keys": [
        "comments_before",
        "id",
        "kind",
        "span"
      ]
    },
    {
      "owner": [
        "Fun",
        11
      ],
      "path": "Fun[11].body.Structured.body.statements[19]",
      "id": 1112,
      "keys": [
        "comments_before",
        "id",
        "kind",
        "span"
      ]
    },
    {
      "owner": [
        "Fun",
        11
      ],
      "path": "Fun[11].body.Structured.body.statements[20]",
      "id": 1113,
      "keys": [
        "comments_before",
        "id",
        "kind",
        "span"
      ]
    },
    {
      "owner": [
        "Fun",
        11
      ],
      "path": "Fun[11].body.Structured.body.statements[21]",
      "id": 1114,
      "keys": [
        "comments_before",
        "id",
        "kind",
        "span"
      ]
    },
    {
      "owner": [
        "Fun",
        11
      ],
      "path": "Fun[11].body.Structured.body.statements[22]",
      "id": 1117,
      "keys": [
        "comments_before",
        "id",
        "kind",
        "span"
      ]
    },
    {
      "owner": [
        "Fun",
        11
      ],
      "path": "Fun[11].body.Structured.body.statements[22].kind.Call.on_unwind.statements[0]",
      "id": 1115,
      "keys": [
        "comments_before",
        "id",
        "kind",
        "span"
      ]
    },
    {
      "owner": [
        "Fun",
        11
      ],
      "path": "Fun[11].body.Structured.body.statements[22].kind.Call.on_unwind.statements[1]",
      "id": 1116,
      "keys": [
        "comments_before",
        "id",
        "kind",
        "span"
      ]
    },
    {
      "owner": [
        "Fun",
        11
      ],
      "path": "Fun[11].body.Structured.body.statements[23]",
      "id": 1118,
      "keys": [
        "comments_before",
        "id",
        "kind",
        "span"
      ]
    },
    {
      "owner": [
        "Fun",
        11
      ],
      "path": "Fun[11].body.Structured.body.statements[24]",
      "id": 1119,
      "keys": [
        "comments_before",
        "id",
        "kind",
        "span"
      ]
    },
    {
      "owner": [
        "Fun",
        11
      ],
      "path": "Fun[11].body.Structured.body.statements[25]",
      "id": 1122,
      "keys": [
        "comments_before",
        "id",
        "kind",
        "span"
      ]
    },
    {
      "owner": [
        "Fun",
        11
      ],
      "path": "Fun[11].body.Structured.body.statements[25].kind.Call.call.args[0].Copy.kind.Global",
      "id": 0,
      "keys": [
        "generics",
        "id"
      ]
    },
    {
      "owner": [
        "Fun",
        11
      ],
      "path": "Fun[11].body.Structured.body.statements[25].kind.Call.on_unwind.statements[0]",
      "id": 1120,
      "keys": [
        "comments_before",
        "id",
        "kind",
        "span"
      ]
    },
    {
      "owner": [
        "Fun",
        11
      ],
      "path": "Fun[11].body.Structured.body.statements[25].kind.Call.on_unwind.statements[1]",
      "id": 1121,
      "keys": [
        "comments_before",
        "id",
        "kind",
        "span"
      ]
    },
    {
      "owner": [
        "Fun",
        11
      ],
      "path": "Fun[11].body.Structured.body.statements[26]",
      "id": 1123,
      "keys": [
        "comments_before",
        "id",
        "kind",
        "span"
      ]
    },
    {
      "owner": [
        "Fun",
        11
      ],
      "path": "Fun[11].body.Structured.body.statements[27]",
      "id": 1124,
      "keys": [
        "comments_before",
        "id",
        "kind",
        "span"
      ]
    },
    {
      "owner": [
        "Fun",
        11
      ],
      "path": "Fun[11].body.Structured.body.statements[28]",
      "id": 1125,
      "keys": [
        "comments_before",
        "id",
        "kind",
        "span"
      ]
    },
    {
      "owner": [
        "Fun",
        11
      ],
      "path": "Fun[11].body.Structured.body.statements[29]",
      "id": 1126,
      "keys": [
        "comments_before",
        "id",
        "kind",
        "span"
      ]
    },
    {
      "owner": [
        "Fun",
        11
      ],
      "path": "Fun[11].body.Structured.body.statements[30]",
      "id": 1127,
      "keys": [
        "comments_before",
        "id",
        "kind",
        "span"
      ]
    },
    {
      "owner": [
        "Fun",
        11
      ],
      "path": "Fun[11].body.Structured.body.statements[31]",
      "id": 1128,
      "keys": [
        "comments_before",
        "id",
        "kind",
        "span"
      ]
    },
    {
      "owner": [
        "Fun",
        11
      ],
      "path": "Fun[11].body.Structured.body.statements[32]",
      "id": 1131,
      "keys": [
        "comments_before",
        "id",
        "kind",
        "span"
      ]
    },
    {
      "owner": [
        "Fun",
        11
      ],
      "path": "Fun[11].body.Structured.body.statements[32].kind.Call.on_unwind.statements[0]",
      "id": 1129,
      "keys": [
        "comments_before",
        "id",
        "kind",
        "span"
      ]
    },
    {
      "owner": [
        "Fun",
        11
      ],
      "path": "Fun[11].body.Structured.body.statements[32].kind.Call.on_unwind.statements[1]",
      "id": 1130,
      "keys": [
        "comments_before",
        "id",
        "kind",
        "span"
      ]
    },
    {
      "owner": [
        "Fun",
        11
      ],
      "path": "Fun[11].body.Structured.body.statements[33]",
      "id": 1132,
      "keys": [
        "comments_before",
        "id",
        "kind",
        "span"
      ]
    },
    {
      "owner": [
        "Fun",
        11
      ],
      "path": "Fun[11].body.Structured.body.statements[34]",
      "id": 1133,
      "keys": [
        "comments_before",
        "id",
        "kind",
        "span"
      ]
    },
    {
      "owner": [
        "Fun",
        11
      ],
      "path": "Fun[11].body.Structured.body.statements[35]",
      "id": 1134,
      "keys": [
        "comments_before",
        "id",
        "kind",
        "span"
      ]
    },
    {
      "owner": [
        "Fun",
        11
      ],
      "path": "Fun[11].body.Structured.body.statements[36]",
      "id": 1135,
      "keys": [
        "comments_before",
        "id",
        "kind",
        "span"
      ]
    },
    {
      "owner": [
        "Fun",
        11
      ],
      "path": "Fun[11].body.Structured.body.statements[37]",
      "id": 1138,
      "keys": [
        "comments_before",
        "id",
        "kind",
        "span"
      ]
    },
    {
      "owner": [
        "Fun",
        11
      ],
      "path": "Fun[11].body.Structured.body.statements[37].kind.Call.on_unwind.statements[0]",
      "id": 1136,
      "keys": [
        "comments_before",
        "id",
        "kind",
        "span"
      ]
    },
    {
      "owner": [
        "Fun",
        11
      ],
      "path": "Fun[11].body.Structured.body.statements[37].kind.Call.on_unwind.statements[1]",
      "id": 1137,
      "keys": [
        "comments_before",
        "id",
        "kind",
        "span"
      ]
    },
    {
      "owner": [
        "Fun",
        11
      ],
      "path": "Fun[11].body.Structured.body.statements[38]",
      "id": 1139,
      "keys": [
        "comments_before",
        "id",
        "kind",
        "span"
      ]
    },
    {
      "owner": [
        "Fun",
        11
      ],
      "path": "Fun[11].body.Structured.body.statements[39]",
      "id": 1140,
      "keys": [
        "comments_before",
        "id",
        "kind",
        "span"
      ]
    },
    {
      "owner": [
        "Fun",
        11
      ],
      "path": "Fun[11].body.Structured.body.statements[40]",
      "id": 1143,
      "keys": [
        "comments_before",
        "id",
        "kind",
        "span"
      ]
    },
    {
      "owner": [
        "Fun",
        11
      ],
      "path": "Fun[11].body.Structured.body.statements[40].kind.Call.on_unwind.statements[0]",
      "id": 1141,
      "keys": [
        "comments_before",
        "id",
        "kind",
        "span"
      ]
    },
    {
      "owner": [
        "Fun",
        11
      ],
      "path": "Fun[11].body.Structured.body.statements[40].kind.Call.on_unwind.statements[1]",
      "id": 1142,
      "keys": [
        "comments_before",
        "id",
        "kind",
        "span"
      ]
    },
    {
      "owner": [
        "Fun",
        11
      ],
      "path": "Fun[11].body.Structured.body.statements[41]",
      "id": 1144,
      "keys": [
        "comments_before",
        "id",
        "kind",
        "span"
      ]
    },
    {
      "owner": [
        "Fun",
        11
      ],
      "path": "Fun[11].body.Structured.body.statements[42]",
      "id": 1145,
      "keys": [
        "comments_before",
        "id",
        "kind",
        "span"
      ]
    },
    {
      "owner": [
        "Fun",
        11
      ],
      "path": "Fun[11].body.Structured.body.statements[43]",
      "id": 1146,
      "keys": [
        "comments_before",
        "id",
        "kind",
        "span"
      ]
    },
    {
      "owner": [
        "Fun",
        11
      ],
      "path": "Fun[11].body.Structured.body.statements[44]",
      "id": 1147,
      "keys": [
        "comments_before",
        "id",
        "kind",
        "span"
      ]
    },
    {
      "owner": [
        "Fun",
        11
      ],
      "path": "Fun[11].body.Structured.body.statements[45]",
      "id": 1148,
      "keys": [
        "comments_before",
        "id",
        "kind",
        "span"
      ]
    },
    {
      "owner": [
        "Fun",
        11
      ],
      "path": "Fun[11].body.Structured.body.statements[46]",
      "id": 1149,
      "keys": [
        "comments_before",
        "id",
        "kind",
        "span"
      ]
    },
    {
      "owner": [
        "Fun",
        11
      ],
      "path": "Fun[11].body.Structured.body.statements[47]",
      "id": 1150,
      "keys": [
        "comments_before",
        "id",
        "kind",
        "span"
      ]
    },
    {
      "owner": [
        "Fun",
        11
      ],
      "path": "Fun[11].body.Structured.body.statements[48]",
      "id": 1153,
      "keys": [
        "comments_before",
        "id",
        "kind",
        "span"
      ]
    },
    {
      "owner": [
        "Fun",
        11
      ],
      "path": "Fun[11].body.Structured.body.statements[48].kind.Call.on_unwind.statements[0]",
      "id": 1151,
      "keys": [
        "comments_before",
        "id",
        "kind",
        "span"
      ]
    },
    {
      "owner": [
        "Fun",
        11
      ],
      "path": "Fun[11].body.Structured.body.statements[48].kind.Call.on_unwind.statements[1]",
      "id": 1152,
      "keys": [
        "comments_before",
        "id",
        "kind",
        "span"
      ]
    },
    {
      "owner": [
        "Fun",
        11
      ],
      "path": "Fun[11].body.Structured.body.statements[49]",
      "id": 1154,
      "keys": [
        "comments_before",
        "id",
        "kind",
        "span"
      ]
    },
    {
      "owner": [
        "Fun",
        11
      ],
      "path": "Fun[11].body.Structured.body.statements[50]",
      "id": 1155,
      "keys": [
        "comments_before",
        "id",
        "kind",
        "span"
      ]
    },
    {
      "owner": [
        "Fun",
        11
      ],
      "path": "Fun[11].body.Structured.body.statements[51]",
      "id": 1158,
      "keys": [
        "comments_before",
        "id",
        "kind",
        "span"
      ]
    },
    {
      "owner": [
        "Fun",
        11
      ],
      "path": "Fun[11].body.Structured.body.statements[51].kind.Call.on_unwind.statements[0]",
      "id": 1156,
      "keys": [
        "comments_before",
        "id",
        "kind",
        "span"
      ]
    },
    {
      "owner": [
        "Fun",
        11
      ],
      "path": "Fun[11].body.Structured.body.statements[51].kind.Call.on_unwind.statements[1]",
      "id": 1157,
      "keys": [
        "comments_before",
        "id",
        "kind",
        "span"
      ]
    },
    {
      "owner": [
        "Fun",
        11
      ],
      "path": "Fun[11].body.Structured.body.statements[52]",
      "id": 1159,
      "keys": [
        "comments_before",
        "id",
        "kind",
        "span"
      ]
    },
    {
      "owner": [
        "Fun",
        11
      ],
      "path": "Fun[11].body.Structured.body.statements[53]",
      "id": 1160,
      "keys": [
        "comments_before",
        "id",
        "kind",
        "span"
      ]
    },
    {
      "owner": [
        "Fun",
        11
      ],
      "path": "Fun[11].body.Structured.body.statements[54]",
      "id": 1161,
      "keys": [
        "comments_before",
        "id",
        "kind",
        "span"
      ]
    },
    {
      "owner": [
        "Fun",
        11
      ],
      "path": "Fun[11].body.Structured.body.statements[55]",
      "id": 1162,
      "keys": [
        "comments_before",
        "id",
        "kind",
        "span"
      ]
    },
    {
      "owner": [
        "Fun",
        11
      ],
      "path": "Fun[11].body.Structured.body.statements[56]",
      "id": 1163,
      "keys": [
        "comments_before",
        "id",
        "kind",
        "span"
      ]
    },
    {
      "owner": [
        "Fun",
        11
      ],
      "path": "Fun[11].body.Structured.body.statements[57]",
      "id": 1164,
      "keys": [
        "comments_before",
        "id",
        "kind",
        "span"
      ]
    },
    {
      "owner": [
        "Fun",
        8
      ],
      "path": "Fun[8].body.Structured.body.statements[0]",
      "id": 927,
      "keys": [
        "comments_before",
        "id",
        "kind",
        "span"
      ]
    },
    {
      "owner": [
        "Fun",
        8
      ],
      "path": "Fun[8].body.Structured.body.statements[1]",
      "id": 928,
      "keys": [
        "comments_before",
        "id",
        "kind",
        "span"
      ]
    },
    {
      "owner": [
        "Fun",
        8
      ],
      "path": "Fun[8].body.Structured.body.statements[2]",
      "id": 929,
      "keys": [
        "comments_before",
        "id",
        "kind",
        "span"
      ]
    },
    {
      "owner": [
        "Fun",
        8
      ],
      "path": "Fun[8].body.Structured.body.statements[3]",
      "id": 930,
      "keys": [
        "comments_before",
        "id",
        "kind",
        "span"
      ]
    },
    {
      "owner": [
        "Fun",
        8
      ],
      "path": "Fun[8].body.Structured.body.statements[4]",
      "id": 931,
      "keys": [
        "comments_before",
        "id",
        "kind",
        "span"
      ]
    },
    {
      "owner": [
        "Fun",
        8
      ],
      "path": "Fun[8].body.Structured.body.statements[4].kind.Assign[1].BinaryOp[2].Copy.kind.Global",
      "id": 0,
      "keys": [
        "generics",
        "id"
      ]
    },
    {
      "owner": [
        "Fun",
        8
      ],
      "path": "Fun[8].body.Structured.body.statements[5]",
      "id": 1012,
      "keys": [
        "comments_before",
        "id",
        "kind",
        "span"
      ]
    },
    {
      "owner": [
        "Fun",
        8
      ],
      "path": "Fun[8].body.Structured.body.statements[5].kind.Switch.If[1].statements[0]",
      "id": 932,
      "keys": [
        "comments_before",
        "id",
        "kind",
        "span"
      ]
    },
    {
      "owner": [
        "Fun",
        8
      ],
      "path": "Fun[8].body.Structured.body.statements[5].kind.Switch.If[1].statements[1]",
      "id": 933,
      "keys": [
        "comments_before",
        "id",
        "kind",
        "span"
      ]
    },
    {
      "owner": [
        "Fun",
        8
      ],
      "path": "Fun[8].body.Structured.body.statements[5].kind.Switch.If[1].statements[2]",
      "id": 934,
      "keys": [
        "comments_before",
        "id",
        "kind",
        "span"
      ]
    },
    {
      "owner": [
        "Fun",
        8
      ],
      "path": "Fun[8].body.Structured.body.statements[5].kind.Switch.If[1].statements[3]",
      "id": 935,
      "keys": [
        "comments_before",
        "id",
        "kind",
        "span"
      ]
    },
    {
      "owner": [
        "Fun",
        8
      ],
      "path": "Fun[8].body.Structured.body.statements[5].kind.Switch.If[1].statements[4]",
      "id": 936,
      "keys": [
        "comments_before",
        "id",
        "kind",
        "span"
      ]
    },
    {
      "owner": [
        "Fun",
        8
      ],
      "path": "Fun[8].body.Structured.body.statements[5].kind.Switch.If[1].statements[4].kind.Assign[1].BinaryOp[2].Copy.kind.Global",
      "id": 0,
      "keys": [
        "generics",
        "id"
      ]
    },
    {
      "owner": [
        "Fun",
        8
      ],
      "path": "Fun[8].body.Structured.body.statements[5].kind.Switch.If[1].statements[5]",
      "id": 1009,
      "keys": [
        "comments_before",
        "id",
        "kind",
        "span"
      ]
    },
    {
      "owner": [
        "Fun",
        8
      ],
      "path": "Fun[8].body.Structured.body.statements[5].kind.Switch.If[1].statements[5].kind.Switch.If[1].statements[0]",
      "id": 937,
      "keys": [
        "comments_before",
        "id",
        "kind",
        "span"
      ]
    },
    {
      "owner": [
        "Fun",
        8
      ],
      "path": "Fun[8].body.Structured.body.statements[5].kind.Switch.If[1].statements[5].kind.Switch.If[1].statements[1]",
      "id": 938,
      "keys": [
        "comments_before",
        "id",
        "kind",
        "span"
      ]
    },
    {
      "owner": [
        "Fun",
        8
      ],
      "path": "Fun[8].body.Structured.body.statements[5].kind.Switch.If[1].statements[5].kind.Switch.If[1].statements[2]",
      "id": 939,
      "keys": [
        "comments_before",
        "id",
        "kind",
        "span"
      ]
    },
    {
      "owner": [
        "Fun",
        8
      ],
      "path": "Fun[8].body.Structured.body.statements[5].kind.Switch.If[1].statements[5].kind.Switch.If[1].statements[3]",
      "id": 940,
      "keys": [
        "comments_before",
        "id",
        "kind",
        "span"
      ]
    },
    {
      "owner": [
        "Fun",
        8
      ],
      "path": "Fun[8].body.Structured.body.statements[5].kind.Switch.If[1].statements[5].kind.Switch.If[1].statements[4]",
      "id": 941,
      "keys": [
        "comments_before",
        "id",
        "kind",
        "span"
      ]
    },
    {
      "owner": [
        "Fun",
        8
      ],
      "path": "Fun[8].body.Structured.body.statements[5].kind.Switch.If[1].statements[5].kind.Switch.If[1].statements[5]",
      "id": 942,
      "keys": [
        "comments_before",
        "id",
        "kind",
        "span"
      ]
    },
    {
      "owner": [
        "Fun",
        8
      ],
      "path": "Fun[8].body.Structured.body.statements[5].kind.Switch.If[1].statements[5].kind.Switch.If[1].statements[6]",
      "id": 943,
      "keys": [
        "comments_before",
        "id",
        "kind",
        "span"
      ]
    },
    {
      "owner": [
        "Fun",
        8
      ],
      "path": "Fun[8].body.Structured.body.statements[5].kind.Switch.If[1].statements[5].kind.Switch.If[1].statements[7]",
      "id": 944,
      "keys": [
        "comments_before",
        "id",
        "kind",
        "span"
      ]
    },
    {
      "owner": [
        "Fun",
        8
      ],
      "path": "Fun[8].body.Structured.body.statements[5].kind.Switch.If[1].statements[5].kind.Switch.If[1].statements[8]",
      "id": 945,
      "keys": [
        "comments_before",
        "id",
        "kind",
        "span"
      ]
    },
    {
      "owner": [
        "Fun",
        8
      ],
      "path": "Fun[8].body.Structured.body.statements[5].kind.Switch.If[1].statements[5].kind.Switch.If[1].statements[9]",
      "id": 946,
      "keys": [
        "comments_before",
        "id",
        "kind",
        "span"
      ]
    },
    {
      "owner": [
        "Fun",
        8
      ],
      "path": "Fun[8].body.Structured.body.statements[5].kind.Switch.If[1].statements[5].kind.Switch.If[1].statements[10]",
      "id": 947,
      "keys": [
        "comments_before",
        "id",
        "kind",
        "span"
      ]
    },
    {
      "owner": [
        "Fun",
        8
      ],
      "path": "Fun[8].body.Structured.body.statements[5].kind.Switch.If[1].statements[5].kind.Switch.If[1].statements[11]",
      "id": 948,
      "keys": [
        "comments_before",
        "id",
        "kind",
        "span"
      ]
    },
    {
      "owner": [
        "Fun",
        8
      ],
      "path": "Fun[8].body.Structured.body.statements[5].kind.Switch.If[1].statements[5].kind.Switch.If[1].statements[12]",
      "id": 949,
      "keys": [
        "comments_before",
        "id",
        "kind",
        "span"
      ]
    },
    {
      "owner": [
        "Fun",
        8
      ],
      "path": "Fun[8].body.Structured.body.statements[5].kind.Switch.If[1].statements[5].kind.Switch.If[1].statements[13]",
      "id": 950,
      "keys": [
        "comments_before",
        "id",
        "kind",
        "span"
      ]
    },
    {
      "owner": [
        "Fun",
        8
      ],
      "path": "Fun[8].body.Structured.body.statements[5].kind.Switch.If[1].statements[5].kind.Switch.If[1].statements[14]",
      "id": 951,
      "keys": [
        "comments_before",
        "id",
        "kind",
        "span"
      ]
    },
    {
      "owner": [
        "Fun",
        8
      ],
      "path": "Fun[8].body.Structured.body.statements[5].kind.Switch.If[1].statements[5].kind.Switch.If[1].statements[15]",
      "id": 952,
      "keys": [
        "comments_before",
        "id",
        "kind",
        "span"
      ]
    },
    {
      "owner": [
        "Fun",
        8
      ],
      "path": "Fun[8].body.Structured.body.statements[5].kind.Switch.If[1].statements[5].kind.Switch.If[1].statements[16]",
      "id": 953,
      "keys": [
        "comments_before",
        "id",
        "kind",
        "span"
      ]
    },
    {
      "owner": [
        "Fun",
        8
      ],
      "path": "Fun[8].body.Structured.body.statements[5].kind.Switch.If[1].statements[5].kind.Switch.If[1].statements[17]",
      "id": 954,
      "keys": [
        "comments_before",
        "id",
        "kind",
        "span"
      ]
    },
    {
      "owner": [
        "Fun",
        8
      ],
      "path": "Fun[8].body.Structured.body.statements[5].kind.Switch.If[1].statements[5].kind.Switch.If[1].statements[18]",
      "id": 955,
      "keys": [
        "comments_before",
        "id",
        "kind",
        "span"
      ]
    },
    {
      "owner": [
        "Fun",
        8
      ],
      "path": "Fun[8].body.Structured.body.statements[5].kind.Switch.If[1].statements[5].kind.Switch.If[1].statements[19]",
      "id": 956,
      "keys": [
        "comments_before",
        "id",
        "kind",
        "span"
      ]
    },
    {
      "owner": [
        "Fun",
        8
      ],
      "path": "Fun[8].body.Structured.body.statements[5].kind.Switch.If[1].statements[5].kind.Switch.If[1].statements[20]",
      "id": 957,
      "keys": [
        "comments_before",
        "id",
        "kind",
        "span"
      ]
    },
    {
      "owner": [
        "Fun",
        8
      ],
      "path": "Fun[8].body.Structured.body.statements[5].kind.Switch.If[1].statements[5].kind.Switch.If[1].statements[20].kind.Assign[1].UnaryOp[1].Copy.kind.Global",
      "id": 0,
      "keys": [
        "generics",
        "id"
      ]
    },
    {
      "owner": [
        "Fun",
        8
      ],
      "path": "Fun[8].body.Structured.body.statements[5].kind.Switch.If[1].statements[5].kind.Switch.If[1].statements[21]",
      "id": 958,
      "keys": [
        "comments_before",
        "id",
        "kind",
        "span"
      ]
    },
    {
      "owner": [
        "Fun",
        8
      ],
      "path": "Fun[8].body.Structured.body.statements[5].kind.Switch.If[1].statements[5].kind.Switch.If[1].statements[22]",
      "id": 959,
      "keys": [
        "comments_before",
        "id",
        "kind",
        "span"
      ]
    },
    {
      "owner": [
        "Fun",
        8
      ],
      "path": "Fun[8].body.Structured.body.statements[5].kind.Switch.If[1].statements[5].kind.Switch.If[1].statements[23]",
      "id": 960,
      "keys": [
        "comments_before",
        "id",
        "kind",
        "span"
      ]
    },
    {
      "owner": [
        "Fun",
        8
      ],
      "path": "Fun[8].body.Structured.body.statements[5].kind.Switch.If[1].statements[5].kind.Switch.If[1].statements[24]",
      "id": 961,
      "keys": [
        "comments_before",
        "id",
        "kind",
        "span"
      ]
    },
    {
      "owner": [
        "Fun",
        8
      ],
      "path": "Fun[8].body.Structured.body.statements[5].kind.Switch.If[1].statements[5].kind.Switch.If[1].statements[25]",
      "id": 962,
      "keys": [
        "comments_before",
        "id",
        "kind",
        "span"
      ]
    },
    {
      "owner": [
        "Fun",
        8
      ],
      "path": "Fun[8].body.Structured.body.statements[5].kind.Switch.If[1].statements[5].kind.Switch.If[1].statements[26]",
      "id": 963,
      "keys": [
        "comments_before",
        "id",
        "kind",
        "span"
      ]
    },
    {
      "owner": [
        "Fun",
        8
      ],
      "path": "Fun[8].body.Structured.body.statements[5].kind.Switch.If[1].statements[5].kind.Switch.If[1].statements[27]",
      "id": 964,
      "keys": [
        "comments_before",
        "id",
        "kind",
        "span"
      ]
    },
    {
      "owner": [
        "Fun",
        8
      ],
      "path": "Fun[8].body.Structured.body.statements[5].kind.Switch.If[1].statements[5].kind.Switch.If[1].statements[28]",
      "id": 965,
      "keys": [
        "comments_before",
        "id",
        "kind",
        "span"
      ]
    },
    {
      "owner": [
        "Fun",
        8
      ],
      "path": "Fun[8].body.Structured.body.statements[5].kind.Switch.If[1].statements[5].kind.Switch.If[1].statements[29]",
      "id": 966,
      "keys": [
        "comments_before",
        "id",
        "kind",
        "span"
      ]
    },
    {
      "owner": [
        "Fun",
        8
      ],
      "path": "Fun[8].body.Structured.body.statements[5].kind.Switch.If[1].statements[5].kind.Switch.If[1].statements[30]",
      "id": 967,
      "keys": [
        "comments_before",
        "id",
        "kind",
        "span"
      ]
    },
    {
      "owner": [
        "Fun",
        8
      ],
      "path": "Fun[8].body.Structured.body.statements[5].kind.Switch.If[1].statements[5].kind.Switch.If[1].statements[31]",
      "id": 968,
      "keys": [
        "comments_before",
        "id",
        "kind",
        "span"
      ]
    },
    {
      "owner": [
        "Fun",
        8
      ],
      "path": "Fun[8].body.Structured.body.statements[5].kind.Switch.If[1].statements[5].kind.Switch.If[1].statements[32]",
      "id": 969,
      "keys": [
        "comments_before",
        "id",
        "kind",
        "span"
      ]
    },
    {
      "owner": [
        "Fun",
        8
      ],
      "path": "Fun[8].body.Structured.body.statements[5].kind.Switch.If[1].statements[5].kind.Switch.If[1].statements[33]",
      "id": 970,
      "keys": [
        "comments_before",
        "id",
        "kind",
        "span"
      ]
    },
    {
      "owner": [
        "Fun",
        8
      ],
      "path": "Fun[8].body.Structured.body.statements[5].kind.Switch.If[1].statements[5].kind.Switch.If[1].statements[34]",
      "id": 971,
      "keys": [
        "comments_before",
        "id",
        "kind",
        "span"
      ]
    },
    {
      "owner": [
        "Fun",
        8
      ],
      "path": "Fun[8].body.Structured.body.statements[5].kind.Switch.If[1].statements[5].kind.Switch.If[1].statements[35]",
      "id": 972,
      "keys": [
        "comments_before",
        "id",
        "kind",
        "span"
      ]
    },
    {
      "owner": [
        "Fun",
        8
      ],
      "path": "Fun[8].body.Structured.body.statements[5].kind.Switch.If[1].statements[5].kind.Switch.If[1].statements[36]",
      "id": 973,
      "keys": [
        "comments_before",
        "id",
        "kind",
        "span"
      ]
    },
    {
      "owner": [
        "Fun",
        8
      ],
      "path": "Fun[8].body.Structured.body.statements[5].kind.Switch.If[1].statements[5].kind.Switch.If[1].statements[37]",
      "id": 974,
      "keys": [
        "comments_before",
        "id",
        "kind",
        "span"
      ]
    },
    {
      "owner": [
        "Fun",
        8
      ],
      "path": "Fun[8].body.Structured.body.statements[5].kind.Switch.If[1].statements[5].kind.Switch.If[1].statements[37].kind.Assign[1].UnaryOp[1].Copy.kind.Global",
      "id": 0,
      "keys": [
        "generics",
        "id"
      ]
    },
    {
      "owner": [
        "Fun",
        8
      ],
      "path": "Fun[8].body.Structured.body.statements[5].kind.Switch.If[1].statements[5].kind.Switch.If[1].statements[38]",
      "id": 975,
      "keys": [
        "comments_before",
        "id",
        "kind",
        "span"
      ]
    },
    {
      "owner": [
        "Fun",
        8
      ],
      "path": "Fun[8].body.Structured.body.statements[5].kind.Switch.If[1].statements[5].kind.Switch.If[1].statements[39]",
      "id": 996,
      "keys": [
        "comments_before",
        "id",
        "kind",
        "span"
      ]
    },
    {
      "owner": [
        "Fun",
        8
      ],
      "path": "Fun[8].body.Structured.body.statements[5].kind.Switch.If[1].statements[5].kind.Switch.If[1].statements[39].kind.Switch.If[1].statements[0]",
      "id": 976,
      "keys": [
        "comments_before",
        "id",
        "kind",
        "span"
      ]
    },
    {
      "owner": [
        "Fun",
        8
      ],
      "path": "Fun[8].body.Structured.body.statements[5].kind.Switch.If[1].statements[5].kind.Switch.If[1].statements[39].kind.Switch.If[1].statements[1]",
      "id": 977,
      "keys": [
        "comments_before",
        "id",
        "kind",
        "span"
      ]
    },
    {
      "owner": [
        "Fun",
        8
      ],
      "path": "Fun[8].body.Structured.body.statements[5].kind.Switch.If[1].statements[5].kind.Switch.If[1].statements[39].kind.Switch.If[1].statements[2]",
      "id": 978,
      "keys": [
        "comments_before",
        "id",
        "kind",
        "span"
      ]
    },
    {
      "owner": [
        "Fun",
        8
      ],
      "path": "Fun[8].body.Structured.body.statements[5].kind.Switch.If[1].statements[5].kind.Switch.If[1].statements[39].kind.Switch.If[1].statements[3]",
      "id": 979,
      "keys": [
        "comments_before",
        "id",
        "kind",
        "span"
      ]
    },
    {
      "owner": [
        "Fun",
        8
      ],
      "path": "Fun[8].body.Structured.body.statements[5].kind.Switch.If[1].statements[5].kind.Switch.If[1].statements[39].kind.Switch.If[1].statements[4]",
      "id": 980,
      "keys": [
        "comments_before",
        "id",
        "kind",
        "span"
      ]
    },
    {
      "owner": [
        "Fun",
        8
      ],
      "path": "Fun[8].body.Structured.body.statements[5].kind.Switch.If[1].statements[5].kind.Switch.If[1].statements[39].kind.Switch.If[1].statements[5]",
      "id": 981,
      "keys": [
        "comments_before",
        "id",
        "kind",
        "span"
      ]
    },
    {
      "owner": [
        "Fun",
        8
      ],
      "path": "Fun[8].body.Structured.body.statements[5].kind.Switch.If[1].statements[5].kind.Switch.If[1].statements[39].kind.Switch.If[1].statements[6]",
      "id": 982,
      "keys": [
        "comments_before",
        "id",
        "kind",
        "span"
      ]
    },
    {
      "owner": [
        "Fun",
        8
      ],
      "path": "Fun[8].body.Structured.body.statements[5].kind.Switch.If[1].statements[5].kind.Switch.If[1].statements[39].kind.Switch.If[1].statements[6].kind.Assign[1].UnaryOp[1].Copy.kind.Global",
      "id": 0,
      "keys": [
        "generics",
        "id"
      ]
    },
    {
      "owner": [
        "Fun",
        8
      ],
      "path": "Fun[8].body.Structured.body.statements[5].kind.Switch.If[1].statements[5].kind.Switch.If[1].statements[39].kind.Switch.If[1].statements[7]",
      "id": 983,
      "keys": [
        "comments_before",
        "id",
        "kind",
        "span"
      ]
    },
    {
      "owner": [
        "Fun",
        8
      ],
      "path": "Fun[8].body.Structured.body.statements[5].kind.Switch.If[1].statements[5].kind.Switch.If[1].statements[39].kind.Switch.If[1].statements[8]",
      "id": 984,
      "keys": [
        "comments_before",
        "id",
        "kind",
        "span"
      ]
    },
    {
      "owner": [
        "Fun",
        8
      ],
      "path": "Fun[8].body.Structured.body.statements[5].kind.Switch.If[1].statements[5].kind.Switch.If[1].statements[39].kind.Switch.If[1].statements[9]",
      "id": 985,
      "keys": [
        "comments_before",
        "id",
        "kind",
        "span"
      ]
    },
    {
      "owner": [
        "Fun",
        8
      ],
      "path": "Fun[8].body.Structured.body.statements[5].kind.Switch.If[1].statements[5].kind.Switch.If[1].statements[39].kind.Switch.If[1].statements[10]",
      "id": 986,
      "keys": [
        "comments_before",
        "id",
        "kind",
        "span"
      ]
    },
    {
      "owner": [
        "Fun",
        8
      ],
      "path": "Fun[8].body.Structured.body.statements[5].kind.Switch.If[1].statements[5].kind.Switch.If[1].statements[39].kind.Switch.If[1].statements[11]",
      "id": 987,
      "keys": [
        "comments_before",
        "id",
        "kind",
        "span"
      ]
    },
    {
      "owner": [
        "Fun",
        8
      ],
      "path": "Fun[8].body.Structured.body.statements[5].kind.Switch.If[1].statements[5].kind.Switch.If[1].statements[39].kind.Switch.If[2].statements[0]",
      "id": 989,
      "keys": [
        "comments_before",
        "id",
        "kind",
        "span"
      ]
    },
    {
      "owner": [
        "Fun",
        8
      ],
      "path": "Fun[8].body.Structured.body.statements[5].kind.Switch.If[1].statements[5].kind.Switch.If[1].statements[39].kind.Switch.If[2].statements[1]",
      "id": 990,
      "keys": [
        "comments_before",
        "id",
        "kind",
        "span"
      ]
    },
    {
      "owner": [
        "Fun",
        8
      ],
      "path": "Fun[8].body.Structured.body.statements[5].kind.Switch.If[1].statements[5].kind.Switch.If[1].statements[39].kind.Switch.If[2].statements[2]",
      "id": 991,
      "keys": [
        "comments_before",
        "id",
        "kind",
        "span"
      ]
    },
    {
      "owner": [
        "Fun",
        8
      ],
      "path": "Fun[8].body.Structured.body.statements[5].kind.Switch.If[1].statements[5].kind.Switch.If[1].statements[39].kind.Switch.If[2].statements[3]",
      "id": 992,
      "keys": [
        "comments_before",
        "id",
        "kind",
        "span"
      ]
    },
    {
      "owner": [
        "Fun",
        8
      ],
      "path": "Fun[8].body.Structured.body.statements[5].kind.Switch.If[1].statements[5].kind.Switch.If[1].statements[39].kind.Switch.If[2].statements[4]",
      "id": 993,
      "keys": [
        "comments_before",
        "id",
        "kind",
        "span"
      ]
    },
    {
      "owner": [
        "Fun",
        8
      ],
      "path": "Fun[8].body.Structured.body.statements[5].kind.Switch.If[1].statements[5].kind.Switch.If[1].statements[39].kind.Switch.If[2].statements[5]",
      "id": 994,
      "keys": [
        "comments_before",
        "id",
        "kind",
        "span"
      ]
    },
    {
      "owner": [
        "Fun",
        8
      ],
      "path": "Fun[8].body.Structured.body.statements[5].kind.Switch.If[1].statements[5].kind.Switch.If[1].statements[40]",
      "id": 997,
      "keys": [
        "comments_before",
        "id",
        "kind",
        "span"
      ]
    },
    {
      "owner": [
        "Fun",
        8
      ],
      "path": "Fun[8].body.Structured.body.statements[5].kind.Switch.If[1].statements[5].kind.Switch.If[1].statements[41]",
      "id": 998,
      "keys": [
        "comments_before",
        "id",
        "kind",
        "span"
      ]
    },
    {
      "owner": [
        "Fun",
        8
      ],
      "path": "Fun[8].body.Structured.body.statements[5].kind.Switch.If[1].statements[5].kind.Switch.If[1].statements[42]",
      "id": 999,
      "keys": [
        "comments_before",
        "id",
        "kind",
        "span"
      ]
    },
    {
      "owner": [
        "Fun",
        8
      ],
      "path": "Fun[8].body.Structured.body.statements[5].kind.Switch.If[1].statements[5].kind.Switch.If[1].statements[43]",
      "id": 1000,
      "keys": [
        "comments_before",
        "id",
        "kind",
        "span"
      ]
    },
    {
      "owner": [
        "Fun",
        8
      ],
      "path": "Fun[8].body.Structured.body.statements[5].kind.Switch.If[1].statements[5].kind.Switch.If[1].statements[44]",
      "id": 1001,
      "keys": [
        "comments_before",
        "id",
        "kind",
        "span"
      ]
    },
    {
      "owner": [
        "Fun",
        8
      ],
      "path": "Fun[8].body.Structured.body.statements[5].kind.Switch.If[1].statements[5].kind.Switch.If[1].statements[45]",
      "id": 1002,
      "keys": [
        "comments_before",
        "id",
        "kind",
        "span"
      ]
    },
    {
      "owner": [
        "Fun",
        8
      ],
      "path": "Fun[8].body.Structured.body.statements[5].kind.Switch.If[1].statements[5].kind.Switch.If[1].statements[46]",
      "id": 1003,
      "keys": [
        "comments_before",
        "id",
        "kind",
        "span"
      ]
    },
    {
      "owner": [
        "Fun",
        8
      ],
      "path": "Fun[8].body.Structured.body.statements[5].kind.Switch.If[1].statements[5].kind.Switch.If[1].statements[47]",
      "id": 1004,
      "keys": [
        "comments_before",
        "id",
        "kind",
        "span"
      ]
    },
    {
      "owner": [
        "Fun",
        8
      ],
      "path": "Fun[8].body.Structured.body.statements[5].kind.Switch.If[1].statements[5].kind.Switch.If[1].statements[48]",
      "id": 1005,
      "keys": [
        "comments_before",
        "id",
        "kind",
        "span"
      ]
    },
    {
      "owner": [
        "Fun",
        8
      ],
      "path": "Fun[8].body.Structured.body.statements[5].kind.Switch.If[1].statements[5].kind.Switch.If[1].statements[49]",
      "id": 1006,
      "keys": [
        "comments_before",
        "id",
        "kind",
        "span"
      ]
    },
    {
      "owner": [
        "Fun",
        8
      ],
      "path": "Fun[8].body.Structured.body.statements[5].kind.Switch.If[1].statements[5].kind.Switch.If[2].statements[0]",
      "id": 1007,
      "keys": [
        "comments_before",
        "id",
        "kind",
        "span"
      ]
    },
    {
      "owner": [
        "Fun",
        8
      ],
      "path": "Fun[8].body.Structured.body.statements[5].kind.Switch.If[2].statements[0]",
      "id": 1010,
      "keys": [
        "comments_before",
        "id",
        "kind",
        "span"
      ]
    },
    {
      "owner": [
        "Fun",
        8
      ],
      "path": "Fun[8].body.Structured.body.statements[6]",
      "id": 1013,
      "keys": [
        "comments_before",
        "id",
        "kind",
        "span"
      ]
    },
    {
      "owner": [
        "Fun",
        8
      ],
      "path": "Fun[8].body.Structured.body.statements[7]",
      "id": 1014,
      "keys": [
        "comments_before",
        "id",
        "kind",
        "span"
      ]
    },
    {
      "owner": [
        "Fun",
        8
      ],
      "path": "Fun[8].body.Structured.body.statements[8]",
      "id": 1015,
      "keys": [
        "comments_before",
        "id",
        "kind",
        "span"
      ]
    },
    {
      "owner": [
        "Fun",
        8
      ],
      "path": "Fun[8].body.Structured.body.statements[9]",
      "id": 1016,
      "keys": [
        "comments_before",
        "id",
        "kind",
        "span"
      ]
    },
    {
      "owner": [
        "Fun",
        8
      ],
      "path": "Fun[8].body.Structured.body.statements[10]",
      "id": 1017,
      "keys": [
        "comments_before",
        "id",
        "kind",
        "span"
      ]
    },
    {
      "owner": [
        "Fun",
        8
      ],
      "path": "Fun[8].body.Structured.body.statements[11]",
      "id": 1018,
      "keys": [
        "comments_before",
        "id",
        "kind",
        "span"
      ]
    },
    {
      "owner": [
        "Fun",
        8
      ],
      "path": "Fun[8].body.Structured.body.statements[12]",
      "id": 1019,
      "keys": [
        "comments_before",
        "id",
        "kind",
        "span"
      ]
    },
    {
      "owner": [
        "Fun",
        8
      ],
      "path": "Fun[8].body.Structured.body.statements[13]",
      "id": 1020,
      "keys": [
        "comments_before",
        "id",
        "kind",
        "span"
      ]
    },
    {
      "owner": [
        "Fun",
        8
      ],
      "path": "Fun[8].body.Structured.body.statements[14]",
      "id": 1021,
      "keys": [
        "comments_before",
        "id",
        "kind",
        "span"
      ]
    },
    {
      "owner": [
        "Fun",
        8
      ],
      "path": "Fun[8].body.Structured.body.statements[15]",
      "id": 1022,
      "keys": [
        "comments_before",
        "id",
        "kind",
        "span"
      ]
    },
    {
      "owner": [
        "Fun",
        8
      ],
      "path": "Fun[8].body.Structured.body.statements[16]",
      "id": 1023,
      "keys": [
        "comments_before",
        "id",
        "kind",
        "span"
      ]
    },
    {
      "owner": [
        "Fun",
        8
      ],
      "path": "Fun[8].body.Structured.body.statements[17]",
      "id": 1024,
      "keys": [
        "comments_before",
        "id",
        "kind",
        "span"
      ]
    },
    {
      "owner": [
        "Fun",
        8
      ],
      "path": "Fun[8].body.Structured.body.statements[18]",
      "id": 1025,
      "keys": [
        "comments_before",
        "id",
        "kind",
        "span"
      ]
    },
    {
      "owner": [
        "Fun",
        8
      ],
      "path": "Fun[8].body.Structured.body.statements[19]",
      "id": 1026,
      "keys": [
        "comments_before",
        "id",
        "kind",
        "span"
      ]
    },
    {
      "owner": [
        "Fun",
        8
      ],
      "path": "Fun[8].body.Structured.body.statements[20]",
      "id": 1027,
      "keys": [
        "comments_before",
        "id",
        "kind",
        "span"
      ]
    },
    {
      "owner": [
        "Fun",
        8
      ],
      "path": "Fun[8].body.Structured.body.statements[21]",
      "id": 1031,
      "keys": [
        "comments_before",
        "id",
        "kind",
        "span"
      ]
    },
    {
      "owner": [
        "Fun",
        8
      ],
      "path": "Fun[8].body.Structured.body.statements[21].kind.Call.on_unwind.statements[0]",
      "id": 1028,
      "keys": [
        "comments_before",
        "id",
        "kind",
        "span"
      ]
    },
    {
      "owner": [
        "Fun",
        8
      ],
      "path": "Fun[8].body.Structured.body.statements[21].kind.Call.on_unwind.statements[1]",
      "id": 1029,
      "keys": [
        "comments_before",
        "id",
        "kind",
        "span"
      ]
    },
    {
      "owner": [
        "Fun",
        8
      ],
      "path": "Fun[8].body.Structured.body.statements[21].kind.Call.on_unwind.statements[2]",
      "id": 1030,
      "keys": [
        "comments_before",
        "id",
        "kind",
        "span"
      ]
    },
    {
      "owner": [
        "Fun",
        8
      ],
      "path": "Fun[8].body.Structured.body.statements[22]",
      "id": 1032,
      "keys": [
        "comments_before",
        "id",
        "kind",
        "span"
      ]
    },
    {
      "owner": [
        "Fun",
        8
      ],
      "path": "Fun[8].body.Structured.body.statements[23]",
      "id": 1033,
      "keys": [
        "comments_before",
        "id",
        "kind",
        "span"
      ]
    },
    {
      "owner": [
        "Fun",
        8
      ],
      "path": "Fun[8].body.Structured.body.statements[24]",
      "id": 1034,
      "keys": [
        "comments_before",
        "id",
        "kind",
        "span"
      ]
    },
    {
      "owner": [
        "Fun",
        8
      ],
      "path": "Fun[8].body.Structured.body.statements[25]",
      "id": 1035,
      "keys": [
        "comments_before",
        "id",
        "kind",
        "span"
      ]
    },
    {
      "owner": [
        "Fun",
        8
      ],
      "path": "Fun[8].body.Structured.body.statements[26]",
      "id": 1036,
      "keys": [
        "comments_before",
        "id",
        "kind",
        "span"
      ]
    },
    {
      "owner": [
        "Fun",
        8
      ],
      "path": "Fun[8].body.Structured.body.statements[27]",
      "id": 1037,
      "keys": [
        "comments_before",
        "id",
        "kind",
        "span"
      ]
    },
    {
      "owner": [
        "Fun",
        8
      ],
      "path": "Fun[8].body.Structured.body.statements[28]",
      "id": 1038,
      "keys": [
        "comments_before",
        "id",
        "kind",
        "span"
      ]
    },
    {
      "owner": [
        "Fun",
        8
      ],
      "path": "Fun[8].body.Structured.body.statements[29]",
      "id": 1039,
      "keys": [
        "comments_before",
        "id",
        "kind",
        "span"
      ]
    },
    {
      "owner": [
        "Fun",
        17
      ],
      "path": "Fun[17].body.Structured.body.statements[0]",
      "id": 1558,
      "keys": [
        "comments_before",
        "id",
        "kind",
        "span"
      ]
    },
    {
      "owner": [
        "Fun",
        17
      ],
      "path": "Fun[17].body.Structured.body.statements[1]",
      "id": 1559,
      "keys": [
        "comments_before",
        "id",
        "kind",
        "span"
      ]
    },
    {
      "owner": [
        "Fun",
        17
      ],
      "path": "Fun[17].body.Structured.body.statements[2]",
      "id": 1560,
      "keys": [
        "comments_before",
        "id",
        "kind",
        "span"
      ]
    },
    {
      "owner": [
        "Fun",
        17
      ],
      "path": "Fun[17].body.Structured.body.statements[3]",
      "id": 1561,
      "keys": [
        "comments_before",
        "id",
        "kind",
        "span"
      ]
    },
    {
      "owner": [
        "Fun",
        17
      ],
      "path": "Fun[17].body.Structured.body.statements[4]",
      "id": 1562,
      "keys": [
        "comments_before",
        "id",
        "kind",
        "span"
      ]
    },
    {
      "owner": [
        "Fun",
        17
      ],
      "path": "Fun[17].body.Structured.body.statements[5]",
      "id": 1563,
      "keys": [
        "comments_before",
        "id",
        "kind",
        "span"
      ]
    },
    {
      "owner": [
        "Fun",
        17
      ],
      "path": "Fun[17].body.Structured.body.statements[6]",
      "id": 1564,
      "keys": [
        "comments_before",
        "id",
        "kind",
        "span"
      ]
    },
    {
      "owner": [
        "Fun",
        17
      ],
      "path": "Fun[17].body.Structured.body.statements[6].kind.Assign[1].UnaryOp[1].Copy.kind.Global",
      "id": 0,
      "keys": [
        "generics",
        "id"
      ]
    },
    {
      "owner": [
        "Fun",
        17
      ],
      "path": "Fun[17].body.Structured.body.statements[7]",
      "id": 1565,
      "keys": [
        "comments_before",
        "id",
        "kind",
        "span"
      ]
    },
    {
      "owner": [
        "Fun",
        17
      ],
      "path": "Fun[17].body.Structured.body.statements[8]",
      "id": 1566,
      "keys": [
        "comments_before",
        "id",
        "kind",
        "span"
      ]
    },
    {
      "owner": [
        "Fun",
        17
      ],
      "path": "Fun[17].body.Structured.body.statements[9]",
      "id": 1567,
      "keys": [
        "comments_before",
        "id",
        "kind",
        "span"
      ]
    },
    {
      "owner": [
        "Fun",
        17
      ],
      "path": "Fun[17].body.Structured.body.statements[10]",
      "id": 1568,
      "keys": [
        "comments_before",
        "id",
        "kind",
        "span"
      ]
    },
    {
      "owner": [
        "Fun",
        17
      ],
      "path": "Fun[17].body.Structured.body.statements[11]",
      "id": 1569,
      "keys": [
        "comments_before",
        "id",
        "kind",
        "span"
      ]
    },
    {
      "owner": [
        "Fun",
        17
      ],
      "path": "Fun[17].body.Structured.body.statements[12]",
      "id": 1570,
      "keys": [
        "comments_before",
        "id",
        "kind",
        "span"
      ]
    },
    {
      "owner": [
        "Fun",
        17
      ],
      "path": "Fun[17].body.Structured.body.statements[13]",
      "id": 1571,
      "keys": [
        "comments_before",
        "id",
        "kind",
        "span"
      ]
    },
    {
      "owner": [
        "Fun",
        17
      ],
      "path": "Fun[17].body.Structured.body.statements[14]",
      "id": 1572,
      "keys": [
        "comments_before",
        "id",
        "kind",
        "span"
      ]
    },
    {
      "owner": [
        "Fun",
        17
      ],
      "path": "Fun[17].body.Structured.body.statements[15]",
      "id": 1573,
      "keys": [
        "comments_before",
        "id",
        "kind",
        "span"
      ]
    },
    {
      "owner": [
        "Fun",
        17
      ],
      "path": "Fun[17].body.Structured.body.statements[16]",
      "id": 1574,
      "keys": [
        "comments_before",
        "id",
        "kind",
        "span"
      ]
    },
    {
      "owner": [
        "Fun",
        17
      ],
      "path": "Fun[17].body.Structured.body.statements[17]",
      "id": 1575,
      "keys": [
        "comments_before",
        "id",
        "kind",
        "span"
      ]
    },
    {
      "owner": [
        "Fun",
        17
      ],
      "path": "Fun[17].body.Structured.body.statements[18]",
      "id": 1576,
      "keys": [
        "comments_before",
        "id",
        "kind",
        "span"
      ]
    },
    {
      "owner": [
        "Fun",
        17
      ],
      "path": "Fun[17].body.Structured.body.statements[19]",
      "id": 1577,
      "keys": [
        "comments_before",
        "id",
        "kind",
        "span"
      ]
    },
    {
      "owner": [
        "Fun",
        17
      ],
      "path": "Fun[17].body.Structured.body.statements[20]",
      "id": 1578,
      "keys": [
        "comments_before",
        "id",
        "kind",
        "span"
      ]
    },
    {
      "owner": [
        "Fun",
        17
      ],
      "path": "Fun[17].body.Structured.body.statements[21]",
      "id": 1579,
      "keys": [
        "comments_before",
        "id",
        "kind",
        "span"
      ]
    },
    {
      "owner": [
        "Fun",
        17
      ],
      "path": "Fun[17].body.Structured.body.statements[22]",
      "id": 1580,
      "keys": [
        "comments_before",
        "id",
        "kind",
        "span"
      ]
    },
    {
      "owner": [
        "Fun",
        17
      ],
      "path": "Fun[17].body.Structured.body.statements[23]",
      "id": 1581,
      "keys": [
        "comments_before",
        "id",
        "kind",
        "span"
      ]
    },
    {
      "owner": [
        "Fun",
        17
      ],
      "path": "Fun[17].body.Structured.body.statements[23].kind.Assign[1].UnaryOp[1].Copy.kind.Global",
      "id": 0,
      "keys": [
        "generics",
        "id"
      ]
    },
    {
      "owner": [
        "Fun",
        17
      ],
      "path": "Fun[17].body.Structured.body.statements[24]",
      "id": 1582,
      "keys": [
        "comments_before",
        "id",
        "kind",
        "span"
      ]
    },
    {
      "owner": [
        "Fun",
        17
      ],
      "path": "Fun[17].body.Structured.body.statements[25]",
      "id": 1583,
      "keys": [
        "comments_before",
        "id",
        "kind",
        "span"
      ]
    },
    {
      "owner": [
        "Fun",
        17
      ],
      "path": "Fun[17].body.Structured.body.statements[26]",
      "id": 1584,
      "keys": [
        "comments_before",
        "id",
        "kind",
        "span"
      ]
    },
    {
      "owner": [
        "Fun",
        17
      ],
      "path": "Fun[17].body.Structured.body.statements[27]",
      "id": 1585,
      "keys": [
        "comments_before",
        "id",
        "kind",
        "span"
      ]
    },
    {
      "owner": [
        "Fun",
        17
      ],
      "path": "Fun[17].body.Structured.body.statements[28]",
      "id": 1586,
      "keys": [
        "comments_before",
        "id",
        "kind",
        "span"
      ]
    },
    {
      "owner": [
        "Fun",
        17
      ],
      "path": "Fun[17].body.Structured.body.statements[29]",
      "id": 1587,
      "keys": [
        "comments_before",
        "id",
        "kind",
        "span"
      ]
    },
    {
      "owner": [
        "Fun",
        17
      ],
      "path": "Fun[17].body.Structured.body.statements[30]",
      "id": 1588,
      "keys": [
        "comments_before",
        "id",
        "kind",
        "span"
      ]
    },
    {
      "owner": [
        "Fun",
        17
      ],
      "path": "Fun[17].body.Structured.body.statements[31]",
      "id": 1589,
      "keys": [
        "comments_before",
        "id",
        "kind",
        "span"
      ]
    },
    {
      "owner": [
        "Fun",
        17
      ],
      "path": "Fun[17].body.Structured.body.statements[32]",
      "id": 1590,
      "keys": [
        "comments_before",
        "id",
        "kind",
        "span"
      ]
    },
    {
      "owner": [
        "Fun",
        17
      ],
      "path": "Fun[17].body.Structured.body.statements[33]",
      "id": 1591,
      "keys": [
        "comments_before",
        "id",
        "kind",
        "span"
      ]
    },
    {
      "owner": [
        "Fun",
        17
      ],
      "path": "Fun[17].body.Structured.body.statements[34]",
      "id": 1592,
      "keys": [
        "comments_before",
        "id",
        "kind",
        "span"
      ]
    },
    {
      "owner": [
        "Fun",
        17
      ],
      "path": "Fun[17].body.Structured.body.statements[35]",
      "id": 1593,
      "keys": [
        "comments_before",
        "id",
        "kind",
        "span"
      ]
    },
    {
      "owner": [
        "Fun",
        17
      ],
      "path": "Fun[17].body.Structured.body.statements[36]",
      "id": 1594,
      "keys": [
        "comments_before",
        "id",
        "kind",
        "span"
      ]
    },
    {
      "owner": [
        "Fun",
        17
      ],
      "path": "Fun[17].body.Structured.body.statements[37]",
      "id": 1595,
      "keys": [
        "comments_before",
        "id",
        "kind",
        "span"
      ]
    },
    {
      "owner": [
        "Fun",
        17
      ],
      "path": "Fun[17].body.Structured.body.statements[38]",
      "id": 1596,
      "keys": [
        "comments_before",
        "id",
        "kind",
        "span"
      ]
    },
    {
      "owner": [
        "Fun",
        17
      ],
      "path": "Fun[17].body.Structured.body.statements[39]",
      "id": 1597,
      "keys": [
        "comments_before",
        "id",
        "kind",
        "span"
      ]
    },
    {
      "owner": [
        "Fun",
        17
      ],
      "path": "Fun[17].body.Structured.body.statements[40]",
      "id": 1598,
      "keys": [
        "comments_before",
        "id",
        "kind",
        "span"
      ]
    },
    {
      "owner": [
        "Fun",
        17
      ],
      "path": "Fun[17].body.Structured.body.statements[41]",
      "id": 1599,
      "keys": [
        "comments_before",
        "id",
        "kind",
        "span"
      ]
    },
    {
      "owner": [
        "Fun",
        17
      ],
      "path": "Fun[17].body.Structured.body.statements[42]",
      "id": 1600,
      "keys": [
        "comments_before",
        "id",
        "kind",
        "span"
      ]
    },
    {
      "owner": [
        "Fun",
        17
      ],
      "path": "Fun[17].body.Structured.body.statements[43]",
      "id": 1601,
      "keys": [
        "comments_before",
        "id",
        "kind",
        "span"
      ]
    },
    {
      "owner": [
        "Fun",
        17
      ],
      "path": "Fun[17].body.Structured.body.statements[43].kind.Assign[1].BinaryOp[2].Copy.kind.Global",
      "id": 0,
      "keys": [
        "generics",
        "id"
      ]
    },
    {
      "owner": [
        "Fun",
        17
      ],
      "path": "Fun[17].body.Structured.body.statements[44]",
      "id": 1611,
      "keys": [
        "comments_before",
        "id",
        "kind",
        "span"
      ]
    },
    {
      "owner": [
        "Fun",
        17
      ],
      "path": "Fun[17].body.Structured.body.statements[44].kind.Switch.If[2].statements[0]",
      "id": 1603,
      "keys": [
        "comments_before",
        "id",
        "kind",
        "span"
      ]
    },
    {
      "owner": [
        "Fun",
        17
      ],
      "path": "Fun[17].body.Structured.body.statements[44].kind.Switch.If[2].statements[1]",
      "id": 1604,
      "keys": [
        "comments_before",
        "id",
        "kind",
        "span"
      ]
    },
    {
      "owner": [
        "Fun",
        17
      ],
      "path": "Fun[17].body.Structured.body.statements[44].kind.Switch.If[2].statements[2]",
      "id": 1605,
      "keys": [
        "comments_before",
        "id",
        "kind",
        "span"
      ]
    },
    {
      "owner": [
        "Fun",
        17
      ],
      "path": "Fun[17].body.Structured.body.statements[44].kind.Switch.If[2].statements[3]",
      "id": 1606,
      "keys": [
        "comments_before",
        "id",
        "kind",
        "span"
      ]
    },
    {
      "owner": [
        "Fun",
        17
      ],
      "path": "Fun[17].body.Structured.body.statements[44].kind.Switch.If[2].statements[4]",
      "id": 1607,
      "keys": [
        "comments_before",
        "id",
        "kind",
        "span"
      ]
    },
    {
      "owner": [
        "Fun",
        17
      ],
      "path": "Fun[17].body.Structured.body.statements[44].kind.Switch.If[2].statements[5]",
      "id": 1608,
      "keys": [
        "comments_before",
        "id",
        "kind",
        "span"
      ]
    },
    {
      "owner": [
        "Fun",
        17
      ],
      "path": "Fun[17].body.Structured.body.statements[44].kind.Switch.If[2].statements[6]",
      "id": 1609,
      "keys": [
        "comments_before",
        "id",
        "kind",
        "span"
      ]
    },
    {
      "owner": [
        "Fun",
        17
      ],
      "path": "Fun[17].body.Structured.body.statements[44].kind.Switch.If[2].statements[7]",
      "id": 1610,
      "keys": [
        "comments_before",
        "id",
        "kind",
        "span"
      ]
    },
    {
      "owner": [
        "Fun",
        17
      ],
      "path": "Fun[17].body.Structured.body.statements[45]",
      "id": 1612,
      "keys": [
        "comments_before",
        "id",
        "kind",
        "span"
      ]
    },
    {
      "owner": [
        "Fun",
        17
      ],
      "path": "Fun[17].body.Structured.body.statements[46]",
      "id": 1613,
      "keys": [
        "comments_before",
        "id",
        "kind",
        "span"
      ]
    },
    {
      "owner": [
        "Fun",
        17
      ],
      "path": "Fun[17].body.Structured.body.statements[47]",
      "id": 1614,
      "keys": [
        "comments_before",
        "id",
        "kind",
        "span"
      ]
    },
    {
      "owner": [
        "Fun",
        17
      ],
      "path": "Fun[17].body.Structured.body.statements[48]",
      "id": 1615,
      "keys": [
        "comments_before",
        "id",
        "kind",
        "span"
      ]
    },
    {
      "owner": [
        "Fun",
        17
      ],
      "path": "Fun[17].body.Structured.body.statements[48].kind.Assign[1].BinaryOp[2].Copy.kind.Global",
      "id": 0,
      "keys": [
        "generics",
        "id"
      ]
    },
    {
      "owner": [
        "Fun",
        17
      ],
      "path": "Fun[17].body.Structured.body.statements[49]",
      "id": 1616,
      "keys": [
        "comments_before",
        "id",
        "kind",
        "span"
      ]
    },
    {
      "owner": [
        "Fun",
        17
      ],
      "path": "Fun[17].body.Structured.body.statements[50]",
      "id": 1617,
      "keys": [
        "comments_before",
        "id",
        "kind",
        "span"
      ]
    },
    {
      "owner": [
        "Fun",
        17
      ],
      "path": "Fun[17].body.Structured.body.statements[51]",
      "id": 1618,
      "keys": [
        "comments_before",
        "id",
        "kind",
        "span"
      ]
    },
    {
      "owner": [
        "Fun",
        17
      ],
      "path": "Fun[17].body.Structured.body.statements[52]",
      "id": 1619,
      "keys": [
        "comments_before",
        "id",
        "kind",
        "span"
      ]
    },
    {
      "owner": [
        "Fun",
        17
      ],
      "path": "Fun[17].body.Structured.body.statements[53]",
      "id": 1620,
      "keys": [
        "comments_before",
        "id",
        "kind",
        "span"
      ]
    },
    {
      "owner": [
        "Fun",
        17
      ],
      "path": "Fun[17].body.Structured.body.statements[54]",
      "id": 1621,
      "keys": [
        "comments_before",
        "id",
        "kind",
        "span"
      ]
    },
    {
      "owner": [
        "Fun",
        17
      ],
      "path": "Fun[17].body.Structured.body.statements[55]",
      "id": 1622,
      "keys": [
        "comments_before",
        "id",
        "kind",
        "span"
      ]
    },
    {
      "owner": [
        "Fun",
        20
      ],
      "path": "Fun[20].body.Structured.body.statements[0]",
      "id": 1645,
      "keys": [
        "comments_before",
        "id",
        "kind",
        "span"
      ]
    },
    {
      "owner": [
        "Fun",
        20
      ],
      "path": "Fun[20].body.Structured.body.statements[1]",
      "id": 1646,
      "keys": [
        "comments_before",
        "id",
        "kind",
        "span"
      ]
    },
    {
      "owner": [
        "Fun",
        20
      ],
      "path": "Fun[20].body.Structured.body.statements[2]",
      "id": 1647,
      "keys": [
        "comments_before",
        "id",
        "kind",
        "span"
      ]
    },
    {
      "owner": [
        "Fun",
        20
      ],
      "path": "Fun[20].body.Structured.body.statements[3]",
      "id": 1648,
      "keys": [
        "comments_before",
        "id",
        "kind",
        "span"
      ]
    },
    {
      "owner": [
        "Fun",
        20
      ],
      "path": "Fun[20].body.Structured.body.statements[4]",
      "id": 1649,
      "keys": [
        "comments_before",
        "id",
        "kind",
        "span"
      ]
    },
    {
      "owner": [
        "Fun",
        20
      ],
      "path": "Fun[20].body.Structured.body.statements[5]",
      "id": 1653,
      "keys": [
        "comments_before",
        "id",
        "kind",
        "span"
      ]
    },
    {
      "owner": [
        "Fun",
        20
      ],
      "path": "Fun[20].body.Structured.body.statements[5].kind.Call.call.args[0].Copy.kind.Global",
      "id": 1,
      "keys": [
        "generics",
        "id"
      ]
    },
    {
      "owner": [
        "Fun",
        20
      ],
      "path": "Fun[20].body.Structured.body.statements[5].kind.Call.on_unwind.statements[0]",
      "id": 1650,
      "keys": [
        "comments_before",
        "id",
        "kind",
        "span"
      ]
    },
    {
      "owner": [
        "Fun",
        20
      ],
      "path": "Fun[20].body.Structured.body.statements[5].kind.Call.on_unwind.statements[1]",
      "id": 1651,
      "keys": [
        "comments_before",
        "id",
        "kind",
        "span"
      ]
    },
    {
      "owner": [
        "Fun",
        20
      ],
      "path": "Fun[20].body.Structured.body.statements[5].kind.Call.on_unwind.statements[2]",
      "id": 1652,
      "keys": [
        "comments_before",
        "id",
        "kind",
        "span"
      ]
    },
    {
      "owner": [
        "Fun",
        20
      ],
      "path": "Fun[20].body.Structured.body.statements[6]",
      "id": 1654,
      "keys": [
        "comments_before",
        "id",
        "kind",
        "span"
      ]
    },
    {
      "owner": [
        "Fun",
        20
      ],
      "path": "Fun[20].body.Structured.body.statements[7]",
      "id": 1705,
      "keys": [
        "comments_before",
        "id",
        "kind",
        "span"
      ]
    },
    {
      "owner": [
        "Fun",
        20
      ],
      "path": "Fun[20].body.Structured.body.statements[7].kind.Switch.If[1].statements[0]",
      "id": 1655,
      "keys": [
        "comments_before",
        "id",
        "kind",
        "span"
      ]
    },
    {
      "owner": [
        "Fun",
        20
      ],
      "path": "Fun[20].body.Structured.body.statements[7].kind.Switch.If[1].statements[1]",
      "id": 1656,
      "keys": [
        "comments_before",
        "id",
        "kind",
        "span"
      ]
    },
    {
      "owner": [
        "Fun",
        20
      ],
      "path": "Fun[20].body.Structured.body.statements[7].kind.Switch.If[1].statements[2]",
      "id": 1657,
      "keys": [
        "comments_before",
        "id",
        "kind",
        "span"
      ]
    },
    {
      "owner": [
        "Fun",
        20
      ],
      "path": "Fun[20].body.Structured.body.statements[7].kind.Switch.If[1].statements[3]",
      "id": 1658,
      "keys": [
        "comments_before",
        "id",
        "kind",
        "span"
      ]
    },
    {
      "owner": [
        "Fun",
        20
      ],
      "path": "Fun[20].body.Structured.body.statements[7].kind.Switch.If[1].statements[4]",
      "id": 1659,
      "keys": [
        "comments_before",
        "id",
        "kind",
        "span"
      ]
    },
    {
      "owner": [
        "Fun",
        20
      ],
      "path": "Fun[20].body.Structured.body.statements[7].kind.Switch.If[1].statements[5]",
      "id": 1660,
      "keys": [
        "comments_before",
        "id",
        "kind",
        "span"
      ]
    },
    {
      "owner": [
        "Fun",
        20
      ],
      "path": "Fun[20].body.Structured.body.statements[7].kind.Switch.If[1].statements[6]",
      "id": 1664,
      "keys": [
        "comments_before",
        "id",
        "kind",
        "span"
      ]
    },
    {
      "owner": [
        "Fun",
        20
      ],
      "path": "Fun[20].body.Structured.body.statements[7].kind.Switch.If[1].statements[6].kind.Call.call.args[0].Copy.kind.Global",
      "id": 1,
      "keys": [
        "generics",
        "id"
      ]
    },
    {
      "owner": [
        "Fun",
        20
      ],
      "path": "Fun[20].body.Structured.body.statements[7].kind.Switch.If[1].statements[6].kind.Call.on_unwind.statements[0]",
      "id": 1661,
      "keys": [
        "comments_before",
        "id",
        "kind",
        "span"
      ]
    },
    {
      "owner": [
        "Fun",
        20
      ],
      "path": "Fun[20].body.Structured.body.statements[7].kind.Switch.If[1].statements[6].kind.Call.on_unwind.statements[1]",
      "id": 1662,
      "keys": [
        "comments_before",
        "id",
        "kind",
        "span"
      ]
    },
    {
      "owner": [
        "Fun",
        20
      ],
      "path": "Fun[20].body.Structured.body.statements[7].kind.Switch.If[1].statements[6].kind.Call.on_unwind.statements[2]",
      "id": 1663,
      "keys": [
        "comments_before",
        "id",
        "kind",
        "span"
      ]
    },
    {
      "owner": [
        "Fun",
        20
      ],
      "path": "Fun[20].body.Structured.body.statements[7].kind.Switch.If[1].statements[7]",
      "id": 1665,
      "keys": [
        "comments_before",
        "id",
        "kind",
        "span"
      ]
    },
    {
      "owner": [
        "Fun",
        20
      ],
      "path": "Fun[20].body.Structured.body.statements[7].kind.Switch.If[1].statements[8]",
      "id": 1701,
      "keys": [
        "comments_before",
        "id",
        "kind",
        "span"
      ]
    },
    {
      "owner": [
        "Fun",
        20
      ],
      "path": "Fun[20].body.Structured.body.statements[7].kind.Switch.If[1].statements[8].kind.Switch.If[1].statements[0]",
      "id": 1666,
      "keys": [
        "comments_before",
        "id",
        "kind",
        "span"
      ]
    },
    {
      "owner": [
        "Fun",
        20
      ],
      "path": "Fun[20].body.Structured.body.statements[7].kind.Switch.If[1].statements[8].kind.Switch.If[1].statements[1]",
      "id": 1667,
      "keys": [
        "comments_before",
        "id",
        "kind",
        "span"
      ]
    },
    {
      "owner": [
        "Fun",
        20
      ],
      "path": "Fun[20].body.Structured.body.statements[7].kind.Switch.If[1].statements[8].kind.Switch.If[1].statements[2]",
      "id": 1668,
      "keys": [
        "comments_before",
        "id",
        "kind",
        "span"
      ]
    },
    {
      "owner": [
        "Fun",
        20
      ],
      "path": "Fun[20].body.Structured.body.statements[7].kind.Switch.If[1].statements[8].kind.Switch.If[1].statements[3]",
      "id": 1669,
      "keys": [
        "comments_before",
        "id",
        "kind",
        "span"
      ]
    },
    {
      "owner": [
        "Fun",
        20
      ],
      "path": "Fun[20].body.Structured.body.statements[7].kind.Switch.If[1].statements[8].kind.Switch.If[1].statements[4]",
      "id": 1670,
      "keys": [
        "comments_before",
        "id",
        "kind",
        "span"
      ]
    },
    {
      "owner": [
        "Fun",
        20
      ],
      "path": "Fun[20].body.Structured.body.statements[7].kind.Switch.If[1].statements[8].kind.Switch.If[1].statements[5]",
      "id": 1671,
      "keys": [
        "comments_before",
        "id",
        "kind",
        "span"
      ]
    },
    {
      "owner": [
        "Fun",
        20
      ],
      "path": "Fun[20].body.Structured.body.statements[7].kind.Switch.If[1].statements[8].kind.Switch.If[1].statements[6]",
      "id": 1672,
      "keys": [
        "comments_before",
        "id",
        "kind",
        "span"
      ]
    },
    {
      "owner": [
        "Fun",
        20
      ],
      "path": "Fun[20].body.Structured.body.statements[7].kind.Switch.If[1].statements[8].kind.Switch.If[1].statements[7]",
      "id": 1673,
      "keys": [
        "comments_before",
        "id",
        "kind",
        "span"
      ]
    },
    {
      "owner": [
        "Fun",
        20
      ],
      "path": "Fun[20].body.Structured.body.statements[7].kind.Switch.If[1].statements[8].kind.Switch.If[1].statements[8]",
      "id": 1677,
      "keys": [
        "comments_before",
        "id",
        "kind",
        "span"
      ]
    },
    {
      "owner": [
        "Fun",
        20
      ],
      "path": "Fun[20].body.Structured.body.statements[7].kind.Switch.If[1].statements[8].kind.Switch.If[1].statements[8].kind.Call.on_unwind.statements[0]",
      "id": 1674,
      "keys": [
        "comments_before",
        "id",
        "kind",
        "span"
      ]
    },
    {
      "owner": [
        "Fun",
        20
      ],
      "path": "Fun[20].body.Structured.body.statements[7].kind.Switch.If[1].statements[8].kind.Switch.If[1].statements[8].kind.Call.on_unwind.statements[1]",
      "id": 1675,
      "keys": [
        "comments_before",
        "id",
        "kind",
        "span"
      ]
    },
    {
      "owner": [
        "Fun",
        20
      ],
      "path": "Fun[20].body.Structured.body.statements[7].kind.Switch.If[1].statements[8].kind.Switch.If[1].statements[8].kind.Call.on_unwind.statements[2]",
      "id": 1676,
      "keys": [
        "comments_before",
        "id",
        "kind",
        "span"
      ]
    },
    {
      "owner": [
        "Fun",
        20
      ],
      "path": "Fun[20].body.Structured.body.statements[7].kind.Switch.If[1].statements[8].kind.Switch.If[1].statements[9]",
      "id": 1678,
      "keys": [
        "comments_before",
        "id",
        "kind",
        "span"
      ]
    },
    {
      "owner": [
        "Fun",
        20
      ],
      "path": "Fun[20].body.Structured.body.statements[7].kind.Switch.If[1].statements[8].kind.Switch.If[1].statements[10]",
      "id": 1679,
      "keys": [
        "comments_before",
        "id",
        "kind",
        "span"
      ]
    },
    {
      "owner": [
        "Fun",
        20
      ],
      "path": "Fun[20].body.Structured.body.statements[7].kind.Switch.If[1].statements[8].kind.Switch.If[1].statements[11]",
      "id": 1680,
      "keys": [
        "comments_before",
        "id",
        "kind",
        "span"
      ]
    },
    {
      "owner": [
        "Fun",
        20
      ],
      "path": "Fun[20].body.Structured.body.statements[7].kind.Switch.If[1].statements[8].kind.Switch.If[1].statements[12]",
      "id": 1681,
      "keys": [
        "comments_before",
        "id",
        "kind",
        "span"
      ]
    },
    {
      "owner": [
        "Fun",
        20
      ],
      "path": "Fun[20].body.Structured.body.statements[7].kind.Switch.If[1].statements[8].kind.Switch.If[1].statements[13]",
      "id": 1682,
      "keys": [
        "comments_before",
        "id",
        "kind",
        "span"
      ]
    },
    {
      "owner": [
        "Fun",
        20
      ],
      "path": "Fun[20].body.Structured.body.statements[7].kind.Switch.If[1].statements[8].kind.Switch.If[1].statements[14]",
      "id": 1683,
      "keys": [
        "comments_before",
        "id",
        "kind",
        "span"
      ]
    },
    {
      "owner": [
        "Fun",
        20
      ],
      "path": "Fun[20].body.Structured.body.statements[7].kind.Switch.If[1].statements[8].kind.Switch.If[1].statements[15]",
      "id": 1684,
      "keys": [
        "comments_before",
        "id",
        "kind",
        "span"
      ]
    },
    {
      "owner": [
        "Fun",
        20
      ],
      "path": "Fun[20].body.Structured.body.statements[7].kind.Switch.If[1].statements[8].kind.Switch.If[1].statements[16]",
      "id": 1688,
      "keys": [
        "comments_before",
        "id",
        "kind",
        "span"
      ]
    },
    {
      "owner": [
        "Fun",
        20
      ],
      "path": "Fun[20].body.Structured.body.statements[7].kind.Switch.If[1].statements[8].kind.Switch.If[1].statements[16].kind.Call.on_unwind.statements[0]",
      "id": 1685,
      "keys": [
        "comments_before",
        "id",
        "kind",
        "span"
      ]
    },
    {
      "owner": [
        "Fun",
        20
      ],
      "path": "Fun[20].body.Structured.body.statements[7].kind.Switch.If[1].statements[8].kind.Switch.If[1].statements[16].kind.Call.on_unwind.statements[1]",
      "id": 1686,
      "keys": [
        "comments_before",
        "id",
        "kind",
        "span"
      ]
    },
    {
      "owner": [
        "Fun",
        20
      ],
      "path": "Fun[20].body.Structured.body.statements[7].kind.Switch.If[1].statements[8].kind.Switch.If[1].statements[16].kind.Call.on_unwind.statements[2]",
      "id": 1687,
      "keys": [
        "comments_before",
        "id",
        "kind",
        "span"
      ]
    },
    {
      "owner": [
        "Fun",
        20
      ],
      "path": "Fun[20].body.Structured.body.statements[7].kind.Switch.If[1].statements[8].kind.Switch.If[1].statements[17]",
      "id": 1689,
      "keys": [
        "comments_before",
        "id",
        "kind",
        "span"
      ]
    },
    {
      "owner": [
        "Fun",
        20
      ],
      "path": "Fun[20].body.Structured.body.statements[7].kind.Switch.If[1].statements[8].kind.Switch.If[1].statements[18]",
      "id": 1690,
      "keys": [
        "comments_before",
        "id",
        "kind",
        "span"
      ]
    },
    {
      "owner": [
        "Fun",
        20
      ],
      "path": "Fun[20].body.Structured.body.statements[7].kind.Switch.If[1].statements[8].kind.Switch.If[1].statements[19]",
      "id": 1691,
      "keys": [
        "comments_before",
        "id",
        "kind",
        "span"
      ]
    },
    {
      "owner": [
        "Fun",
        20
      ],
      "path": "Fun[20].body.Structured.body.statements[7].kind.Switch.If[1].statements[8].kind.Switch.If[1].statements[20]",
      "id": 1692,
      "keys": [
        "comments_before",
        "id",
        "kind",
        "span"
      ]
    },
    {
      "owner": [
        "Fun",
        20
      ],
      "path": "Fun[20].body.Structured.body.statements[7].kind.Switch.If[1].statements[8].kind.Switch.If[1].statements[21]",
      "id": 1693,
      "keys": [
        "comments_before",
        "id",
        "kind",
        "span"
      ]
    },
    {
      "owner": [
        "Fun",
        20
      ],
      "path": "Fun[20].body.Structured.body.statements[7].kind.Switch.If[1].statements[8].kind.Switch.If[1].statements[22]",
      "id": 1694,
      "keys": [
        "comments_before",
        "id",
        "kind",
        "span"
      ]
    },
    {
      "owner": [
        "Fun",
        20
      ],
      "path": "Fun[20].body.Structured.body.statements[7].kind.Switch.If[1].statements[8].kind.Switch.If[1].statements[23]",
      "id": 1695,
      "keys": [
        "comments_before",
        "id",
        "kind",
        "span"
      ]
    },
    {
      "owner": [
        "Fun",
        20
      ],
      "path": "Fun[20].body.Structured.body.statements[7].kind.Switch.If[1].statements[8].kind.Switch.If[1].statements[24]",
      "id": 1696,
      "keys": [
        "comments_before",
        "id",
        "kind",
        "span"
      ]
    },
    {
      "owner": [
        "Fun",
        20
      ],
      "path": "Fun[20].body.Structured.body.statements[7].kind.Switch.If[1].statements[8].kind.Switch.If[1].statements[25]",
      "id": 1697,
      "keys": [
        "comments_before",
        "id",
        "kind",
        "span"
      ]
    },
    {
      "owner": [
        "Fun",
        20
      ],
      "path": "Fun[20].body.Structured.body.statements[7].kind.Switch.If[1].statements[8].kind.Switch.If[2].statements[0]",
      "id": 1698,
      "keys": [
        "comments_before",
        "id",
        "kind",
        "span"
      ]
    },
    {
      "owner": [
        "Fun",
        20
      ],
      "path": "Fun[20].body.Structured.body.statements[7].kind.Switch.If[1].statements[8].kind.Switch.If[2].statements[1]",
      "id": 1699,
      "keys": [
        "comments_before",
        "id",
        "kind",
        "span"
      ]
    },
    {
      "owner": [
        "Fun",
        20
      ],
      "path": "Fun[20].body.Structured.body.statements[7].kind.Switch.If[2].statements[0]",
      "id": 1702,
      "keys": [
        "comments_before",
        "id",
        "kind",
        "span"
      ]
    },
    {
      "owner": [
        "Fun",
        20
      ],
      "path": "Fun[20].body.Structured.body.statements[7].kind.Switch.If[2].statements[1]",
      "id": 1703,
      "keys": [
        "comments_before",
        "id",
        "kind",
        "span"
      ]
    },
    {
      "owner": [
        "Fun",
        20
      ],
      "path": "Fun[20].body.Structured.body.statements[8]",
      "id": 1706,
      "keys": [
        "comments_before",
        "id",
        "kind",
        "span"
      ]
    },
    {
      "owner": [
        "Fun",
        20
      ],
      "path": "Fun[20].body.Structured.body.statements[9]",
      "id": 1707,
      "keys": [
        "comments_before",
        "id",
        "kind",
        "span"
      ]
    },
    {
      "owner": [
        "Fun",
        20
      ],
      "path": "Fun[20].body.Structured.body.statements[10]",
      "id": 1708,
      "keys": [
        "comments_before",
        "id",
        "kind",
        "span"
      ]
    },
    {
      "owner": [
        "Fun",
        20
      ],
      "path": "Fun[20].body.Structured.body.statements[11]",
      "id": 1709,
      "keys": [
        "comments_before",
        "id",
        "kind",
        "span"
      ]
    },
    {
      "owner": [
        "Fun",
        20
      ],
      "path": "Fun[20].body.Structured.body.statements[12]",
      "id": 1710,
      "keys": [
        "comments_before",
        "id",
        "kind",
        "span"
      ]
    },
    {
      "owner": [
        "Fun",
        20
      ],
      "path": "Fun[20].body.Structured.body.statements[13]",
      "id": 1711,
      "keys": [
        "comments_before",
        "id",
        "kind",
        "span"
      ]
    },
    {
      "owner": [
        "Fun",
        20
      ],
      "path": "Fun[20].body.Structured.body.statements[14]",
      "id": 1712,
      "keys": [
        "comments_before",
        "id",
        "kind",
        "span"
      ]
    },
    {
      "owner": [
        "Fun",
        20
      ],
      "path": "Fun[20].body.Structured.body.statements[15]",
      "id": 1713,
      "keys": [
        "comments_before",
        "id",
        "kind",
        "span"
      ]
    },
    {
      "owner": [
        "Fun",
        20
      ],
      "path": "Fun[20].body.Structured.body.statements[16]",
      "id": 1714,
      "keys": [
        "comments_before",
        "id",
        "kind",
        "span"
      ]
    },
    {
      "owner": [
        "Fun",
        20
      ],
      "path": "Fun[20].body.Structured.body.statements[17]",
      "id": 1715,
      "keys": [
        "comments_before",
        "id",
        "kind",
        "span"
      ]
    },
    {
      "owner": [
        "Fun",
        20
      ],
      "path": "Fun[20].body.Structured.body.statements[18]",
      "id": 1716,
      "keys": [
        "comments_before",
        "id",
        "kind",
        "span"
      ]
    },
    {
      "owner": [
        "Fun",
        20
      ],
      "path": "Fun[20].body.Structured.body.statements[19]",
      "id": 1717,
      "keys": [
        "comments_before",
        "id",
        "kind",
        "span"
      ]
    },
    {
      "owner": [
        "Fun",
        21
      ],
      "path": "Fun[21].body.Structured.body.statements[0]",
      "id": 1718,
      "keys": [
        "comments_before",
        "id",
        "kind",
        "span"
      ]
    },
    {
      "owner": [
        "Fun",
        21
      ],
      "path": "Fun[21].body.Structured.body.statements[1]",
      "id": 1719,
      "keys": [
        "comments_before",
        "id",
        "kind",
        "span"
      ]
    },
    {
      "owner": [
        "Fun",
        21
      ],
      "path": "Fun[21].body.Structured.body.statements[2]",
      "id": 1720,
      "keys": [
        "comments_before",
        "id",
        "kind",
        "span"
      ]
    },
    {
      "owner": [
        "Fun",
        21
      ],
      "path": "Fun[21].body.Structured.body.statements[3]",
      "id": 1721,
      "keys": [
        "comments_before",
        "id",
        "kind",
        "span"
      ]
    },
    {
      "owner": [
        "Fun",
        21
      ],
      "path": "Fun[21].body.Structured.body.statements[4]",
      "id": 1724,
      "keys": [
        "comments_before",
        "id",
        "kind",
        "span"
      ]
    },
    {
      "owner": [
        "Fun",
        21
      ],
      "path": "Fun[21].body.Structured.body.statements[4].kind.Call.on_unwind.statements[0]",
      "id": 1722,
      "keys": [
        "comments_before",
        "id",
        "kind",
        "span"
      ]
    },
    {
      "owner": [
        "Fun",
        21
      ],
      "path": "Fun[21].body.Structured.body.statements[4].kind.Call.on_unwind.statements[1]",
      "id": 1723,
      "keys": [
        "comments_before",
        "id",
        "kind",
        "span"
      ]
    },
    {
      "owner": [
        "Fun",
        21
      ],
      "path": "Fun[21].body.Structured.body.statements[5]",
      "id": 1725,
      "keys": [
        "comments_before",
        "id",
        "kind",
        "span"
      ]
    },
    {
      "owner": [
        "Fun",
        21
      ],
      "path": "Fun[21].body.Structured.body.statements[6]",
      "id": 1726,
      "keys": [
        "comments_before",
        "id",
        "kind",
        "span"
      ]
    },
    {
      "owner": [
        "Fun",
        21
      ],
      "path": "Fun[21].body.Structured.body.statements[7]",
      "id": 1727,
      "keys": [
        "comments_before",
        "id",
        "kind",
        "span"
      ]
    },
    {
      "owner": [
        "Fun",
        21
      ],
      "path": "Fun[21].body.Structured.body.statements[8]",
      "id": 1728,
      "keys": [
        "comments_before",
        "id",
        "kind",
        "span"
      ]
    },
    {
      "owner": [
        "Fun",
        21
      ],
      "path": "Fun[21].body.Structured.body.statements[9]",
      "id": 1729,
      "keys": [
        "comments_before",
        "id",
        "kind",
        "span"
      ]
    },
    {
      "owner": [
        "Fun",
        22
      ],
      "path": "Fun[22].body.Structured.body.statements[0]",
      "id": 1730,
      "keys": [
        "comments_before",
        "id",
        "kind",
        "span"
      ]
    },
    {
      "owner": [
        "Fun",
        22
      ],
      "path": "Fun[22].body.Structured.body.statements[1]",
      "id": 1731,
      "keys": [
        "comments_before",
        "id",
        "kind",
        "span"
      ]
    },
    {
      "owner": [
        "Fun",
        22
      ],
      "path": "Fun[22].body.Structured.body.statements[2]",
      "id": 1732,
      "keys": [
        "comments_before",
        "id",
        "kind",
        "span"
      ]
    },
    {
      "owner": [
        "Fun",
        22
      ],
      "path": "Fun[22].body.Structured.body.statements[3]",
      "id": 1733,
      "keys": [
        "comments_before",
        "id",
        "kind",
        "span"
      ]
    },
    {
      "owner": [
        "Fun",
        22
      ],
      "path": "Fun[22].body.Structured.body.statements[4]",
      "id": 1734,
      "keys": [
        "comments_before",
        "id",
        "kind",
        "span"
      ]
    },
    {
      "owner": [
        "Fun",
        22
      ],
      "path": "Fun[22].body.Structured.body.statements[5]",
      "id": 1737,
      "keys": [
        "comments_before",
        "id",
        "kind",
        "span"
      ]
    },
    {
      "owner": [
        "Fun",
        22
      ],
      "path": "Fun[22].body.Structured.body.statements[5].kind.Call.on_unwind.statements[0]",
      "id": 1735,
      "keys": [
        "comments_before",
        "id",
        "kind",
        "span"
      ]
    },
    {
      "owner": [
        "Fun",
        22
      ],
      "path": "Fun[22].body.Structured.body.statements[5].kind.Call.on_unwind.statements[1]",
      "id": 1736,
      "keys": [
        "comments_before",
        "id",
        "kind",
        "span"
      ]
    },
    {
      "owner": [
        "Fun",
        22
      ],
      "path": "Fun[22].body.Structured.body.statements[6]",
      "id": 1738,
      "keys": [
        "comments_before",
        "id",
        "kind",
        "span"
      ]
    },
    {
      "owner": [
        "Fun",
        22
      ],
      "path": "Fun[22].body.Structured.body.statements[7]",
      "id": 1739,
      "keys": [
        "comments_before",
        "id",
        "kind",
        "span"
      ]
    },
    {
      "owner": [
        "Fun",
        22
      ],
      "path": "Fun[22].body.Structured.body.statements[8]",
      "id": 1740,
      "keys": [
        "comments_before",
        "id",
        "kind",
        "span"
      ]
    },
    {
      "owner": [
        "Fun",
        22
      ],
      "path": "Fun[22].body.Structured.body.statements[9]",
      "id": 1741,
      "keys": [
        "comments_before",
        "id",
        "kind",
        "span"
      ]
    },
    {
      "owner": [
        "Fun",
        13
      ],
      "path": "Fun[13].body.Structured.body.statements[0]",
      "id": 1203,
      "keys": [
        "comments_before",
        "id",
        "kind",
        "span"
      ]
    },
    {
      "owner": [
        "Fun",
        13
      ],
      "path": "Fun[13].body.Structured.body.statements[1]",
      "id": 1204,
      "keys": [
        "comments_before",
        "id",
        "kind",
        "span"
      ]
    },
    {
      "owner": [
        "Fun",
        13
      ],
      "path": "Fun[13].body.Structured.body.statements[2]",
      "id": 1205,
      "keys": [
        "comments_before",
        "id",
        "kind",
        "span"
      ]
    },
    {
      "owner": [
        "Fun",
        13
      ],
      "path": "Fun[13].body.Structured.body.statements[3]",
      "id": 1206,
      "keys": [
        "comments_before",
        "id",
        "kind",
        "span"
      ]
    },
    {
      "owner": [
        "Fun",
        13
      ],
      "path": "Fun[13].body.Structured.body.statements[4]",
      "id": 1207,
      "keys": [
        "comments_before",
        "id",
        "kind",
        "span"
      ]
    },
    {
      "owner": [
        "Fun",
        13
      ],
      "path": "Fun[13].body.Structured.body.statements[5]",
      "id": 1211,
      "keys": [
        "comments_before",
        "id",
        "kind",
        "span"
      ]
    },
    {
      "owner": [
        "Fun",
        13
      ],
      "path": "Fun[13].body.Structured.body.statements[5].kind.Call.on_unwind.statements[0]",
      "id": 1208,
      "keys": [
        "comments_before",
        "id",
        "kind",
        "span"
      ]
    },
    {
      "owner": [
        "Fun",
        13
      ],
      "path": "Fun[13].body.Structured.body.statements[5].kind.Call.on_unwind.statements[1]",
      "id": 1209,
      "keys": [
        "comments_before",
        "id",
        "kind",
        "span"
      ]
    },
    {
      "owner": [
        "Fun",
        13
      ],
      "path": "Fun[13].body.Structured.body.statements[5].kind.Call.on_unwind.statements[2]",
      "id": 1210,
      "keys": [
        "comments_before",
        "id",
        "kind",
        "span"
      ]
    },
    {
      "owner": [
        "Fun",
        13
      ],
      "path": "Fun[13].body.Structured.body.statements[6]",
      "id": 1212,
      "keys": [
        "comments_before",
        "id",
        "kind",
        "span"
      ]
    },
    {
      "owner": [
        "Fun",
        13
      ],
      "path": "Fun[13].body.Structured.body.statements[7]",
      "id": 1213,
      "keys": [
        "comments_before",
        "id",
        "kind",
        "span"
      ]
    },
    {
      "owner": [
        "Fun",
        13
      ],
      "path": "Fun[13].body.Structured.body.statements[8]",
      "id": 1214,
      "keys": [
        "comments_before",
        "id",
        "kind",
        "span"
      ]
    },
    {
      "owner": [
        "Fun",
        13
      ],
      "path": "Fun[13].body.Structured.body.statements[9]",
      "id": 1215,
      "keys": [
        "comments_before",
        "id",
        "kind",
        "span"
      ]
    },
    {
      "owner": [
        "Fun",
        13
      ],
      "path": "Fun[13].body.Structured.body.statements[10]",
      "id": 1219,
      "keys": [
        "comments_before",
        "id",
        "kind",
        "span"
      ]
    },
    {
      "owner": [
        "Fun",
        13
      ],
      "path": "Fun[13].body.Structured.body.statements[10].kind.Call.on_unwind.statements[0]",
      "id": 1216,
      "keys": [
        "comments_before",
        "id",
        "kind",
        "span"
      ]
    },
    {
      "owner": [
        "Fun",
        13
      ],
      "path": "Fun[13].body.Structured.body.statements[10].kind.Call.on_unwind.statements[1]",
      "id": 1217,
      "keys": [
        "comments_before",
        "id",
        "kind",
        "span"
      ]
    },
    {
      "owner": [
        "Fun",
        13
      ],
      "path": "Fun[13].body.Structured.body.statements[10].kind.Call.on_unwind.statements[2]",
      "id": 1218,
      "keys": [
        "comments_before",
        "id",
        "kind",
        "span"
      ]
    },
    {
      "owner": [
        "Fun",
        13
      ],
      "path": "Fun[13].body.Structured.body.statements[11]",
      "id": 1220,
      "keys": [
        "comments_before",
        "id",
        "kind",
        "span"
      ]
    },
    {
      "owner": [
        "Fun",
        13
      ],
      "path": "Fun[13].body.Structured.body.statements[12]",
      "id": 1221,
      "keys": [
        "comments_before",
        "id",
        "kind",
        "span"
      ]
    },
    {
      "owner": [
        "Fun",
        13
      ],
      "path": "Fun[13].body.Structured.body.statements[13]",
      "id": 1222,
      "keys": [
        "comments_before",
        "id",
        "kind",
        "span"
      ]
    },
    {
      "owner": [
        "Fun",
        13
      ],
      "path": "Fun[13].body.Structured.body.statements[14]",
      "id": 1223,
      "keys": [
        "comments_before",
        "id",
        "kind",
        "span"
      ]
    },
    {
      "owner": [
        "Fun",
        13
      ],
      "path": "Fun[13].body.Structured.body.statements[15]",
      "id": 1225,
      "keys": [
        "comments_before",
        "id",
        "kind",
        "span"
      ]
    },
    {
      "owner": [
        "Fun",
        13
      ],
      "path": "Fun[13].body.Structured.body.statements[16]",
      "id": 1226,
      "keys": [
        "comments_before",
        "id",
        "kind",
        "span"
      ]
    },
    {
      "owner": [
        "Fun",
        13
      ],
      "path": "Fun[13].body.Structured.body.statements[17]",
      "id": 1227,
      "keys": [
        "comments_before",
        "id",
        "kind",
        "span"
      ]
    },
    {
      "owner": [
        "Fun",
        13
      ],
      "path": "Fun[13].body.Structured.body.statements[18]",
      "id": 1228,
      "keys": [
        "comments_before",
        "id",
        "kind",
        "span"
      ]
    },
    {
      "owner": [
        "Fun",
        13
      ],
      "path": "Fun[13].body.Structured.body.statements[19]",
      "id": 1232,
      "keys": [
        "comments_before",
        "id",
        "kind",
        "span"
      ]
    },
    {
      "owner": [
        "Fun",
        13
      ],
      "path": "Fun[13].body.Structured.body.statements[19].kind.Call.call.args[0].Copy.kind.Global",
      "id": 1,
      "keys": [
        "generics",
        "id"
      ]
    },
    {
      "owner": [
        "Fun",
        13
      ],
      "path": "Fun[13].body.Structured.body.statements[19].kind.Call.on_unwind.statements[0]",
      "id": 1229,
      "keys": [
        "comments_before",
        "id",
        "kind",
        "span"
      ]
    },
    {
      "owner": [
        "Fun",
        13
      ],
      "path": "Fun[13].body.Structured.body.statements[19].kind.Call.on_unwind.statements[1]",
      "id": 1230,
      "keys": [
        "comments_before",
        "id",
        "kind",
        "span"
      ]
    },
    {
      "owner": [
        "Fun",
        13
      ],
      "path": "Fun[13].body.Structured.body.statements[19].kind.Call.on_unwind.statements[2]",
      "id": 1231,
      "keys": [
        "comments_before",
        "id",
        "kind",
        "span"
      ]
    },
    {
      "owner": [
        "Fun",
        13
      ],
      "path": "Fun[13].body.Structured.body.statements[20]",
      "id": 1233,
      "keys": [
        "comments_before",
        "id",
        "kind",
        "span"
      ]
    },
    {
      "owner": [
        "Fun",
        13
      ],
      "path": "Fun[13].body.Structured.body.statements[21]",
      "id": 1281,
      "keys": [
        "comments_before",
        "id",
        "kind",
        "span"
      ]
    },
    {
      "owner": [
        "Fun",
        13
      ],
      "path": "Fun[13].body.Structured.body.statements[21].kind.Switch.If[2].statements[0]",
      "id": 1235,
      "keys": [
        "comments_before",
        "id",
        "kind",
        "span"
      ]
    },
    {
      "owner": [
        "Fun",
        13
      ],
      "path": "Fun[13].body.Structured.body.statements[21].kind.Switch.If[2].statements[1]",
      "id": 1236,
      "keys": [
        "comments_before",
        "id",
        "kind",
        "span"
      ]
    },
    {
      "owner": [
        "Fun",
        13
      ],
      "path": "Fun[13].body.Structured.body.statements[21].kind.Switch.If[2].statements[2]",
      "id": 1238,
      "keys": [
        "comments_before",
        "id",
        "kind",
        "span"
      ]
    },
    {
      "owner": [
        "Fun",
        13
      ],
      "path": "Fun[13].body.Structured.body.statements[21].kind.Switch.If[2].statements[3]",
      "id": 1240,
      "keys": [
        "comments_before",
        "id",
        "kind",
        "span"
      ]
    },
    {
      "owner": [
        "Fun",
        13
      ],
      "path": "Fun[13].body.Structured.body.statements[21].kind.Switch.If[2].statements[4]",
      "id": 1241,
      "keys": [
        "comments_before",
        "id",
        "kind",
        "span"
      ]
    },
    {
      "owner": [
        "Fun",
        13
      ],
      "path": "Fun[13].body.Structured.body.statements[21].kind.Switch.If[2].statements[5]",
      "id": 1242,
      "keys": [
        "comments_before",
        "id",
        "kind",
        "span"
      ]
    },
    {
      "owner": [
        "Fun",
        13
      ],
      "path": "Fun[13].body.Structured.body.statements[21].kind.Switch.If[2].statements[6]",
      "id": 1243,
      "keys": [
        "comments_before",
        "id",
        "kind",
        "span"
      ]
    },
    {
      "owner": [
        "Fun",
        13
      ],
      "path": "Fun[13].body.Structured.body.statements[21].kind.Switch.If[2].statements[7]",
      "id": 1244,
      "keys": [
        "comments_before",
        "id",
        "kind",
        "span"
      ]
    },
    {
      "owner": [
        "Fun",
        13
      ],
      "path": "Fun[13].body.Structured.body.statements[21].kind.Switch.If[2].statements[8]",
      "id": 1248,
      "keys": [
        "comments_before",
        "id",
        "kind",
        "span"
      ]
    },
    {
      "owner": [
        "Fun",
        13
      ],
      "path": "Fun[13].body.Structured.body.statements[21].kind.Switch.If[2].statements[8].kind.Call.call.args[0].Copy.kind.Global",
      "id": 0,
      "keys": [
        "generics",
        "id"
      ]
    },
    {
      "owner": [
        "Fun",
        13
      ],
      "path": "Fun[13].body.Structured.body.statements[21].kind.Switch.If[2].statements[8].kind.Call.on_unwind.statements[0]",
      "id": 1245,
      "keys": [
        "comments_before",
        "id",
        "kind",
        "span"
      ]
    },
    {
      "owner": [
        "Fun",
        13
      ],
      "path": "Fun[13].body.Structured.body.statements[21].kind.Switch.If[2].statements[8].kind.Call.on_unwind.statements[1]",
      "id": 1246,
      "keys": [
        "comments_before",
        "id",
        "kind",
        "span"
      ]
    },
    {
      "owner": [
        "Fun",
        13
      ],
      "path": "Fun[13].body.Structured.body.statements[21].kind.Switch.If[2].statements[8].kind.Call.on_unwind.statements[2]",
      "id": 1247,
      "keys": [
        "comments_before",
        "id",
        "kind",
        "span"
      ]
    },
    {
      "owner": [
        "Fun",
        13
      ],
      "path": "Fun[13].body.Structured.body.statements[21].kind.Switch.If[2].statements[9]",
      "id": 1249,
      "keys": [
        "comments_before",
        "id",
        "kind",
        "span"
      ]
    },
    {
      "owner": [
        "Fun",
        13
      ],
      "path": "Fun[13].body.Structured.body.statements[21].kind.Switch.If[2].statements[10]",
      "id": 1273,
      "keys": [
        "comments_before",
        "id",
        "kind",
        "span"
      ]
    },
    {
      "owner": [
        "Fun",
        13
      ],
      "path": "Fun[13].body.Structured.body.statements[21].kind.Switch.If[2].statements[10].kind.Switch.If[1].statements[0]",
      "id": 1250,
      "keys": [
        "comments_before",
        "id",
        "kind",
        "span"
      ]
    },
    {
      "owner": [
        "Fun",
        13
      ],
      "path": "Fun[13].body.Structured.body.statements[21].kind.Switch.If[2].statements[10].kind.Switch.If[1].statements[1]",
      "id": 1251,
      "keys": [
        "comments_before",
        "id",
        "kind",
        "span"
      ]
    },
    {
      "owner": [
        "Fun",
        13
      ],
      "path": "Fun[13].body.Structured.body.statements[21].kind.Switch.If[2].statements[10].kind.Switch.If[1].statements[2]",
      "id": 1252,
      "keys": [
        "comments_before",
        "id",
        "kind",
        "span"
      ]
    },
    {
      "owner": [
        "Fun",
        13
      ],
      "path": "Fun[13].body.Structured.body.statements[21].kind.Switch.If[2].statements[10].kind.Switch.If[1].statements[3]",
      "id": 1253,
      "keys": [
        "comments_before",
        "id",
        "kind",
        "span"
      ]
    },
    {
      "owner": [
        "Fun",
        13
      ],
      "path": "Fun[13].body.Structured.body.statements[21].kind.Switch.If[2].statements[10].kind.Switch.If[1].statements[4]",
      "id": 1254,
      "keys": [
        "comments_before",
        "id",
        "kind",
        "span"
      ]
    },
    {
      "owner": [
        "Fun",
        13
      ],
      "path": "Fun[13].body.Structured.body.statements[21].kind.Switch.If[2].statements[10].kind.Switch.If[1].statements[5]",
      "id": 1255,
      "keys": [
        "comments_before",
        "id",
        "kind",
        "span"
      ]
    },
    {
      "owner": [
        "Fun",
        13
      ],
      "path": "Fun[13].body.Structured.body.statements[21].kind.Switch.If[2].statements[10].kind.Switch.If[1].statements[6]",
      "id": 1259,
      "keys": [
        "comments_before",
        "id",
        "kind",
        "span"
      ]
    },
    {
      "owner": [
        "Fun",
        13
      ],
      "path": "Fun[13].body.Structured.body.statements[21].kind.Switch.If[2].statements[10].kind.Switch.If[1].statements[6].kind.Call.call.args[0].Copy.kind.Global",
      "id": 0,
      "keys": [
        "generics",
        "id"
      ]
    },
    {
      "owner": [
        "Fun",
        13
      ],
      "path": "Fun[13].body.Structured.body.statements[21].kind.Switch.If[2].statements[10].kind.Switch.If[1].statements[6].kind.Call.on_unwind.statements[0]",
      "id": 1256,
      "keys": [
        "comments_before",
        "id",
        "kind",
        "span"
      ]
    },
    {
      "owner": [
        "Fun",
        13
      ],
      "path": "Fun[13].body.Structured.body.statements[21].kind.Switch.If[2].statements[10].kind.Switch.If[1].statements[6].kind.Call.on_unwind.statements[1]",
      "id": 1257,
      "keys": [
        "comments_before",
        "id",
        "kind",
        "span"
      ]
    },
    {
      "owner": [
        "Fun",
        13
      ],
      "path": "Fun[13].body.Structured.body.statements[21].kind.Switch.If[2].statements[10].kind.Switch.If[1].statements[6].kind.Call.on_unwind.statements[2]",
      "id": 1258,
      "keys": [
        "comments_before",
        "id",
        "kind",
        "span"
      ]
    },
    {
      "owner": [
        "Fun",
        13
      ],
      "path": "Fun[13].body.Structured.body.statements[21].kind.Switch.If[2].statements[10].kind.Switch.If[1].statements[7]",
      "id": 1260,
      "keys": [
        "comments_before",
        "id",
        "kind",
        "span"
      ]
    },
    {
      "owner": [
        "Fun",
        13
      ],
      "path": "Fun[13].body.Structured.body.statements[21].kind.Switch.If[2].statements[10].kind.Switch.If[1].statements[8]",
      "id": 1261,
      "keys": [
        "comments_before",
        "id",
        "kind",
        "span"
      ]
    },
    {
      "owner": [
        "Fun",
        13
      ],
      "path": "Fun[13].body.Structured.body.statements[21].kind.Switch.If[2].statements[10].kind.Switch.If[1].statements[9]",
      "id": 1262,
      "keys": [
        "comments_before",
        "id",
        "kind",
        "span"
      ]
    },
    {
      "owner": [
        "Fun",
        13
      ],
      "path": "Fun[13].body.Structured.body.statements[21].kind.Switch.If[2].statements[10].kind.Switch.If[1].statements[10]",
      "id": 1263,
      "keys": [
        "comments_before",
        "id",
        "kind",
        "span"
      ]
    },
    {
      "owner": [
        "Fun",
        13
      ],
      "path": "Fun[13].body.Structured.body.statements[21].kind.Switch.If[2].statements[10].kind.Switch.If[1].statements[11]",
      "id": 1264,
      "keys": [
        "comments_before",
        "id",
        "kind",
        "span"
      ]
    },
    {
      "owner": [
        "Fun",
        13
      ],
      "path": "Fun[13].body.Structured.body.statements[21].kind.Switch.If[2].statements[10].kind.Switch.If[2].statements[0]",
      "id": 1266,
      "keys": [
        "comments_before",
        "id",
        "kind",
        "span"
      ]
    },
    {
      "owner": [
        "Fun",
        13
      ],
      "path": "Fun[13].body.Structured.body.statements[21].kind.Switch.If[2].statements[10].kind.Switch.If[2].statements[1]",
      "id": 1267,
      "keys": [
        "comments_before",
        "id",
        "kind",
        "span"
      ]
    },
    {
      "owner": [
        "Fun",
        13
      ],
      "path": "Fun[13].body.Structured.body.statements[21].kind.Switch.If[2].statements[10].kind.Switch.If[2].statements[2]",
      "id": 1268,
      "keys": [
        "comments_before",
        "id",
        "kind",
        "span"
      ]
    },
    {
      "owner": [
        "Fun",
        13
      ],
      "path": "Fun[13].body.Structured.body.statements[21].kind.Switch.If[2].statements[10].kind.Switch.If[2].statements[3]",
      "id": 1269,
      "keys": [
        "comments_before",
        "id",
        "kind",
        "span"
      ]
    },
    {
      "owner": [
        "Fun",
        13
      ],
      "path": "Fun[13].body.Structured.body.statements[21].kind.Switch.If[2].statements[10].kind.Switch.If[2].statements[4]",
      "id": 1270,
      "keys": [
        "comments_before",
        "id",
        "kind",
        "span"
      ]
    },
    {
      "owner": [
        "Fun",
        13
      ],
      "path": "Fun[13].body.Structured.body.statements[21].kind.Switch.If[2].statements[10].kind.Switch.If[2].statements[5]",
      "id": 1271,
      "keys": [
        "comments_before",
        "id",
        "kind",
        "span"
      ]
    },
    {
      "owner": [
        "Fun",
        13
      ],
      "path": "Fun[13].body.Structured.body.statements[21].kind.Switch.If[2].statements[11]",
      "id": 1274,
      "keys": [
        "comments_before",
        "id",
        "kind",
        "span"
      ]
    },
    {
      "owner": [
        "Fun",
        13
      ],
      "path": "Fun[13].body.Structured.body.statements[21].kind.Switch.If[2].statements[12]",
      "id": 1275,
      "keys": [
        "comments_before",
        "id",
        "kind",
        "span"
      ]
    },
    {
      "owner": [
        "Fun",
        13
      ],
      "path": "Fun[13].body.Structured.body.statements[21].kind.Switch.If[2].statements[13]",
      "id": 1276,
      "keys": [
        "comments_before",
        "id",
        "kind",
        "span"
      ]
    },
    {
      "owner": [
        "Fun",
        13
      ],
      "path": "Fun[13].body.Structured.body.statements[21].kind.Switch.If[2].statements[14]",
      "id": 1277,
      "keys": [
        "comments_before",
        "id",
        "kind",
        "span"
      ]
    },
    {
      "owner": [
        "Fun",
        13
      ],
      "path": "Fun[13].body.Structured.body.statements[21].kind.Switch.If[2].statements[15]",
      "id": 1278,
      "keys": [
        "comments_before",
        "id",
        "kind",
        "span"
      ]
    },
    {
      "owner": [
        "Fun",
        13
      ],
      "path": "Fun[13].body.Structured.body.statements[21].kind.Switch.If[2].statements[16]",
      "id": 1279,
      "keys": [
        "comments_before",
        "id",
        "kind",
        "span"
      ]
    },
    {
      "owner": [
        "Fun",
        13
      ],
      "path": "Fun[13].body.Structured.body.statements[21].kind.Switch.If[2].statements[17]",
      "id": 1280,
      "keys": [
        "comments_before",
        "id",
        "kind",
        "span"
      ]
    },
    {
      "owner": [
        "Fun",
        13
      ],
      "path": "Fun[13].body.Structured.body.statements[22]",
      "id": 1282,
      "keys": [
        "comments_before",
        "id",
        "kind",
        "span"
      ]
    },
    {
      "owner": [
        "Fun",
        13
      ],
      "path": "Fun[13].body.Structured.body.statements[23]",
      "id": 1283,
      "keys": [
        "comments_before",
        "id",
        "kind",
        "span"
      ]
    },
    {
      "owner": [
        "Fun",
        13
      ],
      "path": "Fun[13].body.Structured.body.statements[24]",
      "id": 1284,
      "keys": [
        "comments_before",
        "id",
        "kind",
        "span"
      ]
    },
    {
      "owner": [
        "Fun",
        13
      ],
      "path": "Fun[13].body.Structured.body.statements[25]",
      "id": 1285,
      "keys": [
        "comments_before",
        "id",
        "kind",
        "span"
      ]
    },
    {
      "owner": [
        "Fun",
        13
      ],
      "path": "Fun[13].body.Structured.body.statements[26]",
      "id": 1286,
      "keys": [
        "comments_before",
        "id",
        "kind",
        "span"
      ]
    },
    {
      "owner": [
        "Fun",
        13
      ],
      "path": "Fun[13].body.Structured.body.statements[27]",
      "id": 1287,
      "keys": [
        "comments_before",
        "id",
        "kind",
        "span"
      ]
    },
    {
      "owner": [
        "Fun",
        13
      ],
      "path": "Fun[13].body.Structured.body.statements[28]",
      "id": 1291,
      "keys": [
        "comments_before",
        "id",
        "kind",
        "span"
      ]
    },
    {
      "owner": [
        "Fun",
        13
      ],
      "path": "Fun[13].body.Structured.body.statements[28].kind.Call.on_unwind.statements[0]",
      "id": 1288,
      "keys": [
        "comments_before",
        "id",
        "kind",
        "span"
      ]
    },
    {
      "owner": [
        "Fun",
        13
      ],
      "path": "Fun[13].body.Structured.body.statements[28].kind.Call.on_unwind.statements[1]",
      "id": 1289,
      "keys": [
        "comments_before",
        "id",
        "kind",
        "span"
      ]
    },
    {
      "owner": [
        "Fun",
        13
      ],
      "path": "Fun[13].body.Structured.body.statements[28].kind.Call.on_unwind.statements[2]",
      "id": 1290,
      "keys": [
        "comments_before",
        "id",
        "kind",
        "span"
      ]
    },
    {
      "owner": [
        "Fun",
        13
      ],
      "path": "Fun[13].body.Structured.body.statements[29]",
      "id": 1292,
      "keys": [
        "comments_before",
        "id",
        "kind",
        "span"
      ]
    },
    {
      "owner": [
        "Fun",
        13
      ],
      "path": "Fun[13].body.Structured.body.statements[30]",
      "id": 1293,
      "keys": [
        "comments_before",
        "id",
        "kind",
        "span"
      ]
    },
    {
      "owner": [
        "Fun",
        13
      ],
      "path": "Fun[13].body.Structured.body.statements[31]",
      "id": 1294,
      "keys": [
        "comments_before",
        "id",
        "kind",
        "span"
      ]
    },
    {
      "owner": [
        "Fun",
        13
      ],
      "path": "Fun[13].body.Structured.body.statements[32]",
      "id": 1296,
      "keys": [
        "comments_before",
        "id",
        "kind",
        "span"
      ]
    },
    {
      "owner": [
        "Fun",
        13
      ],
      "path": "Fun[13].body.Structured.body.statements[33]",
      "id": 1297,
      "keys": [
        "comments_before",
        "id",
        "kind",
        "span"
      ]
    },
    {
      "owner": [
        "Fun",
        13
      ],
      "path": "Fun[13].body.Structured.body.statements[34]",
      "id": 1298,
      "keys": [
        "comments_before",
        "id",
        "kind",
        "span"
      ]
    },
    {
      "owner": [
        "Fun",
        13
      ],
      "path": "Fun[13].body.Structured.body.statements[35]",
      "id": 1299,
      "keys": [
        "comments_before",
        "id",
        "kind",
        "span"
      ]
    },
    {
      "owner": [
        "Fun",
        24
      ],
      "path": "Fun[24].body.Structured.body.statements[0]",
      "id": 1753,
      "keys": [
        "comments_before",
        "id",
        "kind",
        "span"
      ]
    },
    {
      "owner": [
        "Fun",
        24
      ],
      "path": "Fun[24].body.Structured.body.statements[1]",
      "id": 1754,
      "keys": [
        "comments_before",
        "id",
        "kind",
        "span"
      ]
    },
    {
      "owner": [
        "Fun",
        24
      ],
      "path": "Fun[24].body.Structured.body.statements[2]",
      "id": 1755,
      "keys": [
        "comments_before",
        "id",
        "kind",
        "span"
      ]
    },
    {
      "owner": [
        "Fun",
        24
      ],
      "path": "Fun[24].body.Structured.body.statements[3]",
      "id": 1756,
      "keys": [
        "comments_before",
        "id",
        "kind",
        "span"
      ]
    },
    {
      "owner": [
        "Fun",
        24
      ],
      "path": "Fun[24].body.Structured.body.statements[4]",
      "id": 1757,
      "keys": [
        "comments_before",
        "id",
        "kind",
        "span"
      ]
    },
    {
      "owner": [
        "Fun",
        24
      ],
      "path": "Fun[24].body.Structured.body.statements[5]",
      "id": 1758,
      "keys": [
        "comments_before",
        "id",
        "kind",
        "span"
      ]
    },
    {
      "owner": [
        "Fun",
        24
      ],
      "path": "Fun[24].body.Structured.body.statements[6]",
      "id": 1759,
      "keys": [
        "comments_before",
        "id",
        "kind",
        "span"
      ]
    },
    {
      "owner": [
        "Fun",
        24
      ],
      "path": "Fun[24].body.Structured.body.statements[7]",
      "id": 1760,
      "keys": [
        "comments_before",
        "id",
        "kind",
        "span"
      ]
    },
    {
      "owner": [
        "Fun",
        24
      ],
      "path": "Fun[24].body.Structured.body.statements[8]",
      "id": 1761,
      "keys": [
        "comments_before",
        "id",
        "kind",
        "span"
      ]
    },
    {
      "owner": [
        "Fun",
        24
      ],
      "path": "Fun[24].body.Structured.body.statements[9]",
      "id": 1762,
      "keys": [
        "comments_before",
        "id",
        "kind",
        "span"
      ]
    },
    {
      "owner": [
        "Fun",
        24
      ],
      "path": "Fun[24].body.Structured.body.statements[10]",
      "id": 1763,
      "keys": [
        "comments_before",
        "id",
        "kind",
        "span"
      ]
    },
    {
      "owner": [
        "Fun",
        24
      ],
      "path": "Fun[24].body.Structured.body.statements[11]",
      "id": 1764,
      "keys": [
        "comments_before",
        "id",
        "kind",
        "span"
      ]
    },
    {
      "owner": [
        "Fun",
        24
      ],
      "path": "Fun[24].body.Structured.body.statements[12]",
      "id": 1765,
      "keys": [
        "comments_before",
        "id",
        "kind",
        "span"
      ]
    },
    {
      "owner": [
        "Fun",
        24
      ],
      "path": "Fun[24].body.Structured.body.statements[13]",
      "id": 1766,
      "keys": [
        "comments_before",
        "id",
        "kind",
        "span"
      ]
    },
    {
      "owner": [
        "Fun",
        24
      ],
      "path": "Fun[24].body.Structured.body.statements[13].kind.Assign[1].BinaryOp[2].Copy.kind.Global",
      "id": 0,
      "keys": [
        "generics",
        "id"
      ]
    },
    {
      "owner": [
        "Fun",
        24
      ],
      "path": "Fun[24].body.Structured.body.statements[14]",
      "id": 1776,
      "keys": [
        "comments_before",
        "id",
        "kind",
        "span"
      ]
    },
    {
      "owner": [
        "Fun",
        24
      ],
      "path": "Fun[24].body.Structured.body.statements[14].kind.Switch.If[1].statements[0]",
      "id": 1767,
      "keys": [
        "comments_before",
        "id",
        "kind",
        "span"
      ]
    },
    {
      "owner": [
        "Fun",
        24
      ],
      "path": "Fun[24].body.Structured.body.statements[14].kind.Switch.If[1].statements[1]",
      "id": 1768,
      "keys": [
        "comments_before",
        "id",
        "kind",
        "span"
      ]
    },
    {
      "owner": [
        "Fun",
        24
      ],
      "path": "Fun[24].body.Structured.body.statements[14].kind.Switch.If[1].statements[2]",
      "id": 1769,
      "keys": [
        "comments_before",
        "id",
        "kind",
        "span"
      ]
    },
    {
      "owner": [
        "Fun",
        24
      ],
      "path": "Fun[24].body.Structured.body.statements[14].kind.Switch.If[1].statements[3]",
      "id": 1770,
      "keys": [
        "comments_before",
        "id",
        "kind",
        "span"
      ]
    },
    {
      "owner": [
        "Fun",
        24
      ],
      "path": "Fun[24].body.Structured.body.statements[14].kind.Switch.If[1].statements[3].kind.Assign[1].BinaryOp[2].Copy.kind.Global",
      "id": 0,
      "keys": [
        "generics",
        "id"
      ]
    },
    {
      "owner": [
        "Fun",
        24
      ],
      "path": "Fun[24].body.Structured.body.statements[14].kind.Switch.If[1].statements[4]",
      "id": 1771,
      "keys": [
        "comments_before",
        "id",
        "kind",
        "span"
      ]
    },
    {
      "owner": [
        "Fun",
        24
      ],
      "path": "Fun[24].body.Structured.body.statements[14].kind.Switch.If[2].statements[0]",
      "id": 1773,
      "keys": [
        "comments_before",
        "id",
        "kind",
        "span"
      ]
    },
    {
      "owner": [
        "Fun",
        24
      ],
      "path": "Fun[24].body.Structured.body.statements[14].kind.Switch.If[2].statements[1]",
      "id": 1774,
      "keys": [
        "comments_before",
        "id",
        "kind",
        "span"
      ]
    },
    {
      "owner": [
        "Fun",
        24
      ],
      "path": "Fun[24].body.Structured.body.statements[15]",
      "id": 1777,
      "keys": [
        "comments_before",
        "id",
        "kind",
        "span"
      ]
    },
    {
      "owner": [
        "Fun",
        24
      ],
      "path": "Fun[24].body.Structured.body.statements[16]",
      "id": 1778,
      "keys": [
        "comments_before",
        "id",
        "kind",
        "span"
      ]
    },
    {
      "owner": [
        "Fun",
        24
      ],
      "path": "Fun[24].body.Structured.body.statements[17]",
      "id": 1779,
      "keys": [
        "comments_before",
        "id",
        "kind",
        "span"
      ]
    },
    {
      "owner": [
        "Fun",
        24
      ],
      "path": "Fun[24].body.Structured.body.statements[18]",
      "id": 1780,
      "keys": [
        "comments_before",
        "id",
        "kind",
        "span"
      ]
    },
    {
      "owner": [
        "Fun",
        24
      ],
      "path": "Fun[24].body.Structured.body.statements[19]",
      "id": 1781,
      "keys": [
        "comments_before",
        "id",
        "kind",
        "span"
      ]
    },
    {
      "owner": [
        "Fun",
        24
      ],
      "path": "Fun[24].body.Structured.body.statements[20]",
      "id": 1782,
      "keys": [
        "comments_before",
        "id",
        "kind",
        "span"
      ]
    },
    {
      "owner": [
        "Fun",
        24
      ],
      "path": "Fun[24].body.Structured.body.statements[21]",
      "id": 1783,
      "keys": [
        "comments_before",
        "id",
        "kind",
        "span"
      ]
    },
    {
      "owner": [
        "Fun",
        12
      ],
      "path": "Fun[12].body.Structured.body.statements[0]",
      "id": 1165,
      "keys": [
        "comments_before",
        "id",
        "kind",
        "span"
      ]
    },
    {
      "owner": [
        "Fun",
        12
      ],
      "path": "Fun[12].body.Structured.body.statements[1]",
      "id": 1166,
      "keys": [
        "comments_before",
        "id",
        "kind",
        "span"
      ]
    },
    {
      "owner": [
        "Fun",
        12
      ],
      "path": "Fun[12].body.Structured.body.statements[2]",
      "id": 1167,
      "keys": [
        "comments_before",
        "id",
        "kind",
        "span"
      ]
    },
    {
      "owner": [
        "Fun",
        12
      ],
      "path": "Fun[12].body.Structured.body.statements[3]",
      "id": 1168,
      "keys": [
        "comments_before",
        "id",
        "kind",
        "span"
      ]
    },
    {
      "owner": [
        "Fun",
        12
      ],
      "path": "Fun[12].body.Structured.body.statements[4]",
      "id": 1169,
      "keys": [
        "comments_before",
        "id",
        "kind",
        "span"
      ]
    },
    {
      "owner": [
        "Fun",
        12
      ],
      "path": "Fun[12].body.Structured.body.statements[5]",
      "id": 1172,
      "keys": [
        "comments_before",
        "id",
        "kind",
        "span"
      ]
    },
    {
      "owner": [
        "Fun",
        12
      ],
      "path": "Fun[12].body.Structured.body.statements[5].kind.Call.on_unwind.statements[0]",
      "id": 1170,
      "keys": [
        "comments_before",
        "id",
        "kind",
        "span"
      ]
    },
    {
      "owner": [
        "Fun",
        12
      ],
      "path": "Fun[12].body.Structured.body.statements[5].kind.Call.on_unwind.statements[1]",
      "id": 1171,
      "keys": [
        "comments_before",
        "id",
        "kind",
        "span"
      ]
    },
    {
      "owner": [
        "Fun",
        12
      ],
      "path": "Fun[12].body.Structured.body.statements[6]",
      "id": 1173,
      "keys": [
        "comments_before",
        "id",
        "kind",
        "span"
      ]
    },
    {
      "owner": [
        "Fun",
        12
      ],
      "path": "Fun[12].body.Structured.body.statements[7]",
      "id": 1174,
      "keys": [
        "comments_before",
        "id",
        "kind",
        "span"
      ]
    },
    {
      "owner": [
        "Fun",
        12
      ],
      "path": "Fun[12].body.Structured.body.statements[8]",
      "id": 1175,
      "keys": [
        "comments_before",
        "id",
        "kind",
        "span"
      ]
    },
    {
      "owner": [
        "Fun",
        12
      ],
      "path": "Fun[12].body.Structured.body.statements[9]",
      "id": 1178,
      "keys": [
        "comments_before",
        "id",
        "kind",
        "span"
      ]
    },
    {
      "owner": [
        "Fun",
        12
      ],
      "path": "Fun[12].body.Structured.body.statements[9].kind.Call.on_unwind.statements[0]",
      "id": 1176,
      "keys": [
        "comments_before",
        "id",
        "kind",
        "span"
      ]
    },
    {
      "owner": [
        "Fun",
        12
      ],
      "path": "Fun[12].body.Structured.body.statements[9].kind.Call.on_unwind.statements[1]",
      "id": 1177,
      "keys": [
        "comments_before",
        "id",
        "kind",
        "span"
      ]
    },
    {
      "owner": [
        "Fun",
        12
      ],
      "path": "Fun[12].body.Structured.body.statements[10]",
      "id": 1179,
      "keys": [
        "comments_before",
        "id",
        "kind",
        "span"
      ]
    },
    {
      "owner": [
        "Fun",
        12
      ],
      "path": "Fun[12].body.Structured.body.statements[11]",
      "id": 1180,
      "keys": [
        "comments_before",
        "id",
        "kind",
        "span"
      ]
    },
    {
      "owner": [
        "Fun",
        12
      ],
      "path": "Fun[12].body.Structured.body.statements[12]",
      "id": 1181,
      "keys": [
        "comments_before",
        "id",
        "kind",
        "span"
      ]
    },
    {
      "owner": [
        "Fun",
        12
      ],
      "path": "Fun[12].body.Structured.body.statements[13]",
      "id": 1182,
      "keys": [
        "comments_before",
        "id",
        "kind",
        "span"
      ]
    },
    {
      "owner": [
        "Fun",
        12
      ],
      "path": "Fun[12].body.Structured.body.statements[14]",
      "id": 1183,
      "keys": [
        "comments_before",
        "id",
        "kind",
        "span"
      ]
    },
    {
      "owner": [
        "Fun",
        12
      ],
      "path": "Fun[12].body.Structured.body.statements[15]",
      "id": 1184,
      "keys": [
        "comments_before",
        "id",
        "kind",
        "span"
      ]
    },
    {
      "owner": [
        "Fun",
        12
      ],
      "path": "Fun[12].body.Structured.body.statements[16]",
      "id": 1185,
      "keys": [
        "comments_before",
        "id",
        "kind",
        "span"
      ]
    },
    {
      "owner": [
        "Fun",
        12
      ],
      "path": "Fun[12].body.Structured.body.statements[17]",
      "id": 1186,
      "keys": [
        "comments_before",
        "id",
        "kind",
        "span"
      ]
    },
    {
      "owner": [
        "Fun",
        12
      ],
      "path": "Fun[12].body.Structured.body.statements[18]",
      "id": 1189,
      "keys": [
        "comments_before",
        "id",
        "kind",
        "span"
      ]
    },
    {
      "owner": [
        "Fun",
        12
      ],
      "path": "Fun[12].body.Structured.body.statements[18].kind.Call.on_unwind.statements[0]",
      "id": 1187,
      "keys": [
        "comments_before",
        "id",
        "kind",
        "span"
      ]
    },
    {
      "owner": [
        "Fun",
        12
      ],
      "path": "Fun[12].body.Structured.body.statements[18].kind.Call.on_unwind.statements[1]",
      "id": 1188,
      "keys": [
        "comments_before",
        "id",
        "kind",
        "span"
      ]
    },
    {
      "owner": [
        "Fun",
        12
      ],
      "path": "Fun[12].body.Structured.body.statements[19]",
      "id": 1190,
      "keys": [
        "comments_before",
        "id",
        "kind",
        "span"
      ]
    },
    {
      "owner": [
        "Fun",
        12
      ],
      "path": "Fun[12].body.Structured.body.statements[20]",
      "id": 1193,
      "keys": [
        "comments_before",
        "id",
        "kind",
        "span"
      ]
    },
    {
      "owner": [
        "Fun",
        12
      ],
      "path": "Fun[12].body.Structured.body.statements[20].kind.Call.on_unwind.statements[0]",
      "id": 1191,
      "keys": [
        "comments_before",
        "id",
        "kind",
        "span"
      ]
    },
    {
      "owner": [
        "Fun",
        12
      ],
      "path": "Fun[12].body.Structured.body.statements[20].kind.Call.on_unwind.statements[1]",
      "id": 1192,
      "keys": [
        "comments_before",
        "id",
        "kind",
        "span"
      ]
    },
    {
      "owner": [
        "Fun",
        12
      ],
      "path": "Fun[12].body.Structured.body.statements[21]",
      "id": 1194,
      "keys": [
        "comments_before",
        "id",
        "kind",
        "span"
      ]
    },
    {
      "owner": [
        "Fun",
        12
      ],
      "path": "Fun[12].body.Structured.body.statements[22]",
      "id": 1195,
      "keys": [
        "comments_before",
        "id",
        "kind",
        "span"
      ]
    },
    {
      "owner": [
        "Fun",
        12
      ],
      "path": "Fun[12].body.Structured.body.statements[23]",
      "id": 1198,
      "keys": [
        "comments_before",
        "id",
        "kind",
        "span"
      ]
    },
    {
      "owner": [
        "Fun",
        12
      ],
      "path": "Fun[12].body.Structured.body.statements[23].kind.Call.on_unwind.statements[0]",
      "id": 1196,
      "keys": [
        "comments_before",
        "id",
        "kind",
        "span"
      ]
    },
    {
      "owner": [
        "Fun",
        12
      ],
      "path": "Fun[12].body.Structured.body.statements[23].kind.Call.on_unwind.statements[1]",
      "id": 1197,
      "keys": [
        "comments_before",
        "id",
        "kind",
        "span"
      ]
    },
    {
      "owner": [
        "Fun",
        12
      ],
      "path": "Fun[12].body.Structured.body.statements[24]",
      "id": 1199,
      "keys": [
        "comments_before",
        "id",
        "kind",
        "span"
      ]
    },
    {
      "owner": [
        "Fun",
        12
      ],
      "path": "Fun[12].body.Structured.body.statements[25]",
      "id": 1200,
      "keys": [
        "comments_before",
        "id",
        "kind",
        "span"
      ]
    },
    {
      "owner": [
        "Fun",
        12
      ],
      "path": "Fun[12].body.Structured.body.statements[26]",
      "id": 1201,
      "keys": [
        "comments_before",
        "id",
        "kind",
        "span"
      ]
    },
    {
      "owner": [
        "Fun",
        12
      ],
      "path": "Fun[12].body.Structured.body.statements[27]",
      "id": 1202,
      "keys": [
        "comments_before",
        "id",
        "kind",
        "span"
      ]
    },
    {
      "owner": [
        "Fun",
        23
      ],
      "path": "Fun[23].body.Structured.body.statements[0]",
      "id": 1742,
      "keys": [
        "comments_before",
        "id",
        "kind",
        "span"
      ]
    },
    {
      "owner": [
        "Fun",
        23
      ],
      "path": "Fun[23].body.Structured.body.statements[1]",
      "id": 1743,
      "keys": [
        "comments_before",
        "id",
        "kind",
        "span"
      ]
    },
    {
      "owner": [
        "Fun",
        23
      ],
      "path": "Fun[23].body.Structured.body.statements[2]",
      "id": 1744,
      "keys": [
        "comments_before",
        "id",
        "kind",
        "span"
      ]
    },
    {
      "owner": [
        "Fun",
        23
      ],
      "path": "Fun[23].body.Structured.body.statements[3]",
      "id": 1745,
      "keys": [
        "comments_before",
        "id",
        "kind",
        "span"
      ]
    },
    {
      "owner": [
        "Fun",
        23
      ],
      "path": "Fun[23].body.Structured.body.statements[4]",
      "id": 1746,
      "keys": [
        "comments_before",
        "id",
        "kind",
        "span"
      ]
    },
    {
      "owner": [
        "Fun",
        23
      ],
      "path": "Fun[23].body.Structured.body.statements[5]",
      "id": 1747,
      "keys": [
        "comments_before",
        "id",
        "kind",
        "span"
      ]
    },
    {
      "owner": [
        "Fun",
        23
      ],
      "path": "Fun[23].body.Structured.body.statements[6]",
      "id": 1748,
      "keys": [
        "comments_before",
        "id",
        "kind",
        "span"
      ]
    },
    {
      "owner": [
        "Fun",
        23
      ],
      "path": "Fun[23].body.Structured.body.statements[7]",
      "id": 1749,
      "keys": [
        "comments_before",
        "id",
        "kind",
        "span"
      ]
    },
    {
      "owner": [
        "Fun",
        23
      ],
      "path": "Fun[23].body.Structured.body.statements[8]",
      "id": 1750,
      "keys": [
        "comments_before",
        "id",
        "kind",
        "span"
      ]
    },
    {
      "owner": [
        "Fun",
        23
      ],
      "path": "Fun[23].body.Structured.body.statements[9]",
      "id": 1751,
      "keys": [
        "comments_before",
        "id",
        "kind",
        "span"
      ]
    },
    {
      "owner": [
        "Fun",
        23
      ],
      "path": "Fun[23].body.Structured.body.statements[10]",
      "id": 1752,
      "keys": [
        "comments_before",
        "id",
        "kind",
        "span"
      ]
    },
    {
      "owner": [
        "Fun",
        5
      ],
      "path": "Fun[5].body.Structured.body.statements[0]",
      "id": 825,
      "keys": [
        "comments_before",
        "id",
        "kind",
        "span"
      ]
    },
    {
      "owner": [
        "Fun",
        5
      ],
      "path": "Fun[5].body.Structured.body.statements[1]",
      "id": 826,
      "keys": [
        "comments_before",
        "id",
        "kind",
        "span"
      ]
    },
    {
      "owner": [
        "Fun",
        5
      ],
      "path": "Fun[5].body.Structured.body.statements[2]",
      "id": 827,
      "keys": [
        "comments_before",
        "id",
        "kind",
        "span"
      ]
    },
    {
      "owner": [
        "Fun",
        5
      ],
      "path": "Fun[5].body.Structured.body.statements[3]",
      "id": 828,
      "keys": [
        "comments_before",
        "id",
        "kind",
        "span"
      ]
    },
    {
      "owner": [
        "Fun",
        5
      ],
      "path": "Fun[5].body.Structured.body.statements[4]",
      "id": 829,
      "keys": [
        "comments_before",
        "id",
        "kind",
        "span"
      ]
    },
    {
      "owner": [
        "Fun",
        5
      ],
      "path": "Fun[5].body.Structured.body.statements[5]",
      "id": 830,
      "keys": [
        "comments_before",
        "id",
        "kind",
        "span"
      ]
    },
    {
      "owner": [
        "Fun",
        5
      ],
      "path": "Fun[5].body.Structured.body.statements[6]",
      "id": 834,
      "keys": [
        "comments_before",
        "id",
        "kind",
        "span"
      ]
    },
    {
      "owner": [
        "Fun",
        5
      ],
      "path": "Fun[5].body.Structured.body.statements[6].kind.Call.on_unwind.statements[0]",
      "id": 831,
      "keys": [
        "comments_before",
        "id",
        "kind",
        "span"
      ]
    },
    {
      "owner": [
        "Fun",
        5
      ],
      "path": "Fun[5].body.Structured.body.statements[6].kind.Call.on_unwind.statements[1]",
      "id": 832,
      "keys": [
        "comments_before",
        "id",
        "kind",
        "span"
      ]
    },
    {
      "owner": [
        "Fun",
        5
      ],
      "path": "Fun[5].body.Structured.body.statements[6].kind.Call.on_unwind.statements[2]",
      "id": 833,
      "keys": [
        "comments_before",
        "id",
        "kind",
        "span"
      ]
    },
    {
      "owner": [
        "Fun",
        5
      ],
      "path": "Fun[5].body.Structured.body.statements[7]",
      "id": 835,
      "keys": [
        "comments_before",
        "id",
        "kind",
        "span"
      ]
    },
    {
      "owner": [
        "Fun",
        5
      ],
      "path": "Fun[5].body.Structured.body.statements[8]",
      "id": 836,
      "keys": [
        "comments_before",
        "id",
        "kind",
        "span"
      ]
    },
    {
      "owner": [
        "Fun",
        5
      ],
      "path": "Fun[5].body.Structured.body.statements[9]",
      "id": 837,
      "keys": [
        "comments_before",
        "id",
        "kind",
        "span"
      ]
    },
    {
      "owner": [
        "Fun",
        5
      ],
      "path": "Fun[5].body.Structured.body.statements[10]",
      "id": 838,
      "keys": [
        "comments_before",
        "id",
        "kind",
        "span"
      ]
    },
    {
      "owner": [
        "Fun",
        5
      ],
      "path": "Fun[5].body.Structured.body.statements[11]",
      "id": 839,
      "keys": [
        "comments_before",
        "id",
        "kind",
        "span"
      ]
    },
    {
      "owner": [
        "Fun",
        5
      ],
      "path": "Fun[5].body.Structured.body.statements[12]",
      "id": 840,
      "keys": [
        "comments_before",
        "id",
        "kind",
        "span"
      ]
    },
    {
      "owner": [
        "Fun",
        5
      ],
      "path": "Fun[5].body.Structured.body.statements[13]",
      "id": 841,
      "keys": [
        "comments_before",
        "id",
        "kind",
        "span"
      ]
    },
    {
      "owner": [
        "Fun",
        5
      ],
      "path": "Fun[5].body.Structured.body.statements[14]",
      "id": 845,
      "keys": [
        "comments_before",
        "id",
        "kind",
        "span"
      ]
    },
    {
      "owner": [
        "Fun",
        5
      ],
      "path": "Fun[5].body.Structured.body.statements[14].kind.Call.on_unwind.statements[0]",
      "id": 842,
      "keys": [
        "comments_before",
        "id",
        "kind",
        "span"
      ]
    },
    {
      "owner": [
        "Fun",
        5
      ],
      "path": "Fun[5].body.Structured.body.statements[14].kind.Call.on_unwind.statements[1]",
      "id": 843,
      "keys": [
        "comments_before",
        "id",
        "kind",
        "span"
      ]
    },
    {
      "owner": [
        "Fun",
        5
      ],
      "path": "Fun[5].body.Structured.body.statements[14].kind.Call.on_unwind.statements[2]",
      "id": 844,
      "keys": [
        "comments_before",
        "id",
        "kind",
        "span"
      ]
    },
    {
      "owner": [
        "Fun",
        5
      ],
      "path": "Fun[5].body.Structured.body.statements[15]",
      "id": 846,
      "keys": [
        "comments_before",
        "id",
        "kind",
        "span"
      ]
    },
    {
      "owner": [
        "Fun",
        5
      ],
      "path": "Fun[5].body.Structured.body.statements[16]",
      "id": 847,
      "keys": [
        "comments_before",
        "id",
        "kind",
        "span"
      ]
    },
    {
      "owner": [
        "Fun",
        5
      ],
      "path": "Fun[5].body.Structured.body.statements[17]",
      "id": 848,
      "keys": [
        "comments_before",
        "id",
        "kind",
        "span"
      ]
    },
    {
      "owner": [
        "Fun",
        5
      ],
      "path": "Fun[5].body.Structured.body.statements[18]",
      "id": 849,
      "keys": [
        "comments_before",
        "id",
        "kind",
        "span"
      ]
    },
    {
      "owner": [
        "Fun",
        5
      ],
      "path": "Fun[5].body.Structured.body.statements[19]",
      "id": 850,
      "keys": [
        "comments_before",
        "id",
        "kind",
        "span"
      ]
    },
    {
      "owner": [
        "Fun",
        5
      ],
      "path": "Fun[5].body.Structured.body.statements[20]",
      "id": 851,
      "keys": [
        "comments_before",
        "id",
        "kind",
        "span"
      ]
    },
    {
      "owner": [
        "Fun",
        5
      ],
      "path": "Fun[5].body.Structured.body.statements[21]",
      "id": 852,
      "keys": [
        "comments_before",
        "id",
        "kind",
        "span"
      ]
    },
    {
      "owner": [
        "Fun",
        5
      ],
      "path": "Fun[5].body.Structured.body.statements[22]",
      "id": 853,
      "keys": [
        "comments_before",
        "id",
        "kind",
        "span"
      ]
    },
    {
      "owner": [
        "Fun",
        7
      ],
      "path": "Fun[7].body.Structured.body.statements[0]",
      "id": 883,
      "keys": [
        "comments_before",
        "id",
        "kind",
        "span"
      ]
    },
    {
      "owner": [
        "Fun",
        7
      ],
      "path": "Fun[7].body.Structured.body.statements[1]",
      "id": 884,
      "keys": [
        "comments_before",
        "id",
        "kind",
        "span"
      ]
    },
    {
      "owner": [
        "Fun",
        7
      ],
      "path": "Fun[7].body.Structured.body.statements[2]",
      "id": 885,
      "keys": [
        "comments_before",
        "id",
        "kind",
        "span"
      ]
    },
    {
      "owner": [
        "Fun",
        7
      ],
      "path": "Fun[7].body.Structured.body.statements[3]",
      "id": 886,
      "keys": [
        "comments_before",
        "id",
        "kind",
        "span"
      ]
    },
    {
      "owner": [
        "Fun",
        7
      ],
      "path": "Fun[7].body.Structured.body.statements[4]",
      "id": 887,
      "keys": [
        "comments_before",
        "id",
        "kind",
        "span"
      ]
    },
    {
      "owner": [
        "Fun",
        7
      ],
      "path": "Fun[7].body.Structured.body.statements[5]",
      "id": 888,
      "keys": [
        "comments_before",
        "id",
        "kind",
        "span"
      ]
    },
    {
      "owner": [
        "Fun",
        7
      ],
      "path": "Fun[7].body.Structured.body.statements[6]",
      "id": 889,
      "keys": [
        "comments_before",
        "id",
        "kind",
        "span"
      ]
    },
    {
      "owner": [
        "Fun",
        7
      ],
      "path": "Fun[7].body.Structured.body.statements[7]",
      "id": 893,
      "keys": [
        "comments_before",
        "id",
        "kind",
        "span"
      ]
    },
    {
      "owner": [
        "Fun",
        7
      ],
      "path": "Fun[7].body.Structured.body.statements[7].kind.Call.on_unwind.statements[0]",
      "id": 890,
      "keys": [
        "comments_before",
        "id",
        "kind",
        "span"
      ]
    },
    {
      "owner": [
        "Fun",
        7
      ],
      "path": "Fun[7].body.Structured.body.statements[7].kind.Call.on_unwind.statements[1]",
      "id": 891,
      "keys": [
        "comments_before",
        "id",
        "kind",
        "span"
      ]
    },
    {
      "owner": [
        "Fun",
        7
      ],
      "path": "Fun[7].body.Structured.body.statements[7].kind.Call.on_unwind.statements[2]",
      "id": 892,
      "keys": [
        "comments_before",
        "id",
        "kind",
        "span"
      ]
    },
    {
      "owner": [
        "Fun",
        7
      ],
      "path": "Fun[7].body.Structured.body.statements[8]",
      "id": 894,
      "keys": [
        "comments_before",
        "id",
        "kind",
        "span"
      ]
    },
    {
      "owner": [
        "Fun",
        7
      ],
      "path": "Fun[7].body.Structured.body.statements[9]",
      "id": 895,
      "keys": [
        "comments_before",
        "id",
        "kind",
        "span"
      ]
    },
    {
      "owner": [
        "Fun",
        7
      ],
      "path": "Fun[7].body.Structured.body.statements[10]",
      "id": 896,
      "keys": [
        "comments_before",
        "id",
        "kind",
        "span"
      ]
    },
    {
      "owner": [
        "Fun",
        7
      ],
      "path": "Fun[7].body.Structured.body.statements[11]",
      "id": 897,
      "keys": [
        "comments_before",
        "id",
        "kind",
        "span"
      ]
    },
    {
      "owner": [
        "Fun",
        7
      ],
      "path": "Fun[7].body.Structured.body.statements[12]",
      "id": 898,
      "keys": [
        "comments_before",
        "id",
        "kind",
        "span"
      ]
    },
    {
      "owner": [
        "Fun",
        7
      ],
      "path": "Fun[7].body.Structured.body.statements[13]",
      "id": 899,
      "keys": [
        "comments_before",
        "id",
        "kind",
        "span"
      ]
    },
    {
      "owner": [
        "Fun",
        7
      ],
      "path": "Fun[7].body.Structured.body.statements[14]",
      "id": 900,
      "keys": [
        "comments_before",
        "id",
        "kind",
        "span"
      ]
    },
    {
      "owner": [
        "Fun",
        7
      ],
      "path": "Fun[7].body.Structured.body.statements[15]",
      "id": 901,
      "keys": [
        "comments_before",
        "id",
        "kind",
        "span"
      ]
    },
    {
      "owner": [
        "Fun",
        7
      ],
      "path": "Fun[7].body.Structured.body.statements[16]",
      "id": 905,
      "keys": [
        "comments_before",
        "id",
        "kind",
        "span"
      ]
    },
    {
      "owner": [
        "Fun",
        7
      ],
      "path": "Fun[7].body.Structured.body.statements[16].kind.Call.on_unwind.statements[0]",
      "id": 902,
      "keys": [
        "comments_before",
        "id",
        "kind",
        "span"
      ]
    },
    {
      "owner": [
        "Fun",
        7
      ],
      "path": "Fun[7].body.Structured.body.statements[16].kind.Call.on_unwind.statements[1]",
      "id": 903,
      "keys": [
        "comments_before",
        "id",
        "kind",
        "span"
      ]
    },
    {
      "owner": [
        "Fun",
        7
      ],
      "path": "Fun[7].body.Structured.body.statements[16].kind.Call.on_unwind.statements[2]",
      "id": 904,
      "keys": [
        "comments_before",
        "id",
        "kind",
        "span"
      ]
    },
    {
      "owner": [
        "Fun",
        7
      ],
      "path": "Fun[7].body.Structured.body.statements[17]",
      "id": 906,
      "keys": [
        "comments_before",
        "id",
        "kind",
        "span"
      ]
    },
    {
      "owner": [
        "Fun",
        7
      ],
      "path": "Fun[7].body.Structured.body.statements[18]",
      "id": 907,
      "keys": [
        "comments_before",
        "id",
        "kind",
        "span"
      ]
    },
    {
      "owner": [
        "Fun",
        7
      ],
      "path": "Fun[7].body.Structured.body.statements[19]",
      "id": 911,
      "keys": [
        "comments_before",
        "id",
        "kind",
        "span"
      ]
    },
    {
      "owner": [
        "Fun",
        7
      ],
      "path": "Fun[7].body.Structured.body.statements[19].kind.Call.on_unwind.statements[0]",
      "id": 908,
      "keys": [
        "comments_before",
        "id",
        "kind",
        "span"
      ]
    },
    {
      "owner": [
        "Fun",
        7
      ],
      "path": "Fun[7].body.Structured.body.statements[19].kind.Call.on_unwind.statements[1]",
      "id": 909,
      "keys": [
        "comments_before",
        "id",
        "kind",
        "span"
      ]
    },
    {
      "owner": [
        "Fun",
        7
      ],
      "path": "Fun[7].body.Structured.body.statements[19].kind.Call.on_unwind.statements[2]",
      "id": 910,
      "keys": [
        "comments_before",
        "id",
        "kind",
        "span"
      ]
    },
    {
      "owner": [
        "Fun",
        7
      ],
      "path": "Fun[7].body.Structured.body.statements[20]",
      "id": 912,
      "keys": [
        "comments_before",
        "id",
        "kind",
        "span"
      ]
    },
    {
      "owner": [
        "Fun",
        7
      ],
      "path": "Fun[7].body.Structured.body.statements[21]",
      "id": 916,
      "keys": [
        "comments_before",
        "id",
        "kind",
        "span"
      ]
    },
    {
      "owner": [
        "Fun",
        7
      ],
      "path": "Fun[7].body.Structured.body.statements[21].kind.Call.on_unwind.statements[0]",
      "id": 913,
      "keys": [
        "comments_before",
        "id",
        "kind",
        "span"
      ]
    },
    {
      "owner": [
        "Fun",
        7
      ],
      "path": "Fun[7].body.Structured.body.statements[21].kind.Call.on_unwind.statements[1]",
      "id": 914,
      "keys": [
        "comments_before",
        "id",
        "kind",
        "span"
      ]
    },
    {
      "owner": [
        "Fun",
        7
      ],
      "path": "Fun[7].body.Structured.body.statements[21].kind.Call.on_unwind.statements[2]",
      "id": 915,
      "keys": [
        "comments_before",
        "id",
        "kind",
        "span"
      ]
    },
    {
      "owner": [
        "Fun",
        7
      ],
      "path": "Fun[7].body.Structured.body.statements[22]",
      "id": 917,
      "keys": [
        "comments_before",
        "id",
        "kind",
        "span"
      ]
    },
    {
      "owner": [
        "Fun",
        7
      ],
      "path": "Fun[7].body.Structured.body.statements[23]",
      "id": 918,
      "keys": [
        "comments_before",
        "id",
        "kind",
        "span"
      ]
    },
    {
      "owner": [
        "Fun",
        7
      ],
      "path": "Fun[7].body.Structured.body.statements[24]",
      "id": 922,
      "keys": [
        "comments_before",
        "id",
        "kind",
        "span"
      ]
    },
    {
      "owner": [
        "Fun",
        7
      ],
      "path": "Fun[7].body.Structured.body.statements[24].kind.Call.on_unwind.statements[0]",
      "id": 919,
      "keys": [
        "comments_before",
        "id",
        "kind",
        "span"
      ]
    },
    {
      "owner": [
        "Fun",
        7
      ],
      "path": "Fun[7].body.Structured.body.statements[24].kind.Call.on_unwind.statements[1]",
      "id": 920,
      "keys": [
        "comments_before",
        "id",
        "kind",
        "span"
      ]
    },
    {
      "owner": [
        "Fun",
        7
      ],
      "path": "Fun[7].body.Structured.body.statements[24].kind.Call.on_unwind.statements[2]",
      "id": 921,
      "keys": [
        "comments_before",
        "id",
        "kind",
        "span"
      ]
    },
    {
      "owner": [
        "Fun",
        7
      ],
      "path": "Fun[7].body.Structured.body.statements[25]",
      "id": 923,
      "keys": [
        "comments_before",
        "id",
        "kind",
        "span"
      ]
    },
    {
      "owner": [
        "Fun",
        7
      ],
      "path": "Fun[7].body.Structured.body.statements[26]",
      "id": 924,
      "keys": [
        "comments_before",
        "id",
        "kind",
        "span"
      ]
    },
    {
      "owner": [
        "Fun",
        7
      ],
      "path": "Fun[7].body.Structured.body.statements[27]",
      "id": 925,
      "keys": [
        "comments_before",
        "id",
        "kind",
        "span"
      ]
    },
    {
      "owner": [
        "Fun",
        7
      ],
      "path": "Fun[7].body.Structured.body.statements[28]",
      "id": 926,
      "keys": [
        "comments_before",
        "id",
        "kind",
        "span"
      ]
    },
    {
      "owner": [
        "Fun",
        15
      ],
      "path": "Fun[15].body.Structured.body.statements[0]",
      "id": 1430,
      "keys": [
        "comments_before",
        "id",
        "kind",
        "span"
      ]
    },
    {
      "owner": [
        "Fun",
        15
      ],
      "path": "Fun[15].body.Structured.body.statements[1]",
      "id": 1431,
      "keys": [
        "comments_before",
        "id",
        "kind",
        "span"
      ]
    },
    {
      "owner": [
        "Fun",
        15
      ],
      "path": "Fun[15].body.Structured.body.statements[2]",
      "id": 1432,
      "keys": [
        "comments_before",
        "id",
        "kind",
        "span"
      ]
    },
    {
      "owner": [
        "Fun",
        15
      ],
      "path": "Fun[15].body.Structured.body.statements[3]",
      "id": 1433,
      "keys": [
        "comments_before",
        "id",
        "kind",
        "span"
      ]
    },
    {
      "owner": [
        "Fun",
        15
      ],
      "path": "Fun[15].body.Structured.body.statements[4]",
      "id": 1434,
      "keys": [
        "comments_before",
        "id",
        "kind",
        "span"
      ]
    },
    {
      "owner": [
        "Fun",
        15
      ],
      "path": "Fun[15].body.Structured.body.statements[5]",
      "id": 1435,
      "keys": [
        "comments_before",
        "id",
        "kind",
        "span"
      ]
    },
    {
      "owner": [
        "Fun",
        15
      ],
      "path": "Fun[15].body.Structured.body.statements[6]",
      "id": 1439,
      "keys": [
        "comments_before",
        "id",
        "kind",
        "span"
      ]
    },
    {
      "owner": [
        "Fun",
        15
      ],
      "path": "Fun[15].body.Structured.body.statements[6].kind.Call.on_unwind.statements[0]",
      "id": 1436,
      "keys": [
        "comments_before",
        "id",
        "kind",
        "span"
      ]
    },
    {
      "owner": [
        "Fun",
        15
      ],
      "path": "Fun[15].body.Structured.body.statements[6].kind.Call.on_unwind.statements[1]",
      "id": 1437,
      "keys": [
        "comments_before",
        "id",
        "kind",
        "span"
      ]
    },
    {
      "owner": [
        "Fun",
        15
      ],
      "path": "Fun[15].body.Structured.body.statements[6].kind.Call.on_unwind.statements[2]",
      "id": 1438,
      "keys": [
        "comments_before",
        "id",
        "kind",
        "span"
      ]
    },
    {
      "owner": [
        "Fun",
        15
      ],
      "path": "Fun[15].body.Structured.body.statements[7]",
      "id": 1440,
      "keys": [
        "comments_before",
        "id",
        "kind",
        "span"
      ]
    },
    {
      "owner": [
        "Fun",
        15
      ],
      "path": "Fun[15].body.Structured.body.statements[8]",
      "id": 1441,
      "keys": [
        "comments_before",
        "id",
        "kind",
        "span"
      ]
    },
    {
      "owner": [
        "Fun",
        15
      ],
      "path": "Fun[15].body.Structured.body.statements[9]",
      "id": 1442,
      "keys": [
        "comments_before",
        "id",
        "kind",
        "span"
      ]
    },
    {
      "owner": [
        "Fun",
        15
      ],
      "path": "Fun[15].body.Structured.body.statements[10]",
      "id": 1443,
      "keys": [
        "comments_before",
        "id",
        "kind",
        "span"
      ]
    },
    {
      "owner": [
        "Fun",
        15
      ],
      "path": "Fun[15].body.Structured.body.statements[11]",
      "id": 1444,
      "keys": [
        "comments_before",
        "id",
        "kind",
        "span"
      ]
    },
    {
      "owner": [
        "Fun",
        15
      ],
      "path": "Fun[15].body.Structured.body.statements[12]",
      "id": 1445,
      "keys": [
        "comments_before",
        "id",
        "kind",
        "span"
      ]
    },
    {
      "owner": [
        "Fun",
        15
      ],
      "path": "Fun[15].body.Structured.body.statements[13]",
      "id": 1446,
      "keys": [
        "comments_before",
        "id",
        "kind",
        "span"
      ]
    },
    {
      "owner": [
        "Fun",
        15
      ],
      "path": "Fun[15].body.Structured.body.statements[14]",
      "id": 1450,
      "keys": [
        "comments_before",
        "id",
        "kind",
        "span"
      ]
    },
    {
      "owner": [
        "Fun",
        15
      ],
      "path": "Fun[15].body.Structured.body.statements[14].kind.Call.on_unwind.statements[0]",
      "id": 1447,
      "keys": [
        "comments_before",
        "id",
        "kind",
        "span"
      ]
    },
    {
      "owner": [
        "Fun",
        15
      ],
      "path": "Fun[15].body.Structured.body.statements[14].kind.Call.on_unwind.statements[1]",
      "id": 1448,
      "keys": [
        "comments_before",
        "id",
        "kind",
        "span"
      ]
    },
    {
      "owner": [
        "Fun",
        15
      ],
      "path": "Fun[15].body.Structured.body.statements[14].kind.Call.on_unwind.statements[2]",
      "id": 1449,
      "keys": [
        "comments_before",
        "id",
        "kind",
        "span"
      ]
    },
    {
      "owner": [
        "Fun",
        15
      ],
      "path": "Fun[15].body.Structured.body.statements[15]",
      "id": 1451,
      "keys": [
        "comments_before",
        "id",
        "kind",
        "span"
      ]
    },
    {
      "owner": [
        "Fun",
        15
      ],
      "path": "Fun[15].body.Structured.body.statements[16]",
      "id": 1452,
      "keys": [
        "comments_before",
        "id",
        "kind",
        "span"
      ]
    },
    {
      "owner": [
        "Fun",
        15
      ],
      "path": "Fun[15].body.Structured.body.statements[17]",
      "id": 1453,
      "keys": [
        "comments_before",
        "id",
        "kind",
        "span"
      ]
    },
    {
      "owner": [
        "Fun",
        15
      ],
      "path": "Fun[15].body.Structured.body.statements[18]",
      "id": 1454,
      "keys": [
        "comments_before",
        "id",
        "kind",
        "span"
      ]
    },
    {
      "owner": [
        "Fun",
        15
      ],
      "path": "Fun[15].body.Structured.body.statements[19]",
      "id": 1455,
      "keys": [
        "comments_before",
        "id",
        "kind",
        "span"
      ]
    },
    {
      "owner": [
        "Fun",
        15
      ],
      "path": "Fun[15].body.Structured.body.statements[20]",
      "id": 1456,
      "keys": [
        "comments_before",
        "id",
        "kind",
        "span"
      ]
    },
    {
      "owner": [
        "Fun",
        15
      ],
      "path": "Fun[15].body.Structured.body.statements[21]",
      "id": 1457,
      "keys": [
        "comments_before",
        "id",
        "kind",
        "span"
      ]
    },
    {
      "owner": [
        "Fun",
        15
      ],
      "path": "Fun[15].body.Structured.body.statements[22]",
      "id": 1458,
      "keys": [
        "comments_before",
        "id",
        "kind",
        "span"
      ]
    },
    {
      "owner": [
        "Fun",
        15
      ],
      "path": "Fun[15].body.Structured.body.statements[23]",
      "id": 1462,
      "keys": [
        "comments_before",
        "id",
        "kind",
        "span"
      ]
    },
    {
      "owner": [
        "Fun",
        15
      ],
      "path": "Fun[15].body.Structured.body.statements[23].kind.Call.on_unwind.statements[0]",
      "id": 1459,
      "keys": [
        "comments_before",
        "id",
        "kind",
        "span"
      ]
    },
    {
      "owner": [
        "Fun",
        15
      ],
      "path": "Fun[15].body.Structured.body.statements[23].kind.Call.on_unwind.statements[1]",
      "id": 1460,
      "keys": [
        "comments_before",
        "id",
        "kind",
        "span"
      ]
    },
    {
      "owner": [
        "Fun",
        15
      ],
      "path": "Fun[15].body.Structured.body.statements[23].kind.Call.on_unwind.statements[2]",
      "id": 1461,
      "keys": [
        "comments_before",
        "id",
        "kind",
        "span"
      ]
    },
    {
      "owner": [
        "Fun",
        15
      ],
      "path": "Fun[15].body.Structured.body.statements[24]",
      "id": 1463,
      "keys": [
        "comments_before",
        "id",
        "kind",
        "span"
      ]
    },
    {
      "owner": [
        "Fun",
        15
      ],
      "path": "Fun[15].body.Structured.body.statements[25]",
      "id": 1464,
      "keys": [
        "comments_before",
        "id",
        "kind",
        "span"
      ]
    },
    {
      "owner": [
        "Fun",
        15
      ],
      "path": "Fun[15].body.Structured.body.statements[26]",
      "id": 1465,
      "keys": [
        "comments_before",
        "id",
        "kind",
        "span"
      ]
    },
    {
      "owner": [
        "Fun",
        15
      ],
      "path": "Fun[15].body.Structured.body.statements[27]",
      "id": 1466,
      "keys": [
        "comments_before",
        "id",
        "kind",
        "span"
      ]
    },
    {
      "owner": [
        "Fun",
        15
      ],
      "path": "Fun[15].body.Structured.body.statements[28]",
      "id": 1470,
      "keys": [
        "comments_before",
        "id",
        "kind",
        "span"
      ]
    },
    {
      "owner": [
        "Fun",
        15
      ],
      "path": "Fun[15].body.Structured.body.statements[28].kind.Call.on_unwind.statements[0]",
      "id": 1467,
      "keys": [
        "comments_before",
        "id",
        "kind",
        "span"
      ]
    },
    {
      "owner": [
        "Fun",
        15
      ],
      "path": "Fun[15].body.Structured.body.statements[28].kind.Call.on_unwind.statements[1]",
      "id": 1468,
      "keys": [
        "comments_before",
        "id",
        "kind",
        "span"
      ]
    },
    {
      "owner": [
        "Fun",
        15
      ],
      "path": "Fun[15].body.Structured.body.statements[28].kind.Call.on_unwind.statements[2]",
      "id": 1469,
      "keys": [
        "comments_before",
        "id",
        "kind",
        "span"
      ]
    },
    {
      "owner": [
        "Fun",
        15
      ],
      "path": "Fun[15].body.Structured.body.statements[29]",
      "id": 1471,
      "keys": [
        "comments_before",
        "id",
        "kind",
        "span"
      ]
    },
    {
      "owner": [
        "Fun",
        15
      ],
      "path": "Fun[15].body.Structured.body.statements[30]",
      "id": 1472,
      "keys": [
        "comments_before",
        "id",
        "kind",
        "span"
      ]
    },
    {
      "owner": [
        "Fun",
        15
      ],
      "path": "Fun[15].body.Structured.body.statements[31]",
      "id": 1473,
      "keys": [
        "comments_before",
        "id",
        "kind",
        "span"
      ]
    },
    {
      "owner": [
        "Fun",
        15
      ],
      "path": "Fun[15].body.Structured.body.statements[32]",
      "id": 1474,
      "keys": [
        "comments_before",
        "id",
        "kind",
        "span"
      ]
    },
    {
      "owner": [
        "Fun",
        15
      ],
      "path": "Fun[15].body.Structured.body.statements[33]",
      "id": 1475,
      "keys": [
        "comments_before",
        "id",
        "kind",
        "span"
      ]
    },
    {
      "owner": [
        "Fun",
        15
      ],
      "path": "Fun[15].body.Structured.body.statements[34]",
      "id": 1476,
      "keys": [
        "comments_before",
        "id",
        "kind",
        "span"
      ]
    },
    {
      "owner": [
        "Fun",
        15
      ],
      "path": "Fun[15].body.Structured.body.statements[35]",
      "id": 1477,
      "keys": [
        "comments_before",
        "id",
        "kind",
        "span"
      ]
    },
    {
      "owner": [
        "Fun",
        15
      ],
      "path": "Fun[15].body.Structured.body.statements[36]",
      "id": 1478,
      "keys": [
        "comments_before",
        "id",
        "kind",
        "span"
      ]
    },
    {
      "owner": [
        "Fun",
        15
      ],
      "path": "Fun[15].body.Structured.body.statements[37]",
      "id": 1482,
      "keys": [
        "comments_before",
        "id",
        "kind",
        "span"
      ]
    },
    {
      "owner": [
        "Fun",
        15
      ],
      "path": "Fun[15].body.Structured.body.statements[37].kind.Call.on_unwind.statements[0]",
      "id": 1479,
      "keys": [
        "comments_before",
        "id",
        "kind",
        "span"
      ]
    },
    {
      "owner": [
        "Fun",
        15
      ],
      "path": "Fun[15].body.Structured.body.statements[37].kind.Call.on_unwind.statements[1]",
      "id": 1480,
      "keys": [
        "comments_before",
        "id",
        "kind",
        "span"
      ]
    },
    {
      "owner": [
        "Fun",
        15
      ],
      "path": "Fun[15].body.Structured.body.statements[37].kind.Call.on_unwind.statements[2]",
      "id": 1481,
      "keys": [
        "comments_before",
        "id",
        "kind",
        "span"
      ]
    },
    {
      "owner": [
        "Fun",
        15
      ],
      "path": "Fun[15].body.Structured.body.statements[38]",
      "id": 1483,
      "keys": [
        "comments_before",
        "id",
        "kind",
        "span"
      ]
    },
    {
      "owner": [
        "Fun",
        15
      ],
      "path": "Fun[15].body.Structured.body.statements[39]",
      "id": 1484,
      "keys": [
        "comments_before",
        "id",
        "kind",
        "span"
      ]
    },
    {
      "owner": [
        "Fun",
        15
      ],
      "path": "Fun[15].body.Structured.body.statements[40]",
      "id": 1485,
      "keys": [
        "comments_before",
        "id",
        "kind",
        "span"
      ]
    },
    {
      "owner": [
        "Fun",
        15
      ],
      "path": "Fun[15].body.Structured.body.statements[41]",
      "id": 1486,
      "keys": [
        "comments_before",
        "id",
        "kind",
        "span"
      ]
    },
    {
      "owner": [
        "Fun",
        15
      ],
      "path": "Fun[15].body.Structured.body.statements[42]",
      "id": 1490,
      "keys": [
        "comments_before",
        "id",
        "kind",
        "span"
      ]
    },
    {
      "owner": [
        "Fun",
        15
      ],
      "path": "Fun[15].body.Structured.body.statements[42].kind.Call.on_unwind.statements[0]",
      "id": 1487,
      "keys": [
        "comments_before",
        "id",
        "kind",
        "span"
      ]
    },
    {
      "owner": [
        "Fun",
        15
      ],
      "path": "Fun[15].body.Structured.body.statements[42].kind.Call.on_unwind.statements[1]",
      "id": 1488,
      "keys": [
        "comments_before",
        "id",
        "kind",
        "span"
      ]
    },
    {
      "owner": [
        "Fun",
        15
      ],
      "path": "Fun[15].body.Structured.body.statements[42].kind.Call.on_unwind.statements[2]",
      "id": 1489,
      "keys": [
        "comments_before",
        "id",
        "kind",
        "span"
      ]
    },
    {
      "owner": [
        "Fun",
        15
      ],
      "path": "Fun[15].body.Structured.body.statements[43]",
      "id": 1491,
      "keys": [
        "comments_before",
        "id",
        "kind",
        "span"
      ]
    },
    {
      "owner": [
        "Fun",
        15
      ],
      "path": "Fun[15].body.Structured.body.statements[44]",
      "id": 1492,
      "keys": [
        "comments_before",
        "id",
        "kind",
        "span"
      ]
    },
    {
      "owner": [
        "Fun",
        15
      ],
      "path": "Fun[15].body.Structured.body.statements[45]",
      "id": 1493,
      "keys": [
        "comments_before",
        "id",
        "kind",
        "span"
      ]
    },
    {
      "owner": [
        "Fun",
        15
      ],
      "path": "Fun[15].body.Structured.body.statements[46]",
      "id": 1494,
      "keys": [
        "comments_before",
        "id",
        "kind",
        "span"
      ]
    },
    {
      "owner": [
        "Fun",
        15
      ],
      "path": "Fun[15].body.Structured.body.statements[47]",
      "id": 1498,
      "keys": [
        "comments_before",
        "id",
        "kind",
        "span"
      ]
    },
    {
      "owner": [
        "Fun",
        15
      ],
      "path": "Fun[15].body.Structured.body.statements[47].kind.Call.on_unwind.statements[0]",
      "id": 1495,
      "keys": [
        "comments_before",
        "id",
        "kind",
        "span"
      ]
    },
    {
      "owner": [
        "Fun",
        15
      ],
      "path": "Fun[15].body.Structured.body.statements[47].kind.Call.on_unwind.statements[1]",
      "id": 1496,
      "keys": [
        "comments_before",
        "id",
        "kind",
        "span"
      ]
    },
    {
      "owner": [
        "Fun",
        15
      ],
      "path": "Fun[15].body.Structured.body.statements[47].kind.Call.on_unwind.statements[2]",
      "id": 1497,
      "keys": [
        "comments_before",
        "id",
        "kind",
        "span"
      ]
    },
    {
      "owner": [
        "Fun",
        15
      ],
      "path": "Fun[15].body.Structured.body.statements[48]",
      "id": 1499,
      "keys": [
        "comments_before",
        "id",
        "kind",
        "span"
      ]
    },
    {
      "owner": [
        "Fun",
        15
      ],
      "path": "Fun[15].body.Structured.body.statements[49]",
      "id": 1500,
      "keys": [
        "comments_before",
        "id",
        "kind",
        "span"
      ]
    },
    {
      "owner": [
        "Fun",
        15
      ],
      "path": "Fun[15].body.Structured.body.statements[50]",
      "id": 1504,
      "keys": [
        "comments_before",
        "id",
        "kind",
        "span"
      ]
    },
    {
      "owner": [
        "Fun",
        15
      ],
      "path": "Fun[15].body.Structured.body.statements[50].kind.Call.on_unwind.statements[0]",
      "id": 1501,
      "keys": [
        "comments_before",
        "id",
        "kind",
        "span"
      ]
    },
    {
      "owner": [
        "Fun",
        15
      ],
      "path": "Fun[15].body.Structured.body.statements[50].kind.Call.on_unwind.statements[1]",
      "id": 1502,
      "keys": [
        "comments_before",
        "id",
        "kind",
        "span"
      ]
    },
    {
      "owner": [
        "Fun",
        15
      ],
      "path": "Fun[15].body.Structured.body.statements[50].kind.Call.on_unwind.statements[2]",
      "id": 1503,
      "keys": [
        "comments_before",
        "id",
        "kind",
        "span"
      ]
    },
    {
      "owner": [
        "Fun",
        15
      ],
      "path": "Fun[15].body.Structured.body.statements[51]",
      "id": 1505,
      "keys": [
        "comments_before",
        "id",
        "kind",
        "span"
      ]
    },
    {
      "owner": [
        "Fun",
        15
      ],
      "path": "Fun[15].body.Structured.body.statements[52]",
      "id": 1506,
      "keys": [
        "comments_before",
        "id",
        "kind",
        "span"
      ]
    },
    {
      "owner": [
        "Fun",
        15
      ],
      "path": "Fun[15].body.Structured.body.statements[53]",
      "id": 1507,
      "keys": [
        "comments_before",
        "id",
        "kind",
        "span"
      ]
    },
    {
      "owner": [
        "Fun",
        15
      ],
      "path": "Fun[15].body.Structured.body.statements[54]",
      "id": 1508,
      "keys": [
        "comments_before",
        "id",
        "kind",
        "span"
      ]
    },
    {
      "owner": [
        "Fun",
        15
      ],
      "path": "Fun[15].body.Structured.body.statements[55]",
      "id": 1509,
      "keys": [
        "comments_before",
        "id",
        "kind",
        "span"
      ]
    },
    {
      "owner": [
        "Fun",
        15
      ],
      "path": "Fun[15].body.Structured.body.statements[56]",
      "id": 1510,
      "keys": [
        "comments_before",
        "id",
        "kind",
        "span"
      ]
    },
    {
      "owner": [
        "Fun",
        15
      ],
      "path": "Fun[15].body.Structured.body.statements[57]",
      "id": 1514,
      "keys": [
        "comments_before",
        "id",
        "kind",
        "span"
      ]
    },
    {
      "owner": [
        "Fun",
        15
      ],
      "path": "Fun[15].body.Structured.body.statements[57].kind.Call.on_unwind.statements[0]",
      "id": 1511,
      "keys": [
        "comments_before",
        "id",
        "kind",
        "span"
      ]
    },
    {
      "owner": [
        "Fun",
        15
      ],
      "path": "Fun[15].body.Structured.body.statements[57].kind.Call.on_unwind.statements[1]",
      "id": 1512,
      "keys": [
        "comments_before",
        "id",
        "kind",
        "span"
      ]
    },
    {
      "owner": [
        "Fun",
        15
      ],
      "path": "Fun[15].body.Structured.body.statements[57].kind.Call.on_unwind.statements[2]",
      "id": 1513,
      "keys": [
        "comments_before",
        "id",
        "kind",
        "span"
      ]
    },
    {
      "owner": [
        "Fun",
        15
      ],
      "path": "Fun[15].body.Structured.body.statements[58]",
      "id": 1515,
      "keys": [
        "comments_before",
        "id",
        "kind",
        "span"
      ]
    },
    {
      "owner": [
        "Fun",
        15
      ],
      "path": "Fun[15].body.Structured.body.statements[59]",
      "id": 1516,
      "keys": [
        "comments_before",
        "id",
        "kind",
        "span"
      ]
    },
    {
      "owner": [
        "Fun",
        15
      ],
      "path": "Fun[15].body.Structured.body.statements[60]",
      "id": 1517,
      "keys": [
        "comments_before",
        "id",
        "kind",
        "span"
      ]
    },
    {
      "owner": [
        "Fun",
        15
      ],
      "path": "Fun[15].body.Structured.body.statements[61]",
      "id": 1518,
      "keys": [
        "comments_before",
        "id",
        "kind",
        "span"
      ]
    },
    {
      "owner": [
        "Fun",
        15
      ],
      "path": "Fun[15].body.Structured.body.statements[62]",
      "id": 1519,
      "keys": [
        "comments_before",
        "id",
        "kind",
        "span"
      ]
    },
    {
      "owner": [
        "Fun",
        15
      ],
      "path": "Fun[15].body.Structured.body.statements[63]",
      "id": 1520,
      "keys": [
        "comments_before",
        "id",
        "kind",
        "span"
      ]
    },
    {
      "owner": [
        "Fun",
        15
      ],
      "path": "Fun[15].body.Structured.body.statements[64]",
      "id": 1521,
      "keys": [
        "comments_before",
        "id",
        "kind",
        "span"
      ]
    },
    {
      "owner": [
        "Fun",
        15
      ],
      "path": "Fun[15].body.Structured.body.statements[65]",
      "id": 1522,
      "keys": [
        "comments_before",
        "id",
        "kind",
        "span"
      ]
    },
    {
      "owner": [
        "Fun",
        15
      ],
      "path": "Fun[15].body.Structured.body.statements[66]",
      "id": 1526,
      "keys": [
        "comments_before",
        "id",
        "kind",
        "span"
      ]
    },
    {
      "owner": [
        "Fun",
        15
      ],
      "path": "Fun[15].body.Structured.body.statements[66].kind.Call.on_unwind.statements[0]",
      "id": 1523,
      "keys": [
        "comments_before",
        "id",
        "kind",
        "span"
      ]
    },
    {
      "owner": [
        "Fun",
        15
      ],
      "path": "Fun[15].body.Structured.body.statements[66].kind.Call.on_unwind.statements[1]",
      "id": 1524,
      "keys": [
        "comments_before",
        "id",
        "kind",
        "span"
      ]
    },
    {
      "owner": [
        "Fun",
        15
      ],
      "path": "Fun[15].body.Structured.body.statements[66].kind.Call.on_unwind.statements[2]",
      "id": 1525,
      "keys": [
        "comments_before",
        "id",
        "kind",
        "span"
      ]
    },
    {
      "owner": [
        "Fun",
        15
      ],
      "path": "Fun[15].body.Structured.body.statements[67]",
      "id": 1527,
      "keys": [
        "comments_before",
        "id",
        "kind",
        "span"
      ]
    },
    {
      "owner": [
        "Fun",
        15
      ],
      "path": "Fun[15].body.Structured.body.statements[68]",
      "id": 1528,
      "keys": [
        "comments_before",
        "id",
        "kind",
        "span"
      ]
    },
    {
      "owner": [
        "Fun",
        15
      ],
      "path": "Fun[15].body.Structured.body.statements[69]",
      "id": 1529,
      "keys": [
        "comments_before",
        "id",
        "kind",
        "span"
      ]
    },
    {
      "owner": [
        "Fun",
        15
      ],
      "path": "Fun[15].body.Structured.body.statements[70]",
      "id": 1530,
      "keys": [
        "comments_before",
        "id",
        "kind",
        "span"
      ]
    },
    {
      "owner": [
        "Fun",
        15
      ],
      "path": "Fun[15].body.Structured.body.statements[71]",
      "id": 1534,
      "keys": [
        "comments_before",
        "id",
        "kind",
        "span"
      ]
    },
    {
      "owner": [
        "Fun",
        15
      ],
      "path": "Fun[15].body.Structured.body.statements[71].kind.Call.on_unwind.statements[0]",
      "id": 1531,
      "keys": [
        "comments_before",
        "id",
        "kind",
        "span"
      ]
    },
    {
      "owner": [
        "Fun",
        15
      ],
      "path": "Fun[15].body.Structured.body.statements[71].kind.Call.on_unwind.statements[1]",
      "id": 1532,
      "keys": [
        "comments_before",
        "id",
        "kind",
        "span"
      ]
    },
    {
      "owner": [
        "Fun",
        15
      ],
      "path": "Fun[15].body.Structured.body.statements[71].kind.Call.on_unwind.statements[2]",
      "id": 1533,
      "keys": [
        "comments_before",
        "id",
        "kind",
        "span"
      ]
    },
    {
      "owner": [
        "Fun",
        15
      ],
      "path": "Fun[15].body.Structured.body.statements[72]",
      "id": 1535,
      "keys": [
        "comments_before",
        "id",
        "kind",
        "span"
      ]
    },
    {
      "owner": [
        "Fun",
        15
      ],
      "path": "Fun[15].body.Structured.body.statements[73]",
      "id": 1536,
      "keys": [
        "comments_before",
        "id",
        "kind",
        "span"
      ]
    },
    {
      "owner": [
        "Fun",
        15
      ],
      "path": "Fun[15].body.Structured.body.statements[74]",
      "id": 1537,
      "keys": [
        "comments_before",
        "id",
        "kind",
        "span"
      ]
    },
    {
      "owner": [
        "Fun",
        15
      ],
      "path": "Fun[15].body.Structured.body.statements[75]",
      "id": 1538,
      "keys": [
        "comments_before",
        "id",
        "kind",
        "span"
      ]
    },
    {
      "owner": [
        "Fun",
        15
      ],
      "path": "Fun[15].body.Structured.body.statements[76]",
      "id": 1539,
      "keys": [
        "comments_before",
        "id",
        "kind",
        "span"
      ]
    },
    {
      "owner": [
        "Fun",
        15
      ],
      "path": "Fun[15].body.Structured.body.statements[77]",
      "id": 1540,
      "keys": [
        "comments_before",
        "id",
        "kind",
        "span"
      ]
    },
    {
      "owner": [
        "Fun",
        15
      ],
      "path": "Fun[15].body.Structured.body.statements[78]",
      "id": 1541,
      "keys": [
        "comments_before",
        "id",
        "kind",
        "span"
      ]
    },
    {
      "owner": [
        "Fun",
        15
      ],
      "path": "Fun[15].body.Structured.body.statements[79]",
      "id": 1542,
      "keys": [
        "comments_before",
        "id",
        "kind",
        "span"
      ]
    },
    {
      "owner": [
        "Fun",
        15
      ],
      "path": "Fun[15].body.Structured.body.statements[80]",
      "id": 1543,
      "keys": [
        "comments_before",
        "id",
        "kind",
        "span"
      ]
    },
    {
      "owner": [
        "Fun",
        15
      ],
      "path": "Fun[15].body.Structured.body.statements[81]",
      "id": 1544,
      "keys": [
        "comments_before",
        "id",
        "kind",
        "span"
      ]
    },
    {
      "owner": [
        "Fun",
        15
      ],
      "path": "Fun[15].body.Structured.body.statements[82]",
      "id": 1545,
      "keys": [
        "comments_before",
        "id",
        "kind",
        "span"
      ]
    },
    {
      "owner": [
        "Fun",
        16
      ],
      "path": "Fun[16].body.Structured.body.statements[0]",
      "id": 1546,
      "keys": [
        "comments_before",
        "id",
        "kind",
        "span"
      ]
    },
    {
      "owner": [
        "Fun",
        16
      ],
      "path": "Fun[16].body.Structured.body.statements[1]",
      "id": 1547,
      "keys": [
        "comments_before",
        "id",
        "kind",
        "span"
      ]
    },
    {
      "owner": [
        "Fun",
        16
      ],
      "path": "Fun[16].body.Structured.body.statements[2]",
      "id": 1548,
      "keys": [
        "comments_before",
        "id",
        "kind",
        "span"
      ]
    },
    {
      "owner": [
        "Fun",
        16
      ],
      "path": "Fun[16].body.Structured.body.statements[3]",
      "id": 1549,
      "keys": [
        "comments_before",
        "id",
        "kind",
        "span"
      ]
    },
    {
      "owner": [
        "Fun",
        16
      ],
      "path": "Fun[16].body.Structured.body.statements[4]",
      "id": 1550,
      "keys": [
        "comments_before",
        "id",
        "kind",
        "span"
      ]
    },
    {
      "owner": [
        "Fun",
        16
      ],
      "path": "Fun[16].body.Structured.body.statements[5]",
      "id": 1553,
      "keys": [
        "comments_before",
        "id",
        "kind",
        "span"
      ]
    },
    {
      "owner": [
        "Fun",
        16
      ],
      "path": "Fun[16].body.Structured.body.statements[5].kind.Call.on_unwind.statements[0]",
      "id": 1551,
      "keys": [
        "comments_before",
        "id",
        "kind",
        "span"
      ]
    },
    {
      "owner": [
        "Fun",
        16
      ],
      "path": "Fun[16].body.Structured.body.statements[5].kind.Call.on_unwind.statements[1]",
      "id": 1552,
      "keys": [
        "comments_before",
        "id",
        "kind",
        "span"
      ]
    },
    {
      "owner": [
        "Fun",
        16
      ],
      "path": "Fun[16].body.Structured.body.statements[6]",
      "id": 1554,
      "keys": [
        "comments_before",
        "id",
        "kind",
        "span"
      ]
    },
    {
      "owner": [
        "Fun",
        16
      ],
      "path": "Fun[16].body.Structured.body.statements[7]",
      "id": 1555,
      "keys": [
        "comments_before",
        "id",
        "kind",
        "span"
      ]
    },
    {
      "owner": [
        "Fun",
        16
      ],
      "path": "Fun[16].body.Structured.body.statements[8]",
      "id": 1556,
      "keys": [
        "comments_before",
        "id",
        "kind",
        "span"
      ]
    },
    {
      "owner": [
        "Fun",
        16
      ],
      "path": "Fun[16].body.Structured.body.statements[9]",
      "id": 1557,
      "keys": [
        "comments_before",
        "id",
        "kind",
        "span"
      ]
    },
    {
      "owner": [
        "Fun",
        1
      ],
      "path": "Fun[1].body.Structured.body.statements[0]",
      "id": 89,
      "keys": [
        "comments_before",
        "id",
        "kind",
        "span"
      ]
    },
    {
      "owner": [
        "Fun",
        1
      ],
      "path": "Fun[1].body.Structured.body.statements[1]",
      "id": 95,
      "keys": [
        "comments_before",
        "id",
        "kind",
        "span"
      ]
    },
    {
      "owner": [
        "Fun",
        1
      ],
      "path": "Fun[1].body.Structured.body.statements[2]",
      "id": 96,
      "keys": [
        "comments_before",
        "id",
        "kind",
        "span"
      ]
    },
    {
      "owner": [
        "Fun",
        1
      ],
      "path": "Fun[1].body.Structured.body.statements[3]",
      "id": 97,
      "keys": [
        "comments_before",
        "id",
        "kind",
        "span"
      ]
    },
    {
      "owner": [
        "Fun",
        1
      ],
      "path": "Fun[1].body.Structured.body.statements[4]",
      "id": 98,
      "keys": [
        "comments_before",
        "id",
        "kind",
        "span"
      ]
    },
    {
      "owner": [
        "Fun",
        1
      ],
      "path": "Fun[1].body.Structured.body.statements[5]",
      "id": 99,
      "keys": [
        "comments_before",
        "id",
        "kind",
        "span"
      ]
    },
    {
      "owner": [
        "Fun",
        1
      ],
      "path": "Fun[1].body.Structured.body.statements[6]",
      "id": 100,
      "keys": [
        "comments_before",
        "id",
        "kind",
        "span"
      ]
    },
    {
      "owner": [
        "Fun",
        1
      ],
      "path": "Fun[1].body.Structured.body.statements[7]",
      "id": 1836,
      "keys": [
        "comments_before",
        "id",
        "kind",
        "span"
      ]
    },
    {
      "owner": [
        "Fun",
        1
      ],
      "path": "Fun[1].body.Structured.body.statements[8]",
      "id": 1837,
      "keys": [
        "comments_before",
        "id",
        "kind",
        "span"
      ]
    },
    {
      "owner": [
        "Fun",
        1
      ],
      "path": "Fun[1].body.Structured.body.statements[9]",
      "id": 1838,
      "keys": [
        "comments_before",
        "id",
        "kind",
        "span"
      ]
    },
    {
      "owner": [
        "Fun",
        1
      ],
      "path": "Fun[1].body.Structured.body.statements[10]",
      "id": 1840,
      "keys": [
        "comments_before",
        "id",
        "kind",
        "span"
      ]
    },
    {
      "owner": [
        "Fun",
        1
      ],
      "path": "Fun[1].body.Structured.body.statements[10].kind.Call.on_unwind.statements[0]",
      "id": 1935,
      "keys": [
        "comments_before",
        "id",
        "kind",
        "span"
      ]
    },
    {
      "owner": [
        "Fun",
        1
      ],
      "path": "Fun[1].body.Structured.body.statements[10].kind.Call.on_unwind.statements[1]",
      "id": 1936,
      "keys": [
        "comments_before",
        "id",
        "kind",
        "span"
      ]
    },
    {
      "owner": [
        "Fun",
        1
      ],
      "path": "Fun[1].body.Structured.body.statements[10].kind.Call.on_unwind.statements[2]",
      "id": 1937,
      "keys": [
        "comments_before",
        "id",
        "kind",
        "span"
      ]
    },
    {
      "owner": [
        "Fun",
        1
      ],
      "path": "Fun[1].body.Structured.body.statements[10].kind.Call.on_unwind.statements[3]",
      "id": 1938,
      "keys": [
        "comments_before",
        "id",
        "kind",
        "span"
      ]
    },
    {
      "owner": [
        "Fun",
        1
      ],
      "path": "Fun[1].body.Structured.body.statements[10].kind.Call.on_unwind.statements[4]",
      "id": 1939,
      "keys": [
        "comments_before",
        "id",
        "kind",
        "span"
      ]
    },
    {
      "owner": [
        "Fun",
        1
      ],
      "path": "Fun[1].body.Structured.body.statements[10].kind.Call.on_unwind.statements[5]",
      "id": 1940,
      "keys": [
        "comments_before",
        "id",
        "kind",
        "span"
      ]
    },
    {
      "owner": [
        "Fun",
        1
      ],
      "path": "Fun[1].body.Structured.body.statements[10].kind.Call.on_unwind.statements[6]",
      "id": 1941,
      "keys": [
        "comments_before",
        "id",
        "kind",
        "span"
      ]
    },
    {
      "owner": [
        "Fun",
        1
      ],
      "path": "Fun[1].body.Structured.body.statements[10].kind.Call.on_unwind.statements[7]",
      "id": 1942,
      "keys": [
        "comments_before",
        "id",
        "kind",
        "span"
      ]
    },
    {
      "owner": [
        "Fun",
        1
      ],
      "path": "Fun[1].body.Structured.body.statements[10].kind.Call.on_unwind.statements[8]",
      "id": 1943,
      "keys": [
        "comments_before",
        "id",
        "kind",
        "span"
      ]
    },
    {
      "owner": [
        "Fun",
        1
      ],
      "path": "Fun[1].body.Structured.body.statements[10].kind.Call.on_unwind.statements[9]",
      "id": 1944,
      "keys": [
        "comments_before",
        "id",
        "kind",
        "span"
      ]
    },
    {
      "owner": [
        "Fun",
        1
      ],
      "path": "Fun[1].body.Structured.body.statements[10].kind.Call.on_unwind.statements[10]",
      "id": 1839,
      "keys": [
        "comments_before",
        "id",
        "kind",
        "span"
      ]
    },
    {
      "owner": [
        "Fun",
        1
      ],
      "path": "Fun[1].body.Structured.body.statements[11]",
      "id": 103,
      "keys": [
        "comments_before",
        "id",
        "kind",
        "span"
      ]
    },
    {
      "owner": [
        "Fun",
        1
      ],
      "path": "Fun[1].body.Structured.body.statements[12]",
      "id": 104,
      "keys": [
        "comments_before",
        "id",
        "kind",
        "span"
      ]
    },
    {
      "owner": [
        "Fun",
        1
      ],
      "path": "Fun[1].body.Structured.body.statements[13]",
      "id": 105,
      "keys": [
        "comments_before",
        "id",
        "kind",
        "span"
      ]
    },
    {
      "owner": [
        "Fun",
        1
      ],
      "path": "Fun[1].body.Structured.body.statements[14]",
      "id": 106,
      "keys": [
        "comments_before",
        "id",
        "kind",
        "span"
      ]
    },
    {
      "owner": [
        "Fun",
        1
      ],
      "path": "Fun[1].body.Structured.body.statements[15]",
      "id": 107,
      "keys": [
        "comments_before",
        "id",
        "kind",
        "span"
      ]
    },
    {
      "owner": [
        "Fun",
        1
      ],
      "path": "Fun[1].body.Structured.body.statements[16]",
      "id": 1841,
      "keys": [
        "comments_before",
        "id",
        "kind",
        "span"
      ]
    },
    {
      "owner": [
        "Fun",
        1
      ],
      "path": "Fun[1].body.Structured.body.statements[17]",
      "id": 1842,
      "keys": [
        "comments_before",
        "id",
        "kind",
        "span"
      ]
    },
    {
      "owner": [
        "Fun",
        1
      ],
      "path": "Fun[1].body.Structured.body.statements[18]",
      "id": 1843,
      "keys": [
        "comments_before",
        "id",
        "kind",
        "span"
      ]
    },
    {
      "owner": [
        "Fun",
        1
      ],
      "path": "Fun[1].body.Structured.body.statements[19]",
      "id": 1845,
      "keys": [
        "comments_before",
        "id",
        "kind",
        "span"
      ]
    },
    {
      "owner": [
        "Fun",
        1
      ],
      "path": "Fun[1].body.Structured.body.statements[19].kind.Call.on_unwind.statements[0]",
      "id": 1945,
      "keys": [
        "comments_before",
        "id",
        "kind",
        "span"
      ]
    },
    {
      "owner": [
        "Fun",
        1
      ],
      "path": "Fun[1].body.Structured.body.statements[19].kind.Call.on_unwind.statements[1]",
      "id": 1946,
      "keys": [
        "comments_before",
        "id",
        "kind",
        "span"
      ]
    },
    {
      "owner": [
        "Fun",
        1
      ],
      "path": "Fun[1].body.Structured.body.statements[19].kind.Call.on_unwind.statements[2]",
      "id": 1947,
      "keys": [
        "comments_before",
        "id",
        "kind",
        "span"
      ]
    },
    {
      "owner": [
        "Fun",
        1
      ],
      "path": "Fun[1].body.Structured.body.statements[19].kind.Call.on_unwind.statements[3]",
      "id": 1948,
      "keys": [
        "comments_before",
        "id",
        "kind",
        "span"
      ]
    },
    {
      "owner": [
        "Fun",
        1
      ],
      "path": "Fun[1].body.Structured.body.statements[19].kind.Call.on_unwind.statements[4]",
      "id": 1949,
      "keys": [
        "comments_before",
        "id",
        "kind",
        "span"
      ]
    },
    {
      "owner": [
        "Fun",
        1
      ],
      "path": "Fun[1].body.Structured.body.statements[19].kind.Call.on_unwind.statements[5]",
      "id": 1950,
      "keys": [
        "comments_before",
        "id",
        "kind",
        "span"
      ]
    },
    {
      "owner": [
        "Fun",
        1
      ],
      "path": "Fun[1].body.Structured.body.statements[19].kind.Call.on_unwind.statements[6]",
      "id": 1951,
      "keys": [
        "comments_before",
        "id",
        "kind",
        "span"
      ]
    },
    {
      "owner": [
        "Fun",
        1
      ],
      "path": "Fun[1].body.Structured.body.statements[19].kind.Call.on_unwind.statements[7]",
      "id": 1952,
      "keys": [
        "comments_before",
        "id",
        "kind",
        "span"
      ]
    },
    {
      "owner": [
        "Fun",
        1
      ],
      "path": "Fun[1].body.Structured.body.statements[19].kind.Call.on_unwind.statements[8]",
      "id": 1953,
      "keys": [
        "comments_before",
        "id",
        "kind",
        "span"
      ]
    },
    {
      "owner": [
        "Fun",
        1
      ],
      "path": "Fun[1].body.Structured.body.statements[19].kind.Call.on_unwind.statements[9]",
      "id": 1954,
      "keys": [
        "comments_before",
        "id",
        "kind",
        "span"
      ]
    },
    {
      "owner": [
        "Fun",
        1
      ],
      "path": "Fun[1].body.Structured.body.statements[19].kind.Call.on_unwind.statements[10]",
      "id": 1844,
      "keys": [
        "comments_before",
        "id",
        "kind",
        "span"
      ]
    },
    {
      "owner": [
        "Fun",
        1
      ],
      "path": "Fun[1].body.Structured.body.statements[20]",
      "id": 110,
      "keys": [
        "comments_before",
        "id",
        "kind",
        "span"
      ]
    },
    {
      "owner": [
        "Fun",
        1
      ],
      "path": "Fun[1].body.Structured.body.statements[21]",
      "id": 111,
      "keys": [
        "comments_before",
        "id",
        "kind",
        "span"
      ]
    },
    {
      "owner": [
        "Fun",
        1
      ],
      "path": "Fun[1].body.Structured.body.statements[22]",
      "id": 112,
      "keys": [
        "comments_before",
        "id",
        "kind",
        "span"
      ]
    },
    {
      "owner": [
        "Fun",
        1
      ],
      "path": "Fun[1].body.Structured.body.statements[23]",
      "id": 113,
      "keys": [
        "comments_before",
        "id",
        "kind",
        "span"
      ]
    },
    {
      "owner": [
        "Fun",
        1
      ],
      "path": "Fun[1].body.Structured.body.statements[24]",
      "id": 114,
      "keys": [
        "comments_before",
        "id",
        "kind",
        "span"
      ]
    },
    {
      "owner": [
        "Fun",
        1
      ],
      "path": "Fun[1].body.Structured.body.statements[25]",
      "id": 115,
      "keys": [
        "comments_before",
        "id",
        "kind",
        "span"
      ]
    },
    {
      "owner": [
        "Fun",
        1
      ],
      "path": "Fun[1].body.Structured.body.statements[26]",
      "id": 125,
      "keys": [
        "comments_before",
        "id",
        "kind",
        "span"
      ]
    },
    {
      "owner": [
        "Fun",
        1
      ],
      "path": "Fun[1].body.Structured.body.statements[26].kind.Call.on_unwind.statements[0]",
      "id": 121,
      "keys": [
        "comments_before",
        "id",
        "kind",
        "span"
      ]
    },
    {
      "owner": [
        "Fun",
        1
      ],
      "path": "Fun[1].body.Structured.body.statements[26].kind.Call.on_unwind.statements[1]",
      "id": 122,
      "keys": [
        "comments_before",
        "id",
        "kind",
        "span"
      ]
    },
    {
      "owner": [
        "Fun",
        1
      ],
      "path": "Fun[1].body.Structured.body.statements[26].kind.Call.on_unwind.statements[2]",
      "id": 123,
      "keys": [
        "comments_before",
        "id",
        "kind",
        "span"
      ]
    },
    {
      "owner": [
        "Fun",
        1
      ],
      "path": "Fun[1].body.Structured.body.statements[26].kind.Call.on_unwind.statements[3]",
      "id": 124,
      "keys": [
        "comments_before",
        "id",
        "kind",
        "span"
      ]
    },
    {
      "owner": [
        "Fun",
        1
      ],
      "path": "Fun[1].body.Structured.body.statements[27]",
      "id": 126,
      "keys": [
        "comments_before",
        "id",
        "kind",
        "span"
      ]
    },
    {
      "owner": [
        "Fun",
        1
      ],
      "path": "Fun[1].body.Structured.body.statements[28]",
      "id": 127,
      "keys": [
        "comments_before",
        "id",
        "kind",
        "span"
      ]
    },
    {
      "owner": [
        "Fun",
        1
      ],
      "path": "Fun[1].body.Structured.body.statements[29]",
      "id": 137,
      "keys": [
        "comments_before",
        "id",
        "kind",
        "span"
      ]
    },
    {
      "owner": [
        "Fun",
        1
      ],
      "path": "Fun[1].body.Structured.body.statements[29].kind.Call.on_unwind.statements[0]",
      "id": 133,
      "keys": [
        "comments_before",
        "id",
        "kind",
        "span"
      ]
    },
    {
      "owner": [
        "Fun",
        1
      ],
      "path": "Fun[1].body.Structured.body.statements[29].kind.Call.on_unwind.statements[1]",
      "id": 134,
      "keys": [
        "comments_before",
        "id",
        "kind",
        "span"
      ]
    },
    {
      "owner": [
        "Fun",
        1
      ],
      "path": "Fun[1].body.Structured.body.statements[29].kind.Call.on_unwind.statements[2]",
      "id": 135,
      "keys": [
        "comments_before",
        "id",
        "kind",
        "span"
      ]
    },
    {
      "owner": [
        "Fun",
        1
      ],
      "path": "Fun[1].body.Structured.body.statements[29].kind.Call.on_unwind.statements[3]",
      "id": 136,
      "keys": [
        "comments_before",
        "id",
        "kind",
        "span"
      ]
    },
    {
      "owner": [
        "Fun",
        1
      ],
      "path": "Fun[1].body.Structured.body.statements[30]",
      "id": 138,
      "keys": [
        "comments_before",
        "id",
        "kind",
        "span"
      ]
    },
    {
      "owner": [
        "Fun",
        1
      ],
      "path": "Fun[1].body.Structured.body.statements[31]",
      "id": 139,
      "keys": [
        "comments_before",
        "id",
        "kind",
        "span"
      ]
    },
    {
      "owner": [
        "Fun",
        1
      ],
      "path": "Fun[1].body.Structured.body.statements[32]",
      "id": 149,
      "keys": [
        "comments_before",
        "id",
        "kind",
        "span"
      ]
    },
    {
      "owner": [
        "Fun",
        1
      ],
      "path": "Fun[1].body.Structured.body.statements[32].kind.Call.on_unwind.statements[0]",
      "id": 145,
      "keys": [
        "comments_before",
        "id",
        "kind",
        "span"
      ]
    },
    {
      "owner": [
        "Fun",
        1
      ],
      "path": "Fun[1].body.Structured.body.statements[32].kind.Call.on_unwind.statements[1]",
      "id": 146,
      "keys": [
        "comments_before",
        "id",
        "kind",
        "span"
      ]
    },
    {
      "owner": [
        "Fun",
        1
      ],
      "path": "Fun[1].body.Structured.body.statements[32].kind.Call.on_unwind.statements[2]",
      "id": 147,
      "keys": [
        "comments_before",
        "id",
        "kind",
        "span"
      ]
    },
    {
      "owner": [
        "Fun",
        1
      ],
      "path": "Fun[1].body.Structured.body.statements[32].kind.Call.on_unwind.statements[3]",
      "id": 148,
      "keys": [
        "comments_before",
        "id",
        "kind",
        "span"
      ]
    },
    {
      "owner": [
        "Fun",
        1
      ],
      "path": "Fun[1].body.Structured.body.statements[33]",
      "id": 150,
      "keys": [
        "comments_before",
        "id",
        "kind",
        "span"
      ]
    },
    {
      "owner": [
        "Fun",
        1
      ],
      "path": "Fun[1].body.Structured.body.statements[34]",
      "id": 151,
      "keys": [
        "comments_before",
        "id",
        "kind",
        "span"
      ]
    },
    {
      "owner": [
        "Fun",
        1
      ],
      "path": "Fun[1].body.Structured.body.statements[35]",
      "id": 152,
      "keys": [
        "comments_before",
        "id",
        "kind",
        "span"
      ]
    },
    {
      "owner": [
        "Fun",
        1
      ],
      "path": "Fun[1].body.Structured.body.statements[36]",
      "id": 153,
      "keys": [
        "comments_before",
        "id",
        "kind",
        "span"
      ]
    },
    {
      "owner": [
        "Fun",
        1
      ],
      "path": "Fun[1].body.Structured.body.statements[37]",
      "id": 154,
      "keys": [
        "comments_before",
        "id",
        "kind",
        "span"
      ]
    },
    {
      "owner": [
        "Fun",
        1
      ],
      "path": "Fun[1].body.Structured.body.statements[38]",
      "id": 155,
      "keys": [
        "comments_before",
        "id",
        "kind",
        "span"
      ]
    },
    {
      "owner": [
        "Fun",
        1
      ],
      "path": "Fun[1].body.Structured.body.statements[39]",
      "id": 156,
      "keys": [
        "comments_before",
        "id",
        "kind",
        "span"
      ]
    },
    {
      "owner": [
        "Fun",
        1
      ],
      "path": "Fun[1].body.Structured.body.statements[40]",
      "id": 157,
      "keys": [
        "comments_before",
        "id",
        "kind",
        "span"
      ]
    },
    {
      "owner": [
        "Fun",
        1
      ],
      "path": "Fun[1].body.Structured.body.statements[41]",
      "id": 1846,
      "keys": [
        "comments_before",
        "id",
        "kind",
        "span"
      ]
    },
    {
      "owner": [
        "Fun",
        1
      ],
      "path": "Fun[1].body.Structured.body.statements[42]",
      "id": 1847,
      "keys": [
        "comments_before",
        "id",
        "kind",
        "span"
      ]
    },
    {
      "owner": [
        "Fun",
        1
      ],
      "path": "Fun[1].body.Structured.body.statements[43]",
      "id": 1848,
      "keys": [
        "comments_before",
        "id",
        "kind",
        "span"
      ]
    },
    {
      "owner": [
        "Fun",
        1
      ],
      "path": "Fun[1].body.Structured.body.statements[44]",
      "id": 1850,
      "keys": [
        "comments_before",
        "id",
        "kind",
        "span"
      ]
    },
    {
      "owner": [
        "Fun",
        1
      ],
      "path": "Fun[1].body.Structured.body.statements[44].kind.Call.on_unwind.statements[0]",
      "id": 1955,
      "keys": [
        "comments_before",
        "id",
        "kind",
        "span"
      ]
    },
    {
      "owner": [
        "Fun",
        1
      ],
      "path": "Fun[1].body.Structured.body.statements[44].kind.Call.on_unwind.statements[1]",
      "id": 1956,
      "keys": [
        "comments_before",
        "id",
        "kind",
        "span"
      ]
    },
    {
      "owner": [
        "Fun",
        1
      ],
      "path": "Fun[1].body.Structured.body.statements[44].kind.Call.on_unwind.statements[2]",
      "id": 1957,
      "keys": [
        "comments_before",
        "id",
        "kind",
        "span"
      ]
    },
    {
      "owner": [
        "Fun",
        1
      ],
      "path": "Fun[1].body.Structured.body.statements[44].kind.Call.on_unwind.statements[3]",
      "id": 1958,
      "keys": [
        "comments_before",
        "id",
        "kind",
        "span"
      ]
    },
    {
      "owner": [
        "Fun",
        1
      ],
      "path": "Fun[1].body.Structured.body.statements[44].kind.Call.on_unwind.statements[4]",
      "id": 1959,
      "keys": [
        "comments_before",
        "id",
        "kind",
        "span"
      ]
    },
    {
      "owner": [
        "Fun",
        1
      ],
      "path": "Fun[1].body.Structured.body.statements[44].kind.Call.on_unwind.statements[5]",
      "id": 1960,
      "keys": [
        "comments_before",
        "id",
        "kind",
        "span"
      ]
    },
    {
      "owner": [
        "Fun",
        1
      ],
      "path": "Fun[1].body.Structured.body.statements[44].kind.Call.on_unwind.statements[6]",
      "id": 1961,
      "keys": [
        "comments_before",
        "id",
        "kind",
        "span"
      ]
    },
    {
      "owner": [
        "Fun",
        1
      ],
      "path": "Fun[1].body.Structured.body.statements[44].kind.Call.on_unwind.statements[7]",
      "id": 1962,
      "keys": [
        "comments_before",
        "id",
        "kind",
        "span"
      ]
    },
    {
      "owner": [
        "Fun",
        1
      ],
      "path": "Fun[1].body.Structured.body.statements[44].kind.Call.on_unwind.statements[8]",
      "id": 1963,
      "keys": [
        "comments_before",
        "id",
        "kind",
        "span"
      ]
    },
    {
      "owner": [
        "Fun",
        1
      ],
      "path": "Fun[1].body.Structured.body.statements[44].kind.Call.on_unwind.statements[9]",
      "id": 1964,
      "keys": [
        "comments_before",
        "id",
        "kind",
        "span"
      ]
    },
    {
      "owner": [
        "Fun",
        1
      ],
      "path": "Fun[1].body.Structured.body.statements[44].kind.Call.on_unwind.statements[10]",
      "id": 1849,
      "keys": [
        "comments_before",
        "id",
        "kind",
        "span"
      ]
    },
    {
      "owner": [
        "Fun",
        1
      ],
      "path": "Fun[1].body.Structured.body.statements[45]",
      "id": 160,
      "keys": [
        "comments_before",
        "id",
        "kind",
        "span"
      ]
    },
    {
      "owner": [
        "Fun",
        1
      ],
      "path": "Fun[1].body.Structured.body.statements[46]",
      "id": 161,
      "keys": [
        "comments_before",
        "id",
        "kind",
        "span"
      ]
    },
    {
      "owner": [
        "Fun",
        1
      ],
      "path": "Fun[1].body.Structured.body.statements[47]",
      "id": 162,
      "keys": [
        "comments_before",
        "id",
        "kind",
        "span"
      ]
    },
    {
      "owner": [
        "Fun",
        1
      ],
      "path": "Fun[1].body.Structured.body.statements[48]",
      "id": 172,
      "keys": [
        "comments_before",
        "id",
        "kind",
        "span"
      ]
    },
    {
      "owner": [
        "Fun",
        1
      ],
      "path": "Fun[1].body.Structured.body.statements[48].kind.Call.on_unwind.statements[0]",
      "id": 168,
      "keys": [
        "comments_before",
        "id",
        "kind",
        "span"
      ]
    },
    {
      "owner": [
        "Fun",
        1
      ],
      "path": "Fun[1].body.Structured.body.statements[48].kind.Call.on_unwind.statements[1]",
      "id": 169,
      "keys": [
        "comments_before",
        "id",
        "kind",
        "span"
      ]
    },
    {
      "owner": [
        "Fun",
        1
      ],
      "path": "Fun[1].body.Structured.body.statements[48].kind.Call.on_unwind.statements[2]",
      "id": 170,
      "keys": [
        "comments_before",
        "id",
        "kind",
        "span"
      ]
    },
    {
      "owner": [
        "Fun",
        1
      ],
      "path": "Fun[1].body.Structured.body.statements[48].kind.Call.on_unwind.statements[3]",
      "id": 171,
      "keys": [
        "comments_before",
        "id",
        "kind",
        "span"
      ]
    },
    {
      "owner": [
        "Fun",
        1
      ],
      "path": "Fun[1].body.Structured.body.statements[49]",
      "id": 173,
      "keys": [
        "comments_before",
        "id",
        "kind",
        "span"
      ]
    },
    {
      "owner": [
        "Fun",
        1
      ],
      "path": "Fun[1].body.Structured.body.statements[50]",
      "id": 174,
      "keys": [
        "comments_before",
        "id",
        "kind",
        "span"
      ]
    },
    {
      "owner": [
        "Fun",
        1
      ],
      "path": "Fun[1].body.Structured.body.statements[51]",
      "id": 175,
      "keys": [
        "comments_before",
        "id",
        "kind",
        "span"
      ]
    },
    {
      "owner": [
        "Fun",
        1
      ],
      "path": "Fun[1].body.Structured.body.statements[52]",
      "id": 176,
      "keys": [
        "comments_before",
        "id",
        "kind",
        "span"
      ]
    },
    {
      "owner": [
        "Fun",
        1
      ],
      "path": "Fun[1].body.Structured.body.statements[53]",
      "id": 177,
      "keys": [
        "comments_before",
        "id",
        "kind",
        "span"
      ]
    },
    {
      "owner": [
        "Fun",
        1
      ],
      "path": "Fun[1].body.Structured.body.statements[54]",
      "id": 178,
      "keys": [
        "comments_before",
        "id",
        "kind",
        "span"
      ]
    },
    {
      "owner": [
        "Fun",
        1
      ],
      "path": "Fun[1].body.Structured.body.statements[55]",
      "id": 179,
      "keys": [
        "comments_before",
        "id",
        "kind",
        "span"
      ]
    },
    {
      "owner": [
        "Fun",
        1
      ],
      "path": "Fun[1].body.Structured.body.statements[56]",
      "id": 1851,
      "keys": [
        "comments_before",
        "id",
        "kind",
        "span"
      ]
    },
    {
      "owner": [
        "Fun",
        1
      ],
      "path": "Fun[1].body.Structured.body.statements[57]",
      "id": 1852,
      "keys": [
        "comments_before",
        "id",
        "kind",
        "span"
      ]
    },
    {
      "owner": [
        "Fun",
        1
      ],
      "path": "Fun[1].body.Structured.body.statements[58]",
      "id": 1853,
      "keys": [
        "comments_before",
        "id",
        "kind",
        "span"
      ]
    },
    {
      "owner": [
        "Fun",
        1
      ],
      "path": "Fun[1].body.Structured.body.statements[59]",
      "id": 1855,
      "keys": [
        "comments_before",
        "id",
        "kind",
        "span"
      ]
    },
    {
      "owner": [
        "Fun",
        1
      ],
      "path": "Fun[1].body.Structured.body.statements[59].kind.Call.on_unwind.statements[0]",
      "id": 1965,
      "keys": [
        "comments_before",
        "id",
        "kind",
        "span"
      ]
    },
    {
      "owner": [
        "Fun",
        1
      ],
      "path": "Fun[1].body.Structured.body.statements[59].kind.Call.on_unwind.statements[1]",
      "id": 1966,
      "keys": [
        "comments_before",
        "id",
        "kind",
        "span"
      ]
    },
    {
      "owner": [
        "Fun",
        1
      ],
      "path": "Fun[1].body.Structured.body.statements[59].kind.Call.on_unwind.statements[2]",
      "id": 1967,
      "keys": [
        "comments_before",
        "id",
        "kind",
        "span"
      ]
    },
    {
      "owner": [
        "Fun",
        1
      ],
      "path": "Fun[1].body.Structured.body.statements[59].kind.Call.on_unwind.statements[3]",
      "id": 1968,
      "keys": [
        "comments_before",
        "id",
        "kind",
        "span"
      ]
    },
    {
      "owner": [
        "Fun",
        1
      ],
      "path": "Fun[1].body.Structured.body.statements[59].kind.Call.on_unwind.statements[4]",
      "id": 1969,
      "keys": [
        "comments_before",
        "id",
        "kind",
        "span"
      ]
    },
    {
      "owner": [
        "Fun",
        1
      ],
      "path": "Fun[1].body.Structured.body.statements[59].kind.Call.on_unwind.statements[5]",
      "id": 1970,
      "keys": [
        "comments_before",
        "id",
        "kind",
        "span"
      ]
    },
    {
      "owner": [
        "Fun",
        1
      ],
      "path": "Fun[1].body.Structured.body.statements[59].kind.Call.on_unwind.statements[6]",
      "id": 1971,
      "keys": [
        "comments_before",
        "id",
        "kind",
        "span"
      ]
    },
    {
      "owner": [
        "Fun",
        1
      ],
      "path": "Fun[1].body.Structured.body.statements[59].kind.Call.on_unwind.statements[7]",
      "id": 1972,
      "keys": [
        "comments_before",
        "id",
        "kind",
        "span"
      ]
    },
    {
      "owner": [
        "Fun",
        1
      ],
      "path": "Fun[1].body.Structured.body.statements[59].kind.Call.on_unwind.statements[8]",
      "id": 1973,
      "keys": [
        "comments_before",
        "id",
        "kind",
        "span"
      ]
    },
    {
      "owner": [
        "Fun",
        1
      ],
      "path": "Fun[1].body.Structured.body.statements[59].kind.Call.on_unwind.statements[9]",
      "id": 1974,
      "keys": [
        "comments_before",
        "id",
        "kind",
        "span"
      ]
    },
    {
      "owner": [
        "Fun",
        1
      ],
      "path": "Fun[1].body.Structured.body.statements[59].kind.Call.on_unwind.statements[10]",
      "id": 1854,
      "keys": [
        "comments_before",
        "id",
        "kind",
        "span"
      ]
    },
    {
      "owner": [
        "Fun",
        1
      ],
      "path": "Fun[1].body.Structured.body.statements[60]",
      "id": 182,
      "keys": [
        "comments_before",
        "id",
        "kind",
        "span"
      ]
    },
    {
      "owner": [
        "Fun",
        1
      ],
      "path": "Fun[1].body.Structured.body.statements[61]",
      "id": 183,
      "keys": [
        "comments_before",
        "id",
        "kind",
        "span"
      ]
    },
    {
      "owner": [
        "Fun",
        1
      ],
      "path": "Fun[1].body.Structured.body.statements[62]",
      "id": 184,
      "keys": [
        "comments_before",
        "id",
        "kind",
        "span"
      ]
    },
    {
      "owner": [
        "Fun",
        1
      ],
      "path": "Fun[1].body.Structured.body.statements[63]",
      "id": 194,
      "keys": [
        "comments_before",
        "id",
        "kind",
        "span"
      ]
    },
    {
      "owner": [
        "Fun",
        1
      ],
      "path": "Fun[1].body.Structured.body.statements[63].kind.Call.on_unwind.statements[0]",
      "id": 190,
      "keys": [
        "comments_before",
        "id",
        "kind",
        "span"
      ]
    },
    {
      "owner": [
        "Fun",
        1
      ],
      "path": "Fun[1].body.Structured.body.statements[63].kind.Call.on_unwind.statements[1]",
      "id": 191,
      "keys": [
        "comments_before",
        "id",
        "kind",
        "span"
      ]
    },
    {
      "owner": [
        "Fun",
        1
      ],
      "path": "Fun[1].body.Structured.body.statements[63].kind.Call.on_unwind.statements[2]",
      "id": 192,
      "keys": [
        "comments_before",
        "id",
        "kind",
        "span"
      ]
    },
    {
      "owner": [
        "Fun",
        1
      ],
      "path": "Fun[1].body.Structured.body.statements[63].kind.Call.on_unwind.statements[3]",
      "id": 193,
      "keys": [
        "comments_before",
        "id",
        "kind",
        "span"
      ]
    },
    {
      "owner": [
        "Fun",
        1
      ],
      "path": "Fun[1].body.Structured.body.statements[64]",
      "id": 195,
      "keys": [
        "comments_before",
        "id",
        "kind",
        "span"
      ]
    },
    {
      "owner": [
        "Fun",
        1
      ],
      "path": "Fun[1].body.Structured.body.statements[65]",
      "id": 196,
      "keys": [
        "comments_before",
        "id",
        "kind",
        "span"
      ]
    },
    {
      "owner": [
        "Fun",
        1
      ],
      "path": "Fun[1].body.Structured.body.statements[66]",
      "id": 197,
      "keys": [
        "comments_before",
        "id",
        "kind",
        "span"
      ]
    },
    {
      "owner": [
        "Fun",
        1
      ],
      "path": "Fun[1].body.Structured.body.statements[67]",
      "id": 198,
      "keys": [
        "comments_before",
        "id",
        "kind",
        "span"
      ]
    },
    {
      "owner": [
        "Fun",
        1
      ],
      "path": "Fun[1].body.Structured.body.statements[68]",
      "id": 199,
      "keys": [
        "comments_before",
        "id",
        "kind",
        "span"
      ]
    },
    {
      "owner": [
        "Fun",
        1
      ],
      "path": "Fun[1].body.Structured.body.statements[69]",
      "id": 200,
      "keys": [
        "comments_before",
        "id",
        "kind",
        "span"
      ]
    },
    {
      "owner": [
        "Fun",
        1
      ],
      "path": "Fun[1].body.Structured.body.statements[70]",
      "id": 201,
      "keys": [
        "comments_before",
        "id",
        "kind",
        "span"
      ]
    },
    {
      "owner": [
        "Fun",
        1
      ],
      "path": "Fun[1].body.Structured.body.statements[71]",
      "id": 1856,
      "keys": [
        "comments_before",
        "id",
        "kind",
        "span"
      ]
    },
    {
      "owner": [
        "Fun",
        1
      ],
      "path": "Fun[1].body.Structured.body.statements[72]",
      "id": 1857,
      "keys": [
        "comments_before",
        "id",
        "kind",
        "span"
      ]
    },
    {
      "owner": [
        "Fun",
        1
      ],
      "path": "Fun[1].body.Structured.body.statements[73]",
      "id": 1858,
      "keys": [
        "comments_before",
        "id",
        "kind",
        "span"
      ]
    },
    {
      "owner": [
        "Fun",
        1
      ],
      "path": "Fun[1].body.Structured.body.statements[74]",
      "id": 1860,
      "keys": [
        "comments_before",
        "id",
        "kind",
        "span"
      ]
    },
    {
      "owner": [
        "Fun",
        1
      ],
      "path": "Fun[1].body.Structured.body.statements[74].kind.Call.on_unwind.statements[0]",
      "id": 1975,
      "keys": [
        "comments_before",
        "id",
        "kind",
        "span"
      ]
    },
    {
      "owner": [
        "Fun",
        1
      ],
      "path": "Fun[1].body.Structured.body.statements[74].kind.Call.on_unwind.statements[1]",
      "id": 1976,
      "keys": [
        "comments_before",
        "id",
        "kind",
        "span"
      ]
    },
    {
      "owner": [
        "Fun",
        1
      ],
      "path": "Fun[1].body.Structured.body.statements[74].kind.Call.on_unwind.statements[2]",
      "id": 1977,
      "keys": [
        "comments_before",
        "id",
        "kind",
        "span"
      ]
    },
    {
      "owner": [
        "Fun",
        1
      ],
      "path": "Fun[1].body.Structured.body.statements[74].kind.Call.on_unwind.statements[3]",
      "id": 1978,
      "keys": [
        "comments_before",
        "id",
        "kind",
        "span"
      ]
    },
    {
      "owner": [
        "Fun",
        1
      ],
      "path": "Fun[1].body.Structured.body.statements[74].kind.Call.on_unwind.statements[4]",
      "id": 1979,
      "keys": [
        "comments_before",
        "id",
        "kind",
        "span"
      ]
    },
    {
      "owner": [
        "Fun",
        1
      ],
      "path": "Fun[1].body.Structured.body.statements[74].kind.Call.on_unwind.statements[5]",
      "id": 1980,
      "keys": [
        "comments_before",
        "id",
        "kind",
        "span"
      ]
    },
    {
      "owner": [
        "Fun",
        1
      ],
      "path": "Fun[1].body.Structured.body.statements[74].kind.Call.on_unwind.statements[6]",
      "id": 1981,
      "keys": [
        "comments_before",
        "id",
        "kind",
        "span"
      ]
    },
    {
      "owner": [
        "Fun",
        1
      ],
      "path": "Fun[1].body.Structured.body.statements[74].kind.Call.on_unwind.statements[7]",
      "id": 1982,
      "keys": [
        "comments_before",
        "id",
        "kind",
        "span"
      ]
    },
    {
      "owner": [
        "Fun",
        1
      ],
      "path": "Fun[1].body.Structured.body.statements[74].kind.Call.on_unwind.statements[8]",
      "id": 1983,
      "keys": [
        "comments_before",
        "id",
        "kind",
        "span"
      ]
    },
    {
      "owner": [
        "Fun",
        1
      ],
      "path": "Fun[1].body.Structured.body.statements[74].kind.Call.on_unwind.statements[9]",
      "id": 1984,
      "keys": [
        "comments_before",
        "id",
        "kind",
        "span"
      ]
    },
    {
      "owner": [
        "Fun",
        1
      ],
      "path": "Fun[1].body.Structured.body.statements[74].kind.Call.on_unwind.statements[10]",
      "id": 1859,
      "keys": [
        "comments_before",
        "id",
        "kind",
        "span"
      ]
    },
    {
      "owner": [
        "Fun",
        1
      ],
      "path": "Fun[1].body.Structured.body.statements[75]",
      "id": 204,
      "keys": [
        "comments_before",
        "id",
        "kind",
        "span"
      ]
    },
    {
      "owner": [
        "Fun",
        1
      ],
      "path": "Fun[1].body.Structured.body.statements[76]",
      "id": 205,
      "keys": [
        "comments_before",
        "id",
        "kind",
        "span"
      ]
    },
    {
      "owner": [
        "Fun",
        1
      ],
      "path": "Fun[1].body.Structured.body.statements[77]",
      "id": 206,
      "keys": [
        "comments_before",
        "id",
        "kind",
        "span"
      ]
    },
    {
      "owner": [
        "Fun",
        1
      ],
      "path": "Fun[1].body.Structured.body.statements[78]",
      "id": 207,
      "keys": [
        "comments_before",
        "id",
        "kind",
        "span"
      ]
    },
    {
      "owner": [
        "Fun",
        1
      ],
      "path": "Fun[1].body.Structured.body.statements[79]",
      "id": 208,
      "keys": [
        "comments_before",
        "id",
        "kind",
        "span"
      ]
    },
    {
      "owner": [
        "Fun",
        1
      ],
      "path": "Fun[1].body.Structured.body.statements[80]",
      "id": 209,
      "keys": [
        "comments_before",
        "id",
        "kind",
        "span"
      ]
    },
    {
      "owner": [
        "Fun",
        1
      ],
      "path": "Fun[1].body.Structured.body.statements[81]",
      "id": 219,
      "keys": [
        "comments_before",
        "id",
        "kind",
        "span"
      ]
    },
    {
      "owner": [
        "Fun",
        1
      ],
      "path": "Fun[1].body.Structured.body.statements[81].kind.Call.on_unwind.statements[0]",
      "id": 215,
      "keys": [
        "comments_before",
        "id",
        "kind",
        "span"
      ]
    },
    {
      "owner": [
        "Fun",
        1
      ],
      "path": "Fun[1].body.Structured.body.statements[81].kind.Call.on_unwind.statements[1]",
      "id": 216,
      "keys": [
        "comments_before",
        "id",
        "kind",
        "span"
      ]
    },
    {
      "owner": [
        "Fun",
        1
      ],
      "path": "Fun[1].body.Structured.body.statements[81].kind.Call.on_unwind.statements[2]",
      "id": 217,
      "keys": [
        "comments_before",
        "id",
        "kind",
        "span"
      ]
    },
    {
      "owner": [
        "Fun",
        1
      ],
      "path": "Fun[1].body.Structured.body.statements[81].kind.Call.on_unwind.statements[3]",
      "id": 218,
      "keys": [
        "comments_before",
        "id",
        "kind",
        "span"
      ]
    },
    {
      "owner": [
        "Fun",
        1
      ],
      "path": "Fun[1].body.Structured.body.statements[82]",
      "id": 220,
      "keys": [
        "comments_before",
        "id",
        "kind",
        "span"
      ]
    },
    {
      "owner": [
        "Fun",
        1
      ],
      "path": "Fun[1].body.Structured.body.statements[83]",
      "id": 221,
      "keys": [
        "comments_before",
        "id",
        "kind",
        "span"
      ]
    },
    {
      "owner": [
        "Fun",
        1
      ],
      "path": "Fun[1].body.Structured.body.statements[84]",
      "id": 231,
      "keys": [
        "comments_before",
        "id",
        "kind",
        "span"
      ]
    },
    {
      "owner": [
        "Fun",
        1
      ],
      "path": "Fun[1].body.Structured.body.statements[84].kind.Call.on_unwind.statements[0]",
      "id": 227,
      "keys": [
        "comments_before",
        "id",
        "kind",
        "span"
      ]
    },
    {
      "owner": [
        "Fun",
        1
      ],
      "path": "Fun[1].body.Structured.body.statements[84].kind.Call.on_unwind.statements[1]",
      "id": 228,
      "keys": [
        "comments_before",
        "id",
        "kind",
        "span"
      ]
    },
    {
      "owner": [
        "Fun",
        1
      ],
      "path": "Fun[1].body.Structured.body.statements[84].kind.Call.on_unwind.statements[2]",
      "id": 229,
      "keys": [
        "comments_before",
        "id",
        "kind",
        "span"
      ]
    },
    {
      "owner": [
        "Fun",
        1
      ],
      "path": "Fun[1].body.Structured.body.statements[84].kind.Call.on_unwind.statements[3]",
      "id": 230,
      "keys": [
        "comments_before",
        "id",
        "kind",
        "span"
      ]
    },
    {
      "owner": [
        "Fun",
        1
      ],
      "path": "Fun[1].body.Structured.body.statements[85]",
      "id": 232,
      "keys": [
        "comments_before",
        "id",
        "kind",
        "span"
      ]
    },
    {
      "owner": [
        "Fun",
        1
      ],
      "path": "Fun[1].body.Structured.body.statements[86]",
      "id": 233,
      "keys": [
        "comments_before",
        "id",
        "kind",
        "span"
      ]
    },
    {
      "owner": [
        "Fun",
        1
      ],
      "path": "Fun[1].body.Structured.body.statements[87]",
      "id": 234,
      "keys": [
        "comments_before",
        "id",
        "kind",
        "span"
      ]
    },
    {
      "owner": [
        "Fun",
        1
      ],
      "path": "Fun[1].body.Structured.body.statements[88]",
      "id": 235,
      "keys": [
        "comments_before",
        "id",
        "kind",
        "span"
      ]
    },
    {
      "owner": [
        "Fun",
        1
      ],
      "path": "Fun[1].body.Structured.body.statements[89]",
      "id": 236,
      "keys": [
        "comments_before",
        "id",
        "kind",
        "span"
      ]
    },
    {
      "owner": [
        "Fun",
        1
      ],
      "path": "Fun[1].body.Structured.body.statements[90]",
      "id": 237,
      "keys": [
        "comments_before",
        "id",
        "kind",
        "span"
      ]
    },
    {
      "owner": [
        "Fun",
        1
      ],
      "path": "Fun[1].body.Structured.body.statements[91]",
      "id": 238,
      "keys": [
        "comments_before",
        "id",
        "kind",
        "span"
      ]
    },
    {
      "owner": [
        "Fun",
        1
      ],
      "path": "Fun[1].body.Structured.body.statements[92]",
      "id": 239,
      "keys": [
        "comments_before",
        "id",
        "kind",
        "span"
      ]
    },
    {
      "owner": [
        "Fun",
        1
      ],
      "path": "Fun[1].body.Structured.body.statements[93]",
      "id": 249,
      "keys": [
        "comments_before",
        "id",
        "kind",
        "span"
      ]
    },
    {
      "owner": [
        "Fun",
        1
      ],
      "path": "Fun[1].body.Structured.body.statements[93].kind.Call.on_unwind.statements[0]",
      "id": 245,
      "keys": [
        "comments_before",
        "id",
        "kind",
        "span"
      ]
    },
    {
      "owner": [
        "Fun",
        1
      ],
      "path": "Fun[1].body.Structured.body.statements[93].kind.Call.on_unwind.statements[1]",
      "id": 246,
      "keys": [
        "comments_before",
        "id",
        "kind",
        "span"
      ]
    },
    {
      "owner": [
        "Fun",
        1
      ],
      "path": "Fun[1].body.Structured.body.statements[93].kind.Call.on_unwind.statements[2]",
      "id": 247,
      "keys": [
        "comments_before",
        "id",
        "kind",
        "span"
      ]
    },
    {
      "owner": [
        "Fun",
        1
      ],
      "path": "Fun[1].body.Structured.body.statements[93].kind.Call.on_unwind.statements[3]",
      "id": 248,
      "keys": [
        "comments_before",
        "id",
        "kind",
        "span"
      ]
    },
    {
      "owner": [
        "Fun",
        1
      ],
      "path": "Fun[1].body.Structured.body.statements[94]",
      "id": 250,
      "keys": [
        "comments_before",
        "id",
        "kind",
        "span"
      ]
    },
    {
      "owner": [
        "Fun",
        1
      ],
      "path": "Fun[1].body.Structured.body.statements[95]",
      "id": 251,
      "keys": [
        "comments_before",
        "id",
        "kind",
        "span"
      ]
    },
    {
      "owner": [
        "Fun",
        1
      ],
      "path": "Fun[1].body.Structured.body.statements[96]",
      "id": 252,
      "keys": [
        "comments_before",
        "id",
        "kind",
        "span"
      ]
    },
    {
      "owner": [
        "Fun",
        1
      ],
      "path": "Fun[1].body.Structured.body.statements[97]",
      "id": 253,
      "keys": [
        "comments_before",
        "id",
        "kind",
        "span"
      ]
    },
    {
      "owner": [
        "Fun",
        1
      ],
      "path": "Fun[1].body.Structured.body.statements[98]",
      "id": 254,
      "keys": [
        "comments_before",
        "id",
        "kind",
        "span"
      ]
    },
    {
      "owner": [
        "Fun",
        1
      ],
      "path": "Fun[1].body.Structured.body.statements[99]",
      "id": 255,
      "keys": [
        "comments_before",
        "id",
        "kind",
        "span"
      ]
    },
    {
      "owner": [
        "Fun",
        1
      ],
      "path": "Fun[1].body.Structured.body.statements[100]",
      "id": 256,
      "keys": [
        "comments_before",
        "id",
        "kind",
        "span"
      ]
    },
    {
      "owner": [
        "Fun",
        1
      ],
      "path": "Fun[1].body.Structured.body.statements[101]",
      "id": 266,
      "keys": [
        "comments_before",
        "id",
        "kind",
        "span"
      ]
    },
    {
      "owner": [
        "Fun",
        1
      ],
      "path": "Fun[1].body.Structured.body.statements[101].kind.Call.on_unwind.statements[0]",
      "id": 262,
      "keys": [
        "comments_before",
        "id",
        "kind",
        "span"
      ]
    },
    {
      "owner": [
        "Fun",
        1
      ],
      "path": "Fun[1].body.Structured.body.statements[101].kind.Call.on_unwind.statements[1]",
      "id": 263,
      "keys": [
        "comments_before",
        "id",
        "kind",
        "span"
      ]
    },
    {
      "owner": [
        "Fun",
        1
      ],
      "path": "Fun[1].body.Structured.body.statements[101].kind.Call.on_unwind.statements[2]",
      "id": 264,
      "keys": [
        "comments_before",
        "id",
        "kind",
        "span"
      ]
    },
    {
      "owner": [
        "Fun",
        1
      ],
      "path": "Fun[1].body.Structured.body.statements[101].kind.Call.on_unwind.statements[3]",
      "id": 265,
      "keys": [
        "comments_before",
        "id",
        "kind",
        "span"
      ]
    },
    {
      "owner": [
        "Fun",
        1
      ],
      "path": "Fun[1].body.Structured.body.statements[102]",
      "id": 267,
      "keys": [
        "comments_before",
        "id",
        "kind",
        "span"
      ]
    },
    {
      "owner": [
        "Fun",
        1
      ],
      "path": "Fun[1].body.Structured.body.statements[103]",
      "id": 268,
      "keys": [
        "comments_before",
        "id",
        "kind",
        "span"
      ]
    },
    {
      "owner": [
        "Fun",
        1
      ],
      "path": "Fun[1].body.Structured.body.statements[104]",
      "id": 269,
      "keys": [
        "comments_before",
        "id",
        "kind",
        "span"
      ]
    },
    {
      "owner": [
        "Fun",
        1
      ],
      "path": "Fun[1].body.Structured.body.statements[105]",
      "id": 270,
      "keys": [
        "comments_before",
        "id",
        "kind",
        "span"
      ]
    },
    {
      "owner": [
        "Fun",
        1
      ],
      "path": "Fun[1].body.Structured.body.statements[106]",
      "id": 271,
      "keys": [
        "comments_before",
        "id",
        "kind",
        "span"
      ]
    },
    {
      "owner": [
        "Fun",
        1
      ],
      "path": "Fun[1].body.Structured.body.statements[107]",
      "id": 272,
      "keys": [
        "comments_before",
        "id",
        "kind",
        "span"
      ]
    },
    {
      "owner": [
        "Fun",
        1
      ],
      "path": "Fun[1].body.Structured.body.statements[108]",
      "id": 273,
      "keys": [
        "comments_before",
        "id",
        "kind",
        "span"
      ]
    },
    {
      "owner": [
        "Fun",
        1
      ],
      "path": "Fun[1].body.Structured.body.statements[109]",
      "id": 283,
      "keys": [
        "comments_before",
        "id",
        "kind",
        "span"
      ]
    },
    {
      "owner": [
        "Fun",
        1
      ],
      "path": "Fun[1].body.Structured.body.statements[109].kind.Call.on_unwind.statements[0]",
      "id": 279,
      "keys": [
        "comments_before",
        "id",
        "kind",
        "span"
      ]
    },
    {
      "owner": [
        "Fun",
        1
      ],
      "path": "Fun[1].body.Structured.body.statements[109].kind.Call.on_unwind.statements[1]",
      "id": 280,
      "keys": [
        "comments_before",
        "id",
        "kind",
        "span"
      ]
    },
    {
      "owner": [
        "Fun",
        1
      ],
      "path": "Fun[1].body.Structured.body.statements[109].kind.Call.on_unwind.statements[2]",
      "id": 281,
      "keys": [
        "comments_before",
        "id",
        "kind",
        "span"
      ]
    },
    {
      "owner": [
        "Fun",
        1
      ],
      "path": "Fun[1].body.Structured.body.statements[109].kind.Call.on_unwind.statements[3]",
      "id": 282,
      "keys": [
        "comments_before",
        "id",
        "kind",
        "span"
      ]
    },
    {
      "owner": [
        "Fun",
        1
      ],
      "path": "Fun[1].body.Structured.body.statements[110]",
      "id": 284,
      "keys": [
        "comments_before",
        "id",
        "kind",
        "span"
      ]
    },
    {
      "owner": [
        "Fun",
        1
      ],
      "path": "Fun[1].body.Structured.body.statements[111]",
      "id": 285,
      "keys": [
        "comments_before",
        "id",
        "kind",
        "span"
      ]
    },
    {
      "owner": [
        "Fun",
        1
      ],
      "path": "Fun[1].body.Structured.body.statements[112]",
      "id": 286,
      "keys": [
        "comments_before",
        "id",
        "kind",
        "span"
      ]
    },
    {
      "owner": [
        "Fun",
        1
      ],
      "path": "Fun[1].body.Structured.body.statements[113]",
      "id": 287,
      "keys": [
        "comments_before",
        "id",
        "kind",
        "span"
      ]
    },
    {
      "owner": [
        "Fun",
        1
      ],
      "path": "Fun[1].body.Structured.body.statements[114]",
      "id": 288,
      "keys": [
        "comments_before",
        "id",
        "kind",
        "span"
      ]
    },
    {
      "owner": [
        "Fun",
        1
      ],
      "path": "Fun[1].body.Structured.body.statements[115]",
      "id": 289,
      "keys": [
        "comments_before",
        "id",
        "kind",
        "span"
      ]
    },
    {
      "owner": [
        "Fun",
        1
      ],
      "path": "Fun[1].body.Structured.body.statements[116]",
      "id": 290,
      "keys": [
        "comments_before",
        "id",
        "kind",
        "span"
      ]
    },
    {
      "owner": [
        "Fun",
        1
      ],
      "path": "Fun[1].body.Structured.body.statements[117]",
      "id": 300,
      "keys": [
        "comments_before",
        "id",
        "kind",
        "span"
      ]
    },
    {
      "owner": [
        "Fun",
        1
      ],
      "path": "Fun[1].body.Structured.body.statements[117].kind.Call.on_unwind.statements[0]",
      "id": 296,
      "keys": [
        "comments_before",
        "id",
        "kind",
        "span"
      ]
    },
    {
      "owner": [
        "Fun",
        1
      ],
      "path": "Fun[1].body.Structured.body.statements[117].kind.Call.on_unwind.statements[1]",
      "id": 297,
      "keys": [
        "comments_before",
        "id",
        "kind",
        "span"
      ]
    },
    {
      "owner": [
        "Fun",
        1
      ],
      "path": "Fun[1].body.Structured.body.statements[117].kind.Call.on_unwind.statements[2]",
      "id": 298,
      "keys": [
        "comments_before",
        "id",
        "kind",
        "span"
      ]
    },
    {
      "owner": [
        "Fun",
        1
      ],
      "path": "Fun[1].body.Structured.body.statements[117].kind.Call.on_unwind.statements[3]",
      "id": 299,
      "keys": [
        "comments_before",
        "id",
        "kind",
        "span"
      ]
    },
    {
      "owner": [
        "Fun",
        1
      ],
      "path": "Fun[1].body.Structured.body.statements[118]",
      "id": 301,
      "keys": [
        "comments_before",
        "id",
        "kind",
        "span"
      ]
    },
    {
      "owner": [
        "Fun",
        1
      ],
      "path": "Fun[1].body.Structured.body.statements[119]",
      "id": 302,
      "keys": [
        "comments_before",
        "id",
        "kind",
        "span"
      ]
    },
    {
      "owner": [
        "Fun",
        1
      ],
      "path": "Fun[1].body.Structured.body.statements[120]",
      "id": 303,
      "keys": [
        "comments_before",
        "id",
        "kind",
        "span"
      ]
    },
    {
      "owner": [
        "Fun",
        1
      ],
      "path": "Fun[1].body.Structured.body.statements[121]",
      "id": 304,
      "keys": [
        "comments_before",
        "id",
        "kind",
        "span"
      ]
    },
    {
      "owner": [
        "Fun",
        1
      ],
      "path": "Fun[1].body.Structured.body.statements[122]",
      "id": 305,
      "keys": [
        "comments_before",
        "id",
        "kind",
        "span"
      ]
    },
    {
      "owner": [
        "Fun",
        1
      ],
      "path": "Fun[1].body.Structured.body.statements[123]",
      "id": 306,
      "keys": [
        "comments_before",
        "id",
        "kind",
        "span"
      ]
    },
    {
      "owner": [
        "Fun",
        1
      ],
      "path": "Fun[1].body.Structured.body.statements[124]",
      "id": 307,
      "keys": [
        "comments_before",
        "id",
        "kind",
        "span"
      ]
    },
    {
      "owner": [
        "Fun",
        1
      ],
      "path": "Fun[1].body.Structured.body.statements[125]",
      "id": 317,
      "keys": [
        "comments_before",
        "id",
        "kind",
        "span"
      ]
    },
    {
      "owner": [
        "Fun",
        1
      ],
      "path": "Fun[1].body.Structured.body.statements[125].kind.Call.on_unwind.statements[0]",
      "id": 313,
      "keys": [
        "comments_before",
        "id",
        "kind",
        "span"
      ]
    },
    {
      "owner": [
        "Fun",
        1
      ],
      "path": "Fun[1].body.Structured.body.statements[125].kind.Call.on_unwind.statements[1]",
      "id": 314,
      "keys": [
        "comments_before",
        "id",
        "kind",
        "span"
      ]
    },
    {
      "owner": [
        "Fun",
        1
      ],
      "path": "Fun[1].body.Structured.body.statements[125].kind.Call.on_unwind.statements[2]",
      "id": 315,
      "keys": [
        "comments_before",
        "id",
        "kind",
        "span"
      ]
    },
    {
      "owner": [
        "Fun",
        1
      ],
      "path": "Fun[1].body.Structured.body.statements[125].kind.Call.on_unwind.statements[3]",
      "id": 316,
      "keys": [
        "comments_before",
        "id",
        "kind",
        "span"
      ]
    },
    {
      "owner": [
        "Fun",
        1
      ],
      "path": "Fun[1].body.Structured.body.statements[126]",
      "id": 318,
      "keys": [
        "comments_before",
        "id",
        "kind",
        "span"
      ]
    },
    {
      "owner": [
        "Fun",
        1
      ],
      "path": "Fun[1].body.Structured.body.statements[127]",
      "id": 319,
      "keys": [
        "comments_before",
        "id",
        "kind",
        "span"
      ]
    },
    {
      "owner": [
        "Fun",
        1
      ],
      "path": "Fun[1].body.Structured.body.statements[128]",
      "id": 320,
      "keys": [
        "comments_before",
        "id",
        "kind",
        "span"
      ]
    },
    {
      "owner": [
        "Fun",
        1
      ],
      "path": "Fun[1].body.Structured.body.statements[129]",
      "id": 321,
      "keys": [
        "comments_before",
        "id",
        "kind",
        "span"
      ]
    },
    {
      "owner": [
        "Fun",
        1
      ],
      "path": "Fun[1].body.Structured.body.statements[130]",
      "id": 322,
      "keys": [
        "comments_before",
        "id",
        "kind",
        "span"
      ]
    },
    {
      "owner": [
        "Fun",
        1
      ],
      "path": "Fun[1].body.Structured.body.statements[131]",
      "id": 323,
      "keys": [
        "comments_before",
        "id",
        "kind",
        "span"
      ]
    },
    {
      "owner": [
        "Fun",
        1
      ],
      "path": "Fun[1].body.Structured.body.statements[132]",
      "id": 324,
      "keys": [
        "comments_before",
        "id",
        "kind",
        "span"
      ]
    },
    {
      "owner": [
        "Fun",
        1
      ],
      "path": "Fun[1].body.Structured.body.statements[133]",
      "id": 334,
      "keys": [
        "comments_before",
        "id",
        "kind",
        "span"
      ]
    },
    {
      "owner": [
        "Fun",
        1
      ],
      "path": "Fun[1].body.Structured.body.statements[133].kind.Call.on_unwind.statements[0]",
      "id": 330,
      "keys": [
        "comments_before",
        "id",
        "kind",
        "span"
      ]
    },
    {
      "owner": [
        "Fun",
        1
      ],
      "path": "Fun[1].body.Structured.body.statements[133].kind.Call.on_unwind.statements[1]",
      "id": 331,
      "keys": [
        "comments_before",
        "id",
        "kind",
        "span"
      ]
    },
    {
      "owner": [
        "Fun",
        1
      ],
      "path": "Fun[1].body.Structured.body.statements[133].kind.Call.on_unwind.statements[2]",
      "id": 332,
      "keys": [
        "comments_before",
        "id",
        "kind",
        "span"
      ]
    },
    {
      "owner": [
        "Fun",
        1
      ],
      "path": "Fun[1].body.Structured.body.statements[133].kind.Call.on_unwind.statements[3]",
      "id": 333,
      "keys": [
        "comments_before",
        "id",
        "kind",
        "span"
      ]
    },
    {
      "owner": [
        "Fun",
        1
      ],
      "path": "Fun[1].body.Structured.body.statements[134]",
      "id": 335,
      "keys": [
        "comments_before",
        "id",
        "kind",
        "span"
      ]
    },
    {
      "owner": [
        "Fun",
        1
      ],
      "path": "Fun[1].body.Structured.body.statements[135]",
      "id": 336,
      "keys": [
        "comments_before",
        "id",
        "kind",
        "span"
      ]
    },
    {
      "owner": [
        "Fun",
        1
      ],
      "path": "Fun[1].body.Structured.body.statements[136]",
      "id": 337,
      "keys": [
        "comments_before",
        "id",
        "kind",
        "span"
      ]
    },
    {
      "owner": [
        "Fun",
        1
      ],
      "path": "Fun[1].body.Structured.body.statements[137]",
      "id": 338,
      "keys": [
        "comments_before",
        "id",
        "kind",
        "span"
      ]
    },
    {
      "owner": [
        "Fun",
        1
      ],
      "path": "Fun[1].body.Structured.body.statements[138]",
      "id": 339,
      "keys": [
        "comments_before",
        "id",
        "kind",
        "span"
      ]
    },
    {
      "owner": [
        "Fun",
        1
      ],
      "path": "Fun[1].body.Structured.body.statements[139]",
      "id": 340,
      "keys": [
        "comments_before",
        "id",
        "kind",
        "span"
      ]
    },
    {
      "owner": [
        "Fun",
        1
      ],
      "path": "Fun[1].body.Structured.body.statements[140]",
      "id": 341,
      "keys": [
        "comments_before",
        "id",
        "kind",
        "span"
      ]
    },
    {
      "owner": [
        "Fun",
        1
      ],
      "path": "Fun[1].body.Structured.body.statements[141]",
      "id": 351,
      "keys": [
        "comments_before",
        "id",
        "kind",
        "span"
      ]
    },
    {
      "owner": [
        "Fun",
        1
      ],
      "path": "Fun[1].body.Structured.body.statements[141].kind.Call.on_unwind.statements[0]",
      "id": 347,
      "keys": [
        "comments_before",
        "id",
        "kind",
        "span"
      ]
    },
    {
      "owner": [
        "Fun",
        1
      ],
      "path": "Fun[1].body.Structured.body.statements[141].kind.Call.on_unwind.statements[1]",
      "id": 348,
      "keys": [
        "comments_before",
        "id",
        "kind",
        "span"
      ]
    },
    {
      "owner": [
        "Fun",
        1
      ],
      "path": "Fun[1].body.Structured.body.statements[141].kind.Call.on_unwind.statements[2]",
      "id": 349,
      "keys": [
        "comments_before",
        "id",
        "kind",
        "span"
      ]
    },
    {
      "owner": [
        "Fun",
        1
      ],
      "path": "Fun[1].body.Structured.body.statements[141].kind.Call.on_unwind.statements[3]",
      "id": 350,
      "keys": [
        "comments_before",
        "id",
        "kind",
        "span"
      ]
    },
    {
      "owner": [
        "Fun",
        1
      ],
      "path": "Fun[1].body.Structured.body.statements[142]",
      "id": 352,
      "keys": [
        "comments_before",
        "id",
        "kind",
        "span"
      ]
    },
    {
      "owner": [
        "Fun",
        1
      ],
      "path": "Fun[1].body.Structured.body.statements[143]",
      "id": 353,
      "keys": [
        "comments_before",
        "id",
        "kind",
        "span"
      ]
    },
    {
      "owner": [
        "Fun",
        1
      ],
      "path": "Fun[1].body.Structured.body.statements[144]",
      "id": 354,
      "keys": [
        "comments_before",
        "id",
        "kind",
        "span"
      ]
    },
    {
      "owner": [
        "Fun",
        1
      ],
      "path": "Fun[1].body.Structured.body.statements[145]",
      "id": 355,
      "keys": [
        "comments_before",
        "id",
        "kind",
        "span"
      ]
    },
    {
      "owner": [
        "Fun",
        1
      ],
      "path": "Fun[1].body.Structured.body.statements[146]",
      "id": 356,
      "keys": [
        "comments_before",
        "id",
        "kind",
        "span"
      ]
    },
    {
      "owner": [
        "Fun",
        1
      ],
      "path": "Fun[1].body.Structured.body.statements[147]",
      "id": 357,
      "keys": [
        "comments_before",
        "id",
        "kind",
        "span"
      ]
    },
    {
      "owner": [
        "Fun",
        1
      ],
      "path": "Fun[1].body.Structured.body.statements[148]",
      "id": 358,
      "keys": [
        "comments_before",
        "id",
        "kind",
        "span"
      ]
    },
    {
      "owner": [
        "Fun",
        1
      ],
      "path": "Fun[1].body.Structured.body.statements[149]",
      "id": 368,
      "keys": [
        "comments_before",
        "id",
        "kind",
        "span"
      ]
    },
    {
      "owner": [
        "Fun",
        1
      ],
      "path": "Fun[1].body.Structured.body.statements[149].kind.Call.on_unwind.statements[0]",
      "id": 364,
      "keys": [
        "comments_before",
        "id",
        "kind",
        "span"
      ]
    },
    {
      "owner": [
        "Fun",
        1
      ],
      "path": "Fun[1].body.Structured.body.statements[149].kind.Call.on_unwind.statements[1]",
      "id": 365,
      "keys": [
        "comments_before",
        "id",
        "kind",
        "span"
      ]
    },
    {
      "owner": [
        "Fun",
        1
      ],
      "path": "Fun[1].body.Structured.body.statements[149].kind.Call.on_unwind.statements[2]",
      "id": 366,
      "keys": [
        "comments_before",
        "id",
        "kind",
        "span"
      ]
    },
    {
      "owner": [
        "Fun",
        1
      ],
      "path": "Fun[1].body.Structured.body.statements[149].kind.Call.on_unwind.statements[3]",
      "id": 367,
      "keys": [
        "comments_before",
        "id",
        "kind",
        "span"
      ]
    },
    {
      "owner": [
        "Fun",
        1
      ],
      "path": "Fun[1].body.Structured.body.statements[150]",
      "id": 369,
      "keys": [
        "comments_before",
        "id",
        "kind",
        "span"
      ]
    },
    {
      "owner": [
        "Fun",
        1
      ],
      "path": "Fun[1].body.Structured.body.statements[151]",
      "id": 370,
      "keys": [
        "comments_before",
        "id",
        "kind",
        "span"
      ]
    },
    {
      "owner": [
        "Fun",
        1
      ],
      "path": "Fun[1].body.Structured.body.statements[152]",
      "id": 371,
      "keys": [
        "comments_before",
        "id",
        "kind",
        "span"
      ]
    },
    {
      "owner": [
        "Fun",
        1
      ],
      "path": "Fun[1].body.Structured.body.statements[153]",
      "id": 372,
      "keys": [
        "comments_before",
        "id",
        "kind",
        "span"
      ]
    },
    {
      "owner": [
        "Fun",
        1
      ],
      "path": "Fun[1].body.Structured.body.statements[154]",
      "id": 373,
      "keys": [
        "comments_before",
        "id",
        "kind",
        "span"
      ]
    },
    {
      "owner": [
        "Fun",
        1
      ],
      "path": "Fun[1].body.Structured.body.statements[155]",
      "id": 374,
      "keys": [
        "comments_before",
        "id",
        "kind",
        "span"
      ]
    },
    {
      "owner": [
        "Fun",
        1
      ],
      "path": "Fun[1].body.Structured.body.statements[156]",
      "id": 375,
      "keys": [
        "comments_before",
        "id",
        "kind",
        "span"
      ]
    },
    {
      "owner": [
        "Fun",
        1
      ],
      "path": "Fun[1].body.Structured.body.statements[157]",
      "id": 376,
      "keys": [
        "comments_before",
        "id",
        "kind",
        "span"
      ]
    },
    {
      "owner": [
        "Fun",
        1
      ],
      "path": "Fun[1].body.Structured.body.statements[158]",
      "id": 377,
      "keys": [
        "comments_before",
        "id",
        "kind",
        "span"
      ]
    },
    {
      "owner": [
        "Fun",
        1
      ],
      "path": "Fun[1].body.Structured.body.statements[159]",
      "id": 378,
      "keys": [
        "comments_before",
        "id",
        "kind",
        "span"
      ]
    },
    {
      "owner": [
        "Fun",
        1
      ],
      "path": "Fun[1].body.Structured.body.statements[160]",
      "id": 379,
      "keys": [
        "comments_before",
        "id",
        "kind",
        "span"
      ]
    },
    {
      "owner": [
        "Fun",
        1
      ],
      "path": "Fun[1].body.Structured.body.statements[161]",
      "id": 380,
      "keys": [
        "comments_before",
        "id",
        "kind",
        "span"
      ]
    },
    {
      "owner": [
        "Fun",
        1
      ],
      "path": "Fun[1].body.Structured.body.statements[162]",
      "id": 381,
      "keys": [
        "comments_before",
        "id",
        "kind",
        "span"
      ]
    },
    {
      "owner": [
        "Fun",
        1
      ],
      "path": "Fun[1].body.Structured.body.statements[163]",
      "id": 382,
      "keys": [
        "comments_before",
        "id",
        "kind",
        "span"
      ]
    },
    {
      "owner": [
        "Fun",
        1
      ],
      "path": "Fun[1].body.Structured.body.statements[164]",
      "id": 383,
      "keys": [
        "comments_before",
        "id",
        "kind",
        "span"
      ]
    },
    {
      "owner": [
        "Fun",
        1
      ],
      "path": "Fun[1].body.Structured.body.statements[165]",
      "id": 384,
      "keys": [
        "comments_before",
        "id",
        "kind",
        "span"
      ]
    },
    {
      "owner": [
        "Fun",
        1
      ],
      "path": "Fun[1].body.Structured.body.statements[166]",
      "id": 390,
      "keys": [
        "comments_before",
        "id",
        "kind",
        "span"
      ]
    },
    {
      "owner": [
        "Fun",
        1
      ],
      "path": "Fun[1].body.Structured.body.statements[167]",
      "id": 391,
      "keys": [
        "comments_before",
        "id",
        "kind",
        "span"
      ]
    },
    {
      "owner": [
        "Fun",
        1
      ],
      "path": "Fun[1].body.Structured.body.statements[168]",
      "id": 392,
      "keys": [
        "comments_before",
        "id",
        "kind",
        "span"
      ]
    },
    {
      "owner": [
        "Fun",
        1
      ],
      "path": "Fun[1].body.Structured.body.statements[169]",
      "id": 1985,
      "keys": [
        "comments_before",
        "id",
        "kind",
        "span"
      ]
    },
    {
      "owner": [
        "Fun",
        1
      ],
      "path": "Fun[1].body.Structured.body.statements[170]",
      "id": 1986,
      "keys": [
        "comments_before",
        "id",
        "kind",
        "span"
      ]
    },
    {
      "owner": [
        "Fun",
        1
      ],
      "path": "Fun[1].body.Structured.body.statements[171]",
      "id": 1987,
      "keys": [
        "comments_before",
        "id",
        "kind",
        "span"
      ]
    },
    {
      "owner": [
        "Fun",
        1
      ],
      "path": "Fun[1].body.Structured.body.statements[172]",
      "id": 1988,
      "keys": [
        "comments_before",
        "id",
        "kind",
        "span"
      ]
    },
    {
      "owner": [
        "Fun",
        1
      ],
      "path": "Fun[1].body.Structured.body.statements[173]",
      "id": 1989,
      "keys": [
        "comments_before",
        "id",
        "kind",
        "span"
      ]
    },
    {
      "owner": [
        "Fun",
        1
      ],
      "path": "Fun[1].body.Structured.body.statements[174]",
      "id": 1990,
      "keys": [
        "comments_before",
        "id",
        "kind",
        "span"
      ]
    },
    {
      "owner": [
        "Fun",
        1
      ],
      "path": "Fun[1].body.Structured.body.statements[175]",
      "id": 1991,
      "keys": [
        "comments_before",
        "id",
        "kind",
        "span"
      ]
    },
    {
      "owner": [
        "Fun",
        1
      ],
      "path": "Fun[1].body.Structured.body.statements[176]",
      "id": 1992,
      "keys": [
        "comments_before",
        "id",
        "kind",
        "span"
      ]
    },
    {
      "owner": [
        "Fun",
        1
      ],
      "path": "Fun[1].body.Structured.body.statements[177]",
      "id": 1993,
      "keys": [
        "comments_before",
        "id",
        "kind",
        "span"
      ]
    },
    {
      "owner": [
        "Fun",
        1
      ],
      "path": "Fun[1].body.Structured.body.statements[178]",
      "id": 1994,
      "keys": [
        "comments_before",
        "id",
        "kind",
        "span"
      ]
    },
    {
      "owner": [
        "Fun",
        1
      ],
      "path": "Fun[1].body.Structured.body.statements[179]",
      "id": 393,
      "keys": [
        "comments_before",
        "id",
        "kind",
        "span"
      ]
    },
    {
      "owner": [
        "Fun",
        9
      ],
      "path": "Fun[9].body.Structured.body.statements[0]",
      "id": 1040,
      "keys": [
        "comments_before",
        "id",
        "kind",
        "span"
      ]
    },
    {
      "owner": [
        "Fun",
        9
      ],
      "path": "Fun[9].body.Structured.body.statements[1]",
      "id": 1041,
      "keys": [
        "comments_before",
        "id",
        "kind",
        "span"
      ]
    },
    {
      "owner": [
        "Fun",
        9
      ],
      "path": "Fun[9].body.Structured.body.statements[2]",
      "id": 1042,
      "keys": [
        "comments_before",
        "id",
        "kind",
        "span"
      ]
    },
    {
      "owner": [
        "Fun",
        9
      ],
      "path": "Fun[9].body.Structured.body.statements[3]",
      "id": 1043,
      "keys": [
        "comments_before",
        "id",
        "kind",
        "span"
      ]
    },
    {
      "owner": [
        "Fun",
        9
      ],
      "path": "Fun[9].body.Structured.body.statements[4]",
      "id": 1044,
      "keys": [
        "comments_before",
        "id",
        "kind",
        "span"
      ]
    },
    {
      "owner": [
        "Fun",
        9
      ],
      "path": "Fun[9].body.Structured.body.statements[5]",
      "id": 1045,
      "keys": [
        "comments_before",
        "id",
        "kind",
        "span"
      ]
    },
    {
      "owner": [
        "Fun",
        9
      ],
      "path": "Fun[9].body.Structured.body.statements[6]",
      "id": 1049,
      "keys": [
        "comments_before",
        "id",
        "kind",
        "span"
      ]
    },
    {
      "owner": [
        "Fun",
        9
      ],
      "path": "Fun[9].body.Structured.body.statements[6].kind.Call.on_unwind.statements[0]",
      "id": 1046,
      "keys": [
        "comments_before",
        "id",
        "kind",
        "span"
      ]
    },
    {
      "owner": [
        "Fun",
        9
      ],
      "path": "Fun[9].body.Structured.body.statements[6].kind.Call.on_unwind.statements[1]",
      "id": 1047,
      "keys": [
        "comments_before",
        "id",
        "kind",
        "span"
      ]
    },
    {
      "owner": [
        "Fun",
        9
      ],
      "path": "Fun[9].body.Structured.body.statements[6].kind.Call.on_unwind.statements[2]",
      "id": 1048,
      "keys": [
        "comments_before",
        "id",
        "kind",
        "span"
      ]
    },
    {
      "owner": [
        "Fun",
        9
      ],
      "path": "Fun[9].body.Structured.body.statements[7]",
      "id": 1050,
      "keys": [
        "comments_before",
        "id",
        "kind",
        "span"
      ]
    },
    {
      "owner": [
        "Fun",
        9
      ],
      "path": "Fun[9].body.Structured.body.statements[8]",
      "id": 1051,
      "keys": [
        "comments_before",
        "id",
        "kind",
        "span"
      ]
    },
    {
      "owner": [
        "Fun",
        9
      ],
      "path": "Fun[9].body.Structured.body.statements[9]",
      "id": 1052,
      "keys": [
        "comments_before",
        "id",
        "kind",
        "span"
      ]
    },
    {
      "owner": [
        "Fun",
        9
      ],
      "path": "Fun[9].body.Structured.body.statements[10]",
      "id": 1053,
      "keys": [
        "comments_before",
        "id",
        "kind",
        "span"
      ]
    },
    {
      "owner": [
        "Fun",
        9
      ],
      "path": "Fun[9].body.Structured.body.statements[11]",
      "id": 1054,
      "keys": [
        "comments_before",
        "id",
        "kind",
        "span"
      ]
    },
    {
      "owner": [
        "Fun",
        9
      ],
      "path": "Fun[9].body.Structured.body.statements[12]",
      "id": 1055,
      "keys": [
        "comments_before",
        "id",
        "kind",
        "span"
      ]
    },
    {
      "owner": [
        "Fun",
        9
      ],
      "path": "Fun[9].body.Structured.body.statements[13]",
      "id": 1056,
      "keys": [
        "comments_before",
        "id",
        "kind",
        "span"
      ]
    },
    {
      "owner": [
        "Fun",
        9
      ],
      "path": "Fun[9].body.Structured.body.statements[14]",
      "id": 1060,
      "keys": [
        "comments_before",
        "id",
        "kind",
        "span"
      ]
    },
    {
      "owner": [
        "Fun",
        9
      ],
      "path": "Fun[9].body.Structured.body.statements[14].kind.Call.on_unwind.statements[0]",
      "id": 1057,
      "keys": [
        "comments_before",
        "id",
        "kind",
        "span"
      ]
    },
    {
      "owner": [
        "Fun",
        9
      ],
      "path": "Fun[9].body.Structured.body.statements[14].kind.Call.on_unwind.statements[1]",
      "id": 1058,
      "keys": [
        "comments_before",
        "id",
        "kind",
        "span"
      ]
    },
    {
      "owner": [
        "Fun",
        9
      ],
      "path": "Fun[9].body.Structured.body.statements[14].kind.Call.on_unwind.statements[2]",
      "id": 1059,
      "keys": [
        "comments_before",
        "id",
        "kind",
        "span"
      ]
    },
    {
      "owner": [
        "Fun",
        9
      ],
      "path": "Fun[9].body.Structured.body.statements[15]",
      "id": 1061,
      "keys": [
        "comments_before",
        "id",
        "kind",
        "span"
      ]
    },
    {
      "owner": [
        "Fun",
        9
      ],
      "path": "Fun[9].body.Structured.body.statements[16]",
      "id": 1062,
      "keys": [
        "comments_before",
        "id",
        "kind",
        "span"
      ]
    },
    {
      "owner": [
        "Fun",
        9
      ],
      "path": "Fun[9].body.Structured.body.statements[17]",
      "id": 1063,
      "keys": [
        "comments_before",
        "id",
        "kind",
        "span"
      ]
    },
    {
      "owner": [
        "Fun",
        9
      ],
      "path": "Fun[9].body.Structured.body.statements[18]",
      "id": 1064,
      "keys": [
        "comments_before",
        "id",
        "kind",
        "span"
      ]
    },
    {
      "owner": [
        "Fun",
        9
      ],
      "path": "Fun[9].body.Structured.body.statements[19]",
      "id": 1065,
      "keys": [
        "comments_before",
        "id",
        "kind",
        "span"
      ]
    },
    {
      "owner": [
        "Fun",
        9
      ],
      "path": "Fun[9].body.Structured.body.statements[20]",
      "id": 1066,
      "keys": [
        "comments_before",
        "id",
        "kind",
        "span"
      ]
    },
    {
      "owner": [
        "Fun",
        9
      ],
      "path": "Fun[9].body.Structured.body.statements[21]",
      "id": 1067,
      "keys": [
        "comments_before",
        "id",
        "kind",
        "span"
      ]
    },
    {
      "owner": [
        "Fun",
        9
      ],
      "path": "Fun[9].body.Structured.body.statements[22]",
      "id": 1068,
      "keys": [
        "comments_before",
        "id",
        "kind",
        "span"
      ]
    },
    {
      "owner": [
        "Fun",
        2
      ],
      "path": "Fun[2].body.Structured.body.statements[0]",
      "id": 394,
      "keys": [
        "comments_before",
        "id",
        "kind",
        "span"
      ]
    },
    {
      "owner": [
        "Fun",
        2
      ],
      "path": "Fun[2].body.Structured.body.statements[1]",
      "id": 400,
      "keys": [
        "comments_before",
        "id",
        "kind",
        "span"
      ]
    },
    {
      "owner": [
        "Fun",
        2
      ],
      "path": "Fun[2].body.Structured.body.statements[2]",
      "id": 401,
      "keys": [
        "comments_before",
        "id",
        "kind",
        "span"
      ]
    },
    {
      "owner": [
        "Fun",
        2
      ],
      "path": "Fun[2].body.Structured.body.statements[3]",
      "id": 402,
      "keys": [
        "comments_before",
        "id",
        "kind",
        "span"
      ]
    },
    {
      "owner": [
        "Fun",
        2
      ],
      "path": "Fun[2].body.Structured.body.statements[4]",
      "id": 403,
      "keys": [
        "comments_before",
        "id",
        "kind",
        "span"
      ]
    },
    {
      "owner": [
        "Fun",
        2
      ],
      "path": "Fun[2].body.Structured.body.statements[5]",
      "id": 411,
      "keys": [
        "comments_before",
        "id",
        "kind",
        "span"
      ]
    },
    {
      "owner": [
        "Fun",
        2
      ],
      "path": "Fun[2].body.Structured.body.statements[5].kind.Call.on_unwind.statements[0]",
      "id": 409,
      "keys": [
        "comments_before",
        "id",
        "kind",
        "span"
      ]
    },
    {
      "owner": [
        "Fun",
        2
      ],
      "path": "Fun[2].body.Structured.body.statements[5].kind.Call.on_unwind.statements[1]",
      "id": 410,
      "keys": [
        "comments_before",
        "id",
        "kind",
        "span"
      ]
    },
    {
      "owner": [
        "Fun",
        2
      ],
      "path": "Fun[2].body.Structured.body.statements[6]",
      "id": 412,
      "keys": [
        "comments_before",
        "id",
        "kind",
        "span"
      ]
    },
    {
      "owner": [
        "Fun",
        2
      ],
      "path": "Fun[2].body.Structured.body.statements[7]",
      "id": 413,
      "keys": [
        "comments_before",
        "id",
        "kind",
        "span"
      ]
    },
    {
      "owner": [
        "Fun",
        2
      ],
      "path": "Fun[2].body.Structured.body.statements[8]",
      "id": 414,
      "keys": [
        "comments_before",
        "id",
        "kind",
        "span"
      ]
    },
    {
      "owner": [
        "Fun",
        2
      ],
      "path": "Fun[2].body.Structured.body.statements[9]",
      "id": 415,
      "keys": [
        "comments_before",
        "id",
        "kind",
        "span"
      ]
    },
    {
      "owner": [
        "Fun",
        2
      ],
      "path": "Fun[2].body.Structured.body.statements[10]",
      "id": 416,
      "keys": [
        "comments_before",
        "id",
        "kind",
        "span"
      ]
    },
    {
      "owner": [
        "Fun",
        2
      ],
      "path": "Fun[2].body.Structured.body.statements[11]",
      "id": 417,
      "keys": [
        "comments_before",
        "id",
        "kind",
        "span"
      ]
    },
    {
      "owner": [
        "Fun",
        2
      ],
      "path": "Fun[2].body.Structured.body.statements[12]",
      "id": 418,
      "keys": [
        "comments_before",
        "id",
        "kind",
        "span"
      ]
    },
    {
      "owner": [
        "Fun",
        2
      ],
      "path": "Fun[2].body.Structured.body.statements[13]",
      "id": 1861,
      "keys": [
        "comments_before",
        "id",
        "kind",
        "span"
      ]
    },
    {
      "owner": [
        "Fun",
        2
      ],
      "path": "Fun[2].body.Structured.body.statements[14]",
      "id": 1862,
      "keys": [
        "comments_before",
        "id",
        "kind",
        "span"
      ]
    },
    {
      "owner": [
        "Fun",
        2
      ],
      "path": "Fun[2].body.Structured.body.statements[15]",
      "id": 1863,
      "keys": [
        "comments_before",
        "id",
        "kind",
        "span"
      ]
    },
    {
      "owner": [
        "Fun",
        2
      ],
      "path": "Fun[2].body.Structured.body.statements[16]",
      "id": 1865,
      "keys": [
        "comments_before",
        "id",
        "kind",
        "span"
      ]
    },
    {
      "owner": [
        "Fun",
        2
      ],
      "path": "Fun[2].body.Structured.body.statements[16].kind.Call.on_unwind.statements[0]",
      "id": 1995,
      "keys": [
        "comments_before",
        "id",
        "kind",
        "span"
      ]
    },
    {
      "owner": [
        "Fun",
        2
      ],
      "path": "Fun[2].body.Structured.body.statements[16].kind.Call.on_unwind.statements[1]",
      "id": 1996,
      "keys": [
        "comments_before",
        "id",
        "kind",
        "span"
      ]
    },
    {
      "owner": [
        "Fun",
        2
      ],
      "path": "Fun[2].body.Structured.body.statements[16].kind.Call.on_unwind.statements[2]",
      "id": 1997,
      "keys": [
        "comments_before",
        "id",
        "kind",
        "span"
      ]
    },
    {
      "owner": [
        "Fun",
        2
      ],
      "path": "Fun[2].body.Structured.body.statements[16].kind.Call.on_unwind.statements[3]",
      "id": 1998,
      "keys": [
        "comments_before",
        "id",
        "kind",
        "span"
      ]
    },
    {
      "owner": [
        "Fun",
        2
      ],
      "path": "Fun[2].body.Structured.body.statements[16].kind.Call.on_unwind.statements[4]",
      "id": 1999,
      "keys": [
        "comments_before",
        "id",
        "kind",
        "span"
      ]
    },
    {
      "owner": [
        "Fun",
        2
      ],
      "path": "Fun[2].body.Structured.body.statements[16].kind.Call.on_unwind.statements[5]",
      "id": 2000,
      "keys": [
        "comments_before",
        "id",
        "kind",
        "span"
      ]
    },
    {
      "owner": [
        "Fun",
        2
      ],
      "path": "Fun[2].body.Structured.body.statements[16].kind.Call.on_unwind.statements[6]",
      "id": 2001,
      "keys": [
        "comments_before",
        "id",
        "kind",
        "span"
      ]
    },
    {
      "owner": [
        "Fun",
        2
      ],
      "path": "Fun[2].body.Structured.body.statements[16].kind.Call.on_unwind.statements[7]",
      "id": 2002,
      "keys": [
        "comments_before",
        "id",
        "kind",
        "span"
      ]
    },
    {
      "owner": [
        "Fun",
        2
      ],
      "path": "Fun[2].body.Structured.body.statements[16].kind.Call.on_unwind.statements[8]",
      "id": 2003,
      "keys": [
        "comments_before",
        "id",
        "kind",
        "span"
      ]
    },
    {
      "owner": [
        "Fun",
        2
      ],
      "path": "Fun[2].body.Structured.body.statements[16].kind.Call.on_unwind.statements[9]",
      "id": 2004,
      "keys": [
        "comments_before",
        "id",
        "kind",
        "span"
      ]
    },
    {
      "owner": [
        "Fun",
        2
      ],
      "path": "Fun[2].body.Structured.body.statements[16].kind.Call.on_unwind.statements[10]",
      "id": 1864,
      "keys": [
        "comments_before",
        "id",
        "kind",
        "span"
      ]
    },
    {
      "owner": [
        "Fun",
        2
      ],
      "path": "Fun[2].body.Structured.body.statements[17]",
      "id": 421,
      "keys": [
        "comments_before",
        "id",
        "kind",
        "span"
      ]
    },
    {
      "owner": [
        "Fun",
        2
      ],
      "path": "Fun[2].body.Structured.body.statements[18]",
      "id": 429,
      "keys": [
        "comments_before",
        "id",
        "kind",
        "span"
      ]
    },
    {
      "owner": [
        "Fun",
        2
      ],
      "path": "Fun[2].body.Structured.body.statements[18].kind.Call.on_unwind.statements[0]",
      "id": 427,
      "keys": [
        "comments_before",
        "id",
        "kind",
        "span"
      ]
    },
    {
      "owner": [
        "Fun",
        2
      ],
      "path": "Fun[2].body.Structured.body.statements[18].kind.Call.on_unwind.statements[1]",
      "id": 428,
      "keys": [
        "comments_before",
        "id",
        "kind",
        "span"
      ]
    },
    {
      "owner": [
        "Fun",
        2
      ],
      "path": "Fun[2].body.Structured.body.statements[19]",
      "id": 430,
      "keys": [
        "comments_before",
        "id",
        "kind",
        "span"
      ]
    },
    {
      "owner": [
        "Fun",
        2
      ],
      "path": "Fun[2].body.Structured.body.statements[20]",
      "id": 431,
      "keys": [
        "comments_before",
        "id",
        "kind",
        "span"
      ]
    },
    {
      "owner": [
        "Fun",
        2
      ],
      "path": "Fun[2].body.Structured.body.statements[21]",
      "id": 432,
      "keys": [
        "comments_before",
        "id",
        "kind",
        "span"
      ]
    },
    {
      "owner": [
        "Fun",
        2
      ],
      "path": "Fun[2].body.Structured.body.statements[22]",
      "id": 433,
      "keys": [
        "comments_before",
        "id",
        "kind",
        "span"
      ]
    },
    {
      "owner": [
        "Fun",
        2
      ],
      "path": "Fun[2].body.Structured.body.statements[23]",
      "id": 434,
      "keys": [
        "comments_before",
        "id",
        "kind",
        "span"
      ]
    },
    {
      "owner": [
        "Fun",
        2
      ],
      "path": "Fun[2].body.Structured.body.statements[24]",
      "id": 435,
      "keys": [
        "comments_before",
        "id",
        "kind",
        "span"
      ]
    },
    {
      "owner": [
        "Fun",
        2
      ],
      "path": "Fun[2].body.Structured.body.statements[25]",
      "id": 436,
      "keys": [
        "comments_before",
        "id",
        "kind",
        "span"
      ]
    },
    {
      "owner": [
        "Fun",
        2
      ],
      "path": "Fun[2].body.Structured.body.statements[26]",
      "id": 1866,
      "keys": [
        "comments_before",
        "id",
        "kind",
        "span"
      ]
    },
    {
      "owner": [
        "Fun",
        2
      ],
      "path": "Fun[2].body.Structured.body.statements[27]",
      "id": 1867,
      "keys": [
        "comments_before",
        "id",
        "kind",
        "span"
      ]
    },
    {
      "owner": [
        "Fun",
        2
      ],
      "path": "Fun[2].body.Structured.body.statements[28]",
      "id": 1868,
      "keys": [
        "comments_before",
        "id",
        "kind",
        "span"
      ]
    },
    {
      "owner": [
        "Fun",
        2
      ],
      "path": "Fun[2].body.Structured.body.statements[29]",
      "id": 1870,
      "keys": [
        "comments_before",
        "id",
        "kind",
        "span"
      ]
    },
    {
      "owner": [
        "Fun",
        2
      ],
      "path": "Fun[2].body.Structured.body.statements[29].kind.Call.on_unwind.statements[0]",
      "id": 2005,
      "keys": [
        "comments_before",
        "id",
        "kind",
        "span"
      ]
    },
    {
      "owner": [
        "Fun",
        2
      ],
      "path": "Fun[2].body.Structured.body.statements[29].kind.Call.on_unwind.statements[1]",
      "id": 2006,
      "keys": [
        "comments_before",
        "id",
        "kind",
        "span"
      ]
    },
    {
      "owner": [
        "Fun",
        2
      ],
      "path": "Fun[2].body.Structured.body.statements[29].kind.Call.on_unwind.statements[2]",
      "id": 2007,
      "keys": [
        "comments_before",
        "id",
        "kind",
        "span"
      ]
    },
    {
      "owner": [
        "Fun",
        2
      ],
      "path": "Fun[2].body.Structured.body.statements[29].kind.Call.on_unwind.statements[3]",
      "id": 2008,
      "keys": [
        "comments_before",
        "id",
        "kind",
        "span"
      ]
    },
    {
      "owner": [
        "Fun",
        2
      ],
      "path": "Fun[2].body.Structured.body.statements[29].kind.Call.on_unwind.statements[4]",
      "id": 2009,
      "keys": [
        "comments_before",
        "id",
        "kind",
        "span"
      ]
    },
    {
      "owner": [
        "Fun",
        2
      ],
      "path": "Fun[2].body.Structured.body.statements[29].kind.Call.on_unwind.statements[5]",
      "id": 2010,
      "keys": [
        "comments_before",
        "id",
        "kind",
        "span"
      ]
    },
    {
      "owner": [
        "Fun",
        2
      ],
      "path": "Fun[2].body.Structured.body.statements[29].kind.Call.on_unwind.statements[6]",
      "id": 2011,
      "keys": [
        "comments_before",
        "id",
        "kind",
        "span"
      ]
    },
    {
      "owner": [
        "Fun",
        2
      ],
      "path": "Fun[2].body.Structured.body.statements[29].kind.Call.on_unwind.statements[7]",
      "id": 2012,
      "keys": [
        "comments_before",
        "id",
        "kind",
        "span"
      ]
    },
    {
      "owner": [
        "Fun",
        2
      ],
      "path": "Fun[2].body.Structured.body.statements[29].kind.Call.on_unwind.statements[8]",
      "id": 2013,
      "keys": [
        "comments_before",
        "id",
        "kind",
        "span"
      ]
    },
    {
      "owner": [
        "Fun",
        2
      ],
      "path": "Fun[2].body.Structured.body.statements[29].kind.Call.on_unwind.statements[9]",
      "id": 2014,
      "keys": [
        "comments_before",
        "id",
        "kind",
        "span"
      ]
    },
    {
      "owner": [
        "Fun",
        2
      ],
      "path": "Fun[2].body.Structured.body.statements[29].kind.Call.on_unwind.statements[10]",
      "id": 1869,
      "keys": [
        "comments_before",
        "id",
        "kind",
        "span"
      ]
    },
    {
      "owner": [
        "Fun",
        2
      ],
      "path": "Fun[2].body.Structured.body.statements[30]",
      "id": 439,
      "keys": [
        "comments_before",
        "id",
        "kind",
        "span"
      ]
    },
    {
      "owner": [
        "Fun",
        2
      ],
      "path": "Fun[2].body.Structured.body.statements[31]",
      "id": 440,
      "keys": [
        "comments_before",
        "id",
        "kind",
        "span"
      ]
    },
    {
      "owner": [
        "Fun",
        2
      ],
      "path": "Fun[2].body.Structured.body.statements[32]",
      "id": 441,
      "keys": [
        "comments_before",
        "id",
        "kind",
        "span"
      ]
    },
    {
      "owner": [
        "Fun",
        2
      ],
      "path": "Fun[2].body.Structured.body.statements[33]",
      "id": 449,
      "keys": [
        "comments_before",
        "id",
        "kind",
        "span"
      ]
    },
    {
      "owner": [
        "Fun",
        2
      ],
      "path": "Fun[2].body.Structured.body.statements[33].kind.Call.on_unwind.statements[0]",
      "id": 447,
      "keys": [
        "comments_before",
        "id",
        "kind",
        "span"
      ]
    },
    {
      "owner": [
        "Fun",
        2
      ],
      "path": "Fun[2].body.Structured.body.statements[33].kind.Call.on_unwind.statements[1]",
      "id": 448,
      "keys": [
        "comments_before",
        "id",
        "kind",
        "span"
      ]
    },
    {
      "owner": [
        "Fun",
        2
      ],
      "path": "Fun[2].body.Structured.body.statements[34]",
      "id": 450,
      "keys": [
        "comments_before",
        "id",
        "kind",
        "span"
      ]
    },
    {
      "owner": [
        "Fun",
        2
      ],
      "path": "Fun[2].body.Structured.body.statements[35]",
      "id": 451,
      "keys": [
        "comments_before",
        "id",
        "kind",
        "span"
      ]
    },
    {
      "owner": [
        "Fun",
        2
      ],
      "path": "Fun[2].body.Structured.body.statements[36]",
      "id": 452,
      "keys": [
        "comments_before",
        "id",
        "kind",
        "span"
      ]
    },
    {
      "owner": [
        "Fun",
        2
      ],
      "path": "Fun[2].body.Structured.body.statements[37]",
      "id": 453,
      "keys": [
        "comments_before",
        "id",
        "kind",
        "span"
      ]
    },
    {
      "owner": [
        "Fun",
        2
      ],
      "path": "Fun[2].body.Structured.body.statements[38]",
      "id": 454,
      "keys": [
        "comments_before",
        "id",
        "kind",
        "span"
      ]
    },
    {
      "owner": [
        "Fun",
        2
      ],
      "path": "Fun[2].body.Structured.body.statements[39]",
      "id": 455,
      "keys": [
        "comments_before",
        "id",
        "kind",
        "span"
      ]
    },
    {
      "owner": [
        "Fun",
        2
      ],
      "path": "Fun[2].body.Structured.body.statements[40]",
      "id": 456,
      "keys": [
        "comments_before",
        "id",
        "kind",
        "span"
      ]
    },
    {
      "owner": [
        "Fun",
        2
      ],
      "path": "Fun[2].body.Structured.body.statements[41]",
      "id": 1871,
      "keys": [
        "comments_before",
        "id",
        "kind",
        "span"
      ]
    },
    {
      "owner": [
        "Fun",
        2
      ],
      "path": "Fun[2].body.Structured.body.statements[42]",
      "id": 1872,
      "keys": [
        "comments_before",
        "id",
        "kind",
        "span"
      ]
    },
    {
      "owner": [
        "Fun",
        2
      ],
      "path": "Fun[2].body.Structured.body.statements[43]",
      "id": 1873,
      "keys": [
        "comments_before",
        "id",
        "kind",
        "span"
      ]
    },
    {
      "owner": [
        "Fun",
        2
      ],
      "path": "Fun[2].body.Structured.body.statements[44]",
      "id": 1875,
      "keys": [
        "comments_before",
        "id",
        "kind",
        "span"
      ]
    },
    {
      "owner": [
        "Fun",
        2
      ],
      "path": "Fun[2].body.Structured.body.statements[44].kind.Call.on_unwind.statements[0]",
      "id": 2015,
      "keys": [
        "comments_before",
        "id",
        "kind",
        "span"
      ]
    },
    {
      "owner": [
        "Fun",
        2
      ],
      "path": "Fun[2].body.Structured.body.statements[44].kind.Call.on_unwind.statements[1]",
      "id": 2016,
      "keys": [
        "comments_before",
        "id",
        "kind",
        "span"
      ]
    },
    {
      "owner": [
        "Fun",
        2
      ],
      "path": "Fun[2].body.Structured.body.statements[44].kind.Call.on_unwind.statements[2]",
      "id": 2017,
      "keys": [
        "comments_before",
        "id",
        "kind",
        "span"
      ]
    },
    {
      "owner": [
        "Fun",
        2
      ],
      "path": "Fun[2].body.Structured.body.statements[44].kind.Call.on_unwind.statements[3]",
      "id": 2018,
      "keys": [
        "comments_before",
        "id",
        "kind",
        "span"
      ]
    },
    {
      "owner": [
        "Fun",
        2
      ],
      "path": "Fun[2].body.Structured.body.statements[44].kind.Call.on_unwind.statements[4]",
      "id": 2019,
      "keys": [
        "comments_before",
        "id",
        "kind",
        "span"
      ]
    },
    {
      "owner": [
        "Fun",
        2
      ],
      "path": "Fun[2].body.Structured.body.statements[44].kind.Call.on_unwind.statements[5]",
      "id": 2020,
      "keys": [
        "comments_before",
        "id",
        "kind",
        "span"
      ]
    },
    {
      "owner": [
        "Fun",
        2
      ],
      "path": "Fun[2].body.Structured.body.statements[44].kind.Call.on_unwind.statements[6]",
      "id": 2021,
      "keys": [
        "comments_before",
        "id",
        "kind",
        "span"
      ]
    },
    {
      "owner": [
        "Fun",
        2
      ],
      "path": "Fun[2].body.Structured.body.statements[44].kind.Call.on_unwind.statements[7]",
      "id": 2022,
      "keys": [
        "comments_before",
        "id",
        "kind",
        "span"
      ]
    },
    {
      "owner": [
        "Fun",
        2
      ],
      "path": "Fun[2].body.Structured.body.statements[44].kind.Call.on_unwind.statements[8]",
      "id": 2023,
      "keys": [
        "comments_before",
        "id",
        "kind",
        "span"
      ]
    },
    {
      "owner": [
        "Fun",
        2
      ],
      "path": "Fun[2].body.Structured.body.statements[44].kind.Call.on_unwind.statements[9]",
      "id": 2024,
      "keys": [
        "comments_before",
        "id",
        "kind",
        "span"
      ]
    },
    {
      "owner": [
        "Fun",
        2
      ],
      "path": "Fun[2].body.Structured.body.statements[44].kind.Call.on_unwind.statements[10]",
      "id": 1874,
      "keys": [
        "comments_before",
        "id",
        "kind",
        "span"
      ]
    },
    {
      "owner": [
        "Fun",
        2
      ],
      "path": "Fun[2].body.Structured.body.statements[45]",
      "id": 459,
      "keys": [
        "comments_before",
        "id",
        "kind",
        "span"
      ]
    },
    {
      "owner": [
        "Fun",
        2
      ],
      "path": "Fun[2].body.Structured.body.statements[46]",
      "id": 460,
      "keys": [
        "comments_before",
        "id",
        "kind",
        "span"
      ]
    },
    {
      "owner": [
        "Fun",
        2
      ],
      "path": "Fun[2].body.Structured.body.statements[47]",
      "id": 461,
      "keys": [
        "comments_before",
        "id",
        "kind",
        "span"
      ]
    },
    {
      "owner": [
        "Fun",
        2
      ],
      "path": "Fun[2].body.Structured.body.statements[48]",
      "id": 462,
      "keys": [
        "comments_before",
        "id",
        "kind",
        "span"
      ]
    },
    {
      "owner": [
        "Fun",
        2
      ],
      "path": "Fun[2].body.Structured.body.statements[49]",
      "id": 1876,
      "keys": [
        "comments_before",
        "id",
        "kind",
        "span"
      ]
    },
    {
      "owner": [
        "Fun",
        2
      ],
      "path": "Fun[2].body.Structured.body.statements[50]",
      "id": 1877,
      "keys": [
        "comments_before",
        "id",
        "kind",
        "span"
      ]
    },
    {
      "owner": [
        "Fun",
        2
      ],
      "path": "Fun[2].body.Structured.body.statements[51]",
      "id": 1878,
      "keys": [
        "comments_before",
        "id",
        "kind",
        "span"
      ]
    },
    {
      "owner": [
        "Fun",
        2
      ],
      "path": "Fun[2].body.Structured.body.statements[52]",
      "id": 1880,
      "keys": [
        "comments_before",
        "id",
        "kind",
        "span"
      ]
    },
    {
      "owner": [
        "Fun",
        2
      ],
      "path": "Fun[2].body.Structured.body.statements[52].kind.Call.on_unwind.statements[0]",
      "id": 2025,
      "keys": [
        "comments_before",
        "id",
        "kind",
        "span"
      ]
    },
    {
      "owner": [
        "Fun",
        2
      ],
      "path": "Fun[2].body.Structured.body.statements[52].kind.Call.on_unwind.statements[1]",
      "id": 2026,
      "keys": [
        "comments_before",
        "id",
        "kind",
        "span"
      ]
    },
    {
      "owner": [
        "Fun",
        2
      ],
      "path": "Fun[2].body.Structured.body.statements[52].kind.Call.on_unwind.statements[2]",
      "id": 2027,
      "keys": [
        "comments_before",
        "id",
        "kind",
        "span"
      ]
    },
    {
      "owner": [
        "Fun",
        2
      ],
      "path": "Fun[2].body.Structured.body.statements[52].kind.Call.on_unwind.statements[3]",
      "id": 2028,
      "keys": [
        "comments_before",
        "id",
        "kind",
        "span"
      ]
    },
    {
      "owner": [
        "Fun",
        2
      ],
      "path": "Fun[2].body.Structured.body.statements[52].kind.Call.on_unwind.statements[4]",
      "id": 2029,
      "keys": [
        "comments_before",
        "id",
        "kind",
        "span"
      ]
    },
    {
      "owner": [
        "Fun",
        2
      ],
      "path": "Fun[2].body.Structured.body.statements[52].kind.Call.on_unwind.statements[5]",
      "id": 2030,
      "keys": [
        "comments_before",
        "id",
        "kind",
        "span"
      ]
    },
    {
      "owner": [
        "Fun",
        2
      ],
      "path": "Fun[2].body.Structured.body.statements[52].kind.Call.on_unwind.statements[6]",
      "id": 2031,
      "keys": [
        "comments_before",
        "id",
        "kind",
        "span"
      ]
    },
    {
      "owner": [
        "Fun",
        2
      ],
      "path": "Fun[2].body.Structured.body.statements[52].kind.Call.on_unwind.statements[7]",
      "id": 2032,
      "keys": [
        "comments_before",
        "id",
        "kind",
        "span"
      ]
    },
    {
      "owner": [
        "Fun",
        2
      ],
      "path": "Fun[2].body.Structured.body.statements[52].kind.Call.on_unwind.statements[8]",
      "id": 2033,
      "keys": [
        "comments_before",
        "id",
        "kind",
        "span"
      ]
    },
    {
      "owner": [
        "Fun",
        2
      ],
      "path": "Fun[2].body.Structured.body.statements[52].kind.Call.on_unwind.statements[9]",
      "id": 2034,
      "keys": [
        "comments_before",
        "id",
        "kind",
        "span"
      ]
    },
    {
      "owner": [
        "Fun",
        2
      ],
      "path": "Fun[2].body.Structured.body.statements[52].kind.Call.on_unwind.statements[10]",
      "id": 1879,
      "keys": [
        "comments_before",
        "id",
        "kind",
        "span"
      ]
    },
    {
      "owner": [
        "Fun",
        2
      ],
      "path": "Fun[2].body.Structured.body.statements[53]",
      "id": 465,
      "keys": [
        "comments_before",
        "id",
        "kind",
        "span"
      ]
    },
    {
      "owner": [
        "Fun",
        2
      ],
      "path": "Fun[2].body.Structured.body.statements[54]",
      "id": 466,
      "keys": [
        "comments_before",
        "id",
        "kind",
        "span"
      ]
    },
    {
      "owner": [
        "Fun",
        2
      ],
      "path": "Fun[2].body.Structured.body.statements[55]",
      "id": 467,
      "keys": [
        "comments_before",
        "id",
        "kind",
        "span"
      ]
    },
    {
      "owner": [
        "Fun",
        2
      ],
      "path": "Fun[2].body.Structured.body.statements[56]",
      "id": 468,
      "keys": [
        "comments_before",
        "id",
        "kind",
        "span"
      ]
    },
    {
      "owner": [
        "Fun",
        2
      ],
      "path": "Fun[2].body.Structured.body.statements[57]",
      "id": 1881,
      "keys": [
        "comments_before",
        "id",
        "kind",
        "span"
      ]
    },
    {
      "owner": [
        "Fun",
        2
      ],
      "path": "Fun[2].body.Structured.body.statements[58]",
      "id": 1882,
      "keys": [
        "comments_before",
        "id",
        "kind",
        "span"
      ]
    },
    {
      "owner": [
        "Fun",
        2
      ],
      "path": "Fun[2].body.Structured.body.statements[59]",
      "id": 1883,
      "keys": [
        "comments_before",
        "id",
        "kind",
        "span"
      ]
    },
    {
      "owner": [
        "Fun",
        2
      ],
      "path": "Fun[2].body.Structured.body.statements[60]",
      "id": 1885,
      "keys": [
        "comments_before",
        "id",
        "kind",
        "span"
      ]
    },
    {
      "owner": [
        "Fun",
        2
      ],
      "path": "Fun[2].body.Structured.body.statements[60].kind.Call.on_unwind.statements[0]",
      "id": 2035,
      "keys": [
        "comments_before",
        "id",
        "kind",
        "span"
      ]
    },
    {
      "owner": [
        "Fun",
        2
      ],
      "path": "Fun[2].body.Structured.body.statements[60].kind.Call.on_unwind.statements[1]",
      "id": 2036,
      "keys": [
        "comments_before",
        "id",
        "kind",
        "span"
      ]
    },
    {
      "owner": [
        "Fun",
        2
      ],
      "path": "Fun[2].body.Structured.body.statements[60].kind.Call.on_unwind.statements[2]",
      "id": 2037,
      "keys": [
        "comments_before",
        "id",
        "kind",
        "span"
      ]
    },
    {
      "owner": [
        "Fun",
        2
      ],
      "path": "Fun[2].body.Structured.body.statements[60].kind.Call.on_unwind.statements[3]",
      "id": 2038,
      "keys": [
        "comments_before",
        "id",
        "kind",
        "span"
      ]
    },
    {
      "owner": [
        "Fun",
        2
      ],
      "path": "Fun[2].body.Structured.body.statements[60].kind.Call.on_unwind.statements[4]",
      "id": 2039,
      "keys": [
        "comments_before",
        "id",
        "kind",
        "span"
      ]
    },
    {
      "owner": [
        "Fun",
        2
      ],
      "path": "Fun[2].body.Structured.body.statements[60].kind.Call.on_unwind.statements[5]",
      "id": 2040,
      "keys": [
        "comments_before",
        "id",
        "kind",
        "span"
      ]
    },
    {
      "owner": [
        "Fun",
        2
      ],
      "path": "Fun[2].body.Structured.body.statements[60].kind.Call.on_unwind.statements[6]",
      "id": 2041,
      "keys": [
        "comments_before",
        "id",
        "kind",
        "span"
      ]
    },
    {
      "owner": [
        "Fun",
        2
      ],
      "path": "Fun[2].body.Structured.body.statements[60].kind.Call.on_unwind.statements[7]",
      "id": 2042,
      "keys": [
        "comments_before",
        "id",
        "kind",
        "span"
      ]
    },
    {
      "owner": [
        "Fun",
        2
      ],
      "path": "Fun[2].body.Structured.body.statements[60].kind.Call.on_unwind.statements[8]",
      "id": 2043,
      "keys": [
        "comments_before",
        "id",
        "kind",
        "span"
      ]
    },
    {
      "owner": [
        "Fun",
        2
      ],
      "path": "Fun[2].body.Structured.body.statements[60].kind.Call.on_unwind.statements[9]",
      "id": 2044,
      "keys": [
        "comments_before",
        "id",
        "kind",
        "span"
      ]
    },
    {
      "owner": [
        "Fun",
        2
      ],
      "path": "Fun[2].body.Structured.body.statements[60].kind.Call.on_unwind.statements[10]",
      "id": 1884,
      "keys": [
        "comments_before",
        "id",
        "kind",
        "span"
      ]
    },
    {
      "owner": [
        "Fun",
        2
      ],
      "path": "Fun[2].body.Structured.body.statements[61]",
      "id": 471,
      "keys": [
        "comments_before",
        "id",
        "kind",
        "span"
      ]
    },
    {
      "owner": [
        "Fun",
        2
      ],
      "path": "Fun[2].body.Structured.body.statements[62]",
      "id": 472,
      "keys": [
        "comments_before",
        "id",
        "kind",
        "span"
      ]
    },
    {
      "owner": [
        "Fun",
        2
      ],
      "path": "Fun[2].body.Structured.body.statements[63]",
      "id": 473,
      "keys": [
        "comments_before",
        "id",
        "kind",
        "span"
      ]
    },
    {
      "owner": [
        "Fun",
        2
      ],
      "path": "Fun[2].body.Structured.body.statements[64]",
      "id": 474,
      "keys": [
        "comments_before",
        "id",
        "kind",
        "span"
      ]
    },
    {
      "owner": [
        "Fun",
        2
      ],
      "path": "Fun[2].body.Structured.body.statements[65]",
      "id": 475,
      "keys": [
        "comments_before",
        "id",
        "kind",
        "span"
      ]
    },
    {
      "owner": [
        "Fun",
        2
      ],
      "path": "Fun[2].body.Structured.body.statements[66]",
      "id": 476,
      "keys": [
        "comments_before",
        "id",
        "kind",
        "span"
      ]
    },
    {
      "owner": [
        "Fun",
        2
      ],
      "path": "Fun[2].body.Structured.body.statements[67]",
      "id": 477,
      "keys": [
        "comments_before",
        "id",
        "kind",
        "span"
      ]
    },
    {
      "owner": [
        "Fun",
        2
      ],
      "path": "Fun[2].body.Structured.body.statements[68]",
      "id": 478,
      "keys": [
        "comments_before",
        "id",
        "kind",
        "span"
      ]
    },
    {
      "owner": [
        "Fun",
        2
      ],
      "path": "Fun[2].body.Structured.body.statements[69]",
      "id": 479,
      "keys": [
        "comments_before",
        "id",
        "kind",
        "span"
      ]
    },
    {
      "owner": [
        "Fun",
        2
      ],
      "path": "Fun[2].body.Structured.body.statements[70]",
      "id": 480,
      "keys": [
        "comments_before",
        "id",
        "kind",
        "span"
      ]
    },
    {
      "owner": [
        "Fun",
        2
      ],
      "path": "Fun[2].body.Structured.body.statements[71]",
      "id": 481,
      "keys": [
        "comments_before",
        "id",
        "kind",
        "span"
      ]
    },
    {
      "owner": [
        "Fun",
        2
      ],
      "path": "Fun[2].body.Structured.body.statements[72]",
      "id": 482,
      "keys": [
        "comments_before",
        "id",
        "kind",
        "span"
      ]
    },
    {
      "owner": [
        "Fun",
        2
      ],
      "path": "Fun[2].body.Structured.body.statements[73]",
      "id": 483,
      "keys": [
        "comments_before",
        "id",
        "kind",
        "span"
      ]
    },
    {
      "owner": [
        "Fun",
        2
      ],
      "path": "Fun[2].body.Structured.body.statements[74]",
      "id": 484,
      "keys": [
        "comments_before",
        "id",
        "kind",
        "span"
      ]
    },
    {
      "owner": [
        "Fun",
        2
      ],
      "path": "Fun[2].body.Structured.body.statements[75]",
      "id": 485,
      "keys": [
        "comments_before",
        "id",
        "kind",
        "span"
      ]
    },
    {
      "owner": [
        "Fun",
        2
      ],
      "path": "Fun[2].body.Structured.body.statements[76]",
      "id": 491,
      "keys": [
        "comments_before",
        "id",
        "kind",
        "span"
      ]
    },
    {
      "owner": [
        "Fun",
        2
      ],
      "path": "Fun[2].body.Structured.body.statements[77]",
      "id": 2045,
      "keys": [
        "comments_before",
        "id",
        "kind",
        "span"
      ]
    },
    {
      "owner": [
        "Fun",
        2
      ],
      "path": "Fun[2].body.Structured.body.statements[78]",
      "id": 2046,
      "keys": [
        "comments_before",
        "id",
        "kind",
        "span"
      ]
    },
    {
      "owner": [
        "Fun",
        2
      ],
      "path": "Fun[2].body.Structured.body.statements[79]",
      "id": 2047,
      "keys": [
        "comments_before",
        "id",
        "kind",
        "span"
      ]
    },
    {
      "owner": [
        "Fun",
        2
      ],
      "path": "Fun[2].body.Structured.body.statements[80]",
      "id": 2048,
      "keys": [
        "comments_before",
        "id",
        "kind",
        "span"
      ]
    },
    {
      "owner": [
        "Fun",
        2
      ],
      "path": "Fun[2].body.Structured.body.statements[81]",
      "id": 2049,
      "keys": [
        "comments_before",
        "id",
        "kind",
        "span"
      ]
    },
    {
      "owner": [
        "Fun",
        2
      ],
      "path": "Fun[2].body.Structured.body.statements[82]",
      "id": 2050,
      "keys": [
        "comments_before",
        "id",
        "kind",
        "span"
      ]
    },
    {
      "owner": [
        "Fun",
        2
      ],
      "path": "Fun[2].body.Structured.body.statements[83]",
      "id": 2051,
      "keys": [
        "comments_before",
        "id",
        "kind",
        "span"
      ]
    },
    {
      "owner": [
        "Fun",
        2
      ],
      "path": "Fun[2].body.Structured.body.statements[84]",
      "id": 2052,
      "keys": [
        "comments_before",
        "id",
        "kind",
        "span"
      ]
    },
    {
      "owner": [
        "Fun",
        2
      ],
      "path": "Fun[2].body.Structured.body.statements[85]",
      "id": 2053,
      "keys": [
        "comments_before",
        "id",
        "kind",
        "span"
      ]
    },
    {
      "owner": [
        "Fun",
        2
      ],
      "path": "Fun[2].body.Structured.body.statements[86]",
      "id": 2054,
      "keys": [
        "comments_before",
        "id",
        "kind",
        "span"
      ]
    },
    {
      "owner": [
        "Fun",
        2
      ],
      "path": "Fun[2].body.Structured.body.statements[87]",
      "id": 492,
      "keys": [
        "comments_before",
        "id",
        "kind",
        "span"
      ]
    },
    {
      "owner": [
        "Fun",
        10
      ],
      "path": "Fun[10].body.Structured.body.statements[0]",
      "id": 1069,
      "keys": [
        "comments_before",
        "id",
        "kind",
        "span"
      ]
    },
    {
      "owner": [
        "Fun",
        10
      ],
      "path": "Fun[10].body.Structured.body.statements[1]",
      "id": 1070,
      "keys": [
        "comments_before",
        "id",
        "kind",
        "span"
      ]
    },
    {
      "owner": [
        "Fun",
        10
      ],
      "path": "Fun[10].body.Structured.body.statements[2]",
      "id": 1071,
      "keys": [
        "comments_before",
        "id",
        "kind",
        "span"
      ]
    },
    {
      "owner": [
        "Fun",
        10
      ],
      "path": "Fun[10].body.Structured.body.statements[3]",
      "id": 1072,
      "keys": [
        "comments_before",
        "id",
        "kind",
        "span"
      ]
    },
    {
      "owner": [
        "Fun",
        10
      ],
      "path": "Fun[10].body.Structured.body.statements[4]",
      "id": 1075,
      "keys": [
        "comments_before",
        "id",
        "kind",
        "span"
      ]
    },
    {
      "owner": [
        "Fun",
        10
      ],
      "path": "Fun[10].body.Structured.body.statements[4].kind.Call.on_unwind.statements[0]",
      "id": 1073,
      "keys": [
        "comments_before",
        "id",
        "kind",
        "span"
      ]
    },
    {
      "owner": [
        "Fun",
        10
      ],
      "path": "Fun[10].body.Structured.body.statements[4].kind.Call.on_unwind.statements[1]",
      "id": 1074,
      "keys": [
        "comments_before",
        "id",
        "kind",
        "span"
      ]
    },
    {
      "owner": [
        "Fun",
        10
      ],
      "path": "Fun[10].body.Structured.body.statements[5]",
      "id": 1076,
      "keys": [
        "comments_before",
        "id",
        "kind",
        "span"
      ]
    },
    {
      "owner": [
        "Fun",
        10
      ],
      "path": "Fun[10].body.Structured.body.statements[6]",
      "id": 1077,
      "keys": [
        "comments_before",
        "id",
        "kind",
        "span"
      ]
    },
    {
      "owner": [
        "Fun",
        10
      ],
      "path": "Fun[10].body.Structured.body.statements[7]",
      "id": 1078,
      "keys": [
        "comments_before",
        "id",
        "kind",
        "span"
      ]
    },
    {
      "owner": [
        "Fun",
        10
      ],
      "path": "Fun[10].body.Structured.body.statements[8]",
      "id": 1079,
      "keys": [
        "comments_before",
        "id",
        "kind",
        "span"
      ]
    },
    {
      "owner": [
        "Fun",
        10
      ],
      "path": "Fun[10].body.Structured.body.statements[9]",
      "id": 1082,
      "keys": [
        "comments_before",
        "id",
        "kind",
        "span"
      ]
    },
    {
      "owner": [
        "Fun",
        10
      ],
      "path": "Fun[10].body.Structured.body.statements[9].kind.Call.on_unwind.statements[0]",
      "id": 1080,
      "keys": [
        "comments_before",
        "id",
        "kind",
        "span"
      ]
    },
    {
      "owner": [
        "Fun",
        10
      ],
      "path": "Fun[10].body.Structured.body.statements[9].kind.Call.on_unwind.statements[1]",
      "id": 1081,
      "keys": [
        "comments_before",
        "id",
        "kind",
        "span"
      ]
    },
    {
      "owner": [
        "Fun",
        10
      ],
      "path": "Fun[10].body.Structured.body.statements[10]",
      "id": 1083,
      "keys": [
        "comments_before",
        "id",
        "kind",
        "span"
      ]
    },
    {
      "owner": [
        "Fun",
        10
      ],
      "path": "Fun[10].body.Structured.body.statements[11]",
      "id": 1084,
      "keys": [
        "comments_before",
        "id",
        "kind",
        "span"
      ]
    },
    {
      "owner": [
        "Fun",
        10
      ],
      "path": "Fun[10].body.Structured.body.statements[12]",
      "id": 1085,
      "keys": [
        "comments_before",
        "id",
        "kind",
        "span"
      ]
    },
    {
      "owner": [
        "Fun",
        10
      ],
      "path": "Fun[10].body.Structured.body.statements[13]",
      "id": 1086,
      "keys": [
        "comments_before",
        "id",
        "kind",
        "span"
      ]
    },
    {
      "owner": [
        "Fun",
        10
      ],
      "path": "Fun[10].body.Structured.body.statements[14]",
      "id": 1087,
      "keys": [
        "comments_before",
        "id",
        "kind",
        "span"
      ]
    },
    {
      "owner": [
        "Fun",
        10
      ],
      "path": "Fun[10].body.Structured.body.statements[15]",
      "id": 1088,
      "keys": [
        "comments_before",
        "id",
        "kind",
        "span"
      ]
    },
    {
      "owner": [
        "Fun",
        18
      ],
      "path": "Fun[18].body.Structured.body.statements[0]",
      "id": 1623,
      "keys": [
        "comments_before",
        "id",
        "kind",
        "span"
      ]
    },
    {
      "owner": [
        "Fun",
        18
      ],
      "path": "Fun[18].body.Structured.body.statements[1]",
      "id": 1624,
      "keys": [
        "comments_before",
        "id",
        "kind",
        "span"
      ]
    },
    {
      "owner": [
        "Fun",
        18
      ],
      "path": "Fun[18].body.Structured.body.statements[2]",
      "id": 1625,
      "keys": [
        "comments_before",
        "id",
        "kind",
        "span"
      ]
    },
    {
      "owner": [
        "Fun",
        18
      ],
      "path": "Fun[18].body.Structured.body.statements[3]",
      "id": 1626,
      "keys": [
        "comments_before",
        "id",
        "kind",
        "span"
      ]
    },
    {
      "owner": [
        "Fun",
        18
      ],
      "path": "Fun[18].body.Structured.body.statements[4]",
      "id": 1627,
      "keys": [
        "comments_before",
        "id",
        "kind",
        "span"
      ]
    },
    {
      "owner": [
        "Fun",
        18
      ],
      "path": "Fun[18].body.Structured.body.statements[5]",
      "id": 1628,
      "keys": [
        "comments_before",
        "id",
        "kind",
        "span"
      ]
    },
    {
      "owner": [
        "Fun",
        18
      ],
      "path": "Fun[18].body.Structured.body.statements[6]",
      "id": 1629,
      "keys": [
        "comments_before",
        "id",
        "kind",
        "span"
      ]
    },
    {
      "owner": [
        "Fun",
        18
      ],
      "path": "Fun[18].body.Structured.body.statements[7]",
      "id": 1630,
      "keys": [
        "comments_before",
        "id",
        "kind",
        "span"
      ]
    },
    {
      "owner": [
        "Fun",
        18
      ],
      "path": "Fun[18].body.Structured.body.statements[8]",
      "id": 1631,
      "keys": [
        "comments_before",
        "id",
        "kind",
        "span"
      ]
    },
    {
      "owner": [
        "Fun",
        18
      ],
      "path": "Fun[18].body.Structured.body.statements[9]",
      "id": 1632,
      "keys": [
        "comments_before",
        "id",
        "kind",
        "span"
      ]
    },
    {
      "owner": [
        "Fun",
        18
      ],
      "path": "Fun[18].body.Structured.body.statements[10]",
      "id": 1633,
      "keys": [
        "comments_before",
        "id",
        "kind",
        "span"
      ]
    },
    {
      "owner": [
        "Fun",
        18
      ],
      "path": "Fun[18].body.Structured.body.statements[11]",
      "id": 1634,
      "keys": [
        "comments_before",
        "id",
        "kind",
        "span"
      ]
    },
    {
      "owner": [
        "Fun",
        18
      ],
      "path": "Fun[18].body.Structured.body.statements[12]",
      "id": 1635,
      "keys": [
        "comments_before",
        "id",
        "kind",
        "span"
      ]
    },
    {
      "owner": [
        "Fun",
        18
      ],
      "path": "Fun[18].body.Structured.body.statements[13]",
      "id": 1636,
      "keys": [
        "comments_before",
        "id",
        "kind",
        "span"
      ]
    },
    {
      "owner": [
        "Fun",
        18
      ],
      "path": "Fun[18].body.Structured.body.statements[14]",
      "id": 1637,
      "keys": [
        "comments_before",
        "id",
        "kind",
        "span"
      ]
    },
    {
      "owner": [
        "Fun",
        18
      ],
      "path": "Fun[18].body.Structured.body.statements[15]",
      "id": 1638,
      "keys": [
        "comments_before",
        "id",
        "kind",
        "span"
      ]
    },
    {
      "owner": [
        "Fun",
        18
      ],
      "path": "Fun[18].body.Structured.body.statements[16]",
      "id": 1639,
      "keys": [
        "comments_before",
        "id",
        "kind",
        "span"
      ]
    },
    {
      "owner": [
        "Fun",
        18
      ],
      "path": "Fun[18].body.Structured.body.statements[17]",
      "id": 1640,
      "keys": [
        "comments_before",
        "id",
        "kind",
        "span"
      ]
    },
    {
      "owner": [
        "Fun",
        18
      ],
      "path": "Fun[18].body.Structured.body.statements[18]",
      "id": 1641,
      "keys": [
        "comments_before",
        "id",
        "kind",
        "span"
      ]
    },
    {
      "owner": [
        "Fun",
        18
      ],
      "path": "Fun[18].body.Structured.body.statements[19]",
      "id": 1642,
      "keys": [
        "comments_before",
        "id",
        "kind",
        "span"
      ]
    },
    {
      "owner": [
        "Fun",
        18
      ],
      "path": "Fun[18].body.Structured.body.statements[20]",
      "id": 1643,
      "keys": [
        "comments_before",
        "id",
        "kind",
        "span"
      ]
    },
    {
      "owner": [
        "Fun",
        18
      ],
      "path": "Fun[18].body.Structured.body.statements[21]",
      "id": 1644,
      "keys": [
        "comments_before",
        "id",
        "kind",
        "span"
      ]
    },
    {
      "owner": [
        "Fun",
        3
      ],
      "path": "Fun[3].body.Structured.body.statements[0]",
      "id": 493,
      "keys": [
        "comments_before",
        "id",
        "kind",
        "span"
      ]
    },
    {
      "owner": [
        "Fun",
        3
      ],
      "path": "Fun[3].body.Structured.body.statements[1]",
      "id": 499,
      "keys": [
        "comments_before",
        "id",
        "kind",
        "span"
      ]
    },
    {
      "owner": [
        "Fun",
        3
      ],
      "path": "Fun[3].body.Structured.body.statements[2]",
      "id": 500,
      "keys": [
        "comments_before",
        "id",
        "kind",
        "span"
      ]
    },
    {
      "owner": [
        "Fun",
        3
      ],
      "path": "Fun[3].body.Structured.body.statements[3]",
      "id": 501,
      "keys": [
        "comments_before",
        "id",
        "kind",
        "span"
      ]
    },
    {
      "owner": [
        "Fun",
        3
      ],
      "path": "Fun[3].body.Structured.body.statements[4]",
      "id": 502,
      "keys": [
        "comments_before",
        "id",
        "kind",
        "span"
      ]
    },
    {
      "owner": [
        "Fun",
        3
      ],
      "path": "Fun[3].body.Structured.body.statements[5]",
      "id": 503,
      "keys": [
        "comments_before",
        "id",
        "kind",
        "span"
      ]
    },
    {
      "owner": [
        "Fun",
        3
      ],
      "path": "Fun[3].body.Structured.body.statements[6]",
      "id": 504,
      "keys": [
        "comments_before",
        "id",
        "kind",
        "span"
      ]
    },
    {
      "owner": [
        "Fun",
        3
      ],
      "path": "Fun[3].body.Structured.body.statements[7]",
      "id": 1886,
      "keys": [
        "comments_before",
        "id",
        "kind",
        "span"
      ]
    },
    {
      "owner": [
        "Fun",
        3
      ],
      "path": "Fun[3].body.Structured.body.statements[8]",
      "id": 1887,
      "keys": [
        "comments_before",
        "id",
        "kind",
        "span"
      ]
    },
    {
      "owner": [
        "Fun",
        3
      ],
      "path": "Fun[3].body.Structured.body.statements[9]",
      "id": 1888,
      "keys": [
        "comments_before",
        "id",
        "kind",
        "span"
      ]
    },
    {
      "owner": [
        "Fun",
        3
      ],
      "path": "Fun[3].body.Structured.body.statements[10]",
      "id": 1890,
      "keys": [
        "comments_before",
        "id",
        "kind",
        "span"
      ]
    },
    {
      "owner": [
        "Fun",
        3
      ],
      "path": "Fun[3].body.Structured.body.statements[10].kind.Call.on_unwind.statements[0]",
      "id": 2055,
      "keys": [
        "comments_before",
        "id",
        "kind",
        "span"
      ]
    },
    {
      "owner": [
        "Fun",
        3
      ],
      "path": "Fun[3].body.Structured.body.statements[10].kind.Call.on_unwind.statements[1]",
      "id": 2056,
      "keys": [
        "comments_before",
        "id",
        "kind",
        "span"
      ]
    },
    {
      "owner": [
        "Fun",
        3
      ],
      "path": "Fun[3].body.Structured.body.statements[10].kind.Call.on_unwind.statements[2]",
      "id": 2057,
      "keys": [
        "comments_before",
        "id",
        "kind",
        "span"
      ]
    },
    {
      "owner": [
        "Fun",
        3
      ],
      "path": "Fun[3].body.Structured.body.statements[10].kind.Call.on_unwind.statements[3]",
      "id": 2058,
      "keys": [
        "comments_before",
        "id",
        "kind",
        "span"
      ]
    },
    {
      "owner": [
        "Fun",
        3
      ],
      "path": "Fun[3].body.Structured.body.statements[10].kind.Call.on_unwind.statements[4]",
      "id": 2059,
      "keys": [
        "comments_before",
        "id",
        "kind",
        "span"
      ]
    },
    {
      "owner": [
        "Fun",
        3
      ],
      "path": "Fun[3].body.Structured.body.statements[10].kind.Call.on_unwind.statements[5]",
      "id": 2060,
      "keys": [
        "comments_before",
        "id",
        "kind",
        "span"
      ]
    },
    {
      "owner": [
        "Fun",
        3
      ],
      "path": "Fun[3].body.Structured.body.statements[10].kind.Call.on_unwind.statements[6]",
      "id": 2061,
      "keys": [
        "comments_before",
        "id",
        "kind",
        "span"
      ]
    },
    {
      "owner": [
        "Fun",
        3
      ],
      "path": "Fun[3].body.Structured.body.statements[10].kind.Call.on_unwind.statements[7]",
      "id": 2062,
      "keys": [
        "comments_before",
        "id",
        "kind",
        "span"
      ]
    },
    {
      "owner": [
        "Fun",
        3
      ],
      "path": "Fun[3].body.Structured.body.statements[10].kind.Call.on_unwind.statements[8]",
      "id": 2063,
      "keys": [
        "comments_before",
        "id",
        "kind",
        "span"
      ]
    },
    {
      "owner": [
        "Fun",
        3
      ],
      "path": "Fun[3].body.Structured.body.statements[10].kind.Call.on_unwind.statements[9]",
      "id": 2064,
      "keys": [
        "comments_before",
        "id",
        "kind",
        "span"
      ]
    },
    {
      "owner": [
        "Fun",
        3
      ],
      "path": "Fun[3].body.Structured.body.statements[10].kind.Call.on_unwind.statements[10]",
      "id": 1889,
      "keys": [
        "comments_before",
        "id",
        "kind",
        "span"
      ]
    },
    {
      "owner": [
        "Fun",
        3
      ],
      "path": "Fun[3].body.Structured.body.statements[11]",
      "id": 507,
      "keys": [
        "comments_before",
        "id",
        "kind",
        "span"
      ]
    },
    {
      "owner": [
        "Fun",
        3
      ],
      "path": "Fun[3].body.Structured.body.statements[12]",
      "id": 508,
      "keys": [
        "comments_before",
        "id",
        "kind",
        "span"
      ]
    },
    {
      "owner": [
        "Fun",
        3
      ],
      "path": "Fun[3].body.Structured.body.statements[13]",
      "id": 509,
      "keys": [
        "comments_before",
        "id",
        "kind",
        "span"
      ]
    },
    {
      "owner": [
        "Fun",
        3
      ],
      "path": "Fun[3].body.Structured.body.statements[14]",
      "id": 510,
      "keys": [
        "comments_before",
        "id",
        "kind",
        "span"
      ]
    },
    {
      "owner": [
        "Fun",
        3
      ],
      "path": "Fun[3].body.Structured.body.statements[15]",
      "id": 511,
      "keys": [
        "comments_before",
        "id",
        "kind",
        "span"
      ]
    },
    {
      "owner": [
        "Fun",
        3
      ],
      "path": "Fun[3].body.Structured.body.statements[16]",
      "id": 1891,
      "keys": [
        "comments_before",
        "id",
        "kind",
        "span"
      ]
    },
    {
      "owner": [
        "Fun",
        3
      ],
      "path": "Fun[3].body.Structured.body.statements[17]",
      "id": 1892,
      "keys": [
        "comments_before",
        "id",
        "kind",
        "span"
      ]
    },
    {
      "owner": [
        "Fun",
        3
      ],
      "path": "Fun[3].body.Structured.body.statements[18]",
      "id": 1893,
      "keys": [
        "comments_before",
        "id",
        "kind",
        "span"
      ]
    },
    {
      "owner": [
        "Fun",
        3
      ],
      "path": "Fun[3].body.Structured.body.statements[19]",
      "id": 1895,
      "keys": [
        "comments_before",
        "id",
        "kind",
        "span"
      ]
    },
    {
      "owner": [
        "Fun",
        3
      ],
      "path": "Fun[3].body.Structured.body.statements[19].kind.Call.on_unwind.statements[0]",
      "id": 2065,
      "keys": [
        "comments_before",
        "id",
        "kind",
        "span"
      ]
    },
    {
      "owner": [
        "Fun",
        3
      ],
      "path": "Fun[3].body.Structured.body.statements[19].kind.Call.on_unwind.statements[1]",
      "id": 2066,
      "keys": [
        "comments_before",
        "id",
        "kind",
        "span"
      ]
    },
    {
      "owner": [
        "Fun",
        3
      ],
      "path": "Fun[3].body.Structured.body.statements[19].kind.Call.on_unwind.statements[2]",
      "id": 2067,
      "keys": [
        "comments_before",
        "id",
        "kind",
        "span"
      ]
    },
    {
      "owner": [
        "Fun",
        3
      ],
      "path": "Fun[3].body.Structured.body.statements[19].kind.Call.on_unwind.statements[3]",
      "id": 2068,
      "keys": [
        "comments_before",
        "id",
        "kind",
        "span"
      ]
    },
    {
      "owner": [
        "Fun",
        3
      ],
      "path": "Fun[3].body.Structured.body.statements[19].kind.Call.on_unwind.statements[4]",
      "id": 2069,
      "keys": [
        "comments_before",
        "id",
        "kind",
        "span"
      ]
    },
    {
      "owner": [
        "Fun",
        3
      ],
      "path": "Fun[3].body.Structured.body.statements[19].kind.Call.on_unwind.statements[5]",
      "id": 2070,
      "keys": [
        "comments_before",
        "id",
        "kind",
        "span"
      ]
    },
    {
      "owner": [
        "Fun",
        3
      ],
      "path": "Fun[3].body.Structured.body.statements[19].kind.Call.on_unwind.statements[6]",
      "id": 2071,
      "keys": [
        "comments_before",
        "id",
        "kind",
        "span"
      ]
    },
    {
      "owner": [
        "Fun",
        3
      ],
      "path": "Fun[3].body.Structured.body.statements[19].kind.Call.on_unwind.statements[7]",
      "id": 2072,
      "keys": [
        "comments_before",
        "id",
        "kind",
        "span"
      ]
    },
    {
      "owner": [
        "Fun",
        3
      ],
      "path": "Fun[3].body.Structured.body.statements[19].kind.Call.on_unwind.statements[8]",
      "id": 2073,
      "keys": [
        "comments_before",
        "id",
        "kind",
        "span"
      ]
    },
    {
      "owner": [
        "Fun",
        3
      ],
      "path": "Fun[3].body.Structured.body.statements[19].kind.Call.on_unwind.statements[9]",
      "id": 2074,
      "keys": [
        "comments_before",
        "id",
        "kind",
        "span"
      ]
    },
    {
      "owner": [
        "Fun",
        3
      ],
      "path": "Fun[3].body.Structured.body.statements[19].kind.Call.on_unwind.statements[10]",
      "id": 1894,
      "keys": [
        "comments_before",
        "id",
        "kind",
        "span"
      ]
    },
    {
      "owner": [
        "Fun",
        3
      ],
      "path": "Fun[3].body.Structured.body.statements[20]",
      "id": 514,
      "keys": [
        "comments_before",
        "id",
        "kind",
        "span"
      ]
    },
    {
      "owner": [
        "Fun",
        3
      ],
      "path": "Fun[3].body.Structured.body.statements[21]",
      "id": 515,
      "keys": [
        "comments_before",
        "id",
        "kind",
        "span"
      ]
    },
    {
      "owner": [
        "Fun",
        3
      ],
      "path": "Fun[3].body.Structured.body.statements[22]",
      "id": 516,
      "keys": [
        "comments_before",
        "id",
        "kind",
        "span"
      ]
    },
    {
      "owner": [
        "Fun",
        3
      ],
      "path": "Fun[3].body.Structured.body.statements[23]",
      "id": 527,
      "keys": [
        "comments_before",
        "id",
        "kind",
        "span"
      ]
    },
    {
      "owner": [
        "Fun",
        3
      ],
      "path": "Fun[3].body.Structured.body.statements[23].kind.Call.on_unwind.statements[0]",
      "id": 522,
      "keys": [
        "comments_before",
        "id",
        "kind",
        "span"
      ]
    },
    {
      "owner": [
        "Fun",
        3
      ],
      "path": "Fun[3].body.Structured.body.statements[23].kind.Call.on_unwind.statements[1]",
      "id": 523,
      "keys": [
        "comments_before",
        "id",
        "kind",
        "span"
      ]
    },
    {
      "owner": [
        "Fun",
        3
      ],
      "path": "Fun[3].body.Structured.body.statements[23].kind.Call.on_unwind.statements[2]",
      "id": 524,
      "keys": [
        "comments_before",
        "id",
        "kind",
        "span"
      ]
    },
    {
      "owner": [
        "Fun",
        3
      ],
      "path": "Fun[3].body.Structured.body.statements[23].kind.Call.on_unwind.statements[3]",
      "id": 525,
      "keys": [
        "comments_before",
        "id",
        "kind",
        "span"
      ]
    },
    {
      "owner": [
        "Fun",
        3
      ],
      "path": "Fun[3].body.Structured.body.statements[23].kind.Call.on_unwind.statements[4]",
      "id": 526,
      "keys": [
        "comments_before",
        "id",
        "kind",
        "span"
      ]
    },
    {
      "owner": [
        "Fun",
        3
      ],
      "path": "Fun[3].body.Structured.body.statements[24]",
      "id": 528,
      "keys": [
        "comments_before",
        "id",
        "kind",
        "span"
      ]
    },
    {
      "owner": [
        "Fun",
        3
      ],
      "path": "Fun[3].body.Structured.body.statements[25]",
      "id": 529,
      "keys": [
        "comments_before",
        "id",
        "kind",
        "span"
      ]
    },
    {
      "owner": [
        "Fun",
        3
      ],
      "path": "Fun[3].body.Structured.body.statements[26]",
      "id": 540,
      "keys": [
        "comments_before",
        "id",
        "kind",
        "span"
      ]
    },
    {
      "owner": [
        "Fun",
        3
      ],
      "path": "Fun[3].body.Structured.body.statements[26].kind.Call.on_unwind.statements[0]",
      "id": 535,
      "keys": [
        "comments_before",
        "id",
        "kind",
        "span"
      ]
    },
    {
      "owner": [
        "Fun",
        3
      ],
      "path": "Fun[3].body.Structured.body.statements[26].kind.Call.on_unwind.statements[1]",
      "id": 536,
      "keys": [
        "comments_before",
        "id",
        "kind",
        "span"
      ]
    },
    {
      "owner": [
        "Fun",
        3
      ],
      "path": "Fun[3].body.Structured.body.statements[26].kind.Call.on_unwind.statements[2]",
      "id": 537,
      "keys": [
        "comments_before",
        "id",
        "kind",
        "span"
      ]
    },
    {
      "owner": [
        "Fun",
        3
      ],
      "path": "Fun[3].body.Structured.body.statements[26].kind.Call.on_unwind.statements[3]",
      "id": 538,
      "keys": [
        "comments_before",
        "id",
        "kind",
        "span"
      ]
    },
    {
      "owner": [
        "Fun",
        3
      ],
      "path": "Fun[3].body.Structured.body.statements[26].kind.Call.on_unwind.statements[4]",
      "id": 539,
      "keys": [
        "comments_before",
        "id",
        "kind",
        "span"
      ]
    },
    {
      "owner": [
        "Fun",
        3
      ],
      "path": "Fun[3].body.Structured.body.statements[27]",
      "id": 541,
      "keys": [
        "comments_before",
        "id",
        "kind",
        "span"
      ]
    },
    {
      "owner": [
        "Fun",
        3
      ],
      "path": "Fun[3].body.Structured.body.statements[28]",
      "id": 542,
      "keys": [
        "comments_before",
        "id",
        "kind",
        "span"
      ]
    },
    {
      "owner": [
        "Fun",
        3
      ],
      "path": "Fun[3].body.Structured.body.statements[29]",
      "id": 543,
      "keys": [
        "comments_before",
        "id",
        "kind",
        "span"
      ]
    },
    {
      "owner": [
        "Fun",
        3
      ],
      "path": "Fun[3].body.Structured.body.statements[30]",
      "id": 544,
      "keys": [
        "comments_before",
        "id",
        "kind",
        "span"
      ]
    },
    {
      "owner": [
        "Fun",
        3
      ],
      "path": "Fun[3].body.Structured.body.statements[31]",
      "id": 545,
      "keys": [
        "comments_before",
        "id",
        "kind",
        "span"
      ]
    },
    {
      "owner": [
        "Fun",
        3
      ],
      "path": "Fun[3].body.Structured.body.statements[32]",
      "id": 546,
      "keys": [
        "comments_before",
        "id",
        "kind",
        "span"
      ]
    },
    {
      "owner": [
        "Fun",
        3
      ],
      "path": "Fun[3].body.Structured.body.statements[33]",
      "id": 547,
      "keys": [
        "comments_before",
        "id",
        "kind",
        "span"
      ]
    },
    {
      "owner": [
        "Fun",
        3
      ],
      "path": "Fun[3].body.Structured.body.statements[34]",
      "id": 548,
      "keys": [
        "comments_before",
        "id",
        "kind",
        "span"
      ]
    },
    {
      "owner": [
        "Fun",
        3
      ],
      "path": "Fun[3].body.Structured.body.statements[35]",
      "id": 1896,
      "keys": [
        "comments_before",
        "id",
        "kind",
        "span"
      ]
    },
    {
      "owner": [
        "Fun",
        3
      ],
      "path": "Fun[3].body.Structured.body.statements[36]",
      "id": 1897,
      "keys": [
        "comments_before",
        "id",
        "kind",
        "span"
      ]
    },
    {
      "owner": [
        "Fun",
        3
      ],
      "path": "Fun[3].body.Structured.body.statements[37]",
      "id": 1898,
      "keys": [
        "comments_before",
        "id",
        "kind",
        "span"
      ]
    },
    {
      "owner": [
        "Fun",
        3
      ],
      "path": "Fun[3].body.Structured.body.statements[38]",
      "id": 1900,
      "keys": [
        "comments_before",
        "id",
        "kind",
        "span"
      ]
    },
    {
      "owner": [
        "Fun",
        3
      ],
      "path": "Fun[3].body.Structured.body.statements[38].kind.Call.on_unwind.statements[0]",
      "id": 2075,
      "keys": [
        "comments_before",
        "id",
        "kind",
        "span"
      ]
    },
    {
      "owner": [
        "Fun",
        3
      ],
      "path": "Fun[3].body.Structured.body.statements[38].kind.Call.on_unwind.statements[1]",
      "id": 2076,
      "keys": [
        "comments_before",
        "id",
        "kind",
        "span"
      ]
    },
    {
      "owner": [
        "Fun",
        3
      ],
      "path": "Fun[3].body.Structured.body.statements[38].kind.Call.on_unwind.statements[2]",
      "id": 2077,
      "keys": [
        "comments_before",
        "id",
        "kind",
        "span"
      ]
    },
    {
      "owner": [
        "Fun",
        3
      ],
      "path": "Fun[3].body.Structured.body.statements[38].kind.Call.on_unwind.statements[3]",
      "id": 2078,
      "keys": [
        "comments_before",
        "id",
        "kind",
        "span"
      ]
    },
    {
      "owner": [
        "Fun",
        3
      ],
      "path": "Fun[3].body.Structured.body.statements[38].kind.Call.on_unwind.statements[4]",
      "id": 2079,
      "keys": [
        "comments_before",
        "id",
        "kind",
        "span"
      ]
    },
    {
      "owner": [
        "Fun",
        3
      ],
      "path": "Fun[3].body.Structured.body.statements[38].kind.Call.on_unwind.statements[5]",
      "id": 2080,
      "keys": [
        "comments_before",
        "id",
        "kind",
        "span"
      ]
    },
    {
      "owner": [
        "Fun",
        3
      ],
      "path": "Fun[3].body.Structured.body.statements[38].kind.Call.on_unwind.statements[6]",
      "id": 2081,
      "keys": [
        "comments_before",
        "id",
        "kind",
        "span"
      ]
    },
    {
      "owner": [
        "Fun",
        3
      ],
      "path": "Fun[3].body.Structured.body.statements[38].kind.Call.on_unwind.statements[7]",
      "id": 2082,
      "keys": [
        "comments_before",
        "id",
        "kind",
        "span"
      ]
    },
    {
      "owner": [
        "Fun",
        3
      ],
      "path": "Fun[3].body.Structured.body.statements[38].kind.Call.on_unwind.statements[8]",
      "id": 2083,
      "keys": [
        "comments_before",
        "id",
        "kind",
        "span"
      ]
    },
    {
      "owner": [
        "Fun",
        3
      ],
      "path": "Fun[3].body.Structured.body.statements[38].kind.Call.on_unwind.statements[9]",
      "id": 2084,
      "keys": [
        "comments_before",
        "id",
        "kind",
        "span"
      ]
    },
    {
      "owner": [
        "Fun",
        3
      ],
      "path": "Fun[3].body.Structured.body.statements[38].kind.Call.on_unwind.statements[10]",
      "id": 1899,
      "keys": [
        "comments_before",
        "id",
        "kind",
        "span"
      ]
    },
    {
      "owner": [
        "Fun",
        3
      ],
      "path": "Fun[3].body.Structured.body.statements[39]",
      "id": 551,
      "keys": [
        "comments_before",
        "id",
        "kind",
        "span"
      ]
    },
    {
      "owner": [
        "Fun",
        3
      ],
      "path": "Fun[3].body.Structured.body.statements[40]",
      "id": 552,
      "keys": [
        "comments_before",
        "id",
        "kind",
        "span"
      ]
    },
    {
      "owner": [
        "Fun",
        3
      ],
      "path": "Fun[3].body.Structured.body.statements[41]",
      "id": 553,
      "keys": [
        "comments_before",
        "id",
        "kind",
        "span"
      ]
    },
    {
      "owner": [
        "Fun",
        3
      ],
      "path": "Fun[3].body.Structured.body.statements[42]",
      "id": 564,
      "keys": [
        "comments_before",
        "id",
        "kind",
        "span"
      ]
    },
    {
      "owner": [
        "Fun",
        3
      ],
      "path": "Fun[3].body.Structured.body.statements[42].kind.Call.on_unwind.statements[0]",
      "id": 559,
      "keys": [
        "comments_before",
        "id",
        "kind",
        "span"
      ]
    },
    {
      "owner": [
        "Fun",
        3
      ],
      "path": "Fun[3].body.Structured.body.statements[42].kind.Call.on_unwind.statements[1]",
      "id": 560,
      "keys": [
        "comments_before",
        "id",
        "kind",
        "span"
      ]
    },
    {
      "owner": [
        "Fun",
        3
      ],
      "path": "Fun[3].body.Structured.body.statements[42].kind.Call.on_unwind.statements[2]",
      "id": 561,
      "keys": [
        "comments_before",
        "id",
        "kind",
        "span"
      ]
    },
    {
      "owner": [
        "Fun",
        3
      ],
      "path": "Fun[3].body.Structured.body.statements[42].kind.Call.on_unwind.statements[3]",
      "id": 562,
      "keys": [
        "comments_before",
        "id",
        "kind",
        "span"
      ]
    },
    {
      "owner": [
        "Fun",
        3
      ],
      "path": "Fun[3].body.Structured.body.statements[42].kind.Call.on_unwind.statements[4]",
      "id": 563,
      "keys": [
        "comments_before",
        "id",
        "kind",
        "span"
      ]
    },
    {
      "owner": [
        "Fun",
        3
      ],
      "path": "Fun[3].body.Structured.body.statements[43]",
      "id": 565,
      "keys": [
        "comments_before",
        "id",
        "kind",
        "span"
      ]
    },
    {
      "owner": [
        "Fun",
        3
      ],
      "path": "Fun[3].body.Structured.body.statements[44]",
      "id": 566,
      "keys": [
        "comments_before",
        "id",
        "kind",
        "span"
      ]
    },
    {
      "owner": [
        "Fun",
        3
      ],
      "path": "Fun[3].body.Structured.body.statements[45]",
      "id": 567,
      "keys": [
        "comments_before",
        "id",
        "kind",
        "span"
      ]
    },
    {
      "owner": [
        "Fun",
        3
      ],
      "path": "Fun[3].body.Structured.body.statements[46]",
      "id": 568,
      "keys": [
        "comments_before",
        "id",
        "kind",
        "span"
      ]
    },
    {
      "owner": [
        "Fun",
        3
      ],
      "path": "Fun[3].body.Structured.body.statements[47]",
      "id": 569,
      "keys": [
        "comments_before",
        "id",
        "kind",
        "span"
      ]
    },
    {
      "owner": [
        "Fun",
        3
      ],
      "path": "Fun[3].body.Structured.body.statements[48]",
      "id": 570,
      "keys": [
        "comments_before",
        "id",
        "kind",
        "span"
      ]
    },
    {
      "owner": [
        "Fun",
        3
      ],
      "path": "Fun[3].body.Structured.body.statements[49]",
      "id": 571,
      "keys": [
        "comments_before",
        "id",
        "kind",
        "span"
      ]
    },
    {
      "owner": [
        "Fun",
        3
      ],
      "path": "Fun[3].body.Structured.body.statements[50]",
      "id": 1901,
      "keys": [
        "comments_before",
        "id",
        "kind",
        "span"
      ]
    },
    {
      "owner": [
        "Fun",
        3
      ],
      "path": "Fun[3].body.Structured.body.statements[51]",
      "id": 1902,
      "keys": [
        "comments_before",
        "id",
        "kind",
        "span"
      ]
    },
    {
      "owner": [
        "Fun",
        3
      ],
      "path": "Fun[3].body.Structured.body.statements[52]",
      "id": 1903,
      "keys": [
        "comments_before",
        "id",
        "kind",
        "span"
      ]
    },
    {
      "owner": [
        "Fun",
        3
      ],
      "path": "Fun[3].body.Structured.body.statements[53]",
      "id": 1905,
      "keys": [
        "comments_before",
        "id",
        "kind",
        "span"
      ]
    },
    {
      "owner": [
        "Fun",
        3
      ],
      "path": "Fun[3].body.Structured.body.statements[53].kind.Call.on_unwind.statements[0]",
      "id": 2085,
      "keys": [
        "comments_before",
        "id",
        "kind",
        "span"
      ]
    },
    {
      "owner": [
        "Fun",
        3
      ],
      "path": "Fun[3].body.Structured.body.statements[53].kind.Call.on_unwind.statements[1]",
      "id": 2086,
      "keys": [
        "comments_before",
        "id",
        "kind",
        "span"
      ]
    },
    {
      "owner": [
        "Fun",
        3
      ],
      "path": "Fun[3].body.Structured.body.statements[53].kind.Call.on_unwind.statements[2]",
      "id": 2087,
      "keys": [
        "comments_before",
        "id",
        "kind",
        "span"
      ]
    },
    {
      "owner": [
        "Fun",
        3
      ],
      "path": "Fun[3].body.Structured.body.statements[53].kind.Call.on_unwind.statements[3]",
      "id": 2088,
      "keys": [
        "comments_before",
        "id",
        "kind",
        "span"
      ]
    },
    {
      "owner": [
        "Fun",
        3
      ],
      "path": "Fun[3].body.Structured.body.statements[53].kind.Call.on_unwind.statements[4]",
      "id": 2089,
      "keys": [
        "comments_before",
        "id",
        "kind",
        "span"
      ]
    },
    {
      "owner": [
        "Fun",
        3
      ],
      "path": "Fun[3].body.Structured.body.statements[53].kind.Call.on_unwind.statements[5]",
      "id": 2090,
      "keys": [
        "comments_before",
        "id",
        "kind",
        "span"
      ]
    },
    {
      "owner": [
        "Fun",
        3
      ],
      "path": "Fun[3].body.Structured.body.statements[53].kind.Call.on_unwind.statements[6]",
      "id": 2091,
      "keys": [
        "comments_before",
        "id",
        "kind",
        "span"
      ]
    },
    {
      "owner": [
        "Fun",
        3
      ],
      "path": "Fun[3].body.Structured.body.statements[53].kind.Call.on_unwind.statements[7]",
      "id": 2092,
      "keys": [
        "comments_before",
        "id",
        "kind",
        "span"
      ]
    },
    {
      "owner": [
        "Fun",
        3
      ],
      "path": "Fun[3].body.Structured.body.statements[53].kind.Call.on_unwind.statements[8]",
      "id": 2093,
      "keys": [
        "comments_before",
        "id",
        "kind",
        "span"
      ]
    },
    {
      "owner": [
        "Fun",
        3
      ],
      "path": "Fun[3].body.Structured.body.statements[53].kind.Call.on_unwind.statements[9]",
      "id": 2094,
      "keys": [
        "comments_before",
        "id",
        "kind",
        "span"
      ]
    },
    {
      "owner": [
        "Fun",
        3
      ],
      "path": "Fun[3].body.Structured.body.statements[53].kind.Call.on_unwind.statements[10]",
      "id": 1904,
      "keys": [
        "comments_before",
        "id",
        "kind",
        "span"
      ]
    },
    {
      "owner": [
        "Fun",
        3
      ],
      "path": "Fun[3].body.Structured.body.statements[54]",
      "id": 574,
      "keys": [
        "comments_before",
        "id",
        "kind",
        "span"
      ]
    },
    {
      "owner": [
        "Fun",
        3
      ],
      "path": "Fun[3].body.Structured.body.statements[55]",
      "id": 575,
      "keys": [
        "comments_before",
        "id",
        "kind",
        "span"
      ]
    },
    {
      "owner": [
        "Fun",
        3
      ],
      "path": "Fun[3].body.Structured.body.statements[56]",
      "id": 576,
      "keys": [
        "comments_before",
        "id",
        "kind",
        "span"
      ]
    },
    {
      "owner": [
        "Fun",
        3
      ],
      "path": "Fun[3].body.Structured.body.statements[57]",
      "id": 587,
      "keys": [
        "comments_before",
        "id",
        "kind",
        "span"
      ]
    },
    {
      "owner": [
        "Fun",
        3
      ],
      "path": "Fun[3].body.Structured.body.statements[57].kind.Call.on_unwind.statements[0]",
      "id": 582,
      "keys": [
        "comments_before",
        "id",
        "kind",
        "span"
      ]
    },
    {
      "owner": [
        "Fun",
        3
      ],
      "path": "Fun[3].body.Structured.body.statements[57].kind.Call.on_unwind.statements[1]",
      "id": 583,
      "keys": [
        "comments_before",
        "id",
        "kind",
        "span"
      ]
    },
    {
      "owner": [
        "Fun",
        3
      ],
      "path": "Fun[3].body.Structured.body.statements[57].kind.Call.on_unwind.statements[2]",
      "id": 584,
      "keys": [
        "comments_before",
        "id",
        "kind",
        "span"
      ]
    },
    {
      "owner": [
        "Fun",
        3
      ],
      "path": "Fun[3].body.Structured.body.statements[57].kind.Call.on_unwind.statements[3]",
      "id": 585,
      "keys": [
        "comments_before",
        "id",
        "kind",
        "span"
      ]
    },
    {
      "owner": [
        "Fun",
        3
      ],
      "path": "Fun[3].body.Structured.body.statements[57].kind.Call.on_unwind.statements[4]",
      "id": 586,
      "keys": [
        "comments_before",
        "id",
        "kind",
        "span"
      ]
    },
    {
      "owner": [
        "Fun",
        3
      ],
      "path": "Fun[3].body.Structured.body.statements[58]",
      "id": 588,
      "keys": [
        "comments_before",
        "id",
        "kind",
        "span"
      ]
    },
    {
      "owner": [
        "Fun",
        3
      ],
      "path": "Fun[3].body.Structured.body.statements[59]",
      "id": 589,
      "keys": [
        "comments_before",
        "id",
        "kind",
        "span"
      ]
    },
    {
      "owner": [
        "Fun",
        3
      ],
      "path": "Fun[3].body.Structured.body.statements[60]",
      "id": 590,
      "keys": [
        "comments_before",
        "id",
        "kind",
        "span"
      ]
    },
    {
      "owner": [
        "Fun",
        3
      ],
      "path": "Fun[3].body.Structured.body.statements[61]",
      "id": 591,
      "keys": [
        "comments_before",
        "id",
        "kind",
        "span"
      ]
    },
    {
      "owner": [
        "Fun",
        3
      ],
      "path": "Fun[3].body.Structured.body.statements[62]",
      "id": 592,
      "keys": [
        "comments_before",
        "id",
        "kind",
        "span"
      ]
    },
    {
      "owner": [
        "Fun",
        3
      ],
      "path": "Fun[3].body.Structured.body.statements[63]",
      "id": 593,
      "keys": [
        "comments_before",
        "id",
        "kind",
        "span"
      ]
    },
    {
      "owner": [
        "Fun",
        3
      ],
      "path": "Fun[3].body.Structured.body.statements[64]",
      "id": 594,
      "keys": [
        "comments_before",
        "id",
        "kind",
        "span"
      ]
    },
    {
      "owner": [
        "Fun",
        3
      ],
      "path": "Fun[3].body.Structured.body.statements[65]",
      "id": 1906,
      "keys": [
        "comments_before",
        "id",
        "kind",
        "span"
      ]
    },
    {
      "owner": [
        "Fun",
        3
      ],
      "path": "Fun[3].body.Structured.body.statements[66]",
      "id": 1907,
      "keys": [
        "comments_before",
        "id",
        "kind",
        "span"
      ]
    },
    {
      "owner": [
        "Fun",
        3
      ],
      "path": "Fun[3].body.Structured.body.statements[67]",
      "id": 1908,
      "keys": [
        "comments_before",
        "id",
        "kind",
        "span"
      ]
    },
    {
      "owner": [
        "Fun",
        3
      ],
      "path": "Fun[3].body.Structured.body.statements[68]",
      "id": 1910,
      "keys": [
        "comments_before",
        "id",
        "kind",
        "span"
      ]
    },
    {
      "owner": [
        "Fun",
        3
      ],
      "path": "Fun[3].body.Structured.body.statements[68].kind.Call.on_unwind.statements[0]",
      "id": 2095,
      "keys": [
        "comments_before",
        "id",
        "kind",
        "span"
      ]
    },
    {
      "owner": [
        "Fun",
        3
      ],
      "path": "Fun[3].body.Structured.body.statements[68].kind.Call.on_unwind.statements[1]",
      "id": 2096,
      "keys": [
        "comments_before",
        "id",
        "kind",
        "span"
      ]
    },
    {
      "owner": [
        "Fun",
        3
      ],
      "path": "Fun[3].body.Structured.body.statements[68].kind.Call.on_unwind.statements[2]",
      "id": 2097,
      "keys": [
        "comments_before",
        "id",
        "kind",
        "span"
      ]
    },
    {
      "owner": [
        "Fun",
        3
      ],
      "path": "Fun[3].body.Structured.body.statements[68].kind.Call.on_unwind.statements[3]",
      "id": 2098,
      "keys": [
        "comments_before",
        "id",
        "kind",
        "span"
      ]
    },
    {
      "owner": [
        "Fun",
        3
      ],
      "path": "Fun[3].body.Structured.body.statements[68].kind.Call.on_unwind.statements[4]",
      "id": 2099,
      "keys": [
        "comments_before",
        "id",
        "kind",
        "span"
      ]
    },
    {
      "owner": [
        "Fun",
        3
      ],
      "path": "Fun[3].body.Structured.body.statements[68].kind.Call.on_unwind.statements[5]",
      "id": 2100,
      "keys": [
        "comments_before",
        "id",
        "kind",
        "span"
      ]
    },
    {
      "owner": [
        "Fun",
        3
      ],
      "path": "Fun[3].body.Structured.body.statements[68].kind.Call.on_unwind.statements[6]",
      "id": 2101,
      "keys": [
        "comments_before",
        "id",
        "kind",
        "span"
      ]
    },
    {
      "owner": [
        "Fun",
        3
      ],
      "path": "Fun[3].body.Structured.body.statements[68].kind.Call.on_unwind.statements[7]",
      "id": 2102,
      "keys": [
        "comments_before",
        "id",
        "kind",
        "span"
      ]
    },
    {
      "owner": [
        "Fun",
        3
      ],
      "path": "Fun[3].body.Structured.body.statements[68].kind.Call.on_unwind.statements[8]",
      "id": 2103,
      "keys": [
        "comments_before",
        "id",
        "kind",
        "span"
      ]
    },
    {
      "owner": [
        "Fun",
        3
      ],
      "path": "Fun[3].body.Structured.body.statements[68].kind.Call.on_unwind.statements[9]",
      "id": 2104,
      "keys": [
        "comments_before",
        "id",
        "kind",
        "span"
      ]
    },
    {
      "owner": [
        "Fun",
        3
      ],
      "path": "Fun[3].body.Structured.body.statements[68].kind.Call.on_unwind.statements[10]",
      "id": 1909,
      "keys": [
        "comments_before",
        "id",
        "kind",
        "span"
      ]
    },
    {
      "owner": [
        "Fun",
        3
      ],
      "path": "Fun[3].body.Structured.body.statements[69]",
      "id": 597,
      "keys": [
        "comments_before",
        "id",
        "kind",
        "span"
      ]
    },
    {
      "owner": [
        "Fun",
        3
      ],
      "path": "Fun[3].body.Structured.body.statements[70]",
      "id": 598,
      "keys": [
        "comments_before",
        "id",
        "kind",
        "span"
      ]
    },
    {
      "owner": [
        "Fun",
        3
      ],
      "path": "Fun[3].body.Structured.body.statements[71]",
      "id": 599,
      "keys": [
        "comments_before",
        "id",
        "kind",
        "span"
      ]
    },
    {
      "owner": [
        "Fun",
        3
      ],
      "path": "Fun[3].body.Structured.body.statements[72]",
      "id": 600,
      "keys": [
        "comments_before",
        "id",
        "kind",
        "span"
      ]
    },
    {
      "owner": [
        "Fun",
        3
      ],
      "path": "Fun[3].body.Structured.body.statements[73]",
      "id": 601,
      "keys": [
        "comments_before",
        "id",
        "kind",
        "span"
      ]
    },
    {
      "owner": [
        "Fun",
        3
      ],
      "path": "Fun[3].body.Structured.body.statements[74]",
      "id": 602,
      "keys": [
        "comments_before",
        "id",
        "kind",
        "span"
      ]
    },
    {
      "owner": [
        "Fun",
        3
      ],
      "path": "Fun[3].body.Structured.body.statements[75]",
      "id": 613,
      "keys": [
        "comments_before",
        "id",
        "kind",
        "span"
      ]
    },
    {
      "owner": [
        "Fun",
        3
      ],
      "path": "Fun[3].body.Structured.body.statements[75].kind.Call.on_unwind.statements[0]",
      "id": 608,
      "keys": [
        "comments_before",
        "id",
        "kind",
        "span"
      ]
    },
    {
      "owner": [
        "Fun",
        3
      ],
      "path": "Fun[3].body.Structured.body.statements[75].kind.Call.on_unwind.statements[1]",
      "id": 609,
      "keys": [
        "comments_before",
        "id",
        "kind",
        "span"
      ]
    },
    {
      "owner": [
        "Fun",
        3
      ],
      "path": "Fun[3].body.Structured.body.statements[75].kind.Call.on_unwind.statements[2]",
      "id": 610,
      "keys": [
        "comments_before",
        "id",
        "kind",
        "span"
      ]
    },
    {
      "owner": [
        "Fun",
        3
      ],
      "path": "Fun[3].body.Structured.body.statements[75].kind.Call.on_unwind.statements[3]",
      "id": 611,
      "keys": [
        "comments_before",
        "id",
        "kind",
        "span"
      ]
    },
    {
      "owner": [
        "Fun",
        3
      ],
      "path": "Fun[3].body.Structured.body.statements[75].kind.Call.on_unwind.statements[4]",
      "id": 612,
      "keys": [
        "comments_before",
        "id",
        "kind",
        "span"
      ]
    },
    {
      "owner": [
        "Fun",
        3
      ],
      "path": "Fun[3].body.Structured.body.statements[76]",
      "id": 614,
      "keys": [
        "comments_before",
        "id",
        "kind",
        "span"
      ]
    },
    {
      "owner": [
        "Fun",
        3
      ],
      "path": "Fun[3].body.Structured.body.statements[77]",
      "id": 615,
      "keys": [
        "comments_before",
        "id",
        "kind",
        "span"
      ]
    },
    {
      "owner": [
        "Fun",
        3
      ],
      "path": "Fun[3].body.Structured.body.statements[78]",
      "id": 626,
      "keys": [
        "comments_before",
        "id",
        "kind",
        "span"
      ]
    },
    {
      "owner": [
        "Fun",
        3
      ],
      "path": "Fun[3].body.Structured.body.statements[78].kind.Call.on_unwind.statements[0]",
      "id": 621,
      "keys": [
        "comments_before",
        "id",
        "kind",
        "span"
      ]
    },
    {
      "owner": [
        "Fun",
        3
      ],
      "path": "Fun[3].body.Structured.body.statements[78].kind.Call.on_unwind.statements[1]",
      "id": 622,
      "keys": [
        "comments_before",
        "id",
        "kind",
        "span"
      ]
    },
    {
      "owner": [
        "Fun",
        3
      ],
      "path": "Fun[3].body.Structured.body.statements[78].kind.Call.on_unwind.statements[2]",
      "id": 623,
      "keys": [
        "comments_before",
        "id",
        "kind",
        "span"
      ]
    },
    {
      "owner": [
        "Fun",
        3
      ],
      "path": "Fun[3].body.Structured.body.statements[78].kind.Call.on_unwind.statements[3]",
      "id": 624,
      "keys": [
        "comments_before",
        "id",
        "kind",
        "span"
      ]
    },
    {
      "owner": [
        "Fun",
        3
      ],
      "path": "Fun[3].body.Structured.body.statements[78].kind.Call.on_unwind.statements[4]",
      "id": 625,
      "keys": [
        "comments_before",
        "id",
        "kind",
        "span"
      ]
    },
    {
      "owner": [
        "Fun",
        3
      ],
      "path": "Fun[3].body.Structured.body.statements[79]",
      "id": 627,
      "keys": [
        "comments_before",
        "id",
        "kind",
        "span"
      ]
    },
    {
      "owner": [
        "Fun",
        3
      ],
      "path": "Fun[3].body.Structured.body.statements[80]",
      "id": 628,
      "keys": [
        "comments_before",
        "id",
        "kind",
        "span"
      ]
    },
    {
      "owner": [
        "Fun",
        3
      ],
      "path": "Fun[3].body.Structured.body.statements[81]",
      "id": 629,
      "keys": [
        "comments_before",
        "id",
        "kind",
        "span"
      ]
    },
    {
      "owner": [
        "Fun",
        3
      ],
      "path": "Fun[3].body.Structured.body.statements[82]",
      "id": 630,
      "keys": [
        "comments_before",
        "id",
        "kind",
        "span"
      ]
    },
    {
      "owner": [
        "Fun",
        3
      ],
      "path": "Fun[3].body.Structured.body.statements[83]",
      "id": 631,
      "keys": [
        "comments_before",
        "id",
        "kind",
        "span"
      ]
    },
    {
      "owner": [
        "Fun",
        3
      ],
      "path": "Fun[3].body.Structured.body.statements[84]",
      "id": 632,
      "keys": [
        "comments_before",
        "id",
        "kind",
        "span"
      ]
    },
    {
      "owner": [
        "Fun",
        3
      ],
      "path": "Fun[3].body.Structured.body.statements[85]",
      "id": 633,
      "keys": [
        "comments_before",
        "id",
        "kind",
        "span"
      ]
    },
    {
      "owner": [
        "Fun",
        3
      ],
      "path": "Fun[3].body.Structured.body.statements[86]",
      "id": 634,
      "keys": [
        "comments_before",
        "id",
        "kind",
        "span"
      ]
    },
    {
      "owner": [
        "Fun",
        3
      ],
      "path": "Fun[3].body.Structured.body.statements[87]",
      "id": 645,
      "keys": [
        "comments_before",
        "id",
        "kind",
        "span"
      ]
    },
    {
      "owner": [
        "Fun",
        3
      ],
      "path": "Fun[3].body.Structured.body.statements[87].kind.Call.on_unwind.statements[0]",
      "id": 640,
      "keys": [
        "comments_before",
        "id",
        "kind",
        "span"
      ]
    },
    {
      "owner": [
        "Fun",
        3
      ],
      "path": "Fun[3].body.Structured.body.statements[87].kind.Call.on_unwind.statements[1]",
      "id": 641,
      "keys": [
        "comments_before",
        "id",
        "kind",
        "span"
      ]
    },
    {
      "owner": [
        "Fun",
        3
      ],
      "path": "Fun[3].body.Structured.body.statements[87].kind.Call.on_unwind.statements[2]",
      "id": 642,
      "keys": [
        "comments_before",
        "id",
        "kind",
        "span"
      ]
    },
    {
      "owner": [
        "Fun",
        3
      ],
      "path": "Fun[3].body.Structured.body.statements[87].kind.Call.on_unwind.statements[3]",
      "id": 643,
      "keys": [
        "comments_before",
        "id",
        "kind",
        "span"
      ]
    },
    {
      "owner": [
        "Fun",
        3
      ],
      "path": "Fun[3].body.Structured.body.statements[87].kind.Call.on_unwind.statements[4]",
      "id": 644,
      "keys": [
        "comments_before",
        "id",
        "kind",
        "span"
      ]
    },
    {
      "owner": [
        "Fun",
        3
      ],
      "path": "Fun[3].body.Structured.body.statements[88]",
      "id": 646,
      "keys": [
        "comments_before",
        "id",
        "kind",
        "span"
      ]
    },
    {
      "owner": [
        "Fun",
        3
      ],
      "path": "Fun[3].body.Structured.body.statements[89]",
      "id": 647,
      "keys": [
        "comments_before",
        "id",
        "kind",
        "span"
      ]
    },
    {
      "owner": [
        "Fun",
        3
      ],
      "path": "Fun[3].body.Structured.body.statements[90]",
      "id": 648,
      "keys": [
        "comments_before",
        "id",
        "kind",
        "span"
      ]
    },
    {
      "owner": [
        "Fun",
        3
      ],
      "path": "Fun[3].body.Structured.body.statements[91]",
      "id": 649,
      "keys": [
        "comments_before",
        "id",
        "kind",
        "span"
      ]
    },
    {
      "owner": [
        "Fun",
        3
      ],
      "path": "Fun[3].body.Structured.body.statements[92]",
      "id": 650,
      "keys": [
        "comments_before",
        "id",
        "kind",
        "span"
      ]
    },
    {
      "owner": [
        "Fun",
        3
      ],
      "path": "Fun[3].body.Structured.body.statements[93]",
      "id": 651,
      "keys": [
        "comments_before",
        "id",
        "kind",
        "span"
      ]
    },
    {
      "owner": [
        "Fun",
        3
      ],
      "path": "Fun[3].body.Structured.body.statements[94]",
      "id": 652,
      "keys": [
        "comments_before",
        "id",
        "kind",
        "span"
      ]
    },
    {
      "owner": [
        "Fun",
        3
      ],
      "path": "Fun[3].body.Structured.body.statements[95]",
      "id": 663,
      "keys": [
        "comments_before",
        "id",
        "kind",
        "span"
      ]
    },
    {
      "owner": [
        "Fun",
        3
      ],
      "path": "Fun[3].body.Structured.body.statements[95].kind.Call.on_unwind.statements[0]",
      "id": 658,
      "keys": [
        "comments_before",
        "id",
        "kind",
        "span"
      ]
    },
    {
      "owner": [
        "Fun",
        3
      ],
      "path": "Fun[3].body.Structured.body.statements[95].kind.Call.on_unwind.statements[1]",
      "id": 659,
      "keys": [
        "comments_before",
        "id",
        "kind",
        "span"
      ]
    },
    {
      "owner": [
        "Fun",
        3
      ],
      "path": "Fun[3].body.Structured.body.statements[95].kind.Call.on_unwind.statements[2]",
      "id": 660,
      "keys": [
        "comments_before",
        "id",
        "kind",
        "span"
      ]
    },
    {
      "owner": [
        "Fun",
        3
      ],
      "path": "Fun[3].body.Structured.body.statements[95].kind.Call.on_unwind.statements[3]",
      "id": 661,
      "keys": [
        "comments_before",
        "id",
        "kind",
        "span"
      ]
    },
    {
      "owner": [
        "Fun",
        3
      ],
      "path": "Fun[3].body.Structured.body.statements[95].kind.Call.on_unwind.statements[4]",
      "id": 662,
      "keys": [
        "comments_before",
        "id",
        "kind",
        "span"
      ]
    },
    {
      "owner": [
        "Fun",
        3
      ],
      "path": "Fun[3].body.Structured.body.statements[96]",
      "id": 664,
      "keys": [
        "comments_before",
        "id",
        "kind",
        "span"
      ]
    },
    {
      "owner": [
        "Fun",
        3
      ],
      "path": "Fun[3].body.Structured.body.statements[97]",
      "id": 665,
      "keys": [
        "comments_before",
        "id",
        "kind",
        "span"
      ]
    },
    {
      "owner": [
        "Fun",
        3
      ],
      "path": "Fun[3].body.Structured.body.statements[98]",
      "id": 666,
      "keys": [
        "comments_before",
        "id",
        "kind",
        "span"
      ]
    },
    {
      "owner": [
        "Fun",
        3
      ],
      "path": "Fun[3].body.Structured.body.statements[99]",
      "id": 667,
      "keys": [
        "comments_before",
        "id",
        "kind",
        "span"
      ]
    },
    {
      "owner": [
        "Fun",
        3
      ],
      "path": "Fun[3].body.Structured.body.statements[100]",
      "id": 668,
      "keys": [
        "comments_before",
        "id",
        "kind",
        "span"
      ]
    },
    {
      "owner": [
        "Fun",
        3
      ],
      "path": "Fun[3].body.Structured.body.statements[101]",
      "id": 669,
      "keys": [
        "comments_before",
        "id",
        "kind",
        "span"
      ]
    },
    {
      "owner": [
        "Fun",
        3
      ],
      "path": "Fun[3].body.Structured.body.statements[102]",
      "id": 670,
      "keys": [
        "comments_before",
        "id",
        "kind",
        "span"
      ]
    },
    {
      "owner": [
        "Fun",
        3
      ],
      "path": "Fun[3].body.Structured.body.statements[103]",
      "id": 681,
      "keys": [
        "comments_before",
        "id",
        "kind",
        "span"
      ]
    },
    {
      "owner": [
        "Fun",
        3
      ],
      "path": "Fun[3].body.Structured.body.statements[103].kind.Call.on_unwind.statements[0]",
      "id": 676,
      "keys": [
        "comments_before",
        "id",
        "kind",
        "span"
      ]
    },
    {
      "owner": [
        "Fun",
        3
      ],
      "path": "Fun[3].body.Structured.body.statements[103].kind.Call.on_unwind.statements[1]",
      "id": 677,
      "keys": [
        "comments_before",
        "id",
        "kind",
        "span"
      ]
    },
    {
      "owner": [
        "Fun",
        3
      ],
      "path": "Fun[3].body.Structured.body.statements[103].kind.Call.on_unwind.statements[2]",
      "id": 678,
      "keys": [
        "comments_before",
        "id",
        "kind",
        "span"
      ]
    },
    {
      "owner": [
        "Fun",
        3
      ],
      "path": "Fun[3].body.Structured.body.statements[103].kind.Call.on_unwind.statements[3]",
      "id": 679,
      "keys": [
        "comments_before",
        "id",
        "kind",
        "span"
      ]
    },
    {
      "owner": [
        "Fun",
        3
      ],
      "path": "Fun[3].body.Structured.body.statements[103].kind.Call.on_unwind.statements[4]",
      "id": 680,
      "keys": [
        "comments_before",
        "id",
        "kind",
        "span"
      ]
    },
    {
      "owner": [
        "Fun",
        3
      ],
      "path": "Fun[3].body.Structured.body.statements[104]",
      "id": 682,
      "keys": [
        "comments_before",
        "id",
        "kind",
        "span"
      ]
    },
    {
      "owner": [
        "Fun",
        3
      ],
      "path": "Fun[3].body.Structured.body.statements[105]",
      "id": 683,
      "keys": [
        "comments_before",
        "id",
        "kind",
        "span"
      ]
    },
    {
      "owner": [
        "Fun",
        3
      ],
      "path": "Fun[3].body.Structured.body.statements[106]",
      "id": 684,
      "keys": [
        "comments_before",
        "id",
        "kind",
        "span"
      ]
    },
    {
      "owner": [
        "Fun",
        3
      ],
      "path": "Fun[3].body.Structured.body.statements[107]",
      "id": 685,
      "keys": [
        "comments_before",
        "id",
        "kind",
        "span"
      ]
    },
    {
      "owner": [
        "Fun",
        3
      ],
      "path": "Fun[3].body.Structured.body.statements[108]",
      "id": 686,
      "keys": [
        "comments_before",
        "id",
        "kind",
        "span"
      ]
    },
    {
      "owner": [
        "Fun",
        3
      ],
      "path": "Fun[3].body.Structured.body.statements[109]",
      "id": 687,
      "keys": [
        "comments_before",
        "id",
        "kind",
        "span"
      ]
    },
    {
      "owner": [
        "Fun",
        3
      ],
      "path": "Fun[3].body.Structured.body.statements[110]",
      "id": 688,
      "keys": [
        "comments_before",
        "id",
        "kind",
        "span"
      ]
    },
    {
      "owner": [
        "Fun",
        3
      ],
      "path": "Fun[3].body.Structured.body.statements[111]",
      "id": 699,
      "keys": [
        "comments_before",
        "id",
        "kind",
        "span"
      ]
    },
    {
      "owner": [
        "Fun",
        3
      ],
      "path": "Fun[3].body.Structured.body.statements[111].kind.Call.on_unwind.statements[0]",
      "id": 694,
      "keys": [
        "comments_before",
        "id",
        "kind",
        "span"
      ]
    },
    {
      "owner": [
        "Fun",
        3
      ],
      "path": "Fun[3].body.Structured.body.statements[111].kind.Call.on_unwind.statements[1]",
      "id": 695,
      "keys": [
        "comments_before",
        "id",
        "kind",
        "span"
      ]
    },
    {
      "owner": [
        "Fun",
        3
      ],
      "path": "Fun[3].body.Structured.body.statements[111].kind.Call.on_unwind.statements[2]",
      "id": 696,
      "keys": [
        "comments_before",
        "id",
        "kind",
        "span"
      ]
    },
    {
      "owner": [
        "Fun",
        3
      ],
      "path": "Fun[3].body.Structured.body.statements[111].kind.Call.on_unwind.statements[3]",
      "id": 697,
      "keys": [
        "comments_before",
        "id",
        "kind",
        "span"
      ]
    },
    {
      "owner": [
        "Fun",
        3
      ],
      "path": "Fun[3].body.Structured.body.statements[111].kind.Call.on_unwind.statements[4]",
      "id": 698,
      "keys": [
        "comments_before",
        "id",
        "kind",
        "span"
      ]
    },
    {
      "owner": [
        "Fun",
        3
      ],
      "path": "Fun[3].body.Structured.body.statements[112]",
      "id": 700,
      "keys": [
        "comments_before",
        "id",
        "kind",
        "span"
      ]
    },
    {
      "owner": [
        "Fun",
        3
      ],
      "path": "Fun[3].body.Structured.body.statements[113]",
      "id": 701,
      "keys": [
        "comments_before",
        "id",
        "kind",
        "span"
      ]
    },
    {
      "owner": [
        "Fun",
        3
      ],
      "path": "Fun[3].body.Structured.body.statements[114]",
      "id": 702,
      "keys": [
        "comments_before",
        "id",
        "kind",
        "span"
      ]
    },
    {
      "owner": [
        "Fun",
        3
      ],
      "path": "Fun[3].body.Structured.body.statements[115]",
      "id": 703,
      "keys": [
        "comments_before",
        "id",
        "kind",
        "span"
      ]
    },
    {
      "owner": [
        "Fun",
        3
      ],
      "path": "Fun[3].body.Structured.body.statements[116]",
      "id": 704,
      "keys": [
        "comments_before",
        "id",
        "kind",
        "span"
      ]
    },
    {
      "owner": [
        "Fun",
        3
      ],
      "path": "Fun[3].body.Structured.body.statements[117]",
      "id": 705,
      "keys": [
        "comments_before",
        "id",
        "kind",
        "span"
      ]
    },
    {
      "owner": [
        "Fun",
        3
      ],
      "path": "Fun[3].body.Structured.body.statements[118]",
      "id": 706,
      "keys": [
        "comments_before",
        "id",
        "kind",
        "span"
      ]
    },
    {
      "owner": [
        "Fun",
        3
      ],
      "path": "Fun[3].body.Structured.body.statements[119]",
      "id": 717,
      "keys": [
        "comments_before",
        "id",
        "kind",
        "span"
      ]
    },
    {
      "owner": [
        "Fun",
        3
      ],
      "path": "Fun[3].body.Structured.body.statements[119].kind.Call.on_unwind.statements[0]",
      "id": 712,
      "keys": [
        "comments_before",
        "id",
        "kind",
        "span"
      ]
    },
    {
      "owner": [
        "Fun",
        3
      ],
      "path": "Fun[3].body.Structured.body.statements[119].kind.Call.on_unwind.statements[1]",
      "id": 713,
      "keys": [
        "comments_before",
        "id",
        "kind",
        "span"
      ]
    },
    {
      "owner": [
        "Fun",
        3
      ],
      "path": "Fun[3].body.Structured.body.statements[119].kind.Call.on_unwind.statements[2]",
      "id": 714,
      "keys": [
        "comments_before",
        "id",
        "kind",
        "span"
      ]
    },
    {
      "owner": [
        "Fun",
        3
      ],
      "path": "Fun[3].body.Structured.body.statements[119].kind.Call.on_unwind.statements[3]",
      "id": 715,
      "keys": [
        "comments_before",
        "id",
        "kind",
        "span"
      ]
    },
    {
      "owner": [
        "Fun",
        3
      ],
      "path": "Fun[3].body.Structured.body.statements[119].kind.Call.on_unwind.statements[4]",
      "id": 716,
      "keys": [
        "comments_before",
        "id",
        "kind",
        "span"
      ]
    },
    {
      "owner": [
        "Fun",
        3
      ],
      "path": "Fun[3].body.Structured.body.statements[120]",
      "id": 718,
      "keys": [
        "comments_before",
        "id",
        "kind",
        "span"
      ]
    },
    {
      "owner": [
        "Fun",
        3
      ],
      "path": "Fun[3].body.Structured.body.statements[121]",
      "id": 719,
      "keys": [
        "comments_before",
        "id",
        "kind",
        "span"
      ]
    },
    {
      "owner": [
        "Fun",
        3
      ],
      "path": "Fun[3].body.Structured.body.statements[122]",
      "id": 720,
      "keys": [
        "comments_before",
        "id",
        "kind",
        "span"
      ]
    },
    {
      "owner": [
        "Fun",
        3
      ],
      "path": "Fun[3].body.Structured.body.statements[123]",
      "id": 721,
      "keys": [
        "comments_before",
        "id",
        "kind",
        "span"
      ]
    },
    {
      "owner": [
        "Fun",
        3
      ],
      "path": "Fun[3].body.Structured.body.statements[124]",
      "id": 722,
      "keys": [
        "comments_before",
        "id",
        "kind",
        "span"
      ]
    },
    {
      "owner": [
        "Fun",
        3
      ],
      "path": "Fun[3].body.Structured.body.statements[125]",
      "id": 723,
      "keys": [
        "comments_before",
        "id",
        "kind",
        "span"
      ]
    },
    {
      "owner": [
        "Fun",
        3
      ],
      "path": "Fun[3].body.Structured.body.statements[126]",
      "id": 724,
      "keys": [
        "comments_before",
        "id",
        "kind",
        "span"
      ]
    },
    {
      "owner": [
        "Fun",
        3
      ],
      "path": "Fun[3].body.Structured.body.statements[127]",
      "id": 735,
      "keys": [
        "comments_before",
        "id",
        "kind",
        "span"
      ]
    },
    {
      "owner": [
        "Fun",
        3
      ],
      "path": "Fun[3].body.Structured.body.statements[127].kind.Call.on_unwind.statements[0]",
      "id": 730,
      "keys": [
        "comments_before",
        "id",
        "kind",
        "span"
      ]
    },
    {
      "owner": [
        "Fun",
        3
      ],
      "path": "Fun[3].body.Structured.body.statements[127].kind.Call.on_unwind.statements[1]",
      "id": 731,
      "keys": [
        "comments_before",
        "id",
        "kind",
        "span"
      ]
    },
    {
      "owner": [
        "Fun",
        3
      ],
      "path": "Fun[3].body.Structured.body.statements[127].kind.Call.on_unwind.statements[2]",
      "id": 732,
      "keys": [
        "comments_before",
        "id",
        "kind",
        "span"
      ]
    },
    {
      "owner": [
        "Fun",
        3
      ],
      "path": "Fun[3].body.Structured.body.statements[127].kind.Call.on_unwind.statements[3]",
      "id": 733,
      "keys": [
        "comments_before",
        "id",
        "kind",
        "span"
      ]
    },
    {
      "owner": [
        "Fun",
        3
      ],
      "path": "Fun[3].body.Structured.body.statements[127].kind.Call.on_unwind.statements[4]",
      "id": 734,
      "keys": [
        "comments_before",
        "id",
        "kind",
        "span"
      ]
    },
    {
      "owner": [
        "Fun",
        3
      ],
      "path": "Fun[3].body.Structured.body.statements[128]",
      "id": 736,
      "keys": [
        "comments_before",
        "id",
        "kind",
        "span"
      ]
    },
    {
      "owner": [
        "Fun",
        3
      ],
      "path": "Fun[3].body.Structured.body.statements[129]",
      "id": 737,
      "keys": [
        "comments_before",
        "id",
        "kind",
        "span"
      ]
    },
    {
      "owner": [
        "Fun",
        3
      ],
      "path": "Fun[3].body.Structured.body.statements[130]",
      "id": 738,
      "keys": [
        "comments_before",
        "id",
        "kind",
        "span"
      ]
    },
    {
      "owner": [
        "Fun",
        3
      ],
      "path": "Fun[3].body.Structured.body.statements[131]",
      "id": 739,
      "keys": [
        "comments_before",
        "id",
        "kind",
        "span"
      ]
    },
    {
      "owner": [
        "Fun",
        3
      ],
      "path": "Fun[3].body.Structured.body.statements[132]",
      "id": 740,
      "keys": [
        "comments_before",
        "id",
        "kind",
        "span"
      ]
    },
    {
      "owner": [
        "Fun",
        3
      ],
      "path": "Fun[3].body.Structured.body.statements[133]",
      "id": 741,
      "keys": [
        "comments_before",
        "id",
        "kind",
        "span"
      ]
    },
    {
      "owner": [
        "Fun",
        3
      ],
      "path": "Fun[3].body.Structured.body.statements[134]",
      "id": 742,
      "keys": [
        "comments_before",
        "id",
        "kind",
        "span"
      ]
    },
    {
      "owner": [
        "Fun",
        3
      ],
      "path": "Fun[3].body.Structured.body.statements[135]",
      "id": 753,
      "keys": [
        "comments_before",
        "id",
        "kind",
        "span"
      ]
    },
    {
      "owner": [
        "Fun",
        3
      ],
      "path": "Fun[3].body.Structured.body.statements[135].kind.Call.on_unwind.statements[0]",
      "id": 748,
      "keys": [
        "comments_before",
        "id",
        "kind",
        "span"
      ]
    },
    {
      "owner": [
        "Fun",
        3
      ],
      "path": "Fun[3].body.Structured.body.statements[135].kind.Call.on_unwind.statements[1]",
      "id": 749,
      "keys": [
        "comments_before",
        "id",
        "kind",
        "span"
      ]
    },
    {
      "owner": [
        "Fun",
        3
      ],
      "path": "Fun[3].body.Structured.body.statements[135].kind.Call.on_unwind.statements[2]",
      "id": 750,
      "keys": [
        "comments_before",
        "id",
        "kind",
        "span"
      ]
    },
    {
      "owner": [
        "Fun",
        3
      ],
      "path": "Fun[3].body.Structured.body.statements[135].kind.Call.on_unwind.statements[3]",
      "id": 751,
      "keys": [
        "comments_before",
        "id",
        "kind",
        "span"
      ]
    },
    {
      "owner": [
        "Fun",
        3
      ],
      "path": "Fun[3].body.Structured.body.statements[135].kind.Call.on_unwind.statements[4]",
      "id": 752,
      "keys": [
        "comments_before",
        "id",
        "kind",
        "span"
      ]
    },
    {
      "owner": [
        "Fun",
        3
      ],
      "path": "Fun[3].body.Structured.body.statements[136]",
      "id": 754,
      "keys": [
        "comments_before",
        "id",
        "kind",
        "span"
      ]
    },
    {
      "owner": [
        "Fun",
        3
      ],
      "path": "Fun[3].body.Structured.body.statements[137]",
      "id": 755,
      "keys": [
        "comments_before",
        "id",
        "kind",
        "span"
      ]
    },
    {
      "owner": [
        "Fun",
        3
      ],
      "path": "Fun[3].body.Structured.body.statements[138]",
      "id": 756,
      "keys": [
        "comments_before",
        "id",
        "kind",
        "span"
      ]
    },
    {
      "owner": [
        "Fun",
        3
      ],
      "path": "Fun[3].body.Structured.body.statements[139]",
      "id": 757,
      "keys": [
        "comments_before",
        "id",
        "kind",
        "span"
      ]
    },
    {
      "owner": [
        "Fun",
        3
      ],
      "path": "Fun[3].body.Structured.body.statements[140]",
      "id": 758,
      "keys": [
        "comments_before",
        "id",
        "kind",
        "span"
      ]
    },
    {
      "owner": [
        "Fun",
        3
      ],
      "path": "Fun[3].body.Structured.body.statements[141]",
      "id": 759,
      "keys": [
        "comments_before",
        "id",
        "kind",
        "span"
      ]
    },
    {
      "owner": [
        "Fun",
        3
      ],
      "path": "Fun[3].body.Structured.body.statements[142]",
      "id": 760,
      "keys": [
        "comments_before",
        "id",
        "kind",
        "span"
      ]
    },
    {
      "owner": [
        "Fun",
        3
      ],
      "path": "Fun[3].body.Structured.body.statements[143]",
      "id": 771,
      "keys": [
        "comments_before",
        "id",
        "kind",
        "span"
      ]
    },
    {
      "owner": [
        "Fun",
        3
      ],
      "path": "Fun[3].body.Structured.body.statements[143].kind.Call.on_unwind.statements[0]",
      "id": 766,
      "keys": [
        "comments_before",
        "id",
        "kind",
        "span"
      ]
    },
    {
      "owner": [
        "Fun",
        3
      ],
      "path": "Fun[3].body.Structured.body.statements[143].kind.Call.on_unwind.statements[1]",
      "id": 767,
      "keys": [
        "comments_before",
        "id",
        "kind",
        "span"
      ]
    },
    {
      "owner": [
        "Fun",
        3
      ],
      "path": "Fun[3].body.Structured.body.statements[143].kind.Call.on_unwind.statements[2]",
      "id": 768,
      "keys": [
        "comments_before",
        "id",
        "kind",
        "span"
      ]
    },
    {
      "owner": [
        "Fun",
        3
      ],
      "path": "Fun[3].body.Structured.body.statements[143].kind.Call.on_unwind.statements[3]",
      "id": 769,
      "keys": [
        "comments_before",
        "id",
        "kind",
        "span"
      ]
    },
    {
      "owner": [
        "Fun",
        3
      ],
      "path": "Fun[3].body.Structured.body.statements[143].kind.Call.on_unwind.statements[4]",
      "id": 770,
      "keys": [
        "comments_before",
        "id",
        "kind",
        "span"
      ]
    },
    {
      "owner": [
        "Fun",
        3
      ],
      "path": "Fun[3].body.Structured.body.statements[144]",
      "id": 772,
      "keys": [
        "comments_before",
        "id",
        "kind",
        "span"
      ]
    },
    {
      "owner": [
        "Fun",
        3
      ],
      "path": "Fun[3].body.Structured.body.statements[145]",
      "id": 773,
      "keys": [
        "comments_before",
        "id",
        "kind",
        "span"
      ]
    },
    {
      "owner": [
        "Fun",
        3
      ],
      "path": "Fun[3].body.Structured.body.statements[146]",
      "id": 774,
      "keys": [
        "comments_before",
        "id",
        "kind",
        "span"
      ]
    },
    {
      "owner": [
        "Fun",
        3
      ],
      "path": "Fun[3].body.Structured.body.statements[147]",
      "id": 775,
      "keys": [
        "comments_before",
        "id",
        "kind",
        "span"
      ]
    },
    {
      "owner": [
        "Fun",
        3
      ],
      "path": "Fun[3].body.Structured.body.statements[148]",
      "id": 776,
      "keys": [
        "comments_before",
        "id",
        "kind",
        "span"
      ]
    },
    {
      "owner": [
        "Fun",
        3
      ],
      "path": "Fun[3].body.Structured.body.statements[149]",
      "id": 777,
      "keys": [
        "comments_before",
        "id",
        "kind",
        "span"
      ]
    },
    {
      "owner": [
        "Fun",
        3
      ],
      "path": "Fun[3].body.Structured.body.statements[150]",
      "id": 778,
      "keys": [
        "comments_before",
        "id",
        "kind",
        "span"
      ]
    },
    {
      "owner": [
        "Fun",
        3
      ],
      "path": "Fun[3].body.Structured.body.statements[151]",
      "id": 779,
      "keys": [
        "comments_before",
        "id",
        "kind",
        "span"
      ]
    },
    {
      "owner": [
        "Fun",
        3
      ],
      "path": "Fun[3].body.Structured.body.statements[152]",
      "id": 780,
      "keys": [
        "comments_before",
        "id",
        "kind",
        "span"
      ]
    },
    {
      "owner": [
        "Fun",
        3
      ],
      "path": "Fun[3].body.Structured.body.statements[153]",
      "id": 781,
      "keys": [
        "comments_before",
        "id",
        "kind",
        "span"
      ]
    },
    {
      "owner": [
        "Fun",
        3
      ],
      "path": "Fun[3].body.Structured.body.statements[154]",
      "id": 782,
      "keys": [
        "comments_before",
        "id",
        "kind",
        "span"
      ]
    },
    {
      "owner": [
        "Fun",
        3
      ],
      "path": "Fun[3].body.Structured.body.statements[155]",
      "id": 783,
      "keys": [
        "comments_before",
        "id",
        "kind",
        "span"
      ]
    },
    {
      "owner": [
        "Fun",
        3
      ],
      "path": "Fun[3].body.Structured.body.statements[156]",
      "id": 784,
      "keys": [
        "comments_before",
        "id",
        "kind",
        "span"
      ]
    },
    {
      "owner": [
        "Fun",
        3
      ],
      "path": "Fun[3].body.Structured.body.statements[157]",
      "id": 785,
      "keys": [
        "comments_before",
        "id",
        "kind",
        "span"
      ]
    },
    {
      "owner": [
        "Fun",
        3
      ],
      "path": "Fun[3].body.Structured.body.statements[158]",
      "id": 786,
      "keys": [
        "comments_before",
        "id",
        "kind",
        "span"
      ]
    },
    {
      "owner": [
        "Fun",
        3
      ],
      "path": "Fun[3].body.Structured.body.statements[159]",
      "id": 787,
      "keys": [
        "comments_before",
        "id",
        "kind",
        "span"
      ]
    },
    {
      "owner": [
        "Fun",
        3
      ],
      "path": "Fun[3].body.Structured.body.statements[160]",
      "id": 793,
      "keys": [
        "comments_before",
        "id",
        "kind",
        "span"
      ]
    },
    {
      "owner": [
        "Fun",
        3
      ],
      "path": "Fun[3].body.Structured.body.statements[161]",
      "id": 794,
      "keys": [
        "comments_before",
        "id",
        "kind",
        "span"
      ]
    },
    {
      "owner": [
        "Fun",
        3
      ],
      "path": "Fun[3].body.Structured.body.statements[162]",
      "id": 795,
      "keys": [
        "comments_before",
        "id",
        "kind",
        "span"
      ]
    },
    {
      "owner": [
        "Fun",
        3
      ],
      "path": "Fun[3].body.Structured.body.statements[163]",
      "id": 796,
      "keys": [
        "comments_before",
        "id",
        "kind",
        "span"
      ]
    },
    {
      "owner": [
        "Fun",
        3
      ],
      "path": "Fun[3].body.Structured.body.statements[164]",
      "id": 2105,
      "keys": [
        "comments_before",
        "id",
        "kind",
        "span"
      ]
    },
    {
      "owner": [
        "Fun",
        3
      ],
      "path": "Fun[3].body.Structured.body.statements[165]",
      "id": 2106,
      "keys": [
        "comments_before",
        "id",
        "kind",
        "span"
      ]
    },
    {
      "owner": [
        "Fun",
        3
      ],
      "path": "Fun[3].body.Structured.body.statements[166]",
      "id": 2107,
      "keys": [
        "comments_before",
        "id",
        "kind",
        "span"
      ]
    },
    {
      "owner": [
        "Fun",
        3
      ],
      "path": "Fun[3].body.Structured.body.statements[167]",
      "id": 2108,
      "keys": [
        "comments_before",
        "id",
        "kind",
        "span"
      ]
    },
    {
      "owner": [
        "Fun",
        3
      ],
      "path": "Fun[3].body.Structured.body.statements[168]",
      "id": 2109,
      "keys": [
        "comments_before",
        "id",
        "kind",
        "span"
      ]
    },
    {
      "owner": [
        "Fun",
        3
      ],
      "path": "Fun[3].body.Structured.body.statements[169]",
      "id": 2110,
      "keys": [
        "comments_before",
        "id",
        "kind",
        "span"
      ]
    },
    {
      "owner": [
        "Fun",
        3
      ],
      "path": "Fun[3].body.Structured.body.statements[170]",
      "id": 2111,
      "keys": [
        "comments_before",
        "id",
        "kind",
        "span"
      ]
    },
    {
      "owner": [
        "Fun",
        3
      ],
      "path": "Fun[3].body.Structured.body.statements[171]",
      "id": 2112,
      "keys": [
        "comments_before",
        "id",
        "kind",
        "span"
      ]
    },
    {
      "owner": [
        "Fun",
        3
      ],
      "path": "Fun[3].body.Structured.body.statements[172]",
      "id": 2113,
      "keys": [
        "comments_before",
        "id",
        "kind",
        "span"
      ]
    },
    {
      "owner": [
        "Fun",
        3
      ],
      "path": "Fun[3].body.Structured.body.statements[173]",
      "id": 2114,
      "keys": [
        "comments_before",
        "id",
        "kind",
        "span"
      ]
    },
    {
      "owner": [
        "Fun",
        3
      ],
      "path": "Fun[3].body.Structured.body.statements[174]",
      "id": 797,
      "keys": [
        "comments_before",
        "id",
        "kind",
        "span"
      ]
    }
  ]
}
