Running as unit: aspis-v8-complete-gamma-fixed-host-1788921970-3771806.scope; invocation ID: c9870f7ada2c4df397df86d1de52b573
   Compiling version_check v0.9.5
   Compiling typenum v1.20.1
   Compiling generic-array v0.14.7
   Compiling aspis-core v0.1.0 (/home/dombarker/project-offloads/aspis-v8-performance-20260908.scS2Jz/crates/aspis-core)
   Compiling libc v0.2.189
   Compiling block-buffer v0.10.4
   Compiling crypto-common v0.1.7
   Compiling getrandom v0.3.4
   Compiling cfg-if v1.0.4
   Compiling digest v0.10.7
   Compiling cpufeatures v0.2.17
   Compiling sha2 v0.10.9
warning: unreachable statement
   --> /home/dombarker/project-offloads/aspis-v8-performance-20260908.scS2Jz/crates/aspis-core/src/field.rs:268:9
    |
262 | /             return CM31 {
263 | |                 a: M31::reduce_u64(a.wrapping_mul(c)
264 | |                     .wrapping_add(4611686014132420609).wrapping_sub(b.wrapping_mul(d))),
265 | |                 b: M31::reduce_u64(a.wrapping_mul(d).wrapping_add(b.wrapping_mul(c))),
266 | |             };
    | |_____________- any code following this expression is unreachable
267 |           }
268 |           let m0 = self.a.mul(rhs.a);
    |           ^^^^^^^^^^^^^^^^^^^^^^^^^^^ unreachable statement
    |
    = note: `#[warn(unreachable_code)]` (part of `#[warn(unused)]`) on by default

warning: unreachable statement
   --> /home/dombarker/project-offloads/aspis-v8-performance-20260908.scS2Jz/crates/aspis-core/src/field.rs:428:9
    |
427 |           { return qm31_hybrid_mul(QM31{c0:CM31::new(self.components[0][0],self.components[0][1]),c1:CM31::new(self.components[1][0],self.components[1][1])},rhs); }
    |             ----------------------------------------------------------------------------------------------------------------------------------------------------- any code following this expression is unreachable
428 | /         let multiply = |left: [M31; 3], right: CM31| {
429 | |             // The cached third component equals left[0]+left[1]. For the
430 | |             // two-reduction layout only the original two limbs are needed.
431 | |             #[cfg(v8_prepared_schoolbook)]
...   |
440 | |         };
    | |__________^ unreachable statement

warning: unreachable statement
   --> /home/dombarker/project-offloads/aspis-v8-performance-20260908.scS2Jz/crates/aspis-core/src/field.rs:433:13
    |
432 |             { return CM31::new(left[0],left[1]).mul(right); }
    |               -------------------------------------------- any code following this expression is unreachable
433 |             let m0 = left[0].mul(right.a);
    |             ^^^^^^^^^^^^^^^^^^^^^^^^^^^^^^ unreachable statement

warning: unreachable statement
   --> /home/dombarker/project-offloads/aspis-v8-performance-20260908.scS2Jz/crates/aspis-core/src/field.rs:998:9
    |
997 |         { return qm31_hybrid_mul(self,rhs); }
    |           -------------------------------- any code following this expression is unreachable
998 |         let m0 = self.c0.mul(rhs.c0);
    |         ^^^^^^^^^^^^^^^^^^^^^^^^^^^^^ unreachable statement

   Compiling zeroize v1.8.1
   Compiling aspis-statement v0.1.0 (/home/dombarker/project-offloads/aspis-v8-performance-20260908.scS2Jz/crates/aspis-statement)
warning: unused imports: `visit_copy_exceptional_terminal_links` and `visit_copy_terminal_links`
  --> /home/dombarker/project-offloads/aspis-v8-performance-20260908.scS2Jz/crates/aspis-statement/src/constraints_v4.rs:32:5
   |
32 |     visit_copy_exceptional_terminal_links, visit_copy_links, visit_copy_terminal_links,
   |     ^^^^^^^^^^^^^^^^^^^^^^^^^^^^^^^^^^^^^                    ^^^^^^^^^^^^^^^^^^^^^^^^^
   |
   = note: `#[warn(unused_imports)]` (part of `#[warn(unused)]`) on by default

warning: unnecessary parentheses around assigned value
   --> /home/dombarker/project-offloads/aspis-v8-performance-20260908.scS2Jz/crates/aspis-statement/../../docs/research/v8-no-work-100-20260907/experiments/copy_scatter_plan_generated.rs:115:17
    |
115 |     scratch[30]=(if flags[0] { h[4].add(h[63]) } else { QM31::ZERO });
    |                 ^                                                   ^
    |
    = note: `#[warn(unused_parens)]` (part of `#[warn(unused)]`) on by default
help: remove these parentheses
    |
115 -     scratch[30]=(if flags[0] { h[4].add(h[63]) } else { QM31::ZERO });
115 +     scratch[30]=if flags[0] { h[4].add(h[63]) } else { QM31::ZERO };
    |

warning: unnecessary parentheses around assigned value
   --> /home/dombarker/project-offloads/aspis-v8-performance-20260908.scS2Jz/crates/aspis-statement/../../docs/research/v8-no-work-100-20260907/experiments/copy_scatter_plan_generated.rs:116:17
    |
116 |     scratch[31]=(if flags[0] { h[57] } else { QM31::ZERO });
    |                 ^                                         ^
    |
help: remove these parentheses
    |
116 -     scratch[31]=(if flags[0] { h[57] } else { QM31::ZERO });
116 +     scratch[31]=if flags[0] { h[57] } else { QM31::ZERO };
    |

warning: unnecessary parentheses around assigned value
   --> /home/dombarker/project-offloads/aspis-v8-performance-20260908.scS2Jz/crates/aspis-statement/../../docs/research/v8-no-work-100-20260907/experiments/copy_scatter_plan_generated.rs:117:17
    |
117 |     scratch[32]=(if flags[0] { n[41] } else { QM31::ZERO });
    |                 ^                                         ^
    |
help: remove these parentheses
    |
117 -     scratch[32]=(if flags[0] { n[41] } else { QM31::ZERO });
117 +     scratch[32]=if flags[0] { n[41] } else { QM31::ZERO };
    |

warning: unnecessary parentheses around assigned value
   --> /home/dombarker/project-offloads/aspis-v8-performance-20260908.scS2Jz/crates/aspis-statement/../../docs/research/v8-no-work-100-20260907/experiments/copy_scatter_plan_generated.rs:118:17
    |
118 |     scratch[33]=(if flags[0] { h[63] } else { QM31::ZERO });
    |                 ^                                         ^
    |
help: remove these parentheses
    |
118 -     scratch[33]=(if flags[0] { h[63] } else { QM31::ZERO });
118 +     scratch[33]=if flags[0] { h[63] } else { QM31::ZERO };
    |

warning: unnecessary parentheses around assigned value
   --> /home/dombarker/project-offloads/aspis-v8-performance-20260908.scS2Jz/crates/aspis-statement/../../docs/research/v8-no-work-100-20260907/experiments/copy_scatter_plan_generated.rs:119:17
    |
119 |     scratch[34]=(if flags[0] { n[41] } else { QM31::ZERO });
    |                 ^                                         ^
    |
help: remove these parentheses
    |
119 -     scratch[34]=(if flags[0] { n[41] } else { QM31::ZERO });
119 +     scratch[34]=if flags[0] { n[41] } else { QM31::ZERO };
    |

warning: unnecessary parentheses around assigned value
   --> /home/dombarker/project-offloads/aspis-v8-performance-20260908.scS2Jz/crates/aspis-statement/../../docs/research/v8-no-work-100-20260907/experiments/copy_scatter_plan_generated.rs:120:17
    |
120 |     scratch[35]=(if flags[0] { n[41] } else { QM31::ZERO });
    |                 ^                                         ^
    |
help: remove these parentheses
    |
120 -     scratch[35]=(if flags[0] { n[41] } else { QM31::ZERO });
120 +     scratch[35]=if flags[0] { n[41] } else { QM31::ZERO };
    |

warning: unnecessary parentheses around method argument
   --> /home/dombarker/project-offloads/aspis-v8-performance-20260908.scS2Jz/crates/aspis-statement/../../docs/research/v8-no-work-100-20260907/experiments/copy_scatter_plan_generated.rs:121:1101
    |
121 | ...s[21] { h[51] } else { QM31::ZERO })).add((if flags[22] { h[52] } else { QM31::ZERO }));
    |                                              ^                                          ^
    |
help: remove these parentheses
    |
121 -     scratch[36]=(if flags[0] { n[29].add(n[52].add(n[54])) } else { QM31::ZERO }).add((if flags[1] { h[27].add(h[32].add(n[51])) } else { QM31::ZERO })).add((if flags[3] { h[33] } else { QM31::ZERO })).add((if flags[4] { h[34] } else { QM31::ZERO })).add((if flags[5] { h[35] } else { QM31::ZERO })).add((if flags[6] { h[36] } else { QM31::ZERO })).add((if flags[7] { h[37] } else { QM31::ZERO })).add((if flags[8] { h[38] } else { QM31::ZERO })).add((if flags[9] { h[39] } else { QM31::ZERO })).add((if flags[10] { h[40] } else { QM31::ZERO })).add((if flags[11] { h[41] } else { QM31::ZERO })).add((if flags[12] { h[42] } else { QM31::ZERO })).add((if flags[13] { h[43] } else { QM31::ZERO })).add((if flags[14] { h[44] } else { QM31::ZERO })).add((if flags[15] { h[45] } else { QM31::ZERO })).add((if flags[16] { h[46] } else { QM31::ZERO })).add((if flags[17] { h[47] } else { QM31::ZERO })).add((if flags[18] { h[48] } else { QM31::ZERO })).add((if flags[19] { h[49] } else { QM31::ZERO })).add((if flags[20] { h[50] } else { QM31::ZERO })).add((if flags[21] { h[51] } else { QM31::ZERO })).add((if flags[22] { h[52] } else { QM31::ZERO }));
121 +     scratch[36]=(if flags[0] { n[29].add(n[52].add(n[54])) } else { QM31::ZERO }).add((if flags[1] { h[27].add(h[32].add(n[51])) } else { QM31::ZERO })).add((if flags[3] { h[33] } else { QM31::ZERO })).add((if flags[4] { h[34] } else { QM31::ZERO })).add((if flags[5] { h[35] } else { QM31::ZERO })).add((if flags[6] { h[36] } else { QM31::ZERO })).add((if flags[7] { h[37] } else { QM31::ZERO })).add((if flags[8] { h[38] } else { QM31::ZERO })).add((if flags[9] { h[39] } else { QM31::ZERO })).add((if flags[10] { h[40] } else { QM31::ZERO })).add((if flags[11] { h[41] } else { QM31::ZERO })).add((if flags[12] { h[42] } else { QM31::ZERO })).add((if flags[13] { h[43] } else { QM31::ZERO })).add((if flags[14] { h[44] } else { QM31::ZERO })).add((if flags[15] { h[45] } else { QM31::ZERO })).add((if flags[16] { h[46] } else { QM31::ZERO })).add((if flags[17] { h[47] } else { QM31::ZERO })).add((if flags[18] { h[48] } else { QM31::ZERO })).add((if flags[19] { h[49] } else { QM31::ZERO })).add((if flags[20] { h[50] } else { QM31::ZERO })).add((if flags[21] { h[51] } else { QM31::ZERO })).add(if flags[22] { h[52] } else { QM31::ZERO });
    |

warning: unnecessary parentheses around method argument
   --> /home/dombarker/project-offloads/aspis-v8-performance-20260908.scS2Jz/crates/aspis-statement/../../docs/research/v8-no-work-100-20260907/experiments/copy_scatter_plan_generated.rs:121:1051
    |
121 | ...s[20] { h[50] } else { QM31::ZERO })).add((if flags[21] { h[51] } else { QM31::ZERO })).add((if flags[22] { h[52] } else { QM31:...
    |                                              ^                                          ^
    |
help: remove these parentheses
    |
121 -     scratch[36]=(if flags[0] { n[29].add(n[52].add(n[54])) } else { QM31::ZERO }).add((if flags[1] { h[27].add(h[32].add(n[51])) } else { QM31::ZERO })).add((if flags[3] { h[33] } else { QM31::ZERO })).add((if flags[4] { h[34] } else { QM31::ZERO })).add((if flags[5] { h[35] } else { QM31::ZERO })).add((if flags[6] { h[36] } else { QM31::ZERO })).add((if flags[7] { h[37] } else { QM31::ZERO })).add((if flags[8] { h[38] } else { QM31::ZERO })).add((if flags[9] { h[39] } else { QM31::ZERO })).add((if flags[10] { h[40] } else { QM31::ZERO })).add((if flags[11] { h[41] } else { QM31::ZERO })).add((if flags[12] { h[42] } else { QM31::ZERO })).add((if flags[13] { h[43] } else { QM31::ZERO })).add((if flags[14] { h[44] } else { QM31::ZERO })).add((if flags[15] { h[45] } else { QM31::ZERO })).add((if flags[16] { h[46] } else { QM31::ZERO })).add((if flags[17] { h[47] } else { QM31::ZERO })).add((if flags[18] { h[48] } else { QM31::ZERO })).add((if flags[19] { h[49] } else { QM31::ZERO })).add((if flags[20] { h[50] } else { QM31::ZERO })).add((if flags[21] { h[51] } else { QM31::ZERO })).add((if flags[22] { h[52] } else { QM31::ZERO }));
121 +     scratch[36]=(if flags[0] { n[29].add(n[52].add(n[54])) } else { QM31::ZERO }).add((if flags[1] { h[27].add(h[32].add(n[51])) } else { QM31::ZERO })).add((if flags[3] { h[33] } else { QM31::ZERO })).add((if flags[4] { h[34] } else { QM31::ZERO })).add((if flags[5] { h[35] } else { QM31::ZERO })).add((if flags[6] { h[36] } else { QM31::ZERO })).add((if flags[7] { h[37] } else { QM31::ZERO })).add((if flags[8] { h[38] } else { QM31::ZERO })).add((if flags[9] { h[39] } else { QM31::ZERO })).add((if flags[10] { h[40] } else { QM31::ZERO })).add((if flags[11] { h[41] } else { QM31::ZERO })).add((if flags[12] { h[42] } else { QM31::ZERO })).add((if flags[13] { h[43] } else { QM31::ZERO })).add((if flags[14] { h[44] } else { QM31::ZERO })).add((if flags[15] { h[45] } else { QM31::ZERO })).add((if flags[16] { h[46] } else { QM31::ZERO })).add((if flags[17] { h[47] } else { QM31::ZERO })).add((if flags[18] { h[48] } else { QM31::ZERO })).add((if flags[19] { h[49] } else { QM31::ZERO })).add((if flags[20] { h[50] } else { QM31::ZERO })).add(if flags[21] { h[51] } else { QM31::ZERO }).add((if flags[22] { h[52] } else { QM31::ZERO }));
    |

warning: unnecessary parentheses around method argument
   --> /home/dombarker/project-offloads/aspis-v8-performance-20260908.scS2Jz/crates/aspis-statement/../../docs/research/v8-no-work-100-20260907/experiments/copy_scatter_plan_generated.rs:121:1001
    |
121 | ...s[19] { h[49] } else { QM31::ZERO })).add((if flags[20] { h[50] } else { QM31::ZERO })).add((if flags[21] { h[51] } else { QM31:...
    |                                              ^                                          ^
    |
help: remove these parentheses
    |
121 -     scratch[36]=(if flags[0] { n[29].add(n[52].add(n[54])) } else { QM31::ZERO }).add((if flags[1] { h[27].add(h[32].add(n[51])) } else { QM31::ZERO })).add((if flags[3] { h[33] } else { QM31::ZERO })).add((if flags[4] { h[34] } else { QM31::ZERO })).add((if flags[5] { h[35] } else { QM31::ZERO })).add((if flags[6] { h[36] } else { QM31::ZERO })).add((if flags[7] { h[37] } else { QM31::ZERO })).add((if flags[8] { h[38] } else { QM31::ZERO })).add((if flags[9] { h[39] } else { QM31::ZERO })).add((if flags[10] { h[40] } else { QM31::ZERO })).add((if flags[11] { h[41] } else { QM31::ZERO })).add((if flags[12] { h[42] } else { QM31::ZERO })).add((if flags[13] { h[43] } else { QM31::ZERO })).add((if flags[14] { h[44] } else { QM31::ZERO })).add((if flags[15] { h[45] } else { QM31::ZERO })).add((if flags[16] { h[46] } else { QM31::ZERO })).add((if flags[17] { h[47] } else { QM31::ZERO })).add((if flags[18] { h[48] } else { QM31::ZERO })).add((if flags[19] { h[49] } else { QM31::ZERO })).add((if flags[20] { h[50] } else { QM31::ZERO })).add((if flags[21] { h[51] } else { QM31::ZERO })).add((if flags[22] { h[52] } else { QM31::ZERO }));
121 +     scratch[36]=(if flags[0] { n[29].add(n[52].add(n[54])) } else { QM31::ZERO }).add((if flags[1] { h[27].add(h[32].add(n[51])) } else { QM31::ZERO })).add((if flags[3] { h[33] } else { QM31::ZERO })).add((if flags[4] { h[34] } else { QM31::ZERO })).add((if flags[5] { h[35] } else { QM31::ZERO })).add((if flags[6] { h[36] } else { QM31::ZERO })).add((if flags[7] { h[37] } else { QM31::ZERO })).add((if flags[8] { h[38] } else { QM31::ZERO })).add((if flags[9] { h[39] } else { QM31::ZERO })).add((if flags[10] { h[40] } else { QM31::ZERO })).add((if flags[11] { h[41] } else { QM31::ZERO })).add((if flags[12] { h[42] } else { QM31::ZERO })).add((if flags[13] { h[43] } else { QM31::ZERO })).add((if flags[14] { h[44] } else { QM31::ZERO })).add((if flags[15] { h[45] } else { QM31::ZERO })).add((if flags[16] { h[46] } else { QM31::ZERO })).add((if flags[17] { h[47] } else { QM31::ZERO })).add((if flags[18] { h[48] } else { QM31::ZERO })).add((if flags[19] { h[49] } else { QM31::ZERO })).add(if flags[20] { h[50] } else { QM31::ZERO }).add((if flags[21] { h[51] } else { QM31::ZERO })).add((if flags[22] { h[52] } else { QM31::ZERO }));
    |

warning: unnecessary parentheses around method argument
   --> /home/dombarker/project-offloads/aspis-v8-performance-20260908.scS2Jz/crates/aspis-statement/../../docs/research/v8-no-work-100-20260907/experiments/copy_scatter_plan_generated.rs:121:951
    |
121 | ...s[18] { h[48] } else { QM31::ZERO })).add((if flags[19] { h[49] } else { QM31::ZERO })).add((if flags[20] { h[50] } else { QM31:...
    |                                              ^                                          ^
    |
help: remove these parentheses
    |
121 -     scratch[36]=(if flags[0] { n[29].add(n[52].add(n[54])) } else { QM31::ZERO }).add((if flags[1] { h[27].add(h[32].add(n[51])) } else { QM31::ZERO })).add((if flags[3] { h[33] } else { QM31::ZERO })).add((if flags[4] { h[34] } else { QM31::ZERO })).add((if flags[5] { h[35] } else { QM31::ZERO })).add((if flags[6] { h[36] } else { QM31::ZERO })).add((if flags[7] { h[37] } else { QM31::ZERO })).add((if flags[8] { h[38] } else { QM31::ZERO })).add((if flags[9] { h[39] } else { QM31::ZERO })).add((if flags[10] { h[40] } else { QM31::ZERO })).add((if flags[11] { h[41] } else { QM31::ZERO })).add((if flags[12] { h[42] } else { QM31::ZERO })).add((if flags[13] { h[43] } else { QM31::ZERO })).add((if flags[14] { h[44] } else { QM31::ZERO })).add((if flags[15] { h[45] } else { QM31::ZERO })).add((if flags[16] { h[46] } else { QM31::ZERO })).add((if flags[17] { h[47] } else { QM31::ZERO })).add((if flags[18] { h[48] } else { QM31::ZERO })).add((if flags[19] { h[49] } else { QM31::ZERO })).add((if flags[20] { h[50] } else { QM31::ZERO })).add((if flags[21] { h[51] } else { QM31::ZERO })).add((if flags[22] { h[52] } else { QM31::ZERO }));
121 +     scratch[36]=(if flags[0] { n[29].add(n[52].add(n[54])) } else { QM31::ZERO }).add((if flags[1] { h[27].add(h[32].add(n[51])) } else { QM31::ZERO })).add((if flags[3] { h[33] } else { QM31::ZERO })).add((if flags[4] { h[34] } else { QM31::ZERO })).add((if flags[5] { h[35] } else { QM31::ZERO })).add((if flags[6] { h[36] } else { QM31::ZERO })).add((if flags[7] { h[37] } else { QM31::ZERO })).add((if flags[8] { h[38] } else { QM31::ZERO })).add((if flags[9] { h[39] } else { QM31::ZERO })).add((if flags[10] { h[40] } else { QM31::ZERO })).add((if flags[11] { h[41] } else { QM31::ZERO })).add((if flags[12] { h[42] } else { QM31::ZERO })).add((if flags[13] { h[43] } else { QM31::ZERO })).add((if flags[14] { h[44] } else { QM31::ZERO })).add((if flags[15] { h[45] } else { QM31::ZERO })).add((if flags[16] { h[46] } else { QM31::ZERO })).add((if flags[17] { h[47] } else { QM31::ZERO })).add((if flags[18] { h[48] } else { QM31::ZERO })).add(if flags[19] { h[49] } else { QM31::ZERO }).add((if flags[20] { h[50] } else { QM31::ZERO })).add((if flags[21] { h[51] } else { QM31::ZERO })).add((if flags[22] { h[52] } else { QM31::ZERO }));
    |

warning: unnecessary parentheses around method argument
   --> /home/dombarker/project-offloads/aspis-v8-performance-20260908.scS2Jz/crates/aspis-statement/../../docs/research/v8-no-work-100-20260907/experiments/copy_scatter_plan_generated.rs:121:901
    |
121 | ...s[17] { h[47] } else { QM31::ZERO })).add((if flags[18] { h[48] } else { QM31::ZERO })).add((if flags[19] { h[49] } else { QM31:...
    |                                              ^                                          ^
    |
help: remove these parentheses
    |
121 -     scratch[36]=(if flags[0] { n[29].add(n[52].add(n[54])) } else { QM31::ZERO }).add((if flags[1] { h[27].add(h[32].add(n[51])) } else { QM31::ZERO })).add((if flags[3] { h[33] } else { QM31::ZERO })).add((if flags[4] { h[34] } else { QM31::ZERO })).add((if flags[5] { h[35] } else { QM31::ZERO })).add((if flags[6] { h[36] } else { QM31::ZERO })).add((if flags[7] { h[37] } else { QM31::ZERO })).add((if flags[8] { h[38] } else { QM31::ZERO })).add((if flags[9] { h[39] } else { QM31::ZERO })).add((if flags[10] { h[40] } else { QM31::ZERO })).add((if flags[11] { h[41] } else { QM31::ZERO })).add((if flags[12] { h[42] } else { QM31::ZERO })).add((if flags[13] { h[43] } else { QM31::ZERO })).add((if flags[14] { h[44] } else { QM31::ZERO })).add((if flags[15] { h[45] } else { QM31::ZERO })).add((if flags[16] { h[46] } else { QM31::ZERO })).add((if flags[17] { h[47] } else { QM31::ZERO })).add((if flags[18] { h[48] } else { QM31::ZERO })).add((if flags[19] { h[49] } else { QM31::ZERO })).add((if flags[20] { h[50] } else { QM31::ZERO })).add((if flags[21] { h[51] } else { QM31::ZERO })).add((if flags[22] { h[52] } else { QM31::ZERO }));
121 +     scratch[36]=(if flags[0] { n[29].add(n[52].add(n[54])) } else { QM31::ZERO }).add((if flags[1] { h[27].add(h[32].add(n[51])) } else { QM31::ZERO })).add((if flags[3] { h[33] } else { QM31::ZERO })).add((if flags[4] { h[34] } else { QM31::ZERO })).add((if flags[5] { h[35] } else { QM31::ZERO })).add((if flags[6] { h[36] } else { QM31::ZERO })).add((if flags[7] { h[37] } else { QM31::ZERO })).add((if flags[8] { h[38] } else { QM31::ZERO })).add((if flags[9] { h[39] } else { QM31::ZERO })).add((if flags[10] { h[40] } else { QM31::ZERO })).add((if flags[11] { h[41] } else { QM31::ZERO })).add((if flags[12] { h[42] } else { QM31::ZERO })).add((if flags[13] { h[43] } else { QM31::ZERO })).add((if flags[14] { h[44] } else { QM31::ZERO })).add((if flags[15] { h[45] } else { QM31::ZERO })).add((if flags[16] { h[46] } else { QM31::ZERO })).add((if flags[17] { h[47] } else { QM31::ZERO })).add(if flags[18] { h[48] } else { QM31::ZERO }).add((if flags[19] { h[49] } else { QM31::ZERO })).add((if flags[20] { h[50] } else { QM31::ZERO })).add((if flags[21] { h[51] } else { QM31::ZERO })).add((if flags[22] { h[52] } else { QM31::ZERO }));
    |

warning: unnecessary parentheses around method argument
   --> /home/dombarker/project-offloads/aspis-v8-performance-20260908.scS2Jz/crates/aspis-statement/../../docs/research/v8-no-work-100-20260907/experiments/copy_scatter_plan_generated.rs:121:851
    |
121 | ...s[16] { h[46] } else { QM31::ZERO })).add((if flags[17] { h[47] } else { QM31::ZERO })).add((if flags[18] { h[48] } else { QM31:...
    |                                              ^                                          ^
    |
help: remove these parentheses
    |
121 -     scratch[36]=(if flags[0] { n[29].add(n[52].add(n[54])) } else { QM31::ZERO }).add((if flags[1] { h[27].add(h[32].add(n[51])) } else { QM31::ZERO })).add((if flags[3] { h[33] } else { QM31::ZERO })).add((if flags[4] { h[34] } else { QM31::ZERO })).add((if flags[5] { h[35] } else { QM31::ZERO })).add((if flags[6] { h[36] } else { QM31::ZERO })).add((if flags[7] { h[37] } else { QM31::ZERO })).add((if flags[8] { h[38] } else { QM31::ZERO })).add((if flags[9] { h[39] } else { QM31::ZERO })).add((if flags[10] { h[40] } else { QM31::ZERO })).add((if flags[11] { h[41] } else { QM31::ZERO })).add((if flags[12] { h[42] } else { QM31::ZERO })).add((if flags[13] { h[43] } else { QM31::ZERO })).add((if flags[14] { h[44] } else { QM31::ZERO })).add((if flags[15] { h[45] } else { QM31::ZERO })).add((if flags[16] { h[46] } else { QM31::ZERO })).add((if flags[17] { h[47] } else { QM31::ZERO })).add((if flags[18] { h[48] } else { QM31::ZERO })).add((if flags[19] { h[49] } else { QM31::ZERO })).add((if flags[20] { h[50] } else { QM31::ZERO })).add((if flags[21] { h[51] } else { QM31::ZERO })).add((if flags[22] { h[52] } else { QM31::ZERO }));
121 +     scratch[36]=(if flags[0] { n[29].add(n[52].add(n[54])) } else { QM31::ZERO }).add((if flags[1] { h[27].add(h[32].add(n[51])) } else { QM31::ZERO })).add((if flags[3] { h[33] } else { QM31::ZERO })).add((if flags[4] { h[34] } else { QM31::ZERO })).add((if flags[5] { h[35] } else { QM31::ZERO })).add((if flags[6] { h[36] } else { QM31::ZERO })).add((if flags[7] { h[37] } else { QM31::ZERO })).add((if flags[8] { h[38] } else { QM31::ZERO })).add((if flags[9] { h[39] } else { QM31::ZERO })).add((if flags[10] { h[40] } else { QM31::ZERO })).add((if flags[11] { h[41] } else { QM31::ZERO })).add((if flags[12] { h[42] } else { QM31::ZERO })).add((if flags[13] { h[43] } else { QM31::ZERO })).add((if flags[14] { h[44] } else { QM31::ZERO })).add((if flags[15] { h[45] } else { QM31::ZERO })).add((if flags[16] { h[46] } else { QM31::ZERO })).add(if flags[17] { h[47] } else { QM31::ZERO }).add((if flags[18] { h[48] } else { QM31::ZERO })).add((if flags[19] { h[49] } else { QM31::ZERO })).add((if flags[20] { h[50] } else { QM31::ZERO })).add((if flags[21] { h[51] } else { QM31::ZERO })).add((if flags[22] { h[52] } else { QM31::ZERO }));
    |

warning: unnecessary parentheses around method argument
   --> /home/dombarker/project-offloads/aspis-v8-performance-20260908.scS2Jz/crates/aspis-statement/../../docs/research/v8-no-work-100-20260907/experiments/copy_scatter_plan_generated.rs:121:801
    |
121 | ...s[15] { h[45] } else { QM31::ZERO })).add((if flags[16] { h[46] } else { QM31::ZERO })).add((if flags[17] { h[47] } else { QM31:...
    |                                              ^                                          ^
    |
help: remove these parentheses
    |
121 -     scratch[36]=(if flags[0] { n[29].add(n[52].add(n[54])) } else { QM31::ZERO }).add((if flags[1] { h[27].add(h[32].add(n[51])) } else { QM31::ZERO })).add((if flags[3] { h[33] } else { QM31::ZERO })).add((if flags[4] { h[34] } else { QM31::ZERO })).add((if flags[5] { h[35] } else { QM31::ZERO })).add((if flags[6] { h[36] } else { QM31::ZERO })).add((if flags[7] { h[37] } else { QM31::ZERO })).add((if flags[8] { h[38] } else { QM31::ZERO })).add((if flags[9] { h[39] } else { QM31::ZERO })).add((if flags[10] { h[40] } else { QM31::ZERO })).add((if flags[11] { h[41] } else { QM31::ZERO })).add((if flags[12] { h[42] } else { QM31::ZERO })).add((if flags[13] { h[43] } else { QM31::ZERO })).add((if flags[14] { h[44] } else { QM31::ZERO })).add((if flags[15] { h[45] } else { QM31::ZERO })).add((if flags[16] { h[46] } else { QM31::ZERO })).add((if flags[17] { h[47] } else { QM31::ZERO })).add((if flags[18] { h[48] } else { QM31::ZERO })).add((if flags[19] { h[49] } else { QM31::ZERO })).add((if flags[20] { h[50] } else { QM31::ZERO })).add((if flags[21] { h[51] } else { QM31::ZERO })).add((if flags[22] { h[52] } else { QM31::ZERO }));
121 +     scratch[36]=(if flags[0] { n[29].add(n[52].add(n[54])) } else { QM31::ZERO }).add((if flags[1] { h[27].add(h[32].add(n[51])) } else { QM31::ZERO })).add((if flags[3] { h[33] } else { QM31::ZERO })).add((if flags[4] { h[34] } else { QM31::ZERO })).add((if flags[5] { h[35] } else { QM31::ZERO })).add((if flags[6] { h[36] } else { QM31::ZERO })).add((if flags[7] { h[37] } else { QM31::ZERO })).add((if flags[8] { h[38] } else { QM31::ZERO })).add((if flags[9] { h[39] } else { QM31::ZERO })).add((if flags[10] { h[40] } else { QM31::ZERO })).add((if flags[11] { h[41] } else { QM31::ZERO })).add((if flags[12] { h[42] } else { QM31::ZERO })).add((if flags[13] { h[43] } else { QM31::ZERO })).add((if flags[14] { h[44] } else { QM31::ZERO })).add((if flags[15] { h[45] } else { QM31::ZERO })).add(if flags[16] { h[46] } else { QM31::ZERO }).add((if flags[17] { h[47] } else { QM31::ZERO })).add((if flags[18] { h[48] } else { QM31::ZERO })).add((if flags[19] { h[49] } else { QM31::ZERO })).add((if flags[20] { h[50] } else { QM31::ZERO })).add((if flags[21] { h[51] } else { QM31::ZERO })).add((if flags[22] { h[52] } else { QM31::ZERO }));
    |

warning: unnecessary parentheses around method argument
   --> /home/dombarker/project-offloads/aspis-v8-performance-20260908.scS2Jz/crates/aspis-statement/../../docs/research/v8-no-work-100-20260907/experiments/copy_scatter_plan_generated.rs:121:751
    |
121 | ...s[14] { h[44] } else { QM31::ZERO })).add((if flags[15] { h[45] } else { QM31::ZERO })).add((if flags[16] { h[46] } else { QM31:...
    |                                              ^                                          ^
    |
help: remove these parentheses
    |
121 -     scratch[36]=(if flags[0] { n[29].add(n[52].add(n[54])) } else { QM31::ZERO }).add((if flags[1] { h[27].add(h[32].add(n[51])) } else { QM31::ZERO })).add((if flags[3] { h[33] } else { QM31::ZERO })).add((if flags[4] { h[34] } else { QM31::ZERO })).add((if flags[5] { h[35] } else { QM31::ZERO })).add((if flags[6] { h[36] } else { QM31::ZERO })).add((if flags[7] { h[37] } else { QM31::ZERO })).add((if flags[8] { h[38] } else { QM31::ZERO })).add((if flags[9] { h[39] } else { QM31::ZERO })).add((if flags[10] { h[40] } else { QM31::ZERO })).add((if flags[11] { h[41] } else { QM31::ZERO })).add((if flags[12] { h[42] } else { QM31::ZERO })).add((if flags[13] { h[43] } else { QM31::ZERO })).add((if flags[14] { h[44] } else { QM31::ZERO })).add((if flags[15] { h[45] } else { QM31::ZERO })).add((if flags[16] { h[46] } else { QM31::ZERO })).add((if flags[17] { h[47] } else { QM31::ZERO })).add((if flags[18] { h[48] } else { QM31::ZERO })).add((if flags[19] { h[49] } else { QM31::ZERO })).add((if flags[20] { h[50] } else { QM31::ZERO })).add((if flags[21] { h[51] } else { QM31::ZERO })).add((if flags[22] { h[52] } else { QM31::ZERO }));
121 +     scratch[36]=(if flags[0] { n[29].add(n[52].add(n[54])) } else { QM31::ZERO }).add((if flags[1] { h[27].add(h[32].add(n[51])) } else { QM31::ZERO })).add((if flags[3] { h[33] } else { QM31::ZERO })).add((if flags[4] { h[34] } else { QM31::ZERO })).add((if flags[5] { h[35] } else { QM31::ZERO })).add((if flags[6] { h[36] } else { QM31::ZERO })).add((if flags[7] { h[37] } else { QM31::ZERO })).add((if flags[8] { h[38] } else { QM31::ZERO })).add((if flags[9] { h[39] } else { QM31::ZERO })).add((if flags[10] { h[40] } else { QM31::ZERO })).add((if flags[11] { h[41] } else { QM31::ZERO })).add((if flags[12] { h[42] } else { QM31::ZERO })).add((if flags[13] { h[43] } else { QM31::ZERO })).add((if flags[14] { h[44] } else { QM31::ZERO })).add(if flags[15] { h[45] } else { QM31::ZERO }).add((if flags[16] { h[46] } else { QM31::ZERO })).add((if flags[17] { h[47] } else { QM31::ZERO })).add((if flags[18] { h[48] } else { QM31::ZERO })).add((if flags[19] { h[49] } else { QM31::ZERO })).add((if flags[20] { h[50] } else { QM31::ZERO })).add((if flags[21] { h[51] } else { QM31::ZERO })).add((if flags[22] { h[52] } else { QM31::ZERO }));
    |

warning: unnecessary parentheses around method argument
   --> /home/dombarker/project-offloads/aspis-v8-performance-20260908.scS2Jz/crates/aspis-statement/../../docs/research/v8-no-work-100-20260907/experiments/copy_scatter_plan_generated.rs:121:701
    |
121 | ...s[13] { h[43] } else { QM31::ZERO })).add((if flags[14] { h[44] } else { QM31::ZERO })).add((if flags[15] { h[45] } else { QM31:...
    |                                              ^                                          ^
    |
help: remove these parentheses
    |
121 -     scratch[36]=(if flags[0] { n[29].add(n[52].add(n[54])) } else { QM31::ZERO }).add((if flags[1] { h[27].add(h[32].add(n[51])) } else { QM31::ZERO })).add((if flags[3] { h[33] } else { QM31::ZERO })).add((if flags[4] { h[34] } else { QM31::ZERO })).add((if flags[5] { h[35] } else { QM31::ZERO })).add((if flags[6] { h[36] } else { QM31::ZERO })).add((if flags[7] { h[37] } else { QM31::ZERO })).add((if flags[8] { h[38] } else { QM31::ZERO })).add((if flags[9] { h[39] } else { QM31::ZERO })).add((if flags[10] { h[40] } else { QM31::ZERO })).add((if flags[11] { h[41] } else { QM31::ZERO })).add((if flags[12] { h[42] } else { QM31::ZERO })).add((if flags[13] { h[43] } else { QM31::ZERO })).add((if flags[14] { h[44] } else { QM31::ZERO })).add((if flags[15] { h[45] } else { QM31::ZERO })).add((if flags[16] { h[46] } else { QM31::ZERO })).add((if flags[17] { h[47] } else { QM31::ZERO })).add((if flags[18] { h[48] } else { QM31::ZERO })).add((if flags[19] { h[49] } else { QM31::ZERO })).add((if flags[20] { h[50] } else { QM31::ZERO })).add((if flags[21] { h[51] } else { QM31::ZERO })).add((if flags[22] { h[52] } else { QM31::ZERO }));
121 +     scratch[36]=(if flags[0] { n[29].add(n[52].add(n[54])) } else { QM31::ZERO }).add((if flags[1] { h[27].add(h[32].add(n[51])) } else { QM31::ZERO })).add((if flags[3] { h[33] } else { QM31::ZERO })).add((if flags[4] { h[34] } else { QM31::ZERO })).add((if flags[5] { h[35] } else { QM31::ZERO })).add((if flags[6] { h[36] } else { QM31::ZERO })).add((if flags[7] { h[37] } else { QM31::ZERO })).add((if flags[8] { h[38] } else { QM31::ZERO })).add((if flags[9] { h[39] } else { QM31::ZERO })).add((if flags[10] { h[40] } else { QM31::ZERO })).add((if flags[11] { h[41] } else { QM31::ZERO })).add((if flags[12] { h[42] } else { QM31::ZERO })).add((if flags[13] { h[43] } else { QM31::ZERO })).add(if flags[14] { h[44] } else { QM31::ZERO }).add((if flags[15] { h[45] } else { QM31::ZERO })).add((if flags[16] { h[46] } else { QM31::ZERO })).add((if flags[17] { h[47] } else { QM31::ZERO })).add((if flags[18] { h[48] } else { QM31::ZERO })).add((if flags[19] { h[49] } else { QM31::ZERO })).add((if flags[20] { h[50] } else { QM31::ZERO })).add((if flags[21] { h[51] } else { QM31::ZERO })).add((if flags[22] { h[52] } else { QM31::ZERO }));
    |

warning: unnecessary parentheses around method argument
   --> /home/dombarker/project-offloads/aspis-v8-performance-20260908.scS2Jz/crates/aspis-statement/../../docs/research/v8-no-work-100-20260907/experiments/copy_scatter_plan_generated.rs:121:651
    |
121 | ...s[12] { h[42] } else { QM31::ZERO })).add((if flags[13] { h[43] } else { QM31::ZERO })).add((if flags[14] { h[44] } else { QM31:...
    |                                              ^                                          ^
    |
help: remove these parentheses
    |
121 -     scratch[36]=(if flags[0] { n[29].add(n[52].add(n[54])) } else { QM31::ZERO }).add((if flags[1] { h[27].add(h[32].add(n[51])) } else { QM31::ZERO })).add((if flags[3] { h[33] } else { QM31::ZERO })).add((if flags[4] { h[34] } else { QM31::ZERO })).add((if flags[5] { h[35] } else { QM31::ZERO })).add((if flags[6] { h[36] } else { QM31::ZERO })).add((if flags[7] { h[37] } else { QM31::ZERO })).add((if flags[8] { h[38] } else { QM31::ZERO })).add((if flags[9] { h[39] } else { QM31::ZERO })).add((if flags[10] { h[40] } else { QM31::ZERO })).add((if flags[11] { h[41] } else { QM31::ZERO })).add((if flags[12] { h[42] } else { QM31::ZERO })).add((if flags[13] { h[43] } else { QM31::ZERO })).add((if flags[14] { h[44] } else { QM31::ZERO })).add((if flags[15] { h[45] } else { QM31::ZERO })).add((if flags[16] { h[46] } else { QM31::ZERO })).add((if flags[17] { h[47] } else { QM31::ZERO })).add((if flags[18] { h[48] } else { QM31::ZERO })).add((if flags[19] { h[49] } else { QM31::ZERO })).add((if flags[20] { h[50] } else { QM31::ZERO })).add((if flags[21] { h[51] } else { QM31::ZERO })).add((if flags[22] { h[52] } else { QM31::ZERO }));
121 +     scratch[36]=(if flags[0] { n[29].add(n[52].add(n[54])) } else { QM31::ZERO }).add((if flags[1] { h[27].add(h[32].add(n[51])) } else { QM31::ZERO })).add((if flags[3] { h[33] } else { QM31::ZERO })).add((if flags[4] { h[34] } else { QM31::ZERO })).add((if flags[5] { h[35] } else { QM31::ZERO })).add((if flags[6] { h[36] } else { QM31::ZERO })).add((if flags[7] { h[37] } else { QM31::ZERO })).add((if flags[8] { h[38] } else { QM31::ZERO })).add((if flags[9] { h[39] } else { QM31::ZERO })).add((if flags[10] { h[40] } else { QM31::ZERO })).add((if flags[11] { h[41] } else { QM31::ZERO })).add((if flags[12] { h[42] } else { QM31::ZERO })).add(if flags[13] { h[43] } else { QM31::ZERO }).add((if flags[14] { h[44] } else { QM31::ZERO })).add((if flags[15] { h[45] } else { QM31::ZERO })).add((if flags[16] { h[46] } else { QM31::ZERO })).add((if flags[17] { h[47] } else { QM31::ZERO })).add((if flags[18] { h[48] } else { QM31::ZERO })).add((if flags[19] { h[49] } else { QM31::ZERO })).add((if flags[20] { h[50] } else { QM31::ZERO })).add((if flags[21] { h[51] } else { QM31::ZERO })).add((if flags[22] { h[52] } else { QM31::ZERO }));
    |

warning: unnecessary parentheses around method argument
   --> /home/dombarker/project-offloads/aspis-v8-performance-20260908.scS2Jz/crates/aspis-statement/../../docs/research/v8-no-work-100-20260907/experiments/copy_scatter_plan_generated.rs:121:601
    |
121 | ...s[11] { h[41] } else { QM31::ZERO })).add((if flags[12] { h[42] } else { QM31::ZERO })).add((if flags[13] { h[43] } else { QM31:...
    |                                              ^                                          ^
    |
help: remove these parentheses
    |
121 -     scratch[36]=(if flags[0] { n[29].add(n[52].add(n[54])) } else { QM31::ZERO }).add((if flags[1] { h[27].add(h[32].add(n[51])) } else { QM31::ZERO })).add((if flags[3] { h[33] } else { QM31::ZERO })).add((if flags[4] { h[34] } else { QM31::ZERO })).add((if flags[5] { h[35] } else { QM31::ZERO })).add((if flags[6] { h[36] } else { QM31::ZERO })).add((if flags[7] { h[37] } else { QM31::ZERO })).add((if flags[8] { h[38] } else { QM31::ZERO })).add((if flags[9] { h[39] } else { QM31::ZERO })).add((if flags[10] { h[40] } else { QM31::ZERO })).add((if flags[11] { h[41] } else { QM31::ZERO })).add((if flags[12] { h[42] } else { QM31::ZERO })).add((if flags[13] { h[43] } else { QM31::ZERO })).add((if flags[14] { h[44] } else { QM31::ZERO })).add((if flags[15] { h[45] } else { QM31::ZERO })).add((if flags[16] { h[46] } else { QM31::ZERO })).add((if flags[17] { h[47] } else { QM31::ZERO })).add((if flags[18] { h[48] } else { QM31::ZERO })).add((if flags[19] { h[49] } else { QM31::ZERO })).add((if flags[20] { h[50] } else { QM31::ZERO })).add((if flags[21] { h[51] } else { QM31::ZERO })).add((if flags[22] { h[52] } else { QM31::ZERO }));
121 +     scratch[36]=(if flags[0] { n[29].add(n[52].add(n[54])) } else { QM31::ZERO }).add((if flags[1] { h[27].add(h[32].add(n[51])) } else { QM31::ZERO })).add((if flags[3] { h[33] } else { QM31::ZERO })).add((if flags[4] { h[34] } else { QM31::ZERO })).add((if flags[5] { h[35] } else { QM31::ZERO })).add((if flags[6] { h[36] } else { QM31::ZERO })).add((if flags[7] { h[37] } else { QM31::ZERO })).add((if flags[8] { h[38] } else { QM31::ZERO })).add((if flags[9] { h[39] } else { QM31::ZERO })).add((if flags[10] { h[40] } else { QM31::ZERO })).add((if flags[11] { h[41] } else { QM31::ZERO })).add(if flags[12] { h[42] } else { QM31::ZERO }).add((if flags[13] { h[43] } else { QM31::ZERO })).add((if flags[14] { h[44] } else { QM31::ZERO })).add((if flags[15] { h[45] } else { QM31::ZERO })).add((if flags[16] { h[46] } else { QM31::ZERO })).add((if flags[17] { h[47] } else { QM31::ZERO })).add((if flags[18] { h[48] } else { QM31::ZERO })).add((if flags[19] { h[49] } else { QM31::ZERO })).add((if flags[20] { h[50] } else { QM31::ZERO })).add((if flags[21] { h[51] } else { QM31::ZERO })).add((if flags[22] { h[52] } else { QM31::ZERO }));
    |

warning: unnecessary parentheses around method argument
   --> /home/dombarker/project-offloads/aspis-v8-performance-20260908.scS2Jz/crates/aspis-statement/../../docs/research/v8-no-work-100-20260907/experiments/copy_scatter_plan_generated.rs:121:551
    |
121 | ...s[10] { h[40] } else { QM31::ZERO })).add((if flags[11] { h[41] } else { QM31::ZERO })).add((if flags[12] { h[42] } else { QM31:...
    |                                              ^                                          ^
    |
help: remove these parentheses
    |
121 -     scratch[36]=(if flags[0] { n[29].add(n[52].add(n[54])) } else { QM31::ZERO }).add((if flags[1] { h[27].add(h[32].add(n[51])) } else { QM31::ZERO })).add((if flags[3] { h[33] } else { QM31::ZERO })).add((if flags[4] { h[34] } else { QM31::ZERO })).add((if flags[5] { h[35] } else { QM31::ZERO })).add((if flags[6] { h[36] } else { QM31::ZERO })).add((if flags[7] { h[37] } else { QM31::ZERO })).add((if flags[8] { h[38] } else { QM31::ZERO })).add((if flags[9] { h[39] } else { QM31::ZERO })).add((if flags[10] { h[40] } else { QM31::ZERO })).add((if flags[11] { h[41] } else { QM31::ZERO })).add((if flags[12] { h[42] } else { QM31::ZERO })).add((if flags[13] { h[43] } else { QM31::ZERO })).add((if flags[14] { h[44] } else { QM31::ZERO })).add((if flags[15] { h[45] } else { QM31::ZERO })).add((if flags[16] { h[46] } else { QM31::ZERO })).add((if flags[17] { h[47] } else { QM31::ZERO })).add((if flags[18] { h[48] } else { QM31::ZERO })).add((if flags[19] { h[49] } else { QM31::ZERO })).add((if flags[20] { h[50] } else { QM31::ZERO })).add((if flags[21] { h[51] } else { QM31::ZERO })).add((if flags[22] { h[52] } else { QM31::ZERO }));
121 +     scratch[36]=(if flags[0] { n[29].add(n[52].add(n[54])) } else { QM31::ZERO }).add((if flags[1] { h[27].add(h[32].add(n[51])) } else { QM31::ZERO })).add((if flags[3] { h[33] } else { QM31::ZERO })).add((if flags[4] { h[34] } else { QM31::ZERO })).add((if flags[5] { h[35] } else { QM31::ZERO })).add((if flags[6] { h[36] } else { QM31::ZERO })).add((if flags[7] { h[37] } else { QM31::ZERO })).add((if flags[8] { h[38] } else { QM31::ZERO })).add((if flags[9] { h[39] } else { QM31::ZERO })).add((if flags[10] { h[40] } else { QM31::ZERO })).add(if flags[11] { h[41] } else { QM31::ZERO }).add((if flags[12] { h[42] } else { QM31::ZERO })).add((if flags[13] { h[43] } else { QM31::ZERO })).add((if flags[14] { h[44] } else { QM31::ZERO })).add((if flags[15] { h[45] } else { QM31::ZERO })).add((if flags[16] { h[46] } else { QM31::ZERO })).add((if flags[17] { h[47] } else { QM31::ZERO })).add((if flags[18] { h[48] } else { QM31::ZERO })).add((if flags[19] { h[49] } else { QM31::ZERO })).add((if flags[20] { h[50] } else { QM31::ZERO })).add((if flags[21] { h[51] } else { QM31::ZERO })).add((if flags[22] { h[52] } else { QM31::ZERO }));
    |

warning: unnecessary parentheses around method argument
   --> /home/dombarker/project-offloads/aspis-v8-performance-20260908.scS2Jz/crates/aspis-statement/../../docs/research/v8-no-work-100-20260907/experiments/copy_scatter_plan_generated.rs:121:501
    |
121 | ...gs[9] { h[39] } else { QM31::ZERO })).add((if flags[10] { h[40] } else { QM31::ZERO })).add((if flags[11] { h[41] } else { QM31:...
    |                                              ^                                          ^
    |
help: remove these parentheses
    |
121 -     scratch[36]=(if flags[0] { n[29].add(n[52].add(n[54])) } else { QM31::ZERO }).add((if flags[1] { h[27].add(h[32].add(n[51])) } else { QM31::ZERO })).add((if flags[3] { h[33] } else { QM31::ZERO })).add((if flags[4] { h[34] } else { QM31::ZERO })).add((if flags[5] { h[35] } else { QM31::ZERO })).add((if flags[6] { h[36] } else { QM31::ZERO })).add((if flags[7] { h[37] } else { QM31::ZERO })).add((if flags[8] { h[38] } else { QM31::ZERO })).add((if flags[9] { h[39] } else { QM31::ZERO })).add((if flags[10] { h[40] } else { QM31::ZERO })).add((if flags[11] { h[41] } else { QM31::ZERO })).add((if flags[12] { h[42] } else { QM31::ZERO })).add((if flags[13] { h[43] } else { QM31::ZERO })).add((if flags[14] { h[44] } else { QM31::ZERO })).add((if flags[15] { h[45] } else { QM31::ZERO })).add((if flags[16] { h[46] } else { QM31::ZERO })).add((if flags[17] { h[47] } else { QM31::ZERO })).add((if flags[18] { h[48] } else { QM31::ZERO })).add((if flags[19] { h[49] } else { QM31::ZERO })).add((if flags[20] { h[50] } else { QM31::ZERO })).add((if flags[21] { h[51] } else { QM31::ZERO })).add((if flags[22] { h[52] } else { QM31::ZERO }));
121 +     scratch[36]=(if flags[0] { n[29].add(n[52].add(n[54])) } else { QM31::ZERO }).add((if flags[1] { h[27].add(h[32].add(n[51])) } else { QM31::ZERO })).add((if flags[3] { h[33] } else { QM31::ZERO })).add((if flags[4] { h[34] } else { QM31::ZERO })).add((if flags[5] { h[35] } else { QM31::ZERO })).add((if flags[6] { h[36] } else { QM31::ZERO })).add((if flags[7] { h[37] } else { QM31::ZERO })).add((if flags[8] { h[38] } else { QM31::ZERO })).add((if flags[9] { h[39] } else { QM31::ZERO })).add(if flags[10] { h[40] } else { QM31::ZERO }).add((if flags[11] { h[41] } else { QM31::ZERO })).add((if flags[12] { h[42] } else { QM31::ZERO })).add((if flags[13] { h[43] } else { QM31::ZERO })).add((if flags[14] { h[44] } else { QM31::ZERO })).add((if flags[15] { h[45] } else { QM31::ZERO })).add((if flags[16] { h[46] } else { QM31::ZERO })).add((if flags[17] { h[47] } else { QM31::ZERO })).add((if flags[18] { h[48] } else { QM31::ZERO })).add((if flags[19] { h[49] } else { QM31::ZERO })).add((if flags[20] { h[50] } else { QM31::ZERO })).add((if flags[21] { h[51] } else { QM31::ZERO })).add((if flags[22] { h[52] } else { QM31::ZERO }));
    |

warning: unnecessary parentheses around method argument
   --> /home/dombarker/project-offloads/aspis-v8-performance-20260908.scS2Jz/crates/aspis-statement/../../docs/research/v8-no-work-100-20260907/experiments/copy_scatter_plan_generated.rs:121:452
    |
121 | ...gs[8] { h[38] } else { QM31::ZERO })).add((if flags[9] { h[39] } else { QM31::ZERO })).add((if flags[10] { h[40] } else { QM31::...
    |                                              ^                                         ^
    |
help: remove these parentheses
    |
121 -     scratch[36]=(if flags[0] { n[29].add(n[52].add(n[54])) } else { QM31::ZERO }).add((if flags[1] { h[27].add(h[32].add(n[51])) } else { QM31::ZERO })).add((if flags[3] { h[33] } else { QM31::ZERO })).add((if flags[4] { h[34] } else { QM31::ZERO })).add((if flags[5] { h[35] } else { QM31::ZERO })).add((if flags[6] { h[36] } else { QM31::ZERO })).add((if flags[7] { h[37] } else { QM31::ZERO })).add((if flags[8] { h[38] } else { QM31::ZERO })).add((if flags[9] { h[39] } else { QM31::ZERO })).add((if flags[10] { h[40] } else { QM31::ZERO })).add((if flags[11] { h[41] } else { QM31::ZERO })).add((if flags[12] { h[42] } else { QM31::ZERO })).add((if flags[13] { h[43] } else { QM31::ZERO })).add((if flags[14] { h[44] } else { QM31::ZERO })).add((if flags[15] { h[45] } else { QM31::ZERO })).add((if flags[16] { h[46] } else { QM31::ZERO })).add((if flags[17] { h[47] } else { QM31::ZERO })).add((if flags[18] { h[48] } else { QM31::ZERO })).add((if flags[19] { h[49] } else { QM31::ZERO })).add((if flags[20] { h[50] } else { QM31::ZERO })).add((if flags[21] { h[51] } else { QM31::ZERO })).add((if flags[22] { h[52] } else { QM31::ZERO }));
121 +     scratch[36]=(if flags[0] { n[29].add(n[52].add(n[54])) } else { QM31::ZERO }).add((if flags[1] { h[27].add(h[32].add(n[51])) } else { QM31::ZERO })).add((if flags[3] { h[33] } else { QM31::ZERO })).add((if flags[4] { h[34] } else { QM31::ZERO })).add((if flags[5] { h[35] } else { QM31::ZERO })).add((if flags[6] { h[36] } else { QM31::ZERO })).add((if flags[7] { h[37] } else { QM31::ZERO })).add((if flags[8] { h[38] } else { QM31::ZERO })).add(if flags[9] { h[39] } else { QM31::ZERO }).add((if flags[10] { h[40] } else { QM31::ZERO })).add((if flags[11] { h[41] } else { QM31::ZERO })).add((if flags[12] { h[42] } else { QM31::ZERO })).add((if flags[13] { h[43] } else { QM31::ZERO })).add((if flags[14] { h[44] } else { QM31::ZERO })).add((if flags[15] { h[45] } else { QM31::ZERO })).add((if flags[16] { h[46] } else { QM31::ZERO })).add((if flags[17] { h[47] } else { QM31::ZERO })).add((if flags[18] { h[48] } else { QM31::ZERO })).add((if flags[19] { h[49] } else { QM31::ZERO })).add((if flags[20] { h[50] } else { QM31::ZERO })).add((if flags[21] { h[51] } else { QM31::ZERO })).add((if flags[22] { h[52] } else { QM31::ZERO }));
    |

warning: unnecessary parentheses around method argument
   --> /home/dombarker/project-offloads/aspis-v8-performance-20260908.scS2Jz/crates/aspis-statement/../../docs/research/v8-no-work-100-20260907/experiments/copy_scatter_plan_generated.rs:121:403
    |
121 | ...gs[7] { h[37] } else { QM31::ZERO })).add((if flags[8] { h[38] } else { QM31::ZERO })).add((if flags[9] { h[39] } else { QM31::Z...
    |                                              ^                                         ^
    |
help: remove these parentheses
    |
121 -     scratch[36]=(if flags[0] { n[29].add(n[52].add(n[54])) } else { QM31::ZERO }).add((if flags[1] { h[27].add(h[32].add(n[51])) } else { QM31::ZERO })).add((if flags[3] { h[33] } else { QM31::ZERO })).add((if flags[4] { h[34] } else { QM31::ZERO })).add((if flags[5] { h[35] } else { QM31::ZERO })).add((if flags[6] { h[36] } else { QM31::ZERO })).add((if flags[7] { h[37] } else { QM31::ZERO })).add((if flags[8] { h[38] } else { QM31::ZERO })).add((if flags[9] { h[39] } else { QM31::ZERO })).add((if flags[10] { h[40] } else { QM31::ZERO })).add((if flags[11] { h[41] } else { QM31::ZERO })).add((if flags[12] { h[42] } else { QM31::ZERO })).add((if flags[13] { h[43] } else { QM31::ZERO })).add((if flags[14] { h[44] } else { QM31::ZERO })).add((if flags[15] { h[45] } else { QM31::ZERO })).add((if flags[16] { h[46] } else { QM31::ZERO })).add((if flags[17] { h[47] } else { QM31::ZERO })).add((if flags[18] { h[48] } else { QM31::ZERO })).add((if flags[19] { h[49] } else { QM31::ZERO })).add((if flags[20] { h[50] } else { QM31::ZERO })).add((if flags[21] { h[51] } else { QM31::ZERO })).add((if flags[22] { h[52] } else { QM31::ZERO }));
121 +     scratch[36]=(if flags[0] { n[29].add(n[52].add(n[54])) } else { QM31::ZERO }).add((if flags[1] { h[27].add(h[32].add(n[51])) } else { QM31::ZERO })).add((if flags[3] { h[33] } else { QM31::ZERO })).add((if flags[4] { h[34] } else { QM31::ZERO })).add((if flags[5] { h[35] } else { QM31::ZERO })).add((if flags[6] { h[36] } else { QM31::ZERO })).add((if flags[7] { h[37] } else { QM31::ZERO })).add(if flags[8] { h[38] } else { QM31::ZERO }).add((if flags[9] { h[39] } else { QM31::ZERO })).add((if flags[10] { h[40] } else { QM31::ZERO })).add((if flags[11] { h[41] } else { QM31::ZERO })).add((if flags[12] { h[42] } else { QM31::ZERO })).add((if flags[13] { h[43] } else { QM31::ZERO })).add((if flags[14] { h[44] } else { QM31::ZERO })).add((if flags[15] { h[45] } else { QM31::ZERO })).add((if flags[16] { h[46] } else { QM31::ZERO })).add((if flags[17] { h[47] } else { QM31::ZERO })).add((if flags[18] { h[48] } else { QM31::ZERO })).add((if flags[19] { h[49] } else { QM31::ZERO })).add((if flags[20] { h[50] } else { QM31::ZERO })).add((if flags[21] { h[51] } else { QM31::ZERO })).add((if flags[22] { h[52] } else { QM31::ZERO }));
    |

warning: unnecessary parentheses around method argument
   --> /home/dombarker/project-offloads/aspis-v8-performance-20260908.scS2Jz/crates/aspis-statement/../../docs/research/v8-no-work-100-20260907/experiments/copy_scatter_plan_generated.rs:121:354
    |
121 | ...gs[6] { h[36] } else { QM31::ZERO })).add((if flags[7] { h[37] } else { QM31::ZERO })).add((if flags[8] { h[38] } else { QM31::Z...
    |                                              ^                                         ^
    |
help: remove these parentheses
    |
121 -     scratch[36]=(if flags[0] { n[29].add(n[52].add(n[54])) } else { QM31::ZERO }).add((if flags[1] { h[27].add(h[32].add(n[51])) } else { QM31::ZERO })).add((if flags[3] { h[33] } else { QM31::ZERO })).add((if flags[4] { h[34] } else { QM31::ZERO })).add((if flags[5] { h[35] } else { QM31::ZERO })).add((if flags[6] { h[36] } else { QM31::ZERO })).add((if flags[7] { h[37] } else { QM31::ZERO })).add((if flags[8] { h[38] } else { QM31::ZERO })).add((if flags[9] { h[39] } else { QM31::ZERO })).add((if flags[10] { h[40] } else { QM31::ZERO })).add((if flags[11] { h[41] } else { QM31::ZERO })).add((if flags[12] { h[42] } else { QM31::ZERO })).add((if flags[13] { h[43] } else { QM31::ZERO })).add((if flags[14] { h[44] } else { QM31::ZERO })).add((if flags[15] { h[45] } else { QM31::ZERO })).add((if flags[16] { h[46] } else { QM31::ZERO })).add((if flags[17] { h[47] } else { QM31::ZERO })).add((if flags[18] { h[48] } else { QM31::ZERO })).add((if flags[19] { h[49] } else { QM31::ZERO })).add((if flags[20] { h[50] } else { QM31::ZERO })).add((if flags[21] { h[51] } else { QM31::ZERO })).add((if flags[22] { h[52] } else { QM31::ZERO }));
121 +     scratch[36]=(if flags[0] { n[29].add(n[52].add(n[54])) } else { QM31::ZERO }).add((if flags[1] { h[27].add(h[32].add(n[51])) } else { QM31::ZERO })).add((if flags[3] { h[33] } else { QM31::ZERO })).add((if flags[4] { h[34] } else { QM31::ZERO })).add((if flags[5] { h[35] } else { QM31::ZERO })).add((if flags[6] { h[36] } else { QM31::ZERO })).add(if flags[7] { h[37] } else { QM31::ZERO }).add((if flags[8] { h[38] } else { QM31::ZERO })).add((if flags[9] { h[39] } else { QM31::ZERO })).add((if flags[10] { h[40] } else { QM31::ZERO })).add((if flags[11] { h[41] } else { QM31::ZERO })).add((if flags[12] { h[42] } else { QM31::ZERO })).add((if flags[13] { h[43] } else { QM31::ZERO })).add((if flags[14] { h[44] } else { QM31::ZERO })).add((if flags[15] { h[45] } else { QM31::ZERO })).add((if flags[16] { h[46] } else { QM31::ZERO })).add((if flags[17] { h[47] } else { QM31::ZERO })).add((if flags[18] { h[48] } else { QM31::ZERO })).add((if flags[19] { h[49] } else { QM31::ZERO })).add((if flags[20] { h[50] } else { QM31::ZERO })).add((if flags[21] { h[51] } else { QM31::ZERO })).add((if flags[22] { h[52] } else { QM31::ZERO }));
    |

warning: unnecessary parentheses around method argument
   --> /home/dombarker/project-offloads/aspis-v8-performance-20260908.scS2Jz/crates/aspis-statement/../../docs/research/v8-no-work-100-20260907/experiments/copy_scatter_plan_generated.rs:121:305
    |
121 | ...gs[5] { h[35] } else { QM31::ZERO })).add((if flags[6] { h[36] } else { QM31::ZERO })).add((if flags[7] { h[37] } else { QM31::Z...
    |                                              ^                                         ^
    |
help: remove these parentheses
    |
121 -     scratch[36]=(if flags[0] { n[29].add(n[52].add(n[54])) } else { QM31::ZERO }).add((if flags[1] { h[27].add(h[32].add(n[51])) } else { QM31::ZERO })).add((if flags[3] { h[33] } else { QM31::ZERO })).add((if flags[4] { h[34] } else { QM31::ZERO })).add((if flags[5] { h[35] } else { QM31::ZERO })).add((if flags[6] { h[36] } else { QM31::ZERO })).add((if flags[7] { h[37] } else { QM31::ZERO })).add((if flags[8] { h[38] } else { QM31::ZERO })).add((if flags[9] { h[39] } else { QM31::ZERO })).add((if flags[10] { h[40] } else { QM31::ZERO })).add((if flags[11] { h[41] } else { QM31::ZERO })).add((if flags[12] { h[42] } else { QM31::ZERO })).add((if flags[13] { h[43] } else { QM31::ZERO })).add((if flags[14] { h[44] } else { QM31::ZERO })).add((if flags[15] { h[45] } else { QM31::ZERO })).add((if flags[16] { h[46] } else { QM31::ZERO })).add((if flags[17] { h[47] } else { QM31::ZERO })).add((if flags[18] { h[48] } else { QM31::ZERO })).add((if flags[19] { h[49] } else { QM31::ZERO })).add((if flags[20] { h[50] } else { QM31::ZERO })).add((if flags[21] { h[51] } else { QM31::ZERO })).add((if flags[22] { h[52] } else { QM31::ZERO }));
121 +     scratch[36]=(if flags[0] { n[29].add(n[52].add(n[54])) } else { QM31::ZERO }).add((if flags[1] { h[27].add(h[32].add(n[51])) } else { QM31::ZERO })).add((if flags[3] { h[33] } else { QM31::ZERO })).add((if flags[4] { h[34] } else { QM31::ZERO })).add((if flags[5] { h[35] } else { QM31::ZERO })).add(if flags[6] { h[36] } else { QM31::ZERO }).add((if flags[7] { h[37] } else { QM31::ZERO })).add((if flags[8] { h[38] } else { QM31::ZERO })).add((if flags[9] { h[39] } else { QM31::ZERO })).add((if flags[10] { h[40] } else { QM31::ZERO })).add((if flags[11] { h[41] } else { QM31::ZERO })).add((if flags[12] { h[42] } else { QM31::ZERO })).add((if flags[13] { h[43] } else { QM31::ZERO })).add((if flags[14] { h[44] } else { QM31::ZERO })).add((if flags[15] { h[45] } else { QM31::ZERO })).add((if flags[16] { h[46] } else { QM31::ZERO })).add((if flags[17] { h[47] } else { QM31::ZERO })).add((if flags[18] { h[48] } else { QM31::ZERO })).add((if flags[19] { h[49] } else { QM31::ZERO })).add((if flags[20] { h[50] } else { QM31::ZERO })).add((if flags[21] { h[51] } else { QM31::ZERO })).add((if flags[22] { h[52] } else { QM31::ZERO }));
    |

warning: unnecessary parentheses around method argument
   --> /home/dombarker/project-offloads/aspis-v8-performance-20260908.scS2Jz/crates/aspis-statement/../../docs/research/v8-no-work-100-20260907/experiments/copy_scatter_plan_generated.rs:121:256
    |
121 | ...gs[4] { h[34] } else { QM31::ZERO })).add((if flags[5] { h[35] } else { QM31::ZERO })).add((if flags[6] { h[36] } else { QM31::Z...
    |                                              ^                                         ^
    |
help: remove these parentheses
    |
121 -     scratch[36]=(if flags[0] { n[29].add(n[52].add(n[54])) } else { QM31::ZERO }).add((if flags[1] { h[27].add(h[32].add(n[51])) } else { QM31::ZERO })).add((if flags[3] { h[33] } else { QM31::ZERO })).add((if flags[4] { h[34] } else { QM31::ZERO })).add((if flags[5] { h[35] } else { QM31::ZERO })).add((if flags[6] { h[36] } else { QM31::ZERO })).add((if flags[7] { h[37] } else { QM31::ZERO })).add((if flags[8] { h[38] } else { QM31::ZERO })).add((if flags[9] { h[39] } else { QM31::ZERO })).add((if flags[10] { h[40] } else { QM31::ZERO })).add((if flags[11] { h[41] } else { QM31::ZERO })).add((if flags[12] { h[42] } else { QM31::ZERO })).add((if flags[13] { h[43] } else { QM31::ZERO })).add((if flags[14] { h[44] } else { QM31::ZERO })).add((if flags[15] { h[45] } else { QM31::ZERO })).add((if flags[16] { h[46] } else { QM31::ZERO })).add((if flags[17] { h[47] } else { QM31::ZERO })).add((if flags[18] { h[48] } else { QM31::ZERO })).add((if flags[19] { h[49] } else { QM31::ZERO })).add((if flags[20] { h[50] } else { QM31::ZERO })).add((if flags[21] { h[51] } else { QM31::ZERO })).add((if flags[22] { h[52] } else { QM31::ZERO }));
121 +     scratch[36]=(if flags[0] { n[29].add(n[52].add(n[54])) } else { QM31::ZERO }).add((if flags[1] { h[27].add(h[32].add(n[51])) } else { QM31::ZERO })).add((if flags[3] { h[33] } else { QM31::ZERO })).add((if flags[4] { h[34] } else { QM31::ZERO })).add(if flags[5] { h[35] } else { QM31::ZERO }).add((if flags[6] { h[36] } else { QM31::ZERO })).add((if flags[7] { h[37] } else { QM31::ZERO })).add((if flags[8] { h[38] } else { QM31::ZERO })).add((if flags[9] { h[39] } else { QM31::ZERO })).add((if flags[10] { h[40] } else { QM31::ZERO })).add((if flags[11] { h[41] } else { QM31::ZERO })).add((if flags[12] { h[42] } else { QM31::ZERO })).add((if flags[13] { h[43] } else { QM31::ZERO })).add((if flags[14] { h[44] } else { QM31::ZERO })).add((if flags[15] { h[45] } else { QM31::ZERO })).add((if flags[16] { h[46] } else { QM31::ZERO })).add((if flags[17] { h[47] } else { QM31::ZERO })).add((if flags[18] { h[48] } else { QM31::ZERO })).add((if flags[19] { h[49] } else { QM31::ZERO })).add((if flags[20] { h[50] } else { QM31::ZERO })).add((if flags[21] { h[51] } else { QM31::ZERO })).add((if flags[22] { h[52] } else { QM31::ZERO }));
    |

warning: unnecessary parentheses around method argument
   --> /home/dombarker/project-offloads/aspis-v8-performance-20260908.scS2Jz/crates/aspis-statement/../../docs/research/v8-no-work-100-20260907/experiments/copy_scatter_plan_generated.rs:121:207
    |
121 | ...gs[3] { h[33] } else { QM31::ZERO })).add((if flags[4] { h[34] } else { QM31::ZERO })).add((if flags[5] { h[35] } else { QM31::Z...
    |                                              ^                                         ^
    |
help: remove these parentheses
    |
121 -     scratch[36]=(if flags[0] { n[29].add(n[52].add(n[54])) } else { QM31::ZERO }).add((if flags[1] { h[27].add(h[32].add(n[51])) } else { QM31::ZERO })).add((if flags[3] { h[33] } else { QM31::ZERO })).add((if flags[4] { h[34] } else { QM31::ZERO })).add((if flags[5] { h[35] } else { QM31::ZERO })).add((if flags[6] { h[36] } else { QM31::ZERO })).add((if flags[7] { h[37] } else { QM31::ZERO })).add((if flags[8] { h[38] } else { QM31::ZERO })).add((if flags[9] { h[39] } else { QM31::ZERO })).add((if flags[10] { h[40] } else { QM31::ZERO })).add((if flags[11] { h[41] } else { QM31::ZERO })).add((if flags[12] { h[42] } else { QM31::ZERO })).add((if flags[13] { h[43] } else { QM31::ZERO })).add((if flags[14] { h[44] } else { QM31::ZERO })).add((if flags[15] { h[45] } else { QM31::ZERO })).add((if flags[16] { h[46] } else { QM31::ZERO })).add((if flags[17] { h[47] } else { QM31::ZERO })).add((if flags[18] { h[48] } else { QM31::ZERO })).add((if flags[19] { h[49] } else { QM31::ZERO })).add((if flags[20] { h[50] } else { QM31::ZERO })).add((if flags[21] { h[51] } else { QM31::ZERO })).add((if flags[22] { h[52] } else { QM31::ZERO }));
121 +     scratch[36]=(if flags[0] { n[29].add(n[52].add(n[54])) } else { QM31::ZERO }).add((if flags[1] { h[27].add(h[32].add(n[51])) } else { QM31::ZERO })).add((if flags[3] { h[33] } else { QM31::ZERO })).add(if flags[4] { h[34] } else { QM31::ZERO }).add((if flags[5] { h[35] } else { QM31::ZERO })).add((if flags[6] { h[36] } else { QM31::ZERO })).add((if flags[7] { h[37] } else { QM31::ZERO })).add((if flags[8] { h[38] } else { QM31::ZERO })).add((if flags[9] { h[39] } else { QM31::ZERO })).add((if flags[10] { h[40] } else { QM31::ZERO })).add((if flags[11] { h[41] } else { QM31::ZERO })).add((if flags[12] { h[42] } else { QM31::ZERO })).add((if flags[13] { h[43] } else { QM31::ZERO })).add((if flags[14] { h[44] } else { QM31::ZERO })).add((if flags[15] { h[45] } else { QM31::ZERO })).add((if flags[16] { h[46] } else { QM31::ZERO })).add((if flags[17] { h[47] } else { QM31::ZERO })).add((if flags[18] { h[48] } else { QM31::ZERO })).add((if flags[19] { h[49] } else { QM31::ZERO })).add((if flags[20] { h[50] } else { QM31::ZERO })).add((if flags[21] { h[51] } else { QM31::ZERO })).add((if flags[22] { h[52] } else { QM31::ZERO }));
    |

warning: unnecessary parentheses around method argument
   --> /home/dombarker/project-offloads/aspis-v8-performance-20260908.scS2Jz/crates/aspis-statement/../../docs/research/v8-no-work-100-20260907/experiments/copy_scatter_plan_generated.rs:121:158
    |
121 | ...].add(n[51])) } else { QM31::ZERO })).add((if flags[3] { h[33] } else { QM31::ZERO })).add((if flags[4] { h[34] } else { QM31::Z...
    |                                              ^                                         ^
    |
help: remove these parentheses
    |
121 -     scratch[36]=(if flags[0] { n[29].add(n[52].add(n[54])) } else { QM31::ZERO }).add((if flags[1] { h[27].add(h[32].add(n[51])) } else { QM31::ZERO })).add((if flags[3] { h[33] } else { QM31::ZERO })).add((if flags[4] { h[34] } else { QM31::ZERO })).add((if flags[5] { h[35] } else { QM31::ZERO })).add((if flags[6] { h[36] } else { QM31::ZERO })).add((if flags[7] { h[37] } else { QM31::ZERO })).add((if flags[8] { h[38] } else { QM31::ZERO })).add((if flags[9] { h[39] } else { QM31::ZERO })).add((if flags[10] { h[40] } else { QM31::ZERO })).add((if flags[11] { h[41] } else { QM31::ZERO })).add((if flags[12] { h[42] } else { QM31::ZERO })).add((if flags[13] { h[43] } else { QM31::ZERO })).add((if flags[14] { h[44] } else { QM31::ZERO })).add((if flags[15] { h[45] } else { QM31::ZERO })).add((if flags[16] { h[46] } else { QM31::ZERO })).add((if flags[17] { h[47] } else { QM31::ZERO })).add((if flags[18] { h[48] } else { QM31::ZERO })).add((if flags[19] { h[49] } else { QM31::ZERO })).add((if flags[20] { h[50] } else { QM31::ZERO })).add((if flags[21] { h[51] } else { QM31::ZERO })).add((if flags[22] { h[52] } else { QM31::ZERO }));
121 +     scratch[36]=(if flags[0] { n[29].add(n[52].add(n[54])) } else { QM31::ZERO }).add((if flags[1] { h[27].add(h[32].add(n[51])) } else { QM31::ZERO })).add(if flags[3] { h[33] } else { QM31::ZERO }).add((if flags[4] { h[34] } else { QM31::ZERO })).add((if flags[5] { h[35] } else { QM31::ZERO })).add((if flags[6] { h[36] } else { QM31::ZERO })).add((if flags[7] { h[37] } else { QM31::ZERO })).add((if flags[8] { h[38] } else { QM31::ZERO })).add((if flags[9] { h[39] } else { QM31::ZERO })).add((if flags[10] { h[40] } else { QM31::ZERO })).add((if flags[11] { h[41] } else { QM31::ZERO })).add((if flags[12] { h[42] } else { QM31::ZERO })).add((if flags[13] { h[43] } else { QM31::ZERO })).add((if flags[14] { h[44] } else { QM31::ZERO })).add((if flags[15] { h[45] } else { QM31::ZERO })).add((if flags[16] { h[46] } else { QM31::ZERO })).add((if flags[17] { h[47] } else { QM31::ZERO })).add((if flags[18] { h[48] } else { QM31::ZERO })).add((if flags[19] { h[49] } else { QM31::ZERO })).add((if flags[20] { h[50] } else { QM31::ZERO })).add((if flags[21] { h[51] } else { QM31::ZERO })).add((if flags[22] { h[52] } else { QM31::ZERO }));
    |

warning: unnecessary parentheses around method argument
   --> /home/dombarker/project-offloads/aspis-v8-performance-20260908.scS2Jz/crates/aspis-statement/../../docs/research/v8-no-work-100-20260907/experiments/copy_scatter_plan_generated.rs:121:87
    |
121 | ...])) } else { QM31::ZERO }).add((if flags[1] { h[27].add(h[32].add(n[51])) } else { QM31::ZERO })).add((if flags[3] { h[33] } els...
    |                                   ^                                                               ^
    |
help: remove these parentheses
    |
121 -     scratch[36]=(if flags[0] { n[29].add(n[52].add(n[54])) } else { QM31::ZERO }).add((if flags[1] { h[27].add(h[32].add(n[51])) } else { QM31::ZERO })).add((if flags[3] { h[33] } else { QM31::ZERO })).add((if flags[4] { h[34] } else { QM31::ZERO })).add((if flags[5] { h[35] } else { QM31::ZERO })).add((if flags[6] { h[36] } else { QM31::ZERO })).add((if flags[7] { h[37] } else { QM31::ZERO })).add((if flags[8] { h[38] } else { QM31::ZERO })).add((if flags[9] { h[39] } else { QM31::ZERO })).add((if flags[10] { h[40] } else { QM31::ZERO })).add((if flags[11] { h[41] } else { QM31::ZERO })).add((if flags[12] { h[42] } else { QM31::ZERO })).add((if flags[13] { h[43] } else { QM31::ZERO })).add((if flags[14] { h[44] } else { QM31::ZERO })).add((if flags[15] { h[45] } else { QM31::ZERO })).add((if flags[16] { h[46] } else { QM31::ZERO })).add((if flags[17] { h[47] } else { QM31::ZERO })).add((if flags[18] { h[48] } else { QM31::ZERO })).add((if flags[19] { h[49] } else { QM31::ZERO })).add((if flags[20] { h[50] } else { QM31::ZERO })).add((if flags[21] { h[51] } else { QM31::ZERO })).add((if flags[22] { h[52] } else { QM31::ZERO }));
121 +     scratch[36]=(if flags[0] { n[29].add(n[52].add(n[54])) } else { QM31::ZERO }).add(if flags[1] { h[27].add(h[32].add(n[51])) } else { QM31::ZERO }).add((if flags[3] { h[33] } else { QM31::ZERO })).add((if flags[4] { h[34] } else { QM31::ZERO })).add((if flags[5] { h[35] } else { QM31::ZERO })).add((if flags[6] { h[36] } else { QM31::ZERO })).add((if flags[7] { h[37] } else { QM31::ZERO })).add((if flags[8] { h[38] } else { QM31::ZERO })).add((if flags[9] { h[39] } else { QM31::ZERO })).add((if flags[10] { h[40] } else { QM31::ZERO })).add((if flags[11] { h[41] } else { QM31::ZERO })).add((if flags[12] { h[42] } else { QM31::ZERO })).add((if flags[13] { h[43] } else { QM31::ZERO })).add((if flags[14] { h[44] } else { QM31::ZERO })).add((if flags[15] { h[45] } else { QM31::ZERO })).add((if flags[16] { h[46] } else { QM31::ZERO })).add((if flags[17] { h[47] } else { QM31::ZERO })).add((if flags[18] { h[48] } else { QM31::ZERO })).add((if flags[19] { h[49] } else { QM31::ZERO })).add((if flags[20] { h[50] } else { QM31::ZERO })).add((if flags[21] { h[51] } else { QM31::ZERO })).add((if flags[22] { h[52] } else { QM31::ZERO }));
    |

warning: unnecessary parentheses around method argument
   --> /home/dombarker/project-offloads/aspis-v8-performance-20260908.scS2Jz/crates/aspis-statement/../../docs/research/v8-no-work-100-20260907/experiments/copy_scatter_plan_generated.rs:122:75
    |
122 |     scratch[37]=(if flags[0] { h[0].add(n[29]) } else { QM31::ZERO }).add((if flags[1] { h[28] } else { QM31::ZERO }));
    |                                                                           ^                                         ^
    |
help: remove these parentheses
    |
122 -     scratch[37]=(if flags[0] { h[0].add(n[29]) } else { QM31::ZERO }).add((if flags[1] { h[28] } else { QM31::ZERO }));
122 +     scratch[37]=(if flags[0] { h[0].add(n[29]) } else { QM31::ZERO }).add(if flags[1] { h[28] } else { QM31::ZERO });
    |

warning: unnecessary parentheses around assigned value
   --> /home/dombarker/project-offloads/aspis-v8-performance-20260908.scS2Jz/crates/aspis-statement/../../docs/research/v8-no-work-100-20260907/experiments/copy_scatter_plan_generated.rs:123:17
    |
123 |     scratch[38]=(if flags[0] { n[4] } else { QM31::ZERO });
    |                 ^                                        ^
    |
help: remove these parentheses
    |
123 -     scratch[38]=(if flags[0] { n[4] } else { QM31::ZERO });
123 +     scratch[38]=if flags[0] { n[4] } else { QM31::ZERO };
    |

warning: unnecessary parentheses around assigned value
   --> /home/dombarker/project-offloads/aspis-v8-performance-20260908.scS2Jz/crates/aspis-statement/../../docs/research/v8-no-work-100-20260907/experiments/copy_scatter_plan_generated.rs:124:17
    |
124 |     scratch[39]=(if flags[0] { n[4] } else { QM31::ZERO });
    |                 ^                                        ^
    |
help: remove these parentheses
    |
124 -     scratch[39]=(if flags[0] { n[4] } else { QM31::ZERO });
124 +     scratch[39]=if flags[0] { n[4] } else { QM31::ZERO };
    |

warning: unnecessary parentheses around assigned value
   --> /home/dombarker/project-offloads/aspis-v8-performance-20260908.scS2Jz/crates/aspis-statement/../../docs/research/v8-no-work-100-20260907/experiments/copy_scatter_plan_generated.rs:125:17
    |
125 |     scratch[40]=(if flags[0] { n[4] } else { QM31::ZERO });
    |                 ^                                        ^
    |
help: remove these parentheses
    |
125 -     scratch[40]=(if flags[0] { n[4] } else { QM31::ZERO });
125 +     scratch[40]=if flags[0] { n[4] } else { QM31::ZERO };
    |

warning: unnecessary parentheses around assigned value
   --> /home/dombarker/project-offloads/aspis-v8-performance-20260908.scS2Jz/crates/aspis-statement/../../docs/research/v8-no-work-100-20260907/experiments/copy_scatter_plan_generated.rs:126:17
    |
126 |     scratch[41]=(if flags[0] { n[4] } else { QM31::ZERO });
    |                 ^                                        ^
    |
help: remove these parentheses
    |
126 -     scratch[41]=(if flags[0] { n[4] } else { QM31::ZERO });
126 +     scratch[41]=if flags[0] { n[4] } else { QM31::ZERO };
    |

warning: unnecessary parentheses around method argument
   --> /home/dombarker/project-offloads/aspis-v8-performance-20260908.scS2Jz/crates/aspis-statement/../../docs/research/v8-no-work-100-20260907/experiments/copy_scatter_plan_generated.rs:127:1015
    |
127 | ...s[41] { h[51] } else { QM31::ZERO })).add((if flags[42] { h[52] } else { QM31::ZERO }));
    |                                              ^                                          ^
    |
help: remove these parentheses
    |
127 -     scratch[42]=(if flags[2] { h[32] } else { QM31::ZERO }).add((if flags[23] { h[33] } else { QM31::ZERO })).add((if flags[24] { h[34] } else { QM31::ZERO })).add((if flags[25] { h[35] } else { QM31::ZERO })).add((if flags[26] { h[36] } else { QM31::ZERO })).add((if flags[27] { h[37] } else { QM31::ZERO })).add((if flags[28] { h[38] } else { QM31::ZERO })).add((if flags[29] { h[39] } else { QM31::ZERO })).add((if flags[30] { h[40] } else { QM31::ZERO })).add((if flags[31] { h[41] } else { QM31::ZERO })).add((if flags[32] { h[42] } else { QM31::ZERO })).add((if flags[33] { h[43] } else { QM31::ZERO })).add((if flags[34] { h[44] } else { QM31::ZERO })).add((if flags[35] { h[45] } else { QM31::ZERO })).add((if flags[36] { h[46] } else { QM31::ZERO })).add((if flags[37] { h[47] } else { QM31::ZERO })).add((if flags[38] { h[48] } else { QM31::ZERO })).add((if flags[39] { h[49] } else { QM31::ZERO })).add((if flags[40] { h[50] } else { QM31::ZERO })).add((if flags[41] { h[51] } else { QM31::ZERO })).add((if flags[42] { h[52] } else { QM31::ZERO }));
127 +     scratch[42]=(if flags[2] { h[32] } else { QM31::ZERO }).add((if flags[23] { h[33] } else { QM31::ZERO })).add((if flags[24] { h[34] } else { QM31::ZERO })).add((if flags[25] { h[35] } else { QM31::ZERO })).add((if flags[26] { h[36] } else { QM31::ZERO })).add((if flags[27] { h[37] } else { QM31::ZERO })).add((if flags[28] { h[38] } else { QM31::ZERO })).add((if flags[29] { h[39] } else { QM31::ZERO })).add((if flags[30] { h[40] } else { QM31::ZERO })).add((if flags[31] { h[41] } else { QM31::ZERO })).add((if flags[32] { h[42] } else { QM31::ZERO })).add((if flags[33] { h[43] } else { QM31::ZERO })).add((if flags[34] { h[44] } else { QM31::ZERO })).add((if flags[35] { h[45] } else { QM31::ZERO })).add((if flags[36] { h[46] } else { QM31::ZERO })).add((if flags[37] { h[47] } else { QM31::ZERO })).add((if flags[38] { h[48] } else { QM31::ZERO })).add((if flags[39] { h[49] } else { QM31::ZERO })).add((if flags[40] { h[50] } else { QM31::ZERO })).add((if flags[41] { h[51] } else { QM31::ZERO })).add(if flags[42] { h[52] } else { QM31::ZERO });
    |

warning: unnecessary parentheses around method argument
   --> /home/dombarker/project-offloads/aspis-v8-performance-20260908.scS2Jz/crates/aspis-statement/../../docs/research/v8-no-work-100-20260907/experiments/copy_scatter_plan_generated.rs:127:965
    |
127 | ...s[40] { h[50] } else { QM31::ZERO })).add((if flags[41] { h[51] } else { QM31::ZERO })).add((if flags[42] { h[52] } else { QM31:...
    |                                              ^                                          ^
    |
help: remove these parentheses
    |
127 -     scratch[42]=(if flags[2] { h[32] } else { QM31::ZERO }).add((if flags[23] { h[33] } else { QM31::ZERO })).add((if flags[24] { h[34] } else { QM31::ZERO })).add((if flags[25] { h[35] } else { QM31::ZERO })).add((if flags[26] { h[36] } else { QM31::ZERO })).add((if flags[27] { h[37] } else { QM31::ZERO })).add((if flags[28] { h[38] } else { QM31::ZERO })).add((if flags[29] { h[39] } else { QM31::ZERO })).add((if flags[30] { h[40] } else { QM31::ZERO })).add((if flags[31] { h[41] } else { QM31::ZERO })).add((if flags[32] { h[42] } else { QM31::ZERO })).add((if flags[33] { h[43] } else { QM31::ZERO })).add((if flags[34] { h[44] } else { QM31::ZERO })).add((if flags[35] { h[45] } else { QM31::ZERO })).add((if flags[36] { h[46] } else { QM31::ZERO })).add((if flags[37] { h[47] } else { QM31::ZERO })).add((if flags[38] { h[48] } else { QM31::ZERO })).add((if flags[39] { h[49] } else { QM31::ZERO })).add((if flags[40] { h[50] } else { QM31::ZERO })).add((if flags[41] { h[51] } else { QM31::ZERO })).add((if flags[42] { h[52] } else { QM31::ZERO }));
127 +     scratch[42]=(if flags[2] { h[32] } else { QM31::ZERO }).add((if flags[23] { h[33] } else { QM31::ZERO })).add((if flags[24] { h[34] } else { QM31::ZERO })).add((if flags[25] { h[35] } else { QM31::ZERO })).add((if flags[26] { h[36] } else { QM31::ZERO })).add((if flags[27] { h[37] } else { QM31::ZERO })).add((if flags[28] { h[38] } else { QM31::ZERO })).add((if flags[29] { h[39] } else { QM31::ZERO })).add((if flags[30] { h[40] } else { QM31::ZERO })).add((if flags[31] { h[41] } else { QM31::ZERO })).add((if flags[32] { h[42] } else { QM31::ZERO })).add((if flags[33] { h[43] } else { QM31::ZERO })).add((if flags[34] { h[44] } else { QM31::ZERO })).add((if flags[35] { h[45] } else { QM31::ZERO })).add((if flags[36] { h[46] } else { QM31::ZERO })).add((if flags[37] { h[47] } else { QM31::ZERO })).add((if flags[38] { h[48] } else { QM31::ZERO })).add((if flags[39] { h[49] } else { QM31::ZERO })).add((if flags[40] { h[50] } else { QM31::ZERO })).add(if flags[41] { h[51] } else { QM31::ZERO }).add((if flags[42] { h[52] } else { QM31::ZERO }));
    |

warning: unnecessary parentheses around method argument
   --> /home/dombarker/project-offloads/aspis-v8-performance-20260908.scS2Jz/crates/aspis-statement/../../docs/research/v8-no-work-100-20260907/experiments/copy_scatter_plan_generated.rs:127:915
    |
127 | ...s[39] { h[49] } else { QM31::ZERO })).add((if flags[40] { h[50] } else { QM31::ZERO })).add((if flags[41] { h[51] } else { QM31:...
    |                                              ^                                          ^
    |
help: remove these parentheses
    |
127 -     scratch[42]=(if flags[2] { h[32] } else { QM31::ZERO }).add((if flags[23] { h[33] } else { QM31::ZERO })).add((if flags[24] { h[34] } else { QM31::ZERO })).add((if flags[25] { h[35] } else { QM31::ZERO })).add((if flags[26] { h[36] } else { QM31::ZERO })).add((if flags[27] { h[37] } else { QM31::ZERO })).add((if flags[28] { h[38] } else { QM31::ZERO })).add((if flags[29] { h[39] } else { QM31::ZERO })).add((if flags[30] { h[40] } else { QM31::ZERO })).add((if flags[31] { h[41] } else { QM31::ZERO })).add((if flags[32] { h[42] } else { QM31::ZERO })).add((if flags[33] { h[43] } else { QM31::ZERO })).add((if flags[34] { h[44] } else { QM31::ZERO })).add((if flags[35] { h[45] } else { QM31::ZERO })).add((if flags[36] { h[46] } else { QM31::ZERO })).add((if flags[37] { h[47] } else { QM31::ZERO })).add((if flags[38] { h[48] } else { QM31::ZERO })).add((if flags[39] { h[49] } else { QM31::ZERO })).add((if flags[40] { h[50] } else { QM31::ZERO })).add((if flags[41] { h[51] } else { QM31::ZERO })).add((if flags[42] { h[52] } else { QM31::ZERO }));
127 +     scratch[42]=(if flags[2] { h[32] } else { QM31::ZERO }).add((if flags[23] { h[33] } else { QM31::ZERO })).add((if flags[24] { h[34] } else { QM31::ZERO })).add((if flags[25] { h[35] } else { QM31::ZERO })).add((if flags[26] { h[36] } else { QM31::ZERO })).add((if flags[27] { h[37] } else { QM31::ZERO })).add((if flags[28] { h[38] } else { QM31::ZERO })).add((if flags[29] { h[39] } else { QM31::ZERO })).add((if flags[30] { h[40] } else { QM31::ZERO })).add((if flags[31] { h[41] } else { QM31::ZERO })).add((if flags[32] { h[42] } else { QM31::ZERO })).add((if flags[33] { h[43] } else { QM31::ZERO })).add((if flags[34] { h[44] } else { QM31::ZERO })).add((if flags[35] { h[45] } else { QM31::ZERO })).add((if flags[36] { h[46] } else { QM31::ZERO })).add((if flags[37] { h[47] } else { QM31::ZERO })).add((if flags[38] { h[48] } else { QM31::ZERO })).add((if flags[39] { h[49] } else { QM31::ZERO })).add(if flags[40] { h[50] } else { QM31::ZERO }).add((if flags[41] { h[51] } else { QM31::ZERO })).add((if flags[42] { h[52] } else { QM31::ZERO }));
    |

warning: unnecessary parentheses around method argument
   --> /home/dombarker/project-offloads/aspis-v8-performance-20260908.scS2Jz/crates/aspis-statement/../../docs/research/v8-no-work-100-20260907/experiments/copy_scatter_plan_generated.rs:127:865
    |
127 | ...s[38] { h[48] } else { QM31::ZERO })).add((if flags[39] { h[49] } else { QM31::ZERO })).add((if flags[40] { h[50] } else { QM31:...
    |                                              ^                                          ^
    |
help: remove these parentheses
    |
127 -     scratch[42]=(if flags[2] { h[32] } else { QM31::ZERO }).add((if flags[23] { h[33] } else { QM31::ZERO })).add((if flags[24] { h[34] } else { QM31::ZERO })).add((if flags[25] { h[35] } else { QM31::ZERO })).add((if flags[26] { h[36] } else { QM31::ZERO })).add((if flags[27] { h[37] } else { QM31::ZERO })).add((if flags[28] { h[38] } else { QM31::ZERO })).add((if flags[29] { h[39] } else { QM31::ZERO })).add((if flags[30] { h[40] } else { QM31::ZERO })).add((if flags[31] { h[41] } else { QM31::ZERO })).add((if flags[32] { h[42] } else { QM31::ZERO })).add((if flags[33] { h[43] } else { QM31::ZERO })).add((if flags[34] { h[44] } else { QM31::ZERO })).add((if flags[35] { h[45] } else { QM31::ZERO })).add((if flags[36] { h[46] } else { QM31::ZERO })).add((if flags[37] { h[47] } else { QM31::ZERO })).add((if flags[38] { h[48] } else { QM31::ZERO })).add((if flags[39] { h[49] } else { QM31::ZERO })).add((if flags[40] { h[50] } else { QM31::ZERO })).add((if flags[41] { h[51] } else { QM31::ZERO })).add((if flags[42] { h[52] } else { QM31::ZERO }));
127 +     scratch[42]=(if flags[2] { h[32] } else { QM31::ZERO }).add((if flags[23] { h[33] } else { QM31::ZERO })).add((if flags[24] { h[34] } else { QM31::ZERO })).add((if flags[25] { h[35] } else { QM31::ZERO })).add((if flags[26] { h[36] } else { QM31::ZERO })).add((if flags[27] { h[37] } else { QM31::ZERO })).add((if flags[28] { h[38] } else { QM31::ZERO })).add((if flags[29] { h[39] } else { QM31::ZERO })).add((if flags[30] { h[40] } else { QM31::ZERO })).add((if flags[31] { h[41] } else { QM31::ZERO })).add((if flags[32] { h[42] } else { QM31::ZERO })).add((if flags[33] { h[43] } else { QM31::ZERO })).add((if flags[34] { h[44] } else { QM31::ZERO })).add((if flags[35] { h[45] } else { QM31::ZERO })).add((if flags[36] { h[46] } else { QM31::ZERO })).add((if flags[37] { h[47] } else { QM31::ZERO })).add((if flags[38] { h[48] } else { QM31::ZERO })).add(if flags[39] { h[49] } else { QM31::ZERO }).add((if flags[40] { h[50] } else { QM31::ZERO })).add((if flags[41] { h[51] } else { QM31::ZERO })).add((if flags[42] { h[52] } else { QM31::ZERO }));
    |

warning: unnecessary parentheses around method argument
   --> /home/dombarker/project-offloads/aspis-v8-performance-20260908.scS2Jz/crates/aspis-statement/../../docs/research/v8-no-work-100-20260907/experiments/copy_scatter_plan_generated.rs:127:815
    |
127 | ...s[37] { h[47] } else { QM31::ZERO })).add((if flags[38] { h[48] } else { QM31::ZERO })).add((if flags[39] { h[49] } else { QM31:...
    |                                              ^                                          ^
    |
help: remove these parentheses
    |
127 -     scratch[42]=(if flags[2] { h[32] } else { QM31::ZERO }).add((if flags[23] { h[33] } else { QM31::ZERO })).add((if flags[24] { h[34] } else { QM31::ZERO })).add((if flags[25] { h[35] } else { QM31::ZERO })).add((if flags[26] { h[36] } else { QM31::ZERO })).add((if flags[27] { h[37] } else { QM31::ZERO })).add((if flags[28] { h[38] } else { QM31::ZERO })).add((if flags[29] { h[39] } else { QM31::ZERO })).add((if flags[30] { h[40] } else { QM31::ZERO })).add((if flags[31] { h[41] } else { QM31::ZERO })).add((if flags[32] { h[42] } else { QM31::ZERO })).add((if flags[33] { h[43] } else { QM31::ZERO })).add((if flags[34] { h[44] } else { QM31::ZERO })).add((if flags[35] { h[45] } else { QM31::ZERO })).add((if flags[36] { h[46] } else { QM31::ZERO })).add((if flags[37] { h[47] } else { QM31::ZERO })).add((if flags[38] { h[48] } else { QM31::ZERO })).add((if flags[39] { h[49] } else { QM31::ZERO })).add((if flags[40] { h[50] } else { QM31::ZERO })).add((if flags[41] { h[51] } else { QM31::ZERO })).add((if flags[42] { h[52] } else { QM31::ZERO }));
127 +     scratch[42]=(if flags[2] { h[32] } else { QM31::ZERO }).add((if flags[23] { h[33] } else { QM31::ZERO })).add((if flags[24] { h[34] } else { QM31::ZERO })).add((if flags[25] { h[35] } else { QM31::ZERO })).add((if flags[26] { h[36] } else { QM31::ZERO })).add((if flags[27] { h[37] } else { QM31::ZERO })).add((if flags[28] { h[38] } else { QM31::ZERO })).add((if flags[29] { h[39] } else { QM31::ZERO })).add((if flags[30] { h[40] } else { QM31::ZERO })).add((if flags[31] { h[41] } else { QM31::ZERO })).add((if flags[32] { h[42] } else { QM31::ZERO })).add((if flags[33] { h[43] } else { QM31::ZERO })).add((if flags[34] { h[44] } else { QM31::ZERO })).add((if flags[35] { h[45] } else { QM31::ZERO })).add((if flags[36] { h[46] } else { QM31::ZERO })).add((if flags[37] { h[47] } else { QM31::ZERO })).add(if flags[38] { h[48] } else { QM31::ZERO }).add((if flags[39] { h[49] } else { QM31::ZERO })).add((if flags[40] { h[50] } else { QM31::ZERO })).add((if flags[41] { h[51] } else { QM31::ZERO })).add((if flags[42] { h[52] } else { QM31::ZERO }));
    |

warning: unnecessary parentheses around method argument
   --> /home/dombarker/project-offloads/aspis-v8-performance-20260908.scS2Jz/crates/aspis-statement/../../docs/research/v8-no-work-100-20260907/experiments/copy_scatter_plan_generated.rs:127:765
    |
127 | ...s[36] { h[46] } else { QM31::ZERO })).add((if flags[37] { h[47] } else { QM31::ZERO })).add((if flags[38] { h[48] } else { QM31:...
    |                                              ^                                          ^
    |
help: remove these parentheses
    |
127 -     scratch[42]=(if flags[2] { h[32] } else { QM31::ZERO }).add((if flags[23] { h[33] } else { QM31::ZERO })).add((if flags[24] { h[34] } else { QM31::ZERO })).add((if flags[25] { h[35] } else { QM31::ZERO })).add((if flags[26] { h[36] } else { QM31::ZERO })).add((if flags[27] { h[37] } else { QM31::ZERO })).add((if flags[28] { h[38] } else { QM31::ZERO })).add((if flags[29] { h[39] } else { QM31::ZERO })).add((if flags[30] { h[40] } else { QM31::ZERO })).add((if flags[31] { h[41] } else { QM31::ZERO })).add((if flags[32] { h[42] } else { QM31::ZERO })).add((if flags[33] { h[43] } else { QM31::ZERO })).add((if flags[34] { h[44] } else { QM31::ZERO })).add((if flags[35] { h[45] } else { QM31::ZERO })).add((if flags[36] { h[46] } else { QM31::ZERO })).add((if flags[37] { h[47] } else { QM31::ZERO })).add((if flags[38] { h[48] } else { QM31::ZERO })).add((if flags[39] { h[49] } else { QM31::ZERO })).add((if flags[40] { h[50] } else { QM31::ZERO })).add((if flags[41] { h[51] } else { QM31::ZERO })).add((if flags[42] { h[52] } else { QM31::ZERO }));
127 +     scratch[42]=(if flags[2] { h[32] } else { QM31::ZERO }).add((if flags[23] { h[33] } else { QM31::ZERO })).add((if flags[24] { h[34] } else { QM31::ZERO })).add((if flags[25] { h[35] } else { QM31::ZERO })).add((if flags[26] { h[36] } else { QM31::ZERO })).add((if flags[27] { h[37] } else { QM31::ZERO })).add((if flags[28] { h[38] } else { QM31::ZERO })).add((if flags[29] { h[39] } else { QM31::ZERO })).add((if flags[30] { h[40] } else { QM31::ZERO })).add((if flags[31] { h[41] } else { QM31::ZERO })).add((if flags[32] { h[42] } else { QM31::ZERO })).add((if flags[33] { h[43] } else { QM31::ZERO })).add((if flags[34] { h[44] } else { QM31::ZERO })).add((if flags[35] { h[45] } else { QM31::ZERO })).add((if flags[36] { h[46] } else { QM31::ZERO })).add(if flags[37] { h[47] } else { QM31::ZERO }).add((if flags[38] { h[48] } else { QM31::ZERO })).add((if flags[39] { h[49] } else { QM31::ZERO })).add((if flags[40] { h[50] } else { QM31::ZERO })).add((if flags[41] { h[51] } else { QM31::ZERO })).add((if flags[42] { h[52] } else { QM31::ZERO }));
    |

warning: unnecessary parentheses around method argument
   --> /home/dombarker/project-offloads/aspis-v8-performance-20260908.scS2Jz/crates/aspis-statement/../../docs/research/v8-no-work-100-20260907/experiments/copy_scatter_plan_generated.rs:127:715
    |
127 | ...s[35] { h[45] } else { QM31::ZERO })).add((if flags[36] { h[46] } else { QM31::ZERO })).add((if flags[37] { h[47] } else { QM31:...
    |                                              ^                                          ^
    |
help: remove these parentheses
    |
127 -     scratch[42]=(if flags[2] { h[32] } else { QM31::ZERO }).add((if flags[23] { h[33] } else { QM31::ZERO })).add((if flags[24] { h[34] } else { QM31::ZERO })).add((if flags[25] { h[35] } else { QM31::ZERO })).add((if flags[26] { h[36] } else { QM31::ZERO })).add((if flags[27] { h[37] } else { QM31::ZERO })).add((if flags[28] { h[38] } else { QM31::ZERO })).add((if flags[29] { h[39] } else { QM31::ZERO })).add((if flags[30] { h[40] } else { QM31::ZERO })).add((if flags[31] { h[41] } else { QM31::ZERO })).add((if flags[32] { h[42] } else { QM31::ZERO })).add((if flags[33] { h[43] } else { QM31::ZERO })).add((if flags[34] { h[44] } else { QM31::ZERO })).add((if flags[35] { h[45] } else { QM31::ZERO })).add((if flags[36] { h[46] } else { QM31::ZERO })).add((if flags[37] { h[47] } else { QM31::ZERO })).add((if flags[38] { h[48] } else { QM31::ZERO })).add((if flags[39] { h[49] } else { QM31::ZERO })).add((if flags[40] { h[50] } else { QM31::ZERO })).add((if flags[41] { h[51] } else { QM31::ZERO })).add((if flags[42] { h[52] } else { QM31::ZERO }));
127 +     scratch[42]=(if flags[2] { h[32] } else { QM31::ZERO }).add((if flags[23] { h[33] } else { QM31::ZERO })).add((if flags[24] { h[34] } else { QM31::ZERO })).add((if flags[25] { h[35] } else { QM31::ZERO })).add((if flags[26] { h[36] } else { QM31::ZERO })).add((if flags[27] { h[37] } else { QM31::ZERO })).add((if flags[28] { h[38] } else { QM31::ZERO })).add((if flags[29] { h[39] } else { QM31::ZERO })).add((if flags[30] { h[40] } else { QM31::ZERO })).add((if flags[31] { h[41] } else { QM31::ZERO })).add((if flags[32] { h[42] } else { QM31::ZERO })).add((if flags[33] { h[43] } else { QM31::ZERO })).add((if flags[34] { h[44] } else { QM31::ZERO })).add((if flags[35] { h[45] } else { QM31::ZERO })).add(if flags[36] { h[46] } else { QM31::ZERO }).add((if flags[37] { h[47] } else { QM31::ZERO })).add((if flags[38] { h[48] } else { QM31::ZERO })).add((if flags[39] { h[49] } else { QM31::ZERO })).add((if flags[40] { h[50] } else { QM31::ZERO })).add((if flags[41] { h[51] } else { QM31::ZERO })).add((if flags[42] { h[52] } else { QM31::ZERO }));
    |

warning: unnecessary parentheses around method argument
   --> /home/dombarker/project-offloads/aspis-v8-performance-20260908.scS2Jz/crates/aspis-statement/../../docs/research/v8-no-work-100-20260907/experiments/copy_scatter_plan_generated.rs:127:665
    |
127 | ...s[34] { h[44] } else { QM31::ZERO })).add((if flags[35] { h[45] } else { QM31::ZERO })).add((if flags[36] { h[46] } else { QM31:...
    |                                              ^                                          ^
    |
help: remove these parentheses
    |
127 -     scratch[42]=(if flags[2] { h[32] } else { QM31::ZERO }).add((if flags[23] { h[33] } else { QM31::ZERO })).add((if flags[24] { h[34] } else { QM31::ZERO })).add((if flags[25] { h[35] } else { QM31::ZERO })).add((if flags[26] { h[36] } else { QM31::ZERO })).add((if flags[27] { h[37] } else { QM31::ZERO })).add((if flags[28] { h[38] } else { QM31::ZERO })).add((if flags[29] { h[39] } else { QM31::ZERO })).add((if flags[30] { h[40] } else { QM31::ZERO })).add((if flags[31] { h[41] } else { QM31::ZERO })).add((if flags[32] { h[42] } else { QM31::ZERO })).add((if flags[33] { h[43] } else { QM31::ZERO })).add((if flags[34] { h[44] } else { QM31::ZERO })).add((if flags[35] { h[45] } else { QM31::ZERO })).add((if flags[36] { h[46] } else { QM31::ZERO })).add((if flags[37] { h[47] } else { QM31::ZERO })).add((if flags[38] { h[48] } else { QM31::ZERO })).add((if flags[39] { h[49] } else { QM31::ZERO })).add((if flags[40] { h[50] } else { QM31::ZERO })).add((if flags[41] { h[51] } else { QM31::ZERO })).add((if flags[42] { h[52] } else { QM31::ZERO }));
127 +     scratch[42]=(if flags[2] { h[32] } else { QM31::ZERO }).add((if flags[23] { h[33] } else { QM31::ZERO })).add((if flags[24] { h[34] } else { QM31::ZERO })).add((if flags[25] { h[35] } else { QM31::ZERO })).add((if flags[26] { h[36] } else { QM31::ZERO })).add((if flags[27] { h[37] } else { QM31::ZERO })).add((if flags[28] { h[38] } else { QM31::ZERO })).add((if flags[29] { h[39] } else { QM31::ZERO })).add((if flags[30] { h[40] } else { QM31::ZERO })).add((if flags[31] { h[41] } else { QM31::ZERO })).add((if flags[32] { h[42] } else { QM31::ZERO })).add((if flags[33] { h[43] } else { QM31::ZERO })).add((if flags[34] { h[44] } else { QM31::ZERO })).add(if flags[35] { h[45] } else { QM31::ZERO }).add((if flags[36] { h[46] } else { QM31::ZERO })).add((if flags[37] { h[47] } else { QM31::ZERO })).add((if flags[38] { h[48] } else { QM31::ZERO })).add((if flags[39] { h[49] } else { QM31::ZERO })).add((if flags[40] { h[50] } else { QM31::ZERO })).add((if flags[41] { h[51] } else { QM31::ZERO })).add((if flags[42] { h[52] } else { QM31::ZERO }));
    |

warning: unnecessary parentheses around method argument
   --> /home/dombarker/project-offloads/aspis-v8-performance-20260908.scS2Jz/crates/aspis-statement/../../docs/research/v8-no-work-100-20260907/experiments/copy_scatter_plan_generated.rs:127:615
    |
127 | ...s[33] { h[43] } else { QM31::ZERO })).add((if flags[34] { h[44] } else { QM31::ZERO })).add((if flags[35] { h[45] } else { QM31:...
    |                                              ^                                          ^
    |
help: remove these parentheses
    |
127 -     scratch[42]=(if flags[2] { h[32] } else { QM31::ZERO }).add((if flags[23] { h[33] } else { QM31::ZERO })).add((if flags[24] { h[34] } else { QM31::ZERO })).add((if flags[25] { h[35] } else { QM31::ZERO })).add((if flags[26] { h[36] } else { QM31::ZERO })).add((if flags[27] { h[37] } else { QM31::ZERO })).add((if flags[28] { h[38] } else { QM31::ZERO })).add((if flags[29] { h[39] } else { QM31::ZERO })).add((if flags[30] { h[40] } else { QM31::ZERO })).add((if flags[31] { h[41] } else { QM31::ZERO })).add((if flags[32] { h[42] } else { QM31::ZERO })).add((if flags[33] { h[43] } else { QM31::ZERO })).add((if flags[34] { h[44] } else { QM31::ZERO })).add((if flags[35] { h[45] } else { QM31::ZERO })).add((if flags[36] { h[46] } else { QM31::ZERO })).add((if flags[37] { h[47] } else { QM31::ZERO })).add((if flags[38] { h[48] } else { QM31::ZERO })).add((if flags[39] { h[49] } else { QM31::ZERO })).add((if flags[40] { h[50] } else { QM31::ZERO })).add((if flags[41] { h[51] } else { QM31::ZERO })).add((if flags[42] { h[52] } else { QM31::ZERO }));
127 +     scratch[42]=(if flags[2] { h[32] } else { QM31::ZERO }).add((if flags[23] { h[33] } else { QM31::ZERO })).add((if flags[24] { h[34] } else { QM31::ZERO })).add((if flags[25] { h[35] } else { QM31::ZERO })).add((if flags[26] { h[36] } else { QM31::ZERO })).add((if flags[27] { h[37] } else { QM31::ZERO })).add((if flags[28] { h[38] } else { QM31::ZERO })).add((if flags[29] { h[39] } else { QM31::ZERO })).add((if flags[30] { h[40] } else { QM31::ZERO })).add((if flags[31] { h[41] } else { QM31::ZERO })).add((if flags[32] { h[42] } else { QM31::ZERO })).add((if flags[33] { h[43] } else { QM31::ZERO })).add(if flags[34] { h[44] } else { QM31::ZERO }).add((if flags[35] { h[45] } else { QM31::ZERO })).add((if flags[36] { h[46] } else { QM31::ZERO })).add((if flags[37] { h[47] } else { QM31::ZERO })).add((if flags[38] { h[48] } else { QM31::ZERO })).add((if flags[39] { h[49] } else { QM31::ZERO })).add((if flags[40] { h[50] } else { QM31::ZERO })).add((if flags[41] { h[51] } else { QM31::ZERO })).add((if flags[42] { h[52] } else { QM31::ZERO }));
    |

warning: unnecessary parentheses around method argument
   --> /home/dombarker/project-offloads/aspis-v8-performance-20260908.scS2Jz/crates/aspis-statement/../../docs/research/v8-no-work-100-20260907/experiments/copy_scatter_plan_generated.rs:127:565
    |
127 | ...s[32] { h[42] } else { QM31::ZERO })).add((if flags[33] { h[43] } else { QM31::ZERO })).add((if flags[34] { h[44] } else { QM31:...
    |                                              ^                                          ^
    |
help: remove these parentheses
    |
127 -     scratch[42]=(if flags[2] { h[32] } else { QM31::ZERO }).add((if flags[23] { h[33] } else { QM31::ZERO })).add((if flags[24] { h[34] } else { QM31::ZERO })).add((if flags[25] { h[35] } else { QM31::ZERO })).add((if flags[26] { h[36] } else { QM31::ZERO })).add((if flags[27] { h[37] } else { QM31::ZERO })).add((if flags[28] { h[38] } else { QM31::ZERO })).add((if flags[29] { h[39] } else { QM31::ZERO })).add((if flags[30] { h[40] } else { QM31::ZERO })).add((if flags[31] { h[41] } else { QM31::ZERO })).add((if flags[32] { h[42] } else { QM31::ZERO })).add((if flags[33] { h[43] } else { QM31::ZERO })).add((if flags[34] { h[44] } else { QM31::ZERO })).add((if flags[35] { h[45] } else { QM31::ZERO })).add((if flags[36] { h[46] } else { QM31::ZERO })).add((if flags[37] { h[47] } else { QM31::ZERO })).add((if flags[38] { h[48] } else { QM31::ZERO })).add((if flags[39] { h[49] } else { QM31::ZERO })).add((if flags[40] { h[50] } else { QM31::ZERO })).add((if flags[41] { h[51] } else { QM31::ZERO })).add((if flags[42] { h[52] } else { QM31::ZERO }));
127 +     scratch[42]=(if flags[2] { h[32] } else { QM31::ZERO }).add((if flags[23] { h[33] } else { QM31::ZERO })).add((if flags[24] { h[34] } else { QM31::ZERO })).add((if flags[25] { h[35] } else { QM31::ZERO })).add((if flags[26] { h[36] } else { QM31::ZERO })).add((if flags[27] { h[37] } else { QM31::ZERO })).add((if flags[28] { h[38] } else { QM31::ZERO })).add((if flags[29] { h[39] } else { QM31::ZERO })).add((if flags[30] { h[40] } else { QM31::ZERO })).add((if flags[31] { h[41] } else { QM31::ZERO })).add((if flags[32] { h[42] } else { QM31::ZERO })).add(if flags[33] { h[43] } else { QM31::ZERO }).add((if flags[34] { h[44] } else { QM31::ZERO })).add((if flags[35] { h[45] } else { QM31::ZERO })).add((if flags[36] { h[46] } else { QM31::ZERO })).add((if flags[37] { h[47] } else { QM31::ZERO })).add((if flags[38] { h[48] } else { QM31::ZERO })).add((if flags[39] { h[49] } else { QM31::ZERO })).add((if flags[40] { h[50] } else { QM31::ZERO })).add((if flags[41] { h[51] } else { QM31::ZERO })).add((if flags[42] { h[52] } else { QM31::ZERO }));
    |

warning: unnecessary parentheses around method argument
   --> /home/dombarker/project-offloads/aspis-v8-performance-20260908.scS2Jz/crates/aspis-statement/../../docs/research/v8-no-work-100-20260907/experiments/copy_scatter_plan_generated.rs:127:515
    |
127 | ...s[31] { h[41] } else { QM31::ZERO })).add((if flags[32] { h[42] } else { QM31::ZERO })).add((if flags[33] { h[43] } else { QM31:...
    |                                              ^                                          ^
    |
help: remove these parentheses
    |
127 -     scratch[42]=(if flags[2] { h[32] } else { QM31::ZERO }).add((if flags[23] { h[33] } else { QM31::ZERO })).add((if flags[24] { h[34] } else { QM31::ZERO })).add((if flags[25] { h[35] } else { QM31::ZERO })).add((if flags[26] { h[36] } else { QM31::ZERO })).add((if flags[27] { h[37] } else { QM31::ZERO })).add((if flags[28] { h[38] } else { QM31::ZERO })).add((if flags[29] { h[39] } else { QM31::ZERO })).add((if flags[30] { h[40] } else { QM31::ZERO })).add((if flags[31] { h[41] } else { QM31::ZERO })).add((if flags[32] { h[42] } else { QM31::ZERO })).add((if flags[33] { h[43] } else { QM31::ZERO })).add((if flags[34] { h[44] } else { QM31::ZERO })).add((if flags[35] { h[45] } else { QM31::ZERO })).add((if flags[36] { h[46] } else { QM31::ZERO })).add((if flags[37] { h[47] } else { QM31::ZERO })).add((if flags[38] { h[48] } else { QM31::ZERO })).add((if flags[39] { h[49] } else { QM31::ZERO })).add((if flags[40] { h[50] } else { QM31::ZERO })).add((if flags[41] { h[51] } else { QM31::ZERO })).add((if flags[42] { h[52] } else { QM31::ZERO }));
127 +     scratch[42]=(if flags[2] { h[32] } else { QM31::ZERO }).add((if flags[23] { h[33] } else { QM31::ZERO })).add((if flags[24] { h[34] } else { QM31::ZERO })).add((if flags[25] { h[35] } else { QM31::ZERO })).add((if flags[26] { h[36] } else { QM31::ZERO })).add((if flags[27] { h[37] } else { QM31::ZERO })).add((if flags[28] { h[38] } else { QM31::ZERO })).add((if flags[29] { h[39] } else { QM31::ZERO })).add((if flags[30] { h[40] } else { QM31::ZERO })).add((if flags[31] { h[41] } else { QM31::ZERO })).add(if flags[32] { h[42] } else { QM31::ZERO }).add((if flags[33] { h[43] } else { QM31::ZERO })).add((if flags[34] { h[44] } else { QM31::ZERO })).add((if flags[35] { h[45] } else { QM31::ZERO })).add((if flags[36] { h[46] } else { QM31::ZERO })).add((if flags[37] { h[47] } else { QM31::ZERO })).add((if flags[38] { h[48] } else { QM31::ZERO })).add((if flags[39] { h[49] } else { QM31::ZERO })).add((if flags[40] { h[50] } else { QM31::ZERO })).add((if flags[41] { h[51] } else { QM31::ZERO })).add((if flags[42] { h[52] } else { QM31::ZERO }));
    |

warning: unnecessary parentheses around method argument
   --> /home/dombarker/project-offloads/aspis-v8-performance-20260908.scS2Jz/crates/aspis-statement/../../docs/research/v8-no-work-100-20260907/experiments/copy_scatter_plan_generated.rs:127:465
    |
127 | ...s[30] { h[40] } else { QM31::ZERO })).add((if flags[31] { h[41] } else { QM31::ZERO })).add((if flags[32] { h[42] } else { QM31:...
    |                                              ^                                          ^
    |
help: remove these parentheses
    |
127 -     scratch[42]=(if flags[2] { h[32] } else { QM31::ZERO }).add((if flags[23] { h[33] } else { QM31::ZERO })).add((if flags[24] { h[34] } else { QM31::ZERO })).add((if flags[25] { h[35] } else { QM31::ZERO })).add((if flags[26] { h[36] } else { QM31::ZERO })).add((if flags[27] { h[37] } else { QM31::ZERO })).add((if flags[28] { h[38] } else { QM31::ZERO })).add((if flags[29] { h[39] } else { QM31::ZERO })).add((if flags[30] { h[40] } else { QM31::ZERO })).add((if flags[31] { h[41] } else { QM31::ZERO })).add((if flags[32] { h[42] } else { QM31::ZERO })).add((if flags[33] { h[43] } else { QM31::ZERO })).add((if flags[34] { h[44] } else { QM31::ZERO })).add((if flags[35] { h[45] } else { QM31::ZERO })).add((if flags[36] { h[46] } else { QM31::ZERO })).add((if flags[37] { h[47] } else { QM31::ZERO })).add((if flags[38] { h[48] } else { QM31::ZERO })).add((if flags[39] { h[49] } else { QM31::ZERO })).add((if flags[40] { h[50] } else { QM31::ZERO })).add((if flags[41] { h[51] } else { QM31::ZERO })).add((if flags[42] { h[52] } else { QM31::ZERO }));
127 +     scratch[42]=(if flags[2] { h[32] } else { QM31::ZERO }).add((if flags[23] { h[33] } else { QM31::ZERO })).add((if flags[24] { h[34] } else { QM31::ZERO })).add((if flags[25] { h[35] } else { QM31::ZERO })).add((if flags[26] { h[36] } else { QM31::ZERO })).add((if flags[27] { h[37] } else { QM31::ZERO })).add((if flags[28] { h[38] } else { QM31::ZERO })).add((if flags[29] { h[39] } else { QM31::ZERO })).add((if flags[30] { h[40] } else { QM31::ZERO })).add(if flags[31] { h[41] } else { QM31::ZERO }).add((if flags[32] { h[42] } else { QM31::ZERO })).add((if flags[33] { h[43] } else { QM31::ZERO })).add((if flags[34] { h[44] } else { QM31::ZERO })).add((if flags[35] { h[45] } else { QM31::ZERO })).add((if flags[36] { h[46] } else { QM31::ZERO })).add((if flags[37] { h[47] } else { QM31::ZERO })).add((if flags[38] { h[48] } else { QM31::ZERO })).add((if flags[39] { h[49] } else { QM31::ZERO })).add((if flags[40] { h[50] } else { QM31::ZERO })).add((if flags[41] { h[51] } else { QM31::ZERO })).add((if flags[42] { h[52] } else { QM31::ZERO }));
    |

warning: unnecessary parentheses around method argument
   --> /home/dombarker/project-offloads/aspis-v8-performance-20260908.scS2Jz/crates/aspis-statement/../../docs/research/v8-no-work-100-20260907/experiments/copy_scatter_plan_generated.rs:127:415
    |
127 | ...s[29] { h[39] } else { QM31::ZERO })).add((if flags[30] { h[40] } else { QM31::ZERO })).add((if flags[31] { h[41] } else { QM31:...
    |                                              ^                                          ^
    |
help: remove these parentheses
    |
127 -     scratch[42]=(if flags[2] { h[32] } else { QM31::ZERO }).add((if flags[23] { h[33] } else { QM31::ZERO })).add((if flags[24] { h[34] } else { QM31::ZERO })).add((if flags[25] { h[35] } else { QM31::ZERO })).add((if flags[26] { h[36] } else { QM31::ZERO })).add((if flags[27] { h[37] } else { QM31::ZERO })).add((if flags[28] { h[38] } else { QM31::ZERO })).add((if flags[29] { h[39] } else { QM31::ZERO })).add((if flags[30] { h[40] } else { QM31::ZERO })).add((if flags[31] { h[41] } else { QM31::ZERO })).add((if flags[32] { h[42] } else { QM31::ZERO })).add((if flags[33] { h[43] } else { QM31::ZERO })).add((if flags[34] { h[44] } else { QM31::ZERO })).add((if flags[35] { h[45] } else { QM31::ZERO })).add((if flags[36] { h[46] } else { QM31::ZERO })).add((if flags[37] { h[47] } else { QM31::ZERO })).add((if flags[38] { h[48] } else { QM31::ZERO })).add((if flags[39] { h[49] } else { QM31::ZERO })).add((if flags[40] { h[50] } else { QM31::ZERO })).add((if flags[41] { h[51] } else { QM31::ZERO })).add((if flags[42] { h[52] } else { QM31::ZERO }));
127 +     scratch[42]=(if flags[2] { h[32] } else { QM31::ZERO }).add((if flags[23] { h[33] } else { QM31::ZERO })).add((if flags[24] { h[34] } else { QM31::ZERO })).add((if flags[25] { h[35] } else { QM31::ZERO })).add((if flags[26] { h[36] } else { QM31::ZERO })).add((if flags[27] { h[37] } else { QM31::ZERO })).add((if flags[28] { h[38] } else { QM31::ZERO })).add((if flags[29] { h[39] } else { QM31::ZERO })).add(if flags[30] { h[40] } else { QM31::ZERO }).add((if flags[31] { h[41] } else { QM31::ZERO })).add((if flags[32] { h[42] } else { QM31::ZERO })).add((if flags[33] { h[43] } else { QM31::ZERO })).add((if flags[34] { h[44] } else { QM31::ZERO })).add((if flags[35] { h[45] } else { QM31::ZERO })).add((if flags[36] { h[46] } else { QM31::ZERO })).add((if flags[37] { h[47] } else { QM31::ZERO })).add((if flags[38] { h[48] } else { QM31::ZERO })).add((if flags[39] { h[49] } else { QM31::ZERO })).add((if flags[40] { h[50] } else { QM31::ZERO })).add((if flags[41] { h[51] } else { QM31::ZERO })).add((if flags[42] { h[52] } else { QM31::ZERO }));
    |

warning: unnecessary parentheses around method argument
   --> /home/dombarker/project-offloads/aspis-v8-performance-20260908.scS2Jz/crates/aspis-statement/../../docs/research/v8-no-work-100-20260907/experiments/copy_scatter_plan_generated.rs:127:365
    |
127 | ...s[28] { h[38] } else { QM31::ZERO })).add((if flags[29] { h[39] } else { QM31::ZERO })).add((if flags[30] { h[40] } else { QM31:...
    |                                              ^                                          ^
    |
help: remove these parentheses
    |
127 -     scratch[42]=(if flags[2] { h[32] } else { QM31::ZERO }).add((if flags[23] { h[33] } else { QM31::ZERO })).add((if flags[24] { h[34] } else { QM31::ZERO })).add((if flags[25] { h[35] } else { QM31::ZERO })).add((if flags[26] { h[36] } else { QM31::ZERO })).add((if flags[27] { h[37] } else { QM31::ZERO })).add((if flags[28] { h[38] } else { QM31::ZERO })).add((if flags[29] { h[39] } else { QM31::ZERO })).add((if flags[30] { h[40] } else { QM31::ZERO })).add((if flags[31] { h[41] } else { QM31::ZERO })).add((if flags[32] { h[42] } else { QM31::ZERO })).add((if flags[33] { h[43] } else { QM31::ZERO })).add((if flags[34] { h[44] } else { QM31::ZERO })).add((if flags[35] { h[45] } else { QM31::ZERO })).add((if flags[36] { h[46] } else { QM31::ZERO })).add((if flags[37] { h[47] } else { QM31::ZERO })).add((if flags[38] { h[48] } else { QM31::ZERO })).add((if flags[39] { h[49] } else { QM31::ZERO })).add((if flags[40] { h[50] } else { QM31::ZERO })).add((if flags[41] { h[51] } else { QM31::ZERO })).add((if flags[42] { h[52] } else { QM31::ZERO }));
127 +     scratch[42]=(if flags[2] { h[32] } else { QM31::ZERO }).add((if flags[23] { h[33] } else { QM31::ZERO })).add((if flags[24] { h[34] } else { QM31::ZERO })).add((if flags[25] { h[35] } else { QM31::ZERO })).add((if flags[26] { h[36] } else { QM31::ZERO })).add((if flags[27] { h[37] } else { QM31::ZERO })).add((if flags[28] { h[38] } else { QM31::ZERO })).add(if flags[29] { h[39] } else { QM31::ZERO }).add((if flags[30] { h[40] } else { QM31::ZERO })).add((if flags[31] { h[41] } else { QM31::ZERO })).add((if flags[32] { h[42] } else { QM31::ZERO })).add((if flags[33] { h[43] } else { QM31::ZERO })).add((if flags[34] { h[44] } else { QM31::ZERO })).add((if flags[35] { h[45] } else { QM31::ZERO })).add((if flags[36] { h[46] } else { QM31::ZERO })).add((if flags[37] { h[47] } else { QM31::ZERO })).add((if flags[38] { h[48] } else { QM31::ZERO })).add((if flags[39] { h[49] } else { QM31::ZERO })).add((if flags[40] { h[50] } else { QM31::ZERO })).add((if flags[41] { h[51] } else { QM31::ZERO })).add((if flags[42] { h[52] } else { QM31::ZERO }));
    |

warning: unnecessary parentheses around method argument
   --> /home/dombarker/project-offloads/aspis-v8-performance-20260908.scS2Jz/crates/aspis-statement/../../docs/research/v8-no-work-100-20260907/experiments/copy_scatter_plan_generated.rs:127:315
    |
127 | ...s[27] { h[37] } else { QM31::ZERO })).add((if flags[28] { h[38] } else { QM31::ZERO })).add((if flags[29] { h[39] } else { QM31:...
    |                                              ^                                          ^
    |
help: remove these parentheses
    |
127 -     scratch[42]=(if flags[2] { h[32] } else { QM31::ZERO }).add((if flags[23] { h[33] } else { QM31::ZERO })).add((if flags[24] { h[34] } else { QM31::ZERO })).add((if flags[25] { h[35] } else { QM31::ZERO })).add((if flags[26] { h[36] } else { QM31::ZERO })).add((if flags[27] { h[37] } else { QM31::ZERO })).add((if flags[28] { h[38] } else { QM31::ZERO })).add((if flags[29] { h[39] } else { QM31::ZERO })).add((if flags[30] { h[40] } else { QM31::ZERO })).add((if flags[31] { h[41] } else { QM31::ZERO })).add((if flags[32] { h[42] } else { QM31::ZERO })).add((if flags[33] { h[43] } else { QM31::ZERO })).add((if flags[34] { h[44] } else { QM31::ZERO })).add((if flags[35] { h[45] } else { QM31::ZERO })).add((if flags[36] { h[46] } else { QM31::ZERO })).add((if flags[37] { h[47] } else { QM31::ZERO })).add((if flags[38] { h[48] } else { QM31::ZERO })).add((if flags[39] { h[49] } else { QM31::ZERO })).add((if flags[40] { h[50] } else { QM31::ZERO })).add((if flags[41] { h[51] } else { QM31::ZERO })).add((if flags[42] { h[52] } else { QM31::ZERO }));
127 +     scratch[42]=(if flags[2] { h[32] } else { QM31::ZERO }).add((if flags[23] { h[33] } else { QM31::ZERO })).add((if flags[24] { h[34] } else { QM31::ZERO })).add((if flags[25] { h[35] } else { QM31::ZERO })).add((if flags[26] { h[36] } else { QM31::ZERO })).add((if flags[27] { h[37] } else { QM31::ZERO })).add(if flags[28] { h[38] } else { QM31::ZERO }).add((if flags[29] { h[39] } else { QM31::ZERO })).add((if flags[30] { h[40] } else { QM31::ZERO })).add((if flags[31] { h[41] } else { QM31::ZERO })).add((if flags[32] { h[42] } else { QM31::ZERO })).add((if flags[33] { h[43] } else { QM31::ZERO })).add((if flags[34] { h[44] } else { QM31::ZERO })).add((if flags[35] { h[45] } else { QM31::ZERO })).add((if flags[36] { h[46] } else { QM31::ZERO })).add((if flags[37] { h[47] } else { QM31::ZERO })).add((if flags[38] { h[48] } else { QM31::ZERO })).add((if flags[39] { h[49] } else { QM31::ZERO })).add((if flags[40] { h[50] } else { QM31::ZERO })).add((if flags[41] { h[51] } else { QM31::ZERO })).add((if flags[42] { h[52] } else { QM31::ZERO }));
    |

warning: unnecessary parentheses around method argument
   --> /home/dombarker/project-offloads/aspis-v8-performance-20260908.scS2Jz/crates/aspis-statement/../../docs/research/v8-no-work-100-20260907/experiments/copy_scatter_plan_generated.rs:127:265
    |
127 | ...s[26] { h[36] } else { QM31::ZERO })).add((if flags[27] { h[37] } else { QM31::ZERO })).add((if flags[28] { h[38] } else { QM31:...
    |                                              ^                                          ^
    |
help: remove these parentheses
    |
127 -     scratch[42]=(if flags[2] { h[32] } else { QM31::ZERO }).add((if flags[23] { h[33] } else { QM31::ZERO })).add((if flags[24] { h[34] } else { QM31::ZERO })).add((if flags[25] { h[35] } else { QM31::ZERO })).add((if flags[26] { h[36] } else { QM31::ZERO })).add((if flags[27] { h[37] } else { QM31::ZERO })).add((if flags[28] { h[38] } else { QM31::ZERO })).add((if flags[29] { h[39] } else { QM31::ZERO })).add((if flags[30] { h[40] } else { QM31::ZERO })).add((if flags[31] { h[41] } else { QM31::ZERO })).add((if flags[32] { h[42] } else { QM31::ZERO })).add((if flags[33] { h[43] } else { QM31::ZERO })).add((if flags[34] { h[44] } else { QM31::ZERO })).add((if flags[35] { h[45] } else { QM31::ZERO })).add((if flags[36] { h[46] } else { QM31::ZERO })).add((if flags[37] { h[47] } else { QM31::ZERO })).add((if flags[38] { h[48] } else { QM31::ZERO })).add((if flags[39] { h[49] } else { QM31::ZERO })).add((if flags[40] { h[50] } else { QM31::ZERO })).add((if flags[41] { h[51] } else { QM31::ZERO })).add((if flags[42] { h[52] } else { QM31::ZERO }));
127 +     scratch[42]=(if flags[2] { h[32] } else { QM31::ZERO }).add((if flags[23] { h[33] } else { QM31::ZERO })).add((if flags[24] { h[34] } else { QM31::ZERO })).add((if flags[25] { h[35] } else { QM31::ZERO })).add((if flags[26] { h[36] } else { QM31::ZERO })).add(if flags[27] { h[37] } else { QM31::ZERO }).add((if flags[28] { h[38] } else { QM31::ZERO })).add((if flags[29] { h[39] } else { QM31::ZERO })).add((if flags[30] { h[40] } else { QM31::ZERO })).add((if flags[31] { h[41] } else { QM31::ZERO })).add((if flags[32] { h[42] } else { QM31::ZERO })).add((if flags[33] { h[43] } else { QM31::ZERO })).add((if flags[34] { h[44] } else { QM31::ZERO })).add((if flags[35] { h[45] } else { QM31::ZERO })).add((if flags[36] { h[46] } else { QM31::ZERO })).add((if flags[37] { h[47] } else { QM31::ZERO })).add((if flags[38] { h[48] } else { QM31::ZERO })).add((if flags[39] { h[49] } else { QM31::ZERO })).add((if flags[40] { h[50] } else { QM31::ZERO })).add((if flags[41] { h[51] } else { QM31::ZERO })).add((if flags[42] { h[52] } else { QM31::ZERO }));
    |

warning: unnecessary parentheses around method argument
   --> /home/dombarker/project-offloads/aspis-v8-performance-20260908.scS2Jz/crates/aspis-statement/../../docs/research/v8-no-work-100-20260907/experiments/copy_scatter_plan_generated.rs:127:215
    |
127 | ...s[25] { h[35] } else { QM31::ZERO })).add((if flags[26] { h[36] } else { QM31::ZERO })).add((if flags[27] { h[37] } else { QM31:...
    |                                              ^                                          ^
    |
help: remove these parentheses
    |
127 -     scratch[42]=(if flags[2] { h[32] } else { QM31::ZERO }).add((if flags[23] { h[33] } else { QM31::ZERO })).add((if flags[24] { h[34] } else { QM31::ZERO })).add((if flags[25] { h[35] } else { QM31::ZERO })).add((if flags[26] { h[36] } else { QM31::ZERO })).add((if flags[27] { h[37] } else { QM31::ZERO })).add((if flags[28] { h[38] } else { QM31::ZERO })).add((if flags[29] { h[39] } else { QM31::ZERO })).add((if flags[30] { h[40] } else { QM31::ZERO })).add((if flags[31] { h[41] } else { QM31::ZERO })).add((if flags[32] { h[42] } else { QM31::ZERO })).add((if flags[33] { h[43] } else { QM31::ZERO })).add((if flags[34] { h[44] } else { QM31::ZERO })).add((if flags[35] { h[45] } else { QM31::ZERO })).add((if flags[36] { h[46] } else { QM31::ZERO })).add((if flags[37] { h[47] } else { QM31::ZERO })).add((if flags[38] { h[48] } else { QM31::ZERO })).add((if flags[39] { h[49] } else { QM31::ZERO })).add((if flags[40] { h[50] } else { QM31::ZERO })).add((if flags[41] { h[51] } else { QM31::ZERO })).add((if flags[42] { h[52] } else { QM31::ZERO }));
127 +     scratch[42]=(if flags[2] { h[32] } else { QM31::ZERO }).add((if flags[23] { h[33] } else { QM31::ZERO })).add((if flags[24] { h[34] } else { QM31::ZERO })).add((if flags[25] { h[35] } else { QM31::ZERO })).add(if flags[26] { h[36] } else { QM31::ZERO }).add((if flags[27] { h[37] } else { QM31::ZERO })).add((if flags[28] { h[38] } else { QM31::ZERO })).add((if flags[29] { h[39] } else { QM31::ZERO })).add((if flags[30] { h[40] } else { QM31::ZERO })).add((if flags[31] { h[41] } else { QM31::ZERO })).add((if flags[32] { h[42] } else { QM31::ZERO })).add((if flags[33] { h[43] } else { QM31::ZERO })).add((if flags[34] { h[44] } else { QM31::ZERO })).add((if flags[35] { h[45] } else { QM31::ZERO })).add((if flags[36] { h[46] } else { QM31::ZERO })).add((if flags[37] { h[47] } else { QM31::ZERO })).add((if flags[38] { h[48] } else { QM31::ZERO })).add((if flags[39] { h[49] } else { QM31::ZERO })).add((if flags[40] { h[50] } else { QM31::ZERO })).add((if flags[41] { h[51] } else { QM31::ZERO })).add((if flags[42] { h[52] } else { QM31::ZERO }));
    |

warning: unnecessary parentheses around method argument
   --> /home/dombarker/project-offloads/aspis-v8-performance-20260908.scS2Jz/crates/aspis-statement/../../docs/research/v8-no-work-100-20260907/experiments/copy_scatter_plan_generated.rs:127:165
    |
127 | ...s[24] { h[34] } else { QM31::ZERO })).add((if flags[25] { h[35] } else { QM31::ZERO })).add((if flags[26] { h[36] } else { QM31:...
    |                                              ^                                          ^
    |
help: remove these parentheses
    |
127 -     scratch[42]=(if flags[2] { h[32] } else { QM31::ZERO }).add((if flags[23] { h[33] } else { QM31::ZERO })).add((if flags[24] { h[34] } else { QM31::ZERO })).add((if flags[25] { h[35] } else { QM31::ZERO })).add((if flags[26] { h[36] } else { QM31::ZERO })).add((if flags[27] { h[37] } else { QM31::ZERO })).add((if flags[28] { h[38] } else { QM31::ZERO })).add((if flags[29] { h[39] } else { QM31::ZERO })).add((if flags[30] { h[40] } else { QM31::ZERO })).add((if flags[31] { h[41] } else { QM31::ZERO })).add((if flags[32] { h[42] } else { QM31::ZERO })).add((if flags[33] { h[43] } else { QM31::ZERO })).add((if flags[34] { h[44] } else { QM31::ZERO })).add((if flags[35] { h[45] } else { QM31::ZERO })).add((if flags[36] { h[46] } else { QM31::ZERO })).add((if flags[37] { h[47] } else { QM31::ZERO })).add((if flags[38] { h[48] } else { QM31::ZERO })).add((if flags[39] { h[49] } else { QM31::ZERO })).add((if flags[40] { h[50] } else { QM31::ZERO })).add((if flags[41] { h[51] } else { QM31::ZERO })).add((if flags[42] { h[52] } else { QM31::ZERO }));
127 +     scratch[42]=(if flags[2] { h[32] } else { QM31::ZERO }).add((if flags[23] { h[33] } else { QM31::ZERO })).add((if flags[24] { h[34] } else { QM31::ZERO })).add(if flags[25] { h[35] } else { QM31::ZERO }).add((if flags[26] { h[36] } else { QM31::ZERO })).add((if flags[27] { h[37] } else { QM31::ZERO })).add((if flags[28] { h[38] } else { QM31::ZERO })).add((if flags[29] { h[39] } else { QM31::ZERO })).add((if flags[30] { h[40] } else { QM31::ZERO })).add((if flags[31] { h[41] } else { QM31::ZERO })).add((if flags[32] { h[42] } else { QM31::ZERO })).add((if flags[33] { h[43] } else { QM31::ZERO })).add((if flags[34] { h[44] } else { QM31::ZERO })).add((if flags[35] { h[45] } else { QM31::ZERO })).add((if flags[36] { h[46] } else { QM31::ZERO })).add((if flags[37] { h[47] } else { QM31::ZERO })).add((if flags[38] { h[48] } else { QM31::ZERO })).add((if flags[39] { h[49] } else { QM31::ZERO })).add((if flags[40] { h[50] } else { QM31::ZERO })).add((if flags[41] { h[51] } else { QM31::ZERO })).add((if flags[42] { h[52] } else { QM31::ZERO }));
    |

warning: unnecessary parentheses around method argument
   --> /home/dombarker/project-offloads/aspis-v8-performance-20260908.scS2Jz/crates/aspis-statement/../../docs/research/v8-no-work-100-20260907/experiments/copy_scatter_plan_generated.rs:127:115
    |
127 | ...s[23] { h[33] } else { QM31::ZERO })).add((if flags[24] { h[34] } else { QM31::ZERO })).add((if flags[25] { h[35] } else { QM31:...
    |                                              ^                                          ^
    |
help: remove these parentheses
    |
127 -     scratch[42]=(if flags[2] { h[32] } else { QM31::ZERO }).add((if flags[23] { h[33] } else { QM31::ZERO })).add((if flags[24] { h[34] } else { QM31::ZERO })).add((if flags[25] { h[35] } else { QM31::ZERO })).add((if flags[26] { h[36] } else { QM31::ZERO })).add((if flags[27] { h[37] } else { QM31::ZERO })).add((if flags[28] { h[38] } else { QM31::ZERO })).add((if flags[29] { h[39] } else { QM31::ZERO })).add((if flags[30] { h[40] } else { QM31::ZERO })).add((if flags[31] { h[41] } else { QM31::ZERO })).add((if flags[32] { h[42] } else { QM31::ZERO })).add((if flags[33] { h[43] } else { QM31::ZERO })).add((if flags[34] { h[44] } else { QM31::ZERO })).add((if flags[35] { h[45] } else { QM31::ZERO })).add((if flags[36] { h[46] } else { QM31::ZERO })).add((if flags[37] { h[47] } else { QM31::ZERO })).add((if flags[38] { h[48] } else { QM31::ZERO })).add((if flags[39] { h[49] } else { QM31::ZERO })).add((if flags[40] { h[50] } else { QM31::ZERO })).add((if flags[41] { h[51] } else { QM31::ZERO })).add((if flags[42] { h[52] } else { QM31::ZERO }));
127 +     scratch[42]=(if flags[2] { h[32] } else { QM31::ZERO }).add((if flags[23] { h[33] } else { QM31::ZERO })).add(if flags[24] { h[34] } else { QM31::ZERO }).add((if flags[25] { h[35] } else { QM31::ZERO })).add((if flags[26] { h[36] } else { QM31::ZERO })).add((if flags[27] { h[37] } else { QM31::ZERO })).add((if flags[28] { h[38] } else { QM31::ZERO })).add((if flags[29] { h[39] } else { QM31::ZERO })).add((if flags[30] { h[40] } else { QM31::ZERO })).add((if flags[31] { h[41] } else { QM31::ZERO })).add((if flags[32] { h[42] } else { QM31::ZERO })).add((if flags[33] { h[43] } else { QM31::ZERO })).add((if flags[34] { h[44] } else { QM31::ZERO })).add((if flags[35] { h[45] } else { QM31::ZERO })).add((if flags[36] { h[46] } else { QM31::ZERO })).add((if flags[37] { h[47] } else { QM31::ZERO })).add((if flags[38] { h[48] } else { QM31::ZERO })).add((if flags[39] { h[49] } else { QM31::ZERO })).add((if flags[40] { h[50] } else { QM31::ZERO })).add((if flags[41] { h[51] } else { QM31::ZERO })).add((if flags[42] { h[52] } else { QM31::ZERO }));
    |

warning: unnecessary parentheses around method argument
   --> /home/dombarker/project-offloads/aspis-v8-performance-20260908.scS2Jz/crates/aspis-statement/../../docs/research/v8-no-work-100-20260907/experiments/copy_scatter_plan_generated.rs:127:65
    |
127 |     scratch[42]=(if flags[2] { h[32] } else { QM31::ZERO }).add((if flags[23] { h[33] } else { QM31::ZERO })).add((if flags[24] { h...
    |                                                                 ^                                          ^
    |
help: remove these parentheses
    |
127 -     scratch[42]=(if flags[2] { h[32] } else { QM31::ZERO }).add((if flags[23] { h[33] } else { QM31::ZERO })).add((if flags[24] { h[34] } else { QM31::ZERO })).add((if flags[25] { h[35] } else { QM31::ZERO })).add((if flags[26] { h[36] } else { QM31::ZERO })).add((if flags[27] { h[37] } else { QM31::ZERO })).add((if flags[28] { h[38] } else { QM31::ZERO })).add((if flags[29] { h[39] } else { QM31::ZERO })).add((if flags[30] { h[40] } else { QM31::ZERO })).add((if flags[31] { h[41] } else { QM31::ZERO })).add((if flags[32] { h[42] } else { QM31::ZERO })).add((if flags[33] { h[43] } else { QM31::ZERO })).add((if flags[34] { h[44] } else { QM31::ZERO })).add((if flags[35] { h[45] } else { QM31::ZERO })).add((if flags[36] { h[46] } else { QM31::ZERO })).add((if flags[37] { h[47] } else { QM31::ZERO })).add((if flags[38] { h[48] } else { QM31::ZERO })).add((if flags[39] { h[49] } else { QM31::ZERO })).add((if flags[40] { h[50] } else { QM31::ZERO })).add((if flags[41] { h[51] } else { QM31::ZERO })).add((if flags[42] { h[52] } else { QM31::ZERO }));
127 +     scratch[42]=(if flags[2] { h[32] } else { QM31::ZERO }).add(if flags[23] { h[33] } else { QM31::ZERO }).add((if flags[24] { h[34] } else { QM31::ZERO })).add((if flags[25] { h[35] } else { QM31::ZERO })).add((if flags[26] { h[36] } else { QM31::ZERO })).add((if flags[27] { h[37] } else { QM31::ZERO })).add((if flags[28] { h[38] } else { QM31::ZERO })).add((if flags[29] { h[39] } else { QM31::ZERO })).add((if flags[30] { h[40] } else { QM31::ZERO })).add((if flags[31] { h[41] } else { QM31::ZERO })).add((if flags[32] { h[42] } else { QM31::ZERO })).add((if flags[33] { h[43] } else { QM31::ZERO })).add((if flags[34] { h[44] } else { QM31::ZERO })).add((if flags[35] { h[45] } else { QM31::ZERO })).add((if flags[36] { h[46] } else { QM31::ZERO })).add((if flags[37] { h[47] } else { QM31::ZERO })).add((if flags[38] { h[48] } else { QM31::ZERO })).add((if flags[39] { h[49] } else { QM31::ZERO })).add((if flags[40] { h[50] } else { QM31::ZERO })).add((if flags[41] { h[51] } else { QM31::ZERO })).add((if flags[42] { h[52] } else { QM31::ZERO }));
    |

warning: unnecessary parentheses around assigned value
   --> /home/dombarker/project-offloads/aspis-v8-performance-20260908.scS2Jz/crates/aspis-statement/../../docs/research/v8-no-work-100-20260907/experiments/copy_scatter_plan_generated.rs:128:17
    |
128 |     scratch[43]=(if flags[0] { h[2] } else { QM31::ZERO });
    |                 ^                                        ^
    |
help: remove these parentheses
    |
128 -     scratch[43]=(if flags[0] { h[2] } else { QM31::ZERO });
128 +     scratch[43]=if flags[0] { h[2] } else { QM31::ZERO };
    |

warning: unnecessary parentheses around assigned value
   --> /home/dombarker/project-offloads/aspis-v8-performance-20260908.scS2Jz/crates/aspis-statement/../../docs/research/v8-no-work-100-20260907/experiments/copy_scatter_plan_generated.rs:129:17
    |
129 |     scratch[44]=(if flags[0] { n[4] } else { QM31::ZERO });
    |                 ^                                        ^
    |
help: remove these parentheses
    |
129 -     scratch[44]=(if flags[0] { n[4] } else { QM31::ZERO });
129 +     scratch[44]=if flags[0] { n[4] } else { QM31::ZERO };
    |

warning: unnecessary parentheses around method argument
   --> /home/dombarker/project-offloads/aspis-v8-performance-20260908.scS2Jz/crates/aspis-statement/../../docs/research/v8-no-work-100-20260907/experiments/copy_scatter_plan_generated.rs:130:1097
    |
130 | ...s[41] { h[52] } else { QM31::ZERO })).add((if flags[42] { h[53] } else { QM31::ZERO }));
    |                                              ^                                          ^
    |
help: remove these parentheses
    |
130 -     scratch[45]=(if flags[0] { h[33].add(h[63]).add(n[40].add(n[57])) } else { QM31::ZERO }).add((if flags[1] { n[51] } else { QM31::ZERO })).add((if flags[23] { h[34] } else { QM31::ZERO })).add((if flags[24] { h[35] } else { QM31::ZERO })).add((if flags[25] { h[36] } else { QM31::ZERO })).add((if flags[26] { h[37] } else { QM31::ZERO })).add((if flags[27] { h[38] } else { QM31::ZERO })).add((if flags[28] { h[39] } else { QM31::ZERO })).add((if flags[29] { h[40] } else { QM31::ZERO })).add((if flags[30] { h[41] } else { QM31::ZERO })).add((if flags[31] { h[42] } else { QM31::ZERO })).add((if flags[32] { h[43] } else { QM31::ZERO })).add((if flags[33] { h[44] } else { QM31::ZERO })).add((if flags[34] { h[45] } else { QM31::ZERO })).add((if flags[35] { h[46] } else { QM31::ZERO })).add((if flags[36] { h[47] } else { QM31::ZERO })).add((if flags[37] { h[48] } else { QM31::ZERO })).add((if flags[38] { h[49] } else { QM31::ZERO })).add((if flags[39] { h[50] } else { QM31::ZERO })).add((if flags[40] { h[51] } else { QM31::ZERO })).add((if flags[41] { h[52] } else { QM31::ZERO })).add((if flags[42] { h[53] } else { QM31::ZERO }));
130 +     scratch[45]=(if flags[0] { h[33].add(h[63]).add(n[40].add(n[57])) } else { QM31::ZERO }).add((if flags[1] { n[51] } else { QM31::ZERO })).add((if flags[23] { h[34] } else { QM31::ZERO })).add((if flags[24] { h[35] } else { QM31::ZERO })).add((if flags[25] { h[36] } else { QM31::ZERO })).add((if flags[26] { h[37] } else { QM31::ZERO })).add((if flags[27] { h[38] } else { QM31::ZERO })).add((if flags[28] { h[39] } else { QM31::ZERO })).add((if flags[29] { h[40] } else { QM31::ZERO })).add((if flags[30] { h[41] } else { QM31::ZERO })).add((if flags[31] { h[42] } else { QM31::ZERO })).add((if flags[32] { h[43] } else { QM31::ZERO })).add((if flags[33] { h[44] } else { QM31::ZERO })).add((if flags[34] { h[45] } else { QM31::ZERO })).add((if flags[35] { h[46] } else { QM31::ZERO })).add((if flags[36] { h[47] } else { QM31::ZERO })).add((if flags[37] { h[48] } else { QM31::ZERO })).add((if flags[38] { h[49] } else { QM31::ZERO })).add((if flags[39] { h[50] } else { QM31::ZERO })).add((if flags[40] { h[51] } else { QM31::ZERO })).add((if flags[41] { h[52] } else { QM31::ZERO })).add(if flags[42] { h[53] } else { QM31::ZERO });
    |

warning: unnecessary parentheses around method argument
   --> /home/dombarker/project-offloads/aspis-v8-performance-20260908.scS2Jz/crates/aspis-statement/../../docs/research/v8-no-work-100-20260907/experiments/copy_scatter_plan_generated.rs:130:1047
    |
130 | ...s[40] { h[51] } else { QM31::ZERO })).add((if flags[41] { h[52] } else { QM31::ZERO })).add((if flags[42] { h[53] } else { QM31:...
    |                                              ^                                          ^
    |
help: remove these parentheses
    |
130 -     scratch[45]=(if flags[0] { h[33].add(h[63]).add(n[40].add(n[57])) } else { QM31::ZERO }).add((if flags[1] { n[51] } else { QM31::ZERO })).add((if flags[23] { h[34] } else { QM31::ZERO })).add((if flags[24] { h[35] } else { QM31::ZERO })).add((if flags[25] { h[36] } else { QM31::ZERO })).add((if flags[26] { h[37] } else { QM31::ZERO })).add((if flags[27] { h[38] } else { QM31::ZERO })).add((if flags[28] { h[39] } else { QM31::ZERO })).add((if flags[29] { h[40] } else { QM31::ZERO })).add((if flags[30] { h[41] } else { QM31::ZERO })).add((if flags[31] { h[42] } else { QM31::ZERO })).add((if flags[32] { h[43] } else { QM31::ZERO })).add((if flags[33] { h[44] } else { QM31::ZERO })).add((if flags[34] { h[45] } else { QM31::ZERO })).add((if flags[35] { h[46] } else { QM31::ZERO })).add((if flags[36] { h[47] } else { QM31::ZERO })).add((if flags[37] { h[48] } else { QM31::ZERO })).add((if flags[38] { h[49] } else { QM31::ZERO })).add((if flags[39] { h[50] } else { QM31::ZERO })).add((if flags[40] { h[51] } else { QM31::ZERO })).add((if flags[41] { h[52] } else { QM31::ZERO })).add((if flags[42] { h[53] } else { QM31::ZERO }));
130 +     scratch[45]=(if flags[0] { h[33].add(h[63]).add(n[40].add(n[57])) } else { QM31::ZERO }).add((if flags[1] { n[51] } else { QM31::ZERO })).add((if flags[23] { h[34] } else { QM31::ZERO })).add((if flags[24] { h[35] } else { QM31::ZERO })).add((if flags[25] { h[36] } else { QM31::ZERO })).add((if flags[26] { h[37] } else { QM31::ZERO })).add((if flags[27] { h[38] } else { QM31::ZERO })).add((if flags[28] { h[39] } else { QM31::ZERO })).add((if flags[29] { h[40] } else { QM31::ZERO })).add((if flags[30] { h[41] } else { QM31::ZERO })).add((if flags[31] { h[42] } else { QM31::ZERO })).add((if flags[32] { h[43] } else { QM31::ZERO })).add((if flags[33] { h[44] } else { QM31::ZERO })).add((if flags[34] { h[45] } else { QM31::ZERO })).add((if flags[35] { h[46] } else { QM31::ZERO })).add((if flags[36] { h[47] } else { QM31::ZERO })).add((if flags[37] { h[48] } else { QM31::ZERO })).add((if flags[38] { h[49] } else { QM31::ZERO })).add((if flags[39] { h[50] } else { QM31::ZERO })).add((if flags[40] { h[51] } else { QM31::ZERO })).add(if flags[41] { h[52] } else { QM31::ZERO }).add((if flags[42] { h[53] } else { QM31::ZERO }));
    |

warning: unnecessary parentheses around method argument
   --> /home/dombarker/project-offloads/aspis-v8-performance-20260908.scS2Jz/crates/aspis-statement/../../docs/research/v8-no-work-100-20260907/experiments/copy_scatter_plan_generated.rs:130:997
    |
130 | ...s[39] { h[50] } else { QM31::ZERO })).add((if flags[40] { h[51] } else { QM31::ZERO })).add((if flags[41] { h[52] } else { QM31:...
    |                                              ^                                          ^
    |
help: remove these parentheses
    |
130 -     scratch[45]=(if flags[0] { h[33].add(h[63]).add(n[40].add(n[57])) } else { QM31::ZERO }).add((if flags[1] { n[51] } else { QM31::ZERO })).add((if flags[23] { h[34] } else { QM31::ZERO })).add((if flags[24] { h[35] } else { QM31::ZERO })).add((if flags[25] { h[36] } else { QM31::ZERO })).add((if flags[26] { h[37] } else { QM31::ZERO })).add((if flags[27] { h[38] } else { QM31::ZERO })).add((if flags[28] { h[39] } else { QM31::ZERO })).add((if flags[29] { h[40] } else { QM31::ZERO })).add((if flags[30] { h[41] } else { QM31::ZERO })).add((if flags[31] { h[42] } else { QM31::ZERO })).add((if flags[32] { h[43] } else { QM31::ZERO })).add((if flags[33] { h[44] } else { QM31::ZERO })).add((if flags[34] { h[45] } else { QM31::ZERO })).add((if flags[35] { h[46] } else { QM31::ZERO })).add((if flags[36] { h[47] } else { QM31::ZERO })).add((if flags[37] { h[48] } else { QM31::ZERO })).add((if flags[38] { h[49] } else { QM31::ZERO })).add((if flags[39] { h[50] } else { QM31::ZERO })).add((if flags[40] { h[51] } else { QM31::ZERO })).add((if flags[41] { h[52] } else { QM31::ZERO })).add((if flags[42] { h[53] } else { QM31::ZERO }));
130 +     scratch[45]=(if flags[0] { h[33].add(h[63]).add(n[40].add(n[57])) } else { QM31::ZERO }).add((if flags[1] { n[51] } else { QM31::ZERO })).add((if flags[23] { h[34] } else { QM31::ZERO })).add((if flags[24] { h[35] } else { QM31::ZERO })).add((if flags[25] { h[36] } else { QM31::ZERO })).add((if flags[26] { h[37] } else { QM31::ZERO })).add((if flags[27] { h[38] } else { QM31::ZERO })).add((if flags[28] { h[39] } else { QM31::ZERO })).add((if flags[29] { h[40] } else { QM31::ZERO })).add((if flags[30] { h[41] } else { QM31::ZERO })).add((if flags[31] { h[42] } else { QM31::ZERO })).add((if flags[32] { h[43] } else { QM31::ZERO })).add((if flags[33] { h[44] } else { QM31::ZERO })).add((if flags[34] { h[45] } else { QM31::ZERO })).add((if flags[35] { h[46] } else { QM31::ZERO })).add((if flags[36] { h[47] } else { QM31::ZERO })).add((if flags[37] { h[48] } else { QM31::ZERO })).add((if flags[38] { h[49] } else { QM31::ZERO })).add((if flags[39] { h[50] } else { QM31::ZERO })).add(if flags[40] { h[51] } else { QM31::ZERO }).add((if flags[41] { h[52] } else { QM31::ZERO })).add((if flags[42] { h[53] } else { QM31::ZERO }));
    |

warning: unnecessary parentheses around method argument
   --> /home/dombarker/project-offloads/aspis-v8-performance-20260908.scS2Jz/crates/aspis-statement/../../docs/research/v8-no-work-100-20260907/experiments/copy_scatter_plan_generated.rs:130:947
    |
130 | ...s[38] { h[49] } else { QM31::ZERO })).add((if flags[39] { h[50] } else { QM31::ZERO })).add((if flags[40] { h[51] } else { QM31:...
    |                                              ^                                          ^
    |
help: remove these parentheses
    |
130 -     scratch[45]=(if flags[0] { h[33].add(h[63]).add(n[40].add(n[57])) } else { QM31::ZERO }).add((if flags[1] { n[51] } else { QM31::ZERO })).add((if flags[23] { h[34] } else { QM31::ZERO })).add((if flags[24] { h[35] } else { QM31::ZERO })).add((if flags[25] { h[36] } else { QM31::ZERO })).add((if flags[26] { h[37] } else { QM31::ZERO })).add((if flags[27] { h[38] } else { QM31::ZERO })).add((if flags[28] { h[39] } else { QM31::ZERO })).add((if flags[29] { h[40] } else { QM31::ZERO })).add((if flags[30] { h[41] } else { QM31::ZERO })).add((if flags[31] { h[42] } else { QM31::ZERO })).add((if flags[32] { h[43] } else { QM31::ZERO })).add((if flags[33] { h[44] } else { QM31::ZERO })).add((if flags[34] { h[45] } else { QM31::ZERO })).add((if flags[35] { h[46] } else { QM31::ZERO })).add((if flags[36] { h[47] } else { QM31::ZERO })).add((if flags[37] { h[48] } else { QM31::ZERO })).add((if flags[38] { h[49] } else { QM31::ZERO })).add((if flags[39] { h[50] } else { QM31::ZERO })).add((if flags[40] { h[51] } else { QM31::ZERO })).add((if flags[41] { h[52] } else { QM31::ZERO })).add((if flags[42] { h[53] } else { QM31::ZERO }));
130 +     scratch[45]=(if flags[0] { h[33].add(h[63]).add(n[40].add(n[57])) } else { QM31::ZERO }).add((if flags[1] { n[51] } else { QM31::ZERO })).add((if flags[23] { h[34] } else { QM31::ZERO })).add((if flags[24] { h[35] } else { QM31::ZERO })).add((if flags[25] { h[36] } else { QM31::ZERO })).add((if flags[26] { h[37] } else { QM31::ZERO })).add((if flags[27] { h[38] } else { QM31::ZERO })).add((if flags[28] { h[39] } else { QM31::ZERO })).add((if flags[29] { h[40] } else { QM31::ZERO })).add((if flags[30] { h[41] } else { QM31::ZERO })).add((if flags[31] { h[42] } else { QM31::ZERO })).add((if flags[32] { h[43] } else { QM31::ZERO })).add((if flags[33] { h[44] } else { QM31::ZERO })).add((if flags[34] { h[45] } else { QM31::ZERO })).add((if flags[35] { h[46] } else { QM31::ZERO })).add((if flags[36] { h[47] } else { QM31::ZERO })).add((if flags[37] { h[48] } else { QM31::ZERO })).add((if flags[38] { h[49] } else { QM31::ZERO })).add(if flags[39] { h[50] } else { QM31::ZERO }).add((if flags[40] { h[51] } else { QM31::ZERO })).add((if flags[41] { h[52] } else { QM31::ZERO })).add((if flags[42] { h[53] } else { QM31::ZERO }));
    |

warning: unnecessary parentheses around method argument
   --> /home/dombarker/project-offloads/aspis-v8-performance-20260908.scS2Jz/crates/aspis-statement/../../docs/research/v8-no-work-100-20260907/experiments/copy_scatter_plan_generated.rs:130:897
    |
130 | ...s[37] { h[48] } else { QM31::ZERO })).add((if flags[38] { h[49] } else { QM31::ZERO })).add((if flags[39] { h[50] } else { QM31:...
    |                                              ^                                          ^
    |
help: remove these parentheses
    |
130 -     scratch[45]=(if flags[0] { h[33].add(h[63]).add(n[40].add(n[57])) } else { QM31::ZERO }).add((if flags[1] { n[51] } else { QM31::ZERO })).add((if flags[23] { h[34] } else { QM31::ZERO })).add((if flags[24] { h[35] } else { QM31::ZERO })).add((if flags[25] { h[36] } else { QM31::ZERO })).add((if flags[26] { h[37] } else { QM31::ZERO })).add((if flags[27] { h[38] } else { QM31::ZERO })).add((if flags[28] { h[39] } else { QM31::ZERO })).add((if flags[29] { h[40] } else { QM31::ZERO })).add((if flags[30] { h[41] } else { QM31::ZERO })).add((if flags[31] { h[42] } else { QM31::ZERO })).add((if flags[32] { h[43] } else { QM31::ZERO })).add((if flags[33] { h[44] } else { QM31::ZERO })).add((if flags[34] { h[45] } else { QM31::ZERO })).add((if flags[35] { h[46] } else { QM31::ZERO })).add((if flags[36] { h[47] } else { QM31::ZERO })).add((if flags[37] { h[48] } else { QM31::ZERO })).add((if flags[38] { h[49] } else { QM31::ZERO })).add((if flags[39] { h[50] } else { QM31::ZERO })).add((if flags[40] { h[51] } else { QM31::ZERO })).add((if flags[41] { h[52] } else { QM31::ZERO })).add((if flags[42] { h[53] } else { QM31::ZERO }));
130 +     scratch[45]=(if flags[0] { h[33].add(h[63]).add(n[40].add(n[57])) } else { QM31::ZERO }).add((if flags[1] { n[51] } else { QM31::ZERO })).add((if flags[23] { h[34] } else { QM31::ZERO })).add((if flags[24] { h[35] } else { QM31::ZERO })).add((if flags[25] { h[36] } else { QM31::ZERO })).add((if flags[26] { h[37] } else { QM31::ZERO })).add((if flags[27] { h[38] } else { QM31::ZERO })).add((if flags[28] { h[39] } else { QM31::ZERO })).add((if flags[29] { h[40] } else { QM31::ZERO })).add((if flags[30] { h[41] } else { QM31::ZERO })).add((if flags[31] { h[42] } else { QM31::ZERO })).add((if flags[32] { h[43] } else { QM31::ZERO })).add((if flags[33] { h[44] } else { QM31::ZERO })).add((if flags[34] { h[45] } else { QM31::ZERO })).add((if flags[35] { h[46] } else { QM31::ZERO })).add((if flags[36] { h[47] } else { QM31::ZERO })).add((if flags[37] { h[48] } else { QM31::ZERO })).add(if flags[38] { h[49] } else { QM31::ZERO }).add((if flags[39] { h[50] } else { QM31::ZERO })).add((if flags[40] { h[51] } else { QM31::ZERO })).add((if flags[41] { h[52] } else { QM31::ZERO })).add((if flags[42] { h[53] } else { QM31::ZERO }));
    |

warning: unnecessary parentheses around method argument
   --> /home/dombarker/project-offloads/aspis-v8-performance-20260908.scS2Jz/crates/aspis-statement/../../docs/research/v8-no-work-100-20260907/experiments/copy_scatter_plan_generated.rs:130:847
    |
130 | ...s[36] { h[47] } else { QM31::ZERO })).add((if flags[37] { h[48] } else { QM31::ZERO })).add((if flags[38] { h[49] } else { QM31:...
    |                                              ^                                          ^
    |
help: remove these parentheses
    |
130 -     scratch[45]=(if flags[0] { h[33].add(h[63]).add(n[40].add(n[57])) } else { QM31::ZERO }).add((if flags[1] { n[51] } else { QM31::ZERO })).add((if flags[23] { h[34] } else { QM31::ZERO })).add((if flags[24] { h[35] } else { QM31::ZERO })).add((if flags[25] { h[36] } else { QM31::ZERO })).add((if flags[26] { h[37] } else { QM31::ZERO })).add((if flags[27] { h[38] } else { QM31::ZERO })).add((if flags[28] { h[39] } else { QM31::ZERO })).add((if flags[29] { h[40] } else { QM31::ZERO })).add((if flags[30] { h[41] } else { QM31::ZERO })).add((if flags[31] { h[42] } else { QM31::ZERO })).add((if flags[32] { h[43] } else { QM31::ZERO })).add((if flags[33] { h[44] } else { QM31::ZERO })).add((if flags[34] { h[45] } else { QM31::ZERO })).add((if flags[35] { h[46] } else { QM31::ZERO })).add((if flags[36] { h[47] } else { QM31::ZERO })).add((if flags[37] { h[48] } else { QM31::ZERO })).add((if flags[38] { h[49] } else { QM31::ZERO })).add((if flags[39] { h[50] } else { QM31::ZERO })).add((if flags[40] { h[51] } else { QM31::ZERO })).add((if flags[41] { h[52] } else { QM31::ZERO })).add((if flags[42] { h[53] } else { QM31::ZERO }));
130 +     scratch[45]=(if flags[0] { h[33].add(h[63]).add(n[40].add(n[57])) } else { QM31::ZERO }).add((if flags[1] { n[51] } else { QM31::ZERO })).add((if flags[23] { h[34] } else { QM31::ZERO })).add((if flags[24] { h[35] } else { QM31::ZERO })).add((if flags[25] { h[36] } else { QM31::ZERO })).add((if flags[26] { h[37] } else { QM31::ZERO })).add((if flags[27] { h[38] } else { QM31::ZERO })).add((if flags[28] { h[39] } else { QM31::ZERO })).add((if flags[29] { h[40] } else { QM31::ZERO })).add((if flags[30] { h[41] } else { QM31::ZERO })).add((if flags[31] { h[42] } else { QM31::ZERO })).add((if flags[32] { h[43] } else { QM31::ZERO })).add((if flags[33] { h[44] } else { QM31::ZERO })).add((if flags[34] { h[45] } else { QM31::ZERO })).add((if flags[35] { h[46] } else { QM31::ZERO })).add((if flags[36] { h[47] } else { QM31::ZERO })).add(if flags[37] { h[48] } else { QM31::ZERO }).add((if flags[38] { h[49] } else { QM31::ZERO })).add((if flags[39] { h[50] } else { QM31::ZERO })).add((if flags[40] { h[51] } else { QM31::ZERO })).add((if flags[41] { h[52] } else { QM31::ZERO })).add((if flags[42] { h[53] } else { QM31::ZERO }));
    |

warning: unnecessary parentheses around method argument
   --> /home/dombarker/project-offloads/aspis-v8-performance-20260908.scS2Jz/crates/aspis-statement/../../docs/research/v8-no-work-100-20260907/experiments/copy_scatter_plan_generated.rs:130:797
    |
130 | ...s[35] { h[46] } else { QM31::ZERO })).add((if flags[36] { h[47] } else { QM31::ZERO })).add((if flags[37] { h[48] } else { QM31:...
    |                                              ^                                          ^
    |
help: remove these parentheses
    |
130 -     scratch[45]=(if flags[0] { h[33].add(h[63]).add(n[40].add(n[57])) } else { QM31::ZERO }).add((if flags[1] { n[51] } else { QM31::ZERO })).add((if flags[23] { h[34] } else { QM31::ZERO })).add((if flags[24] { h[35] } else { QM31::ZERO })).add((if flags[25] { h[36] } else { QM31::ZERO })).add((if flags[26] { h[37] } else { QM31::ZERO })).add((if flags[27] { h[38] } else { QM31::ZERO })).add((if flags[28] { h[39] } else { QM31::ZERO })).add((if flags[29] { h[40] } else { QM31::ZERO })).add((if flags[30] { h[41] } else { QM31::ZERO })).add((if flags[31] { h[42] } else { QM31::ZERO })).add((if flags[32] { h[43] } else { QM31::ZERO })).add((if flags[33] { h[44] } else { QM31::ZERO })).add((if flags[34] { h[45] } else { QM31::ZERO })).add((if flags[35] { h[46] } else { QM31::ZERO })).add((if flags[36] { h[47] } else { QM31::ZERO })).add((if flags[37] { h[48] } else { QM31::ZERO })).add((if flags[38] { h[49] } else { QM31::ZERO })).add((if flags[39] { h[50] } else { QM31::ZERO })).add((if flags[40] { h[51] } else { QM31::ZERO })).add((if flags[41] { h[52] } else { QM31::ZERO })).add((if flags[42] { h[53] } else { QM31::ZERO }));
130 +     scratch[45]=(if flags[0] { h[33].add(h[63]).add(n[40].add(n[57])) } else { QM31::ZERO }).add((if flags[1] { n[51] } else { QM31::ZERO })).add((if flags[23] { h[34] } else { QM31::ZERO })).add((if flags[24] { h[35] } else { QM31::ZERO })).add((if flags[25] { h[36] } else { QM31::ZERO })).add((if flags[26] { h[37] } else { QM31::ZERO })).add((if flags[27] { h[38] } else { QM31::ZERO })).add((if flags[28] { h[39] } else { QM31::ZERO })).add((if flags[29] { h[40] } else { QM31::ZERO })).add((if flags[30] { h[41] } else { QM31::ZERO })).add((if flags[31] { h[42] } else { QM31::ZERO })).add((if flags[32] { h[43] } else { QM31::ZERO })).add((if flags[33] { h[44] } else { QM31::ZERO })).add((if flags[34] { h[45] } else { QM31::ZERO })).add((if flags[35] { h[46] } else { QM31::ZERO })).add(if flags[36] { h[47] } else { QM31::ZERO }).add((if flags[37] { h[48] } else { QM31::ZERO })).add((if flags[38] { h[49] } else { QM31::ZERO })).add((if flags[39] { h[50] } else { QM31::ZERO })).add((if flags[40] { h[51] } else { QM31::ZERO })).add((if flags[41] { h[52] } else { QM31::ZERO })).add((if flags[42] { h[53] } else { QM31::ZERO }));
    |

warning: unnecessary parentheses around method argument
   --> /home/dombarker/project-offloads/aspis-v8-performance-20260908.scS2Jz/crates/aspis-statement/../../docs/research/v8-no-work-100-20260907/experiments/copy_scatter_plan_generated.rs:130:747
    |
130 | ...s[34] { h[45] } else { QM31::ZERO })).add((if flags[35] { h[46] } else { QM31::ZERO })).add((if flags[36] { h[47] } else { QM31:...
    |                                              ^                                          ^
    |
help: remove these parentheses
    |
130 -     scratch[45]=(if flags[0] { h[33].add(h[63]).add(n[40].add(n[57])) } else { QM31::ZERO }).add((if flags[1] { n[51] } else { QM31::ZERO })).add((if flags[23] { h[34] } else { QM31::ZERO })).add((if flags[24] { h[35] } else { QM31::ZERO })).add((if flags[25] { h[36] } else { QM31::ZERO })).add((if flags[26] { h[37] } else { QM31::ZERO })).add((if flags[27] { h[38] } else { QM31::ZERO })).add((if flags[28] { h[39] } else { QM31::ZERO })).add((if flags[29] { h[40] } else { QM31::ZERO })).add((if flags[30] { h[41] } else { QM31::ZERO })).add((if flags[31] { h[42] } else { QM31::ZERO })).add((if flags[32] { h[43] } else { QM31::ZERO })).add((if flags[33] { h[44] } else { QM31::ZERO })).add((if flags[34] { h[45] } else { QM31::ZERO })).add((if flags[35] { h[46] } else { QM31::ZERO })).add((if flags[36] { h[47] } else { QM31::ZERO })).add((if flags[37] { h[48] } else { QM31::ZERO })).add((if flags[38] { h[49] } else { QM31::ZERO })).add((if flags[39] { h[50] } else { QM31::ZERO })).add((if flags[40] { h[51] } else { QM31::ZERO })).add((if flags[41] { h[52] } else { QM31::ZERO })).add((if flags[42] { h[53] } else { QM31::ZERO }));
130 +     scratch[45]=(if flags[0] { h[33].add(h[63]).add(n[40].add(n[57])) } else { QM31::ZERO }).add((if flags[1] { n[51] } else { QM31::ZERO })).add((if flags[23] { h[34] } else { QM31::ZERO })).add((if flags[24] { h[35] } else { QM31::ZERO })).add((if flags[25] { h[36] } else { QM31::ZERO })).add((if flags[26] { h[37] } else { QM31::ZERO })).add((if flags[27] { h[38] } else { QM31::ZERO })).add((if flags[28] { h[39] } else { QM31::ZERO })).add((if flags[29] { h[40] } else { QM31::ZERO })).add((if flags[30] { h[41] } else { QM31::ZERO })).add((if flags[31] { h[42] } else { QM31::ZERO })).add((if flags[32] { h[43] } else { QM31::ZERO })).add((if flags[33] { h[44] } else { QM31::ZERO })).add((if flags[34] { h[45] } else { QM31::ZERO })).add(if flags[35] { h[46] } else { QM31::ZERO }).add((if flags[36] { h[47] } else { QM31::ZERO })).add((if flags[37] { h[48] } else { QM31::ZERO })).add((if flags[38] { h[49] } else { QM31::ZERO })).add((if flags[39] { h[50] } else { QM31::ZERO })).add((if flags[40] { h[51] } else { QM31::ZERO })).add((if flags[41] { h[52] } else { QM31::ZERO })).add((if flags[42] { h[53] } else { QM31::ZERO }));
    |

warning: unnecessary parentheses around method argument
   --> /home/dombarker/project-offloads/aspis-v8-performance-20260908.scS2Jz/crates/aspis-statement/../../docs/research/v8-no-work-100-20260907/experiments/copy_scatter_plan_generated.rs:130:697
    |
130 | ...s[33] { h[44] } else { QM31::ZERO })).add((if flags[34] { h[45] } else { QM31::ZERO })).add((if flags[35] { h[46] } else { QM31:...
    |                                              ^                                          ^
    |
help: remove these parentheses
    |
130 -     scratch[45]=(if flags[0] { h[33].add(h[63]).add(n[40].add(n[57])) } else { QM31::ZERO }).add((if flags[1] { n[51] } else { QM31::ZERO })).add((if flags[23] { h[34] } else { QM31::ZERO })).add((if flags[24] { h[35] } else { QM31::ZERO })).add((if flags[25] { h[36] } else { QM31::ZERO })).add((if flags[26] { h[37] } else { QM31::ZERO })).add((if flags[27] { h[38] } else { QM31::ZERO })).add((if flags[28] { h[39] } else { QM31::ZERO })).add((if flags[29] { h[40] } else { QM31::ZERO })).add((if flags[30] { h[41] } else { QM31::ZERO })).add((if flags[31] { h[42] } else { QM31::ZERO })).add((if flags[32] { h[43] } else { QM31::ZERO })).add((if flags[33] { h[44] } else { QM31::ZERO })).add((if flags[34] { h[45] } else { QM31::ZERO })).add((if flags[35] { h[46] } else { QM31::ZERO })).add((if flags[36] { h[47] } else { QM31::ZERO })).add((if flags[37] { h[48] } else { QM31::ZERO })).add((if flags[38] { h[49] } else { QM31::ZERO })).add((if flags[39] { h[50] } else { QM31::ZERO })).add((if flags[40] { h[51] } else { QM31::ZERO })).add((if flags[41] { h[52] } else { QM31::ZERO })).add((if flags[42] { h[53] } else { QM31::ZERO }));
130 +     scratch[45]=(if flags[0] { h[33].add(h[63]).add(n[40].add(n[57])) } else { QM31::ZERO }).add((if flags[1] { n[51] } else { QM31::ZERO })).add((if flags[23] { h[34] } else { QM31::ZERO })).add((if flags[24] { h[35] } else { QM31::ZERO })).add((if flags[25] { h[36] } else { QM31::ZERO })).add((if flags[26] { h[37] } else { QM31::ZERO })).add((if flags[27] { h[38] } else { QM31::ZERO })).add((if flags[28] { h[39] } else { QM31::ZERO })).add((if flags[29] { h[40] } else { QM31::ZERO })).add((if flags[30] { h[41] } else { QM31::ZERO })).add((if flags[31] { h[42] } else { QM31::ZERO })).add((if flags[32] { h[43] } else { QM31::ZERO })).add((if flags[33] { h[44] } else { QM31::ZERO })).add(if flags[34] { h[45] } else { QM31::ZERO }).add((if flags[35] { h[46] } else { QM31::ZERO })).add((if flags[36] { h[47] } else { QM31::ZERO })).add((if flags[37] { h[48] } else { QM31::ZERO })).add((if flags[38] { h[49] } else { QM31::ZERO })).add((if flags[39] { h[50] } else { QM31::ZERO })).add((if flags[40] { h[51] } else { QM31::ZERO })).add((if flags[41] { h[52] } else { QM31::ZERO })).add((if flags[42] { h[53] } else { QM31::ZERO }));
    |

warning: unnecessary parentheses around method argument
   --> /home/dombarker/project-offloads/aspis-v8-performance-20260908.scS2Jz/crates/aspis-statement/../../docs/research/v8-no-work-100-20260907/experiments/copy_scatter_plan_generated.rs:130:647
    |
130 | ...s[32] { h[43] } else { QM31::ZERO })).add((if flags[33] { h[44] } else { QM31::ZERO })).add((if flags[34] { h[45] } else { QM31:...
    |                                              ^                                          ^
    |
help: remove these parentheses
    |
130 -     scratch[45]=(if flags[0] { h[33].add(h[63]).add(n[40].add(n[57])) } else { QM31::ZERO }).add((if flags[1] { n[51] } else { QM31::ZERO })).add((if flags[23] { h[34] } else { QM31::ZERO })).add((if flags[24] { h[35] } else { QM31::ZERO })).add((if flags[25] { h[36] } else { QM31::ZERO })).add((if flags[26] { h[37] } else { QM31::ZERO })).add((if flags[27] { h[38] } else { QM31::ZERO })).add((if flags[28] { h[39] } else { QM31::ZERO })).add((if flags[29] { h[40] } else { QM31::ZERO })).add((if flags[30] { h[41] } else { QM31::ZERO })).add((if flags[31] { h[42] } else { QM31::ZERO })).add((if flags[32] { h[43] } else { QM31::ZERO })).add((if flags[33] { h[44] } else { QM31::ZERO })).add((if flags[34] { h[45] } else { QM31::ZERO })).add((if flags[35] { h[46] } else { QM31::ZERO })).add((if flags[36] { h[47] } else { QM31::ZERO })).add((if flags[37] { h[48] } else { QM31::ZERO })).add((if flags[38] { h[49] } else { QM31::ZERO })).add((if flags[39] { h[50] } else { QM31::ZERO })).add((if flags[40] { h[51] } else { QM31::ZERO })).add((if flags[41] { h[52] } else { QM31::ZERO })).add((if flags[42] { h[53] } else { QM31::ZERO }));
130 +     scratch[45]=(if flags[0] { h[33].add(h[63]).add(n[40].add(n[57])) } else { QM31::ZERO }).add((if flags[1] { n[51] } else { QM31::ZERO })).add((if flags[23] { h[34] } else { QM31::ZERO })).add((if flags[24] { h[35] } else { QM31::ZERO })).add((if flags[25] { h[36] } else { QM31::ZERO })).add((if flags[26] { h[37] } else { QM31::ZERO })).add((if flags[27] { h[38] } else { QM31::ZERO })).add((if flags[28] { h[39] } else { QM31::ZERO })).add((if flags[29] { h[40] } else { QM31::ZERO })).add((if flags[30] { h[41] } else { QM31::ZERO })).add((if flags[31] { h[42] } else { QM31::ZERO })).add((if flags[32] { h[43] } else { QM31::ZERO })).add(if flags[33] { h[44] } else { QM31::ZERO }).add((if flags[34] { h[45] } else { QM31::ZERO })).add((if flags[35] { h[46] } else { QM31::ZERO })).add((if flags[36] { h[47] } else { QM31::ZERO })).add((if flags[37] { h[48] } else { QM31::ZERO })).add((if flags[38] { h[49] } else { QM31::ZERO })).add((if flags[39] { h[50] } else { QM31::ZERO })).add((if flags[40] { h[51] } else { QM31::ZERO })).add((if flags[41] { h[52] } else { QM31::ZERO })).add((if flags[42] { h[53] } else { QM31::ZERO }));
    |

warning: unnecessary parentheses around method argument
   --> /home/dombarker/project-offloads/aspis-v8-performance-20260908.scS2Jz/crates/aspis-statement/../../docs/research/v8-no-work-100-20260907/experiments/copy_scatter_plan_generated.rs:130:597
    |
130 | ...s[31] { h[42] } else { QM31::ZERO })).add((if flags[32] { h[43] } else { QM31::ZERO })).add((if flags[33] { h[44] } else { QM31:...
    |                                              ^                                          ^
    |
help: remove these parentheses
    |
130 -     scratch[45]=(if flags[0] { h[33].add(h[63]).add(n[40].add(n[57])) } else { QM31::ZERO }).add((if flags[1] { n[51] } else { QM31::ZERO })).add((if flags[23] { h[34] } else { QM31::ZERO })).add((if flags[24] { h[35] } else { QM31::ZERO })).add((if flags[25] { h[36] } else { QM31::ZERO })).add((if flags[26] { h[37] } else { QM31::ZERO })).add((if flags[27] { h[38] } else { QM31::ZERO })).add((if flags[28] { h[39] } else { QM31::ZERO })).add((if flags[29] { h[40] } else { QM31::ZERO })).add((if flags[30] { h[41] } else { QM31::ZERO })).add((if flags[31] { h[42] } else { QM31::ZERO })).add((if flags[32] { h[43] } else { QM31::ZERO })).add((if flags[33] { h[44] } else { QM31::ZERO })).add((if flags[34] { h[45] } else { QM31::ZERO })).add((if flags[35] { h[46] } else { QM31::ZERO })).add((if flags[36] { h[47] } else { QM31::ZERO })).add((if flags[37] { h[48] } else { QM31::ZERO })).add((if flags[38] { h[49] } else { QM31::ZERO })).add((if flags[39] { h[50] } else { QM31::ZERO })).add((if flags[40] { h[51] } else { QM31::ZERO })).add((if flags[41] { h[52] } else { QM31::ZERO })).add((if flags[42] { h[53] } else { QM31::ZERO }));
130 +     scratch[45]=(if flags[0] { h[33].add(h[63]).add(n[40].add(n[57])) } else { QM31::ZERO }).add((if flags[1] { n[51] } else { QM31::ZERO })).add((if flags[23] { h[34] } else { QM31::ZERO })).add((if flags[24] { h[35] } else { QM31::ZERO })).add((if flags[25] { h[36] } else { QM31::ZERO })).add((if flags[26] { h[37] } else { QM31::ZERO })).add((if flags[27] { h[38] } else { QM31::ZERO })).add((if flags[28] { h[39] } else { QM31::ZERO })).add((if flags[29] { h[40] } else { QM31::ZERO })).add((if flags[30] { h[41] } else { QM31::ZERO })).add((if flags[31] { h[42] } else { QM31::ZERO })).add(if flags[32] { h[43] } else { QM31::ZERO }).add((if flags[33] { h[44] } else { QM31::ZERO })).add((if flags[34] { h[45] } else { QM31::ZERO })).add((if flags[35] { h[46] } else { QM31::ZERO })).add((if flags[36] { h[47] } else { QM31::ZERO })).add((if flags[37] { h[48] } else { QM31::ZERO })).add((if flags[38] { h[49] } else { QM31::ZERO })).add((if flags[39] { h[50] } else { QM31::ZERO })).add((if flags[40] { h[51] } else { QM31::ZERO })).add((if flags[41] { h[52] } else { QM31::ZERO })).add((if flags[42] { h[53] } else { QM31::ZERO }));
    |

warning: unnecessary parentheses around method argument
   --> /home/dombarker/project-offloads/aspis-v8-performance-20260908.scS2Jz/crates/aspis-statement/../../docs/research/v8-no-work-100-20260907/experiments/copy_scatter_plan_generated.rs:130:547
    |
130 | ...s[30] { h[41] } else { QM31::ZERO })).add((if flags[31] { h[42] } else { QM31::ZERO })).add((if flags[32] { h[43] } else { QM31:...
    |                                              ^                                          ^
    |
help: remove these parentheses
    |
130 -     scratch[45]=(if flags[0] { h[33].add(h[63]).add(n[40].add(n[57])) } else { QM31::ZERO }).add((if flags[1] { n[51] } else { QM31::ZERO })).add((if flags[23] { h[34] } else { QM31::ZERO })).add((if flags[24] { h[35] } else { QM31::ZERO })).add((if flags[25] { h[36] } else { QM31::ZERO })).add((if flags[26] { h[37] } else { QM31::ZERO })).add((if flags[27] { h[38] } else { QM31::ZERO })).add((if flags[28] { h[39] } else { QM31::ZERO })).add((if flags[29] { h[40] } else { QM31::ZERO })).add((if flags[30] { h[41] } else { QM31::ZERO })).add((if flags[31] { h[42] } else { QM31::ZERO })).add((if flags[32] { h[43] } else { QM31::ZERO })).add((if flags[33] { h[44] } else { QM31::ZERO })).add((if flags[34] { h[45] } else { QM31::ZERO })).add((if flags[35] { h[46] } else { QM31::ZERO })).add((if flags[36] { h[47] } else { QM31::ZERO })).add((if flags[37] { h[48] } else { QM31::ZERO })).add((if flags[38] { h[49] } else { QM31::ZERO })).add((if flags[39] { h[50] } else { QM31::ZERO })).add((if flags[40] { h[51] } else { QM31::ZERO })).add((if flags[41] { h[52] } else { QM31::ZERO })).add((if flags[42] { h[53] } else { QM31::ZERO }));
130 +     scratch[45]=(if flags[0] { h[33].add(h[63]).add(n[40].add(n[57])) } else { QM31::ZERO }).add((if flags[1] { n[51] } else { QM31::ZERO })).add((if flags[23] { h[34] } else { QM31::ZERO })).add((if flags[24] { h[35] } else { QM31::ZERO })).add((if flags[25] { h[36] } else { QM31::ZERO })).add((if flags[26] { h[37] } else { QM31::ZERO })).add((if flags[27] { h[38] } else { QM31::ZERO })).add((if flags[28] { h[39] } else { QM31::ZERO })).add((if flags[29] { h[40] } else { QM31::ZERO })).add((if flags[30] { h[41] } else { QM31::ZERO })).add(if flags[31] { h[42] } else { QM31::ZERO }).add((if flags[32] { h[43] } else { QM31::ZERO })).add((if flags[33] { h[44] } else { QM31::ZERO })).add((if flags[34] { h[45] } else { QM31::ZERO })).add((if flags[35] { h[46] } else { QM31::ZERO })).add((if flags[36] { h[47] } else { QM31::ZERO })).add((if flags[37] { h[48] } else { QM31::ZERO })).add((if flags[38] { h[49] } else { QM31::ZERO })).add((if flags[39] { h[50] } else { QM31::ZERO })).add((if flags[40] { h[51] } else { QM31::ZERO })).add((if flags[41] { h[52] } else { QM31::ZERO })).add((if flags[42] { h[53] } else { QM31::ZERO }));
    |

warning: unnecessary parentheses around method argument
   --> /home/dombarker/project-offloads/aspis-v8-performance-20260908.scS2Jz/crates/aspis-statement/../../docs/research/v8-no-work-100-20260907/experiments/copy_scatter_plan_generated.rs:130:497
    |
130 | ...s[29] { h[40] } else { QM31::ZERO })).add((if flags[30] { h[41] } else { QM31::ZERO })).add((if flags[31] { h[42] } else { QM31:...
    |                                              ^                                          ^
    |
help: remove these parentheses
    |
130 -     scratch[45]=(if flags[0] { h[33].add(h[63]).add(n[40].add(n[57])) } else { QM31::ZERO }).add((if flags[1] { n[51] } else { QM31::ZERO })).add((if flags[23] { h[34] } else { QM31::ZERO })).add((if flags[24] { h[35] } else { QM31::ZERO })).add((if flags[25] { h[36] } else { QM31::ZERO })).add((if flags[26] { h[37] } else { QM31::ZERO })).add((if flags[27] { h[38] } else { QM31::ZERO })).add((if flags[28] { h[39] } else { QM31::ZERO })).add((if flags[29] { h[40] } else { QM31::ZERO })).add((if flags[30] { h[41] } else { QM31::ZERO })).add((if flags[31] { h[42] } else { QM31::ZERO })).add((if flags[32] { h[43] } else { QM31::ZERO })).add((if flags[33] { h[44] } else { QM31::ZERO })).add((if flags[34] { h[45] } else { QM31::ZERO })).add((if flags[35] { h[46] } else { QM31::ZERO })).add((if flags[36] { h[47] } else { QM31::ZERO })).add((if flags[37] { h[48] } else { QM31::ZERO })).add((if flags[38] { h[49] } else { QM31::ZERO })).add((if flags[39] { h[50] } else { QM31::ZERO })).add((if flags[40] { h[51] } else { QM31::ZERO })).add((if flags[41] { h[52] } else { QM31::ZERO })).add((if flags[42] { h[53] } else { QM31::ZERO }));
130 +     scratch[45]=(if flags[0] { h[33].add(h[63]).add(n[40].add(n[57])) } else { QM31::ZERO }).add((if flags[1] { n[51] } else { QM31::ZERO })).add((if flags[23] { h[34] } else { QM31::ZERO })).add((if flags[24] { h[35] } else { QM31::ZERO })).add((if flags[25] { h[36] } else { QM31::ZERO })).add((if flags[26] { h[37] } else { QM31::ZERO })).add((if flags[27] { h[38] } else { QM31::ZERO })).add((if flags[28] { h[39] } else { QM31::ZERO })).add((if flags[29] { h[40] } else { QM31::ZERO })).add(if flags[30] { h[41] } else { QM31::ZERO }).add((if flags[31] { h[42] } else { QM31::ZERO })).add((if flags[32] { h[43] } else { QM31::ZERO })).add((if flags[33] { h[44] } else { QM31::ZERO })).add((if flags[34] { h[45] } else { QM31::ZERO })).add((if flags[35] { h[46] } else { QM31::ZERO })).add((if flags[36] { h[47] } else { QM31::ZERO })).add((if flags[37] { h[48] } else { QM31::ZERO })).add((if flags[38] { h[49] } else { QM31::ZERO })).add((if flags[39] { h[50] } else { QM31::ZERO })).add((if flags[40] { h[51] } else { QM31::ZERO })).add((if flags[41] { h[52] } else { QM31::ZERO })).add((if flags[42] { h[53] } else { QM31::ZERO }));
    |

warning: unnecessary parentheses around method argument
   --> /home/dombarker/project-offloads/aspis-v8-performance-20260908.scS2Jz/crates/aspis-statement/../../docs/research/v8-no-work-100-20260907/experiments/copy_scatter_plan_generated.rs:130:447
    |
130 | ...s[28] { h[39] } else { QM31::ZERO })).add((if flags[29] { h[40] } else { QM31::ZERO })).add((if flags[30] { h[41] } else { QM31:...
    |                                              ^                                          ^
    |
help: remove these parentheses
    |
130 -     scratch[45]=(if flags[0] { h[33].add(h[63]).add(n[40].add(n[57])) } else { QM31::ZERO }).add((if flags[1] { n[51] } else { QM31::ZERO })).add((if flags[23] { h[34] } else { QM31::ZERO })).add((if flags[24] { h[35] } else { QM31::ZERO })).add((if flags[25] { h[36] } else { QM31::ZERO })).add((if flags[26] { h[37] } else { QM31::ZERO })).add((if flags[27] { h[38] } else { QM31::ZERO })).add((if flags[28] { h[39] } else { QM31::ZERO })).add((if flags[29] { h[40] } else { QM31::ZERO })).add((if flags[30] { h[41] } else { QM31::ZERO })).add((if flags[31] { h[42] } else { QM31::ZERO })).add((if flags[32] { h[43] } else { QM31::ZERO })).add((if flags[33] { h[44] } else { QM31::ZERO })).add((if flags[34] { h[45] } else { QM31::ZERO })).add((if flags[35] { h[46] } else { QM31::ZERO })).add((if flags[36] { h[47] } else { QM31::ZERO })).add((if flags[37] { h[48] } else { QM31::ZERO })).add((if flags[38] { h[49] } else { QM31::ZERO })).add((if flags[39] { h[50] } else { QM31::ZERO })).add((if flags[40] { h[51] } else { QM31::ZERO })).add((if flags[41] { h[52] } else { QM31::ZERO })).add((if flags[42] { h[53] } else { QM31::ZERO }));
130 +     scratch[45]=(if flags[0] { h[33].add(h[63]).add(n[40].add(n[57])) } else { QM31::ZERO }).add((if flags[1] { n[51] } else { QM31::ZERO })).add((if flags[23] { h[34] } else { QM31::ZERO })).add((if flags[24] { h[35] } else { QM31::ZERO })).add((if flags[25] { h[36] } else { QM31::ZERO })).add((if flags[26] { h[37] } else { QM31::ZERO })).add((if flags[27] { h[38] } else { QM31::ZERO })).add((if flags[28] { h[39] } else { QM31::ZERO })).add(if flags[29] { h[40] } else { QM31::ZERO }).add((if flags[30] { h[41] } else { QM31::ZERO })).add((if flags[31] { h[42] } else { QM31::ZERO })).add((if flags[32] { h[43] } else { QM31::ZERO })).add((if flags[33] { h[44] } else { QM31::ZERO })).add((if flags[34] { h[45] } else { QM31::ZERO })).add((if flags[35] { h[46] } else { QM31::ZERO })).add((if flags[36] { h[47] } else { QM31::ZERO })).add((if flags[37] { h[48] } else { QM31::ZERO })).add((if flags[38] { h[49] } else { QM31::ZERO })).add((if flags[39] { h[50] } else { QM31::ZERO })).add((if flags[40] { h[51] } else { QM31::ZERO })).add((if flags[41] { h[52] } else { QM31::ZERO })).add((if flags[42] { h[53] } else { QM31::ZERO }));
    |

warning: unnecessary parentheses around method argument
   --> /home/dombarker/project-offloads/aspis-v8-performance-20260908.scS2Jz/crates/aspis-statement/../../docs/research/v8-no-work-100-20260907/experiments/copy_scatter_plan_generated.rs:130:397
    |
130 | ...s[27] { h[38] } else { QM31::ZERO })).add((if flags[28] { h[39] } else { QM31::ZERO })).add((if flags[29] { h[40] } else { QM31:...
    |                                              ^                                          ^
    |
help: remove these parentheses
    |
130 -     scratch[45]=(if flags[0] { h[33].add(h[63]).add(n[40].add(n[57])) } else { QM31::ZERO }).add((if flags[1] { n[51] } else { QM31::ZERO })).add((if flags[23] { h[34] } else { QM31::ZERO })).add((if flags[24] { h[35] } else { QM31::ZERO })).add((if flags[25] { h[36] } else { QM31::ZERO })).add((if flags[26] { h[37] } else { QM31::ZERO })).add((if flags[27] { h[38] } else { QM31::ZERO })).add((if flags[28] { h[39] } else { QM31::ZERO })).add((if flags[29] { h[40] } else { QM31::ZERO })).add((if flags[30] { h[41] } else { QM31::ZERO })).add((if flags[31] { h[42] } else { QM31::ZERO })).add((if flags[32] { h[43] } else { QM31::ZERO })).add((if flags[33] { h[44] } else { QM31::ZERO })).add((if flags[34] { h[45] } else { QM31::ZERO })).add((if flags[35] { h[46] } else { QM31::ZERO })).add((if flags[36] { h[47] } else { QM31::ZERO })).add((if flags[37] { h[48] } else { QM31::ZERO })).add((if flags[38] { h[49] } else { QM31::ZERO })).add((if flags[39] { h[50] } else { QM31::ZERO })).add((if flags[40] { h[51] } else { QM31::ZERO })).add((if flags[41] { h[52] } else { QM31::ZERO })).add((if flags[42] { h[53] } else { QM31::ZERO }));
130 +     scratch[45]=(if flags[0] { h[33].add(h[63]).add(n[40].add(n[57])) } else { QM31::ZERO }).add((if flags[1] { n[51] } else { QM31::ZERO })).add((if flags[23] { h[34] } else { QM31::ZERO })).add((if flags[24] { h[35] } else { QM31::ZERO })).add((if flags[25] { h[36] } else { QM31::ZERO })).add((if flags[26] { h[37] } else { QM31::ZERO })).add((if flags[27] { h[38] } else { QM31::ZERO })).add(if flags[28] { h[39] } else { QM31::ZERO }).add((if flags[29] { h[40] } else { QM31::ZERO })).add((if flags[30] { h[41] } else { QM31::ZERO })).add((if flags[31] { h[42] } else { QM31::ZERO })).add((if flags[32] { h[43] } else { QM31::ZERO })).add((if flags[33] { h[44] } else { QM31::ZERO })).add((if flags[34] { h[45] } else { QM31::ZERO })).add((if flags[35] { h[46] } else { QM31::ZERO })).add((if flags[36] { h[47] } else { QM31::ZERO })).add((if flags[37] { h[48] } else { QM31::ZERO })).add((if flags[38] { h[49] } else { QM31::ZERO })).add((if flags[39] { h[50] } else { QM31::ZERO })).add((if flags[40] { h[51] } else { QM31::ZERO })).add((if flags[41] { h[52] } else { QM31::ZERO })).add((if flags[42] { h[53] } else { QM31::ZERO }));
    |

warning: unnecessary parentheses around method argument
   --> /home/dombarker/project-offloads/aspis-v8-performance-20260908.scS2Jz/crates/aspis-statement/../../docs/research/v8-no-work-100-20260907/experiments/copy_scatter_plan_generated.rs:130:347
    |
130 | ...s[26] { h[37] } else { QM31::ZERO })).add((if flags[27] { h[38] } else { QM31::ZERO })).add((if flags[28] { h[39] } else { QM31:...
    |                                              ^                                          ^
    |
help: remove these parentheses
    |
130 -     scratch[45]=(if flags[0] { h[33].add(h[63]).add(n[40].add(n[57])) } else { QM31::ZERO }).add((if flags[1] { n[51] } else { QM31::ZERO })).add((if flags[23] { h[34] } else { QM31::ZERO })).add((if flags[24] { h[35] } else { QM31::ZERO })).add((if flags[25] { h[36] } else { QM31::ZERO })).add((if flags[26] { h[37] } else { QM31::ZERO })).add((if flags[27] { h[38] } else { QM31::ZERO })).add((if flags[28] { h[39] } else { QM31::ZERO })).add((if flags[29] { h[40] } else { QM31::ZERO })).add((if flags[30] { h[41] } else { QM31::ZERO })).add((if flags[31] { h[42] } else { QM31::ZERO })).add((if flags[32] { h[43] } else { QM31::ZERO })).add((if flags[33] { h[44] } else { QM31::ZERO })).add((if flags[34] { h[45] } else { QM31::ZERO })).add((if flags[35] { h[46] } else { QM31::ZERO })).add((if flags[36] { h[47] } else { QM31::ZERO })).add((if flags[37] { h[48] } else { QM31::ZERO })).add((if flags[38] { h[49] } else { QM31::ZERO })).add((if flags[39] { h[50] } else { QM31::ZERO })).add((if flags[40] { h[51] } else { QM31::ZERO })).add((if flags[41] { h[52] } else { QM31::ZERO })).add((if flags[42] { h[53] } else { QM31::ZERO }));
130 +     scratch[45]=(if flags[0] { h[33].add(h[63]).add(n[40].add(n[57])) } else { QM31::ZERO }).add((if flags[1] { n[51] } else { QM31::ZERO })).add((if flags[23] { h[34] } else { QM31::ZERO })).add((if flags[24] { h[35] } else { QM31::ZERO })).add((if flags[25] { h[36] } else { QM31::ZERO })).add((if flags[26] { h[37] } else { QM31::ZERO })).add(if flags[27] { h[38] } else { QM31::ZERO }).add((if flags[28] { h[39] } else { QM31::ZERO })).add((if flags[29] { h[40] } else { QM31::ZERO })).add((if flags[30] { h[41] } else { QM31::ZERO })).add((if flags[31] { h[42] } else { QM31::ZERO })).add((if flags[32] { h[43] } else { QM31::ZERO })).add((if flags[33] { h[44] } else { QM31::ZERO })).add((if flags[34] { h[45] } else { QM31::ZERO })).add((if flags[35] { h[46] } else { QM31::ZERO })).add((if flags[36] { h[47] } else { QM31::ZERO })).add((if flags[37] { h[48] } else { QM31::ZERO })).add((if flags[38] { h[49] } else { QM31::ZERO })).add((if flags[39] { h[50] } else { QM31::ZERO })).add((if flags[40] { h[51] } else { QM31::ZERO })).add((if flags[41] { h[52] } else { QM31::ZERO })).add((if flags[42] { h[53] } else { QM31::ZERO }));
    |

warning: unnecessary parentheses around method argument
   --> /home/dombarker/project-offloads/aspis-v8-performance-20260908.scS2Jz/crates/aspis-statement/../../docs/research/v8-no-work-100-20260907/experiments/copy_scatter_plan_generated.rs:130:297
    |
130 | ...s[25] { h[36] } else { QM31::ZERO })).add((if flags[26] { h[37] } else { QM31::ZERO })).add((if flags[27] { h[38] } else { QM31:...
    |                                              ^                                          ^
    |
help: remove these parentheses
    |
130 -     scratch[45]=(if flags[0] { h[33].add(h[63]).add(n[40].add(n[57])) } else { QM31::ZERO }).add((if flags[1] { n[51] } else { QM31::ZERO })).add((if flags[23] { h[34] } else { QM31::ZERO })).add((if flags[24] { h[35] } else { QM31::ZERO })).add((if flags[25] { h[36] } else { QM31::ZERO })).add((if flags[26] { h[37] } else { QM31::ZERO })).add((if flags[27] { h[38] } else { QM31::ZERO })).add((if flags[28] { h[39] } else { QM31::ZERO })).add((if flags[29] { h[40] } else { QM31::ZERO })).add((if flags[30] { h[41] } else { QM31::ZERO })).add((if flags[31] { h[42] } else { QM31::ZERO })).add((if flags[32] { h[43] } else { QM31::ZERO })).add((if flags[33] { h[44] } else { QM31::ZERO })).add((if flags[34] { h[45] } else { QM31::ZERO })).add((if flags[35] { h[46] } else { QM31::ZERO })).add((if flags[36] { h[47] } else { QM31::ZERO })).add((if flags[37] { h[48] } else { QM31::ZERO })).add((if flags[38] { h[49] } else { QM31::ZERO })).add((if flags[39] { h[50] } else { QM31::ZERO })).add((if flags[40] { h[51] } else { QM31::ZERO })).add((if flags[41] { h[52] } else { QM31::ZERO })).add((if flags[42] { h[53] } else { QM31::ZERO }));
130 +     scratch[45]=(if flags[0] { h[33].add(h[63]).add(n[40].add(n[57])) } else { QM31::ZERO }).add((if flags[1] { n[51] } else { QM31::ZERO })).add((if flags[23] { h[34] } else { QM31::ZERO })).add((if flags[24] { h[35] } else { QM31::ZERO })).add((if flags[25] { h[36] } else { QM31::ZERO })).add(if flags[26] { h[37] } else { QM31::ZERO }).add((if flags[27] { h[38] } else { QM31::ZERO })).add((if flags[28] { h[39] } else { QM31::ZERO })).add((if flags[29] { h[40] } else { QM31::ZERO })).add((if flags[30] { h[41] } else { QM31::ZERO })).add((if flags[31] { h[42] } else { QM31::ZERO })).add((if flags[32] { h[43] } else { QM31::ZERO })).add((if flags[33] { h[44] } else { QM31::ZERO })).add((if flags[34] { h[45] } else { QM31::ZERO })).add((if flags[35] { h[46] } else { QM31::ZERO })).add((if flags[36] { h[47] } else { QM31::ZERO })).add((if flags[37] { h[48] } else { QM31::ZERO })).add((if flags[38] { h[49] } else { QM31::ZERO })).add((if flags[39] { h[50] } else { QM31::ZERO })).add((if flags[40] { h[51] } else { QM31::ZERO })).add((if flags[41] { h[52] } else { QM31::ZERO })).add((if flags[42] { h[53] } else { QM31::ZERO }));
    |

warning: unnecessary parentheses around method argument
   --> /home/dombarker/project-offloads/aspis-v8-performance-20260908.scS2Jz/crates/aspis-statement/../../docs/research/v8-no-work-100-20260907/experiments/copy_scatter_plan_generated.rs:130:247
    |
130 | ...s[24] { h[35] } else { QM31::ZERO })).add((if flags[25] { h[36] } else { QM31::ZERO })).add((if flags[26] { h[37] } else { QM31:...
    |                                              ^                                          ^
    |
help: remove these parentheses
    |
130 -     scratch[45]=(if flags[0] { h[33].add(h[63]).add(n[40].add(n[57])) } else { QM31::ZERO }).add((if flags[1] { n[51] } else { QM31::ZERO })).add((if flags[23] { h[34] } else { QM31::ZERO })).add((if flags[24] { h[35] } else { QM31::ZERO })).add((if flags[25] { h[36] } else { QM31::ZERO })).add((if flags[26] { h[37] } else { QM31::ZERO })).add((if flags[27] { h[38] } else { QM31::ZERO })).add((if flags[28] { h[39] } else { QM31::ZERO })).add((if flags[29] { h[40] } else { QM31::ZERO })).add((if flags[30] { h[41] } else { QM31::ZERO })).add((if flags[31] { h[42] } else { QM31::ZERO })).add((if flags[32] { h[43] } else { QM31::ZERO })).add((if flags[33] { h[44] } else { QM31::ZERO })).add((if flags[34] { h[45] } else { QM31::ZERO })).add((if flags[35] { h[46] } else { QM31::ZERO })).add((if flags[36] { h[47] } else { QM31::ZERO })).add((if flags[37] { h[48] } else { QM31::ZERO })).add((if flags[38] { h[49] } else { QM31::ZERO })).add((if flags[39] { h[50] } else { QM31::ZERO })).add((if flags[40] { h[51] } else { QM31::ZERO })).add((if flags[41] { h[52] } else { QM31::ZERO })).add((if flags[42] { h[53] } else { QM31::ZERO }));
130 +     scratch[45]=(if flags[0] { h[33].add(h[63]).add(n[40].add(n[57])) } else { QM31::ZERO }).add((if flags[1] { n[51] } else { QM31::ZERO })).add((if flags[23] { h[34] } else { QM31::ZERO })).add((if flags[24] { h[35] } else { QM31::ZERO })).add(if flags[25] { h[36] } else { QM31::ZERO }).add((if flags[26] { h[37] } else { QM31::ZERO })).add((if flags[27] { h[38] } else { QM31::ZERO })).add((if flags[28] { h[39] } else { QM31::ZERO })).add((if flags[29] { h[40] } else { QM31::ZERO })).add((if flags[30] { h[41] } else { QM31::ZERO })).add((if flags[31] { h[42] } else { QM31::ZERO })).add((if flags[32] { h[43] } else { QM31::ZERO })).add((if flags[33] { h[44] } else { QM31::ZERO })).add((if flags[34] { h[45] } else { QM31::ZERO })).add((if flags[35] { h[46] } else { QM31::ZERO })).add((if flags[36] { h[47] } else { QM31::ZERO })).add((if flags[37] { h[48] } else { QM31::ZERO })).add((if flags[38] { h[49] } else { QM31::ZERO })).add((if flags[39] { h[50] } else { QM31::ZERO })).add((if flags[40] { h[51] } else { QM31::ZERO })).add((if flags[41] { h[52] } else { QM31::ZERO })).add((if flags[42] { h[53] } else { QM31::ZERO }));
    |

warning: unnecessary parentheses around method argument
   --> /home/dombarker/project-offloads/aspis-v8-performance-20260908.scS2Jz/crates/aspis-statement/../../docs/research/v8-no-work-100-20260907/experiments/copy_scatter_plan_generated.rs:130:197
    |
130 | ...s[23] { h[34] } else { QM31::ZERO })).add((if flags[24] { h[35] } else { QM31::ZERO })).add((if flags[25] { h[36] } else { QM31:...
    |                                              ^                                          ^
    |
help: remove these parentheses
    |
130 -     scratch[45]=(if flags[0] { h[33].add(h[63]).add(n[40].add(n[57])) } else { QM31::ZERO }).add((if flags[1] { n[51] } else { QM31::ZERO })).add((if flags[23] { h[34] } else { QM31::ZERO })).add((if flags[24] { h[35] } else { QM31::ZERO })).add((if flags[25] { h[36] } else { QM31::ZERO })).add((if flags[26] { h[37] } else { QM31::ZERO })).add((if flags[27] { h[38] } else { QM31::ZERO })).add((if flags[28] { h[39] } else { QM31::ZERO })).add((if flags[29] { h[40] } else { QM31::ZERO })).add((if flags[30] { h[41] } else { QM31::ZERO })).add((if flags[31] { h[42] } else { QM31::ZERO })).add((if flags[32] { h[43] } else { QM31::ZERO })).add((if flags[33] { h[44] } else { QM31::ZERO })).add((if flags[34] { h[45] } else { QM31::ZERO })).add((if flags[35] { h[46] } else { QM31::ZERO })).add((if flags[36] { h[47] } else { QM31::ZERO })).add((if flags[37] { h[48] } else { QM31::ZERO })).add((if flags[38] { h[49] } else { QM31::ZERO })).add((if flags[39] { h[50] } else { QM31::ZERO })).add((if flags[40] { h[51] } else { QM31::ZERO })).add((if flags[41] { h[52] } else { QM31::ZERO })).add((if flags[42] { h[53] } else { QM31::ZERO }));
130 +     scratch[45]=(if flags[0] { h[33].add(h[63]).add(n[40].add(n[57])) } else { QM31::ZERO }).add((if flags[1] { n[51] } else { QM31::ZERO })).add((if flags[23] { h[34] } else { QM31::ZERO })).add(if flags[24] { h[35] } else { QM31::ZERO }).add((if flags[25] { h[36] } else { QM31::ZERO })).add((if flags[26] { h[37] } else { QM31::ZERO })).add((if flags[27] { h[38] } else { QM31::ZERO })).add((if flags[28] { h[39] } else { QM31::ZERO })).add((if flags[29] { h[40] } else { QM31::ZERO })).add((if flags[30] { h[41] } else { QM31::ZERO })).add((if flags[31] { h[42] } else { QM31::ZERO })).add((if flags[32] { h[43] } else { QM31::ZERO })).add((if flags[33] { h[44] } else { QM31::ZERO })).add((if flags[34] { h[45] } else { QM31::ZERO })).add((if flags[35] { h[46] } else { QM31::ZERO })).add((if flags[36] { h[47] } else { QM31::ZERO })).add((if flags[37] { h[48] } else { QM31::ZERO })).add((if flags[38] { h[49] } else { QM31::ZERO })).add((if flags[39] { h[50] } else { QM31::ZERO })).add((if flags[40] { h[51] } else { QM31::ZERO })).add((if flags[41] { h[52] } else { QM31::ZERO })).add((if flags[42] { h[53] } else { QM31::ZERO }));
    |

warning: unnecessary parentheses around method argument
   --> /home/dombarker/project-offloads/aspis-v8-performance-20260908.scS2Jz/crates/aspis-statement/../../docs/research/v8-no-work-100-20260907/experiments/copy_scatter_plan_generated.rs:130:147
    |
130 | ...gs[1] { n[51] } else { QM31::ZERO })).add((if flags[23] { h[34] } else { QM31::ZERO })).add((if flags[24] { h[35] } else { QM31:...
    |                                              ^                                          ^
    |
help: remove these parentheses
    |
130 -     scratch[45]=(if flags[0] { h[33].add(h[63]).add(n[40].add(n[57])) } else { QM31::ZERO }).add((if flags[1] { n[51] } else { QM31::ZERO })).add((if flags[23] { h[34] } else { QM31::ZERO })).add((if flags[24] { h[35] } else { QM31::ZERO })).add((if flags[25] { h[36] } else { QM31::ZERO })).add((if flags[26] { h[37] } else { QM31::ZERO })).add((if flags[27] { h[38] } else { QM31::ZERO })).add((if flags[28] { h[39] } else { QM31::ZERO })).add((if flags[29] { h[40] } else { QM31::ZERO })).add((if flags[30] { h[41] } else { QM31::ZERO })).add((if flags[31] { h[42] } else { QM31::ZERO })).add((if flags[32] { h[43] } else { QM31::ZERO })).add((if flags[33] { h[44] } else { QM31::ZERO })).add((if flags[34] { h[45] } else { QM31::ZERO })).add((if flags[35] { h[46] } else { QM31::ZERO })).add((if flags[36] { h[47] } else { QM31::ZERO })).add((if flags[37] { h[48] } else { QM31::ZERO })).add((if flags[38] { h[49] } else { QM31::ZERO })).add((if flags[39] { h[50] } else { QM31::ZERO })).add((if flags[40] { h[51] } else { QM31::ZERO })).add((if flags[41] { h[52] } else { QM31::ZERO })).add((if flags[42] { h[53] } else { QM31::ZERO }));
130 +     scratch[45]=(if flags[0] { h[33].add(h[63]).add(n[40].add(n[57])) } else { QM31::ZERO }).add((if flags[1] { n[51] } else { QM31::ZERO })).add(if flags[23] { h[34] } else { QM31::ZERO }).add((if flags[24] { h[35] } else { QM31::ZERO })).add((if flags[25] { h[36] } else { QM31::ZERO })).add((if flags[26] { h[37] } else { QM31::ZERO })).add((if flags[27] { h[38] } else { QM31::ZERO })).add((if flags[28] { h[39] } else { QM31::ZERO })).add((if flags[29] { h[40] } else { QM31::ZERO })).add((if flags[30] { h[41] } else { QM31::ZERO })).add((if flags[31] { h[42] } else { QM31::ZERO })).add((if flags[32] { h[43] } else { QM31::ZERO })).add((if flags[33] { h[44] } else { QM31::ZERO })).add((if flags[34] { h[45] } else { QM31::ZERO })).add((if flags[35] { h[46] } else { QM31::ZERO })).add((if flags[36] { h[47] } else { QM31::ZERO })).add((if flags[37] { h[48] } else { QM31::ZERO })).add((if flags[38] { h[49] } else { QM31::ZERO })).add((if flags[39] { h[50] } else { QM31::ZERO })).add((if flags[40] { h[51] } else { QM31::ZERO })).add((if flags[41] { h[52] } else { QM31::ZERO })).add((if flags[42] { h[53] } else { QM31::ZERO }));
    |

warning: unnecessary parentheses around method argument
   --> /home/dombarker/project-offloads/aspis-v8-performance-20260908.scS2Jz/crates/aspis-statement/../../docs/research/v8-no-work-100-20260907/experiments/copy_scatter_plan_generated.rs:130:98
    |
130 | ...0].add(n[57])) } else { QM31::ZERO }).add((if flags[1] { n[51] } else { QM31::ZERO })).add((if flags[23] { h[34] } else { QM31::...
    |                                              ^                                         ^
    |
help: remove these parentheses
    |
130 -     scratch[45]=(if flags[0] { h[33].add(h[63]).add(n[40].add(n[57])) } else { QM31::ZERO }).add((if flags[1] { n[51] } else { QM31::ZERO })).add((if flags[23] { h[34] } else { QM31::ZERO })).add((if flags[24] { h[35] } else { QM31::ZERO })).add((if flags[25] { h[36] } else { QM31::ZERO })).add((if flags[26] { h[37] } else { QM31::ZERO })).add((if flags[27] { h[38] } else { QM31::ZERO })).add((if flags[28] { h[39] } else { QM31::ZERO })).add((if flags[29] { h[40] } else { QM31::ZERO })).add((if flags[30] { h[41] } else { QM31::ZERO })).add((if flags[31] { h[42] } else { QM31::ZERO })).add((if flags[32] { h[43] } else { QM31::ZERO })).add((if flags[33] { h[44] } else { QM31::ZERO })).add((if flags[34] { h[45] } else { QM31::ZERO })).add((if flags[35] { h[46] } else { QM31::ZERO })).add((if flags[36] { h[47] } else { QM31::ZERO })).add((if flags[37] { h[48] } else { QM31::ZERO })).add((if flags[38] { h[49] } else { QM31::ZERO })).add((if flags[39] { h[50] } else { QM31::ZERO })).add((if flags[40] { h[51] } else { QM31::ZERO })).add((if flags[41] { h[52] } else { QM31::ZERO })).add((if flags[42] { h[53] } else { QM31::ZERO }));
130 +     scratch[45]=(if flags[0] { h[33].add(h[63]).add(n[40].add(n[57])) } else { QM31::ZERO }).add(if flags[1] { n[51] } else { QM31::ZERO }).add((if flags[23] { h[34] } else { QM31::ZERO })).add((if flags[24] { h[35] } else { QM31::ZERO })).add((if flags[25] { h[36] } else { QM31::ZERO })).add((if flags[26] { h[37] } else { QM31::ZERO })).add((if flags[27] { h[38] } else { QM31::ZERO })).add((if flags[28] { h[39] } else { QM31::ZERO })).add((if flags[29] { h[40] } else { QM31::ZERO })).add((if flags[30] { h[41] } else { QM31::ZERO })).add((if flags[31] { h[42] } else { QM31::ZERO })).add((if flags[32] { h[43] } else { QM31::ZERO })).add((if flags[33] { h[44] } else { QM31::ZERO })).add((if flags[34] { h[45] } else { QM31::ZERO })).add((if flags[35] { h[46] } else { QM31::ZERO })).add((if flags[36] { h[47] } else { QM31::ZERO })).add((if flags[37] { h[48] } else { QM31::ZERO })).add((if flags[38] { h[49] } else { QM31::ZERO })).add((if flags[39] { h[50] } else { QM31::ZERO })).add((if flags[40] { h[51] } else { QM31::ZERO })).add((if flags[41] { h[52] } else { QM31::ZERO })).add((if flags[42] { h[53] } else { QM31::ZERO }));
    |

warning: unnecessary parentheses around assigned value
   --> /home/dombarker/project-offloads/aspis-v8-performance-20260908.scS2Jz/crates/aspis-statement/../../docs/research/v8-no-work-100-20260907/experiments/copy_scatter_plan_generated.rs:131:17
    |
131 |     scratch[46]=(if flags[0] { n[4] } else { QM31::ZERO });
    |                 ^                                        ^
    |
help: remove these parentheses
    |
131 -     scratch[46]=(if flags[0] { n[4] } else { QM31::ZERO });
131 +     scratch[46]=if flags[0] { n[4] } else { QM31::ZERO };
    |

warning: unnecessary parentheses around assigned value
   --> /home/dombarker/project-offloads/aspis-v8-performance-20260908.scS2Jz/crates/aspis-statement/../../docs/research/v8-no-work-100-20260907/experiments/copy_scatter_plan_generated.rs:132:17
    |
132 |     scratch[47]=(if flags[1] { h[63] } else { QM31::ZERO });
    |                 ^                                         ^
    |
help: remove these parentheses
    |
132 -     scratch[47]=(if flags[1] { h[63] } else { QM31::ZERO });
132 +     scratch[47]=if flags[1] { h[63] } else { QM31::ZERO };
    |

warning: unnecessary parentheses around assigned value
   --> /home/dombarker/project-offloads/aspis-v8-performance-20260908.scS2Jz/crates/aspis-statement/../../docs/research/v8-no-work-100-20260907/experiments/copy_scatter_plan_generated.rs:133:17
    |
133 |     scratch[48]=(if flags[0] { h[63] } else { QM31::ZERO });
    |                 ^                                         ^
    |
help: remove these parentheses
    |
133 -     scratch[48]=(if flags[0] { h[63] } else { QM31::ZERO });
133 +     scratch[48]=if flags[0] { h[63] } else { QM31::ZERO };
    |

warning: unnecessary parentheses around assigned value
   --> /home/dombarker/project-offloads/aspis-v8-performance-20260908.scS2Jz/crates/aspis-statement/../../docs/research/v8-no-work-100-20260907/experiments/copy_scatter_plan_generated.rs:134:17
    |
134 |     scratch[49]=(if flags[0] { n[4] } else { QM31::ZERO });
    |                 ^                                        ^
    |
help: remove these parentheses
    |
134 -     scratch[49]=(if flags[0] { n[4] } else { QM31::ZERO });
134 +     scratch[49]=if flags[0] { n[4] } else { QM31::ZERO };
    |

warning: unnecessary parentheses around assigned value
   --> /home/dombarker/project-offloads/aspis-v8-performance-20260908.scS2Jz/crates/aspis-statement/../../docs/research/v8-no-work-100-20260907/experiments/copy_scatter_plan_generated.rs:135:17
    |
135 |     scratch[50]=(if flags[0] { h[63] } else { QM31::ZERO });
    |                 ^                                         ^
    |
help: remove these parentheses
    |
135 -     scratch[50]=(if flags[0] { h[63] } else { QM31::ZERO });
135 +     scratch[50]=if flags[0] { h[63] } else { QM31::ZERO };
    |

warning: unnecessary parentheses around assigned value
   --> /home/dombarker/project-offloads/aspis-v8-performance-20260908.scS2Jz/crates/aspis-statement/../../docs/research/v8-no-work-100-20260907/experiments/copy_scatter_plan_generated.rs:136:17
    |
136 |     scratch[51]=(if flags[0] { h[63] } else { QM31::ZERO });
    |                 ^                                         ^
    |
help: remove these parentheses
    |
136 -     scratch[51]=(if flags[0] { h[63] } else { QM31::ZERO });
136 +     scratch[51]=if flags[0] { h[63] } else { QM31::ZERO };
    |

warning: unnecessary parentheses around assigned value
   --> /home/dombarker/project-offloads/aspis-v8-performance-20260908.scS2Jz/crates/aspis-statement/../../docs/research/v8-no-work-100-20260907/experiments/copy_scatter_plan_generated.rs:137:17
    |
137 |     scratch[52]=(if flags[0] { n[41] } else { QM31::ZERO });
    |                 ^                                         ^
    |
help: remove these parentheses
    |
137 -     scratch[52]=(if flags[0] { n[41] } else { QM31::ZERO });
137 +     scratch[52]=if flags[0] { n[41] } else { QM31::ZERO };
    |

warning: unnecessary parentheses around assigned value
   --> /home/dombarker/project-offloads/aspis-v8-performance-20260908.scS2Jz/crates/aspis-statement/../../docs/research/v8-no-work-100-20260907/experiments/copy_scatter_plan_generated.rs:138:17
    |
138 |     scratch[53]=(if flags[1] { h[63] } else { QM31::ZERO });
    |                 ^                                         ^
    |
help: remove these parentheses
    |
138 -     scratch[53]=(if flags[1] { h[63] } else { QM31::ZERO });
138 +     scratch[53]=if flags[1] { h[63] } else { QM31::ZERO };
    |

warning: unnecessary parentheses around method argument
   --> /home/dombarker/project-offloads/aspis-v8-performance-20260908.scS2Jz/crates/aspis-statement/../../docs/research/v8-no-work-100-20260907/experiments/copy_scatter_plan_generated.rs:139:1079
    |
139 | ...s[21] { h[52] } else { QM31::ZERO })).add((if flags[22] { h[53] } else { QM31::ZERO }));
    |                                              ^                                          ^
    |
help: remove these parentheses
    |
139 -     scratch[54]=(if flags[0] { h[26].add(n[28].add(n[40])) } else { QM31::ZERO }).add((if flags[1] { h[33] } else { QM31::ZERO })).add((if flags[3] { h[34] } else { QM31::ZERO })).add((if flags[4] { h[35] } else { QM31::ZERO })).add((if flags[5] { h[36] } else { QM31::ZERO })).add((if flags[6] { h[37] } else { QM31::ZERO })).add((if flags[7] { h[38] } else { QM31::ZERO })).add((if flags[8] { h[39] } else { QM31::ZERO })).add((if flags[9] { h[40] } else { QM31::ZERO })).add((if flags[10] { h[41] } else { QM31::ZERO })).add((if flags[11] { h[42] } else { QM31::ZERO })).add((if flags[12] { h[43] } else { QM31::ZERO })).add((if flags[13] { h[44] } else { QM31::ZERO })).add((if flags[14] { h[45] } else { QM31::ZERO })).add((if flags[15] { h[46] } else { QM31::ZERO })).add((if flags[16] { h[47] } else { QM31::ZERO })).add((if flags[17] { h[48] } else { QM31::ZERO })).add((if flags[18] { h[49] } else { QM31::ZERO })).add((if flags[19] { h[50] } else { QM31::ZERO })).add((if flags[20] { h[51] } else { QM31::ZERO })).add((if flags[21] { h[52] } else { QM31::ZERO })).add((if flags[22] { h[53] } else { QM31::ZERO }));
139 +     scratch[54]=(if flags[0] { h[26].add(n[28].add(n[40])) } else { QM31::ZERO }).add((if flags[1] { h[33] } else { QM31::ZERO })).add((if flags[3] { h[34] } else { QM31::ZERO })).add((if flags[4] { h[35] } else { QM31::ZERO })).add((if flags[5] { h[36] } else { QM31::ZERO })).add((if flags[6] { h[37] } else { QM31::ZERO })).add((if flags[7] { h[38] } else { QM31::ZERO })).add((if flags[8] { h[39] } else { QM31::ZERO })).add((if flags[9] { h[40] } else { QM31::ZERO })).add((if flags[10] { h[41] } else { QM31::ZERO })).add((if flags[11] { h[42] } else { QM31::ZERO })).add((if flags[12] { h[43] } else { QM31::ZERO })).add((if flags[13] { h[44] } else { QM31::ZERO })).add((if flags[14] { h[45] } else { QM31::ZERO })).add((if flags[15] { h[46] } else { QM31::ZERO })).add((if flags[16] { h[47] } else { QM31::ZERO })).add((if flags[17] { h[48] } else { QM31::ZERO })).add((if flags[18] { h[49] } else { QM31::ZERO })).add((if flags[19] { h[50] } else { QM31::ZERO })).add((if flags[20] { h[51] } else { QM31::ZERO })).add((if flags[21] { h[52] } else { QM31::ZERO })).add(if flags[22] { h[53] } else { QM31::ZERO });
    |

warning: unnecessary parentheses around method argument
   --> /home/dombarker/project-offloads/aspis-v8-performance-20260908.scS2Jz/crates/aspis-statement/../../docs/research/v8-no-work-100-20260907/experiments/copy_scatter_plan_generated.rs:139:1029
    |
139 | ...s[20] { h[51] } else { QM31::ZERO })).add((if flags[21] { h[52] } else { QM31::ZERO })).add((if flags[22] { h[53] } else { QM31:...
    |                                              ^                                          ^
    |
help: remove these parentheses
    |
139 -     scratch[54]=(if flags[0] { h[26].add(n[28].add(n[40])) } else { QM31::ZERO }).add((if flags[1] { h[33] } else { QM31::ZERO })).add((if flags[3] { h[34] } else { QM31::ZERO })).add((if flags[4] { h[35] } else { QM31::ZERO })).add((if flags[5] { h[36] } else { QM31::ZERO })).add((if flags[6] { h[37] } else { QM31::ZERO })).add((if flags[7] { h[38] } else { QM31::ZERO })).add((if flags[8] { h[39] } else { QM31::ZERO })).add((if flags[9] { h[40] } else { QM31::ZERO })).add((if flags[10] { h[41] } else { QM31::ZERO })).add((if flags[11] { h[42] } else { QM31::ZERO })).add((if flags[12] { h[43] } else { QM31::ZERO })).add((if flags[13] { h[44] } else { QM31::ZERO })).add((if flags[14] { h[45] } else { QM31::ZERO })).add((if flags[15] { h[46] } else { QM31::ZERO })).add((if flags[16] { h[47] } else { QM31::ZERO })).add((if flags[17] { h[48] } else { QM31::ZERO })).add((if flags[18] { h[49] } else { QM31::ZERO })).add((if flags[19] { h[50] } else { QM31::ZERO })).add((if flags[20] { h[51] } else { QM31::ZERO })).add((if flags[21] { h[52] } else { QM31::ZERO })).add((if flags[22] { h[53] } else { QM31::ZERO }));
139 +     scratch[54]=(if flags[0] { h[26].add(n[28].add(n[40])) } else { QM31::ZERO }).add((if flags[1] { h[33] } else { QM31::ZERO })).add((if flags[3] { h[34] } else { QM31::ZERO })).add((if flags[4] { h[35] } else { QM31::ZERO })).add((if flags[5] { h[36] } else { QM31::ZERO })).add((if flags[6] { h[37] } else { QM31::ZERO })).add((if flags[7] { h[38] } else { QM31::ZERO })).add((if flags[8] { h[39] } else { QM31::ZERO })).add((if flags[9] { h[40] } else { QM31::ZERO })).add((if flags[10] { h[41] } else { QM31::ZERO })).add((if flags[11] { h[42] } else { QM31::ZERO })).add((if flags[12] { h[43] } else { QM31::ZERO })).add((if flags[13] { h[44] } else { QM31::ZERO })).add((if flags[14] { h[45] } else { QM31::ZERO })).add((if flags[15] { h[46] } else { QM31::ZERO })).add((if flags[16] { h[47] } else { QM31::ZERO })).add((if flags[17] { h[48] } else { QM31::ZERO })).add((if flags[18] { h[49] } else { QM31::ZERO })).add((if flags[19] { h[50] } else { QM31::ZERO })).add((if flags[20] { h[51] } else { QM31::ZERO })).add(if flags[21] { h[52] } else { QM31::ZERO }).add((if flags[22] { h[53] } else { QM31::ZERO }));
    |

warning: unnecessary parentheses around method argument
   --> /home/dombarker/project-offloads/aspis-v8-performance-20260908.scS2Jz/crates/aspis-statement/../../docs/research/v8-no-work-100-20260907/experiments/copy_scatter_plan_generated.rs:139:979
    |
139 | ...s[19] { h[50] } else { QM31::ZERO })).add((if flags[20] { h[51] } else { QM31::ZERO })).add((if flags[21] { h[52] } else { QM31:...
    |                                              ^                                          ^
    |
help: remove these parentheses
    |
139 -     scratch[54]=(if flags[0] { h[26].add(n[28].add(n[40])) } else { QM31::ZERO }).add((if flags[1] { h[33] } else { QM31::ZERO })).add((if flags[3] { h[34] } else { QM31::ZERO })).add((if flags[4] { h[35] } else { QM31::ZERO })).add((if flags[5] { h[36] } else { QM31::ZERO })).add((if flags[6] { h[37] } else { QM31::ZERO })).add((if flags[7] { h[38] } else { QM31::ZERO })).add((if flags[8] { h[39] } else { QM31::ZERO })).add((if flags[9] { h[40] } else { QM31::ZERO })).add((if flags[10] { h[41] } else { QM31::ZERO })).add((if flags[11] { h[42] } else { QM31::ZERO })).add((if flags[12] { h[43] } else { QM31::ZERO })).add((if flags[13] { h[44] } else { QM31::ZERO })).add((if flags[14] { h[45] } else { QM31::ZERO })).add((if flags[15] { h[46] } else { QM31::ZERO })).add((if flags[16] { h[47] } else { QM31::ZERO })).add((if flags[17] { h[48] } else { QM31::ZERO })).add((if flags[18] { h[49] } else { QM31::ZERO })).add((if flags[19] { h[50] } else { QM31::ZERO })).add((if flags[20] { h[51] } else { QM31::ZERO })).add((if flags[21] { h[52] } else { QM31::ZERO })).add((if flags[22] { h[53] } else { QM31::ZERO }));
139 +     scratch[54]=(if flags[0] { h[26].add(n[28].add(n[40])) } else { QM31::ZERO }).add((if flags[1] { h[33] } else { QM31::ZERO })).add((if flags[3] { h[34] } else { QM31::ZERO })).add((if flags[4] { h[35] } else { QM31::ZERO })).add((if flags[5] { h[36] } else { QM31::ZERO })).add((if flags[6] { h[37] } else { QM31::ZERO })).add((if flags[7] { h[38] } else { QM31::ZERO })).add((if flags[8] { h[39] } else { QM31::ZERO })).add((if flags[9] { h[40] } else { QM31::ZERO })).add((if flags[10] { h[41] } else { QM31::ZERO })).add((if flags[11] { h[42] } else { QM31::ZERO })).add((if flags[12] { h[43] } else { QM31::ZERO })).add((if flags[13] { h[44] } else { QM31::ZERO })).add((if flags[14] { h[45] } else { QM31::ZERO })).add((if flags[15] { h[46] } else { QM31::ZERO })).add((if flags[16] { h[47] } else { QM31::ZERO })).add((if flags[17] { h[48] } else { QM31::ZERO })).add((if flags[18] { h[49] } else { QM31::ZERO })).add((if flags[19] { h[50] } else { QM31::ZERO })).add(if flags[20] { h[51] } else { QM31::ZERO }).add((if flags[21] { h[52] } else { QM31::ZERO })).add((if flags[22] { h[53] } else { QM31::ZERO }));
    |

warning: unnecessary parentheses around method argument
   --> /home/dombarker/project-offloads/aspis-v8-performance-20260908.scS2Jz/crates/aspis-statement/../../docs/research/v8-no-work-100-20260907/experiments/copy_scatter_plan_generated.rs:139:929
    |
139 | ...s[18] { h[49] } else { QM31::ZERO })).add((if flags[19] { h[50] } else { QM31::ZERO })).add((if flags[20] { h[51] } else { QM31:...
    |                                              ^                                          ^
    |
help: remove these parentheses
    |
139 -     scratch[54]=(if flags[0] { h[26].add(n[28].add(n[40])) } else { QM31::ZERO }).add((if flags[1] { h[33] } else { QM31::ZERO })).add((if flags[3] { h[34] } else { QM31::ZERO })).add((if flags[4] { h[35] } else { QM31::ZERO })).add((if flags[5] { h[36] } else { QM31::ZERO })).add((if flags[6] { h[37] } else { QM31::ZERO })).add((if flags[7] { h[38] } else { QM31::ZERO })).add((if flags[8] { h[39] } else { QM31::ZERO })).add((if flags[9] { h[40] } else { QM31::ZERO })).add((if flags[10] { h[41] } else { QM31::ZERO })).add((if flags[11] { h[42] } else { QM31::ZERO })).add((if flags[12] { h[43] } else { QM31::ZERO })).add((if flags[13] { h[44] } else { QM31::ZERO })).add((if flags[14] { h[45] } else { QM31::ZERO })).add((if flags[15] { h[46] } else { QM31::ZERO })).add((if flags[16] { h[47] } else { QM31::ZERO })).add((if flags[17] { h[48] } else { QM31::ZERO })).add((if flags[18] { h[49] } else { QM31::ZERO })).add((if flags[19] { h[50] } else { QM31::ZERO })).add((if flags[20] { h[51] } else { QM31::ZERO })).add((if flags[21] { h[52] } else { QM31::ZERO })).add((if flags[22] { h[53] } else { QM31::ZERO }));
139 +     scratch[54]=(if flags[0] { h[26].add(n[28].add(n[40])) } else { QM31::ZERO }).add((if flags[1] { h[33] } else { QM31::ZERO })).add((if flags[3] { h[34] } else { QM31::ZERO })).add((if flags[4] { h[35] } else { QM31::ZERO })).add((if flags[5] { h[36] } else { QM31::ZERO })).add((if flags[6] { h[37] } else { QM31::ZERO })).add((if flags[7] { h[38] } else { QM31::ZERO })).add((if flags[8] { h[39] } else { QM31::ZERO })).add((if flags[9] { h[40] } else { QM31::ZERO })).add((if flags[10] { h[41] } else { QM31::ZERO })).add((if flags[11] { h[42] } else { QM31::ZERO })).add((if flags[12] { h[43] } else { QM31::ZERO })).add((if flags[13] { h[44] } else { QM31::ZERO })).add((if flags[14] { h[45] } else { QM31::ZERO })).add((if flags[15] { h[46] } else { QM31::ZERO })).add((if flags[16] { h[47] } else { QM31::ZERO })).add((if flags[17] { h[48] } else { QM31::ZERO })).add((if flags[18] { h[49] } else { QM31::ZERO })).add(if flags[19] { h[50] } else { QM31::ZERO }).add((if flags[20] { h[51] } else { QM31::ZERO })).add((if flags[21] { h[52] } else { QM31::ZERO })).add((if flags[22] { h[53] } else { QM31::ZERO }));
    |

warning: unnecessary parentheses around method argument
   --> /home/dombarker/project-offloads/aspis-v8-performance-20260908.scS2Jz/crates/aspis-statement/../../docs/research/v8-no-work-100-20260907/experiments/copy_scatter_plan_generated.rs:139:879
    |
139 | ...s[17] { h[48] } else { QM31::ZERO })).add((if flags[18] { h[49] } else { QM31::ZERO })).add((if flags[19] { h[50] } else { QM31:...
    |                                              ^                                          ^
    |
help: remove these parentheses
    |
139 -     scratch[54]=(if flags[0] { h[26].add(n[28].add(n[40])) } else { QM31::ZERO }).add((if flags[1] { h[33] } else { QM31::ZERO })).add((if flags[3] { h[34] } else { QM31::ZERO })).add((if flags[4] { h[35] } else { QM31::ZERO })).add((if flags[5] { h[36] } else { QM31::ZERO })).add((if flags[6] { h[37] } else { QM31::ZERO })).add((if flags[7] { h[38] } else { QM31::ZERO })).add((if flags[8] { h[39] } else { QM31::ZERO })).add((if flags[9] { h[40] } else { QM31::ZERO })).add((if flags[10] { h[41] } else { QM31::ZERO })).add((if flags[11] { h[42] } else { QM31::ZERO })).add((if flags[12] { h[43] } else { QM31::ZERO })).add((if flags[13] { h[44] } else { QM31::ZERO })).add((if flags[14] { h[45] } else { QM31::ZERO })).add((if flags[15] { h[46] } else { QM31::ZERO })).add((if flags[16] { h[47] } else { QM31::ZERO })).add((if flags[17] { h[48] } else { QM31::ZERO })).add((if flags[18] { h[49] } else { QM31::ZERO })).add((if flags[19] { h[50] } else { QM31::ZERO })).add((if flags[20] { h[51] } else { QM31::ZERO })).add((if flags[21] { h[52] } else { QM31::ZERO })).add((if flags[22] { h[53] } else { QM31::ZERO }));
139 +     scratch[54]=(if flags[0] { h[26].add(n[28].add(n[40])) } else { QM31::ZERO }).add((if flags[1] { h[33] } else { QM31::ZERO })).add((if flags[3] { h[34] } else { QM31::ZERO })).add((if flags[4] { h[35] } else { QM31::ZERO })).add((if flags[5] { h[36] } else { QM31::ZERO })).add((if flags[6] { h[37] } else { QM31::ZERO })).add((if flags[7] { h[38] } else { QM31::ZERO })).add((if flags[8] { h[39] } else { QM31::ZERO })).add((if flags[9] { h[40] } else { QM31::ZERO })).add((if flags[10] { h[41] } else { QM31::ZERO })).add((if flags[11] { h[42] } else { QM31::ZERO })).add((if flags[12] { h[43] } else { QM31::ZERO })).add((if flags[13] { h[44] } else { QM31::ZERO })).add((if flags[14] { h[45] } else { QM31::ZERO })).add((if flags[15] { h[46] } else { QM31::ZERO })).add((if flags[16] { h[47] } else { QM31::ZERO })).add((if flags[17] { h[48] } else { QM31::ZERO })).add(if flags[18] { h[49] } else { QM31::ZERO }).add((if flags[19] { h[50] } else { QM31::ZERO })).add((if flags[20] { h[51] } else { QM31::ZERO })).add((if flags[21] { h[52] } else { QM31::ZERO })).add((if flags[22] { h[53] } else { QM31::ZERO }));
    |

warning: unnecessary parentheses around method argument
   --> /home/dombarker/project-offloads/aspis-v8-performance-20260908.scS2Jz/crates/aspis-statement/../../docs/research/v8-no-work-100-20260907/experiments/copy_scatter_plan_generated.rs:139:829
    |
139 | ...s[16] { h[47] } else { QM31::ZERO })).add((if flags[17] { h[48] } else { QM31::ZERO })).add((if flags[18] { h[49] } else { QM31:...
    |                                              ^                                          ^
    |
help: remove these parentheses
    |
139 -     scratch[54]=(if flags[0] { h[26].add(n[28].add(n[40])) } else { QM31::ZERO }).add((if flags[1] { h[33] } else { QM31::ZERO })).add((if flags[3] { h[34] } else { QM31::ZERO })).add((if flags[4] { h[35] } else { QM31::ZERO })).add((if flags[5] { h[36] } else { QM31::ZERO })).add((if flags[6] { h[37] } else { QM31::ZERO })).add((if flags[7] { h[38] } else { QM31::ZERO })).add((if flags[8] { h[39] } else { QM31::ZERO })).add((if flags[9] { h[40] } else { QM31::ZERO })).add((if flags[10] { h[41] } else { QM31::ZERO })).add((if flags[11] { h[42] } else { QM31::ZERO })).add((if flags[12] { h[43] } else { QM31::ZERO })).add((if flags[13] { h[44] } else { QM31::ZERO })).add((if flags[14] { h[45] } else { QM31::ZERO })).add((if flags[15] { h[46] } else { QM31::ZERO })).add((if flags[16] { h[47] } else { QM31::ZERO })).add((if flags[17] { h[48] } else { QM31::ZERO })).add((if flags[18] { h[49] } else { QM31::ZERO })).add((if flags[19] { h[50] } else { QM31::ZERO })).add((if flags[20] { h[51] } else { QM31::ZERO })).add((if flags[21] { h[52] } else { QM31::ZERO })).add((if flags[22] { h[53] } else { QM31::ZERO }));
139 +     scratch[54]=(if flags[0] { h[26].add(n[28].add(n[40])) } else { QM31::ZERO }).add((if flags[1] { h[33] } else { QM31::ZERO })).add((if flags[3] { h[34] } else { QM31::ZERO })).add((if flags[4] { h[35] } else { QM31::ZERO })).add((if flags[5] { h[36] } else { QM31::ZERO })).add((if flags[6] { h[37] } else { QM31::ZERO })).add((if flags[7] { h[38] } else { QM31::ZERO })).add((if flags[8] { h[39] } else { QM31::ZERO })).add((if flags[9] { h[40] } else { QM31::ZERO })).add((if flags[10] { h[41] } else { QM31::ZERO })).add((if flags[11] { h[42] } else { QM31::ZERO })).add((if flags[12] { h[43] } else { QM31::ZERO })).add((if flags[13] { h[44] } else { QM31::ZERO })).add((if flags[14] { h[45] } else { QM31::ZERO })).add((if flags[15] { h[46] } else { QM31::ZERO })).add((if flags[16] { h[47] } else { QM31::ZERO })).add(if flags[17] { h[48] } else { QM31::ZERO }).add((if flags[18] { h[49] } else { QM31::ZERO })).add((if flags[19] { h[50] } else { QM31::ZERO })).add((if flags[20] { h[51] } else { QM31::ZERO })).add((if flags[21] { h[52] } else { QM31::ZERO })).add((if flags[22] { h[53] } else { QM31::ZERO }));
    |

warning: unnecessary parentheses around method argument
   --> /home/dombarker/project-offloads/aspis-v8-performance-20260908.scS2Jz/crates/aspis-statement/../../docs/research/v8-no-work-100-20260907/experiments/copy_scatter_plan_generated.rs:139:779
    |
139 | ...s[15] { h[46] } else { QM31::ZERO })).add((if flags[16] { h[47] } else { QM31::ZERO })).add((if flags[17] { h[48] } else { QM31:...
    |                                              ^                                          ^
    |
help: remove these parentheses
    |
139 -     scratch[54]=(if flags[0] { h[26].add(n[28].add(n[40])) } else { QM31::ZERO }).add((if flags[1] { h[33] } else { QM31::ZERO })).add((if flags[3] { h[34] } else { QM31::ZERO })).add((if flags[4] { h[35] } else { QM31::ZERO })).add((if flags[5] { h[36] } else { QM31::ZERO })).add((if flags[6] { h[37] } else { QM31::ZERO })).add((if flags[7] { h[38] } else { QM31::ZERO })).add((if flags[8] { h[39] } else { QM31::ZERO })).add((if flags[9] { h[40] } else { QM31::ZERO })).add((if flags[10] { h[41] } else { QM31::ZERO })).add((if flags[11] { h[42] } else { QM31::ZERO })).add((if flags[12] { h[43] } else { QM31::ZERO })).add((if flags[13] { h[44] } else { QM31::ZERO })).add((if flags[14] { h[45] } else { QM31::ZERO })).add((if flags[15] { h[46] } else { QM31::ZERO })).add((if flags[16] { h[47] } else { QM31::ZERO })).add((if flags[17] { h[48] } else { QM31::ZERO })).add((if flags[18] { h[49] } else { QM31::ZERO })).add((if flags[19] { h[50] } else { QM31::ZERO })).add((if flags[20] { h[51] } else { QM31::ZERO })).add((if flags[21] { h[52] } else { QM31::ZERO })).add((if flags[22] { h[53] } else { QM31::ZERO }));
139 +     scratch[54]=(if flags[0] { h[26].add(n[28].add(n[40])) } else { QM31::ZERO }).add((if flags[1] { h[33] } else { QM31::ZERO })).add((if flags[3] { h[34] } else { QM31::ZERO })).add((if flags[4] { h[35] } else { QM31::ZERO })).add((if flags[5] { h[36] } else { QM31::ZERO })).add((if flags[6] { h[37] } else { QM31::ZERO })).add((if flags[7] { h[38] } else { QM31::ZERO })).add((if flags[8] { h[39] } else { QM31::ZERO })).add((if flags[9] { h[40] } else { QM31::ZERO })).add((if flags[10] { h[41] } else { QM31::ZERO })).add((if flags[11] { h[42] } else { QM31::ZERO })).add((if flags[12] { h[43] } else { QM31::ZERO })).add((if flags[13] { h[44] } else { QM31::ZERO })).add((if flags[14] { h[45] } else { QM31::ZERO })).add((if flags[15] { h[46] } else { QM31::ZERO })).add(if flags[16] { h[47] } else { QM31::ZERO }).add((if flags[17] { h[48] } else { QM31::ZERO })).add((if flags[18] { h[49] } else { QM31::ZERO })).add((if flags[19] { h[50] } else { QM31::ZERO })).add((if flags[20] { h[51] } else { QM31::ZERO })).add((if flags[21] { h[52] } else { QM31::ZERO })).add((if flags[22] { h[53] } else { QM31::ZERO }));
    |

warning: unnecessary parentheses around method argument
   --> /home/dombarker/project-offloads/aspis-v8-performance-20260908.scS2Jz/crates/aspis-statement/../../docs/research/v8-no-work-100-20260907/experiments/copy_scatter_plan_generated.rs:139:729
    |
139 | ...s[14] { h[45] } else { QM31::ZERO })).add((if flags[15] { h[46] } else { QM31::ZERO })).add((if flags[16] { h[47] } else { QM31:...
    |                                              ^                                          ^
    |
help: remove these parentheses
    |
139 -     scratch[54]=(if flags[0] { h[26].add(n[28].add(n[40])) } else { QM31::ZERO }).add((if flags[1] { h[33] } else { QM31::ZERO })).add((if flags[3] { h[34] } else { QM31::ZERO })).add((if flags[4] { h[35] } else { QM31::ZERO })).add((if flags[5] { h[36] } else { QM31::ZERO })).add((if flags[6] { h[37] } else { QM31::ZERO })).add((if flags[7] { h[38] } else { QM31::ZERO })).add((if flags[8] { h[39] } else { QM31::ZERO })).add((if flags[9] { h[40] } else { QM31::ZERO })).add((if flags[10] { h[41] } else { QM31::ZERO })).add((if flags[11] { h[42] } else { QM31::ZERO })).add((if flags[12] { h[43] } else { QM31::ZERO })).add((if flags[13] { h[44] } else { QM31::ZERO })).add((if flags[14] { h[45] } else { QM31::ZERO })).add((if flags[15] { h[46] } else { QM31::ZERO })).add((if flags[16] { h[47] } else { QM31::ZERO })).add((if flags[17] { h[48] } else { QM31::ZERO })).add((if flags[18] { h[49] } else { QM31::ZERO })).add((if flags[19] { h[50] } else { QM31::ZERO })).add((if flags[20] { h[51] } else { QM31::ZERO })).add((if flags[21] { h[52] } else { QM31::ZERO })).add((if flags[22] { h[53] } else { QM31::ZERO }));
139 +     scratch[54]=(if flags[0] { h[26].add(n[28].add(n[40])) } else { QM31::ZERO }).add((if flags[1] { h[33] } else { QM31::ZERO })).add((if flags[3] { h[34] } else { QM31::ZERO })).add((if flags[4] { h[35] } else { QM31::ZERO })).add((if flags[5] { h[36] } else { QM31::ZERO })).add((if flags[6] { h[37] } else { QM31::ZERO })).add((if flags[7] { h[38] } else { QM31::ZERO })).add((if flags[8] { h[39] } else { QM31::ZERO })).add((if flags[9] { h[40] } else { QM31::ZERO })).add((if flags[10] { h[41] } else { QM31::ZERO })).add((if flags[11] { h[42] } else { QM31::ZERO })).add((if flags[12] { h[43] } else { QM31::ZERO })).add((if flags[13] { h[44] } else { QM31::ZERO })).add((if flags[14] { h[45] } else { QM31::ZERO })).add(if flags[15] { h[46] } else { QM31::ZERO }).add((if flags[16] { h[47] } else { QM31::ZERO })).add((if flags[17] { h[48] } else { QM31::ZERO })).add((if flags[18] { h[49] } else { QM31::ZERO })).add((if flags[19] { h[50] } else { QM31::ZERO })).add((if flags[20] { h[51] } else { QM31::ZERO })).add((if flags[21] { h[52] } else { QM31::ZERO })).add((if flags[22] { h[53] } else { QM31::ZERO }));
    |

warning: unnecessary parentheses around method argument
   --> /home/dombarker/project-offloads/aspis-v8-performance-20260908.scS2Jz/crates/aspis-statement/../../docs/research/v8-no-work-100-20260907/experiments/copy_scatter_plan_generated.rs:139:679
    |
139 | ...s[13] { h[44] } else { QM31::ZERO })).add((if flags[14] { h[45] } else { QM31::ZERO })).add((if flags[15] { h[46] } else { QM31:...
    |                                              ^                                          ^
    |
help: remove these parentheses
    |
139 -     scratch[54]=(if flags[0] { h[26].add(n[28].add(n[40])) } else { QM31::ZERO }).add((if flags[1] { h[33] } else { QM31::ZERO })).add((if flags[3] { h[34] } else { QM31::ZERO })).add((if flags[4] { h[35] } else { QM31::ZERO })).add((if flags[5] { h[36] } else { QM31::ZERO })).add((if flags[6] { h[37] } else { QM31::ZERO })).add((if flags[7] { h[38] } else { QM31::ZERO })).add((if flags[8] { h[39] } else { QM31::ZERO })).add((if flags[9] { h[40] } else { QM31::ZERO })).add((if flags[10] { h[41] } else { QM31::ZERO })).add((if flags[11] { h[42] } else { QM31::ZERO })).add((if flags[12] { h[43] } else { QM31::ZERO })).add((if flags[13] { h[44] } else { QM31::ZERO })).add((if flags[14] { h[45] } else { QM31::ZERO })).add((if flags[15] { h[46] } else { QM31::ZERO })).add((if flags[16] { h[47] } else { QM31::ZERO })).add((if flags[17] { h[48] } else { QM31::ZERO })).add((if flags[18] { h[49] } else { QM31::ZERO })).add((if flags[19] { h[50] } else { QM31::ZERO })).add((if flags[20] { h[51] } else { QM31::ZERO })).add((if flags[21] { h[52] } else { QM31::ZERO })).add((if flags[22] { h[53] } else { QM31::ZERO }));
139 +     scratch[54]=(if flags[0] { h[26].add(n[28].add(n[40])) } else { QM31::ZERO }).add((if flags[1] { h[33] } else { QM31::ZERO })).add((if flags[3] { h[34] } else { QM31::ZERO })).add((if flags[4] { h[35] } else { QM31::ZERO })).add((if flags[5] { h[36] } else { QM31::ZERO })).add((if flags[6] { h[37] } else { QM31::ZERO })).add((if flags[7] { h[38] } else { QM31::ZERO })).add((if flags[8] { h[39] } else { QM31::ZERO })).add((if flags[9] { h[40] } else { QM31::ZERO })).add((if flags[10] { h[41] } else { QM31::ZERO })).add((if flags[11] { h[42] } else { QM31::ZERO })).add((if flags[12] { h[43] } else { QM31::ZERO })).add((if flags[13] { h[44] } else { QM31::ZERO })).add(if flags[14] { h[45] } else { QM31::ZERO }).add((if flags[15] { h[46] } else { QM31::ZERO })).add((if flags[16] { h[47] } else { QM31::ZERO })).add((if flags[17] { h[48] } else { QM31::ZERO })).add((if flags[18] { h[49] } else { QM31::ZERO })).add((if flags[19] { h[50] } else { QM31::ZERO })).add((if flags[20] { h[51] } else { QM31::ZERO })).add((if flags[21] { h[52] } else { QM31::ZERO })).add((if flags[22] { h[53] } else { QM31::ZERO }));
    |

warning: unnecessary parentheses around method argument
   --> /home/dombarker/project-offloads/aspis-v8-performance-20260908.scS2Jz/crates/aspis-statement/../../docs/research/v8-no-work-100-20260907/experiments/copy_scatter_plan_generated.rs:139:629
    |
139 | ...s[12] { h[43] } else { QM31::ZERO })).add((if flags[13] { h[44] } else { QM31::ZERO })).add((if flags[14] { h[45] } else { QM31:...
    |                                              ^                                          ^
    |
help: remove these parentheses
    |
139 -     scratch[54]=(if flags[0] { h[26].add(n[28].add(n[40])) } else { QM31::ZERO }).add((if flags[1] { h[33] } else { QM31::ZERO })).add((if flags[3] { h[34] } else { QM31::ZERO })).add((if flags[4] { h[35] } else { QM31::ZERO })).add((if flags[5] { h[36] } else { QM31::ZERO })).add((if flags[6] { h[37] } else { QM31::ZERO })).add((if flags[7] { h[38] } else { QM31::ZERO })).add((if flags[8] { h[39] } else { QM31::ZERO })).add((if flags[9] { h[40] } else { QM31::ZERO })).add((if flags[10] { h[41] } else { QM31::ZERO })).add((if flags[11] { h[42] } else { QM31::ZERO })).add((if flags[12] { h[43] } else { QM31::ZERO })).add((if flags[13] { h[44] } else { QM31::ZERO })).add((if flags[14] { h[45] } else { QM31::ZERO })).add((if flags[15] { h[46] } else { QM31::ZERO })).add((if flags[16] { h[47] } else { QM31::ZERO })).add((if flags[17] { h[48] } else { QM31::ZERO })).add((if flags[18] { h[49] } else { QM31::ZERO })).add((if flags[19] { h[50] } else { QM31::ZERO })).add((if flags[20] { h[51] } else { QM31::ZERO })).add((if flags[21] { h[52] } else { QM31::ZERO })).add((if flags[22] { h[53] } else { QM31::ZERO }));
139 +     scratch[54]=(if flags[0] { h[26].add(n[28].add(n[40])) } else { QM31::ZERO }).add((if flags[1] { h[33] } else { QM31::ZERO })).add((if flags[3] { h[34] } else { QM31::ZERO })).add((if flags[4] { h[35] } else { QM31::ZERO })).add((if flags[5] { h[36] } else { QM31::ZERO })).add((if flags[6] { h[37] } else { QM31::ZERO })).add((if flags[7] { h[38] } else { QM31::ZERO })).add((if flags[8] { h[39] } else { QM31::ZERO })).add((if flags[9] { h[40] } else { QM31::ZERO })).add((if flags[10] { h[41] } else { QM31::ZERO })).add((if flags[11] { h[42] } else { QM31::ZERO })).add((if flags[12] { h[43] } else { QM31::ZERO })).add(if flags[13] { h[44] } else { QM31::ZERO }).add((if flags[14] { h[45] } else { QM31::ZERO })).add((if flags[15] { h[46] } else { QM31::ZERO })).add((if flags[16] { h[47] } else { QM31::ZERO })).add((if flags[17] { h[48] } else { QM31::ZERO })).add((if flags[18] { h[49] } else { QM31::ZERO })).add((if flags[19] { h[50] } else { QM31::ZERO })).add((if flags[20] { h[51] } else { QM31::ZERO })).add((if flags[21] { h[52] } else { QM31::ZERO })).add((if flags[22] { h[53] } else { QM31::ZERO }));
    |

warning: unnecessary parentheses around method argument
   --> /home/dombarker/project-offloads/aspis-v8-performance-20260908.scS2Jz/crates/aspis-statement/../../docs/research/v8-no-work-100-20260907/experiments/copy_scatter_plan_generated.rs:139:579
    |
139 | ...s[11] { h[42] } else { QM31::ZERO })).add((if flags[12] { h[43] } else { QM31::ZERO })).add((if flags[13] { h[44] } else { QM31:...
    |                                              ^                                          ^
    |
help: remove these parentheses
    |
139 -     scratch[54]=(if flags[0] { h[26].add(n[28].add(n[40])) } else { QM31::ZERO }).add((if flags[1] { h[33] } else { QM31::ZERO })).add((if flags[3] { h[34] } else { QM31::ZERO })).add((if flags[4] { h[35] } else { QM31::ZERO })).add((if flags[5] { h[36] } else { QM31::ZERO })).add((if flags[6] { h[37] } else { QM31::ZERO })).add((if flags[7] { h[38] } else { QM31::ZERO })).add((if flags[8] { h[39] } else { QM31::ZERO })).add((if flags[9] { h[40] } else { QM31::ZERO })).add((if flags[10] { h[41] } else { QM31::ZERO })).add((if flags[11] { h[42] } else { QM31::ZERO })).add((if flags[12] { h[43] } else { QM31::ZERO })).add((if flags[13] { h[44] } else { QM31::ZERO })).add((if flags[14] { h[45] } else { QM31::ZERO })).add((if flags[15] { h[46] } else { QM31::ZERO })).add((if flags[16] { h[47] } else { QM31::ZERO })).add((if flags[17] { h[48] } else { QM31::ZERO })).add((if flags[18] { h[49] } else { QM31::ZERO })).add((if flags[19] { h[50] } else { QM31::ZERO })).add((if flags[20] { h[51] } else { QM31::ZERO })).add((if flags[21] { h[52] } else { QM31::ZERO })).add((if flags[22] { h[53] } else { QM31::ZERO }));
139 +     scratch[54]=(if flags[0] { h[26].add(n[28].add(n[40])) } else { QM31::ZERO }).add((if flags[1] { h[33] } else { QM31::ZERO })).add((if flags[3] { h[34] } else { QM31::ZERO })).add((if flags[4] { h[35] } else { QM31::ZERO })).add((if flags[5] { h[36] } else { QM31::ZERO })).add((if flags[6] { h[37] } else { QM31::ZERO })).add((if flags[7] { h[38] } else { QM31::ZERO })).add((if flags[8] { h[39] } else { QM31::ZERO })).add((if flags[9] { h[40] } else { QM31::ZERO })).add((if flags[10] { h[41] } else { QM31::ZERO })).add((if flags[11] { h[42] } else { QM31::ZERO })).add(if flags[12] { h[43] } else { QM31::ZERO }).add((if flags[13] { h[44] } else { QM31::ZERO })).add((if flags[14] { h[45] } else { QM31::ZERO })).add((if flags[15] { h[46] } else { QM31::ZERO })).add((if flags[16] { h[47] } else { QM31::ZERO })).add((if flags[17] { h[48] } else { QM31::ZERO })).add((if flags[18] { h[49] } else { QM31::ZERO })).add((if flags[19] { h[50] } else { QM31::ZERO })).add((if flags[20] { h[51] } else { QM31::ZERO })).add((if flags[21] { h[52] } else { QM31::ZERO })).add((if flags[22] { h[53] } else { QM31::ZERO }));
    |

warning: unnecessary parentheses around method argument
   --> /home/dombarker/project-offloads/aspis-v8-performance-20260908.scS2Jz/crates/aspis-statement/../../docs/research/v8-no-work-100-20260907/experiments/copy_scatter_plan_generated.rs:139:529
    |
139 | ...s[10] { h[41] } else { QM31::ZERO })).add((if flags[11] { h[42] } else { QM31::ZERO })).add((if flags[12] { h[43] } else { QM31:...
    |                                              ^                                          ^
    |
help: remove these parentheses
    |
139 -     scratch[54]=(if flags[0] { h[26].add(n[28].add(n[40])) } else { QM31::ZERO }).add((if flags[1] { h[33] } else { QM31::ZERO })).add((if flags[3] { h[34] } else { QM31::ZERO })).add((if flags[4] { h[35] } else { QM31::ZERO })).add((if flags[5] { h[36] } else { QM31::ZERO })).add((if flags[6] { h[37] } else { QM31::ZERO })).add((if flags[7] { h[38] } else { QM31::ZERO })).add((if flags[8] { h[39] } else { QM31::ZERO })).add((if flags[9] { h[40] } else { QM31::ZERO })).add((if flags[10] { h[41] } else { QM31::ZERO })).add((if flags[11] { h[42] } else { QM31::ZERO })).add((if flags[12] { h[43] } else { QM31::ZERO })).add((if flags[13] { h[44] } else { QM31::ZERO })).add((if flags[14] { h[45] } else { QM31::ZERO })).add((if flags[15] { h[46] } else { QM31::ZERO })).add((if flags[16] { h[47] } else { QM31::ZERO })).add((if flags[17] { h[48] } else { QM31::ZERO })).add((if flags[18] { h[49] } else { QM31::ZERO })).add((if flags[19] { h[50] } else { QM31::ZERO })).add((if flags[20] { h[51] } else { QM31::ZERO })).add((if flags[21] { h[52] } else { QM31::ZERO })).add((if flags[22] { h[53] } else { QM31::ZERO }));
139 +     scratch[54]=(if flags[0] { h[26].add(n[28].add(n[40])) } else { QM31::ZERO }).add((if flags[1] { h[33] } else { QM31::ZERO })).add((if flags[3] { h[34] } else { QM31::ZERO })).add((if flags[4] { h[35] } else { QM31::ZERO })).add((if flags[5] { h[36] } else { QM31::ZERO })).add((if flags[6] { h[37] } else { QM31::ZERO })).add((if flags[7] { h[38] } else { QM31::ZERO })).add((if flags[8] { h[39] } else { QM31::ZERO })).add((if flags[9] { h[40] } else { QM31::ZERO })).add((if flags[10] { h[41] } else { QM31::ZERO })).add(if flags[11] { h[42] } else { QM31::ZERO }).add((if flags[12] { h[43] } else { QM31::ZERO })).add((if flags[13] { h[44] } else { QM31::ZERO })).add((if flags[14] { h[45] } else { QM31::ZERO })).add((if flags[15] { h[46] } else { QM31::ZERO })).add((if flags[16] { h[47] } else { QM31::ZERO })).add((if flags[17] { h[48] } else { QM31::ZERO })).add((if flags[18] { h[49] } else { QM31::ZERO })).add((if flags[19] { h[50] } else { QM31::ZERO })).add((if flags[20] { h[51] } else { QM31::ZERO })).add((if flags[21] { h[52] } else { QM31::ZERO })).add((if flags[22] { h[53] } else { QM31::ZERO }));
    |

warning: unnecessary parentheses around method argument
   --> /home/dombarker/project-offloads/aspis-v8-performance-20260908.scS2Jz/crates/aspis-statement/../../docs/research/v8-no-work-100-20260907/experiments/copy_scatter_plan_generated.rs:139:479
    |
139 | ...gs[9] { h[40] } else { QM31::ZERO })).add((if flags[10] { h[41] } else { QM31::ZERO })).add((if flags[11] { h[42] } else { QM31:...
    |                                              ^                                          ^
    |
help: remove these parentheses
    |
139 -     scratch[54]=(if flags[0] { h[26].add(n[28].add(n[40])) } else { QM31::ZERO }).add((if flags[1] { h[33] } else { QM31::ZERO })).add((if flags[3] { h[34] } else { QM31::ZERO })).add((if flags[4] { h[35] } else { QM31::ZERO })).add((if flags[5] { h[36] } else { QM31::ZERO })).add((if flags[6] { h[37] } else { QM31::ZERO })).add((if flags[7] { h[38] } else { QM31::ZERO })).add((if flags[8] { h[39] } else { QM31::ZERO })).add((if flags[9] { h[40] } else { QM31::ZERO })).add((if flags[10] { h[41] } else { QM31::ZERO })).add((if flags[11] { h[42] } else { QM31::ZERO })).add((if flags[12] { h[43] } else { QM31::ZERO })).add((if flags[13] { h[44] } else { QM31::ZERO })).add((if flags[14] { h[45] } else { QM31::ZERO })).add((if flags[15] { h[46] } else { QM31::ZERO })).add((if flags[16] { h[47] } else { QM31::ZERO })).add((if flags[17] { h[48] } else { QM31::ZERO })).add((if flags[18] { h[49] } else { QM31::ZERO })).add((if flags[19] { h[50] } else { QM31::ZERO })).add((if flags[20] { h[51] } else { QM31::ZERO })).add((if flags[21] { h[52] } else { QM31::ZERO })).add((if flags[22] { h[53] } else { QM31::ZERO }));
139 +     scratch[54]=(if flags[0] { h[26].add(n[28].add(n[40])) } else { QM31::ZERO }).add((if flags[1] { h[33] } else { QM31::ZERO })).add((if flags[3] { h[34] } else { QM31::ZERO })).add((if flags[4] { h[35] } else { QM31::ZERO })).add((if flags[5] { h[36] } else { QM31::ZERO })).add((if flags[6] { h[37] } else { QM31::ZERO })).add((if flags[7] { h[38] } else { QM31::ZERO })).add((if flags[8] { h[39] } else { QM31::ZERO })).add((if flags[9] { h[40] } else { QM31::ZERO })).add(if flags[10] { h[41] } else { QM31::ZERO }).add((if flags[11] { h[42] } else { QM31::ZERO })).add((if flags[12] { h[43] } else { QM31::ZERO })).add((if flags[13] { h[44] } else { QM31::ZERO })).add((if flags[14] { h[45] } else { QM31::ZERO })).add((if flags[15] { h[46] } else { QM31::ZERO })).add((if flags[16] { h[47] } else { QM31::ZERO })).add((if flags[17] { h[48] } else { QM31::ZERO })).add((if flags[18] { h[49] } else { QM31::ZERO })).add((if flags[19] { h[50] } else { QM31::ZERO })).add((if flags[20] { h[51] } else { QM31::ZERO })).add((if flags[21] { h[52] } else { QM31::ZERO })).add((if flags[22] { h[53] } else { QM31::ZERO }));
    |

warning: unnecessary parentheses around method argument
   --> /home/dombarker/project-offloads/aspis-v8-performance-20260908.scS2Jz/crates/aspis-statement/../../docs/research/v8-no-work-100-20260907/experiments/copy_scatter_plan_generated.rs:139:430
    |
139 | ...gs[8] { h[39] } else { QM31::ZERO })).add((if flags[9] { h[40] } else { QM31::ZERO })).add((if flags[10] { h[41] } else { QM31::...
    |                                              ^                                         ^
    |
help: remove these parentheses
    |
139 -     scratch[54]=(if flags[0] { h[26].add(n[28].add(n[40])) } else { QM31::ZERO }).add((if flags[1] { h[33] } else { QM31::ZERO })).add((if flags[3] { h[34] } else { QM31::ZERO })).add((if flags[4] { h[35] } else { QM31::ZERO })).add((if flags[5] { h[36] } else { QM31::ZERO })).add((if flags[6] { h[37] } else { QM31::ZERO })).add((if flags[7] { h[38] } else { QM31::ZERO })).add((if flags[8] { h[39] } else { QM31::ZERO })).add((if flags[9] { h[40] } else { QM31::ZERO })).add((if flags[10] { h[41] } else { QM31::ZERO })).add((if flags[11] { h[42] } else { QM31::ZERO })).add((if flags[12] { h[43] } else { QM31::ZERO })).add((if flags[13] { h[44] } else { QM31::ZERO })).add((if flags[14] { h[45] } else { QM31::ZERO })).add((if flags[15] { h[46] } else { QM31::ZERO })).add((if flags[16] { h[47] } else { QM31::ZERO })).add((if flags[17] { h[48] } else { QM31::ZERO })).add((if flags[18] { h[49] } else { QM31::ZERO })).add((if flags[19] { h[50] } else { QM31::ZERO })).add((if flags[20] { h[51] } else { QM31::ZERO })).add((if flags[21] { h[52] } else { QM31::ZERO })).add((if flags[22] { h[53] } else { QM31::ZERO }));
139 +     scratch[54]=(if flags[0] { h[26].add(n[28].add(n[40])) } else { QM31::ZERO }).add((if flags[1] { h[33] } else { QM31::ZERO })).add((if flags[3] { h[34] } else { QM31::ZERO })).add((if flags[4] { h[35] } else { QM31::ZERO })).add((if flags[5] { h[36] } else { QM31::ZERO })).add((if flags[6] { h[37] } else { QM31::ZERO })).add((if flags[7] { h[38] } else { QM31::ZERO })).add((if flags[8] { h[39] } else { QM31::ZERO })).add(if flags[9] { h[40] } else { QM31::ZERO }).add((if flags[10] { h[41] } else { QM31::ZERO })).add((if flags[11] { h[42] } else { QM31::ZERO })).add((if flags[12] { h[43] } else { QM31::ZERO })).add((if flags[13] { h[44] } else { QM31::ZERO })).add((if flags[14] { h[45] } else { QM31::ZERO })).add((if flags[15] { h[46] } else { QM31::ZERO })).add((if flags[16] { h[47] } else { QM31::ZERO })).add((if flags[17] { h[48] } else { QM31::ZERO })).add((if flags[18] { h[49] } else { QM31::ZERO })).add((if flags[19] { h[50] } else { QM31::ZERO })).add((if flags[20] { h[51] } else { QM31::ZERO })).add((if flags[21] { h[52] } else { QM31::ZERO })).add((if flags[22] { h[53] } else { QM31::ZERO }));
    |

warning: unnecessary parentheses around method argument
   --> /home/dombarker/project-offloads/aspis-v8-performance-20260908.scS2Jz/crates/aspis-statement/../../docs/research/v8-no-work-100-20260907/experiments/copy_scatter_plan_generated.rs:139:381
    |
139 | ...gs[7] { h[38] } else { QM31::ZERO })).add((if flags[8] { h[39] } else { QM31::ZERO })).add((if flags[9] { h[40] } else { QM31::Z...
    |                                              ^                                         ^
    |
help: remove these parentheses
    |
139 -     scratch[54]=(if flags[0] { h[26].add(n[28].add(n[40])) } else { QM31::ZERO }).add((if flags[1] { h[33] } else { QM31::ZERO })).add((if flags[3] { h[34] } else { QM31::ZERO })).add((if flags[4] { h[35] } else { QM31::ZERO })).add((if flags[5] { h[36] } else { QM31::ZERO })).add((if flags[6] { h[37] } else { QM31::ZERO })).add((if flags[7] { h[38] } else { QM31::ZERO })).add((if flags[8] { h[39] } else { QM31::ZERO })).add((if flags[9] { h[40] } else { QM31::ZERO })).add((if flags[10] { h[41] } else { QM31::ZERO })).add((if flags[11] { h[42] } else { QM31::ZERO })).add((if flags[12] { h[43] } else { QM31::ZERO })).add((if flags[13] { h[44] } else { QM31::ZERO })).add((if flags[14] { h[45] } else { QM31::ZERO })).add((if flags[15] { h[46] } else { QM31::ZERO })).add((if flags[16] { h[47] } else { QM31::ZERO })).add((if flags[17] { h[48] } else { QM31::ZERO })).add((if flags[18] { h[49] } else { QM31::ZERO })).add((if flags[19] { h[50] } else { QM31::ZERO })).add((if flags[20] { h[51] } else { QM31::ZERO })).add((if flags[21] { h[52] } else { QM31::ZERO })).add((if flags[22] { h[53] } else { QM31::ZERO }));
139 +     scratch[54]=(if flags[0] { h[26].add(n[28].add(n[40])) } else { QM31::ZERO }).add((if flags[1] { h[33] } else { QM31::ZERO })).add((if flags[3] { h[34] } else { QM31::ZERO })).add((if flags[4] { h[35] } else { QM31::ZERO })).add((if flags[5] { h[36] } else { QM31::ZERO })).add((if flags[6] { h[37] } else { QM31::ZERO })).add((if flags[7] { h[38] } else { QM31::ZERO })).add(if flags[8] { h[39] } else { QM31::ZERO }).add((if flags[9] { h[40] } else { QM31::ZERO })).add((if flags[10] { h[41] } else { QM31::ZERO })).add((if flags[11] { h[42] } else { QM31::ZERO })).add((if flags[12] { h[43] } else { QM31::ZERO })).add((if flags[13] { h[44] } else { QM31::ZERO })).add((if flags[14] { h[45] } else { QM31::ZERO })).add((if flags[15] { h[46] } else { QM31::ZERO })).add((if flags[16] { h[47] } else { QM31::ZERO })).add((if flags[17] { h[48] } else { QM31::ZERO })).add((if flags[18] { h[49] } else { QM31::ZERO })).add((if flags[19] { h[50] } else { QM31::ZERO })).add((if flags[20] { h[51] } else { QM31::ZERO })).add((if flags[21] { h[52] } else { QM31::ZERO })).add((if flags[22] { h[53] } else { QM31::ZERO }));
    |

warning: unnecessary parentheses around method argument
   --> /home/dombarker/project-offloads/aspis-v8-performance-20260908.scS2Jz/crates/aspis-statement/../../docs/research/v8-no-work-100-20260907/experiments/copy_scatter_plan_generated.rs:139:332
    |
139 | ...gs[6] { h[37] } else { QM31::ZERO })).add((if flags[7] { h[38] } else { QM31::ZERO })).add((if flags[8] { h[39] } else { QM31::Z...
    |                                              ^                                         ^
    |
help: remove these parentheses
    |
139 -     scratch[54]=(if flags[0] { h[26].add(n[28].add(n[40])) } else { QM31::ZERO }).add((if flags[1] { h[33] } else { QM31::ZERO })).add((if flags[3] { h[34] } else { QM31::ZERO })).add((if flags[4] { h[35] } else { QM31::ZERO })).add((if flags[5] { h[36] } else { QM31::ZERO })).add((if flags[6] { h[37] } else { QM31::ZERO })).add((if flags[7] { h[38] } else { QM31::ZERO })).add((if flags[8] { h[39] } else { QM31::ZERO })).add((if flags[9] { h[40] } else { QM31::ZERO })).add((if flags[10] { h[41] } else { QM31::ZERO })).add((if flags[11] { h[42] } else { QM31::ZERO })).add((if flags[12] { h[43] } else { QM31::ZERO })).add((if flags[13] { h[44] } else { QM31::ZERO })).add((if flags[14] { h[45] } else { QM31::ZERO })).add((if flags[15] { h[46] } else { QM31::ZERO })).add((if flags[16] { h[47] } else { QM31::ZERO })).add((if flags[17] { h[48] } else { QM31::ZERO })).add((if flags[18] { h[49] } else { QM31::ZERO })).add((if flags[19] { h[50] } else { QM31::ZERO })).add((if flags[20] { h[51] } else { QM31::ZERO })).add((if flags[21] { h[52] } else { QM31::ZERO })).add((if flags[22] { h[53] } else { QM31::ZERO }));
139 +     scratch[54]=(if flags[0] { h[26].add(n[28].add(n[40])) } else { QM31::ZERO }).add((if flags[1] { h[33] } else { QM31::ZERO })).add((if flags[3] { h[34] } else { QM31::ZERO })).add((if flags[4] { h[35] } else { QM31::ZERO })).add((if flags[5] { h[36] } else { QM31::ZERO })).add((if flags[6] { h[37] } else { QM31::ZERO })).add(if flags[7] { h[38] } else { QM31::ZERO }).add((if flags[8] { h[39] } else { QM31::ZERO })).add((if flags[9] { h[40] } else { QM31::ZERO })).add((if flags[10] { h[41] } else { QM31::ZERO })).add((if flags[11] { h[42] } else { QM31::ZERO })).add((if flags[12] { h[43] } else { QM31::ZERO })).add((if flags[13] { h[44] } else { QM31::ZERO })).add((if flags[14] { h[45] } else { QM31::ZERO })).add((if flags[15] { h[46] } else { QM31::ZERO })).add((if flags[16] { h[47] } else { QM31::ZERO })).add((if flags[17] { h[48] } else { QM31::ZERO })).add((if flags[18] { h[49] } else { QM31::ZERO })).add((if flags[19] { h[50] } else { QM31::ZERO })).add((if flags[20] { h[51] } else { QM31::ZERO })).add((if flags[21] { h[52] } else { QM31::ZERO })).add((if flags[22] { h[53] } else { QM31::ZERO }));
    |

warning: unnecessary parentheses around method argument
   --> /home/dombarker/project-offloads/aspis-v8-performance-20260908.scS2Jz/crates/aspis-statement/../../docs/research/v8-no-work-100-20260907/experiments/copy_scatter_plan_generated.rs:139:283
    |
139 | ...gs[5] { h[36] } else { QM31::ZERO })).add((if flags[6] { h[37] } else { QM31::ZERO })).add((if flags[7] { h[38] } else { QM31::Z...
    |                                              ^                                         ^
    |
help: remove these parentheses
    |
139 -     scratch[54]=(if flags[0] { h[26].add(n[28].add(n[40])) } else { QM31::ZERO }).add((if flags[1] { h[33] } else { QM31::ZERO })).add((if flags[3] { h[34] } else { QM31::ZERO })).add((if flags[4] { h[35] } else { QM31::ZERO })).add((if flags[5] { h[36] } else { QM31::ZERO })).add((if flags[6] { h[37] } else { QM31::ZERO })).add((if flags[7] { h[38] } else { QM31::ZERO })).add((if flags[8] { h[39] } else { QM31::ZERO })).add((if flags[9] { h[40] } else { QM31::ZERO })).add((if flags[10] { h[41] } else { QM31::ZERO })).add((if flags[11] { h[42] } else { QM31::ZERO })).add((if flags[12] { h[43] } else { QM31::ZERO })).add((if flags[13] { h[44] } else { QM31::ZERO })).add((if flags[14] { h[45] } else { QM31::ZERO })).add((if flags[15] { h[46] } else { QM31::ZERO })).add((if flags[16] { h[47] } else { QM31::ZERO })).add((if flags[17] { h[48] } else { QM31::ZERO })).add((if flags[18] { h[49] } else { QM31::ZERO })).add((if flags[19] { h[50] } else { QM31::ZERO })).add((if flags[20] { h[51] } else { QM31::ZERO })).add((if flags[21] { h[52] } else { QM31::ZERO })).add((if flags[22] { h[53] } else { QM31::ZERO }));
139 +     scratch[54]=(if flags[0] { h[26].add(n[28].add(n[40])) } else { QM31::ZERO }).add((if flags[1] { h[33] } else { QM31::ZERO })).add((if flags[3] { h[34] } else { QM31::ZERO })).add((if flags[4] { h[35] } else { QM31::ZERO })).add((if flags[5] { h[36] } else { QM31::ZERO })).add(if flags[6] { h[37] } else { QM31::ZERO }).add((if flags[7] { h[38] } else { QM31::ZERO })).add((if flags[8] { h[39] } else { QM31::ZERO })).add((if flags[9] { h[40] } else { QM31::ZERO })).add((if flags[10] { h[41] } else { QM31::ZERO })).add((if flags[11] { h[42] } else { QM31::ZERO })).add((if flags[12] { h[43] } else { QM31::ZERO })).add((if flags[13] { h[44] } else { QM31::ZERO })).add((if flags[14] { h[45] } else { QM31::ZERO })).add((if flags[15] { h[46] } else { QM31::ZERO })).add((if flags[16] { h[47] } else { QM31::ZERO })).add((if flags[17] { h[48] } else { QM31::ZERO })).add((if flags[18] { h[49] } else { QM31::ZERO })).add((if flags[19] { h[50] } else { QM31::ZERO })).add((if flags[20] { h[51] } else { QM31::ZERO })).add((if flags[21] { h[52] } else { QM31::ZERO })).add((if flags[22] { h[53] } else { QM31::ZERO }));
    |

warning: unnecessary parentheses around method argument
   --> /home/dombarker/project-offloads/aspis-v8-performance-20260908.scS2Jz/crates/aspis-statement/../../docs/research/v8-no-work-100-20260907/experiments/copy_scatter_plan_generated.rs:139:234
    |
139 | ...gs[4] { h[35] } else { QM31::ZERO })).add((if flags[5] { h[36] } else { QM31::ZERO })).add((if flags[6] { h[37] } else { QM31::Z...
    |                                              ^                                         ^
    |
help: remove these parentheses
    |
139 -     scratch[54]=(if flags[0] { h[26].add(n[28].add(n[40])) } else { QM31::ZERO }).add((if flags[1] { h[33] } else { QM31::ZERO })).add((if flags[3] { h[34] } else { QM31::ZERO })).add((if flags[4] { h[35] } else { QM31::ZERO })).add((if flags[5] { h[36] } else { QM31::ZERO })).add((if flags[6] { h[37] } else { QM31::ZERO })).add((if flags[7] { h[38] } else { QM31::ZERO })).add((if flags[8] { h[39] } else { QM31::ZERO })).add((if flags[9] { h[40] } else { QM31::ZERO })).add((if flags[10] { h[41] } else { QM31::ZERO })).add((if flags[11] { h[42] } else { QM31::ZERO })).add((if flags[12] { h[43] } else { QM31::ZERO })).add((if flags[13] { h[44] } else { QM31::ZERO })).add((if flags[14] { h[45] } else { QM31::ZERO })).add((if flags[15] { h[46] } else { QM31::ZERO })).add((if flags[16] { h[47] } else { QM31::ZERO })).add((if flags[17] { h[48] } else { QM31::ZERO })).add((if flags[18] { h[49] } else { QM31::ZERO })).add((if flags[19] { h[50] } else { QM31::ZERO })).add((if flags[20] { h[51] } else { QM31::ZERO })).add((if flags[21] { h[52] } else { QM31::ZERO })).add((if flags[22] { h[53] } else { QM31::ZERO }));
139 +     scratch[54]=(if flags[0] { h[26].add(n[28].add(n[40])) } else { QM31::ZERO }).add((if flags[1] { h[33] } else { QM31::ZERO })).add((if flags[3] { h[34] } else { QM31::ZERO })).add((if flags[4] { h[35] } else { QM31::ZERO })).add(if flags[5] { h[36] } else { QM31::ZERO }).add((if flags[6] { h[37] } else { QM31::ZERO })).add((if flags[7] { h[38] } else { QM31::ZERO })).add((if flags[8] { h[39] } else { QM31::ZERO })).add((if flags[9] { h[40] } else { QM31::ZERO })).add((if flags[10] { h[41] } else { QM31::ZERO })).add((if flags[11] { h[42] } else { QM31::ZERO })).add((if flags[12] { h[43] } else { QM31::ZERO })).add((if flags[13] { h[44] } else { QM31::ZERO })).add((if flags[14] { h[45] } else { QM31::ZERO })).add((if flags[15] { h[46] } else { QM31::ZERO })).add((if flags[16] { h[47] } else { QM31::ZERO })).add((if flags[17] { h[48] } else { QM31::ZERO })).add((if flags[18] { h[49] } else { QM31::ZERO })).add((if flags[19] { h[50] } else { QM31::ZERO })).add((if flags[20] { h[51] } else { QM31::ZERO })).add((if flags[21] { h[52] } else { QM31::ZERO })).add((if flags[22] { h[53] } else { QM31::ZERO }));
    |

warning: unnecessary parentheses around method argument
   --> /home/dombarker/project-offloads/aspis-v8-performance-20260908.scS2Jz/crates/aspis-statement/../../docs/research/v8-no-work-100-20260907/experiments/copy_scatter_plan_generated.rs:139:185
    |
139 | ...gs[3] { h[34] } else { QM31::ZERO })).add((if flags[4] { h[35] } else { QM31::ZERO })).add((if flags[5] { h[36] } else { QM31::Z...
    |                                              ^                                         ^
    |
help: remove these parentheses
    |
139 -     scratch[54]=(if flags[0] { h[26].add(n[28].add(n[40])) } else { QM31::ZERO }).add((if flags[1] { h[33] } else { QM31::ZERO })).add((if flags[3] { h[34] } else { QM31::ZERO })).add((if flags[4] { h[35] } else { QM31::ZERO })).add((if flags[5] { h[36] } else { QM31::ZERO })).add((if flags[6] { h[37] } else { QM31::ZERO })).add((if flags[7] { h[38] } else { QM31::ZERO })).add((if flags[8] { h[39] } else { QM31::ZERO })).add((if flags[9] { h[40] } else { QM31::ZERO })).add((if flags[10] { h[41] } else { QM31::ZERO })).add((if flags[11] { h[42] } else { QM31::ZERO })).add((if flags[12] { h[43] } else { QM31::ZERO })).add((if flags[13] { h[44] } else { QM31::ZERO })).add((if flags[14] { h[45] } else { QM31::ZERO })).add((if flags[15] { h[46] } else { QM31::ZERO })).add((if flags[16] { h[47] } else { QM31::ZERO })).add((if flags[17] { h[48] } else { QM31::ZERO })).add((if flags[18] { h[49] } else { QM31::ZERO })).add((if flags[19] { h[50] } else { QM31::ZERO })).add((if flags[20] { h[51] } else { QM31::ZERO })).add((if flags[21] { h[52] } else { QM31::ZERO })).add((if flags[22] { h[53] } else { QM31::ZERO }));
139 +     scratch[54]=(if flags[0] { h[26].add(n[28].add(n[40])) } else { QM31::ZERO }).add((if flags[1] { h[33] } else { QM31::ZERO })).add((if flags[3] { h[34] } else { QM31::ZERO })).add(if flags[4] { h[35] } else { QM31::ZERO }).add((if flags[5] { h[36] } else { QM31::ZERO })).add((if flags[6] { h[37] } else { QM31::ZERO })).add((if flags[7] { h[38] } else { QM31::ZERO })).add((if flags[8] { h[39] } else { QM31::ZERO })).add((if flags[9] { h[40] } else { QM31::ZERO })).add((if flags[10] { h[41] } else { QM31::ZERO })).add((if flags[11] { h[42] } else { QM31::ZERO })).add((if flags[12] { h[43] } else { QM31::ZERO })).add((if flags[13] { h[44] } else { QM31::ZERO })).add((if flags[14] { h[45] } else { QM31::ZERO })).add((if flags[15] { h[46] } else { QM31::ZERO })).add((if flags[16] { h[47] } else { QM31::ZERO })).add((if flags[17] { h[48] } else { QM31::ZERO })).add((if flags[18] { h[49] } else { QM31::ZERO })).add((if flags[19] { h[50] } else { QM31::ZERO })).add((if flags[20] { h[51] } else { QM31::ZERO })).add((if flags[21] { h[52] } else { QM31::ZERO })).add((if flags[22] { h[53] } else { QM31::ZERO }));
    |

warning: unnecessary parentheses around method argument
   --> /home/dombarker/project-offloads/aspis-v8-performance-20260908.scS2Jz/crates/aspis-statement/../../docs/research/v8-no-work-100-20260907/experiments/copy_scatter_plan_generated.rs:139:136
    |
139 | ...gs[1] { h[33] } else { QM31::ZERO })).add((if flags[3] { h[34] } else { QM31::ZERO })).add((if flags[4] { h[35] } else { QM31::Z...
    |                                              ^                                         ^
    |
help: remove these parentheses
    |
139 -     scratch[54]=(if flags[0] { h[26].add(n[28].add(n[40])) } else { QM31::ZERO }).add((if flags[1] { h[33] } else { QM31::ZERO })).add((if flags[3] { h[34] } else { QM31::ZERO })).add((if flags[4] { h[35] } else { QM31::ZERO })).add((if flags[5] { h[36] } else { QM31::ZERO })).add((if flags[6] { h[37] } else { QM31::ZERO })).add((if flags[7] { h[38] } else { QM31::ZERO })).add((if flags[8] { h[39] } else { QM31::ZERO })).add((if flags[9] { h[40] } else { QM31::ZERO })).add((if flags[10] { h[41] } else { QM31::ZERO })).add((if flags[11] { h[42] } else { QM31::ZERO })).add((if flags[12] { h[43] } else { QM31::ZERO })).add((if flags[13] { h[44] } else { QM31::ZERO })).add((if flags[14] { h[45] } else { QM31::ZERO })).add((if flags[15] { h[46] } else { QM31::ZERO })).add((if flags[16] { h[47] } else { QM31::ZERO })).add((if flags[17] { h[48] } else { QM31::ZERO })).add((if flags[18] { h[49] } else { QM31::ZERO })).add((if flags[19] { h[50] } else { QM31::ZERO })).add((if flags[20] { h[51] } else { QM31::ZERO })).add((if flags[21] { h[52] } else { QM31::ZERO })).add((if flags[22] { h[53] } else { QM31::ZERO }));
139 +     scratch[54]=(if flags[0] { h[26].add(n[28].add(n[40])) } else { QM31::ZERO }).add((if flags[1] { h[33] } else { QM31::ZERO })).add(if flags[3] { h[34] } else { QM31::ZERO }).add((if flags[4] { h[35] } else { QM31::ZERO })).add((if flags[5] { h[36] } else { QM31::ZERO })).add((if flags[6] { h[37] } else { QM31::ZERO })).add((if flags[7] { h[38] } else { QM31::ZERO })).add((if flags[8] { h[39] } else { QM31::ZERO })).add((if flags[9] { h[40] } else { QM31::ZERO })).add((if flags[10] { h[41] } else { QM31::ZERO })).add((if flags[11] { h[42] } else { QM31::ZERO })).add((if flags[12] { h[43] } else { QM31::ZERO })).add((if flags[13] { h[44] } else { QM31::ZERO })).add((if flags[14] { h[45] } else { QM31::ZERO })).add((if flags[15] { h[46] } else { QM31::ZERO })).add((if flags[16] { h[47] } else { QM31::ZERO })).add((if flags[17] { h[48] } else { QM31::ZERO })).add((if flags[18] { h[49] } else { QM31::ZERO })).add((if flags[19] { h[50] } else { QM31::ZERO })).add((if flags[20] { h[51] } else { QM31::ZERO })).add((if flags[21] { h[52] } else { QM31::ZERO })).add((if flags[22] { h[53] } else { QM31::ZERO }));
    |

warning: unnecessary parentheses around method argument
   --> /home/dombarker/project-offloads/aspis-v8-performance-20260908.scS2Jz/crates/aspis-statement/../../docs/research/v8-no-work-100-20260907/experiments/copy_scatter_plan_generated.rs:139:87
    |
139 | ...8].add(n[40])) } else { QM31::ZERO }).add((if flags[1] { h[33] } else { QM31::ZERO })).add((if flags[3] { h[34] } else { QM31::Z...
    |                                              ^                                         ^
    |
help: remove these parentheses
    |
139 -     scratch[54]=(if flags[0] { h[26].add(n[28].add(n[40])) } else { QM31::ZERO }).add((if flags[1] { h[33] } else { QM31::ZERO })).add((if flags[3] { h[34] } else { QM31::ZERO })).add((if flags[4] { h[35] } else { QM31::ZERO })).add((if flags[5] { h[36] } else { QM31::ZERO })).add((if flags[6] { h[37] } else { QM31::ZERO })).add((if flags[7] { h[38] } else { QM31::ZERO })).add((if flags[8] { h[39] } else { QM31::ZERO })).add((if flags[9] { h[40] } else { QM31::ZERO })).add((if flags[10] { h[41] } else { QM31::ZERO })).add((if flags[11] { h[42] } else { QM31::ZERO })).add((if flags[12] { h[43] } else { QM31::ZERO })).add((if flags[13] { h[44] } else { QM31::ZERO })).add((if flags[14] { h[45] } else { QM31::ZERO })).add((if flags[15] { h[46] } else { QM31::ZERO })).add((if flags[16] { h[47] } else { QM31::ZERO })).add((if flags[17] { h[48] } else { QM31::ZERO })).add((if flags[18] { h[49] } else { QM31::ZERO })).add((if flags[19] { h[50] } else { QM31::ZERO })).add((if flags[20] { h[51] } else { QM31::ZERO })).add((if flags[21] { h[52] } else { QM31::ZERO })).add((if flags[22] { h[53] } else { QM31::ZERO }));
139 +     scratch[54]=(if flags[0] { h[26].add(n[28].add(n[40])) } else { QM31::ZERO }).add(if flags[1] { h[33] } else { QM31::ZERO }).add((if flags[3] { h[34] } else { QM31::ZERO })).add((if flags[4] { h[35] } else { QM31::ZERO })).add((if flags[5] { h[36] } else { QM31::ZERO })).add((if flags[6] { h[37] } else { QM31::ZERO })).add((if flags[7] { h[38] } else { QM31::ZERO })).add((if flags[8] { h[39] } else { QM31::ZERO })).add((if flags[9] { h[40] } else { QM31::ZERO })).add((if flags[10] { h[41] } else { QM31::ZERO })).add((if flags[11] { h[42] } else { QM31::ZERO })).add((if flags[12] { h[43] } else { QM31::ZERO })).add((if flags[13] { h[44] } else { QM31::ZERO })).add((if flags[14] { h[45] } else { QM31::ZERO })).add((if flags[15] { h[46] } else { QM31::ZERO })).add((if flags[16] { h[47] } else { QM31::ZERO })).add((if flags[17] { h[48] } else { QM31::ZERO })).add((if flags[18] { h[49] } else { QM31::ZERO })).add((if flags[19] { h[50] } else { QM31::ZERO })).add((if flags[20] { h[51] } else { QM31::ZERO })).add((if flags[21] { h[52] } else { QM31::ZERO })).add((if flags[22] { h[53] } else { QM31::ZERO }));
    |

warning: unnecessary parentheses around assigned value
   --> /home/dombarker/project-offloads/aspis-v8-performance-20260908.scS2Jz/crates/aspis-statement/../../docs/research/v8-no-work-100-20260907/experiments/copy_scatter_plan_generated.rs:140:17
    |
140 |     scratch[55]=(if flags[0] { n[4] } else { QM31::ZERO });
    |                 ^                                        ^
    |
help: remove these parentheses
    |
140 -     scratch[55]=(if flags[0] { n[4] } else { QM31::ZERO });
140 +     scratch[55]=if flags[0] { n[4] } else { QM31::ZERO };
    |

warning: unnecessary parentheses around assigned value
   --> /home/dombarker/project-offloads/aspis-v8-performance-20260908.scS2Jz/crates/aspis-statement/../../docs/research/v8-no-work-100-20260907/experiments/copy_scatter_plan_generated.rs:141:17
    |
141 |     scratch[56]=(if flags[0] { h[63] } else { QM31::ZERO });
    |                 ^                                         ^
    |
help: remove these parentheses
    |
141 -     scratch[56]=(if flags[0] { h[63] } else { QM31::ZERO });
141 +     scratch[56]=if flags[0] { h[63] } else { QM31::ZERO };
    |

warning: unnecessary parentheses around assigned value
   --> /home/dombarker/project-offloads/aspis-v8-performance-20260908.scS2Jz/crates/aspis-statement/../../docs/research/v8-no-work-100-20260907/experiments/copy_scatter_plan_generated.rs:142:17
    |
142 |     scratch[57]=(if flags[0] { h[63] } else { QM31::ZERO });
    |                 ^                                         ^
    |
help: remove these parentheses
    |
142 -     scratch[57]=(if flags[0] { h[63] } else { QM31::ZERO });
142 +     scratch[57]=if flags[0] { h[63] } else { QM31::ZERO };
    |

warning: unnecessary parentheses around assigned value
   --> /home/dombarker/project-offloads/aspis-v8-performance-20260908.scS2Jz/crates/aspis-statement/../../docs/research/v8-no-work-100-20260907/experiments/copy_scatter_plan_generated.rs:143:17
    |
143 |     scratch[58]=(if flags[0] { h[63] } else { QM31::ZERO });
    |                 ^                                         ^
    |
help: remove these parentheses
    |
143 -     scratch[58]=(if flags[0] { h[63] } else { QM31::ZERO });
143 +     scratch[58]=if flags[0] { h[63] } else { QM31::ZERO };
    |

warning: unnecessary parentheses around method argument
   --> /home/dombarker/project-offloads/aspis-v8-performance-20260908.scS2Jz/crates/aspis-statement/../../docs/research/v8-no-work-100-20260907/experiments/copy_scatter_plan_generated.rs:144:65
    |
144 |     scratch[59]=(if flags[0] { h[26] } else { QM31::ZERO }).add((if flags[2] { h[33] } else { QM31::ZERO }));
    |                                                                 ^                                         ^
    |
help: remove these parentheses
    |
144 -     scratch[59]=(if flags[0] { h[26] } else { QM31::ZERO }).add((if flags[2] { h[33] } else { QM31::ZERO }));
144 +     scratch[59]=(if flags[0] { h[26] } else { QM31::ZERO }).add(if flags[2] { h[33] } else { QM31::ZERO });
    |

warning: unnecessary parentheses around assigned value
  --> /home/dombarker/project-offloads/aspis-v8-performance-20260908.scS2Jz/crates/aspis-statement/../../docs/research/v8-no-work-100-20260907/experiments/copy_tag_shared_generated.rs:66:17
   |
66 |     scratch[30]=(if flags[0] { h[4].add(h[63]) } else { QM31::ZERO });
   |                 ^                                                   ^
   |
help: remove these parentheses
   |
66 -     scratch[30]=(if flags[0] { h[4].add(h[63]) } else { QM31::ZERO });
66 +     scratch[30]=if flags[0] { h[4].add(h[63]) } else { QM31::ZERO };
   |

warning: unnecessary parentheses around assigned value
  --> /home/dombarker/project-offloads/aspis-v8-performance-20260908.scS2Jz/crates/aspis-statement/../../docs/research/v8-no-work-100-20260907/experiments/copy_tag_shared_generated.rs:67:17
   |
67 |     scratch[31]=(if flags[0] { h[57] } else { QM31::ZERO });
   |                 ^                                         ^
   |
help: remove these parentheses
   |
67 -     scratch[31]=(if flags[0] { h[57] } else { QM31::ZERO });
67 +     scratch[31]=if flags[0] { h[57] } else { QM31::ZERO };
   |

warning: unnecessary parentheses around assigned value
  --> /home/dombarker/project-offloads/aspis-v8-performance-20260908.scS2Jz/crates/aspis-statement/../../docs/research/v8-no-work-100-20260907/experiments/copy_tag_shared_generated.rs:68:17
   |
68 |     scratch[32]=(if flags[0] { n[41] } else { QM31::ZERO });
   |                 ^                                         ^
   |
help: remove these parentheses
   |
68 -     scratch[32]=(if flags[0] { n[41] } else { QM31::ZERO });
68 +     scratch[32]=if flags[0] { n[41] } else { QM31::ZERO };
   |

warning: unnecessary parentheses around assigned value
  --> /home/dombarker/project-offloads/aspis-v8-performance-20260908.scS2Jz/crates/aspis-statement/../../docs/research/v8-no-work-100-20260907/experiments/copy_tag_shared_generated.rs:69:17
   |
69 |     scratch[33]=(if flags[0] { h[63] } else { QM31::ZERO });
   |                 ^                                         ^
   |
help: remove these parentheses
   |
69 -     scratch[33]=(if flags[0] { h[63] } else { QM31::ZERO });
69 +     scratch[33]=if flags[0] { h[63] } else { QM31::ZERO };
   |

warning: unnecessary parentheses around assigned value
  --> /home/dombarker/project-offloads/aspis-v8-performance-20260908.scS2Jz/crates/aspis-statement/../../docs/research/v8-no-work-100-20260907/experiments/copy_tag_shared_generated.rs:70:17
   |
70 |     scratch[34]=(if flags[0] { n[41] } else { QM31::ZERO });
   |                 ^                                         ^
   |
help: remove these parentheses
   |
70 -     scratch[34]=(if flags[0] { n[41] } else { QM31::ZERO });
70 +     scratch[34]=if flags[0] { n[41] } else { QM31::ZERO };
   |

warning: unnecessary parentheses around assigned value
  --> /home/dombarker/project-offloads/aspis-v8-performance-20260908.scS2Jz/crates/aspis-statement/../../docs/research/v8-no-work-100-20260907/experiments/copy_tag_shared_generated.rs:71:17
   |
71 |     scratch[35]=(if flags[0] { n[41] } else { QM31::ZERO });
   |                 ^                                         ^
   |
help: remove these parentheses
   |
71 -     scratch[35]=(if flags[0] { n[41] } else { QM31::ZERO });
71 +     scratch[35]=if flags[0] { n[41] } else { QM31::ZERO };
   |

warning: unnecessary parentheses around method argument
  --> /home/dombarker/project-offloads/aspis-v8-performance-20260908.scS2Jz/crates/aspis-statement/../../docs/research/v8-no-work-100-20260907/experiments/copy_tag_shared_generated.rs:72:1101
   |
72 | ...s[21] { h[51] } else { QM31::ZERO })).add((if flags[22] { h[52] } else { QM31::ZERO }));
   |                                              ^                                          ^
   |
help: remove these parentheses
   |
72 -     scratch[36]=(if flags[0] { n[29].add(n[52].add(n[54])) } else { QM31::ZERO }).add((if flags[1] { h[27].add(h[32].add(n[51])) } else { QM31::ZERO })).add((if flags[3] { h[33] } else { QM31::ZERO })).add((if flags[4] { h[34] } else { QM31::ZERO })).add((if flags[5] { h[35] } else { QM31::ZERO })).add((if flags[6] { h[36] } else { QM31::ZERO })).add((if flags[7] { h[37] } else { QM31::ZERO })).add((if flags[8] { h[38] } else { QM31::ZERO })).add((if flags[9] { h[39] } else { QM31::ZERO })).add((if flags[10] { h[40] } else { QM31::ZERO })).add((if flags[11] { h[41] } else { QM31::ZERO })).add((if flags[12] { h[42] } else { QM31::ZERO })).add((if flags[13] { h[43] } else { QM31::ZERO })).add((if flags[14] { h[44] } else { QM31::ZERO })).add((if flags[15] { h[45] } else { QM31::ZERO })).add((if flags[16] { h[46] } else { QM31::ZERO })).add((if flags[17] { h[47] } else { QM31::ZERO })).add((if flags[18] { h[48] } else { QM31::ZERO })).add((if flags[19] { h[49] } else { QM31::ZERO })).add((if flags[20] { h[50] } else { QM31::ZERO })).add((if flags[21] { h[51] } else { QM31::ZERO })).add((if flags[22] { h[52] } else { QM31::ZERO }));
72 +     scratch[36]=(if flags[0] { n[29].add(n[52].add(n[54])) } else { QM31::ZERO }).add((if flags[1] { h[27].add(h[32].add(n[51])) } else { QM31::ZERO })).add((if flags[3] { h[33] } else { QM31::ZERO })).add((if flags[4] { h[34] } else { QM31::ZERO })).add((if flags[5] { h[35] } else { QM31::ZERO })).add((if flags[6] { h[36] } else { QM31::ZERO })).add((if flags[7] { h[37] } else { QM31::ZERO })).add((if flags[8] { h[38] } else { QM31::ZERO })).add((if flags[9] { h[39] } else { QM31::ZERO })).add((if flags[10] { h[40] } else { QM31::ZERO })).add((if flags[11] { h[41] } else { QM31::ZERO })).add((if flags[12] { h[42] } else { QM31::ZERO })).add((if flags[13] { h[43] } else { QM31::ZERO })).add((if flags[14] { h[44] } else { QM31::ZERO })).add((if flags[15] { h[45] } else { QM31::ZERO })).add((if flags[16] { h[46] } else { QM31::ZERO })).add((if flags[17] { h[47] } else { QM31::ZERO })).add((if flags[18] { h[48] } else { QM31::ZERO })).add((if flags[19] { h[49] } else { QM31::ZERO })).add((if flags[20] { h[50] } else { QM31::ZERO })).add((if flags[21] { h[51] } else { QM31::ZERO })).add(if flags[22] { h[52] } else { QM31::ZERO });
   |

warning: unnecessary parentheses around method argument
  --> /home/dombarker/project-offloads/aspis-v8-performance-20260908.scS2Jz/crates/aspis-statement/../../docs/research/v8-no-work-100-20260907/experiments/copy_tag_shared_generated.rs:72:1051
   |
72 | ...s[20] { h[50] } else { QM31::ZERO })).add((if flags[21] { h[51] } else { QM31::ZERO })).add((if flags[22] { h[52] } else { QM31::...
   |                                              ^                                          ^
   |
help: remove these parentheses
   |
72 -     scratch[36]=(if flags[0] { n[29].add(n[52].add(n[54])) } else { QM31::ZERO }).add((if flags[1] { h[27].add(h[32].add(n[51])) } else { QM31::ZERO })).add((if flags[3] { h[33] } else { QM31::ZERO })).add((if flags[4] { h[34] } else { QM31::ZERO })).add((if flags[5] { h[35] } else { QM31::ZERO })).add((if flags[6] { h[36] } else { QM31::ZERO })).add((if flags[7] { h[37] } else { QM31::ZERO })).add((if flags[8] { h[38] } else { QM31::ZERO })).add((if flags[9] { h[39] } else { QM31::ZERO })).add((if flags[10] { h[40] } else { QM31::ZERO })).add((if flags[11] { h[41] } else { QM31::ZERO })).add((if flags[12] { h[42] } else { QM31::ZERO })).add((if flags[13] { h[43] } else { QM31::ZERO })).add((if flags[14] { h[44] } else { QM31::ZERO })).add((if flags[15] { h[45] } else { QM31::ZERO })).add((if flags[16] { h[46] } else { QM31::ZERO })).add((if flags[17] { h[47] } else { QM31::ZERO })).add((if flags[18] { h[48] } else { QM31::ZERO })).add((if flags[19] { h[49] } else { QM31::ZERO })).add((if flags[20] { h[50] } else { QM31::ZERO })).add((if flags[21] { h[51] } else { QM31::ZERO })).add((if flags[22] { h[52] } else { QM31::ZERO }));
72 +     scratch[36]=(if flags[0] { n[29].add(n[52].add(n[54])) } else { QM31::ZERO }).add((if flags[1] { h[27].add(h[32].add(n[51])) } else { QM31::ZERO })).add((if flags[3] { h[33] } else { QM31::ZERO })).add((if flags[4] { h[34] } else { QM31::ZERO })).add((if flags[5] { h[35] } else { QM31::ZERO })).add((if flags[6] { h[36] } else { QM31::ZERO })).add((if flags[7] { h[37] } else { QM31::ZERO })).add((if flags[8] { h[38] } else { QM31::ZERO })).add((if flags[9] { h[39] } else { QM31::ZERO })).add((if flags[10] { h[40] } else { QM31::ZERO })).add((if flags[11] { h[41] } else { QM31::ZERO })).add((if flags[12] { h[42] } else { QM31::ZERO })).add((if flags[13] { h[43] } else { QM31::ZERO })).add((if flags[14] { h[44] } else { QM31::ZERO })).add((if flags[15] { h[45] } else { QM31::ZERO })).add((if flags[16] { h[46] } else { QM31::ZERO })).add((if flags[17] { h[47] } else { QM31::ZERO })).add((if flags[18] { h[48] } else { QM31::ZERO })).add((if flags[19] { h[49] } else { QM31::ZERO })).add((if flags[20] { h[50] } else { QM31::ZERO })).add(if flags[21] { h[51] } else { QM31::ZERO }).add((if flags[22] { h[52] } else { QM31::ZERO }));
   |

warning: unnecessary parentheses around method argument
  --> /home/dombarker/project-offloads/aspis-v8-performance-20260908.scS2Jz/crates/aspis-statement/../../docs/research/v8-no-work-100-20260907/experiments/copy_tag_shared_generated.rs:72:1001
   |
72 | ...s[19] { h[49] } else { QM31::ZERO })).add((if flags[20] { h[50] } else { QM31::ZERO })).add((if flags[21] { h[51] } else { QM31::...
   |                                              ^                                          ^
   |
help: remove these parentheses
   |
72 -     scratch[36]=(if flags[0] { n[29].add(n[52].add(n[54])) } else { QM31::ZERO }).add((if flags[1] { h[27].add(h[32].add(n[51])) } else { QM31::ZERO })).add((if flags[3] { h[33] } else { QM31::ZERO })).add((if flags[4] { h[34] } else { QM31::ZERO })).add((if flags[5] { h[35] } else { QM31::ZERO })).add((if flags[6] { h[36] } else { QM31::ZERO })).add((if flags[7] { h[37] } else { QM31::ZERO })).add((if flags[8] { h[38] } else { QM31::ZERO })).add((if flags[9] { h[39] } else { QM31::ZERO })).add((if flags[10] { h[40] } else { QM31::ZERO })).add((if flags[11] { h[41] } else { QM31::ZERO })).add((if flags[12] { h[42] } else { QM31::ZERO })).add((if flags[13] { h[43] } else { QM31::ZERO })).add((if flags[14] { h[44] } else { QM31::ZERO })).add((if flags[15] { h[45] } else { QM31::ZERO })).add((if flags[16] { h[46] } else { QM31::ZERO })).add((if flags[17] { h[47] } else { QM31::ZERO })).add((if flags[18] { h[48] } else { QM31::ZERO })).add((if flags[19] { h[49] } else { QM31::ZERO })).add((if flags[20] { h[50] } else { QM31::ZERO })).add((if flags[21] { h[51] } else { QM31::ZERO })).add((if flags[22] { h[52] } else { QM31::ZERO }));
72 +     scratch[36]=(if flags[0] { n[29].add(n[52].add(n[54])) } else { QM31::ZERO }).add((if flags[1] { h[27].add(h[32].add(n[51])) } else { QM31::ZERO })).add((if flags[3] { h[33] } else { QM31::ZERO })).add((if flags[4] { h[34] } else { QM31::ZERO })).add((if flags[5] { h[35] } else { QM31::ZERO })).add((if flags[6] { h[36] } else { QM31::ZERO })).add((if flags[7] { h[37] } else { QM31::ZERO })).add((if flags[8] { h[38] } else { QM31::ZERO })).add((if flags[9] { h[39] } else { QM31::ZERO })).add((if flags[10] { h[40] } else { QM31::ZERO })).add((if flags[11] { h[41] } else { QM31::ZERO })).add((if flags[12] { h[42] } else { QM31::ZERO })).add((if flags[13] { h[43] } else { QM31::ZERO })).add((if flags[14] { h[44] } else { QM31::ZERO })).add((if flags[15] { h[45] } else { QM31::ZERO })).add((if flags[16] { h[46] } else { QM31::ZERO })).add((if flags[17] { h[47] } else { QM31::ZERO })).add((if flags[18] { h[48] } else { QM31::ZERO })).add((if flags[19] { h[49] } else { QM31::ZERO })).add(if flags[20] { h[50] } else { QM31::ZERO }).add((if flags[21] { h[51] } else { QM31::ZERO })).add((if flags[22] { h[52] } else { QM31::ZERO }));
   |

warning: unnecessary parentheses around method argument
  --> /home/dombarker/project-offloads/aspis-v8-performance-20260908.scS2Jz/crates/aspis-statement/../../docs/research/v8-no-work-100-20260907/experiments/copy_tag_shared_generated.rs:72:951
   |
72 | ...s[18] { h[48] } else { QM31::ZERO })).add((if flags[19] { h[49] } else { QM31::ZERO })).add((if flags[20] { h[50] } else { QM31::...
   |                                              ^                                          ^
   |
help: remove these parentheses
   |
72 -     scratch[36]=(if flags[0] { n[29].add(n[52].add(n[54])) } else { QM31::ZERO }).add((if flags[1] { h[27].add(h[32].add(n[51])) } else { QM31::ZERO })).add((if flags[3] { h[33] } else { QM31::ZERO })).add((if flags[4] { h[34] } else { QM31::ZERO })).add((if flags[5] { h[35] } else { QM31::ZERO })).add((if flags[6] { h[36] } else { QM31::ZERO })).add((if flags[7] { h[37] } else { QM31::ZERO })).add((if flags[8] { h[38] } else { QM31::ZERO })).add((if flags[9] { h[39] } else { QM31::ZERO })).add((if flags[10] { h[40] } else { QM31::ZERO })).add((if flags[11] { h[41] } else { QM31::ZERO })).add((if flags[12] { h[42] } else { QM31::ZERO })).add((if flags[13] { h[43] } else { QM31::ZERO })).add((if flags[14] { h[44] } else { QM31::ZERO })).add((if flags[15] { h[45] } else { QM31::ZERO })).add((if flags[16] { h[46] } else { QM31::ZERO })).add((if flags[17] { h[47] } else { QM31::ZERO })).add((if flags[18] { h[48] } else { QM31::ZERO })).add((if flags[19] { h[49] } else { QM31::ZERO })).add((if flags[20] { h[50] } else { QM31::ZERO })).add((if flags[21] { h[51] } else { QM31::ZERO })).add((if flags[22] { h[52] } else { QM31::ZERO }));
72 +     scratch[36]=(if flags[0] { n[29].add(n[52].add(n[54])) } else { QM31::ZERO }).add((if flags[1] { h[27].add(h[32].add(n[51])) } else { QM31::ZERO })).add((if flags[3] { h[33] } else { QM31::ZERO })).add((if flags[4] { h[34] } else { QM31::ZERO })).add((if flags[5] { h[35] } else { QM31::ZERO })).add((if flags[6] { h[36] } else { QM31::ZERO })).add((if flags[7] { h[37] } else { QM31::ZERO })).add((if flags[8] { h[38] } else { QM31::ZERO })).add((if flags[9] { h[39] } else { QM31::ZERO })).add((if flags[10] { h[40] } else { QM31::ZERO })).add((if flags[11] { h[41] } else { QM31::ZERO })).add((if flags[12] { h[42] } else { QM31::ZERO })).add((if flags[13] { h[43] } else { QM31::ZERO })).add((if flags[14] { h[44] } else { QM31::ZERO })).add((if flags[15] { h[45] } else { QM31::ZERO })).add((if flags[16] { h[46] } else { QM31::ZERO })).add((if flags[17] { h[47] } else { QM31::ZERO })).add((if flags[18] { h[48] } else { QM31::ZERO })).add(if flags[19] { h[49] } else { QM31::ZERO }).add((if flags[20] { h[50] } else { QM31::ZERO })).add((if flags[21] { h[51] } else { QM31::ZERO })).add((if flags[22] { h[52] } else { QM31::ZERO }));
   |

warning: unnecessary parentheses around method argument
  --> /home/dombarker/project-offloads/aspis-v8-performance-20260908.scS2Jz/crates/aspis-statement/../../docs/research/v8-no-work-100-20260907/experiments/copy_tag_shared_generated.rs:72:901
   |
72 | ...s[17] { h[47] } else { QM31::ZERO })).add((if flags[18] { h[48] } else { QM31::ZERO })).add((if flags[19] { h[49] } else { QM31::...
   |                                              ^                                          ^
   |
help: remove these parentheses
   |
72 -     scratch[36]=(if flags[0] { n[29].add(n[52].add(n[54])) } else { QM31::ZERO }).add((if flags[1] { h[27].add(h[32].add(n[51])) } else { QM31::ZERO })).add((if flags[3] { h[33] } else { QM31::ZERO })).add((if flags[4] { h[34] } else { QM31::ZERO })).add((if flags[5] { h[35] } else { QM31::ZERO })).add((if flags[6] { h[36] } else { QM31::ZERO })).add((if flags[7] { h[37] } else { QM31::ZERO })).add((if flags[8] { h[38] } else { QM31::ZERO })).add((if flags[9] { h[39] } else { QM31::ZERO })).add((if flags[10] { h[40] } else { QM31::ZERO })).add((if flags[11] { h[41] } else { QM31::ZERO })).add((if flags[12] { h[42] } else { QM31::ZERO })).add((if flags[13] { h[43] } else { QM31::ZERO })).add((if flags[14] { h[44] } else { QM31::ZERO })).add((if flags[15] { h[45] } else { QM31::ZERO })).add((if flags[16] { h[46] } else { QM31::ZERO })).add((if flags[17] { h[47] } else { QM31::ZERO })).add((if flags[18] { h[48] } else { QM31::ZERO })).add((if flags[19] { h[49] } else { QM31::ZERO })).add((if flags[20] { h[50] } else { QM31::ZERO })).add((if flags[21] { h[51] } else { QM31::ZERO })).add((if flags[22] { h[52] } else { QM31::ZERO }));
72 +     scratch[36]=(if flags[0] { n[29].add(n[52].add(n[54])) } else { QM31::ZERO }).add((if flags[1] { h[27].add(h[32].add(n[51])) } else { QM31::ZERO })).add((if flags[3] { h[33] } else { QM31::ZERO })).add((if flags[4] { h[34] } else { QM31::ZERO })).add((if flags[5] { h[35] } else { QM31::ZERO })).add((if flags[6] { h[36] } else { QM31::ZERO })).add((if flags[7] { h[37] } else { QM31::ZERO })).add((if flags[8] { h[38] } else { QM31::ZERO })).add((if flags[9] { h[39] } else { QM31::ZERO })).add((if flags[10] { h[40] } else { QM31::ZERO })).add((if flags[11] { h[41] } else { QM31::ZERO })).add((if flags[12] { h[42] } else { QM31::ZERO })).add((if flags[13] { h[43] } else { QM31::ZERO })).add((if flags[14] { h[44] } else { QM31::ZERO })).add((if flags[15] { h[45] } else { QM31::ZERO })).add((if flags[16] { h[46] } else { QM31::ZERO })).add((if flags[17] { h[47] } else { QM31::ZERO })).add(if flags[18] { h[48] } else { QM31::ZERO }).add((if flags[19] { h[49] } else { QM31::ZERO })).add((if flags[20] { h[50] } else { QM31::ZERO })).add((if flags[21] { h[51] } else { QM31::ZERO })).add((if flags[22] { h[52] } else { QM31::ZERO }));
   |

warning: unnecessary parentheses around method argument
  --> /home/dombarker/project-offloads/aspis-v8-performance-20260908.scS2Jz/crates/aspis-statement/../../docs/research/v8-no-work-100-20260907/experiments/copy_tag_shared_generated.rs:72:851
   |
72 | ...s[16] { h[46] } else { QM31::ZERO })).add((if flags[17] { h[47] } else { QM31::ZERO })).add((if flags[18] { h[48] } else { QM31::...
   |                                              ^                                          ^
   |
help: remove these parentheses
   |
72 -     scratch[36]=(if flags[0] { n[29].add(n[52].add(n[54])) } else { QM31::ZERO }).add((if flags[1] { h[27].add(h[32].add(n[51])) } else { QM31::ZERO })).add((if flags[3] { h[33] } else { QM31::ZERO })).add((if flags[4] { h[34] } else { QM31::ZERO })).add((if flags[5] { h[35] } else { QM31::ZERO })).add((if flags[6] { h[36] } else { QM31::ZERO })).add((if flags[7] { h[37] } else { QM31::ZERO })).add((if flags[8] { h[38] } else { QM31::ZERO })).add((if flags[9] { h[39] } else { QM31::ZERO })).add((if flags[10] { h[40] } else { QM31::ZERO })).add((if flags[11] { h[41] } else { QM31::ZERO })).add((if flags[12] { h[42] } else { QM31::ZERO })).add((if flags[13] { h[43] } else { QM31::ZERO })).add((if flags[14] { h[44] } else { QM31::ZERO })).add((if flags[15] { h[45] } else { QM31::ZERO })).add((if flags[16] { h[46] } else { QM31::ZERO })).add((if flags[17] { h[47] } else { QM31::ZERO })).add((if flags[18] { h[48] } else { QM31::ZERO })).add((if flags[19] { h[49] } else { QM31::ZERO })).add((if flags[20] { h[50] } else { QM31::ZERO })).add((if flags[21] { h[51] } else { QM31::ZERO })).add((if flags[22] { h[52] } else { QM31::ZERO }));
72 +     scratch[36]=(if flags[0] { n[29].add(n[52].add(n[54])) } else { QM31::ZERO }).add((if flags[1] { h[27].add(h[32].add(n[51])) } else { QM31::ZERO })).add((if flags[3] { h[33] } else { QM31::ZERO })).add((if flags[4] { h[34] } else { QM31::ZERO })).add((if flags[5] { h[35] } else { QM31::ZERO })).add((if flags[6] { h[36] } else { QM31::ZERO })).add((if flags[7] { h[37] } else { QM31::ZERO })).add((if flags[8] { h[38] } else { QM31::ZERO })).add((if flags[9] { h[39] } else { QM31::ZERO })).add((if flags[10] { h[40] } else { QM31::ZERO })).add((if flags[11] { h[41] } else { QM31::ZERO })).add((if flags[12] { h[42] } else { QM31::ZERO })).add((if flags[13] { h[43] } else { QM31::ZERO })).add((if flags[14] { h[44] } else { QM31::ZERO })).add((if flags[15] { h[45] } else { QM31::ZERO })).add((if flags[16] { h[46] } else { QM31::ZERO })).add(if flags[17] { h[47] } else { QM31::ZERO }).add((if flags[18] { h[48] } else { QM31::ZERO })).add((if flags[19] { h[49] } else { QM31::ZERO })).add((if flags[20] { h[50] } else { QM31::ZERO })).add((if flags[21] { h[51] } else { QM31::ZERO })).add((if flags[22] { h[52] } else { QM31::ZERO }));
   |

warning: unnecessary parentheses around method argument
  --> /home/dombarker/project-offloads/aspis-v8-performance-20260908.scS2Jz/crates/aspis-statement/../../docs/research/v8-no-work-100-20260907/experiments/copy_tag_shared_generated.rs:72:801
   |
72 | ...s[15] { h[45] } else { QM31::ZERO })).add((if flags[16] { h[46] } else { QM31::ZERO })).add((if flags[17] { h[47] } else { QM31::...
   |                                              ^                                          ^
   |
help: remove these parentheses
   |
72 -     scratch[36]=(if flags[0] { n[29].add(n[52].add(n[54])) } else { QM31::ZERO }).add((if flags[1] { h[27].add(h[32].add(n[51])) } else { QM31::ZERO })).add((if flags[3] { h[33] } else { QM31::ZERO })).add((if flags[4] { h[34] } else { QM31::ZERO })).add((if flags[5] { h[35] } else { QM31::ZERO })).add((if flags[6] { h[36] } else { QM31::ZERO })).add((if flags[7] { h[37] } else { QM31::ZERO })).add((if flags[8] { h[38] } else { QM31::ZERO })).add((if flags[9] { h[39] } else { QM31::ZERO })).add((if flags[10] { h[40] } else { QM31::ZERO })).add((if flags[11] { h[41] } else { QM31::ZERO })).add((if flags[12] { h[42] } else { QM31::ZERO })).add((if flags[13] { h[43] } else { QM31::ZERO })).add((if flags[14] { h[44] } else { QM31::ZERO })).add((if flags[15] { h[45] } else { QM31::ZERO })).add((if flags[16] { h[46] } else { QM31::ZERO })).add((if flags[17] { h[47] } else { QM31::ZERO })).add((if flags[18] { h[48] } else { QM31::ZERO })).add((if flags[19] { h[49] } else { QM31::ZERO })).add((if flags[20] { h[50] } else { QM31::ZERO })).add((if flags[21] { h[51] } else { QM31::ZERO })).add((if flags[22] { h[52] } else { QM31::ZERO }));
72 +     scratch[36]=(if flags[0] { n[29].add(n[52].add(n[54])) } else { QM31::ZERO }).add((if flags[1] { h[27].add(h[32].add(n[51])) } else { QM31::ZERO })).add((if flags[3] { h[33] } else { QM31::ZERO })).add((if flags[4] { h[34] } else { QM31::ZERO })).add((if flags[5] { h[35] } else { QM31::ZERO })).add((if flags[6] { h[36] } else { QM31::ZERO })).add((if flags[7] { h[37] } else { QM31::ZERO })).add((if flags[8] { h[38] } else { QM31::ZERO })).add((if flags[9] { h[39] } else { QM31::ZERO })).add((if flags[10] { h[40] } else { QM31::ZERO })).add((if flags[11] { h[41] } else { QM31::ZERO })).add((if flags[12] { h[42] } else { QM31::ZERO })).add((if flags[13] { h[43] } else { QM31::ZERO })).add((if flags[14] { h[44] } else { QM31::ZERO })).add((if flags[15] { h[45] } else { QM31::ZERO })).add(if flags[16] { h[46] } else { QM31::ZERO }).add((if flags[17] { h[47] } else { QM31::ZERO })).add((if flags[18] { h[48] } else { QM31::ZERO })).add((if flags[19] { h[49] } else { QM31::ZERO })).add((if flags[20] { h[50] } else { QM31::ZERO })).add((if flags[21] { h[51] } else { QM31::ZERO })).add((if flags[22] { h[52] } else { QM31::ZERO }));
   |

warning: unnecessary parentheses around method argument
  --> /home/dombarker/project-offloads/aspis-v8-performance-20260908.scS2Jz/crates/aspis-statement/../../docs/research/v8-no-work-100-20260907/experiments/copy_tag_shared_generated.rs:72:751
   |
72 | ...s[14] { h[44] } else { QM31::ZERO })).add((if flags[15] { h[45] } else { QM31::ZERO })).add((if flags[16] { h[46] } else { QM31::...
   |                                              ^                                          ^
   |
help: remove these parentheses
   |
72 -     scratch[36]=(if flags[0] { n[29].add(n[52].add(n[54])) } else { QM31::ZERO }).add((if flags[1] { h[27].add(h[32].add(n[51])) } else { QM31::ZERO })).add((if flags[3] { h[33] } else { QM31::ZERO })).add((if flags[4] { h[34] } else { QM31::ZERO })).add((if flags[5] { h[35] } else { QM31::ZERO })).add((if flags[6] { h[36] } else { QM31::ZERO })).add((if flags[7] { h[37] } else { QM31::ZERO })).add((if flags[8] { h[38] } else { QM31::ZERO })).add((if flags[9] { h[39] } else { QM31::ZERO })).add((if flags[10] { h[40] } else { QM31::ZERO })).add((if flags[11] { h[41] } else { QM31::ZERO })).add((if flags[12] { h[42] } else { QM31::ZERO })).add((if flags[13] { h[43] } else { QM31::ZERO })).add((if flags[14] { h[44] } else { QM31::ZERO })).add((if flags[15] { h[45] } else { QM31::ZERO })).add((if flags[16] { h[46] } else { QM31::ZERO })).add((if flags[17] { h[47] } else { QM31::ZERO })).add((if flags[18] { h[48] } else { QM31::ZERO })).add((if flags[19] { h[49] } else { QM31::ZERO })).add((if flags[20] { h[50] } else { QM31::ZERO })).add((if flags[21] { h[51] } else { QM31::ZERO })).add((if flags[22] { h[52] } else { QM31::ZERO }));
72 +     scratch[36]=(if flags[0] { n[29].add(n[52].add(n[54])) } else { QM31::ZERO }).add((if flags[1] { h[27].add(h[32].add(n[51])) } else { QM31::ZERO })).add((if flags[3] { h[33] } else { QM31::ZERO })).add((if flags[4] { h[34] } else { QM31::ZERO })).add((if flags[5] { h[35] } else { QM31::ZERO })).add((if flags[6] { h[36] } else { QM31::ZERO })).add((if flags[7] { h[37] } else { QM31::ZERO })).add((if flags[8] { h[38] } else { QM31::ZERO })).add((if flags[9] { h[39] } else { QM31::ZERO })).add((if flags[10] { h[40] } else { QM31::ZERO })).add((if flags[11] { h[41] } else { QM31::ZERO })).add((if flags[12] { h[42] } else { QM31::ZERO })).add((if flags[13] { h[43] } else { QM31::ZERO })).add((if flags[14] { h[44] } else { QM31::ZERO })).add(if flags[15] { h[45] } else { QM31::ZERO }).add((if flags[16] { h[46] } else { QM31::ZERO })).add((if flags[17] { h[47] } else { QM31::ZERO })).add((if flags[18] { h[48] } else { QM31::ZERO })).add((if flags[19] { h[49] } else { QM31::ZERO })).add((if flags[20] { h[50] } else { QM31::ZERO })).add((if flags[21] { h[51] } else { QM31::ZERO })).add((if flags[22] { h[52] } else { QM31::ZERO }));
   |

warning: unnecessary parentheses around method argument
  --> /home/dombarker/project-offloads/aspis-v8-performance-20260908.scS2Jz/crates/aspis-statement/../../docs/research/v8-no-work-100-20260907/experiments/copy_tag_shared_generated.rs:72:701
   |
72 | ...s[13] { h[43] } else { QM31::ZERO })).add((if flags[14] { h[44] } else { QM31::ZERO })).add((if flags[15] { h[45] } else { QM31::...
   |                                              ^                                          ^
   |
help: remove these parentheses
   |
72 -     scratch[36]=(if flags[0] { n[29].add(n[52].add(n[54])) } else { QM31::ZERO }).add((if flags[1] { h[27].add(h[32].add(n[51])) } else { QM31::ZERO })).add((if flags[3] { h[33] } else { QM31::ZERO })).add((if flags[4] { h[34] } else { QM31::ZERO })).add((if flags[5] { h[35] } else { QM31::ZERO })).add((if flags[6] { h[36] } else { QM31::ZERO })).add((if flags[7] { h[37] } else { QM31::ZERO })).add((if flags[8] { h[38] } else { QM31::ZERO })).add((if flags[9] { h[39] } else { QM31::ZERO })).add((if flags[10] { h[40] } else { QM31::ZERO })).add((if flags[11] { h[41] } else { QM31::ZERO })).add((if flags[12] { h[42] } else { QM31::ZERO })).add((if flags[13] { h[43] } else { QM31::ZERO })).add((if flags[14] { h[44] } else { QM31::ZERO })).add((if flags[15] { h[45] } else { QM31::ZERO })).add((if flags[16] { h[46] } else { QM31::ZERO })).add((if flags[17] { h[47] } else { QM31::ZERO })).add((if flags[18] { h[48] } else { QM31::ZERO })).add((if flags[19] { h[49] } else { QM31::ZERO })).add((if flags[20] { h[50] } else { QM31::ZERO })).add((if flags[21] { h[51] } else { QM31::ZERO })).add((if flags[22] { h[52] } else { QM31::ZERO }));
72 +     scratch[36]=(if flags[0] { n[29].add(n[52].add(n[54])) } else { QM31::ZERO }).add((if flags[1] { h[27].add(h[32].add(n[51])) } else { QM31::ZERO })).add((if flags[3] { h[33] } else { QM31::ZERO })).add((if flags[4] { h[34] } else { QM31::ZERO })).add((if flags[5] { h[35] } else { QM31::ZERO })).add((if flags[6] { h[36] } else { QM31::ZERO })).add((if flags[7] { h[37] } else { QM31::ZERO })).add((if flags[8] { h[38] } else { QM31::ZERO })).add((if flags[9] { h[39] } else { QM31::ZERO })).add((if flags[10] { h[40] } else { QM31::ZERO })).add((if flags[11] { h[41] } else { QM31::ZERO })).add((if flags[12] { h[42] } else { QM31::ZERO })).add((if flags[13] { h[43] } else { QM31::ZERO })).add(if flags[14] { h[44] } else { QM31::ZERO }).add((if flags[15] { h[45] } else { QM31::ZERO })).add((if flags[16] { h[46] } else { QM31::ZERO })).add((if flags[17] { h[47] } else { QM31::ZERO })).add((if flags[18] { h[48] } else { QM31::ZERO })).add((if flags[19] { h[49] } else { QM31::ZERO })).add((if flags[20] { h[50] } else { QM31::ZERO })).add((if flags[21] { h[51] } else { QM31::ZERO })).add((if flags[22] { h[52] } else { QM31::ZERO }));
   |

warning: unnecessary parentheses around method argument
  --> /home/dombarker/project-offloads/aspis-v8-performance-20260908.scS2Jz/crates/aspis-statement/../../docs/research/v8-no-work-100-20260907/experiments/copy_tag_shared_generated.rs:72:651
   |
72 | ...s[12] { h[42] } else { QM31::ZERO })).add((if flags[13] { h[43] } else { QM31::ZERO })).add((if flags[14] { h[44] } else { QM31::...
   |                                              ^                                          ^
   |
help: remove these parentheses
   |
72 -     scratch[36]=(if flags[0] { n[29].add(n[52].add(n[54])) } else { QM31::ZERO }).add((if flags[1] { h[27].add(h[32].add(n[51])) } else { QM31::ZERO })).add((if flags[3] { h[33] } else { QM31::ZERO })).add((if flags[4] { h[34] } else { QM31::ZERO })).add((if flags[5] { h[35] } else { QM31::ZERO })).add((if flags[6] { h[36] } else { QM31::ZERO })).add((if flags[7] { h[37] } else { QM31::ZERO })).add((if flags[8] { h[38] } else { QM31::ZERO })).add((if flags[9] { h[39] } else { QM31::ZERO })).add((if flags[10] { h[40] } else { QM31::ZERO })).add((if flags[11] { h[41] } else { QM31::ZERO })).add((if flags[12] { h[42] } else { QM31::ZERO })).add((if flags[13] { h[43] } else { QM31::ZERO })).add((if flags[14] { h[44] } else { QM31::ZERO })).add((if flags[15] { h[45] } else { QM31::ZERO })).add((if flags[16] { h[46] } else { QM31::ZERO })).add((if flags[17] { h[47] } else { QM31::ZERO })).add((if flags[18] { h[48] } else { QM31::ZERO })).add((if flags[19] { h[49] } else { QM31::ZERO })).add((if flags[20] { h[50] } else { QM31::ZERO })).add((if flags[21] { h[51] } else { QM31::ZERO })).add((if flags[22] { h[52] } else { QM31::ZERO }));
72 +     scratch[36]=(if flags[0] { n[29].add(n[52].add(n[54])) } else { QM31::ZERO }).add((if flags[1] { h[27].add(h[32].add(n[51])) } else { QM31::ZERO })).add((if flags[3] { h[33] } else { QM31::ZERO })).add((if flags[4] { h[34] } else { QM31::ZERO })).add((if flags[5] { h[35] } else { QM31::ZERO })).add((if flags[6] { h[36] } else { QM31::ZERO })).add((if flags[7] { h[37] } else { QM31::ZERO })).add((if flags[8] { h[38] } else { QM31::ZERO })).add((if flags[9] { h[39] } else { QM31::ZERO })).add((if flags[10] { h[40] } else { QM31::ZERO })).add((if flags[11] { h[41] } else { QM31::ZERO })).add((if flags[12] { h[42] } else { QM31::ZERO })).add(if flags[13] { h[43] } else { QM31::ZERO }).add((if flags[14] { h[44] } else { QM31::ZERO })).add((if flags[15] { h[45] } else { QM31::ZERO })).add((if flags[16] { h[46] } else { QM31::ZERO })).add((if flags[17] { h[47] } else { QM31::ZERO })).add((if flags[18] { h[48] } else { QM31::ZERO })).add((if flags[19] { h[49] } else { QM31::ZERO })).add((if flags[20] { h[50] } else { QM31::ZERO })).add((if flags[21] { h[51] } else { QM31::ZERO })).add((if flags[22] { h[52] } else { QM31::ZERO }));
   |

warning: unnecessary parentheses around method argument
  --> /home/dombarker/project-offloads/aspis-v8-performance-20260908.scS2Jz/crates/aspis-statement/../../docs/research/v8-no-work-100-20260907/experiments/copy_tag_shared_generated.rs:72:601
   |
72 | ...s[11] { h[41] } else { QM31::ZERO })).add((if flags[12] { h[42] } else { QM31::ZERO })).add((if flags[13] { h[43] } else { QM31::...
   |                                              ^                                          ^
   |
help: remove these parentheses
   |
72 -     scratch[36]=(if flags[0] { n[29].add(n[52].add(n[54])) } else { QM31::ZERO }).add((if flags[1] { h[27].add(h[32].add(n[51])) } else { QM31::ZERO })).add((if flags[3] { h[33] } else { QM31::ZERO })).add((if flags[4] { h[34] } else { QM31::ZERO })).add((if flags[5] { h[35] } else { QM31::ZERO })).add((if flags[6] { h[36] } else { QM31::ZERO })).add((if flags[7] { h[37] } else { QM31::ZERO })).add((if flags[8] { h[38] } else { QM31::ZERO })).add((if flags[9] { h[39] } else { QM31::ZERO })).add((if flags[10] { h[40] } else { QM31::ZERO })).add((if flags[11] { h[41] } else { QM31::ZERO })).add((if flags[12] { h[42] } else { QM31::ZERO })).add((if flags[13] { h[43] } else { QM31::ZERO })).add((if flags[14] { h[44] } else { QM31::ZERO })).add((if flags[15] { h[45] } else { QM31::ZERO })).add((if flags[16] { h[46] } else { QM31::ZERO })).add((if flags[17] { h[47] } else { QM31::ZERO })).add((if flags[18] { h[48] } else { QM31::ZERO })).add((if flags[19] { h[49] } else { QM31::ZERO })).add((if flags[20] { h[50] } else { QM31::ZERO })).add((if flags[21] { h[51] } else { QM31::ZERO })).add((if flags[22] { h[52] } else { QM31::ZERO }));
72 +     scratch[36]=(if flags[0] { n[29].add(n[52].add(n[54])) } else { QM31::ZERO }).add((if flags[1] { h[27].add(h[32].add(n[51])) } else { QM31::ZERO })).add((if flags[3] { h[33] } else { QM31::ZERO })).add((if flags[4] { h[34] } else { QM31::ZERO })).add((if flags[5] { h[35] } else { QM31::ZERO })).add((if flags[6] { h[36] } else { QM31::ZERO })).add((if flags[7] { h[37] } else { QM31::ZERO })).add((if flags[8] { h[38] } else { QM31::ZERO })).add((if flags[9] { h[39] } else { QM31::ZERO })).add((if flags[10] { h[40] } else { QM31::ZERO })).add((if flags[11] { h[41] } else { QM31::ZERO })).add(if flags[12] { h[42] } else { QM31::ZERO }).add((if flags[13] { h[43] } else { QM31::ZERO })).add((if flags[14] { h[44] } else { QM31::ZERO })).add((if flags[15] { h[45] } else { QM31::ZERO })).add((if flags[16] { h[46] } else { QM31::ZERO })).add((if flags[17] { h[47] } else { QM31::ZERO })).add((if flags[18] { h[48] } else { QM31::ZERO })).add((if flags[19] { h[49] } else { QM31::ZERO })).add((if flags[20] { h[50] } else { QM31::ZERO })).add((if flags[21] { h[51] } else { QM31::ZERO })).add((if flags[22] { h[52] } else { QM31::ZERO }));
   |

warning: unnecessary parentheses around method argument
  --> /home/dombarker/project-offloads/aspis-v8-performance-20260908.scS2Jz/crates/aspis-statement/../../docs/research/v8-no-work-100-20260907/experiments/copy_tag_shared_generated.rs:72:551
   |
72 | ...s[10] { h[40] } else { QM31::ZERO })).add((if flags[11] { h[41] } else { QM31::ZERO })).add((if flags[12] { h[42] } else { QM31::...
   |                                              ^                                          ^
   |
help: remove these parentheses
   |
72 -     scratch[36]=(if flags[0] { n[29].add(n[52].add(n[54])) } else { QM31::ZERO }).add((if flags[1] { h[27].add(h[32].add(n[51])) } else { QM31::ZERO })).add((if flags[3] { h[33] } else { QM31::ZERO })).add((if flags[4] { h[34] } else { QM31::ZERO })).add((if flags[5] { h[35] } else { QM31::ZERO })).add((if flags[6] { h[36] } else { QM31::ZERO })).add((if flags[7] { h[37] } else { QM31::ZERO })).add((if flags[8] { h[38] } else { QM31::ZERO })).add((if flags[9] { h[39] } else { QM31::ZERO })).add((if flags[10] { h[40] } else { QM31::ZERO })).add((if flags[11] { h[41] } else { QM31::ZERO })).add((if flags[12] { h[42] } else { QM31::ZERO })).add((if flags[13] { h[43] } else { QM31::ZERO })).add((if flags[14] { h[44] } else { QM31::ZERO })).add((if flags[15] { h[45] } else { QM31::ZERO })).add((if flags[16] { h[46] } else { QM31::ZERO })).add((if flags[17] { h[47] } else { QM31::ZERO })).add((if flags[18] { h[48] } else { QM31::ZERO })).add((if flags[19] { h[49] } else { QM31::ZERO })).add((if flags[20] { h[50] } else { QM31::ZERO })).add((if flags[21] { h[51] } else { QM31::ZERO })).add((if flags[22] { h[52] } else { QM31::ZERO }));
72 +     scratch[36]=(if flags[0] { n[29].add(n[52].add(n[54])) } else { QM31::ZERO }).add((if flags[1] { h[27].add(h[32].add(n[51])) } else { QM31::ZERO })).add((if flags[3] { h[33] } else { QM31::ZERO })).add((if flags[4] { h[34] } else { QM31::ZERO })).add((if flags[5] { h[35] } else { QM31::ZERO })).add((if flags[6] { h[36] } else { QM31::ZERO })).add((if flags[7] { h[37] } else { QM31::ZERO })).add((if flags[8] { h[38] } else { QM31::ZERO })).add((if flags[9] { h[39] } else { QM31::ZERO })).add((if flags[10] { h[40] } else { QM31::ZERO })).add(if flags[11] { h[41] } else { QM31::ZERO }).add((if flags[12] { h[42] } else { QM31::ZERO })).add((if flags[13] { h[43] } else { QM31::ZERO })).add((if flags[14] { h[44] } else { QM31::ZERO })).add((if flags[15] { h[45] } else { QM31::ZERO })).add((if flags[16] { h[46] } else { QM31::ZERO })).add((if flags[17] { h[47] } else { QM31::ZERO })).add((if flags[18] { h[48] } else { QM31::ZERO })).add((if flags[19] { h[49] } else { QM31::ZERO })).add((if flags[20] { h[50] } else { QM31::ZERO })).add((if flags[21] { h[51] } else { QM31::ZERO })).add((if flags[22] { h[52] } else { QM31::ZERO }));
   |

warning: unnecessary parentheses around method argument
  --> /home/dombarker/project-offloads/aspis-v8-performance-20260908.scS2Jz/crates/aspis-statement/../../docs/research/v8-no-work-100-20260907/experiments/copy_tag_shared_generated.rs:72:501
   |
72 | ...gs[9] { h[39] } else { QM31::ZERO })).add((if flags[10] { h[40] } else { QM31::ZERO })).add((if flags[11] { h[41] } else { QM31::...
   |                                              ^                                          ^
   |
help: remove these parentheses
   |
72 -     scratch[36]=(if flags[0] { n[29].add(n[52].add(n[54])) } else { QM31::ZERO }).add((if flags[1] { h[27].add(h[32].add(n[51])) } else { QM31::ZERO })).add((if flags[3] { h[33] } else { QM31::ZERO })).add((if flags[4] { h[34] } else { QM31::ZERO })).add((if flags[5] { h[35] } else { QM31::ZERO })).add((if flags[6] { h[36] } else { QM31::ZERO })).add((if flags[7] { h[37] } else { QM31::ZERO })).add((if flags[8] { h[38] } else { QM31::ZERO })).add((if flags[9] { h[39] } else { QM31::ZERO })).add((if flags[10] { h[40] } else { QM31::ZERO })).add((if flags[11] { h[41] } else { QM31::ZERO })).add((if flags[12] { h[42] } else { QM31::ZERO })).add((if flags[13] { h[43] } else { QM31::ZERO })).add((if flags[14] { h[44] } else { QM31::ZERO })).add((if flags[15] { h[45] } else { QM31::ZERO })).add((if flags[16] { h[46] } else { QM31::ZERO })).add((if flags[17] { h[47] } else { QM31::ZERO })).add((if flags[18] { h[48] } else { QM31::ZERO })).add((if flags[19] { h[49] } else { QM31::ZERO })).add((if flags[20] { h[50] } else { QM31::ZERO })).add((if flags[21] { h[51] } else { QM31::ZERO })).add((if flags[22] { h[52] } else { QM31::ZERO }));
72 +     scratch[36]=(if flags[0] { n[29].add(n[52].add(n[54])) } else { QM31::ZERO }).add((if flags[1] { h[27].add(h[32].add(n[51])) } else { QM31::ZERO })).add((if flags[3] { h[33] } else { QM31::ZERO })).add((if flags[4] { h[34] } else { QM31::ZERO })).add((if flags[5] { h[35] } else { QM31::ZERO })).add((if flags[6] { h[36] } else { QM31::ZERO })).add((if flags[7] { h[37] } else { QM31::ZERO })).add((if flags[8] { h[38] } else { QM31::ZERO })).add((if flags[9] { h[39] } else { QM31::ZERO })).add(if flags[10] { h[40] } else { QM31::ZERO }).add((if flags[11] { h[41] } else { QM31::ZERO })).add((if flags[12] { h[42] } else { QM31::ZERO })).add((if flags[13] { h[43] } else { QM31::ZERO })).add((if flags[14] { h[44] } else { QM31::ZERO })).add((if flags[15] { h[45] } else { QM31::ZERO })).add((if flags[16] { h[46] } else { QM31::ZERO })).add((if flags[17] { h[47] } else { QM31::ZERO })).add((if flags[18] { h[48] } else { QM31::ZERO })).add((if flags[19] { h[49] } else { QM31::ZERO })).add((if flags[20] { h[50] } else { QM31::ZERO })).add((if flags[21] { h[51] } else { QM31::ZERO })).add((if flags[22] { h[52] } else { QM31::ZERO }));
   |

warning: unnecessary parentheses around method argument
  --> /home/dombarker/project-offloads/aspis-v8-performance-20260908.scS2Jz/crates/aspis-statement/../../docs/research/v8-no-work-100-20260907/experiments/copy_tag_shared_generated.rs:72:452
   |
72 | ...ags[8] { h[38] } else { QM31::ZERO })).add((if flags[9] { h[39] } else { QM31::ZERO })).add((if flags[10] { h[40] } else { QM31::...
   |                                               ^                                         ^
   |
help: remove these parentheses
   |
72 -     scratch[36]=(if flags[0] { n[29].add(n[52].add(n[54])) } else { QM31::ZERO }).add((if flags[1] { h[27].add(h[32].add(n[51])) } else { QM31::ZERO })).add((if flags[3] { h[33] } else { QM31::ZERO })).add((if flags[4] { h[34] } else { QM31::ZERO })).add((if flags[5] { h[35] } else { QM31::ZERO })).add((if flags[6] { h[36] } else { QM31::ZERO })).add((if flags[7] { h[37] } else { QM31::ZERO })).add((if flags[8] { h[38] } else { QM31::ZERO })).add((if flags[9] { h[39] } else { QM31::ZERO })).add((if flags[10] { h[40] } else { QM31::ZERO })).add((if flags[11] { h[41] } else { QM31::ZERO })).add((if flags[12] { h[42] } else { QM31::ZERO })).add((if flags[13] { h[43] } else { QM31::ZERO })).add((if flags[14] { h[44] } else { QM31::ZERO })).add((if flags[15] { h[45] } else { QM31::ZERO })).add((if flags[16] { h[46] } else { QM31::ZERO })).add((if flags[17] { h[47] } else { QM31::ZERO })).add((if flags[18] { h[48] } else { QM31::ZERO })).add((if flags[19] { h[49] } else { QM31::ZERO })).add((if flags[20] { h[50] } else { QM31::ZERO })).add((if flags[21] { h[51] } else { QM31::ZERO })).add((if flags[22] { h[52] } else { QM31::ZERO }));
72 +     scratch[36]=(if flags[0] { n[29].add(n[52].add(n[54])) } else { QM31::ZERO }).add((if flags[1] { h[27].add(h[32].add(n[51])) } else { QM31::ZERO })).add((if flags[3] { h[33] } else { QM31::ZERO })).add((if flags[4] { h[34] } else { QM31::ZERO })).add((if flags[5] { h[35] } else { QM31::ZERO })).add((if flags[6] { h[36] } else { QM31::ZERO })).add((if flags[7] { h[37] } else { QM31::ZERO })).add((if flags[8] { h[38] } else { QM31::ZERO })).add(if flags[9] { h[39] } else { QM31::ZERO }).add((if flags[10] { h[40] } else { QM31::ZERO })).add((if flags[11] { h[41] } else { QM31::ZERO })).add((if flags[12] { h[42] } else { QM31::ZERO })).add((if flags[13] { h[43] } else { QM31::ZERO })).add((if flags[14] { h[44] } else { QM31::ZERO })).add((if flags[15] { h[45] } else { QM31::ZERO })).add((if flags[16] { h[46] } else { QM31::ZERO })).add((if flags[17] { h[47] } else { QM31::ZERO })).add((if flags[18] { h[48] } else { QM31::ZERO })).add((if flags[19] { h[49] } else { QM31::ZERO })).add((if flags[20] { h[50] } else { QM31::ZERO })).add((if flags[21] { h[51] } else { QM31::ZERO })).add((if flags[22] { h[52] } else { QM31::ZERO }));
   |

warning: unnecessary parentheses around method argument
  --> /home/dombarker/project-offloads/aspis-v8-performance-20260908.scS2Jz/crates/aspis-statement/../../docs/research/v8-no-work-100-20260907/experiments/copy_tag_shared_generated.rs:72:403
   |
72 | ...ags[7] { h[37] } else { QM31::ZERO })).add((if flags[8] { h[38] } else { QM31::ZERO })).add((if flags[9] { h[39] } else { QM31::Z...
   |                                               ^                                         ^
   |
help: remove these parentheses
   |
72 -     scratch[36]=(if flags[0] { n[29].add(n[52].add(n[54])) } else { QM31::ZERO }).add((if flags[1] { h[27].add(h[32].add(n[51])) } else { QM31::ZERO })).add((if flags[3] { h[33] } else { QM31::ZERO })).add((if flags[4] { h[34] } else { QM31::ZERO })).add((if flags[5] { h[35] } else { QM31::ZERO })).add((if flags[6] { h[36] } else { QM31::ZERO })).add((if flags[7] { h[37] } else { QM31::ZERO })).add((if flags[8] { h[38] } else { QM31::ZERO })).add((if flags[9] { h[39] } else { QM31::ZERO })).add((if flags[10] { h[40] } else { QM31::ZERO })).add((if flags[11] { h[41] } else { QM31::ZERO })).add((if flags[12] { h[42] } else { QM31::ZERO })).add((if flags[13] { h[43] } else { QM31::ZERO })).add((if flags[14] { h[44] } else { QM31::ZERO })).add((if flags[15] { h[45] } else { QM31::ZERO })).add((if flags[16] { h[46] } else { QM31::ZERO })).add((if flags[17] { h[47] } else { QM31::ZERO })).add((if flags[18] { h[48] } else { QM31::ZERO })).add((if flags[19] { h[49] } else { QM31::ZERO })).add((if flags[20] { h[50] } else { QM31::ZERO })).add((if flags[21] { h[51] } else { QM31::ZERO })).add((if flags[22] { h[52] } else { QM31::ZERO }));
72 +     scratch[36]=(if flags[0] { n[29].add(n[52].add(n[54])) } else { QM31::ZERO }).add((if flags[1] { h[27].add(h[32].add(n[51])) } else { QM31::ZERO })).add((if flags[3] { h[33] } else { QM31::ZERO })).add((if flags[4] { h[34] } else { QM31::ZERO })).add((if flags[5] { h[35] } else { QM31::ZERO })).add((if flags[6] { h[36] } else { QM31::ZERO })).add((if flags[7] { h[37] } else { QM31::ZERO })).add(if flags[8] { h[38] } else { QM31::ZERO }).add((if flags[9] { h[39] } else { QM31::ZERO })).add((if flags[10] { h[40] } else { QM31::ZERO })).add((if flags[11] { h[41] } else { QM31::ZERO })).add((if flags[12] { h[42] } else { QM31::ZERO })).add((if flags[13] { h[43] } else { QM31::ZERO })).add((if flags[14] { h[44] } else { QM31::ZERO })).add((if flags[15] { h[45] } else { QM31::ZERO })).add((if flags[16] { h[46] } else { QM31::ZERO })).add((if flags[17] { h[47] } else { QM31::ZERO })).add((if flags[18] { h[48] } else { QM31::ZERO })).add((if flags[19] { h[49] } else { QM31::ZERO })).add((if flags[20] { h[50] } else { QM31::ZERO })).add((if flags[21] { h[51] } else { QM31::ZERO })).add((if flags[22] { h[52] } else { QM31::ZERO }));
   |

warning: unnecessary parentheses around method argument
  --> /home/dombarker/project-offloads/aspis-v8-performance-20260908.scS2Jz/crates/aspis-statement/../../docs/research/v8-no-work-100-20260907/experiments/copy_tag_shared_generated.rs:72:354
   |
72 | ...ags[6] { h[36] } else { QM31::ZERO })).add((if flags[7] { h[37] } else { QM31::ZERO })).add((if flags[8] { h[38] } else { QM31::Z...
   |                                               ^                                         ^
   |
help: remove these parentheses
   |
72 -     scratch[36]=(if flags[0] { n[29].add(n[52].add(n[54])) } else { QM31::ZERO }).add((if flags[1] { h[27].add(h[32].add(n[51])) } else { QM31::ZERO })).add((if flags[3] { h[33] } else { QM31::ZERO })).add((if flags[4] { h[34] } else { QM31::ZERO })).add((if flags[5] { h[35] } else { QM31::ZERO })).add((if flags[6] { h[36] } else { QM31::ZERO })).add((if flags[7] { h[37] } else { QM31::ZERO })).add((if flags[8] { h[38] } else { QM31::ZERO })).add((if flags[9] { h[39] } else { QM31::ZERO })).add((if flags[10] { h[40] } else { QM31::ZERO })).add((if flags[11] { h[41] } else { QM31::ZERO })).add((if flags[12] { h[42] } else { QM31::ZERO })).add((if flags[13] { h[43] } else { QM31::ZERO })).add((if flags[14] { h[44] } else { QM31::ZERO })).add((if flags[15] { h[45] } else { QM31::ZERO })).add((if flags[16] { h[46] } else { QM31::ZERO })).add((if flags[17] { h[47] } else { QM31::ZERO })).add((if flags[18] { h[48] } else { QM31::ZERO })).add((if flags[19] { h[49] } else { QM31::ZERO })).add((if flags[20] { h[50] } else { QM31::ZERO })).add((if flags[21] { h[51] } else { QM31::ZERO })).add((if flags[22] { h[52] } else { QM31::ZERO }));
72 +     scratch[36]=(if flags[0] { n[29].add(n[52].add(n[54])) } else { QM31::ZERO }).add((if flags[1] { h[27].add(h[32].add(n[51])) } else { QM31::ZERO })).add((if flags[3] { h[33] } else { QM31::ZERO })).add((if flags[4] { h[34] } else { QM31::ZERO })).add((if flags[5] { h[35] } else { QM31::ZERO })).add((if flags[6] { h[36] } else { QM31::ZERO })).add(if flags[7] { h[37] } else { QM31::ZERO }).add((if flags[8] { h[38] } else { QM31::ZERO })).add((if flags[9] { h[39] } else { QM31::ZERO })).add((if flags[10] { h[40] } else { QM31::ZERO })).add((if flags[11] { h[41] } else { QM31::ZERO })).add((if flags[12] { h[42] } else { QM31::ZERO })).add((if flags[13] { h[43] } else { QM31::ZERO })).add((if flags[14] { h[44] } else { QM31::ZERO })).add((if flags[15] { h[45] } else { QM31::ZERO })).add((if flags[16] { h[46] } else { QM31::ZERO })).add((if flags[17] { h[47] } else { QM31::ZERO })).add((if flags[18] { h[48] } else { QM31::ZERO })).add((if flags[19] { h[49] } else { QM31::ZERO })).add((if flags[20] { h[50] } else { QM31::ZERO })).add((if flags[21] { h[51] } else { QM31::ZERO })).add((if flags[22] { h[52] } else { QM31::ZERO }));
   |

warning: unnecessary parentheses around method argument
  --> /home/dombarker/project-offloads/aspis-v8-performance-20260908.scS2Jz/crates/aspis-statement/../../docs/research/v8-no-work-100-20260907/experiments/copy_tag_shared_generated.rs:72:305
   |
72 | ...ags[5] { h[35] } else { QM31::ZERO })).add((if flags[6] { h[36] } else { QM31::ZERO })).add((if flags[7] { h[37] } else { QM31::Z...
   |                                               ^                                         ^
   |
help: remove these parentheses
   |
72 -     scratch[36]=(if flags[0] { n[29].add(n[52].add(n[54])) } else { QM31::ZERO }).add((if flags[1] { h[27].add(h[32].add(n[51])) } else { QM31::ZERO })).add((if flags[3] { h[33] } else { QM31::ZERO })).add((if flags[4] { h[34] } else { QM31::ZERO })).add((if flags[5] { h[35] } else { QM31::ZERO })).add((if flags[6] { h[36] } else { QM31::ZERO })).add((if flags[7] { h[37] } else { QM31::ZERO })).add((if flags[8] { h[38] } else { QM31::ZERO })).add((if flags[9] { h[39] } else { QM31::ZERO })).add((if flags[10] { h[40] } else { QM31::ZERO })).add((if flags[11] { h[41] } else { QM31::ZERO })).add((if flags[12] { h[42] } else { QM31::ZERO })).add((if flags[13] { h[43] } else { QM31::ZERO })).add((if flags[14] { h[44] } else { QM31::ZERO })).add((if flags[15] { h[45] } else { QM31::ZERO })).add((if flags[16] { h[46] } else { QM31::ZERO })).add((if flags[17] { h[47] } else { QM31::ZERO })).add((if flags[18] { h[48] } else { QM31::ZERO })).add((if flags[19] { h[49] } else { QM31::ZERO })).add((if flags[20] { h[50] } else { QM31::ZERO })).add((if flags[21] { h[51] } else { QM31::ZERO })).add((if flags[22] { h[52] } else { QM31::ZERO }));
72 +     scratch[36]=(if flags[0] { n[29].add(n[52].add(n[54])) } else { QM31::ZERO }).add((if flags[1] { h[27].add(h[32].add(n[51])) } else { QM31::ZERO })).add((if flags[3] { h[33] } else { QM31::ZERO })).add((if flags[4] { h[34] } else { QM31::ZERO })).add((if flags[5] { h[35] } else { QM31::ZERO })).add(if flags[6] { h[36] } else { QM31::ZERO }).add((if flags[7] { h[37] } else { QM31::ZERO })).add((if flags[8] { h[38] } else { QM31::ZERO })).add((if flags[9] { h[39] } else { QM31::ZERO })).add((if flags[10] { h[40] } else { QM31::ZERO })).add((if flags[11] { h[41] } else { QM31::ZERO })).add((if flags[12] { h[42] } else { QM31::ZERO })).add((if flags[13] { h[43] } else { QM31::ZERO })).add((if flags[14] { h[44] } else { QM31::ZERO })).add((if flags[15] { h[45] } else { QM31::ZERO })).add((if flags[16] { h[46] } else { QM31::ZERO })).add((if flags[17] { h[47] } else { QM31::ZERO })).add((if flags[18] { h[48] } else { QM31::ZERO })).add((if flags[19] { h[49] } else { QM31::ZERO })).add((if flags[20] { h[50] } else { QM31::ZERO })).add((if flags[21] { h[51] } else { QM31::ZERO })).add((if flags[22] { h[52] } else { QM31::ZERO }));
   |

warning: unnecessary parentheses around method argument
  --> /home/dombarker/project-offloads/aspis-v8-performance-20260908.scS2Jz/crates/aspis-statement/../../docs/research/v8-no-work-100-20260907/experiments/copy_tag_shared_generated.rs:72:256
   |
72 | ...ags[4] { h[34] } else { QM31::ZERO })).add((if flags[5] { h[35] } else { QM31::ZERO })).add((if flags[6] { h[36] } else { QM31::Z...
   |                                               ^                                         ^
   |
help: remove these parentheses
   |
72 -     scratch[36]=(if flags[0] { n[29].add(n[52].add(n[54])) } else { QM31::ZERO }).add((if flags[1] { h[27].add(h[32].add(n[51])) } else { QM31::ZERO })).add((if flags[3] { h[33] } else { QM31::ZERO })).add((if flags[4] { h[34] } else { QM31::ZERO })).add((if flags[5] { h[35] } else { QM31::ZERO })).add((if flags[6] { h[36] } else { QM31::ZERO })).add((if flags[7] { h[37] } else { QM31::ZERO })).add((if flags[8] { h[38] } else { QM31::ZERO })).add((if flags[9] { h[39] } else { QM31::ZERO })).add((if flags[10] { h[40] } else { QM31::ZERO })).add((if flags[11] { h[41] } else { QM31::ZERO })).add((if flags[12] { h[42] } else { QM31::ZERO })).add((if flags[13] { h[43] } else { QM31::ZERO })).add((if flags[14] { h[44] } else { QM31::ZERO })).add((if flags[15] { h[45] } else { QM31::ZERO })).add((if flags[16] { h[46] } else { QM31::ZERO })).add((if flags[17] { h[47] } else { QM31::ZERO })).add((if flags[18] { h[48] } else { QM31::ZERO })).add((if flags[19] { h[49] } else { QM31::ZERO })).add((if flags[20] { h[50] } else { QM31::ZERO })).add((if flags[21] { h[51] } else { QM31::ZERO })).add((if flags[22] { h[52] } else { QM31::ZERO }));
72 +     scratch[36]=(if flags[0] { n[29].add(n[52].add(n[54])) } else { QM31::ZERO }).add((if flags[1] { h[27].add(h[32].add(n[51])) } else { QM31::ZERO })).add((if flags[3] { h[33] } else { QM31::ZERO })).add((if flags[4] { h[34] } else { QM31::ZERO })).add(if flags[5] { h[35] } else { QM31::ZERO }).add((if flags[6] { h[36] } else { QM31::ZERO })).add((if flags[7] { h[37] } else { QM31::ZERO })).add((if flags[8] { h[38] } else { QM31::ZERO })).add((if flags[9] { h[39] } else { QM31::ZERO })).add((if flags[10] { h[40] } else { QM31::ZERO })).add((if flags[11] { h[41] } else { QM31::ZERO })).add((if flags[12] { h[42] } else { QM31::ZERO })).add((if flags[13] { h[43] } else { QM31::ZERO })).add((if flags[14] { h[44] } else { QM31::ZERO })).add((if flags[15] { h[45] } else { QM31::ZERO })).add((if flags[16] { h[46] } else { QM31::ZERO })).add((if flags[17] { h[47] } else { QM31::ZERO })).add((if flags[18] { h[48] } else { QM31::ZERO })).add((if flags[19] { h[49] } else { QM31::ZERO })).add((if flags[20] { h[50] } else { QM31::ZERO })).add((if flags[21] { h[51] } else { QM31::ZERO })).add((if flags[22] { h[52] } else { QM31::ZERO }));
   |

warning: unnecessary parentheses around method argument
  --> /home/dombarker/project-offloads/aspis-v8-performance-20260908.scS2Jz/crates/aspis-statement/../../docs/research/v8-no-work-100-20260907/experiments/copy_tag_shared_generated.rs:72:207
   |
72 | ...ags[3] { h[33] } else { QM31::ZERO })).add((if flags[4] { h[34] } else { QM31::ZERO })).add((if flags[5] { h[35] } else { QM31::Z...
   |                                               ^                                         ^
   |
help: remove these parentheses
   |
72 -     scratch[36]=(if flags[0] { n[29].add(n[52].add(n[54])) } else { QM31::ZERO }).add((if flags[1] { h[27].add(h[32].add(n[51])) } else { QM31::ZERO })).add((if flags[3] { h[33] } else { QM31::ZERO })).add((if flags[4] { h[34] } else { QM31::ZERO })).add((if flags[5] { h[35] } else { QM31::ZERO })).add((if flags[6] { h[36] } else { QM31::ZERO })).add((if flags[7] { h[37] } else { QM31::ZERO })).add((if flags[8] { h[38] } else { QM31::ZERO })).add((if flags[9] { h[39] } else { QM31::ZERO })).add((if flags[10] { h[40] } else { QM31::ZERO })).add((if flags[11] { h[41] } else { QM31::ZERO })).add((if flags[12] { h[42] } else { QM31::ZERO })).add((if flags[13] { h[43] } else { QM31::ZERO })).add((if flags[14] { h[44] } else { QM31::ZERO })).add((if flags[15] { h[45] } else { QM31::ZERO })).add((if flags[16] { h[46] } else { QM31::ZERO })).add((if flags[17] { h[47] } else { QM31::ZERO })).add((if flags[18] { h[48] } else { QM31::ZERO })).add((if flags[19] { h[49] } else { QM31::ZERO })).add((if flags[20] { h[50] } else { QM31::ZERO })).add((if flags[21] { h[51] } else { QM31::ZERO })).add((if flags[22] { h[52] } else { QM31::ZERO }));
72 +     scratch[36]=(if flags[0] { n[29].add(n[52].add(n[54])) } else { QM31::ZERO }).add((if flags[1] { h[27].add(h[32].add(n[51])) } else { QM31::ZERO })).add((if flags[3] { h[33] } else { QM31::ZERO })).add(if flags[4] { h[34] } else { QM31::ZERO }).add((if flags[5] { h[35] } else { QM31::ZERO })).add((if flags[6] { h[36] } else { QM31::ZERO })).add((if flags[7] { h[37] } else { QM31::ZERO })).add((if flags[8] { h[38] } else { QM31::ZERO })).add((if flags[9] { h[39] } else { QM31::ZERO })).add((if flags[10] { h[40] } else { QM31::ZERO })).add((if flags[11] { h[41] } else { QM31::ZERO })).add((if flags[12] { h[42] } else { QM31::ZERO })).add((if flags[13] { h[43] } else { QM31::ZERO })).add((if flags[14] { h[44] } else { QM31::ZERO })).add((if flags[15] { h[45] } else { QM31::ZERO })).add((if flags[16] { h[46] } else { QM31::ZERO })).add((if flags[17] { h[47] } else { QM31::ZERO })).add((if flags[18] { h[48] } else { QM31::ZERO })).add((if flags[19] { h[49] } else { QM31::ZERO })).add((if flags[20] { h[50] } else { QM31::ZERO })).add((if flags[21] { h[51] } else { QM31::ZERO })).add((if flags[22] { h[52] } else { QM31::ZERO }));
   |

warning: unnecessary parentheses around method argument
  --> /home/dombarker/project-offloads/aspis-v8-performance-20260908.scS2Jz/crates/aspis-statement/../../docs/research/v8-no-work-100-20260907/experiments/copy_tag_shared_generated.rs:72:158
   |
72 | ...2].add(n[51])) } else { QM31::ZERO })).add((if flags[3] { h[33] } else { QM31::ZERO })).add((if flags[4] { h[34] } else { QM31::Z...
   |                                               ^                                         ^
   |
help: remove these parentheses
   |
72 -     scratch[36]=(if flags[0] { n[29].add(n[52].add(n[54])) } else { QM31::ZERO }).add((if flags[1] { h[27].add(h[32].add(n[51])) } else { QM31::ZERO })).add((if flags[3] { h[33] } else { QM31::ZERO })).add((if flags[4] { h[34] } else { QM31::ZERO })).add((if flags[5] { h[35] } else { QM31::ZERO })).add((if flags[6] { h[36] } else { QM31::ZERO })).add((if flags[7] { h[37] } else { QM31::ZERO })).add((if flags[8] { h[38] } else { QM31::ZERO })).add((if flags[9] { h[39] } else { QM31::ZERO })).add((if flags[10] { h[40] } else { QM31::ZERO })).add((if flags[11] { h[41] } else { QM31::ZERO })).add((if flags[12] { h[42] } else { QM31::ZERO })).add((if flags[13] { h[43] } else { QM31::ZERO })).add((if flags[14] { h[44] } else { QM31::ZERO })).add((if flags[15] { h[45] } else { QM31::ZERO })).add((if flags[16] { h[46] } else { QM31::ZERO })).add((if flags[17] { h[47] } else { QM31::ZERO })).add((if flags[18] { h[48] } else { QM31::ZERO })).add((if flags[19] { h[49] } else { QM31::ZERO })).add((if flags[20] { h[50] } else { QM31::ZERO })).add((if flags[21] { h[51] } else { QM31::ZERO })).add((if flags[22] { h[52] } else { QM31::ZERO }));
72 +     scratch[36]=(if flags[0] { n[29].add(n[52].add(n[54])) } else { QM31::ZERO }).add((if flags[1] { h[27].add(h[32].add(n[51])) } else { QM31::ZERO })).add(if flags[3] { h[33] } else { QM31::ZERO }).add((if flags[4] { h[34] } else { QM31::ZERO })).add((if flags[5] { h[35] } else { QM31::ZERO })).add((if flags[6] { h[36] } else { QM31::ZERO })).add((if flags[7] { h[37] } else { QM31::ZERO })).add((if flags[8] { h[38] } else { QM31::ZERO })).add((if flags[9] { h[39] } else { QM31::ZERO })).add((if flags[10] { h[40] } else { QM31::ZERO })).add((if flags[11] { h[41] } else { QM31::ZERO })).add((if flags[12] { h[42] } else { QM31::ZERO })).add((if flags[13] { h[43] } else { QM31::ZERO })).add((if flags[14] { h[44] } else { QM31::ZERO })).add((if flags[15] { h[45] } else { QM31::ZERO })).add((if flags[16] { h[46] } else { QM31::ZERO })).add((if flags[17] { h[47] } else { QM31::ZERO })).add((if flags[18] { h[48] } else { QM31::ZERO })).add((if flags[19] { h[49] } else { QM31::ZERO })).add((if flags[20] { h[50] } else { QM31::ZERO })).add((if flags[21] { h[51] } else { QM31::ZERO })).add((if flags[22] { h[52] } else { QM31::ZERO }));
   |

warning: unnecessary parentheses around method argument
  --> /home/dombarker/project-offloads/aspis-v8-performance-20260908.scS2Jz/crates/aspis-statement/../../docs/research/v8-no-work-100-20260907/experiments/copy_tag_shared_generated.rs:72:87
   |
72 | ...4])) } else { QM31::ZERO }).add((if flags[1] { h[27].add(h[32].add(n[51])) } else { QM31::ZERO })).add((if flags[3] { h[33] } els...
   |                                    ^                                                               ^
   |
help: remove these parentheses
   |
72 -     scratch[36]=(if flags[0] { n[29].add(n[52].add(n[54])) } else { QM31::ZERO }).add((if flags[1] { h[27].add(h[32].add(n[51])) } else { QM31::ZERO })).add((if flags[3] { h[33] } else { QM31::ZERO })).add((if flags[4] { h[34] } else { QM31::ZERO })).add((if flags[5] { h[35] } else { QM31::ZERO })).add((if flags[6] { h[36] } else { QM31::ZERO })).add((if flags[7] { h[37] } else { QM31::ZERO })).add((if flags[8] { h[38] } else { QM31::ZERO })).add((if flags[9] { h[39] } else { QM31::ZERO })).add((if flags[10] { h[40] } else { QM31::ZERO })).add((if flags[11] { h[41] } else { QM31::ZERO })).add((if flags[12] { h[42] } else { QM31::ZERO })).add((if flags[13] { h[43] } else { QM31::ZERO })).add((if flags[14] { h[44] } else { QM31::ZERO })).add((if flags[15] { h[45] } else { QM31::ZERO })).add((if flags[16] { h[46] } else { QM31::ZERO })).add((if flags[17] { h[47] } else { QM31::ZERO })).add((if flags[18] { h[48] } else { QM31::ZERO })).add((if flags[19] { h[49] } else { QM31::ZERO })).add((if flags[20] { h[50] } else { QM31::ZERO })).add((if flags[21] { h[51] } else { QM31::ZERO })).add((if flags[22] { h[52] } else { QM31::ZERO }));
72 +     scratch[36]=(if flags[0] { n[29].add(n[52].add(n[54])) } else { QM31::ZERO }).add(if flags[1] { h[27].add(h[32].add(n[51])) } else { QM31::ZERO }).add((if flags[3] { h[33] } else { QM31::ZERO })).add((if flags[4] { h[34] } else { QM31::ZERO })).add((if flags[5] { h[35] } else { QM31::ZERO })).add((if flags[6] { h[36] } else { QM31::ZERO })).add((if flags[7] { h[37] } else { QM31::ZERO })).add((if flags[8] { h[38] } else { QM31::ZERO })).add((if flags[9] { h[39] } else { QM31::ZERO })).add((if flags[10] { h[40] } else { QM31::ZERO })).add((if flags[11] { h[41] } else { QM31::ZERO })).add((if flags[12] { h[42] } else { QM31::ZERO })).add((if flags[13] { h[43] } else { QM31::ZERO })).add((if flags[14] { h[44] } else { QM31::ZERO })).add((if flags[15] { h[45] } else { QM31::ZERO })).add((if flags[16] { h[46] } else { QM31::ZERO })).add((if flags[17] { h[47] } else { QM31::ZERO })).add((if flags[18] { h[48] } else { QM31::ZERO })).add((if flags[19] { h[49] } else { QM31::ZERO })).add((if flags[20] { h[50] } else { QM31::ZERO })).add((if flags[21] { h[51] } else { QM31::ZERO })).add((if flags[22] { h[52] } else { QM31::ZERO }));
   |

warning: unnecessary parentheses around method argument
  --> /home/dombarker/project-offloads/aspis-v8-performance-20260908.scS2Jz/crates/aspis-statement/../../docs/research/v8-no-work-100-20260907/experiments/copy_tag_shared_generated.rs:73:75
   |
73 |     scratch[37]=(if flags[0] { h[0].add(n[29]) } else { QM31::ZERO }).add((if flags[1] { h[28] } else { QM31::ZERO }));
   |                                                                           ^                                         ^
   |
help: remove these parentheses
   |
73 -     scratch[37]=(if flags[0] { h[0].add(n[29]) } else { QM31::ZERO }).add((if flags[1] { h[28] } else { QM31::ZERO }));
73 +     scratch[37]=(if flags[0] { h[0].add(n[29]) } else { QM31::ZERO }).add(if flags[1] { h[28] } else { QM31::ZERO });
   |

warning: unnecessary parentheses around assigned value
  --> /home/dombarker/project-offloads/aspis-v8-performance-20260908.scS2Jz/crates/aspis-statement/../../docs/research/v8-no-work-100-20260907/experiments/copy_tag_shared_generated.rs:74:17
   |
74 |     scratch[38]=(if flags[0] { n[4] } else { QM31::ZERO });
   |                 ^                                        ^
   |
help: remove these parentheses
   |
74 -     scratch[38]=(if flags[0] { n[4] } else { QM31::ZERO });
74 +     scratch[38]=if flags[0] { n[4] } else { QM31::ZERO };
   |

warning: unnecessary parentheses around assigned value
  --> /home/dombarker/project-offloads/aspis-v8-performance-20260908.scS2Jz/crates/aspis-statement/../../docs/research/v8-no-work-100-20260907/experiments/copy_tag_shared_generated.rs:75:17
   |
75 |     scratch[39]=(if flags[0] { n[4] } else { QM31::ZERO });
   |                 ^                                        ^
   |
help: remove these parentheses
   |
75 -     scratch[39]=(if flags[0] { n[4] } else { QM31::ZERO });
75 +     scratch[39]=if flags[0] { n[4] } else { QM31::ZERO };
   |

warning: unnecessary parentheses around assigned value
  --> /home/dombarker/project-offloads/aspis-v8-performance-20260908.scS2Jz/crates/aspis-statement/../../docs/research/v8-no-work-100-20260907/experiments/copy_tag_shared_generated.rs:76:17
   |
76 |     scratch[40]=(if flags[0] { n[4] } else { QM31::ZERO });
   |                 ^                                        ^
   |
help: remove these parentheses
   |
76 -     scratch[40]=(if flags[0] { n[4] } else { QM31::ZERO });
76 +     scratch[40]=if flags[0] { n[4] } else { QM31::ZERO };
   |

warning: unnecessary parentheses around assigned value
  --> /home/dombarker/project-offloads/aspis-v8-performance-20260908.scS2Jz/crates/aspis-statement/../../docs/research/v8-no-work-100-20260907/experiments/copy_tag_shared_generated.rs:77:17
   |
77 |     scratch[41]=(if flags[0] { n[4] } else { QM31::ZERO });
   |                 ^                                        ^
   |
help: remove these parentheses
   |
77 -     scratch[41]=(if flags[0] { n[4] } else { QM31::ZERO });
77 +     scratch[41]=if flags[0] { n[4] } else { QM31::ZERO };
   |

warning: unnecessary parentheses around method argument
  --> /home/dombarker/project-offloads/aspis-v8-performance-20260908.scS2Jz/crates/aspis-statement/../../docs/research/v8-no-work-100-20260907/experiments/copy_tag_shared_generated.rs:78:1015
   |
78 | ...s[41] { h[51] } else { QM31::ZERO })).add((if flags[42] { h[52] } else { QM31::ZERO }));
   |                                              ^                                          ^
   |
help: remove these parentheses
   |
78 -     scratch[42]=(if flags[2] { h[32] } else { QM31::ZERO }).add((if flags[23] { h[33] } else { QM31::ZERO })).add((if flags[24] { h[34] } else { QM31::ZERO })).add((if flags[25] { h[35] } else { QM31::ZERO })).add((if flags[26] { h[36] } else { QM31::ZERO })).add((if flags[27] { h[37] } else { QM31::ZERO })).add((if flags[28] { h[38] } else { QM31::ZERO })).add((if flags[29] { h[39] } else { QM31::ZERO })).add((if flags[30] { h[40] } else { QM31::ZERO })).add((if flags[31] { h[41] } else { QM31::ZERO })).add((if flags[32] { h[42] } else { QM31::ZERO })).add((if flags[33] { h[43] } else { QM31::ZERO })).add((if flags[34] { h[44] } else { QM31::ZERO })).add((if flags[35] { h[45] } else { QM31::ZERO })).add((if flags[36] { h[46] } else { QM31::ZERO })).add((if flags[37] { h[47] } else { QM31::ZERO })).add((if flags[38] { h[48] } else { QM31::ZERO })).add((if flags[39] { h[49] } else { QM31::ZERO })).add((if flags[40] { h[50] } else { QM31::ZERO })).add((if flags[41] { h[51] } else { QM31::ZERO })).add((if flags[42] { h[52] } else { QM31::ZERO }));
78 +     scratch[42]=(if flags[2] { h[32] } else { QM31::ZERO }).add((if flags[23] { h[33] } else { QM31::ZERO })).add((if flags[24] { h[34] } else { QM31::ZERO })).add((if flags[25] { h[35] } else { QM31::ZERO })).add((if flags[26] { h[36] } else { QM31::ZERO })).add((if flags[27] { h[37] } else { QM31::ZERO })).add((if flags[28] { h[38] } else { QM31::ZERO })).add((if flags[29] { h[39] } else { QM31::ZERO })).add((if flags[30] { h[40] } else { QM31::ZERO })).add((if flags[31] { h[41] } else { QM31::ZERO })).add((if flags[32] { h[42] } else { QM31::ZERO })).add((if flags[33] { h[43] } else { QM31::ZERO })).add((if flags[34] { h[44] } else { QM31::ZERO })).add((if flags[35] { h[45] } else { QM31::ZERO })).add((if flags[36] { h[46] } else { QM31::ZERO })).add((if flags[37] { h[47] } else { QM31::ZERO })).add((if flags[38] { h[48] } else { QM31::ZERO })).add((if flags[39] { h[49] } else { QM31::ZERO })).add((if flags[40] { h[50] } else { QM31::ZERO })).add((if flags[41] { h[51] } else { QM31::ZERO })).add(if flags[42] { h[52] } else { QM31::ZERO });
   |

warning: unnecessary parentheses around method argument
  --> /home/dombarker/project-offloads/aspis-v8-performance-20260908.scS2Jz/crates/aspis-statement/../../docs/research/v8-no-work-100-20260907/experiments/copy_tag_shared_generated.rs:78:965
   |
78 | ...s[40] { h[50] } else { QM31::ZERO })).add((if flags[41] { h[51] } else { QM31::ZERO })).add((if flags[42] { h[52] } else { QM31::...
   |                                              ^                                          ^
   |
help: remove these parentheses
   |
78 -     scratch[42]=(if flags[2] { h[32] } else { QM31::ZERO }).add((if flags[23] { h[33] } else { QM31::ZERO })).add((if flags[24] { h[34] } else { QM31::ZERO })).add((if flags[25] { h[35] } else { QM31::ZERO })).add((if flags[26] { h[36] } else { QM31::ZERO })).add((if flags[27] { h[37] } else { QM31::ZERO })).add((if flags[28] { h[38] } else { QM31::ZERO })).add((if flags[29] { h[39] } else { QM31::ZERO })).add((if flags[30] { h[40] } else { QM31::ZERO })).add((if flags[31] { h[41] } else { QM31::ZERO })).add((if flags[32] { h[42] } else { QM31::ZERO })).add((if flags[33] { h[43] } else { QM31::ZERO })).add((if flags[34] { h[44] } else { QM31::ZERO })).add((if flags[35] { h[45] } else { QM31::ZERO })).add((if flags[36] { h[46] } else { QM31::ZERO })).add((if flags[37] { h[47] } else { QM31::ZERO })).add((if flags[38] { h[48] } else { QM31::ZERO })).add((if flags[39] { h[49] } else { QM31::ZERO })).add((if flags[40] { h[50] } else { QM31::ZERO })).add((if flags[41] { h[51] } else { QM31::ZERO })).add((if flags[42] { h[52] } else { QM31::ZERO }));
78 +     scratch[42]=(if flags[2] { h[32] } else { QM31::ZERO }).add((if flags[23] { h[33] } else { QM31::ZERO })).add((if flags[24] { h[34] } else { QM31::ZERO })).add((if flags[25] { h[35] } else { QM31::ZERO })).add((if flags[26] { h[36] } else { QM31::ZERO })).add((if flags[27] { h[37] } else { QM31::ZERO })).add((if flags[28] { h[38] } else { QM31::ZERO })).add((if flags[29] { h[39] } else { QM31::ZERO })).add((if flags[30] { h[40] } else { QM31::ZERO })).add((if flags[31] { h[41] } else { QM31::ZERO })).add((if flags[32] { h[42] } else { QM31::ZERO })).add((if flags[33] { h[43] } else { QM31::ZERO })).add((if flags[34] { h[44] } else { QM31::ZERO })).add((if flags[35] { h[45] } else { QM31::ZERO })).add((if flags[36] { h[46] } else { QM31::ZERO })).add((if flags[37] { h[47] } else { QM31::ZERO })).add((if flags[38] { h[48] } else { QM31::ZERO })).add((if flags[39] { h[49] } else { QM31::ZERO })).add((if flags[40] { h[50] } else { QM31::ZERO })).add(if flags[41] { h[51] } else { QM31::ZERO }).add((if flags[42] { h[52] } else { QM31::ZERO }));
   |

warning: unnecessary parentheses around method argument
  --> /home/dombarker/project-offloads/aspis-v8-performance-20260908.scS2Jz/crates/aspis-statement/../../docs/research/v8-no-work-100-20260907/experiments/copy_tag_shared_generated.rs:78:915
   |
78 | ...s[39] { h[49] } else { QM31::ZERO })).add((if flags[40] { h[50] } else { QM31::ZERO })).add((if flags[41] { h[51] } else { QM31::...
   |                                              ^                                          ^
   |
help: remove these parentheses
   |
78 -     scratch[42]=(if flags[2] { h[32] } else { QM31::ZERO }).add((if flags[23] { h[33] } else { QM31::ZERO })).add((if flags[24] { h[34] } else { QM31::ZERO })).add((if flags[25] { h[35] } else { QM31::ZERO })).add((if flags[26] { h[36] } else { QM31::ZERO })).add((if flags[27] { h[37] } else { QM31::ZERO })).add((if flags[28] { h[38] } else { QM31::ZERO })).add((if flags[29] { h[39] } else { QM31::ZERO })).add((if flags[30] { h[40] } else { QM31::ZERO })).add((if flags[31] { h[41] } else { QM31::ZERO })).add((if flags[32] { h[42] } else { QM31::ZERO })).add((if flags[33] { h[43] } else { QM31::ZERO })).add((if flags[34] { h[44] } else { QM31::ZERO })).add((if flags[35] { h[45] } else { QM31::ZERO })).add((if flags[36] { h[46] } else { QM31::ZERO })).add((if flags[37] { h[47] } else { QM31::ZERO })).add((if flags[38] { h[48] } else { QM31::ZERO })).add((if flags[39] { h[49] } else { QM31::ZERO })).add((if flags[40] { h[50] } else { QM31::ZERO })).add((if flags[41] { h[51] } else { QM31::ZERO })).add((if flags[42] { h[52] } else { QM31::ZERO }));
78 +     scratch[42]=(if flags[2] { h[32] } else { QM31::ZERO }).add((if flags[23] { h[33] } else { QM31::ZERO })).add((if flags[24] { h[34] } else { QM31::ZERO })).add((if flags[25] { h[35] } else { QM31::ZERO })).add((if flags[26] { h[36] } else { QM31::ZERO })).add((if flags[27] { h[37] } else { QM31::ZERO })).add((if flags[28] { h[38] } else { QM31::ZERO })).add((if flags[29] { h[39] } else { QM31::ZERO })).add((if flags[30] { h[40] } else { QM31::ZERO })).add((if flags[31] { h[41] } else { QM31::ZERO })).add((if flags[32] { h[42] } else { QM31::ZERO })).add((if flags[33] { h[43] } else { QM31::ZERO })).add((if flags[34] { h[44] } else { QM31::ZERO })).add((if flags[35] { h[45] } else { QM31::ZERO })).add((if flags[36] { h[46] } else { QM31::ZERO })).add((if flags[37] { h[47] } else { QM31::ZERO })).add((if flags[38] { h[48] } else { QM31::ZERO })).add((if flags[39] { h[49] } else { QM31::ZERO })).add(if flags[40] { h[50] } else { QM31::ZERO }).add((if flags[41] { h[51] } else { QM31::ZERO })).add((if flags[42] { h[52] } else { QM31::ZERO }));
   |

warning: unnecessary parentheses around method argument
  --> /home/dombarker/project-offloads/aspis-v8-performance-20260908.scS2Jz/crates/aspis-statement/../../docs/research/v8-no-work-100-20260907/experiments/copy_tag_shared_generated.rs:78:865
   |
78 | ...s[38] { h[48] } else { QM31::ZERO })).add((if flags[39] { h[49] } else { QM31::ZERO })).add((if flags[40] { h[50] } else { QM31::...
   |                                              ^                                          ^
   |
help: remove these parentheses
   |
78 -     scratch[42]=(if flags[2] { h[32] } else { QM31::ZERO }).add((if flags[23] { h[33] } else { QM31::ZERO })).add((if flags[24] { h[34] } else { QM31::ZERO })).add((if flags[25] { h[35] } else { QM31::ZERO })).add((if flags[26] { h[36] } else { QM31::ZERO })).add((if flags[27] { h[37] } else { QM31::ZERO })).add((if flags[28] { h[38] } else { QM31::ZERO })).add((if flags[29] { h[39] } else { QM31::ZERO })).add((if flags[30] { h[40] } else { QM31::ZERO })).add((if flags[31] { h[41] } else { QM31::ZERO })).add((if flags[32] { h[42] } else { QM31::ZERO })).add((if flags[33] { h[43] } else { QM31::ZERO })).add((if flags[34] { h[44] } else { QM31::ZERO })).add((if flags[35] { h[45] } else { QM31::ZERO })).add((if flags[36] { h[46] } else { QM31::ZERO })).add((if flags[37] { h[47] } else { QM31::ZERO })).add((if flags[38] { h[48] } else { QM31::ZERO })).add((if flags[39] { h[49] } else { QM31::ZERO })).add((if flags[40] { h[50] } else { QM31::ZERO })).add((if flags[41] { h[51] } else { QM31::ZERO })).add((if flags[42] { h[52] } else { QM31::ZERO }));
78 +     scratch[42]=(if flags[2] { h[32] } else { QM31::ZERO }).add((if flags[23] { h[33] } else { QM31::ZERO })).add((if flags[24] { h[34] } else { QM31::ZERO })).add((if flags[25] { h[35] } else { QM31::ZERO })).add((if flags[26] { h[36] } else { QM31::ZERO })).add((if flags[27] { h[37] } else { QM31::ZERO })).add((if flags[28] { h[38] } else { QM31::ZERO })).add((if flags[29] { h[39] } else { QM31::ZERO })).add((if flags[30] { h[40] } else { QM31::ZERO })).add((if flags[31] { h[41] } else { QM31::ZERO })).add((if flags[32] { h[42] } else { QM31::ZERO })).add((if flags[33] { h[43] } else { QM31::ZERO })).add((if flags[34] { h[44] } else { QM31::ZERO })).add((if flags[35] { h[45] } else { QM31::ZERO })).add((if flags[36] { h[46] } else { QM31::ZERO })).add((if flags[37] { h[47] } else { QM31::ZERO })).add((if flags[38] { h[48] } else { QM31::ZERO })).add(if flags[39] { h[49] } else { QM31::ZERO }).add((if flags[40] { h[50] } else { QM31::ZERO })).add((if flags[41] { h[51] } else { QM31::ZERO })).add((if flags[42] { h[52] } else { QM31::ZERO }));
   |

warning: unnecessary parentheses around method argument
  --> /home/dombarker/project-offloads/aspis-v8-performance-20260908.scS2Jz/crates/aspis-statement/../../docs/research/v8-no-work-100-20260907/experiments/copy_tag_shared_generated.rs:78:815
   |
78 | ...s[37] { h[47] } else { QM31::ZERO })).add((if flags[38] { h[48] } else { QM31::ZERO })).add((if flags[39] { h[49] } else { QM31::...
   |                                              ^                                          ^
   |
help: remove these parentheses
   |
78 -     scratch[42]=(if flags[2] { h[32] } else { QM31::ZERO }).add((if flags[23] { h[33] } else { QM31::ZERO })).add((if flags[24] { h[34] } else { QM31::ZERO })).add((if flags[25] { h[35] } else { QM31::ZERO })).add((if flags[26] { h[36] } else { QM31::ZERO })).add((if flags[27] { h[37] } else { QM31::ZERO })).add((if flags[28] { h[38] } else { QM31::ZERO })).add((if flags[29] { h[39] } else { QM31::ZERO })).add((if flags[30] { h[40] } else { QM31::ZERO })).add((if flags[31] { h[41] } else { QM31::ZERO })).add((if flags[32] { h[42] } else { QM31::ZERO })).add((if flags[33] { h[43] } else { QM31::ZERO })).add((if flags[34] { h[44] } else { QM31::ZERO })).add((if flags[35] { h[45] } else { QM31::ZERO })).add((if flags[36] { h[46] } else { QM31::ZERO })).add((if flags[37] { h[47] } else { QM31::ZERO })).add((if flags[38] { h[48] } else { QM31::ZERO })).add((if flags[39] { h[49] } else { QM31::ZERO })).add((if flags[40] { h[50] } else { QM31::ZERO })).add((if flags[41] { h[51] } else { QM31::ZERO })).add((if flags[42] { h[52] } else { QM31::ZERO }));
78 +     scratch[42]=(if flags[2] { h[32] } else { QM31::ZERO }).add((if flags[23] { h[33] } else { QM31::ZERO })).add((if flags[24] { h[34] } else { QM31::ZERO })).add((if flags[25] { h[35] } else { QM31::ZERO })).add((if flags[26] { h[36] } else { QM31::ZERO })).add((if flags[27] { h[37] } else { QM31::ZERO })).add((if flags[28] { h[38] } else { QM31::ZERO })).add((if flags[29] { h[39] } else { QM31::ZERO })).add((if flags[30] { h[40] } else { QM31::ZERO })).add((if flags[31] { h[41] } else { QM31::ZERO })).add((if flags[32] { h[42] } else { QM31::ZERO })).add((if flags[33] { h[43] } else { QM31::ZERO })).add((if flags[34] { h[44] } else { QM31::ZERO })).add((if flags[35] { h[45] } else { QM31::ZERO })).add((if flags[36] { h[46] } else { QM31::ZERO })).add((if flags[37] { h[47] } else { QM31::ZERO })).add(if flags[38] { h[48] } else { QM31::ZERO }).add((if flags[39] { h[49] } else { QM31::ZERO })).add((if flags[40] { h[50] } else { QM31::ZERO })).add((if flags[41] { h[51] } else { QM31::ZERO })).add((if flags[42] { h[52] } else { QM31::ZERO }));
   |

warning: unnecessary parentheses around method argument
  --> /home/dombarker/project-offloads/aspis-v8-performance-20260908.scS2Jz/crates/aspis-statement/../../docs/research/v8-no-work-100-20260907/experiments/copy_tag_shared_generated.rs:78:765
   |
78 | ...s[36] { h[46] } else { QM31::ZERO })).add((if flags[37] { h[47] } else { QM31::ZERO })).add((if flags[38] { h[48] } else { QM31::...
   |                                              ^                                          ^
   |
help: remove these parentheses
   |
78 -     scratch[42]=(if flags[2] { h[32] } else { QM31::ZERO }).add((if flags[23] { h[33] } else { QM31::ZERO })).add((if flags[24] { h[34] } else { QM31::ZERO })).add((if flags[25] { h[35] } else { QM31::ZERO })).add((if flags[26] { h[36] } else { QM31::ZERO })).add((if flags[27] { h[37] } else { QM31::ZERO })).add((if flags[28] { h[38] } else { QM31::ZERO })).add((if flags[29] { h[39] } else { QM31::ZERO })).add((if flags[30] { h[40] } else { QM31::ZERO })).add((if flags[31] { h[41] } else { QM31::ZERO })).add((if flags[32] { h[42] } else { QM31::ZERO })).add((if flags[33] { h[43] } else { QM31::ZERO })).add((if flags[34] { h[44] } else { QM31::ZERO })).add((if flags[35] { h[45] } else { QM31::ZERO })).add((if flags[36] { h[46] } else { QM31::ZERO })).add((if flags[37] { h[47] } else { QM31::ZERO })).add((if flags[38] { h[48] } else { QM31::ZERO })).add((if flags[39] { h[49] } else { QM31::ZERO })).add((if flags[40] { h[50] } else { QM31::ZERO })).add((if flags[41] { h[51] } else { QM31::ZERO })).add((if flags[42] { h[52] } else { QM31::ZERO }));
78 +     scratch[42]=(if flags[2] { h[32] } else { QM31::ZERO }).add((if flags[23] { h[33] } else { QM31::ZERO })).add((if flags[24] { h[34] } else { QM31::ZERO })).add((if flags[25] { h[35] } else { QM31::ZERO })).add((if flags[26] { h[36] } else { QM31::ZERO })).add((if flags[27] { h[37] } else { QM31::ZERO })).add((if flags[28] { h[38] } else { QM31::ZERO })).add((if flags[29] { h[39] } else { QM31::ZERO })).add((if flags[30] { h[40] } else { QM31::ZERO })).add((if flags[31] { h[41] } else { QM31::ZERO })).add((if flags[32] { h[42] } else { QM31::ZERO })).add((if flags[33] { h[43] } else { QM31::ZERO })).add((if flags[34] { h[44] } else { QM31::ZERO })).add((if flags[35] { h[45] } else { QM31::ZERO })).add((if flags[36] { h[46] } else { QM31::ZERO })).add(if flags[37] { h[47] } else { QM31::ZERO }).add((if flags[38] { h[48] } else { QM31::ZERO })).add((if flags[39] { h[49] } else { QM31::ZERO })).add((if flags[40] { h[50] } else { QM31::ZERO })).add((if flags[41] { h[51] } else { QM31::ZERO })).add((if flags[42] { h[52] } else { QM31::ZERO }));
   |

warning: unnecessary parentheses around method argument
  --> /home/dombarker/project-offloads/aspis-v8-performance-20260908.scS2Jz/crates/aspis-statement/../../docs/research/v8-no-work-100-20260907/experiments/copy_tag_shared_generated.rs:78:715
   |
78 | ...s[35] { h[45] } else { QM31::ZERO })).add((if flags[36] { h[46] } else { QM31::ZERO })).add((if flags[37] { h[47] } else { QM31::...
   |                                              ^                                          ^
   |
help: remove these parentheses
   |
78 -     scratch[42]=(if flags[2] { h[32] } else { QM31::ZERO }).add((if flags[23] { h[33] } else { QM31::ZERO })).add((if flags[24] { h[34] } else { QM31::ZERO })).add((if flags[25] { h[35] } else { QM31::ZERO })).add((if flags[26] { h[36] } else { QM31::ZERO })).add((if flags[27] { h[37] } else { QM31::ZERO })).add((if flags[28] { h[38] } else { QM31::ZERO })).add((if flags[29] { h[39] } else { QM31::ZERO })).add((if flags[30] { h[40] } else { QM31::ZERO })).add((if flags[31] { h[41] } else { QM31::ZERO })).add((if flags[32] { h[42] } else { QM31::ZERO })).add((if flags[33] { h[43] } else { QM31::ZERO })).add((if flags[34] { h[44] } else { QM31::ZERO })).add((if flags[35] { h[45] } else { QM31::ZERO })).add((if flags[36] { h[46] } else { QM31::ZERO })).add((if flags[37] { h[47] } else { QM31::ZERO })).add((if flags[38] { h[48] } else { QM31::ZERO })).add((if flags[39] { h[49] } else { QM31::ZERO })).add((if flags[40] { h[50] } else { QM31::ZERO })).add((if flags[41] { h[51] } else { QM31::ZERO })).add((if flags[42] { h[52] } else { QM31::ZERO }));
78 +     scratch[42]=(if flags[2] { h[32] } else { QM31::ZERO }).add((if flags[23] { h[33] } else { QM31::ZERO })).add((if flags[24] { h[34] } else { QM31::ZERO })).add((if flags[25] { h[35] } else { QM31::ZERO })).add((if flags[26] { h[36] } else { QM31::ZERO })).add((if flags[27] { h[37] } else { QM31::ZERO })).add((if flags[28] { h[38] } else { QM31::ZERO })).add((if flags[29] { h[39] } else { QM31::ZERO })).add((if flags[30] { h[40] } else { QM31::ZERO })).add((if flags[31] { h[41] } else { QM31::ZERO })).add((if flags[32] { h[42] } else { QM31::ZERO })).add((if flags[33] { h[43] } else { QM31::ZERO })).add((if flags[34] { h[44] } else { QM31::ZERO })).add((if flags[35] { h[45] } else { QM31::ZERO })).add(if flags[36] { h[46] } else { QM31::ZERO }).add((if flags[37] { h[47] } else { QM31::ZERO })).add((if flags[38] { h[48] } else { QM31::ZERO })).add((if flags[39] { h[49] } else { QM31::ZERO })).add((if flags[40] { h[50] } else { QM31::ZERO })).add((if flags[41] { h[51] } else { QM31::ZERO })).add((if flags[42] { h[52] } else { QM31::ZERO }));
   |

warning: unnecessary parentheses around method argument
  --> /home/dombarker/project-offloads/aspis-v8-performance-20260908.scS2Jz/crates/aspis-statement/../../docs/research/v8-no-work-100-20260907/experiments/copy_tag_shared_generated.rs:78:665
   |
78 | ...s[34] { h[44] } else { QM31::ZERO })).add((if flags[35] { h[45] } else { QM31::ZERO })).add((if flags[36] { h[46] } else { QM31::...
   |                                              ^                                          ^
   |
help: remove these parentheses
   |
78 -     scratch[42]=(if flags[2] { h[32] } else { QM31::ZERO }).add((if flags[23] { h[33] } else { QM31::ZERO })).add((if flags[24] { h[34] } else { QM31::ZERO })).add((if flags[25] { h[35] } else { QM31::ZERO })).add((if flags[26] { h[36] } else { QM31::ZERO })).add((if flags[27] { h[37] } else { QM31::ZERO })).add((if flags[28] { h[38] } else { QM31::ZERO })).add((if flags[29] { h[39] } else { QM31::ZERO })).add((if flags[30] { h[40] } else { QM31::ZERO })).add((if flags[31] { h[41] } else { QM31::ZERO })).add((if flags[32] { h[42] } else { QM31::ZERO })).add((if flags[33] { h[43] } else { QM31::ZERO })).add((if flags[34] { h[44] } else { QM31::ZERO })).add((if flags[35] { h[45] } else { QM31::ZERO })).add((if flags[36] { h[46] } else { QM31::ZERO })).add((if flags[37] { h[47] } else { QM31::ZERO })).add((if flags[38] { h[48] } else { QM31::ZERO })).add((if flags[39] { h[49] } else { QM31::ZERO })).add((if flags[40] { h[50] } else { QM31::ZERO })).add((if flags[41] { h[51] } else { QM31::ZERO })).add((if flags[42] { h[52] } else { QM31::ZERO }));
78 +     scratch[42]=(if flags[2] { h[32] } else { QM31::ZERO }).add((if flags[23] { h[33] } else { QM31::ZERO })).add((if flags[24] { h[34] } else { QM31::ZERO })).add((if flags[25] { h[35] } else { QM31::ZERO })).add((if flags[26] { h[36] } else { QM31::ZERO })).add((if flags[27] { h[37] } else { QM31::ZERO })).add((if flags[28] { h[38] } else { QM31::ZERO })).add((if flags[29] { h[39] } else { QM31::ZERO })).add((if flags[30] { h[40] } else { QM31::ZERO })).add((if flags[31] { h[41] } else { QM31::ZERO })).add((if flags[32] { h[42] } else { QM31::ZERO })).add((if flags[33] { h[43] } else { QM31::ZERO })).add((if flags[34] { h[44] } else { QM31::ZERO })).add(if flags[35] { h[45] } else { QM31::ZERO }).add((if flags[36] { h[46] } else { QM31::ZERO })).add((if flags[37] { h[47] } else { QM31::ZERO })).add((if flags[38] { h[48] } else { QM31::ZERO })).add((if flags[39] { h[49] } else { QM31::ZERO })).add((if flags[40] { h[50] } else { QM31::ZERO })).add((if flags[41] { h[51] } else { QM31::ZERO })).add((if flags[42] { h[52] } else { QM31::ZERO }));
   |

warning: unnecessary parentheses around method argument
  --> /home/dombarker/project-offloads/aspis-v8-performance-20260908.scS2Jz/crates/aspis-statement/../../docs/research/v8-no-work-100-20260907/experiments/copy_tag_shared_generated.rs:78:615
   |
78 | ...s[33] { h[43] } else { QM31::ZERO })).add((if flags[34] { h[44] } else { QM31::ZERO })).add((if flags[35] { h[45] } else { QM31::...
   |                                              ^                                          ^
   |
help: remove these parentheses
   |
78 -     scratch[42]=(if flags[2] { h[32] } else { QM31::ZERO }).add((if flags[23] { h[33] } else { QM31::ZERO })).add((if flags[24] { h[34] } else { QM31::ZERO })).add((if flags[25] { h[35] } else { QM31::ZERO })).add((if flags[26] { h[36] } else { QM31::ZERO })).add((if flags[27] { h[37] } else { QM31::ZERO })).add((if flags[28] { h[38] } else { QM31::ZERO })).add((if flags[29] { h[39] } else { QM31::ZERO })).add((if flags[30] { h[40] } else { QM31::ZERO })).add((if flags[31] { h[41] } else { QM31::ZERO })).add((if flags[32] { h[42] } else { QM31::ZERO })).add((if flags[33] { h[43] } else { QM31::ZERO })).add((if flags[34] { h[44] } else { QM31::ZERO })).add((if flags[35] { h[45] } else { QM31::ZERO })).add((if flags[36] { h[46] } else { QM31::ZERO })).add((if flags[37] { h[47] } else { QM31::ZERO })).add((if flags[38] { h[48] } else { QM31::ZERO })).add((if flags[39] { h[49] } else { QM31::ZERO })).add((if flags[40] { h[50] } else { QM31::ZERO })).add((if flags[41] { h[51] } else { QM31::ZERO })).add((if flags[42] { h[52] } else { QM31::ZERO }));
78 +     scratch[42]=(if flags[2] { h[32] } else { QM31::ZERO }).add((if flags[23] { h[33] } else { QM31::ZERO })).add((if flags[24] { h[34] } else { QM31::ZERO })).add((if flags[25] { h[35] } else { QM31::ZERO })).add((if flags[26] { h[36] } else { QM31::ZERO })).add((if flags[27] { h[37] } else { QM31::ZERO })).add((if flags[28] { h[38] } else { QM31::ZERO })).add((if flags[29] { h[39] } else { QM31::ZERO })).add((if flags[30] { h[40] } else { QM31::ZERO })).add((if flags[31] { h[41] } else { QM31::ZERO })).add((if flags[32] { h[42] } else { QM31::ZERO })).add((if flags[33] { h[43] } else { QM31::ZERO })).add(if flags[34] { h[44] } else { QM31::ZERO }).add((if flags[35] { h[45] } else { QM31::ZERO })).add((if flags[36] { h[46] } else { QM31::ZERO })).add((if flags[37] { h[47] } else { QM31::ZERO })).add((if flags[38] { h[48] } else { QM31::ZERO })).add((if flags[39] { h[49] } else { QM31::ZERO })).add((if flags[40] { h[50] } else { QM31::ZERO })).add((if flags[41] { h[51] } else { QM31::ZERO })).add((if flags[42] { h[52] } else { QM31::ZERO }));
   |

warning: unnecessary parentheses around method argument
  --> /home/dombarker/project-offloads/aspis-v8-performance-20260908.scS2Jz/crates/aspis-statement/../../docs/research/v8-no-work-100-20260907/experiments/copy_tag_shared_generated.rs:78:565
   |
78 | ...s[32] { h[42] } else { QM31::ZERO })).add((if flags[33] { h[43] } else { QM31::ZERO })).add((if flags[34] { h[44] } else { QM31::...
   |                                              ^                                          ^
   |
help: remove these parentheses
   |
78 -     scratch[42]=(if flags[2] { h[32] } else { QM31::ZERO }).add((if flags[23] { h[33] } else { QM31::ZERO })).add((if flags[24] { h[34] } else { QM31::ZERO })).add((if flags[25] { h[35] } else { QM31::ZERO })).add((if flags[26] { h[36] } else { QM31::ZERO })).add((if flags[27] { h[37] } else { QM31::ZERO })).add((if flags[28] { h[38] } else { QM31::ZERO })).add((if flags[29] { h[39] } else { QM31::ZERO })).add((if flags[30] { h[40] } else { QM31::ZERO })).add((if flags[31] { h[41] } else { QM31::ZERO })).add((if flags[32] { h[42] } else { QM31::ZERO })).add((if flags[33] { h[43] } else { QM31::ZERO })).add((if flags[34] { h[44] } else { QM31::ZERO })).add((if flags[35] { h[45] } else { QM31::ZERO })).add((if flags[36] { h[46] } else { QM31::ZERO })).add((if flags[37] { h[47] } else { QM31::ZERO })).add((if flags[38] { h[48] } else { QM31::ZERO })).add((if flags[39] { h[49] } else { QM31::ZERO })).add((if flags[40] { h[50] } else { QM31::ZERO })).add((if flags[41] { h[51] } else { QM31::ZERO })).add((if flags[42] { h[52] } else { QM31::ZERO }));
78 +     scratch[42]=(if flags[2] { h[32] } else { QM31::ZERO }).add((if flags[23] { h[33] } else { QM31::ZERO })).add((if flags[24] { h[34] } else { QM31::ZERO })).add((if flags[25] { h[35] } else { QM31::ZERO })).add((if flags[26] { h[36] } else { QM31::ZERO })).add((if flags[27] { h[37] } else { QM31::ZERO })).add((if flags[28] { h[38] } else { QM31::ZERO })).add((if flags[29] { h[39] } else { QM31::ZERO })).add((if flags[30] { h[40] } else { QM31::ZERO })).add((if flags[31] { h[41] } else { QM31::ZERO })).add((if flags[32] { h[42] } else { QM31::ZERO })).add(if flags[33] { h[43] } else { QM31::ZERO }).add((if flags[34] { h[44] } else { QM31::ZERO })).add((if flags[35] { h[45] } else { QM31::ZERO })).add((if flags[36] { h[46] } else { QM31::ZERO })).add((if flags[37] { h[47] } else { QM31::ZERO })).add((if flags[38] { h[48] } else { QM31::ZERO })).add((if flags[39] { h[49] } else { QM31::ZERO })).add((if flags[40] { h[50] } else { QM31::ZERO })).add((if flags[41] { h[51] } else { QM31::ZERO })).add((if flags[42] { h[52] } else { QM31::ZERO }));
   |

warning: unnecessary parentheses around method argument
  --> /home/dombarker/project-offloads/aspis-v8-performance-20260908.scS2Jz/crates/aspis-statement/../../docs/research/v8-no-work-100-20260907/experiments/copy_tag_shared_generated.rs:78:515
   |
78 | ...s[31] { h[41] } else { QM31::ZERO })).add((if flags[32] { h[42] } else { QM31::ZERO })).add((if flags[33] { h[43] } else { QM31::...
   |                                              ^                                          ^
   |
help: remove these parentheses
   |
78 -     scratch[42]=(if flags[2] { h[32] } else { QM31::ZERO }).add((if flags[23] { h[33] } else { QM31::ZERO })).add((if flags[24] { h[34] } else { QM31::ZERO })).add((if flags[25] { h[35] } else { QM31::ZERO })).add((if flags[26] { h[36] } else { QM31::ZERO })).add((if flags[27] { h[37] } else { QM31::ZERO })).add((if flags[28] { h[38] } else { QM31::ZERO })).add((if flags[29] { h[39] } else { QM31::ZERO })).add((if flags[30] { h[40] } else { QM31::ZERO })).add((if flags[31] { h[41] } else { QM31::ZERO })).add((if flags[32] { h[42] } else { QM31::ZERO })).add((if flags[33] { h[43] } else { QM31::ZERO })).add((if flags[34] { h[44] } else { QM31::ZERO })).add((if flags[35] { h[45] } else { QM31::ZERO })).add((if flags[36] { h[46] } else { QM31::ZERO })).add((if flags[37] { h[47] } else { QM31::ZERO })).add((if flags[38] { h[48] } else { QM31::ZERO })).add((if flags[39] { h[49] } else { QM31::ZERO })).add((if flags[40] { h[50] } else { QM31::ZERO })).add((if flags[41] { h[51] } else { QM31::ZERO })).add((if flags[42] { h[52] } else { QM31::ZERO }));
78 +     scratch[42]=(if flags[2] { h[32] } else { QM31::ZERO }).add((if flags[23] { h[33] } else { QM31::ZERO })).add((if flags[24] { h[34] } else { QM31::ZERO })).add((if flags[25] { h[35] } else { QM31::ZERO })).add((if flags[26] { h[36] } else { QM31::ZERO })).add((if flags[27] { h[37] } else { QM31::ZERO })).add((if flags[28] { h[38] } else { QM31::ZERO })).add((if flags[29] { h[39] } else { QM31::ZERO })).add((if flags[30] { h[40] } else { QM31::ZERO })).add((if flags[31] { h[41] } else { QM31::ZERO })).add(if flags[32] { h[42] } else { QM31::ZERO }).add((if flags[33] { h[43] } else { QM31::ZERO })).add((if flags[34] { h[44] } else { QM31::ZERO })).add((if flags[35] { h[45] } else { QM31::ZERO })).add((if flags[36] { h[46] } else { QM31::ZERO })).add((if flags[37] { h[47] } else { QM31::ZERO })).add((if flags[38] { h[48] } else { QM31::ZERO })).add((if flags[39] { h[49] } else { QM31::ZERO })).add((if flags[40] { h[50] } else { QM31::ZERO })).add((if flags[41] { h[51] } else { QM31::ZERO })).add((if flags[42] { h[52] } else { QM31::ZERO }));
   |

warning: unnecessary parentheses around method argument
  --> /home/dombarker/project-offloads/aspis-v8-performance-20260908.scS2Jz/crates/aspis-statement/../../docs/research/v8-no-work-100-20260907/experiments/copy_tag_shared_generated.rs:78:465
   |
78 | ...s[30] { h[40] } else { QM31::ZERO })).add((if flags[31] { h[41] } else { QM31::ZERO })).add((if flags[32] { h[42] } else { QM31::...
   |                                              ^                                          ^
   |
help: remove these parentheses
   |
78 -     scratch[42]=(if flags[2] { h[32] } else { QM31::ZERO }).add((if flags[23] { h[33] } else { QM31::ZERO })).add((if flags[24] { h[34] } else { QM31::ZERO })).add((if flags[25] { h[35] } else { QM31::ZERO })).add((if flags[26] { h[36] } else { QM31::ZERO })).add((if flags[27] { h[37] } else { QM31::ZERO })).add((if flags[28] { h[38] } else { QM31::ZERO })).add((if flags[29] { h[39] } else { QM31::ZERO })).add((if flags[30] { h[40] } else { QM31::ZERO })).add((if flags[31] { h[41] } else { QM31::ZERO })).add((if flags[32] { h[42] } else { QM31::ZERO })).add((if flags[33] { h[43] } else { QM31::ZERO })).add((if flags[34] { h[44] } else { QM31::ZERO })).add((if flags[35] { h[45] } else { QM31::ZERO })).add((if flags[36] { h[46] } else { QM31::ZERO })).add((if flags[37] { h[47] } else { QM31::ZERO })).add((if flags[38] { h[48] } else { QM31::ZERO })).add((if flags[39] { h[49] } else { QM31::ZERO })).add((if flags[40] { h[50] } else { QM31::ZERO })).add((if flags[41] { h[51] } else { QM31::ZERO })).add((if flags[42] { h[52] } else { QM31::ZERO }));
78 +     scratch[42]=(if flags[2] { h[32] } else { QM31::ZERO }).add((if flags[23] { h[33] } else { QM31::ZERO })).add((if flags[24] { h[34] } else { QM31::ZERO })).add((if flags[25] { h[35] } else { QM31::ZERO })).add((if flags[26] { h[36] } else { QM31::ZERO })).add((if flags[27] { h[37] } else { QM31::ZERO })).add((if flags[28] { h[38] } else { QM31::ZERO })).add((if flags[29] { h[39] } else { QM31::ZERO })).add((if flags[30] { h[40] } else { QM31::ZERO })).add(if flags[31] { h[41] } else { QM31::ZERO }).add((if flags[32] { h[42] } else { QM31::ZERO })).add((if flags[33] { h[43] } else { QM31::ZERO })).add((if flags[34] { h[44] } else { QM31::ZERO })).add((if flags[35] { h[45] } else { QM31::ZERO })).add((if flags[36] { h[46] } else { QM31::ZERO })).add((if flags[37] { h[47] } else { QM31::ZERO })).add((if flags[38] { h[48] } else { QM31::ZERO })).add((if flags[39] { h[49] } else { QM31::ZERO })).add((if flags[40] { h[50] } else { QM31::ZERO })).add((if flags[41] { h[51] } else { QM31::ZERO })).add((if flags[42] { h[52] } else { QM31::ZERO }));
   |

warning: unnecessary parentheses around method argument
  --> /home/dombarker/project-offloads/aspis-v8-performance-20260908.scS2Jz/crates/aspis-statement/../../docs/research/v8-no-work-100-20260907/experiments/copy_tag_shared_generated.rs:78:415
   |
78 | ...s[29] { h[39] } else { QM31::ZERO })).add((if flags[30] { h[40] } else { QM31::ZERO })).add((if flags[31] { h[41] } else { QM31::...
   |                                              ^                                          ^
   |
help: remove these parentheses
   |
78 -     scratch[42]=(if flags[2] { h[32] } else { QM31::ZERO }).add((if flags[23] { h[33] } else { QM31::ZERO })).add((if flags[24] { h[34] } else { QM31::ZERO })).add((if flags[25] { h[35] } else { QM31::ZERO })).add((if flags[26] { h[36] } else { QM31::ZERO })).add((if flags[27] { h[37] } else { QM31::ZERO })).add((if flags[28] { h[38] } else { QM31::ZERO })).add((if flags[29] { h[39] } else { QM31::ZERO })).add((if flags[30] { h[40] } else { QM31::ZERO })).add((if flags[31] { h[41] } else { QM31::ZERO })).add((if flags[32] { h[42] } else { QM31::ZERO })).add((if flags[33] { h[43] } else { QM31::ZERO })).add((if flags[34] { h[44] } else { QM31::ZERO })).add((if flags[35] { h[45] } else { QM31::ZERO })).add((if flags[36] { h[46] } else { QM31::ZERO })).add((if flags[37] { h[47] } else { QM31::ZERO })).add((if flags[38] { h[48] } else { QM31::ZERO })).add((if flags[39] { h[49] } else { QM31::ZERO })).add((if flags[40] { h[50] } else { QM31::ZERO })).add((if flags[41] { h[51] } else { QM31::ZERO })).add((if flags[42] { h[52] } else { QM31::ZERO }));
78 +     scratch[42]=(if flags[2] { h[32] } else { QM31::ZERO }).add((if flags[23] { h[33] } else { QM31::ZERO })).add((if flags[24] { h[34] } else { QM31::ZERO })).add((if flags[25] { h[35] } else { QM31::ZERO })).add((if flags[26] { h[36] } else { QM31::ZERO })).add((if flags[27] { h[37] } else { QM31::ZERO })).add((if flags[28] { h[38] } else { QM31::ZERO })).add((if flags[29] { h[39] } else { QM31::ZERO })).add(if flags[30] { h[40] } else { QM31::ZERO }).add((if flags[31] { h[41] } else { QM31::ZERO })).add((if flags[32] { h[42] } else { QM31::ZERO })).add((if flags[33] { h[43] } else { QM31::ZERO })).add((if flags[34] { h[44] } else { QM31::ZERO })).add((if flags[35] { h[45] } else { QM31::ZERO })).add((if flags[36] { h[46] } else { QM31::ZERO })).add((if flags[37] { h[47] } else { QM31::ZERO })).add((if flags[38] { h[48] } else { QM31::ZERO })).add((if flags[39] { h[49] } else { QM31::ZERO })).add((if flags[40] { h[50] } else { QM31::ZERO })).add((if flags[41] { h[51] } else { QM31::ZERO })).add((if flags[42] { h[52] } else { QM31::ZERO }));
   |

warning: unnecessary parentheses around method argument
  --> /home/dombarker/project-offloads/aspis-v8-performance-20260908.scS2Jz/crates/aspis-statement/../../docs/research/v8-no-work-100-20260907/experiments/copy_tag_shared_generated.rs:78:365
   |
78 | ...s[28] { h[38] } else { QM31::ZERO })).add((if flags[29] { h[39] } else { QM31::ZERO })).add((if flags[30] { h[40] } else { QM31::...
   |                                              ^                                          ^
   |
help: remove these parentheses
   |
78 -     scratch[42]=(if flags[2] { h[32] } else { QM31::ZERO }).add((if flags[23] { h[33] } else { QM31::ZERO })).add((if flags[24] { h[34] } else { QM31::ZERO })).add((if flags[25] { h[35] } else { QM31::ZERO })).add((if flags[26] { h[36] } else { QM31::ZERO })).add((if flags[27] { h[37] } else { QM31::ZERO })).add((if flags[28] { h[38] } else { QM31::ZERO })).add((if flags[29] { h[39] } else { QM31::ZERO })).add((if flags[30] { h[40] } else { QM31::ZERO })).add((if flags[31] { h[41] } else { QM31::ZERO })).add((if flags[32] { h[42] } else { QM31::ZERO })).add((if flags[33] { h[43] } else { QM31::ZERO })).add((if flags[34] { h[44] } else { QM31::ZERO })).add((if flags[35] { h[45] } else { QM31::ZERO })).add((if flags[36] { h[46] } else { QM31::ZERO })).add((if flags[37] { h[47] } else { QM31::ZERO })).add((if flags[38] { h[48] } else { QM31::ZERO })).add((if flags[39] { h[49] } else { QM31::ZERO })).add((if flags[40] { h[50] } else { QM31::ZERO })).add((if flags[41] { h[51] } else { QM31::ZERO })).add((if flags[42] { h[52] } else { QM31::ZERO }));
78 +     scratch[42]=(if flags[2] { h[32] } else { QM31::ZERO }).add((if flags[23] { h[33] } else { QM31::ZERO })).add((if flags[24] { h[34] } else { QM31::ZERO })).add((if flags[25] { h[35] } else { QM31::ZERO })).add((if flags[26] { h[36] } else { QM31::ZERO })).add((if flags[27] { h[37] } else { QM31::ZERO })).add((if flags[28] { h[38] } else { QM31::ZERO })).add(if flags[29] { h[39] } else { QM31::ZERO }).add((if flags[30] { h[40] } else { QM31::ZERO })).add((if flags[31] { h[41] } else { QM31::ZERO })).add((if flags[32] { h[42] } else { QM31::ZERO })).add((if flags[33] { h[43] } else { QM31::ZERO })).add((if flags[34] { h[44] } else { QM31::ZERO })).add((if flags[35] { h[45] } else { QM31::ZERO })).add((if flags[36] { h[46] } else { QM31::ZERO })).add((if flags[37] { h[47] } else { QM31::ZERO })).add((if flags[38] { h[48] } else { QM31::ZERO })).add((if flags[39] { h[49] } else { QM31::ZERO })).add((if flags[40] { h[50] } else { QM31::ZERO })).add((if flags[41] { h[51] } else { QM31::ZERO })).add((if flags[42] { h[52] } else { QM31::ZERO }));
   |

warning: unnecessary parentheses around method argument
  --> /home/dombarker/project-offloads/aspis-v8-performance-20260908.scS2Jz/crates/aspis-statement/../../docs/research/v8-no-work-100-20260907/experiments/copy_tag_shared_generated.rs:78:315
   |
78 | ...s[27] { h[37] } else { QM31::ZERO })).add((if flags[28] { h[38] } else { QM31::ZERO })).add((if flags[29] { h[39] } else { QM31::...
   |                                              ^                                          ^
   |
help: remove these parentheses
   |
78 -     scratch[42]=(if flags[2] { h[32] } else { QM31::ZERO }).add((if flags[23] { h[33] } else { QM31::ZERO })).add((if flags[24] { h[34] } else { QM31::ZERO })).add((if flags[25] { h[35] } else { QM31::ZERO })).add((if flags[26] { h[36] } else { QM31::ZERO })).add((if flags[27] { h[37] } else { QM31::ZERO })).add((if flags[28] { h[38] } else { QM31::ZERO })).add((if flags[29] { h[39] } else { QM31::ZERO })).add((if flags[30] { h[40] } else { QM31::ZERO })).add((if flags[31] { h[41] } else { QM31::ZERO })).add((if flags[32] { h[42] } else { QM31::ZERO })).add((if flags[33] { h[43] } else { QM31::ZERO })).add((if flags[34] { h[44] } else { QM31::ZERO })).add((if flags[35] { h[45] } else { QM31::ZERO })).add((if flags[36] { h[46] } else { QM31::ZERO })).add((if flags[37] { h[47] } else { QM31::ZERO })).add((if flags[38] { h[48] } else { QM31::ZERO })).add((if flags[39] { h[49] } else { QM31::ZERO })).add((if flags[40] { h[50] } else { QM31::ZERO })).add((if flags[41] { h[51] } else { QM31::ZERO })).add((if flags[42] { h[52] } else { QM31::ZERO }));
78 +     scratch[42]=(if flags[2] { h[32] } else { QM31::ZERO }).add((if flags[23] { h[33] } else { QM31::ZERO })).add((if flags[24] { h[34] } else { QM31::ZERO })).add((if flags[25] { h[35] } else { QM31::ZERO })).add((if flags[26] { h[36] } else { QM31::ZERO })).add((if flags[27] { h[37] } else { QM31::ZERO })).add(if flags[28] { h[38] } else { QM31::ZERO }).add((if flags[29] { h[39] } else { QM31::ZERO })).add((if flags[30] { h[40] } else { QM31::ZERO })).add((if flags[31] { h[41] } else { QM31::ZERO })).add((if flags[32] { h[42] } else { QM31::ZERO })).add((if flags[33] { h[43] } else { QM31::ZERO })).add((if flags[34] { h[44] } else { QM31::ZERO })).add((if flags[35] { h[45] } else { QM31::ZERO })).add((if flags[36] { h[46] } else { QM31::ZERO })).add((if flags[37] { h[47] } else { QM31::ZERO })).add((if flags[38] { h[48] } else { QM31::ZERO })).add((if flags[39] { h[49] } else { QM31::ZERO })).add((if flags[40] { h[50] } else { QM31::ZERO })).add((if flags[41] { h[51] } else { QM31::ZERO })).add((if flags[42] { h[52] } else { QM31::ZERO }));
   |

warning: unnecessary parentheses around method argument
  --> /home/dombarker/project-offloads/aspis-v8-performance-20260908.scS2Jz/crates/aspis-statement/../../docs/research/v8-no-work-100-20260907/experiments/copy_tag_shared_generated.rs:78:265
   |
78 | ...s[26] { h[36] } else { QM31::ZERO })).add((if flags[27] { h[37] } else { QM31::ZERO })).add((if flags[28] { h[38] } else { QM31::...
   |                                              ^                                          ^
   |
help: remove these parentheses
   |
78 -     scratch[42]=(if flags[2] { h[32] } else { QM31::ZERO }).add((if flags[23] { h[33] } else { QM31::ZERO })).add((if flags[24] { h[34] } else { QM31::ZERO })).add((if flags[25] { h[35] } else { QM31::ZERO })).add((if flags[26] { h[36] } else { QM31::ZERO })).add((if flags[27] { h[37] } else { QM31::ZERO })).add((if flags[28] { h[38] } else { QM31::ZERO })).add((if flags[29] { h[39] } else { QM31::ZERO })).add((if flags[30] { h[40] } else { QM31::ZERO })).add((if flags[31] { h[41] } else { QM31::ZERO })).add((if flags[32] { h[42] } else { QM31::ZERO })).add((if flags[33] { h[43] } else { QM31::ZERO })).add((if flags[34] { h[44] } else { QM31::ZERO })).add((if flags[35] { h[45] } else { QM31::ZERO })).add((if flags[36] { h[46] } else { QM31::ZERO })).add((if flags[37] { h[47] } else { QM31::ZERO })).add((if flags[38] { h[48] } else { QM31::ZERO })).add((if flags[39] { h[49] } else { QM31::ZERO })).add((if flags[40] { h[50] } else { QM31::ZERO })).add((if flags[41] { h[51] } else { QM31::ZERO })).add((if flags[42] { h[52] } else { QM31::ZERO }));
78 +     scratch[42]=(if flags[2] { h[32] } else { QM31::ZERO }).add((if flags[23] { h[33] } else { QM31::ZERO })).add((if flags[24] { h[34] } else { QM31::ZERO })).add((if flags[25] { h[35] } else { QM31::ZERO })).add((if flags[26] { h[36] } else { QM31::ZERO })).add(if flags[27] { h[37] } else { QM31::ZERO }).add((if flags[28] { h[38] } else { QM31::ZERO })).add((if flags[29] { h[39] } else { QM31::ZERO })).add((if flags[30] { h[40] } else { QM31::ZERO })).add((if flags[31] { h[41] } else { QM31::ZERO })).add((if flags[32] { h[42] } else { QM31::ZERO })).add((if flags[33] { h[43] } else { QM31::ZERO })).add((if flags[34] { h[44] } else { QM31::ZERO })).add((if flags[35] { h[45] } else { QM31::ZERO })).add((if flags[36] { h[46] } else { QM31::ZERO })).add((if flags[37] { h[47] } else { QM31::ZERO })).add((if flags[38] { h[48] } else { QM31::ZERO })).add((if flags[39] { h[49] } else { QM31::ZERO })).add((if flags[40] { h[50] } else { QM31::ZERO })).add((if flags[41] { h[51] } else { QM31::ZERO })).add((if flags[42] { h[52] } else { QM31::ZERO }));
   |

warning: unnecessary parentheses around method argument
  --> /home/dombarker/project-offloads/aspis-v8-performance-20260908.scS2Jz/crates/aspis-statement/../../docs/research/v8-no-work-100-20260907/experiments/copy_tag_shared_generated.rs:78:215
   |
78 | ...s[25] { h[35] } else { QM31::ZERO })).add((if flags[26] { h[36] } else { QM31::ZERO })).add((if flags[27] { h[37] } else { QM31::...
   |                                              ^                                          ^
   |
help: remove these parentheses
   |
78 -     scratch[42]=(if flags[2] { h[32] } else { QM31::ZERO }).add((if flags[23] { h[33] } else { QM31::ZERO })).add((if flags[24] { h[34] } else { QM31::ZERO })).add((if flags[25] { h[35] } else { QM31::ZERO })).add((if flags[26] { h[36] } else { QM31::ZERO })).add((if flags[27] { h[37] } else { QM31::ZERO })).add((if flags[28] { h[38] } else { QM31::ZERO })).add((if flags[29] { h[39] } else { QM31::ZERO })).add((if flags[30] { h[40] } else { QM31::ZERO })).add((if flags[31] { h[41] } else { QM31::ZERO })).add((if flags[32] { h[42] } else { QM31::ZERO })).add((if flags[33] { h[43] } else { QM31::ZERO })).add((if flags[34] { h[44] } else { QM31::ZERO })).add((if flags[35] { h[45] } else { QM31::ZERO })).add((if flags[36] { h[46] } else { QM31::ZERO })).add((if flags[37] { h[47] } else { QM31::ZERO })).add((if flags[38] { h[48] } else { QM31::ZERO })).add((if flags[39] { h[49] } else { QM31::ZERO })).add((if flags[40] { h[50] } else { QM31::ZERO })).add((if flags[41] { h[51] } else { QM31::ZERO })).add((if flags[42] { h[52] } else { QM31::ZERO }));
78 +     scratch[42]=(if flags[2] { h[32] } else { QM31::ZERO }).add((if flags[23] { h[33] } else { QM31::ZERO })).add((if flags[24] { h[34] } else { QM31::ZERO })).add((if flags[25] { h[35] } else { QM31::ZERO })).add(if flags[26] { h[36] } else { QM31::ZERO }).add((if flags[27] { h[37] } else { QM31::ZERO })).add((if flags[28] { h[38] } else { QM31::ZERO })).add((if flags[29] { h[39] } else { QM31::ZERO })).add((if flags[30] { h[40] } else { QM31::ZERO })).add((if flags[31] { h[41] } else { QM31::ZERO })).add((if flags[32] { h[42] } else { QM31::ZERO })).add((if flags[33] { h[43] } else { QM31::ZERO })).add((if flags[34] { h[44] } else { QM31::ZERO })).add((if flags[35] { h[45] } else { QM31::ZERO })).add((if flags[36] { h[46] } else { QM31::ZERO })).add((if flags[37] { h[47] } else { QM31::ZERO })).add((if flags[38] { h[48] } else { QM31::ZERO })).add((if flags[39] { h[49] } else { QM31::ZERO })).add((if flags[40] { h[50] } else { QM31::ZERO })).add((if flags[41] { h[51] } else { QM31::ZERO })).add((if flags[42] { h[52] } else { QM31::ZERO }));
   |

warning: unnecessary parentheses around method argument
  --> /home/dombarker/project-offloads/aspis-v8-performance-20260908.scS2Jz/crates/aspis-statement/../../docs/research/v8-no-work-100-20260907/experiments/copy_tag_shared_generated.rs:78:165
   |
78 | ...s[24] { h[34] } else { QM31::ZERO })).add((if flags[25] { h[35] } else { QM31::ZERO })).add((if flags[26] { h[36] } else { QM31::...
   |                                              ^                                          ^
   |
help: remove these parentheses
   |
78 -     scratch[42]=(if flags[2] { h[32] } else { QM31::ZERO }).add((if flags[23] { h[33] } else { QM31::ZERO })).add((if flags[24] { h[34] } else { QM31::ZERO })).add((if flags[25] { h[35] } else { QM31::ZERO })).add((if flags[26] { h[36] } else { QM31::ZERO })).add((if flags[27] { h[37] } else { QM31::ZERO })).add((if flags[28] { h[38] } else { QM31::ZERO })).add((if flags[29] { h[39] } else { QM31::ZERO })).add((if flags[30] { h[40] } else { QM31::ZERO })).add((if flags[31] { h[41] } else { QM31::ZERO })).add((if flags[32] { h[42] } else { QM31::ZERO })).add((if flags[33] { h[43] } else { QM31::ZERO })).add((if flags[34] { h[44] } else { QM31::ZERO })).add((if flags[35] { h[45] } else { QM31::ZERO })).add((if flags[36] { h[46] } else { QM31::ZERO })).add((if flags[37] { h[47] } else { QM31::ZERO })).add((if flags[38] { h[48] } else { QM31::ZERO })).add((if flags[39] { h[49] } else { QM31::ZERO })).add((if flags[40] { h[50] } else { QM31::ZERO })).add((if flags[41] { h[51] } else { QM31::ZERO })).add((if flags[42] { h[52] } else { QM31::ZERO }));
78 +     scratch[42]=(if flags[2] { h[32] } else { QM31::ZERO }).add((if flags[23] { h[33] } else { QM31::ZERO })).add((if flags[24] { h[34] } else { QM31::ZERO })).add(if flags[25] { h[35] } else { QM31::ZERO }).add((if flags[26] { h[36] } else { QM31::ZERO })).add((if flags[27] { h[37] } else { QM31::ZERO })).add((if flags[28] { h[38] } else { QM31::ZERO })).add((if flags[29] { h[39] } else { QM31::ZERO })).add((if flags[30] { h[40] } else { QM31::ZERO })).add((if flags[31] { h[41] } else { QM31::ZERO })).add((if flags[32] { h[42] } else { QM31::ZERO })).add((if flags[33] { h[43] } else { QM31::ZERO })).add((if flags[34] { h[44] } else { QM31::ZERO })).add((if flags[35] { h[45] } else { QM31::ZERO })).add((if flags[36] { h[46] } else { QM31::ZERO })).add((if flags[37] { h[47] } else { QM31::ZERO })).add((if flags[38] { h[48] } else { QM31::ZERO })).add((if flags[39] { h[49] } else { QM31::ZERO })).add((if flags[40] { h[50] } else { QM31::ZERO })).add((if flags[41] { h[51] } else { QM31::ZERO })).add((if flags[42] { h[52] } else { QM31::ZERO }));
   |

warning: unnecessary parentheses around method argument
  --> /home/dombarker/project-offloads/aspis-v8-performance-20260908.scS2Jz/crates/aspis-statement/../../docs/research/v8-no-work-100-20260907/experiments/copy_tag_shared_generated.rs:78:115
   |
78 | ...s[23] { h[33] } else { QM31::ZERO })).add((if flags[24] { h[34] } else { QM31::ZERO })).add((if flags[25] { h[35] } else { QM31::...
   |                                              ^                                          ^
   |
help: remove these parentheses
   |
78 -     scratch[42]=(if flags[2] { h[32] } else { QM31::ZERO }).add((if flags[23] { h[33] } else { QM31::ZERO })).add((if flags[24] { h[34] } else { QM31::ZERO })).add((if flags[25] { h[35] } else { QM31::ZERO })).add((if flags[26] { h[36] } else { QM31::ZERO })).add((if flags[27] { h[37] } else { QM31::ZERO })).add((if flags[28] { h[38] } else { QM31::ZERO })).add((if flags[29] { h[39] } else { QM31::ZERO })).add((if flags[30] { h[40] } else { QM31::ZERO })).add((if flags[31] { h[41] } else { QM31::ZERO })).add((if flags[32] { h[42] } else { QM31::ZERO })).add((if flags[33] { h[43] } else { QM31::ZERO })).add((if flags[34] { h[44] } else { QM31::ZERO })).add((if flags[35] { h[45] } else { QM31::ZERO })).add((if flags[36] { h[46] } else { QM31::ZERO })).add((if flags[37] { h[47] } else { QM31::ZERO })).add((if flags[38] { h[48] } else { QM31::ZERO })).add((if flags[39] { h[49] } else { QM31::ZERO })).add((if flags[40] { h[50] } else { QM31::ZERO })).add((if flags[41] { h[51] } else { QM31::ZERO })).add((if flags[42] { h[52] } else { QM31::ZERO }));
78 +     scratch[42]=(if flags[2] { h[32] } else { QM31::ZERO }).add((if flags[23] { h[33] } else { QM31::ZERO })).add(if flags[24] { h[34] } else { QM31::ZERO }).add((if flags[25] { h[35] } else { QM31::ZERO })).add((if flags[26] { h[36] } else { QM31::ZERO })).add((if flags[27] { h[37] } else { QM31::ZERO })).add((if flags[28] { h[38] } else { QM31::ZERO })).add((if flags[29] { h[39] } else { QM31::ZERO })).add((if flags[30] { h[40] } else { QM31::ZERO })).add((if flags[31] { h[41] } else { QM31::ZERO })).add((if flags[32] { h[42] } else { QM31::ZERO })).add((if flags[33] { h[43] } else { QM31::ZERO })).add((if flags[34] { h[44] } else { QM31::ZERO })).add((if flags[35] { h[45] } else { QM31::ZERO })).add((if flags[36] { h[46] } else { QM31::ZERO })).add((if flags[37] { h[47] } else { QM31::ZERO })).add((if flags[38] { h[48] } else { QM31::ZERO })).add((if flags[39] { h[49] } else { QM31::ZERO })).add((if flags[40] { h[50] } else { QM31::ZERO })).add((if flags[41] { h[51] } else { QM31::ZERO })).add((if flags[42] { h[52] } else { QM31::ZERO }));
   |

warning: unnecessary parentheses around method argument
  --> /home/dombarker/project-offloads/aspis-v8-performance-20260908.scS2Jz/crates/aspis-statement/../../docs/research/v8-no-work-100-20260907/experiments/copy_tag_shared_generated.rs:78:65
   |
78 |     scratch[42]=(if flags[2] { h[32] } else { QM31::ZERO }).add((if flags[23] { h[33] } else { QM31::ZERO })).add((if flags[24] { h[...
   |                                                                 ^                                          ^
   |
help: remove these parentheses
   |
78 -     scratch[42]=(if flags[2] { h[32] } else { QM31::ZERO }).add((if flags[23] { h[33] } else { QM31::ZERO })).add((if flags[24] { h[34] } else { QM31::ZERO })).add((if flags[25] { h[35] } else { QM31::ZERO })).add((if flags[26] { h[36] } else { QM31::ZERO })).add((if flags[27] { h[37] } else { QM31::ZERO })).add((if flags[28] { h[38] } else { QM31::ZERO })).add((if flags[29] { h[39] } else { QM31::ZERO })).add((if flags[30] { h[40] } else { QM31::ZERO })).add((if flags[31] { h[41] } else { QM31::ZERO })).add((if flags[32] { h[42] } else { QM31::ZERO })).add((if flags[33] { h[43] } else { QM31::ZERO })).add((if flags[34] { h[44] } else { QM31::ZERO })).add((if flags[35] { h[45] } else { QM31::ZERO })).add((if flags[36] { h[46] } else { QM31::ZERO })).add((if flags[37] { h[47] } else { QM31::ZERO })).add((if flags[38] { h[48] } else { QM31::ZERO })).add((if flags[39] { h[49] } else { QM31::ZERO })).add((if flags[40] { h[50] } else { QM31::ZERO })).add((if flags[41] { h[51] } else { QM31::ZERO })).add((if flags[42] { h[52] } else { QM31::ZERO }));
78 +     scratch[42]=(if flags[2] { h[32] } else { QM31::ZERO }).add(if flags[23] { h[33] } else { QM31::ZERO }).add((if flags[24] { h[34] } else { QM31::ZERO })).add((if flags[25] { h[35] } else { QM31::ZERO })).add((if flags[26] { h[36] } else { QM31::ZERO })).add((if flags[27] { h[37] } else { QM31::ZERO })).add((if flags[28] { h[38] } else { QM31::ZERO })).add((if flags[29] { h[39] } else { QM31::ZERO })).add((if flags[30] { h[40] } else { QM31::ZERO })).add((if flags[31] { h[41] } else { QM31::ZERO })).add((if flags[32] { h[42] } else { QM31::ZERO })).add((if flags[33] { h[43] } else { QM31::ZERO })).add((if flags[34] { h[44] } else { QM31::ZERO })).add((if flags[35] { h[45] } else { QM31::ZERO })).add((if flags[36] { h[46] } else { QM31::ZERO })).add((if flags[37] { h[47] } else { QM31::ZERO })).add((if flags[38] { h[48] } else { QM31::ZERO })).add((if flags[39] { h[49] } else { QM31::ZERO })).add((if flags[40] { h[50] } else { QM31::ZERO })).add((if flags[41] { h[51] } else { QM31::ZERO })).add((if flags[42] { h[52] } else { QM31::ZERO }));
   |

warning: unnecessary parentheses around assigned value
  --> /home/dombarker/project-offloads/aspis-v8-performance-20260908.scS2Jz/crates/aspis-statement/../../docs/research/v8-no-work-100-20260907/experiments/copy_tag_shared_generated.rs:79:17
   |
79 |     scratch[43]=(if flags[0] { h[2] } else { QM31::ZERO });
   |                 ^                                        ^
   |
help: remove these parentheses
   |
79 -     scratch[43]=(if flags[0] { h[2] } else { QM31::ZERO });
79 +     scratch[43]=if flags[0] { h[2] } else { QM31::ZERO };
   |

warning: unnecessary parentheses around assigned value
  --> /home/dombarker/project-offloads/aspis-v8-performance-20260908.scS2Jz/crates/aspis-statement/../../docs/research/v8-no-work-100-20260907/experiments/copy_tag_shared_generated.rs:80:17
   |
80 |     scratch[44]=(if flags[0] { n[4] } else { QM31::ZERO });
   |                 ^                                        ^
   |
help: remove these parentheses
   |
80 -     scratch[44]=(if flags[0] { n[4] } else { QM31::ZERO });
80 +     scratch[44]=if flags[0] { n[4] } else { QM31::ZERO };
   |

warning: unnecessary parentheses around method argument
  --> /home/dombarker/project-offloads/aspis-v8-performance-20260908.scS2Jz/crates/aspis-statement/../../docs/research/v8-no-work-100-20260907/experiments/copy_tag_shared_generated.rs:81:1097
   |
81 | ...s[41] { h[52] } else { QM31::ZERO })).add((if flags[42] { h[53] } else { QM31::ZERO }));
   |                                              ^                                          ^
   |
help: remove these parentheses
   |
81 -     scratch[45]=(if flags[0] { h[33].add(h[63]).add(n[40].add(n[57])) } else { QM31::ZERO }).add((if flags[1] { n[51] } else { QM31::ZERO })).add((if flags[23] { h[34] } else { QM31::ZERO })).add((if flags[24] { h[35] } else { QM31::ZERO })).add((if flags[25] { h[36] } else { QM31::ZERO })).add((if flags[26] { h[37] } else { QM31::ZERO })).add((if flags[27] { h[38] } else { QM31::ZERO })).add((if flags[28] { h[39] } else { QM31::ZERO })).add((if flags[29] { h[40] } else { QM31::ZERO })).add((if flags[30] { h[41] } else { QM31::ZERO })).add((if flags[31] { h[42] } else { QM31::ZERO })).add((if flags[32] { h[43] } else { QM31::ZERO })).add((if flags[33] { h[44] } else { QM31::ZERO })).add((if flags[34] { h[45] } else { QM31::ZERO })).add((if flags[35] { h[46] } else { QM31::ZERO })).add((if flags[36] { h[47] } else { QM31::ZERO })).add((if flags[37] { h[48] } else { QM31::ZERO })).add((if flags[38] { h[49] } else { QM31::ZERO })).add((if flags[39] { h[50] } else { QM31::ZERO })).add((if flags[40] { h[51] } else { QM31::ZERO })).add((if flags[41] { h[52] } else { QM31::ZERO })).add((if flags[42] { h[53] } else { QM31::ZERO }));
81 +     scratch[45]=(if flags[0] { h[33].add(h[63]).add(n[40].add(n[57])) } else { QM31::ZERO }).add((if flags[1] { n[51] } else { QM31::ZERO })).add((if flags[23] { h[34] } else { QM31::ZERO })).add((if flags[24] { h[35] } else { QM31::ZERO })).add((if flags[25] { h[36] } else { QM31::ZERO })).add((if flags[26] { h[37] } else { QM31::ZERO })).add((if flags[27] { h[38] } else { QM31::ZERO })).add((if flags[28] { h[39] } else { QM31::ZERO })).add((if flags[29] { h[40] } else { QM31::ZERO })).add((if flags[30] { h[41] } else { QM31::ZERO })).add((if flags[31] { h[42] } else { QM31::ZERO })).add((if flags[32] { h[43] } else { QM31::ZERO })).add((if flags[33] { h[44] } else { QM31::ZERO })).add((if flags[34] { h[45] } else { QM31::ZERO })).add((if flags[35] { h[46] } else { QM31::ZERO })).add((if flags[36] { h[47] } else { QM31::ZERO })).add((if flags[37] { h[48] } else { QM31::ZERO })).add((if flags[38] { h[49] } else { QM31::ZERO })).add((if flags[39] { h[50] } else { QM31::ZERO })).add((if flags[40] { h[51] } else { QM31::ZERO })).add((if flags[41] { h[52] } else { QM31::ZERO })).add(if flags[42] { h[53] } else { QM31::ZERO });
   |

warning: unnecessary parentheses around method argument
  --> /home/dombarker/project-offloads/aspis-v8-performance-20260908.scS2Jz/crates/aspis-statement/../../docs/research/v8-no-work-100-20260907/experiments/copy_tag_shared_generated.rs:81:1047
   |
81 | ...s[40] { h[51] } else { QM31::ZERO })).add((if flags[41] { h[52] } else { QM31::ZERO })).add((if flags[42] { h[53] } else { QM31::...
   |                                              ^                                          ^
   |
help: remove these parentheses
   |
81 -     scratch[45]=(if flags[0] { h[33].add(h[63]).add(n[40].add(n[57])) } else { QM31::ZERO }).add((if flags[1] { n[51] } else { QM31::ZERO })).add((if flags[23] { h[34] } else { QM31::ZERO })).add((if flags[24] { h[35] } else { QM31::ZERO })).add((if flags[25] { h[36] } else { QM31::ZERO })).add((if flags[26] { h[37] } else { QM31::ZERO })).add((if flags[27] { h[38] } else { QM31::ZERO })).add((if flags[28] { h[39] } else { QM31::ZERO })).add((if flags[29] { h[40] } else { QM31::ZERO })).add((if flags[30] { h[41] } else { QM31::ZERO })).add((if flags[31] { h[42] } else { QM31::ZERO })).add((if flags[32] { h[43] } else { QM31::ZERO })).add((if flags[33] { h[44] } else { QM31::ZERO })).add((if flags[34] { h[45] } else { QM31::ZERO })).add((if flags[35] { h[46] } else { QM31::ZERO })).add((if flags[36] { h[47] } else { QM31::ZERO })).add((if flags[37] { h[48] } else { QM31::ZERO })).add((if flags[38] { h[49] } else { QM31::ZERO })).add((if flags[39] { h[50] } else { QM31::ZERO })).add((if flags[40] { h[51] } else { QM31::ZERO })).add((if flags[41] { h[52] } else { QM31::ZERO })).add((if flags[42] { h[53] } else { QM31::ZERO }));
81 +     scratch[45]=(if flags[0] { h[33].add(h[63]).add(n[40].add(n[57])) } else { QM31::ZERO }).add((if flags[1] { n[51] } else { QM31::ZERO })).add((if flags[23] { h[34] } else { QM31::ZERO })).add((if flags[24] { h[35] } else { QM31::ZERO })).add((if flags[25] { h[36] } else { QM31::ZERO })).add((if flags[26] { h[37] } else { QM31::ZERO })).add((if flags[27] { h[38] } else { QM31::ZERO })).add((if flags[28] { h[39] } else { QM31::ZERO })).add((if flags[29] { h[40] } else { QM31::ZERO })).add((if flags[30] { h[41] } else { QM31::ZERO })).add((if flags[31] { h[42] } else { QM31::ZERO })).add((if flags[32] { h[43] } else { QM31::ZERO })).add((if flags[33] { h[44] } else { QM31::ZERO })).add((if flags[34] { h[45] } else { QM31::ZERO })).add((if flags[35] { h[46] } else { QM31::ZERO })).add((if flags[36] { h[47] } else { QM31::ZERO })).add((if flags[37] { h[48] } else { QM31::ZERO })).add((if flags[38] { h[49] } else { QM31::ZERO })).add((if flags[39] { h[50] } else { QM31::ZERO })).add((if flags[40] { h[51] } else { QM31::ZERO })).add(if flags[41] { h[52] } else { QM31::ZERO }).add((if flags[42] { h[53] } else { QM31::ZERO }));
   |

warning: unnecessary parentheses around method argument
  --> /home/dombarker/project-offloads/aspis-v8-performance-20260908.scS2Jz/crates/aspis-statement/../../docs/research/v8-no-work-100-20260907/experiments/copy_tag_shared_generated.rs:81:997
   |
81 | ...s[39] { h[50] } else { QM31::ZERO })).add((if flags[40] { h[51] } else { QM31::ZERO })).add((if flags[41] { h[52] } else { QM31::...
   |                                              ^                                          ^
   |
help: remove these parentheses
   |
81 -     scratch[45]=(if flags[0] { h[33].add(h[63]).add(n[40].add(n[57])) } else { QM31::ZERO }).add((if flags[1] { n[51] } else { QM31::ZERO })).add((if flags[23] { h[34] } else { QM31::ZERO })).add((if flags[24] { h[35] } else { QM31::ZERO })).add((if flags[25] { h[36] } else { QM31::ZERO })).add((if flags[26] { h[37] } else { QM31::ZERO })).add((if flags[27] { h[38] } else { QM31::ZERO })).add((if flags[28] { h[39] } else { QM31::ZERO })).add((if flags[29] { h[40] } else { QM31::ZERO })).add((if flags[30] { h[41] } else { QM31::ZERO })).add((if flags[31] { h[42] } else { QM31::ZERO })).add((if flags[32] { h[43] } else { QM31::ZERO })).add((if flags[33] { h[44] } else { QM31::ZERO })).add((if flags[34] { h[45] } else { QM31::ZERO })).add((if flags[35] { h[46] } else { QM31::ZERO })).add((if flags[36] { h[47] } else { QM31::ZERO })).add((if flags[37] { h[48] } else { QM31::ZERO })).add((if flags[38] { h[49] } else { QM31::ZERO })).add((if flags[39] { h[50] } else { QM31::ZERO })).add((if flags[40] { h[51] } else { QM31::ZERO })).add((if flags[41] { h[52] } else { QM31::ZERO })).add((if flags[42] { h[53] } else { QM31::ZERO }));
81 +     scratch[45]=(if flags[0] { h[33].add(h[63]).add(n[40].add(n[57])) } else { QM31::ZERO }).add((if flags[1] { n[51] } else { QM31::ZERO })).add((if flags[23] { h[34] } else { QM31::ZERO })).add((if flags[24] { h[35] } else { QM31::ZERO })).add((if flags[25] { h[36] } else { QM31::ZERO })).add((if flags[26] { h[37] } else { QM31::ZERO })).add((if flags[27] { h[38] } else { QM31::ZERO })).add((if flags[28] { h[39] } else { QM31::ZERO })).add((if flags[29] { h[40] } else { QM31::ZERO })).add((if flags[30] { h[41] } else { QM31::ZERO })).add((if flags[31] { h[42] } else { QM31::ZERO })).add((if flags[32] { h[43] } else { QM31::ZERO })).add((if flags[33] { h[44] } else { QM31::ZERO })).add((if flags[34] { h[45] } else { QM31::ZERO })).add((if flags[35] { h[46] } else { QM31::ZERO })).add((if flags[36] { h[47] } else { QM31::ZERO })).add((if flags[37] { h[48] } else { QM31::ZERO })).add((if flags[38] { h[49] } else { QM31::ZERO })).add((if flags[39] { h[50] } else { QM31::ZERO })).add(if flags[40] { h[51] } else { QM31::ZERO }).add((if flags[41] { h[52] } else { QM31::ZERO })).add((if flags[42] { h[53] } else { QM31::ZERO }));
   |

warning: unnecessary parentheses around method argument
  --> /home/dombarker/project-offloads/aspis-v8-performance-20260908.scS2Jz/crates/aspis-statement/../../docs/research/v8-no-work-100-20260907/experiments/copy_tag_shared_generated.rs:81:947
   |
81 | ...s[38] { h[49] } else { QM31::ZERO })).add((if flags[39] { h[50] } else { QM31::ZERO })).add((if flags[40] { h[51] } else { QM31::...
   |                                              ^                                          ^
   |
help: remove these parentheses
   |
81 -     scratch[45]=(if flags[0] { h[33].add(h[63]).add(n[40].add(n[57])) } else { QM31::ZERO }).add((if flags[1] { n[51] } else { QM31::ZERO })).add((if flags[23] { h[34] } else { QM31::ZERO })).add((if flags[24] { h[35] } else { QM31::ZERO })).add((if flags[25] { h[36] } else { QM31::ZERO })).add((if flags[26] { h[37] } else { QM31::ZERO })).add((if flags[27] { h[38] } else { QM31::ZERO })).add((if flags[28] { h[39] } else { QM31::ZERO })).add((if flags[29] { h[40] } else { QM31::ZERO })).add((if flags[30] { h[41] } else { QM31::ZERO })).add((if flags[31] { h[42] } else { QM31::ZERO })).add((if flags[32] { h[43] } else { QM31::ZERO })).add((if flags[33] { h[44] } else { QM31::ZERO })).add((if flags[34] { h[45] } else { QM31::ZERO })).add((if flags[35] { h[46] } else { QM31::ZERO })).add((if flags[36] { h[47] } else { QM31::ZERO })).add((if flags[37] { h[48] } else { QM31::ZERO })).add((if flags[38] { h[49] } else { QM31::ZERO })).add((if flags[39] { h[50] } else { QM31::ZERO })).add((if flags[40] { h[51] } else { QM31::ZERO })).add((if flags[41] { h[52] } else { QM31::ZERO })).add((if flags[42] { h[53] } else { QM31::ZERO }));
81 +     scratch[45]=(if flags[0] { h[33].add(h[63]).add(n[40].add(n[57])) } else { QM31::ZERO }).add((if flags[1] { n[51] } else { QM31::ZERO })).add((if flags[23] { h[34] } else { QM31::ZERO })).add((if flags[24] { h[35] } else { QM31::ZERO })).add((if flags[25] { h[36] } else { QM31::ZERO })).add((if flags[26] { h[37] } else { QM31::ZERO })).add((if flags[27] { h[38] } else { QM31::ZERO })).add((if flags[28] { h[39] } else { QM31::ZERO })).add((if flags[29] { h[40] } else { QM31::ZERO })).add((if flags[30] { h[41] } else { QM31::ZERO })).add((if flags[31] { h[42] } else { QM31::ZERO })).add((if flags[32] { h[43] } else { QM31::ZERO })).add((if flags[33] { h[44] } else { QM31::ZERO })).add((if flags[34] { h[45] } else { QM31::ZERO })).add((if flags[35] { h[46] } else { QM31::ZERO })).add((if flags[36] { h[47] } else { QM31::ZERO })).add((if flags[37] { h[48] } else { QM31::ZERO })).add((if flags[38] { h[49] } else { QM31::ZERO })).add(if flags[39] { h[50] } else { QM31::ZERO }).add((if flags[40] { h[51] } else { QM31::ZERO })).add((if flags[41] { h[52] } else { QM31::ZERO })).add((if flags[42] { h[53] } else { QM31::ZERO }));
   |

warning: unnecessary parentheses around method argument
  --> /home/dombarker/project-offloads/aspis-v8-performance-20260908.scS2Jz/crates/aspis-statement/../../docs/research/v8-no-work-100-20260907/experiments/copy_tag_shared_generated.rs:81:897
   |
81 | ...s[37] { h[48] } else { QM31::ZERO })).add((if flags[38] { h[49] } else { QM31::ZERO })).add((if flags[39] { h[50] } else { QM31::...
   |                                              ^                                          ^
   |
help: remove these parentheses
   |
81 -     scratch[45]=(if flags[0] { h[33].add(h[63]).add(n[40].add(n[57])) } else { QM31::ZERO }).add((if flags[1] { n[51] } else { QM31::ZERO })).add((if flags[23] { h[34] } else { QM31::ZERO })).add((if flags[24] { h[35] } else { QM31::ZERO })).add((if flags[25] { h[36] } else { QM31::ZERO })).add((if flags[26] { h[37] } else { QM31::ZERO })).add((if flags[27] { h[38] } else { QM31::ZERO })).add((if flags[28] { h[39] } else { QM31::ZERO })).add((if flags[29] { h[40] } else { QM31::ZERO })).add((if flags[30] { h[41] } else { QM31::ZERO })).add((if flags[31] { h[42] } else { QM31::ZERO })).add((if flags[32] { h[43] } else { QM31::ZERO })).add((if flags[33] { h[44] } else { QM31::ZERO })).add((if flags[34] { h[45] } else { QM31::ZERO })).add((if flags[35] { h[46] } else { QM31::ZERO })).add((if flags[36] { h[47] } else { QM31::ZERO })).add((if flags[37] { h[48] } else { QM31::ZERO })).add((if flags[38] { h[49] } else { QM31::ZERO })).add((if flags[39] { h[50] } else { QM31::ZERO })).add((if flags[40] { h[51] } else { QM31::ZERO })).add((if flags[41] { h[52] } else { QM31::ZERO })).add((if flags[42] { h[53] } else { QM31::ZERO }));
81 +     scratch[45]=(if flags[0] { h[33].add(h[63]).add(n[40].add(n[57])) } else { QM31::ZERO }).add((if flags[1] { n[51] } else { QM31::ZERO })).add((if flags[23] { h[34] } else { QM31::ZERO })).add((if flags[24] { h[35] } else { QM31::ZERO })).add((if flags[25] { h[36] } else { QM31::ZERO })).add((if flags[26] { h[37] } else { QM31::ZERO })).add((if flags[27] { h[38] } else { QM31::ZERO })).add((if flags[28] { h[39] } else { QM31::ZERO })).add((if flags[29] { h[40] } else { QM31::ZERO })).add((if flags[30] { h[41] } else { QM31::ZERO })).add((if flags[31] { h[42] } else { QM31::ZERO })).add((if flags[32] { h[43] } else { QM31::ZERO })).add((if flags[33] { h[44] } else { QM31::ZERO })).add((if flags[34] { h[45] } else { QM31::ZERO })).add((if flags[35] { h[46] } else { QM31::ZERO })).add((if flags[36] { h[47] } else { QM31::ZERO })).add((if flags[37] { h[48] } else { QM31::ZERO })).add(if flags[38] { h[49] } else { QM31::ZERO }).add((if flags[39] { h[50] } else { QM31::ZERO })).add((if flags[40] { h[51] } else { QM31::ZERO })).add((if flags[41] { h[52] } else { QM31::ZERO })).add((if flags[42] { h[53] } else { QM31::ZERO }));
   |

warning: unnecessary parentheses around method argument
  --> /home/dombarker/project-offloads/aspis-v8-performance-20260908.scS2Jz/crates/aspis-statement/../../docs/research/v8-no-work-100-20260907/experiments/copy_tag_shared_generated.rs:81:847
   |
81 | ...s[36] { h[47] } else { QM31::ZERO })).add((if flags[37] { h[48] } else { QM31::ZERO })).add((if flags[38] { h[49] } else { QM31::...
   |                                              ^                                          ^
   |
help: remove these parentheses
   |
81 -     scratch[45]=(if flags[0] { h[33].add(h[63]).add(n[40].add(n[57])) } else { QM31::ZERO }).add((if flags[1] { n[51] } else { QM31::ZERO })).add((if flags[23] { h[34] } else { QM31::ZERO })).add((if flags[24] { h[35] } else { QM31::ZERO })).add((if flags[25] { h[36] } else { QM31::ZERO })).add((if flags[26] { h[37] } else { QM31::ZERO })).add((if flags[27] { h[38] } else { QM31::ZERO })).add((if flags[28] { h[39] } else { QM31::ZERO })).add((if flags[29] { h[40] } else { QM31::ZERO })).add((if flags[30] { h[41] } else { QM31::ZERO })).add((if flags[31] { h[42] } else { QM31::ZERO })).add((if flags[32] { h[43] } else { QM31::ZERO })).add((if flags[33] { h[44] } else { QM31::ZERO })).add((if flags[34] { h[45] } else { QM31::ZERO })).add((if flags[35] { h[46] } else { QM31::ZERO })).add((if flags[36] { h[47] } else { QM31::ZERO })).add((if flags[37] { h[48] } else { QM31::ZERO })).add((if flags[38] { h[49] } else { QM31::ZERO })).add((if flags[39] { h[50] } else { QM31::ZERO })).add((if flags[40] { h[51] } else { QM31::ZERO })).add((if flags[41] { h[52] } else { QM31::ZERO })).add((if flags[42] { h[53] } else { QM31::ZERO }));
81 +     scratch[45]=(if flags[0] { h[33].add(h[63]).add(n[40].add(n[57])) } else { QM31::ZERO }).add((if flags[1] { n[51] } else { QM31::ZERO })).add((if flags[23] { h[34] } else { QM31::ZERO })).add((if flags[24] { h[35] } else { QM31::ZERO })).add((if flags[25] { h[36] } else { QM31::ZERO })).add((if flags[26] { h[37] } else { QM31::ZERO })).add((if flags[27] { h[38] } else { QM31::ZERO })).add((if flags[28] { h[39] } else { QM31::ZERO })).add((if flags[29] { h[40] } else { QM31::ZERO })).add((if flags[30] { h[41] } else { QM31::ZERO })).add((if flags[31] { h[42] } else { QM31::ZERO })).add((if flags[32] { h[43] } else { QM31::ZERO })).add((if flags[33] { h[44] } else { QM31::ZERO })).add((if flags[34] { h[45] } else { QM31::ZERO })).add((if flags[35] { h[46] } else { QM31::ZERO })).add((if flags[36] { h[47] } else { QM31::ZERO })).add(if flags[37] { h[48] } else { QM31::ZERO }).add((if flags[38] { h[49] } else { QM31::ZERO })).add((if flags[39] { h[50] } else { QM31::ZERO })).add((if flags[40] { h[51] } else { QM31::ZERO })).add((if flags[41] { h[52] } else { QM31::ZERO })).add((if flags[42] { h[53] } else { QM31::ZERO }));
   |

warning: unnecessary parentheses around method argument
  --> /home/dombarker/project-offloads/aspis-v8-performance-20260908.scS2Jz/crates/aspis-statement/../../docs/research/v8-no-work-100-20260907/experiments/copy_tag_shared_generated.rs:81:797
   |
81 | ...s[35] { h[46] } else { QM31::ZERO })).add((if flags[36] { h[47] } else { QM31::ZERO })).add((if flags[37] { h[48] } else { QM31::...
   |                                              ^                                          ^
   |
help: remove these parentheses
   |
81 -     scratch[45]=(if flags[0] { h[33].add(h[63]).add(n[40].add(n[57])) } else { QM31::ZERO }).add((if flags[1] { n[51] } else { QM31::ZERO })).add((if flags[23] { h[34] } else { QM31::ZERO })).add((if flags[24] { h[35] } else { QM31::ZERO })).add((if flags[25] { h[36] } else { QM31::ZERO })).add((if flags[26] { h[37] } else { QM31::ZERO })).add((if flags[27] { h[38] } else { QM31::ZERO })).add((if flags[28] { h[39] } else { QM31::ZERO })).add((if flags[29] { h[40] } else { QM31::ZERO })).add((if flags[30] { h[41] } else { QM31::ZERO })).add((if flags[31] { h[42] } else { QM31::ZERO })).add((if flags[32] { h[43] } else { QM31::ZERO })).add((if flags[33] { h[44] } else { QM31::ZERO })).add((if flags[34] { h[45] } else { QM31::ZERO })).add((if flags[35] { h[46] } else { QM31::ZERO })).add((if flags[36] { h[47] } else { QM31::ZERO })).add((if flags[37] { h[48] } else { QM31::ZERO })).add((if flags[38] { h[49] } else { QM31::ZERO })).add((if flags[39] { h[50] } else { QM31::ZERO })).add((if flags[40] { h[51] } else { QM31::ZERO })).add((if flags[41] { h[52] } else { QM31::ZERO })).add((if flags[42] { h[53] } else { QM31::ZERO }));
81 +     scratch[45]=(if flags[0] { h[33].add(h[63]).add(n[40].add(n[57])) } else { QM31::ZERO }).add((if flags[1] { n[51] } else { QM31::ZERO })).add((if flags[23] { h[34] } else { QM31::ZERO })).add((if flags[24] { h[35] } else { QM31::ZERO })).add((if flags[25] { h[36] } else { QM31::ZERO })).add((if flags[26] { h[37] } else { QM31::ZERO })).add((if flags[27] { h[38] } else { QM31::ZERO })).add((if flags[28] { h[39] } else { QM31::ZERO })).add((if flags[29] { h[40] } else { QM31::ZERO })).add((if flags[30] { h[41] } else { QM31::ZERO })).add((if flags[31] { h[42] } else { QM31::ZERO })).add((if flags[32] { h[43] } else { QM31::ZERO })).add((if flags[33] { h[44] } else { QM31::ZERO })).add((if flags[34] { h[45] } else { QM31::ZERO })).add((if flags[35] { h[46] } else { QM31::ZERO })).add(if flags[36] { h[47] } else { QM31::ZERO }).add((if flags[37] { h[48] } else { QM31::ZERO })).add((if flags[38] { h[49] } else { QM31::ZERO })).add((if flags[39] { h[50] } else { QM31::ZERO })).add((if flags[40] { h[51] } else { QM31::ZERO })).add((if flags[41] { h[52] } else { QM31::ZERO })).add((if flags[42] { h[53] } else { QM31::ZERO }));
   |

warning: unnecessary parentheses around method argument
  --> /home/dombarker/project-offloads/aspis-v8-performance-20260908.scS2Jz/crates/aspis-statement/../../docs/research/v8-no-work-100-20260907/experiments/copy_tag_shared_generated.rs:81:747
   |
81 | ...s[34] { h[45] } else { QM31::ZERO })).add((if flags[35] { h[46] } else { QM31::ZERO })).add((if flags[36] { h[47] } else { QM31::...
   |                                              ^                                          ^
   |
help: remove these parentheses
   |
81 -     scratch[45]=(if flags[0] { h[33].add(h[63]).add(n[40].add(n[57])) } else { QM31::ZERO }).add((if flags[1] { n[51] } else { QM31::ZERO })).add((if flags[23] { h[34] } else { QM31::ZERO })).add((if flags[24] { h[35] } else { QM31::ZERO })).add((if flags[25] { h[36] } else { QM31::ZERO })).add((if flags[26] { h[37] } else { QM31::ZERO })).add((if flags[27] { h[38] } else { QM31::ZERO })).add((if flags[28] { h[39] } else { QM31::ZERO })).add((if flags[29] { h[40] } else { QM31::ZERO })).add((if flags[30] { h[41] } else { QM31::ZERO })).add((if flags[31] { h[42] } else { QM31::ZERO })).add((if flags[32] { h[43] } else { QM31::ZERO })).add((if flags[33] { h[44] } else { QM31::ZERO })).add((if flags[34] { h[45] } else { QM31::ZERO })).add((if flags[35] { h[46] } else { QM31::ZERO })).add((if flags[36] { h[47] } else { QM31::ZERO })).add((if flags[37] { h[48] } else { QM31::ZERO })).add((if flags[38] { h[49] } else { QM31::ZERO })).add((if flags[39] { h[50] } else { QM31::ZERO })).add((if flags[40] { h[51] } else { QM31::ZERO })).add((if flags[41] { h[52] } else { QM31::ZERO })).add((if flags[42] { h[53] } else { QM31::ZERO }));
81 +     scratch[45]=(if flags[0] { h[33].add(h[63]).add(n[40].add(n[57])) } else { QM31::ZERO }).add((if flags[1] { n[51] } else { QM31::ZERO })).add((if flags[23] { h[34] } else { QM31::ZERO })).add((if flags[24] { h[35] } else { QM31::ZERO })).add((if flags[25] { h[36] } else { QM31::ZERO })).add((if flags[26] { h[37] } else { QM31::ZERO })).add((if flags[27] { h[38] } else { QM31::ZERO })).add((if flags[28] { h[39] } else { QM31::ZERO })).add((if flags[29] { h[40] } else { QM31::ZERO })).add((if flags[30] { h[41] } else { QM31::ZERO })).add((if flags[31] { h[42] } else { QM31::ZERO })).add((if flags[32] { h[43] } else { QM31::ZERO })).add((if flags[33] { h[44] } else { QM31::ZERO })).add((if flags[34] { h[45] } else { QM31::ZERO })).add(if flags[35] { h[46] } else { QM31::ZERO }).add((if flags[36] { h[47] } else { QM31::ZERO })).add((if flags[37] { h[48] } else { QM31::ZERO })).add((if flags[38] { h[49] } else { QM31::ZERO })).add((if flags[39] { h[50] } else { QM31::ZERO })).add((if flags[40] { h[51] } else { QM31::ZERO })).add((if flags[41] { h[52] } else { QM31::ZERO })).add((if flags[42] { h[53] } else { QM31::ZERO }));
   |

warning: unnecessary parentheses around method argument
  --> /home/dombarker/project-offloads/aspis-v8-performance-20260908.scS2Jz/crates/aspis-statement/../../docs/research/v8-no-work-100-20260907/experiments/copy_tag_shared_generated.rs:81:697
   |
81 | ...s[33] { h[44] } else { QM31::ZERO })).add((if flags[34] { h[45] } else { QM31::ZERO })).add((if flags[35] { h[46] } else { QM31::...
   |                                              ^                                          ^
   |
help: remove these parentheses
   |
81 -     scratch[45]=(if flags[0] { h[33].add(h[63]).add(n[40].add(n[57])) } else { QM31::ZERO }).add((if flags[1] { n[51] } else { QM31::ZERO })).add((if flags[23] { h[34] } else { QM31::ZERO })).add((if flags[24] { h[35] } else { QM31::ZERO })).add((if flags[25] { h[36] } else { QM31::ZERO })).add((if flags[26] { h[37] } else { QM31::ZERO })).add((if flags[27] { h[38] } else { QM31::ZERO })).add((if flags[28] { h[39] } else { QM31::ZERO })).add((if flags[29] { h[40] } else { QM31::ZERO })).add((if flags[30] { h[41] } else { QM31::ZERO })).add((if flags[31] { h[42] } else { QM31::ZERO })).add((if flags[32] { h[43] } else { QM31::ZERO })).add((if flags[33] { h[44] } else { QM31::ZERO })).add((if flags[34] { h[45] } else { QM31::ZERO })).add((if flags[35] { h[46] } else { QM31::ZERO })).add((if flags[36] { h[47] } else { QM31::ZERO })).add((if flags[37] { h[48] } else { QM31::ZERO })).add((if flags[38] { h[49] } else { QM31::ZERO })).add((if flags[39] { h[50] } else { QM31::ZERO })).add((if flags[40] { h[51] } else { QM31::ZERO })).add((if flags[41] { h[52] } else { QM31::ZERO })).add((if flags[42] { h[53] } else { QM31::ZERO }));
81 +     scratch[45]=(if flags[0] { h[33].add(h[63]).add(n[40].add(n[57])) } else { QM31::ZERO }).add((if flags[1] { n[51] } else { QM31::ZERO })).add((if flags[23] { h[34] } else { QM31::ZERO })).add((if flags[24] { h[35] } else { QM31::ZERO })).add((if flags[25] { h[36] } else { QM31::ZERO })).add((if flags[26] { h[37] } else { QM31::ZERO })).add((if flags[27] { h[38] } else { QM31::ZERO })).add((if flags[28] { h[39] } else { QM31::ZERO })).add((if flags[29] { h[40] } else { QM31::ZERO })).add((if flags[30] { h[41] } else { QM31::ZERO })).add((if flags[31] { h[42] } else { QM31::ZERO })).add((if flags[32] { h[43] } else { QM31::ZERO })).add((if flags[33] { h[44] } else { QM31::ZERO })).add(if flags[34] { h[45] } else { QM31::ZERO }).add((if flags[35] { h[46] } else { QM31::ZERO })).add((if flags[36] { h[47] } else { QM31::ZERO })).add((if flags[37] { h[48] } else { QM31::ZERO })).add((if flags[38] { h[49] } else { QM31::ZERO })).add((if flags[39] { h[50] } else { QM31::ZERO })).add((if flags[40] { h[51] } else { QM31::ZERO })).add((if flags[41] { h[52] } else { QM31::ZERO })).add((if flags[42] { h[53] } else { QM31::ZERO }));
   |

warning: unnecessary parentheses around method argument
  --> /home/dombarker/project-offloads/aspis-v8-performance-20260908.scS2Jz/crates/aspis-statement/../../docs/research/v8-no-work-100-20260907/experiments/copy_tag_shared_generated.rs:81:647
   |
81 | ...s[32] { h[43] } else { QM31::ZERO })).add((if flags[33] { h[44] } else { QM31::ZERO })).add((if flags[34] { h[45] } else { QM31::...
   |                                              ^                                          ^
   |
help: remove these parentheses
   |
81 -     scratch[45]=(if flags[0] { h[33].add(h[63]).add(n[40].add(n[57])) } else { QM31::ZERO }).add((if flags[1] { n[51] } else { QM31::ZERO })).add((if flags[23] { h[34] } else { QM31::ZERO })).add((if flags[24] { h[35] } else { QM31::ZERO })).add((if flags[25] { h[36] } else { QM31::ZERO })).add((if flags[26] { h[37] } else { QM31::ZERO })).add((if flags[27] { h[38] } else { QM31::ZERO })).add((if flags[28] { h[39] } else { QM31::ZERO })).add((if flags[29] { h[40] } else { QM31::ZERO })).add((if flags[30] { h[41] } else { QM31::ZERO })).add((if flags[31] { h[42] } else { QM31::ZERO })).add((if flags[32] { h[43] } else { QM31::ZERO })).add((if flags[33] { h[44] } else { QM31::ZERO })).add((if flags[34] { h[45] } else { QM31::ZERO })).add((if flags[35] { h[46] } else { QM31::ZERO })).add((if flags[36] { h[47] } else { QM31::ZERO })).add((if flags[37] { h[48] } else { QM31::ZERO })).add((if flags[38] { h[49] } else { QM31::ZERO })).add((if flags[39] { h[50] } else { QM31::ZERO })).add((if flags[40] { h[51] } else { QM31::ZERO })).add((if flags[41] { h[52] } else { QM31::ZERO })).add((if flags[42] { h[53] } else { QM31::ZERO }));
81 +     scratch[45]=(if flags[0] { h[33].add(h[63]).add(n[40].add(n[57])) } else { QM31::ZERO }).add((if flags[1] { n[51] } else { QM31::ZERO })).add((if flags[23] { h[34] } else { QM31::ZERO })).add((if flags[24] { h[35] } else { QM31::ZERO })).add((if flags[25] { h[36] } else { QM31::ZERO })).add((if flags[26] { h[37] } else { QM31::ZERO })).add((if flags[27] { h[38] } else { QM31::ZERO })).add((if flags[28] { h[39] } else { QM31::ZERO })).add((if flags[29] { h[40] } else { QM31::ZERO })).add((if flags[30] { h[41] } else { QM31::ZERO })).add((if flags[31] { h[42] } else { QM31::ZERO })).add((if flags[32] { h[43] } else { QM31::ZERO })).add(if flags[33] { h[44] } else { QM31::ZERO }).add((if flags[34] { h[45] } else { QM31::ZERO })).add((if flags[35] { h[46] } else { QM31::ZERO })).add((if flags[36] { h[47] } else { QM31::ZERO })).add((if flags[37] { h[48] } else { QM31::ZERO })).add((if flags[38] { h[49] } else { QM31::ZERO })).add((if flags[39] { h[50] } else { QM31::ZERO })).add((if flags[40] { h[51] } else { QM31::ZERO })).add((if flags[41] { h[52] } else { QM31::ZERO })).add((if flags[42] { h[53] } else { QM31::ZERO }));
   |

warning: unnecessary parentheses around method argument
  --> /home/dombarker/project-offloads/aspis-v8-performance-20260908.scS2Jz/crates/aspis-statement/../../docs/research/v8-no-work-100-20260907/experiments/copy_tag_shared_generated.rs:81:597
   |
81 | ...s[31] { h[42] } else { QM31::ZERO })).add((if flags[32] { h[43] } else { QM31::ZERO })).add((if flags[33] { h[44] } else { QM31::...
   |                                              ^                                          ^
   |
help: remove these parentheses
   |
81 -     scratch[45]=(if flags[0] { h[33].add(h[63]).add(n[40].add(n[57])) } else { QM31::ZERO }).add((if flags[1] { n[51] } else { QM31::ZERO })).add((if flags[23] { h[34] } else { QM31::ZERO })).add((if flags[24] { h[35] } else { QM31::ZERO })).add((if flags[25] { h[36] } else { QM31::ZERO })).add((if flags[26] { h[37] } else { QM31::ZERO })).add((if flags[27] { h[38] } else { QM31::ZERO })).add((if flags[28] { h[39] } else { QM31::ZERO })).add((if flags[29] { h[40] } else { QM31::ZERO })).add((if flags[30] { h[41] } else { QM31::ZERO })).add((if flags[31] { h[42] } else { QM31::ZERO })).add((if flags[32] { h[43] } else { QM31::ZERO })).add((if flags[33] { h[44] } else { QM31::ZERO })).add((if flags[34] { h[45] } else { QM31::ZERO })).add((if flags[35] { h[46] } else { QM31::ZERO })).add((if flags[36] { h[47] } else { QM31::ZERO })).add((if flags[37] { h[48] } else { QM31::ZERO })).add((if flags[38] { h[49] } else { QM31::ZERO })).add((if flags[39] { h[50] } else { QM31::ZERO })).add((if flags[40] { h[51] } else { QM31::ZERO })).add((if flags[41] { h[52] } else { QM31::ZERO })).add((if flags[42] { h[53] } else { QM31::ZERO }));
81 +     scratch[45]=(if flags[0] { h[33].add(h[63]).add(n[40].add(n[57])) } else { QM31::ZERO }).add((if flags[1] { n[51] } else { QM31::ZERO })).add((if flags[23] { h[34] } else { QM31::ZERO })).add((if flags[24] { h[35] } else { QM31::ZERO })).add((if flags[25] { h[36] } else { QM31::ZERO })).add((if flags[26] { h[37] } else { QM31::ZERO })).add((if flags[27] { h[38] } else { QM31::ZERO })).add((if flags[28] { h[39] } else { QM31::ZERO })).add((if flags[29] { h[40] } else { QM31::ZERO })).add((if flags[30] { h[41] } else { QM31::ZERO })).add((if flags[31] { h[42] } else { QM31::ZERO })).add(if flags[32] { h[43] } else { QM31::ZERO }).add((if flags[33] { h[44] } else { QM31::ZERO })).add((if flags[34] { h[45] } else { QM31::ZERO })).add((if flags[35] { h[46] } else { QM31::ZERO })).add((if flags[36] { h[47] } else { QM31::ZERO })).add((if flags[37] { h[48] } else { QM31::ZERO })).add((if flags[38] { h[49] } else { QM31::ZERO })).add((if flags[39] { h[50] } else { QM31::ZERO })).add((if flags[40] { h[51] } else { QM31::ZERO })).add((if flags[41] { h[52] } else { QM31::ZERO })).add((if flags[42] { h[53] } else { QM31::ZERO }));
   |

warning: unnecessary parentheses around method argument
  --> /home/dombarker/project-offloads/aspis-v8-performance-20260908.scS2Jz/crates/aspis-statement/../../docs/research/v8-no-work-100-20260907/experiments/copy_tag_shared_generated.rs:81:547
   |
81 | ...s[30] { h[41] } else { QM31::ZERO })).add((if flags[31] { h[42] } else { QM31::ZERO })).add((if flags[32] { h[43] } else { QM31::...
   |                                              ^                                          ^
   |
help: remove these parentheses
   |
81 -     scratch[45]=(if flags[0] { h[33].add(h[63]).add(n[40].add(n[57])) } else { QM31::ZERO }).add((if flags[1] { n[51] } else { QM31::ZERO })).add((if flags[23] { h[34] } else { QM31::ZERO })).add((if flags[24] { h[35] } else { QM31::ZERO })).add((if flags[25] { h[36] } else { QM31::ZERO })).add((if flags[26] { h[37] } else { QM31::ZERO })).add((if flags[27] { h[38] } else { QM31::ZERO })).add((if flags[28] { h[39] } else { QM31::ZERO })).add((if flags[29] { h[40] } else { QM31::ZERO })).add((if flags[30] { h[41] } else { QM31::ZERO })).add((if flags[31] { h[42] } else { QM31::ZERO })).add((if flags[32] { h[43] } else { QM31::ZERO })).add((if flags[33] { h[44] } else { QM31::ZERO })).add((if flags[34] { h[45] } else { QM31::ZERO })).add((if flags[35] { h[46] } else { QM31::ZERO })).add((if flags[36] { h[47] } else { QM31::ZERO })).add((if flags[37] { h[48] } else { QM31::ZERO })).add((if flags[38] { h[49] } else { QM31::ZERO })).add((if flags[39] { h[50] } else { QM31::ZERO })).add((if flags[40] { h[51] } else { QM31::ZERO })).add((if flags[41] { h[52] } else { QM31::ZERO })).add((if flags[42] { h[53] } else { QM31::ZERO }));
81 +     scratch[45]=(if flags[0] { h[33].add(h[63]).add(n[40].add(n[57])) } else { QM31::ZERO }).add((if flags[1] { n[51] } else { QM31::ZERO })).add((if flags[23] { h[34] } else { QM31::ZERO })).add((if flags[24] { h[35] } else { QM31::ZERO })).add((if flags[25] { h[36] } else { QM31::ZERO })).add((if flags[26] { h[37] } else { QM31::ZERO })).add((if flags[27] { h[38] } else { QM31::ZERO })).add((if flags[28] { h[39] } else { QM31::ZERO })).add((if flags[29] { h[40] } else { QM31::ZERO })).add((if flags[30] { h[41] } else { QM31::ZERO })).add(if flags[31] { h[42] } else { QM31::ZERO }).add((if flags[32] { h[43] } else { QM31::ZERO })).add((if flags[33] { h[44] } else { QM31::ZERO })).add((if flags[34] { h[45] } else { QM31::ZERO })).add((if flags[35] { h[46] } else { QM31::ZERO })).add((if flags[36] { h[47] } else { QM31::ZERO })).add((if flags[37] { h[48] } else { QM31::ZERO })).add((if flags[38] { h[49] } else { QM31::ZERO })).add((if flags[39] { h[50] } else { QM31::ZERO })).add((if flags[40] { h[51] } else { QM31::ZERO })).add((if flags[41] { h[52] } else { QM31::ZERO })).add((if flags[42] { h[53] } else { QM31::ZERO }));
   |

warning: unnecessary parentheses around method argument
  --> /home/dombarker/project-offloads/aspis-v8-performance-20260908.scS2Jz/crates/aspis-statement/../../docs/research/v8-no-work-100-20260907/experiments/copy_tag_shared_generated.rs:81:497
   |
81 | ...s[29] { h[40] } else { QM31::ZERO })).add((if flags[30] { h[41] } else { QM31::ZERO })).add((if flags[31] { h[42] } else { QM31::...
   |                                              ^                                          ^
   |
help: remove these parentheses
   |
81 -     scratch[45]=(if flags[0] { h[33].add(h[63]).add(n[40].add(n[57])) } else { QM31::ZERO }).add((if flags[1] { n[51] } else { QM31::ZERO })).add((if flags[23] { h[34] } else { QM31::ZERO })).add((if flags[24] { h[35] } else { QM31::ZERO })).add((if flags[25] { h[36] } else { QM31::ZERO })).add((if flags[26] { h[37] } else { QM31::ZERO })).add((if flags[27] { h[38] } else { QM31::ZERO })).add((if flags[28] { h[39] } else { QM31::ZERO })).add((if flags[29] { h[40] } else { QM31::ZERO })).add((if flags[30] { h[41] } else { QM31::ZERO })).add((if flags[31] { h[42] } else { QM31::ZERO })).add((if flags[32] { h[43] } else { QM31::ZERO })).add((if flags[33] { h[44] } else { QM31::ZERO })).add((if flags[34] { h[45] } else { QM31::ZERO })).add((if flags[35] { h[46] } else { QM31::ZERO })).add((if flags[36] { h[47] } else { QM31::ZERO })).add((if flags[37] { h[48] } else { QM31::ZERO })).add((if flags[38] { h[49] } else { QM31::ZERO })).add((if flags[39] { h[50] } else { QM31::ZERO })).add((if flags[40] { h[51] } else { QM31::ZERO })).add((if flags[41] { h[52] } else { QM31::ZERO })).add((if flags[42] { h[53] } else { QM31::ZERO }));
81 +     scratch[45]=(if flags[0] { h[33].add(h[63]).add(n[40].add(n[57])) } else { QM31::ZERO }).add((if flags[1] { n[51] } else { QM31::ZERO })).add((if flags[23] { h[34] } else { QM31::ZERO })).add((if flags[24] { h[35] } else { QM31::ZERO })).add((if flags[25] { h[36] } else { QM31::ZERO })).add((if flags[26] { h[37] } else { QM31::ZERO })).add((if flags[27] { h[38] } else { QM31::ZERO })).add((if flags[28] { h[39] } else { QM31::ZERO })).add((if flags[29] { h[40] } else { QM31::ZERO })).add(if flags[30] { h[41] } else { QM31::ZERO }).add((if flags[31] { h[42] } else { QM31::ZERO })).add((if flags[32] { h[43] } else { QM31::ZERO })).add((if flags[33] { h[44] } else { QM31::ZERO })).add((if flags[34] { h[45] } else { QM31::ZERO })).add((if flags[35] { h[46] } else { QM31::ZERO })).add((if flags[36] { h[47] } else { QM31::ZERO })).add((if flags[37] { h[48] } else { QM31::ZERO })).add((if flags[38] { h[49] } else { QM31::ZERO })).add((if flags[39] { h[50] } else { QM31::ZERO })).add((if flags[40] { h[51] } else { QM31::ZERO })).add((if flags[41] { h[52] } else { QM31::ZERO })).add((if flags[42] { h[53] } else { QM31::ZERO }));
   |

warning: unnecessary parentheses around method argument
  --> /home/dombarker/project-offloads/aspis-v8-performance-20260908.scS2Jz/crates/aspis-statement/../../docs/research/v8-no-work-100-20260907/experiments/copy_tag_shared_generated.rs:81:447
   |
81 | ...s[28] { h[39] } else { QM31::ZERO })).add((if flags[29] { h[40] } else { QM31::ZERO })).add((if flags[30] { h[41] } else { QM31::...
   |                                              ^                                          ^
   |
help: remove these parentheses
   |
81 -     scratch[45]=(if flags[0] { h[33].add(h[63]).add(n[40].add(n[57])) } else { QM31::ZERO }).add((if flags[1] { n[51] } else { QM31::ZERO })).add((if flags[23] { h[34] } else { QM31::ZERO })).add((if flags[24] { h[35] } else { QM31::ZERO })).add((if flags[25] { h[36] } else { QM31::ZERO })).add((if flags[26] { h[37] } else { QM31::ZERO })).add((if flags[27] { h[38] } else { QM31::ZERO })).add((if flags[28] { h[39] } else { QM31::ZERO })).add((if flags[29] { h[40] } else { QM31::ZERO })).add((if flags[30] { h[41] } else { QM31::ZERO })).add((if flags[31] { h[42] } else { QM31::ZERO })).add((if flags[32] { h[43] } else { QM31::ZERO })).add((if flags[33] { h[44] } else { QM31::ZERO })).add((if flags[34] { h[45] } else { QM31::ZERO })).add((if flags[35] { h[46] } else { QM31::ZERO })).add((if flags[36] { h[47] } else { QM31::ZERO })).add((if flags[37] { h[48] } else { QM31::ZERO })).add((if flags[38] { h[49] } else { QM31::ZERO })).add((if flags[39] { h[50] } else { QM31::ZERO })).add((if flags[40] { h[51] } else { QM31::ZERO })).add((if flags[41] { h[52] } else { QM31::ZERO })).add((if flags[42] { h[53] } else { QM31::ZERO }));
81 +     scratch[45]=(if flags[0] { h[33].add(h[63]).add(n[40].add(n[57])) } else { QM31::ZERO }).add((if flags[1] { n[51] } else { QM31::ZERO })).add((if flags[23] { h[34] } else { QM31::ZERO })).add((if flags[24] { h[35] } else { QM31::ZERO })).add((if flags[25] { h[36] } else { QM31::ZERO })).add((if flags[26] { h[37] } else { QM31::ZERO })).add((if flags[27] { h[38] } else { QM31::ZERO })).add((if flags[28] { h[39] } else { QM31::ZERO })).add(if flags[29] { h[40] } else { QM31::ZERO }).add((if flags[30] { h[41] } else { QM31::ZERO })).add((if flags[31] { h[42] } else { QM31::ZERO })).add((if flags[32] { h[43] } else { QM31::ZERO })).add((if flags[33] { h[44] } else { QM31::ZERO })).add((if flags[34] { h[45] } else { QM31::ZERO })).add((if flags[35] { h[46] } else { QM31::ZERO })).add((if flags[36] { h[47] } else { QM31::ZERO })).add((if flags[37] { h[48] } else { QM31::ZERO })).add((if flags[38] { h[49] } else { QM31::ZERO })).add((if flags[39] { h[50] } else { QM31::ZERO })).add((if flags[40] { h[51] } else { QM31::ZERO })).add((if flags[41] { h[52] } else { QM31::ZERO })).add((if flags[42] { h[53] } else { QM31::ZERO }));
   |

warning: unnecessary parentheses around method argument
  --> /home/dombarker/project-offloads/aspis-v8-performance-20260908.scS2Jz/crates/aspis-statement/../../docs/research/v8-no-work-100-20260907/experiments/copy_tag_shared_generated.rs:81:397
   |
81 | ...s[27] { h[38] } else { QM31::ZERO })).add((if flags[28] { h[39] } else { QM31::ZERO })).add((if flags[29] { h[40] } else { QM31::...
   |                                              ^                                          ^
   |
help: remove these parentheses
   |
81 -     scratch[45]=(if flags[0] { h[33].add(h[63]).add(n[40].add(n[57])) } else { QM31::ZERO }).add((if flags[1] { n[51] } else { QM31::ZERO })).add((if flags[23] { h[34] } else { QM31::ZERO })).add((if flags[24] { h[35] } else { QM31::ZERO })).add((if flags[25] { h[36] } else { QM31::ZERO })).add((if flags[26] { h[37] } else { QM31::ZERO })).add((if flags[27] { h[38] } else { QM31::ZERO })).add((if flags[28] { h[39] } else { QM31::ZERO })).add((if flags[29] { h[40] } else { QM31::ZERO })).add((if flags[30] { h[41] } else { QM31::ZERO })).add((if flags[31] { h[42] } else { QM31::ZERO })).add((if flags[32] { h[43] } else { QM31::ZERO })).add((if flags[33] { h[44] } else { QM31::ZERO })).add((if flags[34] { h[45] } else { QM31::ZERO })).add((if flags[35] { h[46] } else { QM31::ZERO })).add((if flags[36] { h[47] } else { QM31::ZERO })).add((if flags[37] { h[48] } else { QM31::ZERO })).add((if flags[38] { h[49] } else { QM31::ZERO })).add((if flags[39] { h[50] } else { QM31::ZERO })).add((if flags[40] { h[51] } else { QM31::ZERO })).add((if flags[41] { h[52] } else { QM31::ZERO })).add((if flags[42] { h[53] } else { QM31::ZERO }));
81 +     scratch[45]=(if flags[0] { h[33].add(h[63]).add(n[40].add(n[57])) } else { QM31::ZERO }).add((if flags[1] { n[51] } else { QM31::ZERO })).add((if flags[23] { h[34] } else { QM31::ZERO })).add((if flags[24] { h[35] } else { QM31::ZERO })).add((if flags[25] { h[36] } else { QM31::ZERO })).add((if flags[26] { h[37] } else { QM31::ZERO })).add((if flags[27] { h[38] } else { QM31::ZERO })).add(if flags[28] { h[39] } else { QM31::ZERO }).add((if flags[29] { h[40] } else { QM31::ZERO })).add((if flags[30] { h[41] } else { QM31::ZERO })).add((if flags[31] { h[42] } else { QM31::ZERO })).add((if flags[32] { h[43] } else { QM31::ZERO })).add((if flags[33] { h[44] } else { QM31::ZERO })).add((if flags[34] { h[45] } else { QM31::ZERO })).add((if flags[35] { h[46] } else { QM31::ZERO })).add((if flags[36] { h[47] } else { QM31::ZERO })).add((if flags[37] { h[48] } else { QM31::ZERO })).add((if flags[38] { h[49] } else { QM31::ZERO })).add((if flags[39] { h[50] } else { QM31::ZERO })).add((if flags[40] { h[51] } else { QM31::ZERO })).add((if flags[41] { h[52] } else { QM31::ZERO })).add((if flags[42] { h[53] } else { QM31::ZERO }));
   |

warning: unnecessary parentheses around method argument
  --> /home/dombarker/project-offloads/aspis-v8-performance-20260908.scS2Jz/crates/aspis-statement/../../docs/research/v8-no-work-100-20260907/experiments/copy_tag_shared_generated.rs:81:347
   |
81 | ...s[26] { h[37] } else { QM31::ZERO })).add((if flags[27] { h[38] } else { QM31::ZERO })).add((if flags[28] { h[39] } else { QM31::...
   |                                              ^                                          ^
   |
help: remove these parentheses
   |
81 -     scratch[45]=(if flags[0] { h[33].add(h[63]).add(n[40].add(n[57])) } else { QM31::ZERO }).add((if flags[1] { n[51] } else { QM31::ZERO })).add((if flags[23] { h[34] } else { QM31::ZERO })).add((if flags[24] { h[35] } else { QM31::ZERO })).add((if flags[25] { h[36] } else { QM31::ZERO })).add((if flags[26] { h[37] } else { QM31::ZERO })).add((if flags[27] { h[38] } else { QM31::ZERO })).add((if flags[28] { h[39] } else { QM31::ZERO })).add((if flags[29] { h[40] } else { QM31::ZERO })).add((if flags[30] { h[41] } else { QM31::ZERO })).add((if flags[31] { h[42] } else { QM31::ZERO })).add((if flags[32] { h[43] } else { QM31::ZERO })).add((if flags[33] { h[44] } else { QM31::ZERO })).add((if flags[34] { h[45] } else { QM31::ZERO })).add((if flags[35] { h[46] } else { QM31::ZERO })).add((if flags[36] { h[47] } else { QM31::ZERO })).add((if flags[37] { h[48] } else { QM31::ZERO })).add((if flags[38] { h[49] } else { QM31::ZERO })).add((if flags[39] { h[50] } else { QM31::ZERO })).add((if flags[40] { h[51] } else { QM31::ZERO })).add((if flags[41] { h[52] } else { QM31::ZERO })).add((if flags[42] { h[53] } else { QM31::ZERO }));
81 +     scratch[45]=(if flags[0] { h[33].add(h[63]).add(n[40].add(n[57])) } else { QM31::ZERO }).add((if flags[1] { n[51] } else { QM31::ZERO })).add((if flags[23] { h[34] } else { QM31::ZERO })).add((if flags[24] { h[35] } else { QM31::ZERO })).add((if flags[25] { h[36] } else { QM31::ZERO })).add((if flags[26] { h[37] } else { QM31::ZERO })).add(if flags[27] { h[38] } else { QM31::ZERO }).add((if flags[28] { h[39] } else { QM31::ZERO })).add((if flags[29] { h[40] } else { QM31::ZERO })).add((if flags[30] { h[41] } else { QM31::ZERO })).add((if flags[31] { h[42] } else { QM31::ZERO })).add((if flags[32] { h[43] } else { QM31::ZERO })).add((if flags[33] { h[44] } else { QM31::ZERO })).add((if flags[34] { h[45] } else { QM31::ZERO })).add((if flags[35] { h[46] } else { QM31::ZERO })).add((if flags[36] { h[47] } else { QM31::ZERO })).add((if flags[37] { h[48] } else { QM31::ZERO })).add((if flags[38] { h[49] } else { QM31::ZERO })).add((if flags[39] { h[50] } else { QM31::ZERO })).add((if flags[40] { h[51] } else { QM31::ZERO })).add((if flags[41] { h[52] } else { QM31::ZERO })).add((if flags[42] { h[53] } else { QM31::ZERO }));
   |

warning: unnecessary parentheses around method argument
  --> /home/dombarker/project-offloads/aspis-v8-performance-20260908.scS2Jz/crates/aspis-statement/../../docs/research/v8-no-work-100-20260907/experiments/copy_tag_shared_generated.rs:81:297
   |
81 | ...s[25] { h[36] } else { QM31::ZERO })).add((if flags[26] { h[37] } else { QM31::ZERO })).add((if flags[27] { h[38] } else { QM31::...
   |                                              ^                                          ^
   |
help: remove these parentheses
   |
81 -     scratch[45]=(if flags[0] { h[33].add(h[63]).add(n[40].add(n[57])) } else { QM31::ZERO }).add((if flags[1] { n[51] } else { QM31::ZERO })).add((if flags[23] { h[34] } else { QM31::ZERO })).add((if flags[24] { h[35] } else { QM31::ZERO })).add((if flags[25] { h[36] } else { QM31::ZERO })).add((if flags[26] { h[37] } else { QM31::ZERO })).add((if flags[27] { h[38] } else { QM31::ZERO })).add((if flags[28] { h[39] } else { QM31::ZERO })).add((if flags[29] { h[40] } else { QM31::ZERO })).add((if flags[30] { h[41] } else { QM31::ZERO })).add((if flags[31] { h[42] } else { QM31::ZERO })).add((if flags[32] { h[43] } else { QM31::ZERO })).add((if flags[33] { h[44] } else { QM31::ZERO })).add((if flags[34] { h[45] } else { QM31::ZERO })).add((if flags[35] { h[46] } else { QM31::ZERO })).add((if flags[36] { h[47] } else { QM31::ZERO })).add((if flags[37] { h[48] } else { QM31::ZERO })).add((if flags[38] { h[49] } else { QM31::ZERO })).add((if flags[39] { h[50] } else { QM31::ZERO })).add((if flags[40] { h[51] } else { QM31::ZERO })).add((if flags[41] { h[52] } else { QM31::ZERO })).add((if flags[42] { h[53] } else { QM31::ZERO }));
81 +     scratch[45]=(if flags[0] { h[33].add(h[63]).add(n[40].add(n[57])) } else { QM31::ZERO }).add((if flags[1] { n[51] } else { QM31::ZERO })).add((if flags[23] { h[34] } else { QM31::ZERO })).add((if flags[24] { h[35] } else { QM31::ZERO })).add((if flags[25] { h[36] } else { QM31::ZERO })).add(if flags[26] { h[37] } else { QM31::ZERO }).add((if flags[27] { h[38] } else { QM31::ZERO })).add((if flags[28] { h[39] } else { QM31::ZERO })).add((if flags[29] { h[40] } else { QM31::ZERO })).add((if flags[30] { h[41] } else { QM31::ZERO })).add((if flags[31] { h[42] } else { QM31::ZERO })).add((if flags[32] { h[43] } else { QM31::ZERO })).add((if flags[33] { h[44] } else { QM31::ZERO })).add((if flags[34] { h[45] } else { QM31::ZERO })).add((if flags[35] { h[46] } else { QM31::ZERO })).add((if flags[36] { h[47] } else { QM31::ZERO })).add((if flags[37] { h[48] } else { QM31::ZERO })).add((if flags[38] { h[49] } else { QM31::ZERO })).add((if flags[39] { h[50] } else { QM31::ZERO })).add((if flags[40] { h[51] } else { QM31::ZERO })).add((if flags[41] { h[52] } else { QM31::ZERO })).add((if flags[42] { h[53] } else { QM31::ZERO }));
   |

warning: unnecessary parentheses around method argument
  --> /home/dombarker/project-offloads/aspis-v8-performance-20260908.scS2Jz/crates/aspis-statement/../../docs/research/v8-no-work-100-20260907/experiments/copy_tag_shared_generated.rs:81:247
   |
81 | ...s[24] { h[35] } else { QM31::ZERO })).add((if flags[25] { h[36] } else { QM31::ZERO })).add((if flags[26] { h[37] } else { QM31::...
   |                                              ^                                          ^
   |
help: remove these parentheses
   |
81 -     scratch[45]=(if flags[0] { h[33].add(h[63]).add(n[40].add(n[57])) } else { QM31::ZERO }).add((if flags[1] { n[51] } else { QM31::ZERO })).add((if flags[23] { h[34] } else { QM31::ZERO })).add((if flags[24] { h[35] } else { QM31::ZERO })).add((if flags[25] { h[36] } else { QM31::ZERO })).add((if flags[26] { h[37] } else { QM31::ZERO })).add((if flags[27] { h[38] } else { QM31::ZERO })).add((if flags[28] { h[39] } else { QM31::ZERO })).add((if flags[29] { h[40] } else { QM31::ZERO })).add((if flags[30] { h[41] } else { QM31::ZERO })).add((if flags[31] { h[42] } else { QM31::ZERO })).add((if flags[32] { h[43] } else { QM31::ZERO })).add((if flags[33] { h[44] } else { QM31::ZERO })).add((if flags[34] { h[45] } else { QM31::ZERO })).add((if flags[35] { h[46] } else { QM31::ZERO })).add((if flags[36] { h[47] } else { QM31::ZERO })).add((if flags[37] { h[48] } else { QM31::ZERO })).add((if flags[38] { h[49] } else { QM31::ZERO })).add((if flags[39] { h[50] } else { QM31::ZERO })).add((if flags[40] { h[51] } else { QM31::ZERO })).add((if flags[41] { h[52] } else { QM31::ZERO })).add((if flags[42] { h[53] } else { QM31::ZERO }));
81 +     scratch[45]=(if flags[0] { h[33].add(h[63]).add(n[40].add(n[57])) } else { QM31::ZERO }).add((if flags[1] { n[51] } else { QM31::ZERO })).add((if flags[23] { h[34] } else { QM31::ZERO })).add((if flags[24] { h[35] } else { QM31::ZERO })).add(if flags[25] { h[36] } else { QM31::ZERO }).add((if flags[26] { h[37] } else { QM31::ZERO })).add((if flags[27] { h[38] } else { QM31::ZERO })).add((if flags[28] { h[39] } else { QM31::ZERO })).add((if flags[29] { h[40] } else { QM31::ZERO })).add((if flags[30] { h[41] } else { QM31::ZERO })).add((if flags[31] { h[42] } else { QM31::ZERO })).add((if flags[32] { h[43] } else { QM31::ZERO })).add((if flags[33] { h[44] } else { QM31::ZERO })).add((if flags[34] { h[45] } else { QM31::ZERO })).add((if flags[35] { h[46] } else { QM31::ZERO })).add((if flags[36] { h[47] } else { QM31::ZERO })).add((if flags[37] { h[48] } else { QM31::ZERO })).add((if flags[38] { h[49] } else { QM31::ZERO })).add((if flags[39] { h[50] } else { QM31::ZERO })).add((if flags[40] { h[51] } else { QM31::ZERO })).add((if flags[41] { h[52] } else { QM31::ZERO })).add((if flags[42] { h[53] } else { QM31::ZERO }));
   |

warning: unnecessary parentheses around method argument
  --> /home/dombarker/project-offloads/aspis-v8-performance-20260908.scS2Jz/crates/aspis-statement/../../docs/research/v8-no-work-100-20260907/experiments/copy_tag_shared_generated.rs:81:197
   |
81 | ...s[23] { h[34] } else { QM31::ZERO })).add((if flags[24] { h[35] } else { QM31::ZERO })).add((if flags[25] { h[36] } else { QM31::...
   |                                              ^                                          ^
   |
help: remove these parentheses
   |
81 -     scratch[45]=(if flags[0] { h[33].add(h[63]).add(n[40].add(n[57])) } else { QM31::ZERO }).add((if flags[1] { n[51] } else { QM31::ZERO })).add((if flags[23] { h[34] } else { QM31::ZERO })).add((if flags[24] { h[35] } else { QM31::ZERO })).add((if flags[25] { h[36] } else { QM31::ZERO })).add((if flags[26] { h[37] } else { QM31::ZERO })).add((if flags[27] { h[38] } else { QM31::ZERO })).add((if flags[28] { h[39] } else { QM31::ZERO })).add((if flags[29] { h[40] } else { QM31::ZERO })).add((if flags[30] { h[41] } else { QM31::ZERO })).add((if flags[31] { h[42] } else { QM31::ZERO })).add((if flags[32] { h[43] } else { QM31::ZERO })).add((if flags[33] { h[44] } else { QM31::ZERO })).add((if flags[34] { h[45] } else { QM31::ZERO })).add((if flags[35] { h[46] } else { QM31::ZERO })).add((if flags[36] { h[47] } else { QM31::ZERO })).add((if flags[37] { h[48] } else { QM31::ZERO })).add((if flags[38] { h[49] } else { QM31::ZERO })).add((if flags[39] { h[50] } else { QM31::ZERO })).add((if flags[40] { h[51] } else { QM31::ZERO })).add((if flags[41] { h[52] } else { QM31::ZERO })).add((if flags[42] { h[53] } else { QM31::ZERO }));
81 +     scratch[45]=(if flags[0] { h[33].add(h[63]).add(n[40].add(n[57])) } else { QM31::ZERO }).add((if flags[1] { n[51] } else { QM31::ZERO })).add((if flags[23] { h[34] } else { QM31::ZERO })).add(if flags[24] { h[35] } else { QM31::ZERO }).add((if flags[25] { h[36] } else { QM31::ZERO })).add((if flags[26] { h[37] } else { QM31::ZERO })).add((if flags[27] { h[38] } else { QM31::ZERO })).add((if flags[28] { h[39] } else { QM31::ZERO })).add((if flags[29] { h[40] } else { QM31::ZERO })).add((if flags[30] { h[41] } else { QM31::ZERO })).add((if flags[31] { h[42] } else { QM31::ZERO })).add((if flags[32] { h[43] } else { QM31::ZERO })).add((if flags[33] { h[44] } else { QM31::ZERO })).add((if flags[34] { h[45] } else { QM31::ZERO })).add((if flags[35] { h[46] } else { QM31::ZERO })).add((if flags[36] { h[47] } else { QM31::ZERO })).add((if flags[37] { h[48] } else { QM31::ZERO })).add((if flags[38] { h[49] } else { QM31::ZERO })).add((if flags[39] { h[50] } else { QM31::ZERO })).add((if flags[40] { h[51] } else { QM31::ZERO })).add((if flags[41] { h[52] } else { QM31::ZERO })).add((if flags[42] { h[53] } else { QM31::ZERO }));
   |

warning: unnecessary parentheses around method argument
  --> /home/dombarker/project-offloads/aspis-v8-performance-20260908.scS2Jz/crates/aspis-statement/../../docs/research/v8-no-work-100-20260907/experiments/copy_tag_shared_generated.rs:81:147
   |
81 | ...gs[1] { n[51] } else { QM31::ZERO })).add((if flags[23] { h[34] } else { QM31::ZERO })).add((if flags[24] { h[35] } else { QM31::...
   |                                              ^                                          ^
   |
help: remove these parentheses
   |
81 -     scratch[45]=(if flags[0] { h[33].add(h[63]).add(n[40].add(n[57])) } else { QM31::ZERO }).add((if flags[1] { n[51] } else { QM31::ZERO })).add((if flags[23] { h[34] } else { QM31::ZERO })).add((if flags[24] { h[35] } else { QM31::ZERO })).add((if flags[25] { h[36] } else { QM31::ZERO })).add((if flags[26] { h[37] } else { QM31::ZERO })).add((if flags[27] { h[38] } else { QM31::ZERO })).add((if flags[28] { h[39] } else { QM31::ZERO })).add((if flags[29] { h[40] } else { QM31::ZERO })).add((if flags[30] { h[41] } else { QM31::ZERO })).add((if flags[31] { h[42] } else { QM31::ZERO })).add((if flags[32] { h[43] } else { QM31::ZERO })).add((if flags[33] { h[44] } else { QM31::ZERO })).add((if flags[34] { h[45] } else { QM31::ZERO })).add((if flags[35] { h[46] } else { QM31::ZERO })).add((if flags[36] { h[47] } else { QM31::ZERO })).add((if flags[37] { h[48] } else { QM31::ZERO })).add((if flags[38] { h[49] } else { QM31::ZERO })).add((if flags[39] { h[50] } else { QM31::ZERO })).add((if flags[40] { h[51] } else { QM31::ZERO })).add((if flags[41] { h[52] } else { QM31::ZERO })).add((if flags[42] { h[53] } else { QM31::ZERO }));
81 +     scratch[45]=(if flags[0] { h[33].add(h[63]).add(n[40].add(n[57])) } else { QM31::ZERO }).add((if flags[1] { n[51] } else { QM31::ZERO })).add(if flags[23] { h[34] } else { QM31::ZERO }).add((if flags[24] { h[35] } else { QM31::ZERO })).add((if flags[25] { h[36] } else { QM31::ZERO })).add((if flags[26] { h[37] } else { QM31::ZERO })).add((if flags[27] { h[38] } else { QM31::ZERO })).add((if flags[28] { h[39] } else { QM31::ZERO })).add((if flags[29] { h[40] } else { QM31::ZERO })).add((if flags[30] { h[41] } else { QM31::ZERO })).add((if flags[31] { h[42] } else { QM31::ZERO })).add((if flags[32] { h[43] } else { QM31::ZERO })).add((if flags[33] { h[44] } else { QM31::ZERO })).add((if flags[34] { h[45] } else { QM31::ZERO })).add((if flags[35] { h[46] } else { QM31::ZERO })).add((if flags[36] { h[47] } else { QM31::ZERO })).add((if flags[37] { h[48] } else { QM31::ZERO })).add((if flags[38] { h[49] } else { QM31::ZERO })).add((if flags[39] { h[50] } else { QM31::ZERO })).add((if flags[40] { h[51] } else { QM31::ZERO })).add((if flags[41] { h[52] } else { QM31::ZERO })).add((if flags[42] { h[53] } else { QM31::ZERO }));
   |

warning: unnecessary parentheses around method argument
  --> /home/dombarker/project-offloads/aspis-v8-performance-20260908.scS2Jz/crates/aspis-statement/../../docs/research/v8-no-work-100-20260907/experiments/copy_tag_shared_generated.rs:81:98
   |
81 | ...40].add(n[57])) } else { QM31::ZERO }).add((if flags[1] { n[51] } else { QM31::ZERO })).add((if flags[23] { h[34] } else { QM31::...
   |                                               ^                                         ^
   |
help: remove these parentheses
   |
81 -     scratch[45]=(if flags[0] { h[33].add(h[63]).add(n[40].add(n[57])) } else { QM31::ZERO }).add((if flags[1] { n[51] } else { QM31::ZERO })).add((if flags[23] { h[34] } else { QM31::ZERO })).add((if flags[24] { h[35] } else { QM31::ZERO })).add((if flags[25] { h[36] } else { QM31::ZERO })).add((if flags[26] { h[37] } else { QM31::ZERO })).add((if flags[27] { h[38] } else { QM31::ZERO })).add((if flags[28] { h[39] } else { QM31::ZERO })).add((if flags[29] { h[40] } else { QM31::ZERO })).add((if flags[30] { h[41] } else { QM31::ZERO })).add((if flags[31] { h[42] } else { QM31::ZERO })).add((if flags[32] { h[43] } else { QM31::ZERO })).add((if flags[33] { h[44] } else { QM31::ZERO })).add((if flags[34] { h[45] } else { QM31::ZERO })).add((if flags[35] { h[46] } else { QM31::ZERO })).add((if flags[36] { h[47] } else { QM31::ZERO })).add((if flags[37] { h[48] } else { QM31::ZERO })).add((if flags[38] { h[49] } else { QM31::ZERO })).add((if flags[39] { h[50] } else { QM31::ZERO })).add((if flags[40] { h[51] } else { QM31::ZERO })).add((if flags[41] { h[52] } else { QM31::ZERO })).add((if flags[42] { h[53] } else { QM31::ZERO }));
81 +     scratch[45]=(if flags[0] { h[33].add(h[63]).add(n[40].add(n[57])) } else { QM31::ZERO }).add(if flags[1] { n[51] } else { QM31::ZERO }).add((if flags[23] { h[34] } else { QM31::ZERO })).add((if flags[24] { h[35] } else { QM31::ZERO })).add((if flags[25] { h[36] } else { QM31::ZERO })).add((if flags[26] { h[37] } else { QM31::ZERO })).add((if flags[27] { h[38] } else { QM31::ZERO })).add((if flags[28] { h[39] } else { QM31::ZERO })).add((if flags[29] { h[40] } else { QM31::ZERO })).add((if flags[30] { h[41] } else { QM31::ZERO })).add((if flags[31] { h[42] } else { QM31::ZERO })).add((if flags[32] { h[43] } else { QM31::ZERO })).add((if flags[33] { h[44] } else { QM31::ZERO })).add((if flags[34] { h[45] } else { QM31::ZERO })).add((if flags[35] { h[46] } else { QM31::ZERO })).add((if flags[36] { h[47] } else { QM31::ZERO })).add((if flags[37] { h[48] } else { QM31::ZERO })).add((if flags[38] { h[49] } else { QM31::ZERO })).add((if flags[39] { h[50] } else { QM31::ZERO })).add((if flags[40] { h[51] } else { QM31::ZERO })).add((if flags[41] { h[52] } else { QM31::ZERO })).add((if flags[42] { h[53] } else { QM31::ZERO }));
   |

warning: unnecessary parentheses around assigned value
  --> /home/dombarker/project-offloads/aspis-v8-performance-20260908.scS2Jz/crates/aspis-statement/../../docs/research/v8-no-work-100-20260907/experiments/copy_tag_shared_generated.rs:82:17
   |
82 |     scratch[46]=(if flags[0] { n[4] } else { QM31::ZERO });
   |                 ^                                        ^
   |
help: remove these parentheses
   |
82 -     scratch[46]=(if flags[0] { n[4] } else { QM31::ZERO });
82 +     scratch[46]=if flags[0] { n[4] } else { QM31::ZERO };
   |

warning: unnecessary parentheses around assigned value
  --> /home/dombarker/project-offloads/aspis-v8-performance-20260908.scS2Jz/crates/aspis-statement/../../docs/research/v8-no-work-100-20260907/experiments/copy_tag_shared_generated.rs:83:17
   |
83 |     scratch[47]=(if flags[1] { h[63] } else { QM31::ZERO });
   |                 ^                                         ^
   |
help: remove these parentheses
   |
83 -     scratch[47]=(if flags[1] { h[63] } else { QM31::ZERO });
83 +     scratch[47]=if flags[1] { h[63] } else { QM31::ZERO };
   |

warning: unnecessary parentheses around assigned value
  --> /home/dombarker/project-offloads/aspis-v8-performance-20260908.scS2Jz/crates/aspis-statement/../../docs/research/v8-no-work-100-20260907/experiments/copy_tag_shared_generated.rs:84:17
   |
84 |     scratch[48]=(if flags[0] { h[63] } else { QM31::ZERO });
   |                 ^                                         ^
   |
help: remove these parentheses
   |
84 -     scratch[48]=(if flags[0] { h[63] } else { QM31::ZERO });
84 +     scratch[48]=if flags[0] { h[63] } else { QM31::ZERO };
   |

warning: unnecessary parentheses around assigned value
  --> /home/dombarker/project-offloads/aspis-v8-performance-20260908.scS2Jz/crates/aspis-statement/../../docs/research/v8-no-work-100-20260907/experiments/copy_tag_shared_generated.rs:85:17
   |
85 |     scratch[49]=(if flags[0] { n[4] } else { QM31::ZERO });
   |                 ^                                        ^
   |
help: remove these parentheses
   |
85 -     scratch[49]=(if flags[0] { n[4] } else { QM31::ZERO });
85 +     scratch[49]=if flags[0] { n[4] } else { QM31::ZERO };
   |

warning: unnecessary parentheses around assigned value
  --> /home/dombarker/project-offloads/aspis-v8-performance-20260908.scS2Jz/crates/aspis-statement/../../docs/research/v8-no-work-100-20260907/experiments/copy_tag_shared_generated.rs:86:17
   |
86 |     scratch[50]=(if flags[0] { h[63] } else { QM31::ZERO });
   |                 ^                                         ^
   |
help: remove these parentheses
   |
86 -     scratch[50]=(if flags[0] { h[63] } else { QM31::ZERO });
86 +     scratch[50]=if flags[0] { h[63] } else { QM31::ZERO };
   |

warning: unnecessary parentheses around assigned value
  --> /home/dombarker/project-offloads/aspis-v8-performance-20260908.scS2Jz/crates/aspis-statement/../../docs/research/v8-no-work-100-20260907/experiments/copy_tag_shared_generated.rs:87:17
   |
87 |     scratch[51]=(if flags[0] { h[63] } else { QM31::ZERO });
   |                 ^                                         ^
   |
help: remove these parentheses
   |
87 -     scratch[51]=(if flags[0] { h[63] } else { QM31::ZERO });
87 +     scratch[51]=if flags[0] { h[63] } else { QM31::ZERO };
   |

warning: unnecessary parentheses around assigned value
  --> /home/dombarker/project-offloads/aspis-v8-performance-20260908.scS2Jz/crates/aspis-statement/../../docs/research/v8-no-work-100-20260907/experiments/copy_tag_shared_generated.rs:88:17
   |
88 |     scratch[52]=(if flags[0] { n[41] } else { QM31::ZERO });
   |                 ^                                         ^
   |
help: remove these parentheses
   |
88 -     scratch[52]=(if flags[0] { n[41] } else { QM31::ZERO });
88 +     scratch[52]=if flags[0] { n[41] } else { QM31::ZERO };
   |

warning: unnecessary parentheses around assigned value
  --> /home/dombarker/project-offloads/aspis-v8-performance-20260908.scS2Jz/crates/aspis-statement/../../docs/research/v8-no-work-100-20260907/experiments/copy_tag_shared_generated.rs:89:17
   |
89 |     scratch[53]=(if flags[1] { h[63] } else { QM31::ZERO });
   |                 ^                                         ^
   |
help: remove these parentheses
   |
89 -     scratch[53]=(if flags[1] { h[63] } else { QM31::ZERO });
89 +     scratch[53]=if flags[1] { h[63] } else { QM31::ZERO };
   |

warning: unnecessary parentheses around method argument
  --> /home/dombarker/project-offloads/aspis-v8-performance-20260908.scS2Jz/crates/aspis-statement/../../docs/research/v8-no-work-100-20260907/experiments/copy_tag_shared_generated.rs:90:1079
   |
90 | ...s[21] { h[52] } else { QM31::ZERO })).add((if flags[22] { h[53] } else { QM31::ZERO }));
   |                                              ^                                          ^
   |
help: remove these parentheses
   |
90 -     scratch[54]=(if flags[0] { h[26].add(n[28].add(n[40])) } else { QM31::ZERO }).add((if flags[1] { h[33] } else { QM31::ZERO })).add((if flags[3] { h[34] } else { QM31::ZERO })).add((if flags[4] { h[35] } else { QM31::ZERO })).add((if flags[5] { h[36] } else { QM31::ZERO })).add((if flags[6] { h[37] } else { QM31::ZERO })).add((if flags[7] { h[38] } else { QM31::ZERO })).add((if flags[8] { h[39] } else { QM31::ZERO })).add((if flags[9] { h[40] } else { QM31::ZERO })).add((if flags[10] { h[41] } else { QM31::ZERO })).add((if flags[11] { h[42] } else { QM31::ZERO })).add((if flags[12] { h[43] } else { QM31::ZERO })).add((if flags[13] { h[44] } else { QM31::ZERO })).add((if flags[14] { h[45] } else { QM31::ZERO })).add((if flags[15] { h[46] } else { QM31::ZERO })).add((if flags[16] { h[47] } else { QM31::ZERO })).add((if flags[17] { h[48] } else { QM31::ZERO })).add((if flags[18] { h[49] } else { QM31::ZERO })).add((if flags[19] { h[50] } else { QM31::ZERO })).add((if flags[20] { h[51] } else { QM31::ZERO })).add((if flags[21] { h[52] } else { QM31::ZERO })).add((if flags[22] { h[53] } else { QM31::ZERO }));
90 +     scratch[54]=(if flags[0] { h[26].add(n[28].add(n[40])) } else { QM31::ZERO }).add((if flags[1] { h[33] } else { QM31::ZERO })).add((if flags[3] { h[34] } else { QM31::ZERO })).add((if flags[4] { h[35] } else { QM31::ZERO })).add((if flags[5] { h[36] } else { QM31::ZERO })).add((if flags[6] { h[37] } else { QM31::ZERO })).add((if flags[7] { h[38] } else { QM31::ZERO })).add((if flags[8] { h[39] } else { QM31::ZERO })).add((if flags[9] { h[40] } else { QM31::ZERO })).add((if flags[10] { h[41] } else { QM31::ZERO })).add((if flags[11] { h[42] } else { QM31::ZERO })).add((if flags[12] { h[43] } else { QM31::ZERO })).add((if flags[13] { h[44] } else { QM31::ZERO })).add((if flags[14] { h[45] } else { QM31::ZERO })).add((if flags[15] { h[46] } else { QM31::ZERO })).add((if flags[16] { h[47] } else { QM31::ZERO })).add((if flags[17] { h[48] } else { QM31::ZERO })).add((if flags[18] { h[49] } else { QM31::ZERO })).add((if flags[19] { h[50] } else { QM31::ZERO })).add((if flags[20] { h[51] } else { QM31::ZERO })).add((if flags[21] { h[52] } else { QM31::ZERO })).add(if flags[22] { h[53] } else { QM31::ZERO });
   |

warning: unnecessary parentheses around method argument
  --> /home/dombarker/project-offloads/aspis-v8-performance-20260908.scS2Jz/crates/aspis-statement/../../docs/research/v8-no-work-100-20260907/experiments/copy_tag_shared_generated.rs:90:1029
   |
90 | ...s[20] { h[51] } else { QM31::ZERO })).add((if flags[21] { h[52] } else { QM31::ZERO })).add((if flags[22] { h[53] } else { QM31::...
   |                                              ^                                          ^
   |
help: remove these parentheses
   |
90 -     scratch[54]=(if flags[0] { h[26].add(n[28].add(n[40])) } else { QM31::ZERO }).add((if flags[1] { h[33] } else { QM31::ZERO })).add((if flags[3] { h[34] } else { QM31::ZERO })).add((if flags[4] { h[35] } else { QM31::ZERO })).add((if flags[5] { h[36] } else { QM31::ZERO })).add((if flags[6] { h[37] } else { QM31::ZERO })).add((if flags[7] { h[38] } else { QM31::ZERO })).add((if flags[8] { h[39] } else { QM31::ZERO })).add((if flags[9] { h[40] } else { QM31::ZERO })).add((if flags[10] { h[41] } else { QM31::ZERO })).add((if flags[11] { h[42] } else { QM31::ZERO })).add((if flags[12] { h[43] } else { QM31::ZERO })).add((if flags[13] { h[44] } else { QM31::ZERO })).add((if flags[14] { h[45] } else { QM31::ZERO })).add((if flags[15] { h[46] } else { QM31::ZERO })).add((if flags[16] { h[47] } else { QM31::ZERO })).add((if flags[17] { h[48] } else { QM31::ZERO })).add((if flags[18] { h[49] } else { QM31::ZERO })).add((if flags[19] { h[50] } else { QM31::ZERO })).add((if flags[20] { h[51] } else { QM31::ZERO })).add((if flags[21] { h[52] } else { QM31::ZERO })).add((if flags[22] { h[53] } else { QM31::ZERO }));
90 +     scratch[54]=(if flags[0] { h[26].add(n[28].add(n[40])) } else { QM31::ZERO }).add((if flags[1] { h[33] } else { QM31::ZERO })).add((if flags[3] { h[34] } else { QM31::ZERO })).add((if flags[4] { h[35] } else { QM31::ZERO })).add((if flags[5] { h[36] } else { QM31::ZERO })).add((if flags[6] { h[37] } else { QM31::ZERO })).add((if flags[7] { h[38] } else { QM31::ZERO })).add((if flags[8] { h[39] } else { QM31::ZERO })).add((if flags[9] { h[40] } else { QM31::ZERO })).add((if flags[10] { h[41] } else { QM31::ZERO })).add((if flags[11] { h[42] } else { QM31::ZERO })).add((if flags[12] { h[43] } else { QM31::ZERO })).add((if flags[13] { h[44] } else { QM31::ZERO })).add((if flags[14] { h[45] } else { QM31::ZERO })).add((if flags[15] { h[46] } else { QM31::ZERO })).add((if flags[16] { h[47] } else { QM31::ZERO })).add((if flags[17] { h[48] } else { QM31::ZERO })).add((if flags[18] { h[49] } else { QM31::ZERO })).add((if flags[19] { h[50] } else { QM31::ZERO })).add((if flags[20] { h[51] } else { QM31::ZERO })).add(if flags[21] { h[52] } else { QM31::ZERO }).add((if flags[22] { h[53] } else { QM31::ZERO }));
   |

warning: unnecessary parentheses around method argument
  --> /home/dombarker/project-offloads/aspis-v8-performance-20260908.scS2Jz/crates/aspis-statement/../../docs/research/v8-no-work-100-20260907/experiments/copy_tag_shared_generated.rs:90:979
   |
90 | ...s[19] { h[50] } else { QM31::ZERO })).add((if flags[20] { h[51] } else { QM31::ZERO })).add((if flags[21] { h[52] } else { QM31::...
   |                                              ^                                          ^
   |
help: remove these parentheses
   |
90 -     scratch[54]=(if flags[0] { h[26].add(n[28].add(n[40])) } else { QM31::ZERO }).add((if flags[1] { h[33] } else { QM31::ZERO })).add((if flags[3] { h[34] } else { QM31::ZERO })).add((if flags[4] { h[35] } else { QM31::ZERO })).add((if flags[5] { h[36] } else { QM31::ZERO })).add((if flags[6] { h[37] } else { QM31::ZERO })).add((if flags[7] { h[38] } else { QM31::ZERO })).add((if flags[8] { h[39] } else { QM31::ZERO })).add((if flags[9] { h[40] } else { QM31::ZERO })).add((if flags[10] { h[41] } else { QM31::ZERO })).add((if flags[11] { h[42] } else { QM31::ZERO })).add((if flags[12] { h[43] } else { QM31::ZERO })).add((if flags[13] { h[44] } else { QM31::ZERO })).add((if flags[14] { h[45] } else { QM31::ZERO })).add((if flags[15] { h[46] } else { QM31::ZERO })).add((if flags[16] { h[47] } else { QM31::ZERO })).add((if flags[17] { h[48] } else { QM31::ZERO })).add((if flags[18] { h[49] } else { QM31::ZERO })).add((if flags[19] { h[50] } else { QM31::ZERO })).add((if flags[20] { h[51] } else { QM31::ZERO })).add((if flags[21] { h[52] } else { QM31::ZERO })).add((if flags[22] { h[53] } else { QM31::ZERO }));
90 +     scratch[54]=(if flags[0] { h[26].add(n[28].add(n[40])) } else { QM31::ZERO }).add((if flags[1] { h[33] } else { QM31::ZERO })).add((if flags[3] { h[34] } else { QM31::ZERO })).add((if flags[4] { h[35] } else { QM31::ZERO })).add((if flags[5] { h[36] } else { QM31::ZERO })).add((if flags[6] { h[37] } else { QM31::ZERO })).add((if flags[7] { h[38] } else { QM31::ZERO })).add((if flags[8] { h[39] } else { QM31::ZERO })).add((if flags[9] { h[40] } else { QM31::ZERO })).add((if flags[10] { h[41] } else { QM31::ZERO })).add((if flags[11] { h[42] } else { QM31::ZERO })).add((if flags[12] { h[43] } else { QM31::ZERO })).add((if flags[13] { h[44] } else { QM31::ZERO })).add((if flags[14] { h[45] } else { QM31::ZERO })).add((if flags[15] { h[46] } else { QM31::ZERO })).add((if flags[16] { h[47] } else { QM31::ZERO })).add((if flags[17] { h[48] } else { QM31::ZERO })).add((if flags[18] { h[49] } else { QM31::ZERO })).add((if flags[19] { h[50] } else { QM31::ZERO })).add(if flags[20] { h[51] } else { QM31::ZERO }).add((if flags[21] { h[52] } else { QM31::ZERO })).add((if flags[22] { h[53] } else { QM31::ZERO }));
   |

warning: unnecessary parentheses around method argument
  --> /home/dombarker/project-offloads/aspis-v8-performance-20260908.scS2Jz/crates/aspis-statement/../../docs/research/v8-no-work-100-20260907/experiments/copy_tag_shared_generated.rs:90:929
   |
90 | ...s[18] { h[49] } else { QM31::ZERO })).add((if flags[19] { h[50] } else { QM31::ZERO })).add((if flags[20] { h[51] } else { QM31::...
   |                                              ^                                          ^
   |
help: remove these parentheses
   |
90 -     scratch[54]=(if flags[0] { h[26].add(n[28].add(n[40])) } else { QM31::ZERO }).add((if flags[1] { h[33] } else { QM31::ZERO })).add((if flags[3] { h[34] } else { QM31::ZERO })).add((if flags[4] { h[35] } else { QM31::ZERO })).add((if flags[5] { h[36] } else { QM31::ZERO })).add((if flags[6] { h[37] } else { QM31::ZERO })).add((if flags[7] { h[38] } else { QM31::ZERO })).add((if flags[8] { h[39] } else { QM31::ZERO })).add((if flags[9] { h[40] } else { QM31::ZERO })).add((if flags[10] { h[41] } else { QM31::ZERO })).add((if flags[11] { h[42] } else { QM31::ZERO })).add((if flags[12] { h[43] } else { QM31::ZERO })).add((if flags[13] { h[44] } else { QM31::ZERO })).add((if flags[14] { h[45] } else { QM31::ZERO })).add((if flags[15] { h[46] } else { QM31::ZERO })).add((if flags[16] { h[47] } else { QM31::ZERO })).add((if flags[17] { h[48] } else { QM31::ZERO })).add((if flags[18] { h[49] } else { QM31::ZERO })).add((if flags[19] { h[50] } else { QM31::ZERO })).add((if flags[20] { h[51] } else { QM31::ZERO })).add((if flags[21] { h[52] } else { QM31::ZERO })).add((if flags[22] { h[53] } else { QM31::ZERO }));
90 +     scratch[54]=(if flags[0] { h[26].add(n[28].add(n[40])) } else { QM31::ZERO }).add((if flags[1] { h[33] } else { QM31::ZERO })).add((if flags[3] { h[34] } else { QM31::ZERO })).add((if flags[4] { h[35] } else { QM31::ZERO })).add((if flags[5] { h[36] } else { QM31::ZERO })).add((if flags[6] { h[37] } else { QM31::ZERO })).add((if flags[7] { h[38] } else { QM31::ZERO })).add((if flags[8] { h[39] } else { QM31::ZERO })).add((if flags[9] { h[40] } else { QM31::ZERO })).add((if flags[10] { h[41] } else { QM31::ZERO })).add((if flags[11] { h[42] } else { QM31::ZERO })).add((if flags[12] { h[43] } else { QM31::ZERO })).add((if flags[13] { h[44] } else { QM31::ZERO })).add((if flags[14] { h[45] } else { QM31::ZERO })).add((if flags[15] { h[46] } else { QM31::ZERO })).add((if flags[16] { h[47] } else { QM31::ZERO })).add((if flags[17] { h[48] } else { QM31::ZERO })).add((if flags[18] { h[49] } else { QM31::ZERO })).add(if flags[19] { h[50] } else { QM31::ZERO }).add((if flags[20] { h[51] } else { QM31::ZERO })).add((if flags[21] { h[52] } else { QM31::ZERO })).add((if flags[22] { h[53] } else { QM31::ZERO }));
   |

warning: unnecessary parentheses around method argument
  --> /home/dombarker/project-offloads/aspis-v8-performance-20260908.scS2Jz/crates/aspis-statement/../../docs/research/v8-no-work-100-20260907/experiments/copy_tag_shared_generated.rs:90:879
   |
90 | ...s[17] { h[48] } else { QM31::ZERO })).add((if flags[18] { h[49] } else { QM31::ZERO })).add((if flags[19] { h[50] } else { QM31::...
   |                                              ^                                          ^
   |
help: remove these parentheses
   |
90 -     scratch[54]=(if flags[0] { h[26].add(n[28].add(n[40])) } else { QM31::ZERO }).add((if flags[1] { h[33] } else { QM31::ZERO })).add((if flags[3] { h[34] } else { QM31::ZERO })).add((if flags[4] { h[35] } else { QM31::ZERO })).add((if flags[5] { h[36] } else { QM31::ZERO })).add((if flags[6] { h[37] } else { QM31::ZERO })).add((if flags[7] { h[38] } else { QM31::ZERO })).add((if flags[8] { h[39] } else { QM31::ZERO })).add((if flags[9] { h[40] } else { QM31::ZERO })).add((if flags[10] { h[41] } else { QM31::ZERO })).add((if flags[11] { h[42] } else { QM31::ZERO })).add((if flags[12] { h[43] } else { QM31::ZERO })).add((if flags[13] { h[44] } else { QM31::ZERO })).add((if flags[14] { h[45] } else { QM31::ZERO })).add((if flags[15] { h[46] } else { QM31::ZERO })).add((if flags[16] { h[47] } else { QM31::ZERO })).add((if flags[17] { h[48] } else { QM31::ZERO })).add((if flags[18] { h[49] } else { QM31::ZERO })).add((if flags[19] { h[50] } else { QM31::ZERO })).add((if flags[20] { h[51] } else { QM31::ZERO })).add((if flags[21] { h[52] } else { QM31::ZERO })).add((if flags[22] { h[53] } else { QM31::ZERO }));
90 +     scratch[54]=(if flags[0] { h[26].add(n[28].add(n[40])) } else { QM31::ZERO }).add((if flags[1] { h[33] } else { QM31::ZERO })).add((if flags[3] { h[34] } else { QM31::ZERO })).add((if flags[4] { h[35] } else { QM31::ZERO })).add((if flags[5] { h[36] } else { QM31::ZERO })).add((if flags[6] { h[37] } else { QM31::ZERO })).add((if flags[7] { h[38] } else { QM31::ZERO })).add((if flags[8] { h[39] } else { QM31::ZERO })).add((if flags[9] { h[40] } else { QM31::ZERO })).add((if flags[10] { h[41] } else { QM31::ZERO })).add((if flags[11] { h[42] } else { QM31::ZERO })).add((if flags[12] { h[43] } else { QM31::ZERO })).add((if flags[13] { h[44] } else { QM31::ZERO })).add((if flags[14] { h[45] } else { QM31::ZERO })).add((if flags[15] { h[46] } else { QM31::ZERO })).add((if flags[16] { h[47] } else { QM31::ZERO })).add((if flags[17] { h[48] } else { QM31::ZERO })).add(if flags[18] { h[49] } else { QM31::ZERO }).add((if flags[19] { h[50] } else { QM31::ZERO })).add((if flags[20] { h[51] } else { QM31::ZERO })).add((if flags[21] { h[52] } else { QM31::ZERO })).add((if flags[22] { h[53] } else { QM31::ZERO }));
   |

warning: unnecessary parentheses around method argument
  --> /home/dombarker/project-offloads/aspis-v8-performance-20260908.scS2Jz/crates/aspis-statement/../../docs/research/v8-no-work-100-20260907/experiments/copy_tag_shared_generated.rs:90:829
   |
90 | ...s[16] { h[47] } else { QM31::ZERO })).add((if flags[17] { h[48] } else { QM31::ZERO })).add((if flags[18] { h[49] } else { QM31::...
   |                                              ^                                          ^
   |
help: remove these parentheses
   |
90 -     scratch[54]=(if flags[0] { h[26].add(n[28].add(n[40])) } else { QM31::ZERO }).add((if flags[1] { h[33] } else { QM31::ZERO })).add((if flags[3] { h[34] } else { QM31::ZERO })).add((if flags[4] { h[35] } else { QM31::ZERO })).add((if flags[5] { h[36] } else { QM31::ZERO })).add((if flags[6] { h[37] } else { QM31::ZERO })).add((if flags[7] { h[38] } else { QM31::ZERO })).add((if flags[8] { h[39] } else { QM31::ZERO })).add((if flags[9] { h[40] } else { QM31::ZERO })).add((if flags[10] { h[41] } else { QM31::ZERO })).add((if flags[11] { h[42] } else { QM31::ZERO })).add((if flags[12] { h[43] } else { QM31::ZERO })).add((if flags[13] { h[44] } else { QM31::ZERO })).add((if flags[14] { h[45] } else { QM31::ZERO })).add((if flags[15] { h[46] } else { QM31::ZERO })).add((if flags[16] { h[47] } else { QM31::ZERO })).add((if flags[17] { h[48] } else { QM31::ZERO })).add((if flags[18] { h[49] } else { QM31::ZERO })).add((if flags[19] { h[50] } else { QM31::ZERO })).add((if flags[20] { h[51] } else { QM31::ZERO })).add((if flags[21] { h[52] } else { QM31::ZERO })).add((if flags[22] { h[53] } else { QM31::ZERO }));
90 +     scratch[54]=(if flags[0] { h[26].add(n[28].add(n[40])) } else { QM31::ZERO }).add((if flags[1] { h[33] } else { QM31::ZERO })).add((if flags[3] { h[34] } else { QM31::ZERO })).add((if flags[4] { h[35] } else { QM31::ZERO })).add((if flags[5] { h[36] } else { QM31::ZERO })).add((if flags[6] { h[37] } else { QM31::ZERO })).add((if flags[7] { h[38] } else { QM31::ZERO })).add((if flags[8] { h[39] } else { QM31::ZERO })).add((if flags[9] { h[40] } else { QM31::ZERO })).add((if flags[10] { h[41] } else { QM31::ZERO })).add((if flags[11] { h[42] } else { QM31::ZERO })).add((if flags[12] { h[43] } else { QM31::ZERO })).add((if flags[13] { h[44] } else { QM31::ZERO })).add((if flags[14] { h[45] } else { QM31::ZERO })).add((if flags[15] { h[46] } else { QM31::ZERO })).add((if flags[16] { h[47] } else { QM31::ZERO })).add(if flags[17] { h[48] } else { QM31::ZERO }).add((if flags[18] { h[49] } else { QM31::ZERO })).add((if flags[19] { h[50] } else { QM31::ZERO })).add((if flags[20] { h[51] } else { QM31::ZERO })).add((if flags[21] { h[52] } else { QM31::ZERO })).add((if flags[22] { h[53] } else { QM31::ZERO }));
   |

warning: unnecessary parentheses around method argument
  --> /home/dombarker/project-offloads/aspis-v8-performance-20260908.scS2Jz/crates/aspis-statement/../../docs/research/v8-no-work-100-20260907/experiments/copy_tag_shared_generated.rs:90:779
   |
90 | ...s[15] { h[46] } else { QM31::ZERO })).add((if flags[16] { h[47] } else { QM31::ZERO })).add((if flags[17] { h[48] } else { QM31::...
   |                                              ^                                          ^
   |
help: remove these parentheses
   |
90 -     scratch[54]=(if flags[0] { h[26].add(n[28].add(n[40])) } else { QM31::ZERO }).add((if flags[1] { h[33] } else { QM31::ZERO })).add((if flags[3] { h[34] } else { QM31::ZERO })).add((if flags[4] { h[35] } else { QM31::ZERO })).add((if flags[5] { h[36] } else { QM31::ZERO })).add((if flags[6] { h[37] } else { QM31::ZERO })).add((if flags[7] { h[38] } else { QM31::ZERO })).add((if flags[8] { h[39] } else { QM31::ZERO })).add((if flags[9] { h[40] } else { QM31::ZERO })).add((if flags[10] { h[41] } else { QM31::ZERO })).add((if flags[11] { h[42] } else { QM31::ZERO })).add((if flags[12] { h[43] } else { QM31::ZERO })).add((if flags[13] { h[44] } else { QM31::ZERO })).add((if flags[14] { h[45] } else { QM31::ZERO })).add((if flags[15] { h[46] } else { QM31::ZERO })).add((if flags[16] { h[47] } else { QM31::ZERO })).add((if flags[17] { h[48] } else { QM31::ZERO })).add((if flags[18] { h[49] } else { QM31::ZERO })).add((if flags[19] { h[50] } else { QM31::ZERO })).add((if flags[20] { h[51] } else { QM31::ZERO })).add((if flags[21] { h[52] } else { QM31::ZERO })).add((if flags[22] { h[53] } else { QM31::ZERO }));
90 +     scratch[54]=(if flags[0] { h[26].add(n[28].add(n[40])) } else { QM31::ZERO }).add((if flags[1] { h[33] } else { QM31::ZERO })).add((if flags[3] { h[34] } else { QM31::ZERO })).add((if flags[4] { h[35] } else { QM31::ZERO })).add((if flags[5] { h[36] } else { QM31::ZERO })).add((if flags[6] { h[37] } else { QM31::ZERO })).add((if flags[7] { h[38] } else { QM31::ZERO })).add((if flags[8] { h[39] } else { QM31::ZERO })).add((if flags[9] { h[40] } else { QM31::ZERO })).add((if flags[10] { h[41] } else { QM31::ZERO })).add((if flags[11] { h[42] } else { QM31::ZERO })).add((if flags[12] { h[43] } else { QM31::ZERO })).add((if flags[13] { h[44] } else { QM31::ZERO })).add((if flags[14] { h[45] } else { QM31::ZERO })).add((if flags[15] { h[46] } else { QM31::ZERO })).add(if flags[16] { h[47] } else { QM31::ZERO }).add((if flags[17] { h[48] } else { QM31::ZERO })).add((if flags[18] { h[49] } else { QM31::ZERO })).add((if flags[19] { h[50] } else { QM31::ZERO })).add((if flags[20] { h[51] } else { QM31::ZERO })).add((if flags[21] { h[52] } else { QM31::ZERO })).add((if flags[22] { h[53] } else { QM31::ZERO }));
   |

warning: unnecessary parentheses around method argument
  --> /home/dombarker/project-offloads/aspis-v8-performance-20260908.scS2Jz/crates/aspis-statement/../../docs/research/v8-no-work-100-20260907/experiments/copy_tag_shared_generated.rs:90:729
   |
90 | ...s[14] { h[45] } else { QM31::ZERO })).add((if flags[15] { h[46] } else { QM31::ZERO })).add((if flags[16] { h[47] } else { QM31::...
   |                                              ^                                          ^
   |
help: remove these parentheses
   |
90 -     scratch[54]=(if flags[0] { h[26].add(n[28].add(n[40])) } else { QM31::ZERO }).add((if flags[1] { h[33] } else { QM31::ZERO })).add((if flags[3] { h[34] } else { QM31::ZERO })).add((if flags[4] { h[35] } else { QM31::ZERO })).add((if flags[5] { h[36] } else { QM31::ZERO })).add((if flags[6] { h[37] } else { QM31::ZERO })).add((if flags[7] { h[38] } else { QM31::ZERO })).add((if flags[8] { h[39] } else { QM31::ZERO })).add((if flags[9] { h[40] } else { QM31::ZERO })).add((if flags[10] { h[41] } else { QM31::ZERO })).add((if flags[11] { h[42] } else { QM31::ZERO })).add((if flags[12] { h[43] } else { QM31::ZERO })).add((if flags[13] { h[44] } else { QM31::ZERO })).add((if flags[14] { h[45] } else { QM31::ZERO })).add((if flags[15] { h[46] } else { QM31::ZERO })).add((if flags[16] { h[47] } else { QM31::ZERO })).add((if flags[17] { h[48] } else { QM31::ZERO })).add((if flags[18] { h[49] } else { QM31::ZERO })).add((if flags[19] { h[50] } else { QM31::ZERO })).add((if flags[20] { h[51] } else { QM31::ZERO })).add((if flags[21] { h[52] } else { QM31::ZERO })).add((if flags[22] { h[53] } else { QM31::ZERO }));
90 +     scratch[54]=(if flags[0] { h[26].add(n[28].add(n[40])) } else { QM31::ZERO }).add((if flags[1] { h[33] } else { QM31::ZERO })).add((if flags[3] { h[34] } else { QM31::ZERO })).add((if flags[4] { h[35] } else { QM31::ZERO })).add((if flags[5] { h[36] } else { QM31::ZERO })).add((if flags[6] { h[37] } else { QM31::ZERO })).add((if flags[7] { h[38] } else { QM31::ZERO })).add((if flags[8] { h[39] } else { QM31::ZERO })).add((if flags[9] { h[40] } else { QM31::ZERO })).add((if flags[10] { h[41] } else { QM31::ZERO })).add((if flags[11] { h[42] } else { QM31::ZERO })).add((if flags[12] { h[43] } else { QM31::ZERO })).add((if flags[13] { h[44] } else { QM31::ZERO })).add((if flags[14] { h[45] } else { QM31::ZERO })).add(if flags[15] { h[46] } else { QM31::ZERO }).add((if flags[16] { h[47] } else { QM31::ZERO })).add((if flags[17] { h[48] } else { QM31::ZERO })).add((if flags[18] { h[49] } else { QM31::ZERO })).add((if flags[19] { h[50] } else { QM31::ZERO })).add((if flags[20] { h[51] } else { QM31::ZERO })).add((if flags[21] { h[52] } else { QM31::ZERO })).add((if flags[22] { h[53] } else { QM31::ZERO }));
   |

warning: unnecessary parentheses around method argument
  --> /home/dombarker/project-offloads/aspis-v8-performance-20260908.scS2Jz/crates/aspis-statement/../../docs/research/v8-no-work-100-20260907/experiments/copy_tag_shared_generated.rs:90:679
   |
90 | ...s[13] { h[44] } else { QM31::ZERO })).add((if flags[14] { h[45] } else { QM31::ZERO })).add((if flags[15] { h[46] } else { QM31::...
   |                                              ^                                          ^
   |
help: remove these parentheses
   |
90 -     scratch[54]=(if flags[0] { h[26].add(n[28].add(n[40])) } else { QM31::ZERO }).add((if flags[1] { h[33] } else { QM31::ZERO })).add((if flags[3] { h[34] } else { QM31::ZERO })).add((if flags[4] { h[35] } else { QM31::ZERO })).add((if flags[5] { h[36] } else { QM31::ZERO })).add((if flags[6] { h[37] } else { QM31::ZERO })).add((if flags[7] { h[38] } else { QM31::ZERO })).add((if flags[8] { h[39] } else { QM31::ZERO })).add((if flags[9] { h[40] } else { QM31::ZERO })).add((if flags[10] { h[41] } else { QM31::ZERO })).add((if flags[11] { h[42] } else { QM31::ZERO })).add((if flags[12] { h[43] } else { QM31::ZERO })).add((if flags[13] { h[44] } else { QM31::ZERO })).add((if flags[14] { h[45] } else { QM31::ZERO })).add((if flags[15] { h[46] } else { QM31::ZERO })).add((if flags[16] { h[47] } else { QM31::ZERO })).add((if flags[17] { h[48] } else { QM31::ZERO })).add((if flags[18] { h[49] } else { QM31::ZERO })).add((if flags[19] { h[50] } else { QM31::ZERO })).add((if flags[20] { h[51] } else { QM31::ZERO })).add((if flags[21] { h[52] } else { QM31::ZERO })).add((if flags[22] { h[53] } else { QM31::ZERO }));
90 +     scratch[54]=(if flags[0] { h[26].add(n[28].add(n[40])) } else { QM31::ZERO }).add((if flags[1] { h[33] } else { QM31::ZERO })).add((if flags[3] { h[34] } else { QM31::ZERO })).add((if flags[4] { h[35] } else { QM31::ZERO })).add((if flags[5] { h[36] } else { QM31::ZERO })).add((if flags[6] { h[37] } else { QM31::ZERO })).add((if flags[7] { h[38] } else { QM31::ZERO })).add((if flags[8] { h[39] } else { QM31::ZERO })).add((if flags[9] { h[40] } else { QM31::ZERO })).add((if flags[10] { h[41] } else { QM31::ZERO })).add((if flags[11] { h[42] } else { QM31::ZERO })).add((if flags[12] { h[43] } else { QM31::ZERO })).add((if flags[13] { h[44] } else { QM31::ZERO })).add(if flags[14] { h[45] } else { QM31::ZERO }).add((if flags[15] { h[46] } else { QM31::ZERO })).add((if flags[16] { h[47] } else { QM31::ZERO })).add((if flags[17] { h[48] } else { QM31::ZERO })).add((if flags[18] { h[49] } else { QM31::ZERO })).add((if flags[19] { h[50] } else { QM31::ZERO })).add((if flags[20] { h[51] } else { QM31::ZERO })).add((if flags[21] { h[52] } else { QM31::ZERO })).add((if flags[22] { h[53] } else { QM31::ZERO }));
   |

warning: unnecessary parentheses around method argument
  --> /home/dombarker/project-offloads/aspis-v8-performance-20260908.scS2Jz/crates/aspis-statement/../../docs/research/v8-no-work-100-20260907/experiments/copy_tag_shared_generated.rs:90:629
   |
90 | ...s[12] { h[43] } else { QM31::ZERO })).add((if flags[13] { h[44] } else { QM31::ZERO })).add((if flags[14] { h[45] } else { QM31::...
   |                                              ^                                          ^
   |
help: remove these parentheses
   |
90 -     scratch[54]=(if flags[0] { h[26].add(n[28].add(n[40])) } else { QM31::ZERO }).add((if flags[1] { h[33] } else { QM31::ZERO })).add((if flags[3] { h[34] } else { QM31::ZERO })).add((if flags[4] { h[35] } else { QM31::ZERO })).add((if flags[5] { h[36] } else { QM31::ZERO })).add((if flags[6] { h[37] } else { QM31::ZERO })).add((if flags[7] { h[38] } else { QM31::ZERO })).add((if flags[8] { h[39] } else { QM31::ZERO })).add((if flags[9] { h[40] } else { QM31::ZERO })).add((if flags[10] { h[41] } else { QM31::ZERO })).add((if flags[11] { h[42] } else { QM31::ZERO })).add((if flags[12] { h[43] } else { QM31::ZERO })).add((if flags[13] { h[44] } else { QM31::ZERO })).add((if flags[14] { h[45] } else { QM31::ZERO })).add((if flags[15] { h[46] } else { QM31::ZERO })).add((if flags[16] { h[47] } else { QM31::ZERO })).add((if flags[17] { h[48] } else { QM31::ZERO })).add((if flags[18] { h[49] } else { QM31::ZERO })).add((if flags[19] { h[50] } else { QM31::ZERO })).add((if flags[20] { h[51] } else { QM31::ZERO })).add((if flags[21] { h[52] } else { QM31::ZERO })).add((if flags[22] { h[53] } else { QM31::ZERO }));
90 +     scratch[54]=(if flags[0] { h[26].add(n[28].add(n[40])) } else { QM31::ZERO }).add((if flags[1] { h[33] } else { QM31::ZERO })).add((if flags[3] { h[34] } else { QM31::ZERO })).add((if flags[4] { h[35] } else { QM31::ZERO })).add((if flags[5] { h[36] } else { QM31::ZERO })).add((if flags[6] { h[37] } else { QM31::ZERO })).add((if flags[7] { h[38] } else { QM31::ZERO })).add((if flags[8] { h[39] } else { QM31::ZERO })).add((if flags[9] { h[40] } else { QM31::ZERO })).add((if flags[10] { h[41] } else { QM31::ZERO })).add((if flags[11] { h[42] } else { QM31::ZERO })).add((if flags[12] { h[43] } else { QM31::ZERO })).add(if flags[13] { h[44] } else { QM31::ZERO }).add((if flags[14] { h[45] } else { QM31::ZERO })).add((if flags[15] { h[46] } else { QM31::ZERO })).add((if flags[16] { h[47] } else { QM31::ZERO })).add((if flags[17] { h[48] } else { QM31::ZERO })).add((if flags[18] { h[49] } else { QM31::ZERO })).add((if flags[19] { h[50] } else { QM31::ZERO })).add((if flags[20] { h[51] } else { QM31::ZERO })).add((if flags[21] { h[52] } else { QM31::ZERO })).add((if flags[22] { h[53] } else { QM31::ZERO }));
   |

warning: unnecessary parentheses around method argument
  --> /home/dombarker/project-offloads/aspis-v8-performance-20260908.scS2Jz/crates/aspis-statement/../../docs/research/v8-no-work-100-20260907/experiments/copy_tag_shared_generated.rs:90:579
   |
90 | ...s[11] { h[42] } else { QM31::ZERO })).add((if flags[12] { h[43] } else { QM31::ZERO })).add((if flags[13] { h[44] } else { QM31::...
   |                                              ^                                          ^
   |
help: remove these parentheses
   |
90 -     scratch[54]=(if flags[0] { h[26].add(n[28].add(n[40])) } else { QM31::ZERO }).add((if flags[1] { h[33] } else { QM31::ZERO })).add((if flags[3] { h[34] } else { QM31::ZERO })).add((if flags[4] { h[35] } else { QM31::ZERO })).add((if flags[5] { h[36] } else { QM31::ZERO })).add((if flags[6] { h[37] } else { QM31::ZERO })).add((if flags[7] { h[38] } else { QM31::ZERO })).add((if flags[8] { h[39] } else { QM31::ZERO })).add((if flags[9] { h[40] } else { QM31::ZERO })).add((if flags[10] { h[41] } else { QM31::ZERO })).add((if flags[11] { h[42] } else { QM31::ZERO })).add((if flags[12] { h[43] } else { QM31::ZERO })).add((if flags[13] { h[44] } else { QM31::ZERO })).add((if flags[14] { h[45] } else { QM31::ZERO })).add((if flags[15] { h[46] } else { QM31::ZERO })).add((if flags[16] { h[47] } else { QM31::ZERO })).add((if flags[17] { h[48] } else { QM31::ZERO })).add((if flags[18] { h[49] } else { QM31::ZERO })).add((if flags[19] { h[50] } else { QM31::ZERO })).add((if flags[20] { h[51] } else { QM31::ZERO })).add((if flags[21] { h[52] } else { QM31::ZERO })).add((if flags[22] { h[53] } else { QM31::ZERO }));
90 +     scratch[54]=(if flags[0] { h[26].add(n[28].add(n[40])) } else { QM31::ZERO }).add((if flags[1] { h[33] } else { QM31::ZERO })).add((if flags[3] { h[34] } else { QM31::ZERO })).add((if flags[4] { h[35] } else { QM31::ZERO })).add((if flags[5] { h[36] } else { QM31::ZERO })).add((if flags[6] { h[37] } else { QM31::ZERO })).add((if flags[7] { h[38] } else { QM31::ZERO })).add((if flags[8] { h[39] } else { QM31::ZERO })).add((if flags[9] { h[40] } else { QM31::ZERO })).add((if flags[10] { h[41] } else { QM31::ZERO })).add((if flags[11] { h[42] } else { QM31::ZERO })).add(if flags[12] { h[43] } else { QM31::ZERO }).add((if flags[13] { h[44] } else { QM31::ZERO })).add((if flags[14] { h[45] } else { QM31::ZERO })).add((if flags[15] { h[46] } else { QM31::ZERO })).add((if flags[16] { h[47] } else { QM31::ZERO })).add((if flags[17] { h[48] } else { QM31::ZERO })).add((if flags[18] { h[49] } else { QM31::ZERO })).add((if flags[19] { h[50] } else { QM31::ZERO })).add((if flags[20] { h[51] } else { QM31::ZERO })).add((if flags[21] { h[52] } else { QM31::ZERO })).add((if flags[22] { h[53] } else { QM31::ZERO }));
   |

warning: unnecessary parentheses around method argument
  --> /home/dombarker/project-offloads/aspis-v8-performance-20260908.scS2Jz/crates/aspis-statement/../../docs/research/v8-no-work-100-20260907/experiments/copy_tag_shared_generated.rs:90:529
   |
90 | ...s[10] { h[41] } else { QM31::ZERO })).add((if flags[11] { h[42] } else { QM31::ZERO })).add((if flags[12] { h[43] } else { QM31::...
   |                                              ^                                          ^
   |
help: remove these parentheses
   |
90 -     scratch[54]=(if flags[0] { h[26].add(n[28].add(n[40])) } else { QM31::ZERO }).add((if flags[1] { h[33] } else { QM31::ZERO })).add((if flags[3] { h[34] } else { QM31::ZERO })).add((if flags[4] { h[35] } else { QM31::ZERO })).add((if flags[5] { h[36] } else { QM31::ZERO })).add((if flags[6] { h[37] } else { QM31::ZERO })).add((if flags[7] { h[38] } else { QM31::ZERO })).add((if flags[8] { h[39] } else { QM31::ZERO })).add((if flags[9] { h[40] } else { QM31::ZERO })).add((if flags[10] { h[41] } else { QM31::ZERO })).add((if flags[11] { h[42] } else { QM31::ZERO })).add((if flags[12] { h[43] } else { QM31::ZERO })).add((if flags[13] { h[44] } else { QM31::ZERO })).add((if flags[14] { h[45] } else { QM31::ZERO })).add((if flags[15] { h[46] } else { QM31::ZERO })).add((if flags[16] { h[47] } else { QM31::ZERO })).add((if flags[17] { h[48] } else { QM31::ZERO })).add((if flags[18] { h[49] } else { QM31::ZERO })).add((if flags[19] { h[50] } else { QM31::ZERO })).add((if flags[20] { h[51] } else { QM31::ZERO })).add((if flags[21] { h[52] } else { QM31::ZERO })).add((if flags[22] { h[53] } else { QM31::ZERO }));
90 +     scratch[54]=(if flags[0] { h[26].add(n[28].add(n[40])) } else { QM31::ZERO }).add((if flags[1] { h[33] } else { QM31::ZERO })).add((if flags[3] { h[34] } else { QM31::ZERO })).add((if flags[4] { h[35] } else { QM31::ZERO })).add((if flags[5] { h[36] } else { QM31::ZERO })).add((if flags[6] { h[37] } else { QM31::ZERO })).add((if flags[7] { h[38] } else { QM31::ZERO })).add((if flags[8] { h[39] } else { QM31::ZERO })).add((if flags[9] { h[40] } else { QM31::ZERO })).add((if flags[10] { h[41] } else { QM31::ZERO })).add(if flags[11] { h[42] } else { QM31::ZERO }).add((if flags[12] { h[43] } else { QM31::ZERO })).add((if flags[13] { h[44] } else { QM31::ZERO })).add((if flags[14] { h[45] } else { QM31::ZERO })).add((if flags[15] { h[46] } else { QM31::ZERO })).add((if flags[16] { h[47] } else { QM31::ZERO })).add((if flags[17] { h[48] } else { QM31::ZERO })).add((if flags[18] { h[49] } else { QM31::ZERO })).add((if flags[19] { h[50] } else { QM31::ZERO })).add((if flags[20] { h[51] } else { QM31::ZERO })).add((if flags[21] { h[52] } else { QM31::ZERO })).add((if flags[22] { h[53] } else { QM31::ZERO }));
   |

warning: unnecessary parentheses around method argument
  --> /home/dombarker/project-offloads/aspis-v8-performance-20260908.scS2Jz/crates/aspis-statement/../../docs/research/v8-no-work-100-20260907/experiments/copy_tag_shared_generated.rs:90:479
   |
90 | ...gs[9] { h[40] } else { QM31::ZERO })).add((if flags[10] { h[41] } else { QM31::ZERO })).add((if flags[11] { h[42] } else { QM31::...
   |                                              ^                                          ^
   |
help: remove these parentheses
   |
90 -     scratch[54]=(if flags[0] { h[26].add(n[28].add(n[40])) } else { QM31::ZERO }).add((if flags[1] { h[33] } else { QM31::ZERO })).add((if flags[3] { h[34] } else { QM31::ZERO })).add((if flags[4] { h[35] } else { QM31::ZERO })).add((if flags[5] { h[36] } else { QM31::ZERO })).add((if flags[6] { h[37] } else { QM31::ZERO })).add((if flags[7] { h[38] } else { QM31::ZERO })).add((if flags[8] { h[39] } else { QM31::ZERO })).add((if flags[9] { h[40] } else { QM31::ZERO })).add((if flags[10] { h[41] } else { QM31::ZERO })).add((if flags[11] { h[42] } else { QM31::ZERO })).add((if flags[12] { h[43] } else { QM31::ZERO })).add((if flags[13] { h[44] } else { QM31::ZERO })).add((if flags[14] { h[45] } else { QM31::ZERO })).add((if flags[15] { h[46] } else { QM31::ZERO })).add((if flags[16] { h[47] } else { QM31::ZERO })).add((if flags[17] { h[48] } else { QM31::ZERO })).add((if flags[18] { h[49] } else { QM31::ZERO })).add((if flags[19] { h[50] } else { QM31::ZERO })).add((if flags[20] { h[51] } else { QM31::ZERO })).add((if flags[21] { h[52] } else { QM31::ZERO })).add((if flags[22] { h[53] } else { QM31::ZERO }));
90 +     scratch[54]=(if flags[0] { h[26].add(n[28].add(n[40])) } else { QM31::ZERO }).add((if flags[1] { h[33] } else { QM31::ZERO })).add((if flags[3] { h[34] } else { QM31::ZERO })).add((if flags[4] { h[35] } else { QM31::ZERO })).add((if flags[5] { h[36] } else { QM31::ZERO })).add((if flags[6] { h[37] } else { QM31::ZERO })).add((if flags[7] { h[38] } else { QM31::ZERO })).add((if flags[8] { h[39] } else { QM31::ZERO })).add((if flags[9] { h[40] } else { QM31::ZERO })).add(if flags[10] { h[41] } else { QM31::ZERO }).add((if flags[11] { h[42] } else { QM31::ZERO })).add((if flags[12] { h[43] } else { QM31::ZERO })).add((if flags[13] { h[44] } else { QM31::ZERO })).add((if flags[14] { h[45] } else { QM31::ZERO })).add((if flags[15] { h[46] } else { QM31::ZERO })).add((if flags[16] { h[47] } else { QM31::ZERO })).add((if flags[17] { h[48] } else { QM31::ZERO })).add((if flags[18] { h[49] } else { QM31::ZERO })).add((if flags[19] { h[50] } else { QM31::ZERO })).add((if flags[20] { h[51] } else { QM31::ZERO })).add((if flags[21] { h[52] } else { QM31::ZERO })).add((if flags[22] { h[53] } else { QM31::ZERO }));
   |

warning: unnecessary parentheses around method argument
  --> /home/dombarker/project-offloads/aspis-v8-performance-20260908.scS2Jz/crates/aspis-statement/../../docs/research/v8-no-work-100-20260907/experiments/copy_tag_shared_generated.rs:90:430
   |
90 | ...ags[8] { h[39] } else { QM31::ZERO })).add((if flags[9] { h[40] } else { QM31::ZERO })).add((if flags[10] { h[41] } else { QM31::...
   |                                               ^                                         ^
   |
help: remove these parentheses
   |
90 -     scratch[54]=(if flags[0] { h[26].add(n[28].add(n[40])) } else { QM31::ZERO }).add((if flags[1] { h[33] } else { QM31::ZERO })).add((if flags[3] { h[34] } else { QM31::ZERO })).add((if flags[4] { h[35] } else { QM31::ZERO })).add((if flags[5] { h[36] } else { QM31::ZERO })).add((if flags[6] { h[37] } else { QM31::ZERO })).add((if flags[7] { h[38] } else { QM31::ZERO })).add((if flags[8] { h[39] } else { QM31::ZERO })).add((if flags[9] { h[40] } else { QM31::ZERO })).add((if flags[10] { h[41] } else { QM31::ZERO })).add((if flags[11] { h[42] } else { QM31::ZERO })).add((if flags[12] { h[43] } else { QM31::ZERO })).add((if flags[13] { h[44] } else { QM31::ZERO })).add((if flags[14] { h[45] } else { QM31::ZERO })).add((if flags[15] { h[46] } else { QM31::ZERO })).add((if flags[16] { h[47] } else { QM31::ZERO })).add((if flags[17] { h[48] } else { QM31::ZERO })).add((if flags[18] { h[49] } else { QM31::ZERO })).add((if flags[19] { h[50] } else { QM31::ZERO })).add((if flags[20] { h[51] } else { QM31::ZERO })).add((if flags[21] { h[52] } else { QM31::ZERO })).add((if flags[22] { h[53] } else { QM31::ZERO }));
90 +     scratch[54]=(if flags[0] { h[26].add(n[28].add(n[40])) } else { QM31::ZERO }).add((if flags[1] { h[33] } else { QM31::ZERO })).add((if flags[3] { h[34] } else { QM31::ZERO })).add((if flags[4] { h[35] } else { QM31::ZERO })).add((if flags[5] { h[36] } else { QM31::ZERO })).add((if flags[6] { h[37] } else { QM31::ZERO })).add((if flags[7] { h[38] } else { QM31::ZERO })).add((if flags[8] { h[39] } else { QM31::ZERO })).add(if flags[9] { h[40] } else { QM31::ZERO }).add((if flags[10] { h[41] } else { QM31::ZERO })).add((if flags[11] { h[42] } else { QM31::ZERO })).add((if flags[12] { h[43] } else { QM31::ZERO })).add((if flags[13] { h[44] } else { QM31::ZERO })).add((if flags[14] { h[45] } else { QM31::ZERO })).add((if flags[15] { h[46] } else { QM31::ZERO })).add((if flags[16] { h[47] } else { QM31::ZERO })).add((if flags[17] { h[48] } else { QM31::ZERO })).add((if flags[18] { h[49] } else { QM31::ZERO })).add((if flags[19] { h[50] } else { QM31::ZERO })).add((if flags[20] { h[51] } else { QM31::ZERO })).add((if flags[21] { h[52] } else { QM31::ZERO })).add((if flags[22] { h[53] } else { QM31::ZERO }));
   |

warning: unnecessary parentheses around method argument
  --> /home/dombarker/project-offloads/aspis-v8-performance-20260908.scS2Jz/crates/aspis-statement/../../docs/research/v8-no-work-100-20260907/experiments/copy_tag_shared_generated.rs:90:381
   |
90 | ...ags[7] { h[38] } else { QM31::ZERO })).add((if flags[8] { h[39] } else { QM31::ZERO })).add((if flags[9] { h[40] } else { QM31::Z...
   |                                               ^                                         ^
   |
help: remove these parentheses
   |
90 -     scratch[54]=(if flags[0] { h[26].add(n[28].add(n[40])) } else { QM31::ZERO }).add((if flags[1] { h[33] } else { QM31::ZERO })).add((if flags[3] { h[34] } else { QM31::ZERO })).add((if flags[4] { h[35] } else { QM31::ZERO })).add((if flags[5] { h[36] } else { QM31::ZERO })).add((if flags[6] { h[37] } else { QM31::ZERO })).add((if flags[7] { h[38] } else { QM31::ZERO })).add((if flags[8] { h[39] } else { QM31::ZERO })).add((if flags[9] { h[40] } else { QM31::ZERO })).add((if flags[10] { h[41] } else { QM31::ZERO })).add((if flags[11] { h[42] } else { QM31::ZERO })).add((if flags[12] { h[43] } else { QM31::ZERO })).add((if flags[13] { h[44] } else { QM31::ZERO })).add((if flags[14] { h[45] } else { QM31::ZERO })).add((if flags[15] { h[46] } else { QM31::ZERO })).add((if flags[16] { h[47] } else { QM31::ZERO })).add((if flags[17] { h[48] } else { QM31::ZERO })).add((if flags[18] { h[49] } else { QM31::ZERO })).add((if flags[19] { h[50] } else { QM31::ZERO })).add((if flags[20] { h[51] } else { QM31::ZERO })).add((if flags[21] { h[52] } else { QM31::ZERO })).add((if flags[22] { h[53] } else { QM31::ZERO }));
90 +     scratch[54]=(if flags[0] { h[26].add(n[28].add(n[40])) } else { QM31::ZERO }).add((if flags[1] { h[33] } else { QM31::ZERO })).add((if flags[3] { h[34] } else { QM31::ZERO })).add((if flags[4] { h[35] } else { QM31::ZERO })).add((if flags[5] { h[36] } else { QM31::ZERO })).add((if flags[6] { h[37] } else { QM31::ZERO })).add((if flags[7] { h[38] } else { QM31::ZERO })).add(if flags[8] { h[39] } else { QM31::ZERO }).add((if flags[9] { h[40] } else { QM31::ZERO })).add((if flags[10] { h[41] } else { QM31::ZERO })).add((if flags[11] { h[42] } else { QM31::ZERO })).add((if flags[12] { h[43] } else { QM31::ZERO })).add((if flags[13] { h[44] } else { QM31::ZERO })).add((if flags[14] { h[45] } else { QM31::ZERO })).add((if flags[15] { h[46] } else { QM31::ZERO })).add((if flags[16] { h[47] } else { QM31::ZERO })).add((if flags[17] { h[48] } else { QM31::ZERO })).add((if flags[18] { h[49] } else { QM31::ZERO })).add((if flags[19] { h[50] } else { QM31::ZERO })).add((if flags[20] { h[51] } else { QM31::ZERO })).add((if flags[21] { h[52] } else { QM31::ZERO })).add((if flags[22] { h[53] } else { QM31::ZERO }));
   |

warning: unnecessary parentheses around method argument
  --> /home/dombarker/project-offloads/aspis-v8-performance-20260908.scS2Jz/crates/aspis-statement/../../docs/research/v8-no-work-100-20260907/experiments/copy_tag_shared_generated.rs:90:332
   |
90 | ...ags[6] { h[37] } else { QM31::ZERO })).add((if flags[7] { h[38] } else { QM31::ZERO })).add((if flags[8] { h[39] } else { QM31::Z...
   |                                               ^                                         ^
   |
help: remove these parentheses
   |
90 -     scratch[54]=(if flags[0] { h[26].add(n[28].add(n[40])) } else { QM31::ZERO }).add((if flags[1] { h[33] } else { QM31::ZERO })).add((if flags[3] { h[34] } else { QM31::ZERO })).add((if flags[4] { h[35] } else { QM31::ZERO })).add((if flags[5] { h[36] } else { QM31::ZERO })).add((if flags[6] { h[37] } else { QM31::ZERO })).add((if flags[7] { h[38] } else { QM31::ZERO })).add((if flags[8] { h[39] } else { QM31::ZERO })).add((if flags[9] { h[40] } else { QM31::ZERO })).add((if flags[10] { h[41] } else { QM31::ZERO })).add((if flags[11] { h[42] } else { QM31::ZERO })).add((if flags[12] { h[43] } else { QM31::ZERO })).add((if flags[13] { h[44] } else { QM31::ZERO })).add((if flags[14] { h[45] } else { QM31::ZERO })).add((if flags[15] { h[46] } else { QM31::ZERO })).add((if flags[16] { h[47] } else { QM31::ZERO })).add((if flags[17] { h[48] } else { QM31::ZERO })).add((if flags[18] { h[49] } else { QM31::ZERO })).add((if flags[19] { h[50] } else { QM31::ZERO })).add((if flags[20] { h[51] } else { QM31::ZERO })).add((if flags[21] { h[52] } else { QM31::ZERO })).add((if flags[22] { h[53] } else { QM31::ZERO }));
90 +     scratch[54]=(if flags[0] { h[26].add(n[28].add(n[40])) } else { QM31::ZERO }).add((if flags[1] { h[33] } else { QM31::ZERO })).add((if flags[3] { h[34] } else { QM31::ZERO })).add((if flags[4] { h[35] } else { QM31::ZERO })).add((if flags[5] { h[36] } else { QM31::ZERO })).add((if flags[6] { h[37] } else { QM31::ZERO })).add(if flags[7] { h[38] } else { QM31::ZERO }).add((if flags[8] { h[39] } else { QM31::ZERO })).add((if flags[9] { h[40] } else { QM31::ZERO })).add((if flags[10] { h[41] } else { QM31::ZERO })).add((if flags[11] { h[42] } else { QM31::ZERO })).add((if flags[12] { h[43] } else { QM31::ZERO })).add((if flags[13] { h[44] } else { QM31::ZERO })).add((if flags[14] { h[45] } else { QM31::ZERO })).add((if flags[15] { h[46] } else { QM31::ZERO })).add((if flags[16] { h[47] } else { QM31::ZERO })).add((if flags[17] { h[48] } else { QM31::ZERO })).add((if flags[18] { h[49] } else { QM31::ZERO })).add((if flags[19] { h[50] } else { QM31::ZERO })).add((if flags[20] { h[51] } else { QM31::ZERO })).add((if flags[21] { h[52] } else { QM31::ZERO })).add((if flags[22] { h[53] } else { QM31::ZERO }));
   |

warning: unnecessary parentheses around method argument
  --> /home/dombarker/project-offloads/aspis-v8-performance-20260908.scS2Jz/crates/aspis-statement/../../docs/research/v8-no-work-100-20260907/experiments/copy_tag_shared_generated.rs:90:283
   |
90 | ...ags[5] { h[36] } else { QM31::ZERO })).add((if flags[6] { h[37] } else { QM31::ZERO })).add((if flags[7] { h[38] } else { QM31::Z...
   |                                               ^                                         ^
   |
help: remove these parentheses
   |
90 -     scratch[54]=(if flags[0] { h[26].add(n[28].add(n[40])) } else { QM31::ZERO }).add((if flags[1] { h[33] } else { QM31::ZERO })).add((if flags[3] { h[34] } else { QM31::ZERO })).add((if flags[4] { h[35] } else { QM31::ZERO })).add((if flags[5] { h[36] } else { QM31::ZERO })).add((if flags[6] { h[37] } else { QM31::ZERO })).add((if flags[7] { h[38] } else { QM31::ZERO })).add((if flags[8] { h[39] } else { QM31::ZERO })).add((if flags[9] { h[40] } else { QM31::ZERO })).add((if flags[10] { h[41] } else { QM31::ZERO })).add((if flags[11] { h[42] } else { QM31::ZERO })).add((if flags[12] { h[43] } else { QM31::ZERO })).add((if flags[13] { h[44] } else { QM31::ZERO })).add((if flags[14] { h[45] } else { QM31::ZERO })).add((if flags[15] { h[46] } else { QM31::ZERO })).add((if flags[16] { h[47] } else { QM31::ZERO })).add((if flags[17] { h[48] } else { QM31::ZERO })).add((if flags[18] { h[49] } else { QM31::ZERO })).add((if flags[19] { h[50] } else { QM31::ZERO })).add((if flags[20] { h[51] } else { QM31::ZERO })).add((if flags[21] { h[52] } else { QM31::ZERO })).add((if flags[22] { h[53] } else { QM31::ZERO }));
90 +     scratch[54]=(if flags[0] { h[26].add(n[28].add(n[40])) } else { QM31::ZERO }).add((if flags[1] { h[33] } else { QM31::ZERO })).add((if flags[3] { h[34] } else { QM31::ZERO })).add((if flags[4] { h[35] } else { QM31::ZERO })).add((if flags[5] { h[36] } else { QM31::ZERO })).add(if flags[6] { h[37] } else { QM31::ZERO }).add((if flags[7] { h[38] } else { QM31::ZERO })).add((if flags[8] { h[39] } else { QM31::ZERO })).add((if flags[9] { h[40] } else { QM31::ZERO })).add((if flags[10] { h[41] } else { QM31::ZERO })).add((if flags[11] { h[42] } else { QM31::ZERO })).add((if flags[12] { h[43] } else { QM31::ZERO })).add((if flags[13] { h[44] } else { QM31::ZERO })).add((if flags[14] { h[45] } else { QM31::ZERO })).add((if flags[15] { h[46] } else { QM31::ZERO })).add((if flags[16] { h[47] } else { QM31::ZERO })).add((if flags[17] { h[48] } else { QM31::ZERO })).add((if flags[18] { h[49] } else { QM31::ZERO })).add((if flags[19] { h[50] } else { QM31::ZERO })).add((if flags[20] { h[51] } else { QM31::ZERO })).add((if flags[21] { h[52] } else { QM31::ZERO })).add((if flags[22] { h[53] } else { QM31::ZERO }));
   |

warning: unnecessary parentheses around method argument
  --> /home/dombarker/project-offloads/aspis-v8-performance-20260908.scS2Jz/crates/aspis-statement/../../docs/research/v8-no-work-100-20260907/experiments/copy_tag_shared_generated.rs:90:234
   |
90 | ...ags[4] { h[35] } else { QM31::ZERO })).add((if flags[5] { h[36] } else { QM31::ZERO })).add((if flags[6] { h[37] } else { QM31::Z...
   |                                               ^                                         ^
   |
help: remove these parentheses
   |
90 -     scratch[54]=(if flags[0] { h[26].add(n[28].add(n[40])) } else { QM31::ZERO }).add((if flags[1] { h[33] } else { QM31::ZERO })).add((if flags[3] { h[34] } else { QM31::ZERO })).add((if flags[4] { h[35] } else { QM31::ZERO })).add((if flags[5] { h[36] } else { QM31::ZERO })).add((if flags[6] { h[37] } else { QM31::ZERO })).add((if flags[7] { h[38] } else { QM31::ZERO })).add((if flags[8] { h[39] } else { QM31::ZERO })).add((if flags[9] { h[40] } else { QM31::ZERO })).add((if flags[10] { h[41] } else { QM31::ZERO })).add((if flags[11] { h[42] } else { QM31::ZERO })).add((if flags[12] { h[43] } else { QM31::ZERO })).add((if flags[13] { h[44] } else { QM31::ZERO })).add((if flags[14] { h[45] } else { QM31::ZERO })).add((if flags[15] { h[46] } else { QM31::ZERO })).add((if flags[16] { h[47] } else { QM31::ZERO })).add((if flags[17] { h[48] } else { QM31::ZERO })).add((if flags[18] { h[49] } else { QM31::ZERO })).add((if flags[19] { h[50] } else { QM31::ZERO })).add((if flags[20] { h[51] } else { QM31::ZERO })).add((if flags[21] { h[52] } else { QM31::ZERO })).add((if flags[22] { h[53] } else { QM31::ZERO }));
90 +     scratch[54]=(if flags[0] { h[26].add(n[28].add(n[40])) } else { QM31::ZERO }).add((if flags[1] { h[33] } else { QM31::ZERO })).add((if flags[3] { h[34] } else { QM31::ZERO })).add((if flags[4] { h[35] } else { QM31::ZERO })).add(if flags[5] { h[36] } else { QM31::ZERO }).add((if flags[6] { h[37] } else { QM31::ZERO })).add((if flags[7] { h[38] } else { QM31::ZERO })).add((if flags[8] { h[39] } else { QM31::ZERO })).add((if flags[9] { h[40] } else { QM31::ZERO })).add((if flags[10] { h[41] } else { QM31::ZERO })).add((if flags[11] { h[42] } else { QM31::ZERO })).add((if flags[12] { h[43] } else { QM31::ZERO })).add((if flags[13] { h[44] } else { QM31::ZERO })).add((if flags[14] { h[45] } else { QM31::ZERO })).add((if flags[15] { h[46] } else { QM31::ZERO })).add((if flags[16] { h[47] } else { QM31::ZERO })).add((if flags[17] { h[48] } else { QM31::ZERO })).add((if flags[18] { h[49] } else { QM31::ZERO })).add((if flags[19] { h[50] } else { QM31::ZERO })).add((if flags[20] { h[51] } else { QM31::ZERO })).add((if flags[21] { h[52] } else { QM31::ZERO })).add((if flags[22] { h[53] } else { QM31::ZERO }));
   |

warning: unnecessary parentheses around method argument
  --> /home/dombarker/project-offloads/aspis-v8-performance-20260908.scS2Jz/crates/aspis-statement/../../docs/research/v8-no-work-100-20260907/experiments/copy_tag_shared_generated.rs:90:185
   |
90 | ...ags[3] { h[34] } else { QM31::ZERO })).add((if flags[4] { h[35] } else { QM31::ZERO })).add((if flags[5] { h[36] } else { QM31::Z...
   |                                               ^                                         ^
   |
help: remove these parentheses
   |
90 -     scratch[54]=(if flags[0] { h[26].add(n[28].add(n[40])) } else { QM31::ZERO }).add((if flags[1] { h[33] } else { QM31::ZERO })).add((if flags[3] { h[34] } else { QM31::ZERO })).add((if flags[4] { h[35] } else { QM31::ZERO })).add((if flags[5] { h[36] } else { QM31::ZERO })).add((if flags[6] { h[37] } else { QM31::ZERO })).add((if flags[7] { h[38] } else { QM31::ZERO })).add((if flags[8] { h[39] } else { QM31::ZERO })).add((if flags[9] { h[40] } else { QM31::ZERO })).add((if flags[10] { h[41] } else { QM31::ZERO })).add((if flags[11] { h[42] } else { QM31::ZERO })).add((if flags[12] { h[43] } else { QM31::ZERO })).add((if flags[13] { h[44] } else { QM31::ZERO })).add((if flags[14] { h[45] } else { QM31::ZERO })).add((if flags[15] { h[46] } else { QM31::ZERO })).add((if flags[16] { h[47] } else { QM31::ZERO })).add((if flags[17] { h[48] } else { QM31::ZERO })).add((if flags[18] { h[49] } else { QM31::ZERO })).add((if flags[19] { h[50] } else { QM31::ZERO })).add((if flags[20] { h[51] } else { QM31::ZERO })).add((if flags[21] { h[52] } else { QM31::ZERO })).add((if flags[22] { h[53] } else { QM31::ZERO }));
90 +     scratch[54]=(if flags[0] { h[26].add(n[28].add(n[40])) } else { QM31::ZERO }).add((if flags[1] { h[33] } else { QM31::ZERO })).add((if flags[3] { h[34] } else { QM31::ZERO })).add(if flags[4] { h[35] } else { QM31::ZERO }).add((if flags[5] { h[36] } else { QM31::ZERO })).add((if flags[6] { h[37] } else { QM31::ZERO })).add((if flags[7] { h[38] } else { QM31::ZERO })).add((if flags[8] { h[39] } else { QM31::ZERO })).add((if flags[9] { h[40] } else { QM31::ZERO })).add((if flags[10] { h[41] } else { QM31::ZERO })).add((if flags[11] { h[42] } else { QM31::ZERO })).add((if flags[12] { h[43] } else { QM31::ZERO })).add((if flags[13] { h[44] } else { QM31::ZERO })).add((if flags[14] { h[45] } else { QM31::ZERO })).add((if flags[15] { h[46] } else { QM31::ZERO })).add((if flags[16] { h[47] } else { QM31::ZERO })).add((if flags[17] { h[48] } else { QM31::ZERO })).add((if flags[18] { h[49] } else { QM31::ZERO })).add((if flags[19] { h[50] } else { QM31::ZERO })).add((if flags[20] { h[51] } else { QM31::ZERO })).add((if flags[21] { h[52] } else { QM31::ZERO })).add((if flags[22] { h[53] } else { QM31::ZERO }));
   |

warning: unnecessary parentheses around method argument
  --> /home/dombarker/project-offloads/aspis-v8-performance-20260908.scS2Jz/crates/aspis-statement/../../docs/research/v8-no-work-100-20260907/experiments/copy_tag_shared_generated.rs:90:136
   |
90 | ...ags[1] { h[33] } else { QM31::ZERO })).add((if flags[3] { h[34] } else { QM31::ZERO })).add((if flags[4] { h[35] } else { QM31::Z...
   |                                               ^                                         ^
   |
help: remove these parentheses
   |
90 -     scratch[54]=(if flags[0] { h[26].add(n[28].add(n[40])) } else { QM31::ZERO }).add((if flags[1] { h[33] } else { QM31::ZERO })).add((if flags[3] { h[34] } else { QM31::ZERO })).add((if flags[4] { h[35] } else { QM31::ZERO })).add((if flags[5] { h[36] } else { QM31::ZERO })).add((if flags[6] { h[37] } else { QM31::ZERO })).add((if flags[7] { h[38] } else { QM31::ZERO })).add((if flags[8] { h[39] } else { QM31::ZERO })).add((if flags[9] { h[40] } else { QM31::ZERO })).add((if flags[10] { h[41] } else { QM31::ZERO })).add((if flags[11] { h[42] } else { QM31::ZERO })).add((if flags[12] { h[43] } else { QM31::ZERO })).add((if flags[13] { h[44] } else { QM31::ZERO })).add((if flags[14] { h[45] } else { QM31::ZERO })).add((if flags[15] { h[46] } else { QM31::ZERO })).add((if flags[16] { h[47] } else { QM31::ZERO })).add((if flags[17] { h[48] } else { QM31::ZERO })).add((if flags[18] { h[49] } else { QM31::ZERO })).add((if flags[19] { h[50] } else { QM31::ZERO })).add((if flags[20] { h[51] } else { QM31::ZERO })).add((if flags[21] { h[52] } else { QM31::ZERO })).add((if flags[22] { h[53] } else { QM31::ZERO }));
90 +     scratch[54]=(if flags[0] { h[26].add(n[28].add(n[40])) } else { QM31::ZERO }).add((if flags[1] { h[33] } else { QM31::ZERO })).add(if flags[3] { h[34] } else { QM31::ZERO }).add((if flags[4] { h[35] } else { QM31::ZERO })).add((if flags[5] { h[36] } else { QM31::ZERO })).add((if flags[6] { h[37] } else { QM31::ZERO })).add((if flags[7] { h[38] } else { QM31::ZERO })).add((if flags[8] { h[39] } else { QM31::ZERO })).add((if flags[9] { h[40] } else { QM31::ZERO })).add((if flags[10] { h[41] } else { QM31::ZERO })).add((if flags[11] { h[42] } else { QM31::ZERO })).add((if flags[12] { h[43] } else { QM31::ZERO })).add((if flags[13] { h[44] } else { QM31::ZERO })).add((if flags[14] { h[45] } else { QM31::ZERO })).add((if flags[15] { h[46] } else { QM31::ZERO })).add((if flags[16] { h[47] } else { QM31::ZERO })).add((if flags[17] { h[48] } else { QM31::ZERO })).add((if flags[18] { h[49] } else { QM31::ZERO })).add((if flags[19] { h[50] } else { QM31::ZERO })).add((if flags[20] { h[51] } else { QM31::ZERO })).add((if flags[21] { h[52] } else { QM31::ZERO })).add((if flags[22] { h[53] } else { QM31::ZERO }));
   |

warning: unnecessary parentheses around method argument
  --> /home/dombarker/project-offloads/aspis-v8-performance-20260908.scS2Jz/crates/aspis-statement/../../docs/research/v8-no-work-100-20260907/experiments/copy_tag_shared_generated.rs:90:87
   |
90 |     scratch[54]=(if flags[0] { h[26].add(n[28].add(n[40])) } else { QM31::ZERO }).add((if flags[1] { h[33] } else { QM31::ZERO })).a...
   |                                                                                       ^                                         ^
   |
help: remove these parentheses
   |
90 -     scratch[54]=(if flags[0] { h[26].add(n[28].add(n[40])) } else { QM31::ZERO }).add((if flags[1] { h[33] } else { QM31::ZERO })).add((if flags[3] { h[34] } else { QM31::ZERO })).add((if flags[4] { h[35] } else { QM31::ZERO })).add((if flags[5] { h[36] } else { QM31::ZERO })).add((if flags[6] { h[37] } else { QM31::ZERO })).add((if flags[7] { h[38] } else { QM31::ZERO })).add((if flags[8] { h[39] } else { QM31::ZERO })).add((if flags[9] { h[40] } else { QM31::ZERO })).add((if flags[10] { h[41] } else { QM31::ZERO })).add((if flags[11] { h[42] } else { QM31::ZERO })).add((if flags[12] { h[43] } else { QM31::ZERO })).add((if flags[13] { h[44] } else { QM31::ZERO })).add((if flags[14] { h[45] } else { QM31::ZERO })).add((if flags[15] { h[46] } else { QM31::ZERO })).add((if flags[16] { h[47] } else { QM31::ZERO })).add((if flags[17] { h[48] } else { QM31::ZERO })).add((if flags[18] { h[49] } else { QM31::ZERO })).add((if flags[19] { h[50] } else { QM31::ZERO })).add((if flags[20] { h[51] } else { QM31::ZERO })).add((if flags[21] { h[52] } else { QM31::ZERO })).add((if flags[22] { h[53] } else { QM31::ZERO }));
90 +     scratch[54]=(if flags[0] { h[26].add(n[28].add(n[40])) } else { QM31::ZERO }).add(if flags[1] { h[33] } else { QM31::ZERO }).add((if flags[3] { h[34] } else { QM31::ZERO })).add((if flags[4] { h[35] } else { QM31::ZERO })).add((if flags[5] { h[36] } else { QM31::ZERO })).add((if flags[6] { h[37] } else { QM31::ZERO })).add((if flags[7] { h[38] } else { QM31::ZERO })).add((if flags[8] { h[39] } else { QM31::ZERO })).add((if flags[9] { h[40] } else { QM31::ZERO })).add((if flags[10] { h[41] } else { QM31::ZERO })).add((if flags[11] { h[42] } else { QM31::ZERO })).add((if flags[12] { h[43] } else { QM31::ZERO })).add((if flags[13] { h[44] } else { QM31::ZERO })).add((if flags[14] { h[45] } else { QM31::ZERO })).add((if flags[15] { h[46] } else { QM31::ZERO })).add((if flags[16] { h[47] } else { QM31::ZERO })).add((if flags[17] { h[48] } else { QM31::ZERO })).add((if flags[18] { h[49] } else { QM31::ZERO })).add((if flags[19] { h[50] } else { QM31::ZERO })).add((if flags[20] { h[51] } else { QM31::ZERO })).add((if flags[21] { h[52] } else { QM31::ZERO })).add((if flags[22] { h[53] } else { QM31::ZERO }));
   |

warning: unnecessary parentheses around assigned value
  --> /home/dombarker/project-offloads/aspis-v8-performance-20260908.scS2Jz/crates/aspis-statement/../../docs/research/v8-no-work-100-20260907/experiments/copy_tag_shared_generated.rs:91:17
   |
91 |     scratch[55]=(if flags[0] { n[4] } else { QM31::ZERO });
   |                 ^                                        ^
   |
help: remove these parentheses
   |
91 -     scratch[55]=(if flags[0] { n[4] } else { QM31::ZERO });
91 +     scratch[55]=if flags[0] { n[4] } else { QM31::ZERO };
   |

warning: unnecessary parentheses around assigned value
  --> /home/dombarker/project-offloads/aspis-v8-performance-20260908.scS2Jz/crates/aspis-statement/../../docs/research/v8-no-work-100-20260907/experiments/copy_tag_shared_generated.rs:92:17
   |
92 |     scratch[56]=(if flags[0] { h[63] } else { QM31::ZERO });
   |                 ^                                         ^
   |
help: remove these parentheses
   |
92 -     scratch[56]=(if flags[0] { h[63] } else { QM31::ZERO });
92 +     scratch[56]=if flags[0] { h[63] } else { QM31::ZERO };
   |

warning: unnecessary parentheses around assigned value
  --> /home/dombarker/project-offloads/aspis-v8-performance-20260908.scS2Jz/crates/aspis-statement/../../docs/research/v8-no-work-100-20260907/experiments/copy_tag_shared_generated.rs:93:17
   |
93 |     scratch[57]=(if flags[0] { h[63] } else { QM31::ZERO });
   |                 ^                                         ^
   |
help: remove these parentheses
   |
93 -     scratch[57]=(if flags[0] { h[63] } else { QM31::ZERO });
93 +     scratch[57]=if flags[0] { h[63] } else { QM31::ZERO };
   |

warning: unnecessary parentheses around assigned value
  --> /home/dombarker/project-offloads/aspis-v8-performance-20260908.scS2Jz/crates/aspis-statement/../../docs/research/v8-no-work-100-20260907/experiments/copy_tag_shared_generated.rs:94:17
   |
94 |     scratch[58]=(if flags[0] { h[63] } else { QM31::ZERO });
   |                 ^                                         ^
   |
help: remove these parentheses
   |
94 -     scratch[58]=(if flags[0] { h[63] } else { QM31::ZERO });
94 +     scratch[58]=if flags[0] { h[63] } else { QM31::ZERO };
   |

warning: unnecessary parentheses around method argument
  --> /home/dombarker/project-offloads/aspis-v8-performance-20260908.scS2Jz/crates/aspis-statement/../../docs/research/v8-no-work-100-20260907/experiments/copy_tag_shared_generated.rs:95:65
   |
95 |     scratch[59]=(if flags[0] { h[26] } else { QM31::ZERO }).add((if flags[2] { h[33] } else { QM31::ZERO }));
   |                                                                 ^                                         ^
   |
help: remove these parentheses
   |
95 -     scratch[59]=(if flags[0] { h[26] } else { QM31::ZERO }).add((if flags[2] { h[33] } else { QM31::ZERO }));
95 +     scratch[59]=(if flags[0] { h[26] } else { QM31::ZERO }).add(if flags[2] { h[33] } else { QM31::ZERO });
   |

warning: unused import: `decode_pool_v1_pair_late_public_statement_v1`
  --> /home/dombarker/project-offloads/aspis-v8-performance-20260908.scS2Jz/crates/aspis-statement/src/pool_v1/pair_forest_terminal.rs:15:5
   |
15 |     decode_pool_v1_pair_late_public_statement_v1, decode_pool_v1_pair_verified_afterstate_v1,
   |     ^^^^^^^^^^^^^^^^^^^^^^^^^^^^^^^^^^^^^^^^^^^^

warning: unused import: `pool_v1_note_commitment`
  --> /home/dombarker/project-offloads/aspis-v8-performance-20260908.scS2Jz/crates/aspis-statement/src/pool_v1/pair_trace.rs:50:5
   |
50 |     pool_v1_note_commitment, pool_v1_nullifier, pool_v1_tree_parent,
   |     ^^^^^^^^^^^^^^^^^^^^^^^

warning: unused imports: `trace_round_constant` and `trace_round_descriptor`
  --> /home/dombarker/project-offloads/aspis-v8-performance-20260908.scS2Jz/crates/aspis-statement/src/state_only_poseidon.rs:18:5
   |
18 |     trace_round_constant, trace_round_descriptor, EXTERNAL_FINAL, EXTERNAL_INITIAL, INTERNAL,
   |     ^^^^^^^^^^^^^^^^^^^^  ^^^^^^^^^^^^^^^^^^^^^^

warning: unreachable statement
   --> /home/dombarker/project-offloads/aspis-v8-performance-20260908.scS2Jz/crates/aspis-statement/src/pool_v1/pair_forest_copy_terminal.rs:364:5
    |
360 |     return pattern_values_suffix(openings, lambda);
    |     ---------------------------------------------- any code following this expression is unreachable
...
364 |     return pattern_values_windowed(openings, lambda);
    |     ^^^^^^^^^^^^^^^^^^^^^^^^^^^^^^^^^^^^^^^^^^^^^^^^^ unreachable statement
    |
    = note: `#[warn(unreachable_code)]` (part of `#[warn(unused)]`) on by default

warning: unreachable statement
   --> /home/dombarker/project-offloads/aspis-v8-performance-20260908.scS2Jz/crates/aspis-statement/src/pool_v1/pair_forest_copy_terminal.rs:783:5
    |
782 |     return research_copy_tag_split(coordinate,selectors);
    |     ---------------------------------------------------- any code following this expression is unreachable
783 |     let mut output = [M31::ZERO; 4];
    |     ^^^^^^^^^^^^^^^^^^^^^^^^^^^^^^^^ unreachable statement

warning: unreachable expression
   --> /home/dombarker/project-offloads/aspis-v8-performance-20260908.scS2Jz/crates/aspis-statement/src/pool_v1/pair_forest_copy_terminal.rs:838:5
    |
837 |     return research_copy_tag_shared(coordinate,_scratch[coordinate],selectors);
    |     -------------------------------------------------------------------------- any code following this expression is unreachable
838 |     copy_tag_coordinate_dot(coordinate, selectors)
    |     ^^^^^^^^^^^^^^^^^^^^^^^^^^^^^^^^^^^^^^^^^^^^^^ unreachable expression

warning: type `CompiledCopyLink` is more private than the item `COMPILED_COPY_LINKS`
   --> /home/dombarker/project-offloads/aspis-v8-performance-20260908.scS2Jz/crates/aspis-statement/src/state_only_terminal_constants.rs:850:1
    |
850 | pub(crate) const COMPILED_COPY_LINKS: [CompiledCopyLink; 102] = [
    | ^^^^^^^^^^^^^^^^^^^^^^^^^^^^^^^^^^^^^^^^^^^^^^^^^^^^^^^^^^^^^ constant `COMPILED_COPY_LINKS` is reachable at visibility `pub(crate)`
    |
note: but type `CompiledCopyLink` is only usable at visibility `pub(self)`
   --> /home/dombarker/project-offloads/aspis-v8-performance-20260908.scS2Jz/crates/aspis-statement/src/state_only_terminal.rs:88:1
    |
 88 | struct CompiledCopyLink {
    | ^^^^^^^^^^^^^^^^^^^^^^^
    = note: `#[warn(private_interfaces)]` on by default

warning: `aspis-core` (lib) generated 4 warnings
warning: `aspis-statement` (lib) generated 226 warnings (run `cargo fix --lib -p aspis-statement` to apply 222 suggestions)
   Compiling aspis-v8-performance-host v0.0.0 (/home/dombarker/project-offloads/aspis-v8-performance-20260908.scS2Jz/docs/research/v8-no-work-100-20260907/experiments/performance-host)
warning: unused variable: `x`
   --> ../relation_callback.rs:179:17
    |
179 | ...   for (j,(x,y)) in [(base.x,base.y),(base.x,base.y.neg()),(base.x.neg(),base.y.neg()),(base.x.neg(),base.y)].into_iter().enumer...
    |               ^ help: if this is intentional, prefix it with an underscore: `_x`
    |
    = note: `#[warn(unused_variables)]` (part of `#[warn(unused)]`) on by default

warning: unused variable: `y`
   --> ../relation_callback.rs:179:19
    |
179 | ...   for (j,(x,y)) in [(base.x,base.y),(base.x,base.y.neg()),(base.x.neg(),base.y.neg()),(base.x.neg(),base.y)].into_iter().enumer...
    |                 ^ help: if this is intentional, prefix it with an underscore: `_y`

warning: variable does not need to be mutable
   --> ../payment_extraction.rs:176:9
    |
176 |     let mut encoded:Vec<Vec<M31>>=selected.iter().map(|m|enc.encode_c1_message(m).unwrap()).collect();
    |         ----^^^^^^^
    |         |
    |         help: remove this `mut`
    |
    = note: `#[warn(unused_mut)]` (part of `#[warn(unused)]`) on by default

warning: `aspis-v8-performance-host` (bin "aspis-v8-performance-host") generated 3 warnings (run `cargo fix --bin "aspis-v8-performance-host" -p aspis-v8-performance-host` to apply 3 suggestions)
    Finished `release` profile [optimized] target(s) in 25.60s
	Command being timed: "env RUSTFLAGS=--cfg v8_complete --cfg v8_performance_fast --cfg v8_structured --cfg v8_fine_profile --cfg v8_batch_m --cfg v8_tower_batch --cfg v8_query_kernels --cfg v8_fused_rows --cfg v8_shared_weights --cfg v8_block_horner --cfg v8_gamma_wrap --cfg v8_reuse_gamma --cfg v8_grouped_linear --cfg v8_query_shared --cfg v8_range_m31 --cfg v8_range_cm31 --cfg v8_sparse_groups --cfg v8_range_dots --cfg v8_cm_schoolbook --cfg v8_prepared_schoolbook --cfg v8_quiet_profile -A dead_code -A unexpected_cfgs --cfg v8_payment_extraction --cfg v8_performance --cfg v8_qm_hybrid --cfg v8_qm_lazy_c0 --cfg v8_gamma_partial --cfg v8_qm_channel_partial --cfg v8_copy_suffix --cfg v8_copy_tag7 --cfg v8_copy_plan --cfg v8_copy_tag_split --cfg v8_copy_tag_bounded --cfg v8_copy_tag_shared --cfg v8_copy_tag_offsets --cfg v8_gamma_fixed -C overflow-checks=yes cargo build --offline --locked --release --jobs 2 --features insecure-spend-fixture,selected-v7-kernels --manifest-path /home/dombarker/project-offloads/aspis-v8-performance-20260908.scS2Jz/docs/research/v8-no-work-100-20260907/experiments/performance-host/Cargo.toml"
	User time (seconds): 32.71
	System time (seconds): 1.17
	Percent of CPU this job got: 132%
	Elapsed (wall clock) time (h:mm:ss or m:ss): 0:25.62
	Average shared text size (kbytes): 0
	Average unshared data size (kbytes): 0
	Average stack size (kbytes): 0
	Average total size (kbytes): 0
	Maximum resident set size (kbytes): 555460
	Average resident set size (kbytes): 0
	Major (requiring I/O) page faults: 75
	Minor (reclaiming a frame) page faults: 601693
	Voluntary context switches: 3400
	Involuntary context switches: 276
	Swaps: 0
	File system inputs: 1400
	File system outputs: 197960
	Socket messages sent: 0
	Socket messages received: 0
	Signals delivered: 0
	Page size (bytes): 4096
	Exit status: 0
