ahash	0.8.12	registry+https://github.com/rust-lang/crates.io-index	registry/cache/index.crates.io-1949cf8c6b5b557f/ahash-0.8.12.crate	43413	5a15f179cd60c4584b8a8c596927aadc462e27f2ca70c04e0071964a73ba7a75	registry/src/index.crates.io-1949cf8c6b5b557f/ahash-0.8.12	25	180602:0f838047a893410e9f16a3a14e9b04e446aaae3cde65c875f675cae19e62a279
aho-corasick	1.1.4	registry+https://github.com/rust-lang/crates.io-index	registry/cache/index.crates.io-1949cf8c6b5b557f/aho-corasick-1.1.4.crate	184015	ddd31a130427c27518df266943a5308ed92d4b226cc639f5a8f1002816174301	registry/src/index.crates.io-1949cf8c6b5b557f/aho-corasick-1.1.4	48	835212:c64c3e6bd8054f855b11ad16ecd53c1611d49d5e943a251550fc5b28848c4b10
android_system_properties	0.1.5	registry+https://github.com/rust-lang/crates.io-index	registry/cache/index.crates.io-1949cf8c6b5b557f/android_system_properties-0.1.5.crate	5243	819e7219dbd41043ac279b19830f2efc897156490d7fd6ea916720117ee66311	registry/src/index.crates.io-1949cf8c6b5b557f/android_system_properties-0.1.5	11	14482:f9e809bf69b0f7be7ecb9e77b6c4a355c0a43d172ac836af4b82935d92dc233b
anyhow	1.0.103	registry+https://github.com/rust-lang/crates.io-index	registry/cache/index.crates.io-1949cf8c6b5b557f/anyhow-1.0.103.crate	48746	2a4385e2e34eb35d6b3efe798b9eb88096925d87726c0798709bf56d9ed84af3	registry/src/index.crates.io-1949cf8c6b5b557f/anyhow-1.0.103	55	234132:074cac35250df2ba6d3ec7e9aab1faef10b00265444e51de429550f8e8946ca8
ark-bn254	0.4.0	registry+https://github.com/rust-lang/crates.io-index	registry/cache/index.crates.io-1949cf8c6b5b557f/ark-bn254-0.4.0.crate	11700	a22f4561524cd949590d78d7d4c5df8f592430d221f7f3c9497bbafd8972120f	registry/src/index.crates.io-1949cf8c6b5b557f/ark-bn254-0.4.0	18	36113:af2d2b445ec6f9eb125ef68a651f9e3bb51fd16eeb959472dd8658fe05d2e34c
ark-ec	0.4.2	registry+https://github.com/rust-lang/crates.io-index	registry/cache/index.crates.io-1949cf8c6b5b557f/ark-ec-0.4.2.crate	51047	defd9a439d56ac24968cca0571f598a61bc8c55f71d50a89cda591cb750670ba	registry/src/index.crates.io-1949cf8c6b5b557f/ark-ec-0.4.2	47	243413:ffad7cfcdb667897992f00fa27d08f40f34a31dbc94751d5ae6d95fbfb1c314f
ark-ff	0.4.2	registry+https://github.com/rust-lang/crates.io-index	registry/cache/index.crates.io-1949cf8c6b5b557f/ark-ff-0.4.2.crate	70558	ec847af850f44ad29048935519032c33da8aa03340876d351dfab5660d2966ba	registry/src/index.crates.io-1949cf8c6b5b557f/ark-ff-0.4.2	42	337119:a3086b645196f3e20137ff2e7937296ab451e5f2b7eeafd0c4d80028c2a7f251
ark-ff-asm	0.4.2	registry+https://github.com/rust-lang/crates.io-index	registry/cache/index.crates.io-1949cf8c6b5b557f/ark-ff-asm-0.4.2.crate	8716	3ed4aa4fe255d0bc6d79373f7e31d2ea147bcf486cba1be5ba7ea85abdb92348	registry/src/index.crates.io-1949cf8c6b5b557f/ark-ff-asm-0.4.2	9	27678:7ad77c7164c5e5bd6d8b44b8fec923fdfbf0ea01075fe795252a1459bee09f0f
ark-ff-macros	0.4.2	registry+https://github.com/rust-lang/crates.io-index	registry/cache/index.crates.io-1949cf8c6b5b557f/ark-ff-macros-0.4.2.crate	14480	7abe79b0e4288889c4574159ab790824d0033b9fdcb2a112a3182fac2e514565	registry/src/index.crates.io-1949cf8c6b5b557f/ark-ff-macros-0.4.2	16	49368:acf1cbb71ad7e0cc40b943d06bc8571f3d4bf5e324fafb13820db0d399904758
ark-poly	0.4.2	registry+https://github.com/rust-lang/crates.io-index	registry/cache/index.crates.io-1949cf8c6b5b557f/ark-poly-0.4.2.crate	46197	d320bfc44ee185d899ccbadfa8bc31aab923ce1558716e1997a1e74057fe86bf	registry/src/index.crates.io-1949cf8c6b5b557f/ark-poly-0.4.2	27	228631:e6fdab411a1e36befca970c7e2e2b0f2d467d687d2ba6a7c79e315f17ef679a1
ark-serialize	0.4.2	registry+https://github.com/rust-lang/crates.io-index	registry/cache/index.crates.io-1949cf8c6b5b557f/ark-serialize-0.4.2.crate	13701	adb7b85a02b83d2f22f89bd5cac66c9c89474240cb6207cb1efc16d098e822a5	registry/src/index.crates.io-1949cf8c6b5b557f/ark-serialize-0.4.2	11	58553:348cb02cfebe119786c5a71707bd9182fa42f5fb1849644d31ad91f43646023c
ark-serialize-derive	0.4.2	registry+https://github.com/rust-lang/crates.io-index	registry/cache/index.crates.io-1949cf8c6b5b557f/ark-serialize-derive-0.4.2.crate	7361	ae3281bc6d0fd7e549af32b52511e1302185bd688fd3359fa36423346ff682ea	registry/src/index.crates.io-1949cf8c6b5b557f/ark-serialize-derive-0.4.2	9	23933:e35c659613db70457b7f151f79f4cf789236da868275d0937f4f9979661b7c2f
ark-std	0.4.0	registry+https://github.com/rust-lang/crates.io-index	registry/cache/index.crates.io-1949cf8c6b5b557f/ark-std-0.4.0.crate	18756	94893f1e0c6eeab764ade8dc4c0db24caf4fe7cbbaafc0eba0a9030f447b5185	registry/src/index.crates.io-1949cf8c6b5b557f/ark-std-0.4.0	15	65899:18db81c74f16113c9796ec413e111014ae86dd887906fa6bbd6dfb505a1bdd99
arrayref	0.3.9	registry+https://github.com/rust-lang/crates.io-index	registry/cache/index.crates.io-1949cf8c6b5b557f/arrayref-0.3.9.crate	9186	76a2e8124351fda1ef8aaaa3bbd7ebbcb486bbcd4225aca0aa0d84bb2db8fecb	registry/src/index.crates.io-1949cf8c6b5b557f/arrayref-0.3.9	14	30014:f3fc7676534cb0ad01e15ab1d78da812b09d3306078c9795dc1941eb03306dae
arrayvec	0.7.8	registry+https://github.com/rust-lang/crates.io-index	registry/cache/index.crates.io-1949cf8c6b5b557f/arrayvec-0.7.8.crate	33260	d3fb67a6e08acf24fdeccbac2cb6ac4305825bd1f117462e0e6f2f193345ad56	registry/src/index.crates.io-1949cf8c6b5b557f/arrayvec-0.7.8	23	132516:207ddca6e7c0da058b7fef0c01943ff1334ce4e74f73f5767316c5948d8ef5bf
atomic-waker	1.1.2	registry+https://github.com/rust-lang/crates.io-index	registry/cache/index.crates.io-1949cf8c6b5b557f/atomic-waker-1.1.2.crate	12422	1505bd5d3d116872e7271a6d4e16d81d0c8570876c8de68093a09ac269d8aac0	registry/src/index.crates.io-1949cf8c6b5b557f/atomic-waker-1.1.2	12	39106:a1e602935141861d0c41e004651911389cf53f46c5a3a733985f704fc610fc3a
atty	0.2.14	registry+https://github.com/rust-lang/crates.io-index	registry/cache/index.crates.io-1949cf8c6b5b557f/atty-0.2.14.crate	5470	d9b39be18770d11421cdb1b9947a45dd3f37e93092cbf377614828a319d5fee8	registry/src/index.crates.io-1949cf8c6b5b557f/atty-0.2.14	12	14572:cd7d8e25433b466077e31c6a853adb2a6abd968f95bf014b88974d1c92fa6038
autocfg	1.5.1	registry+https://github.com/rust-lang/crates.io-index	registry/cache/index.crates.io-1949cf8c6b5b557f/autocfg-1.5.1.crate	18911	f2032f911046de80f0a198e0901378627c33f59ea0ac00e363d481118bd70a53	registry/src/index.crates.io-1949cf8c6b5b557f/autocfg-1.5.1	24	62101:7609435b2daf8955faebffe70e9005a47f9dd3f1c793ee34694017bada8ca9ff
base64	0.12.3	registry+https://github.com/rust-lang/crates.io-index	registry/cache/index.crates.io-1949cf8c6b5b557f/base64-0.12.3.crate	57545	3441f0f7b02788e948e47f457ca01f1d7e6d92c693bc132c22b087d3141c03ff	registry/src/index.crates.io-1949cf8c6b5b557f/base64-0.12.3	31	291616:66c71dee854ce1c9a7785c339f1ae7b516fa13d09dda8c0324ce4283a216a359
base64	0.22.1	registry+https://github.com/rust-lang/crates.io-index	registry/cache/index.crates.io-1949cf8c6b5b557f/base64-0.22.1.crate	81597	72b3254f16251a8381aa12e40e3c4d2f0199f8c6508fbecb9d91f575e0fbb8c6	registry/src/index.crates.io-1949cf8c6b5b557f/base64-0.22.1	39	341989:c9efeaa078eb63432ab3691fca695495f6ff6c91b874e53ad73d8caea02f7c95
bincode	1.3.3	registry+https://github.com/rust-lang/crates.io-index	registry/cache/index.crates.io-1949cf8c6b5b557f/bincode-1.3.3.crate	28958	b1f45e9417d87227c7a56d22e471c6206462cba514c7590c09aff4cf6d1ddcad	registry/src/index.crates.io-1949cf8c6b5b557f/bincode-1.3.3	24	153803:2deba47db13b9b60b3916d9e5302fd487631b70c8e2bd99dc6e1468d84ffcb53
bit-set	0.8.0	registry+https://github.com/rust-lang/crates.io-index	registry/cache/index.crates.io-1949cf8c6b5b557f/bit-set-0.8.0.crate	16289	08807e080ed7f9d5433fa9b275196cfc35414f66a0c79d864dc51a0d825231a3	registry/src/index.crates.io-1949cf8c6b5b557f/bit-set-0.8.0	13	68201:22152467c525fda5ff210ef0ba203d365d0bc9798cabae3c75723e83a5b985bb
bit-vec	0.8.0	registry+https://github.com/rust-lang/crates.io-index	registry/cache/index.crates.io-1949cf8c6b5b557f/bit-vec-0.8.0.crate	24132	5e764a1d40d510daf35e07be9eb06e75770908c27d411ee6c92109c9840eaaf7	registry/src/index.crates.io-1949cf8c6b5b557f/bit-vec-0.8.0	15	123594:370cbc77ab4614ef35782399eb8703965088c26e5ce036fcc4a34e7d195eb87f
bitflags	2.13.0	registry+https://github.com/rust-lang/crates.io-index	registry/cache/index.crates.io-1949cf8c6b5b557f/bitflags-2.13.0.crate	51280	b4388bee8683e3d04af747c73422af53102d2bd24d9eadb6cbc100baef4b43f8	registry/src/index.crates.io-1949cf8c6b5b557f/bitflags-2.13.0	65	243758:926483cdb073647bf5738d57b676a8bd07a66f7f608004b91c2c889d62f3d613
blake3	1.5.5	registry+https://github.com/rust-lang/crates.io-index	registry/cache/index.crates.io-1949cf8c6b5b557f/blake3-1.5.5.crate	181134	b8ee0c1824c4dea5b5f81736aff91bae041d2c07ee1192bec91054e10e3e601e	registry/src/index.crates.io-1949cf8c6b5b557f/blake3-1.5.5	69	1531620:bc827d3f6d8703b65c0a3f1ab7ca4d116a9c74e7fa8a5f64ad1507b521ada93f
block-buffer	0.10.4	registry+https://github.com/rust-lang/crates.io-index	registry/cache/index.crates.io-1949cf8c6b5b557f/block-buffer-0.10.4.crate	10538	3078c7629b62d3f0439517fa394996acacc5cbc91c5a20d8c658e77abd503a71	registry/src/index.crates.io-1949cf8c6b5b557f/block-buffer-0.10.4	11	35045:8bef84d9eb95a4f272e4a193e638c98ce0a419c0e90674da8d0665e86ee88316
block-buffer	0.9.0	registry+https://github.com/rust-lang/crates.io-index	registry/cache/index.crates.io-1949cf8c6b5b557f/block-buffer-0.9.0.crate	7108	4152116fd6e9dadb291ae18fc1ec3575ed6d84c29642d97890f4b4a3417297e4	registry/src/index.crates.io-1949cf8c6b5b557f/block-buffer-0.9.0	7	20811:16ba30220d05676cb8a919cfd255b69d0c7cdcc16f392b17883c8e5dc388c408
borsh	0.10.4	registry+https://github.com/rust-lang/crates.io-index	registry/cache/index.crates.io-1949cf8c6b5b557f/borsh-0.10.4.crate	31326	115e54d64eb62cdebad391c19efc9dce4981c690c85a33a12199d99bb9546fee	registry/src/index.crates.io-1949cf8c6b5b557f/borsh-0.10.4	36	149341:a21abafd77306a97bf8d930302049c3c9846eb1c378b1755c9e38a86be5c3403
borsh	1.5.7	registry+https://github.com/rust-lang/crates.io-index	registry/cache/index.crates.io-1949cf8c6b5b557f/borsh-1.5.7.crate	78062	ad8646f98db542e39fc66e68a20b2144f6a732636df7c2354e74645faaa433ce	registry/src/index.crates.io-1949cf8c6b5b557f/borsh-1.5.7	92	417540:70ee46d822a9c55a240728ee260a9864013f70a0b6607b031de7d0fd044ef21e
borsh-derive	0.10.4	registry+https://github.com/rust-lang/crates.io-index	registry/cache/index.crates.io-1949cf8c6b5b557f/borsh-derive-0.10.4.crate	3081	831213f80d9423998dd696e2c5345aba6be7a0bd8cd19e31c5243e13df1cef89	registry/src/index.crates.io-1949cf8c6b5b557f/borsh-derive-0.10.4	6	8418:29e5f0a4677a48aedb8679d969a27751b984b788bf61a218d6bab75a3ca44d4d
borsh-derive	1.5.7	registry+https://github.com/rust-lang/crates.io-index	registry/cache/index.crates.io-1949cf8c6b5b557f/borsh-derive-1.5.7.crate	27246	fdd1d3c0c2f5833f22386f252fe8ed005c7f59fdcddeef025c01b4c3b9fd9ac3	registry/src/index.crates.io-1949cf8c6b5b557f/borsh-derive-1.5.7	30	172175:2053da1fb6bb935f20186e63d8b2fad90ac83a185a0319e288816e42f22a89de
borsh-derive-internal	0.10.4	registry+https://github.com/rust-lang/crates.io-index	registry/cache/index.crates.io-1949cf8c6b5b557f/borsh-derive-internal-0.10.4.crate	5330	65d6ba50644c98714aa2a70d13d7df3cd75cd2b523a2b452bf010443800976b3	registry/src/index.crates.io-1949cf8c6b5b557f/borsh-derive-internal-0.10.4	13	24745:3c51d4f28f49ec1c7878b7f71848ce3dc9d2411682182557e9477606f0835d52
borsh-schema-derive-internal	0.10.4	registry+https://github.com/rust-lang/crates.io-index	registry/cache/index.crates.io-1949cf8c6b5b557f/borsh-schema-derive-internal-0.10.4.crate	6369	276691d96f063427be83e6692b86148e488ebba9f48f77788724ca027ba3b6d4	registry/src/index.crates.io-1949cf8c6b5b557f/borsh-schema-derive-internal-0.10.4	9	41309:40e06b040f6dbac6fb082fd0c5ba9232477d90dd7de7d1b4bb051f235c1e1536
bs58	0.5.1	registry+https://github.com/rust-lang/crates.io-index	registry/cache/index.crates.io-1949cf8c6b5b557f/bs58-0.5.1.crate	28483	bf88ba1141d185c399bee5288d850d63b8369520c1eafc32a0430b5b6c287bf4	registry/src/index.crates.io-1949cf8c6b5b557f/bs58-0.5.1	25	116921:68551bc8937a3bb0f8eb3205fdba56483e057776465b386a75b00ca7153fe760
bumpalo	3.20.3	registry+https://github.com/rust-lang/crates.io-index	registry/cache/index.crates.io-1949cf8c6b5b557f/bumpalo-3.20.3.crate	98671	72f5acc6cb2ba439de613abc23857ec3d78374d8ed5ac84e9d11336e87da8649	registry/src/index.crates.io-1949cf8c6b5b557f/bumpalo-3.20.3	21	424356:e9d080378cac77acd0438f545b33405ae83f6aa4add576fcc5cc655ad29d3d5c
bv	0.11.1	registry+https://github.com/rust-lang/crates.io-index	registry/cache/index.crates.io-1949cf8c6b5b557f/bv-0.11.1.crate	42061	8834bb1d8ee5dc048ee3124f2c7c1afcc6bc9aed03f11e9dfd8c69470a5db340	registry/src/index.crates.io-1949cf8c6b5b557f/bv-0.11.1	42	205971:15ed705d3221db8a7d27c7097ebdb37d1e9d6353de2ea882807b0eb83284f985
bytemuck	1.25.0	registry+https://github.com/rust-lang/crates.io-index	registry/cache/index.crates.io-1949cf8c6b5b557f/bytemuck-1.25.0.crate	53466	c8efb64bd706a16a1bdde310ae86b351e4d21550d98d056f22f8a7f7a2183fec	registry/src/index.crates.io-1949cf8c6b5b557f/bytemuck-1.25.0	39	228552:16dec78de624bd0ee096539b4e8b3654a56bd65e6e148aab9c304f4c528da247
bytemuck_derive	1.10.2	registry+https://github.com/rust-lang/crates.io-index	registry/cache/index.crates.io-1949cf8c6b5b557f/bytemuck_derive-1.10.2.crate	25678	f9abbd1bc6865053c427f7198e6af43bfdedc55ab791faed4fbd361d789575ff	registry/src/index.crates.io-1949cf8c6b5b557f/bytemuck_derive-1.10.2	13	107616:c0a7b6550bd07982d85a95ac86e564021afd8900c31b47e9491eda0d31cfb9a7
byteorder	1.5.0	registry+https://github.com/rust-lang/crates.io-index	registry/cache/index.crates.io-1949cf8c6b5b557f/byteorder-1.5.0.crate	23288	1fd0f2584146f6f2ef48085050886acf353beff7305ebd1ae69500e27c67f64b	registry/src/index.crates.io-1949cf8c6b5b557f/byteorder-1.5.0	15	185495:8ecca1cf5cf4959bbc3dfbd10eeaa18bc75e3cf31c668492ad040eac1a45ee7c
bytes	1.12.0	registry+https://github.com/rust-lang/crates.io-index	registry/cache/index.crates.io-1949cf8c6b5b557f/bytes-1.12.0.crate	75441	8ae3f5d315924270530207e2a68396c3cc547f6dca3fbdca317cfb1a51edb593	registry/src/index.crates.io-1949cf8c6b5b557f/bytes-1.12.0	41	400662:22ff85afe313e6a08aa25568649f87fc62cbcfc4b558297eaadc6e8a1ffda6c8
cc	1.2.65	registry+https://github.com/rust-lang/crates.io-index	registry/cache/index.crates.io-1949cf8c6b5b557f/cc-1.2.65.crate	95435	e228eec9be7c17ccb640b59b36a5cd805ea2a564a4c5e162c2f659fea30d3b96	registry/src/index.crates.io-1949cf8c6b5b557f/cc-1.2.65	28	392919:555078df432874774a81130bfee45ded9ffb17aa1529c0a6d2b83f2334339175
cfg-if	1.0.4	registry+https://github.com/rust-lang/crates.io-index	registry/cache/index.crates.io-1949cf8c6b5b557f/cfg-if-1.0.4.crate	9360	9330f8b2ff13f34540b44e946ef35111825727b38d33286ef986142615121801	registry/src/index.crates.io-1949cf8c6b5b557f/cfg-if-1.0.4	15	25728:6bd0c485ca12f466119f7de1440247633935b18ec1e3ab5751f64effe7c80b17
cfg_aliases	0.2.1	registry+https://github.com/rust-lang/crates.io-index	registry/cache/index.crates.io-1949cf8c6b5b557f/cfg_aliases-0.2.1.crate	6355	613afe47fcd5fac7ccf1db93babcb082c5994d996f20b8b159f2ad1658eb5724	registry/src/index.crates.io-1949cf8c6b5b557f/cfg_aliases-0.2.1	10	22447:463a41593f2adec9b0250b8d42ca4049cbd38a779459dcc49e0956fb7a22035e
cfg_eval	0.1.2	registry+https://github.com/rust-lang/crates.io-index	registry/cache/index.crates.io-1949cf8c6b5b557f/cfg_eval-0.1.2.crate	12944	45565fc9416b9896014f5732ac776f810ee53a66730c17e4020c3ec064a8f88f	registry/src/index.crates.io-1949cf8c6b5b557f/cfg_eval-0.1.2	18	40095:82235e4718b95369dba2ea808c06fba73ee27cb4884a2ae23ae67623b57395e8
chrono	0.4.45	registry+https://github.com/rust-lang/crates.io-index	registry/cache/index.crates.io-1949cf8c6b5b557f/chrono-0.4.45.crate	240866	1aa79e62e7697b8e29b513a68abacf485adcd1fe8284a4316c5ae868e6633327	registry/src/index.crates.io-1949cf8c6b5b557f/chrono-0.4.45	52	1366174:7568d79a16724abe649e27b2f3e14fcc2a31ebeec397c1064fc66fc7c4d8cb76
console_error_panic_hook	0.1.7	registry+https://github.com/rust-lang/crates.io-index	registry/cache/index.crates.io-1949cf8c6b5b557f/console_error_panic_hook-0.1.7.crate	507196	a06aeb73f470f66dcdbf7223caeebb85984942f22f1adb2a088cf9668146bbbc	registry/src/index.crates.io-1949cf8c6b5b557f/console_error_panic_hook-0.1.7	18	541973:7b0c34a66d5f0ca639f091323b2f1f6728e3ef2db901b1c7173b8557ac234f3b
console_log	0.2.2	registry+https://github.com/rust-lang/crates.io-index	registry/cache/index.crates.io-1949cf8c6b5b557f/console_log-0.2.2.crate	28932	e89f72f65e8501878b8a004d5a1afb780987e2ce2b4532c562e367a72c57499f	registry/src/index.crates.io-1949cf8c6b5b557f/console_log-0.2.2	12	44092:385b5bbf6fba2e3dac999fddc5a4d08f11b23d6e6205c69c813bf2d67fef4ac8
constant_time_eq	0.3.1	registry+https://github.com/rust-lang/crates.io-index	registry/cache/index.crates.io-1949cf8c6b5b557f/constant_time_eq-0.3.1.crate	11561	7c74b8349d32d297c9134b8c88677813a227df8f779daa29bfc29c183fe3dca6	registry/src/index.crates.io-1949cf8c6b5b557f/constant_time_eq-0.3.1	14	37799:9ebed640956be742e5147250385f00f10dd12f26653ca1edc1c49faad748ae49
core-foundation-sys	0.8.7	registry+https://github.com/rust-lang/crates.io-index	registry/cache/index.crates.io-1949cf8c6b5b557f/core-foundation-sys-0.8.7.crate	37712	773648b94d0e5d620f64f280777445740e61fe701025087ec8b57f45c791888b	registry/src/index.crates.io-1949cf8c6b5b557f/core-foundation-sys-0.8.7	46	234059:e357677be461efc23c228e0847533eec575551f777084d908e6632596eab00cc
cpufeatures	0.2.17	registry+https://github.com/rust-lang/crates.io-index	registry/cache/index.crates.io-1949cf8c6b5b557f/cpufeatures-0.2.17.crate	13466	59ed5838eebb26a2bb2e58f6d5b5316989ae9d08bab10e0e6d103e656d1b0280	registry/src/index.crates.io-1949cf8c6b5b557f/cpufeatures-0.2.17	17	44350:cdeed89c4e79d842082a4dc8a0f9c7a67a549eaf019befaae482f65d28e93a37
crunchy	0.2.4	registry+https://github.com/rust-lang/crates.io-index	registry/cache/index.crates.io-1949cf8c6b5b557f/crunchy-0.2.4.crate	3887	460fbee9c2c2f33933d720630a6a0bac33ba7053db5344fac858d4b8952d77d5	registry/src/index.crates.io-1949cf8c6b5b557f/crunchy-0.2.4	10	11952:b8be9ce5febea16246cc5f8d7a6af2d9c3b3506e5397bbef0a20dc21d1228266
crypto-common	0.1.7	registry+https://github.com/rust-lang/crates.io-index	registry/cache/index.crates.io-1949cf8c6b5b557f/crypto-common-0.1.7.crate	9619	78c8292055d1c1df0cce5d180393dc8cce0abec0a7102adb6c7b1eef6016d60a	registry/src/index.crates.io-1949cf8c6b5b557f/crypto-common-0.1.7	10	28572:54049414275bba79403dd09e8b21a69bcc189ffd2819bb9c83bd678f8e3c4f09
crypto-mac	0.8.0	registry+https://github.com/rust-lang/crates.io-index	registry/cache/index.crates.io-1949cf8c6b5b557f/crypto-mac-0.8.0.crate	9115	b584a330336237c1eecd3e94266efb216c56ed91225d634cb2991c5f3fd1aeab	registry/src/index.crates.io-1949cf8c6b5b557f/crypto-mac-0.8.0	11	24462:930f3b325081cb27fdfdc6d719516ebd599a3b4a4169b8a15451890e4c71f073
curve25519-dalek	3.2.0	registry+https://github.com/rust-lang/crates.io-index	registry/cache/index.crates.io-1949cf8c6b5b557f/curve25519-dalek-3.2.0.crate	517530	0b9fdf9972b2bd6af2d913799d9ebc165ea4d2e65878e329d9c6b372c4491b61	registry/src/index.crates.io-1949cf8c6b5b557f/curve25519-dalek-3.2.0	66	1518102:bad739bbf2823cd6c953331f1047fc71869d942cdfb5002452230acc81769283
curve25519-dalek	4.1.3	registry+https://github.com/rust-lang/crates.io-index	registry/cache/index.crates.io-1949cf8c6b5b557f/curve25519-dalek-4.1.3.crate	306017	97fb8b7c4503de7d6ae7b42ab72a5a59857b4c937ec27a3d4539dba95b5ab2be	registry/src/index.crates.io-1949cf8c6b5b557f/curve25519-dalek-4.1.3	64	1289398:72f94af930b84647e2e9037704a0cbd815ab31c5add96b37b65edf7d61a15ec6
curve25519-dalek-derive	0.1.1	registry+https://github.com/rust-lang/crates.io-index	registry/cache/index.crates.io-1949cf8c6b5b557f/curve25519-dalek-derive-0.1.1.crate	11723	f46882e17999c6cc590af592290432be3bce0428cb0d5f8b6715e4dc7b383eb3	registry/src/index.crates.io-1949cf8c6b5b557f/curve25519-dalek-derive-0.1.1	10	41386:6df11a3d1243b0f3b10dc116b4e61ab476498e8716c56f5d04495228dc485f79
darling	0.23.0	registry+https://github.com/rust-lang/crates.io-index	registry/cache/index.crates.io-1949cf8c6b5b557f/darling-0.23.0.crate	43298	25ae13da2f202d56bd7f91c25fba009e7717a1e4a1cc98a76d844b65ae912e9d	registry/src/index.crates.io-1949cf8c6b5b557f/darling-0.23.0	86	165960:f84585b1a231abb08e472f8cff8be11e1ad6302578361be4b5fd995d40650d44
darling_core	0.23.0	registry+https://github.com/rust-lang/crates.io-index	registry/cache/index.crates.io-1949cf8c6b5b557f/darling_core-0.23.0.crate	74564	9865a50f7c335f53564bb694ef660825eb8610e0a53d3e11bf1b0d3df31e03b0	registry/src/index.crates.io-1949cf8c6b5b557f/darling_core-0.23.0	78	341174:a05d41d12f6691e29a2bf3c24998f7364eb1a5774650cf7d5a71d14b51de2557
darling_macro	0.23.0	registry+https://github.com/rust-lang/crates.io-index	registry/cache/index.crates.io-1949cf8c6b5b557f/darling_macro-0.23.0.crate	2480	ac3984ec7bd6cfa798e62b4a642426a5be0e68f9401cfc2a01e3fa9ea2fcdb8d	registry/src/index.crates.io-1949cf8c6b5b557f/darling_macro-0.23.0	7	5884:9ef143821f45f92f14f6344d3a8086dc249f65d9734b14c2c4fe211b3f9269cb
derivation-path	0.2.0	registry+https://github.com/rust-lang/crates.io-index	registry/cache/index.crates.io-1949cf8c6b5b557f/derivation-path-0.2.0.crate	5214	6e5c37193a1db1d8ed868c03ec7b152175f26160a5b740e5e484143877e0adf0	registry/src/index.crates.io-1949cf8c6b5b557f/derivation-path-0.2.0	9	28206:5e435da4c31f1188b23b451aa64bf2df6a8a238fc53e8ac1f1654aef494e9034
derivative	2.2.0	registry+https://github.com/rust-lang/crates.io-index	registry/cache/index.crates.io-1949cf8c6b5b557f/derivative-2.2.0.crate	48076	fcc3dd5e9e9c0b295d6e1e4d811fb6f157d5ffd784b8d202fc62eac8035a770b	registry/src/index.crates.io-1949cf8c6b5b557f/derivative-2.2.0	127	259866:6751d935efac148d28cc988b03d6a98277e2741dfe0c1b8770b7564752403161
digest	0.10.7	registry+https://github.com/rust-lang/crates.io-index	registry/cache/index.crates.io-1949cf8c6b5b557f/digest-0.10.7.crate	19557	9ed9a281f7bc9b7576e61468ba615a66a5c8cfdff42420a70aa82701a3b1e292	registry/src/index.crates.io-1949cf8c6b5b557f/digest-0.10.7	22	87402:28e0b19817715e438c92ef12555786fa85e47236e347de560d87b6801fb5d33d
digest	0.9.0	registry+https://github.com/rust-lang/crates.io-index	registry/cache/index.crates.io-1949cf8c6b5b557f/digest-0.9.0.crate	13247	d3dd60d1080a57a05ab032377049e0591415d2b31afd7028356dbf3cc6dcb066	registry/src/index.crates.io-1949cf8c6b5b557f/digest-0.9.0	16	45163:0db53e3d4ae78ee4227f21679194278d2226ffde2a5d40d50adfcdec84b11b6a
displaydoc	0.2.6	registry+https://github.com/rust-lang/crates.io-index	registry/cache/index.crates.io-1949cf8c6b5b557f/displaydoc-0.2.6.crate	21191	1ac70aa55017e108007fbaf5aa0f54b021c98f92ff8af59d42eda9da96e3dd4f	registry/src/index.crates.io-1949cf8c6b5b557f/displaydoc-0.2.6	26	74391:4b84d27ab819b9cdf9fa3817eab352b80840f7456e276967b007b696c8573dd7
ed25519	1.5.3	registry+https://github.com/rust-lang/crates.io-index	registry/cache/index.crates.io-1949cf8c6b5b557f/ed25519-1.5.3.crate	17118	91cff35c70bba8a626e3185d8cd48cc11b5437e1a5bcd15b9b5fa3c64b6dfee7	registry/src/index.crates.io-1949cf8c6b5b557f/ed25519-1.5.3	20	60601:cb91485c123bf90c39898d2ab59c46d6c01d79d7ecd1c14908e9ae974c4c052c
ed25519-dalek	1.0.1	registry+https://github.com/rust-lang/crates.io-index	registry/cache/index.crates.io-1949cf8c6b5b557f/ed25519-dalek-1.0.1.crate	29460	c762bae6dcaf24c4c84667b8579785430908723d5c889f469d76a41d59cc7a9d	registry/src/index.crates.io-1949cf8c6b5b557f/ed25519-dalek-1.0.1	17	122400:fd78b91b8662b72f2040cba1c4fc1c15bbaf3a03e35273f4241fe693bde551f5
ed25519-dalek-bip32	0.2.0	registry+https://github.com/rust-lang/crates.io-index	registry/cache/index.crates.io-1949cf8c6b5b557f/ed25519-dalek-bip32-0.2.0.crate	5581	9d2be62a4061b872c8c0873ee4fc6f101ce7b889d039f019c5fa2af471a59908	registry/src/index.crates.io-1949cf8c6b5b557f/ed25519-dalek-bip32-0.2.0	9	22567:99cb28358bce4e383955a4647044e427b45e4f1d4cecb795e0708ec1e33f7ac1
either	1.16.0	registry+https://github.com/rust-lang/crates.io-index	registry/cache/index.crates.io-1949cf8c6b5b557f/either-1.16.0.crate	21248	91622ff5e7162018101f2fea40d6ebf4a78bbe5a49736a2020649edf9693679e	registry/src/index.crates.io-1949cf8c6b5b557f/either-1.16.0	16	90014:bf335724c740da392e59612bd5d057437aa8b28a872731771f37d2bd59586963
env_logger	0.9.3	registry+https://github.com/rust-lang/crates.io-index	registry/cache/index.crates.io-1949cf8c6b5b557f/env_logger-0.9.3.crate	33291	a12e6657c4c97ebab115a42dcee77225f7f482cdd841cf7088c657a42e9e00e7	registry/src/index.crates.io-1949cf8c6b5b557f/env_logger-0.9.3	26	149289:8961f9f8152c59ecfd715b273eb4ce1320e602a04f6a7a6d66e0f45bcc278864
equivalent	1.0.2	registry+https://github.com/rust-lang/crates.io-index	registry/cache/index.crates.io-1949cf8c6b5b557f/equivalent-1.0.2.crate	7419	877a4ace8713b0bcf2a4e7eec82529c029f1d0619886d18145fea96c3ffe5c0f	registry/src/index.crates.io-1949cf8c6b5b557f/equivalent-1.0.2	11	19230:7c303b03d4668a4b5b96a1912ee7ecbe84818515fd0b512b4cc8ec4659d97e96
errno	0.3.14	registry+https://github.com/rust-lang/crates.io-index	registry/cache/index.crates.io-1949cf8c6b5b557f/errno-0.3.14.crate	12002	39cab71617ae0d63f51a36d69f866391735b51691dbda63cf6f96d042b63efeb	registry/src/index.crates.io-1949cf8c6b5b557f/errno-0.3.14	19	37659:c10d061bec0e665965fe18b8e08d9b70a837a02dd2882b59f5850153fcdb8449
fastrand	2.4.1	registry+https://github.com/rust-lang/crates.io-index	registry/cache/index.crates.io-1949cf8c6b5b557f/fastrand-2.4.1.crate	20773	9f1f227452a390804cdb637b74a86990f2a7d7ba4b7d5693aac9b4dd6defd8d6	registry/src/index.crates.io-1949cf8c6b5b557f/fastrand-2.4.1	14	74329:7d736fbcf17921c4b66e83c0fd8f051860dbfb0b90815328ddbdb11cb0eeb831
feature-probe	0.1.1	registry+https://github.com/rust-lang/crates.io-index	registry/cache/index.crates.io-1949cf8c6b5b557f/feature-probe-0.1.1.crate	7622	835a3dc7d1ec9e75e2b5fb4ba75396837112d2060b03f7d43bc1897c7f7211da	registry/src/index.crates.io-1949cf8c6b5b557f/feature-probe-0.1.1	11	21035:356d2380e35917288c1fb8e4db47ae1a1279d174a626873ae8a8dbd9531802d3
fiat-crypto	0.2.9	registry+https://github.com/rust-lang/crates.io-index	registry/cache/index.crates.io-1949cf8c6b5b557f/fiat-crypto-0.2.9.crate	495390	28dea519a9695b9977216879a3ebfddf92f1c08c05d984f8996aecd6ecdc811d	registry/src/index.crates.io-1949cf8c6b5b557f/fiat-crypto-0.2.9	40	3705209:2dd3329ebd21de6e7c1d21c1e29788fbbfdb8ed58f199222b008ae065e4e87ec
find-msvc-tools	0.1.9	registry+https://github.com/rust-lang/crates.io-index	registry/cache/index.crates.io-1949cf8c6b5b557f/find-msvc-tools-0.1.9.crate	31493	5baebc0774151f905a1a2cc41989300b1e6fbb29aff0ceffa1064fdd3088d582	registry/src/index.crates.io-1949cf8c6b5b557f/find-msvc-tools-0.1.9	19	116373:52ea068d7fe7ab173f9433d394968d976a2d8cef3f378d16f9f2a5f9cde0a562
five8	0.2.1	registry+https://github.com/rust-lang/crates.io-index	registry/cache/index.crates.io-1949cf8c6b5b557f/five8-0.2.1.crate	19809	a75b8549488b4715defcb0d8a8a1c1c76a80661b5fa106b4ca0e7fce59d7d875	registry/src/index.crates.io-1949cf8c6b5b557f/five8-0.2.1	12	80836:d35b54ac3cb49bbb66433880d28bb6e9ec958d9f8497320f3dec288a2f3e779c
five8_const	0.1.4	registry+https://github.com/rust-lang/crates.io-index	registry/cache/index.crates.io-1949cf8c6b5b557f/five8_const-0.1.4.crate	3698	26dec3da8bc3ef08f2c04f61eab298c3ab334523e55f076354d6d6f613799a7b	registry/src/index.crates.io-1949cf8c6b5b557f/five8_const-0.1.4	7	11033:3dead275d17760a172eca5002032c6a2d60cde0a8372b996506bcae7de5cbd34
five8_core	0.1.2	registry+https://github.com/rust-lang/crates.io-index	registry/cache/index.crates.io-1949cf8c6b5b557f/five8_core-0.1.2.crate	3332	2551bf44bc5f776c15044b9b94153a00198be06743e262afaaa61f11ac7523a5	registry/src/index.crates.io-1949cf8c6b5b557f/five8_core-0.1.2	8	7818:536a6c6a4be90ab06511a1cc593f21edfabf494aae41d5e9f7d6192c34b5ee41
fnv	1.0.7	registry+https://github.com/rust-lang/crates.io-index	registry/cache/index.crates.io-1949cf8c6b5b557f/fnv-1.0.7.crate	11266	3f9eec918d3f24069decb9af1554cad7c880e2da24a9afd88aca000531ab82c1	registry/src/index.crates.io-1949cf8c6b5b557f/fnv-1.0.7	10	34909:7dd47c15177bc9d7625df567d479be83d3a5dfde17e3b58e2640d110f3893446
foreign-types	0.3.2	registry+https://github.com/rust-lang/crates.io-index	registry/cache/index.crates.io-1949cf8c6b5b557f/foreign-types-0.3.2.crate	7504	f6f339eb8adc052cd2ca78910fda869aefa38d22d5cb648e6485e4d3fc06f3b1	registry/src/index.crates.io-1949cf8c6b5b557f/foreign-types-0.3.2	7	22753:f57277bc5eea77164a1bb91f460e0f5fefdb970500afbdc5f66753a5ba2ff8ed
foreign-types-shared	0.1.1	registry+https://github.com/rust-lang/crates.io-index	registry/cache/index.crates.io-1949cf8c6b5b557f/foreign-types-shared-0.1.1.crate	5672	00b0228411908ca8685dba7fc2cdd70ec9990a6e753e89b6ac91a84c40fbaf4b	registry/src/index.crates.io-1949cf8c6b5b557f/foreign-types-shared-0.1.1	6	14978:220e04cbccf558151b1e3e8098aaaa3f6f8e56f1852fc15e9988f9660993c109
form_urlencoded	1.2.2	registry+https://github.com/rust-lang/crates.io-index	registry/cache/index.crates.io-1949cf8c6b5b557f/form_urlencoded-1.2.2.crate	9347	cb4cb245038516f5f85277875cdaa4f7d2c9a0fa0468de06ed190163b1581fcf	registry/src/index.crates.io-1949cf8c6b5b557f/form_urlencoded-1.2.2	8	27879:19d1d4cc5cca8ed0a2de01ca65da8db9e53d9eece04ec663acd959b34bedf663
futures-channel	0.3.32	registry+https://github.com/rust-lang/crates.io-index	registry/cache/index.crates.io-1949cf8c6b5b557f/futures-channel-0.3.32.crate	33213	07bbe89c50d7a535e539b8c17bc0b49bdb77747034daa8087407d655f3f7cc1d	registry/src/index.crates.io-1949cf8c6b5b557f/futures-channel-0.3.32	20	141872:4347b9ad313a0109cc6a41d414a76eb52c830d71754419de15ea8247392e7e00
futures-core	0.3.32	registry+https://github.com/rust-lang/crates.io-index	registry/cache/index.crates.io-1949cf8c6b5b557f/futures-core-0.3.32.crate	14684	7e3450815272ef58cec6d564423f6e755e25379b217b0bc688e295ba24df6b1d	registry/src/index.crates.io-1949cf8c6b5b557f/futures-core-0.3.32	15	46884:e2763aedc4513d396855438803e3c87eadab4411805b3c66f81b846147a4f2cd
futures-io	0.3.32	registry+https://github.com/rust-lang/crates.io-index	registry/cache/index.crates.io-1949cf8c6b5b557f/futures-io-0.3.32.crate	9191	cecba35d7ad927e23624b22ad55235f2239cfa44fd10428eecbeba6d6a717718	registry/src/index.crates.io-1949cf8c6b5b557f/futures-io-0.3.32	9	35723:3df06681d4f91035a7b8c28228b3bf0f2a308a60d82ab0b7494951d637f5eee8
futures-sink	0.3.32	registry+https://github.com/rust-lang/crates.io-index	registry/cache/index.crates.io-1949cf8c6b5b557f/futures-sink-0.3.32.crate	8106	c39754e157331b013978ec91992bde1ac089843443c49cbc7f46150b0fad0893	registry/src/index.crates.io-1949cf8c6b5b557f/futures-sink-0.3.32	9	23780:f676e59dabeeafd60c9e9847debb9ec528751aa331705ddf124616ca04cbba0c
futures-task	0.3.32	registry+https://github.com/rust-lang/crates.io-index	registry/cache/index.crates.io-1949cf8c6b5b557f/futures-task-0.3.32.crate	11377	037711b3d59c33004d3856fbdc83b99d4ff37a24768fa1be9ce3538a1cde4393	registry/src/index.crates.io-1949cf8c6b5b557f/futures-task-0.3.32	15	40433:e3b82c12a9c45315de8b286dcc8a3848f68f02a0b131cdde70441064718971c3
futures-util	0.3.32	registry+https://github.com/rust-lang/crates.io-index	registry/cache/index.crates.io-1949cf8c6b5b557f/futures-util-0.3.32.crate	168797	389ca41296e6190b48053de0321d02a77f32f8a5d2461dd38762c0593805c6d6	registry/src/index.crates.io-1949cf8c6b5b557f/futures-util-0.3.32	194	876893:f61ee90fd6ce37c22beffb59330c54964271135dadc5609cae922f39ab6771ad
generic-array	0.14.7	registry+https://github.com/rust-lang/crates.io-index	registry/cache/index.crates.io-1949cf8c6b5b557f/generic-array-0.14.7.crate	15950	85649ca51fd72272d7821adaf274ad91c288277713d9c18820d8499a7ff69e9a	registry/src/index.crates.io-1949cf8c6b5b557f/generic-array-0.14.7	17	67829:11eaaa3456bfbdecf5572644f13545a3e0478fdfab9453fc30d75bf50de1a932
getrandom	0.1.16	registry+https://github.com/rust-lang/crates.io-index	registry/cache/index.crates.io-1949cf8c6b5b557f/getrandom-0.1.16.crate	25077	8fc3cb4d91f53b50155bdcfd23f6a4c39ae1969c2ae85982b135750cccaf5fce	registry/src/index.crates.io-1949cf8c6b5b557f/getrandom-0.1.16	33	85465:fe07f6fb8dcdd79a3a21d3d02a3b42e41c45825a1e26258bad0089a90a13f43e
getrandom	0.2.17	registry+https://github.com/rust-lang/crates.io-index	registry/cache/index.crates.io-1949cf8c6b5b557f/getrandom-0.2.17.crate	40780	ff2abc00be7fca6ebc474524697ae276ad847ad0a6b3faa4bcb027e9a4614ad0	registry/src/index.crates.io-1949cf8c6b5b557f/getrandom-0.2.17	39	129672:637ec03023cf24b22daaa6be0af7c0e916bdfafbbdbabbb8bbcf3da3a8f85f28
getrandom	0.3.4	registry+https://github.com/rust-lang/crates.io-index	registry/cache/index.crates.io-1949cf8c6b5b557f/getrandom-0.3.4.crate	50932	899def5c37c4fd7b2664648c28120ecec138e4d395b459e5ca34f9cce2dd77fd	registry/src/index.crates.io-1949cf8c6b5b557f/getrandom-0.3.4	44	176219:609b9cbc19405d55a23ff8e6f9ff94f63754d4cfb89bbecbc5868a1204b4be44
hashbrown	0.13.2	registry+https://github.com/rust-lang/crates.io-index	registry/cache/index.crates.io-1949cf8c6b5b557f/hashbrown-0.13.2.crate	105265	43a3c133739dddd0d2990f9a4bdf8eb4b21ef50e4851ca85ab661199821d510e	registry/src/index.crates.io-1949cf8c6b5b557f/hashbrown-0.13.2	36	606599:50b5e16324c5c3f4c4ef93763cb6ea7bc6eca54f4d461db3e4e879e632747507
hashbrown	0.15.5	registry+https://github.com/rust-lang/crates.io-index	registry/cache/index.crates.io-1949cf8c6b5b557f/hashbrown-0.15.5.crate	140908	9229cfe53dfd69f0609a49f65461bd93001ea1ef889cd5529dd176593f5338a1	registry/src/index.crates.io-1949cf8c6b5b557f/hashbrown-0.15.5	47	819662:9079ba82767d10f21e7e7ac490c57b4d94d9ac5fe33c99009c6748f5a7885cda
hermit-abi	0.1.19	registry+https://github.com/rust-lang/crates.io-index	registry/cache/index.crates.io-1949cf8c6b5b557f/hermit-abi-0.1.19.crate	9979	62b467343b94ba476dcb2500d242dadbb39557df889310ac77c5d99100aaac33	registry/src/index.crates.io-1949cf8c6b5b557f/hermit-abi-0.1.19	11	32747:3690ca5bc83a382e7ba99e261f33bf1416f46780b37aa8ce175fcf70d887b41a
hmac	0.12.1	registry+https://github.com/rust-lang/crates.io-index	registry/cache/index.crates.io-1949cf8c6b5b557f/hmac-0.12.1.crate	42657	6c49c37c09c17a53d937dfbb742eb3a961d65a994e6bcdcf37e7399d0cc8ab5e	registry/src/index.crates.io-1949cf8c6b5b557f/hmac-0.12.1	23	68664:a6ab97853f995e8859051b301bcd7e565211e4f5c172d56d1c523d0b1d221f2f
hmac	0.8.1	registry+https://github.com/rust-lang/crates.io-index	registry/cache/index.crates.io-1949cf8c6b5b557f/hmac-0.8.1.crate	10817	126888268dcc288495a26bf004b38c5fdbb31682f992c84ceb046a1f0fe38840	registry/src/index.crates.io-1949cf8c6b5b557f/hmac-0.8.1	15	27484:b00d28f7ef20bb04bd25d99312a1de3a5c7311b4abff0a281f68431bda1b15c7
hmac-drbg	0.3.0	registry+https://github.com/rust-lang/crates.io-index	registry/cache/index.crates.io-1949cf8c6b5b557f/hmac-drbg-0.3.0.crate	15579	17ea0a1394df5b6574da6e0c1ade9e78868c9fb0a4e5ef4428e32da4676b85b1	registry/src/index.crates.io-1949cf8c6b5b557f/hmac-drbg-0.3.0	11	36933:3baec0a7f64d077bbc49481c7a72a4bf804a46d2d10b0645dd1c6938f5ec3c8d
http	1.4.2	registry+https://github.com/rust-lang/crates.io-index	registry/cache/index.crates.io-1949cf8c6b5b557f/http-1.4.2.crate	110471	6970f50e31d6fc17d3fa27329444bfa74e196cf62e95052a3f6fee181dba6425	registry/src/index.crates.io-1949cf8c6b5b557f/http-1.4.2	36	517111:de965765c2204341838e4fe43717e02533eebf3ad2cbd6f201860da2e93335ae
http-body	1.0.1	registry+https://github.com/rust-lang/crates.io-index	registry/cache/index.crates.io-1949cf8c6b5b557f/http-body-1.0.1.crate	6125	1efedce1fb8e6913f23e0c92de8e62cd5b772a67e7b3946df930a62566c93184	registry/src/index.crates.io-1949cf8c6b5b557f/http-body-1.0.1	11	18663:d9c45edf43bb646083b7cca5fde1ca27c98be2966edf8dc0c85d1db244210939
http-body-util	0.1.3	registry+https://github.com/rust-lang/crates.io-index	registry/cache/index.crates.io-1949cf8c6b5b557f/http-body-util-0.1.3.crate	16975	b021d93e26becf5dc7e1b75b1bed1fd93124b374ceb73f43d4d4eafec896a64a	registry/src/index.crates.io-1949cf8c6b5b557f/http-body-util-0.1.3	24	74185:3e36321ea249a20fccc08a6c37e529c3a8371300ff92ccd55f1a72fbe2b875fe
httparse	1.10.1	registry+https://github.com/rust-lang/crates.io-index	registry/cache/index.crates.io-1949cf8c6b5b557f/httparse-1.10.1.crate	45190	6dbf3de79e51f3d586ab4cb9d5c3e2c14aa28ed23d180cf89b4df0454a69cc87	registry/src/index.crates.io-1949cf8c6b5b557f/httparse-1.10.1	26	303731:baa72137b73e9bc8450a0620257f42942e23317a622d349f5ce92a7f3efe4009
humantime	2.4.0	registry+https://github.com/rust-lang/crates.io-index	registry/cache/index.crates.io-1949cf8c6b5b557f/humantime-2.4.0.crate	23251	15cdd26707701c53297e2fa6afb323d55fbc1d0810c3aec078ae3ef0424c3c15	registry/src/index.crates.io-1949cf8c6b5b557f/humantime-2.4.0	18	93844:df4c5590e5fed1d0001537b8272df49162ed5d330c3acd2fe372a017024cbdb3
hyper	1.10.1	registry+https://github.com/rust-lang/crates.io-index	registry/cache/index.crates.io-1949cf8c6b5b557f/hyper-1.10.1.crate	165884	55281c53a1894c864990125767da440a4e630446785086f52523b20033b74498	registry/src/index.crates.io-1949cf8c6b5b557f/hyper-1.10.1	71	766542:20fe9f73bea12a07bcb02a06b62a1433823a5da06683f45ff9c063212b9a7228
hyper-rustls	0.27.9	registry+https://github.com/rust-lang/crates.io-index	registry/cache/index.crates.io-1949cf8c6b5b557f/hyper-rustls-0.27.9.crate	22935	33ca68d021ef39cf6463ab54c1d0f5daf03377b70561305bb89a8f83aab66e0f	registry/src/index.crates.io-1949cf8c6b5b557f/hyper-rustls-0.27.9	14	86309:3dc8b5584bd374527876b3626e0935285c3dee0d9aa90ee714f328529a670e1c
hyper-util	0.1.20	registry+https://github.com/rust-lang/crates.io-index	registry/cache/index.crates.io-1949cf8c6b5b557f/hyper-util-0.1.20.crate	112807	96547c2556ec9d12fb1578c4eaf448b04993e7fb79cbaad930a656880a6bdfa0	registry/src/index.crates.io-1949cf8c6b5b557f/hyper-util-0.1.20	62	532476:5179c77a8608284e9730de524f4aafba1b5e0dd11ef20f6e7a2c3cf53d3eaf18
iana-time-zone	0.1.65	registry+https://github.com/rust-lang/crates.io-index	registry/cache/index.crates.io-1949cf8c6b5b557f/iana-time-zone-0.1.65.crate	34079	e31bc9ad994ba00e440a8aa5c9ef0ec67d5cb5e5cb0cc7f8b744a35b389cc470	registry/src/index.crates.io-1949cf8c6b5b557f/iana-time-zone-0.1.65	38	180519:1a8e7a7b873f0788535c09713dea607d6847e4f586b76ee507d06a2d0440fb96
iana-time-zone-haiku	0.1.2	registry+https://github.com/rust-lang/crates.io-index	registry/cache/index.crates.io-1949cf8c6b5b557f/iana-time-zone-haiku-0.1.2.crate	7185	f31827a206f56af32e590ba56d5d2d085f558508192593743f16b2306495269f	registry/src/index.crates.io-1949cf8c6b5b557f/iana-time-zone-haiku-0.1.2	10	18669:61ca37dea751188e711aec4b3b66d347d5f796ad6eff36a00f3100d10d765cbb
icu_collections	2.2.0	registry+https://github.com/rust-lang/crates.io-index	registry/cache/index.crates.io-1949cf8c6b5b557f/icu_collections-2.2.0.crate	88011	2984d1cd16c883d7935b9e07e44071dca8d917fd52ecc02c04d5fa0b5a3f191c	registry/src/index.crates.io-1949cf8c6b5b557f/icu_collections-2.2.0	76	691677:d96bb67cd2cd15e76d617eb781fd14767166157ef09cd2418b07a6236baffbd2
icu_locale_core	2.2.0	registry+https://github.com/rust-lang/crates.io-index	registry/cache/index.crates.io-1949cf8c6b5b557f/icu_locale_core-2.2.0.crate	78639	92219b62b3e2b4d88ac5119f8904c10f8f61bf7e95b640d25ba3075e6cac2c29	registry/src/index.crates.io-1949cf8c6b5b557f/icu_locale_core-2.2.0	88	409828:20691ee6cd82108a80b9b205aa95c2d5a28d2d33fb4419f29f380b7752fb890c
icu_normalizer	2.2.0	registry+https://github.com/rust-lang/crates.io-index	registry/cache/index.crates.io-1949cf8c6b5b557f/icu_normalizer-2.2.0.crate	78154	c56e5ee99d6e3d33bd91c5d85458b6005a22140021cc324cea84dd0e72cff3b4	registry/src/index.crates.io-1949cf8c6b5b557f/icu_normalizer-2.2.0	40	398999:9597c6ce0041ec366daf663f042befc8fbfd571924179284dc58b7b5c85b1000
icu_normalizer_data	2.2.0	registry+https://github.com/rust-lang/crates.io-index	registry/cache/index.crates.io-1949cf8c6b5b557f/icu_normalizer_data-2.2.0.crate	67134	da3be0ae77ea334f4da67c12f149704f19f81d1adf7c51cf482943e84a2bad38	registry/src/index.crates.io-1949cf8c6b5b557f/icu_normalizer_data-2.2.0	17	417770:4c127016f561b7bab5f592854452f3773316d6f794e6799a13ff0a02aa6f475c
icu_properties	2.2.0	registry+https://github.com/rust-lang/crates.io-index	registry/cache/index.crates.io-1949cf8c6b5b557f/icu_properties-2.2.0.crate	63950	bee3b67d0ea5c2cca5003417989af8996f8604e34fb9ddf96208a033901e70de	registry/src/index.crates.io-1949cf8c6b5b557f/icu_properties-2.2.0	20	375073:8b60f96e64133d66527d5b0af277e5514de18586b33bec8a0e0f5acf749cf8f9
icu_properties_data	2.2.0	registry+https://github.com/rust-lang/crates.io-index	registry/cache/index.crates.io-1949cf8c6b5b557f/icu_properties_data-2.2.0.crate	168901	8e2bbb201e0c04f7b4b3e14382af113e17ba4f63e2c9d2ee626b720cbce54a14	registry/src/index.crates.io-1949cf8c6b5b557f/icu_properties_data-2.2.0	147	1501368:84aa003c5dfac5b066eb31383c055c6dc80cbedf400586f3c1055003e0f52ada
icu_provider	2.2.0	registry+https://github.com/rust-lang/crates.io-index	registry/cache/index.crates.io-1949cf8c6b5b557f/icu_provider-2.2.0.crate	51620	139c4cf31c8b5f33d7e199446eff9c1e02decfc2f0eec2c8d71f65befa45b421	registry/src/index.crates.io-1949cf8c6b5b557f/icu_provider-2.2.0	26	228037:bb60a1c6807acb4ff49d8e2109e4cf044c9e3206fa9f6fba771c05961cd1ec7d
ident_case	1.0.1	registry+https://github.com/rust-lang/crates.io-index	registry/cache/index.crates.io-1949cf8c6b5b557f/ident_case-1.0.1.crate	3492	b9e0384b61958566e926dc50660321d12159025e767c18e043daf26b70104c39	registry/src/index.crates.io-1949cf8c6b5b557f/ident_case-1.0.1	10	9270:1a7263d3efbe76e65fa533523e49544bca0456854699faa8cb7b0fb632d06e35
idna	1.1.0	registry+https://github.com/rust-lang/crates.io-index	registry/cache/index.crates.io-1949cf8c6b5b557f/idna-1.1.0.crate	148747	3b0875f23caa03898994f6ddc501886a45c7d3d62d04d2d90788d47be1b1e4de	registry/src/index.crates.io-1949cf8c6b5b557f/idna-1.1.0	22	965647:cab2f7f0eece7a7fd0903a20b50aff0bc956f5973ff4308af4b4db131ec97c0e
idna_adapter	1.2.2	registry+https://github.com/rust-lang/crates.io-index	registry/cache/index.crates.io-1949cf8c6b5b557f/idna_adapter-1.2.2.crate	10444	cb68373c0d6620ef8105e855e7745e18b0d00d3bdb07fb532e434244cdb9a714	registry/src/index.crates.io-1949cf8c6b5b557f/idna_adapter-1.2.2	10	34730:49a746c2f7888219bdb6b4c4142bbbf6724fa34c2654c564b03fec6b32ec19ae
indexmap	2.7.1	registry+https://github.com/rust-lang/crates.io-index	registry/cache/index.crates.io-1949cf8c6b5b557f/indexmap-2.7.1.crate	88644	8c9c992b02b5b4c94ea26e32fe5bccb7aa7d9f390ab5c1221ff895bc7ea8b652	registry/src/index.crates.io-1949cf8c6b5b557f/indexmap-2.7.1	42	457297:f0c7b7312b0a376f9a5af72a36fae1362e59ce7ba085dcfaa62fd9106a6e196b
ipnet	2.12.0	registry+https://github.com/rust-lang/crates.io-index	registry/cache/index.crates.io-1949cf8c6b5b557f/ipnet-2.12.0.crate	31000	d98f6fed1fde3f8c21bc40a1abb88dd75e67924f9cffc3ef95607bad8017f8e2	registry/src/index.crates.io-1949cf8c6b5b557f/ipnet-2.12.0	19	165039:a092d79a1c00523ffe92072ccaccc30ea37f074880879cecc46065db4ed30ba9
itertools	0.10.5	registry+https://github.com/rust-lang/crates.io-index	registry/cache/index.crates.io-1949cf8c6b5b557f/itertools-0.10.5.crate	115354	b0fd2260e829bddf4cb6ea802289de2f86d6a7a690192fbe91b3f46e0f2c8473	registry/src/index.crates.io-1949cf8c6b5b557f/itertools-0.10.5	82	555705:90f462880f60a638c79b21da1d0717e9fd07b7ca3691a232b3ecf1096227a630
itertools	0.14.0	registry+https://github.com/rust-lang/crates.io-index	registry/cache/index.crates.io-1949cf8c6b5b557f/itertools-0.14.0.crate	152715	2b192c782037fadd9cfa75548310488aabdbf3d2da73885b31bd0abd03351285	registry/src/index.crates.io-1949cf8c6b5b557f/itertools-0.14.0	89	744666:cc2d3590bbf76c3b2c2cd5598019847fe3424c6f1104f7ef792ee48dbdd6195b
itoa	1.0.18	registry+https://github.com/rust-lang/crates.io-index	registry/cache/index.crates.io-1949cf8c6b5b557f/itoa-1.0.18.crate	15935	8f42a60cbdf9a97f5d2305f08a87dc4e09308d1276d28c869c684d7777685682	registry/src/index.crates.io-1949cf8c6b5b557f/itoa-1.0.18	15	51103:b8e558e25b09802c726f1a70b1f128c309e802375f8f51b57543dbd2c548ef50
js-sys	0.3.103	registry+https://github.com/rust-lang/crates.io-index	registry/cache/index.crates.io-1949cf8c6b5b557f/js-sys-0.3.103.crate	108366	53b44bfcdb3f8d5837a46dae1ca9660a837176eee74a28b229bc626816589102	registry/src/index.crates.io-1949cf8c6b5b557f/js-sys-0.3.103	18	852143:27c220d58b36b7b1d35e2b19620473eae976e4ff0f6ab411552769b638a6a574
keccak	0.1.6	registry+https://github.com/rust-lang/crates.io-index	registry/cache/index.crates.io-1949cf8c6b5b557f/keccak-0.1.6.crate	13529	cb26cec98cce3a3d96cbb7bced3c4b16e3d13f27ec56dbd62cbc8f39cfb9d653	registry/src/index.crates.io-1949cf8c6b5b557f/keccak-0.1.6	13	44966:573aaeb23ea643b6bdbba70db133d18ed9fa52d5ce4dadee8d75e6375f24d3c2
lazy_static	1.5.0	registry+https://github.com/rust-lang/crates.io-index	registry/cache/index.crates.io-1949cf8c6b5b557f/lazy_static-1.5.0.crate	14025	bbd2bcb4c963f2ddae06a2efc7e9f3591312473c50c6685e1f298068316e66fe	registry/src/index.crates.io-1949cf8c6b5b557f/lazy_static-1.5.0	22	43558:e316c1df78fd76fa4c511deef0717754ae3312ebc745afefe1b7b60c09d97804
libc	0.2.186	registry+https://github.com/rust-lang/crates.io-index	registry/cache/index.crates.io-1949cf8c6b5b557f/libc-0.2.186.crate	821883	68ab91017fe16c622486840e4c83c9a37afeff978bd239b5293d61ece587de66	registry/src/index.crates.io-1949cf8c6b5b557f/libc-0.2.186	361	4372804:2fe3e16b62acc06fe9b874a7f5150e425edc32117d480066d12f3b27fd726fcd
libsecp256k1	0.6.0	registry+https://github.com/rust-lang/crates.io-index	registry/cache/index.crates.io-1949cf8c6b5b557f/libsecp256k1-0.6.0.crate	20690	c9d220bc1feda2ac231cb78c3d26f27676b8cf82c96971f7aeef3d0cf2797c73	registry/src/index.crates.io-1949cf8c6b5b557f/libsecp256k1-0.6.0	24	83437:98126d587f3d46305380eab914f935c72280e96b6ae47f1f1c07b9bb495fa421
libsecp256k1-core	0.2.2	registry+https://github.com/rust-lang/crates.io-index	registry/cache/index.crates.io-1949cf8c6b5b557f/libsecp256k1-core-0.2.2.crate	25052	d0f6ab710cec28cef759c5f18671a27dae2a5f952cdaaee1d8e2908cb2478a80	registry/src/index.crates.io-1949cf8c6b5b557f/libsecp256k1-core-0.2.2	13	151996:badec93a177d1367b46f43ccbb2548eeeea1396cd9504391766f71ee03541b3c
libsecp256k1-gen-ecmult	0.2.1	registry+https://github.com/rust-lang/crates.io-index	registry/cache/index.crates.io-1949cf8c6b5b557f/libsecp256k1-gen-ecmult-0.2.1.crate	1215	ccab96b584d38fac86a83f07e659f0deafd0253dc096dab5a36d53efe653c5c3	registry/src/index.crates.io-1949cf8c6b5b557f/libsecp256k1-gen-ecmult-0.2.1	5	2238:545be4ea17b9f5bac492e48b3e57274a7d7d2fc34d76c1ed04f87138bc07a97e
libsecp256k1-gen-genmult	0.2.1	registry+https://github.com/rust-lang/crates.io-index	registry/cache/index.crates.io-1949cf8c6b5b557f/libsecp256k1-gen-genmult-0.2.1.crate	1275	67abfe149395e3aa1c48a2beb32b068e2334402df8181f818d3aee2b304c4f5d	registry/src/index.crates.io-1949cf8c6b5b557f/libsecp256k1-gen-genmult-0.2.1	5	2427:6aa95f6a931281e53d831330e870651eb7ba65b83420fdd42024a7110a6baf06
linux-raw-sys	0.12.1	registry+https://github.com/rust-lang/crates.io-index	registry/cache/index.crates.io-1949cf8c6b5b557f/linux-raw-sys-0.12.1.crate	3006116	32a66949e030da00e8c7d4434b251670a91556f4144941d37452769c25d58a53	registry/src/index.crates.io-1949cf8c6b5b557f/linux-raw-sys-0.12.1	474	16933586:a9d8d14d44b3539dcb42dd2b17fa241535be3fbe3bd72c466b0d414a586dfedb
litemap	0.8.2	registry+https://github.com/rust-lang/crates.io-index	registry/cache/index.crates.io-1949cf8c6b5b557f/litemap-0.8.2.crate	34572	92daf443525c4cce67b150400bc2316076100ce0b3686209eb8cf3c31612e6f0	registry/src/index.crates.io-1949cf8c6b5b557f/litemap-0.8.2	24	157637:3dbc8e4ba2966d0e66b2552b49929cf82f369d6c5c3e1dc2537289990b8a99bf
lock_api	0.4.14	registry+https://github.com/rust-lang/crates.io-index	registry/cache/index.crates.io-1949cf8c6b5b557f/lock_api-0.4.14.crate	29249	224399e74b87b5f3557511d98dff8b14089b3dadafcab6bb93eab67d3aace965	registry/src/index.crates.io-1949cf8c6b5b557f/lock_api-0.4.14	11	207640:26cb921b3cb2f5730bac897dc6f12e0d905e49f363e7a266bc63a77b81471972
log	0.4.33	registry+https://github.com/rust-lang/crates.io-index	registry/cache/index.crates.io-1949cf8c6b5b557f/log-0.4.33.crate	52997	0ceec5bc11778974d1bcb055b18002eba7f4b3518b6a0081b3af5f21666da9ad	registry/src/index.crates.io-1949cf8c6b5b557f/log-0.4.33	24	250340:004422558d71635d2e0c968fb1129775069ebf06da41ec07a0181ee2de548974
lru-slab	0.1.2	registry+https://github.com/rust-lang/crates.io-index	registry/cache/index.crates.io-1949cf8c6b5b557f/lru-slab-0.1.2.crate	9090	112b39cec0b298b6c1999fee3e31427f74f676e4cb9879ed1a121b43661a4154	registry/src/index.crates.io-1949cf8c6b5b557f/lru-slab-0.1.2	9	29317:64295be016765a844417fdbf945221916d674b41d29732fc9310a737088ef620
memchr	2.8.2	registry+https://github.com/rust-lang/crates.io-index	registry/cache/index.crates.io-1949cf8c6b5b557f/memchr-2.8.2.crate	99069	88904434abc2901f197fe8cc55f0445e7ded921dba5911dad2e2b39b48e663c4	registry/src/index.crates.io-1949cf8c6b5b557f/memchr-2.8.2	60	588385:1307cf8f8fedf3c67eb22aeb6594d74e221c439598c1f3653aab59288d6e0a3f
memmap2	0.5.10	registry+https://github.com/rust-lang/crates.io-index	registry/cache/index.crates.io-1949cf8c6b5b557f/memmap2-0.5.10.crate	26847	83faa42c0a078c393f6b29d5db232d8be22776a891f8f56e5284faee4a20b327	registry/src/index.crates.io-1949cf8c6b5b557f/memmap2-0.5.10	17	122667:b1e589ab24084dfd28883ee2ffbc7ba2280e92273510aad5faaf4e0105c39477
memoffset	0.9.1	registry+https://github.com/rust-lang/crates.io-index	registry/cache/index.crates.io-1949cf8c6b5b557f/memoffset-0.9.1.crate	9032	488016bfae457b036d996092f6cb448677611ce4449e970ceaf42695203f218a	registry/src/index.crates.io-1949cf8c6b5b557f/memoffset-0.9.1	14	39359:ee8606f35ea6817dc4956dacbcd5f6cf073663589767bb3a8ecd574c7740258d
mio	1.2.1	registry+https://github.com/rust-lang/crates.io-index	registry/cache/index.crates.io-1949cf8c6b5b557f/mio-1.2.1.crate	106774	02bd0af71c67b473010cbbc60715ee815645a4dc942899111f494b4b737d6fda	registry/src/index.crates.io-1949cf8c6b5b557f/mio-1.2.1	70	482448:da5d7e834a61e7d04fee6b42d71a8fc0e60d75a6a8bf7303734300cce7d5db57
num-bigint	0.4.7	registry+https://github.com/rust-lang/crates.io-index	registry/cache/index.crates.io-1949cf8c6b5b557f/num-bigint-0.4.7.crate	108308	c863e9ab5e7bf9c99ba75e1050f1e4d624ae87ed3532d6238ffbdc7b585dbbe6	registry/src/index.crates.io-1949cf8c6b5b557f/num-bigint-0.4.7	54	516793:4f1d9a125202b658bb16d75f362d29dcc4cc735126c3d476de200ba67cd5b215
num-derive	0.4.2	registry+https://github.com/rust-lang/crates.io-index	registry/cache/index.crates.io-1949cf8c6b5b557f/num-derive-0.4.2.crate	14709	ed3955f1a9c7c0c15e092f9c887db08b1fc683305fdf6eb6684f22555355e202	registry/src/index.crates.io-1949cf8c6b5b557f/num-derive-0.4.2	23	62887:37aa693fd7663d6c9d8aab2f15e75c52f84ea7001493ef124801648b796e23c4
num-integer	0.1.46	registry+https://github.com/rust-lang/crates.io-index	registry/cache/index.crates.io-1949cf8c6b5b557f/num-integer-0.1.46.crate	22331	7969661fd2958a5cb096e56c8e1ad0444ac2bbcd0061bd28660485a44879858f	registry/src/index.crates.io-1949cf8c6b5b557f/num-integer-0.1.46	17	109885:a82a68a12add398dba13cec6636e1ac891eee9fffb8101cc1b5daebf3892af4c
num-traits	0.2.19	registry+https://github.com/rust-lang/crates.io-index	registry/cache/index.crates.io-1949cf8c6b5b557f/num-traits-0.2.19.crate	51631	071dfc062690e90b734c0b2273ce72ad0ffa95f0c74596bc250dcfd960262841	registry/src/index.crates.io-1949cf8c6b5b557f/num-traits-0.2.19	30	273988:71a40b3ddd73600c908885d6ea88f616251d39dbde4f3281195f65e7679b1192
num_enum	0.7.6	registry+https://github.com/rust-lang/crates.io-index	registry/cache/index.crates.io-1949cf8c6b5b557f/num_enum-0.7.6.crate	21741	5d0bca838442ec211fa11de3a8b0e0e8f3a4522575b5c4c06ed722e005036f26	registry/src/index.crates.io-1949cf8c6b5b557f/num_enum-0.7.6	88	92411:523925372a8de91e7947ae49252edcb4eb2d27f4239099f5cc371d9389cb0f84
num_enum_derive	0.7.6	registry+https://github.com/rust-lang/crates.io-index	registry/cache/index.crates.io-1949cf8c6b5b557f/num_enum_derive-0.7.6.crate	18789	680998035259dcfcafe653688bf2aa6d3e2dc05e98be6ab46afb089dc84f1df8	registry/src/index.crates.io-1949cf8c6b5b557f/num_enum_derive-0.7.6	14	77519:f4d1a3bd86012339d780d247e3cdaedc010eb608403907b7dac3f6b0fd572e7b
once_cell	1.21.4	registry+https://github.com/rust-lang/crates.io-index	registry/cache/index.crates.io-1949cf8c6b5b557f/once_cell-1.21.4.crate	35010	9f7c3e4beb33f85d45ae3e3a1792185706c8e16d043238c593331cc7cd313b50	registry/src/index.crates.io-1949cf8c6b5b557f/once_cell-1.21.4	30	151149:eb748ac446d69848f170ff5159410d274d3b0873f1b76359015140ac6c0818e4
opaque-debug	0.3.1	registry+https://github.com/rust-lang/crates.io-index	registry/cache/index.crates.io-1949cf8c6b5b557f/opaque-debug-0.3.1.crate	7066	c08d65885ee38876c4f86fa503fb49d7b507c2b62552df7c70b2fce627e06381	registry/src/index.crates.io-1949cf8c6b5b557f/opaque-debug-0.3.1	10	18637:921b6cbb3848d09a41497a6492acae8bc8e21359b22d5ce714c0546101937af3
openssl	0.10.81	registry+https://github.com/rust-lang/crates.io-index	registry/cache/index.crates.io-1949cf8c6b5b557f/openssl-0.10.81.crate	311187	77823a27f0babb03091cb9ed9ef80af3b39dbc82f97e8fa530374b7dafd87a45	registry/src/index.crates.io-1949cf8c6b5b557f/openssl-0.10.81	113	1393773:971791fda2836dcd13fb6b71b1ba5955250b437223a5405ecee075431a55df89
openssl-macros	0.1.1	registry+https://github.com/rust-lang/crates.io-index	registry/cache/index.crates.io-1949cf8c6b5b557f/openssl-macros-0.1.1.crate	5601	a948666b637a0f465e8564c73e89d4dde00d72d4d473cc972f390fc3dcee7d9c	registry/src/index.crates.io-1949cf8c6b5b557f/openssl-macros-0.1.1	7	14394:67d7adcababc497d20016db997e9123d14c7793190859860229289977acdb7c5
openssl-sys	0.9.117	registry+https://github.com/rust-lang/crates.io-index	registry/cache/index.crates.io-1949cf8c6b5b557f/openssl-sys-0.9.117.crate	76045	b47e7e6bb2c38cd930d25a23b40fa52e068c10e85f3e03a7f5ba5aaca5713695	registry/src/index.crates.io-1949cf8c6b5b557f/openssl-sys-0.9.117	82	402267:b3bdf40a4f39dce8db25bda5decb4ad6204ca20e25868ae9d2fcc5aeb8c059cf
p3-challenger	0.6.1	registry+https://github.com/rust-lang/crates.io-index	registry/cache/index.crates.io-1949cf8c6b5b557f/p3-challenger-0.6.1.crate	32958	272b2cfdcd3cf1affeab292aa7888ed7e4c156e0d5ffc19612c86553941db178	registry/src/index.crates.io-1949cf8c6b5b557f/p3-challenger-0.6.1	13	147328:c8440260a3a177c7e7e57b330be5a04dc62fc9ba4f4e3a2d156b5d22f2bc5aef
p3-dft	0.6.1	registry+https://github.com/rust-lang/crates.io-index	registry/cache/index.crates.io-1949cf8c6b5b557f/p3-dft-0.6.1.crate	41105	1dc420990b39aa4cdb78ac248d5defe97f760c1056aeceb160dcf3e62baf4eb7	registry/src/index.crates.io-1949cf8c6b5b557f/p3-dft-0.6.1	18	201226:886441fa7ad7c985bfa16e5d2e8efde36120a6343cf39aef6a3c7bfc757e4930
p3-field	0.6.1	registry+https://github.com/rust-lang/crates.io-index	registry/cache/index.crates.io-1949cf8c6b5b557f/p3-field-0.6.1.crate	85611	ab37408c6c964e7e18c2305a15e31bc784aa20eb82eb513b4850aaa13ee445d3	registry/src/index.crates.io-1949cf8c6b5b557f/p3-field-0.6.1	35	414134:7668a3e97fd46d042399d5b0b3ac01fcda291fc7a41699b0ce4fdf9a368dcee9
p3-matrix	0.6.1	registry+https://github.com/rust-lang/crates.io-index	registry/cache/index.crates.io-1949cf8c6b5b557f/p3-matrix-0.6.1.crate	57241	a7c5e32dd61fa6341f8ce7abe2a97e9c3f8a93d9ea17bf4f675a2f6c987b658e	registry/src/index.crates.io-1949cf8c6b5b557f/p3-matrix-0.6.1	21	276242:7dd7d2b0e881146e0860ae098de5e722505380ef8ce79b291ec56a64fd422c85
p3-maybe-rayon	0.6.1	registry+https://github.com/rust-lang/crates.io-index	registry/cache/index.crates.io-1949cf8c6b5b557f/p3-maybe-rayon-0.6.1.crate	4047	49c17330c94d04221bafe310d2c13afedd9d26bb57a63ec088b68b6cfe64b357	registry/src/index.crates.io-1949cf8c6b5b557f/p3-maybe-rayon-0.6.1	8	12440:f91f99c30db3c3ba3c39cb978573864bc55c596c11b5d86956df96f25daadbc5
p3-mds	0.6.1	registry+https://github.com/rust-lang/crates.io-index	registry/cache/index.crates.io-1949cf8c6b5b557f/p3-mds-0.6.1.crate	23683	09ea6f54d4436d44f14841f78238b79199b83ea983a4a2fa3c4d16202f28f119	registry/src/index.crates.io-1949cf8c6b5b557f/p3-mds-0.6.1	13	98158:fded6c724f338cee672a46b04159041a1bae45ac84ff5c92bf92fe41602a15f0
p3-mersenne-31	0.6.1	registry+https://github.com/rust-lang/crates.io-index	registry/cache/index.crates.io-1949cf8c6b5b557f/p3-mersenne-31-0.6.1.crate	91668	84dd482a1c88e78b7a91e1df4db9a49a9e63e23c8d119d5dd936c63988466e05	registry/src/index.crates.io-1949cf8c6b5b557f/p3-mersenne-31-0.6.1	38	360260:fc9fff38dfe7218fa88e862dc4bc46856d15e960da21c72c63009e2a6a59c67d
p3-monty-31	0.6.1	registry+https://github.com/rust-lang/crates.io-index	registry/cache/index.crates.io-1949cf8c6b5b557f/p3-monty-31-0.6.1.crate	93757	12d3acd0d5f0ba2e8a1c903e80c92e778368b68c2e551a6c30fc3982a4be023e	registry/src/index.crates.io-1949cf8c6b5b557f/p3-monty-31-0.6.1	35	473467:ab5bbc6086c35d9aa0c25955293dafe68d6d4f115448a16f50f04ba0154d88f6
p3-poseidon1	0.6.1	registry+https://github.com/rust-lang/crates.io-index	registry/cache/index.crates.io-1949cf8c6b5b557f/p3-poseidon1-0.6.1.crate	34817	9cccfe593f85f87681f885c32f1447ea7afe12b3c9b11b4149c4534edacacb51	registry/src/index.crates.io-1949cf8c6b5b557f/p3-poseidon1-0.6.1	13	130826:cf56b6d340f6519fb8fa3e7534519ea96cdd145a5cb46f84df5b7732c70366ca
p3-poseidon2	0.6.1	registry+https://github.com/rust-lang/crates.io-index	registry/cache/index.crates.io-1949cf8c6b5b557f/p3-poseidon2-0.6.1.crate	30100	d28bb6596f38c493d7a590e3b7d30eae86cbcfc325fb44f652ec3540933bcaa0	registry/src/index.crates.io-1949cf8c6b5b557f/p3-poseidon2-0.6.1	13	105527:8e989cdbc84dd5f940369d85e1dda33ab19340ab651b8b7944c31a9373258110
p3-symmetric	0.6.1	registry+https://github.com/rust-lang/crates.io-index	registry/cache/index.crates.io-1949cf8c6b5b557f/p3-symmetric-0.6.1.crate	17066	284db1f284c4007eeb65cef4656426c93192af9bd9703b7f3afbf7faab274500	registry/src/index.crates.io-1949cf8c6b5b557f/p3-symmetric-0.6.1	13	69897:77bc1adf722244face5b896f4bb53db57c484fb126cf2a5db399ecd9cce6f2fd
p3-util	0.6.1	registry+https://github.com/rust-lang/crates.io-index	registry/cache/index.crates.io-1949cf8c6b5b557f/p3-util-0.6.1.crate	43958	f241f0faa735a03b1af8c923b4728a9fac5e4a26e573a087656c354a784dfcae	registry/src/index.crates.io-1949cf8c6b5b557f/p3-util-0.6.1	15	182776:8a260c850ac9306dc3e3a049e237bdbb965885e7d2d35ccdecb3fb14dc1a1617
parking_lot	0.12.5	registry+https://github.com/rust-lang/crates.io-index	registry/cache/index.crates.io-1949cf8c6b5b557f/parking_lot-0.12.5.crate	46735	93857453250e3077bd71ff98b6a65ea6621a19bb0f559a85248955ac12c45a1a	registry/src/index.crates.io-1949cf8c6b5b557f/parking_lot-0.12.5	29	215396:195d8c0d420bb44050d05b9c475cef2e3b33328d24def0e9d439d23f2557b517
parking_lot_core	0.9.12	registry+https://github.com/rust-lang/crates.io-index	registry/cache/index.crates.io-1949cf8c6b5b557f/parking_lot_core-0.9.12.crate	34110	2621685985a2ebf1c516881c026032ac7deafcda1a2c9b7850dc81e3dfcb64c1	registry/src/index.crates.io-1949cf8c6b5b557f/parking_lot_core-0.9.12	25	144242:2ab89df53ac1eb823ec94edfaea18bcb1cb220062bedd423d5024712dd799a0e
paste	1.0.15	registry+https://github.com/rust-lang/crates.io-index	registry/cache/index.crates.io-1949cf8c6b5b557f/paste-1.0.15.crate	18374	57c0d7b74b563b49d38dae00a0c37d4d6de9b432382b2892f0574ddcae73fd0a	registry/src/index.crates.io-1949cf8c6b5b557f/paste-1.0.15	48	69596:7e6bcf08c5347ecb09205e1089f17ce84e75c9404b2655349053cf46b8739592
pbkdf2	0.11.0	registry+https://github.com/rust-lang/crates.io-index	registry/cache/index.crates.io-1949cf8c6b5b557f/pbkdf2-0.11.0.crate	13229	83a0692ec44e4cf1ef28ca317f14f8f07da2d95ec3fa01f86e4467b725e60917	registry/src/index.crates.io-1949cf8c6b5b557f/pbkdf2-0.11.0	34	37061:a151d469f8253816925de65da478a7bf96d57d9d18b19e71a624d1a8f074a077
percent-encoding	2.3.2	registry+https://github.com/rust-lang/crates.io-index	registry/cache/index.crates.io-1949cf8c6b5b557f/percent-encoding-2.3.2.crate	11583	9b4f627cb1b25917193a259e49bdad08f671f8d9708acfd5fe0a8c1455d87220	registry/src/index.crates.io-1949cf8c6b5b557f/percent-encoding-2.3.2	9	35549:c21bd923b8772117d96268cf728e219f56385d8481bf7eb171cc21e56abcb714
pin-project-lite	0.2.17	registry+https://github.com/rust-lang/crates.io-index	registry/cache/index.crates.io-1949cf8c6b5b557f/pin-project-lite-0.2.17.crate	31034	a89322df9ebe1c1578d689c92318e070967d1042b512afbe49518723f4e6d5cd	registry/src/index.crates.io-1949cf8c6b5b557f/pin-project-lite-0.2.17	82	238878:f9a91800091c0710f3082874f67dd9e59f2fc93648ef52905801f4c248a7fd35
pkg-config	0.3.33	registry+https://github.com/rust-lang/crates.io-index	registry/cache/index.crates.io-1949cf8c6b5b557f/pkg-config-0.3.33.crate	21590	19f132c84eca552bf34cab8ec81f1c1dcc229b811638f9d283dceabe58c5569e	registry/src/index.crates.io-1949cf8c6b5b557f/pkg-config-0.3.33	18	77755:5766c83e1296a1cd1605256cf324d11ebd9b539d28e02dbcaddeb4ae5abeffd6
potential_utf	0.1.5	registry+https://github.com/rust-lang/crates.io-index	registry/cache/index.crates.io-1949cf8c6b5b557f/potential_utf-0.1.5.crate	10189	0103b1cef7ec0cf76490e969665504990193874ea05c85ff9bab8b911d0a0564	registry/src/index.crates.io-1949cf8c6b5b557f/potential_utf-0.1.5	11	36417:c4581679c82bf0da069199c84b996c7f9e733deddab19342587cb367612f51ed
ppv-lite86	0.2.21	registry+https://github.com/rust-lang/crates.io-index	registry/cache/index.crates.io-1949cf8c6b5b557f/ppv-lite86-0.2.21.crate	22522	85eae3c4ed2f50dcfe72643da4befc30deadb458a9b590d720cde2f2b1e97da9	registry/src/index.crates.io-1949cf8c6b5b557f/ppv-lite86-0.2.21	13	132648:1616f3b5bf709d6a2124ff0e191df8f28745313c05488bc9a52d5463a1cd01bb
proc-macro-crate	0.1.5	registry+https://github.com/rust-lang/crates.io-index	registry/cache/index.crates.io-1949cf8c6b5b557f/proc-macro-crate-0.1.5.crate	8096	1d6ea3c4595b96363c13943497db34af4460fb474a95c43f4446ad341b8c9785	registry/src/index.crates.io-1949cf8c6b5b557f/proc-macro-crate-0.1.5	10	24410:43cc267fa67dd51ed10157efbde896c7df201b3d08a3c63468eddde2d08aa9a9
proc-macro-crate	3.2.0	registry+https://github.com/rust-lang/crates.io-index	registry/cache/index.crates.io-1949cf8c6b5b557f/proc-macro-crate-3.2.0.crate	11164	8ecf48c7ca261d60b74ab1a7b20da18bede46776b2e55535cb958eb595c5fa7b	registry/src/index.crates.io-1949cf8c6b5b557f/proc-macro-crate-3.2.0	13	36875:764bb01aa2584e46d51bc23b1f642fd00e468f8cd75493d296512a39290e2fde
proc-macro2	1.0.106	registry+https://github.com/rust-lang/crates.io-index	registry/cache/index.crates.io-1949cf8c6b5b557f/proc-macro2-1.0.106.crate	59765	8fd00f0bb2e90d81d1044c2b32617f68fcb9fa3bb7640c23e9c748e53fb30934	registry/src/index.crates.io-1949cf8c6b5b557f/proc-macro2-1.0.106	34	270859:a7ebd6750f8c98c70b2e4abdaacb4be58e96b9cd52d00ca119889d2b46cc2814
proptest	1.11.0	registry+https://github.com/rust-lang/crates.io-index	registry/cache/index.crates.io-1949cf8c6b5b557f/proptest-1.11.0.crate	207859	4b45fcc2344c680f5025fe57779faef368840d0bd1f42f216291f0dc4ace4744	registry/src/index.crates.io-1949cf8c6b5b557f/proptest-1.11.0	119	910262:0229c2348d5e0de6c9feb27e4e26fc8700186763e384baabbcf59de93d93ca22
qstring	0.7.2	registry+https://github.com/rust-lang/crates.io-index	registry/cache/index.crates.io-1949cf8c6b5b557f/qstring-0.7.2.crate	4563	d464fae65fff2680baf48019211ce37aaec0c78e9264c84a3e484717f965104e	registry/src/index.crates.io-1949cf8c6b5b557f/qstring-0.7.2	6	14107:561cf39357e1fc33014806823eabd327efe3ed668afa335220d8866c228cffde
quick-error	1.2.3	registry+https://github.com/rust-lang/crates.io-index	registry/cache/index.crates.io-1949cf8c6b5b557f/quick-error-1.2.3.crate	15066	a1d01941d82fa2ab50be1e79e6714289dd7cde78eba4c074bc5a4374f650dfe0	registry/src/index.crates.io-1949cf8c6b5b557f/quick-error-1.2.3	14	63044:47ab71d7cb6448277c6f584b9d86dff12b7182de97369175be89fd1d73288eb8
quinn	0.11.11	registry+https://github.com/rust-lang/crates.io-index	registry/cache/index.crates.io-1949cf8c6b5b557f/quinn-0.11.11.crate	85390	0c1a41e437b6bbd489372cd4971de128e85c855f56c57f283d20ff016cf7c0a8	registry/src/index.crates.io-1949cf8c6b5b557f/quinn-0.11.11	31	337722:68996060965e6f22597925db8e5e740ecc4a8ae353508fd091c1e1d031171256
quinn-proto	0.11.15	registry+https://github.com/rust-lang/crates.io-index	registry/cache/index.crates.io-1949cf8c6b5b557f/quinn-proto-0.11.15.crate	245016	4fcb935c5bec503c2f0e306bdd3e58bb9029dcb14fa8d9ac76e3a5256ac0763e	registry/src/index.crates.io-1949cf8c6b5b557f/quinn-proto-0.11.15	59	1096469:7bddd943f6f9dc7e744575981dd6e77184181ed614000b79a3bea5eeac59cbdb
quinn-udp	0.5.14	registry+https://github.com/rust-lang/crates.io-index	registry/cache/index.crates.io-1949cf8c6b5b557f/quinn-udp-0.5.14.crate	33436	addec6a0dcad8a8d96a771f815f0eaf55f9d1805756410b39f5fa81332574cbd	registry/src/index.crates.io-1949cf8c6b5b557f/quinn-udp-0.5.14	17	129392:0b38035bf93c24c1fc4576e86093413c25eef28800cc5c6184b4f703ae74d6a0
quote	1.0.46	registry+https://github.com/rust-lang/crates.io-index	registry/cache/index.crates.io-1949cf8c6b5b557f/quote-1.0.46.crate	31628	dfbc457d0c7a0759a614551b11a6409e5951f6c7537be1f1b7682b9ae9230368	registry/src/index.crates.io-1949cf8c6b5b557f/quote-1.0.46	36	137015:c75009bbdc6ee1ad56ffdf1e1c5d464585ba9d4f5f7c1daa7ccf3503a739cb8f
r-efi	5.3.0	registry+https://github.com/rust-lang/crates.io-index	registry/cache/index.crates.io-1949cf8c6b5b557f/r-efi-5.3.0.crate	64532	69cdb34c158ceb288df11e18b4bd39de994f6657d83847bdffdbd7f346754b0f	registry/src/index.crates.io-1949cf8c6b5b557f/r-efi-5.3.0	70	288532:f949ea38697b03f59fdbe68cbbc35ea63d81a45a4c0b6c7797d3c07f297b8c68
rand	0.10.2	registry+https://github.com/rust-lang/crates.io-index	registry/cache/index.crates.io-1949cf8c6b5b557f/rand-0.10.2.crate	104493	c7f5fa3a058cd35567ef9bfa5e75732bee0f9e4c55fa90477bef2dfcdbc4be80	registry/src/index.crates.io-1949cf8c6b5b557f/rand-0.10.2	39	433089:0645c844c3d1a2d29419b5cc98faddf21ab1bc0b59d5e96fa02aa14fb172f3da
rand	0.7.3	registry+https://github.com/rust-lang/crates.io-index	registry/cache/index.crates.io-1949cf8c6b5b557f/rand-0.7.3.crate	112246	6a6b1679d49b24bbfe0c803429aa1874472f50d9b363131f0e89fc356b544d03	registry/src/index.crates.io-1949cf8c6b5b557f/rand-0.7.3	56	425361:91513c29b6b341140e33099dc49b19379c3245eb9bb65fa7a7891fe3b636a6c1
rand	0.8.6	registry+https://github.com/rust-lang/crates.io-index	registry/cache/index.crates.io-1949cf8c6b5b557f/rand-0.8.6.crate	83339	5ca0ecfa931c29007047d1bc58e623ab12e5590e8c7cc53200d5202b69266d8a	registry/src/index.crates.io-1949cf8c6b5b557f/rand-0.8.6	36	331749:af35961762945d32c5bd1b2094574d64047973dde3e46100f322338993e5abad
rand	0.9.4	registry+https://github.com/rust-lang/crates.io-index	registry/cache/index.crates.io-1949cf8c6b5b557f/rand-0.9.4.crate	99786	44c5af06bb1b7d3216d91932aed5265164bf384dc89cd6ba05cf59a35f5f76ea	registry/src/index.crates.io-1949cf8c6b5b557f/rand-0.9.4	41	410030:5d217afbdb14f18ef390435909d74289524ed8aebc751945ea724234cead89c1
rand_chacha	0.2.2	registry+https://github.com/rust-lang/crates.io-index	registry/cache/index.crates.io-1949cf8c6b5b557f/rand_chacha-0.2.2.crate	13267	f4c8ed856279c9737206bf725bf36935d8666ead7aa69b52be55af369d193402	registry/src/index.crates.io-1949cf8c6b5b557f/rand_chacha-0.2.2	12	43832:3dfe56fa3c649ac389d58b84e4e18a7cbcd3604573e61c65739f192f8190900b
rand_chacha	0.3.1	registry+https://github.com/rust-lang/crates.io-index	registry/cache/index.crates.io-1949cf8c6b5b557f/rand_chacha-0.3.1.crate	15251	e6c10a63a0fa32252be49d21e7709d4d4baf8d231c2dbce1eaa8141b9b127d88	registry/src/index.crates.io-1949cf8c6b5b557f/rand_chacha-0.3.1	12	52354:a77848257f5faac06f634a329c08739b928f32994882fb416ba844382de8153b
rand_chacha	0.9.0	registry+https://github.com/rust-lang/crates.io-index	registry/cache/index.crates.io-1949cf8c6b5b557f/rand_chacha-0.9.0.crate	18258	d3022b5f1df60f26e1ffddd6c66e8aa15de382ae63b3a0c1bfc0e4d3e3f325cb	registry/src/index.crates.io-1949cf8c6b5b557f/rand_chacha-0.9.0	13	61864:47400155e5b82574afd097dfc0be887447fe0c565bf7e56b89a3512ccd48e5ac
rand_core	0.10.1	registry+https://github.com/rust-lang/crates.io-index	registry/cache/index.crates.io-1949cf8c6b5b557f/rand_core-0.10.1.crate	22833	63b8176103e19a2643978565ca18b50549f6101881c443590420e4dc998a3c69	registry/src/index.crates.io-1949cf8c6b5b557f/rand_core-0.10.1	20	74496:bddb78fec393493f226df62416f1a170dd2ec8ff2c53f554e2de24c7d83ead5e
rand_core	0.5.1	registry+https://github.com/rust-lang/crates.io-index	registry/cache/index.crates.io-1949cf8c6b5b557f/rand_core-0.5.1.crate	21116	90bde5296fc891b0cef12a6d03ddccc162ce7b2aff54160af9338f8d40df6d19	registry/src/index.crates.io-1949cf8c6b5b557f/rand_core-0.5.1	15	71027:f57daafa445433af0f3ab505af52491b368831764dacfbe3689cdc65ce491aa0
rand_core	0.6.4	registry+https://github.com/rust-lang/crates.io-index	registry/cache/index.crates.io-1949cf8c6b5b557f/rand_core-0.6.4.crate	22666	ec0be4795e2f6a28069bec0b5ff3e2ac9bafc99e6a9a7dc3547996c5c816922c	registry/src/index.crates.io-1949cf8c6b5b557f/rand_core-0.6.4	15	78669:372b1fba3b77b73ae4e2c537af23d57ea252874763110c6d2aee6b49b9593c25
rand_core	0.9.5	registry+https://github.com/rust-lang/crates.io-index	registry/cache/index.crates.io-1949cf8c6b5b557f/rand_core-0.9.5.crate	24129	76afc826de14238e6e8c374ddcc1fa19e374fd8dd986b0d2af0d02377261d83c	registry/src/index.crates.io-1949cf8c6b5b557f/rand_core-0.9.5	15	83762:c7e1d6e266a34d7595582369413d104bf8d67514da5e0ae4610b048b389efaa5
rand_hc	0.2.0	registry+https://github.com/rust-lang/crates.io-index	registry/cache/index.crates.io-1949cf8c6b5b557f/rand_hc-0.2.0.crate	11670	ca3129af7b92a17112d59ad498c6f81eaf463253766b90396d39ea7a39d6613c	registry/src/index.crates.io-1949cf8c6b5b557f/rand_hc-0.2.0	11	37627:f7cddb85f2cd2ada417107361eecabd059fb8b1588bcd80e6565434ae3c559ff
rand_xorshift	0.4.0	registry+https://github.com/rust-lang/crates.io-index	registry/cache/index.crates.io-1949cf8c6b5b557f/rand_xorshift-0.4.0.crate	10262	513962919efc330f829edb2535844d1b912b0fbe2ca165d613e4e8788bb05a5a	registry/src/index.crates.io-1949cf8c6b5b557f/rand_xorshift-0.4.0	12	27964:982a769ae5f19eb630dbd5e29813cb42ed771d7db49daaedce648560c0ec405a
redox_syscall	0.5.18	registry+https://github.com/rust-lang/crates.io-index	registry/cache/index.crates.io-1949cf8c6b5b557f/redox_syscall-0.5.18.crate	30747	ed2bf2547551a7053d6fdfafda3f938979645c44812fbfcda098faae3f1a362d	registry/src/index.crates.io-1949cf8c6b5b557f/redox_syscall-0.5.18	33	155831:6663606fe75e23293ffed002b7cb2379665b521f38974f28201680c7d1a51132
regex	1.12.4	registry+https://github.com/rust-lang/crates.io-index	registry/cache/index.crates.io-1949cf8c6b5b557f/regex-1.12.4.crate	153468	f1292b7759ae1cb9ec195452d1390a074f0cd8541ab7a5a8c31cd6db45d4a6ba	registry/src/index.crates.io-1949cf8c6b5b557f/regex-1.12.4	56	719338:24059028bd01d653f083140f723f133b3df00c1046c7de604edae83b95bb8ec2
regex-automata	0.4.14	registry+https://github.com/rust-lang/crates.io-index	registry/cache/index.crates.io-1949cf8c6b5b557f/regex-automata-0.4.14.crate	618012	6e1dd4122fc1595e8162618945476892eefca7b88c52820e74af6262213cae8f	registry/src/index.crates.io-1949cf8c6b5b557f/regex-automata-0.4.14	106	2687277:0bba01a2403de8ce10d36c293584b33bcc32e89ac9ade605c0eced86bd7af281
regex-syntax	0.8.11	registry+https://github.com/rust-lang/crates.io-index	registry/cache/index.crates.io-1949cf8c6b5b557f/regex-syntax-0.8.11.crate	359055	d6f6ff9a378485b298a5286656da665ba74413d36db0979633275d2e708145d4	registry/src/index.crates.io-1949cf8c6b5b557f/regex-syntax-0.8.11	43	1682188:de819689638885d97bcffed9605d1f4720b30e65a6a9266fc9b357215af4f876
reqwest	0.12.28	registry+https://github.com/rust-lang/crates.io-index	registry/cache/index.crates.io-1949cf8c6b5b557f/reqwest-0.12.28.crate	157031	eddd3ca559203180a307f12d114c268abf583f59b03cb906fd0b3ff8646c1147	registry/src/index.crates.io-1949cf8c6b5b557f/reqwest-0.12.28	48	735495:ad0b87e31ed6c998f690525f2c2673516d4602358eff5fbc13a3ae744636760b
ring	0.17.14	registry+https://github.com/rust-lang/crates.io-index	registry/cache/index.crates.io-1949cf8c6b5b557f/ring-0.17.14.crate	1502610	a4689e6c2294d81e88dc6261c768b63bc4fcdb852be6d1352498b114f61383b7	registry/src/index.crates.io-1949cf8c6b5b557f/ring-0.17.14	392	7757123:628e37fe3298acd56b1274d1de0e86768debd1ada307a1ffeead8a5141bdc45f
rustc-hash	2.1.3	registry+https://github.com/rust-lang/crates.io-index	registry/cache/index.crates.io-1949cf8c6b5b557f/rustc-hash-2.1.3.crate	14811	6b1e7f9a428571be2dc5bc0505c13fb6bf936822b894ec87abf8a08a4e51742d	registry/src/index.crates.io-1949cf8c6b5b557f/rustc-hash-2.1.3	15	43963:a5faf065c39f4360418a5f9bce4515e2d6c5ea16525f0c548fe055ec53ee8797
rustc_version	0.4.1	registry+https://github.com/rust-lang/crates.io-index	registry/cache/index.crates.io-1949cf8c6b5b557f/rustc_version-0.4.1.crate	12245	cfcb3a22ef46e85b45de6ee7e79d063319ebb6594faafcf1c225ea92ab6e9b92	registry/src/index.crates.io-1949cf8c6b5b557f/rustc_version-0.4.1	14	43771:db9fed2581e59428b0c6f9ad9729dbffe2111eac707b39e288b4800614a7be05
rustix	1.1.4	registry+https://github.com/rust-lang/crates.io-index	registry/cache/index.crates.io-1949cf8c6b5b557f/rustix-1.1.4.crate	425241	b6fe4565b9518b83ef4f91bb47ce29620ca828bd32cb7e408f0062e9930ba190	registry/src/index.crates.io-1949cf8c6b5b557f/rustix-1.1.4	333	2358517:adbcfaaa49457a1dc428555f64fd5df14b562ab1282363b1f82346a1ba6fa561
rustls	0.23.41	registry+https://github.com/rust-lang/crates.io-index	registry/cache/index.crates.io-1949cf8c6b5b557f/rustls-0.23.41.crate	374360	6b92b125634d9b795e7beca796cc790df15a7fb38323bf3196fda83292d06b1f	registry/src/index.crates.io-1949cf8c6b5b557f/rustls-0.23.41	120	1743572:f4b224970505e4d356bc615161e435dcbdb4bf663fb92cc8c1ebcf868430d3b4
rustls-pki-types	1.15.0	registry+https://github.com/rust-lang/crates.io-index	registry/cache/index.crates.io-1949cf8c6b5b557f/rustls-pki-types-1.15.0.crate	35697	764899a24af3980067ee14bc143654f297b22eaebfe3c7b6b211920a5a59b046	registry/src/index.crates.io-1949cf8c6b5b557f/rustls-pki-types-1.15.0	33	153907:91bad32dc221c72ff459db4bbbf75f3138eadb6fce51e4be1c0c0e22b3defbaa
rustls-webpki	0.103.13	registry+https://github.com/rust-lang/crates.io-index	registry/cache/index.crates.io-1949cf8c6b5b557f/rustls-webpki-0.103.13.crate	87513	61c429a8649f110dddef65e2a5ad240f747e85f7758a6bccc7e5777bd33f756e	registry/src/index.crates.io-1949cf8c6b5b557f/rustls-webpki-0.103.13	29	416369:5fc5c1450bc1e7ffd052e8d6faa90a1a6b90adcb4e008ab5172ea02bc17f426f
rustversion	1.0.22	registry+https://github.com/rust-lang/crates.io-index	registry/cache/index.crates.io-1949cf8c6b5b557f/rustversion-1.0.22.crate	21096	b39cdef0fa800fc44525c84ccb54a029961a8215f9619753635a9c0d2538d46d	registry/src/index.crates.io-1949cf8c6b5b557f/rustversion-1.0.22	40	74777:f8068d15b20644a4afb48dae253a500ee2284ea336413c695d9a652778665328
rusty-fork	0.3.1	registry+https://github.com/rust-lang/crates.io-index	registry/cache/index.crates.io-1949cf8c6b5b557f/rusty-fork-0.3.1.crate	21108	cc6bf79ff24e648f6da1f8d1f011e9cac26491b619e6b9280f2b47f1774e6ee2	registry/src/index.crates.io-1949cf8c6b5b557f/rusty-fork-0.3.1	19	68547:cdceb7a0044222fca10143e3c88055d46d7fe2f3cd3703abafce756c1cc2db4c
ryu	1.0.23	registry+https://github.com/rust-lang/crates.io-index	registry/cache/index.crates.io-1949cf8c6b5b557f/ryu-1.0.23.crate	52823	9774ba4a74de5f7b1c1451ed6cd5285a32eddb5cccb8cc655a4e50009e06477f	registry/src/index.crates.io-1949cf8c6b5b557f/ryu-1.0.23	39	183100:f467dee267d42210020220db6e6d4fb59031ca1b03aaa0e553f27de940d0b350
scopeguard	1.2.0	registry+https://github.com/rust-lang/crates.io-index	registry/cache/index.crates.io-1949cf8c6b5b557f/scopeguard-1.2.0.crate	11619	94143f37725109f92c262ed2cf5e59bce7498c01bcc1502d7b9afe439a4e9f49	registry/src/index.crates.io-1949cf8c6b5b557f/scopeguard-1.2.0	12	35545:8a78858c5c6215c5d66c8386d856553b8faf92847165c338d573776028248f7d
semver	1.0.28	registry+https://github.com/rust-lang/crates.io-index	registry/cache/index.crates.io-1949cf8c6b5b557f/semver-1.0.28.crate	33064	8a7852d02fc848982e0c167ef163aaff9cd91dc640ba85e263cb1ce46fae51cd	registry/src/index.crates.io-1949cf8c6b5b557f/semver-1.0.28	26	131039:fcc15db822db5a891f837037e3ed1cf3567537ae40068102dbfe1d929ee57913
serde	1.0.228	registry+https://github.com/rust-lang/crates.io-index	registry/cache/index.crates.io-1949cf8c6b5b557f/serde-1.0.228.crate	83652	9a8e94ea7f378bd32cbbd37198a4a91436180c5bb472411e48b5ec2e2124ae9e	registry/src/index.crates.io-1949cf8c6b5b557f/serde-1.0.228	34	561558:64e34cfb5838d416410f09c97d40e1ec498eb47b1ec2f7881a17f65cb1c09e41
serde-big-array	0.5.1	registry+https://github.com/rust-lang/crates.io-index	registry/cache/index.crates.io-1949cf8c6b5b557f/serde-big-array-0.5.1.crate	6618	11fc7cc2c76d73e0f27ee52abbd64eec84d46f370c88371120433196934e4b7f	registry/src/index.crates.io-1949cf8c6b5b557f/serde-big-array-0.5.1	20	21272:f5078e3d21349371a25e58990507e4c31c1d283a7c4c1a8200a458ab254af698
serde_bytes	0.11.19	registry+https://github.com/rust-lang/crates.io-index	registry/cache/index.crates.io-1949cf8c6b5b557f/serde_bytes-0.11.19.crate	13427	a5d440709e79d88e51ac01c4b72fc6cb7314017bb7da9eeff678aa94c10e3ea8	registry/src/index.crates.io-1949cf8c6b5b557f/serde_bytes-0.11.19	19	59000:d909ba7d7c959b8852d00b0d5a7b1b5915620f908266b3a4aea615f3aabab8ed
serde_core	1.0.228	registry+https://github.com/rust-lang/crates.io-index	registry/cache/index.crates.io-1949cf8c6b5b557f/serde_core-1.0.228.crate	63111	41d385c7d4ca58e59fc732af25c3983b67ac852c1a25000afe1175de458b67ad	registry/src/index.crates.io-1949cf8c6b5b557f/serde_core-1.0.228	28	392887:d4dd7c7ed0c4019bc41cdfdfa5bbe12355606d5778e33a45765566f39c9c5797
serde_derive	1.0.228	registry+https://github.com/rust-lang/crates.io-index	registry/cache/index.crates.io-1949cf8c6b5b557f/serde_derive-1.0.228.crate	59605	d540f220d3187173da220f885ab66608367b6574e925011a9353e4badda91d79	registry/src/index.crates.io-1949cf8c6b5b557f/serde_derive-1.0.228	37	333328:d81d1510bec9c11bcf156e97848ad04bbd079150e54cfac55f011f87fb4ceba5
serde_json	1.0.150	registry+https://github.com/rust-lang/crates.io-index	registry/cache/index.crates.io-1949cf8c6b5b557f/serde_json-1.0.150.crate	155574	e8014e44b4736ed0538adeecded0fce2a272f22dc9578a7eb6b2d9993c74cfb9	registry/src/index.crates.io-1949cf8c6b5b557f/serde_json-1.0.150	90	746165:aa6b49ef53385198853a6baf3dd44ad182744f2df234f7ad22db9fe9159a124b
serde_urlencoded	0.7.1	registry+https://github.com/rust-lang/crates.io-index	registry/cache/index.crates.io-1949cf8c6b5b557f/serde_urlencoded-0.7.1.crate	12822	d3491c14715ca2294c4d6a88f15e84739788c1d030eed8c110436aafdaa2f3fd	registry/src/index.crates.io-1949cf8c6b5b557f/serde_urlencoded-0.7.1	19	60092:d94a83179953a7e480bf39d8ec4b83fd18b1f18a6a2e20e2adaa7e8597828571
serde_with	3.21.0	registry+https://github.com/rust-lang/crates.io-index	registry/cache/index.crates.io-1949cf8c6b5b557f/serde_with-3.21.0.crate	205649	76a5c54c7310e7b8b9577c286d7e399ddd876c3e12b3ed917a8aabc4b96e9e8c	registry/src/index.crates.io-1949cf8c6b5b557f/serde_with-3.21.0	168	1297272:ea7b8cabd7ac2543d61ee47ee51a2b7ffa9ff447cb90eef8aff3e7a23e0c3a4a
serde_with_macros	3.21.0	registry+https://github.com/rust-lang/crates.io-index	registry/cache/index.crates.io-1949cf8c6b5b557f/serde_with_macros-3.21.0.crate	38159	84d57bc0c8b9a17920c178daa6bb924850d54a9c97ab45194bb8c17ad66bb660	registry/src/index.crates.io-1949cf8c6b5b557f/serde_with_macros-3.21.0	19	147580:ce05e3c5a999707b873e27335048b43d884c21fa634567af5347f30dbb888310
sha2	0.10.9	registry+https://github.com/rust-lang/crates.io-index	registry/cache/index.crates.io-1949cf8c6b5b557f/sha2-0.10.9.crate	29271	a7507d819769d01a365ab707794a4084392c824f54a7a6a7862f8c3d0892b283	registry/src/index.crates.io-1949cf8c6b5b557f/sha2-0.10.9	32	114057:abbe7a1e71749754edc810b84d810fdb75d2e975e812e0c2b6eab0dce62f52da
sha2	0.9.9	registry+https://github.com/rust-lang/crates.io-index	registry/cache/index.crates.io-1949cf8c6b5b557f/sha2-0.9.9.crate	22247	4d58a1e1bf39749807d89cf2d98ac2dfa0ff1cb3faa38fbb64dd88ac8013d800	registry/src/index.crates.io-1949cf8c6b5b557f/sha2-0.9.9	31	76779:9aef3817e527ed302aad9e212d3e1f49637c47c955ea904f700e99c37745d9b3
sha3	0.10.9	registry+https://github.com/rust-lang/crates.io-index	registry/cache/index.crates.io-1949cf8c6b5b557f/sha3-0.10.9.crate	859930	77fd7028345d415a4034cf8777cd4f8ab1851274233b45f84e3d955502d93874	registry/src/index.crates.io-1949cf8c6b5b557f/sha3-0.10.9	32	898095:3aedebfde056339efc1dd42f836213d44ac844ae6a3d194d5518d332f2bc5daf
shlex	2.0.1	registry+https://github.com/rust-lang/crates.io-index	registry/cache/index.crates.io-1949cf8c6b5b557f/shlex-2.0.1.crate	19332	f8fadd59c855ef2080decdef8ff161eb6661b86933c9d82e5ba29dc602a55aba	registry/src/index.crates.io-1949cf8c6b5b557f/shlex-2.0.1	14	57770:45f0aab393c54171a5b2c63438614336cec1b13cb9e6f9633b1f4fcd39f62e5f
signal-hook	0.3.18	registry+https://github.com/rust-lang/crates.io-index	registry/cache/index.crates.io-1949cf8c6b5b557f/signal-hook-0.3.18.crate	50862	d881a16cf4426aa584979d30bd82cb33429027e42122b169753d6ef1085ed6e2	registry/src/index.crates.io-1949cf8c6b5b557f/signal-hook-0.3.18	35	164320:fa4f921a57772353d0fdd480d46009d7c8d114264585a004e94fd5e19c65258f
signal-hook-registry	1.4.8	registry+https://github.com/rust-lang/crates.io-index	registry/cache/index.crates.io-1949cf8c6b5b557f/signal-hook-registry-1.4.8.crate	21668	c4db69cba1110affc0e9f7bcd48bbf87b3f4fc7c61fc9155afd4c469eb3d6c1b	registry/src/index.crates.io-1949cf8c6b5b557f/signal-hook-registry-1.4.8	12	68458:71e489904f3f37bcdfd7f08381c554e0dc0ff26dee7eb0393419c18ffd191462
signature	1.6.4	registry+https://github.com/rust-lang/crates.io-index	registry/cache/index.crates.io-1949cf8c6b5b557f/signature-1.6.4.crate	16012	74233d3b3b2f6d4b006dc19dee745e73e2a6bfb6f93607cd3b02bd5b00797d7c	registry/src/index.crates.io-1949cf8c6b5b557f/signature-1.6.4	16	52056:b9de8732a5c705221a6b278b972b1e894f8b1a1c5f8232d7efe413ecb90472b2
siphasher	0.3.11	registry+https://github.com/rust-lang/crates.io-index	registry/cache/index.crates.io-1949cf8c6b5b557f/siphasher-0.3.11.crate	10442	38b58827f4464d87d377d175e90bf58eb00fd8716ff0a62f80356b5e61555d0d	registry/src/index.crates.io-1949cf8c6b5b557f/siphasher-0.3.11	14	57418:09752dd337c3e4cecf3ca67e0ee16b20bf21a8e6d41e54a715e064449cfbbe16
slab	0.4.12	registry+https://github.com/rust-lang/crates.io-index	registry/cache/index.crates.io-1949cf8c6b5b557f/slab-0.4.12.crate	19080	0c790de23124f9ab44544d7ac05d60440adc586479ce501c1d6d7da3cd8c9cf5	registry/src/index.crates.io-1949cf8c6b5b557f/slab-0.4.12	14	80407:58321bf82c155406bd0b3f07fa61642d740228a8fcdd4e810dcf85a6828630e0
smallvec	1.15.2	registry+https://github.com/rust-lang/crates.io-index	registry/cache/index.crates.io-1949cf8c6b5b557f/smallvec-1.15.2.crate	34899	8ed6a63f02c8539c91a8685a86f4099661ba3da017932f6ebbea6de3f0fa7c90	registry/src/index.crates.io-1949cf8c6b5b557f/smallvec-1.15.2	13	143590:eeea78d34ab008829a6c9db8279eae4ce5b3476ea6aa66e01fac7533290be8e8
socket2	0.6.4	registry+https://github.com/rust-lang/crates.io-index	registry/cache/index.crates.io-1949cf8c6b5b557f/socket2-0.6.4.crate	59888	52d1cfed4120b4d927bf7c0f86d2087a4a7d6027c906d9f9d525a80573b9be51	registry/src/index.crates.io-1949cf8c6b5b557f/socket2-0.6.4	14	299936:e01bba827b61ff8ccd89465a140b683c72ce973c07fb6ce448b64ddc782dc6a0
solana-account	2.2.1	registry+https://github.com/rust-lang/crates.io-index	registry/cache/index.crates.io-1949cf8c6b5b557f/solana-account-2.2.1.crate	16282	0f949fe4edaeaea78c844023bfc1c898e0b1f5a100f8a8d2d0f85d0a7b090258	registry/src/index.crates.io-1949cf8c6b5b557f/solana-account-2.2.1	7	79013:607e57e660e6eb6c1ff393cb98ee30accda4c691aa7438ca4678de5e64f1c90e
solana-account-info	2.3.0	registry+https://github.com/rust-lang/crates.io-index	registry/cache/index.crates.io-1949cf8c6b5b557f/solana-account-info-2.3.0.crate	9374	c8f5152a288ef1912300fc6efa6c2d1f9bb55d9398eb6c72326360b8063987da	registry/src/index.crates.io-1949cf8c6b5b557f/solana-account-info-2.3.0	7	35297:37e37756e3850842bfdcbf3ce753da0784632c4bdd853cb47532aa7553ead9dc
solana-address-lookup-table-interface	2.2.2	registry+https://github.com/rust-lang/crates.io-index	registry/cache/index.crates.io-1949cf8c6b5b557f/solana-address-lookup-table-interface-2.2.2.crate	13503	d1673f67efe870b64a65cb39e6194be5b26527691ce5922909939961a6e6b395	registry/src/index.crates.io-1949cf8c6b5b557f/solana-address-lookup-table-interface-2.2.2	9	55125:6468dab2792b704bbce62362905706696ea8ae01559507b642a63ff7d0530f7e
solana-atomic-u64	2.2.1	registry+https://github.com/rust-lang/crates.io-index	registry/cache/index.crates.io-1949cf8c6b5b557f/solana-atomic-u64-2.2.1.crate	2544	d52e52720efe60465b052b9e7445a01c17550666beec855cce66f44766697bc2	registry/src/index.crates.io-1949cf8c6b5b557f/solana-atomic-u64-2.2.1	6	7040:76f2e5e64e5e19e0ba7dfd37ffb81d138184784c87816f0a184e6e30f682b057
solana-big-mod-exp	2.2.1	registry+https://github.com/rust-lang/crates.io-index	registry/cache/index.crates.io-1949cf8c6b5b557f/solana-big-mod-exp-2.2.1.crate	3658	75db7f2bbac3e62cfd139065d15bcda9e2428883ba61fc8d27ccb251081e7567	registry/src/index.crates.io-1949cf8c6b5b557f/solana-big-mod-exp-2.2.1	6	12539:0aea68fc30b72ba3ccd66e79b6831852b6a6d0e21866bcc8c8f35526467f5a5f
solana-bincode	2.2.1	registry+https://github.com/rust-lang/crates.io-index	registry/cache/index.crates.io-1949cf8c6b5b557f/solana-bincode-2.2.1.crate	5626	19a3787b8cf9c9fe3dd360800e8b70982b9e5a8af9e11c354b6665dd4a003adc	registry/src/index.crates.io-1949cf8c6b5b557f/solana-bincode-2.2.1	6	18190:14c89b3e95a9c495d4aad8f96b40bd8ddb745a00c20938ccb876347154084ff5
solana-blake3-hasher	2.2.1	registry+https://github.com/rust-lang/crates.io-index	registry/cache/index.crates.io-1949cf8c6b5b557f/solana-blake3-hasher-2.2.1.crate	8786	a1a0801e25a1b31a14494fc80882a036be0ffd290efc4c2d640bfcca120a4672	registry/src/index.crates.io-1949cf8c6b5b557f/solana-blake3-hasher-2.2.1	6	30335:c8ce8187db8e69feebf44ecd466b72326b6758e22dd5c01456b95d62287fb271
solana-bn254	2.2.2	registry+https://github.com/rust-lang/crates.io-index	registry/cache/index.crates.io-1949cf8c6b5b557f/solana-bn254-2.2.2.crate	23137	4420f125118732833f36facf96a27e7b78314b2d642ba07fa9ffdacd8d79e243	registry/src/index.crates.io-1949cf8c6b5b557f/solana-bn254-2.2.2	7	116645:92dd6adfcb8ade53ad19931c10fe6d07cbced9ef083a1473894713d498b011d8
solana-borsh	2.2.1	registry+https://github.com/rust-lang/crates.io-index	registry/cache/index.crates.io-1949cf8c6b5b557f/solana-borsh-2.2.1.crate	6518	718333bcd0a1a7aed6655aa66bef8d7fb047944922b2d3a18f49cbc13e73d004	registry/src/index.crates.io-1949cf8c6b5b557f/solana-borsh-2.2.1	10	26237:99450cdcdd87df544b1e25bfcfc34f64bb164246813d83adf696f2d5d108a149
solana-client-traits	2.2.1	registry+https://github.com/rust-lang/crates.io-index	registry/cache/index.crates.io-1949cf8c6b5b557f/solana-client-traits-2.2.1.crate	9330	83f0071874e629f29e0eb3dab8a863e98502ac7aba55b7e0df1803fc5cac72a7	registry/src/index.crates.io-1949cf8c6b5b557f/solana-client-traits-2.2.1	6	36556:cc335c5f2b39c099ba42d0a7a65fc9b9cfa23d57ff7bcaf160c7d937d8aeb9d7
solana-clock	2.2.3	registry+https://github.com/rust-lang/crates.io-index	registry/cache/index.crates.io-1949cf8c6b5b557f/solana-clock-2.2.3.crate	8260	f8584296123df8fe229b95e2ebfd37ae637fe9db9b7d4dd677ac5a78e80dbfce	registry/src/index.crates.io-1949cf8c6b5b557f/solana-clock-2.2.3	7	26811:1d173efa4e61f64867268c1235f043066f7f568aef7d034db3d2360e2a3e9e55
solana-cluster-type	2.2.1	registry+https://github.com/rust-lang/crates.io-index	registry/cache/index.crates.io-1949cf8c6b5b557f/solana-cluster-type-2.2.1.crate	6165	7ace9fea2daa28354d107ea879cff107181d85cd4e0f78a2bedb10e1a428c97e	registry/src/index.crates.io-1949cf8c6b5b557f/solana-cluster-type-2.2.1	6	20378:bb76d110177b4aea072933fb07f280c2f9374da468005bbaac696328a97718a6
solana-commitment-config	2.2.1	registry+https://github.com/rust-lang/crates.io-index	registry/cache/index.crates.io-1949cf8c6b5b557f/solana-commitment-config-2.2.1.crate	2902	ac49c4dde3edfa832de1697e9bcdb7c3b3f7cb7a1981b7c62526c8bb6700fb73	registry/src/index.crates.io-1949cf8c6b5b557f/solana-commitment-config-2.2.1	6	7818:a038792646220d63fa853baef41b8e298dcb9bff48813415e29d91e50185ee80
solana-compute-budget-interface	2.2.2	registry+https://github.com/rust-lang/crates.io-index	registry/cache/index.crates.io-1949cf8c6b5b557f/solana-compute-budget-interface-2.2.2.crate	8277	8432d2c4c22d0499aa06d62e4f7e333f81777b3d7c96050ae9e5cb71a8c3aee4	registry/src/index.crates.io-1949cf8c6b5b557f/solana-compute-budget-interface-2.2.2	6	28334:499c21c2c07e2def055ac2241ea5eeb67db2f7a452a45a79b739ad3ea85196f4
solana-cpi	2.2.1	registry+https://github.com/rust-lang/crates.io-index	registry/cache/index.crates.io-1949cf8c6b5b557f/solana-cpi-2.2.1.crate	10716	8dc71126edddc2ba014622fc32d0f5e2e78ec6c5a1e0eb511b85618c09e9ea11	registry/src/index.crates.io-1949cf8c6b5b557f/solana-cpi-2.2.1	7	38041:91070c12cad4f4ada49553386f8c026e71407afcbc8a18851e30b5442ec72f41
solana-decode-error	2.3.0	registry+https://github.com/rust-lang/crates.io-index	registry/cache/index.crates.io-1949cf8c6b5b557f/solana-decode-error-2.3.0.crate	2347	8c781686a18db2f942e70913f7ca15dc120ec38dcab42ff7557db2c70c625a35	registry/src/index.crates.io-1949cf8c6b5b557f/solana-decode-error-2.3.0	6	5633:78770edc08573adc63e2111464c8b11d35cfc9b9b2f00095190d36883e8c6974
solana-define-syscall	2.3.0	registry+https://github.com/rust-lang/crates.io-index	registry/cache/index.crates.io-1949cf8c6b5b557f/solana-define-syscall-2.3.0.crate	2653	2ae3e2abcf541c8122eafe9a625d4d194b4023c20adde1e251f94e056bb1aee2	registry/src/index.crates.io-1949cf8c6b5b557f/solana-define-syscall-2.3.0	7	8229:d8c86e008fd563570de012e06eee96f329ddfcc195bb43302e3f13796b9ac713
solana-derivation-path	2.2.1	registry+https://github.com/rust-lang/crates.io-index	registry/cache/index.crates.io-1949cf8c6b5b557f/solana-derivation-path-2.2.1.crate	4834	939756d798b25c5ec3cca10e06212bdca3b1443cb9bb740a38124f58b258737b	registry/src/index.crates.io-1949cf8c6b5b557f/solana-derivation-path-2.2.1	6	28528:96aef0c2f76e10799230b16ad383da66c5b6026e5abd80de93d0941eb238f428
solana-ed25519-program	2.2.3	registry+https://github.com/rust-lang/crates.io-index	registry/cache/index.crates.io-1949cf8c6b5b557f/solana-ed25519-program-2.2.3.crate	12610	a1feafa1691ea3ae588f99056f4bdd1293212c7ece28243d7da257c443e84753	registry/src/index.crates.io-1949cf8c6b5b557f/solana-ed25519-program-2.2.3	6	54188:de2854ee596058c2d045011525f026b324b31d2be125609a074543d01878de35
solana-epoch-info	2.2.1	registry+https://github.com/rust-lang/crates.io-index	registry/cache/index.crates.io-1949cf8c6b5b557f/solana-epoch-info-2.2.1.crate	1994	90ef6f0b449290b0b9f32973eefd95af35b01c5c0c34c569f936c34c5b20d77b	registry/src/index.crates.io-1949cf8c6b5b557f/solana-epoch-info-2.2.1	6	4507:8e344e5c3dbc7212f171e70e8c72e8a676d75bca873142962b607bf4b5661b03
solana-epoch-rewards	2.2.1	registry+https://github.com/rust-lang/crates.io-index	registry/cache/index.crates.io-1949cf8c6b5b557f/solana-epoch-rewards-2.2.1.crate	7551	86b575d3dd323b9ea10bb6fe89bf6bf93e249b215ba8ed7f68f1a3633f384db7	registry/src/index.crates.io-1949cf8c6b5b557f/solana-epoch-rewards-2.2.1	7	26220:97eebcd477aa51376e4de0a2d63400a912346cc4135be2393d4dc73fd3fd85d3
solana-epoch-rewards-hasher	2.2.1	registry+https://github.com/rust-lang/crates.io-index	registry/cache/index.crates.io-1949cf8c6b5b557f/solana-epoch-rewards-hasher-2.2.1.crate	6533	96c5fd2662ae7574810904585fd443545ed2b568dbd304b25a31e79ccc76e81b	registry/src/index.crates.io-1949cf8c6b5b557f/solana-epoch-rewards-hasher-2.2.1	6	22350:a65e4cabe781fd57051086a7a1a4db2c207ea814182a4368e4739792f0657f8c
solana-epoch-schedule	2.2.1	registry+https://github.com/rust-lang/crates.io-index	registry/cache/index.crates.io-1949cf8c6b5b557f/solana-epoch-schedule-2.2.1.crate	9188	3fce071fbddecc55d727b1d7ed16a629afe4f6e4c217bc8d00af3b785f6f67ed	registry/src/index.crates.io-1949cf8c6b5b557f/solana-epoch-schedule-2.2.1	7	33755:d5d9c4663cbcdb51214ff0ff379a09712b63eee72436d1110eee7efba4e62f77
solana-example-mocks	2.2.1	registry+https://github.com/rust-lang/crates.io-index	registry/cache/index.crates.io-1949cf8c6b5b557f/solana-example-mocks-2.2.1.crate	8657	84461d56cbb8bb8d539347151e0525b53910102e4bced875d49d5139708e39d3	registry/src/index.crates.io-1949cf8c6b5b557f/solana-example-mocks-2.2.1	6	31984:d526c0f009012a40968aee1c4f3add4ac424a1adf00ffbda9bc165d7eaa1a55d
solana-feature-gate-interface	2.2.2	registry+https://github.com/rust-lang/crates.io-index	registry/cache/index.crates.io-1949cf8c6b5b557f/solana-feature-gate-interface-2.2.2.crate	7482	43f5c5382b449e8e4e3016fb05e418c53d57782d8b5c30aa372fc265654b956d	registry/src/index.crates.io-1949cf8c6b5b557f/solana-feature-gate-interface-2.2.2	6	27527:673c69ce382d42f934afa5ddb8454a0b8c6b2ac2b6b0b3d65e70f230fc3f8c44
solana-feature-set	2.2.5	registry+https://github.com/rust-lang/crates.io-index	registry/cache/index.crates.io-1949cf8c6b5b557f/solana-feature-set-2.2.5.crate	26207	93b93971e289d6425f88e6e3cb6668c4b05df78b3c518c249be55ced8efd6b6d	registry/src/index.crates.io-1949cf8c6b5b557f/solana-feature-set-2.2.5	6	83279:8e62acb6ec39d57a4b45d952c53388c0e471801a470db27a70f0a1cf131be2b5
solana-fee-calculator	2.2.1	registry+https://github.com/rust-lang/crates.io-index	registry/cache/index.crates.io-1949cf8c6b5b557f/solana-fee-calculator-2.2.1.crate	7622	d89bc408da0fb3812bc3008189d148b4d3e08252c79ad810b245482a3f70cd8d	registry/src/index.crates.io-1949cf8c6b5b557f/solana-fee-calculator-2.2.1	6	28680:144fab443f25bf61e25b2cd190d3ffe235e0158b7aea534589758a0e8ffe1074
solana-fee-structure	2.3.0	registry+https://github.com/rust-lang/crates.io-index	registry/cache/index.crates.io-1949cf8c6b5b557f/solana-fee-structure-2.3.0.crate	8462	33adf673581c38e810bf618f745bf31b683a0a4a4377682e6aaac5d9a058dd4e	registry/src/index.crates.io-1949cf8c6b5b557f/solana-fee-structure-2.3.0	6	31013:6121b747c5f90ce923caa7163fac50ae33d951f3e385cff7a907d1fe22944569
solana-genesis-config	2.3.0	registry+https://github.com/rust-lang/crates.io-index	registry/cache/index.crates.io-1949cf8c6b5b557f/solana-genesis-config-2.3.0.crate	14324	b3725085d47b96d37fef07a29d78d2787fc89a0b9004c66eed7753d1e554989f	registry/src/index.crates.io-1949cf8c6b5b557f/solana-genesis-config-2.3.0	6	54214:db7b700a9c34e9918130c8104236820d33009b13859e53c6230f875dbb571299
solana-hard-forks	2.2.1	registry+https://github.com/rust-lang/crates.io-index	registry/cache/index.crates.io-1949cf8c6b5b557f/solana-hard-forks-2.2.1.crate	4785	b6c28371f878e2ead55611d8ba1b5fb879847156d04edea13693700ad1a28baf	registry/src/index.crates.io-1949cf8c6b5b557f/solana-hard-forks-2.2.1	6	15021:6fb97ed49582365326f74b3985fdfd344d1ea9e71b12edae1563fa413181ae93
solana-hash	2.3.0	registry+https://github.com/rust-lang/crates.io-index	registry/cache/index.crates.io-1949cf8c6b5b557f/solana-hash-2.3.0.crate	9232	b5b96e9f0300fa287b545613f007dfe20043d7812bee255f418c1eb649c93b63	registry/src/index.crates.io-1949cf8c6b5b557f/solana-hash-2.3.0	6	31577:cb10b03924eaad6b54db91f64ded01c7e64a525a5079163830fb9add73f6e940
solana-inflation	2.2.1	registry+https://github.com/rust-lang/crates.io-index	registry/cache/index.crates.io-1949cf8c6b5b557f/solana-inflation-2.2.1.crate	4761	23eef6a09eb8e568ce6839573e4966850e85e9ce71e6ae1a6c930c1c43947de3	registry/src/index.crates.io-1949cf8c6b5b557f/solana-inflation-2.2.1	6	15595:3a30e60250f074eba13a9ce14b0086c005807d9f74f89aff6d5fd022b81c688d
solana-instruction	2.3.3	registry+https://github.com/rust-lang/crates.io-index	registry/cache/index.crates.io-1949cf8c6b5b557f/solana-instruction-2.3.3.crate	21318	bab5682934bd1f65f8d2c16f21cb532526fcc1a09f796e2cacdb091eee5774ad	registry/src/index.crates.io-1949cf8c6b5b557f/solana-instruction-2.3.3	10	109222:fd128ef40fb6511fb3267e3d036f280d9ff5477ec63f1fe847decf89812106f8
solana-instructions-sysvar	2.2.2	registry+https://github.com/rust-lang/crates.io-index	registry/cache/index.crates.io-1949cf8c6b5b557f/solana-instructions-sysvar-2.2.2.crate	9332	e0e85a6fad5c2d0c4f5b91d34b8ca47118fc593af706e523cdbedf846a954f57	registry/src/index.crates.io-1949cf8c6b5b557f/solana-instructions-sysvar-2.2.2	6	41715:1911a5f553157157838d3381b73a917012abded8dab3c0f760b188dafec7496e
solana-keccak-hasher	2.2.1	registry+https://github.com/rust-lang/crates.io-index	registry/cache/index.crates.io-1949cf8c6b5b557f/solana-keccak-hasher-2.2.1.crate	8077	c7aeb957fbd42a451b99235df4942d96db7ef678e8d5061ef34c9b34cae12f79	registry/src/index.crates.io-1949cf8c6b5b557f/solana-keccak-hasher-2.2.1	6	27490:d7e0220437608c1810b2340a8dc387453de429a31a796fad84ea0ab06ff31c27
solana-keypair	2.2.3	registry+https://github.com/rust-lang/crates.io-index	registry/cache/index.crates.io-1949cf8c6b5b557f/solana-keypair-2.2.3.crate	13320	bd3f04aa1a05c535e93e121a95f66e7dcccf57e007282e8255535d24bf1e98bb	registry/src/index.crates.io-1949cf8c6b5b557f/solana-keypair-2.2.3	8	48203:4ff06d6521bf19cda8e760456505bc8277095d0f43610c824a073723a5e0ca0f
solana-last-restart-slot	2.2.1	registry+https://github.com/rust-lang/crates.io-index	registry/cache/index.crates.io-1949cf8c6b5b557f/solana-last-restart-slot-2.2.1.crate	5302	4a6360ac2fdc72e7463565cd256eedcf10d7ef0c28a1249d261ec168c1b55cdd	registry/src/index.crates.io-1949cf8c6b5b557f/solana-last-restart-slot-2.2.1	7	17661:d337e76c86f5075e47e09e2de8b75639e77c4b4cecdd0b36c560977e30c983fc
solana-loader-v2-interface	2.2.1	registry+https://github.com/rust-lang/crates.io-index	registry/cache/index.crates.io-1949cf8c6b5b557f/solana-loader-v2-interface-2.2.1.crate	5796	d8ab08006dad78ae7cd30df8eea0539e207d08d91eaefb3e1d49a446e1c49654	registry/src/index.crates.io-1949cf8c6b5b557f/solana-loader-v2-interface-2.2.1	6	19252:9dfbf59eebc548c212e9339de038c6100a28d5d700959d694f21463db4f5d1f4
solana-loader-v3-interface	5.0.0	registry+https://github.com/rust-lang/crates.io-index	registry/cache/index.crates.io-1949cf8c6b5b557f/solana-loader-v3-interface-5.0.0.crate	11987	6f7162a05b8b0773156b443bccd674ea78bb9aa406325b467ea78c06c99a63a2	registry/src/index.crates.io-1949cf8c6b5b557f/solana-loader-v3-interface-5.0.0	8	53479:eb406892feb30774a38200b4d23752fdaccd76666d5efe09b9e9ca9ef8d29a64
solana-loader-v4-interface	2.2.1	registry+https://github.com/rust-lang/crates.io-index	registry/cache/index.crates.io-1949cf8c6b5b557f/solana-loader-v4-interface-2.2.1.crate	9824	706a777242f1f39a83e2a96a2a6cb034cb41169c6ecbee2cf09cb873d9659e7e	registry/src/index.crates.io-1949cf8c6b5b557f/solana-loader-v4-interface-2.2.1	8	44127:436e3ed1a7aa01da598459649c0a4b8cf6abfc3d795631d06b3d1b0b08aab062
solana-logger	2.3.1	registry+https://github.com/rust-lang/crates.io-index	registry/cache/index.crates.io-1949cf8c6b5b557f/solana-logger-2.3.1.crate	4550	db8e777ec1afd733939b532a42492d888ec7c88d8b4127a5d867eb45c6eb5cd5	registry/src/index.crates.io-1949cf8c6b5b557f/solana-logger-2.3.1	7	13591:2b7e80fcaff424516c03b5f781642b10a87c801df82f3f8dcb73f36ef9da3582
solana-message	2.4.0	registry+https://github.com/rust-lang/crates.io-index	registry/cache/index.crates.io-1949cf8c6b5b557f/solana-message-2.4.0.crate	42004	1796aabce376ff74bf89b78d268fa5e683d7d7a96a0a4e4813ec34de49d5314b	registry/src/index.crates.io-1949cf8c6b5b557f/solana-message-2.4.0	17	220518:7bc764f460e07b0d8945f43ec16c778b26e33e00cdd870db4ca40aa83ccefd46
solana-msg	2.2.1	registry+https://github.com/rust-lang/crates.io-index	registry/cache/index.crates.io-1949cf8c6b5b557f/solana-msg-2.2.1.crate	1979	f36a1a14399afaabc2781a1db09cb14ee4cc4ee5c7a5a3cfcc601811379a8092	registry/src/index.crates.io-1949cf8c6b5b557f/solana-msg-2.2.1	7	3804:fdfa02428b7d92d5341e06018ead8bc21c73945d066b1fdbbe7b970bcae87b1b
solana-native-token	2.3.0	registry+https://github.com/rust-lang/crates.io-index	registry/cache/index.crates.io-1949cf8c6b5b557f/solana-native-token-2.3.0.crate	2471	61515b880c36974053dd499c0510066783f0cc6ac17def0c7ef2a244874cf4a9	registry/src/index.crates.io-1949cf8c6b5b557f/solana-native-token-2.3.0	6	8328:672222cef54aa8f8e0a8b56e82253a3ac0a321e3053348dd68d44197598df08f
solana-nonce	2.2.1	registry+https://github.com/rust-lang/crates.io-index	registry/cache/index.crates.io-1949cf8c6b5b557f/solana-nonce-2.2.1.crate	7530	703e22eb185537e06204a5bd9d509b948f0066f2d1d814a6f475dafb3ddf1325	registry/src/index.crates.io-1949cf8c6b5b557f/solana-nonce-2.2.1	8	29412:7fef94215c68c5dd13ecd807bdc0a4bf02455455f07b993c50e9e1a9f7c98ce8
solana-nonce-account	2.2.1	registry+https://github.com/rust-lang/crates.io-index	registry/cache/index.crates.io-1949cf8c6b5b557f/solana-nonce-account-2.2.1.crate	8335	cde971a20b8dbf60144d6a84439dda86b5466e00e2843091fe731083cda614da	registry/src/index.crates.io-1949cf8c6b5b557f/solana-nonce-account-2.2.1	6	33132:d364d661b595a6b608cd4775707fa4daf0db3e719105ccd5be7f0b8da2fb30ba
solana-offchain-message	2.2.1	registry+https://github.com/rust-lang/crates.io-index	registry/cache/index.crates.io-1949cf8c6b5b557f/solana-offchain-message-2.2.1.crate	10219	b526398ade5dea37f1f147ce55dae49aa017a5d7326606359b0445ca8d946581	registry/src/index.crates.io-1949cf8c6b5b557f/solana-offchain-message-2.2.1	6	37948:3470f54ad66afb90851f18176ccf17ec267a29cf2fd374f8acde5451d652ab70
solana-packet	2.2.1	registry+https://github.com/rust-lang/crates.io-index	registry/cache/index.crates.io-1949cf8c6b5b557f/solana-packet-2.2.1.crate	7991	004f2d2daf407b3ec1a1ca5ec34b3ccdfd6866dd2d3c7d0715004a96e4b6d127	registry/src/index.crates.io-1949cf8c6b5b557f/solana-packet-2.2.1	6	26648:c050a27b5d79914bbce8770e844798fc894f7aad25dfc5a5ed53b6ac3054a405
solana-poh-config	2.2.1	registry+https://github.com/rust-lang/crates.io-index	registry/cache/index.crates.io-1949cf8c6b5b557f/solana-poh-config-2.2.1.crate	4673	d650c3b4b9060082ac6b0efbbb66865089c58405bfb45de449f3f2b91eccee75	registry/src/index.crates.io-1949cf8c6b5b557f/solana-poh-config-2.2.1	6	14604:d6afb378280bdf3e2d3f94ded3f607c16d661a24c26ed0b629d0699b4a3da575
solana-precompile-error	2.2.2	registry+https://github.com/rust-lang/crates.io-index	registry/cache/index.crates.io-1949cf8c6b5b557f/solana-precompile-error-2.2.2.crate	1939	4d87b2c1f5de77dfe2b175ee8dd318d196aaca4d0f66f02842f80c852811f9f8	registry/src/index.crates.io-1949cf8c6b5b557f/solana-precompile-error-2.2.2	6	5334:20cb0b71d05c8aee58499668c103d3efafa394ad7794c274462ce773852f4e45
solana-precompiles	2.2.2	registry+https://github.com/rust-lang/crates.io-index	registry/cache/index.crates.io-1949cf8c6b5b557f/solana-precompiles-2.2.2.crate	9771	36e92768a57c652edb0f5d1b30a7d0bc64192139c517967c18600debe9ae3832	registry/src/index.crates.io-1949cf8c6b5b557f/solana-precompiles-2.2.2	6	36030:be8613d60166535ddd952749c12164ec20bfba03352bf2fce25fe9fa5e838b67
solana-presigner	2.2.1	registry+https://github.com/rust-lang/crates.io-index	registry/cache/index.crates.io-1949cf8c6b5b557f/solana-presigner-2.2.1.crate	7253	81a57a24e6a4125fc69510b6774cd93402b943191b6cddad05de7281491c90fe	registry/src/index.crates.io-1949cf8c6b5b557f/solana-presigner-2.2.1	6	25379:8668aa39f025b0c75c498fd661cfce88e1e23043b6731ea7f127a775126e2529
solana-program	2.3.0	registry+https://github.com/rust-lang/crates.io-index	registry/cache/index.crates.io-1949cf8c6b5b557f/solana-program-2.3.0.crate	35371	98eca145bd3545e2fbb07166e895370576e47a00a7d824e325390d33bf467210	registry/src/index.crates.io-1949cf8c6b5b557f/solana-program-2.3.0	37	142411:a6fd7473ca4a08a60cd19d6b6c6d6e1e7e0388a7dab5818f79c73aa5271faa9f
solana-program-entrypoint	2.3.0	registry+https://github.com/rust-lang/crates.io-index	registry/cache/index.crates.io-1949cf8c6b5b557f/solana-program-entrypoint-2.3.0.crate	10807	32ce041b1a0ed275290a5008ee1a4a6c48f5054c8a3d78d313c08958a06aedbd	registry/src/index.crates.io-1949cf8c6b5b557f/solana-program-entrypoint-2.3.0	6	39097:844151a04c0ea01d395d6722361f6ad26a0959affa095e686f2d65f8e1591b52
solana-program-error	2.2.2	registry+https://github.com/rust-lang/crates.io-index	registry/cache/index.crates.io-1949cf8c6b5b557f/solana-program-error-2.2.2.crate	9230	9ee2e0217d642e2ea4bee237f37bd61bb02aec60da3647c48ff88f6556ade775	registry/src/index.crates.io-1949cf8c6b5b557f/solana-program-error-2.2.2	6	37351:4995a122754ef7d5396d703ba69999a69536066ddffb96076f288e629371b875
solana-program-memory	2.3.1	registry+https://github.com/rust-lang/crates.io-index	registry/cache/index.crates.io-1949cf8c6b5b557f/solana-program-memory-2.3.1.crate	2935	3a5426090c6f3fd6cfdc10685322fede9ca8e5af43cd6a59e98bfe4e91671712	registry/src/index.crates.io-1949cf8c6b5b557f/solana-program-memory-2.3.1	6	8931:1a6268b7d7fd922629dac7779bde10d077bcd7c4b09ab390fed195be049cfd98
solana-program-option	2.2.1	registry+https://github.com/rust-lang/crates.io-index	registry/cache/index.crates.io-1949cf8c6b5b557f/solana-program-option-2.2.1.crate	6463	dc677a2e9bc616eda6dbdab834d463372b92848b2bfe4a1ed4e4b4adba3397d0	registry/src/index.crates.io-1949cf8c6b5b557f/solana-program-option-2.2.1	6	32691:71b195c28b9c3e1a7d52596eed2d6ea5dba3d7b6b52cd7c45df680754aa5e596
solana-program-pack	2.2.1	registry+https://github.com/rust-lang/crates.io-index	registry/cache/index.crates.io-1949cf8c6b5b557f/solana-program-pack-2.2.1.crate	5304	319f0ef15e6e12dc37c597faccb7d62525a509fec5f6975ecb9419efddeb277b	registry/src/index.crates.io-1949cf8c6b5b557f/solana-program-pack-2.2.1	6	17196:58feb5f8aca157ad3720712e4a6da258ef733fe74393f1b9f8d1cd53d710647b
solana-pubkey	2.4.0	registry+https://github.com/rust-lang/crates.io-index	registry/cache/index.crates.io-1949cf8c6b5b557f/solana-pubkey-2.4.0.crate	23485	9b62adb9c3261a052ca1f999398c388f1daf558a1b492f60a6d9e64857db4ff1	registry/src/index.crates.io-1949cf8c6b5b557f/solana-pubkey-2.4.0	7	92398:d0fcae1b79f28a11305839a71d7b0ff964ff36ee185bd0359fa673f6bb0e95da
solana-quic-definitions	2.3.1	registry+https://github.com/rust-lang/crates.io-index	registry/cache/index.crates.io-1949cf8c6b5b557f/solana-quic-definitions-2.3.1.crate	7515	fbf0d4d5b049eb1d0c35f7b18f305a27c8986fc5c0c9b383e97adaa35334379e	registry/src/index.crates.io-1949cf8c6b5b557f/solana-quic-definitions-2.3.1	6	25343:1a002bb2a77fa6ff02e8cb3d54c8ebde638b936fc7d99c54e0dfc6890896a988
solana-rent	2.2.1	registry+https://github.com/rust-lang/crates.io-index	registry/cache/index.crates.io-1949cf8c6b5b557f/solana-rent-2.2.1.crate	8662	d1aea8fdea9de98ca6e8c2da5827707fb3842833521b528a713810ca685d2480	registry/src/index.crates.io-1949cf8c6b5b557f/solana-rent-2.2.1	7	30337:737271673973f11682e607ae4665f8101fe24ed23eb48434a0893cdf7980e112
solana-rent-collector	2.3.0	registry+https://github.com/rust-lang/crates.io-index	registry/cache/index.crates.io-1949cf8c6b5b557f/solana-rent-collector-2.3.0.crate	15247	127e6dfa51e8c8ae3aa646d8b2672bc4ac901972a338a9e1cd249e030564fb9d	registry/src/index.crates.io-1949cf8c6b5b557f/solana-rent-collector-2.3.0	6	61432:00f784a5b01d41addd77f4f9dad1f02bb6b557cec2eda1d432990595c1a0c204
solana-rent-debits	2.2.1	registry+https://github.com/rust-lang/crates.io-index	registry/cache/index.crates.io-1949cf8c6b5b557f/solana-rent-debits-2.2.1.crate	5356	4f6f9113c6003492e74438d1288e30cffa8ccfdc2ef7b49b9e816d8034da18cd	registry/src/index.crates.io-1949cf8c6b5b557f/solana-rent-debits-2.2.1	6	16985:5be2e2a9fb0301d18a4cc03b462aea784bc7f37dc2d70820230e4e228f9be797
solana-reserved-account-keys	2.2.2	registry+https://github.com/rust-lang/crates.io-index	registry/cache/index.crates.io-1949cf8c6b5b557f/solana-reserved-account-keys-2.2.2.crate	11064	e4b22ea19ca2a3f28af7cd047c914abf833486bf7a7c4a10fc652fff09b385b1	registry/src/index.crates.io-1949cf8c6b5b557f/solana-reserved-account-keys-2.2.2	6	42830:0b443326ca5d6b8a6af15b12a4031c57b6c261b344ac14c7c02c6c0f1e405b02
solana-reward-info	2.2.1	registry+https://github.com/rust-lang/crates.io-index	registry/cache/index.crates.io-1949cf8c6b5b557f/solana-reward-info-2.2.1.crate	4139	18205b69139b1ae0ab8f6e11cdcb627328c0814422ad2482000fa2ca54ae4a2f	registry/src/index.crates.io-1949cf8c6b5b557f/solana-reward-info-2.2.1	6	12937:117159f971617f8e67e21fc1bdd0affc922a9c823c731226d01c0cb2719ea836
solana-sanitize	2.2.1	registry+https://github.com/rust-lang/crates.io-index	registry/cache/index.crates.io-1949cf8c6b5b557f/solana-sanitize-2.2.1.crate	1565	61f1bc1357b8188d9c4a3af3fc55276e56987265eb7ad073ae6f8180ee54cecf	registry/src/index.crates.io-1949cf8c6b5b557f/solana-sanitize-2.2.1	6	3052:c7e2489463d1985cf5485e7bb8fbbfbcab560784915682347538c3ad3b033c47
solana-sdk	2.3.1	registry+https://github.com/rust-lang/crates.io-index	registry/cache/index.crates.io-1949cf8c6b5b557f/solana-sdk-2.3.1.crate	29033	8cc0e4a7635b902791c44b6581bfb82f3ada32c5bc0929a64f39fe4bb384c86a	registry/src/index.crates.io-1949cf8c6b5b557f/solana-sdk-2.3.1	27	128295:253609f4485bec997eddc6a7522b8d9e1a3c381aec5b1c3a9039e2a067fad155
solana-sdk-ids	2.2.1	registry+https://github.com/rust-lang/crates.io-index	registry/cache/index.crates.io-1949cf8c6b5b557f/solana-sdk-ids-2.2.1.crate	5199	5c5d8b9cc68d5c88b062a33e23a6466722467dde0035152d8fb1afbcdf350a5f	registry/src/index.crates.io-1949cf8c6b5b557f/solana-sdk-ids-2.2.1	6	18298:6b955c8074f40daa7fb66557f9d8137911bf3031a36e6207c1b243ba50cebbc5
solana-sdk-macro	2.2.1	registry+https://github.com/rust-lang/crates.io-index	registry/cache/index.crates.io-1949cf8c6b5b557f/solana-sdk-macro-2.2.1.crate	4026	86280da8b99d03560f6ab5aca9de2e38805681df34e0bb8f238e69b29433b9df	registry/src/index.crates.io-1949cf8c6b5b557f/solana-sdk-macro-2.2.1	6	14507:6cc7f961ffef512d5aa9f40ad3185ff7b385f3cef51d429b219c87c6987d41a6
solana-secp256k1-program	2.2.3	registry+https://github.com/rust-lang/crates.io-index	registry/cache/index.crates.io-1949cf8c6b5b557f/solana-secp256k1-program-2.2.3.crate	21899	f19833e4bc21558fe9ec61f239553abe7d05224347b57d65c2218aeeb82d6149	registry/src/index.crates.io-1949cf8c6b5b557f/solana-secp256k1-program-2.2.3	6	97602:02c7688f82ca283a6cc04238d5261f8781f4beb68eec52185fe6aeba21da856d
solana-secp256k1-recover	2.2.1	registry+https://github.com/rust-lang/crates.io-index	registry/cache/index.crates.io-1949cf8c6b5b557f/solana-secp256k1-recover-2.2.1.crate	11857	baa3120b6cdaa270f39444f5093a90a7b03d296d362878f7a6991d6de3bbe496	registry/src/index.crates.io-1949cf8c6b5b557f/solana-secp256k1-recover-2.2.1	6	39524:046ad6c2a04cca1f567453d1559ba015da5c4399e386d013b02caafa5b786ed8
solana-secp256r1-program	2.2.4	registry+https://github.com/rust-lang/crates.io-index	registry/cache/index.crates.io-1949cf8c6b5b557f/solana-secp256r1-program-2.2.4.crate	13488	ce0ae46da3071a900f02d367d99b2f3058fe2e90c5062ac50c4f20cfedad8f0f	registry/src/index.crates.io-1949cf8c6b5b557f/solana-secp256r1-program-2.2.4	6	61801:379f46cd9643172ae52c94564eb28ae3aff3a4b857e4d40c7a5f9d5700b15bfb
solana-seed-derivable	2.2.1	registry+https://github.com/rust-lang/crates.io-index	registry/cache/index.crates.io-1949cf8c6b5b557f/solana-seed-derivable-2.2.1.crate	1814	3beb82b5adb266c6ea90e5cf3967235644848eac476c5a1f2f9283a143b7c97f	registry/src/index.crates.io-1949cf8c6b5b557f/solana-seed-derivable-2.2.1	6	4122:3de0f3b9fd6dbb2eda4652fecd2da70b5b13878830a970d4269830265ac6e49f
solana-seed-phrase	2.2.1	registry+https://github.com/rust-lang/crates.io-index	registry/cache/index.crates.io-1949cf8c6b5b557f/solana-seed-phrase-2.2.1.crate	2206	36187af2324f079f65a675ec22b31c24919cb4ac22c79472e85d819db9bbbc15	registry/src/index.crates.io-1949cf8c6b5b557f/solana-seed-phrase-2.2.1	6	5417:9a3d49c49ddbd999045521ff9da82736c5d68c4eb75e52f1101583f848ebf5e8
solana-serde	2.2.1	registry+https://github.com/rust-lang/crates.io-index	registry/cache/index.crates.io-1949cf8c6b5b557f/solana-serde-2.2.1.crate	2442	1931484a408af466e14171556a47adaa215953c7f48b24e5f6b0282763818b04	registry/src/index.crates.io-1949cf8c6b5b557f/solana-serde-2.2.1	6	7571:bafea4a8319aa6e5f4d0c17d0531fd1f5d108183e8e122ecb294bb32671388a3
solana-serde-varint	2.2.2	registry+https://github.com/rust-lang/crates.io-index	registry/cache/index.crates.io-1949cf8c6b5b557f/solana-serde-varint-2.2.2.crate	4434	2a7e155eba458ecfb0107b98236088c3764a09ddf0201ec29e52a0be40857113	registry/src/index.crates.io-1949cf8c6b5b557f/solana-serde-varint-2.2.2	6	15485:a9ed5d4c250eba29069c1eae5e8f0e3ace1d58931c2b2477ec669e993f99f641
solana-serialize-utils	2.2.1	registry+https://github.com/rust-lang/crates.io-index	registry/cache/index.crates.io-1949cf8c6b5b557f/solana-serialize-utils-2.2.1.crate	8094	817a284b63197d2b27afdba829c5ab34231da4a9b4e763466a003c40ca4f535e	registry/src/index.crates.io-1949cf8c6b5b557f/solana-serialize-utils-2.2.1	7	29602:4c6ef27946b3418ff2435439ab7b939a5d311fe865f403fdf4cd41489821e639
solana-sha256-hasher	2.3.0	registry+https://github.com/rust-lang/crates.io-index	registry/cache/index.crates.io-1949cf8c6b5b557f/solana-sha256-hasher-2.3.0.crate	4913	5aa3feb32c28765f6aa1ce8f3feac30936f16c5c3f7eb73d63a5b8f6f8ecdc44	registry/src/index.crates.io-1949cf8c6b5b557f/solana-sha256-hasher-2.3.0	6	15378:70478c857991de8401bac5eb4661f15f069743b06aa2ce7a9cd77af1ca9c11bc
solana-short-vec	2.2.1	registry+https://github.com/rust-lang/crates.io-index	registry/cache/index.crates.io-1949cf8c6b5b557f/solana-short-vec-2.2.1.crate	7347	5c54c66f19b9766a56fa0057d060de8378676cb64987533fa088861858fc5a69	registry/src/index.crates.io-1949cf8c6b5b557f/solana-short-vec-2.2.1	6	25385:6b0f5dbab8383f500f9203ebd8173ffb4e3250c94726ff5cd8739775b53be553
solana-shred-version	2.2.1	registry+https://github.com/rust-lang/crates.io-index	registry/cache/index.crates.io-1949cf8c6b5b557f/solana-shred-version-2.2.1.crate	4860	afd3db0461089d1ad1a78d9ba3f15b563899ca2386351d38428faa5350c60a98	registry/src/index.crates.io-1949cf8c6b5b557f/solana-shred-version-2.2.1	6	15128:bc039e763c1f84cac57191db84f0db63bc15f39f806753a6f875078649322692
solana-signature	2.3.0	registry+https://github.com/rust-lang/crates.io-index	registry/cache/index.crates.io-1949cf8c6b5b557f/solana-signature-2.3.0.crate	12591	64c8ec8e657aecfc187522fc67495142c12f35e55ddeca8698edbb738b8dbd8c	registry/src/index.crates.io-1949cf8c6b5b557f/solana-signature-2.3.0	7	44802:88bc42e269f2c34cd2a9d93a4c0a355014476195298aaad1f44b1870f3feebfa
solana-signer	2.2.1	registry+https://github.com/rust-lang/crates.io-index	registry/cache/index.crates.io-1949cf8c6b5b557f/solana-signer-2.2.1.crate	7868	7c41991508a4b02f021c1342ba00bcfa098630b213726ceadc7cb032e051975b	registry/src/index.crates.io-1949cf8c6b5b557f/solana-signer-2.2.1	8	27378:998df117546bf9c99ece5de90a6c1fe119aa4cb761a725df5faef54744f61e7f
solana-slot-hashes	2.2.1	registry+https://github.com/rust-lang/crates.io-index	registry/cache/index.crates.io-1949cf8c6b5b557f/solana-slot-hashes-2.2.1.crate	6177	0c8691982114513763e88d04094c9caa0376b867a29577939011331134c301ce	registry/src/index.crates.io-1949cf8c6b5b557f/solana-slot-hashes-2.2.1	7	19889:79e859df35b4413404398a4a42264925fec521184b23ca3401190cfd4ec6a6fc
solana-slot-history	2.2.1	registry+https://github.com/rust-lang/crates.io-index	registry/cache/index.crates.io-1949cf8c6b5b557f/solana-slot-history-2.2.1.crate	6555	97ccc1b2067ca22754d5283afb2b0126d61eae734fc616d23871b0943b0d935e	registry/src/index.crates.io-1949cf8c6b5b557f/solana-slot-history-2.2.1	7	23583:ffaa89f65308d61392807b48161f1e26178b1260f0af299b4ce0f20f693ad15e
solana-stable-layout	2.2.1	registry+https://github.com/rust-lang/crates.io-index	registry/cache/index.crates.io-1949cf8c6b5b557f/solana-stable-layout-2.2.1.crate	7891	9f14f7d02af8f2bc1b5efeeae71bc1c2b7f0f65cd75bcc7d8180f2c762a57f54	registry/src/index.crates.io-1949cf8c6b5b557f/solana-stable-layout-2.2.1	11	27397:7e1fd3aed9038176fbc36aa0597652e228ec77187c812c7e7a73613a45331b31
solana-stake-interface	1.2.1	registry+https://github.com/rust-lang/crates.io-index	registry/cache/index.crates.io-1949cf8c6b5b557f/solana-stake-interface-1.2.1.crate	19553	5269e89fde216b4d7e1d1739cf5303f8398a1ff372a81232abbee80e554a838c	registry/src/index.crates.io-1949cf8c6b5b557f/solana-stake-interface-1.2.1	14	135384:299075ac0e4a829ae88370fc48b67a5dd7be5a70a09bba3c3c597c29757accef
solana-system-interface	1.0.0	registry+https://github.com/rust-lang/crates.io-index	registry/cache/index.crates.io-1949cf8c6b5b557f/solana-system-interface-1.0.0.crate	13227	94d7c18cb1a91c6be5f5a8ac9276a1d7c737e39a21beba9ea710ab4b9c63bc90	registry/src/index.crates.io-1949cf8c6b5b557f/solana-system-interface-1.0.0	9	78093:cba04172b21514daaea213ccd365cf1d64fd2766161bebae4a71971d2525a31c
solana-system-transaction	2.2.1	registry+https://github.com/rust-lang/crates.io-index	registry/cache/index.crates.io-1949cf8c6b5b557f/solana-system-transaction-2.2.1.crate	7667	5bd98a25e5bcba8b6be8bcbb7b84b24c2a6a8178d7fb0e3077a916855ceba91a	registry/src/index.crates.io-1949cf8c6b5b557f/solana-system-transaction-2.2.1	6	29318:d106120e6a2a8a56e5002d576dd579433979e79950845ffa04d3adc0d2eaeba9
solana-sysvar	2.3.0	registry+https://github.com/rust-lang/crates.io-index	registry/cache/index.crates.io-1949cf8c6b5b557f/solana-sysvar-2.3.0.crate	24260	b8c3595f95069f3d90f275bb9bd235a1973c4d059028b0a7f81baca2703815db	registry/src/index.crates.io-1949cf8c6b5b557f/solana-sysvar-2.3.0	18	113278:d1c2e8ecfa524829d63f2ea66b77da1f647b43adba2b104d3ea492dbe2f2da05
solana-sysvar-id	2.2.1	registry+https://github.com/rust-lang/crates.io-index	registry/cache/index.crates.io-1949cf8c6b5b557f/solana-sysvar-id-2.2.1.crate	5501	5762b273d3325b047cfda250787f8d796d781746860d5d0a746ee29f3e8812c1	registry/src/index.crates.io-1949cf8c6b5b557f/solana-sysvar-id-2.2.1	6	17834:a63fd002ba4ef45f16f30962ead3dee002035b32a8b9580bdd6002832baca8f7
solana-time-utils	2.2.1	registry+https://github.com/rust-lang/crates.io-index	registry/cache/index.crates.io-1949cf8c6b5b557f/solana-time-utils-2.2.1.crate	2670	6af261afb0e8c39252a04d026e3ea9c405342b08c871a2ad8aa5448e068c784c	registry/src/index.crates.io-1949cf8c6b5b557f/solana-time-utils-2.2.1	6	7321:f0c44d9027d983dcb372cba6ec3f051d89ddbd1722e398c18d530b14bdb35581
solana-transaction	2.2.3	registry+https://github.com/rust-lang/crates.io-index	registry/cache/index.crates.io-1949cf8c6b5b557f/solana-transaction-2.2.3.crate	32131	80657d6088f721148f5d889c828ca60c7daeedac9a8679f9ec215e0c42bcbf41	registry/src/index.crates.io-1949cf8c6b5b557f/solana-transaction-2.2.3	11	157802:15ab55f917a818808f229fc814c8f26a888b675bee6b88f9a99f47d627324178
solana-transaction-context	2.3.13	registry+https://github.com/rust-lang/crates.io-index	registry/cache/index.crates.io-1949cf8c6b5b557f/solana-transaction-context-2.3.13.crate	16984	54a312304361987a85b2ef2293920558e6612876a639dd1309daf6d0d59ef2fe	registry/src/index.crates.io-1949cf8c6b5b557f/solana-transaction-context-2.3.13	6	78338:3e7a1e0f28d337b0db1cc78f732fcb98be97e71eefdcaabcec3e87f2c3c94ed3
solana-transaction-error	2.2.1	registry+https://github.com/rust-lang/crates.io-index	registry/cache/index.crates.io-1949cf8c6b5b557f/solana-transaction-error-2.2.1.crate	9597	222a9dc8fdb61c6088baab34fc3a8b8473a03a7a5fd404ed8dd502fa79b67cb1	registry/src/index.crates.io-1949cf8c6b5b557f/solana-transaction-error-2.2.1	6	37956:339f9fe1ffd3768cdd9f2425a82d366904908d0d2a39576c4122fb10b651fd17
solana-validator-exit	2.2.1	registry+https://github.com/rust-lang/crates.io-index	registry/cache/index.crates.io-1949cf8c6b5b557f/solana-validator-exit-2.2.1.crate	1411	7bbf6d7a3c0b28dd5335c52c0e9eae49d0ae489a8f324917faf0ded65a812c1d	registry/src/index.crates.io-1949cf8c6b5b557f/solana-validator-exit-2.2.1	6	2571:7a3768cc50176f32049afdde4d334bd5897cf2f3650b7345666a5f9ee5ddda8d
solana-vote-interface	2.2.6	registry+https://github.com/rust-lang/crates.io-index	registry/cache/index.crates.io-1949cf8c6b5b557f/solana-vote-interface-2.2.6.crate	31570	b80d57478d6599d30acc31cc5ae7f93ec2361a06aefe8ea79bc81739a08af4c3	registry/src/index.crates.io-1949cf8c6b5b557f/solana-vote-interface-2.2.6	15	153345:731805d921030445a9533a4f9b755d50a760f9a77eae5795f9e4ecb1879b87e1
spin	0.12.1	registry+https://github.com/rust-lang/crates.io-index	registry/cache/index.crates.io-1949cf8c6b5b557f/spin-0.12.1.crate	41963	bd5231412d905519dca6a5deb0327d407be68d6c941feec004533401d3a0a715	registry/src/index.crates.io-1949cf8c6b5b557f/spin-0.12.1	23	197603:251d5d07cb93e437c8ec355739d9816ea78cfc82dd26cf040c8d6ee284047875
stable_deref_trait	1.2.1	registry+https://github.com/rust-lang/crates.io-index	registry/cache/index.crates.io-1949cf8c6b5b557f/stable_deref_trait-1.2.1.crate	8186	6ce2be8dc25455e1f91df71bfa12ad37d7af1092ae736f3a6cd0e37bc7810596	registry/src/index.crates.io-1949cf8c6b5b557f/stable_deref_trait-1.2.1	10	24355:f509791bf84127634ab1417c185e2aa4289557b2ab557dc0dee5bad06fa450b4
strength_reduce	0.2.4	registry+https://github.com/rust-lang/crates.io-index	registry/cache/index.crates.io-1949cf8c6b5b557f/strength_reduce-0.2.4.crate	17859	fe895eb47f22e2ddd4dabc02bce419d2e643c8e3b585c78158b349195bc24d82	registry/src/index.crates.io-1949cf8c6b5b557f/strength_reduce-0.2.4	14	80464:6adaa11f1b1e0fc6583045cfbdd4fe30b704c31da32098dd03d847f28c81e265
strsim	0.11.1	registry+https://github.com/rust-lang/crates.io-index	registry/cache/index.crates.io-1949cf8c6b5b557f/strsim-0.11.1.crate	14266	7da8b5736845d9f2fcb837ea5d9e2628564b3b043a70948a3f0b778838c5fb4f	registry/src/index.crates.io-1949cf8c6b5b557f/strsim-0.11.1	14	54957:4cd4f191c8a7870afef37f6b00f0e5f6315be85b78e777798c6e87f0aef69a12
subtle	2.6.1	registry+https://github.com/rust-lang/crates.io-index	registry/cache/index.crates.io-1949cf8c6b5b557f/subtle-2.6.1.crate	14562	13c2bddecc57b384dee18652358fb23172facb8a2c51ccc10d74c157bdea3292	registry/src/index.crates.io-1949cf8c6b5b557f/subtle-2.6.1	11	57069:8f474b6995d6df0c5e93cd1ecc755efc277bcddd2b5d68f95c93191d7c91bdff
syn	1.0.109	registry+https://github.com/rust-lang/crates.io-index	registry/cache/index.crates.io-1949cf8c6b5b557f/syn-1.0.109.crate	237611	72b64191b275b66ffe2469e8af2c1cfe3bafa67b529ead792a6d0160888b4237	registry/src/index.crates.io-1949cf8c6b5b557f/syn-1.0.109	99	1898673:09b573c56bea24d3a6c9289963af22e9ce08beb162c7ca33552d5df5e091f4e2
syn	2.0.118	registry+https://github.com/rust-lang/crates.io-index	registry/cache/index.crates.io-1949cf8c6b5b557f/syn-2.0.118.crate	305533	1b9ae57f904213ebb649ce6895b8a66c66f0203b9319718f69a5612a065b1422	registry/src/index.crates.io-1949cf8c6b5b557f/syn-2.0.118	106	2291628:93d6798524616100fc1648717e3636ca3e5633278e0c60feff4a3581b576036d
sync_wrapper	1.0.2	registry+https://github.com/rust-lang/crates.io-index	registry/cache/index.crates.io-1949cf8c6b5b557f/sync_wrapper-1.0.2.crate	6958	0bf256ce5efdfa370213c1dabab5935a12e49f2c58d15e9eac2870d3b4f27263	registry/src/index.crates.io-1949cf8c6b5b557f/sync_wrapper-1.0.2	8	20806:c49039aafa2e137845f680a10624403ed09100e38819ab6b5672b7ad52c7e5f0
synstructure	0.13.2	registry+https://github.com/rust-lang/crates.io-index	registry/cache/index.crates.io-1949cf8c6b5b557f/synstructure-0.13.2.crate	18950	728a70f3dbaf5bab7f0c4b1ac8d7ae5ea60a4b5549c8a5914361c99147a709d2	registry/src/index.crates.io-1949cf8c6b5b557f/synstructure-0.13.2	9	101430:6f677cffea9f6fbbcee60a0f4563e91c0a5c2933e627da004bce08dd8c99aca3
tempfile	3.27.0	registry+https://github.com/rust-lang/crates.io-index	registry/cache/index.crates.io-1949cf8c6b5b557f/tempfile-3.27.0.crate	44780	32497e9a4c7b38532efcdebeef879707aa9f794296a4f0244f6f69e9bc8574bd	registry/src/index.crates.io-1949cf8c6b5b557f/tempfile-3.27.0	28	187854:fa16ab0734e4b3cb8ea409f09975e0785ba4878ca001a5fbcaab90761503ae3b
termcolor	1.4.1	registry+https://github.com/rust-lang/crates.io-index	registry/cache/index.crates.io-1949cf8c6b5b557f/termcolor-1.4.1.crate	18773	06794f8f6c5c898b3275aebefa6b8a1cb24cd2c6c79397ab15774837a0bc5755	registry/src/index.crates.io-1949cf8c6b5b557f/termcolor-1.4.1	12	91714:c3fc56f81250606feaafc725a690b4644dd971cc7f78f9619d6910261c6e4c26
thiserror	2.0.18	registry+https://github.com/rust-lang/crates.io-index	registry/cache/index.crates.io-1949cf8c6b5b557f/thiserror-2.0.18.crate	28875	4288b5bcbc7920c07a1149a35cf9590a2aa808e0bc1eafaade0b80947865fbc4	registry/src/index.crates.io-1949cf8c6b5b557f/thiserror-2.0.18	106	116836:ae8b2f0852a63f8e28218819d266a7f5ff7a58d3ac93af5fe3a31d65d496f506
thiserror-impl	2.0.18	registry+https://github.com/rust-lang/crates.io-index	registry/cache/index.crates.io-1949cf8c6b5b557f/thiserror-impl-2.0.18.crate	21413	ebc4ee7f67670e9b64d05fa4253e753e016c6c95ff35b89b7941d6b856dec1d5	registry/src/index.crates.io-1949cf8c6b5b557f/thiserror-impl-2.0.18	18	96188:36359847998f64bd7e67344a8a2e97b6376bf0cad69d672255bc1e17f44598bd
tinystr	0.8.3	registry+https://github.com/rust-lang/crates.io-index	registry/cache/index.crates.io-1949cf8c6b5b557f/tinystr-0.8.3.crate	24710	c8323304221c2a851516f22236c5722a72eaa19749016521d6dff0824447d96d	registry/src/index.crates.io-1949cf8c6b5b557f/tinystr-0.8.3	23	113866:238a988fc3e140139e83cc561e6b23455a0013631ba541c0842dab226a6a69f8
tinyvec	1.11.0	registry+https://github.com/rust-lang/crates.io-index	registry/cache/index.crates.io-1949cf8c6b5b557f/tinyvec-1.11.0.crate	53096	3e61e67053d25a4e82c844e8424039d9745781b3fc4f32b8d55ed50f5f667ef3	registry/src/index.crates.io-1949cf8c6b5b557f/tinyvec-1.11.0	27	237258:957f60bea217f3444a38921dde6e780bbac95c416c5be63be890b91220c2fca7
tinyvec_macros	0.1.1	registry+https://github.com/rust-lang/crates.io-index	registry/cache/index.crates.io-1949cf8c6b5b557f/tinyvec_macros-0.1.1.crate	5865	1f3ccbac311fea05f86f61904b462b55fb3df8837a366dfc601a0161d0532f20	registry/src/index.crates.io-1949cf8c6b5b557f/tinyvec_macros-0.1.1	9	14987:2c00ded0d5c01afdce0eb06afb8a4ac667da17343350f6d9f95e7cb33bcd61f4
tokio	1.52.3	registry+https://github.com/rust-lang/crates.io-index	registry/cache/index.crates.io-1949cf8c6b5b557f/tokio-1.52.3.crate	901393	8fc7f01b389ac15039e4dc9531aa973a135d7a4135281b12d7c1bc79fd57fffe	registry/src/index.crates.io-1949cf8c6b5b557f/tokio-1.52.3	556	4624607:e837496adf77643f6078f5e25b03575d9f95e244cb28118ce7491249f623be9c
tokio-rustls	0.26.4	registry+https://github.com/rust-lang/crates.io-index	registry/cache/index.crates.io-1949cf8c6b5b557f/tokio-rustls-0.26.4.crate	35430	1729aa945f29d91ba541258c8df89027d5792d85a8841fb65e8bf0f4ede4ef61	registry/src/index.crates.io-1949cf8c6b5b557f/tokio-rustls-0.26.4	23	140354:b97402242fcd47d005a00622e8cccceef674038f1e6242c2c85511bd6e6c26a0
toml	0.5.11	registry+https://github.com/rust-lang/crates.io-index	registry/cache/index.crates.io-1949cf8c6b5b557f/toml-0.5.11.crate	54910	f4f7f0dd8d50a853a531c426359045b1998f04219d88799810762cd4ad314234	registry/src/index.crates.io-1949cf8c6b5b557f/toml-0.5.11	21	274807:c99d5750bfe855c787adcdcb02639378e8e3ca07cdb1954f95394f28eedeb9e9
toml_datetime	0.6.11	registry+https://github.com/rust-lang/crates.io-index	registry/cache/index.crates.io-1949cf8c6b5b557f/toml_datetime-0.6.11.crate	16125	22cddaf88f4fbc13c51aebbf5f8eceb5c7c5a9da2ac40a13519eb5b0a0e8f11c	registry/src/index.crates.io-1949cf8c6b5b557f/toml_datetime-0.6.11	10	58594:89504aebff5da32488addf186fa2db270a036b21d17405df7490e63cd5e2170d
toml_edit	0.22.27	registry+https://github.com/rust-lang/crates.io-index	registry/cache/index.crates.io-1949cf8c6b5b557f/toml_edit-0.22.27.crate	78602	41fe8c660ae4257887cf66394862d21dbca4a6ddd26f04a3560410406a2f819a	registry/src/index.crates.io-1949cf8c6b5b557f/toml_edit-0.22.27	53	395305:83238acb374b17f014da93a655c83250c347b7b7b1f5bf9bdb425630d74125c0
toml_write	0.1.2	registry+https://github.com/rust-lang/crates.io-index	registry/cache/index.crates.io-1949cf8c6b5b557f/toml_write-0.1.2.crate	15660	5d99f8c9a7727884afe522e9bd5edbfc91a3312b36a77b5fb8926e4c31a41801	registry/src/index.crates.io-1949cf8c6b5b557f/toml_write-0.1.2	13	58345:8b730cdf4f64ad2e3a576143914e3c64f90d9fe216a86ecd88e6d8247462b3a5
tower	0.5.3	registry+https://github.com/rust-lang/crates.io-index	registry/cache/index.crates.io-1949cf8c6b5b557f/tower-0.5.3.crate	110488	ebe5ef63511595f1344e2d5cfa636d973292adc0eec1f0ad45fae9f0851ab1d4	registry/src/index.crates.io-1949cf8c6b5b557f/tower-0.5.3	128	495292:17c8d11e74060a02d7184744d66ea7b4fa3207c76c01a40e4f622bac5b7b23f5
tower-http	0.6.11	registry+https://github.com/rust-lang/crates.io-index	registry/cache/index.crates.io-1949cf8c6b5b557f/tower-http-0.6.11.crate	156773	4cfcf7e2740e6fc6d4d688b4ef00650406bb94adf4731e43c096c3a19fe40840	registry/src/index.crates.io-1949cf8c6b5b557f/tower-http-0.6.11	115	885869:ede39dc76fcdd9216b5e0d889873ba7f7ac35b1aba250f88708d085812fd37a0
tower-layer	0.3.3	registry+https://github.com/rust-lang/crates.io-index	registry/cache/index.crates.io-1949cf8c6b5b557f/tower-layer-0.3.3.crate	6180	121c2a6cda46980bb0fcd1647ffaf6cd3fc79a013de288782836f6df9c48780e	registry/src/index.crates.io-1949cf8c6b5b557f/tower-layer-0.3.3	12	24147:d24b7e6f681f341c2b6a2ac113bca401b9d65fa38c8f51c3f4549a56e313ecd7
tower-service	0.3.3	registry+https://github.com/rust-lang/crates.io-index	registry/cache/index.crates.io-1949cf8c6b5b557f/tower-service-0.3.3.crate	6950	8df9b6e13f2d32c91b9bd719c00d1958837bc7dec474d94952798cc8e69eeec3	registry/src/index.crates.io-1949cf8c6b5b557f/tower-service-0.3.3	8	20445:1eb9ecbefe4320ff4f5c900846a0151ca7024f6327782f1d77dad67478eba9d1
tracing	0.1.44	registry+https://github.com/rust-lang/crates.io-index	registry/cache/index.crates.io-1949cf8c6b5b557f/tracing-0.1.44.crate	463135	63e71662fa4b2a2c3a26f570f037eb95bb1f85397f3cd8076caed2f026a6d100	registry/src/index.crates.io-1949cf8c6b5b557f/tracing-0.1.44	94	9818210:974ac31641cb92832d58ff7811dfe897d60744e91c5962f94f20744d3c85cedb
tracing-attributes	0.1.31	registry+https://github.com/rust-lang/crates.io-index	registry/cache/index.crates.io-1949cf8c6b5b557f/tracing-attributes-0.1.31.crate	39733	7490cfa5ec963746568740651ac6781f701c9c5ea257c58e057f3ba8cf69e8da	registry/src/index.crates.io-1949cf8c6b5b557f/tracing-attributes-0.1.31	31	181874:765cf0d7aac97f5e43c751e6e53495a7fca3004f3ce903b14775b9c12c773fe0
tracing-core	0.1.36	registry+https://github.com/rust-lang/crates.io-index	registry/cache/index.crates.io-1949cf8c6b5b557f/tracing-core-0.1.36.crate	63967	db97caf9d906fbde555dd62fa95ddba9eecfd14cb388e4f491a66d74cd5fb79a	registry/src/index.crates.io-1949cf8c6b5b557f/tracing-core-0.1.36	29	255345:8153e7d1e3b5a2028f9d12ea0b1cc4970723913041c481a1496adb6dd3ba6229
transpose	0.2.3	registry+https://github.com/rust-lang/crates.io-index	registry/cache/index.crates.io-1949cf8c6b5b557f/transpose-0.2.3.crate	10913	1ad61aed86bc3faea4300c7aee358b4c6d0c8d6ccc36524c96e4c92ccf26e77e	registry/src/index.crates.io-1949cf8c6b5b557f/transpose-0.2.3	14	38024:0bacd88f995f4b10804cee7091691385da4d4b0145cf651585b9bbd21bdadedb
try-lock	0.2.5	registry+https://github.com/rust-lang/crates.io-index	registry/cache/index.crates.io-1949cf8c6b5b557f/try-lock-0.2.5.crate	4314	e421abadd41a4225275504ea4d6566923418b7f05506fbc9c0fe86ba7396114b	registry/src/index.crates.io-1949cf8c6b5b557f/try-lock-0.2.5	9	12220:5762400a89bbfa100b2bc45ef3c9113d069694d9f5c62c45f9fdde42754616a6
typenum	1.20.1	registry+https://github.com/rust-lang/crates.io-index	registry/cache/index.crates.io-1949cf8c6b5b557f/typenum-1.20.1.crate	105479	b6f5e870be6c3b371b77fe0ee0bafb859fa4964b4404c27de1d380043c4dda20	registry/src/index.crates.io-1949cf8c6b5b557f/typenum-1.20.1	27	1231434:039eaecf01bdf1b0db02d228ff8346fc2be2645ddd3fca3e6db590e6d3b9492d
unarray	0.1.4	registry+https://github.com/rust-lang/crates.io-index	registry/cache/index.crates.io-1949cf8c6b5b557f/unarray-0.1.4.crate	12895	eaea85b334db583fe3274d12b4cd1880032beab409c0d774be044d4480ab9a94	registry/src/index.crates.io-1949cf8c6b5b557f/unarray-0.1.4	14	43448:8d0aa111d3dba1af4868395f1cde43da8af1864afeb819b87091eade45f8793f
unicode-ident	1.0.24	registry+https://github.com/rust-lang/crates.io-index	registry/cache/index.crates.io-1949cf8c6b5b557f/unicode-ident-1.0.24.crate	49298	e6e4313cd5fcd3dad5cafa179702e2b244f760991f45397d14d4ebf38247da75	registry/src/index.crates.io-1949cf8c6b5b557f/unicode-ident-1.0.24	27	336830:ac23a5a39adb7533ce64991280ae9eba85dbcc9f15f983e5b484d94c409c4026
untrusted	0.9.0	registry+https://github.com/rust-lang/crates.io-index	registry/cache/index.crates.io-1949cf8c6b5b557f/untrusted-0.9.0.crate	14447	8ecb6da28b8a351d773b68d5825ac39017e680750f980f3a1a85cd8dd28a47c1	registry/src/index.crates.io-1949cf8c6b5b557f/untrusted-0.9.0	20	43638:d8175ae2fb8f64ccb0d2fbf1e96df3755f1949a51b9216fd47aed9d6d2f28be8
uriparse	0.6.4	registry+https://github.com/rust-lang/crates.io-index	registry/cache/index.crates.io-1949cf8c6b5b557f/uriparse-0.6.4.crate	56145	0200d0fc04d809396c2ad43f3c95da3582a2556eba8d453c1087f4120ee352ff	registry/src/index.crates.io-1949cf8c6b5b557f/uriparse-0.6.4	20	375110:154024cd342e5061ef33d2c37809a1f77ae2a62024f08e1b4e33f4fa9e245586
url	2.5.8	registry+https://github.com/rust-lang/crates.io-index	registry/cache/index.crates.io-1949cf8c6b5b557f/url-2.5.8.crate	86512	ff67a8a4397373c3ef660812acab3268222035010ab8680ec4215f38ba3d0eed	registry/src/index.crates.io-1949cf8c6b5b557f/url-2.5.8	20	591779:42e717d3f9a3bc691e7b0749617d50183e02a16bf2f6f2e0e8ac217d3f375957
utf8_iter	1.0.4	registry+https://github.com/rust-lang/crates.io-index	registry/cache/index.crates.io-1949cf8c6b5b557f/utf8_iter-1.0.4.crate	10437	b6c140620e7ffbb22c2dee59cafe6084a59b5ffc27a8859a5f0d494b5d52b6be	registry/src/index.crates.io-1949cf8c6b5b557f/utf8_iter-1.0.4	12	40424:643a5ad80b4945f9999027f0a769191e43ca7f11809d0738302ffdec8614828f
vcpkg	0.2.15	registry+https://github.com/rust-lang/crates.io-index	registry/cache/index.crates.io-1949cf8c6b5b557f/vcpkg-0.2.15.crate	228735	accd4ea62f7bb7a82fe23066fb0957d48ef677f6eeb8215f372f52e48bb32426	registry/src/index.crates.io-1949cf8c6b5b557f/vcpkg-0.2.15	834	2480887:f11cfa66035522fd95a3eddaa0d094acc678df003e01b419f298ae21a427e01d
version_check	0.9.5	registry+https://github.com/rust-lang/crates.io-index	registry/cache/index.crates.io-1949cf8c6b5b557f/version_check-0.9.5.crate	15554	0b928f33d975fc6ad9f86c8f283853ad26bdd5b10b7f1542aa2fa15e2289105a	registry/src/index.crates.io-1949cf8c6b5b557f/version_check-0.9.5	14	60157:efc0aadd1b66e9edfc881f67d53c9bc22c9168cfedfc235d80bd85aea4f6afeb
wait-timeout	0.2.1	registry+https://github.com/rust-lang/crates.io-index	registry/cache/index.crates.io-1949cf8c6b5b557f/wait-timeout-0.2.1.crate	11435	09ac3b126d3914f9849036f826e054cbabdc8519970b8998ddaf3b5bd3c65f11	registry/src/index.crates.io-1949cf8c6b5b557f/wait-timeout-0.2.1	18	31813:1b7fe693f39db960aa883b190b2f1f8b9b13f829600260a29dd944d478a5056e
want	0.3.1	registry+https://github.com/rust-lang/crates.io-index	registry/cache/index.crates.io-1949cf8c6b5b557f/want-0.3.1.crate	6398	bfa7760aed19e106de2c7c0b581b509f2f25d3dacaf737cb82ac61bc6d760b0e	registry/src/index.crates.io-1949cf8c6b5b557f/want-0.3.1	9	20462:c63ba3d109e260bacf23c23d9f61445b4014d03723e6cf9d5baa0be1079e61b3
wasi	0.11.1+wasi-snapshot-preview1	registry+https://github.com/rust-lang/crates.io-index	registry/cache/index.crates.io-1949cf8c6b5b557f/wasi-0.11.1+wasi-snapshot-preview1.crate	28477	ccf3ec651a847eb01de73ccad15eb7d99f80485de043efb2f370cd654f4ea44b	registry/src/index.crates.io-1949cf8c6b5b557f/wasi-0.11.1+wasi-snapshot-preview1	18	131242:d9b84a4698232b73bc97a85f301ff99579680651d7a7ff75bed35c5019306cde
wasi	0.9.0+wasi-snapshot-preview1	registry+https://github.com/rust-lang/crates.io-index	registry/cache/index.crates.io-1949cf8c6b5b557f/wasi-0.9.0+wasi-snapshot-preview1.crate	31521	cccddf32554fecc6acb585f82a32a72e28b48f8c4c1883ddfeeeaa96f7d8e519	registry/src/index.crates.io-1949cf8c6b5b557f/wasi-0.9.0+wasi-snapshot-preview1	18	138504:88b37be667221033007f55595f5eae2f6cd47dcc24941d1df14ee3a1c28f1288
wasip2	1.0.4+wasi-0.2.12	registry+https://github.com/rust-lang/crates.io-index	registry/cache/index.crates.io-1949cf8c6b5b557f/wasip2-1.0.4+wasi-0.2.12.crate	135311	b67efb37e106e55ce722a510d6b5f9c17f083e5fc79afc2badeb12cc313d9487	registry/src/index.crates.io-1949cf8c6b5b557f/wasip2-1.0.4+wasi-0.2.12	29	1213760:62bd4ee6afc146644e09e6d7e1fde3e20a0c86ba7f1954e58c36afd8994d87ef
wasm-bindgen	0.2.126	registry+https://github.com/rust-lang/crates.io-index	registry/cache/index.crates.io-1949cf8c6b5b557f/wasm-bindgen-0.2.126.crate	67461	4b067c0c11094aef6b7a801c1e34a26affafdf3d051dba08456b868789aaf9a4	registry/src/index.crates.io-1949cf8c6b5b557f/wasm-bindgen-0.2.126	27	278071:f07b96b76370b19d45d64c26006e4a4eb5eb4cdb0b1b218403958ebc8b62a2e2
wasm-bindgen-futures	0.4.76	registry+https://github.com/rust-lang/crates.io-index	registry/cache/index.crates.io-1949cf8c6b5b557f/wasm-bindgen-futures-0.4.76.crate	8262	c62df1340f32221cb9c54d6a27b030e3dba64361d4a95bed55f9aacb44da291d	registry/src/index.crates.io-1949cf8c6b5b557f/wasm-bindgen-futures-0.4.76	9	22490:5473da69faf5a968ddf4bb231ba05c5c47c343093a99194374190b2ee6ee6654
wasm-bindgen-macro	0.2.126	registry+https://github.com/rust-lang/crates.io-index	registry/cache/index.crates.io-1949cf8c6b5b557f/wasm-bindgen-macro-0.2.126.crate	9303	167ce5e579f6bcf889c4f7175a8a5a585de84e8ff93976ce393efa5f2837aab1	registry/src/index.crates.io-1949cf8c6b5b557f/wasm-bindgen-macro-0.2.126	10	25917:dcb171b8243c38bfae4de01100919f1e0a993a2604e7289f7129d02fc90ddfd4
wasm-bindgen-macro-support	0.2.126	registry+https://github.com/rust-lang/crates.io-index	registry/cache/index.crates.io-1949cf8c6b5b557f/wasm-bindgen-macro-support-0.2.126.crate	82688	f3997c7839262f4ef12cf90b818d6340c18e80f263f1a94bf157d0ec4420380e	registry/src/index.crates.io-1949cf8c6b5b557f/wasm-bindgen-macro-support-0.2.126	15	379910:2686fa3d50820633f5365a4517b7197fecca8a7359d96aa01826e2c1ec3b4443
wasm-bindgen-shared	0.2.126	registry+https://github.com/rust-lang/crates.io-index	registry/cache/index.crates.io-1949cf8c6b5b557f/wasm-bindgen-shared-0.2.126.crate	11287	dc1b4cb0cc549fcf58d7dfc081778139b3d283a081644e833e84682ad71cea24	registry/src/index.crates.io-1949cf8c6b5b557f/wasm-bindgen-shared-0.2.126	12	33116:439ad92d2e21bc3c50200f439630cb8799e48baa6f4db5705685a9e1ed3588d5
web-sys	0.3.103	registry+https://github.com/rust-lang/crates.io-index	registry/cache/index.crates.io-1949cf8c6b5b557f/web-sys-0.3.103.crate	675560	8622dcb61c0bcc9fffa6938bed81210af2da9a7e4a1a834b2e37a59b6dfb6141	registry/src/index.crates.io-1949cf8c6b5b557f/web-sys-0.3.103	1715	11084312:270711835c0672f1bd58aba5a1a10f5923f48332928ac5c92980b2dc445ae04b
web-time	1.1.0	registry+https://github.com/rust-lang/crates.io-index	registry/cache/index.crates.io-1949cf8c6b5b557f/web-time-1.1.0.crate	18026	5a6580f308b1fad9207618087a65c04e7a10bc77e02c8e84e9b00dd4b12fa0bb	registry/src/index.crates.io-1949cf8c6b5b557f/web-time-1.1.0	16	65597:87eabac21ec2f0acb0e2ba2b1a352d48645ce34320b6510024aff0eb5fc36d82
webpki-roots	1.0.8	registry+https://github.com/rust-lang/crates.io-index	registry/cache/index.crates.io-1949cf8c6b5b557f/webpki-roots-1.0.8.crate	212485	bf85cb06032201fa7c6f829d7db5a7e5aa45bcc0655327713065f6f0576731bf	registry/src/index.crates.io-1949cf8c6b5b557f/webpki-roots-1.0.8	13	437523:08cc22fd99b38a56ebafebe28017ff72824157d29c9f5780f77449019a4cedd4
winapi	0.3.9	registry+https://github.com/rust-lang/crates.io-index	registry/cache/index.crates.io-1949cf8c6b5b557f/winapi-0.3.9.crate	1200382	5c839a674fcd7a98952e593242ea400abe93992746761e38641405d28b00f419	registry/src/index.crates.io-1949cf8c6b5b557f/winapi-0.3.9	412	6942559:9a498ae5b96a40eceb46d1d7799fe3093ef1429f0222693548e1464f40a43171
winapi-i686-pc-windows-gnu	0.4.0	registry+https://github.com/rust-lang/crates.io-index	registry/cache/index.crates.io-1949cf8c6b5b557f/winapi-i686-pc-windows-gnu-0.4.0.crate	2918815	ac3b87c63620426dd9b991e5ce0329eff545bccbbb34f3be09ff6fb6ab51b7b6	registry/src/index.crates.io-1949cf8c6b5b557f/winapi-i686-pc-windows-gnu-0.4.0	1392	50931532:afbd177b97710008e940c81fdd8f585600875bdbf3d54059d9bab4a280ca1cf1
winapi-util	0.1.11	registry+https://github.com/rust-lang/crates.io-index	registry/cache/index.crates.io-1949cf8c6b5b557f/winapi-util-0.1.11.crate	13368	c2a7b1c03c876122aa43f3020e6c3c3ee5c05081c9a00739faf7503aeba10d22	registry/src/index.crates.io-1949cf8c6b5b557f/winapi-util-0.1.11	18	45518:bc0321f2b6a7f9d8e63a58ad8eee031e92c622ce5c35715d77c0ac687051afed
winapi-x86_64-pc-windows-gnu	0.4.0	registry+https://github.com/rust-lang/crates.io-index	registry/cache/index.crates.io-1949cf8c6b5b557f/winapi-x86_64-pc-windows-gnu-0.4.0.crate	2947998	712e227841d057c1ee1cd2fb22fa7e5a5461ae8e48fa2ca79ec42cfc1931183f	registry/src/index.crates.io-1949cf8c6b5b557f/winapi-x86_64-pc-windows-gnu-0.4.0	1421	53158187:dbd5f86a0faea2756e812d4bb9104fbd14f8e4a4182f8a13e6389dba73a021f3
windows-core	0.62.2	registry+https://github.com/rust-lang/crates.io-index	registry/cache/index.crates.io-1949cf8c6b5b557f/windows-core-0.62.2.crate	36932	b8e83a14d34d0623b51dce9581199302a221863196a1dde71a7663a4c2be9deb	registry/src/index.crates.io-1949cf8c6b5b557f/windows-core-0.62.2	43	150025:0f31c9230b9b7a7eb4f96ac40f5673b16f5d8c01f8da0e5099be95ee627f6477
windows-implement	0.60.2	registry+https://github.com/rust-lang/crates.io-index	registry/cache/index.crates.io-1949cf8c6b5b557f/windows-implement-0.60.2.crate	15325	053e2e040ab57b9dc951b72c264860db7eb3b0200ba345b4e4c3b14f67855ddf	registry/src/index.crates.io-1949cf8c6b5b557f/windows-implement-0.60.2	11	55412:c024e6c1fa91da544ef2edc605d89523c56425f6e27f8c04b54fceab5d2567b0
windows-interface	0.59.3	registry+https://github.com/rust-lang/crates.io-index	registry/cache/index.crates.io-1949cf8c6b5b557f/windows-interface-0.59.3.crate	11809	3f316c4a2570ba26bbec722032c4099d8c8bc095efccdc15688708623367e358	registry/src/index.crates.io-1949cf8c6b5b557f/windows-interface-0.59.3	9	42575:f77899d0fdfbc309c6ca1221bfe73b1f2145e2afd49cdb7d3fe567a87602d57d
windows-link	0.2.1	registry+https://github.com/rust-lang/crates.io-index	registry/cache/index.crates.io-1949cf8c6b5b557f/windows-link-0.2.1.crate	6133	f0805222e57f7521d6a62e36fa9163bc891acd422f971defe97d64e70d0a4fe5	registry/src/index.crates.io-1949cf8c6b5b557f/windows-link-0.2.1	9	16203:7680ae6edcd2c8ae08fbf5e1a4e070742c71952a9347e63134647db9b3e3ff37
windows-result	0.4.1	registry+https://github.com/rust-lang/crates.io-index	registry/cache/index.crates.io-1949cf8c6b5b557f/windows-result-0.4.1.crate	13381	7781fa89eaf60850ac3d2da7af8e5242a5ea78d1a11c49bf2910bb5a73853eb5	registry/src/index.crates.io-1949cf8c6b5b557f/windows-result-0.4.1	17	42645:6f3bb91a687f5d2c3da0c79f6e9003903ac811fd61e00c1d09f141c01860522d
windows-strings	0.5.1	registry+https://github.com/rust-lang/crates.io-index	registry/cache/index.crates.io-1949cf8c6b5b557f/windows-strings-0.5.1.crate	13966	7837d08f69c77cf6b07689544538e017c1bfcf57e34b4c0ff58e6c2cd3b37091	registry/src/index.crates.io-1949cf8c6b5b557f/windows-strings-0.5.1	22	54339:2c96e5c75f28f78c6106b06057e6eb83c54e52a7a257a9cdf17458d4c5c60f09
windows-sys	0.52.0	registry+https://github.com/rust-lang/crates.io-index	registry/cache/index.crates.io-1949cf8c6b5b557f/windows-sys-0.52.0.crate	2576877	282be5f36a8ce781fad8c8ae18fa3f9beff57ec1b52cb3de0789201425d9a33d	registry/src/index.crates.io-1949cf8c6b5b557f/windows-sys-0.52.0	242	21534193:ef239f03ca568e1b03815dc733131aadb824ac6583c96b833c9de3fc6bae5dbe
windows-sys	0.60.2	registry+https://github.com/rust-lang/crates.io-index	registry/cache/index.crates.io-1949cf8c6b5b557f/windows-sys-0.60.2.crate	2518479	f2f500e4d28234f72040990ec9d39e3a6b950f9f22d3dba18416c35882612bcb	registry/src/index.crates.io-1949cf8c6b5b557f/windows-sys-0.60.2	258	18245942:bd561b78db9f24adb293c4219d44572fc3a4b81060ce1bdf035716ee33876b5f
windows-sys	0.61.2	registry+https://github.com/rust-lang/crates.io-index	registry/cache/index.crates.io-1949cf8c6b5b557f/windows-sys-0.61.2.crate	2517186	ae137229bcbd6cdf0f7b80a31df61766145077ddf49416a728b02cb3921ff3fc	registry/src/index.crates.io-1949cf8c6b5b557f/windows-sys-0.61.2	258	18183413:9174044d5c25646c15b5b1ae93eaf69178e0ded1310985d05d310b3881f2ceee
windows-targets	0.52.6	registry+https://github.com/rust-lang/crates.io-index	registry/cache/index.crates.io-1949cf8c6b5b557f/windows-targets-0.52.6.crate	6403	9b724f72796e036ab90c1021d4780d4d3d648aca59e491e6b98e725b84e99973	registry/src/index.crates.io-1949cf8c6b5b557f/windows-targets-0.52.6	8	18996:bd9a3f963d656a97110060cc9b0e98b95520918bde18254267037fa85dce52d0
windows-targets	0.53.5	registry+https://github.com/rust-lang/crates.io-index	registry/cache/index.crates.io-1949cf8c6b5b557f/windows-targets-0.53.5.crate	7126	4945f9f551b88e0d65f3db0bc25c33b8acea4d9e41163edf90dcd0b19f9069f3	registry/src/index.crates.io-1949cf8c6b5b557f/windows-targets-0.53.5	9	20641:22fa403b7601cfe9ecc10486f44033be4b7c7b8bc30cf908020662c3c6b8326b
windows_aarch64_gnullvm	0.52.6	registry+https://github.com/rust-lang/crates.io-index	registry/cache/index.crates.io-1949cf8c6b5b557f/windows_aarch64_gnullvm-0.52.6.crate	435718	32a4622180e7a0ec044bb555404c800bc9fd9ec262ec147edd5989ccd0c02cd3	registry/src/index.crates.io-1949cf8c6b5b557f/windows_aarch64_gnullvm-0.52.6	9	3892199:93dcee02fcfa985d00697a154cede1775743e3807a1775f34613e4e8dd035ed0
windows_aarch64_gnullvm	0.53.1	registry+https://github.com/rust-lang/crates.io-index	registry/cache/index.crates.io-1949cf8c6b5b557f/windows_aarch64_gnullvm-0.53.1.crate	787748	a9d8416fa8b42f5c947f8482c43e7d89e73a173cead56d044f6a56104a6d1b53	registry/src/index.crates.io-1949cf8c6b5b557f/windows_aarch64_gnullvm-0.53.1	11	5092290:f2129015e8abfb417d6b2e6acaaadabbfd278d08de19fd0400dd4e9cf6af0255
windows_aarch64_msvc	0.52.6	registry+https://github.com/rust-lang/crates.io-index	registry/cache/index.crates.io-1949cf8c6b5b557f/windows_aarch64_msvc-0.52.6.crate	832615	09ec2a7bb152e2252b53fa7803150007879548bc709c039df7627cabbd05d469	registry/src/index.crates.io-1949cf8c6b5b557f/windows_aarch64_msvc-0.52.6	9	5225011:038f29938bc46c45434f19fa7fd4f316e3b7945a436acb3ebe3d1fa4c9503a87
windows_aarch64_msvc	0.53.1	registry+https://github.com/rust-lang/crates.io-index	registry/cache/index.crates.io-1949cf8c6b5b557f/windows_aarch64_msvc-0.53.1.crate	838009	b9d782e804c2f632e395708e99a94275910eb9100b2114651e04744e9b125006	registry/src/index.crates.io-1949cf8c6b5b557f/windows_aarch64_msvc-0.53.1	11	5235995:d1587b9791016a2ad627827efca09e4286ba44eafec9468fb2ee6ed0cb0440e3
windows_i686_gnu	0.52.6	registry+https://github.com/rust-lang/crates.io-index	registry/cache/index.crates.io-1949cf8c6b5b557f/windows_i686_gnu-0.52.6.crate	880402	8e9b5ad5ab802e97eb8e295ac6720e509ee4c243f69d781394014ebfe8bbfa0b	registry/src/index.crates.io-1949cf8c6b5b557f/windows_i686_gnu-0.52.6	9	13219093:de6283929605cdce4fc805cc31c2db7fb66797edb7cbfd42e49a21cb67f22315
windows_i686_gnu	0.53.1	registry+https://github.com/rust-lang/crates.io-index	registry/cache/index.crates.io-1949cf8c6b5b557f/windows_i686_gnu-0.53.1.crate	939775	960e6da069d81e09becb0ca57a65220ddff016ff2d6af6a223cf372a506593a3	registry/src/index.crates.io-1949cf8c6b5b557f/windows_i686_gnu-0.53.1	11	13236943:a44ffc38580bbc322005ee52022b1e78e6354c761019de2cfb041167e0ce06fc
windows_i686_gnullvm	0.52.6	registry+https://github.com/rust-lang/crates.io-index	registry/cache/index.crates.io-1949cf8c6b5b557f/windows_i686_gnullvm-0.52.6.crate	475940	0eee52d38c090b3caa76c563b86c3a4bd71ef1a819287c19d586d7334ae8ed66	registry/src/index.crates.io-1949cf8c6b5b557f/windows_i686_gnullvm-0.52.6	9	4099739:62a58f0e37226f1b5701e37dcd2c26983428f866c4b7d9e1fd5288154b444d4c
windows_i686_gnullvm	0.53.1	registry+https://github.com/rust-lang/crates.io-index	registry/cache/index.crates.io-1949cf8c6b5b557f/windows_i686_gnullvm-0.53.1.crate	857396	fa7359d10048f68ab8b09fa71c3daccfb0e9b559aed648a8f95469c27057180c	registry/src/index.crates.io-1949cf8c6b5b557f/windows_i686_gnullvm-0.53.1	11	5440305:856f9c924b119965b1be25cf7f03f2ab1a3dd8ac930dc8ebaab87114dcc17b28
windows_i686_msvc	0.52.6	registry+https://github.com/rust-lang/crates.io-index	registry/cache/index.crates.io-1949cf8c6b5b557f/windows_i686_msvc-0.52.6.crate	901163	240948bc05c5e7c6dabba28bf89d89ffce3e303022809e73deaefe4f6ec56c66	registry/src/index.crates.io-1949cf8c6b5b557f/windows_i686_msvc-0.52.6	9	5572861:1618769f5ccc0ad1c9c1761bc0e2c9ab2ec352070b1186d073f907daa469b4a9
windows_i686_msvc	0.53.1	registry+https://github.com/rust-lang/crates.io-index	registry/cache/index.crates.io-1949cf8c6b5b557f/windows_i686_msvc-0.53.1.crate	907688	1e7ac75179f18232fe9c285163565a57ef8d3c89254a30685b57d83a38d326c2	registry/src/index.crates.io-1949cf8c6b5b557f/windows_i686_msvc-0.53.1	11	5584010:e3f64f69e06de6c84c19bf9b343fb2b87df8b915fe72e60a0e5d0adc9f89d899
windows_x86_64_gnu	0.52.6	registry+https://github.com/rust-lang/crates.io-index	registry/cache/index.crates.io-1949cf8c6b5b557f/windows_x86_64_gnu-0.52.6.crate	836363	147a5c80aabfbf0c7d901cb5895d1de30ef2907eb21fbbab29ca94c5b08b1a78	registry/src/index.crates.io-1949cf8c6b5b557f/windows_x86_64_gnu-0.52.6	9	12709801:53191fc083343b8383356cc4226d69e50a9593c4175e602dc894142952f4f785
windows_x86_64_gnu	0.53.1	registry+https://github.com/rust-lang/crates.io-index	registry/cache/index.crates.io-1949cf8c6b5b557f/windows_x86_64_gnu-0.53.1.crate	903712	9c3842cdd74a865a8066ab39c8a7a473c0778a3f29370b5fd6b4b9aa7df4a499	registry/src/index.crates.io-1949cf8c6b5b557f/windows_x86_64_gnu-0.53.1	11	12727329:f3122c7d33e72b50b5fc1808c980db4541ba265a56b374caf8361037f62e41a8
windows_x86_64_gnullvm	0.52.6	registry+https://github.com/rust-lang/crates.io-index	registry/cache/index.crates.io-1949cf8c6b5b557f/windows_x86_64_gnullvm-0.52.6.crate	435707	24d5b23dc417412679681396f2b49f3de8c1473deb516bd34410872eff51ed0d	registry/src/index.crates.io-1949cf8c6b5b557f/windows_x86_64_gnullvm-0.52.6	9	3892195:046e4c03215bfd0a27719583edf6b0981ce4dc71de03dc0696ad2b1879992902
windows_x86_64_gnullvm	0.53.1	registry+https://github.com/rust-lang/crates.io-index	registry/cache/index.crates.io-1949cf8c6b5b557f/windows_x86_64_gnullvm-0.53.1.crate	787739	0ffa179e2d07eee8ad8f57493436566c7cc30ac536a3379fdf008f47f6bb7ae1	registry/src/index.crates.io-1949cf8c6b5b557f/windows_x86_64_gnullvm-0.53.1	11	5092285:0857de8620f5c7df3df652e5b94f8f5ae486a9cfb81d3a875f1497652cc261d5
windows_x86_64_msvc	0.52.6	registry+https://github.com/rust-lang/crates.io-index	registry/cache/index.crates.io-1949cf8c6b5b557f/windows_x86_64_msvc-0.52.6.crate	832564	589f6da84c646204747d1270a2a5661ea66ed1cced2631d546fdfb155959f9ec	registry/src/index.crates.io-1949cf8c6b5b557f/windows_x86_64_msvc-0.52.6	9	5225007:fc2887b3b3afbe76b6090a0546e0e35f6755c82d857d02511c3918b83f13784d
windows_x86_64_msvc	0.53.1	registry+https://github.com/rust-lang/crates.io-index	registry/cache/index.crates.io-1949cf8c6b5b557f/windows_x86_64_msvc-0.53.1.crate	837950	d6bbff5f0aada427a1e5a6da5f1f98158182f26556f345ac9e04d36d0ebed650	registry/src/index.crates.io-1949cf8c6b5b557f/windows_x86_64_msvc-0.53.1	11	5235990:782d79abb72dcc70640388dc68f51b4caed04d5807855f2dc5cc40fd4a0876b3
winnow	0.7.15	registry+https://github.com/rust-lang/crates.io-index	registry/cache/index.crates.io-1949cf8c6b5b557f/winnow-0.7.15.crate	187092	df79d97927682d2fd8adb29682d1140b343be4ac0f08fd68b7765d9c059d3945	registry/src/index.crates.io-1949cf8c6b5b557f/winnow-0.7.15	106	1339603:e325192a070db929603984b890ecb2484bfc8420ac414ed6d04ddae89a02dee6
wit-bindgen	0.57.1	registry+https://github.com/rust-lang/crates.io-index	registry/cache/index.crates.io-1949cf8c6b5b557f/wit-bindgen-0.57.1.crate	71227	1ebf944e87a7c253233ad6766e082e3cd714b5d03812acc24c318f549614536e	registry/src/index.crates.io-1949cf8c6b5b557f/wit-bindgen-0.57.1	43	283188:86ac8c29816a84ffd0fcaa5248dc127977a799923b8be5300aec61e6c9a5e886
writeable	0.6.3	registry+https://github.com/rust-lang/crates.io-index	registry/cache/index.crates.io-1949cf8c6b5b557f/writeable-0.6.3.crate	26685	1ffae5123b2d3fc086436f8834ae3ab053a283cfac8fe0a0b8eaae044768a4c4	registry/src/index.crates.io-1949cf8c6b5b557f/writeable-0.6.3	21	110787:b440e95987def9b23dc45ef4e4d1ad64c674c1fec97b4825735e59f6ce6bc009
yoke	0.8.3	registry+https://github.com/rust-lang/crates.io-index	registry/cache/index.crates.io-1949cf8c6b5b557f/yoke-0.8.3.crate	33132	709fe23a0424b6a435d82152b1bd3fdfb0833487d5fa90d05d42762a9891fef5	registry/src/index.crates.io-1949cf8c6b5b557f/yoke-0.8.3	19	146378:83e98be645724e718850446b7b2410a2fc7811f7a1775283c1d478332d4428cf
yoke-derive	0.8.2	registry+https://github.com/rust-lang/crates.io-index	registry/cache/index.crates.io-1949cf8c6b5b557f/yoke-derive-0.8.2.crate	15077	de844c262c8848816172cef550288e7dc6c7b7814b4ee56b3e1553f275f1858e	registry/src/index.crates.io-1949cf8c6b5b557f/yoke-derive-0.8.2	11	61548:a7668e458cc2a9611f3e7f6539b308707f9b9969fc72d2752bcad9bd0d6ffcd2
zerocopy	0.8.52	registry+https://github.com/rust-lang/crates.io-index	registry/cache/index.crates.io-1949cf8c6b5b557f/zerocopy-0.8.52.crate	284102	ce1022995ff5ff5d841ad7d994facc23098cd40152f2c1d11cd607c6f530653f	registry/src/index.crates.io-1949cf8c6b5b557f/zerocopy-0.8.52	316	1662437:0c89d86a4ea0bc4be6bad3bb53b10d21dc0fa8437534733f3726902c14f5b31a
zerocopy-derive	0.8.52	registry+https://github.com/rust-lang/crates.io-index	registry/cache/index.crates.io-1949cf8c6b5b557f/zerocopy-derive-0.8.52.crate	98218	1ae7f38b72ec2a254e2b87ef277cf2cd4fb97cbebf944faa6f33354da0867930	registry/src/index.crates.io-1949cf8c6b5b557f/zerocopy-derive-0.8.52	134	969617:33ec413da1cd1d6a679b9550d614dcfb8021aa91ca118c8919705315cb9fdea6
zerofrom	0.1.8	registry+https://github.com/rust-lang/crates.io-index	registry/cache/index.crates.io-1949cf8c6b5b557f/zerofrom-0.1.8.crate	6156	0ec05a11813ea801ff6d75110ad09cd0824ddba17dfe17128ea0d5f68e6c5272	registry/src/index.crates.io-1949cf8c6b5b557f/zerofrom-0.1.8	10	17075:971ec773b1a242a84ad46a68126d30a380bebe57f51044d7ec263ecf49a47da1
zerofrom-derive	0.1.7	registry+https://github.com/rust-lang/crates.io-index	registry/cache/index.crates.io-1949cf8c6b5b557f/zerofrom-derive-0.1.7.crate	8853	11532158c46691caf0f2593ea8358fed6bbf68a0315e80aae9bd41fbade684a1	registry/src/index.crates.io-1949cf8c6b5b557f/zerofrom-derive-0.1.7	10	26841:cde42e1c574705305c55a193f9ac01554622de95e308868a4792684d3ce6cd72
zeroize	1.8.1	registry+https://github.com/rust-lang/crates.io-index	registry/cache/index.crates.io-1949cf8c6b5b557f/zeroize-1.8.1.crate	20029	ced3678a2879b30306d323f4542626697a464a97c0a07c9aebf7ebca65cd4dde	registry/src/index.crates.io-1949cf8c6b5b557f/zeroize-1.8.1	13	67628:eb57aeb7faa2a96fffb91a0f15c56b8cc956585f61afca693c5480ce0cfd824f
zeroize_derive	1.4.2	registry+https://github.com/rust-lang/crates.io-index	registry/cache/index.crates.io-1949cf8c6b5b557f/zeroize_derive-1.4.2.crate	11141	ce36e65b0d2999d2aafac989fb249189a141aee1f53c612c1f37d72631959f69	registry/src/index.crates.io-1949cf8c6b5b557f/zeroize_derive-1.4.2	9	44842:48894b8c43eb38c453f6d775204804f60cd83d403574a5b9f1b2917abcf58e44
zerotrie	0.2.4	registry+https://github.com/rust-lang/crates.io-index	registry/cache/index.crates.io-1949cf8c6b5b557f/zerotrie-0.2.4.crate	83690	0f9152d31db0792fa83f70fb2f83148effb5c1f5b8c7686c3459e361d9bc20bf	registry/src/index.crates.io-1949cf8c6b5b557f/zerotrie-0.2.4	40	411478:28304d1500e7f2074f39e8998254ea5c472173157552ddccd7bbe54637450539
zerovec	0.11.6	registry+https://github.com/rust-lang/crates.io-index	registry/cache/index.crates.io-1949cf8c6b5b557f/zerovec-0.11.6.crate	128583	90f911cbc359ab6af17377d242225f4d75119aec87ea711a880987b18cd7b239	registry/src/index.crates.io-1949cf8c6b5b557f/zerovec-0.11.6	68	626386:7989c2e612d1ee091e83d2e9be8ee458672decfdfedb0398ff18c8bb9cd097c2
zerovec-derive	0.11.3	registry+https://github.com/rust-lang/crates.io-index	registry/cache/index.crates.io-1949cf8c6b5b557f/zerovec-derive-0.11.3.crate	22115	625dc425cab0dca6dc3c3319506e6593dcb08a9f387ea3b284dbd52a92c40555	registry/src/index.crates.io-1949cf8c6b5b557f/zerovec-derive-0.11.3	16	94990:6f1ba305dee6b456909c12a88ef536be00c366ec2788bca915716585083abea2
zmij	1.0.21	registry+https://github.com/rust-lang/crates.io-index	registry/cache/index.crates.io-1949cf8c6b5b557f/zmij-1.0.21.crate	26665	b8848ee67ecc8aedbaf3e4122217aff892639231befc6a1b58d29fff4c2cabaa	registry/src/index.crates.io-1949cf8c6b5b557f/zmij-1.0.21	19	92707:03a154a07541628c78d78e2b5962653fc7c8b77dae9dd8c7f09ae4cfca1fdabe
