scenario_name,path_variant,whir_fold_mode,merkle_proof_mode,query_reuse_mode,security_target_bits,soundness_assumption,total_explicit_query_count,round_query_counts,commitment_ood_samples,proof_bytes,upload_chunk_size,upload_chunks,heap_frame_bytes_requested,heap_pages_32k,stage,repetition,actual_cu,elapsed_ns,status,error,sha_calls,sha_bytes,merkle_levels,m31_mul_ops,cm31_mul_ops,qm31_mul_ops,field_mul_projection,extension_mul_projection,field_inv_projection
whir_t128_capacity_full,query_only,local_interpolant,not_applicable,not_applicable,128.0,whir_capacity_full,39,25|14,2,15468,640,25,32768,1,host_verify,0,,4500125,ok,,471,26868,354,4424,404,39,5672,521,78
whir_t128_capacity_full,query_only,local_interpolant,not_applicable,not_applicable,128.0,whir_capacity_full,39,25|14,2,15468,640,25,0,0,upload_total,0,31534,,ok,,0,0,0,0,0,0,5672,521,78
whir_t128_capacity_full,query_only,local_interpolant,not_applicable,not_applicable,128.0,whir_capacity_full,39,25|14,2,15468,640,25,32768,1,verify_sbf,0,570718,,ok,,471,26868,354,4424,404,39,5672,521,78
whir_t128_capacity_full,query_only,local_interpolant,not_applicable,not_applicable,128.0,whir_capacity_full,39,25|14,2,15468,640,25,32768,1,total_sbf,0,602252,,ok,,471,26868,354,4424,404,39,5672,521,78
whir_t128_capacity_full,query_only,local_interpolant,not_applicable,not_applicable,128.0,whir_capacity_full,39,25|14,2,15468,640,25,32768,1,verify_sbf,1,570718,,ok,,471,26868,354,4424,404,39,5672,521,78
whir_t128_capacity_full,query_only,local_interpolant,not_applicable,not_applicable,128.0,whir_capacity_full,39,25|14,2,15468,640,25,32768,1,total_sbf,1,602252,,ok,,471,26868,354,4424,404,39,5672,521,78
whir_t128_capacity_full,query_only,local_interpolant,not_applicable,not_applicable,128.0,whir_capacity_full,39,25|14,2,15468,640,25,32768,1,verify_sbf,2,570718,,ok,,471,26868,354,4424,404,39,5672,521,78
whir_t128_capacity_full,query_only,local_interpolant,not_applicable,not_applicable,128.0,whir_capacity_full,39,25|14,2,15468,640,25,32768,1,total_sbf,2,602252,,ok,,471,26868,354,4424,404,39,5672,521,78
whir_t128_capacity_full,query_only,local_interpolant,not_applicable,not_applicable,128.0,whir_capacity_full,39,25|14,2,15468,640,25,32768,1,verify_sbf,3,570718,,ok,,471,26868,354,4424,404,39,5672,521,78
whir_t128_capacity_full,query_only,local_interpolant,not_applicable,not_applicable,128.0,whir_capacity_full,39,25|14,2,15468,640,25,32768,1,total_sbf,3,602252,,ok,,471,26868,354,4424,404,39,5672,521,78
whir_t128_capacity_full,query_only,local_interpolant,not_applicable,not_applicable,128.0,whir_capacity_full,39,25|14,2,15468,640,25,32768,1,verify_sbf,4,570718,,ok,,471,26868,354,4424,404,39,5672,521,78
whir_t128_capacity_full,query_only,local_interpolant,not_applicable,not_applicable,128.0,whir_capacity_full,39,25|14,2,15468,640,25,32768,1,total_sbf,4,602252,,ok,,471,26868,354,4424,404,39,5672,521,78
whir_t128_capacity_full,query_only,local_interpolant,not_applicable,not_applicable,128.0,whir_capacity_full,39,25|14,2,15468,640,25,32768,1,verify_sbf,5,570718,,ok,,471,26868,354,4424,404,39,5672,521,78
whir_t128_capacity_full,query_only,local_interpolant,not_applicable,not_applicable,128.0,whir_capacity_full,39,25|14,2,15468,640,25,32768,1,total_sbf,5,602252,,ok,,471,26868,354,4424,404,39,5672,521,78
whir_t128_capacity_full,query_only,local_interpolant,not_applicable,not_applicable,128.0,whir_capacity_full,39,25|14,2,15468,640,25,32768,1,verify_sbf,6,570718,,ok,,471,26868,354,4424,404,39,5672,521,78
whir_t128_capacity_full,query_only,local_interpolant,not_applicable,not_applicable,128.0,whir_capacity_full,39,25|14,2,15468,640,25,32768,1,total_sbf,6,602252,,ok,,471,26868,354,4424,404,39,5672,521,78
whir_t128_capacity_full,query_only,local_interpolant,not_applicable,not_applicable,128.0,whir_capacity_full,39,25|14,2,15468,640,25,32768,1,verify_sbf,7,570718,,ok,,471,26868,354,4424,404,39,5672,521,78
whir_t128_capacity_full,query_only,local_interpolant,not_applicable,not_applicable,128.0,whir_capacity_full,39,25|14,2,15468,640,25,32768,1,total_sbf,7,602252,,ok,,471,26868,354,4424,404,39,5672,521,78
whir_t128_capacity_full,query_only,local_interpolant,not_applicable,not_applicable,128.0,whir_capacity_full,39,25|14,2,15468,640,25,32768,1,verify_sbf,8,570718,,ok,,471,26868,354,4424,404,39,5672,521,78
whir_t128_capacity_full,query_only,local_interpolant,not_applicable,not_applicable,128.0,whir_capacity_full,39,25|14,2,15468,640,25,32768,1,total_sbf,8,602252,,ok,,471,26868,354,4424,404,39,5672,521,78
whir_t128_capacity_full,query_only,local_interpolant,not_applicable,not_applicable,128.0,whir_capacity_full,39,25|14,2,15468,640,25,32768,1,verify_sbf,9,570718,,ok,,471,26868,354,4424,404,39,5672,521,78
whir_t128_capacity_full,query_only,local_interpolant,not_applicable,not_applicable,128.0,whir_capacity_full,39,25|14,2,15468,640,25,32768,1,total_sbf,9,602252,,ok,,471,26868,354,4424,404,39,5672,521,78
whir_t128_capacity_full,transcript_full,raw_fibers,minimal_subtree,per_query_inversion,128.0,whir_capacity_full,39,25|14,2,5932,640,10,32768,1,host_verify,0,,10156125,ok,,315,19719,354,3201,250,25,4014,325,50
whir_t128_capacity_full,transcript_full,raw_fibers,minimal_subtree,per_query_inversion,128.0,whir_capacity_full,39,25|14,2,5932,640,10,0,0,upload_total,0,12486,,ok,,0,0,0,0,0,0,4014,325,50
whir_t128_capacity_full,transcript_full,raw_fibers,minimal_subtree,per_query_inversion,128.0,whir_capacity_full,39,25|14,2,5932,640,10,32768,1,verify_sbf,0,915887,,ok,,315,19719,354,3201,250,25,4014,325,50
whir_t128_capacity_full,transcript_full,raw_fibers,minimal_subtree,per_query_inversion,128.0,whir_capacity_full,39,25|14,2,5932,640,10,32768,1,total_sbf,0,928373,,ok,,315,19719,354,3201,250,25,4014,325,50
whir_t128_capacity_full,transcript_full,raw_fibers,minimal_subtree,per_query_inversion,128.0,whir_capacity_full,39,25|14,2,5932,640,10,32768,1,verify_sbf,1,915887,,ok,,315,19719,354,3201,250,25,4014,325,50
whir_t128_capacity_full,transcript_full,raw_fibers,minimal_subtree,per_query_inversion,128.0,whir_capacity_full,39,25|14,2,5932,640,10,32768,1,total_sbf,1,928373,,ok,,315,19719,354,3201,250,25,4014,325,50
whir_t128_capacity_full,transcript_full,raw_fibers,minimal_subtree,per_query_inversion,128.0,whir_capacity_full,39,25|14,2,5932,640,10,32768,1,verify_sbf,2,915887,,ok,,315,19719,354,3201,250,25,4014,325,50
whir_t128_capacity_full,transcript_full,raw_fibers,minimal_subtree,per_query_inversion,128.0,whir_capacity_full,39,25|14,2,5932,640,10,32768,1,total_sbf,2,928373,,ok,,315,19719,354,3201,250,25,4014,325,50
whir_t128_capacity_full,transcript_full,raw_fibers,minimal_subtree,per_query_inversion,128.0,whir_capacity_full,39,25|14,2,5932,640,10,32768,1,verify_sbf,3,915887,,ok,,315,19719,354,3201,250,25,4014,325,50
whir_t128_capacity_full,transcript_full,raw_fibers,minimal_subtree,per_query_inversion,128.0,whir_capacity_full,39,25|14,2,5932,640,10,32768,1,total_sbf,3,928373,,ok,,315,19719,354,3201,250,25,4014,325,50
whir_t128_capacity_full,transcript_full,raw_fibers,minimal_subtree,per_query_inversion,128.0,whir_capacity_full,39,25|14,2,5932,640,10,32768,1,verify_sbf,4,915887,,ok,,315,19719,354,3201,250,25,4014,325,50
whir_t128_capacity_full,transcript_full,raw_fibers,minimal_subtree,per_query_inversion,128.0,whir_capacity_full,39,25|14,2,5932,640,10,32768,1,total_sbf,4,928373,,ok,,315,19719,354,3201,250,25,4014,325,50
whir_t128_capacity_full,transcript_full,raw_fibers,minimal_subtree,per_query_inversion,128.0,whir_capacity_full,39,25|14,2,5932,640,10,32768,1,verify_sbf,5,915887,,ok,,315,19719,354,3201,250,25,4014,325,50
whir_t128_capacity_full,transcript_full,raw_fibers,minimal_subtree,per_query_inversion,128.0,whir_capacity_full,39,25|14,2,5932,640,10,32768,1,total_sbf,5,928373,,ok,,315,19719,354,3201,250,25,4014,325,50
whir_t128_capacity_full,transcript_full,raw_fibers,minimal_subtree,per_query_inversion,128.0,whir_capacity_full,39,25|14,2,5932,640,10,32768,1,verify_sbf,6,915887,,ok,,315,19719,354,3201,250,25,4014,325,50
whir_t128_capacity_full,transcript_full,raw_fibers,minimal_subtree,per_query_inversion,128.0,whir_capacity_full,39,25|14,2,5932,640,10,32768,1,total_sbf,6,928373,,ok,,315,19719,354,3201,250,25,4014,325,50
whir_t128_capacity_full,transcript_full,raw_fibers,minimal_subtree,per_query_inversion,128.0,whir_capacity_full,39,25|14,2,5932,640,10,32768,1,verify_sbf,7,915887,,ok,,315,19719,354,3201,250,25,4014,325,50
whir_t128_capacity_full,transcript_full,raw_fibers,minimal_subtree,per_query_inversion,128.0,whir_capacity_full,39,25|14,2,5932,640,10,32768,1,total_sbf,7,928373,,ok,,315,19719,354,3201,250,25,4014,325,50
whir_t128_capacity_full,transcript_full,raw_fibers,minimal_subtree,per_query_inversion,128.0,whir_capacity_full,39,25|14,2,5932,640,10,32768,1,verify_sbf,8,915887,,ok,,315,19719,354,3201,250,25,4014,325,50
whir_t128_capacity_full,transcript_full,raw_fibers,minimal_subtree,per_query_inversion,128.0,whir_capacity_full,39,25|14,2,5932,640,10,32768,1,total_sbf,8,928373,,ok,,315,19719,354,3201,250,25,4014,325,50
whir_t128_capacity_full,transcript_full,raw_fibers,minimal_subtree,per_query_inversion,128.0,whir_capacity_full,39,25|14,2,5932,640,10,32768,1,verify_sbf,9,915887,,ok,,315,19719,354,3201,250,25,4014,325,50
whir_t128_capacity_full,transcript_full,raw_fibers,minimal_subtree,per_query_inversion,128.0,whir_capacity_full,39,25|14,2,5932,640,10,32768,1,total_sbf,9,928373,,ok,,315,19719,354,3201,250,25,4014,325,50
whir_t128_capacity_full,transcript_full,raw_fibers,minimal_subtree,per_query_inversion,128.0,whir_capacity_full,39,25|14,2,5932,640,10,32768,1,phase_final_round,0,49043,,ok,,0,0,0,0,0,0,4014,325,50
whir_t128_capacity_full,transcript_full,raw_fibers,minimal_subtree,per_query_inversion,128.0,whir_capacity_full,39,25|14,2,5932,640,10,32768,1,phase_folding,0,12462,,ok,,0,0,0,0,0,0,4014,325,50
whir_t128_capacity_full,transcript_full,raw_fibers,minimal_subtree,per_query_inversion,128.0,whir_capacity_full,39,25|14,2,5932,640,10,32768,1,phase_ood,0,12144,,ok,,0,0,0,0,0,0,4014,325,50
whir_t128_capacity_full,transcript_full,raw_fibers,minimal_subtree,per_query_inversion,128.0,whir_capacity_full,39,25|14,2,5932,640,10,32768,1,phase_parse,0,1486,,ok,,0,0,0,0,0,0,4014,325,50
whir_t128_capacity_full,transcript_full,raw_fibers,minimal_subtree,per_query_inversion,128.0,whir_capacity_full,39,25|14,2,5932,640,10,32768,1,phase_per_round_queries,0,823777,,ok,,0,0,0,0,0,0,4014,325,50
whir_t128_capacity_full,transcript_full,raw_fibers,minimal_subtree,per_query_inversion,128.0,whir_capacity_full,39,25|14,2,5932,640,10,32768,1,phase_transcript_setup,0,19425,,ok,,0,0,0,0,0,0,4014,325,50
whir_t128_capacity_full,transcript_full,raw_fibers,minimal_subtree,per_query_inversion,128.0,whir_capacity_full,39,25|14,2,5932,640,10,32768,1,phase_final_round,1,49043,,ok,,0,0,0,0,0,0,4014,325,50
whir_t128_capacity_full,transcript_full,raw_fibers,minimal_subtree,per_query_inversion,128.0,whir_capacity_full,39,25|14,2,5932,640,10,32768,1,phase_folding,1,12462,,ok,,0,0,0,0,0,0,4014,325,50
whir_t128_capacity_full,transcript_full,raw_fibers,minimal_subtree,per_query_inversion,128.0,whir_capacity_full,39,25|14,2,5932,640,10,32768,1,phase_ood,1,12144,,ok,,0,0,0,0,0,0,4014,325,50
whir_t128_capacity_full,transcript_full,raw_fibers,minimal_subtree,per_query_inversion,128.0,whir_capacity_full,39,25|14,2,5932,640,10,32768,1,phase_parse,1,1486,,ok,,0,0,0,0,0,0,4014,325,50
whir_t128_capacity_full,transcript_full,raw_fibers,minimal_subtree,per_query_inversion,128.0,whir_capacity_full,39,25|14,2,5932,640,10,32768,1,phase_per_round_queries,1,823777,,ok,,0,0,0,0,0,0,4014,325,50
whir_t128_capacity_full,transcript_full,raw_fibers,minimal_subtree,per_query_inversion,128.0,whir_capacity_full,39,25|14,2,5932,640,10,32768,1,phase_transcript_setup,1,19425,,ok,,0,0,0,0,0,0,4014,325,50
whir_t128_capacity_full,transcript_full,raw_fibers,minimal_subtree,per_query_inversion,128.0,whir_capacity_full,39,25|14,2,5932,640,10,32768,1,phase_final_round,2,49043,,ok,,0,0,0,0,0,0,4014,325,50
whir_t128_capacity_full,transcript_full,raw_fibers,minimal_subtree,per_query_inversion,128.0,whir_capacity_full,39,25|14,2,5932,640,10,32768,1,phase_folding,2,12462,,ok,,0,0,0,0,0,0,4014,325,50
whir_t128_capacity_full,transcript_full,raw_fibers,minimal_subtree,per_query_inversion,128.0,whir_capacity_full,39,25|14,2,5932,640,10,32768,1,phase_ood,2,12144,,ok,,0,0,0,0,0,0,4014,325,50
whir_t128_capacity_full,transcript_full,raw_fibers,minimal_subtree,per_query_inversion,128.0,whir_capacity_full,39,25|14,2,5932,640,10,32768,1,phase_parse,2,1486,,ok,,0,0,0,0,0,0,4014,325,50
whir_t128_capacity_full,transcript_full,raw_fibers,minimal_subtree,per_query_inversion,128.0,whir_capacity_full,39,25|14,2,5932,640,10,32768,1,phase_per_round_queries,2,823777,,ok,,0,0,0,0,0,0,4014,325,50
whir_t128_capacity_full,transcript_full,raw_fibers,minimal_subtree,per_query_inversion,128.0,whir_capacity_full,39,25|14,2,5932,640,10,32768,1,phase_transcript_setup,2,19425,,ok,,0,0,0,0,0,0,4014,325,50
whir_t128_capacity_full,transcript_full,raw_fibers,minimal_subtree,per_query_inversion,128.0,whir_capacity_full,39,25|14,2,5932,640,10,32768,1,phase_final_round,3,49043,,ok,,0,0,0,0,0,0,4014,325,50
whir_t128_capacity_full,transcript_full,raw_fibers,minimal_subtree,per_query_inversion,128.0,whir_capacity_full,39,25|14,2,5932,640,10,32768,1,phase_folding,3,12462,,ok,,0,0,0,0,0,0,4014,325,50
whir_t128_capacity_full,transcript_full,raw_fibers,minimal_subtree,per_query_inversion,128.0,whir_capacity_full,39,25|14,2,5932,640,10,32768,1,phase_ood,3,12144,,ok,,0,0,0,0,0,0,4014,325,50
whir_t128_capacity_full,transcript_full,raw_fibers,minimal_subtree,per_query_inversion,128.0,whir_capacity_full,39,25|14,2,5932,640,10,32768,1,phase_parse,3,1486,,ok,,0,0,0,0,0,0,4014,325,50
whir_t128_capacity_full,transcript_full,raw_fibers,minimal_subtree,per_query_inversion,128.0,whir_capacity_full,39,25|14,2,5932,640,10,32768,1,phase_per_round_queries,3,823777,,ok,,0,0,0,0,0,0,4014,325,50
whir_t128_capacity_full,transcript_full,raw_fibers,minimal_subtree,per_query_inversion,128.0,whir_capacity_full,39,25|14,2,5932,640,10,32768,1,phase_transcript_setup,3,19425,,ok,,0,0,0,0,0,0,4014,325,50
whir_t128_capacity_full,transcript_full,raw_fibers,minimal_subtree,per_query_inversion,128.0,whir_capacity_full,39,25|14,2,5932,640,10,32768,1,phase_final_round,4,49043,,ok,,0,0,0,0,0,0,4014,325,50
whir_t128_capacity_full,transcript_full,raw_fibers,minimal_subtree,per_query_inversion,128.0,whir_capacity_full,39,25|14,2,5932,640,10,32768,1,phase_folding,4,12462,,ok,,0,0,0,0,0,0,4014,325,50
whir_t128_capacity_full,transcript_full,raw_fibers,minimal_subtree,per_query_inversion,128.0,whir_capacity_full,39,25|14,2,5932,640,10,32768,1,phase_ood,4,12144,,ok,,0,0,0,0,0,0,4014,325,50
whir_t128_capacity_full,transcript_full,raw_fibers,minimal_subtree,per_query_inversion,128.0,whir_capacity_full,39,25|14,2,5932,640,10,32768,1,phase_parse,4,1486,,ok,,0,0,0,0,0,0,4014,325,50
whir_t128_capacity_full,transcript_full,raw_fibers,minimal_subtree,per_query_inversion,128.0,whir_capacity_full,39,25|14,2,5932,640,10,32768,1,phase_per_round_queries,4,823777,,ok,,0,0,0,0,0,0,4014,325,50
whir_t128_capacity_full,transcript_full,raw_fibers,minimal_subtree,per_query_inversion,128.0,whir_capacity_full,39,25|14,2,5932,640,10,32768,1,phase_transcript_setup,4,19425,,ok,,0,0,0,0,0,0,4014,325,50
whir_t128_capacity_full,transcript_full,raw_fibers,minimal_subtree,per_query_inversion,128.0,whir_capacity_full,39,25|14,2,5932,640,10,32768,1,phase_final_round,5,49043,,ok,,0,0,0,0,0,0,4014,325,50
whir_t128_capacity_full,transcript_full,raw_fibers,minimal_subtree,per_query_inversion,128.0,whir_capacity_full,39,25|14,2,5932,640,10,32768,1,phase_folding,5,12462,,ok,,0,0,0,0,0,0,4014,325,50
whir_t128_capacity_full,transcript_full,raw_fibers,minimal_subtree,per_query_inversion,128.0,whir_capacity_full,39,25|14,2,5932,640,10,32768,1,phase_ood,5,12144,,ok,,0,0,0,0,0,0,4014,325,50
whir_t128_capacity_full,transcript_full,raw_fibers,minimal_subtree,per_query_inversion,128.0,whir_capacity_full,39,25|14,2,5932,640,10,32768,1,phase_parse,5,1486,,ok,,0,0,0,0,0,0,4014,325,50
whir_t128_capacity_full,transcript_full,raw_fibers,minimal_subtree,per_query_inversion,128.0,whir_capacity_full,39,25|14,2,5932,640,10,32768,1,phase_per_round_queries,5,823777,,ok,,0,0,0,0,0,0,4014,325,50
whir_t128_capacity_full,transcript_full,raw_fibers,minimal_subtree,per_query_inversion,128.0,whir_capacity_full,39,25|14,2,5932,640,10,32768,1,phase_transcript_setup,5,19425,,ok,,0,0,0,0,0,0,4014,325,50
whir_t128_capacity_full,transcript_full,raw_fibers,minimal_subtree,per_query_inversion,128.0,whir_capacity_full,39,25|14,2,5932,640,10,32768,1,phase_final_round,6,49043,,ok,,0,0,0,0,0,0,4014,325,50
whir_t128_capacity_full,transcript_full,raw_fibers,minimal_subtree,per_query_inversion,128.0,whir_capacity_full,39,25|14,2,5932,640,10,32768,1,phase_folding,6,12462,,ok,,0,0,0,0,0,0,4014,325,50
whir_t128_capacity_full,transcript_full,raw_fibers,minimal_subtree,per_query_inversion,128.0,whir_capacity_full,39,25|14,2,5932,640,10,32768,1,phase_ood,6,12144,,ok,,0,0,0,0,0,0,4014,325,50
whir_t128_capacity_full,transcript_full,raw_fibers,minimal_subtree,per_query_inversion,128.0,whir_capacity_full,39,25|14,2,5932,640,10,32768,1,phase_parse,6,1486,,ok,,0,0,0,0,0,0,4014,325,50
whir_t128_capacity_full,transcript_full,raw_fibers,minimal_subtree,per_query_inversion,128.0,whir_capacity_full,39,25|14,2,5932,640,10,32768,1,phase_per_round_queries,6,823777,,ok,,0,0,0,0,0,0,4014,325,50
whir_t128_capacity_full,transcript_full,raw_fibers,minimal_subtree,per_query_inversion,128.0,whir_capacity_full,39,25|14,2,5932,640,10,32768,1,phase_transcript_setup,6,19425,,ok,,0,0,0,0,0,0,4014,325,50
whir_t128_capacity_full,transcript_full,raw_fibers,minimal_subtree,per_query_inversion,128.0,whir_capacity_full,39,25|14,2,5932,640,10,32768,1,phase_final_round,7,49043,,ok,,0,0,0,0,0,0,4014,325,50
whir_t128_capacity_full,transcript_full,raw_fibers,minimal_subtree,per_query_inversion,128.0,whir_capacity_full,39,25|14,2,5932,640,10,32768,1,phase_folding,7,12462,,ok,,0,0,0,0,0,0,4014,325,50
whir_t128_capacity_full,transcript_full,raw_fibers,minimal_subtree,per_query_inversion,128.0,whir_capacity_full,39,25|14,2,5932,640,10,32768,1,phase_ood,7,12144,,ok,,0,0,0,0,0,0,4014,325,50
whir_t128_capacity_full,transcript_full,raw_fibers,minimal_subtree,per_query_inversion,128.0,whir_capacity_full,39,25|14,2,5932,640,10,32768,1,phase_parse,7,1486,,ok,,0,0,0,0,0,0,4014,325,50
whir_t128_capacity_full,transcript_full,raw_fibers,minimal_subtree,per_query_inversion,128.0,whir_capacity_full,39,25|14,2,5932,640,10,32768,1,phase_per_round_queries,7,823777,,ok,,0,0,0,0,0,0,4014,325,50
whir_t128_capacity_full,transcript_full,raw_fibers,minimal_subtree,per_query_inversion,128.0,whir_capacity_full,39,25|14,2,5932,640,10,32768,1,phase_transcript_setup,7,19425,,ok,,0,0,0,0,0,0,4014,325,50
whir_t128_capacity_full,transcript_full,raw_fibers,minimal_subtree,per_query_inversion,128.0,whir_capacity_full,39,25|14,2,5932,640,10,32768,1,phase_final_round,8,49043,,ok,,0,0,0,0,0,0,4014,325,50
whir_t128_capacity_full,transcript_full,raw_fibers,minimal_subtree,per_query_inversion,128.0,whir_capacity_full,39,25|14,2,5932,640,10,32768,1,phase_folding,8,12462,,ok,,0,0,0,0,0,0,4014,325,50
whir_t128_capacity_full,transcript_full,raw_fibers,minimal_subtree,per_query_inversion,128.0,whir_capacity_full,39,25|14,2,5932,640,10,32768,1,phase_ood,8,12144,,ok,,0,0,0,0,0,0,4014,325,50
whir_t128_capacity_full,transcript_full,raw_fibers,minimal_subtree,per_query_inversion,128.0,whir_capacity_full,39,25|14,2,5932,640,10,32768,1,phase_parse,8,1486,,ok,,0,0,0,0,0,0,4014,325,50
whir_t128_capacity_full,transcript_full,raw_fibers,minimal_subtree,per_query_inversion,128.0,whir_capacity_full,39,25|14,2,5932,640,10,32768,1,phase_per_round_queries,8,823777,,ok,,0,0,0,0,0,0,4014,325,50
whir_t128_capacity_full,transcript_full,raw_fibers,minimal_subtree,per_query_inversion,128.0,whir_capacity_full,39,25|14,2,5932,640,10,32768,1,phase_transcript_setup,8,19425,,ok,,0,0,0,0,0,0,4014,325,50
whir_t128_capacity_full,transcript_full,raw_fibers,minimal_subtree,per_query_inversion,128.0,whir_capacity_full,39,25|14,2,5932,640,10,32768,1,phase_final_round,9,49043,,ok,,0,0,0,0,0,0,4014,325,50
whir_t128_capacity_full,transcript_full,raw_fibers,minimal_subtree,per_query_inversion,128.0,whir_capacity_full,39,25|14,2,5932,640,10,32768,1,phase_folding,9,12462,,ok,,0,0,0,0,0,0,4014,325,50
whir_t128_capacity_full,transcript_full,raw_fibers,minimal_subtree,per_query_inversion,128.0,whir_capacity_full,39,25|14,2,5932,640,10,32768,1,phase_ood,9,12144,,ok,,0,0,0,0,0,0,4014,325,50
whir_t128_capacity_full,transcript_full,raw_fibers,minimal_subtree,per_query_inversion,128.0,whir_capacity_full,39,25|14,2,5932,640,10,32768,1,phase_parse,9,1486,,ok,,0,0,0,0,0,0,4014,325,50
whir_t128_capacity_full,transcript_full,raw_fibers,minimal_subtree,per_query_inversion,128.0,whir_capacity_full,39,25|14,2,5932,640,10,32768,1,phase_per_round_queries,9,823777,,ok,,0,0,0,0,0,0,4014,325,50
whir_t128_capacity_full,transcript_full,raw_fibers,minimal_subtree,per_query_inversion,128.0,whir_capacity_full,39,25|14,2,5932,640,10,32768,1,phase_transcript_setup,9,19425,,ok,,0,0,0,0,0,0,4014,325,50
whir_t128_capacity_full,transcript_full,raw_fibers,minimal_subtree,round_batch_inversion,128.0,whir_capacity_full,39,25|14,2,5932,640,10,32768,1,host_verify,0,,6554834,ok,,315,19719,354,1890,325,25,1935,376,2
whir_t128_capacity_full,transcript_full,raw_fibers,minimal_subtree,round_batch_inversion,128.0,whir_capacity_full,39,25|14,2,5932,640,10,0,0,upload_total,0,12486,,ok,,0,0,0,0,0,0,1935,376,2
whir_t128_capacity_full,transcript_full,raw_fibers,minimal_subtree,round_batch_inversion,128.0,whir_capacity_full,39,25|14,2,5932,640,10,32768,1,verify_sbf,0,862238,,ok,,315,19719,354,1890,325,25,1935,376,2
whir_t128_capacity_full,transcript_full,raw_fibers,minimal_subtree,round_batch_inversion,128.0,whir_capacity_full,39,25|14,2,5932,640,10,32768,1,total_sbf,0,874724,,ok,,315,19719,354,1890,325,25,1935,376,2
whir_t128_capacity_full,transcript_full,raw_fibers,minimal_subtree,round_batch_inversion,128.0,whir_capacity_full,39,25|14,2,5932,640,10,32768,1,verify_sbf,1,862238,,ok,,315,19719,354,1890,325,25,1935,376,2
whir_t128_capacity_full,transcript_full,raw_fibers,minimal_subtree,round_batch_inversion,128.0,whir_capacity_full,39,25|14,2,5932,640,10,32768,1,total_sbf,1,874724,,ok,,315,19719,354,1890,325,25,1935,376,2
whir_t128_capacity_full,transcript_full,raw_fibers,minimal_subtree,round_batch_inversion,128.0,whir_capacity_full,39,25|14,2,5932,640,10,32768,1,verify_sbf,2,862238,,ok,,315,19719,354,1890,325,25,1935,376,2
whir_t128_capacity_full,transcript_full,raw_fibers,minimal_subtree,round_batch_inversion,128.0,whir_capacity_full,39,25|14,2,5932,640,10,32768,1,total_sbf,2,874724,,ok,,315,19719,354,1890,325,25,1935,376,2
whir_t128_capacity_full,transcript_full,raw_fibers,minimal_subtree,round_batch_inversion,128.0,whir_capacity_full,39,25|14,2,5932,640,10,32768,1,verify_sbf,3,862238,,ok,,315,19719,354,1890,325,25,1935,376,2
whir_t128_capacity_full,transcript_full,raw_fibers,minimal_subtree,round_batch_inversion,128.0,whir_capacity_full,39,25|14,2,5932,640,10,32768,1,total_sbf,3,874724,,ok,,315,19719,354,1890,325,25,1935,376,2
whir_t128_capacity_full,transcript_full,raw_fibers,minimal_subtree,round_batch_inversion,128.0,whir_capacity_full,39,25|14,2,5932,640,10,32768,1,verify_sbf,4,862238,,ok,,315,19719,354,1890,325,25,1935,376,2
whir_t128_capacity_full,transcript_full,raw_fibers,minimal_subtree,round_batch_inversion,128.0,whir_capacity_full,39,25|14,2,5932,640,10,32768,1,total_sbf,4,874724,,ok,,315,19719,354,1890,325,25,1935,376,2
whir_t128_capacity_full,transcript_full,raw_fibers,minimal_subtree,round_batch_inversion,128.0,whir_capacity_full,39,25|14,2,5932,640,10,32768,1,verify_sbf,5,862238,,ok,,315,19719,354,1890,325,25,1935,376,2
whir_t128_capacity_full,transcript_full,raw_fibers,minimal_subtree,round_batch_inversion,128.0,whir_capacity_full,39,25|14,2,5932,640,10,32768,1,total_sbf,5,874724,,ok,,315,19719,354,1890,325,25,1935,376,2
whir_t128_capacity_full,transcript_full,raw_fibers,minimal_subtree,round_batch_inversion,128.0,whir_capacity_full,39,25|14,2,5932,640,10,32768,1,verify_sbf,6,862238,,ok,,315,19719,354,1890,325,25,1935,376,2
whir_t128_capacity_full,transcript_full,raw_fibers,minimal_subtree,round_batch_inversion,128.0,whir_capacity_full,39,25|14,2,5932,640,10,32768,1,total_sbf,6,874724,,ok,,315,19719,354,1890,325,25,1935,376,2
whir_t128_capacity_full,transcript_full,raw_fibers,minimal_subtree,round_batch_inversion,128.0,whir_capacity_full,39,25|14,2,5932,640,10,32768,1,verify_sbf,7,862238,,ok,,315,19719,354,1890,325,25,1935,376,2
whir_t128_capacity_full,transcript_full,raw_fibers,minimal_subtree,round_batch_inversion,128.0,whir_capacity_full,39,25|14,2,5932,640,10,32768,1,total_sbf,7,874724,,ok,,315,19719,354,1890,325,25,1935,376,2
whir_t128_capacity_full,transcript_full,raw_fibers,minimal_subtree,round_batch_inversion,128.0,whir_capacity_full,39,25|14,2,5932,640,10,32768,1,verify_sbf,8,862238,,ok,,315,19719,354,1890,325,25,1935,376,2
whir_t128_capacity_full,transcript_full,raw_fibers,minimal_subtree,round_batch_inversion,128.0,whir_capacity_full,39,25|14,2,5932,640,10,32768,1,total_sbf,8,874724,,ok,,315,19719,354,1890,325,25,1935,376,2
whir_t128_capacity_full,transcript_full,raw_fibers,minimal_subtree,round_batch_inversion,128.0,whir_capacity_full,39,25|14,2,5932,640,10,32768,1,verify_sbf,9,862238,,ok,,315,19719,354,1890,325,25,1935,376,2
whir_t128_capacity_full,transcript_full,raw_fibers,minimal_subtree,round_batch_inversion,128.0,whir_capacity_full,39,25|14,2,5932,640,10,32768,1,total_sbf,9,874724,,ok,,315,19719,354,1890,325,25,1935,376,2
whir_t128_capacity_full,transcript_full,raw_fibers,minimal_subtree,round_batch_inversion,128.0,whir_capacity_full,39,25|14,2,5932,640,10,32768,1,phase_final_round,0,49043,,ok,,0,0,0,0,0,0,1935,376,2
whir_t128_capacity_full,transcript_full,raw_fibers,minimal_subtree,round_batch_inversion,128.0,whir_capacity_full,39,25|14,2,5932,640,10,32768,1,phase_folding,0,12462,,ok,,0,0,0,0,0,0,1935,376,2
whir_t128_capacity_full,transcript_full,raw_fibers,minimal_subtree,round_batch_inversion,128.0,whir_capacity_full,39,25|14,2,5932,640,10,32768,1,phase_ood,0,12144,,ok,,0,0,0,0,0,0,1935,376,2
whir_t128_capacity_full,transcript_full,raw_fibers,minimal_subtree,round_batch_inversion,128.0,whir_capacity_full,39,25|14,2,5932,640,10,32768,1,phase_parse,0,1486,,ok,,0,0,0,0,0,0,1935,376,2
whir_t128_capacity_full,transcript_full,raw_fibers,minimal_subtree,round_batch_inversion,128.0,whir_capacity_full,39,25|14,2,5932,640,10,32768,1,phase_per_round_queries,0,770128,,ok,,0,0,0,0,0,0,1935,376,2
whir_t128_capacity_full,transcript_full,raw_fibers,minimal_subtree,round_batch_inversion,128.0,whir_capacity_full,39,25|14,2,5932,640,10,32768,1,phase_transcript_setup,0,19425,,ok,,0,0,0,0,0,0,1935,376,2
whir_t128_capacity_full,transcript_full,raw_fibers,minimal_subtree,round_batch_inversion,128.0,whir_capacity_full,39,25|14,2,5932,640,10,32768,1,phase_final_round,1,49043,,ok,,0,0,0,0,0,0,1935,376,2
whir_t128_capacity_full,transcript_full,raw_fibers,minimal_subtree,round_batch_inversion,128.0,whir_capacity_full,39,25|14,2,5932,640,10,32768,1,phase_folding,1,12462,,ok,,0,0,0,0,0,0,1935,376,2
whir_t128_capacity_full,transcript_full,raw_fibers,minimal_subtree,round_batch_inversion,128.0,whir_capacity_full,39,25|14,2,5932,640,10,32768,1,phase_ood,1,12144,,ok,,0,0,0,0,0,0,1935,376,2
whir_t128_capacity_full,transcript_full,raw_fibers,minimal_subtree,round_batch_inversion,128.0,whir_capacity_full,39,25|14,2,5932,640,10,32768,1,phase_parse,1,1486,,ok,,0,0,0,0,0,0,1935,376,2
whir_t128_capacity_full,transcript_full,raw_fibers,minimal_subtree,round_batch_inversion,128.0,whir_capacity_full,39,25|14,2,5932,640,10,32768,1,phase_per_round_queries,1,770128,,ok,,0,0,0,0,0,0,1935,376,2
whir_t128_capacity_full,transcript_full,raw_fibers,minimal_subtree,round_batch_inversion,128.0,whir_capacity_full,39,25|14,2,5932,640,10,32768,1,phase_transcript_setup,1,19425,,ok,,0,0,0,0,0,0,1935,376,2
whir_t128_capacity_full,transcript_full,raw_fibers,minimal_subtree,round_batch_inversion,128.0,whir_capacity_full,39,25|14,2,5932,640,10,32768,1,phase_final_round,2,49043,,ok,,0,0,0,0,0,0,1935,376,2
whir_t128_capacity_full,transcript_full,raw_fibers,minimal_subtree,round_batch_inversion,128.0,whir_capacity_full,39,25|14,2,5932,640,10,32768,1,phase_folding,2,12462,,ok,,0,0,0,0,0,0,1935,376,2
whir_t128_capacity_full,transcript_full,raw_fibers,minimal_subtree,round_batch_inversion,128.0,whir_capacity_full,39,25|14,2,5932,640,10,32768,1,phase_ood,2,12144,,ok,,0,0,0,0,0,0,1935,376,2
whir_t128_capacity_full,transcript_full,raw_fibers,minimal_subtree,round_batch_inversion,128.0,whir_capacity_full,39,25|14,2,5932,640,10,32768,1,phase_parse,2,1486,,ok,,0,0,0,0,0,0,1935,376,2
whir_t128_capacity_full,transcript_full,raw_fibers,minimal_subtree,round_batch_inversion,128.0,whir_capacity_full,39,25|14,2,5932,640,10,32768,1,phase_per_round_queries,2,770128,,ok,,0,0,0,0,0,0,1935,376,2
whir_t128_capacity_full,transcript_full,raw_fibers,minimal_subtree,round_batch_inversion,128.0,whir_capacity_full,39,25|14,2,5932,640,10,32768,1,phase_transcript_setup,2,19425,,ok,,0,0,0,0,0,0,1935,376,2
whir_t128_capacity_full,transcript_full,raw_fibers,minimal_subtree,round_batch_inversion,128.0,whir_capacity_full,39,25|14,2,5932,640,10,32768,1,phase_final_round,3,49043,,ok,,0,0,0,0,0,0,1935,376,2
whir_t128_capacity_full,transcript_full,raw_fibers,minimal_subtree,round_batch_inversion,128.0,whir_capacity_full,39,25|14,2,5932,640,10,32768,1,phase_folding,3,12462,,ok,,0,0,0,0,0,0,1935,376,2
whir_t128_capacity_full,transcript_full,raw_fibers,minimal_subtree,round_batch_inversion,128.0,whir_capacity_full,39,25|14,2,5932,640,10,32768,1,phase_ood,3,12144,,ok,,0,0,0,0,0,0,1935,376,2
whir_t128_capacity_full,transcript_full,raw_fibers,minimal_subtree,round_batch_inversion,128.0,whir_capacity_full,39,25|14,2,5932,640,10,32768,1,phase_parse,3,1486,,ok,,0,0,0,0,0,0,1935,376,2
whir_t128_capacity_full,transcript_full,raw_fibers,minimal_subtree,round_batch_inversion,128.0,whir_capacity_full,39,25|14,2,5932,640,10,32768,1,phase_per_round_queries,3,770128,,ok,,0,0,0,0,0,0,1935,376,2
whir_t128_capacity_full,transcript_full,raw_fibers,minimal_subtree,round_batch_inversion,128.0,whir_capacity_full,39,25|14,2,5932,640,10,32768,1,phase_transcript_setup,3,19425,,ok,,0,0,0,0,0,0,1935,376,2
whir_t128_capacity_full,transcript_full,raw_fibers,minimal_subtree,round_batch_inversion,128.0,whir_capacity_full,39,25|14,2,5932,640,10,32768,1,phase_final_round,4,49043,,ok,,0,0,0,0,0,0,1935,376,2
whir_t128_capacity_full,transcript_full,raw_fibers,minimal_subtree,round_batch_inversion,128.0,whir_capacity_full,39,25|14,2,5932,640,10,32768,1,phase_folding,4,12462,,ok,,0,0,0,0,0,0,1935,376,2
whir_t128_capacity_full,transcript_full,raw_fibers,minimal_subtree,round_batch_inversion,128.0,whir_capacity_full,39,25|14,2,5932,640,10,32768,1,phase_ood,4,12144,,ok,,0,0,0,0,0,0,1935,376,2
whir_t128_capacity_full,transcript_full,raw_fibers,minimal_subtree,round_batch_inversion,128.0,whir_capacity_full,39,25|14,2,5932,640,10,32768,1,phase_parse,4,1486,,ok,,0,0,0,0,0,0,1935,376,2
whir_t128_capacity_full,transcript_full,raw_fibers,minimal_subtree,round_batch_inversion,128.0,whir_capacity_full,39,25|14,2,5932,640,10,32768,1,phase_per_round_queries,4,770128,,ok,,0,0,0,0,0,0,1935,376,2
whir_t128_capacity_full,transcript_full,raw_fibers,minimal_subtree,round_batch_inversion,128.0,whir_capacity_full,39,25|14,2,5932,640,10,32768,1,phase_transcript_setup,4,19425,,ok,,0,0,0,0,0,0,1935,376,2
whir_t128_capacity_full,transcript_full,raw_fibers,minimal_subtree,round_batch_inversion,128.0,whir_capacity_full,39,25|14,2,5932,640,10,32768,1,phase_final_round,5,49043,,ok,,0,0,0,0,0,0,1935,376,2
whir_t128_capacity_full,transcript_full,raw_fibers,minimal_subtree,round_batch_inversion,128.0,whir_capacity_full,39,25|14,2,5932,640,10,32768,1,phase_folding,5,12462,,ok,,0,0,0,0,0,0,1935,376,2
whir_t128_capacity_full,transcript_full,raw_fibers,minimal_subtree,round_batch_inversion,128.0,whir_capacity_full,39,25|14,2,5932,640,10,32768,1,phase_ood,5,12144,,ok,,0,0,0,0,0,0,1935,376,2
whir_t128_capacity_full,transcript_full,raw_fibers,minimal_subtree,round_batch_inversion,128.0,whir_capacity_full,39,25|14,2,5932,640,10,32768,1,phase_parse,5,1486,,ok,,0,0,0,0,0,0,1935,376,2
whir_t128_capacity_full,transcript_full,raw_fibers,minimal_subtree,round_batch_inversion,128.0,whir_capacity_full,39,25|14,2,5932,640,10,32768,1,phase_per_round_queries,5,770128,,ok,,0,0,0,0,0,0,1935,376,2
whir_t128_capacity_full,transcript_full,raw_fibers,minimal_subtree,round_batch_inversion,128.0,whir_capacity_full,39,25|14,2,5932,640,10,32768,1,phase_transcript_setup,5,19425,,ok,,0,0,0,0,0,0,1935,376,2
whir_t128_capacity_full,transcript_full,raw_fibers,minimal_subtree,round_batch_inversion,128.0,whir_capacity_full,39,25|14,2,5932,640,10,32768,1,phase_final_round,6,49043,,ok,,0,0,0,0,0,0,1935,376,2
whir_t128_capacity_full,transcript_full,raw_fibers,minimal_subtree,round_batch_inversion,128.0,whir_capacity_full,39,25|14,2,5932,640,10,32768,1,phase_folding,6,12462,,ok,,0,0,0,0,0,0,1935,376,2
whir_t128_capacity_full,transcript_full,raw_fibers,minimal_subtree,round_batch_inversion,128.0,whir_capacity_full,39,25|14,2,5932,640,10,32768,1,phase_ood,6,12144,,ok,,0,0,0,0,0,0,1935,376,2
whir_t128_capacity_full,transcript_full,raw_fibers,minimal_subtree,round_batch_inversion,128.0,whir_capacity_full,39,25|14,2,5932,640,10,32768,1,phase_parse,6,1486,,ok,,0,0,0,0,0,0,1935,376,2
whir_t128_capacity_full,transcript_full,raw_fibers,minimal_subtree,round_batch_inversion,128.0,whir_capacity_full,39,25|14,2,5932,640,10,32768,1,phase_per_round_queries,6,770128,,ok,,0,0,0,0,0,0,1935,376,2
whir_t128_capacity_full,transcript_full,raw_fibers,minimal_subtree,round_batch_inversion,128.0,whir_capacity_full,39,25|14,2,5932,640,10,32768,1,phase_transcript_setup,6,19425,,ok,,0,0,0,0,0,0,1935,376,2
whir_t128_capacity_full,transcript_full,raw_fibers,minimal_subtree,round_batch_inversion,128.0,whir_capacity_full,39,25|14,2,5932,640,10,32768,1,phase_final_round,7,49043,,ok,,0,0,0,0,0,0,1935,376,2
whir_t128_capacity_full,transcript_full,raw_fibers,minimal_subtree,round_batch_inversion,128.0,whir_capacity_full,39,25|14,2,5932,640,10,32768,1,phase_folding,7,12462,,ok,,0,0,0,0,0,0,1935,376,2
whir_t128_capacity_full,transcript_full,raw_fibers,minimal_subtree,round_batch_inversion,128.0,whir_capacity_full,39,25|14,2,5932,640,10,32768,1,phase_ood,7,12144,,ok,,0,0,0,0,0,0,1935,376,2
whir_t128_capacity_full,transcript_full,raw_fibers,minimal_subtree,round_batch_inversion,128.0,whir_capacity_full,39,25|14,2,5932,640,10,32768,1,phase_parse,7,1486,,ok,,0,0,0,0,0,0,1935,376,2
whir_t128_capacity_full,transcript_full,raw_fibers,minimal_subtree,round_batch_inversion,128.0,whir_capacity_full,39,25|14,2,5932,640,10,32768,1,phase_per_round_queries,7,770128,,ok,,0,0,0,0,0,0,1935,376,2
whir_t128_capacity_full,transcript_full,raw_fibers,minimal_subtree,round_batch_inversion,128.0,whir_capacity_full,39,25|14,2,5932,640,10,32768,1,phase_transcript_setup,7,19425,,ok,,0,0,0,0,0,0,1935,376,2
whir_t128_capacity_full,transcript_full,raw_fibers,minimal_subtree,round_batch_inversion,128.0,whir_capacity_full,39,25|14,2,5932,640,10,32768,1,phase_final_round,8,49043,,ok,,0,0,0,0,0,0,1935,376,2
whir_t128_capacity_full,transcript_full,raw_fibers,minimal_subtree,round_batch_inversion,128.0,whir_capacity_full,39,25|14,2,5932,640,10,32768,1,phase_folding,8,12462,,ok,,0,0,0,0,0,0,1935,376,2
whir_t128_capacity_full,transcript_full,raw_fibers,minimal_subtree,round_batch_inversion,128.0,whir_capacity_full,39,25|14,2,5932,640,10,32768,1,phase_ood,8,12144,,ok,,0,0,0,0,0,0,1935,376,2
whir_t128_capacity_full,transcript_full,raw_fibers,minimal_subtree,round_batch_inversion,128.0,whir_capacity_full,39,25|14,2,5932,640,10,32768,1,phase_parse,8,1486,,ok,,0,0,0,0,0,0,1935,376,2
whir_t128_capacity_full,transcript_full,raw_fibers,minimal_subtree,round_batch_inversion,128.0,whir_capacity_full,39,25|14,2,5932,640,10,32768,1,phase_per_round_queries,8,770128,,ok,,0,0,0,0,0,0,1935,376,2
whir_t128_capacity_full,transcript_full,raw_fibers,minimal_subtree,round_batch_inversion,128.0,whir_capacity_full,39,25|14,2,5932,640,10,32768,1,phase_transcript_setup,8,19425,,ok,,0,0,0,0,0,0,1935,376,2
whir_t128_capacity_full,transcript_full,raw_fibers,minimal_subtree,round_batch_inversion,128.0,whir_capacity_full,39,25|14,2,5932,640,10,32768,1,phase_final_round,9,49043,,ok,,0,0,0,0,0,0,1935,376,2
whir_t128_capacity_full,transcript_full,raw_fibers,minimal_subtree,round_batch_inversion,128.0,whir_capacity_full,39,25|14,2,5932,640,10,32768,1,phase_folding,9,12462,,ok,,0,0,0,0,0,0,1935,376,2
whir_t128_capacity_full,transcript_full,raw_fibers,minimal_subtree,round_batch_inversion,128.0,whir_capacity_full,39,25|14,2,5932,640,10,32768,1,phase_ood,9,12144,,ok,,0,0,0,0,0,0,1935,376,2
whir_t128_capacity_full,transcript_full,raw_fibers,minimal_subtree,round_batch_inversion,128.0,whir_capacity_full,39,25|14,2,5932,640,10,32768,1,phase_parse,9,1486,,ok,,0,0,0,0,0,0,1935,376,2
whir_t128_capacity_full,transcript_full,raw_fibers,minimal_subtree,round_batch_inversion,128.0,whir_capacity_full,39,25|14,2,5932,640,10,32768,1,phase_per_round_queries,9,770128,,ok,,0,0,0,0,0,0,1935,376,2
whir_t128_capacity_full,transcript_full,raw_fibers,minimal_subtree,round_batch_inversion,128.0,whir_capacity_full,39,25|14,2,5932,640,10,32768,1,phase_transcript_setup,9,19425,,ok,,0,0,0,0,0,0,1935,376,2
whir_t128_capacity_full,transcript_full,local_interpolant,minimal_subtree,per_query_inversion,128.0,whir_capacity_full,39,25|14,2,5932,640,10,32768,1,host_verify,0,,9827167,ok,,315,19719,354,3301,250,25,4114,325,50
whir_t128_capacity_full,transcript_full,local_interpolant,minimal_subtree,per_query_inversion,128.0,whir_capacity_full,39,25|14,2,5932,640,10,0,0,upload_total,0,12486,,ok,,0,0,0,0,0,0,4114,325,50
whir_t128_capacity_full,transcript_full,local_interpolant,minimal_subtree,per_query_inversion,128.0,whir_capacity_full,39,25|14,2,5932,640,10,32768,1,verify_sbf,0,921092,,ok,,315,19719,354,3301,250,25,4114,325,50
whir_t128_capacity_full,transcript_full,local_interpolant,minimal_subtree,per_query_inversion,128.0,whir_capacity_full,39,25|14,2,5932,640,10,32768,1,total_sbf,0,933578,,ok,,315,19719,354,3301,250,25,4114,325,50
whir_t128_capacity_full,transcript_full,local_interpolant,minimal_subtree,per_query_inversion,128.0,whir_capacity_full,39,25|14,2,5932,640,10,32768,1,verify_sbf,1,921092,,ok,,315,19719,354,3301,250,25,4114,325,50
whir_t128_capacity_full,transcript_full,local_interpolant,minimal_subtree,per_query_inversion,128.0,whir_capacity_full,39,25|14,2,5932,640,10,32768,1,total_sbf,1,933578,,ok,,315,19719,354,3301,250,25,4114,325,50
whir_t128_capacity_full,transcript_full,local_interpolant,minimal_subtree,per_query_inversion,128.0,whir_capacity_full,39,25|14,2,5932,640,10,32768,1,verify_sbf,2,921092,,ok,,315,19719,354,3301,250,25,4114,325,50
whir_t128_capacity_full,transcript_full,local_interpolant,minimal_subtree,per_query_inversion,128.0,whir_capacity_full,39,25|14,2,5932,640,10,32768,1,total_sbf,2,933578,,ok,,315,19719,354,3301,250,25,4114,325,50
whir_t128_capacity_full,transcript_full,local_interpolant,minimal_subtree,per_query_inversion,128.0,whir_capacity_full,39,25|14,2,5932,640,10,32768,1,verify_sbf,3,921092,,ok,,315,19719,354,3301,250,25,4114,325,50
whir_t128_capacity_full,transcript_full,local_interpolant,minimal_subtree,per_query_inversion,128.0,whir_capacity_full,39,25|14,2,5932,640,10,32768,1,total_sbf,3,933578,,ok,,315,19719,354,3301,250,25,4114,325,50
whir_t128_capacity_full,transcript_full,local_interpolant,minimal_subtree,per_query_inversion,128.0,whir_capacity_full,39,25|14,2,5932,640,10,32768,1,verify_sbf,4,921092,,ok,,315,19719,354,3301,250,25,4114,325,50
whir_t128_capacity_full,transcript_full,local_interpolant,minimal_subtree,per_query_inversion,128.0,whir_capacity_full,39,25|14,2,5932,640,10,32768,1,total_sbf,4,933578,,ok,,315,19719,354,3301,250,25,4114,325,50
whir_t128_capacity_full,transcript_full,local_interpolant,minimal_subtree,per_query_inversion,128.0,whir_capacity_full,39,25|14,2,5932,640,10,32768,1,verify_sbf,5,921092,,ok,,315,19719,354,3301,250,25,4114,325,50
whir_t128_capacity_full,transcript_full,local_interpolant,minimal_subtree,per_query_inversion,128.0,whir_capacity_full,39,25|14,2,5932,640,10,32768,1,total_sbf,5,933578,,ok,,315,19719,354,3301,250,25,4114,325,50
whir_t128_capacity_full,transcript_full,local_interpolant,minimal_subtree,per_query_inversion,128.0,whir_capacity_full,39,25|14,2,5932,640,10,32768,1,verify_sbf,6,921092,,ok,,315,19719,354,3301,250,25,4114,325,50
whir_t128_capacity_full,transcript_full,local_interpolant,minimal_subtree,per_query_inversion,128.0,whir_capacity_full,39,25|14,2,5932,640,10,32768,1,total_sbf,6,933578,,ok,,315,19719,354,3301,250,25,4114,325,50
whir_t128_capacity_full,transcript_full,local_interpolant,minimal_subtree,per_query_inversion,128.0,whir_capacity_full,39,25|14,2,5932,640,10,32768,1,verify_sbf,7,921092,,ok,,315,19719,354,3301,250,25,4114,325,50
whir_t128_capacity_full,transcript_full,local_interpolant,minimal_subtree,per_query_inversion,128.0,whir_capacity_full,39,25|14,2,5932,640,10,32768,1,total_sbf,7,933578,,ok,,315,19719,354,3301,250,25,4114,325,50
whir_t128_capacity_full,transcript_full,local_interpolant,minimal_subtree,per_query_inversion,128.0,whir_capacity_full,39,25|14,2,5932,640,10,32768,1,verify_sbf,8,921092,,ok,,315,19719,354,3301,250,25,4114,325,50
whir_t128_capacity_full,transcript_full,local_interpolant,minimal_subtree,per_query_inversion,128.0,whir_capacity_full,39,25|14,2,5932,640,10,32768,1,total_sbf,8,933578,,ok,,315,19719,354,3301,250,25,4114,325,50
whir_t128_capacity_full,transcript_full,local_interpolant,minimal_subtree,per_query_inversion,128.0,whir_capacity_full,39,25|14,2,5932,640,10,32768,1,verify_sbf,9,921092,,ok,,315,19719,354,3301,250,25,4114,325,50
whir_t128_capacity_full,transcript_full,local_interpolant,minimal_subtree,per_query_inversion,128.0,whir_capacity_full,39,25|14,2,5932,640,10,32768,1,total_sbf,9,933578,,ok,,315,19719,354,3301,250,25,4114,325,50
whir_t128_capacity_full,transcript_full,local_interpolant,minimal_subtree,per_query_inversion,128.0,whir_capacity_full,39,25|14,2,5932,640,10,32768,1,phase_final_round,0,49044,,ok,,0,0,0,0,0,0,4114,325,50
whir_t128_capacity_full,transcript_full,local_interpolant,minimal_subtree,per_query_inversion,128.0,whir_capacity_full,39,25|14,2,5932,640,10,32768,1,phase_folding,0,12467,,ok,,0,0,0,0,0,0,4114,325,50
whir_t128_capacity_full,transcript_full,local_interpolant,minimal_subtree,per_query_inversion,128.0,whir_capacity_full,39,25|14,2,5932,640,10,32768,1,phase_ood,0,12144,,ok,,0,0,0,0,0,0,4114,325,50
whir_t128_capacity_full,transcript_full,local_interpolant,minimal_subtree,per_query_inversion,128.0,whir_capacity_full,39,25|14,2,5932,640,10,32768,1,phase_parse,0,1488,,ok,,0,0,0,0,0,0,4114,325,50
whir_t128_capacity_full,transcript_full,local_interpolant,minimal_subtree,per_query_inversion,128.0,whir_capacity_full,39,25|14,2,5932,640,10,32768,1,phase_per_round_queries,0,828972,,ok,,0,0,0,0,0,0,4114,325,50
whir_t128_capacity_full,transcript_full,local_interpolant,minimal_subtree,per_query_inversion,128.0,whir_capacity_full,39,25|14,2,5932,640,10,32768,1,phase_transcript_setup,0,19425,,ok,,0,0,0,0,0,0,4114,325,50
whir_t128_capacity_full,transcript_full,local_interpolant,minimal_subtree,per_query_inversion,128.0,whir_capacity_full,39,25|14,2,5932,640,10,32768,1,phase_final_round,1,49044,,ok,,0,0,0,0,0,0,4114,325,50
whir_t128_capacity_full,transcript_full,local_interpolant,minimal_subtree,per_query_inversion,128.0,whir_capacity_full,39,25|14,2,5932,640,10,32768,1,phase_folding,1,12467,,ok,,0,0,0,0,0,0,4114,325,50
whir_t128_capacity_full,transcript_full,local_interpolant,minimal_subtree,per_query_inversion,128.0,whir_capacity_full,39,25|14,2,5932,640,10,32768,1,phase_ood,1,12144,,ok,,0,0,0,0,0,0,4114,325,50
whir_t128_capacity_full,transcript_full,local_interpolant,minimal_subtree,per_query_inversion,128.0,whir_capacity_full,39,25|14,2,5932,640,10,32768,1,phase_parse,1,1488,,ok,,0,0,0,0,0,0,4114,325,50
whir_t128_capacity_full,transcript_full,local_interpolant,minimal_subtree,per_query_inversion,128.0,whir_capacity_full,39,25|14,2,5932,640,10,32768,1,phase_per_round_queries,1,828972,,ok,,0,0,0,0,0,0,4114,325,50
whir_t128_capacity_full,transcript_full,local_interpolant,minimal_subtree,per_query_inversion,128.0,whir_capacity_full,39,25|14,2,5932,640,10,32768,1,phase_transcript_setup,1,19425,,ok,,0,0,0,0,0,0,4114,325,50
whir_t128_capacity_full,transcript_full,local_interpolant,minimal_subtree,per_query_inversion,128.0,whir_capacity_full,39,25|14,2,5932,640,10,32768,1,phase_final_round,2,49044,,ok,,0,0,0,0,0,0,4114,325,50
whir_t128_capacity_full,transcript_full,local_interpolant,minimal_subtree,per_query_inversion,128.0,whir_capacity_full,39,25|14,2,5932,640,10,32768,1,phase_folding,2,12467,,ok,,0,0,0,0,0,0,4114,325,50
whir_t128_capacity_full,transcript_full,local_interpolant,minimal_subtree,per_query_inversion,128.0,whir_capacity_full,39,25|14,2,5932,640,10,32768,1,phase_ood,2,12144,,ok,,0,0,0,0,0,0,4114,325,50
whir_t128_capacity_full,transcript_full,local_interpolant,minimal_subtree,per_query_inversion,128.0,whir_capacity_full,39,25|14,2,5932,640,10,32768,1,phase_parse,2,1488,,ok,,0,0,0,0,0,0,4114,325,50
whir_t128_capacity_full,transcript_full,local_interpolant,minimal_subtree,per_query_inversion,128.0,whir_capacity_full,39,25|14,2,5932,640,10,32768,1,phase_per_round_queries,2,828972,,ok,,0,0,0,0,0,0,4114,325,50
whir_t128_capacity_full,transcript_full,local_interpolant,minimal_subtree,per_query_inversion,128.0,whir_capacity_full,39,25|14,2,5932,640,10,32768,1,phase_transcript_setup,2,19425,,ok,,0,0,0,0,0,0,4114,325,50
whir_t128_capacity_full,transcript_full,local_interpolant,minimal_subtree,per_query_inversion,128.0,whir_capacity_full,39,25|14,2,5932,640,10,32768,1,phase_final_round,3,49044,,ok,,0,0,0,0,0,0,4114,325,50
whir_t128_capacity_full,transcript_full,local_interpolant,minimal_subtree,per_query_inversion,128.0,whir_capacity_full,39,25|14,2,5932,640,10,32768,1,phase_folding,3,12467,,ok,,0,0,0,0,0,0,4114,325,50
whir_t128_capacity_full,transcript_full,local_interpolant,minimal_subtree,per_query_inversion,128.0,whir_capacity_full,39,25|14,2,5932,640,10,32768,1,phase_ood,3,12144,,ok,,0,0,0,0,0,0,4114,325,50
whir_t128_capacity_full,transcript_full,local_interpolant,minimal_subtree,per_query_inversion,128.0,whir_capacity_full,39,25|14,2,5932,640,10,32768,1,phase_parse,3,1488,,ok,,0,0,0,0,0,0,4114,325,50
whir_t128_capacity_full,transcript_full,local_interpolant,minimal_subtree,per_query_inversion,128.0,whir_capacity_full,39,25|14,2,5932,640,10,32768,1,phase_per_round_queries,3,828972,,ok,,0,0,0,0,0,0,4114,325,50
whir_t128_capacity_full,transcript_full,local_interpolant,minimal_subtree,per_query_inversion,128.0,whir_capacity_full,39,25|14,2,5932,640,10,32768,1,phase_transcript_setup,3,19425,,ok,,0,0,0,0,0,0,4114,325,50
whir_t128_capacity_full,transcript_full,local_interpolant,minimal_subtree,per_query_inversion,128.0,whir_capacity_full,39,25|14,2,5932,640,10,32768,1,phase_final_round,4,49044,,ok,,0,0,0,0,0,0,4114,325,50
whir_t128_capacity_full,transcript_full,local_interpolant,minimal_subtree,per_query_inversion,128.0,whir_capacity_full,39,25|14,2,5932,640,10,32768,1,phase_folding,4,12467,,ok,,0,0,0,0,0,0,4114,325,50
whir_t128_capacity_full,transcript_full,local_interpolant,minimal_subtree,per_query_inversion,128.0,whir_capacity_full,39,25|14,2,5932,640,10,32768,1,phase_ood,4,12144,,ok,,0,0,0,0,0,0,4114,325,50
whir_t128_capacity_full,transcript_full,local_interpolant,minimal_subtree,per_query_inversion,128.0,whir_capacity_full,39,25|14,2,5932,640,10,32768,1,phase_parse,4,1488,,ok,,0,0,0,0,0,0,4114,325,50
whir_t128_capacity_full,transcript_full,local_interpolant,minimal_subtree,per_query_inversion,128.0,whir_capacity_full,39,25|14,2,5932,640,10,32768,1,phase_per_round_queries,4,828972,,ok,,0,0,0,0,0,0,4114,325,50
whir_t128_capacity_full,transcript_full,local_interpolant,minimal_subtree,per_query_inversion,128.0,whir_capacity_full,39,25|14,2,5932,640,10,32768,1,phase_transcript_setup,4,19425,,ok,,0,0,0,0,0,0,4114,325,50
whir_t128_capacity_full,transcript_full,local_interpolant,minimal_subtree,per_query_inversion,128.0,whir_capacity_full,39,25|14,2,5932,640,10,32768,1,phase_final_round,5,49044,,ok,,0,0,0,0,0,0,4114,325,50
whir_t128_capacity_full,transcript_full,local_interpolant,minimal_subtree,per_query_inversion,128.0,whir_capacity_full,39,25|14,2,5932,640,10,32768,1,phase_folding,5,12467,,ok,,0,0,0,0,0,0,4114,325,50
whir_t128_capacity_full,transcript_full,local_interpolant,minimal_subtree,per_query_inversion,128.0,whir_capacity_full,39,25|14,2,5932,640,10,32768,1,phase_ood,5,12144,,ok,,0,0,0,0,0,0,4114,325,50
whir_t128_capacity_full,transcript_full,local_interpolant,minimal_subtree,per_query_inversion,128.0,whir_capacity_full,39,25|14,2,5932,640,10,32768,1,phase_parse,5,1488,,ok,,0,0,0,0,0,0,4114,325,50
whir_t128_capacity_full,transcript_full,local_interpolant,minimal_subtree,per_query_inversion,128.0,whir_capacity_full,39,25|14,2,5932,640,10,32768,1,phase_per_round_queries,5,828972,,ok,,0,0,0,0,0,0,4114,325,50
whir_t128_capacity_full,transcript_full,local_interpolant,minimal_subtree,per_query_inversion,128.0,whir_capacity_full,39,25|14,2,5932,640,10,32768,1,phase_transcript_setup,5,19425,,ok,,0,0,0,0,0,0,4114,325,50
whir_t128_capacity_full,transcript_full,local_interpolant,minimal_subtree,per_query_inversion,128.0,whir_capacity_full,39,25|14,2,5932,640,10,32768,1,phase_final_round,6,49044,,ok,,0,0,0,0,0,0,4114,325,50
whir_t128_capacity_full,transcript_full,local_interpolant,minimal_subtree,per_query_inversion,128.0,whir_capacity_full,39,25|14,2,5932,640,10,32768,1,phase_folding,6,12467,,ok,,0,0,0,0,0,0,4114,325,50
whir_t128_capacity_full,transcript_full,local_interpolant,minimal_subtree,per_query_inversion,128.0,whir_capacity_full,39,25|14,2,5932,640,10,32768,1,phase_ood,6,12144,,ok,,0,0,0,0,0,0,4114,325,50
whir_t128_capacity_full,transcript_full,local_interpolant,minimal_subtree,per_query_inversion,128.0,whir_capacity_full,39,25|14,2,5932,640,10,32768,1,phase_parse,6,1488,,ok,,0,0,0,0,0,0,4114,325,50
whir_t128_capacity_full,transcript_full,local_interpolant,minimal_subtree,per_query_inversion,128.0,whir_capacity_full,39,25|14,2,5932,640,10,32768,1,phase_per_round_queries,6,828972,,ok,,0,0,0,0,0,0,4114,325,50
whir_t128_capacity_full,transcript_full,local_interpolant,minimal_subtree,per_query_inversion,128.0,whir_capacity_full,39,25|14,2,5932,640,10,32768,1,phase_transcript_setup,6,19425,,ok,,0,0,0,0,0,0,4114,325,50
whir_t128_capacity_full,transcript_full,local_interpolant,minimal_subtree,per_query_inversion,128.0,whir_capacity_full,39,25|14,2,5932,640,10,32768,1,phase_final_round,7,49044,,ok,,0,0,0,0,0,0,4114,325,50
whir_t128_capacity_full,transcript_full,local_interpolant,minimal_subtree,per_query_inversion,128.0,whir_capacity_full,39,25|14,2,5932,640,10,32768,1,phase_folding,7,12467,,ok,,0,0,0,0,0,0,4114,325,50
whir_t128_capacity_full,transcript_full,local_interpolant,minimal_subtree,per_query_inversion,128.0,whir_capacity_full,39,25|14,2,5932,640,10,32768,1,phase_ood,7,12144,,ok,,0,0,0,0,0,0,4114,325,50
whir_t128_capacity_full,transcript_full,local_interpolant,minimal_subtree,per_query_inversion,128.0,whir_capacity_full,39,25|14,2,5932,640,10,32768,1,phase_parse,7,1488,,ok,,0,0,0,0,0,0,4114,325,50
whir_t128_capacity_full,transcript_full,local_interpolant,minimal_subtree,per_query_inversion,128.0,whir_capacity_full,39,25|14,2,5932,640,10,32768,1,phase_per_round_queries,7,828972,,ok,,0,0,0,0,0,0,4114,325,50
whir_t128_capacity_full,transcript_full,local_interpolant,minimal_subtree,per_query_inversion,128.0,whir_capacity_full,39,25|14,2,5932,640,10,32768,1,phase_transcript_setup,7,19425,,ok,,0,0,0,0,0,0,4114,325,50
whir_t128_capacity_full,transcript_full,local_interpolant,minimal_subtree,per_query_inversion,128.0,whir_capacity_full,39,25|14,2,5932,640,10,32768,1,phase_final_round,8,49044,,ok,,0,0,0,0,0,0,4114,325,50
whir_t128_capacity_full,transcript_full,local_interpolant,minimal_subtree,per_query_inversion,128.0,whir_capacity_full,39,25|14,2,5932,640,10,32768,1,phase_folding,8,12467,,ok,,0,0,0,0,0,0,4114,325,50
whir_t128_capacity_full,transcript_full,local_interpolant,minimal_subtree,per_query_inversion,128.0,whir_capacity_full,39,25|14,2,5932,640,10,32768,1,phase_ood,8,12144,,ok,,0,0,0,0,0,0,4114,325,50
whir_t128_capacity_full,transcript_full,local_interpolant,minimal_subtree,per_query_inversion,128.0,whir_capacity_full,39,25|14,2,5932,640,10,32768,1,phase_parse,8,1488,,ok,,0,0,0,0,0,0,4114,325,50
whir_t128_capacity_full,transcript_full,local_interpolant,minimal_subtree,per_query_inversion,128.0,whir_capacity_full,39,25|14,2,5932,640,10,32768,1,phase_per_round_queries,8,828972,,ok,,0,0,0,0,0,0,4114,325,50
whir_t128_capacity_full,transcript_full,local_interpolant,minimal_subtree,per_query_inversion,128.0,whir_capacity_full,39,25|14,2,5932,640,10,32768,1,phase_transcript_setup,8,19425,,ok,,0,0,0,0,0,0,4114,325,50
whir_t128_capacity_full,transcript_full,local_interpolant,minimal_subtree,per_query_inversion,128.0,whir_capacity_full,39,25|14,2,5932,640,10,32768,1,phase_final_round,9,49044,,ok,,0,0,0,0,0,0,4114,325,50
whir_t128_capacity_full,transcript_full,local_interpolant,minimal_subtree,per_query_inversion,128.0,whir_capacity_full,39,25|14,2,5932,640,10,32768,1,phase_folding,9,12467,,ok,,0,0,0,0,0,0,4114,325,50
whir_t128_capacity_full,transcript_full,local_interpolant,minimal_subtree,per_query_inversion,128.0,whir_capacity_full,39,25|14,2,5932,640,10,32768,1,phase_ood,9,12144,,ok,,0,0,0,0,0,0,4114,325,50
whir_t128_capacity_full,transcript_full,local_interpolant,minimal_subtree,per_query_inversion,128.0,whir_capacity_full,39,25|14,2,5932,640,10,32768,1,phase_parse,9,1488,,ok,,0,0,0,0,0,0,4114,325,50
whir_t128_capacity_full,transcript_full,local_interpolant,minimal_subtree,per_query_inversion,128.0,whir_capacity_full,39,25|14,2,5932,640,10,32768,1,phase_per_round_queries,9,828972,,ok,,0,0,0,0,0,0,4114,325,50
whir_t128_capacity_full,transcript_full,local_interpolant,minimal_subtree,per_query_inversion,128.0,whir_capacity_full,39,25|14,2,5932,640,10,32768,1,phase_transcript_setup,9,19425,,ok,,0,0,0,0,0,0,4114,325,50
whir_t128_capacity_full,transcript_full,local_interpolant,minimal_subtree,round_batch_inversion,128.0,whir_capacity_full,39,25|14,2,5932,640,10,32768,1,host_verify,0,,6424250,ok,,315,19719,354,1990,325,25,2035,376,2
whir_t128_capacity_full,transcript_full,local_interpolant,minimal_subtree,round_batch_inversion,128.0,whir_capacity_full,39,25|14,2,5932,640,10,0,0,upload_total,0,12486,,ok,,0,0,0,0,0,0,2035,376,2
whir_t128_capacity_full,transcript_full,local_interpolant,minimal_subtree,round_batch_inversion,128.0,whir_capacity_full,39,25|14,2,5932,640,10,32768,1,verify_sbf,0,867443,,ok,,315,19719,354,1990,325,25,2035,376,2
whir_t128_capacity_full,transcript_full,local_interpolant,minimal_subtree,round_batch_inversion,128.0,whir_capacity_full,39,25|14,2,5932,640,10,32768,1,total_sbf,0,879929,,ok,,315,19719,354,1990,325,25,2035,376,2
whir_t128_capacity_full,transcript_full,local_interpolant,minimal_subtree,round_batch_inversion,128.0,whir_capacity_full,39,25|14,2,5932,640,10,32768,1,verify_sbf,1,867443,,ok,,315,19719,354,1990,325,25,2035,376,2
whir_t128_capacity_full,transcript_full,local_interpolant,minimal_subtree,round_batch_inversion,128.0,whir_capacity_full,39,25|14,2,5932,640,10,32768,1,total_sbf,1,879929,,ok,,315,19719,354,1990,325,25,2035,376,2
whir_t128_capacity_full,transcript_full,local_interpolant,minimal_subtree,round_batch_inversion,128.0,whir_capacity_full,39,25|14,2,5932,640,10,32768,1,verify_sbf,2,867443,,ok,,315,19719,354,1990,325,25,2035,376,2
whir_t128_capacity_full,transcript_full,local_interpolant,minimal_subtree,round_batch_inversion,128.0,whir_capacity_full,39,25|14,2,5932,640,10,32768,1,total_sbf,2,879929,,ok,,315,19719,354,1990,325,25,2035,376,2
whir_t128_capacity_full,transcript_full,local_interpolant,minimal_subtree,round_batch_inversion,128.0,whir_capacity_full,39,25|14,2,5932,640,10,32768,1,verify_sbf,3,867443,,ok,,315,19719,354,1990,325,25,2035,376,2
whir_t128_capacity_full,transcript_full,local_interpolant,minimal_subtree,round_batch_inversion,128.0,whir_capacity_full,39,25|14,2,5932,640,10,32768,1,total_sbf,3,879929,,ok,,315,19719,354,1990,325,25,2035,376,2
whir_t128_capacity_full,transcript_full,local_interpolant,minimal_subtree,round_batch_inversion,128.0,whir_capacity_full,39,25|14,2,5932,640,10,32768,1,verify_sbf,4,867443,,ok,,315,19719,354,1990,325,25,2035,376,2
whir_t128_capacity_full,transcript_full,local_interpolant,minimal_subtree,round_batch_inversion,128.0,whir_capacity_full,39,25|14,2,5932,640,10,32768,1,total_sbf,4,879929,,ok,,315,19719,354,1990,325,25,2035,376,2
whir_t128_capacity_full,transcript_full,local_interpolant,minimal_subtree,round_batch_inversion,128.0,whir_capacity_full,39,25|14,2,5932,640,10,32768,1,verify_sbf,5,867443,,ok,,315,19719,354,1990,325,25,2035,376,2
whir_t128_capacity_full,transcript_full,local_interpolant,minimal_subtree,round_batch_inversion,128.0,whir_capacity_full,39,25|14,2,5932,640,10,32768,1,total_sbf,5,879929,,ok,,315,19719,354,1990,325,25,2035,376,2
whir_t128_capacity_full,transcript_full,local_interpolant,minimal_subtree,round_batch_inversion,128.0,whir_capacity_full,39,25|14,2,5932,640,10,32768,1,verify_sbf,6,867443,,ok,,315,19719,354,1990,325,25,2035,376,2
whir_t128_capacity_full,transcript_full,local_interpolant,minimal_subtree,round_batch_inversion,128.0,whir_capacity_full,39,25|14,2,5932,640,10,32768,1,total_sbf,6,879929,,ok,,315,19719,354,1990,325,25,2035,376,2
whir_t128_capacity_full,transcript_full,local_interpolant,minimal_subtree,round_batch_inversion,128.0,whir_capacity_full,39,25|14,2,5932,640,10,32768,1,verify_sbf,7,867443,,ok,,315,19719,354,1990,325,25,2035,376,2
whir_t128_capacity_full,transcript_full,local_interpolant,minimal_subtree,round_batch_inversion,128.0,whir_capacity_full,39,25|14,2,5932,640,10,32768,1,total_sbf,7,879929,,ok,,315,19719,354,1990,325,25,2035,376,2
whir_t128_capacity_full,transcript_full,local_interpolant,minimal_subtree,round_batch_inversion,128.0,whir_capacity_full,39,25|14,2,5932,640,10,32768,1,verify_sbf,8,867443,,ok,,315,19719,354,1990,325,25,2035,376,2
whir_t128_capacity_full,transcript_full,local_interpolant,minimal_subtree,round_batch_inversion,128.0,whir_capacity_full,39,25|14,2,5932,640,10,32768,1,total_sbf,8,879929,,ok,,315,19719,354,1990,325,25,2035,376,2
whir_t128_capacity_full,transcript_full,local_interpolant,minimal_subtree,round_batch_inversion,128.0,whir_capacity_full,39,25|14,2,5932,640,10,32768,1,verify_sbf,9,867443,,ok,,315,19719,354,1990,325,25,2035,376,2
whir_t128_capacity_full,transcript_full,local_interpolant,minimal_subtree,round_batch_inversion,128.0,whir_capacity_full,39,25|14,2,5932,640,10,32768,1,total_sbf,9,879929,,ok,,315,19719,354,1990,325,25,2035,376,2
whir_t128_capacity_full,transcript_full,local_interpolant,minimal_subtree,round_batch_inversion,128.0,whir_capacity_full,39,25|14,2,5932,640,10,32768,1,phase_final_round,0,49044,,ok,,0,0,0,0,0,0,2035,376,2
whir_t128_capacity_full,transcript_full,local_interpolant,minimal_subtree,round_batch_inversion,128.0,whir_capacity_full,39,25|14,2,5932,640,10,32768,1,phase_folding,0,12467,,ok,,0,0,0,0,0,0,2035,376,2
whir_t128_capacity_full,transcript_full,local_interpolant,minimal_subtree,round_batch_inversion,128.0,whir_capacity_full,39,25|14,2,5932,640,10,32768,1,phase_ood,0,12144,,ok,,0,0,0,0,0,0,2035,376,2
whir_t128_capacity_full,transcript_full,local_interpolant,minimal_subtree,round_batch_inversion,128.0,whir_capacity_full,39,25|14,2,5932,640,10,32768,1,phase_parse,0,1488,,ok,,0,0,0,0,0,0,2035,376,2
whir_t128_capacity_full,transcript_full,local_interpolant,minimal_subtree,round_batch_inversion,128.0,whir_capacity_full,39,25|14,2,5932,640,10,32768,1,phase_per_round_queries,0,775323,,ok,,0,0,0,0,0,0,2035,376,2
whir_t128_capacity_full,transcript_full,local_interpolant,minimal_subtree,round_batch_inversion,128.0,whir_capacity_full,39,25|14,2,5932,640,10,32768,1,phase_transcript_setup,0,19425,,ok,,0,0,0,0,0,0,2035,376,2
whir_t128_capacity_full,transcript_full,local_interpolant,minimal_subtree,round_batch_inversion,128.0,whir_capacity_full,39,25|14,2,5932,640,10,32768,1,phase_final_round,1,49044,,ok,,0,0,0,0,0,0,2035,376,2
whir_t128_capacity_full,transcript_full,local_interpolant,minimal_subtree,round_batch_inversion,128.0,whir_capacity_full,39,25|14,2,5932,640,10,32768,1,phase_folding,1,12467,,ok,,0,0,0,0,0,0,2035,376,2
whir_t128_capacity_full,transcript_full,local_interpolant,minimal_subtree,round_batch_inversion,128.0,whir_capacity_full,39,25|14,2,5932,640,10,32768,1,phase_ood,1,12144,,ok,,0,0,0,0,0,0,2035,376,2
whir_t128_capacity_full,transcript_full,local_interpolant,minimal_subtree,round_batch_inversion,128.0,whir_capacity_full,39,25|14,2,5932,640,10,32768,1,phase_parse,1,1488,,ok,,0,0,0,0,0,0,2035,376,2
whir_t128_capacity_full,transcript_full,local_interpolant,minimal_subtree,round_batch_inversion,128.0,whir_capacity_full,39,25|14,2,5932,640,10,32768,1,phase_per_round_queries,1,775323,,ok,,0,0,0,0,0,0,2035,376,2
whir_t128_capacity_full,transcript_full,local_interpolant,minimal_subtree,round_batch_inversion,128.0,whir_capacity_full,39,25|14,2,5932,640,10,32768,1,phase_transcript_setup,1,19425,,ok,,0,0,0,0,0,0,2035,376,2
whir_t128_capacity_full,transcript_full,local_interpolant,minimal_subtree,round_batch_inversion,128.0,whir_capacity_full,39,25|14,2,5932,640,10,32768,1,phase_final_round,2,49044,,ok,,0,0,0,0,0,0,2035,376,2
whir_t128_capacity_full,transcript_full,local_interpolant,minimal_subtree,round_batch_inversion,128.0,whir_capacity_full,39,25|14,2,5932,640,10,32768,1,phase_folding,2,12467,,ok,,0,0,0,0,0,0,2035,376,2
whir_t128_capacity_full,transcript_full,local_interpolant,minimal_subtree,round_batch_inversion,128.0,whir_capacity_full,39,25|14,2,5932,640,10,32768,1,phase_ood,2,12144,,ok,,0,0,0,0,0,0,2035,376,2
whir_t128_capacity_full,transcript_full,local_interpolant,minimal_subtree,round_batch_inversion,128.0,whir_capacity_full,39,25|14,2,5932,640,10,32768,1,phase_parse,2,1488,,ok,,0,0,0,0,0,0,2035,376,2
whir_t128_capacity_full,transcript_full,local_interpolant,minimal_subtree,round_batch_inversion,128.0,whir_capacity_full,39,25|14,2,5932,640,10,32768,1,phase_per_round_queries,2,775323,,ok,,0,0,0,0,0,0,2035,376,2
whir_t128_capacity_full,transcript_full,local_interpolant,minimal_subtree,round_batch_inversion,128.0,whir_capacity_full,39,25|14,2,5932,640,10,32768,1,phase_transcript_setup,2,19425,,ok,,0,0,0,0,0,0,2035,376,2
whir_t128_capacity_full,transcript_full,local_interpolant,minimal_subtree,round_batch_inversion,128.0,whir_capacity_full,39,25|14,2,5932,640,10,32768,1,phase_final_round,3,49044,,ok,,0,0,0,0,0,0,2035,376,2
whir_t128_capacity_full,transcript_full,local_interpolant,minimal_subtree,round_batch_inversion,128.0,whir_capacity_full,39,25|14,2,5932,640,10,32768,1,phase_folding,3,12467,,ok,,0,0,0,0,0,0,2035,376,2
whir_t128_capacity_full,transcript_full,local_interpolant,minimal_subtree,round_batch_inversion,128.0,whir_capacity_full,39,25|14,2,5932,640,10,32768,1,phase_ood,3,12144,,ok,,0,0,0,0,0,0,2035,376,2
whir_t128_capacity_full,transcript_full,local_interpolant,minimal_subtree,round_batch_inversion,128.0,whir_capacity_full,39,25|14,2,5932,640,10,32768,1,phase_parse,3,1488,,ok,,0,0,0,0,0,0,2035,376,2
whir_t128_capacity_full,transcript_full,local_interpolant,minimal_subtree,round_batch_inversion,128.0,whir_capacity_full,39,25|14,2,5932,640,10,32768,1,phase_per_round_queries,3,775323,,ok,,0,0,0,0,0,0,2035,376,2
whir_t128_capacity_full,transcript_full,local_interpolant,minimal_subtree,round_batch_inversion,128.0,whir_capacity_full,39,25|14,2,5932,640,10,32768,1,phase_transcript_setup,3,19425,,ok,,0,0,0,0,0,0,2035,376,2
whir_t128_capacity_full,transcript_full,local_interpolant,minimal_subtree,round_batch_inversion,128.0,whir_capacity_full,39,25|14,2,5932,640,10,32768,1,phase_final_round,4,49044,,ok,,0,0,0,0,0,0,2035,376,2
whir_t128_capacity_full,transcript_full,local_interpolant,minimal_subtree,round_batch_inversion,128.0,whir_capacity_full,39,25|14,2,5932,640,10,32768,1,phase_folding,4,12467,,ok,,0,0,0,0,0,0,2035,376,2
whir_t128_capacity_full,transcript_full,local_interpolant,minimal_subtree,round_batch_inversion,128.0,whir_capacity_full,39,25|14,2,5932,640,10,32768,1,phase_ood,4,12144,,ok,,0,0,0,0,0,0,2035,376,2
whir_t128_capacity_full,transcript_full,local_interpolant,minimal_subtree,round_batch_inversion,128.0,whir_capacity_full,39,25|14,2,5932,640,10,32768,1,phase_parse,4,1488,,ok,,0,0,0,0,0,0,2035,376,2
whir_t128_capacity_full,transcript_full,local_interpolant,minimal_subtree,round_batch_inversion,128.0,whir_capacity_full,39,25|14,2,5932,640,10,32768,1,phase_per_round_queries,4,775323,,ok,,0,0,0,0,0,0,2035,376,2
whir_t128_capacity_full,transcript_full,local_interpolant,minimal_subtree,round_batch_inversion,128.0,whir_capacity_full,39,25|14,2,5932,640,10,32768,1,phase_transcript_setup,4,19425,,ok,,0,0,0,0,0,0,2035,376,2
whir_t128_capacity_full,transcript_full,local_interpolant,minimal_subtree,round_batch_inversion,128.0,whir_capacity_full,39,25|14,2,5932,640,10,32768,1,phase_final_round,5,49044,,ok,,0,0,0,0,0,0,2035,376,2
whir_t128_capacity_full,transcript_full,local_interpolant,minimal_subtree,round_batch_inversion,128.0,whir_capacity_full,39,25|14,2,5932,640,10,32768,1,phase_folding,5,12467,,ok,,0,0,0,0,0,0,2035,376,2
whir_t128_capacity_full,transcript_full,local_interpolant,minimal_subtree,round_batch_inversion,128.0,whir_capacity_full,39,25|14,2,5932,640,10,32768,1,phase_ood,5,12144,,ok,,0,0,0,0,0,0,2035,376,2
whir_t128_capacity_full,transcript_full,local_interpolant,minimal_subtree,round_batch_inversion,128.0,whir_capacity_full,39,25|14,2,5932,640,10,32768,1,phase_parse,5,1488,,ok,,0,0,0,0,0,0,2035,376,2
whir_t128_capacity_full,transcript_full,local_interpolant,minimal_subtree,round_batch_inversion,128.0,whir_capacity_full,39,25|14,2,5932,640,10,32768,1,phase_per_round_queries,5,775323,,ok,,0,0,0,0,0,0,2035,376,2
whir_t128_capacity_full,transcript_full,local_interpolant,minimal_subtree,round_batch_inversion,128.0,whir_capacity_full,39,25|14,2,5932,640,10,32768,1,phase_transcript_setup,5,19425,,ok,,0,0,0,0,0,0,2035,376,2
whir_t128_capacity_full,transcript_full,local_interpolant,minimal_subtree,round_batch_inversion,128.0,whir_capacity_full,39,25|14,2,5932,640,10,32768,1,phase_final_round,6,49044,,ok,,0,0,0,0,0,0,2035,376,2
whir_t128_capacity_full,transcript_full,local_interpolant,minimal_subtree,round_batch_inversion,128.0,whir_capacity_full,39,25|14,2,5932,640,10,32768,1,phase_folding,6,12467,,ok,,0,0,0,0,0,0,2035,376,2
whir_t128_capacity_full,transcript_full,local_interpolant,minimal_subtree,round_batch_inversion,128.0,whir_capacity_full,39,25|14,2,5932,640,10,32768,1,phase_ood,6,12144,,ok,,0,0,0,0,0,0,2035,376,2
whir_t128_capacity_full,transcript_full,local_interpolant,minimal_subtree,round_batch_inversion,128.0,whir_capacity_full,39,25|14,2,5932,640,10,32768,1,phase_parse,6,1488,,ok,,0,0,0,0,0,0,2035,376,2
whir_t128_capacity_full,transcript_full,local_interpolant,minimal_subtree,round_batch_inversion,128.0,whir_capacity_full,39,25|14,2,5932,640,10,32768,1,phase_per_round_queries,6,775323,,ok,,0,0,0,0,0,0,2035,376,2
whir_t128_capacity_full,transcript_full,local_interpolant,minimal_subtree,round_batch_inversion,128.0,whir_capacity_full,39,25|14,2,5932,640,10,32768,1,phase_transcript_setup,6,19425,,ok,,0,0,0,0,0,0,2035,376,2
whir_t128_capacity_full,transcript_full,local_interpolant,minimal_subtree,round_batch_inversion,128.0,whir_capacity_full,39,25|14,2,5932,640,10,32768,1,phase_final_round,7,49044,,ok,,0,0,0,0,0,0,2035,376,2
whir_t128_capacity_full,transcript_full,local_interpolant,minimal_subtree,round_batch_inversion,128.0,whir_capacity_full,39,25|14,2,5932,640,10,32768,1,phase_folding,7,12467,,ok,,0,0,0,0,0,0,2035,376,2
whir_t128_capacity_full,transcript_full,local_interpolant,minimal_subtree,round_batch_inversion,128.0,whir_capacity_full,39,25|14,2,5932,640,10,32768,1,phase_ood,7,12144,,ok,,0,0,0,0,0,0,2035,376,2
whir_t128_capacity_full,transcript_full,local_interpolant,minimal_subtree,round_batch_inversion,128.0,whir_capacity_full,39,25|14,2,5932,640,10,32768,1,phase_parse,7,1488,,ok,,0,0,0,0,0,0,2035,376,2
whir_t128_capacity_full,transcript_full,local_interpolant,minimal_subtree,round_batch_inversion,128.0,whir_capacity_full,39,25|14,2,5932,640,10,32768,1,phase_per_round_queries,7,775323,,ok,,0,0,0,0,0,0,2035,376,2
whir_t128_capacity_full,transcript_full,local_interpolant,minimal_subtree,round_batch_inversion,128.0,whir_capacity_full,39,25|14,2,5932,640,10,32768,1,phase_transcript_setup,7,19425,,ok,,0,0,0,0,0,0,2035,376,2
whir_t128_capacity_full,transcript_full,local_interpolant,minimal_subtree,round_batch_inversion,128.0,whir_capacity_full,39,25|14,2,5932,640,10,32768,1,phase_final_round,8,49044,,ok,,0,0,0,0,0,0,2035,376,2
whir_t128_capacity_full,transcript_full,local_interpolant,minimal_subtree,round_batch_inversion,128.0,whir_capacity_full,39,25|14,2,5932,640,10,32768,1,phase_folding,8,12467,,ok,,0,0,0,0,0,0,2035,376,2
whir_t128_capacity_full,transcript_full,local_interpolant,minimal_subtree,round_batch_inversion,128.0,whir_capacity_full,39,25|14,2,5932,640,10,32768,1,phase_ood,8,12144,,ok,,0,0,0,0,0,0,2035,376,2
whir_t128_capacity_full,transcript_full,local_interpolant,minimal_subtree,round_batch_inversion,128.0,whir_capacity_full,39,25|14,2,5932,640,10,32768,1,phase_parse,8,1488,,ok,,0,0,0,0,0,0,2035,376,2
whir_t128_capacity_full,transcript_full,local_interpolant,minimal_subtree,round_batch_inversion,128.0,whir_capacity_full,39,25|14,2,5932,640,10,32768,1,phase_per_round_queries,8,775323,,ok,,0,0,0,0,0,0,2035,376,2
whir_t128_capacity_full,transcript_full,local_interpolant,minimal_subtree,round_batch_inversion,128.0,whir_capacity_full,39,25|14,2,5932,640,10,32768,1,phase_transcript_setup,8,19425,,ok,,0,0,0,0,0,0,2035,376,2
whir_t128_capacity_full,transcript_full,local_interpolant,minimal_subtree,round_batch_inversion,128.0,whir_capacity_full,39,25|14,2,5932,640,10,32768,1,phase_final_round,9,49044,,ok,,0,0,0,0,0,0,2035,376,2
whir_t128_capacity_full,transcript_full,local_interpolant,minimal_subtree,round_batch_inversion,128.0,whir_capacity_full,39,25|14,2,5932,640,10,32768,1,phase_folding,9,12467,,ok,,0,0,0,0,0,0,2035,376,2
whir_t128_capacity_full,transcript_full,local_interpolant,minimal_subtree,round_batch_inversion,128.0,whir_capacity_full,39,25|14,2,5932,640,10,32768,1,phase_ood,9,12144,,ok,,0,0,0,0,0,0,2035,376,2
whir_t128_capacity_full,transcript_full,local_interpolant,minimal_subtree,round_batch_inversion,128.0,whir_capacity_full,39,25|14,2,5932,640,10,32768,1,phase_parse,9,1488,,ok,,0,0,0,0,0,0,2035,376,2
whir_t128_capacity_full,transcript_full,local_interpolant,minimal_subtree,round_batch_inversion,128.0,whir_capacity_full,39,25|14,2,5932,640,10,32768,1,phase_per_round_queries,9,775323,,ok,,0,0,0,0,0,0,2035,376,2
whir_t128_capacity_full,transcript_full,local_interpolant,minimal_subtree,round_batch_inversion,128.0,whir_capacity_full,39,25|14,2,5932,640,10,32768,1,phase_transcript_setup,9,19425,,ok,,0,0,0,0,0,0,2035,376,2
whir_t100_johnson_full,query_only,local_interpolant,not_applicable,not_applicable,100.0,whir_johnson_full,56,36|20,1,20218,640,32,32768,1,host_verify,0,,5142542,ok,,676,38560,508,6184,524,56,7976,692,112
whir_t100_johnson_full,query_only,local_interpolant,not_applicable,not_applicable,100.0,whir_johnson_full,56,36|20,1,20218,640,32,0,0,upload_total,0,40573,,ok,,0,0,0,0,0,0,7976,692,112
whir_t100_johnson_full,query_only,local_interpolant,not_applicable,not_applicable,100.0,whir_johnson_full,56,36|20,1,20218,640,32,32768,1,verify_sbf,0,771427,,ok,,676,38560,508,6184,524,56,7976,692,112
whir_t100_johnson_full,query_only,local_interpolant,not_applicable,not_applicable,100.0,whir_johnson_full,56,36|20,1,20218,640,32,32768,1,total_sbf,0,812000,,ok,,676,38560,508,6184,524,56,7976,692,112
whir_t100_johnson_full,query_only,local_interpolant,not_applicable,not_applicable,100.0,whir_johnson_full,56,36|20,1,20218,640,32,32768,1,verify_sbf,1,771427,,ok,,676,38560,508,6184,524,56,7976,692,112
whir_t100_johnson_full,query_only,local_interpolant,not_applicable,not_applicable,100.0,whir_johnson_full,56,36|20,1,20218,640,32,32768,1,total_sbf,1,812000,,ok,,676,38560,508,6184,524,56,7976,692,112
whir_t100_johnson_full,query_only,local_interpolant,not_applicable,not_applicable,100.0,whir_johnson_full,56,36|20,1,20218,640,32,32768,1,verify_sbf,2,771427,,ok,,676,38560,508,6184,524,56,7976,692,112
whir_t100_johnson_full,query_only,local_interpolant,not_applicable,not_applicable,100.0,whir_johnson_full,56,36|20,1,20218,640,32,32768,1,total_sbf,2,812000,,ok,,676,38560,508,6184,524,56,7976,692,112
whir_t100_johnson_full,query_only,local_interpolant,not_applicable,not_applicable,100.0,whir_johnson_full,56,36|20,1,20218,640,32,32768,1,verify_sbf,3,771427,,ok,,676,38560,508,6184,524,56,7976,692,112
whir_t100_johnson_full,query_only,local_interpolant,not_applicable,not_applicable,100.0,whir_johnson_full,56,36|20,1,20218,640,32,32768,1,total_sbf,3,812000,,ok,,676,38560,508,6184,524,56,7976,692,112
whir_t100_johnson_full,query_only,local_interpolant,not_applicable,not_applicable,100.0,whir_johnson_full,56,36|20,1,20218,640,32,32768,1,verify_sbf,4,771427,,ok,,676,38560,508,6184,524,56,7976,692,112
whir_t100_johnson_full,query_only,local_interpolant,not_applicable,not_applicable,100.0,whir_johnson_full,56,36|20,1,20218,640,32,32768,1,total_sbf,4,812000,,ok,,676,38560,508,6184,524,56,7976,692,112
whir_t100_johnson_full,query_only,local_interpolant,not_applicable,not_applicable,100.0,whir_johnson_full,56,36|20,1,20218,640,32,32768,1,verify_sbf,5,771427,,ok,,676,38560,508,6184,524,56,7976,692,112
whir_t100_johnson_full,query_only,local_interpolant,not_applicable,not_applicable,100.0,whir_johnson_full,56,36|20,1,20218,640,32,32768,1,total_sbf,5,812000,,ok,,676,38560,508,6184,524,56,7976,692,112
whir_t100_johnson_full,query_only,local_interpolant,not_applicable,not_applicable,100.0,whir_johnson_full,56,36|20,1,20218,640,32,32768,1,verify_sbf,6,771427,,ok,,676,38560,508,6184,524,56,7976,692,112
whir_t100_johnson_full,query_only,local_interpolant,not_applicable,not_applicable,100.0,whir_johnson_full,56,36|20,1,20218,640,32,32768,1,total_sbf,6,812000,,ok,,676,38560,508,6184,524,56,7976,692,112
whir_t100_johnson_full,query_only,local_interpolant,not_applicable,not_applicable,100.0,whir_johnson_full,56,36|20,1,20218,640,32,32768,1,verify_sbf,7,771427,,ok,,676,38560,508,6184,524,56,7976,692,112
whir_t100_johnson_full,query_only,local_interpolant,not_applicable,not_applicable,100.0,whir_johnson_full,56,36|20,1,20218,640,32,32768,1,total_sbf,7,812000,,ok,,676,38560,508,6184,524,56,7976,692,112
whir_t100_johnson_full,query_only,local_interpolant,not_applicable,not_applicable,100.0,whir_johnson_full,56,36|20,1,20218,640,32,32768,1,verify_sbf,8,771427,,ok,,676,38560,508,6184,524,56,7976,692,112
whir_t100_johnson_full,query_only,local_interpolant,not_applicable,not_applicable,100.0,whir_johnson_full,56,36|20,1,20218,640,32,32768,1,total_sbf,8,812000,,ok,,676,38560,508,6184,524,56,7976,692,112
whir_t100_johnson_full,query_only,local_interpolant,not_applicable,not_applicable,100.0,whir_johnson_full,56,36|20,1,20218,640,32,32768,1,verify_sbf,9,771427,,ok,,676,38560,508,6184,524,56,7976,692,112
whir_t100_johnson_full,query_only,local_interpolant,not_applicable,not_applicable,100.0,whir_johnson_full,56,36|20,1,20218,640,32,32768,1,total_sbf,9,812000,,ok,,676,38560,508,6184,524,56,7976,692,112
whir_t100_johnson_full,transcript_full,raw_fibers,minimal_subtree,per_query_inversion,100.0,whir_johnson_full,56,36|20,1,7440,640,12,32768,1,host_verify,0,,11792042,ok,,341,21942,508,4479,324,36,5644,432,72
whir_t100_johnson_full,transcript_full,raw_fibers,minimal_subtree,per_query_inversion,100.0,whir_johnson_full,56,36|20,1,7440,640,12,0,0,upload_total,0,15144,,ok,,0,0,0,0,0,0,5644,432,72
whir_t100_johnson_full,transcript_full,raw_fibers,minimal_subtree,per_query_inversion,100.0,whir_johnson_full,56,36|20,1,7440,640,12,32768,1,verify_sbf,0,1264748,,ok,,341,21942,508,4479,324,36,5644,432,72
whir_t100_johnson_full,transcript_full,raw_fibers,minimal_subtree,per_query_inversion,100.0,whir_johnson_full,56,36|20,1,7440,640,12,32768,1,total_sbf,0,1279892,,ok,,341,21942,508,4479,324,36,5644,432,72
whir_t100_johnson_full,transcript_full,raw_fibers,minimal_subtree,per_query_inversion,100.0,whir_johnson_full,56,36|20,1,7440,640,12,32768,1,verify_sbf,1,1264748,,ok,,341,21942,508,4479,324,36,5644,432,72
whir_t100_johnson_full,transcript_full,raw_fibers,minimal_subtree,per_query_inversion,100.0,whir_johnson_full,56,36|20,1,7440,640,12,32768,1,total_sbf,1,1279892,,ok,,341,21942,508,4479,324,36,5644,432,72
whir_t100_johnson_full,transcript_full,raw_fibers,minimal_subtree,per_query_inversion,100.0,whir_johnson_full,56,36|20,1,7440,640,12,32768,1,verify_sbf,2,1264748,,ok,,341,21942,508,4479,324,36,5644,432,72
whir_t100_johnson_full,transcript_full,raw_fibers,minimal_subtree,per_query_inversion,100.0,whir_johnson_full,56,36|20,1,7440,640,12,32768,1,total_sbf,2,1279892,,ok,,341,21942,508,4479,324,36,5644,432,72
whir_t100_johnson_full,transcript_full,raw_fibers,minimal_subtree,per_query_inversion,100.0,whir_johnson_full,56,36|20,1,7440,640,12,32768,1,verify_sbf,3,1264748,,ok,,341,21942,508,4479,324,36,5644,432,72
whir_t100_johnson_full,transcript_full,raw_fibers,minimal_subtree,per_query_inversion,100.0,whir_johnson_full,56,36|20,1,7440,640,12,32768,1,total_sbf,3,1279892,,ok,,341,21942,508,4479,324,36,5644,432,72
whir_t100_johnson_full,transcript_full,raw_fibers,minimal_subtree,per_query_inversion,100.0,whir_johnson_full,56,36|20,1,7440,640,12,32768,1,verify_sbf,4,1264748,,ok,,341,21942,508,4479,324,36,5644,432,72
whir_t100_johnson_full,transcript_full,raw_fibers,minimal_subtree,per_query_inversion,100.0,whir_johnson_full,56,36|20,1,7440,640,12,32768,1,total_sbf,4,1279892,,ok,,341,21942,508,4479,324,36,5644,432,72
whir_t100_johnson_full,transcript_full,raw_fibers,minimal_subtree,per_query_inversion,100.0,whir_johnson_full,56,36|20,1,7440,640,12,32768,1,verify_sbf,5,1264748,,ok,,341,21942,508,4479,324,36,5644,432,72
whir_t100_johnson_full,transcript_full,raw_fibers,minimal_subtree,per_query_inversion,100.0,whir_johnson_full,56,36|20,1,7440,640,12,32768,1,total_sbf,5,1279892,,ok,,341,21942,508,4479,324,36,5644,432,72
whir_t100_johnson_full,transcript_full,raw_fibers,minimal_subtree,per_query_inversion,100.0,whir_johnson_full,56,36|20,1,7440,640,12,32768,1,verify_sbf,6,1264748,,ok,,341,21942,508,4479,324,36,5644,432,72
whir_t100_johnson_full,transcript_full,raw_fibers,minimal_subtree,per_query_inversion,100.0,whir_johnson_full,56,36|20,1,7440,640,12,32768,1,total_sbf,6,1279892,,ok,,341,21942,508,4479,324,36,5644,432,72
whir_t100_johnson_full,transcript_full,raw_fibers,minimal_subtree,per_query_inversion,100.0,whir_johnson_full,56,36|20,1,7440,640,12,32768,1,verify_sbf,7,1264748,,ok,,341,21942,508,4479,324,36,5644,432,72
whir_t100_johnson_full,transcript_full,raw_fibers,minimal_subtree,per_query_inversion,100.0,whir_johnson_full,56,36|20,1,7440,640,12,32768,1,total_sbf,7,1279892,,ok,,341,21942,508,4479,324,36,5644,432,72
whir_t100_johnson_full,transcript_full,raw_fibers,minimal_subtree,per_query_inversion,100.0,whir_johnson_full,56,36|20,1,7440,640,12,32768,1,verify_sbf,8,1264748,,ok,,341,21942,508,4479,324,36,5644,432,72
whir_t100_johnson_full,transcript_full,raw_fibers,minimal_subtree,per_query_inversion,100.0,whir_johnson_full,56,36|20,1,7440,640,12,32768,1,total_sbf,8,1279892,,ok,,341,21942,508,4479,324,36,5644,432,72
whir_t100_johnson_full,transcript_full,raw_fibers,minimal_subtree,per_query_inversion,100.0,whir_johnson_full,56,36|20,1,7440,640,12,32768,1,verify_sbf,9,1264748,,ok,,341,21942,508,4479,324,36,5644,432,72
whir_t100_johnson_full,transcript_full,raw_fibers,minimal_subtree,per_query_inversion,100.0,whir_johnson_full,56,36|20,1,7440,640,12,32768,1,total_sbf,9,1279892,,ok,,341,21942,508,4479,324,36,5644,432,72
whir_t100_johnson_full,transcript_full,raw_fibers,minimal_subtree,per_query_inversion,100.0,whir_johnson_full,56,36|20,1,7440,640,12,32768,1,phase_final_round,0,61925,,ok,,0,0,0,0,0,0,5644,432,72
whir_t100_johnson_full,transcript_full,raw_fibers,minimal_subtree,per_query_inversion,100.0,whir_johnson_full,56,36|20,1,7440,640,12,32768,1,phase_folding,0,7928,,ok,,0,0,0,0,0,0,5644,432,72
whir_t100_johnson_full,transcript_full,raw_fibers,minimal_subtree,per_query_inversion,100.0,whir_johnson_full,56,36|20,1,7440,640,12,32768,1,phase_ood,0,7343,,ok,,0,0,0,0,0,0,5644,432,72
whir_t100_johnson_full,transcript_full,raw_fibers,minimal_subtree,per_query_inversion,100.0,whir_johnson_full,56,36|20,1,7440,640,12,32768,1,phase_parse,0,1486,,ok,,0,0,0,0,0,0,5644,432,72
whir_t100_johnson_full,transcript_full,raw_fibers,minimal_subtree,per_query_inversion,100.0,whir_johnson_full,56,36|20,1,7440,640,12,32768,1,phase_per_round_queries,0,1176853,,ok,,0,0,0,0,0,0,5644,432,72
whir_t100_johnson_full,transcript_full,raw_fibers,minimal_subtree,per_query_inversion,100.0,whir_johnson_full,56,36|20,1,7440,640,12,32768,1,phase_transcript_setup,0,11663,,ok,,0,0,0,0,0,0,5644,432,72
whir_t100_johnson_full,transcript_full,raw_fibers,minimal_subtree,per_query_inversion,100.0,whir_johnson_full,56,36|20,1,7440,640,12,32768,1,phase_final_round,1,61925,,ok,,0,0,0,0,0,0,5644,432,72
whir_t100_johnson_full,transcript_full,raw_fibers,minimal_subtree,per_query_inversion,100.0,whir_johnson_full,56,36|20,1,7440,640,12,32768,1,phase_folding,1,7928,,ok,,0,0,0,0,0,0,5644,432,72
whir_t100_johnson_full,transcript_full,raw_fibers,minimal_subtree,per_query_inversion,100.0,whir_johnson_full,56,36|20,1,7440,640,12,32768,1,phase_ood,1,7343,,ok,,0,0,0,0,0,0,5644,432,72
whir_t100_johnson_full,transcript_full,raw_fibers,minimal_subtree,per_query_inversion,100.0,whir_johnson_full,56,36|20,1,7440,640,12,32768,1,phase_parse,1,1486,,ok,,0,0,0,0,0,0,5644,432,72
whir_t100_johnson_full,transcript_full,raw_fibers,minimal_subtree,per_query_inversion,100.0,whir_johnson_full,56,36|20,1,7440,640,12,32768,1,phase_per_round_queries,1,1176853,,ok,,0,0,0,0,0,0,5644,432,72
whir_t100_johnson_full,transcript_full,raw_fibers,minimal_subtree,per_query_inversion,100.0,whir_johnson_full,56,36|20,1,7440,640,12,32768,1,phase_transcript_setup,1,11663,,ok,,0,0,0,0,0,0,5644,432,72
whir_t100_johnson_full,transcript_full,raw_fibers,minimal_subtree,per_query_inversion,100.0,whir_johnson_full,56,36|20,1,7440,640,12,32768,1,phase_final_round,2,61925,,ok,,0,0,0,0,0,0,5644,432,72
whir_t100_johnson_full,transcript_full,raw_fibers,minimal_subtree,per_query_inversion,100.0,whir_johnson_full,56,36|20,1,7440,640,12,32768,1,phase_folding,2,7928,,ok,,0,0,0,0,0,0,5644,432,72
whir_t100_johnson_full,transcript_full,raw_fibers,minimal_subtree,per_query_inversion,100.0,whir_johnson_full,56,36|20,1,7440,640,12,32768,1,phase_ood,2,7343,,ok,,0,0,0,0,0,0,5644,432,72
whir_t100_johnson_full,transcript_full,raw_fibers,minimal_subtree,per_query_inversion,100.0,whir_johnson_full,56,36|20,1,7440,640,12,32768,1,phase_parse,2,1486,,ok,,0,0,0,0,0,0,5644,432,72
whir_t100_johnson_full,transcript_full,raw_fibers,minimal_subtree,per_query_inversion,100.0,whir_johnson_full,56,36|20,1,7440,640,12,32768,1,phase_per_round_queries,2,1176853,,ok,,0,0,0,0,0,0,5644,432,72
whir_t100_johnson_full,transcript_full,raw_fibers,minimal_subtree,per_query_inversion,100.0,whir_johnson_full,56,36|20,1,7440,640,12,32768,1,phase_transcript_setup,2,11663,,ok,,0,0,0,0,0,0,5644,432,72
whir_t100_johnson_full,transcript_full,raw_fibers,minimal_subtree,per_query_inversion,100.0,whir_johnson_full,56,36|20,1,7440,640,12,32768,1,phase_final_round,3,61925,,ok,,0,0,0,0,0,0,5644,432,72
whir_t100_johnson_full,transcript_full,raw_fibers,minimal_subtree,per_query_inversion,100.0,whir_johnson_full,56,36|20,1,7440,640,12,32768,1,phase_folding,3,7928,,ok,,0,0,0,0,0,0,5644,432,72
whir_t100_johnson_full,transcript_full,raw_fibers,minimal_subtree,per_query_inversion,100.0,whir_johnson_full,56,36|20,1,7440,640,12,32768,1,phase_ood,3,7343,,ok,,0,0,0,0,0,0,5644,432,72
whir_t100_johnson_full,transcript_full,raw_fibers,minimal_subtree,per_query_inversion,100.0,whir_johnson_full,56,36|20,1,7440,640,12,32768,1,phase_parse,3,1486,,ok,,0,0,0,0,0,0,5644,432,72
whir_t100_johnson_full,transcript_full,raw_fibers,minimal_subtree,per_query_inversion,100.0,whir_johnson_full,56,36|20,1,7440,640,12,32768,1,phase_per_round_queries,3,1176853,,ok,,0,0,0,0,0,0,5644,432,72
whir_t100_johnson_full,transcript_full,raw_fibers,minimal_subtree,per_query_inversion,100.0,whir_johnson_full,56,36|20,1,7440,640,12,32768,1,phase_transcript_setup,3,11663,,ok,,0,0,0,0,0,0,5644,432,72
whir_t100_johnson_full,transcript_full,raw_fibers,minimal_subtree,per_query_inversion,100.0,whir_johnson_full,56,36|20,1,7440,640,12,32768,1,phase_final_round,4,61925,,ok,,0,0,0,0,0,0,5644,432,72
whir_t100_johnson_full,transcript_full,raw_fibers,minimal_subtree,per_query_inversion,100.0,whir_johnson_full,56,36|20,1,7440,640,12,32768,1,phase_folding,4,7928,,ok,,0,0,0,0,0,0,5644,432,72
whir_t100_johnson_full,transcript_full,raw_fibers,minimal_subtree,per_query_inversion,100.0,whir_johnson_full,56,36|20,1,7440,640,12,32768,1,phase_ood,4,7343,,ok,,0,0,0,0,0,0,5644,432,72
whir_t100_johnson_full,transcript_full,raw_fibers,minimal_subtree,per_query_inversion,100.0,whir_johnson_full,56,36|20,1,7440,640,12,32768,1,phase_parse,4,1486,,ok,,0,0,0,0,0,0,5644,432,72
whir_t100_johnson_full,transcript_full,raw_fibers,minimal_subtree,per_query_inversion,100.0,whir_johnson_full,56,36|20,1,7440,640,12,32768,1,phase_per_round_queries,4,1176853,,ok,,0,0,0,0,0,0,5644,432,72
whir_t100_johnson_full,transcript_full,raw_fibers,minimal_subtree,per_query_inversion,100.0,whir_johnson_full,56,36|20,1,7440,640,12,32768,1,phase_transcript_setup,4,11663,,ok,,0,0,0,0,0,0,5644,432,72
whir_t100_johnson_full,transcript_full,raw_fibers,minimal_subtree,per_query_inversion,100.0,whir_johnson_full,56,36|20,1,7440,640,12,32768,1,phase_final_round,5,61925,,ok,,0,0,0,0,0,0,5644,432,72
whir_t100_johnson_full,transcript_full,raw_fibers,minimal_subtree,per_query_inversion,100.0,whir_johnson_full,56,36|20,1,7440,640,12,32768,1,phase_folding,5,7928,,ok,,0,0,0,0,0,0,5644,432,72
whir_t100_johnson_full,transcript_full,raw_fibers,minimal_subtree,per_query_inversion,100.0,whir_johnson_full,56,36|20,1,7440,640,12,32768,1,phase_ood,5,7343,,ok,,0,0,0,0,0,0,5644,432,72
whir_t100_johnson_full,transcript_full,raw_fibers,minimal_subtree,per_query_inversion,100.0,whir_johnson_full,56,36|20,1,7440,640,12,32768,1,phase_parse,5,1486,,ok,,0,0,0,0,0,0,5644,432,72
whir_t100_johnson_full,transcript_full,raw_fibers,minimal_subtree,per_query_inversion,100.0,whir_johnson_full,56,36|20,1,7440,640,12,32768,1,phase_per_round_queries,5,1176853,,ok,,0,0,0,0,0,0,5644,432,72
whir_t100_johnson_full,transcript_full,raw_fibers,minimal_subtree,per_query_inversion,100.0,whir_johnson_full,56,36|20,1,7440,640,12,32768,1,phase_transcript_setup,5,11663,,ok,,0,0,0,0,0,0,5644,432,72
whir_t100_johnson_full,transcript_full,raw_fibers,minimal_subtree,per_query_inversion,100.0,whir_johnson_full,56,36|20,1,7440,640,12,32768,1,phase_final_round,6,61925,,ok,,0,0,0,0,0,0,5644,432,72
whir_t100_johnson_full,transcript_full,raw_fibers,minimal_subtree,per_query_inversion,100.0,whir_johnson_full,56,36|20,1,7440,640,12,32768,1,phase_folding,6,7928,,ok,,0,0,0,0,0,0,5644,432,72
whir_t100_johnson_full,transcript_full,raw_fibers,minimal_subtree,per_query_inversion,100.0,whir_johnson_full,56,36|20,1,7440,640,12,32768,1,phase_ood,6,7343,,ok,,0,0,0,0,0,0,5644,432,72
whir_t100_johnson_full,transcript_full,raw_fibers,minimal_subtree,per_query_inversion,100.0,whir_johnson_full,56,36|20,1,7440,640,12,32768,1,phase_parse,6,1486,,ok,,0,0,0,0,0,0,5644,432,72
whir_t100_johnson_full,transcript_full,raw_fibers,minimal_subtree,per_query_inversion,100.0,whir_johnson_full,56,36|20,1,7440,640,12,32768,1,phase_per_round_queries,6,1176853,,ok,,0,0,0,0,0,0,5644,432,72
whir_t100_johnson_full,transcript_full,raw_fibers,minimal_subtree,per_query_inversion,100.0,whir_johnson_full,56,36|20,1,7440,640,12,32768,1,phase_transcript_setup,6,11663,,ok,,0,0,0,0,0,0,5644,432,72
whir_t100_johnson_full,transcript_full,raw_fibers,minimal_subtree,per_query_inversion,100.0,whir_johnson_full,56,36|20,1,7440,640,12,32768,1,phase_final_round,7,61925,,ok,,0,0,0,0,0,0,5644,432,72
whir_t100_johnson_full,transcript_full,raw_fibers,minimal_subtree,per_query_inversion,100.0,whir_johnson_full,56,36|20,1,7440,640,12,32768,1,phase_folding,7,7928,,ok,,0,0,0,0,0,0,5644,432,72
whir_t100_johnson_full,transcript_full,raw_fibers,minimal_subtree,per_query_inversion,100.0,whir_johnson_full,56,36|20,1,7440,640,12,32768,1,phase_ood,7,7343,,ok,,0,0,0,0,0,0,5644,432,72
whir_t100_johnson_full,transcript_full,raw_fibers,minimal_subtree,per_query_inversion,100.0,whir_johnson_full,56,36|20,1,7440,640,12,32768,1,phase_parse,7,1486,,ok,,0,0,0,0,0,0,5644,432,72
whir_t100_johnson_full,transcript_full,raw_fibers,minimal_subtree,per_query_inversion,100.0,whir_johnson_full,56,36|20,1,7440,640,12,32768,1,phase_per_round_queries,7,1176853,,ok,,0,0,0,0,0,0,5644,432,72
whir_t100_johnson_full,transcript_full,raw_fibers,minimal_subtree,per_query_inversion,100.0,whir_johnson_full,56,36|20,1,7440,640,12,32768,1,phase_transcript_setup,7,11663,,ok,,0,0,0,0,0,0,5644,432,72
whir_t100_johnson_full,transcript_full,raw_fibers,minimal_subtree,per_query_inversion,100.0,whir_johnson_full,56,36|20,1,7440,640,12,32768,1,phase_final_round,8,61925,,ok,,0,0,0,0,0,0,5644,432,72
whir_t100_johnson_full,transcript_full,raw_fibers,minimal_subtree,per_query_inversion,100.0,whir_johnson_full,56,36|20,1,7440,640,12,32768,1,phase_folding,8,7928,,ok,,0,0,0,0,0,0,5644,432,72
whir_t100_johnson_full,transcript_full,raw_fibers,minimal_subtree,per_query_inversion,100.0,whir_johnson_full,56,36|20,1,7440,640,12,32768,1,phase_ood,8,7343,,ok,,0,0,0,0,0,0,5644,432,72
whir_t100_johnson_full,transcript_full,raw_fibers,minimal_subtree,per_query_inversion,100.0,whir_johnson_full,56,36|20,1,7440,640,12,32768,1,phase_parse,8,1486,,ok,,0,0,0,0,0,0,5644,432,72
whir_t100_johnson_full,transcript_full,raw_fibers,minimal_subtree,per_query_inversion,100.0,whir_johnson_full,56,36|20,1,7440,640,12,32768,1,phase_per_round_queries,8,1176853,,ok,,0,0,0,0,0,0,5644,432,72
whir_t100_johnson_full,transcript_full,raw_fibers,minimal_subtree,per_query_inversion,100.0,whir_johnson_full,56,36|20,1,7440,640,12,32768,1,phase_transcript_setup,8,11663,,ok,,0,0,0,0,0,0,5644,432,72
whir_t100_johnson_full,transcript_full,raw_fibers,minimal_subtree,per_query_inversion,100.0,whir_johnson_full,56,36|20,1,7440,640,12,32768,1,phase_final_round,9,61925,,ok,,0,0,0,0,0,0,5644,432,72
whir_t100_johnson_full,transcript_full,raw_fibers,minimal_subtree,per_query_inversion,100.0,whir_johnson_full,56,36|20,1,7440,640,12,32768,1,phase_folding,9,7928,,ok,,0,0,0,0,0,0,5644,432,72
whir_t100_johnson_full,transcript_full,raw_fibers,minimal_subtree,per_query_inversion,100.0,whir_johnson_full,56,36|20,1,7440,640,12,32768,1,phase_ood,9,7343,,ok,,0,0,0,0,0,0,5644,432,72
whir_t100_johnson_full,transcript_full,raw_fibers,minimal_subtree,per_query_inversion,100.0,whir_johnson_full,56,36|20,1,7440,640,12,32768,1,phase_parse,9,1486,,ok,,0,0,0,0,0,0,5644,432,72
whir_t100_johnson_full,transcript_full,raw_fibers,minimal_subtree,per_query_inversion,100.0,whir_johnson_full,56,36|20,1,7440,640,12,32768,1,phase_per_round_queries,9,1176853,,ok,,0,0,0,0,0,0,5644,432,72
whir_t100_johnson_full,transcript_full,raw_fibers,minimal_subtree,per_query_inversion,100.0,whir_johnson_full,56,36|20,1,7440,640,12,32768,1,phase_transcript_setup,9,11663,,ok,,0,0,0,0,0,0,5644,432,72
whir_t100_johnson_full,transcript_full,raw_fibers,minimal_subtree,round_batch_inversion,100.0,whir_johnson_full,56,36|20,1,7440,640,12,32768,1,host_verify,0,,8626792,ok,,341,21942,508,2563,432,36,2608,505,2
whir_t100_johnson_full,transcript_full,raw_fibers,minimal_subtree,round_batch_inversion,100.0,whir_johnson_full,56,36|20,1,7440,640,12,0,0,upload_total,0,15144,,ok,,0,0,0,0,0,0,2608,505,2
whir_t100_johnson_full,transcript_full,raw_fibers,minimal_subtree,round_batch_inversion,100.0,whir_johnson_full,56,36|20,1,7440,640,12,32768,1,verify_sbf,0,1186123,,ok,,341,21942,508,2563,432,36,2608,505,2
whir_t100_johnson_full,transcript_full,raw_fibers,minimal_subtree,round_batch_inversion,100.0,whir_johnson_full,56,36|20,1,7440,640,12,32768,1,total_sbf,0,1201267,,ok,,341,21942,508,2563,432,36,2608,505,2
whir_t100_johnson_full,transcript_full,raw_fibers,minimal_subtree,round_batch_inversion,100.0,whir_johnson_full,56,36|20,1,7440,640,12,32768,1,verify_sbf,1,1186123,,ok,,341,21942,508,2563,432,36,2608,505,2
whir_t100_johnson_full,transcript_full,raw_fibers,minimal_subtree,round_batch_inversion,100.0,whir_johnson_full,56,36|20,1,7440,640,12,32768,1,total_sbf,1,1201267,,ok,,341,21942,508,2563,432,36,2608,505,2
whir_t100_johnson_full,transcript_full,raw_fibers,minimal_subtree,round_batch_inversion,100.0,whir_johnson_full,56,36|20,1,7440,640,12,32768,1,verify_sbf,2,1186123,,ok,,341,21942,508,2563,432,36,2608,505,2
whir_t100_johnson_full,transcript_full,raw_fibers,minimal_subtree,round_batch_inversion,100.0,whir_johnson_full,56,36|20,1,7440,640,12,32768,1,total_sbf,2,1201267,,ok,,341,21942,508,2563,432,36,2608,505,2
whir_t100_johnson_full,transcript_full,raw_fibers,minimal_subtree,round_batch_inversion,100.0,whir_johnson_full,56,36|20,1,7440,640,12,32768,1,verify_sbf,3,1186123,,ok,,341,21942,508,2563,432,36,2608,505,2
whir_t100_johnson_full,transcript_full,raw_fibers,minimal_subtree,round_batch_inversion,100.0,whir_johnson_full,56,36|20,1,7440,640,12,32768,1,total_sbf,3,1201267,,ok,,341,21942,508,2563,432,36,2608,505,2
whir_t100_johnson_full,transcript_full,raw_fibers,minimal_subtree,round_batch_inversion,100.0,whir_johnson_full,56,36|20,1,7440,640,12,32768,1,verify_sbf,4,1186123,,ok,,341,21942,508,2563,432,36,2608,505,2
whir_t100_johnson_full,transcript_full,raw_fibers,minimal_subtree,round_batch_inversion,100.0,whir_johnson_full,56,36|20,1,7440,640,12,32768,1,total_sbf,4,1201267,,ok,,341,21942,508,2563,432,36,2608,505,2
whir_t100_johnson_full,transcript_full,raw_fibers,minimal_subtree,round_batch_inversion,100.0,whir_johnson_full,56,36|20,1,7440,640,12,32768,1,verify_sbf,5,1186123,,ok,,341,21942,508,2563,432,36,2608,505,2
whir_t100_johnson_full,transcript_full,raw_fibers,minimal_subtree,round_batch_inversion,100.0,whir_johnson_full,56,36|20,1,7440,640,12,32768,1,total_sbf,5,1201267,,ok,,341,21942,508,2563,432,36,2608,505,2
whir_t100_johnson_full,transcript_full,raw_fibers,minimal_subtree,round_batch_inversion,100.0,whir_johnson_full,56,36|20,1,7440,640,12,32768,1,verify_sbf,6,1186123,,ok,,341,21942,508,2563,432,36,2608,505,2
whir_t100_johnson_full,transcript_full,raw_fibers,minimal_subtree,round_batch_inversion,100.0,whir_johnson_full,56,36|20,1,7440,640,12,32768,1,total_sbf,6,1201267,,ok,,341,21942,508,2563,432,36,2608,505,2
whir_t100_johnson_full,transcript_full,raw_fibers,minimal_subtree,round_batch_inversion,100.0,whir_johnson_full,56,36|20,1,7440,640,12,32768,1,verify_sbf,7,1186123,,ok,,341,21942,508,2563,432,36,2608,505,2
whir_t100_johnson_full,transcript_full,raw_fibers,minimal_subtree,round_batch_inversion,100.0,whir_johnson_full,56,36|20,1,7440,640,12,32768,1,total_sbf,7,1201267,,ok,,341,21942,508,2563,432,36,2608,505,2
whir_t100_johnson_full,transcript_full,raw_fibers,minimal_subtree,round_batch_inversion,100.0,whir_johnson_full,56,36|20,1,7440,640,12,32768,1,verify_sbf,8,1186123,,ok,,341,21942,508,2563,432,36,2608,505,2
whir_t100_johnson_full,transcript_full,raw_fibers,minimal_subtree,round_batch_inversion,100.0,whir_johnson_full,56,36|20,1,7440,640,12,32768,1,total_sbf,8,1201267,,ok,,341,21942,508,2563,432,36,2608,505,2
whir_t100_johnson_full,transcript_full,raw_fibers,minimal_subtree,round_batch_inversion,100.0,whir_johnson_full,56,36|20,1,7440,640,12,32768,1,verify_sbf,9,1186123,,ok,,341,21942,508,2563,432,36,2608,505,2
whir_t100_johnson_full,transcript_full,raw_fibers,minimal_subtree,round_batch_inversion,100.0,whir_johnson_full,56,36|20,1,7440,640,12,32768,1,total_sbf,9,1201267,,ok,,341,21942,508,2563,432,36,2608,505,2
whir_t100_johnson_full,transcript_full,raw_fibers,minimal_subtree,round_batch_inversion,100.0,whir_johnson_full,56,36|20,1,7440,640,12,32768,1,phase_final_round,0,61925,,ok,,0,0,0,0,0,0,2608,505,2
whir_t100_johnson_full,transcript_full,raw_fibers,minimal_subtree,round_batch_inversion,100.0,whir_johnson_full,56,36|20,1,7440,640,12,32768,1,phase_folding,0,7928,,ok,,0,0,0,0,0,0,2608,505,2
whir_t100_johnson_full,transcript_full,raw_fibers,minimal_subtree,round_batch_inversion,100.0,whir_johnson_full,56,36|20,1,7440,640,12,32768,1,phase_ood,0,7343,,ok,,0,0,0,0,0,0,2608,505,2
whir_t100_johnson_full,transcript_full,raw_fibers,minimal_subtree,round_batch_inversion,100.0,whir_johnson_full,56,36|20,1,7440,640,12,32768,1,phase_parse,0,1486,,ok,,0,0,0,0,0,0,2608,505,2
whir_t100_johnson_full,transcript_full,raw_fibers,minimal_subtree,round_batch_inversion,100.0,whir_johnson_full,56,36|20,1,7440,640,12,32768,1,phase_per_round_queries,0,1098228,,ok,,0,0,0,0,0,0,2608,505,2
whir_t100_johnson_full,transcript_full,raw_fibers,minimal_subtree,round_batch_inversion,100.0,whir_johnson_full,56,36|20,1,7440,640,12,32768,1,phase_transcript_setup,0,11663,,ok,,0,0,0,0,0,0,2608,505,2
whir_t100_johnson_full,transcript_full,raw_fibers,minimal_subtree,round_batch_inversion,100.0,whir_johnson_full,56,36|20,1,7440,640,12,32768,1,phase_final_round,1,61925,,ok,,0,0,0,0,0,0,2608,505,2
whir_t100_johnson_full,transcript_full,raw_fibers,minimal_subtree,round_batch_inversion,100.0,whir_johnson_full,56,36|20,1,7440,640,12,32768,1,phase_folding,1,7928,,ok,,0,0,0,0,0,0,2608,505,2
whir_t100_johnson_full,transcript_full,raw_fibers,minimal_subtree,round_batch_inversion,100.0,whir_johnson_full,56,36|20,1,7440,640,12,32768,1,phase_ood,1,7343,,ok,,0,0,0,0,0,0,2608,505,2
whir_t100_johnson_full,transcript_full,raw_fibers,minimal_subtree,round_batch_inversion,100.0,whir_johnson_full,56,36|20,1,7440,640,12,32768,1,phase_parse,1,1486,,ok,,0,0,0,0,0,0,2608,505,2
whir_t100_johnson_full,transcript_full,raw_fibers,minimal_subtree,round_batch_inversion,100.0,whir_johnson_full,56,36|20,1,7440,640,12,32768,1,phase_per_round_queries,1,1098228,,ok,,0,0,0,0,0,0,2608,505,2
whir_t100_johnson_full,transcript_full,raw_fibers,minimal_subtree,round_batch_inversion,100.0,whir_johnson_full,56,36|20,1,7440,640,12,32768,1,phase_transcript_setup,1,11663,,ok,,0,0,0,0,0,0,2608,505,2
whir_t100_johnson_full,transcript_full,raw_fibers,minimal_subtree,round_batch_inversion,100.0,whir_johnson_full,56,36|20,1,7440,640,12,32768,1,phase_final_round,2,61925,,ok,,0,0,0,0,0,0,2608,505,2
whir_t100_johnson_full,transcript_full,raw_fibers,minimal_subtree,round_batch_inversion,100.0,whir_johnson_full,56,36|20,1,7440,640,12,32768,1,phase_folding,2,7928,,ok,,0,0,0,0,0,0,2608,505,2
whir_t100_johnson_full,transcript_full,raw_fibers,minimal_subtree,round_batch_inversion,100.0,whir_johnson_full,56,36|20,1,7440,640,12,32768,1,phase_ood,2,7343,,ok,,0,0,0,0,0,0,2608,505,2
whir_t100_johnson_full,transcript_full,raw_fibers,minimal_subtree,round_batch_inversion,100.0,whir_johnson_full,56,36|20,1,7440,640,12,32768,1,phase_parse,2,1486,,ok,,0,0,0,0,0,0,2608,505,2
whir_t100_johnson_full,transcript_full,raw_fibers,minimal_subtree,round_batch_inversion,100.0,whir_johnson_full,56,36|20,1,7440,640,12,32768,1,phase_per_round_queries,2,1098228,,ok,,0,0,0,0,0,0,2608,505,2
whir_t100_johnson_full,transcript_full,raw_fibers,minimal_subtree,round_batch_inversion,100.0,whir_johnson_full,56,36|20,1,7440,640,12,32768,1,phase_transcript_setup,2,11663,,ok,,0,0,0,0,0,0,2608,505,2
whir_t100_johnson_full,transcript_full,raw_fibers,minimal_subtree,round_batch_inversion,100.0,whir_johnson_full,56,36|20,1,7440,640,12,32768,1,phase_final_round,3,61925,,ok,,0,0,0,0,0,0,2608,505,2
whir_t100_johnson_full,transcript_full,raw_fibers,minimal_subtree,round_batch_inversion,100.0,whir_johnson_full,56,36|20,1,7440,640,12,32768,1,phase_folding,3,7928,,ok,,0,0,0,0,0,0,2608,505,2
whir_t100_johnson_full,transcript_full,raw_fibers,minimal_subtree,round_batch_inversion,100.0,whir_johnson_full,56,36|20,1,7440,640,12,32768,1,phase_ood,3,7343,,ok,,0,0,0,0,0,0,2608,505,2
whir_t100_johnson_full,transcript_full,raw_fibers,minimal_subtree,round_batch_inversion,100.0,whir_johnson_full,56,36|20,1,7440,640,12,32768,1,phase_parse,3,1486,,ok,,0,0,0,0,0,0,2608,505,2
whir_t100_johnson_full,transcript_full,raw_fibers,minimal_subtree,round_batch_inversion,100.0,whir_johnson_full,56,36|20,1,7440,640,12,32768,1,phase_per_round_queries,3,1098228,,ok,,0,0,0,0,0,0,2608,505,2
whir_t100_johnson_full,transcript_full,raw_fibers,minimal_subtree,round_batch_inversion,100.0,whir_johnson_full,56,36|20,1,7440,640,12,32768,1,phase_transcript_setup,3,11663,,ok,,0,0,0,0,0,0,2608,505,2
whir_t100_johnson_full,transcript_full,raw_fibers,minimal_subtree,round_batch_inversion,100.0,whir_johnson_full,56,36|20,1,7440,640,12,32768,1,phase_final_round,4,61925,,ok,,0,0,0,0,0,0,2608,505,2
whir_t100_johnson_full,transcript_full,raw_fibers,minimal_subtree,round_batch_inversion,100.0,whir_johnson_full,56,36|20,1,7440,640,12,32768,1,phase_folding,4,7928,,ok,,0,0,0,0,0,0,2608,505,2
whir_t100_johnson_full,transcript_full,raw_fibers,minimal_subtree,round_batch_inversion,100.0,whir_johnson_full,56,36|20,1,7440,640,12,32768,1,phase_ood,4,7343,,ok,,0,0,0,0,0,0,2608,505,2
whir_t100_johnson_full,transcript_full,raw_fibers,minimal_subtree,round_batch_inversion,100.0,whir_johnson_full,56,36|20,1,7440,640,12,32768,1,phase_parse,4,1486,,ok,,0,0,0,0,0,0,2608,505,2
whir_t100_johnson_full,transcript_full,raw_fibers,minimal_subtree,round_batch_inversion,100.0,whir_johnson_full,56,36|20,1,7440,640,12,32768,1,phase_per_round_queries,4,1098228,,ok,,0,0,0,0,0,0,2608,505,2
whir_t100_johnson_full,transcript_full,raw_fibers,minimal_subtree,round_batch_inversion,100.0,whir_johnson_full,56,36|20,1,7440,640,12,32768,1,phase_transcript_setup,4,11663,,ok,,0,0,0,0,0,0,2608,505,2
whir_t100_johnson_full,transcript_full,raw_fibers,minimal_subtree,round_batch_inversion,100.0,whir_johnson_full,56,36|20,1,7440,640,12,32768,1,phase_final_round,5,61925,,ok,,0,0,0,0,0,0,2608,505,2
whir_t100_johnson_full,transcript_full,raw_fibers,minimal_subtree,round_batch_inversion,100.0,whir_johnson_full,56,36|20,1,7440,640,12,32768,1,phase_folding,5,7928,,ok,,0,0,0,0,0,0,2608,505,2
whir_t100_johnson_full,transcript_full,raw_fibers,minimal_subtree,round_batch_inversion,100.0,whir_johnson_full,56,36|20,1,7440,640,12,32768,1,phase_ood,5,7343,,ok,,0,0,0,0,0,0,2608,505,2
whir_t100_johnson_full,transcript_full,raw_fibers,minimal_subtree,round_batch_inversion,100.0,whir_johnson_full,56,36|20,1,7440,640,12,32768,1,phase_parse,5,1486,,ok,,0,0,0,0,0,0,2608,505,2
whir_t100_johnson_full,transcript_full,raw_fibers,minimal_subtree,round_batch_inversion,100.0,whir_johnson_full,56,36|20,1,7440,640,12,32768,1,phase_per_round_queries,5,1098228,,ok,,0,0,0,0,0,0,2608,505,2
whir_t100_johnson_full,transcript_full,raw_fibers,minimal_subtree,round_batch_inversion,100.0,whir_johnson_full,56,36|20,1,7440,640,12,32768,1,phase_transcript_setup,5,11663,,ok,,0,0,0,0,0,0,2608,505,2
whir_t100_johnson_full,transcript_full,raw_fibers,minimal_subtree,round_batch_inversion,100.0,whir_johnson_full,56,36|20,1,7440,640,12,32768,1,phase_final_round,6,61925,,ok,,0,0,0,0,0,0,2608,505,2
whir_t100_johnson_full,transcript_full,raw_fibers,minimal_subtree,round_batch_inversion,100.0,whir_johnson_full,56,36|20,1,7440,640,12,32768,1,phase_folding,6,7928,,ok,,0,0,0,0,0,0,2608,505,2
whir_t100_johnson_full,transcript_full,raw_fibers,minimal_subtree,round_batch_inversion,100.0,whir_johnson_full,56,36|20,1,7440,640,12,32768,1,phase_ood,6,7343,,ok,,0,0,0,0,0,0,2608,505,2
whir_t100_johnson_full,transcript_full,raw_fibers,minimal_subtree,round_batch_inversion,100.0,whir_johnson_full,56,36|20,1,7440,640,12,32768,1,phase_parse,6,1486,,ok,,0,0,0,0,0,0,2608,505,2
whir_t100_johnson_full,transcript_full,raw_fibers,minimal_subtree,round_batch_inversion,100.0,whir_johnson_full,56,36|20,1,7440,640,12,32768,1,phase_per_round_queries,6,1098228,,ok,,0,0,0,0,0,0,2608,505,2
whir_t100_johnson_full,transcript_full,raw_fibers,minimal_subtree,round_batch_inversion,100.0,whir_johnson_full,56,36|20,1,7440,640,12,32768,1,phase_transcript_setup,6,11663,,ok,,0,0,0,0,0,0,2608,505,2
whir_t100_johnson_full,transcript_full,raw_fibers,minimal_subtree,round_batch_inversion,100.0,whir_johnson_full,56,36|20,1,7440,640,12,32768,1,phase_final_round,7,61925,,ok,,0,0,0,0,0,0,2608,505,2
whir_t100_johnson_full,transcript_full,raw_fibers,minimal_subtree,round_batch_inversion,100.0,whir_johnson_full,56,36|20,1,7440,640,12,32768,1,phase_folding,7,7928,,ok,,0,0,0,0,0,0,2608,505,2
whir_t100_johnson_full,transcript_full,raw_fibers,minimal_subtree,round_batch_inversion,100.0,whir_johnson_full,56,36|20,1,7440,640,12,32768,1,phase_ood,7,7343,,ok,,0,0,0,0,0,0,2608,505,2
whir_t100_johnson_full,transcript_full,raw_fibers,minimal_subtree,round_batch_inversion,100.0,whir_johnson_full,56,36|20,1,7440,640,12,32768,1,phase_parse,7,1486,,ok,,0,0,0,0,0,0,2608,505,2
whir_t100_johnson_full,transcript_full,raw_fibers,minimal_subtree,round_batch_inversion,100.0,whir_johnson_full,56,36|20,1,7440,640,12,32768,1,phase_per_round_queries,7,1098228,,ok,,0,0,0,0,0,0,2608,505,2
whir_t100_johnson_full,transcript_full,raw_fibers,minimal_subtree,round_batch_inversion,100.0,whir_johnson_full,56,36|20,1,7440,640,12,32768,1,phase_transcript_setup,7,11663,,ok,,0,0,0,0,0,0,2608,505,2
whir_t100_johnson_full,transcript_full,raw_fibers,minimal_subtree,round_batch_inversion,100.0,whir_johnson_full,56,36|20,1,7440,640,12,32768,1,phase_final_round,8,61925,,ok,,0,0,0,0,0,0,2608,505,2
whir_t100_johnson_full,transcript_full,raw_fibers,minimal_subtree,round_batch_inversion,100.0,whir_johnson_full,56,36|20,1,7440,640,12,32768,1,phase_folding,8,7928,,ok,,0,0,0,0,0,0,2608,505,2
whir_t100_johnson_full,transcript_full,raw_fibers,minimal_subtree,round_batch_inversion,100.0,whir_johnson_full,56,36|20,1,7440,640,12,32768,1,phase_ood,8,7343,,ok,,0,0,0,0,0,0,2608,505,2
whir_t100_johnson_full,transcript_full,raw_fibers,minimal_subtree,round_batch_inversion,100.0,whir_johnson_full,56,36|20,1,7440,640,12,32768,1,phase_parse,8,1486,,ok,,0,0,0,0,0,0,2608,505,2
whir_t100_johnson_full,transcript_full,raw_fibers,minimal_subtree,round_batch_inversion,100.0,whir_johnson_full,56,36|20,1,7440,640,12,32768,1,phase_per_round_queries,8,1098228,,ok,,0,0,0,0,0,0,2608,505,2
whir_t100_johnson_full,transcript_full,raw_fibers,minimal_subtree,round_batch_inversion,100.0,whir_johnson_full,56,36|20,1,7440,640,12,32768,1,phase_transcript_setup,8,11663,,ok,,0,0,0,0,0,0,2608,505,2
whir_t100_johnson_full,transcript_full,raw_fibers,minimal_subtree,round_batch_inversion,100.0,whir_johnson_full,56,36|20,1,7440,640,12,32768,1,phase_final_round,9,61925,,ok,,0,0,0,0,0,0,2608,505,2
whir_t100_johnson_full,transcript_full,raw_fibers,minimal_subtree,round_batch_inversion,100.0,whir_johnson_full,56,36|20,1,7440,640,12,32768,1,phase_folding,9,7928,,ok,,0,0,0,0,0,0,2608,505,2
whir_t100_johnson_full,transcript_full,raw_fibers,minimal_subtree,round_batch_inversion,100.0,whir_johnson_full,56,36|20,1,7440,640,12,32768,1,phase_ood,9,7343,,ok,,0,0,0,0,0,0,2608,505,2
whir_t100_johnson_full,transcript_full,raw_fibers,minimal_subtree,round_batch_inversion,100.0,whir_johnson_full,56,36|20,1,7440,640,12,32768,1,phase_parse,9,1486,,ok,,0,0,0,0,0,0,2608,505,2
whir_t100_johnson_full,transcript_full,raw_fibers,minimal_subtree,round_batch_inversion,100.0,whir_johnson_full,56,36|20,1,7440,640,12,32768,1,phase_per_round_queries,9,1098228,,ok,,0,0,0,0,0,0,2608,505,2
whir_t100_johnson_full,transcript_full,raw_fibers,minimal_subtree,round_batch_inversion,100.0,whir_johnson_full,56,36|20,1,7440,640,12,32768,1,phase_transcript_setup,9,11663,,ok,,0,0,0,0,0,0,2608,505,2
whir_t100_johnson_full,transcript_full,local_interpolant,minimal_subtree,per_query_inversion,100.0,whir_johnson_full,56,36|20,1,7440,640,12,32768,1,host_verify,0,,11544167,ok,,341,21942,508,4623,324,36,5788,432,72
whir_t100_johnson_full,transcript_full,local_interpolant,minimal_subtree,per_query_inversion,100.0,whir_johnson_full,56,36|20,1,7440,640,12,0,0,upload_total,0,15144,,ok,,0,0,0,0,0,0,5788,432,72
whir_t100_johnson_full,transcript_full,local_interpolant,minimal_subtree,per_query_inversion,100.0,whir_johnson_full,56,36|20,1,7440,640,12,32768,1,verify_sbf,0,1272143,,ok,,341,21942,508,4623,324,36,5788,432,72
whir_t100_johnson_full,transcript_full,local_interpolant,minimal_subtree,per_query_inversion,100.0,whir_johnson_full,56,36|20,1,7440,640,12,32768,1,total_sbf,0,1287287,,ok,,341,21942,508,4623,324,36,5788,432,72
whir_t100_johnson_full,transcript_full,local_interpolant,minimal_subtree,per_query_inversion,100.0,whir_johnson_full,56,36|20,1,7440,640,12,32768,1,verify_sbf,1,1272143,,ok,,341,21942,508,4623,324,36,5788,432,72
whir_t100_johnson_full,transcript_full,local_interpolant,minimal_subtree,per_query_inversion,100.0,whir_johnson_full,56,36|20,1,7440,640,12,32768,1,total_sbf,1,1287287,,ok,,341,21942,508,4623,324,36,5788,432,72
whir_t100_johnson_full,transcript_full,local_interpolant,minimal_subtree,per_query_inversion,100.0,whir_johnson_full,56,36|20,1,7440,640,12,32768,1,verify_sbf,2,1272143,,ok,,341,21942,508,4623,324,36,5788,432,72
whir_t100_johnson_full,transcript_full,local_interpolant,minimal_subtree,per_query_inversion,100.0,whir_johnson_full,56,36|20,1,7440,640,12,32768,1,total_sbf,2,1287287,,ok,,341,21942,508,4623,324,36,5788,432,72
whir_t100_johnson_full,transcript_full,local_interpolant,minimal_subtree,per_query_inversion,100.0,whir_johnson_full,56,36|20,1,7440,640,12,32768,1,verify_sbf,3,1272143,,ok,,341,21942,508,4623,324,36,5788,432,72
whir_t100_johnson_full,transcript_full,local_interpolant,minimal_subtree,per_query_inversion,100.0,whir_johnson_full,56,36|20,1,7440,640,12,32768,1,total_sbf,3,1287287,,ok,,341,21942,508,4623,324,36,5788,432,72
whir_t100_johnson_full,transcript_full,local_interpolant,minimal_subtree,per_query_inversion,100.0,whir_johnson_full,56,36|20,1,7440,640,12,32768,1,verify_sbf,4,1272143,,ok,,341,21942,508,4623,324,36,5788,432,72
whir_t100_johnson_full,transcript_full,local_interpolant,minimal_subtree,per_query_inversion,100.0,whir_johnson_full,56,36|20,1,7440,640,12,32768,1,total_sbf,4,1287287,,ok,,341,21942,508,4623,324,36,5788,432,72
whir_t100_johnson_full,transcript_full,local_interpolant,minimal_subtree,per_query_inversion,100.0,whir_johnson_full,56,36|20,1,7440,640,12,32768,1,verify_sbf,5,1272143,,ok,,341,21942,508,4623,324,36,5788,432,72
whir_t100_johnson_full,transcript_full,local_interpolant,minimal_subtree,per_query_inversion,100.0,whir_johnson_full,56,36|20,1,7440,640,12,32768,1,total_sbf,5,1287287,,ok,,341,21942,508,4623,324,36,5788,432,72
whir_t100_johnson_full,transcript_full,local_interpolant,minimal_subtree,per_query_inversion,100.0,whir_johnson_full,56,36|20,1,7440,640,12,32768,1,verify_sbf,6,1272143,,ok,,341,21942,508,4623,324,36,5788,432,72
whir_t100_johnson_full,transcript_full,local_interpolant,minimal_subtree,per_query_inversion,100.0,whir_johnson_full,56,36|20,1,7440,640,12,32768,1,total_sbf,6,1287287,,ok,,341,21942,508,4623,324,36,5788,432,72
whir_t100_johnson_full,transcript_full,local_interpolant,minimal_subtree,per_query_inversion,100.0,whir_johnson_full,56,36|20,1,7440,640,12,32768,1,verify_sbf,7,1272143,,ok,,341,21942,508,4623,324,36,5788,432,72
whir_t100_johnson_full,transcript_full,local_interpolant,minimal_subtree,per_query_inversion,100.0,whir_johnson_full,56,36|20,1,7440,640,12,32768,1,total_sbf,7,1287287,,ok,,341,21942,508,4623,324,36,5788,432,72
whir_t100_johnson_full,transcript_full,local_interpolant,minimal_subtree,per_query_inversion,100.0,whir_johnson_full,56,36|20,1,7440,640,12,32768,1,verify_sbf,8,1272143,,ok,,341,21942,508,4623,324,36,5788,432,72
whir_t100_johnson_full,transcript_full,local_interpolant,minimal_subtree,per_query_inversion,100.0,whir_johnson_full,56,36|20,1,7440,640,12,32768,1,total_sbf,8,1287287,,ok,,341,21942,508,4623,324,36,5788,432,72
whir_t100_johnson_full,transcript_full,local_interpolant,minimal_subtree,per_query_inversion,100.0,whir_johnson_full,56,36|20,1,7440,640,12,32768,1,verify_sbf,9,1272143,,ok,,341,21942,508,4623,324,36,5788,432,72
whir_t100_johnson_full,transcript_full,local_interpolant,minimal_subtree,per_query_inversion,100.0,whir_johnson_full,56,36|20,1,7440,640,12,32768,1,total_sbf,9,1287287,,ok,,341,21942,508,4623,324,36,5788,432,72
whir_t100_johnson_full,transcript_full,local_interpolant,minimal_subtree,per_query_inversion,100.0,whir_johnson_full,56,36|20,1,7440,640,12,32768,1,phase_final_round,0,61894,,ok,,0,0,0,0,0,0,5788,432,72
whir_t100_johnson_full,transcript_full,local_interpolant,minimal_subtree,per_query_inversion,100.0,whir_johnson_full,56,36|20,1,7440,640,12,32768,1,phase_folding,0,7924,,ok,,0,0,0,0,0,0,5788,432,72
whir_t100_johnson_full,transcript_full,local_interpolant,minimal_subtree,per_query_inversion,100.0,whir_johnson_full,56,36|20,1,7440,640,12,32768,1,phase_ood,0,7342,,ok,,0,0,0,0,0,0,5788,432,72
whir_t100_johnson_full,transcript_full,local_interpolant,minimal_subtree,per_query_inversion,100.0,whir_johnson_full,56,36|20,1,7440,640,12,32768,1,phase_parse,0,1488,,ok,,0,0,0,0,0,0,5788,432,72
whir_t100_johnson_full,transcript_full,local_interpolant,minimal_subtree,per_query_inversion,100.0,whir_johnson_full,56,36|20,1,7440,640,12,32768,1,phase_per_round_queries,0,1184280,,ok,,0,0,0,0,0,0,5788,432,72
whir_t100_johnson_full,transcript_full,local_interpolant,minimal_subtree,per_query_inversion,100.0,whir_johnson_full,56,36|20,1,7440,640,12,32768,1,phase_transcript_setup,0,11663,,ok,,0,0,0,0,0,0,5788,432,72
whir_t100_johnson_full,transcript_full,local_interpolant,minimal_subtree,per_query_inversion,100.0,whir_johnson_full,56,36|20,1,7440,640,12,32768,1,phase_final_round,1,61894,,ok,,0,0,0,0,0,0,5788,432,72
whir_t100_johnson_full,transcript_full,local_interpolant,minimal_subtree,per_query_inversion,100.0,whir_johnson_full,56,36|20,1,7440,640,12,32768,1,phase_folding,1,7924,,ok,,0,0,0,0,0,0,5788,432,72
whir_t100_johnson_full,transcript_full,local_interpolant,minimal_subtree,per_query_inversion,100.0,whir_johnson_full,56,36|20,1,7440,640,12,32768,1,phase_ood,1,7342,,ok,,0,0,0,0,0,0,5788,432,72
whir_t100_johnson_full,transcript_full,local_interpolant,minimal_subtree,per_query_inversion,100.0,whir_johnson_full,56,36|20,1,7440,640,12,32768,1,phase_parse,1,1488,,ok,,0,0,0,0,0,0,5788,432,72
whir_t100_johnson_full,transcript_full,local_interpolant,minimal_subtree,per_query_inversion,100.0,whir_johnson_full,56,36|20,1,7440,640,12,32768,1,phase_per_round_queries,1,1184280,,ok,,0,0,0,0,0,0,5788,432,72
whir_t100_johnson_full,transcript_full,local_interpolant,minimal_subtree,per_query_inversion,100.0,whir_johnson_full,56,36|20,1,7440,640,12,32768,1,phase_transcript_setup,1,11663,,ok,,0,0,0,0,0,0,5788,432,72
whir_t100_johnson_full,transcript_full,local_interpolant,minimal_subtree,per_query_inversion,100.0,whir_johnson_full,56,36|20,1,7440,640,12,32768,1,phase_final_round,2,61894,,ok,,0,0,0,0,0,0,5788,432,72
whir_t100_johnson_full,transcript_full,local_interpolant,minimal_subtree,per_query_inversion,100.0,whir_johnson_full,56,36|20,1,7440,640,12,32768,1,phase_folding,2,7924,,ok,,0,0,0,0,0,0,5788,432,72
whir_t100_johnson_full,transcript_full,local_interpolant,minimal_subtree,per_query_inversion,100.0,whir_johnson_full,56,36|20,1,7440,640,12,32768,1,phase_ood,2,7342,,ok,,0,0,0,0,0,0,5788,432,72
whir_t100_johnson_full,transcript_full,local_interpolant,minimal_subtree,per_query_inversion,100.0,whir_johnson_full,56,36|20,1,7440,640,12,32768,1,phase_parse,2,1488,,ok,,0,0,0,0,0,0,5788,432,72
whir_t100_johnson_full,transcript_full,local_interpolant,minimal_subtree,per_query_inversion,100.0,whir_johnson_full,56,36|20,1,7440,640,12,32768,1,phase_per_round_queries,2,1184280,,ok,,0,0,0,0,0,0,5788,432,72
whir_t100_johnson_full,transcript_full,local_interpolant,minimal_subtree,per_query_inversion,100.0,whir_johnson_full,56,36|20,1,7440,640,12,32768,1,phase_transcript_setup,2,11663,,ok,,0,0,0,0,0,0,5788,432,72
whir_t100_johnson_full,transcript_full,local_interpolant,minimal_subtree,per_query_inversion,100.0,whir_johnson_full,56,36|20,1,7440,640,12,32768,1,phase_final_round,3,61894,,ok,,0,0,0,0,0,0,5788,432,72
whir_t100_johnson_full,transcript_full,local_interpolant,minimal_subtree,per_query_inversion,100.0,whir_johnson_full,56,36|20,1,7440,640,12,32768,1,phase_folding,3,7924,,ok,,0,0,0,0,0,0,5788,432,72
whir_t100_johnson_full,transcript_full,local_interpolant,minimal_subtree,per_query_inversion,100.0,whir_johnson_full,56,36|20,1,7440,640,12,32768,1,phase_ood,3,7342,,ok,,0,0,0,0,0,0,5788,432,72
whir_t100_johnson_full,transcript_full,local_interpolant,minimal_subtree,per_query_inversion,100.0,whir_johnson_full,56,36|20,1,7440,640,12,32768,1,phase_parse,3,1488,,ok,,0,0,0,0,0,0,5788,432,72
whir_t100_johnson_full,transcript_full,local_interpolant,minimal_subtree,per_query_inversion,100.0,whir_johnson_full,56,36|20,1,7440,640,12,32768,1,phase_per_round_queries,3,1184280,,ok,,0,0,0,0,0,0,5788,432,72
whir_t100_johnson_full,transcript_full,local_interpolant,minimal_subtree,per_query_inversion,100.0,whir_johnson_full,56,36|20,1,7440,640,12,32768,1,phase_transcript_setup,3,11663,,ok,,0,0,0,0,0,0,5788,432,72
whir_t100_johnson_full,transcript_full,local_interpolant,minimal_subtree,per_query_inversion,100.0,whir_johnson_full,56,36|20,1,7440,640,12,32768,1,phase_final_round,4,61894,,ok,,0,0,0,0,0,0,5788,432,72
whir_t100_johnson_full,transcript_full,local_interpolant,minimal_subtree,per_query_inversion,100.0,whir_johnson_full,56,36|20,1,7440,640,12,32768,1,phase_folding,4,7924,,ok,,0,0,0,0,0,0,5788,432,72
whir_t100_johnson_full,transcript_full,local_interpolant,minimal_subtree,per_query_inversion,100.0,whir_johnson_full,56,36|20,1,7440,640,12,32768,1,phase_ood,4,7342,,ok,,0,0,0,0,0,0,5788,432,72
whir_t100_johnson_full,transcript_full,local_interpolant,minimal_subtree,per_query_inversion,100.0,whir_johnson_full,56,36|20,1,7440,640,12,32768,1,phase_parse,4,1488,,ok,,0,0,0,0,0,0,5788,432,72
whir_t100_johnson_full,transcript_full,local_interpolant,minimal_subtree,per_query_inversion,100.0,whir_johnson_full,56,36|20,1,7440,640,12,32768,1,phase_per_round_queries,4,1184280,,ok,,0,0,0,0,0,0,5788,432,72
whir_t100_johnson_full,transcript_full,local_interpolant,minimal_subtree,per_query_inversion,100.0,whir_johnson_full,56,36|20,1,7440,640,12,32768,1,phase_transcript_setup,4,11663,,ok,,0,0,0,0,0,0,5788,432,72
whir_t100_johnson_full,transcript_full,local_interpolant,minimal_subtree,per_query_inversion,100.0,whir_johnson_full,56,36|20,1,7440,640,12,32768,1,phase_final_round,5,61894,,ok,,0,0,0,0,0,0,5788,432,72
whir_t100_johnson_full,transcript_full,local_interpolant,minimal_subtree,per_query_inversion,100.0,whir_johnson_full,56,36|20,1,7440,640,12,32768,1,phase_folding,5,7924,,ok,,0,0,0,0,0,0,5788,432,72
whir_t100_johnson_full,transcript_full,local_interpolant,minimal_subtree,per_query_inversion,100.0,whir_johnson_full,56,36|20,1,7440,640,12,32768,1,phase_ood,5,7342,,ok,,0,0,0,0,0,0,5788,432,72
whir_t100_johnson_full,transcript_full,local_interpolant,minimal_subtree,per_query_inversion,100.0,whir_johnson_full,56,36|20,1,7440,640,12,32768,1,phase_parse,5,1488,,ok,,0,0,0,0,0,0,5788,432,72
whir_t100_johnson_full,transcript_full,local_interpolant,minimal_subtree,per_query_inversion,100.0,whir_johnson_full,56,36|20,1,7440,640,12,32768,1,phase_per_round_queries,5,1184280,,ok,,0,0,0,0,0,0,5788,432,72
whir_t100_johnson_full,transcript_full,local_interpolant,minimal_subtree,per_query_inversion,100.0,whir_johnson_full,56,36|20,1,7440,640,12,32768,1,phase_transcript_setup,5,11663,,ok,,0,0,0,0,0,0,5788,432,72
whir_t100_johnson_full,transcript_full,local_interpolant,minimal_subtree,per_query_inversion,100.0,whir_johnson_full,56,36|20,1,7440,640,12,32768,1,phase_final_round,6,61894,,ok,,0,0,0,0,0,0,5788,432,72
whir_t100_johnson_full,transcript_full,local_interpolant,minimal_subtree,per_query_inversion,100.0,whir_johnson_full,56,36|20,1,7440,640,12,32768,1,phase_folding,6,7924,,ok,,0,0,0,0,0,0,5788,432,72
whir_t100_johnson_full,transcript_full,local_interpolant,minimal_subtree,per_query_inversion,100.0,whir_johnson_full,56,36|20,1,7440,640,12,32768,1,phase_ood,6,7342,,ok,,0,0,0,0,0,0,5788,432,72
whir_t100_johnson_full,transcript_full,local_interpolant,minimal_subtree,per_query_inversion,100.0,whir_johnson_full,56,36|20,1,7440,640,12,32768,1,phase_parse,6,1488,,ok,,0,0,0,0,0,0,5788,432,72
whir_t100_johnson_full,transcript_full,local_interpolant,minimal_subtree,per_query_inversion,100.0,whir_johnson_full,56,36|20,1,7440,640,12,32768,1,phase_per_round_queries,6,1184280,,ok,,0,0,0,0,0,0,5788,432,72
whir_t100_johnson_full,transcript_full,local_interpolant,minimal_subtree,per_query_inversion,100.0,whir_johnson_full,56,36|20,1,7440,640,12,32768,1,phase_transcript_setup,6,11663,,ok,,0,0,0,0,0,0,5788,432,72
whir_t100_johnson_full,transcript_full,local_interpolant,minimal_subtree,per_query_inversion,100.0,whir_johnson_full,56,36|20,1,7440,640,12,32768,1,phase_final_round,7,61894,,ok,,0,0,0,0,0,0,5788,432,72
whir_t100_johnson_full,transcript_full,local_interpolant,minimal_subtree,per_query_inversion,100.0,whir_johnson_full,56,36|20,1,7440,640,12,32768,1,phase_folding,7,7924,,ok,,0,0,0,0,0,0,5788,432,72
whir_t100_johnson_full,transcript_full,local_interpolant,minimal_subtree,per_query_inversion,100.0,whir_johnson_full,56,36|20,1,7440,640,12,32768,1,phase_ood,7,7342,,ok,,0,0,0,0,0,0,5788,432,72
whir_t100_johnson_full,transcript_full,local_interpolant,minimal_subtree,per_query_inversion,100.0,whir_johnson_full,56,36|20,1,7440,640,12,32768,1,phase_parse,7,1488,,ok,,0,0,0,0,0,0,5788,432,72
whir_t100_johnson_full,transcript_full,local_interpolant,minimal_subtree,per_query_inversion,100.0,whir_johnson_full,56,36|20,1,7440,640,12,32768,1,phase_per_round_queries,7,1184280,,ok,,0,0,0,0,0,0,5788,432,72
whir_t100_johnson_full,transcript_full,local_interpolant,minimal_subtree,per_query_inversion,100.0,whir_johnson_full,56,36|20,1,7440,640,12,32768,1,phase_transcript_setup,7,11663,,ok,,0,0,0,0,0,0,5788,432,72
whir_t100_johnson_full,transcript_full,local_interpolant,minimal_subtree,per_query_inversion,100.0,whir_johnson_full,56,36|20,1,7440,640,12,32768,1,phase_final_round,8,61894,,ok,,0,0,0,0,0,0,5788,432,72
whir_t100_johnson_full,transcript_full,local_interpolant,minimal_subtree,per_query_inversion,100.0,whir_johnson_full,56,36|20,1,7440,640,12,32768,1,phase_folding,8,7924,,ok,,0,0,0,0,0,0,5788,432,72
whir_t100_johnson_full,transcript_full,local_interpolant,minimal_subtree,per_query_inversion,100.0,whir_johnson_full,56,36|20,1,7440,640,12,32768,1,phase_ood,8,7342,,ok,,0,0,0,0,0,0,5788,432,72
whir_t100_johnson_full,transcript_full,local_interpolant,minimal_subtree,per_query_inversion,100.0,whir_johnson_full,56,36|20,1,7440,640,12,32768,1,phase_parse,8,1488,,ok,,0,0,0,0,0,0,5788,432,72
whir_t100_johnson_full,transcript_full,local_interpolant,minimal_subtree,per_query_inversion,100.0,whir_johnson_full,56,36|20,1,7440,640,12,32768,1,phase_per_round_queries,8,1184280,,ok,,0,0,0,0,0,0,5788,432,72
whir_t100_johnson_full,transcript_full,local_interpolant,minimal_subtree,per_query_inversion,100.0,whir_johnson_full,56,36|20,1,7440,640,12,32768,1,phase_transcript_setup,8,11663,,ok,,0,0,0,0,0,0,5788,432,72
whir_t100_johnson_full,transcript_full,local_interpolant,minimal_subtree,per_query_inversion,100.0,whir_johnson_full,56,36|20,1,7440,640,12,32768,1,phase_final_round,9,61894,,ok,,0,0,0,0,0,0,5788,432,72
whir_t100_johnson_full,transcript_full,local_interpolant,minimal_subtree,per_query_inversion,100.0,whir_johnson_full,56,36|20,1,7440,640,12,32768,1,phase_folding,9,7924,,ok,,0,0,0,0,0,0,5788,432,72
whir_t100_johnson_full,transcript_full,local_interpolant,minimal_subtree,per_query_inversion,100.0,whir_johnson_full,56,36|20,1,7440,640,12,32768,1,phase_ood,9,7342,,ok,,0,0,0,0,0,0,5788,432,72
whir_t100_johnson_full,transcript_full,local_interpolant,minimal_subtree,per_query_inversion,100.0,whir_johnson_full,56,36|20,1,7440,640,12,32768,1,phase_parse,9,1488,,ok,,0,0,0,0,0,0,5788,432,72
whir_t100_johnson_full,transcript_full,local_interpolant,minimal_subtree,per_query_inversion,100.0,whir_johnson_full,56,36|20,1,7440,640,12,32768,1,phase_per_round_queries,9,1184280,,ok,,0,0,0,0,0,0,5788,432,72
whir_t100_johnson_full,transcript_full,local_interpolant,minimal_subtree,per_query_inversion,100.0,whir_johnson_full,56,36|20,1,7440,640,12,32768,1,phase_transcript_setup,9,11663,,ok,,0,0,0,0,0,0,5788,432,72
whir_t100_johnson_full,transcript_full,local_interpolant,minimal_subtree,round_batch_inversion,100.0,whir_johnson_full,56,36|20,1,7440,640,12,32768,1,host_verify,0,,8835875,ok,,341,21942,508,2707,432,36,2752,505,2
whir_t100_johnson_full,transcript_full,local_interpolant,minimal_subtree,round_batch_inversion,100.0,whir_johnson_full,56,36|20,1,7440,640,12,0,0,upload_total,0,15144,,ok,,0,0,0,0,0,0,2752,505,2
whir_t100_johnson_full,transcript_full,local_interpolant,minimal_subtree,round_batch_inversion,100.0,whir_johnson_full,56,36|20,1,7440,640,12,32768,1,verify_sbf,0,1193518,,ok,,341,21942,508,2707,432,36,2752,505,2
whir_t100_johnson_full,transcript_full,local_interpolant,minimal_subtree,round_batch_inversion,100.0,whir_johnson_full,56,36|20,1,7440,640,12,32768,1,total_sbf,0,1208662,,ok,,341,21942,508,2707,432,36,2752,505,2
whir_t100_johnson_full,transcript_full,local_interpolant,minimal_subtree,round_batch_inversion,100.0,whir_johnson_full,56,36|20,1,7440,640,12,32768,1,verify_sbf,1,1193518,,ok,,341,21942,508,2707,432,36,2752,505,2
whir_t100_johnson_full,transcript_full,local_interpolant,minimal_subtree,round_batch_inversion,100.0,whir_johnson_full,56,36|20,1,7440,640,12,32768,1,total_sbf,1,1208662,,ok,,341,21942,508,2707,432,36,2752,505,2
whir_t100_johnson_full,transcript_full,local_interpolant,minimal_subtree,round_batch_inversion,100.0,whir_johnson_full,56,36|20,1,7440,640,12,32768,1,verify_sbf,2,1193518,,ok,,341,21942,508,2707,432,36,2752,505,2
whir_t100_johnson_full,transcript_full,local_interpolant,minimal_subtree,round_batch_inversion,100.0,whir_johnson_full,56,36|20,1,7440,640,12,32768,1,total_sbf,2,1208662,,ok,,341,21942,508,2707,432,36,2752,505,2
whir_t100_johnson_full,transcript_full,local_interpolant,minimal_subtree,round_batch_inversion,100.0,whir_johnson_full,56,36|20,1,7440,640,12,32768,1,verify_sbf,3,1193518,,ok,,341,21942,508,2707,432,36,2752,505,2
whir_t100_johnson_full,transcript_full,local_interpolant,minimal_subtree,round_batch_inversion,100.0,whir_johnson_full,56,36|20,1,7440,640,12,32768,1,total_sbf,3,1208662,,ok,,341,21942,508,2707,432,36,2752,505,2
whir_t100_johnson_full,transcript_full,local_interpolant,minimal_subtree,round_batch_inversion,100.0,whir_johnson_full,56,36|20,1,7440,640,12,32768,1,verify_sbf,4,1193518,,ok,,341,21942,508,2707,432,36,2752,505,2
whir_t100_johnson_full,transcript_full,local_interpolant,minimal_subtree,round_batch_inversion,100.0,whir_johnson_full,56,36|20,1,7440,640,12,32768,1,total_sbf,4,1208662,,ok,,341,21942,508,2707,432,36,2752,505,2
whir_t100_johnson_full,transcript_full,local_interpolant,minimal_subtree,round_batch_inversion,100.0,whir_johnson_full,56,36|20,1,7440,640,12,32768,1,verify_sbf,5,1193518,,ok,,341,21942,508,2707,432,36,2752,505,2
whir_t100_johnson_full,transcript_full,local_interpolant,minimal_subtree,round_batch_inversion,100.0,whir_johnson_full,56,36|20,1,7440,640,12,32768,1,total_sbf,5,1208662,,ok,,341,21942,508,2707,432,36,2752,505,2
whir_t100_johnson_full,transcript_full,local_interpolant,minimal_subtree,round_batch_inversion,100.0,whir_johnson_full,56,36|20,1,7440,640,12,32768,1,verify_sbf,6,1193518,,ok,,341,21942,508,2707,432,36,2752,505,2
whir_t100_johnson_full,transcript_full,local_interpolant,minimal_subtree,round_batch_inversion,100.0,whir_johnson_full,56,36|20,1,7440,640,12,32768,1,total_sbf,6,1208662,,ok,,341,21942,508,2707,432,36,2752,505,2
whir_t100_johnson_full,transcript_full,local_interpolant,minimal_subtree,round_batch_inversion,100.0,whir_johnson_full,56,36|20,1,7440,640,12,32768,1,verify_sbf,7,1193518,,ok,,341,21942,508,2707,432,36,2752,505,2
whir_t100_johnson_full,transcript_full,local_interpolant,minimal_subtree,round_batch_inversion,100.0,whir_johnson_full,56,36|20,1,7440,640,12,32768,1,total_sbf,7,1208662,,ok,,341,21942,508,2707,432,36,2752,505,2
whir_t100_johnson_full,transcript_full,local_interpolant,minimal_subtree,round_batch_inversion,100.0,whir_johnson_full,56,36|20,1,7440,640,12,32768,1,verify_sbf,8,1193518,,ok,,341,21942,508,2707,432,36,2752,505,2
whir_t100_johnson_full,transcript_full,local_interpolant,minimal_subtree,round_batch_inversion,100.0,whir_johnson_full,56,36|20,1,7440,640,12,32768,1,total_sbf,8,1208662,,ok,,341,21942,508,2707,432,36,2752,505,2
whir_t100_johnson_full,transcript_full,local_interpolant,minimal_subtree,round_batch_inversion,100.0,whir_johnson_full,56,36|20,1,7440,640,12,32768,1,verify_sbf,9,1193518,,ok,,341,21942,508,2707,432,36,2752,505,2
whir_t100_johnson_full,transcript_full,local_interpolant,minimal_subtree,round_batch_inversion,100.0,whir_johnson_full,56,36|20,1,7440,640,12,32768,1,total_sbf,9,1208662,,ok,,341,21942,508,2707,432,36,2752,505,2
whir_t100_johnson_full,transcript_full,local_interpolant,minimal_subtree,round_batch_inversion,100.0,whir_johnson_full,56,36|20,1,7440,640,12,32768,1,phase_final_round,0,61894,,ok,,0,0,0,0,0,0,2752,505,2
whir_t100_johnson_full,transcript_full,local_interpolant,minimal_subtree,round_batch_inversion,100.0,whir_johnson_full,56,36|20,1,7440,640,12,32768,1,phase_folding,0,7924,,ok,,0,0,0,0,0,0,2752,505,2
whir_t100_johnson_full,transcript_full,local_interpolant,minimal_subtree,round_batch_inversion,100.0,whir_johnson_full,56,36|20,1,7440,640,12,32768,1,phase_ood,0,7342,,ok,,0,0,0,0,0,0,2752,505,2
whir_t100_johnson_full,transcript_full,local_interpolant,minimal_subtree,round_batch_inversion,100.0,whir_johnson_full,56,36|20,1,7440,640,12,32768,1,phase_parse,0,1488,,ok,,0,0,0,0,0,0,2752,505,2
whir_t100_johnson_full,transcript_full,local_interpolant,minimal_subtree,round_batch_inversion,100.0,whir_johnson_full,56,36|20,1,7440,640,12,32768,1,phase_per_round_queries,0,1105655,,ok,,0,0,0,0,0,0,2752,505,2
whir_t100_johnson_full,transcript_full,local_interpolant,minimal_subtree,round_batch_inversion,100.0,whir_johnson_full,56,36|20,1,7440,640,12,32768,1,phase_transcript_setup,0,11663,,ok,,0,0,0,0,0,0,2752,505,2
whir_t100_johnson_full,transcript_full,local_interpolant,minimal_subtree,round_batch_inversion,100.0,whir_johnson_full,56,36|20,1,7440,640,12,32768,1,phase_final_round,1,61894,,ok,,0,0,0,0,0,0,2752,505,2
whir_t100_johnson_full,transcript_full,local_interpolant,minimal_subtree,round_batch_inversion,100.0,whir_johnson_full,56,36|20,1,7440,640,12,32768,1,phase_folding,1,7924,,ok,,0,0,0,0,0,0,2752,505,2
whir_t100_johnson_full,transcript_full,local_interpolant,minimal_subtree,round_batch_inversion,100.0,whir_johnson_full,56,36|20,1,7440,640,12,32768,1,phase_ood,1,7342,,ok,,0,0,0,0,0,0,2752,505,2
whir_t100_johnson_full,transcript_full,local_interpolant,minimal_subtree,round_batch_inversion,100.0,whir_johnson_full,56,36|20,1,7440,640,12,32768,1,phase_parse,1,1488,,ok,,0,0,0,0,0,0,2752,505,2
whir_t100_johnson_full,transcript_full,local_interpolant,minimal_subtree,round_batch_inversion,100.0,whir_johnson_full,56,36|20,1,7440,640,12,32768,1,phase_per_round_queries,1,1105655,,ok,,0,0,0,0,0,0,2752,505,2
whir_t100_johnson_full,transcript_full,local_interpolant,minimal_subtree,round_batch_inversion,100.0,whir_johnson_full,56,36|20,1,7440,640,12,32768,1,phase_transcript_setup,1,11663,,ok,,0,0,0,0,0,0,2752,505,2
whir_t100_johnson_full,transcript_full,local_interpolant,minimal_subtree,round_batch_inversion,100.0,whir_johnson_full,56,36|20,1,7440,640,12,32768,1,phase_final_round,2,61894,,ok,,0,0,0,0,0,0,2752,505,2
whir_t100_johnson_full,transcript_full,local_interpolant,minimal_subtree,round_batch_inversion,100.0,whir_johnson_full,56,36|20,1,7440,640,12,32768,1,phase_folding,2,7924,,ok,,0,0,0,0,0,0,2752,505,2
whir_t100_johnson_full,transcript_full,local_interpolant,minimal_subtree,round_batch_inversion,100.0,whir_johnson_full,56,36|20,1,7440,640,12,32768,1,phase_ood,2,7342,,ok,,0,0,0,0,0,0,2752,505,2
whir_t100_johnson_full,transcript_full,local_interpolant,minimal_subtree,round_batch_inversion,100.0,whir_johnson_full,56,36|20,1,7440,640,12,32768,1,phase_parse,2,1488,,ok,,0,0,0,0,0,0,2752,505,2
whir_t100_johnson_full,transcript_full,local_interpolant,minimal_subtree,round_batch_inversion,100.0,whir_johnson_full,56,36|20,1,7440,640,12,32768,1,phase_per_round_queries,2,1105655,,ok,,0,0,0,0,0,0,2752,505,2
whir_t100_johnson_full,transcript_full,local_interpolant,minimal_subtree,round_batch_inversion,100.0,whir_johnson_full,56,36|20,1,7440,640,12,32768,1,phase_transcript_setup,2,11663,,ok,,0,0,0,0,0,0,2752,505,2
whir_t100_johnson_full,transcript_full,local_interpolant,minimal_subtree,round_batch_inversion,100.0,whir_johnson_full,56,36|20,1,7440,640,12,32768,1,phase_final_round,3,61894,,ok,,0,0,0,0,0,0,2752,505,2
whir_t100_johnson_full,transcript_full,local_interpolant,minimal_subtree,round_batch_inversion,100.0,whir_johnson_full,56,36|20,1,7440,640,12,32768,1,phase_folding,3,7924,,ok,,0,0,0,0,0,0,2752,505,2
whir_t100_johnson_full,transcript_full,local_interpolant,minimal_subtree,round_batch_inversion,100.0,whir_johnson_full,56,36|20,1,7440,640,12,32768,1,phase_ood,3,7342,,ok,,0,0,0,0,0,0,2752,505,2
whir_t100_johnson_full,transcript_full,local_interpolant,minimal_subtree,round_batch_inversion,100.0,whir_johnson_full,56,36|20,1,7440,640,12,32768,1,phase_parse,3,1488,,ok,,0,0,0,0,0,0,2752,505,2
whir_t100_johnson_full,transcript_full,local_interpolant,minimal_subtree,round_batch_inversion,100.0,whir_johnson_full,56,36|20,1,7440,640,12,32768,1,phase_per_round_queries,3,1105655,,ok,,0,0,0,0,0,0,2752,505,2
whir_t100_johnson_full,transcript_full,local_interpolant,minimal_subtree,round_batch_inversion,100.0,whir_johnson_full,56,36|20,1,7440,640,12,32768,1,phase_transcript_setup,3,11663,,ok,,0,0,0,0,0,0,2752,505,2
whir_t100_johnson_full,transcript_full,local_interpolant,minimal_subtree,round_batch_inversion,100.0,whir_johnson_full,56,36|20,1,7440,640,12,32768,1,phase_final_round,4,61894,,ok,,0,0,0,0,0,0,2752,505,2
whir_t100_johnson_full,transcript_full,local_interpolant,minimal_subtree,round_batch_inversion,100.0,whir_johnson_full,56,36|20,1,7440,640,12,32768,1,phase_folding,4,7924,,ok,,0,0,0,0,0,0,2752,505,2
whir_t100_johnson_full,transcript_full,local_interpolant,minimal_subtree,round_batch_inversion,100.0,whir_johnson_full,56,36|20,1,7440,640,12,32768,1,phase_ood,4,7342,,ok,,0,0,0,0,0,0,2752,505,2
whir_t100_johnson_full,transcript_full,local_interpolant,minimal_subtree,round_batch_inversion,100.0,whir_johnson_full,56,36|20,1,7440,640,12,32768,1,phase_parse,4,1488,,ok,,0,0,0,0,0,0,2752,505,2
whir_t100_johnson_full,transcript_full,local_interpolant,minimal_subtree,round_batch_inversion,100.0,whir_johnson_full,56,36|20,1,7440,640,12,32768,1,phase_per_round_queries,4,1105655,,ok,,0,0,0,0,0,0,2752,505,2
whir_t100_johnson_full,transcript_full,local_interpolant,minimal_subtree,round_batch_inversion,100.0,whir_johnson_full,56,36|20,1,7440,640,12,32768,1,phase_transcript_setup,4,11663,,ok,,0,0,0,0,0,0,2752,505,2
whir_t100_johnson_full,transcript_full,local_interpolant,minimal_subtree,round_batch_inversion,100.0,whir_johnson_full,56,36|20,1,7440,640,12,32768,1,phase_final_round,5,61894,,ok,,0,0,0,0,0,0,2752,505,2
whir_t100_johnson_full,transcript_full,local_interpolant,minimal_subtree,round_batch_inversion,100.0,whir_johnson_full,56,36|20,1,7440,640,12,32768,1,phase_folding,5,7924,,ok,,0,0,0,0,0,0,2752,505,2
whir_t100_johnson_full,transcript_full,local_interpolant,minimal_subtree,round_batch_inversion,100.0,whir_johnson_full,56,36|20,1,7440,640,12,32768,1,phase_ood,5,7342,,ok,,0,0,0,0,0,0,2752,505,2
whir_t100_johnson_full,transcript_full,local_interpolant,minimal_subtree,round_batch_inversion,100.0,whir_johnson_full,56,36|20,1,7440,640,12,32768,1,phase_parse,5,1488,,ok,,0,0,0,0,0,0,2752,505,2
whir_t100_johnson_full,transcript_full,local_interpolant,minimal_subtree,round_batch_inversion,100.0,whir_johnson_full,56,36|20,1,7440,640,12,32768,1,phase_per_round_queries,5,1105655,,ok,,0,0,0,0,0,0,2752,505,2
whir_t100_johnson_full,transcript_full,local_interpolant,minimal_subtree,round_batch_inversion,100.0,whir_johnson_full,56,36|20,1,7440,640,12,32768,1,phase_transcript_setup,5,11663,,ok,,0,0,0,0,0,0,2752,505,2
whir_t100_johnson_full,transcript_full,local_interpolant,minimal_subtree,round_batch_inversion,100.0,whir_johnson_full,56,36|20,1,7440,640,12,32768,1,phase_final_round,6,61894,,ok,,0,0,0,0,0,0,2752,505,2
whir_t100_johnson_full,transcript_full,local_interpolant,minimal_subtree,round_batch_inversion,100.0,whir_johnson_full,56,36|20,1,7440,640,12,32768,1,phase_folding,6,7924,,ok,,0,0,0,0,0,0,2752,505,2
whir_t100_johnson_full,transcript_full,local_interpolant,minimal_subtree,round_batch_inversion,100.0,whir_johnson_full,56,36|20,1,7440,640,12,32768,1,phase_ood,6,7342,,ok,,0,0,0,0,0,0,2752,505,2
whir_t100_johnson_full,transcript_full,local_interpolant,minimal_subtree,round_batch_inversion,100.0,whir_johnson_full,56,36|20,1,7440,640,12,32768,1,phase_parse,6,1488,,ok,,0,0,0,0,0,0,2752,505,2
whir_t100_johnson_full,transcript_full,local_interpolant,minimal_subtree,round_batch_inversion,100.0,whir_johnson_full,56,36|20,1,7440,640,12,32768,1,phase_per_round_queries,6,1105655,,ok,,0,0,0,0,0,0,2752,505,2
whir_t100_johnson_full,transcript_full,local_interpolant,minimal_subtree,round_batch_inversion,100.0,whir_johnson_full,56,36|20,1,7440,640,12,32768,1,phase_transcript_setup,6,11663,,ok,,0,0,0,0,0,0,2752,505,2
whir_t100_johnson_full,transcript_full,local_interpolant,minimal_subtree,round_batch_inversion,100.0,whir_johnson_full,56,36|20,1,7440,640,12,32768,1,phase_final_round,7,61894,,ok,,0,0,0,0,0,0,2752,505,2
whir_t100_johnson_full,transcript_full,local_interpolant,minimal_subtree,round_batch_inversion,100.0,whir_johnson_full,56,36|20,1,7440,640,12,32768,1,phase_folding,7,7924,,ok,,0,0,0,0,0,0,2752,505,2
whir_t100_johnson_full,transcript_full,local_interpolant,minimal_subtree,round_batch_inversion,100.0,whir_johnson_full,56,36|20,1,7440,640,12,32768,1,phase_ood,7,7342,,ok,,0,0,0,0,0,0,2752,505,2
whir_t100_johnson_full,transcript_full,local_interpolant,minimal_subtree,round_batch_inversion,100.0,whir_johnson_full,56,36|20,1,7440,640,12,32768,1,phase_parse,7,1488,,ok,,0,0,0,0,0,0,2752,505,2
whir_t100_johnson_full,transcript_full,local_interpolant,minimal_subtree,round_batch_inversion,100.0,whir_johnson_full,56,36|20,1,7440,640,12,32768,1,phase_per_round_queries,7,1105655,,ok,,0,0,0,0,0,0,2752,505,2
whir_t100_johnson_full,transcript_full,local_interpolant,minimal_subtree,round_batch_inversion,100.0,whir_johnson_full,56,36|20,1,7440,640,12,32768,1,phase_transcript_setup,7,11663,,ok,,0,0,0,0,0,0,2752,505,2
whir_t100_johnson_full,transcript_full,local_interpolant,minimal_subtree,round_batch_inversion,100.0,whir_johnson_full,56,36|20,1,7440,640,12,32768,1,phase_final_round,8,61894,,ok,,0,0,0,0,0,0,2752,505,2
whir_t100_johnson_full,transcript_full,local_interpolant,minimal_subtree,round_batch_inversion,100.0,whir_johnson_full,56,36|20,1,7440,640,12,32768,1,phase_folding,8,7924,,ok,,0,0,0,0,0,0,2752,505,2
whir_t100_johnson_full,transcript_full,local_interpolant,minimal_subtree,round_batch_inversion,100.0,whir_johnson_full,56,36|20,1,7440,640,12,32768,1,phase_ood,8,7342,,ok,,0,0,0,0,0,0,2752,505,2
whir_t100_johnson_full,transcript_full,local_interpolant,minimal_subtree,round_batch_inversion,100.0,whir_johnson_full,56,36|20,1,7440,640,12,32768,1,phase_parse,8,1488,,ok,,0,0,0,0,0,0,2752,505,2
whir_t100_johnson_full,transcript_full,local_interpolant,minimal_subtree,round_batch_inversion,100.0,whir_johnson_full,56,36|20,1,7440,640,12,32768,1,phase_per_round_queries,8,1105655,,ok,,0,0,0,0,0,0,2752,505,2
whir_t100_johnson_full,transcript_full,local_interpolant,minimal_subtree,round_batch_inversion,100.0,whir_johnson_full,56,36|20,1,7440,640,12,32768,1,phase_transcript_setup,8,11663,,ok,,0,0,0,0,0,0,2752,505,2
whir_t100_johnson_full,transcript_full,local_interpolant,minimal_subtree,round_batch_inversion,100.0,whir_johnson_full,56,36|20,1,7440,640,12,32768,1,phase_final_round,9,61894,,ok,,0,0,0,0,0,0,2752,505,2
whir_t100_johnson_full,transcript_full,local_interpolant,minimal_subtree,round_batch_inversion,100.0,whir_johnson_full,56,36|20,1,7440,640,12,32768,1,phase_folding,9,7924,,ok,,0,0,0,0,0,0,2752,505,2
whir_t100_johnson_full,transcript_full,local_interpolant,minimal_subtree,round_batch_inversion,100.0,whir_johnson_full,56,36|20,1,7440,640,12,32768,1,phase_ood,9,7342,,ok,,0,0,0,0,0,0,2752,505,2
whir_t100_johnson_full,transcript_full,local_interpolant,minimal_subtree,round_batch_inversion,100.0,whir_johnson_full,56,36|20,1,7440,640,12,32768,1,phase_parse,9,1488,,ok,,0,0,0,0,0,0,2752,505,2
whir_t100_johnson_full,transcript_full,local_interpolant,minimal_subtree,round_batch_inversion,100.0,whir_johnson_full,56,36|20,1,7440,640,12,32768,1,phase_per_round_queries,9,1105655,,ok,,0,0,0,0,0,0,2752,505,2
whir_t100_johnson_full,transcript_full,local_interpolant,minimal_subtree,round_batch_inversion,100.0,whir_johnson_full,56,36|20,1,7440,640,12,32768,1,phase_transcript_setup,9,11663,,ok,,0,0,0,0,0,0,2752,505,2
