Running as unit: v7-r30-final-d62c8dea4.scope; invocation ID: 857816b824a541228a6f248fc25c353c
CLOSURE target=V7ProductionSnapshotObserverR30ClosureAxioms modules=336 externals=12 mode=check
SOURCE_REVISION=d62c8dea4
Lean (version 4.32.0, x86_64-unknown-linux-gnu, commit 8c9756b28d64dab099da31a4c09229a9e6a2ef35, Release)
756adb168b68fd25ae1ace739ace2ef30b80638cf71b2633d74de6d9f7782fca  /home/dombarker/project-offloads/v7-r30-closure-20260930/bundle/R30-CLOSURE-MANIFEST.sha256
291eedb3eb801f74510ad509d3592ee0e682b190060cb7d3570e45f19da6c0ef  /home/dombarker/project-offloads/v7-r30-closure-20260930/bundle/R30-CLOSURE-ORDER.tsv
START target=V7CallerCurrentReleaseR26.TypesExternal source=generated/V7CallerCurrentReleaseR26/TypesExternal.lean
/home/dombarker/project-offloads/v7-r30-closure-20260930/bundle/generated/V7CallerCurrentReleaseR26/TypesExternal.lean:8:2: warning: The namespace `array` is duplicated in the declaration `core.array.iter.IntoIter.array`.

Note: This linter can be disabled with `set_option linter.dupNamespace false`
/home/dombarker/project-offloads/v7-r30-closure-20260930/bundle/generated/V7CallerCurrentReleaseR26/TypesExternal.lean:14:2: warning: The namespace `iter` is duplicated in the declaration `core.iter.adapters.filter_map.FilterMap.iter`.

Note: This linter can be disabled with `set_option linter.dupNamespace false`
/home/dombarker/project-offloads/v7-r30-closure-20260930/bundle/generated/V7CallerCurrentReleaseR26/TypesExternal.lean:24:2: warning: The namespace `slice` is duplicated in the declaration `core.slice.iter.Windows.slice`.

Note: This linter can be disabled with `set_option linter.dupNamespace false`
RESULT target=V7CallerCurrentReleaseR26.TypesExternal exit=0 wall_s=1.68 peak_kib=2535144 swaps=0
START target=V7CallerCurrentReleaseR26.Types source=generated/V7CallerCurrentReleaseR26/Types.lean
RESULT target=V7CallerCurrentReleaseR26.Types exit=0 wall_s=2.67 peak_kib=2591396 swaps=0
START target=V7ProductionSnapshotObserverR28.TypesExternal source=generated/V7ProductionSnapshotObserverR28/TypesExternal.lean
RESULT target=V7ProductionSnapshotObserverR28.TypesExternal exit=0 wall_s=1.60 peak_kib=2521988 swaps=0
START target=V7ProductionSnapshotObserverR28.Types source=generated/V7ProductionSnapshotObserverR28/Types.lean
RESULT target=V7ProductionSnapshotObserverR28.Types exit=0 wall_s=1.87 peak_kib=2547140 swaps=0
START target=V7CallerCurrentReleaseR26.FunsExternal source=generated/V7CallerCurrentReleaseR26/FunsExternal.lean
/home/dombarker/project-offloads/v7-r30-closure-20260930/bundle/generated/V7CallerCurrentReleaseR26/FunsExternal.lean:445:8: warning: try 'simp' instead of 'simpa'

Note: This linter can be disabled with `set_option linter.unnecessarySimpa false`
RESULT target=V7CallerCurrentReleaseR26.FunsExternal exit=0 wall_s=2.50 peak_kib=2576200 swaps=0
START target=V7CallerCurrentReleaseR26.MutableIteratorCompat source=generated/V7CallerCurrentReleaseR26/MutableIteratorCompat.lean
/home/dombarker/project-offloads/v7-r30-closure-20260930/bundle/generated/V7CallerCurrentReleaseR26/MutableIteratorCompat.lean:48:4: warning: The namespace `enumerate` is duplicated in the declaration `core.iter.adapters.enumerate.IteratorEnumerateMut.enumerate`.

Note: This linter can be disabled with `set_option linter.dupNamespace false`
RESULT target=V7CallerCurrentReleaseR26.MutableIteratorCompat exit=0 wall_s=1.67 peak_kib=2525520 swaps=0
START target=V7CallerCurrentReleaseR26.Funs source=generated/V7CallerCurrentReleaseR26/Funs.lean
RESULT target=V7CallerCurrentReleaseR26.Funs exit=0 wall_s=22.37 peak_kib=3288224 swaps=0
START target=V7ProductionCallbacksR29.TypesExternalBase source=staged-r29/V7ProductionCallbacksR29/TypesExternalBase.lean
RESULT target=V7ProductionCallbacksR29.TypesExternalBase exit=0 wall_s=1.64 peak_kib=2514324 swaps=0
START target=V7ProductionCallbacksR29.TypesExternal source=staged-r29/V7ProductionCallbacksR29/TypesExternal.lean
RESULT target=V7ProductionCallbacksR29.TypesExternal exit=0 wall_s=1.65 peak_kib=2514396 swaps=0
START target=V7ProductionCallbacksR29.Types source=staged-r29/V7ProductionCallbacksR29/Types.lean
RESULT target=V7ProductionCallbacksR29.Types exit=0 wall_s=3.42 peak_kib=2635756 swaps=0
START target=V7ProductionCallbacksR29.FunsExternalBase source=staged-r29/V7ProductionCallbacksR29/FunsExternalBase.lean
RESULT target=V7ProductionCallbacksR29.FunsExternalBase exit=0 wall_s=1.73 peak_kib=2520884 swaps=0
START target=V7GammaSlotMajorLiteral.Types source=staged-r29/V7GammaSlotMajorLiteral/Types.lean
RESULT target=V7GammaSlotMajorLiteral.Types exit=0 wall_s=1.74 peak_kib=2533672 swaps=0
START target=V7GammaSlotMajorLiteral.Funs source=staged-r29/V7GammaSlotMajorLiteral/Funs.lean
RESULT target=V7GammaSlotMajorLiteral.Funs exit=0 wall_s=2.37 peak_kib=2555596 swaps=0
START target=V7Qm31Dot3Reduced.TypesExternal source=staged-r29/V7Qm31Dot3Reduced/TypesExternal.lean
RESULT target=V7Qm31Dot3Reduced.TypesExternal exit=0 wall_s=1.71 peak_kib=2514496 swaps=0
START target=V7Qm31Dot3Reduced.Types source=staged-r29/V7Qm31Dot3Reduced/Types.lean
RESULT target=V7Qm31Dot3Reduced.Types exit=0 wall_s=1.86 peak_kib=2529436 swaps=0
START target=V7Qm31Dot3Reduced.FunsExternal source=staged-r29/V7Qm31Dot3Reduced/FunsExternal.lean
RESULT target=V7Qm31Dot3Reduced.FunsExternal exit=0 wall_s=1.72 peak_kib=2521180 swaps=0
START target=V7Qm31Dot3Reduced.Funs source=staged-r29/V7Qm31Dot3Reduced/Funs.lean
RESULT target=V7Qm31Dot3Reduced.Funs exit=0 wall_s=2.77 peak_kib=2572076 swaps=0
START target=V7ProductionCallbacksR29.FunsExternal source=staged-r29/V7ProductionCallbacksR29/FunsExternal.lean
/home/dombarker/project-offloads/v7-r30-closure-20260930/staged-r29/V7ProductionCallbacksR29/FunsExternal.lean:14:24: warning: try 'simp' instead of 'simpa'

Note: This linter can be disabled with `set_option linter.unnecessarySimpa false`
RESULT target=V7ProductionCallbacksR29.FunsExternal exit=0 wall_s=1.71 peak_kib=2539736 swaps=0
START target=V7ProductionCallbacksR29.CircleTableSupport source=staged-r29/V7ProductionCallbacksR29/CircleTableSupport.lean
RESULT target=V7ProductionCallbacksR29.CircleTableSupport exit=0 wall_s=1.65 peak_kib=2534368 swaps=0
START target=V7ProductionCallbacksR29.CircleTable_RATE512_CIRCLE_LOW8_WINDOW_Chunk00 source=staged-r29/V7ProductionCallbacksR29/CircleTable_RATE512_CIRCLE_LOW8_WINDOW_Chunk00.lean
RESULT target=V7ProductionCallbacksR29.CircleTable_RATE512_CIRCLE_LOW8_WINDOW_Chunk00 exit=0 wall_s=1.62 peak_kib=2535304 swaps=0
START target=V7ProductionCallbacksR29.CircleTable_RATE512_CIRCLE_LOW8_WINDOW_Chunk01 source=staged-r29/V7ProductionCallbacksR29/CircleTable_RATE512_CIRCLE_LOW8_WINDOW_Chunk01.lean
RESULT target=V7ProductionCallbacksR29.CircleTable_RATE512_CIRCLE_LOW8_WINDOW_Chunk01 exit=0 wall_s=1.59 peak_kib=2535316 swaps=0
START target=V7ProductionCallbacksR29.CircleTable_RATE512_CIRCLE_LOW8_WINDOW_Chunk02 source=staged-r29/V7ProductionCallbacksR29/CircleTable_RATE512_CIRCLE_LOW8_WINDOW_Chunk02.lean
RESULT target=V7ProductionCallbacksR29.CircleTable_RATE512_CIRCLE_LOW8_WINDOW_Chunk02 exit=0 wall_s=1.75 peak_kib=2535508 swaps=0
START target=V7ProductionCallbacksR29.CircleTable_RATE512_CIRCLE_LOW8_WINDOW_Chunk03 source=staged-r29/V7ProductionCallbacksR29/CircleTable_RATE512_CIRCLE_LOW8_WINDOW_Chunk03.lean
RESULT target=V7ProductionCallbacksR29.CircleTable_RATE512_CIRCLE_LOW8_WINDOW_Chunk03 exit=0 wall_s=1.78 peak_kib=2535948 swaps=0
START target=V7ProductionCallbacksR29.CircleTable_RATE512_CIRCLE_LOW8_WINDOW_Chunk04 source=staged-r29/V7ProductionCallbacksR29/CircleTable_RATE512_CIRCLE_LOW8_WINDOW_Chunk04.lean
RESULT target=V7ProductionCallbacksR29.CircleTable_RATE512_CIRCLE_LOW8_WINDOW_Chunk04 exit=0 wall_s=1.75 peak_kib=2535904 swaps=0
START target=V7ProductionCallbacksR29.CircleTable_RATE512_CIRCLE_LOW8_WINDOW_Chunk05 source=staged-r29/V7ProductionCallbacksR29/CircleTable_RATE512_CIRCLE_LOW8_WINDOW_Chunk05.lean
RESULT target=V7ProductionCallbacksR29.CircleTable_RATE512_CIRCLE_LOW8_WINDOW_Chunk05 exit=0 wall_s=1.72 peak_kib=2535560 swaps=0
START target=V7ProductionCallbacksR29.CircleTable_RATE512_CIRCLE_LOW8_WINDOW_Chunk06 source=staged-r29/V7ProductionCallbacksR29/CircleTable_RATE512_CIRCLE_LOW8_WINDOW_Chunk06.lean
RESULT target=V7ProductionCallbacksR29.CircleTable_RATE512_CIRCLE_LOW8_WINDOW_Chunk06 exit=0 wall_s=1.71 peak_kib=2534552 swaps=0
START target=V7ProductionCallbacksR29.CircleTable_RATE512_CIRCLE_LOW8_WINDOW_Chunk07 source=staged-r29/V7ProductionCallbacksR29/CircleTable_RATE512_CIRCLE_LOW8_WINDOW_Chunk07.lean
RESULT target=V7ProductionCallbacksR29.CircleTable_RATE512_CIRCLE_LOW8_WINDOW_Chunk07 exit=0 wall_s=1.65 peak_kib=2534776 swaps=0
START target=V7ProductionCallbacksR29.CircleTable_RATE512_CIRCLE_LOW8_WINDOW_Chunk08 source=staged-r29/V7ProductionCallbacksR29/CircleTable_RATE512_CIRCLE_LOW8_WINDOW_Chunk08.lean
RESULT target=V7ProductionCallbacksR29.CircleTable_RATE512_CIRCLE_LOW8_WINDOW_Chunk08 exit=0 wall_s=1.60 peak_kib=2535256 swaps=0
START target=V7ProductionCallbacksR29.CircleTable_RATE512_CIRCLE_LOW8_WINDOW_Chunk09 source=staged-r29/V7ProductionCallbacksR29/CircleTable_RATE512_CIRCLE_LOW8_WINDOW_Chunk09.lean
RESULT target=V7ProductionCallbacksR29.CircleTable_RATE512_CIRCLE_LOW8_WINDOW_Chunk09 exit=0 wall_s=1.65 peak_kib=2536304 swaps=0
START target=V7ProductionCallbacksR29.CircleTable_RATE512_CIRCLE_LOW8_WINDOW_Chunk10 source=staged-r29/V7ProductionCallbacksR29/CircleTable_RATE512_CIRCLE_LOW8_WINDOW_Chunk10.lean
RESULT target=V7ProductionCallbacksR29.CircleTable_RATE512_CIRCLE_LOW8_WINDOW_Chunk10 exit=0 wall_s=1.78 peak_kib=2535196 swaps=0
START target=V7ProductionCallbacksR29.CircleTable_RATE512_CIRCLE_LOW8_WINDOW_Chunk11 source=staged-r29/V7ProductionCallbacksR29/CircleTable_RATE512_CIRCLE_LOW8_WINDOW_Chunk11.lean
RESULT target=V7ProductionCallbacksR29.CircleTable_RATE512_CIRCLE_LOW8_WINDOW_Chunk11 exit=0 wall_s=1.77 peak_kib=2535132 swaps=0
START target=V7ProductionCallbacksR29.CircleTable_RATE512_CIRCLE_LOW8_WINDOW_Chunk12 source=staged-r29/V7ProductionCallbacksR29/CircleTable_RATE512_CIRCLE_LOW8_WINDOW_Chunk12.lean
RESULT target=V7ProductionCallbacksR29.CircleTable_RATE512_CIRCLE_LOW8_WINDOW_Chunk12 exit=0 wall_s=1.64 peak_kib=2535324 swaps=0
START target=V7ProductionCallbacksR29.CircleTable_RATE512_CIRCLE_LOW8_WINDOW_Chunk13 source=staged-r29/V7ProductionCallbacksR29/CircleTable_RATE512_CIRCLE_LOW8_WINDOW_Chunk13.lean
RESULT target=V7ProductionCallbacksR29.CircleTable_RATE512_CIRCLE_LOW8_WINDOW_Chunk13 exit=0 wall_s=1.65 peak_kib=2535824 swaps=0
START target=V7ProductionCallbacksR29.CircleTable_RATE512_CIRCLE_LOW8_WINDOW_Chunk14 source=staged-r29/V7ProductionCallbacksR29/CircleTable_RATE512_CIRCLE_LOW8_WINDOW_Chunk14.lean
RESULT target=V7ProductionCallbacksR29.CircleTable_RATE512_CIRCLE_LOW8_WINDOW_Chunk14 exit=0 wall_s=1.60 peak_kib=2535204 swaps=0
START target=V7ProductionCallbacksR29.CircleTable_RATE512_CIRCLE_LOW8_WINDOW_Chunk15 source=staged-r29/V7ProductionCallbacksR29/CircleTable_RATE512_CIRCLE_LOW8_WINDOW_Chunk15.lean
RESULT target=V7ProductionCallbacksR29.CircleTable_RATE512_CIRCLE_LOW8_WINDOW_Chunk15 exit=0 wall_s=1.60 peak_kib=2536044 swaps=0
START target=V7ProductionCallbacksR29.AtomicPatternSupport source=staged-r29/V7ProductionCallbacksR29/AtomicPatternSupport.lean
RESULT target=V7ProductionCallbacksR29.AtomicPatternSupport exit=0 wall_s=1.74 peak_kib=2535372 swaps=0
START target=V7ProductionCallbacksR29.AtomicPatternChunk00 source=staged-r29/V7ProductionCallbacksR29/AtomicPatternChunk00.lean
RESULT target=V7ProductionCallbacksR29.AtomicPatternChunk00 exit=0 wall_s=1.68 peak_kib=2534092 swaps=0
START target=V7ProductionCallbacksR29.AtomicPatternChunk01 source=staged-r29/V7ProductionCallbacksR29/AtomicPatternChunk01.lean
RESULT target=V7ProductionCallbacksR29.AtomicPatternChunk01 exit=0 wall_s=1.77 peak_kib=2538032 swaps=0
START target=V7ProductionCallbacksR29.AtomicPatternChunk02 source=staged-r29/V7ProductionCallbacksR29/AtomicPatternChunk02.lean
RESULT target=V7ProductionCallbacksR29.AtomicPatternChunk02 exit=0 wall_s=1.74 peak_kib=2536972 swaps=0
START target=V7ProductionCallbacksR29.AtomicPatternChunk03 source=staged-r29/V7ProductionCallbacksR29/AtomicPatternChunk03.lean
RESULT target=V7ProductionCallbacksR29.AtomicPatternChunk03 exit=0 wall_s=1.71 peak_kib=2537532 swaps=0
START target=V7ProductionCallbacksR29.AtomicPatternChunk04 source=staged-r29/V7ProductionCallbacksR29/AtomicPatternChunk04.lean
RESULT target=V7ProductionCallbacksR29.AtomicPatternChunk04 exit=0 wall_s=1.61 peak_kib=2537624 swaps=0
START target=V7ProductionCallbacksR29.AtomicPatternChunk05 source=staged-r29/V7ProductionCallbacksR29/AtomicPatternChunk05.lean
RESULT target=V7ProductionCallbacksR29.AtomicPatternChunk05 exit=0 wall_s=1.58 peak_kib=2535960 swaps=0
START target=V7ProductionCallbacksR29.AtomicPatternChunk06 source=staged-r29/V7ProductionCallbacksR29/AtomicPatternChunk06.lean
RESULT target=V7ProductionCallbacksR29.AtomicPatternChunk06 exit=0 wall_s=1.61 peak_kib=2535652 swaps=0
START target=V7ProductionCallbacksR29.AtomicPatternChunk07 source=staged-r29/V7ProductionCallbacksR29/AtomicPatternChunk07.lean
RESULT target=V7ProductionCallbacksR29.AtomicPatternChunk07 exit=0 wall_s=1.55 peak_kib=2535436 swaps=0
START target=V7ProductionCallbacksR29.AtomicPatternChunk08 source=staged-r29/V7ProductionCallbacksR29/AtomicPatternChunk08.lean
RESULT target=V7ProductionCallbacksR29.AtomicPatternChunk08 exit=0 wall_s=1.59 peak_kib=2535848 swaps=0
START target=V7ProductionCallbacksR29.AtomicPatternChunk09 source=staged-r29/V7ProductionCallbacksR29/AtomicPatternChunk09.lean
RESULT target=V7ProductionCallbacksR29.AtomicPatternChunk09 exit=0 wall_s=1.60 peak_kib=2535800 swaps=0
START target=V7ProductionCallbacksR29.AtomicPatternChunk10 source=staged-r29/V7ProductionCallbacksR29/AtomicPatternChunk10.lean
RESULT target=V7ProductionCallbacksR29.AtomicPatternChunk10 exit=0 wall_s=1.59 peak_kib=2535988 swaps=0
START target=V7ProductionCallbacksR29.AtomicPatternChunk11 source=staged-r29/V7ProductionCallbacksR29/AtomicPatternChunk11.lean
RESULT target=V7ProductionCallbacksR29.AtomicPatternChunk11 exit=0 wall_s=1.60 peak_kib=2538168 swaps=0
START target=V7ProductionCallbacksR29.AtomicPatternChunk12 source=staged-r29/V7ProductionCallbacksR29/AtomicPatternChunk12.lean
RESULT target=V7ProductionCallbacksR29.AtomicPatternChunk12 exit=0 wall_s=1.61 peak_kib=2538404 swaps=0
START target=V7ProductionCallbacksR29.AtomicPatternChunk13 source=staged-r29/V7ProductionCallbacksR29/AtomicPatternChunk13.lean
RESULT target=V7ProductionCallbacksR29.AtomicPatternChunk13 exit=0 wall_s=1.67 peak_kib=2540096 swaps=0
START target=V7ProductionCallbacksR29.AtomicPatternChunk14 source=staged-r29/V7ProductionCallbacksR29/AtomicPatternChunk14.lean
RESULT target=V7ProductionCallbacksR29.AtomicPatternChunk14 exit=0 wall_s=1.62 peak_kib=2540472 swaps=0
START target=V7ProductionCallbacksR29.LateScalarExternal source=staged-r29/V7ProductionCallbacksR29/LateScalarExternal.lean
RESULT target=V7ProductionCallbacksR29.LateScalarExternal exit=0 wall_s=1.58 peak_kib=2536064 swaps=0
START target=V7ProductionCallbacksR29.FunsChunk00 source=staged-r29/V7ProductionCallbacksR29/FunsChunk00.lean
RESULT target=V7ProductionCallbacksR29.FunsChunk00 exit=0 wall_s=1.62 peak_kib=2546268 swaps=0
START target=V7ProductionCallbacksR29.CircleTable_RATE512_CIRCLE_HIGH9_WINDOW_Chunk00 source=staged-r29/V7ProductionCallbacksR29/CircleTable_RATE512_CIRCLE_HIGH9_WINDOW_Chunk00.lean
RESULT target=V7ProductionCallbacksR29.CircleTable_RATE512_CIRCLE_HIGH9_WINDOW_Chunk00 exit=0 wall_s=1.68 peak_kib=2535596 swaps=0
START target=V7ProductionCallbacksR29.CircleTable_RATE512_CIRCLE_HIGH9_WINDOW_Chunk01 source=staged-r29/V7ProductionCallbacksR29/CircleTable_RATE512_CIRCLE_HIGH9_WINDOW_Chunk01.lean
RESULT target=V7ProductionCallbacksR29.CircleTable_RATE512_CIRCLE_HIGH9_WINDOW_Chunk01 exit=0 wall_s=1.68 peak_kib=2535836 swaps=0
START target=V7ProductionCallbacksR29.CircleTable_RATE512_CIRCLE_HIGH9_WINDOW_Chunk02 source=staged-r29/V7ProductionCallbacksR29/CircleTable_RATE512_CIRCLE_HIGH9_WINDOW_Chunk02.lean
RESULT target=V7ProductionCallbacksR29.CircleTable_RATE512_CIRCLE_HIGH9_WINDOW_Chunk02 exit=0 wall_s=1.64 peak_kib=2535872 swaps=0
START target=V7ProductionCallbacksR29.CircleTable_RATE512_CIRCLE_HIGH9_WINDOW_Chunk03 source=staged-r29/V7ProductionCallbacksR29/CircleTable_RATE512_CIRCLE_HIGH9_WINDOW_Chunk03.lean
RESULT target=V7ProductionCallbacksR29.CircleTable_RATE512_CIRCLE_HIGH9_WINDOW_Chunk03 exit=0 wall_s=1.69 peak_kib=2536004 swaps=0
START target=V7ProductionCallbacksR29.CircleTable_RATE512_CIRCLE_HIGH9_WINDOW_Chunk04 source=staged-r29/V7ProductionCallbacksR29/CircleTable_RATE512_CIRCLE_HIGH9_WINDOW_Chunk04.lean
RESULT target=V7ProductionCallbacksR29.CircleTable_RATE512_CIRCLE_HIGH9_WINDOW_Chunk04 exit=0 wall_s=1.66 peak_kib=2536100 swaps=0
START target=V7ProductionCallbacksR29.CircleTable_RATE512_CIRCLE_HIGH9_WINDOW_Chunk05 source=staged-r29/V7ProductionCallbacksR29/CircleTable_RATE512_CIRCLE_HIGH9_WINDOW_Chunk05.lean
RESULT target=V7ProductionCallbacksR29.CircleTable_RATE512_CIRCLE_HIGH9_WINDOW_Chunk05 exit=0 wall_s=1.61 peak_kib=2535968 swaps=0
START target=V7ProductionCallbacksR29.CircleTable_RATE512_CIRCLE_HIGH9_WINDOW_Chunk06 source=staged-r29/V7ProductionCallbacksR29/CircleTable_RATE512_CIRCLE_HIGH9_WINDOW_Chunk06.lean
RESULT target=V7ProductionCallbacksR29.CircleTable_RATE512_CIRCLE_HIGH9_WINDOW_Chunk06 exit=0 wall_s=1.63 peak_kib=2535180 swaps=0
START target=V7ProductionCallbacksR29.CircleTable_RATE512_CIRCLE_HIGH9_WINDOW_Chunk07 source=staged-r29/V7ProductionCallbacksR29/CircleTable_RATE512_CIRCLE_HIGH9_WINDOW_Chunk07.lean
RESULT target=V7ProductionCallbacksR29.CircleTable_RATE512_CIRCLE_HIGH9_WINDOW_Chunk07 exit=0 wall_s=1.63 peak_kib=2535516 swaps=0
START target=V7ProductionCallbacksR29.CircleTable_RATE512_CIRCLE_HIGH9_WINDOW_Chunk08 source=staged-r29/V7ProductionCallbacksR29/CircleTable_RATE512_CIRCLE_HIGH9_WINDOW_Chunk08.lean
RESULT target=V7ProductionCallbacksR29.CircleTable_RATE512_CIRCLE_HIGH9_WINDOW_Chunk08 exit=0 wall_s=1.64 peak_kib=2535384 swaps=0
START target=V7ProductionCallbacksR29.CircleTable_RATE512_CIRCLE_HIGH9_WINDOW_Chunk09 source=staged-r29/V7ProductionCallbacksR29/CircleTable_RATE512_CIRCLE_HIGH9_WINDOW_Chunk09.lean
RESULT target=V7ProductionCallbacksR29.CircleTable_RATE512_CIRCLE_HIGH9_WINDOW_Chunk09 exit=0 wall_s=1.61 peak_kib=2535596 swaps=0
START target=V7ProductionCallbacksR29.CircleTable_RATE512_CIRCLE_HIGH9_WINDOW_Chunk10 source=staged-r29/V7ProductionCallbacksR29/CircleTable_RATE512_CIRCLE_HIGH9_WINDOW_Chunk10.lean
RESULT target=V7ProductionCallbacksR29.CircleTable_RATE512_CIRCLE_HIGH9_WINDOW_Chunk10 exit=0 wall_s=1.64 peak_kib=2535220 swaps=0
START target=V7ProductionCallbacksR29.CircleTable_RATE512_CIRCLE_HIGH9_WINDOW_Chunk11 source=staged-r29/V7ProductionCallbacksR29/CircleTable_RATE512_CIRCLE_HIGH9_WINDOW_Chunk11.lean
RESULT target=V7ProductionCallbacksR29.CircleTable_RATE512_CIRCLE_HIGH9_WINDOW_Chunk11 exit=0 wall_s=1.63 peak_kib=2535812 swaps=0
START target=V7ProductionCallbacksR29.CircleTable_RATE512_CIRCLE_HIGH9_WINDOW_Chunk12 source=staged-r29/V7ProductionCallbacksR29/CircleTable_RATE512_CIRCLE_HIGH9_WINDOW_Chunk12.lean
RESULT target=V7ProductionCallbacksR29.CircleTable_RATE512_CIRCLE_HIGH9_WINDOW_Chunk12 exit=0 wall_s=1.84 peak_kib=2536840 swaps=0
START target=V7ProductionCallbacksR29.CircleTable_RATE512_CIRCLE_HIGH9_WINDOW_Chunk13 source=staged-r29/V7ProductionCallbacksR29/CircleTable_RATE512_CIRCLE_HIGH9_WINDOW_Chunk13.lean
RESULT target=V7ProductionCallbacksR29.CircleTable_RATE512_CIRCLE_HIGH9_WINDOW_Chunk13 exit=0 wall_s=1.70 peak_kib=2535772 swaps=0
START target=V7ProductionCallbacksR29.CircleTable_RATE512_CIRCLE_HIGH9_WINDOW_Chunk14 source=staged-r29/V7ProductionCallbacksR29/CircleTable_RATE512_CIRCLE_HIGH9_WINDOW_Chunk14.lean
RESULT target=V7ProductionCallbacksR29.CircleTable_RATE512_CIRCLE_HIGH9_WINDOW_Chunk14 exit=0 wall_s=1.83 peak_kib=2535764 swaps=0
START target=V7ProductionCallbacksR29.CircleTable_RATE512_CIRCLE_HIGH9_WINDOW_Chunk15 source=staged-r29/V7ProductionCallbacksR29/CircleTable_RATE512_CIRCLE_HIGH9_WINDOW_Chunk15.lean
RESULT target=V7ProductionCallbacksR29.CircleTable_RATE512_CIRCLE_HIGH9_WINDOW_Chunk15 exit=0 wall_s=1.70 peak_kib=2536256 swaps=0
START target=V7ProductionCallbacksR29.CircleTable_RATE512_CIRCLE_HIGH9_WINDOW_Chunk16 source=staged-r29/V7ProductionCallbacksR29/CircleTable_RATE512_CIRCLE_HIGH9_WINDOW_Chunk16.lean
RESULT target=V7ProductionCallbacksR29.CircleTable_RATE512_CIRCLE_HIGH9_WINDOW_Chunk16 exit=0 wall_s=1.71 peak_kib=2535484 swaps=0
START target=V7ProductionCallbacksR29.CircleTable_RATE512_CIRCLE_HIGH9_WINDOW_Chunk17 source=staged-r29/V7ProductionCallbacksR29/CircleTable_RATE512_CIRCLE_HIGH9_WINDOW_Chunk17.lean
RESULT target=V7ProductionCallbacksR29.CircleTable_RATE512_CIRCLE_HIGH9_WINDOW_Chunk17 exit=0 wall_s=1.67 peak_kib=2536132 swaps=0
START target=V7ProductionCallbacksR29.CircleTable_RATE512_CIRCLE_HIGH9_WINDOW_Chunk18 source=staged-r29/V7ProductionCallbacksR29/CircleTable_RATE512_CIRCLE_HIGH9_WINDOW_Chunk18.lean
RESULT target=V7ProductionCallbacksR29.CircleTable_RATE512_CIRCLE_HIGH9_WINDOW_Chunk18 exit=0 wall_s=1.64 peak_kib=2537464 swaps=0
START target=V7ProductionCallbacksR29.CircleTable_RATE512_CIRCLE_HIGH9_WINDOW_Chunk19 source=staged-r29/V7ProductionCallbacksR29/CircleTable_RATE512_CIRCLE_HIGH9_WINDOW_Chunk19.lean
RESULT target=V7ProductionCallbacksR29.CircleTable_RATE512_CIRCLE_HIGH9_WINDOW_Chunk19 exit=0 wall_s=1.66 peak_kib=2537696 swaps=0
START target=V7ProductionCallbacksR29.CircleTable_RATE512_CIRCLE_HIGH9_WINDOW_Chunk20 source=staged-r29/V7ProductionCallbacksR29/CircleTable_RATE512_CIRCLE_HIGH9_WINDOW_Chunk20.lean
RESULT target=V7ProductionCallbacksR29.CircleTable_RATE512_CIRCLE_HIGH9_WINDOW_Chunk20 exit=0 wall_s=1.67 peak_kib=2537536 swaps=0
START target=V7ProductionCallbacksR29.CircleTable_RATE512_CIRCLE_HIGH9_WINDOW_Chunk21 source=staged-r29/V7ProductionCallbacksR29/CircleTable_RATE512_CIRCLE_HIGH9_WINDOW_Chunk21.lean
RESULT target=V7ProductionCallbacksR29.CircleTable_RATE512_CIRCLE_HIGH9_WINDOW_Chunk21 exit=0 wall_s=1.65 peak_kib=2537960 swaps=0
START target=V7ProductionCallbacksR29.CircleTable_RATE512_CIRCLE_HIGH9_WINDOW_Chunk22 source=staged-r29/V7ProductionCallbacksR29/CircleTable_RATE512_CIRCLE_HIGH9_WINDOW_Chunk22.lean
RESULT target=V7ProductionCallbacksR29.CircleTable_RATE512_CIRCLE_HIGH9_WINDOW_Chunk22 exit=0 wall_s=1.75 peak_kib=2538048 swaps=0
START target=V7ProductionCallbacksR29.CircleTable_RATE512_CIRCLE_HIGH9_WINDOW_Chunk23 source=staged-r29/V7ProductionCallbacksR29/CircleTable_RATE512_CIRCLE_HIGH9_WINDOW_Chunk23.lean
RESULT target=V7ProductionCallbacksR29.CircleTable_RATE512_CIRCLE_HIGH9_WINDOW_Chunk23 exit=0 wall_s=1.79 peak_kib=2537892 swaps=0
START target=V7ProductionCallbacksR29.CircleTable_RATE512_CIRCLE_HIGH9_WINDOW_Chunk24 source=staged-r29/V7ProductionCallbacksR29/CircleTable_RATE512_CIRCLE_HIGH9_WINDOW_Chunk24.lean
RESULT target=V7ProductionCallbacksR29.CircleTable_RATE512_CIRCLE_HIGH9_WINDOW_Chunk24 exit=0 wall_s=1.80 peak_kib=2538068 swaps=0
START target=V7ProductionCallbacksR29.CircleTable_RATE512_CIRCLE_HIGH9_WINDOW_Chunk25 source=staged-r29/V7ProductionCallbacksR29/CircleTable_RATE512_CIRCLE_HIGH9_WINDOW_Chunk25.lean
RESULT target=V7ProductionCallbacksR29.CircleTable_RATE512_CIRCLE_HIGH9_WINDOW_Chunk25 exit=0 wall_s=1.71 peak_kib=2538448 swaps=0
START target=V7ProductionCallbacksR29.CircleTable_RATE512_CIRCLE_HIGH9_WINDOW_Chunk26 source=staged-r29/V7ProductionCallbacksR29/CircleTable_RATE512_CIRCLE_HIGH9_WINDOW_Chunk26.lean
RESULT target=V7ProductionCallbacksR29.CircleTable_RATE512_CIRCLE_HIGH9_WINDOW_Chunk26 exit=0 wall_s=1.69 peak_kib=2537912 swaps=0
START target=V7ProductionCallbacksR29.CircleTable_RATE512_CIRCLE_HIGH9_WINDOW_Chunk27 source=staged-r29/V7ProductionCallbacksR29/CircleTable_RATE512_CIRCLE_HIGH9_WINDOW_Chunk27.lean
RESULT target=V7ProductionCallbacksR29.CircleTable_RATE512_CIRCLE_HIGH9_WINDOW_Chunk27 exit=0 wall_s=1.76 peak_kib=2536836 swaps=0
START target=V7ProductionCallbacksR29.CircleTable_RATE512_CIRCLE_HIGH9_WINDOW_Chunk28 source=staged-r29/V7ProductionCallbacksR29/CircleTable_RATE512_CIRCLE_HIGH9_WINDOW_Chunk28.lean
RESULT target=V7ProductionCallbacksR29.CircleTable_RATE512_CIRCLE_HIGH9_WINDOW_Chunk28 exit=0 wall_s=1.75 peak_kib=2537476 swaps=0
START target=V7ProductionCallbacksR29.CircleTable_RATE512_CIRCLE_HIGH9_WINDOW_Chunk29 source=staged-r29/V7ProductionCallbacksR29/CircleTable_RATE512_CIRCLE_HIGH9_WINDOW_Chunk29.lean
RESULT target=V7ProductionCallbacksR29.CircleTable_RATE512_CIRCLE_HIGH9_WINDOW_Chunk29 exit=0 wall_s=1.84 peak_kib=2537480 swaps=0
START target=V7ProductionCallbacksR29.CircleTable_RATE512_CIRCLE_HIGH9_WINDOW_Chunk30 source=staged-r29/V7ProductionCallbacksR29/CircleTable_RATE512_CIRCLE_HIGH9_WINDOW_Chunk30.lean
RESULT target=V7ProductionCallbacksR29.CircleTable_RATE512_CIRCLE_HIGH9_WINDOW_Chunk30 exit=0 wall_s=1.72 peak_kib=2537296 swaps=0
START target=V7ProductionCallbacksR29.CircleTable_RATE512_CIRCLE_HIGH9_WINDOW_Chunk31 source=staged-r29/V7ProductionCallbacksR29/CircleTable_RATE512_CIRCLE_HIGH9_WINDOW_Chunk31.lean
RESULT target=V7ProductionCallbacksR29.CircleTable_RATE512_CIRCLE_HIGH9_WINDOW_Chunk31 exit=0 wall_s=1.71 peak_kib=2538032 swaps=0
START target=V7ProductionCallbacksR29.FunsChunk01 source=staged-r29/V7ProductionCallbacksR29/FunsChunk01.lean
RESULT target=V7ProductionCallbacksR29.FunsChunk01 exit=0 wall_s=1.66 peak_kib=2542228 swaps=0
START target=V7ProductionCallbacksR29.CircleTable_V6_CIRCLE_LOW6_WINDOW_Chunk00 source=staged-r29/V7ProductionCallbacksR29/CircleTable_V6_CIRCLE_LOW6_WINDOW_Chunk00.lean
RESULT target=V7ProductionCallbacksR29.CircleTable_V6_CIRCLE_LOW6_WINDOW_Chunk00 exit=0 wall_s=1.63 peak_kib=2535500 swaps=0
START target=V7ProductionCallbacksR29.CircleTable_V6_CIRCLE_LOW6_WINDOW_Chunk01 source=staged-r29/V7ProductionCallbacksR29/CircleTable_V6_CIRCLE_LOW6_WINDOW_Chunk01.lean
RESULT target=V7ProductionCallbacksR29.CircleTable_V6_CIRCLE_LOW6_WINDOW_Chunk01 exit=0 wall_s=1.72 peak_kib=2535600 swaps=0
START target=V7ProductionCallbacksR29.CircleTable_V6_CIRCLE_LOW6_WINDOW_Chunk02 source=staged-r29/V7ProductionCallbacksR29/CircleTable_V6_CIRCLE_LOW6_WINDOW_Chunk02.lean
RESULT target=V7ProductionCallbacksR29.CircleTable_V6_CIRCLE_LOW6_WINDOW_Chunk02 exit=0 wall_s=1.78 peak_kib=2535520 swaps=0
START target=V7ProductionCallbacksR29.CircleTable_V6_CIRCLE_LOW6_WINDOW_Chunk03 source=staged-r29/V7ProductionCallbacksR29/CircleTable_V6_CIRCLE_LOW6_WINDOW_Chunk03.lean
RESULT target=V7ProductionCallbacksR29.CircleTable_V6_CIRCLE_LOW6_WINDOW_Chunk03 exit=0 wall_s=1.79 peak_kib=2535920 swaps=0
START target=V7ProductionCallbacksR29.FunsChunk02 source=staged-r29/V7ProductionCallbacksR29/FunsChunk02.lean
RESULT target=V7ProductionCallbacksR29.FunsChunk02 exit=0 wall_s=1.70 peak_kib=2538516 swaps=0
START target=V7ProductionCallbacksR29.CircleTable_V6_CIRCLE_MIDDLE6_WINDOW_Chunk00 source=staged-r29/V7ProductionCallbacksR29/CircleTable_V6_CIRCLE_MIDDLE6_WINDOW_Chunk00.lean
RESULT target=V7ProductionCallbacksR29.CircleTable_V6_CIRCLE_MIDDLE6_WINDOW_Chunk00 exit=0 wall_s=1.82 peak_kib=2535240 swaps=0
START target=V7ProductionCallbacksR29.CircleTable_V6_CIRCLE_MIDDLE6_WINDOW_Chunk01 source=staged-r29/V7ProductionCallbacksR29/CircleTable_V6_CIRCLE_MIDDLE6_WINDOW_Chunk01.lean
RESULT target=V7ProductionCallbacksR29.CircleTable_V6_CIRCLE_MIDDLE6_WINDOW_Chunk01 exit=0 wall_s=1.79 peak_kib=2535832 swaps=0
START target=V7ProductionCallbacksR29.CircleTable_V6_CIRCLE_MIDDLE6_WINDOW_Chunk02 source=staged-r29/V7ProductionCallbacksR29/CircleTable_V6_CIRCLE_MIDDLE6_WINDOW_Chunk02.lean
RESULT target=V7ProductionCallbacksR29.CircleTable_V6_CIRCLE_MIDDLE6_WINDOW_Chunk02 exit=0 wall_s=1.81 peak_kib=2535416 swaps=0
START target=V7ProductionCallbacksR29.CircleTable_V6_CIRCLE_MIDDLE6_WINDOW_Chunk03 source=staged-r29/V7ProductionCallbacksR29/CircleTable_V6_CIRCLE_MIDDLE6_WINDOW_Chunk03.lean
RESULT target=V7ProductionCallbacksR29.CircleTable_V6_CIRCLE_MIDDLE6_WINDOW_Chunk03 exit=0 wall_s=1.75 peak_kib=2535860 swaps=0
START target=V7ProductionCallbacksR29.FunsChunk03 source=staged-r29/V7ProductionCallbacksR29/FunsChunk03.lean
RESULT target=V7ProductionCallbacksR29.FunsChunk03 exit=0 wall_s=1.70 peak_kib=2539172 swaps=0
START target=V7ProductionCallbacksR29.CircleTable_V6_CIRCLE_HIGH6_WINDOW_Chunk00 source=staged-r29/V7ProductionCallbacksR29/CircleTable_V6_CIRCLE_HIGH6_WINDOW_Chunk00.lean
RESULT target=V7ProductionCallbacksR29.CircleTable_V6_CIRCLE_HIGH6_WINDOW_Chunk00 exit=0 wall_s=1.68 peak_kib=2535816 swaps=0
START target=V7ProductionCallbacksR29.CircleTable_V6_CIRCLE_HIGH6_WINDOW_Chunk01 source=staged-r29/V7ProductionCallbacksR29/CircleTable_V6_CIRCLE_HIGH6_WINDOW_Chunk01.lean
RESULT target=V7ProductionCallbacksR29.CircleTable_V6_CIRCLE_HIGH6_WINDOW_Chunk01 exit=0 wall_s=1.68 peak_kib=2535836 swaps=0
START target=V7ProductionCallbacksR29.CircleTable_V6_CIRCLE_HIGH6_WINDOW_Chunk02 source=staged-r29/V7ProductionCallbacksR29/CircleTable_V6_CIRCLE_HIGH6_WINDOW_Chunk02.lean
RESULT target=V7ProductionCallbacksR29.CircleTable_V6_CIRCLE_HIGH6_WINDOW_Chunk02 exit=0 wall_s=1.68 peak_kib=2535976 swaps=0
START target=V7ProductionCallbacksR29.CircleTable_V6_CIRCLE_HIGH6_WINDOW_Chunk03 source=staged-r29/V7ProductionCallbacksR29/CircleTable_V6_CIRCLE_HIGH6_WINDOW_Chunk03.lean
RESULT target=V7ProductionCallbacksR29.CircleTable_V6_CIRCLE_HIGH6_WINDOW_Chunk03 exit=0 wall_s=1.61 peak_kib=2536036 swaps=0
START target=V7ProductionCallbacksR29.FunsChunk04 source=staged-r29/V7ProductionCallbacksR29/FunsChunk04.lean
RESULT target=V7ProductionCallbacksR29.FunsChunk04 exit=0 wall_s=2.37 peak_kib=2565056 swaps=0
START target=V7ProductionCallbacksR29.FunsChunk05 source=staged-r29/V7ProductionCallbacksR29/FunsChunk05.lean
RESULT target=V7ProductionCallbacksR29.FunsChunk05 exit=0 wall_s=2.03 peak_kib=2552176 swaps=0
START target=V7ProductionCallbacksR29.FunsChunk06 source=staged-r29/V7ProductionCallbacksR29/FunsChunk06.lean
RESULT target=V7ProductionCallbacksR29.FunsChunk06 exit=0 wall_s=21.78 peak_kib=3212748 swaps=0
START target=V7ProductionCallbacksR29.FunsChunk07 source=staged-r29/V7ProductionCallbacksR29/FunsChunk07.lean
RESULT target=V7ProductionCallbacksR29.FunsChunk07 exit=0 wall_s=2.88 peak_kib=2603216 swaps=0
START target=V7ProductionCallbacksR29.FunsChunk08 source=staged-r29/V7ProductionCallbacksR29/FunsChunk08.lean
RESULT target=V7ProductionCallbacksR29.FunsChunk08 exit=0 wall_s=13.52 peak_kib=2808016 swaps=0
START target=V7ProductionCallbacksR29.FunsChunk09 source=staged-r29/V7ProductionCallbacksR29/FunsChunk09.lean
RESULT target=V7ProductionCallbacksR29.FunsChunk09 exit=0 wall_s=1.87 peak_kib=2569440 swaps=0
START target=V7ProductionCallbacksR29.FunsChunk10 source=staged-r29/V7ProductionCallbacksR29/FunsChunk10.lean
RESULT target=V7ProductionCallbacksR29.FunsChunk10 exit=0 wall_s=1.76 peak_kib=2560720 swaps=0
START target=V7ProductionCallbacksR29.FunsChunk11 source=staged-r29/V7ProductionCallbacksR29/FunsChunk11.lean
RESULT target=V7ProductionCallbacksR29.FunsChunk11 exit=0 wall_s=1.76 peak_kib=2562320 swaps=0
START target=V7ProductionCallbacksR29.FunsChunk12 source=staged-r29/V7ProductionCallbacksR29/FunsChunk12.lean
RESULT target=V7ProductionCallbacksR29.FunsChunk12 exit=0 wall_s=1.76 peak_kib=2560596 swaps=0
START target=V7ProductionCallbacksR29.FunsChunk13 source=staged-r29/V7ProductionCallbacksR29/FunsChunk13.lean
RESULT target=V7ProductionCallbacksR29.FunsChunk13 exit=0 wall_s=1.72 peak_kib=2564812 swaps=0
START target=V7ProductionCallbacksR29.FunsChunk14 source=staged-r29/V7ProductionCallbacksR29/FunsChunk14.lean
RESULT target=V7ProductionCallbacksR29.FunsChunk14 exit=0 wall_s=1.65 peak_kib=2565696 swaps=0
START target=V7ProductionCallbacksR29.FunsChunk15 source=staged-r29/V7ProductionCallbacksR29/FunsChunk15.lean
RESULT target=V7ProductionCallbacksR29.FunsChunk15 exit=0 wall_s=1.74 peak_kib=2564300 swaps=0
START target=V7ProductionCallbacksR29.FunsChunk16 source=staged-r29/V7ProductionCallbacksR29/FunsChunk16.lean
RESULT target=V7ProductionCallbacksR29.FunsChunk16 exit=0 wall_s=1.80 peak_kib=2570580 swaps=0
START target=V7ProductionCallbacksR29.FunsChunk17 source=staged-r29/V7ProductionCallbacksR29/FunsChunk17.lean
RESULT target=V7ProductionCallbacksR29.FunsChunk17 exit=0 wall_s=1.74 peak_kib=2563308 swaps=0
START target=V7ProductionCallbacksR29.FunsChunk18 source=staged-r29/V7ProductionCallbacksR29/FunsChunk18.lean
RESULT target=V7ProductionCallbacksR29.FunsChunk18 exit=0 wall_s=1.94 peak_kib=2569772 swaps=0
START target=V7ProductionCallbacksR29.LateIteratorExternal source=staged-r29/V7ProductionCallbacksR29/LateIteratorExternal.lean
RESULT target=V7ProductionCallbacksR29.LateIteratorExternal exit=0 wall_s=1.54 peak_kib=2537728 swaps=0
START target=V7ProductionCallbacksR29.FunsChunk19 source=staged-r29/V7ProductionCallbacksR29/FunsChunk19.lean
RESULT target=V7ProductionCallbacksR29.FunsChunk19 exit=0 wall_s=1.70 peak_kib=2564288 swaps=0
START target=V7ProductionCallbacksR29.FunsChunk20 source=staged-r29/V7ProductionCallbacksR29/FunsChunk20.lean
RESULT target=V7ProductionCallbacksR29.FunsChunk20 exit=0 wall_s=2.35 peak_kib=2591624 swaps=0
START target=V7ProductionCallbacksR29.FunsChunk21 source=staged-r29/V7ProductionCallbacksR29/FunsChunk21.lean
RESULT target=V7ProductionCallbacksR29.FunsChunk21 exit=0 wall_s=6.07 peak_kib=2706096 swaps=0
START target=V7ProductionCallbacksR29.FunsChunk22 source=staged-r29/V7ProductionCallbacksR29/FunsChunk22.lean
RESULT target=V7ProductionCallbacksR29.FunsChunk22 exit=0 wall_s=1.92 peak_kib=2587584 swaps=0
START target=V7ProductionCallbacksR29.FunsChunk23 source=staged-r29/V7ProductionCallbacksR29/FunsChunk23.lean
RESULT target=V7ProductionCallbacksR29.FunsChunk23 exit=0 wall_s=2.01 peak_kib=2568112 swaps=0
START target=V7ProductionCallbacksR29.FunsChunk24 source=staged-r29/V7ProductionCallbacksR29/FunsChunk24.lean
RESULT target=V7ProductionCallbacksR29.FunsChunk24 exit=0 wall_s=1.98 peak_kib=2569032 swaps=0
START target=V7ProductionCallbacksR29.FunsChunk25 source=staged-r29/V7ProductionCallbacksR29/FunsChunk25.lean
RESULT target=V7ProductionCallbacksR29.FunsChunk25 exit=0 wall_s=1.83 peak_kib=2568120 swaps=0
START target=V7ProductionCallbacksR29.FunsChunk26 source=staged-r29/V7ProductionCallbacksR29/FunsChunk26.lean
RESULT target=V7ProductionCallbacksR29.FunsChunk26 exit=0 wall_s=1.74 peak_kib=2568212 swaps=0
START target=V7ProductionCallbacksR29.FunsChunk27 source=staged-r29/V7ProductionCallbacksR29/FunsChunk27.lean
RESULT target=V7ProductionCallbacksR29.FunsChunk27 exit=0 wall_s=1.69 peak_kib=2569364 swaps=0
START target=V7ProductionCallbacksR29.FunsChunk28 source=staged-r29/V7ProductionCallbacksR29/FunsChunk28.lean
RESULT target=V7ProductionCallbacksR29.FunsChunk28 exit=0 wall_s=1.82 peak_kib=2572232 swaps=0
START target=V7ProductionCallbacksR29.FunsChunk29 source=staged-r29/V7ProductionCallbacksR29/FunsChunk29.lean
RESULT target=V7ProductionCallbacksR29.FunsChunk29 exit=0 wall_s=4.36 peak_kib=3062516 swaps=0
START target=V7ProductionCallbacksR29.FunsChunk30 source=staged-r29/V7ProductionCallbacksR29/FunsChunk30.lean
RESULT target=V7ProductionCallbacksR29.FunsChunk30 exit=0 wall_s=1.81 peak_kib=2569284 swaps=0
START target=V7ProductionCallbacksR29.FunsChunk31 source=staged-r29/V7ProductionCallbacksR29/FunsChunk31.lean
RESULT target=V7ProductionCallbacksR29.FunsChunk31 exit=0 wall_s=1.77 peak_kib=2572112 swaps=0
START target=V7ProductionCallbacksR29.FunsChunk32 source=staged-r29/V7ProductionCallbacksR29/FunsChunk32.lean
RESULT target=V7ProductionCallbacksR29.FunsChunk32 exit=0 wall_s=1.83 peak_kib=2570068 swaps=0
START target=V7ProductionCallbacksR29.FunsChunk33 source=staged-r29/V7ProductionCallbacksR29/FunsChunk33.lean
RESULT target=V7ProductionCallbacksR29.FunsChunk33 exit=0 wall_s=1.84 peak_kib=2570904 swaps=0
START target=V7ProductionCallbacksR29.FunsChunk34 source=staged-r29/V7ProductionCallbacksR29/FunsChunk34.lean
RESULT target=V7ProductionCallbacksR29.FunsChunk34 exit=0 wall_s=1.82 peak_kib=2565484 swaps=0
START target=V7ProductionCallbacksR29.FunsChunk35 source=staged-r29/V7ProductionCallbacksR29/FunsChunk35.lean
RESULT target=V7ProductionCallbacksR29.FunsChunk35 exit=0 wall_s=2.17 peak_kib=2573324 swaps=0
START target=V7ProductionCallbacksR29.FunsChunk36 source=staged-r29/V7ProductionCallbacksR29/FunsChunk36.lean
RESULT target=V7ProductionCallbacksR29.FunsChunk36 exit=0 wall_s=1.84 peak_kib=2567448 swaps=0
START target=V7ProductionCallbacksR29.FunsChunk37 source=staged-r29/V7ProductionCallbacksR29/FunsChunk37.lean
RESULT target=V7ProductionCallbacksR29.FunsChunk37 exit=0 wall_s=2.25 peak_kib=2591588 swaps=0
START target=V7ProductionCallbacksR29.FunsChunk38 source=staged-r29/V7ProductionCallbacksR29/FunsChunk38.lean
RESULT target=V7ProductionCallbacksR29.FunsChunk38 exit=0 wall_s=2.32 peak_kib=2575600 swaps=0
START target=V7ProductionCallbacksR29.FunsChunk39 source=staged-r29/V7ProductionCallbacksR29/FunsChunk39.lean
RESULT target=V7ProductionCallbacksR29.FunsChunk39 exit=0 wall_s=2.02 peak_kib=2570192 swaps=0
START target=V7ProductionCallbacksR29.FunsChunk40 source=staged-r29/V7ProductionCallbacksR29/FunsChunk40.lean
RESULT target=V7ProductionCallbacksR29.FunsChunk40 exit=0 wall_s=2.20 peak_kib=2578132 swaps=0
START target=V7ProductionCallbacksR29.FunsChunk41 source=staged-r29/V7ProductionCallbacksR29/FunsChunk41.lean
RESULT target=V7ProductionCallbacksR29.FunsChunk41 exit=0 wall_s=1.87 peak_kib=2570600 swaps=0
START target=V7ProductionCallbacksR29.FunsChunk42 source=staged-r29/V7ProductionCallbacksR29/FunsChunk42.lean
RESULT target=V7ProductionCallbacksR29.FunsChunk42 exit=0 wall_s=1.72 peak_kib=2571980 swaps=0
START target=V7ProductionCallbacksR29.FunsChunk43 source=staged-r29/V7ProductionCallbacksR29/FunsChunk43.lean
RESULT target=V7ProductionCallbacksR29.FunsChunk43 exit=0 wall_s=1.87 peak_kib=2573144 swaps=0
START target=V7ProductionCallbacksR29.FunsChunk44 source=staged-r29/V7ProductionCallbacksR29/FunsChunk44.lean
RESULT target=V7ProductionCallbacksR29.FunsChunk44 exit=0 wall_s=1.73 peak_kib=2569080 swaps=0
START target=V7ProductionSnapshotObserverR28.FunsExternal source=generated/V7ProductionSnapshotObserverR28/FunsExternal.lean
RESULT target=V7ProductionSnapshotObserverR28.FunsExternal exit=0 wall_s=1.97 peak_kib=2574196 swaps=0
START target=V7CallerCurrentReleaseR26FieldBridge source=proof-r26/V7CallerCurrentReleaseR26FieldBridge.lean
/home/dombarker/project-offloads/v7-r30-closure-20260930/bundle/proof-r26/V7CallerCurrentReleaseR26FieldBridge.lean:734:17: warning: This simp argument is unused:
  U32.cast_U64_val_eq

Hint: Omit it from the simp argument list.
  simp [wideA,̵ ̵U̵3̵2̵.̵c̵a̵s̵t̵_̵U̵6̵4̵_̵v̵a̵l̵_̵e̵q̵]

Note: This linter can be disabled with `set_option linter.unusedSimpArgs false`
/home/dombarker/project-offloads/v7-r30-closure-20260930/bundle/proof-r26/V7CallerCurrentReleaseR26FieldBridge.lean:736:17: warning: This simp argument is unused:
  U32.cast_U64_val_eq

Hint: Omit it from the simp argument list.
  simp [wideB,̵ ̵U̵3̵2̵.̵c̵a̵s̵t̵_̵U̵6̵4̵_̵v̵a̵l̵_̵e̵q̵]

Note: This linter can be disabled with `set_option linter.unusedSimpArgs false`
/home/dombarker/project-offloads/v7-r30-closure-20260930/bundle/proof-r26/V7CallerCurrentReleaseR26FieldBridge.lean:738:17: warning: This simp argument is unused:
  U32.cast_U64_val_eq

Hint: Omit it from the simp argument list.
  simp [wideP, U̵3̵2̵.̵c̵a̵s̵t̵_̵U̵6̵4̵_̵v̵a̵l̵_̵e̵q̵,̵ ̵hPval]

Note: This linter can be disabled with `set_option linter.unusedSimpArgs false`
'V7CallerCurrentReleaseR26FieldBridge.generated_qm31_zero_canonical' depends on axioms: [propext,
 Classical.choice,
 Quot.sound]
'V7CallerCurrentReleaseR26FieldBridge.generated_m31_reduce_u64_corresponds' depends on axioms: [propext,
 Classical.choice,
 Quot.sound]
'V7CallerCurrentReleaseR26FieldBridge.generated_qm31_add_corresponds' depends on axioms: [propext,
 Classical.choice,
 Quot.sound]
'V7CallerCurrentReleaseR26FieldBridge.generated_qm31_sub_corresponds' depends on axioms: [propext,
 Classical.choice,
 Quot.sound]
'V7CallerCurrentReleaseR26FieldBridge.generated_qm31_mul_corresponds' depends on axioms: [propext,
 Classical.choice,
 Quot.sound]
'V7CallerCurrentReleaseR26FieldBridge.generated_qm31_mul_m31_corresponds' depends on axioms: [propext,
 Classical.choice,
 Quot.sound]
'V7CallerCurrentReleaseR26FieldBridge.generated_double_x_m31_corresponds' depends on axioms: [propext,
 Classical.choice,
 Quot.sound]
'V7CallerCurrentReleaseR26FieldBridge.generated_qm31_square_corresponds' depends on axioms: [propext,
 Classical.choice,
 Quot.sound]
'V7CallerCurrentReleaseR26FieldBridge.generated_cm31_square_canonical' depends on axioms: [propext,
 Classical.choice,
 Quot.sound]
'V7CallerCurrentReleaseR26FieldBridge.generated_prepared_qm31_mul_corresponds' depends on axioms: [propext,
 Classical.choice,
 Quot.sound]
'V7CallerCurrentReleaseR26FieldBridge.generated_prepared_qm31_mul_exact' depends on axioms: [propext,
 Classical.choice,
 Quot.sound]
RESULT target=V7CallerCurrentReleaseR26FieldBridge exit=0 wall_s=4.24 peak_kib=2694448 swaps=0
START target=V7ProductionCallbacksR30FieldCanonical source=proof-r30/V7ProductionCallbacksR30FieldCanonical.lean
/home/dombarker/project-offloads/v7-r30-closure-20260930/bundle/proof-r30/V7ProductionCallbacksR30FieldCanonical.lean:125:24: warning: This simp argument is unused:
  instHAndUScalar

Hint: Omit it from the simp argument list.
  simp only [HAnd.hAnd, i̵n̵s̵t̵H̵A̵n̵d̵U̵S̵c̵a̵l̵a̵r̵,̵ ̵UScalar.and, UScalar.val, BitVec.toNat_and]

Note: This linter can be disabled with `set_option linter.unusedSimpArgs false`
/home/dombarker/project-offloads/v7-r30-closure-20260930/bundle/proof-r30/V7ProductionCallbacksR30FieldCanonical.lean:126:4: warning: This simp argument is unused:
  BitVec.toNat_and

Hint: Omit it from the simp argument list.
  simp only [HAnd.hAnd, instHAndUScalar, UScalar.and, UScalar.val,̵
  ̵ ̵ ̵ ̵ ̵B̵i̵t̵V̵e̵c̵.̵t̵o̵N̵a̵t̵_̵a̵n̵d̵]

Note: This linter can be disabled with `set_option linter.unusedSimpArgs false`
'V7ProductionCallbacksR30FieldCanonical.callback_m31_mul_canonical' depends on axioms: [propext,
 Classical.choice,
 Quot.sound]
'V7ProductionCallbacksR30FieldCanonical.callback_m31_add_canonical' depends on axioms: [propext,
 Classical.choice,
 Quot.sound]
'V7ProductionCallbacksR30FieldCanonical.callback_m31_double_canonical' depends on axioms: [propext,
 Classical.choice,
 Quot.sound]
'V7ProductionCallbacksR30FieldCanonical.callback_m31_sub_canonical' depends on axioms: [propext,
 Classical.choice,
 Quot.sound]
'V7ProductionCallbacksR30FieldCanonical.callback_reduce_u64_eq_current_reduce_u64_wide' depends on axioms: [propext,
 Classical.choice,
 Quot.sound]
'V7ProductionCallbacksR30FieldCanonical.callback_cm31_mul_canonical' depends on axioms: [propext,
 Classical.choice,
 Quot.sound]
RESULT target=V7ProductionCallbacksR30FieldCanonical exit=0 wall_s=4.41 peak_kib=2713224 swaps=0
START target=V7CallerCurrentReleaseR26HalfBridge source=proof-r26/V7CallerCurrentReleaseR26HalfBridge.lean
/home/dombarker/project-offloads/v7-r30-closure-20260930/bundle/proof-r26/V7CallerCurrentReleaseR26HalfBridge.lean:72:15: warning: Variable name `hx` is not explicitly referenced.

The binding can be removed (if unused) or named `_` (if used implicitly).

Note: This linter can be disabled with `set_option linter.unusedVariables false`
'V7CallerCurrentReleaseR26HalfBridge.generated_qm31_half_corresponds' depends on axioms: [propext,
 Classical.choice,
 Quot.sound]
RESULT target=V7CallerCurrentReleaseR26HalfBridge exit=0 wall_s=2.09 peak_kib=2651488 swaps=0
START target=V7ProductionCallbacksR30Qm31Canonical source=proof-r30/V7ProductionCallbacksR30Qm31Canonical.lean
/home/dombarker/project-offloads/v7-r30-closure-20260930/bundle/proof-r30/V7ProductionCallbacksR30Qm31Canonical.lean:95:17: warning: This simp argument is unused:
  Std.U32.cast_U64_val_eq

Hint: Omit it from the simp argument list.
  simp [wideA,̵ ̵S̵t̵d̵.̵U̵3̵2̵.̵c̵a̵s̵t̵_̵U̵6̵4̵_̵v̵a̵l̵_̵e̵q̵]

Note: This linter can be disabled with `set_option linter.unusedSimpArgs false`
/home/dombarker/project-offloads/v7-r30-closure-20260930/bundle/proof-r30/V7ProductionCallbacksR30Qm31Canonical.lean:97:17: warning: This simp argument is unused:
  Std.U32.cast_U64_val_eq

Hint: Omit it from the simp argument list.
  simp [wideB,̵ ̵S̵t̵d̵.̵U̵3̵2̵.̵c̵a̵s̵t̵_̵U̵6̵4̵_̵v̵a̵l̵_̵e̵q̵]

Note: This linter can be disabled with `set_option linter.unusedSimpArgs false`
/home/dombarker/project-offloads/v7-r30-closure-20260930/bundle/proof-r30/V7ProductionCallbacksR30Qm31Canonical.lean:99:17: warning: This simp argument is unused:
  Std.U32.cast_U64_val_eq

Hint: Omit it from the simp argument list.
  simp [wideP, S̵t̵d̵.̵U̵3̵2̵.̵c̵a̵s̵t̵_̵U̵6̵4̵_̵v̵a̵l̵_̵e̵q̵,̵
  ̵ ̵ ̵ ̵ ̵ ̵ ̵V7CallerCurrentReleaseR26.field.P]

Note: This linter can be disabled with `set_option linter.unusedSimpArgs false`
'V7ProductionCallbacksR30Qm31Canonical.callback_cm31_add_canonical' depends on axioms: [propext,
 Classical.choice,
 Quot.sound]
'V7ProductionCallbacksR30Qm31Canonical.callback_cm31_sub_canonical' depends on axioms: [propext,
 Classical.choice,
 Quot.sound]
'V7ProductionCallbacksR30Qm31Canonical.callback_mul_by_r_canonical' depends on axioms: [propext,
 Classical.choice,
 Quot.sound]
'V7ProductionCallbacksR30Qm31Canonical.callback_cm31_square_canonical' depends on axioms: [propext,
 Classical.choice,
 Quot.sound]
'V7ProductionCallbacksR30Qm31Canonical.callback_cm31_double_canonical' depends on axioms: [propext,
 Classical.choice,
 Quot.sound]
'V7ProductionCallbacksR30Qm31Canonical.callback_cm31_mul_m31_canonical' depends on axioms: [propext,
 Classical.choice,
 Quot.sound]
'V7ProductionCallbacksR30Qm31Canonical.callback_qm31_mul_m31_canonical' depends on axioms: [propext,
 Classical.choice,
 Quot.sound]
'V7ProductionCallbacksR30Qm31Canonical.callback_prepared_cm31_mul_canonical' depends on axioms: [propext,
 Classical.choice,
 Quot.sound]
'V7ProductionCallbacksR30Qm31Canonical.callback_prepared_qm31_mul_canonical' depends on axioms: [propext,
 Classical.choice,
 Quot.sound]
'V7ProductionCallbacksR30Qm31Canonical.callback_qm31_half_canonical' depends on axioms: [propext,
 Classical.choice,
 Quot.sound]
'V7ProductionCallbacksR30Qm31Canonical.callback_qm31_add_canonical' depends on axioms: [propext,
 Classical.choice,
 Quot.sound]
'V7ProductionCallbacksR30Qm31Canonical.callback_qm31_sub_canonical' depends on axioms: [propext,
 Classical.choice,
 Quot.sound]
'V7ProductionCallbacksR30Qm31Canonical.callback_qm31_mul_canonical' depends on axioms: [propext,
 Classical.choice,
 Quot.sound]
'V7ProductionCallbacksR30Qm31Canonical.callback_qm31_square_canonical' depends on axioms: [propext,
 Classical.choice,
 Quot.sound]
RESULT target=V7ProductionCallbacksR30Qm31Canonical exit=0 wall_s=2.95 peak_kib=2705952 swaps=0
START target=V7ProductionCallbacksR30KaratsubaCanonical source=proof-r30/V7ProductionCallbacksR30KaratsubaCanonical.lean
'V7ProductionCallbacksR30KaratsubaCanonical.successful_callback_reduce_canonical' depends on axioms: [propext,
 Classical.choice,
 Quot.sound]
'V7ProductionCallbacksR30KaratsubaCanonical.successful_channel_closure_canonical' depends on axioms: [propext,
 Classical.choice,
 Quot.sound]
'V7ProductionCallbacksR30KaratsubaCanonical.successful_channel_sums_canonical' depends on axioms: [propext,
 Classical.choice,
 Quot.sound]
'V7ProductionCallbacksR30KaratsubaCanonical.successful_prepared_sum_products3_canonical' depends on axioms: [propext,
 Classical.choice,
 Quot.sound]
RESULT target=V7ProductionCallbacksR30KaratsubaCanonical exit=0 wall_s=1.86 peak_kib=2679360 swaps=0
START target=V7ProductionCallbacksR30MutableCanonical source=proof-r30/V7ProductionCallbacksR30MutableCanonical.lean
'V7ProductionCallbacksR30MutableCanonical.enumerate_some_all' depends on axioms: [propext, Classical.choice, Quot.sound]
'V7ProductionCallbacksR30MutableCanonical.enumerate_none_all' depends on axioms: [propext, Classical.choice, Quot.sound]
RESULT target=V7ProductionCallbacksR30MutableCanonical exit=0 wall_s=2.02 peak_kib=2682784 swaps=0
START target=V7ProductionCallbacksR30ArrayCanonical source=proof-r30/V7ProductionCallbacksR30ArrayCanonical.lean
'V7ProductionCallbacksR30ArrayCanonical.array_index_all' depends on axioms: [propext, Quot.sound]
'V7ProductionCallbacksR30ArrayCanonical.array_update_all' depends on axioms: [propext, Classical.choice, Quot.sound]
RESULT target=V7ProductionCallbacksR30ArrayCanonical exit=0 wall_s=1.85 peak_kib=2679712 swaps=0
START target=V7ProductionCallbacksR30FromFnCanonical source=proof-r30/V7ProductionCallbacksR30FromFnCanonical.lean
'V7ProductionCallbacksR30FromFnCanonical.from_fn_all' depends on axioms: [propext, Classical.choice, Quot.sound]
RESULT target=V7ProductionCallbacksR30FromFnCanonical exit=0 wall_s=1.99 peak_kib=2684096 swaps=0
START target=V7CallerCurrentReleaseR26QueryBatchInsertion source=proof-r26/V7CallerCurrentReleaseR26QueryBatchInsertion.lean
'V7CallerCurrentReleaseR26QueryBatchInsertion.accepted_query_batch_exposes_exact_insertion' depends on axioms: [propext,
 Classical.choice,
 Quot.sound]
RESULT target=V7CallerCurrentReleaseR26QueryBatchInsertion exit=0 wall_s=2.09 peak_kib=2552104 swaps=0
START target=V7CallerCurrentReleaseR26AcceptedTailDispatch source=proof-r26/V7CallerCurrentReleaseR26AcceptedTailDispatch.lean
/home/dombarker/project-offloads/v7-r30-closure-20260930/bundle/proof-r26/V7CallerCurrentReleaseR26AcceptedTailDispatch.lean:200:24: warning: This simp argument is unused:
  core.result.Result.map_err

Hint: Omit it from the simp argument list.
  simp [BuiltinFnOnce, v6_transcript.V6TranscriptError.Wire,
                          core.result.Result.m̵a̵p̵_̵e̵r̵r̵,̵
  ̵ ̵ ̵ ̵ ̵ ̵ ̵ ̵ ̵ ̵ ̵ ̵ ̵ ̵ ̵ ̵ ̵ ̵ ̵ ̵ ̵ ̵ ̵ ̵ ̵c̵o̵r̵e̵.̵r̵e̵s̵u̵l̵t̵.̵R̵e̵s̵u̵l̵t̵.̵Insts.CoreOpsTry.branch,
                          core.result.Result.Insts.CoreOpsTryTraitFromResidualResultInfallible.from_residual,
                          core.convert.FromSame.from] at success

Note: This linter can be disabled with `set_option linter.unusedSimpArgs false`
/home/dombarker/project-offloads/v7-r30-closure-20260930/bundle/proof-r26/V7CallerCurrentReleaseR26AcceptedTailDispatch.lean:201:24: warning: This simp argument is unused:
  core.result.Result.Insts.CoreOpsTry.branch

Hint: Omit it from the simp argument list.
  simp [BuiltinFnOnce, v6_transcript.V6TranscriptError.Wire,
                          core.result.Result.map_err,
                          c̵o̵r̵e̵.̵r̵e̵s̵u̵l̵t̵.̵R̵e̵s̵u̵l̵t̵.̵I̵n̵s̵t̵s̵.̵C̵o̵r̵e̵O̵p̵s̵T̵r̵y̵.̵b̵r̵a̵n̵c̵h̵,̵core.result.Result.Insts.CoreOpsTryTraitFromResidualResultInfallible.from_residual,
                          core.convert.FromSame.from] at success

Note: This linter can be disabled with `set_option linter.unusedSimpArgs false`
/home/dombarker/project-offloads/v7-r30-closure-20260930/bundle/proof-r26/V7CallerCurrentReleaseR26AcceptedTailDispatch.lean:205:33: warning: This simp argument is unused:
  core.result.Result.map_err

Hint: Omit it from the simp argument list.
  simp only [core.result.Result.m̵a̵p̵_̵e̵r̵r̵,̵
  ̵ ̵ ̵ ̵ ̵ ̵ ̵ ̵ ̵ ̵ ̵ ̵ ̵ ̵ ̵ ̵ ̵ ̵ ̵ ̵ ̵ ̵ ̵ ̵ ̵c̵o̵r̵e̵.̵r̵e̵s̵u̵l̵t̵.̵R̵e̵s̵u̵l̵t̵.̵Insts.CoreOpsTry.branch] at success

Note: This linter can be disabled with `set_option linter.unusedSimpArgs false`
/home/dombarker/project-offloads/v7-r30-closure-20260930/bundle/proof-r26/V7CallerCurrentReleaseR26AcceptedTailDispatch.lean:206:24: warning: This simp argument is unused:
  core.result.Result.Insts.CoreOpsTry.branch

Hint: Omit it from the simp argument list.
  simp only [core.result.Result.map_err,̵
  ̵ ̵ ̵ ̵ ̵ ̵ ̵ ̵ ̵ ̵ ̵ ̵ ̵ ̵ ̵ ̵ ̵ ̵ ̵ ̵ ̵ ̵ ̵ ̵ ̵c̵o̵r̵e̵.̵r̵e̵s̵u̵l̵t̵.̵R̵e̵s̵u̵l̵t̵.̵I̵n̵s̵t̵s̵.̵C̵o̵r̵e̵O̵p̵s̵T̵r̵y̵.̵b̵r̵a̵n̵c̵h̵] at success

Note: This linter can be disabled with `set_option linter.unusedSimpArgs false`
/home/dombarker/project-offloads/v7-r30-closure-20260930/bundle/proof-r26/V7CallerCurrentReleaseR26AcceptedTailDispatch.lean:216:32: warning: This simp argument is unused:
  core.result.Result.map_err

Hint: Omit it from the simp argument list.
  simp [c̵o̵r̵e̵.̵r̵e̵s̵u̵l̵t̵.̵R̵e̵s̵u̵l̵t̵.̵m̵a̵p̵_̵e̵r̵r̵,̵
  ̵ ̵ ̵ ̵ ̵ ̵ ̵ ̵ ̵ ̵ ̵ ̵ ̵ ̵ ̵ ̵ ̵ ̵ ̵ ̵ ̵ ̵ ̵ ̵ ̵ ̵ ̵ ̵ ̵v6_transcript.finish_onefold_relation_after_prechallenge.closure_1.Insts.CoreOpsFunctionFnOnceTupleV6QueryBatchErrorV6TranscriptError.call_once,
                              core.result.Result.Insts.CoreOpsTry.branch,
                              core.result.Result.Insts.CoreOpsTryTraitFromResidualResultInfallible.from_residual,
                              core.convert.FromSame.from] at success

Note: This linter can be disabled with `set_option linter.unusedSimpArgs false`
/home/dombarker/project-offloads/v7-r30-closure-20260930/bundle/proof-r26/V7CallerCurrentReleaseR26AcceptedTailDispatch.lean:218:28: warning: This simp argument is unused:
  core.result.Result.Insts.CoreOpsTry.branch

Hint: Omit it from the simp argument list.
  simp [core.result.Result.map_err,
                              v6_transcript.finish_onefold_relation_after_prechallenge.closure_1.Insts.CoreOpsFunctionFnOnceTupleV6QueryBatchErrorV6TranscriptError.call_once,
                              core.result.Result.Insts.CoreOpsTry.̵b̵r̵a̵n̵c̵h̵,̵
  ̵ ̵ ̵ ̵ ̵ ̵ ̵ ̵ ̵ ̵ ̵ ̵ ̵ ̵ ̵ ̵ ̵ ̵ ̵ ̵ ̵ ̵ ̵ ̵ ̵ ̵ ̵ ̵ ̵c̵o̵r̵e̵.̵r̵e̵s̵u̵l̵t̵.̵R̵e̵s̵u̵l̵t̵.̵I̵n̵s̵t̵s̵.̵C̵o̵r̵e̵O̵p̵s̵Try̵T̵r̵aitFromResidualResultInfallible.from_residual,
                              core.convert.FromSame.from] at success

Note: This linter can be disabled with `set_option linter.unusedSimpArgs false`
/home/dombarker/project-offloads/v7-r30-closure-20260930/bundle/proof-r26/V7CallerCurrentReleaseR26AcceptedTailDispatch.lean:222:37: warning: This simp argument is unused:
  core.result.Result.map_err

Hint: Omit it from the simp argument list.
  simp only [core.result.Result.m̵a̵p̵_̵e̵r̵r̵,̵
  ̵ ̵ ̵ ̵ ̵ ̵ ̵ ̵ ̵ ̵ ̵ ̵ ̵ ̵ ̵ ̵ ̵ ̵ ̵ ̵ ̵ ̵ ̵ ̵ ̵ ̵ ̵ ̵ ̵c̵o̵r̵e̵.̵r̵e̵s̵u̵l̵t̵.̵R̵e̵s̵u̵l̵t̵.̵Insts.CoreOpsTry.branch] at success

Note: This linter can be disabled with `set_option linter.unusedSimpArgs false`
/home/dombarker/project-offloads/v7-r30-closure-20260930/bundle/proof-r26/V7CallerCurrentReleaseR26AcceptedTailDispatch.lean:223:28: warning: This simp argument is unused:
  core.result.Result.Insts.CoreOpsTry.branch

Hint: Omit it from the simp argument list.
  simp only [core.result.Result.map_err,̵
  ̵ ̵ ̵ ̵ ̵ ̵ ̵ ̵ ̵ ̵ ̵ ̵ ̵ ̵ ̵ ̵ ̵ ̵ ̵ ̵ ̵ ̵ ̵ ̵ ̵ ̵ ̵ ̵ ̵c̵o̵r̵e̵.̵r̵e̵s̵u̵l̵t̵.̵R̵e̵s̵u̵l̵t̵.̵I̵n̵s̵t̵s̵.̵C̵o̵r̵e̵O̵p̵s̵T̵r̵y̵.̵b̵r̵a̵n̵c̵h̵] at success

Note: This linter can be disabled with `set_option linter.unusedSimpArgs false`
'V7CallerCurrentReleaseR26AcceptedTailDispatch.accepted_shifted_dispatch_feeds_tail' depends on axioms: [propext,
 Classical.choice,
 Quot.sound]
RESULT target=V7CallerCurrentReleaseR26AcceptedTailDispatch exit=0 wall_s=3.46 peak_kib=2603656 swaps=0
START target=V7CallerCurrentReleaseR26AcceptedTailSnapshot source=proof-r26/V7CallerCurrentReleaseR26AcceptedTailSnapshot.lean
'V7CallerCurrentReleaseR26AcceptedTailSnapshot.loop_ok_has_done_origin' depends on axioms: [propext,
 Classical.choice,
 Quot.sound]
'V7CallerCurrentReleaseR26AcceptedTailSnapshot.tail_body_accepted_done_preserves_snapshot' depends on axioms: [propext,
 Classical.choice,
 Quot.sound]
'V7CallerCurrentReleaseR26AcceptedTailSnapshot.accepted_relation_loop_returns_supplied_snapshot' depends on axioms: [propext,
 Classical.choice,
 Quot.sound]
'V7CallerCurrentReleaseR26AcceptedTailSnapshot.V7CallerCurrentReleaseR26AcceptedTailDispatch.AcceptedShiftedTailDispatch.returnedSnapshotExact' depends on axioms: [propext,
 Classical.choice,
 Quot.sound]
RESULT target=V7CallerCurrentReleaseR26AcceptedTailSnapshot exit=0 wall_s=3.09 peak_kib=2588164 swaps=0
START target=V7CallerCurrentReleaseR26AcceptedTailTrace source=proof-r26/V7CallerCurrentReleaseR26AcceptedTailTrace.lean
'V7CallerCurrentReleaseR26AcceptedTailTrace.loop_success_yields_exact_trace' depends on axioms: [propext,
 Classical.choice,
 Quot.sound]
'V7CallerCurrentReleaseR26AcceptedTailTrace.accepted_relation_loop_has_exact_trace' depends on axioms: [propext,
 Classical.choice,
 Quot.sound]
'V7CallerCurrentReleaseR26AcceptedTailTrace.accepted_relation_loop_has_three_round_execution' depends on axioms: [propext,
 Classical.choice,
 Quot.sound]
'V7CallerCurrentReleaseR26AcceptedTailTrace.ThreeRoundAcceptedTailExecution.iterator_equations' depends on axioms: [propext,
 Classical.choice,
 Quot.sound]
RESULT target=V7CallerCurrentReleaseR26AcceptedTailTrace exit=0 wall_s=7.68 peak_kib=2619892 swaps=0
START target=V7ProductionCallbacksR30DecoderCanonical source=proof-r30/V7ProductionCallbacksR30DecoderCanonical.lean
'V7ProductionCallbacksR30DecoderCanonical.successful_scanner_zero_canonical' depends on axioms: [propext,
 Classical.choice,
 Quot.sound]
RESULT target=V7ProductionCallbacksR30DecoderCanonical exit=0 wall_s=2.04 peak_kib=2697564 swaps=0
START target=V7ProductionCallbacksR30PackedDecoderCanonical source=proof-r30/V7ProductionCallbacksR30PackedDecoderCanonical.lean
'V7ProductionCallbacksR30PackedDecoderCanonical.successful_packed_block_loop_canonical' depends on axioms: [propext,
 Classical.choice,
 Quot.sound]
/home/dombarker/project-offloads/v7-r30-closure-20260930/bundle/proof-r30/V7ProductionCallbacksR30PackedDecoderCanonical.lean:409:32: warning: This simp argument is unused:
  List.getElem!_eq_getElem?_getD

Hint: Omit it from the simp argument list.
  simp [Array.repeat, L̵i̵s̵t̵.̵g̵e̵t̵E̵l̵e̵m̵!̵_̵e̵q̵_̵g̵e̵t̵E̵l̵e̵m̵?̵_̵g̵e̵t̵D̵,̵ ̵indexBound, AspisAeneasCM31Multiplicative.CanonicalRawM31,
                AspisAeneasCM31Multiplicative.m31Modulus]

Note: This linter can be disabled with `set_option linter.unusedSimpArgs false`
'V7ProductionCallbacksR30PackedDecoderCanonical.successful_packed_decoder_canonical' depends on axioms: [propext,
 Classical.choice,
 Quot.sound]
RESULT target=V7ProductionCallbacksR30PackedDecoderCanonical exit=0 wall_s=3.87 peak_kib=2822176 swaps=0
START target=V7ProductionCallbacksR30GammaC1Canonical source=proof-r30/V7ProductionCallbacksR30GammaC1Canonical.lean
'V7ProductionCallbacksR30GammaC1Canonical.literal_c1_gamma_canonical' depends on axioms: [propext,
 Classical.choice,
 Quot.sound]
'V7ProductionCallbacksR30GammaC1Canonical.callback_c1_gamma_canonical' depends on axioms: [propext,
 Classical.choice,
 Quot.sound]
RESULT target=V7ProductionCallbacksR30GammaC1Canonical exit=0 wall_s=1.95 peak_kib=2692228 swaps=0
START target=V7ProductionCallbacksR30GammaHelpersCanonical source=proof-r30/V7ProductionCallbacksR30GammaHelpersCanonical.lean
'V7ProductionCallbacksR30GammaHelpersCanonical.successful_gamma_final_loop_canonical' depends on axioms: [propext,
 Classical.choice,
 Quot.sound]
'V7ProductionCallbacksR30GammaHelpersCanonical.successful_helper_population_canonical' depends on axioms: [propext,
 Classical.choice,
 Quot.sound]
RESULT target=V7ProductionCallbacksR30GammaHelpersCanonical exit=0 wall_s=1.89 peak_kib=2689244 swaps=0
START target=V7ProductionCallbacksR30PackedGammaCanonical source=proof-r30/V7ProductionCallbacksR30PackedGammaCanonical.lean
'V7ProductionCallbacksR30PackedGammaCanonical.successful_packed_gamma_canonical' depends on axioms: [propext,
 Classical.choice,
 Quot.sound]
RESULT target=V7ProductionCallbacksR30PackedGammaCanonical exit=0 wall_s=1.83 peak_kib=2686100 swaps=0
START target=V7ProductionCallbacksR30QueryGammaCanonical source=proof-r30/V7ProductionCallbacksR30QueryGammaCanonical.lean
'V7ProductionCallbacksR30QueryGammaCanonical.successful_query_gamma_loop_canonical' depends on axioms: [propext,
 Classical.choice,
 Quot.sound]
'V7ProductionCallbacksR30QueryGammaCanonical.successful_query_gamma_canonical' depends on axioms: [propext,
 Classical.choice,
 Quot.sound]
RESULT target=V7ProductionCallbacksR30QueryGammaCanonical exit=0 wall_s=2.02 peak_kib=2695004 swaps=0
START target=V7ProductionCallbacksR30NormalizedFoldCanonical source=proof-r30/V7ProductionCallbacksR30NormalizedFoldCanonical.lean
'V7ProductionCallbacksR30NormalizedFoldCanonical.successful_normalized_candidate_canonical' depends on axioms: [propext,
 Classical.choice,
 Quot.sound]
'V7ProductionCallbacksR30NormalizedFoldCanonical.successful_normalized_polynomial_refs_canonical' depends on axioms: [propext,
 Classical.choice,
 Quot.sound]
RESULT target=V7ProductionCallbacksR30NormalizedFoldCanonical exit=0 wall_s=1.82 peak_kib=2690252 swaps=0
START target=V7ProductionCallbacksR30FoldQueriesCanonical source=proof-r30/V7ProductionCallbacksR30FoldQueriesCanonical.lean
'V7ProductionCallbacksR30FoldQueriesCanonical.successful_fold_queries_canonical' depends on axioms: [propext,
 Classical.choice,
 Quot.sound]
RESULT target=V7ProductionCallbacksR30FoldQueriesCanonical exit=0 wall_s=1.81 peak_kib=2686384 swaps=0
START target=V7ProductionCallbacksR30CircleTableCanonical source=proof-r30/V7ProductionCallbacksR30CircleTableCanonical.lean
'V7ProductionCallbacksR30CircleTableCanonical.low6_table_canonical' depends on axioms: [propext,
 Classical.choice,
 Quot.sound]
'V7ProductionCallbacksR30CircleTableCanonical.middle6_table_canonical' depends on axioms: [propext,
 Classical.choice,
 Quot.sound]
'V7ProductionCallbacksR30CircleTableCanonical.high6_table_canonical' depends on axioms: [propext,
 Classical.choice,
 Quot.sound]
RESULT target=V7ProductionCallbacksR30CircleTableCanonical exit=0 wall_s=6.55 peak_kib=2697568 swaps=0
START target=V7ProductionCallbacksR30CirclePointCanonical source=proof-r30/V7ProductionCallbacksR30CirclePointCanonical.lean
'V7ProductionCallbacksR30CirclePointCanonical.callback_base_point_add_canonical' depends on axioms: [propext,
 Classical.choice,
 Quot.sound]
'V7ProductionCallbacksR30CirclePointCanonical.successful_v6_fiber_loop_canonical' depends on axioms: [propext,
 Classical.choice,
 Quot.sound]
'V7ProductionCallbacksR30CirclePointCanonical.successful_selected_v6_points_canonical' depends on axioms: [propext,
 Classical.choice,
 Quot.sound]
RESULT target=V7ProductionCallbacksR30CirclePointCanonical exit=0 wall_s=2.76 peak_kib=2709260 swaps=0
START target=V7ProductionCallbacksR29.FunsChunk45 source=staged-r29/V7ProductionCallbacksR29/FunsChunk45.lean
RESULT target=V7ProductionCallbacksR29.FunsChunk45 exit=0 wall_s=1.71 peak_kib=2565148 swaps=0
START target=V7ProductionSnapshotObserverR28.Funs source=generated/V7ProductionSnapshotObserverR28/Funs.lean
RESULT target=V7ProductionSnapshotObserverR28.Funs exit=0 wall_s=1.86 peak_kib=2571816 swaps=0
START target=V7ProductionCallbacksR30CoordinatesCanonical source=proof-r30/V7ProductionCallbacksR30CoordinatesCanonical.lean
'V7ProductionCallbacksR30CoordinatesCanonical.closure3_output_canonical' depends on axioms: [propext,
 Classical.choice,
 Quot.sound]
'V7ProductionCallbacksR30CoordinatesCanonical.line_from_fn_canonical' depends on axioms: [propext,
 Classical.choice,
 Quot.sound]
'V7ProductionCallbacksR30CoordinatesCanonical.successful_prepare_v6_onefold_coordinates_line_canonical' depends on axioms: [propext,
 Classical.choice,
 Quot.sound]
'V7ProductionCallbacksR30CoordinatesCanonical.successful_production_observer_authenticate_and_fold_queries_line_canonical' depends on axioms: [propext,
 Classical.choice,
 Quot.sound]
'V7ProductionCallbacksR30CoordinatesCanonical.successful_production_observer_query_fold_line_canonical' depends on axioms: [propext,
 Classical.choice,
 Quot.sound]
RESULT target=V7ProductionCallbacksR30CoordinatesCanonical exit=0 wall_s=2.44 peak_kib=2711104 swaps=0
START target=V7ProductionCallbacksR30QueryValuesCanonical source=proof-r30/V7ProductionCallbacksR30QueryValuesCanonical.lean
'V7ProductionCallbacksR30QueryValuesCanonical.successful_authenticate_and_fold_queries_values_canonical' depends on axioms: [propext,
 Classical.choice,
 Quot.sound]
'V7ProductionCallbacksR30QueryValuesCanonical.successful_production_observer_query_fold_values_canonical' depends on axioms: [propext,
 Classical.choice,
 Quot.sound]
RESULT target=V7ProductionCallbacksR30QueryValuesCanonical exit=0 wall_s=1.93 peak_kib=2691192 swaps=0
START target=V7ProductionSnapshotObserverR28SourceBridge source=proof-r28/V7ProductionSnapshotObserverR28SourceBridge.lean
/home/dombarker/project-offloads/v7-r30-closure-20260930/bundle/proof-r28/V7ProductionSnapshotObserverR28SourceBridge.lean:101:8: warning: This simp argument is unused:
  Bind.bind

Hint: Omit it from the simp argument list.
  simp [B̵i̵n̵d̵.̵b̵i̵n̵d̵,̵ ̵Aeneas.Std.bind,
  ̵  ̵ ̵ ̵core.result.Result.Insts.CoreOpsTry.branch, core.option.Option.ok_or]

Note: This linter can be disabled with `set_option linter.unusedSimpArgs false`
/home/dombarker/project-offloads/v7-r30-closure-20260930/bundle/proof-r28/V7ProductionSnapshotObserverR28SourceBridge.lean:101:19: warning: This simp argument is unused:
  Aeneas.Std.bind

Hint: Omit it from the simp argument list.
  simp [Bind.bind, A̵e̵n̵e̵a̵s̵.̵S̵t̵d̵.̵b̵i̵n̵d̵,̵
  ̵ ̵ ̵ ̵ ̵core.result.Result.Insts.CoreOpsTry.branch, core.option.Option.ok_or]

Note: This linter can be disabled with `set_option linter.unusedSimpArgs false`
/home/dombarker/project-offloads/v7-r30-closure-20260930/bundle/proof-r28/V7ProductionSnapshotObserverR28SourceBridge.lean:102:4: warning: This simp argument is unused:
  core.result.Result.Insts.CoreOpsTry.branch

Hint: Omit it from the simp argument list.
  simp [Bind.bind, Aeneas.Std.bind, c̵o̵r̵e̵.̵r̵e̵s̵u̵l̵t̵.̵R̵e̵s̵u̵l̵t̵.̵I̵n̵s̵t̵s̵.̵C̵o̵r̵e̵O̵p̵s̵T̵r̵y̵.̵b̵r̵a̵n̵c̵h̵,̵ ̵core.option.Option.ok_or]

Note: This linter can be disabled with `set_option linter.unusedSimpArgs false`
/home/dombarker/project-offloads/v7-r30-closure-20260930/bundle/proof-r28/V7ProductionSnapshotObserverR28SourceBridge.lean:209:26: warning: This simp argument is unused:
  core.result.Result.Insts.CoreOpsTry.branch

Hint: Omit it from the simp argument list.
  simp [̵c̵o̵r̵e̵.̵r̵e̵s̵u̵l̵t̵.̵R̵e̵s̵u̵l̵t̵.̵I̵n̵s̵t̵s̵.̵C̵o̵r̵e̵O̵p̵s̵T̵r̵y̵.̵b̵r̵a̵n̵c̵h̵,̵
  ̵ ̵ ̵ ̵ ̵ ̵ ̵ ̵ ̵ ̵ ̵ ̵ ̵ ̵ ̵ ̵ ̵ ̵ ̵ ̵ ̵ ̵ ̵c̵o̵r̵e̵.̵r̵e̵s̵u̵l̵t̵.̵R̵e̵s̵u̵l̵t̵.̵I̵n̵s̵t̵s̵.̵C̵o̵r̵e̵O̵p̵s̵T̵r̵y̵T̵r̵a̵i̵t̵F̵r̵o̵m̵R̵e̵s̵i̵d̵u̵a̵l̵R̵e̵s̵u̵l̵t̵I̵n̵f̵a̵l̵l̵i̵b̵l̵e̵.̵f̵r̵o̵m̵_̵r̵e̵s̵i̵d̵u̵a̵l̵,̵[̲c̲o̲r̲e̲.̲r̲e̲s̲u̲l̲t̲.̲R̲e̲s̲u̲l̲t̲.̲I̲n̲s̲t̲s̲.̲C̲o̲r̲e̲O̲p̲s̲T̲r̲y̲T̲r̲a̲i̲t̲F̲r̲o̲m̲R̲e̲s̲i̲d̲u̲a̲l̲R̲e̲s̲u̲l̲t̲I̲n̲f̲a̲l̲l̲i̲b̲l̲e̲.̲f̲r̲o̲m̲_̲r̲e̲s̲i̲d̲u̲a̲l̲,̲
                        v7_verifier.V7VerifyError.Insts.CoreConvertFromV6TranscriptError.from,
                        Bind.bind, Aeneas.Std.bind] at accepted

Note: This linter can be disabled with `set_option linter.unusedSimpArgs false`
/home/dombarker/project-offloads/v7-r30-closure-20260930/bundle/proof-r28/V7ProductionSnapshotObserverR28SourceBridge.lean:215:31: warning: This simp argument is unused:
  core.result.Result.Insts.CoreOpsTry.branch

Hint: Omit it from the simp argument list.
  simp only [̵c̵o̵r̵e̵.̵r̵e̵s̵u̵l̵t̵.̵R̵e̵s̵u̵l̵t̵.̵I̵n̵s̵t̵s̵.̵C̵o̵r̵e̵O̵p̵s̵T̵r̵y̵.̵b̵r̵a̵n̵c̵h̵,̵
  ̵ ̵ ̵ ̵ ̵ ̵ ̵ ̵ ̵ ̵ ̵ ̵ ̵ ̵ ̵ ̵ ̵ ̵ ̵ ̵ ̵ ̵ ̵b̵i̵n̵d̵_̵t̵c̵_̵o̵k̵]̵[̲b̲i̲n̲d̲_̲t̲c̲_̲o̲k̲]̲ at accepted

Note: This linter can be disabled with `set_option linter.unusedSimpArgs false`
/home/dombarker/project-offloads/v7-r30-closure-20260930/bundle/proof-r28/V7ProductionSnapshotObserverR28SourceBridge.lean:220:24: warning: This simp argument is unused:
  core.result.Result.Insts.CoreOpsTry.branch

Hint: Omit it from the simp argument list.
  simp [core.option.Option.ok_or,
                          c̵o̵r̵e̵.̵r̵e̵s̵u̵l̵t̵.̵R̵e̵s̵u̵l̵t̵.̵I̵n̵s̵t̵s̵.̵C̵o̵r̵e̵O̵p̵s̵T̵r̵y̵.̵b̵r̵a̵n̵c̵h̵,̵core.result.Result.Insts.CoreOpsTryTraitFromResidualResultInfallible.from_residual,
                          Bind.bind, Aeneas.Std.bind] at accepted

Note: This linter can be disabled with `set_option linter.unusedSimpArgs false`
/home/dombarker/project-offloads/v7-r30-closure-20260930/bundle/proof-r28/V7ProductionSnapshotObserverR28SourceBridge.lean:225:24: warning: This simp argument is unused:
  core.result.Result.Insts.CoreOpsTry.branch

Hint: Omit it from the simp argument list.
  simp [core.option.Option.ok_or, c̵o̵r̵e̵.̵r̵e̵s̵u̵l̵t̵.̵R̵e̵s̵u̵l̵t̵.̵I̵n̵s̵t̵s̵.̵C̵o̵r̵e̵O̵p̵s̵T̵r̵y̵.̵b̵r̵a̵n̵c̵h̵,̵Bind.bind, Aeneas.Std.bind] at accepted

Note: This linter can be disabled with `set_option linter.unusedSimpArgs false`
'AspisV7ProductionSnapshotObserverR28SourceBridge.productionSnapshotObserver_success_exact' depends on axioms: [propext,
 Classical.choice,
 Quot.sound]
'AspisV7ProductionSnapshotObserverR28SourceBridge.productionSnapshotObserver_acceptance_exposes_r26_snapshot' depends on axioms: [propext,
 Classical.choice,
 Quot.sound]
RESULT target=V7ProductionSnapshotObserverR28SourceBridge exit=0 wall_s=2.24 peak_kib=2575240 swaps=0
START target=V7CallerCurrentReleaseR26PreparedSumSemantics source=proof-r26/V7CallerCurrentReleaseR26PreparedSumSemantics.lean
'V7CallerCurrentReleaseR26PreparedSumSemantics.generated_prepared_new_establishes' depends on axioms: [propext,
 Classical.choice,
 Quot.sound]
'V7CallerCurrentReleaseR26PreparedSumSemantics.representsPrepared_implies_preparedFor' depends on axioms: [propext,
 Classical.choice,
 Quot.sound]
'V7CallerCurrentReleaseR26PreparedSumSemantics.generated_channel_loop_corresponds' depends on axioms: [propext,
 Classical.choice,
 Quot.sound]
'V7CallerCurrentReleaseR26PreparedSumSemantics.generated_component_loop_corresponds' depends on axioms: [propext,
 Classical.choice,
 Quot.sound]
'V7CallerCurrentReleaseR26PreparedSumSemantics.generated_outer_loop_corresponds' depends on axioms: [propext,
 Classical.choice,
 Quot.sound]
'V7CallerCurrentReleaseR26PreparedSumSemantics.generated_reconstruction_corresponds' depends on axioms: [propext,
 Classical.choice,
 Quot.sound]
'V7CallerCurrentReleaseR26PreparedSumSemantics.generated_sum_products2_prepared_corresponds' depends on axioms: [propext,
 Classical.choice,
 Quot.sound]
RESULT target=V7CallerCurrentReleaseR26PreparedSumSemantics exit=0 wall_s=11.29 peak_kib=2744100 swaps=0
START target=V7CallerCurrentReleaseR26PreparedSum3Semantics source=proof-r26/V7CallerCurrentReleaseR26PreparedSum3Semantics.lean
'V7CallerCurrentReleaseR26PreparedSum3Semantics.generated_outer_loop_corresponds' depends on axioms: [propext,
 Classical.choice,
 Quot.sound]
'_private.V7CallerCurrentReleaseR26PreparedSum3Semantics.0.V7CallerCurrentReleaseR26PreparedSum3Semantics.reconstructAddConstant' depends on axioms: [propext,
 Classical.choice,
 Quot.sound]
'V7CallerCurrentReleaseR26PreparedSum3Semantics.generated_add_sum_products3_prepared_corresponds' depends on axioms: [propext,
 Classical.choice,
 Quot.sound]
RESULT target=V7CallerCurrentReleaseR26PreparedSum3Semantics exit=0 wall_s=33.30 peak_kib=2772796 swaps=0
START target=V7CallerCurrentReleaseR26Qm31SumProducts4Semantics source=proof-r26/V7CallerCurrentReleaseR26Qm31SumProducts4Semantics.lean
'V7CallerCurrentReleaseR26Qm31SumProducts4Semantics.generated_raw_channel_loop_corresponds' depends on axioms: [propext,
 Classical.choice,
 Quot.sound]
'V7CallerCurrentReleaseR26Qm31SumProducts4Semantics.generated_raw_component_loop_corresponds' depends on axioms: [propext,
 Classical.choice,
 Quot.sound]
'V7CallerCurrentReleaseR26Qm31SumProducts4Semantics.generated_accumulate_product_channels_corresponds' depends on axioms: [propext,
 Classical.choice,
 Quot.sound]
'V7CallerCurrentReleaseR26Qm31SumProducts4Semantics.generated_sum_products_loop_four_corresponds' depends on axioms: [propext,
 Classical.choice,
 Quot.sound]
'V7CallerCurrentReleaseR26Qm31SumProducts4Semantics.generated_qm31_sum_products4_corresponds' depends on axioms: [propext,
 Classical.choice,
 Quot.sound]
RESULT target=V7CallerCurrentReleaseR26Qm31SumProducts4Semantics exit=0 wall_s=10.88 peak_kib=2741208 swaps=0
START target=V7CallerCurrentReleaseR26Qm31DotReconstruction source=proof-r26/V7CallerCurrentReleaseR26Qm31DotReconstruction.lean
/home/dombarker/project-offloads/v7-r30-closure-20260930/bundle/proof-r26/V7CallerCurrentReleaseR26Qm31DotReconstruction.lean:57:4: warning: try 'simp' instead of 'simpa'

Note: This linter can be disabled with `set_option linter.unnecessarySimpa false`
'V7CallerCurrentReleaseR26Qm31DotReconstruction.generated_dot_component_corresponds' depends on axioms: [propext,
 Classical.choice,
 Quot.sound]
'V7CallerCurrentReleaseR26Qm31DotReconstruction.generated_dot_reconstruction_corresponds' depends on axioms: [propext,
 Classical.choice,
 Quot.sound]
RESULT target=V7CallerCurrentReleaseR26Qm31DotReconstruction exit=0 wall_s=2.17 peak_kib=2656496 swaps=0
START target=V7CallerCurrentReleaseR26Qm31DotReductionLoop source=proof-r26/V7CallerCurrentReleaseR26Qm31DotReductionLoop.lean
/home/dombarker/project-offloads/v7-r30-closure-20260930/bundle/proof-r26/V7CallerCurrentReleaseR26Qm31DotReductionLoop.lean:50:4: warning: try 'simp' instead of 'simpa'

Note: This linter can be disabled with `set_option linter.unnecessarySimpa false`
'V7CallerCurrentReleaseR26Qm31DotReductionLoop.generated_dot_reduction_loop_corresponds' depends on axioms: [propext,
 Classical.choice,
 Quot.sound]
'V7CallerCurrentReleaseR26Qm31DotReductionLoop.generated_dot_reduction_all_channels' depends on axioms: [propext,
 Classical.choice,
 Quot.sound]
RESULT target=V7CallerCurrentReleaseR26Qm31DotReductionLoop exit=0 wall_s=2.26 peak_kib=2659796 swaps=0
START target=V7CallerCurrentReleaseR26Qm31DotRawArithmetic source=proof-r26/V7CallerCurrentReleaseR26Qm31DotRawArithmetic.lean
'V7CallerCurrentReleaseR26Qm31DotRawArithmetic.canonical_m31_product_lt_two_pow_62' depends on axioms: [propext,
 Classical.choice,
 Quot.sound]
'V7CallerCurrentReleaseR26Qm31DotRawArithmetic.four_canonical_m31_products_fit_u64' depends on axioms: [propext,
 Classical.choice,
 Quot.sound]
'V7CallerCurrentReleaseR26Qm31DotRawArithmetic.wrapping_accumulate_exact' depends on axioms: [propext,
 Classical.choice,
 Quot.sound]
RESULT target=V7CallerCurrentReleaseR26Qm31DotRawArithmetic exit=0 wall_s=1.80 peak_kib=2648448 swaps=0
START target=V7CallerCurrentReleaseR26AcceptedTailSemantics source=proof-r26/V7CallerCurrentReleaseR26AcceptedTailSemantics.lean
RESULT target=V7CallerCurrentReleaseR26AcceptedTailSemantics exit=0 wall_s=5.52 peak_kib=2612464 swaps=0
START target=V7CallerCurrentReleaseR26TailWeightFoldTrace source=proof-r26/V7CallerCurrentReleaseR26TailWeightFoldTrace.lean
'V7CallerCurrentReleaseR26TailWeightFoldTrace.accepted_tail_weight_fold_exposes_trace' depends on axioms: [propext,
 Classical.choice,
 Quot.sound]
'V7CallerCurrentReleaseR26TailWeightFoldTrace.AcceptedTailWeightFoldTrace.power_facts' depends on axioms: [propext,
 Classical.choice,
 Quot.sound]
RESULT target=V7CallerCurrentReleaseR26TailWeightFoldTrace exit=0 wall_s=2.10 peak_kib=2660784 swaps=0
START target=V7CallerCurrentReleaseR26Qm31M31SumProducts3Semantics source=proof-r26/V7CallerCurrentReleaseR26Qm31M31SumProducts3Semantics.lean
'V7CallerCurrentReleaseR26Qm31M31SumProducts3Semantics.generated_qm31_m31_sum_products3_corresponds' depends on axioms: [propext,
 Classical.choice,
 Quot.sound]
RESULT target=V7CallerCurrentReleaseR26Qm31M31SumProducts3Semantics exit=0 wall_s=2.73 peak_kib=2660536 swaps=0
START target=V7CallerCurrentReleaseR26LineBatchFoldStep source=proof-r26/V7CallerCurrentReleaseR26LineBatchFoldStep.lean
'V7CallerCurrentReleaseR26LineBatchFoldStep.active_line_batch_fold_step_exact' depends on axioms: [propext,
 Classical.choice,
 Quot.sound]
'V7CallerCurrentReleaseR26LineBatchFoldStep.active_line_batch_fold_step_result' depends on axioms: [propext,
 Classical.choice,
 Quot.sound]
RESULT target=V7CallerCurrentReleaseR26LineBatchFoldStep exit=0 wall_s=2.45 peak_kib=2665184 swaps=0
START target=V7CallerCurrentReleaseR26LineBatchFoldLoop source=proof-r26/V7CallerCurrentReleaseR26LineBatchFoldLoop.lean
'V7CallerCurrentReleaseR26LineBatchFoldLoop.fold_line_m31_batch_loop_exact' depends on axioms: [propext,
 Classical.choice,
 Quot.sound]
'V7CallerCurrentReleaseR26LineBatchFoldLoop.fold_line_m31_batch_loop_processed' depends on axioms: [propext,
 Classical.choice,
 Quot.sound]
RESULT target=V7CallerCurrentReleaseR26LineBatchFoldLoop exit=0 wall_s=2.29 peak_kib=2675424 swaps=0
START target=V7CallerCurrentReleaseR26LineBatchFold source=proof-r26/V7CallerCurrentReleaseR26LineBatchFold.lean
'V7CallerCurrentReleaseR26LineBatchFold.fold_line_m31_batch_arity4_exact' depends on axioms: [propext,
 Classical.choice,
 Quot.sound]
'V7CallerCurrentReleaseR26LineBatchFold.fold_line_m31_batch_arity4_processed' depends on axioms: [propext,
 Classical.choice,
 Quot.sound]
RESULT target=V7CallerCurrentReleaseR26LineBatchFold exit=0 wall_s=1.78 peak_kib=2652072 swaps=0
START target=V7CallerCurrentReleaseR26MultilinearFoldSemantics source=proof-r26/V7CallerCurrentReleaseR26MultilinearFoldSemantics.lean
'V7CallerCurrentReleaseR26MultilinearFoldSemantics.fold_multilinear_arity4_exact' depends on axioms: [propext,
 Classical.choice,
 Quot.sound]
RESULT target=V7CallerCurrentReleaseR26MultilinearFoldSemantics exit=0 wall_s=2.83 peak_kib=2676584 swaps=0
START target=V7CallerCurrentReleaseR26TensorFoldSemantics source=proof-r26/V7CallerCurrentReleaseR26TensorFoldSemantics.lean
'V7CallerCurrentReleaseR26TensorFoldSemantics.fold_tensor_arity4_exact' depends on axioms: [propext,
 Classical.choice,
 Quot.sound]
RESULT target=V7CallerCurrentReleaseR26TensorFoldSemantics exit=0 wall_s=2.99 peak_kib=2686352 swaps=0
START target=V7CallerCurrentReleaseR26LineBatchFactorLoop source=proof-r26/V7CallerCurrentReleaseR26LineBatchFactorLoop.lean
'V7CallerCurrentReleaseR26LineBatchFactorLoop.generated_line_factor_loop_corresponds' depends on axioms: [propext,
 Classical.choice,
 Quot.sound]
RESULT target=V7CallerCurrentReleaseR26LineBatchFactorLoop exit=0 wall_s=2.29 peak_kib=2656564 swaps=0
START target=V7CallerCurrentReleaseR26LineBatchLoop source=proof-r26/V7CallerCurrentReleaseR26LineBatchLoop.lean
/home/dombarker/project-offloads/v7-r30-closure-20260930/bundle/proof-r26/V7CallerCurrentReleaseR26LineBatchLoop.lean:61:4: warning: try 'simp' instead of 'simpa'

Note: This linter can be disabled with `set_option linter.unnecessarySimpa false`
'V7CallerCurrentReleaseR26LineBatchLoop.generated_line_batch_loop_corresponds' depends on axioms: [propext,
 Classical.choice,
 Quot.sound]
'V7CallerCurrentReleaseR26LineBatchLoop.generated_line_batch_zero_deferred_corresponds' depends on axioms: [propext,
 Classical.choice,
 Quot.sound]
RESULT target=V7CallerCurrentReleaseR26LineBatchLoop exit=0 wall_s=2.07 peak_kib=2654180 swaps=0
START target=V7CallerCurrentReleaseR26QueryWeightSemantics source=proof-r26/V7CallerCurrentReleaseR26QueryWeightSemantics.lean
'V7CallerCurrentReleaseR26QueryWeightSemantics.line_product_eq_exactNaturalLineValue' depends on axioms: [propext,
 Classical.choice,
 Quot.sound]
'V7CallerCurrentReleaseR26QueryWeightSemantics.lineBatchPrefix_eq_exactShiftedLineBatchWeight' depends on axioms: [propext,
 Classical.choice,
 Quot.sound]
RESULT target=V7CallerCurrentReleaseR26QueryWeightSemantics exit=0 wall_s=1.94 peak_kib=2653348 swaps=0
START target=V7CallerCurrentReleaseR26K1QueryWeightBridge source=proof-r26/V7CallerCurrentReleaseR26K1QueryWeightBridge.lean
'V7CallerCurrentReleaseR26K1QueryWeightBridge.sourceCm31ToModel_mul' depends on axioms: [propext,
 Classical.choice,
 Quot.sound]
'V7CallerCurrentReleaseR26K1QueryWeightBridge.sourceQm31ToModel_mul' depends on axioms: [propext,
 Classical.choice,
 Quot.sound]
'V7CallerCurrentReleaseR26K1QueryWeightBridge.embedded_lineFactor_eq_doubledFactor' depends on axioms: [propext,
 Classical.choice,
 Quot.sound]
'V7CallerCurrentReleaseR26K1QueryWeightBridge.exactNaturalLineValue_eq_model' depends on axioms: [propext,
 Classical.choice,
 Quot.sound]
'V7CallerCurrentReleaseR26K1QueryWeightBridge.exactShiftedLineBatchWeight_eq_model' depends on axioms: [propext,
 Classical.choice,
 Quot.sound]
RESULT target=V7CallerCurrentReleaseR26K1QueryWeightBridge exit=0 wall_s=5.54 peak_kib=7071036 swaps=0
START target=V7CallerCurrentReleaseR26K1StructuredWeightBridge source=proof-r26/V7CallerCurrentReleaseR26K1StructuredWeightBridge.lean
'V7CallerCurrentReleaseR26K1StructuredWeightBridge.dualWeightFoldLayer_structuredComponentWeights' depends on axioms: [propext,
 Classical.choice,
 Quot.sound]
'V7CallerCurrentReleaseR26K1StructuredWeightBridge.fold_multilinear_arity4_transports_weights' depends on axioms: [propext,
 Classical.choice,
 Quot.sound]
'V7CallerCurrentReleaseR26K1StructuredWeightBridge.fold_tensor_arity4_transports_weights' depends on axioms: [propext,
 Classical.choice,
 Quot.sound]
RESULT target=V7CallerCurrentReleaseR26K1StructuredWeightBridge exit=0 wall_s=6.82 peak_kib=7096880 swaps=0
START target=V7CallerCurrentReleaseR26K1LineBatchFoldBridge source=proof-r26/V7CallerCurrentReleaseR26K1LineBatchFoldBridge.lean
'V7CallerCurrentReleaseR26K1LineBatchFoldBridge.lineBatchFoldCompleted16_transports_weights_apply' depends on axioms: [propext,
 Classical.choice,
 Quot.sound]
'V7CallerCurrentReleaseR26K1LineBatchFoldBridge.lineBatchFoldCompleted16_transports_weights' depends on axioms: [propext,
 Classical.choice,
 Quot.sound]
RESULT target=V7CallerCurrentReleaseR26K1LineBatchFoldBridge exit=0 wall_s=7.17 peak_kib=7102948 swaps=0
START target=V7CallerCurrentReleaseR26WeightFoldLoopTrace source=proof-r26/V7CallerCurrentReleaseR26WeightFoldLoopTrace.lean
'V7CallerCurrentReleaseR26WeightFoldLoopTrace.first_deferred_fold_exposes_exact_trace' depends on axioms: [propext,
 Classical.choice,
 Quot.sound]
'V7CallerCurrentReleaseR26WeightFoldLoopTrace.FirstDeferredFoldTrace.power_facts' depends on axioms: [propext,
 Classical.choice,
 Quot.sound]
'V7CallerCurrentReleaseR26WeightFoldLoopTrace.accepted_tail_traversal_exposes_exact_trace' depends on axioms: [propext,
 Classical.choice,
 Quot.sound]
RESULT target=V7CallerCurrentReleaseR26WeightFoldLoopTrace exit=0 wall_s=5.44 peak_kib=7089228 swaps=0
START target=V7CallerCurrentReleaseR26FirstFoldComponentTrace source=proof-r26/V7CallerCurrentReleaseR26FirstFoldComponentTrace.lean
'V7CallerCurrentReleaseR26FirstFoldComponentTrace.active_deferred_edge_exposes_transition' depends on axioms: [propext,
 Classical.choice,
 Quot.sound]
RESULT target=V7CallerCurrentReleaseR26FirstFoldComponentTrace exit=0 wall_s=4.49 peak_kib=7074136 swaps=0
START target=V7CallerCurrentReleaseR26FirstFoldTraversal source=proof-r26/V7CallerCurrentReleaseR26FirstFoldTraversal.lean
/home/dombarker/project-offloads/v7-r30-closure-20260930/bundle/proof-r26/V7CallerCurrentReleaseR26FirstFoldTraversal.lean:70:4: warning: try 'simp' instead of 'simpa'

Note: This linter can be disabled with `set_option linter.unnecessarySimpa false`
'V7CallerCurrentReleaseR26FirstFoldTraversal.exact_trace_exposes_component' depends on axioms: [propext,
 Classical.choice,
 Quot.sound]
'V7CallerCurrentReleaseR26FirstFoldTraversal.exact_trace_preserves_length' depends on axioms: [propext,
 Classical.choice,
 Quot.sound]
RESULT target=V7CallerCurrentReleaseR26FirstFoldTraversal exit=0 wall_s=5.06 peak_kib=7109900 swaps=0
START target=V7CallerCurrentReleaseR26GroupedFold source=proof-r26/V7CallerCurrentReleaseR26GroupedFold.lean
'V7CallerCurrentReleaseR26GroupedFold.releasedMaskScanExact' depends on axioms: [propext, Classical.choice, Quot.sound]
'V7CallerCurrentReleaseR26GroupedFold.releasedFoldBinaryLowMasksSourceExact' depends on axioms: [propext,
 Classical.choice,
 Quot.sound]
RESULT target=V7CallerCurrentReleaseR26GroupedFold exit=0 wall_s=7.85 peak_kib=2771132 swaps=0
START target=V7CallerCurrentReleaseR26GroupedRows source=proof-r26/V7CallerCurrentReleaseR26GroupedRows.lean
RESULT target=V7CallerCurrentReleaseR26GroupedRows exit=0 wall_s=3.69 peak_kib=2670128 swaps=0
START target=V7CallerCurrentReleaseR26FirstFoldSevenSource source=proof-r26/V7CallerCurrentReleaseR26FirstFoldSevenSource.lean
/home/dombarker/project-offloads/v7-r30-closure-20260930/bundle/proof-r26/V7CallerCurrentReleaseR26FirstFoldSevenSource.lean:227:6: warning: Variable name `sourceTrace` is not explicitly referenced.

The binding can be removed (if unused) or named `_` (if used implicitly).

Note: This linter can be disabled with `set_option linter.unusedVariables false`
'V7CallerCurrentReleaseR26FirstFoldSevenSource.first_fold_exposes_seven_source_components' depends on axioms: [propext,
 Classical.choice,
 Quot.sound]
RESULT target=V7CallerCurrentReleaseR26FirstFoldSevenSource exit=0 wall_s=4.73 peak_kib=7100096 swaps=0
START target=V7CallerCurrentReleaseR26FirstFoldSevenOutput source=proof-r26/V7CallerCurrentReleaseR26FirstFoldSevenOutput.lean
'V7CallerCurrentReleaseR26FirstFoldSevenOutput.FirstFoldSevenSourceTrace.folded_components_exact' depends on axioms: [propext,
 Classical.choice,
 Quot.sound]
'V7CallerCurrentReleaseR26FirstFoldSevenOutput.FirstFoldSevenSourceTrace.output_components_exact' depends on axioms: [propext,
 Classical.choice,
 Quot.sound]
RESULT target=V7CallerCurrentReleaseR26FirstFoldSevenOutput exit=0 wall_s=4.09 peak_kib=7084284 swaps=0
START target=V7CallerCurrentReleaseR26FirstFoldMergeSource source=proof-r26/V7CallerCurrentReleaseR26FirstFoldMergeSource.lean
'V7CallerCurrentReleaseR26FirstFoldMergeSource.accepted_merge_exposes_source' depends on axioms: [propext,
 Classical.choice,
 Quot.sound]
RESULT target=V7CallerCurrentReleaseR26FirstFoldMergeSource exit=0 wall_s=5.12 peak_kib=7096912 swaps=0
START target=V7CallerCurrentReleaseR26GroupedLowSemantics source=proof-r26/V7CallerCurrentReleaseR26GroupedLowSemantics.lean
'V7CallerCurrentReleaseR26GroupedLowSemantics.released_binary_power_trace_corresponds' depends on axioms: [propext,
 Classical.choice,
 Quot.sound]
'V7CallerCurrentReleaseR26GroupedLowSemantics.dense_mask_trace_corresponds' depends on axioms: [propext,
 Classical.choice,
 Quot.sound]
'V7CallerCurrentReleaseR26GroupedLowSemantics.sparse_mask_trace_corresponds' depends on axioms: [propext,
 Classical.choice,
 Quot.sound]
'V7CallerCurrentReleaseR26GroupedLowSemantics.selected1800_run_corresponds' depends on axioms: [propext,
 Classical.choice,
 Quot.sound]
'V7CallerCurrentReleaseR26GroupedLowSemantics.selected1801_run_corresponds' depends on axioms: [propext,
 Classical.choice,
 Quot.sound]
'V7CallerCurrentReleaseR26GroupedLowSemantics.selected1001_run_corresponds' depends on axioms: [propext,
 Classical.choice,
 Quot.sound]
'V7CallerCurrentReleaseR26GroupedLowSemantics.selected000f_run_corresponds' depends on axioms: [propext,
 Classical.choice,
 Quot.sound]
'V7CallerCurrentReleaseR26GroupedLowSemantics.selected0005_run_corresponds' depends on axioms: [propext,
 Classical.choice,
 Quot.sound]
'V7CallerCurrentReleaseR26GroupedLowSemantics.selected_zero_source_exact' depends on axioms: [propext,
 Classical.choice,
 Quot.sound]
'V7CallerCurrentReleaseR26GroupedLowSemantics.selected_zero_run_corresponds' depends on axioms: [propext,
 Classical.choice,
 Quot.sound]
'V7CallerCurrentReleaseR26GroupedLowSemantics.released_low_values_trace_corresponds' depends on axioms: [propext,
 Classical.choice,
 Quot.sound]
'V7CallerCurrentReleaseR26GroupedLowSemantics.released_low_values_vector_exact' depends on axioms: [propext,
 Classical.choice,
 Quot.sound]
RESULT target=V7CallerCurrentReleaseR26GroupedLowSemantics exit=0 wall_s=56.71 peak_kib=7122652 swaps=0
START target=V7CallerCurrentReleaseR26GroupedLowTraceTotal source=proof-r26/V7CallerCurrentReleaseR26GroupedLowTraceTotal.lean
/home/dombarker/project-offloads/v7-r30-closure-20260930/bundle/proof-r26/V7CallerCurrentReleaseR26GroupedLowTraceTotal.lean:137:6: warning: Variable name `trace` is not explicitly referenced.

The binding can be removed (if unused) or named `_` (if used implicitly).

Note: This linter can be disabled with `set_option linter.unusedVariables false`
'V7CallerCurrentReleaseR26GroupedLowTraceTotal.releasedBinaryPowerTrace_exists' depends on axioms: [propext,
 Classical.choice,
 Quot.sound]
'V7CallerCurrentReleaseR26GroupedLowTraceTotal.releasedLowSourceTrace_exists' depends on axioms: [propext,
 Classical.choice,
 Quot.sound]
'V7CallerCurrentReleaseR26GroupedLowTraceTotal.releasedLowSourceSuccess_exposes_semantics' depends on axioms: [propext,
 Classical.choice,
 Quot.sound]
RESULT target=V7CallerCurrentReleaseR26GroupedLowTraceTotal exit=0 wall_s=4.32 peak_kib=7103060 swaps=0
START target=V7CallerCurrentReleaseR26GroupedDeferredLog8Source source=proof-r26/V7CallerCurrentReleaseR26GroupedDeferredLog8Source.lean
'V7CallerCurrentReleaseR26GroupedDeferredLog8Source.released_log8_success_exposes_values' depends on axioms: [propext,
 Classical.choice,
 Quot.sound]
RESULT target=V7CallerCurrentReleaseR26GroupedDeferredLog8Source exit=0 wall_s=4.05 peak_kib=7085116 swaps=0
START target=V7CallerCurrentReleaseR26GroupedFoldDenominator source=proof-r26/V7CallerCurrentReleaseR26GroupedFoldDenominator.lean
'V7CallerCurrentReleaseR26GroupedFoldDenominator.sixteen_mul_two_dualWeightFoldLayers' depends on axioms: [propext,
 Classical.choice,
 Quot.sound]
RESULT target=V7CallerCurrentReleaseR26GroupedFoldDenominator exit=0 wall_s=4.26 peak_kib=7091880 swaps=0
START target=V7CallerCurrentReleaseR26GroupedMaskFormulas source=proof-r26/V7CallerCurrentReleaseR26GroupedMaskFormulas.lean
/home/dombarker/project-offloads/v7-r30-closure-20260930/bundle/proof-r26/V7CallerCurrentReleaseR26GroupedMaskFormulas.lean:56:50: warning: This simp argument is unused:
  releasedMasks

Hint: Omit it from the simp argument list.
  simp (config := { decide := true }) [nestedUnscaledDualWeightFoldValue,
        unscaledDualWeightFoldValue, maskBitWeight, r̵e̵l̵e̵a̵s̵e̵d̵M̵a̵s̵k̵s̵,̵
  ̵ ̵ ̵ ̵ ̵ ̵ ̵AspisV5ComponentCConcreteFoldLinearity.childIndex,
        releasedLowNumerator, releasedLowTotal]

Note: This linter can be disabled with `set_option linter.unusedSimpArgs false`
/home/dombarker/project-offloads/v7-r30-closure-20260930/bundle/proof-r26/V7CallerCurrentReleaseR26GroupedMaskFormulas.lean:57:6: warning: This simp argument is unused:
  AspisV5ComponentCConcreteFoldLinearity.childIndex

Hint: Omit it from the simp argument list.
  simp (config := { decide := true }) [nestedUnscaledDualWeightFoldValue,
        unscaledDualWeightFoldValue, maskBitWeight, releasedMasks, A̵s̵p̵i̵s̵V̵5̵C̵o̵m̵p̵o̵n̵e̵n̵t̵C̵C̵o̵n̵c̵r̵e̵t̵e̵F̵o̵l̵d̵L̵i̵n̵e̵a̵r̵i̵t̵y̵.̵c̵h̵i̵l̵d̵I̵n̵d̵e̵x̵,̵releasedLowNumerator,
        releasedLowTotal]

Note: This linter can be disabled with `set_option linter.unusedSimpArgs false`
'V7CallerCurrentReleaseR26GroupedMaskFormulas.sixteen_foldMaskTwice_eq_releasedLowNumerator' depends on axioms: [propext,
 Classical.choice,
 Quot.sound]
RESULT target=V7CallerCurrentReleaseR26GroupedMaskFormulas exit=0 wall_s=4.77 peak_kib=7104444 swaps=0
START target=V7CallerCurrentReleaseR26GroupedInitialSemantics source=proof-r26/V7CallerCurrentReleaseR26GroupedInitialSemantics.lean
'V7CallerCurrentReleaseR26GroupedMaskFormulas.sixteen_foldMaskTwice_eq_releasedLowNumerator' depends on axioms: [propext,
 Classical.choice,
 Quot.sound]
'V7CallerCurrentReleaseR26GroupedInitialSemantics.releasedLowValue_eq_foldMaskTwice' depends on axioms: [propext,
 Classical.choice,
 Quot.sound]
'V7CallerCurrentReleaseR26GroupedInitialSemantics.releasedInactiveInitialWeight_fold_twice_at_row' depends on axioms: [propext,
 Classical.choice,
 Quot.sound]
'V7CallerCurrentReleaseR26GroupedInitialSemantics.releasedLowValues_represent_foldedInactiveInitialWeight' depends on axioms: [propext,
 Classical.choice,
 Quot.sound]
RESULT target=V7CallerCurrentReleaseR26GroupedInitialSemantics exit=0 wall_s=7.96 peak_kib=7140700 swaps=0
START target=V7CallerCurrentReleaseR26GroupedDeferredLog8 source=proof-r26/V7CallerCurrentReleaseR26GroupedDeferredLog8.lean
'V7CallerCurrentReleaseR26GroupedDeferredLog8.released_log8_success_corresponds' depends on axioms: [propext,
 Classical.choice,
 Quot.sound]
RESULT target=V7CallerCurrentReleaseR26GroupedDeferredLog8 exit=0 wall_s=3.90 peak_kib=7074956 swaps=0
START target=V7CallerCurrentReleaseR26FirstFoldLineSemantics source=proof-r26/V7CallerCurrentReleaseR26FirstFoldLineSemantics.lean
'V7CallerCurrentReleaseR26FirstFoldLineSemantics.first_fold_line_facts' depends on axioms: [propext,
 Classical.choice,
 Quot.sound]
RESULT target=V7CallerCurrentReleaseR26FirstFoldLineSemantics exit=0 wall_s=4.03 peak_kib=7088688 swaps=0
START target=V7CallerCurrentReleaseR26FirstFoldSevenSemantics source=proof-r26/V7CallerCurrentReleaseR26FirstFoldSevenSemantics.lean
/home/dombarker/project-offloads/v7-r30-closure-20260930/bundle/proof-r26/V7CallerCurrentReleaseR26FirstFoldSevenSemantics.lean:392:6: warning: Variable name `semantics` is not explicitly referenced.

The binding can be removed (if unused) or named `_` (if used implicitly).

Note: This linter can be disabled with `set_option linter.unusedVariables false`
'V7CallerCurrentReleaseR26FirstFoldSevenSemantics.first_fold_seven_corresponds' depends on axioms: [propext,
 Classical.choice,
 Quot.sound]
RESULT target=V7CallerCurrentReleaseR26FirstFoldSevenSemantics exit=0 wall_s=4.81 peak_kib=7116860 swaps=0
START target=V7CallerCurrentReleaseR26FirstFoldMergeSemantics source=proof-r26/V7CallerCurrentReleaseR26FirstFoldMergeSemantics.lean
'V7CallerCurrentReleaseR26FirstFoldMergeSemantics.raw_qm31_vec_ne_false_implies_eq' depends on axioms: [propext,
 Classical.choice,
 Quot.sound]
'V7CallerCurrentReleaseR26FirstFoldMergeSemantics.accepted_merge_corresponds' depends on axioms: [propext,
 Classical.choice,
 Quot.sound]
'V7CallerCurrentReleaseR26FirstFoldMergeSemantics.first_fold_seven_then_merge_corresponds' depends on axioms: [propext,
 Classical.choice,
 Quot.sound]
RESULT target=V7CallerCurrentReleaseR26FirstFoldMergeSemantics exit=0 wall_s=4.96 peak_kib=7104816 swaps=0
START target=V7CallerCurrentReleaseR26TailComponentTrace source=proof-r26/V7CallerCurrentReleaseR26TailComponentTrace.lean
/home/dombarker/project-offloads/v7-r30-closure-20260930/bundle/proof-r26/V7CallerCurrentReleaseR26TailComponentTrace.lean:221:21: warning: Try `simp at edge` instead of `simpa using edge`

Note: This linter can be disabled with `set_option linter.unnecessarySimpa false`
'V7CallerCurrentReleaseR26TailComponentTrace.active_tail_edge_exposes_transition' depends on axioms: [propext,
 Classical.choice,
 Quot.sound]
'V7CallerCurrentReleaseR26TailComponentTrace.active_tail_done_reports_false' depends on axioms: [propext,
 Classical.choice,
 Quot.sound]
RESULT target=V7CallerCurrentReleaseR26TailComponentTrace exit=0 wall_s=5.28 peak_kib=7113872 swaps=0
START target=V7CallerCurrentReleaseR26TailTraversal source=proof-r26/V7CallerCurrentReleaseR26TailTraversal.lean
/home/dombarker/project-offloads/v7-r30-closure-20260930/bundle/proof-r26/V7CallerCurrentReleaseR26TailTraversal.lean:51:4: warning: try 'simp' instead of 'simpa'

Note: This linter can be disabled with `set_option linter.unnecessarySimpa false`
'V7CallerCurrentReleaseR26TailTraversal.exact_tail_trace_exposes_component' depends on axioms: [propext,
 Classical.choice,
 Quot.sound]
'V7CallerCurrentReleaseR26TailTraversal.exact_tail_trace_preserves_length' depends on axioms: [propext,
 Classical.choice,
 Quot.sound]
'V7CallerCurrentReleaseR26TailTraversal.exact_tail_trace_final_log_two' depends on axioms: [propext,
 Classical.choice,
 Quot.sound]
RESULT target=V7CallerCurrentReleaseR26TailTraversal exit=0 wall_s=4.84 peak_kib=7116860 swaps=0
START target=V7CallerCurrentReleaseR26TailSixSource source=proof-r26/V7CallerCurrentReleaseR26TailSixSource.lean
'V7CallerCurrentReleaseR26TailSixSource.accepted_tail_exposes_six_source_components' depends on axioms: [propext,
 Classical.choice,
 Quot.sound]
RESULT target=V7CallerCurrentReleaseR26TailSixSource exit=0 wall_s=4.52 peak_kib=7111268 swaps=0
START target=V7CallerCurrentReleaseR26TailSixDispatch source=proof-r26/V7CallerCurrentReleaseR26TailSixDispatch.lean
'V7CallerCurrentReleaseR26TailSixDispatch.tail_multilinear_step_exposes_source' depends on axioms: [propext,
 Classical.choice,
 Quot.sound]
'V7CallerCurrentReleaseR26TailSixDispatch.tail_tensor_step_exposes_source' depends on axioms: [propext,
 Classical.choice,
 Quot.sound]
'V7CallerCurrentReleaseR26TailSixDispatch.tail_grouped_step_exposes_source' depends on axioms: [propext,
 Classical.choice,
 Quot.sound]
'V7CallerCurrentReleaseR26TailSixDispatch.tail_line_batch_step_exposes_source' depends on axioms: [propext,
 Classical.choice,
 Quot.sound]
RESULT target=V7CallerCurrentReleaseR26TailSixDispatch exit=0 wall_s=4.50 peak_kib=7102548 swaps=0
START target=V7CallerCurrentReleaseR26TailTwoFoldSemantics source=proof-r26/V7CallerCurrentReleaseR26TailTwoFoldSemantics.lean
'V7CallerCurrentReleaseR26TailTwoFoldSemantics.tail_multilinear_step_corresponds' depends on axioms: [propext,
 Classical.choice,
 Quot.sound]
'V7CallerCurrentReleaseR26TailTwoFoldSemantics.tail_tensor_step_corresponds' depends on axioms: [propext,
 Classical.choice,
 Quot.sound]
'V7CallerCurrentReleaseR26TailTwoFoldSemantics.tail_line_batch_step_corresponds' depends on axioms: [propext,
 Classical.choice,
 Quot.sound]
RESULT target=V7CallerCurrentReleaseR26TailTwoFoldSemantics exit=0 wall_s=4.53 peak_kib=7101368 swaps=0
START target=V7CallerCurrentReleaseR26GroupedRowsTwiceTrace source=proof-r26/V7CallerCurrentReleaseR26GroupedRowsTwiceTrace.lean
/home/dombarker/project-offloads/v7-r30-closure-20260930/bundle/proof-r26/V7CallerCurrentReleaseR26GroupedRowsTwiceTrace.lean:96:14: warning: `sumcheck.fold_grouped_rows_twice._proof_1` refers to an auto-generated auxiliary declaration. These are not stable across refactors; consider using a different approach.

Note: This linter can be disabled with `set_option linter.auxLemma false`
'V7CallerCurrentReleaseR26GroupedRowsTwiceTrace.grouped_rows_twice_exposes_trace' depends on axioms: [propext,
 Classical.choice,
 Quot.sound]
RESULT target=V7CallerCurrentReleaseR26GroupedRowsTwiceTrace exit=0 wall_s=4.62 peak_kib=7096052 swaps=0
START target=V7CallerCurrentReleaseR26GroupedRowsTwiceBasis source=proof-r26/V7CallerCurrentReleaseR26GroupedRowsTwiceBasis.lean
'V7CallerCurrentReleaseR26GroupedRowsTwiceBasis.generated_basis_exposes_tensor_entries' depends on axioms: [propext,
 Classical.choice,
 Quot.sound]
RESULT target=V7CallerCurrentReleaseR26GroupedRowsTwiceBasis exit=0 wall_s=4.75 peak_kib=7126628 swaps=0
START target=V7CallerCurrentReleaseR26GroupedRowsTwiceChunks source=proof-r26/V7CallerCurrentReleaseR26GroupedRowsTwiceChunks.lean
'V7CallerCurrentReleaseR26GroupedRowsTwiceChunks.released_chunks_exact_explicit' depends on axioms: [propext,
 Classical.choice,
 Quot.sound]
RESULT target=V7CallerCurrentReleaseR26GroupedRowsTwiceChunks exit=0 wall_s=4.22 peak_kib=7106276 swaps=0
START target=V7CallerCurrentReleaseR26GroupedRowsTwiceChunkTrace source=proof-r26/V7CallerCurrentReleaseR26GroupedRowsTwiceChunkTrace.lean
'V7CallerCurrentReleaseR26GroupedRowsTwiceChunkTrace.continuation_exposes_chunk_trace' depends on axioms: [propext,
 Classical.choice,
 Quot.sound]
'V7CallerCurrentReleaseR26GroupedRowsTwiceChunkTrace.active_body_result_is_continuation' depends on axioms: [propext,
 Classical.choice,
 Quot.sound]
'V7CallerCurrentReleaseR26GroupedRowsTwiceChunkTrace.exhausted_body_result_is_done' depends on axioms: [propext,
 Classical.choice,
 Quot.sound]
RESULT target=V7CallerCurrentReleaseR26GroupedRowsTwiceChunkTrace exit=0 wall_s=4.15 peak_kib=7100424 swaps=0
START target=V7CallerCurrentReleaseR26GroupedRowsTwiceFourTrace source=proof-r26/V7CallerCurrentReleaseR26GroupedRowsTwiceFourTrace.lean
'V7CallerCurrentReleaseR26GroupedRowsTwiceFourTrace.released_outer_trace_exposes_four_chunks' depends on axioms: [propext,
 Classical.choice,
 Quot.sound]
RESULT target=V7CallerCurrentReleaseR26GroupedRowsTwiceFourTrace exit=0 wall_s=3.80 peak_kib=7113132 swaps=0
START target=V7CallerCurrentReleaseR26GroupedRowsTwiceAggregationStep source=proof-r26/V7CallerCurrentReleaseR26GroupedRowsTwiceAggregationStep.lean
/home/dombarker/project-offloads/v7-r30-closure-20260930/bundle/proof-r26/V7CallerCurrentReleaseR26GroupedRowsTwiceAggregationStep.lean:378:13: warning: This simp argument is unused:
  bind_tc_ok

Hint: Omit it from the simp argument list.
  simp only [b̵i̵n̵d̵_̵t̵c̵_̵o̵k̵,̵ ̵uniqueLengthSucc, slotSucc]

Note: This linter can be disabled with `set_option linter.unusedSimpArgs false`
/home/dombarker/project-offloads/v7-r30-closure-20260930/bundle/proof-r26/V7CallerCurrentReleaseR26GroupedRowsTwiceAggregationStep.lean:421:13: warning: This simp argument is unused:
  bind_tc_ok

Hint: Omit it from the simp argument list.
  simp only [b̵i̵n̵d̵_̵t̵c̵_̵o̵k̵,̵ ̵slotSucc]

Note: This linter can be disabled with `set_option linter.unusedSimpArgs false`
'V7CallerCurrentReleaseR26GroupedRowsTwiceAggregationStep.searchAt4' depends on axioms: [propext,
 Classical.choice,
 Quot.sound]
'V7CallerCurrentReleaseR26GroupedRowsTwiceAggregationStep.searchNew4' depends on axioms: [propext,
 Classical.choice,
 Quot.sound]
'V7CallerCurrentReleaseR26GroupedRowsTwiceAggregationStep.aggregationNewStep' depends on axioms: [propext,
 Classical.choice,
 Quot.sound]
'V7CallerCurrentReleaseR26GroupedRowsTwiceAggregationStep.aggregationExistingStep' depends on axioms: [propext,
 Classical.choice,
 Quot.sound]
RESULT target=V7CallerCurrentReleaseR26GroupedRowsTwiceAggregationStep exit=0 wall_s=4.64 peak_kib=7111356 swaps=0
START target=V7CallerCurrentReleaseR26GroupedRowsTwiceChunk0 source=proof-r26/V7CallerCurrentReleaseR26GroupedRowsTwiceChunk0.lean
'_private.V7CallerCurrentReleaseR26GroupedRowsTwiceChunk0.0.V7CallerCurrentReleaseR26GroupedRowsTwiceChunk0.step0' depends on axioms: [propext,
 Classical.choice,
 Quot.sound]
'_private.V7CallerCurrentReleaseR26GroupedRowsTwiceChunk0.0.V7CallerCurrentReleaseR26GroupedRowsTwiceChunk0.step1' depends on axioms: [propext,
 Classical.choice,
 Quot.sound]
'_private.V7CallerCurrentReleaseR26GroupedRowsTwiceChunk0.0.V7CallerCurrentReleaseR26GroupedRowsTwiceChunk0.step2' depends on axioms: [propext,
 Classical.choice,
 Quot.sound]
'V7CallerCurrentReleaseR26GroupedRowsTwiceChunk0.chunk0_aggregation_exact' depends on axioms: [propext,
 Classical.choice,
 Quot.sound]
RESULT target=V7CallerCurrentReleaseR26GroupedRowsTwiceChunk0 exit=0 wall_s=5.48 peak_kib=7142396 swaps=0
START target=V7CallerCurrentReleaseR26GroupedRowsTwiceChunk1 source=proof-r26/V7CallerCurrentReleaseR26GroupedRowsTwiceChunk1.lean
'V7CallerCurrentReleaseR26GroupedRowsTwiceChunk1.chunk1_aggregation_exact' depends on axioms: [propext,
 Classical.choice,
 Quot.sound]
RESULT target=V7CallerCurrentReleaseR26GroupedRowsTwiceChunk1 exit=0 wall_s=5.13 peak_kib=7141004 swaps=0
START target=V7CallerCurrentReleaseR26GroupedRowsTwiceChunk2 source=proof-r26/V7CallerCurrentReleaseR26GroupedRowsTwiceChunk2.lean
'_private.V7CallerCurrentReleaseR26GroupedRowsTwiceChunk2.0.V7CallerCurrentReleaseR26GroupedRowsTwiceChunk2.step0' depends on axioms: [propext,
 Classical.choice,
 Quot.sound]
'_private.V7CallerCurrentReleaseR26GroupedRowsTwiceChunk2.0.V7CallerCurrentReleaseR26GroupedRowsTwiceChunk2.newGroup2' depends on axioms: [propext,
 Classical.choice,
 Quot.sound]
'_private.V7CallerCurrentReleaseR26GroupedRowsTwiceChunk2.0.V7CallerCurrentReleaseR26GroupedRowsTwiceChunk2.newGroup0' depends on axioms: [propext,
 Classical.choice,
 Quot.sound]
'_private.V7CallerCurrentReleaseR26GroupedRowsTwiceChunk2.0.V7CallerCurrentReleaseR26GroupedRowsTwiceChunk2.existingAt0' depends on axioms: [propext,
 Classical.choice,
 Quot.sound]
'_private.V7CallerCurrentReleaseR26GroupedRowsTwiceChunk2.0.V7CallerCurrentReleaseR26GroupedRowsTwiceChunk2.existingAt1' depends on axioms: [propext,
 Classical.choice,
 Quot.sound]
'_private.V7CallerCurrentReleaseR26GroupedRowsTwiceChunk2.0.V7CallerCurrentReleaseR26GroupedRowsTwiceChunk2.existingAt2' depends on axioms: [propext,
 Classical.choice,
 Quot.sound]
'V7CallerCurrentReleaseR26GroupedRowsTwiceChunk2.chunk2_aggregation_exact' depends on axioms: [propext,
 Classical.choice,
 Quot.sound]
RESULT target=V7CallerCurrentReleaseR26GroupedRowsTwiceChunk2 exit=0 wall_s=5.44 peak_kib=7156484 swaps=0
START target=V7CallerCurrentReleaseR26GroupedRowsTwiceChunk3 source=proof-r26/V7CallerCurrentReleaseR26GroupedRowsTwiceChunk3.lean
'_private.V7CallerCurrentReleaseR26GroupedRowsTwiceChunk3.0.V7CallerCurrentReleaseR26GroupedRowsTwiceChunk3.step0' depends on axioms: [propext,
 Classical.choice,
 Quot.sound]
'_private.V7CallerCurrentReleaseR26GroupedRowsTwiceChunk3.0.V7CallerCurrentReleaseR26GroupedRowsTwiceChunk3.newGroup3' depends on axioms: [propext,
 Classical.choice,
 Quot.sound]
'_private.V7CallerCurrentReleaseR26GroupedRowsTwiceChunk3.0.V7CallerCurrentReleaseR26GroupedRowsTwiceChunk3.newGroup4' depends on axioms: [propext,
 Classical.choice,
 Quot.sound]
'_private.V7CallerCurrentReleaseR26GroupedRowsTwiceChunk3.0.V7CallerCurrentReleaseR26GroupedRowsTwiceChunk3.newGroup5' depends on axioms: [propext,
 Classical.choice,
 Quot.sound]
'_private.V7CallerCurrentReleaseR26GroupedRowsTwiceChunk3.0.V7CallerCurrentReleaseR26GroupedRowsTwiceChunk3.newGroup6' depends on axioms: [propext,
 Classical.choice,
 Quot.sound]
'_private.V7CallerCurrentReleaseR26GroupedRowsTwiceChunk3.0.V7CallerCurrentReleaseR26GroupedRowsTwiceChunk3.existingGroup3' depends on axioms: [propext,
 Classical.choice,
 Quot.sound]
'_private.V7CallerCurrentReleaseR26GroupedRowsTwiceChunk3.0.V7CallerCurrentReleaseR26GroupedRowsTwiceChunk3.existingGroup6' depends on axioms: [propext,
 Classical.choice,
 Quot.sound]
'V7CallerCurrentReleaseR26GroupedRowsTwiceChunk3.chunk3_aggregation_exact' depends on axioms: [propext,
 Classical.choice,
 Quot.sound]
RESULT target=V7CallerCurrentReleaseR26GroupedRowsTwiceChunk3 exit=0 wall_s=5.51 peak_kib=7146936 swaps=0
START target=V7CallerCurrentReleaseR26GroupedRowsTwiceContributionStep source=proof-r26/V7CallerCurrentReleaseR26GroupedRowsTwiceContributionStep.lean
/home/dombarker/project-offloads/v7-r30-closure-20260930/bundle/proof-r26/V7CallerCurrentReleaseR26GroupedRowsTwiceContributionStep.lean:58:25: warning: This simp argument is unused:
  Std.lift

Hint: Omit it from the simp argument list.
  simp only [bind_tc_ok, S̵t̵d̵.̵l̵i̵f̵t̵,̵ ̵positionSucc]

Note: This linter can be disabled with `set_option linter.unusedSimpArgs false`
/home/dombarker/project-offloads/v7-r30-closure-20260930/bundle/proof-r26/V7CallerCurrentReleaseR26GroupedRowsTwiceContributionStep.lean:94:25: warning: This simp argument is unused:
  Std.lift

Hint: Omit it from the simp argument list.
  simp only [bind_tc_ok, S̵t̵d̵.̵l̵i̵f̵t̵,̵ ̵positionSucc]

Note: This linter can be disabled with `set_option linter.unusedSimpArgs false`
/home/dombarker/project-offloads/v7-r30-closure-20260930/bundle/proof-r26/V7CallerCurrentReleaseR26GroupedRowsTwiceContributionStep.lean:126:25: warning: This simp argument is unused:
  Std.lift

Hint: Omit it from the simp argument list.
  simp only [bind_tc_ok, S̵t̵d̵.̵l̵i̵f̵t̵,̵ ̵positionSucc]

Note: This linter can be disabled with `set_option linter.unusedSimpArgs false`
'V7CallerCurrentReleaseR26GroupedRowsTwiceContributionStep.contributionSpecialStep' depends on axioms: [propext,
 Classical.choice,
 Quot.sound]
'V7CallerCurrentReleaseR26GroupedRowsTwiceContributionStep.contributionRepeatedZeroStep' depends on axioms: [propext,
 Classical.choice,
 Quot.sound]
'V7CallerCurrentReleaseR26GroupedRowsTwiceContributionStep.contributionWeightedStep' depends on axioms: [propext,
 Classical.choice,
 Quot.sound]
'V7CallerCurrentReleaseR26GroupedRowsTwiceContributionStep.contributionDone' depends on axioms: [propext,
 Classical.choice,
 Quot.sound]
RESULT target=V7CallerCurrentReleaseR26GroupedRowsTwiceContributionStep exit=0 wall_s=4.16 peak_kib=7096648 swaps=0
START target=V7CallerCurrentReleaseR26GroupedRowsTwiceContributions source=proof-r26/V7CallerCurrentReleaseR26GroupedRowsTwiceContributions.lean
'V7CallerCurrentReleaseR26GroupedRowsTwiceContributions.chunk0_contribution_exact' depends on axioms: [propext,
 Classical.choice,
 Quot.sound]
'V7CallerCurrentReleaseR26GroupedRowsTwiceContributions.chunk1_contribution_exact' depends on axioms: [propext,
 Classical.choice,
 Quot.sound]
'V7CallerCurrentReleaseR26GroupedRowsTwiceContributions.chunk2_contribution_exact' depends on axioms: [propext,
 Classical.choice,
 Quot.sound]
'V7CallerCurrentReleaseR26GroupedRowsTwiceContributions.chunk3_contribution_exact' depends on axioms: [propext,
 Classical.choice,
 Quot.sound]
RESULT target=V7CallerCurrentReleaseR26GroupedRowsTwiceContributions exit=0 wall_s=5.01 peak_kib=7121488 swaps=0
START target=V7CallerCurrentReleaseR26GroupedRowsTwiceChunkOutput source=proof-r26/V7CallerCurrentReleaseR26GroupedRowsTwiceChunkOutput.lean
'V7CallerCurrentReleaseR26GroupedRowsTwiceChunkOutput.optimized_chunk_output_exact' depends on axioms: [propext,
 Classical.choice,
 Quot.sound]
RESULT target=V7CallerCurrentReleaseR26GroupedRowsTwiceChunkOutput exit=0 wall_s=4.37 peak_kib=7091648 swaps=0
START target=V7CallerCurrentReleaseR26GroupedRowsTwiceCanonicalOps source=proof-r26/V7CallerCurrentReleaseR26GroupedRowsTwiceCanonicalOps.lean
'V7CallerCurrentReleaseR26GroupedRowsTwiceCanonicalOps.add_run' depends on axioms: [propext,
 Classical.choice,
 Quot.sound]
'V7CallerCurrentReleaseR26GroupedRowsTwiceCanonicalOps.add_exact' depends on axioms: [propext,
 Classical.choice,
 Quot.sound]
'V7CallerCurrentReleaseR26GroupedRowsTwiceCanonicalOps.mul_run' depends on axioms: [propext,
 Classical.choice,
 Quot.sound]
'V7CallerCurrentReleaseR26GroupedRowsTwiceCanonicalOps.mul_exact' depends on axioms: [propext,
 Classical.choice,
 Quot.sound]
'V7CallerCurrentReleaseR26GroupedRowsTwiceCanonicalOps.half_run' depends on axioms: [propext,
 Classical.choice,
 Quot.sound]
'V7CallerCurrentReleaseR26GroupedRowsTwiceCanonicalOps.half_exact' depends on axioms: [propext,
 Classical.choice,
 Quot.sound]
RESULT target=V7CallerCurrentReleaseR26GroupedRowsTwiceCanonicalOps exit=0 wall_s=4.36 peak_kib=7105036 swaps=0
START target=V7CallerCurrentReleaseR26GroupedRowsTwiceChunk0Evaluation source=proof-r26/V7CallerCurrentReleaseR26GroupedRowsTwiceChunk0Evaluation.lean
'V7CallerCurrentReleaseR26GroupedRowsTwiceChunk0Evaluation.output_exact' depends on axioms: [propext,
 Classical.choice,
 Quot.sound]
RESULT target=V7CallerCurrentReleaseR26GroupedRowsTwiceChunk0Evaluation exit=0 wall_s=4.71 peak_kib=7119892 swaps=0
START target=V7CallerCurrentReleaseR26GroupedRowsTwiceChunk1Evaluation source=proof-r26/V7CallerCurrentReleaseR26GroupedRowsTwiceChunk1Evaluation.lean
'V7CallerCurrentReleaseR26GroupedRowsTwiceChunk1Evaluation.output_exact' depends on axioms: [propext,
 Classical.choice,
 Quot.sound]
RESULT target=V7CallerCurrentReleaseR26GroupedRowsTwiceChunk1Evaluation exit=0 wall_s=4.75 peak_kib=7118732 swaps=0
START target=V7CallerCurrentReleaseR26GroupedRowsTwiceChunk2Evaluation source=proof-r26/V7CallerCurrentReleaseR26GroupedRowsTwiceChunk2Evaluation.lean
'V7CallerCurrentReleaseR26GroupedRowsTwiceChunk2Evaluation.output_exact' depends on axioms: [propext,
 Classical.choice,
 Quot.sound]
RESULT target=V7CallerCurrentReleaseR26GroupedRowsTwiceChunk2Evaluation exit=0 wall_s=4.79 peak_kib=7120612 swaps=0
START target=V7CallerCurrentReleaseR26GroupedRowsTwiceChunk3Evaluation source=proof-r26/V7CallerCurrentReleaseR26GroupedRowsTwiceChunk3Evaluation.lean
'V7CallerCurrentReleaseR26GroupedRowsTwiceChunk3Evaluation.output_exact' depends on axioms: [propext,
 Classical.choice,
 Quot.sound]
RESULT target=V7CallerCurrentReleaseR26GroupedRowsTwiceChunk3Evaluation exit=0 wall_s=4.55 peak_kib=7118904 swaps=0
START target=V7CallerCurrentReleaseR26GroupedRowsTwiceCanonicalBasis source=proof-r26/V7CallerCurrentReleaseR26GroupedRowsTwiceCanonicalBasis.lean
'V7CallerCurrentReleaseR26GroupedRowsTwiceCanonicalBasis.source_basis_is_canonical_tensor' depends on axioms: [propext,
 Classical.choice,
 Quot.sound]
RESULT target=V7CallerCurrentReleaseR26GroupedRowsTwiceCanonicalBasis exit=0 wall_s=5.05 peak_kib=7109576 swaps=0
START target=V7CallerCurrentReleaseR26GroupedAllSame source=proof-r26/V7CallerCurrentReleaseR26GroupedAllSame.lean
/home/dombarker/project-offloads/v7-r30-closure-20260930/bundle/proof-r26/V7CallerCurrentReleaseR26GroupedAllSame.lean:89:10: warning: This simp argument is unused:
  hbound

Hint: Omit it from the simp argument list.
  simp ̵[̵h̵b̵o̵u̵n̵d̵]̵

Note: This linter can be disabled with `set_option linter.unusedSimpArgs false`
/home/dombarker/project-offloads/v7-r30-closure-20260930/bundle/proof-r26/V7CallerCurrentReleaseR26GroupedAllSame.lean:608:25: warning: This simp argument is unused:
  ↓reduceIte

Hint: Omit it from the simp argument list.
  simp only [bind_tc_ok,̵ ̵↓̵r̵e̵d̵u̵c̵e̵I̵t̵e̵]

Note: This linter can be disabled with `set_option linter.unusedSimpArgs false`
/home/dombarker/project-offloads/v7-r30-closure-20260930/bundle/proof-r26/V7CallerCurrentReleaseR26GroupedAllSame.lean:739:6: warning: This simp argument is unused:
  sourceQm31ToModel_mul

Hint: Omit it from the simp argument list.
  simp only [sourceQm31ToModel_generated, sourceQm31ToModel_add,̵
  ̵ ̵ ̵ ̵ ̵ ̵ ̵s̵o̵u̵r̵c̵e̵Q̵m̵3̵1̵T̵o̵M̵o̵d̵e̵l̵_̵m̵u̵l̵] at coefficient1ExactM

Note: This linter can be disabled with `set_option linter.unusedSimpArgs false`
/home/dombarker/project-offloads/v7-r30-closure-20260930/bundle/proof-r26/V7CallerCurrentReleaseR26GroupedAllSame.lean:741:6: warning: This simp argument is unused:
  sourceQm31ToModel_mul

Hint: Omit it from the simp argument list.
  simp only [sourceQm31ToModel_generated, sourceQm31ToModel_add,̵
  ̵ ̵ ̵ ̵ ̵ ̵ ̵s̵o̵u̵r̵c̵e̵Q̵m̵3̵1̵T̵o̵M̵o̵d̵e̵l̵_̵m̵u̵l̵] at coefficient2ExactM

Note: This linter can be disabled with `set_option linter.unusedSimpArgs false`
/home/dombarker/project-offloads/v7-r30-closure-20260930/bundle/proof-r26/V7CallerCurrentReleaseR26GroupedAllSame.lean:743:6: warning: This simp argument is unused:
  sourceQm31ToModel_mul

Hint: Omit it from the simp argument list.
  simp only [sourceQm31ToModel_generated, sourceQm31ToModel_add,̵
  ̵ ̵ ̵ ̵ ̵ ̵ ̵s̵o̵u̵r̵c̵e̵Q̵m̵3̵1̵T̵o̵M̵o̵d̵e̵l̵_̵m̵u̵l̵] at coefficient3ExactM

Note: This linter can be disabled with `set_option linter.unusedSimpArgs false`
/home/dombarker/project-offloads/v7-r30-closure-20260930/bundle/proof-r26/V7CallerCurrentReleaseR26GroupedAllSame.lean:744:44: warning: This simp argument is unused:
  sourceQm31ToModel_add

Hint: Omit it from the simp argument list.
  simp only [sourceQm31ToModel_generated, s̵o̵u̵r̵c̵e̵Q̵m̵3̵1̵T̵o̵M̵o̵d̵e̵l̵_̵a̵d̵d̵,̵sourceQm31ToModel_mul] at contributionExactM

Note: This linter can be disabled with `set_option linter.unusedSimpArgs false`
/home/dombarker/project-offloads/v7-r30-closure-20260930/bundle/proof-r26/V7CallerCurrentReleaseR26GroupedAllSame.lean:747:6: warning: This simp argument is unused:
  sourceQm31ToModel_mul

Hint: Omit it from the simp argument list.
  simp only [sourceQm31ToModel_generated, sourceQm31ToModel_add,̵
  ̵ ̵ ̵ ̵ ̵ ̵ ̵s̵o̵u̵r̵c̵e̵Q̵m̵3̵1̵T̵o̵M̵o̵d̵e̵l̵_̵m̵u̵l̵] at foldedExactM

Note: This linter can be disabled with `set_option linter.unusedSimpArgs false`
/home/dombarker/project-offloads/v7-r30-closure-20260930/bundle/proof-r26/V7CallerCurrentReleaseR26GroupedAllSame.lean:749:6: warning: This simp argument is unused:
  sourceQm31ToModel_mul

Hint: Omit it from the simp argument list.
  simp only [sourceQm31ToModel_generated, sourceQm31ToModel_add,̵
  ̵ ̵ ̵ ̵ ̵ ̵ ̵s̵o̵u̵r̵c̵e̵Q̵m̵3̵1̵T̵o̵M̵o̵d̵e̵l̵_̵m̵u̵l̵] at half1ExactM

Note: This linter can be disabled with `set_option linter.unusedSimpArgs false`
/home/dombarker/project-offloads/v7-r30-closure-20260930/bundle/proof-r26/V7CallerCurrentReleaseR26GroupedAllSame.lean:751:6: warning: This simp argument is unused:
  sourceQm31ToModel_mul

Hint: Omit it from the simp argument list.
  simp only [sourceQm31ToModel_generated, sourceQm31ToModel_add,̵
  ̵ ̵ ̵ ̵ ̵ ̵ ̵s̵o̵u̵r̵c̵e̵Q̵m̵3̵1̵T̵o̵M̵o̵d̵e̵l̵_̵m̵u̵l̵] at outExactM

Note: This linter can be disabled with `set_option linter.unusedSimpArgs false`
'V7CallerCurrentReleaseR26GroupedAllSame.findEmpty' depends on axioms: [propext, Classical.choice, Quot.sound]
'V7CallerCurrentReleaseR26GroupedAllSame.findExisting' depends on axioms: [propext, Classical.choice, Quot.sound]
'_private.V7CallerCurrentReleaseR26GroupedAllSame.0.V7CallerCurrentReleaseR26GroupedAllSame.phaseStep0' depends on axioms: [propext,
 Classical.choice,
 Quot.sound]
'V7CallerCurrentReleaseR26GroupedAllSame.allSameSourceExact' depends on axioms: [propext, Classical.choice, Quot.sound]
'V7CallerCurrentReleaseR26GroupedAllSame.allSameSourceCorresponds' depends on axioms: [propext,
 Classical.choice,
 Quot.sound]
RESULT target=V7CallerCurrentReleaseR26GroupedAllSame exit=0 wall_s=6.76 peak_kib=7139400 swaps=0
START target=V7CallerCurrentReleaseR26GroupedPairPair source=proof-r26/V7CallerCurrentReleaseR26GroupedPairPair.lean
/home/dombarker/project-offloads/v7-r30-closure-20260930/bundle/proof-r26/V7CallerCurrentReleaseR26GroupedPairPair.lean:160:5: warning: Variable name `groupValues` is not explicitly referenced.

The binding can be removed (if unused) or named `_` (if used implicitly).

Note: This linter can be disabled with `set_option linter.unusedVariables false`
/home/dombarker/project-offloads/v7-r30-closure-20260930/bundle/proof-r26/V7CallerCurrentReleaseR26GroupedPairPair.lean:218:5: warning: Variable name `groupValues` is not explicitly referenced.

The binding can be removed (if unused) or named `_` (if used implicitly).

Note: This linter can be disabled with `set_option linter.unusedVariables false`
/home/dombarker/project-offloads/v7-r30-closure-20260930/bundle/proof-r26/V7CallerCurrentReleaseR26GroupedPairPair.lean:259:5: warning: Variable name `groupValues` is not explicitly referenced.

The binding can be removed (if unused) or named `_` (if used implicitly).

Note: This linter can be disabled with `set_option linter.unusedVariables false`
/home/dombarker/project-offloads/v7-r30-closure-20260930/bundle/proof-r26/V7CallerCurrentReleaseR26GroupedPairPair.lean:296:5: warning: Variable name `groupValues` is not explicitly referenced.

The binding can be removed (if unused) or named `_` (if used implicitly).

Note: This linter can be disabled with `set_option linter.unusedVariables false`
'_private.V7CallerCurrentReleaseR26GroupedPairPair.0.V7CallerCurrentReleaseR26GroupedPairPair.pairPhaseExact' depends on axioms: [propext,
 Classical.choice,
 Quot.sound]
'V7CallerCurrentReleaseR26GroupedPairPair.pairPairSourceExact' depends on axioms: [propext,
 Classical.choice,
 Quot.sound]
'V7CallerCurrentReleaseR26GroupedPairPair.pairPairSourceCorresponds' depends on axioms: [propext,
 Classical.choice,
 Quot.sound]
RESULT target=V7CallerCurrentReleaseR26GroupedPairPair exit=0 wall_s=7.42 peak_kib=7126276 swaps=0
START target=V7CallerCurrentReleaseR26GroupedTripleFirst source=proof-r26/V7CallerCurrentReleaseR26GroupedTripleFirst.lean
/home/dombarker/project-offloads/v7-r30-closure-20260930/bundle/proof-r26/V7CallerCurrentReleaseR26GroupedTripleFirst.lean:71:5: warning: Variable name `groupValues` is not explicitly referenced.

The binding can be removed (if unused) or named `_` (if used implicitly).

Note: This linter can be disabled with `set_option linter.unusedVariables false`
/home/dombarker/project-offloads/v7-r30-closure-20260930/bundle/proof-r26/V7CallerCurrentReleaseR26GroupedTripleFirst.lean:132:5: warning: Variable name `groupValues` is not explicitly referenced.

The binding can be removed (if unused) or named `_` (if used implicitly).

Note: This linter can be disabled with `set_option linter.unusedVariables false`
/home/dombarker/project-offloads/v7-r30-closure-20260930/bundle/proof-r26/V7CallerCurrentReleaseR26GroupedTripleFirst.lean:173:5: warning: Variable name `groupValues` is not explicitly referenced.

The binding can be removed (if unused) or named `_` (if used implicitly).

Note: This linter can be disabled with `set_option linter.unusedVariables false`
/home/dombarker/project-offloads/v7-r30-closure-20260930/bundle/proof-r26/V7CallerCurrentReleaseR26GroupedTripleFirst.lean:212:5: warning: Variable name `groupValues` is not explicitly referenced.

The binding can be removed (if unused) or named `_` (if used implicitly).

Note: This linter can be disabled with `set_option linter.unusedVariables false`
'_private.V7CallerCurrentReleaseR26GroupedTripleFirst.0.V7CallerCurrentReleaseR26GroupedTripleFirst.triplePhaseExact' depends on axioms: [propext,
 Classical.choice,
 Quot.sound]
'V7CallerCurrentReleaseR26GroupedTripleFirst.tripleFirstSourceExact' depends on axioms: [propext,
 Classical.choice,
 Quot.sound]
'V7CallerCurrentReleaseR26GroupedTripleFirst.tripleFirstSourceCorresponds' depends on axioms: [propext,
 Classical.choice,
 Quot.sound]
RESULT target=V7CallerCurrentReleaseR26GroupedTripleFirst exit=0 wall_s=6.81 peak_kib=7112756 swaps=0
START target=V7CallerCurrentReleaseR26GroupedOneThree source=proof-r26/V7CallerCurrentReleaseR26GroupedOneThree.lean
/home/dombarker/project-offloads/v7-r30-closure-20260930/bundle/proof-r26/V7CallerCurrentReleaseR26GroupedOneThree.lean:131:30: warning: Variable name `groupValues` is not explicitly referenced.

The binding can be removed (if unused) or named `_` (if used implicitly).

Note: This linter can be disabled with `set_option linter.unusedVariables false`
/home/dombarker/project-offloads/v7-r30-closure-20260930/bundle/proof-r26/V7CallerCurrentReleaseR26GroupedOneThree.lean:192:5: warning: Variable name `groupValues` is not explicitly referenced.

The binding can be removed (if unused) or named `_` (if used implicitly).

Note: This linter can be disabled with `set_option linter.unusedVariables false`
/home/dombarker/project-offloads/v7-r30-closure-20260930/bundle/proof-r26/V7CallerCurrentReleaseR26GroupedOneThree.lean:232:5: warning: Variable name `groupValues` is not explicitly referenced.

The binding can be removed (if unused) or named `_` (if used implicitly).

Note: This linter can be disabled with `set_option linter.unusedVariables false`
/home/dombarker/project-offloads/v7-r30-closure-20260930/bundle/proof-r26/V7CallerCurrentReleaseR26GroupedOneThree.lean:282:5: warning: Variable name `groupValues` is not explicitly referenced.

The binding can be removed (if unused) or named `_` (if used implicitly).

Note: This linter can be disabled with `set_option linter.unusedVariables false`
'_private.V7CallerCurrentReleaseR26GroupedOneThree.0.V7CallerCurrentReleaseR26GroupedOneThree.oneThreePhaseExact' depends on axioms: [propext,
 Classical.choice,
 Quot.sound]
'V7CallerCurrentReleaseR26GroupedOneThree.oneThreeSourceExact' depends on axioms: [propext,
 Classical.choice,
 Quot.sound]
'V7CallerCurrentReleaseR26GroupedOneThree.oneThreeSourceCorresponds' depends on axioms: [propext,
 Classical.choice,
 Quot.sound]
RESULT target=V7CallerCurrentReleaseR26GroupedOneThree exit=0 wall_s=7.22 peak_kib=7111928 swaps=0
START target=V7CallerCurrentReleaseR26GroupedThreeAround source=proof-r26/V7CallerCurrentReleaseR26GroupedThreeAround.lean
/home/dombarker/project-offloads/v7-r30-closure-20260930/bundle/proof-r26/V7CallerCurrentReleaseR26GroupedThreeAround.lean:68:30: warning: Variable name `groupValues` is not explicitly referenced.

The binding can be removed (if unused) or named `_` (if used implicitly).

Note: This linter can be disabled with `set_option linter.unusedVariables false`
/home/dombarker/project-offloads/v7-r30-closure-20260930/bundle/proof-r26/V7CallerCurrentReleaseR26GroupedThreeAround.lean:82:5: warning: Variable name `groupValues` is not explicitly referenced.

The binding can be removed (if unused) or named `_` (if used implicitly).

Note: This linter can be disabled with `set_option linter.unusedVariables false`
/home/dombarker/project-offloads/v7-r30-closure-20260930/bundle/proof-r26/V7CallerCurrentReleaseR26GroupedThreeAround.lean:122:5: warning: Variable name `groupValues` is not explicitly referenced.

The binding can be removed (if unused) or named `_` (if used implicitly).

Note: This linter can be disabled with `set_option linter.unusedVariables false`
/home/dombarker/project-offloads/v7-r30-closure-20260930/bundle/proof-r26/V7CallerCurrentReleaseR26GroupedThreeAround.lean:174:5: warning: Variable name `groupValues` is not explicitly referenced.

The binding can be removed (if unused) or named `_` (if used implicitly).

Note: This linter can be disabled with `set_option linter.unusedVariables false`
'_private.V7CallerCurrentReleaseR26GroupedThreeAround.0.V7CallerCurrentReleaseR26GroupedThreeAround.threeAroundPhaseExact' depends on axioms: [propext,
 Classical.choice,
 Quot.sound]
'V7CallerCurrentReleaseR26GroupedThreeAround.threeAroundSourceExact' depends on axioms: [propext,
 Classical.choice,
 Quot.sound]
'V7CallerCurrentReleaseR26GroupedThreeAround.threeAroundSourceCorresponds' depends on axioms: [propext,
 Classical.choice,
 Quot.sound]
RESULT target=V7CallerCurrentReleaseR26GroupedThreeAround exit=0 wall_s=6.63 peak_kib=7110204 swaps=0
START target=V7CallerCurrentReleaseR26GroupedLastPair source=proof-r26/V7CallerCurrentReleaseR26GroupedLastPair.lean
/home/dombarker/project-offloads/v7-r30-closure-20260930/bundle/proof-r26/V7CallerCurrentReleaseR26GroupedLastPair.lean:179:37: warning: Variable name `groupValues` is not explicitly referenced.

The binding can be removed (if unused) or named `_` (if used implicitly).

Note: This linter can be disabled with `set_option linter.unusedVariables false`
/home/dombarker/project-offloads/v7-r30-closure-20260930/bundle/proof-r26/V7CallerCurrentReleaseR26GroupedLastPair.lean:193:5: warning: Variable name `groupValues` is not explicitly referenced.

The binding can be removed (if unused) or named `_` (if used implicitly).

Note: This linter can be disabled with `set_option linter.unusedVariables false`
/home/dombarker/project-offloads/v7-r30-closure-20260930/bundle/proof-r26/V7CallerCurrentReleaseR26GroupedLastPair.lean:234:5: warning: Variable name `groupValues` is not explicitly referenced.

The binding can be removed (if unused) or named `_` (if used implicitly).

Note: This linter can be disabled with `set_option linter.unusedVariables false`
/home/dombarker/project-offloads/v7-r30-closure-20260930/bundle/proof-r26/V7CallerCurrentReleaseR26GroupedLastPair.lean:277:5: warning: Variable name `groupValues` is not explicitly referenced.

The binding can be removed (if unused) or named `_` (if used implicitly).

Note: This linter can be disabled with `set_option linter.unusedVariables false`
'_private.V7CallerCurrentReleaseR26GroupedLastPair.0.V7CallerCurrentReleaseR26GroupedLastPair.lastPairPhaseExact' depends on axioms: [propext,
 Classical.choice,
 Quot.sound]
'V7CallerCurrentReleaseR26GroupedLastPair.lastPairSourceExact' depends on axioms: [propext,
 Classical.choice,
 Quot.sound]
'V7CallerCurrentReleaseR26GroupedLastPair.lastPairSourceCorresponds' depends on axioms: [propext,
 Classical.choice,
 Quot.sound]
'V7CallerCurrentReleaseR26GroupedLastPair.threeMultiplyInnerExact' depends on axioms: [propext,
 Classical.choice,
 Quot.sound]
RESULT target=V7CallerCurrentReleaseR26GroupedLastPair exit=0 wall_s=8.13 peak_kib=7130332 swaps=0
START target=V7CallerCurrentReleaseR26GroupedSplitPair source=proof-r26/V7CallerCurrentReleaseR26GroupedSplitPair.lean
/home/dombarker/project-offloads/v7-r30-closure-20260930/bundle/proof-r26/V7CallerCurrentReleaseR26GroupedSplitPair.lean:41:37: warning: Variable name `groupValues` is not explicitly referenced.

The binding can be removed (if unused) or named `_` (if used implicitly).

Note: This linter can be disabled with `set_option linter.unusedVariables false`
/home/dombarker/project-offloads/v7-r30-closure-20260930/bundle/proof-r26/V7CallerCurrentReleaseR26GroupedSplitPair.lean:55:5: warning: Variable name `groupValues` is not explicitly referenced.

The binding can be removed (if unused) or named `_` (if used implicitly).

Note: This linter can be disabled with `set_option linter.unusedVariables false`
/home/dombarker/project-offloads/v7-r30-closure-20260930/bundle/proof-r26/V7CallerCurrentReleaseR26GroupedSplitPair.lean:94:37: warning: Variable name `groupValues` is not explicitly referenced.

The binding can be removed (if unused) or named `_` (if used implicitly).

Note: This linter can be disabled with `set_option linter.unusedVariables false`
/home/dombarker/project-offloads/v7-r30-closure-20260930/bundle/proof-r26/V7CallerCurrentReleaseR26GroupedSplitPair.lean:147:5: warning: Variable name `groupValues` is not explicitly referenced.

The binding can be removed (if unused) or named `_` (if used implicitly).

Note: This linter can be disabled with `set_option linter.unusedVariables false`
'_private.V7CallerCurrentReleaseR26GroupedSplitPair.0.V7CallerCurrentReleaseR26GroupedSplitPair.splitPairPhaseExact' depends on axioms: [propext,
 Classical.choice,
 Quot.sound]
'V7CallerCurrentReleaseR26GroupedSplitPair.splitPairSourceExact' depends on axioms: [propext,
 Classical.choice,
 Quot.sound]
'V7CallerCurrentReleaseR26GroupedSplitPair.splitPairSourceCorresponds' depends on axioms: [propext,
 Classical.choice,
 Quot.sound]
RESULT target=V7CallerCurrentReleaseR26GroupedSplitPair exit=0 wall_s=5.78 peak_kib=7109016 swaps=0
START target=V7CallerCurrentReleaseR26GroupedFirstPair source=proof-r26/V7CallerCurrentReleaseR26GroupedFirstPair.lean
/home/dombarker/project-offloads/v7-r30-closure-20260930/bundle/proof-r26/V7CallerCurrentReleaseR26GroupedFirstPair.lean:58:37: warning: Variable name `groupValues` is not explicitly referenced.

The binding can be removed (if unused) or named `_` (if used implicitly).

Note: This linter can be disabled with `set_option linter.unusedVariables false`
/home/dombarker/project-offloads/v7-r30-closure-20260930/bundle/proof-r26/V7CallerCurrentReleaseR26GroupedFirstPair.lean:71:37: warning: Variable name `groupValues` is not explicitly referenced.

The binding can be removed (if unused) or named `_` (if used implicitly).

Note: This linter can be disabled with `set_option linter.unusedVariables false`
/home/dombarker/project-offloads/v7-r30-closure-20260930/bundle/proof-r26/V7CallerCurrentReleaseR26GroupedFirstPair.lean:120:5: warning: Variable name `groupValues` is not explicitly referenced.

The binding can be removed (if unused) or named `_` (if used implicitly).

Note: This linter can be disabled with `set_option linter.unusedVariables false`
/home/dombarker/project-offloads/v7-r30-closure-20260930/bundle/proof-r26/V7CallerCurrentReleaseR26GroupedFirstPair.lean:164:5: warning: Variable name `groupValues` is not explicitly referenced.

The binding can be removed (if unused) or named `_` (if used implicitly).

Note: This linter can be disabled with `set_option linter.unusedVariables false`
'_private.V7CallerCurrentReleaseR26GroupedFirstPair.0.V7CallerCurrentReleaseR26GroupedFirstPair.firstPairPhaseExact' depends on axioms: [propext,
 Classical.choice,
 Quot.sound]
'V7CallerCurrentReleaseR26GroupedFirstPair.firstPairSourceExact' depends on axioms: [propext,
 Classical.choice,
 Quot.sound]
'V7CallerCurrentReleaseR26GroupedFirstPair.firstPairSourceCorresponds' depends on axioms: [propext,
 Classical.choice,
 Quot.sound]
RESULT target=V7CallerCurrentReleaseR26GroupedFirstPair exit=0 wall_s=5.91 peak_kib=7110348 swaps=0
START target=V7CallerCurrentReleaseR26GroupedAllDifferent source=proof-r26/V7CallerCurrentReleaseR26GroupedAllDifferent.lean
/home/dombarker/project-offloads/v7-r30-closure-20260930/bundle/proof-r26/V7CallerCurrentReleaseR26GroupedAllDifferent.lean:130:44: warning: Variable name `groupValues` is not explicitly referenced.

The binding can be removed (if unused) or named `_` (if used implicitly).

Note: This linter can be disabled with `set_option linter.unusedVariables false`
/home/dombarker/project-offloads/v7-r30-closure-20260930/bundle/proof-r26/V7CallerCurrentReleaseR26GroupedAllDifferent.lean:144:5: warning: Variable name `groupValues` is not explicitly referenced.

The binding can be removed (if unused) or named `_` (if used implicitly).

Note: This linter can be disabled with `set_option linter.unusedVariables false`
/home/dombarker/project-offloads/v7-r30-closure-20260930/bundle/proof-r26/V7CallerCurrentReleaseR26GroupedAllDifferent.lean:185:5: warning: Variable name `groupValues` is not explicitly referenced.

The binding can be removed (if unused) or named `_` (if used implicitly).

Note: This linter can be disabled with `set_option linter.unusedVariables false`
/home/dombarker/project-offloads/v7-r30-closure-20260930/bundle/proof-r26/V7CallerCurrentReleaseR26GroupedAllDifferent.lean:228:37: warning: Variable name `groupValues` is not explicitly referenced.

The binding can be removed (if unused) or named `_` (if used implicitly).

Note: This linter can be disabled with `set_option linter.unusedVariables false`
'_private.V7CallerCurrentReleaseR26GroupedAllDifferent.0.V7CallerCurrentReleaseR26GroupedAllDifferent.allDifferentPhaseExact' depends on axioms: [propext,
 Classical.choice,
 Quot.sound]
'V7CallerCurrentReleaseR26GroupedAllDifferent.allDifferentSourceExact' depends on axioms: [propext,
 Classical.choice,
 Quot.sound]
'V7CallerCurrentReleaseR26GroupedAllDifferent.allDifferentSourceCorresponds' depends on axioms: [propext,
 Classical.choice,
 Quot.sound]
RESULT target=V7CallerCurrentReleaseR26GroupedAllDifferent exit=0 wall_s=7.19 peak_kib=7127112 swaps=0
START target=V7CallerCurrentReleaseR26GroupedRowsStaged source=proof-r26/V7CallerCurrentReleaseR26GroupedRowsStaged.lean
'V7CallerCurrentReleaseR26GroupedRowsStaged.released_second_grouped_rows_loop_exact' depends on axioms: [propext,
 Classical.choice,
 Quot.sound]
'V7CallerCurrentReleaseR26GroupedRowsStaged.released_second_grouped_rows_source_exact' depends on axioms: [propext,
 Classical.choice,
 Quot.sound]
'V7CallerCurrentReleaseR26GroupedRowsStaged.released_first_grouped_rows_loop_exact' depends on axioms: [propext,
 Classical.choice,
 Quot.sound]
'V7CallerCurrentReleaseR26GroupedRowsStaged.released_first_grouped_rows_source_exact' depends on axioms: [propext,
 Classical.choice,
 Quot.sound]
RESULT target=V7CallerCurrentReleaseR26GroupedRowsStaged exit=0 wall_s=9.47 peak_kib=2758876 swaps=0
START target=V7CallerCurrentReleaseR26GroupedRowsSemantics source=proof-r26/V7CallerCurrentReleaseR26GroupedRowsSemantics.lean
/home/dombarker/project-offloads/v7-r30-closure-20260930/bundle/proof-r26/V7CallerCurrentReleaseR26GroupedRowsSemantics.lean:104:18: warning: This simp argument is unused:
  releasedSevenValues

Hint: Omit it from the simp argument list.
  simp [values, r̵e̵l̵e̵a̵s̵e̵d̵S̵e̵v̵e̵n̵V̵a̵l̵u̵e̵s̵,̵ ̵releasedSevenValuesStaged, alloc.vec.Vec.deref, Slice.index_usize,
  ̲  ̲ ̲ ̲ ̲ ̲castU8ToUsizeVal]

Note: This linter can be disabled with `set_option linter.unusedSimpArgs false`
/home/dombarker/project-offloads/v7-r30-closure-20260930/bundle/proof-r26/V7CallerCurrentReleaseR26GroupedRowsSemantics.lean:105:46: warning: This simp argument is unused:
  castU8ToUsizeVal

Hint: Omit it from the simp argument list.
  simp [values, releasedSevenValues, releasedSevenValuesStaged, alloc.vec.Vec.deref,
  ̲  ̲ ̲ ̲ ̲ ̲S̵l̵i̵c̵e̵.̵i̵n̵d̵e̵x̵_̵u̵s̵i̵z̵e̵,̵ ̵c̵a̵s̵t̵U̵8̵T̵o̵U̵s̵i̵z̵e̵V̵a̵l̵]̵S̲l̲i̲c̲e̲.̲i̲n̲d̲e̲x̲_̲u̲s̲i̲z̲e̲]̲

Note: This linter can be disabled with `set_option linter.unusedSimpArgs false`
/home/dombarker/project-offloads/v7-r30-closure-20260930/bundle/proof-r26/V7CallerCurrentReleaseR26GroupedRowsSemantics.lean:108:18: warning: This simp argument is unused:
  releasedSevenValues

Hint: Omit it from the simp argument list.
  simp [values, r̵e̵l̵e̵a̵s̵e̵d̵S̵e̵v̵e̵n̵V̵a̵l̵u̵e̵s̵,̵ ̵releasedSevenValuesStaged, alloc.vec.Vec.deref, Slice.index_usize,
  ̲  ̲ ̲ ̲ ̲ ̲castU8ToUsizeVal]

Note: This linter can be disabled with `set_option linter.unusedSimpArgs false`
/home/dombarker/project-offloads/v7-r30-closure-20260930/bundle/proof-r26/V7CallerCurrentReleaseR26GroupedRowsSemantics.lean:109:46: warning: This simp argument is unused:
  castU8ToUsizeVal

Hint: Omit it from the simp argument list.
  simp [values, releasedSevenValues, releasedSevenValuesStaged, alloc.vec.Vec.deref,
  ̲  ̲ ̲ ̲ ̲ ̲S̵l̵i̵c̵e̵.̵i̵n̵d̵e̵x̵_̵u̵s̵i̵z̵e̵,̵ ̵c̵a̵s̵t̵U̵8̵T̵o̵U̵s̵i̵z̵e̵V̵a̵l̵]̵S̲l̲i̲c̲e̲.̲i̲n̲d̲e̲x̲_̲u̲s̲i̲z̲e̲]̲

Note: This linter can be disabled with `set_option linter.unusedSimpArgs false`
/home/dombarker/project-offloads/v7-r30-closure-20260930/bundle/proof-r26/V7CallerCurrentReleaseR26GroupedRowsSemantics.lean:112:18: warning: This simp argument is unused:
  releasedSevenValues

Hint: Omit it from the simp argument list.
  simp [values, r̵e̵l̵e̵a̵s̵e̵d̵S̵e̵v̵e̵n̵V̵a̵l̵u̵e̵s̵,̵ ̵releasedSevenValuesStaged, alloc.vec.Vec.deref, Slice.index_usize,
  ̲  ̲ ̲ ̲ ̲ ̲castU8ToUsizeVal]

Note: This linter can be disabled with `set_option linter.unusedSimpArgs false`
/home/dombarker/project-offloads/v7-r30-closure-20260930/bundle/proof-r26/V7CallerCurrentReleaseR26GroupedRowsSemantics.lean:113:46: warning: This simp argument is unused:
  castU8ToUsizeVal

Hint: Omit it from the simp argument list.
  simp [values, releasedSevenValues, releasedSevenValuesStaged, alloc.vec.Vec.deref,
  ̲  ̲ ̲ ̲ ̲ ̲S̵l̵i̵c̵e̵.̵i̵n̵d̵e̵x̵_̵u̵s̵i̵z̵e̵,̵ ̵c̵a̵s̵t̵U̵8̵T̵o̵U̵s̵i̵z̵e̵V̵a̵l̵]̵S̲l̲i̲c̲e̲.̲i̲n̲d̲e̲x̲_̲u̲s̲i̲z̲e̲]̲

Note: This linter can be disabled with `set_option linter.unusedSimpArgs false`
/home/dombarker/project-offloads/v7-r30-closure-20260930/bundle/proof-r26/V7CallerCurrentReleaseR26GroupedRowsSemantics.lean:116:18: warning: This simp argument is unused:
  releasedSevenValues

Hint: Omit it from the simp argument list.
  simp [values, r̵e̵l̵e̵a̵s̵e̵d̵S̵e̵v̵e̵n̵V̵a̵l̵u̵e̵s̵,̵ ̵releasedSevenValuesStaged, alloc.vec.Vec.deref, Slice.index_usize,
  ̲  ̲ ̲ ̲ ̲ ̲castU8ToUsizeVal]

Note: This linter can be disabled with `set_option linter.unusedSimpArgs false`
/home/dombarker/project-offloads/v7-r30-closure-20260930/bundle/proof-r26/V7CallerCurrentReleaseR26GroupedRowsSemantics.lean:117:46: warning: This simp argument is unused:
  castU8ToUsizeVal

Hint: Omit it from the simp argument list.
  simp [values, releasedSevenValues, releasedSevenValuesStaged, alloc.vec.Vec.deref,
  ̲  ̲ ̲ ̲ ̲ ̲S̵l̵i̵c̵e̵.̵i̵n̵d̵e̵x̵_̵u̵s̵i̵z̵e̵,̵ ̵c̵a̵s̵t̵U̵8̵T̵o̵U̵s̵i̵z̵e̵V̵a̵l̵]̵S̲l̲i̲c̲e̲.̲i̲n̲d̲e̲x̲_̲u̲s̲i̲z̲e̲]̲

Note: This linter can be disabled with `set_option linter.unusedSimpArgs false`
/home/dombarker/project-offloads/v7-r30-closure-20260930/bundle/proof-r26/V7CallerCurrentReleaseR26GroupedRowsSemantics.lean:120:18: warning: This simp argument is unused:
  releasedSevenValues

Hint: Omit it from the simp argument list.
  simp [values, r̵e̵l̵e̵a̵s̵e̵d̵S̵e̵v̵e̵n̵V̵a̵l̵u̵e̵s̵,̵ ̵releasedSevenValuesStaged, alloc.vec.Vec.deref, Slice.index_usize,
  ̲  ̲ ̲ ̲ ̲ ̲castU8ToUsizeVal]

Note: This linter can be disabled with `set_option linter.unusedSimpArgs false`
/home/dombarker/project-offloads/v7-r30-closure-20260930/bundle/proof-r26/V7CallerCurrentReleaseR26GroupedRowsSemantics.lean:121:46: warning: This simp argument is unused:
  castU8ToUsizeVal

Hint: Omit it from the simp argument list.
  simp [values, releasedSevenValues, releasedSevenValuesStaged, alloc.vec.Vec.deref,
  ̲  ̲ ̲ ̲ ̲ ̲S̵l̵i̵c̵e̵.̵i̵n̵d̵e̵x̵_̵u̵s̵i̵z̵e̵,̵ ̵c̵a̵s̵t̵U̵8̵T̵o̵U̵s̵i̵z̵e̵V̵a̵l̵]̵S̲l̲i̲c̲e̲.̲i̲n̲d̲e̲x̲_̲u̲s̲i̲z̲e̲]̲

Note: This linter can be disabled with `set_option linter.unusedSimpArgs false`
/home/dombarker/project-offloads/v7-r30-closure-20260930/bundle/proof-r26/V7CallerCurrentReleaseR26GroupedRowsSemantics.lean:124:18: warning: This simp argument is unused:
  releasedSevenValues

Hint: Omit it from the simp argument list.
  simp [values, r̵e̵l̵e̵a̵s̵e̵d̵S̵e̵v̵e̵n̵V̵a̵l̵u̵e̵s̵,̵ ̵releasedSevenValuesStaged, alloc.vec.Vec.deref, Slice.index_usize,
  ̲  ̲ ̲ ̲ ̲ ̲castU8ToUsizeVal]

Note: This linter can be disabled with `set_option linter.unusedSimpArgs false`
/home/dombarker/project-offloads/v7-r30-closure-20260930/bundle/proof-r26/V7CallerCurrentReleaseR26GroupedRowsSemantics.lean:125:46: warning: This simp argument is unused:
  castU8ToUsizeVal

Hint: Omit it from the simp argument list.
  simp [values, releasedSevenValues, releasedSevenValuesStaged, alloc.vec.Vec.deref,
  ̲  ̲ ̲ ̲ ̲ ̲S̵l̵i̵c̵e̵.̵i̵n̵d̵e̵x̵_̵u̵s̵i̵z̵e̵,̵ ̵c̵a̵s̵t̵U̵8̵T̵o̵U̵s̵i̵z̵e̵V̵a̵l̵]̵S̲l̲i̲c̲e̲.̲i̲n̲d̲e̲x̲_̲u̲s̲i̲z̲e̲]̲

Note: This linter can be disabled with `set_option linter.unusedSimpArgs false`
/home/dombarker/project-offloads/v7-r30-closure-20260930/bundle/proof-r26/V7CallerCurrentReleaseR26GroupedRowsSemantics.lean:128:18: warning: This simp argument is unused:
  releasedSevenValues

Hint: Omit it from the simp argument list.
  simp [values, r̵e̵l̵e̵a̵s̵e̵d̵S̵e̵v̵e̵n̵V̵a̵l̵u̵e̵s̵,̵ ̵releasedSevenValuesStaged, alloc.vec.Vec.deref, Slice.index_usize,
  ̲  ̲ ̲ ̲ ̲ ̲castU8ToUsizeVal]

Note: This linter can be disabled with `set_option linter.unusedSimpArgs false`
/home/dombarker/project-offloads/v7-r30-closure-20260930/bundle/proof-r26/V7CallerCurrentReleaseR26GroupedRowsSemantics.lean:129:46: warning: This simp argument is unused:
  castU8ToUsizeVal

Hint: Omit it from the simp argument list.
  simp [values, releasedSevenValues, releasedSevenValuesStaged, alloc.vec.Vec.deref,
  ̲  ̲ ̲ ̲ ̲ ̲S̵l̵i̵c̵e̵.̵i̵n̵d̵e̵x̵_̵u̵s̵i̵z̵e̵,̵ ̵c̵a̵s̵t̵U̵8̵T̵o̵U̵s̵i̵z̵e̵V̵a̵l̵]̵S̲l̲i̲c̲e̲.̲i̲n̲d̲e̲x̲_̲u̲s̲i̲z̲e̲]̲

Note: This linter can be disabled with `set_option linter.unusedSimpArgs false`
/home/dombarker/project-offloads/v7-r30-closure-20260930/bundle/proof-r26/V7CallerCurrentReleaseR26GroupedRowsSemantics.lean:207:18: warning: This simp argument is unused:
  releasedSevenValues

Hint: Omit it from the simp argument list.
  simp [values, r̵e̵l̵e̵a̵s̵e̵d̵S̵e̵v̵e̵n̵V̵a̵l̵u̵e̵s̵,̵ ̵releasedSevenValuesStaged, alloc.vec.Vec.deref, Slice.index_usize,
  ̲  ̲ ̲ ̲ ̲ ̲castU8ToUsizeVal]

Note: This linter can be disabled with `set_option linter.unusedSimpArgs false`
/home/dombarker/project-offloads/v7-r30-closure-20260930/bundle/proof-r26/V7CallerCurrentReleaseR26GroupedRowsSemantics.lean:208:46: warning: This simp argument is unused:
  castU8ToUsizeVal

Hint: Omit it from the simp argument list.
  simp [values, releasedSevenValues, releasedSevenValuesStaged, alloc.vec.Vec.deref,
  ̲  ̲ ̲ ̲ ̲ ̲S̵l̵i̵c̵e̵.̵i̵n̵d̵e̵x̵_̵u̵s̵i̵z̵e̵,̵ ̵c̵a̵s̵t̵U̵8̵T̵o̵U̵s̵i̵z̵e̵V̵a̵l̵]̵S̲l̲i̲c̲e̲.̲i̲n̲d̲e̲x̲_̲u̲s̲i̲z̲e̲]̲

Note: This linter can be disabled with `set_option linter.unusedSimpArgs false`
/home/dombarker/project-offloads/v7-r30-closure-20260930/bundle/proof-r26/V7CallerCurrentReleaseR26GroupedRowsSemantics.lean:211:18: warning: This simp argument is unused:
  releasedSevenValues

Hint: Omit it from the simp argument list.
  simp [values, r̵e̵l̵e̵a̵s̵e̵d̵S̵e̵v̵e̵n̵V̵a̵l̵u̵e̵s̵,̵ ̵releasedSevenValuesStaged, alloc.vec.Vec.deref, Slice.index_usize,
  ̲  ̲ ̲ ̲ ̲ ̲castU8ToUsizeVal]

Note: This linter can be disabled with `set_option linter.unusedSimpArgs false`
/home/dombarker/project-offloads/v7-r30-closure-20260930/bundle/proof-r26/V7CallerCurrentReleaseR26GroupedRowsSemantics.lean:212:46: warning: This simp argument is unused:
  castU8ToUsizeVal

Hint: Omit it from the simp argument list.
  simp [values, releasedSevenValues, releasedSevenValuesStaged, alloc.vec.Vec.deref,
  ̲  ̲ ̲ ̲ ̲ ̲S̵l̵i̵c̵e̵.̵i̵n̵d̵e̵x̵_̵u̵s̵i̵z̵e̵,̵ ̵c̵a̵s̵t̵U̵8̵T̵o̵U̵s̵i̵z̵e̵V̵a̵l̵]̵S̲l̲i̲c̲e̲.̲i̲n̲d̲e̲x̲_̲u̲s̲i̲z̲e̲]̲

Note: This linter can be disabled with `set_option linter.unusedSimpArgs false`
/home/dombarker/project-offloads/v7-r30-closure-20260930/bundle/proof-r26/V7CallerCurrentReleaseR26GroupedRowsSemantics.lean:215:18: warning: This simp argument is unused:
  releasedSevenValues

Hint: Omit it from the simp argument list.
  simp [values, r̵e̵l̵e̵a̵s̵e̵d̵S̵e̵v̵e̵n̵V̵a̵l̵u̵e̵s̵,̵ ̵releasedSevenValuesStaged, alloc.vec.Vec.deref, Slice.index_usize,
  ̲  ̲ ̲ ̲ ̲ ̲castU8ToUsizeVal]

Note: This linter can be disabled with `set_option linter.unusedSimpArgs false`
/home/dombarker/project-offloads/v7-r30-closure-20260930/bundle/proof-r26/V7CallerCurrentReleaseR26GroupedRowsSemantics.lean:216:46: warning: This simp argument is unused:
  castU8ToUsizeVal

Hint: Omit it from the simp argument list.
  simp [values, releasedSevenValues, releasedSevenValuesStaged, alloc.vec.Vec.deref,
  ̲  ̲ ̲ ̲ ̲ ̲S̵l̵i̵c̵e̵.̵i̵n̵d̵e̵x̵_̵u̵s̵i̵z̵e̵,̵ ̵c̵a̵s̵t̵U̵8̵T̵o̵U̵s̵i̵z̵e̵V̵a̵l̵]̵S̲l̲i̲c̲e̲.̲i̲n̲d̲e̲x̲_̲u̲s̲i̲z̲e̲]̲

Note: This linter can be disabled with `set_option linter.unusedSimpArgs false`
/home/dombarker/project-offloads/v7-r30-closure-20260930/bundle/proof-r26/V7CallerCurrentReleaseR26GroupedRowsSemantics.lean:219:18: warning: This simp argument is unused:
  releasedSevenValues

Hint: Omit it from the simp argument list.
  simp [values, r̵e̵l̵e̵a̵s̵e̵d̵S̵e̵v̵e̵n̵V̵a̵l̵u̵e̵s̵,̵ ̵releasedSevenValuesStaged, alloc.vec.Vec.deref, Slice.index_usize,
  ̲  ̲ ̲ ̲ ̲ ̲castU8ToUsizeVal]

Note: This linter can be disabled with `set_option linter.unusedSimpArgs false`
/home/dombarker/project-offloads/v7-r30-closure-20260930/bundle/proof-r26/V7CallerCurrentReleaseR26GroupedRowsSemantics.lean:220:46: warning: This simp argument is unused:
  castU8ToUsizeVal

Hint: Omit it from the simp argument list.
  simp [values, releasedSevenValues, releasedSevenValuesStaged, alloc.vec.Vec.deref,
  ̲  ̲ ̲ ̲ ̲ ̲S̵l̵i̵c̵e̵.̵i̵n̵d̵e̵x̵_̵u̵s̵i̵z̵e̵,̵ ̵c̵a̵s̵t̵U̵8̵T̵o̵U̵s̵i̵z̵e̵V̵a̵l̵]̵S̲l̲i̲c̲e̲.̲i̲n̲d̲e̲x̲_̲u̲s̲i̲z̲e̲]̲

Note: This linter can be disabled with `set_option linter.unusedSimpArgs false`
/home/dombarker/project-offloads/v7-r30-closure-20260930/bundle/proof-r26/V7CallerCurrentReleaseR26GroupedRowsSemantics.lean:223:18: warning: This simp argument is unused:
  releasedSevenValues

Hint: Omit it from the simp argument list.
  simp [values, r̵e̵l̵e̵a̵s̵e̵d̵S̵e̵v̵e̵n̵V̵a̵l̵u̵e̵s̵,̵ ̵releasedSevenValuesStaged, alloc.vec.Vec.deref, Slice.index_usize,
  ̲  ̲ ̲ ̲ ̲ ̲castU8ToUsizeVal]

Note: This linter can be disabled with `set_option linter.unusedSimpArgs false`
/home/dombarker/project-offloads/v7-r30-closure-20260930/bundle/proof-r26/V7CallerCurrentReleaseR26GroupedRowsSemantics.lean:224:46: warning: This simp argument is unused:
  castU8ToUsizeVal

Hint: Omit it from the simp argument list.
  simp [values, releasedSevenValues, releasedSevenValuesStaged, alloc.vec.Vec.deref,
  ̲  ̲ ̲ ̲ ̲ ̲S̵l̵i̵c̵e̵.̵i̵n̵d̵e̵x̵_̵u̵s̵i̵z̵e̵,̵ ̵c̵a̵s̵t̵U̵8̵T̵o̵U̵s̵i̵z̵e̵V̵a̵l̵]̵S̲l̲i̲c̲e̲.̲i̲n̲d̲e̲x̲_̲u̲s̲i̲z̲e̲]̲

Note: This linter can be disabled with `set_option linter.unusedSimpArgs false`
/home/dombarker/project-offloads/v7-r30-closure-20260930/bundle/proof-r26/V7CallerCurrentReleaseR26GroupedRowsSemantics.lean:227:18: warning: This simp argument is unused:
  releasedSevenValues

Hint: Omit it from the simp argument list.
  simp [values, r̵e̵l̵e̵a̵s̵e̵d̵S̵e̵v̵e̵n̵V̵a̵l̵u̵e̵s̵,̵ ̵releasedSevenValuesStaged, alloc.vec.Vec.deref, Slice.index_usize,
  ̲  ̲ ̲ ̲ ̲ ̲castU8ToUsizeVal]

Note: This linter can be disabled with `set_option linter.unusedSimpArgs false`
/home/dombarker/project-offloads/v7-r30-closure-20260930/bundle/proof-r26/V7CallerCurrentReleaseR26GroupedRowsSemantics.lean:228:46: warning: This simp argument is unused:
  castU8ToUsizeVal

Hint: Omit it from the simp argument list.
  simp [values, releasedSevenValues, releasedSevenValuesStaged, alloc.vec.Vec.deref,
  ̲  ̲ ̲ ̲ ̲ ̲S̵l̵i̵c̵e̵.̵i̵n̵d̵e̵x̵_̵u̵s̵i̵z̵e̵,̵ ̵c̵a̵s̵t̵U̵8̵T̵o̵U̵s̵i̵z̵e̵V̵a̵l̵]̵S̲l̲i̲c̲e̲.̲i̲n̲d̲e̲x̲_̲u̲s̲i̲z̲e̲]̲

Note: This linter can be disabled with `set_option linter.unusedSimpArgs false`
/home/dombarker/project-offloads/v7-r30-closure-20260930/bundle/proof-r26/V7CallerCurrentReleaseR26GroupedRowsSemantics.lean:231:18: warning: This simp argument is unused:
  releasedSevenValues

Hint: Omit it from the simp argument list.
  simp [values, r̵e̵l̵e̵a̵s̵e̵d̵S̵e̵v̵e̵n̵V̵a̵l̵u̵e̵s̵,̵ ̵releasedSevenValuesStaged, alloc.vec.Vec.deref, Slice.index_usize,
  ̲  ̲ ̲ ̲ ̲ ̲castU8ToUsizeVal]

Note: This linter can be disabled with `set_option linter.unusedSimpArgs false`
/home/dombarker/project-offloads/v7-r30-closure-20260930/bundle/proof-r26/V7CallerCurrentReleaseR26GroupedRowsSemantics.lean:232:46: warning: This simp argument is unused:
  castU8ToUsizeVal

Hint: Omit it from the simp argument list.
  simp [values, releasedSevenValues, releasedSevenValuesStaged, alloc.vec.Vec.deref,
  ̲  ̲ ̲ ̲ ̲ ̲S̵l̵i̵c̵e̵.̵i̵n̵d̵e̵x̵_̵u̵s̵i̵z̵e̵,̵ ̵c̵a̵s̵t̵U̵8̵T̵o̵U̵s̵i̵z̵e̵V̵a̵l̵]̵S̲l̲i̲c̲e̲.̲i̲n̲d̲e̲x̲_̲u̲s̲i̲z̲e̲]̲

Note: This linter can be disabled with `set_option linter.unusedSimpArgs false`
'V7CallerCurrentReleaseR26GroupedRowsSemantics.released_first_grouped_rows_corresponds' depends on axioms: [propext,
 Classical.choice,
 Quot.sound]
'V7CallerCurrentReleaseR26GroupedRowsSemantics.released_second_grouped_rows_corresponds' depends on axioms: [propext,
 Classical.choice,
 Quot.sound]
RESULT target=V7CallerCurrentReleaseR26GroupedRowsSemantics exit=0 wall_s=7.99 peak_kib=7157364 swaps=0
START target=V7CallerCurrentReleaseR26GroupedRowsTwiceFourOutputs source=proof-r26/V7CallerCurrentReleaseR26GroupedRowsTwiceFourOutputs.lean
'V7CallerCurrentReleaseR26GroupedRowsTwiceFourOutputs.source_exposes_four_outputs' depends on axioms: [propext,
 Classical.choice,
 Quot.sound]
RESULT target=V7CallerCurrentReleaseR26GroupedRowsTwiceFourOutputs exit=0 wall_s=5.24 peak_kib=7137272 swaps=0
START target=V7CallerCurrentReleaseR26GroupedRowsTwiceSemantics source=proof-r26/V7CallerCurrentReleaseR26GroupedRowsTwiceSemantics.lean
/home/dombarker/project-offloads/v7-r30-closure-20260930/bundle/proof-r26/V7CallerCurrentReleaseR26GroupedRowsTwiceSemantics.lean:194:37: warning: This simp argument is unused:
  releasedRowGroups4

Hint: Omit it from the simp argument list.
  simp [representedGroupedWeights, r̵e̵l̵e̵a̵s̵e̵d̵R̵o̵w̵G̵r̵o̵u̵p̵s̵4̵,̵ ̵releasedRowGroups64, releasedFourValues, releasedSevenValues,
  ̲  ̲ ̲ ̲ ̲ ̲releasedSevenValuesStaged, AspisV5FriRelationCandidateBridge.dualWeightFoldLayer,
        AspisV5FriRelationCandidateBridge.dualWeightFoldValue,
        AspisV5ComponentCConcreteFoldLinearity.childIndex, b0Exact, b1Exact, b2Exact, b3Exact,
  ̲  ̲ ̲ ̲ ̲ ̲b4Exact, b5Exact, b6Exact, b7Exact, b8Exact, b9Exact, b10Exact, b11Exact, b12Exact, b13Exact,
        b14Exact, b15Exact, V7CallerCurrentReleaseR26GroupedMaskFormulas.four_ne_zero,
        inverseFourSquareTimesSixteen, mulInverseFourSquareTimesSixteen]

Note: This linter can be disabled with `set_option linter.unusedSimpArgs false`
/home/dombarker/project-offloads/v7-r30-closure-20260930/bundle/proof-r26/V7CallerCurrentReleaseR26GroupedRowsTwiceSemantics.lean:195:6: warning: This simp argument is unused:
  releasedFourValues

Hint: Omit it from the simp argument list.
  simp [representedGroupedWeights, releasedRowGroups4, releasedRowGroups64, r̵e̵l̵e̵a̵s̵e̵d̵F̵o̵u̵r̵V̵a̵l̵u̵e̵s̵,̵ ̵releasedSevenValues,
  ̲  ̲ ̲ ̲ ̲ ̲releasedSevenValuesStaged, AspisV5FriRelationCandidateBridge.dualWeightFoldLayer,
        AspisV5FriRelationCandidateBridge.dualWeightFoldValue,
        AspisV5ComponentCConcreteFoldLinearity.childIndex, b0Exact, b1Exact, b2Exact, b3Exact,
  ̲  ̲ ̲ ̲ ̲ ̲b4Exact, b5Exact, b6Exact, b7Exact, b8Exact, b9Exact, b10Exact, b11Exact, b12Exact, b13Exact,
        b14Exact, b15Exact, V7CallerCurrentReleaseR26GroupedMaskFormulas.four_ne_zero,
        inverseFourSquareTimesSixteen, mulInverseFourSquareTimesSixteen]

Note: This linter can be disabled with `set_option linter.unusedSimpArgs false`
/home/dombarker/project-offloads/v7-r30-closure-20260930/bundle/proof-r26/V7CallerCurrentReleaseR26GroupedRowsTwiceSemantics.lean:202:6: warning: This simp argument is unused:
  V7CallerCurrentReleaseR26GroupedMaskFormulas.four_ne_zero

Hint: Omit it from the simp argument list.
  simp [representedGroupedWeights, releasedRowGroups4, releasedRowGroups64,
  ̵  ̵ ̵ ̵ ̵ ̵releasedFourValues,
  ̲  ̲ ̲ ̲ ̲ ̲releasedSevenValues, releasedSevenValuesStaged,
        AspisV5FriRelationCandidateBridge.dualWeightFoldLayer,
        AspisV5FriRelationCandidateBridge.dualWeightFoldValue,
        AspisV5ComponentCConcreteFoldLinearity.childIndex,
  ̵  ̵ ̵ ̵ ̵ ̵b0Exact, b1Exact, b2Exact, b3Exact,
  ̲  ̲ ̲ ̲ ̲ ̲b4Exact, b5Exact, b6Exact,
  ̵  ̵ ̵ ̵ ̵ ̵b7Exact, b8Exact, b9Exact, b10Exact, b11Exact, b12Exact, b13Exact,
        b14Exact, b15Exact,
  ̵  ̵ ̵ ̵ ̵ ̵V̵7̵C̵a̵l̵l̵e̵r̵C̵u̵r̵r̵e̵n̵t̵R̵e̵l̵e̵a̵s̵e̵R̵2̵6̵G̵r̵o̵u̵p̵e̵d̵M̵a̵s̵k̵F̵o̵r̵m̵u̵l̵a̵s̵.̵f̵o̵u̵r̵_̵n̵e̵_̵z̵e̵r̵o̵,̵
  ̵ ̵ ̵ ̵ ̵ ̵ ̵inverseFourSquareTimesSixteen, mulInverseFourSquareTimesSixteen]

Note: This linter can be disabled with `set_option linter.unusedSimpArgs false`
/home/dombarker/project-offloads/v7-r30-closure-20260930/bundle/proof-r26/V7CallerCurrentReleaseR26GroupedRowsTwiceSemantics.lean:203:6: warning: This simp argument is unused:
  inverseFourSquareTimesSixteen

Hint: Omit it from the simp argument list.
  simp [representedGroupedWeights, releasedRowGroups4, releasedRowGroups64,
  ̵  ̵ ̵ ̵ ̵ ̵releasedFourValues,
  ̲  ̲ ̲ ̲ ̲ ̲releasedSevenValues, releasedSevenValuesStaged,
        AspisV5FriRelationCandidateBridge.dualWeightFoldLayer,
        AspisV5FriRelationCandidateBridge.dualWeightFoldValue,
        AspisV5ComponentCConcreteFoldLinearity.childIndex,
  ̵  ̵ ̵ ̵ ̵ ̵b0Exact, b1Exact, b2Exact, b3Exact,
  ̲  ̲ ̲ ̲ ̲ ̲b4Exact, b5Exact, b6Exact,
  ̵  ̵ ̵ ̵ ̵ ̵b7Exact, b8Exact, b9Exact, b10Exact, b11Exact, b12Exact, b13Exact,
        b14Exact, b15Exact,
  ̵  ̵ ̵ ̵ ̵ ̵V7CallerCurrentReleaseR26GroupedMaskFormulas.four_ne_zero,
        i̵n̵v̵e̵r̵s̵e̵F̵o̵u̵r̵S̵q̵u̵a̵r̵e̵T̵i̵me̵s̵S̵i̵x̵t̵e̵e̵n̵,̵ ̵m̵ulInverseFourSquareTimesSixteen]

Note: This linter can be disabled with `set_option linter.unusedSimpArgs false`
/home/dombarker/project-offloads/v7-r30-closure-20260930/bundle/proof-r26/V7CallerCurrentReleaseR26GroupedRowsTwiceSemantics.lean:203:37: warning: This simp argument is unused:
  mulInverseFourSquareTimesSixteen

Hint: Omit it from the simp argument list.
  simp [representedGroupedWeights, releasedRowGroups4, releasedRowGroups64,
  ̵  ̵ ̵ ̵ ̵ ̵releasedFourValues,
  ̲  ̲ ̲ ̲ ̲ ̲releasedSevenValues, releasedSevenValuesStaged,
        AspisV5FriRelationCandidateBridge.dualWeightFoldLayer,
        AspisV5FriRelationCandidateBridge.dualWeightFoldValue,
        AspisV5ComponentCConcreteFoldLinearity.childIndex,
  ̵  ̵ ̵ ̵ ̵ ̵b0Exact, b1Exact, b2Exact, b3Exact,
  ̲  ̲ ̲ ̲ ̲ ̲b4Exact, b5Exact, b6Exact,
  ̵  ̵ ̵ ̵ ̵ ̵b7Exact, b8Exact, b9Exact, b10Exact, b11Exact, b12Exact, b13Exact,
        b14Exact, b15Exact,
  ̵  ̵ ̵ ̵ ̵ ̵V7CallerCurrentReleaseR26GroupedMaskFormulas.four_ne_zero,
        inverseFourSquareTimesSixteen,̵ ̵m̵u̵l̵I̵n̵v̵e̵r̵s̵e̵F̵o̵u̵r̵S̵q̵u̵a̵r̵e̵T̵i̵m̵e̵s̵S̵i̵x̵t̵e̵e̵n̵]

Note: This linter can be disabled with `set_option linter.unusedSimpArgs false`
/home/dombarker/project-offloads/v7-r30-closure-20260930/bundle/proof-r26/V7CallerCurrentReleaseR26GroupedRowsTwiceSemantics.lean:208:37: warning: This simp argument is unused:
  releasedRowGroups4

Hint: Omit it from the simp argument list.
  simp [representedGroupedWeights, r̵e̵l̵e̵a̵s̵e̵d̵R̵o̵w̵G̵r̵o̵u̵p̵s̵4̵,̵ ̵releasedRowGroups64, releasedFourValues, releasedSevenValues,
  ̲  ̲ ̲ ̲ ̲ ̲releasedSevenValuesStaged, AspisV5FriRelationCandidateBridge.dualWeightFoldLayer,
        AspisV5FriRelationCandidateBridge.dualWeightFoldValue,
        AspisV5ComponentCConcreteFoldLinearity.childIndex, b0Exact, b1Exact, b2Exact, b3Exact,
  ̲  ̲ ̲ ̲ ̲ ̲b4Exact, b5Exact, b6Exact, b7Exact, b8Exact, b9Exact, b10Exact, b11Exact, b12Exact, b13Exact,
        b14Exact, b15Exact, V7CallerCurrentReleaseR26GroupedMaskFormulas.four_ne_zero,
        inverseFourSquareTimesSixteen, mulInverseFourSquareTimesSixteen]

Note: This linter can be disabled with `set_option linter.unusedSimpArgs false`
/home/dombarker/project-offloads/v7-r30-closure-20260930/bundle/proof-r26/V7CallerCurrentReleaseR26GroupedRowsTwiceSemantics.lean:209:6: warning: This simp argument is unused:
  releasedFourValues

Hint: Omit it from the simp argument list.
  simp [representedGroupedWeights, releasedRowGroups4, releasedRowGroups64, r̵e̵l̵e̵a̵s̵e̵d̵F̵o̵u̵r̵V̵a̵l̵u̵e̵s̵,̵ ̵releasedSevenValues,
  ̲  ̲ ̲ ̲ ̲ ̲releasedSevenValuesStaged, AspisV5FriRelationCandidateBridge.dualWeightFoldLayer,
        AspisV5FriRelationCandidateBridge.dualWeightFoldValue,
        AspisV5ComponentCConcreteFoldLinearity.childIndex, b0Exact, b1Exact, b2Exact, b3Exact,
  ̲  ̲ ̲ ̲ ̲ ̲b4Exact, b5Exact, b6Exact, b7Exact, b8Exact, b9Exact, b10Exact, b11Exact, b12Exact, b13Exact,
        b14Exact, b15Exact, V7CallerCurrentReleaseR26GroupedMaskFormulas.four_ne_zero,
        inverseFourSquareTimesSixteen, mulInverseFourSquareTimesSixteen]

Note: This linter can be disabled with `set_option linter.unusedSimpArgs false`
/home/dombarker/project-offloads/v7-r30-closure-20260930/bundle/proof-r26/V7CallerCurrentReleaseR26GroupedRowsTwiceSemantics.lean:216:6: warning: This simp argument is unused:
  V7CallerCurrentReleaseR26GroupedMaskFormulas.four_ne_zero

Hint: Omit it from the simp argument list.
  simp [representedGroupedWeights, releasedRowGroups4, releasedRowGroups64,
  ̵  ̵ ̵ ̵ ̵ ̵releasedFourValues,
  ̲  ̲ ̲ ̲ ̲ ̲releasedSevenValues, releasedSevenValuesStaged,
        AspisV5FriRelationCandidateBridge.dualWeightFoldLayer,
        AspisV5FriRelationCandidateBridge.dualWeightFoldValue,
        AspisV5ComponentCConcreteFoldLinearity.childIndex,
  ̵  ̵ ̵ ̵ ̵ ̵b0Exact, b1Exact, b2Exact, b3Exact,
  ̲  ̲ ̲ ̲ ̲ ̲b4Exact, b5Exact, b6Exact,
  ̵  ̵ ̵ ̵ ̵ ̵b7Exact, b8Exact, b9Exact, b10Exact, b11Exact, b12Exact, b13Exact,
        b14Exact, b15Exact,
  ̵  ̵ ̵ ̵ ̵ ̵V̵7̵C̵a̵l̵l̵e̵r̵C̵u̵r̵r̵e̵n̵t̵R̵e̵l̵e̵a̵s̵e̵R̵2̵6̵G̵r̵o̵u̵p̵e̵d̵M̵a̵s̵k̵F̵o̵r̵m̵u̵l̵a̵s̵.̵f̵o̵u̵r̵_̵n̵e̵_̵z̵e̵r̵o̵,̵
  ̵ ̵ ̵ ̵ ̵ ̵ ̵inverseFourSquareTimesSixteen, mulInverseFourSquareTimesSixteen]

Note: This linter can be disabled with `set_option linter.unusedSimpArgs false`
/home/dombarker/project-offloads/v7-r30-closure-20260930/bundle/proof-r26/V7CallerCurrentReleaseR26GroupedRowsTwiceSemantics.lean:217:6: warning: This simp argument is unused:
  inverseFourSquareTimesSixteen

Hint: Omit it from the simp argument list.
  simp [representedGroupedWeights, releasedRowGroups4, releasedRowGroups64,
  ̵  ̵ ̵ ̵ ̵ ̵releasedFourValues,
  ̲  ̲ ̲ ̲ ̲ ̲releasedSevenValues, releasedSevenValuesStaged,
        AspisV5FriRelationCandidateBridge.dualWeightFoldLayer,
        AspisV5FriRelationCandidateBridge.dualWeightFoldValue,
        AspisV5ComponentCConcreteFoldLinearity.childIndex,
  ̵  ̵ ̵ ̵ ̵ ̵b0Exact, b1Exact, b2Exact, b3Exact,
  ̲  ̲ ̲ ̲ ̲ ̲b4Exact, b5Exact, b6Exact,
  ̵  ̵ ̵ ̵ ̵ ̵b7Exact, b8Exact, b9Exact, b10Exact, b11Exact, b12Exact, b13Exact,
        b14Exact, b15Exact,
  ̵  ̵ ̵ ̵ ̵ ̵V7CallerCurrentReleaseR26GroupedMaskFormulas.four_ne_zero,
        i̵n̵v̵e̵r̵s̵e̵F̵o̵u̵r̵S̵q̵u̵a̵r̵e̵T̵i̵me̵s̵S̵i̵x̵t̵e̵e̵n̵,̵ ̵m̵ulInverseFourSquareTimesSixteen]

Note: This linter can be disabled with `set_option linter.unusedSimpArgs false`
/home/dombarker/project-offloads/v7-r30-closure-20260930/bundle/proof-r26/V7CallerCurrentReleaseR26GroupedRowsTwiceSemantics.lean:217:37: warning: This simp argument is unused:
  mulInverseFourSquareTimesSixteen

Hint: Omit it from the simp argument list.
  simp [representedGroupedWeights, releasedRowGroups4, releasedRowGroups64,
  ̵  ̵ ̵ ̵ ̵ ̵releasedFourValues,
  ̲  ̲ ̲ ̲ ̲ ̲releasedSevenValues, releasedSevenValuesStaged,
        AspisV5FriRelationCandidateBridge.dualWeightFoldLayer,
        AspisV5FriRelationCandidateBridge.dualWeightFoldValue,
        AspisV5ComponentCConcreteFoldLinearity.childIndex,
  ̵  ̵ ̵ ̵ ̵ ̵b0Exact, b1Exact, b2Exact, b3Exact,
  ̲  ̲ ̲ ̲ ̲ ̲b4Exact, b5Exact, b6Exact,
  ̵  ̵ ̵ ̵ ̵ ̵b7Exact, b8Exact, b9Exact, b10Exact, b11Exact, b12Exact, b13Exact,
        b14Exact, b15Exact,
  ̵  ̵ ̵ ̵ ̵ ̵V7CallerCurrentReleaseR26GroupedMaskFormulas.four_ne_zero,
        inverseFourSquareTimesSixteen,̵ ̵m̵u̵l̵I̵n̵v̵e̵r̵s̵e̵F̵o̵u̵r̵S̵q̵u̵a̵r̵e̵T̵i̵m̵e̵s̵S̵i̵x̵t̵e̵e̵n̵]

Note: This linter can be disabled with `set_option linter.unusedSimpArgs false`
/home/dombarker/project-offloads/v7-r30-closure-20260930/bundle/proof-r26/V7CallerCurrentReleaseR26GroupedRowsTwiceSemantics.lean:222:37: warning: This simp argument is unused:
  releasedRowGroups4

Hint: Omit it from the simp argument list.
  simp [representedGroupedWeights, r̵e̵l̵e̵a̵s̵e̵d̵R̵o̵w̵G̵r̵o̵u̵p̵s̵4̵,̵ ̵releasedRowGroups64, releasedFourValues, releasedSevenValues,
  ̲  ̲ ̲ ̲ ̲ ̲releasedSevenValuesStaged, AspisV5FriRelationCandidateBridge.dualWeightFoldLayer,
        AspisV5FriRelationCandidateBridge.dualWeightFoldValue,
        AspisV5ComponentCConcreteFoldLinearity.childIndex, b0Exact, b1Exact, b2Exact, b3Exact,
  ̲  ̲ ̲ ̲ ̲ ̲b4Exact, b5Exact, b6Exact, b7Exact, b8Exact, b9Exact, b10Exact, b11Exact, b12Exact, b13Exact,
        b14Exact, b15Exact, V7CallerCurrentReleaseR26GroupedMaskFormulas.four_ne_zero,
        inverseFourSquareTimesSixteen, mulInverseFourSquareTimesSixteen]

Note: This linter can be disabled with `set_option linter.unusedSimpArgs false`
/home/dombarker/project-offloads/v7-r30-closure-20260930/bundle/proof-r26/V7CallerCurrentReleaseR26GroupedRowsTwiceSemantics.lean:223:6: warning: This simp argument is unused:
  releasedFourValues

Hint: Omit it from the simp argument list.
  simp [representedGroupedWeights, releasedRowGroups4, releasedRowGroups64, r̵e̵l̵e̵a̵s̵e̵d̵F̵o̵u̵r̵V̵a̵l̵u̵e̵s̵,̵ ̵releasedSevenValues,
  ̲  ̲ ̲ ̲ ̲ ̲releasedSevenValuesStaged, AspisV5FriRelationCandidateBridge.dualWeightFoldLayer,
        AspisV5FriRelationCandidateBridge.dualWeightFoldValue,
        AspisV5ComponentCConcreteFoldLinearity.childIndex, b0Exact, b1Exact, b2Exact, b3Exact,
  ̲  ̲ ̲ ̲ ̲ ̲b4Exact, b5Exact, b6Exact, b7Exact, b8Exact, b9Exact, b10Exact, b11Exact, b12Exact, b13Exact,
        b14Exact, b15Exact, V7CallerCurrentReleaseR26GroupedMaskFormulas.four_ne_zero,
        inverseFourSquareTimesSixteen, mulInverseFourSquareTimesSixteen]

Note: This linter can be disabled with `set_option linter.unusedSimpArgs false`
/home/dombarker/project-offloads/v7-r30-closure-20260930/bundle/proof-r26/V7CallerCurrentReleaseR26GroupedRowsTwiceSemantics.lean:230:6: warning: This simp argument is unused:
  V7CallerCurrentReleaseR26GroupedMaskFormulas.four_ne_zero

Hint: Omit it from the simp argument list.
  simp [representedGroupedWeights, releasedRowGroups4, releasedRowGroups64,
  ̵  ̵ ̵ ̵ ̵ ̵releasedFourValues,
  ̲  ̲ ̲ ̲ ̲ ̲releasedSevenValues, releasedSevenValuesStaged,
        AspisV5FriRelationCandidateBridge.dualWeightFoldLayer,
        AspisV5FriRelationCandidateBridge.dualWeightFoldValue,
        AspisV5ComponentCConcreteFoldLinearity.childIndex,
  ̵  ̵ ̵ ̵ ̵ ̵b0Exact, b1Exact, b2Exact, b3Exact,
  ̲  ̲ ̲ ̲ ̲ ̲b4Exact, b5Exact, b6Exact,
  ̵  ̵ ̵ ̵ ̵ ̵b7Exact, b8Exact, b9Exact, b10Exact, b11Exact, b12Exact, b13Exact,
        b14Exact, b15Exact,
  ̵  ̵ ̵ ̵ ̵ ̵V̵7̵C̵a̵l̵l̵e̵r̵C̵u̵r̵r̵e̵n̵t̵R̵e̵l̵e̵a̵s̵e̵R̵2̵6̵G̵r̵o̵u̵p̵e̵d̵M̵a̵s̵k̵F̵o̵r̵m̵u̵l̵a̵s̵.̵f̵o̵u̵r̵_̵n̵e̵_̵z̵e̵r̵o̵,̵
  ̵ ̵ ̵ ̵ ̵ ̵ ̵inverseFourSquareTimesSixteen, mulInverseFourSquareTimesSixteen]

Note: This linter can be disabled with `set_option linter.unusedSimpArgs false`
/home/dombarker/project-offloads/v7-r30-closure-20260930/bundle/proof-r26/V7CallerCurrentReleaseR26GroupedRowsTwiceSemantics.lean:231:6: warning: This simp argument is unused:
  inverseFourSquareTimesSixteen

Hint: Omit it from the simp argument list.
  simp [representedGroupedWeights, releasedRowGroups4, releasedRowGroups64,
  ̵  ̵ ̵ ̵ ̵ ̵releasedFourValues,
  ̲  ̲ ̲ ̲ ̲ ̲releasedSevenValues, releasedSevenValuesStaged,
        AspisV5FriRelationCandidateBridge.dualWeightFoldLayer,
        AspisV5FriRelationCandidateBridge.dualWeightFoldValue,
        AspisV5ComponentCConcreteFoldLinearity.childIndex,
  ̵  ̵ ̵ ̵ ̵ ̵b0Exact, b1Exact, b2Exact, b3Exact,
  ̲  ̲ ̲ ̲ ̲ ̲b4Exact, b5Exact, b6Exact,
  ̵  ̵ ̵ ̵ ̵ ̵b7Exact, b8Exact, b9Exact, b10Exact, b11Exact, b12Exact, b13Exact,
        b14Exact, b15Exact,
  ̵  ̵ ̵ ̵ ̵ ̵V7CallerCurrentReleaseR26GroupedMaskFormulas.four_ne_zero,
        i̵n̵v̵e̵r̵s̵e̵F̵o̵u̵r̵S̵q̵u̵a̵r̵e̵T̵i̵me̵s̵S̵i̵x̵t̵e̵e̵n̵,̵ ̵m̵ulInverseFourSquareTimesSixteen]

Note: This linter can be disabled with `set_option linter.unusedSimpArgs false`
/home/dombarker/project-offloads/v7-r30-closure-20260930/bundle/proof-r26/V7CallerCurrentReleaseR26GroupedRowsTwiceSemantics.lean:231:37: warning: This simp argument is unused:
  mulInverseFourSquareTimesSixteen

Hint: Omit it from the simp argument list.
  simp [representedGroupedWeights, releasedRowGroups4, releasedRowGroups64,
  ̵  ̵ ̵ ̵ ̵ ̵releasedFourValues,
  ̲  ̲ ̲ ̲ ̲ ̲releasedSevenValues, releasedSevenValuesStaged,
        AspisV5FriRelationCandidateBridge.dualWeightFoldLayer,
        AspisV5FriRelationCandidateBridge.dualWeightFoldValue,
        AspisV5ComponentCConcreteFoldLinearity.childIndex,
  ̵  ̵ ̵ ̵ ̵ ̵b0Exact, b1Exact, b2Exact, b3Exact,
  ̲  ̲ ̲ ̲ ̲ ̲b4Exact, b5Exact, b6Exact,
  ̵  ̵ ̵ ̵ ̵ ̵b7Exact, b8Exact, b9Exact, b10Exact, b11Exact, b12Exact, b13Exact,
        b14Exact, b15Exact,
  ̵  ̵ ̵ ̵ ̵ ̵V7CallerCurrentReleaseR26GroupedMaskFormulas.four_ne_zero,
        inverseFourSquareTimesSixteen,̵ ̵m̵u̵l̵I̵n̵v̵e̵r̵s̵e̵F̵o̵u̵r̵S̵q̵u̵a̵r̵e̵T̵i̵m̵e̵s̵S̵i̵x̵t̵e̵e̵n̵]

Note: This linter can be disabled with `set_option linter.unusedSimpArgs false`
/home/dombarker/project-offloads/v7-r30-closure-20260930/bundle/proof-r26/V7CallerCurrentReleaseR26GroupedRowsTwiceSemantics.lean:236:37: warning: This simp argument is unused:
  releasedRowGroups4

Hint: Omit it from the simp argument list.
  simp [representedGroupedWeights, r̵e̵l̵e̵a̵s̵e̵d̵R̵o̵w̵G̵r̵o̵u̵p̵s̵4̵,̵ ̵releasedRowGroups64, releasedFourValues, releasedSevenValues,
  ̲  ̲ ̲ ̲ ̲ ̲releasedSevenValuesStaged, AspisV5FriRelationCandidateBridge.dualWeightFoldLayer,
        AspisV5FriRelationCandidateBridge.dualWeightFoldValue,
        AspisV5ComponentCConcreteFoldLinearity.childIndex, b0Exact, b1Exact, b2Exact, b3Exact,
  ̲  ̲ ̲ ̲ ̲ ̲b4Exact, b5Exact, b6Exact, b7Exact, b8Exact, b9Exact, b10Exact, b11Exact, b12Exact, b13Exact,
        b14Exact, b15Exact, V7CallerCurrentReleaseR26GroupedMaskFormulas.four_ne_zero,
        inverseFourSquareTimesSixteen, mulInverseFourSquareTimesSixteen]

Note: This linter can be disabled with `set_option linter.unusedSimpArgs false`
/home/dombarker/project-offloads/v7-r30-closure-20260930/bundle/proof-r26/V7CallerCurrentReleaseR26GroupedRowsTwiceSemantics.lean:237:6: warning: This simp argument is unused:
  releasedFourValues

Hint: Omit it from the simp argument list.
  simp [representedGroupedWeights, releasedRowGroups4, releasedRowGroups64, r̵e̵l̵e̵a̵s̵e̵d̵F̵o̵u̵r̵V̵a̵l̵u̵e̵s̵,̵ ̵releasedSevenValues,
  ̲  ̲ ̲ ̲ ̲ ̲releasedSevenValuesStaged, AspisV5FriRelationCandidateBridge.dualWeightFoldLayer,
        AspisV5FriRelationCandidateBridge.dualWeightFoldValue,
        AspisV5ComponentCConcreteFoldLinearity.childIndex, b0Exact, b1Exact, b2Exact, b3Exact,
  ̲  ̲ ̲ ̲ ̲ ̲b4Exact, b5Exact, b6Exact, b7Exact, b8Exact, b9Exact, b10Exact, b11Exact, b12Exact, b13Exact,
        b14Exact, b15Exact, V7CallerCurrentReleaseR26GroupedMaskFormulas.four_ne_zero,
        inverseFourSquareTimesSixteen, mulInverseFourSquareTimesSixteen]

Note: This linter can be disabled with `set_option linter.unusedSimpArgs false`
/home/dombarker/project-offloads/v7-r30-closure-20260930/bundle/proof-r26/V7CallerCurrentReleaseR26GroupedRowsTwiceSemantics.lean:241:6: warning: This simp argument is unused:
  b0Exact

Hint: Omit it from the simp argument list.
  simp [representedGroupedWeights, releasedRowGroups4, releasedRowGroups64,
  ̵  ̵ ̵ ̵ ̵ ̵releasedFourValues,
  ̲  ̲ ̲ ̲ ̲ ̲releasedSevenValues, releasedSevenValuesStaged,
        AspisV5FriRelationCandidateBridge.dualWeightFoldLayer,
        AspisV5FriRelationCandidateBridge.dualWeightFoldValue,
        AspisV5ComponentCConcreteFoldLinearity.childIndex, ̲b̲1̲E̲x̲a̲c̲t̲,̲ ̲b̲2̲E̲x̲a̲c̲t̲,̲ ̲b̲3̲E̲x̲a̲c̲t̲,̲ ̲b̲4̲E̲x̲a̲c̲t̲,̲
        b0̵E̵x̵a̵c̵t̵,̵ ̵b̵1̵E̵x̵a̵c̵t̵,̵ ̵b̵2̵E̵x̵a̵c̵t̵,̵ ̵b̵3̵E̵x̵a̵c̵t̵,̵ ̵b̵4̵E̵x̵a̵c̵t̵,̵ ̵b̵5Exact, b6Exact,
  ̵  ̵ ̵ ̵ ̵ ̵b7Exact, b8Exact, b9Exact, b10Exact, b11Exact, b12Exact, b13Exact,
  ̵  ̵ ̵ ̵ ̵ ̵b14Exact,
  ̲  ̲ ̲ ̲ ̲ ̲b15Exact,
  ̵  ̵ ̵ ̵ ̵ ̵V7CallerCurrentReleaseR26GroupedMaskFormulas.four_ne_zero,
        inverseFourSquareTimesSixteen, mulInverseFourSquareTimesSixteen]

Note: This linter can be disabled with `set_option linter.unusedSimpArgs false`
/home/dombarker/project-offloads/v7-r30-closure-20260930/bundle/proof-r26/V7CallerCurrentReleaseR26GroupedRowsTwiceSemantics.lean:244:6: warning: This simp argument is unused:
  V7CallerCurrentReleaseR26GroupedMaskFormulas.four_ne_zero

Hint: Omit it from the simp argument list.
  simp [representedGroupedWeights, releasedRowGroups4, releasedRowGroups64,
  ̵  ̵ ̵ ̵ ̵ ̵releasedFourValues,
  ̲  ̲ ̲ ̲ ̲ ̲releasedSevenValues, releasedSevenValuesStaged,
        AspisV5FriRelationCandidateBridge.dualWeightFoldLayer,
        AspisV5FriRelationCandidateBridge.dualWeightFoldValue,
        AspisV5ComponentCConcreteFoldLinearity.childIndex,
  ̵  ̵ ̵ ̵ ̵ ̵b0Exact, b1Exact, b2Exact, b3Exact,
  ̲  ̲ ̲ ̲ ̲ ̲b4Exact, b5Exact, b6Exact,
  ̵  ̵ ̵ ̵ ̵ ̵b7Exact, b8Exact, b9Exact, b10Exact, b11Exact, b12Exact, b13Exact,
        b14Exact, b15Exact,
  ̵  ̵ ̵ ̵ ̵ ̵V̵7̵C̵a̵l̵l̵e̵r̵C̵u̵r̵r̵e̵n̵t̵R̵e̵l̵e̵a̵s̵e̵R̵2̵6̵G̵r̵o̵u̵p̵e̵d̵M̵a̵s̵k̵F̵o̵r̵m̵u̵l̵a̵s̵.̵f̵o̵u̵r̵_̵n̵e̵_̵z̵e̵r̵o̵,̵
  ̵ ̵ ̵ ̵ ̵ ̵ ̵inverseFourSquareTimesSixteen, mulInverseFourSquareTimesSixteen]

Note: This linter can be disabled with `set_option linter.unusedSimpArgs false`
/home/dombarker/project-offloads/v7-r30-closure-20260930/bundle/proof-r26/V7CallerCurrentReleaseR26GroupedRowsTwiceSemantics.lean:245:6: warning: This simp argument is unused:
  inverseFourSquareTimesSixteen

Hint: Omit it from the simp argument list.
  simp [representedGroupedWeights, releasedRowGroups4, releasedRowGroups64,
  ̵  ̵ ̵ ̵ ̵ ̵releasedFourValues,
  ̲  ̲ ̲ ̲ ̲ ̲releasedSevenValues, releasedSevenValuesStaged,
        AspisV5FriRelationCandidateBridge.dualWeightFoldLayer,
        AspisV5FriRelationCandidateBridge.dualWeightFoldValue,
        AspisV5ComponentCConcreteFoldLinearity.childIndex,
  ̵  ̵ ̵ ̵ ̵ ̵b0Exact, b1Exact, b2Exact, b3Exact,
  ̲  ̲ ̲ ̲ ̲ ̲b4Exact, b5Exact, b6Exact,
  ̵  ̵ ̵ ̵ ̵ ̵b7Exact, b8Exact, b9Exact, b10Exact, b11Exact, b12Exact, b13Exact,
        b14Exact, b15Exact,
  ̵  ̵ ̵ ̵ ̵ ̵V7CallerCurrentReleaseR26GroupedMaskFormulas.four_ne_zero,
        i̵n̵v̵e̵r̵s̵e̵F̵o̵u̵r̵S̵q̵u̵a̵r̵e̵T̵i̵me̵s̵S̵i̵x̵t̵e̵e̵n̵,̵ ̵m̵ulInverseFourSquareTimesSixteen]

Note: This linter can be disabled with `set_option linter.unusedSimpArgs false`
/home/dombarker/project-offloads/v7-r30-closure-20260930/bundle/proof-r26/V7CallerCurrentReleaseR26GroupedRowsTwiceSemantics.lean:245:37: warning: This simp argument is unused:
  mulInverseFourSquareTimesSixteen

Hint: Omit it from the simp argument list.
  simp [representedGroupedWeights, releasedRowGroups4, releasedRowGroups64,
  ̵  ̵ ̵ ̵ ̵ ̵releasedFourValues,
  ̲  ̲ ̲ ̲ ̲ ̲releasedSevenValues, releasedSevenValuesStaged,
        AspisV5FriRelationCandidateBridge.dualWeightFoldLayer,
        AspisV5FriRelationCandidateBridge.dualWeightFoldValue,
        AspisV5ComponentCConcreteFoldLinearity.childIndex,
  ̵  ̵ ̵ ̵ ̵ ̵b0Exact, b1Exact, b2Exact, b3Exact,
  ̲  ̲ ̲ ̲ ̲ ̲b4Exact, b5Exact, b6Exact,
  ̵  ̵ ̵ ̵ ̵ ̵b7Exact, b8Exact, b9Exact, b10Exact, b11Exact, b12Exact, b13Exact,
        b14Exact, b15Exact,
  ̵  ̵ ̵ ̵ ̵ ̵V7CallerCurrentReleaseR26GroupedMaskFormulas.four_ne_zero,
        inverseFourSquareTimesSixteen,̵ ̵m̵u̵l̵I̵n̵v̵e̵r̵s̵e̵F̵o̵u̵r̵S̵q̵u̵a̵r̵e̵T̵i̵m̵e̵s̵S̵i̵x̵t̵e̵e̵n̵]

Note: This linter can be disabled with `set_option linter.unusedSimpArgs false`
/home/dombarker/project-offloads/v7-r30-closure-20260930/bundle/proof-r26/V7CallerCurrentReleaseR26GroupedRowsTwiceSemantics.lean:204:75: warning: Used `tac1 <;> tac2` where `(tac1; tac2)` would suffice

Note: This linter can be disabled with `set_option linter.unnecessarySeqFocus false`
/home/dombarker/project-offloads/v7-r30-closure-20260930/bundle/proof-r26/V7CallerCurrentReleaseR26GroupedRowsTwiceSemantics.lean:218:75: warning: Used `tac1 <;> tac2` where `(tac1; tac2)` would suffice

Note: This linter can be disabled with `set_option linter.unnecessarySeqFocus false`
/home/dombarker/project-offloads/v7-r30-closure-20260930/bundle/proof-r26/V7CallerCurrentReleaseR26GroupedRowsTwiceSemantics.lean:232:75: warning: Used `tac1 <;> tac2` where `(tac1; tac2)` would suffice

Note: This linter can be disabled with `set_option linter.unnecessarySeqFocus false`
/home/dombarker/project-offloads/v7-r30-closure-20260930/bundle/proof-r26/V7CallerCurrentReleaseR26GroupedRowsTwiceSemantics.lean:246:75: warning: Used `tac1 <;> tac2` where `(tac1; tac2)` would suffice

Note: This linter can be disabled with `set_option linter.unnecessarySeqFocus false`
'V7CallerCurrentReleaseR26GroupedRowsTwiceSemantics.released_grouped_rows_twice_corresponds' depends on axioms: [propext,
 Classical.choice,
 Quot.sound]
RESULT target=V7CallerCurrentReleaseR26GroupedRowsTwiceSemantics exit=0 wall_s=11.89 peak_kib=7204464 swaps=0
START target=V7CallerCurrentReleaseR26TailGroupedTwoFoldSemantics source=proof-r26/V7CallerCurrentReleaseR26TailGroupedTwoFoldSemantics.lean
'V7CallerCurrentReleaseR26TailGroupedTwoFoldSemantics.tail_grouped_step_corresponds' depends on axioms: [propext,
 Classical.choice,
 Quot.sound]
RESULT target=V7CallerCurrentReleaseR26TailGroupedTwoFoldSemantics exit=0 wall_s=4.31 peak_kib=7111776 swaps=0
START target=V7CallerCurrentReleaseR26TailSixSemantics source=proof-r26/V7CallerCurrentReleaseR26TailSixSemantics.lean
'V7CallerCurrentReleaseR26TailSixSemantics.accepted_tail_six_components_correspond' depends on axioms: [propext,
 Classical.choice,
 Quot.sound]
RESULT target=V7CallerCurrentReleaseR26TailSixSemantics exit=0 wall_s=4.29 peak_kib=7111460 swaps=0
START target=V7CallerCurrentReleaseR26AcceptedWeightFoldSemantics source=proof-r26/V7CallerCurrentReleaseR26AcceptedWeightFoldSemantics.lean
'V7CallerCurrentReleaseR26AcceptedWeightFoldSemantics.accepted_weight_fold_corresponds' depends on axioms: [propext,
 Classical.choice,
 Quot.sound]
RESULT target=V7CallerCurrentReleaseR26AcceptedWeightFoldSemantics exit=0 wall_s=4.53 peak_kib=7135252 swaps=0
START target=V7CallerCurrentReleaseR26AcceptedWeightVectorSemantics source=proof-r26/V7CallerCurrentReleaseR26AcceptedWeightVectorSemantics.lean
'V7CallerCurrentReleaseR26AcceptedWeightVectorSemantics.accepted_weight_vector_corresponds' depends on axioms: [propext,
 Classical.choice,
 Quot.sound]
RESULT target=V7CallerCurrentReleaseR26AcceptedWeightVectorSemantics exit=0 wall_s=5.50 peak_kib=7136612 swaps=0
START target=V7CallerCurrentReleaseR26TerminalStructuredComponents source=proof-r26/V7CallerCurrentReleaseR26TerminalStructuredComponents.lean
/home/dombarker/project-offloads/v7-r30-closure-20260930/bundle/proof-r26/V7CallerCurrentReleaseR26TerminalStructuredComponents.lean:62:4: warning: try 'simp' instead of 'simpa'

Note: This linter can be disabled with `set_option linter.unnecessarySimpa false`
/home/dombarker/project-offloads/v7-r30-closure-20260930/bundle/proof-r26/V7CallerCurrentReleaseR26TerminalStructuredComponents.lean:76:4: warning: try 'simp' instead of 'simpa'

Note: This linter can be disabled with `set_option linter.unnecessarySimpa false`
/home/dombarker/project-offloads/v7-r30-closure-20260930/bundle/proof-r26/V7CallerCurrentReleaseR26TerminalStructuredComponents.lean:103:54: warning: try 'simp' instead of 'simpa'

Note: This linter can be disabled with `set_option linter.unnecessarySimpa false`
/home/dombarker/project-offloads/v7-r30-closure-20260930/bundle/proof-r26/V7CallerCurrentReleaseR26TerminalStructuredComponents.lean:105:54: warning: try 'simp' instead of 'simpa'

Note: This linter can be disabled with `set_option linter.unnecessarySimpa false`
/home/dombarker/project-offloads/v7-r30-closure-20260930/bundle/proof-r26/V7CallerCurrentReleaseR26TerminalStructuredComponents.lean:107:54: warning: try 'simp' instead of 'simpa'

Note: This linter can be disabled with `set_option linter.unnecessarySimpa false`
/home/dombarker/project-offloads/v7-r30-closure-20260930/bundle/proof-r26/V7CallerCurrentReleaseR26TerminalStructuredComponents.lean:109:54: warning: try 'simp' instead of 'simpa'

Note: This linter can be disabled with `set_option linter.unnecessarySimpa false`
/home/dombarker/project-offloads/v7-r30-closure-20260930/bundle/proof-r26/V7CallerCurrentReleaseR26TerminalStructuredComponents.lean:112:51: warning: try 'simp' instead of 'simpa'

Note: This linter can be disabled with `set_option linter.unnecessarySimpa false`
/home/dombarker/project-offloads/v7-r30-closure-20260930/bundle/proof-r26/V7CallerCurrentReleaseR26TerminalStructuredComponents.lean:115:51: warning: try 'simp' instead of 'simpa'

Note: This linter can be disabled with `set_option linter.unnecessarySimpa false`
/home/dombarker/project-offloads/v7-r30-closure-20260930/bundle/proof-r26/V7CallerCurrentReleaseR26TerminalStructuredComponents.lean:117:26: warning: try 'simp' instead of 'simpa'

Note: This linter can be disabled with `set_option linter.unnecessarySimpa false`
/home/dombarker/project-offloads/v7-r30-closure-20260930/bundle/proof-r26/V7CallerCurrentReleaseR26TerminalStructuredComponents.lean:119:26: warning: try 'simp' instead of 'simpa'

Note: This linter can be disabled with `set_option linter.unnecessarySimpa false`
/home/dombarker/project-offloads/v7-r30-closure-20260930/bundle/proof-r26/V7CallerCurrentReleaseR26TerminalStructuredComponents.lean:121:26: warning: try 'simp' instead of 'simpa'

Note: This linter can be disabled with `set_option linter.unnecessarySimpa false`
/home/dombarker/project-offloads/v7-r30-closure-20260930/bundle/proof-r26/V7CallerCurrentReleaseR26TerminalStructuredComponents.lean:123:26: warning: try 'simp' instead of 'simpa'

Note: This linter can be disabled with `set_option linter.unnecessarySimpa false`
/home/dombarker/project-offloads/v7-r30-closure-20260930/bundle/proof-r26/V7CallerCurrentReleaseR26TerminalStructuredComponents.lean:129:4: warning: try 'simp' instead of 'simpa'

Note: This linter can be disabled with `set_option linter.unnecessarySimpa false`
/home/dombarker/project-offloads/v7-r30-closure-20260930/bundle/proof-r26/V7CallerCurrentReleaseR26TerminalStructuredComponents.lean:133:4: warning: try 'simp' instead of 'simpa'

Note: This linter can be disabled with `set_option linter.unnecessarySimpa false`
/home/dombarker/project-offloads/v7-r30-closure-20260930/bundle/proof-r26/V7CallerCurrentReleaseR26TerminalStructuredComponents.lean:200:54: warning: try 'simp' instead of 'simpa'

Note: This linter can be disabled with `set_option linter.unnecessarySimpa false`
/home/dombarker/project-offloads/v7-r30-closure-20260930/bundle/proof-r26/V7CallerCurrentReleaseR26TerminalStructuredComponents.lean:202:54: warning: try 'simp' instead of 'simpa'

Note: This linter can be disabled with `set_option linter.unnecessarySimpa false`
/home/dombarker/project-offloads/v7-r30-closure-20260930/bundle/proof-r26/V7CallerCurrentReleaseR26TerminalStructuredComponents.lean:204:54: warning: try 'simp' instead of 'simpa'

Note: This linter can be disabled with `set_option linter.unnecessarySimpa false`
/home/dombarker/project-offloads/v7-r30-closure-20260930/bundle/proof-r26/V7CallerCurrentReleaseR26TerminalStructuredComponents.lean:206:54: warning: try 'simp' instead of 'simpa'

Note: This linter can be disabled with `set_option linter.unnecessarySimpa false`
/home/dombarker/project-offloads/v7-r30-closure-20260930/bundle/proof-r26/V7CallerCurrentReleaseR26TerminalStructuredComponents.lean:209:53: warning: try 'simp' instead of 'simpa'

Note: This linter can be disabled with `set_option linter.unnecessarySimpa false`
/home/dombarker/project-offloads/v7-r30-closure-20260930/bundle/proof-r26/V7CallerCurrentReleaseR26TerminalStructuredComponents.lean:212:53: warning: try 'simp' instead of 'simpa'

Note: This linter can be disabled with `set_option linter.unnecessarySimpa false`
/home/dombarker/project-offloads/v7-r30-closure-20260930/bundle/proof-r26/V7CallerCurrentReleaseR26TerminalStructuredComponents.lean:214:26: warning: try 'simp' instead of 'simpa'

Note: This linter can be disabled with `set_option linter.unnecessarySimpa false`
/home/dombarker/project-offloads/v7-r30-closure-20260930/bundle/proof-r26/V7CallerCurrentReleaseR26TerminalStructuredComponents.lean:216:26: warning: try 'simp' instead of 'simpa'

Note: This linter can be disabled with `set_option linter.unnecessarySimpa false`
/home/dombarker/project-offloads/v7-r30-closure-20260930/bundle/proof-r26/V7CallerCurrentReleaseR26TerminalStructuredComponents.lean:218:26: warning: try 'simp' instead of 'simpa'

Note: This linter can be disabled with `set_option linter.unnecessarySimpa false`
/home/dombarker/project-offloads/v7-r30-closure-20260930/bundle/proof-r26/V7CallerCurrentReleaseR26TerminalStructuredComponents.lean:220:26: warning: try 'simp' instead of 'simpa'

Note: This linter can be disabled with `set_option linter.unnecessarySimpa false`
/home/dombarker/project-offloads/v7-r30-closure-20260930/bundle/proof-r26/V7CallerCurrentReleaseR26TerminalStructuredComponents.lean:226:4: warning: try 'simp' instead of 'simpa'

Note: This linter can be disabled with `set_option linter.unnecessarySimpa false`
/home/dombarker/project-offloads/v7-r30-closure-20260930/bundle/proof-r26/V7CallerCurrentReleaseR26TerminalStructuredComponents.lean:230:4: warning: try 'simp' instead of 'simpa'

Note: This linter can be disabled with `set_option linter.unnecessarySimpa false`
'V7CallerCurrentReleaseR26TerminalStructuredComponents.dot_terminal_multilinear_corresponds' depends on axioms: [propext,
 Classical.choice,
 Quot.sound]
'V7CallerCurrentReleaseR26TerminalStructuredComponents.dot_terminal_tensor_corresponds' depends on axioms: [propext,
 Classical.choice,
 Quot.sound]
RESULT target=V7CallerCurrentReleaseR26TerminalStructuredComponents exit=0 wall_s=15.45 peak_kib=7139180 swaps=0
START target=V7CallerCurrentReleaseR26TerminalGroupedComponent source=proof-r26/V7CallerCurrentReleaseR26TerminalGroupedComponent.lean
/home/dombarker/project-offloads/v7-r30-closure-20260930/bundle/proof-r26/V7CallerCurrentReleaseR26TerminalGroupedComponent.lean:46:4: warning: try 'simp' instead of 'simpa'

Note: This linter can be disabled with `set_option linter.unnecessarySimpa false`
/home/dombarker/project-offloads/v7-r30-closure-20260930/bundle/proof-r26/V7CallerCurrentReleaseR26TerminalGroupedComponent.lean:171:54: warning: try 'simp' instead of 'simpa'

Note: This linter can be disabled with `set_option linter.unnecessarySimpa false`
/home/dombarker/project-offloads/v7-r30-closure-20260930/bundle/proof-r26/V7CallerCurrentReleaseR26TerminalGroupedComponent.lean:173:54: warning: try 'simp' instead of 'simpa'

Note: This linter can be disabled with `set_option linter.unnecessarySimpa false`
/home/dombarker/project-offloads/v7-r30-closure-20260930/bundle/proof-r26/V7CallerCurrentReleaseR26TerminalGroupedComponent.lean:175:54: warning: try 'simp' instead of 'simpa'

Note: This linter can be disabled with `set_option linter.unnecessarySimpa false`
/home/dombarker/project-offloads/v7-r30-closure-20260930/bundle/proof-r26/V7CallerCurrentReleaseR26TerminalGroupedComponent.lean:177:54: warning: try 'simp' instead of 'simpa'

Note: This linter can be disabled with `set_option linter.unnecessarySimpa false`
/home/dombarker/project-offloads/v7-r30-closure-20260930/bundle/proof-r26/V7CallerCurrentReleaseR26TerminalGroupedComponent.lean:179:26: warning: try 'simp' instead of 'simpa'

Note: This linter can be disabled with `set_option linter.unnecessarySimpa false`
/home/dombarker/project-offloads/v7-r30-closure-20260930/bundle/proof-r26/V7CallerCurrentReleaseR26TerminalGroupedComponent.lean:181:26: warning: try 'simp' instead of 'simpa'

Note: This linter can be disabled with `set_option linter.unnecessarySimpa false`
/home/dombarker/project-offloads/v7-r30-closure-20260930/bundle/proof-r26/V7CallerCurrentReleaseR26TerminalGroupedComponent.lean:183:26: warning: try 'simp' instead of 'simpa'

Note: This linter can be disabled with `set_option linter.unnecessarySimpa false`
/home/dombarker/project-offloads/v7-r30-closure-20260930/bundle/proof-r26/V7CallerCurrentReleaseR26TerminalGroupedComponent.lean:185:26: warning: try 'simp' instead of 'simpa'

Note: This linter can be disabled with `set_option linter.unnecessarySimpa false`
/home/dombarker/project-offloads/v7-r30-closure-20260930/bundle/proof-r26/V7CallerCurrentReleaseR26TerminalGroupedComponent.lean:217:10: warning: try 'simp' instead of 'simpa'

Note: This linter can be disabled with `set_option linter.unnecessarySimpa false`
/home/dombarker/project-offloads/v7-r30-closure-20260930/bundle/proof-r26/V7CallerCurrentReleaseR26TerminalGroupedComponent.lean:228:10: warning: try 'simp' instead of 'simpa'

Note: This linter can be disabled with `set_option linter.unnecessarySimpa false`
/home/dombarker/project-offloads/v7-r30-closure-20260930/bundle/proof-r26/V7CallerCurrentReleaseR26TerminalGroupedComponent.lean:239:10: warning: try 'simp' instead of 'simpa'

Note: This linter can be disabled with `set_option linter.unnecessarySimpa false`
/home/dombarker/project-offloads/v7-r30-closure-20260930/bundle/proof-r26/V7CallerCurrentReleaseR26TerminalGroupedComponent.lean:250:10: warning: try 'simp' instead of 'simpa'

Note: This linter can be disabled with `set_option linter.unnecessarySimpa false`
/home/dombarker/project-offloads/v7-r30-closure-20260930/bundle/proof-r26/V7CallerCurrentReleaseR26TerminalGroupedComponent.lean:263:8: warning: Try `simp at active` instead of `simpa using active`

Note: This linter can be disabled with `set_option linter.unnecessarySimpa false`
/home/dombarker/project-offloads/v7-r30-closure-20260930/bundle/proof-r26/V7CallerCurrentReleaseR26TerminalGroupedComponent.lean:222:15: warning: This simp argument is unused:
  bind_tc_ok

Hint: Omit it from the simp argument list.
  simp only ̵[̵b̵i̵n̵d̵_̵t̵c̵_̵o̵k̵]̵

Note: This linter can be disabled with `set_option linter.unusedSimpArgs false`
/home/dombarker/project-offloads/v7-r30-closure-20260930/bundle/proof-r26/V7CallerCurrentReleaseR26TerminalGroupedComponent.lean:233:15: warning: This simp argument is unused:
  bind_tc_ok

Hint: Omit it from the simp argument list.
  simp only ̵[̵b̵i̵n̵d̵_̵t̵c̵_̵o̵k̵]̵

Note: This linter can be disabled with `set_option linter.unusedSimpArgs false`
/home/dombarker/project-offloads/v7-r30-closure-20260930/bundle/proof-r26/V7CallerCurrentReleaseR26TerminalGroupedComponent.lean:244:15: warning: This simp argument is unused:
  bind_tc_ok

Hint: Omit it from the simp argument list.
  simp only ̵[̵b̵i̵n̵d̵_̵t̵c̵_̵o̵k̵]̵

Note: This linter can be disabled with `set_option linter.unusedSimpArgs false`
/home/dombarker/project-offloads/v7-r30-closure-20260930/bundle/proof-r26/V7CallerCurrentReleaseR26TerminalGroupedComponent.lean:255:15: warning: This simp argument is unused:
  bind_tc_ok

Hint: Omit it from the simp argument list.
  simp only ̵[̵b̵i̵n̵d̵_̵t̵c̵_̵o̵k̵]̵

Note: This linter can be disabled with `set_option linter.unusedSimpArgs false`
'V7CallerCurrentReleaseR26TerminalGroupedComponent.dot_terminal_released_grouped_corresponds' depends on axioms: [propext,
 Classical.choice,
 Quot.sound]
RESULT target=V7CallerCurrentReleaseR26TerminalGroupedComponent exit=0 wall_s=5.46 peak_kib=7142892 swaps=0
START target=V7CallerCurrentReleaseR26TerminalLineHalving source=proof-r26/V7CallerCurrentReleaseR26TerminalLineHalving.lean
/home/dombarker/project-offloads/v7-r30-closure-20260930/bundle/proof-r26/V7CallerCurrentReleaseR26TerminalLineHalving.lean:42:5: warning: Variable name `currentCanonical` is not explicitly referenced.

The binding can be removed (if unused) or named `_` (if used implicitly).

Note: This linter can be disabled with `set_option linter.unusedVariables false`
'V7CallerCurrentReleaseR26TerminalLineHalving.generated_halve_qm31_corresponds' depends on axioms: [propext,
 Classical.choice,
 Quot.sound]
RESULT target=V7CallerCurrentReleaseR26TerminalLineHalving exit=0 wall_s=4.29 peak_kib=7126284 swaps=0
START target=V7CallerCurrentReleaseR26TerminalLineClaim source=proof-r26/V7CallerCurrentReleaseR26TerminalLineClaim.lean
'V7CallerCurrentReleaseR26TerminalLineClaim.lineWeightAt_terminal_zero' depends on axioms: [propext,
 Classical.choice,
 Quot.sound]
'V7CallerCurrentReleaseR26TerminalLineClaim.lineWeightAt_terminal_one' depends on axioms: [propext,
 Classical.choice,
 Quot.sound]
'V7CallerCurrentReleaseR26TerminalLineClaim.lineWeightAt_terminal_two' depends on axioms: [propext,
 Classical.choice,
 Quot.sound]
'V7CallerCurrentReleaseR26TerminalLineClaim.lineWeightAt_terminal_three' depends on axioms: [propext,
 Classical.choice,
 Quot.sound]
RESULT target=V7CallerCurrentReleaseR26TerminalLineClaim exit=0 wall_s=4.36 peak_kib=7118368 swaps=0
START target=V7CallerCurrentReleaseR26TerminalLineReconstruction source=proof-r26/V7CallerCurrentReleaseR26TerminalLineReconstruction.lean
/home/dombarker/project-offloads/v7-r30-closure-20260930/bundle/proof-r26/V7CallerCurrentReleaseR26TerminalLineReconstruction.lean:48:4: warning: try 'simp' instead of 'simpa'

Note: This linter can be disabled with `set_option linter.unnecessarySimpa false`
'V7CallerCurrentReleaseR26TerminalLineReconstruction.generated_terminal_qm31_from_limbs_corresponds' depends on axioms: [propext,
 Classical.choice,
 Quot.sound]
RESULT target=V7CallerCurrentReleaseR26TerminalLineReconstruction exit=0 wall_s=3.92 peak_kib=7121512 swaps=0
START target=V7CallerCurrentReleaseR26TerminalLineAccumulator source=proof-r26/V7CallerCurrentReleaseR26TerminalLineAccumulator.lean
'V7CallerCurrentReleaseR26TerminalLineAccumulator.generated_line_scale_alignment_equal' depends on axioms: [propext,
 Classical.choice,
 Quot.sound]
'V7CallerCurrentReleaseR26TerminalLineAccumulator.generated_line_factors_correspond' depends on axioms: [propext,
 Classical.choice,
 Quot.sound]
'V7CallerCurrentReleaseR26TerminalLineAccumulator.canonical_scale_limb' depends on axioms: [propext, Quot.sound]
RESULT target=V7CallerCurrentReleaseR26TerminalLineAccumulator exit=0 wall_s=4.06 peak_kib=7124356 swaps=0
START target=V7CallerCurrentReleaseR26TerminalLineRawLoop source=proof-r26/V7CallerCurrentReleaseR26TerminalLineRawLoop.lean
'V7CallerCurrentReleaseR26TerminalLineRawLoop.generated_line_raw_slot_loop_corresponds' depends on axioms: [propext,
 Classical.choice,
 Quot.sound]
RESULT target=V7CallerCurrentReleaseR26TerminalLineRawLoop exit=0 wall_s=4.77 peak_kib=7139924 swaps=0
START target=V7CallerCurrentReleaseR26TerminalLineLimbLoop source=proof-r26/V7CallerCurrentReleaseR26TerminalLineLimbLoop.lean
'V7CallerCurrentReleaseR26TerminalLineLimbLoop.generated_line_limb_loop_corresponds' depends on axioms: [propext,
 Classical.choice,
 Quot.sound]
RESULT target=V7CallerCurrentReleaseR26TerminalLineLimbLoop exit=0 wall_s=4.44 peak_kib=7136308 swaps=0
START target=V7CallerCurrentReleaseR26TerminalLineFlushLimb source=proof-r26/V7CallerCurrentReleaseR26TerminalLineFlushLimb.lean
'V7CallerCurrentReleaseR26TerminalLineFlushLimb.generated_line_flush_limb_loop_corresponds' depends on axioms: [propext,
 Classical.choice,
 Quot.sound]
RESULT target=V7CallerCurrentReleaseR26TerminalLineFlushLimb exit=0 wall_s=5.53 peak_kib=7146780 swaps=0
START target=V7CallerCurrentReleaseR26TerminalLineFlush source=proof-r26/V7CallerCurrentReleaseR26TerminalLineFlush.lean
'V7CallerCurrentReleaseR26TerminalLineFlush.generated_line_flush_corresponds' depends on axioms: [propext,
 Classical.choice,
 Quot.sound]
RESULT target=V7CallerCurrentReleaseR26TerminalLineFlush exit=0 wall_s=4.30 peak_kib=7134340 swaps=0
START target=V7CallerCurrentReleaseR26TerminalLineStep source=proof-r26/V7CallerCurrentReleaseR26TerminalLineStep.lean
/home/dombarker/project-offloads/v7-r30-closure-20260930/bundle/proof-r26/V7CallerCurrentReleaseR26TerminalLineStep.lean:282:6: warning: try 'simp' instead of 'simpa'

Note: This linter can be disabled with `set_option linter.unnecessarySimpa false`
'V7CallerCurrentReleaseR26TerminalLineStep.scaleLimbs_canonical' depends on axioms: [propext,
 Classical.choice,
 Quot.sound]
'V7CallerCurrentReleaseR26TerminalLineStep.scaleLimbs_exact' depends on axioms: [propext, Classical.choice, Quot.sound]
'V7CallerCurrentReleaseR26TerminalLineStep.lineFactors_exact' depends on axioms: [propext, Classical.choice, Quot.sound]
'V7CallerCurrentReleaseR26TerminalLineStep.generated_accumulate_line_dot_corresponds' depends on axioms: [propext,
 Classical.choice,
 Quot.sound]
RESULT target=V7CallerCurrentReleaseR26TerminalLineStep exit=0 wall_s=4.90 peak_kib=7153892 swaps=0
START target=V7CallerCurrentReleaseR26TerminalLineBatch source=proof-r26/V7CallerCurrentReleaseR26TerminalLineBatch.lean
/home/dombarker/project-offloads/v7-r30-closure-20260930/bundle/proof-r26/V7CallerCurrentReleaseR26TerminalLineBatch.lean:157:15: warning: This simp argument is unused:
  Slice.len_val

Hint: Omit it from the simp argument list.
  simp only ̵[̵S̵l̵i̵c̵e̵.̵l̵e̵n̵_̵v̵a̵l̵]̵

Note: This linter can be disabled with `set_option linter.unusedSimpArgs false`
/home/dombarker/project-offloads/v7-r30-closure-20260930/bundle/proof-r26/V7CallerCurrentReleaseR26TerminalLineBatch.lean:266:17: warning: This simp argument is unused:
  Slice.len_val

Hint: Omit it from the simp argument list.
  simp only ̵[̵S̵l̵i̵c̵e̵.̵l̵e̵n̵_̵v̵a̵l̵]̵

Note: This linter can be disabled with `set_option linter.unusedSimpArgs false`
'V7CallerCurrentReleaseR26TerminalLineBatch.generated_terminal_line_batch_loop_corresponds' depends on axioms: [propext,
 Classical.choice,
 Quot.sound]
RESULT target=V7CallerCurrentReleaseR26TerminalLineBatch exit=0 wall_s=4.88 peak_kib=7140868 swaps=0
START target=V7CallerCurrentReleaseR26TerminalLineBatchZero source=proof-r26/V7CallerCurrentReleaseR26TerminalLineBatchZero.lean
'V7CallerCurrentReleaseR26TerminalLineBatchZero.zero_line_state' depends on axioms: [propext,
 Classical.choice,
 Quot.sound]
'V7CallerCurrentReleaseR26TerminalLineBatchZero.generated_terminal_line_batch_zero_corresponds' depends on axioms: [propext,
 Classical.choice,
 Quot.sound]
RESULT target=V7CallerCurrentReleaseR26TerminalLineBatchZero exit=0 wall_s=4.01 peak_kib=7133088 swaps=0
START target=V7CallerCurrentReleaseR26TerminalLineCoefficients source=proof-r26/V7CallerCurrentReleaseR26TerminalLineCoefficients.lean
'V7CallerCurrentReleaseR26TerminalLineCoefficients.generated_terminal_line_coefficients_correspond' depends on axioms: [propext,
 Classical.choice,
 Quot.sound]
RESULT target=V7CallerCurrentReleaseR26TerminalLineCoefficients exit=0 wall_s=4.62 peak_kib=7135624 swaps=0
START target=V7CallerCurrentReleaseR26TerminalLineArithmetic source=proof-r26/V7CallerCurrentReleaseR26TerminalLineArithmetic.lean
'V7CallerCurrentReleaseR26TerminalLineArithmetic.generated_terminal_line_arithmetic_corresponds' depends on axioms: [propext,
 Classical.choice,
 Quot.sound]
RESULT target=V7CallerCurrentReleaseR26TerminalLineArithmetic exit=0 wall_s=4.06 peak_kib=7123088 swaps=0
START target=V7CallerCurrentReleaseR26TerminalLineCoefficientIdentity source=proof-r26/V7CallerCurrentReleaseR26TerminalLineCoefficientIdentity.lean
'V7CallerCurrentReleaseR26TerminalLineCoefficientIdentity.terminal_exact_coefficient_natural_basis' depends on axioms: [propext,
 Classical.choice,
 Quot.sound]
RESULT target=V7CallerCurrentReleaseR26TerminalLineCoefficientIdentity exit=0 wall_s=11.75 peak_kib=7146720 swaps=0
START target=V7CallerCurrentReleaseR26TerminalLineModel source=proof-r26/V7CallerCurrentReleaseR26TerminalLineModel.lean
'V7CallerCurrentReleaseR26TerminalLineModel.mapped_terminal_exact_coefficient' depends on axioms: [propext,
 Classical.choice,
 Quot.sound]
'V7CallerCurrentReleaseR26TerminalLineModel.mapped_terminal_exact_dot' depends on axioms: [propext,
 Classical.choice,
 Quot.sound]
'V7CallerCurrentReleaseR26TerminalLineModel.terminal_line_halving_to_model' depends on axioms: [propext,
 Classical.choice,
 Quot.sound]
RESULT target=V7CallerCurrentReleaseR26TerminalLineModel exit=0 wall_s=6.06 peak_kib=7139812 swaps=0
START target=V7CallerCurrentReleaseR26TerminalLineSource source=proof-r26/V7CallerCurrentReleaseR26TerminalLineSource.lean
'V7CallerCurrentReleaseR26TerminalLineSource.generated_terminal_line_source_corresponds' depends on axioms: [propext,
 Classical.choice,
 Quot.sound]
RESULT target=V7CallerCurrentReleaseR26TerminalLineSource exit=0 wall_s=4.18 peak_kib=7123624 swaps=0
START target=V7CallerCurrentReleaseR26TerminalDotLineTraversal source=proof-r26/V7CallerCurrentReleaseR26TerminalDotLineTraversal.lean
/home/dombarker/project-offloads/v7-r30-closure-20260930/bundle/proof-r26/V7CallerCurrentReleaseR26TerminalDotLineTraversal.lean:42:4: warning: try 'simp' instead of 'simpa'

Note: This linter can be disabled with `set_option linter.unnecessarySimpa false`
/home/dombarker/project-offloads/v7-r30-closure-20260930/bundle/proof-r26/V7CallerCurrentReleaseR26TerminalDotLineTraversal.lean:155:19: warning: try 'simp' instead of 'simpa'

Note: This linter can be disabled with `set_option linter.unnecessarySimpa false`
/home/dombarker/project-offloads/v7-r30-closure-20260930/bundle/proof-r26/V7CallerCurrentReleaseR26TerminalDotLineTraversal.lean:162:19: warning: try 'simp' instead of 'simpa'

Note: This linter can be disabled with `set_option linter.unnecessarySimpa false`
/home/dombarker/project-offloads/v7-r30-closure-20260930/bundle/proof-r26/V7CallerCurrentReleaseR26TerminalDotLineTraversal.lean:169:19: warning: try 'simp' instead of 'simpa'

Note: This linter can be disabled with `set_option linter.unnecessarySimpa false`
/home/dombarker/project-offloads/v7-r30-closure-20260930/bundle/proof-r26/V7CallerCurrentReleaseR26TerminalDotLineTraversal.lean:176:19: warning: try 'simp' instead of 'simpa'

Note: This linter can be disabled with `set_option linter.unnecessarySimpa false`
/home/dombarker/project-offloads/v7-r30-closure-20260930/bundle/proof-r26/V7CallerCurrentReleaseR26TerminalDotLineTraversal.lean:183:19: warning: try 'simp' instead of 'simpa'

Note: This linter can be disabled with `set_option linter.unnecessarySimpa false`
/home/dombarker/project-offloads/v7-r30-closure-20260930/bundle/proof-r26/V7CallerCurrentReleaseR26TerminalDotLineTraversal.lean:190:19: warning: try 'simp' instead of 'simpa'

Note: This linter can be disabled with `set_option linter.unnecessarySimpa false`
/home/dombarker/project-offloads/v7-r30-closure-20260930/bundle/proof-r26/V7CallerCurrentReleaseR26TerminalDotLineTraversal.lean:154:15: warning: This simp argument is unused:
  alloc.vec.Vec.len_val

Hint: Omit it from the simp argument list.
  simp only ̵[̵a̵l̵l̵o̵c̵.̵v̵e̵c̵.̵V̵e̵c̵.̵l̵e̵n̵_̵v̵a̵l̵]̵

Note: This linter can be disabled with `set_option linter.unusedSimpArgs false`
/home/dombarker/project-offloads/v7-r30-closure-20260930/bundle/proof-r26/V7CallerCurrentReleaseR26TerminalDotLineTraversal.lean:161:15: warning: This simp argument is unused:
  alloc.vec.Vec.len_val

Hint: Omit it from the simp argument list.
  simp only ̵[̵a̵l̵l̵o̵c̵.̵v̵e̵c̵.̵V̵e̵c̵.̵l̵e̵n̵_̵v̵a̵l̵]̵

Note: This linter can be disabled with `set_option linter.unusedSimpArgs false`
/home/dombarker/project-offloads/v7-r30-closure-20260930/bundle/proof-r26/V7CallerCurrentReleaseR26TerminalDotLineTraversal.lean:168:15: warning: This simp argument is unused:
  alloc.vec.Vec.len_val

Hint: Omit it from the simp argument list.
  simp only ̵[̵a̵l̵l̵o̵c̵.̵v̵e̵c̵.̵V̵e̵c̵.̵l̵e̵n̵_̵v̵a̵l̵]̵

Note: This linter can be disabled with `set_option linter.unusedSimpArgs false`
/home/dombarker/project-offloads/v7-r30-closure-20260930/bundle/proof-r26/V7CallerCurrentReleaseR26TerminalDotLineTraversal.lean:175:15: warning: This simp argument is unused:
  alloc.vec.Vec.len_val

Hint: Omit it from the simp argument list.
  simp only ̵[̵a̵l̵l̵o̵c̵.̵v̵e̵c̵.̵V̵e̵c̵.̵l̵e̵n̵_̵v̵a̵l̵]̵

Note: This linter can be disabled with `set_option linter.unusedSimpArgs false`
/home/dombarker/project-offloads/v7-r30-closure-20260930/bundle/proof-r26/V7CallerCurrentReleaseR26TerminalDotLineTraversal.lean:182:15: warning: This simp argument is unused:
  alloc.vec.Vec.len_val

Hint: Omit it from the simp argument list.
  simp only ̵[̵a̵l̵l̵o̵c̵.̵v̵e̵c̵.̵V̵e̵c̵.̵l̵e̵n̵_̵v̵a̵l̵]̵

Note: This linter can be disabled with `set_option linter.unusedSimpArgs false`
/home/dombarker/project-offloads/v7-r30-closure-20260930/bundle/proof-r26/V7CallerCurrentReleaseR26TerminalDotLineTraversal.lean:189:15: warning: This simp argument is unused:
  alloc.vec.Vec.len_val

Hint: Omit it from the simp argument list.
  simp only ̵[̵a̵l̵l̵o̵c̵.̵v̵e̵c̵.̵V̵e̵c̵.̵l̵e̵n̵_̵v̵a̵l̵]̵

Note: This linter can be disabled with `set_option linter.unusedSimpArgs false`
/home/dombarker/project-offloads/v7-r30-closure-20260930/bundle/proof-r26/V7CallerCurrentReleaseR26TerminalDotLineTraversal.lean:212:13: warning: This simp argument is unused:
  bind_tc_ok

Hint: Omit it from the simp argument list.
  simp only ̵[̵b̵i̵n̵d̵_̵t̵c̵_̵o̵k̵]̵

Note: This linter can be disabled with `set_option linter.unusedSimpArgs false`
/home/dombarker/project-offloads/v7-r30-closure-20260930/bundle/proof-r26/V7CallerCurrentReleaseR26TerminalDotLineTraversal.lean:216:13: warning: This simp argument is unused:
  bind_tc_ok

Hint: Omit it from the simp argument list.
  simp only ̵[̵b̵i̵n̵d̵_̵t̵c̵_̵o̵k̵]̵

Note: This linter can be disabled with `set_option linter.unusedSimpArgs false`
/home/dombarker/project-offloads/v7-r30-closure-20260930/bundle/proof-r26/V7CallerCurrentReleaseR26TerminalDotLineTraversal.lean:220:13: warning: This simp argument is unused:
  bind_tc_ok

Hint: Omit it from the simp argument list.
  simp only ̵[̵b̵i̵n̵d̵_̵t̵c̵_̵o̵k̵]̵

Note: This linter can be disabled with `set_option linter.unusedSimpArgs false`
/home/dombarker/project-offloads/v7-r30-closure-20260930/bundle/proof-r26/V7CallerCurrentReleaseR26TerminalDotLineTraversal.lean:224:13: warning: This simp argument is unused:
  bind_tc_ok

Hint: Omit it from the simp argument list.
  simp only ̵[̵b̵i̵n̵d̵_̵t̵c̵_̵o̵k̵]̵

Note: This linter can be disabled with `set_option linter.unusedSimpArgs false`
/home/dombarker/project-offloads/v7-r30-closure-20260930/bundle/proof-r26/V7CallerCurrentReleaseR26TerminalDotLineTraversal.lean:228:13: warning: This simp argument is unused:
  bind_tc_ok

Hint: Omit it from the simp argument list.
  simp only ̵[̵b̵i̵n̵d̵_̵t̵c̵_̵o̵k̵]̵

Note: This linter can be disabled with `set_option linter.unusedSimpArgs false`
/home/dombarker/project-offloads/v7-r30-closure-20260930/bundle/proof-r26/V7CallerCurrentReleaseR26TerminalDotLineTraversal.lean:232:13: warning: This simp argument is unused:
  bind_tc_ok

Hint: Omit it from the simp argument list.
  simp only ̵[̵b̵i̵n̵d̵_̵t̵c̵_̵o̵k̵]̵

Note: This linter can be disabled with `set_option linter.unusedSimpArgs false`
/home/dombarker/project-offloads/v7-r30-closure-20260930/bundle/proof-r26/V7CallerCurrentReleaseR26TerminalDotLineTraversal.lean:297:19: warning: try 'simp' instead of 'simpa'

Note: This linter can be disabled with `set_option linter.unnecessarySimpa false`
/home/dombarker/project-offloads/v7-r30-closure-20260930/bundle/proof-r26/V7CallerCurrentReleaseR26TerminalDotLineTraversal.lean:305:19: warning: try 'simp' instead of 'simpa'

Note: This linter can be disabled with `set_option linter.unnecessarySimpa false`
/home/dombarker/project-offloads/v7-r30-closure-20260930/bundle/proof-r26/V7CallerCurrentReleaseR26TerminalDotLineTraversal.lean:313:19: warning: try 'simp' instead of 'simpa'

Note: This linter can be disabled with `set_option linter.unnecessarySimpa false`
/home/dombarker/project-offloads/v7-r30-closure-20260930/bundle/proof-r26/V7CallerCurrentReleaseR26TerminalDotLineTraversal.lean:321:19: warning: try 'simp' instead of 'simpa'

Note: This linter can be disabled with `set_option linter.unnecessarySimpa false`
/home/dombarker/project-offloads/v7-r30-closure-20260930/bundle/proof-r26/V7CallerCurrentReleaseR26TerminalDotLineTraversal.lean:329:19: warning: try 'simp' instead of 'simpa'

Note: This linter can be disabled with `set_option linter.unnecessarySimpa false`
/home/dombarker/project-offloads/v7-r30-closure-20260930/bundle/proof-r26/V7CallerCurrentReleaseR26TerminalDotLineTraversal.lean:337:19: warning: try 'simp' instead of 'simpa'

Note: This linter can be disabled with `set_option linter.unnecessarySimpa false`
/home/dombarker/project-offloads/v7-r30-closure-20260930/bundle/proof-r26/V7CallerCurrentReleaseR26TerminalDotLineTraversal.lean:351:13: warning: This simp argument is unused:
  bind_tc_ok

Hint: Omit it from the simp argument list.
  simp only ̵[̵b̵i̵n̵d̵_̵t̵c̵_̵o̵k̵]̵

Note: This linter can be disabled with `set_option linter.unusedSimpArgs false`
/home/dombarker/project-offloads/v7-r30-closure-20260930/bundle/proof-r26/V7CallerCurrentReleaseR26TerminalDotLineTraversal.lean:355:13: warning: This simp argument is unused:
  bind_tc_ok

Hint: Omit it from the simp argument list.
  simp only ̵[̵b̵i̵n̵d̵_̵t̵c̵_̵o̵k̵]̵

Note: This linter can be disabled with `set_option linter.unusedSimpArgs false`
/home/dombarker/project-offloads/v7-r30-closure-20260930/bundle/proof-r26/V7CallerCurrentReleaseR26TerminalDotLineTraversal.lean:359:13: warning: This simp argument is unused:
  bind_tc_ok

Hint: Omit it from the simp argument list.
  simp only ̵[̵b̵i̵n̵d̵_̵t̵c̵_̵o̵k̵]̵

Note: This linter can be disabled with `set_option linter.unusedSimpArgs false`
/home/dombarker/project-offloads/v7-r30-closure-20260930/bundle/proof-r26/V7CallerCurrentReleaseR26TerminalDotLineTraversal.lean:363:13: warning: This simp argument is unused:
  bind_tc_ok

Hint: Omit it from the simp argument list.
  simp only ̵[̵b̵i̵n̵d̵_̵t̵c̵_̵o̵k̵]̵

Note: This linter can be disabled with `set_option linter.unusedSimpArgs false`
/home/dombarker/project-offloads/v7-r30-closure-20260930/bundle/proof-r26/V7CallerCurrentReleaseR26TerminalDotLineTraversal.lean:367:13: warning: This simp argument is unused:
  bind_tc_ok

Hint: Omit it from the simp argument list.
  simp only ̵[̵b̵i̵n̵d̵_̵t̵c̵_̵o̵k̵]̵

Note: This linter can be disabled with `set_option linter.unusedSimpArgs false`
/home/dombarker/project-offloads/v7-r30-closure-20260930/bundle/proof-r26/V7CallerCurrentReleaseR26TerminalDotLineTraversal.lean:371:13: warning: This simp argument is unused:
  bind_tc_ok

Hint: Omit it from the simp argument list.
  simp only ̵[̵b̵i̵n̵d̵_̵t̵c̵_̵o̵k̵]̵

Note: This linter can be disabled with `set_option linter.unusedSimpArgs false`
'V7CallerCurrentReleaseR26TerminalDotLineTraversal.dot_max_deferred_six' depends on axioms: [propext,
 Classical.choice,
 Quot.sound]
'V7CallerCurrentReleaseR26TerminalDotLineTraversal.dot_accumulate_line_six' depends on axioms: [propext,
 Classical.choice,
 Quot.sound]
RESULT target=V7CallerCurrentReleaseR26TerminalDotLineTraversal exit=0 wall_s=5.25 peak_kib=7155284 swaps=0
START target=V7CallerCurrentReleaseR26TerminalDotComponents source=proof-r26/V7CallerCurrentReleaseR26TerminalDotComponents.lean
/home/dombarker/project-offloads/v7-r30-closure-20260930/bundle/proof-r26/V7CallerCurrentReleaseR26TerminalDotComponents.lean:248:15: warning: This simp argument is unused:
  bind_tc_ok

Hint: Omit it from the simp argument list.
  simp only ̵[̵b̵i̵n̵d̵_̵t̵c̵_̵o̵k̵]̵

Note: This linter can be disabled with `set_option linter.unusedSimpArgs false`
/home/dombarker/project-offloads/v7-r30-closure-20260930/bundle/proof-r26/V7CallerCurrentReleaseR26TerminalDotComponents.lean:252:15: warning: This simp argument is unused:
  bind_tc_ok

Hint: Omit it from the simp argument list.
  simp only ̵[̵b̵i̵n̵d̵_̵t̵c̵_̵o̵k̵]̵

Note: This linter can be disabled with `set_option linter.unusedSimpArgs false`
/home/dombarker/project-offloads/v7-r30-closure-20260930/bundle/proof-r26/V7CallerCurrentReleaseR26TerminalDotComponents.lean:256:15: warning: This simp argument is unused:
  bind_tc_ok

Hint: Omit it from the simp argument list.
  simp only ̵[̵b̵i̵n̵d̵_̵t̵c̵_̵o̵k̵]̵

Note: This linter can be disabled with `set_option linter.unusedSimpArgs false`
/home/dombarker/project-offloads/v7-r30-closure-20260930/bundle/proof-r26/V7CallerCurrentReleaseR26TerminalDotComponents.lean:260:15: warning: This simp argument is unused:
  bind_tc_ok

Hint: Omit it from the simp argument list.
  simp only ̵[̵b̵i̵n̵d̵_̵t̵c̵_̵o̵k̵]̵

Note: This linter can be disabled with `set_option linter.unusedSimpArgs false`
/home/dombarker/project-offloads/v7-r30-closure-20260930/bundle/proof-r26/V7CallerCurrentReleaseR26TerminalDotComponents.lean:264:15: warning: This simp argument is unused:
  bind_tc_ok

Hint: Omit it from the simp argument list.
  simp only ̵[̵b̵i̵n̵d̵_̵t̵c̵_̵o̵k̵]̵

Note: This linter can be disabled with `set_option linter.unusedSimpArgs false`
/home/dombarker/project-offloads/v7-r30-closure-20260930/bundle/proof-r26/V7CallerCurrentReleaseR26TerminalDotComponents.lean:268:15: warning: This simp argument is unused:
  bind_tc_ok

Hint: Omit it from the simp argument list.
  simp only ̵[̵b̵i̵n̵d̵_̵t̵c̵_̵o̵k̵]̵

Note: This linter can be disabled with `set_option linter.unusedSimpArgs false`
'V7CallerCurrentReleaseR26TerminalDotComponents.dot_terminal_six_corresponds' depends on axioms: [propext,
 Classical.choice,
 Quot.sound]
RESULT target=V7CallerCurrentReleaseR26TerminalDotComponents exit=0 wall_s=5.04 peak_kib=7150360 swaps=0
START target=V7CallerCurrentReleaseR26TerminalDotModelIdentity source=proof-r26/V7CallerCurrentReleaseR26TerminalDotModelIdentity.lean
/home/dombarker/project-offloads/v7-r30-closure-20260930/bundle/proof-r26/V7CallerCurrentReleaseR26TerminalDotModelIdentity.lean:47:29: warning: try 'simp' instead of 'simpa'

Note: This linter can be disabled with `set_option linter.unnecessarySimpa false`
/home/dombarker/project-offloads/v7-r30-closure-20260930/bundle/proof-r26/V7CallerCurrentReleaseR26TerminalDotModelIdentity.lean:48:29: warning: try 'simp' instead of 'simpa'

Note: This linter can be disabled with `set_option linter.unnecessarySimpa false`
/home/dombarker/project-offloads/v7-r30-closure-20260930/bundle/proof-r26/V7CallerCurrentReleaseR26TerminalDotModelIdentity.lean:49:29: warning: try 'simp' instead of 'simpa'

Note: This linter can be disabled with `set_option linter.unnecessarySimpa false`
/home/dombarker/project-offloads/v7-r30-closure-20260930/bundle/proof-r26/V7CallerCurrentReleaseR26TerminalDotModelIdentity.lean:50:29: warning: try 'simp' instead of 'simpa'

Note: This linter can be disabled with `set_option linter.unnecessarySimpa false`
/home/dombarker/project-offloads/v7-r30-closure-20260930/bundle/proof-r26/V7CallerCurrentReleaseR26TerminalDotModelIdentity.lean:74:4: warning: try 'simp' instead of 'simpa'

Note: This linter can be disabled with `set_option linter.unnecessarySimpa false`
/home/dombarker/project-offloads/v7-r30-closure-20260930/bundle/proof-r26/V7CallerCurrentReleaseR26TerminalDotModelIdentity.lean:87:6: warning: try 'simp' instead of 'simpa'

Note: This linter can be disabled with `set_option linter.unnecessarySimpa false`
/home/dombarker/project-offloads/v7-r30-closure-20260930/bundle/proof-r26/V7CallerCurrentReleaseR26TerminalDotModelIdentity.lean:90:6: warning: try 'simp' instead of 'simpa'

Note: This linter can be disabled with `set_option linter.unnecessarySimpa false`
'V7CallerCurrentReleaseR26TerminalDotModelIdentity.terminal_value_array_canonical' depends on axioms: [propext,
 Classical.choice,
 Quot.sound]
'V7CallerCurrentReleaseR26TerminalDotModelIdentity.terminal_value_read' depends on axioms: [propext,
 Classical.choice,
 Quot.sound]
'V7CallerCurrentReleaseR26TerminalDotModelIdentity.vec_two_exact' depends on axioms: [propext,
 Classical.choice,
 Quot.sound]
'V7CallerCurrentReleaseR26TerminalDotModelIdentity.terminal_six_sum_eq_candidate' depends on axioms: [propext,
 Classical.choice,
 Quot.sound]
RESULT target=V7CallerCurrentReleaseR26TerminalDotModelIdentity exit=0 wall_s=9.78 peak_kib=7146912 swaps=0
START target=V7CallerCurrentReleaseR26TerminalDotSource source=proof-r26/V7CallerCurrentReleaseR26TerminalDotSource.lean
/home/dombarker/project-offloads/v7-r30-closure-20260930/bundle/proof-r26/V7CallerCurrentReleaseR26TerminalDotSource.lean:57:4: warning: try 'simp' instead of 'simpa'

Note: This linter can be disabled with `set_option linter.unnecessarySimpa false`
/home/dombarker/project-offloads/v7-r30-closure-20260930/bundle/proof-r26/V7CallerCurrentReleaseR26TerminalDotSource.lean:233:4: warning: try 'simp' instead of 'simpa'

Note: This linter can be disabled with `set_option linter.unnecessarySimpa false`
/home/dombarker/project-offloads/v7-r30-closure-20260930/bundle/proof-r26/V7CallerCurrentReleaseR26TerminalDotSource.lean:235:4: warning: try 'simp' instead of 'simpa'

Note: This linter can be disabled with `set_option linter.unnecessarySimpa false`
/home/dombarker/project-offloads/v7-r30-closure-20260930/bundle/proof-r26/V7CallerCurrentReleaseR26TerminalDotSource.lean:237:4: warning: try 'simp' instead of 'simpa'

Note: This linter can be disabled with `set_option linter.unnecessarySimpa false`
/home/dombarker/project-offloads/v7-r30-closure-20260930/bundle/proof-r26/V7CallerCurrentReleaseR26TerminalDotSource.lean:239:4: warning: try 'simp' instead of 'simpa'

Note: This linter can be disabled with `set_option linter.unnecessarySimpa false`
'V7CallerCurrentReleaseR26TerminalDotSource.accepted_terminal_dot_corresponds' depends on axioms: [propext,
 Classical.choice,
 Quot.sound]
RESULT target=V7CallerCurrentReleaseR26TerminalDotSource exit=0 wall_s=15.59 peak_kib=7176992 swaps=0
START target=V7CallerCurrentReleaseR26RelationEvaluatorSemantics source=proof-r26/V7CallerCurrentReleaseR26RelationEvaluatorSemantics.lean
'V7CallerCurrentReleaseR26RelationEvaluatorSemantics.generated_evaluate_eq_horner7_program' depends on axioms: [propext,
 Classical.choice,
 Quot.sound]
'V7CallerCurrentReleaseR26RelationEvaluatorSemantics.generated_boundary_success_exact' depends on axioms: [propext,
 Classical.choice,
 Quot.sound]
'V7CallerCurrentReleaseR26RelationEvaluatorSemantics.generated_evaluate_success_exact' depends on axioms: [propext,
 Classical.choice,
 Quot.sound]
'V7CallerCurrentReleaseR26RelationEvaluatorSemantics.generated_evaluate_success_relationPolynomial' depends on axioms: [propext,
 Classical.choice,
 Quot.sound]
RESULT target=V7CallerCurrentReleaseR26RelationEvaluatorSemantics exit=0 wall_s=5.58 peak_kib=6912956 swaps=0
START target=V7CallerCurrentReleaseR26RelationDecodeSemantics source=proof-r26/V7CallerCurrentReleaseR26RelationDecodeSemantics.lean
'V7CallerCurrentReleaseR26RelationDecodeSemantics.sourceQuarter_mul_four' depends on axioms: [propext,
 Classical.choice,
 Quot.sound]
'V7CallerCurrentReleaseR26RelationDecodeSemantics.decode_compact_relation_polynomial_exact' depends on axioms: [propext,
 Classical.choice,
 Quot.sound]
'V7CallerCurrentReleaseR26RelationDecodeSemantics.sourceQm31ToModel_relationPolynomial_eval' depends on axioms: [propext,
 Classical.choice,
 Quot.sound]
'V7CallerCurrentReleaseR26RelationDecodeSemantics.decode_and_evaluate_exact' depends on axioms: [propext,
 Classical.choice,
 Quot.sound]
RESULT target=V7CallerCurrentReleaseR26RelationDecodeSemantics exit=0 wall_s=10.17 peak_kib=7110744 swaps=0
START target=V7CallerCurrentReleaseR26AcceptedTailArithmetic source=proof-r26/V7CallerCurrentReleaseR26AcceptedTailArithmetic.lean
/home/dombarker/project-offloads/v7-r30-closure-20260930/bundle/proof-r26/V7CallerCurrentReleaseR26AcceptedTailArithmetic.lean:46:4: warning: try 'simp' instead of 'simpa'

Note: This linter can be disabled with `set_option linter.unnecessarySimpa false`
'V7CallerCurrentReleaseR26AcceptedTailArithmetic.RoundOneSourceStep.runningClaimAfter_exact' depends on axioms: [propext,
 Classical.choice,
 Quot.sound]
'V7CallerCurrentReleaseR26AcceptedTailArithmetic.RoundTwoSourceStep.runningClaimAfter_exact' depends on axioms: [propext,
 Classical.choice,
 Quot.sound]
'V7CallerCurrentReleaseR26AcceptedTailArithmetic.RoundThreeSourceStep.runningClaimAfter_exact' depends on axioms: [propext,
 Classical.choice,
 Quot.sound]
'V7CallerCurrentReleaseR26AcceptedTailArithmetic.RoundOneSourceStep.runningClaimAfter_model_exact' depends on axioms: [propext,
 Classical.choice,
 Quot.sound]
'V7CallerCurrentReleaseR26AcceptedTailArithmetic.RoundTwoSourceStep.runningClaimAfter_model_exact' depends on axioms: [propext,
 Classical.choice,
 Quot.sound]
'V7CallerCurrentReleaseR26AcceptedTailArithmetic.RoundThreeSourceStep.runningClaimAfter_model_exact' depends on axioms: [propext,
 Classical.choice,
 Quot.sound]
RESULT target=V7CallerCurrentReleaseR26AcceptedTailArithmetic exit=0 wall_s=4.18 peak_kib=7088224 swaps=0
START target=V7CallerCurrentReleaseR26AcceptedTailComposition source=proof-r26/V7CallerCurrentReleaseR26AcceptedTailComposition.lean
RESULT target=V7CallerCurrentReleaseR26AcceptedTailComposition exit=0 wall_s=2.20 peak_kib=2553436 swaps=0
START target=V7CallerCurrentReleaseR26FoldValuesPrefixSemantics source=proof-r26/V7CallerCurrentReleaseR26FoldValuesPrefixSemantics.lean
'V7CallerCurrentReleaseR26FoldValuesPrefixSemantics.fold_values_prefix_exact' depends on axioms: [propext,
 Classical.choice,
 Quot.sound]
RESULT target=V7CallerCurrentReleaseR26FoldValuesPrefixSemantics exit=0 wall_s=4.53 peak_kib=2709648 swaps=0
START target=V7CallerCurrentReleaseR26K1FoldValuesPrefixBridge source=proof-r26/V7CallerCurrentReleaseR26K1FoldValuesPrefixBridge.lean
'V7CallerCurrentReleaseR26K1FoldValuesPrefixBridge.coefficientFoldAt_model_eq_layer' depends on axioms: [propext,
 Classical.choice,
 Quot.sound]
'V7CallerCurrentReleaseR26K1FoldValuesPrefixBridge.fold_values_prefix_equals_model_layer' depends on axioms: [propext,
 Classical.choice,
 Quot.sound]
'V7CallerCurrentReleaseR26K1FoldValuesPrefixBridge.fold_values_prefix_256_equals_model_layer' depends on axioms: [propext,
 Classical.choice,
 Quot.sound]
'V7CallerCurrentReleaseR26K1FoldValuesPrefixBridge.fold_values_prefix_64_equals_model_layer' depends on axioms: [propext,
 Classical.choice,
 Quot.sound]
'V7CallerCurrentReleaseR26K1FoldValuesPrefixBridge.fold_values_prefix_16_equals_model_layer' depends on axioms: [propext,
 Classical.choice,
 Quot.sound]
RESULT target=V7CallerCurrentReleaseR26K1FoldValuesPrefixBridge exit=0 wall_s=27.70 peak_kib=7088824 swaps=0
START target=V7CallerCurrentReleaseR26AcceptedRelationRoundsSemantics source=proof-r26/V7CallerCurrentReleaseR26AcceptedRelationRoundsSemantics.lean
/home/dombarker/project-offloads/v7-r30-closure-20260930/bundle/proof-r26/V7CallerCurrentReleaseR26AcceptedRelationRoundsSemantics.lean:50:4: warning: try 'simp' instead of 'simpa'

Note: This linter can be disabled with `set_option linter.unnecessarySimpa false`
'V7CallerCurrentReleaseR26AcceptedRelationRoundsSemantics.accepted_relation_rounds_correspond' depends on axioms: [propext,
 Classical.choice,
 Quot.sound]
RESULT target=V7CallerCurrentReleaseR26AcceptedRelationRoundsSemantics exit=0 wall_s=5.08 peak_kib=7110980 swaps=0
START target=V7CallerCurrentReleaseR26TerminalPrefixSemantics source=proof-r26/V7CallerCurrentReleaseR26TerminalPrefixSemantics.lean
/home/dombarker/project-offloads/v7-r30-closure-20260930/bundle/proof-r26/V7CallerCurrentReleaseR26TerminalPrefixSemantics.lean:81:12: warning: This simp argument is unused:
  listBound

Hint: Omit it from the simp argument list.
  simp ̵[̵l̵i̵s̵t̵B̵o̵u̵n̵d̵]̵

Note: This linter can be disabled with `set_option linter.unusedSimpArgs false`
/home/dombarker/project-offloads/v7-r30-closure-20260930/bundle/proof-r26/V7CallerCurrentReleaseR26TerminalPrefixSemantics.lean:100:12: warning: This simp argument is unused:
  takeBound

Hint: Omit it from the simp argument list.
  simp ̵[̵t̵a̵k̵e̵B̵o̵u̵n̵d̵]̵

Note: This linter can be disabled with `set_option linter.unusedSimpArgs false`
/home/dombarker/project-offloads/v7-r30-closure-20260930/bundle/proof-r26/V7CallerCurrentReleaseR26TerminalPrefixSemantics.lean:110:12: warning: This simp argument is unused:
  listBound

Hint: Omit it from the simp argument list.
  simp ̵[̵l̵i̵s̵t̵B̵o̵u̵n̵d̵]̵

Note: This linter can be disabled with `set_option linter.unusedSimpArgs false`
'V7CallerCurrentReleaseR26TerminalPrefixSemantics.terminal_prefix_corresponds' depends on axioms: [propext,
 Classical.choice,
 Quot.sound]
RESULT target=V7CallerCurrentReleaseR26TerminalPrefixSemantics exit=0 wall_s=4.05 peak_kib=7147552 swaps=0
START target=V7CallerCurrentReleaseR26AcceptedRelationWeightSemantics source=proof-r26/V7CallerCurrentReleaseR26AcceptedRelationWeightSemantics.lean
'V7CallerCurrentReleaseR26AcceptedRelationWeightSemantics.accepted_relation_tail_weights_correspond' depends on axioms: [propext,
 Classical.choice,
 Quot.sound]
RESULT target=V7CallerCurrentReleaseR26AcceptedRelationWeightSemantics exit=0 wall_s=4.13 peak_kib=7116512 swaps=0
START target=V7CallerCurrentReleaseR26AcceptedTerminalEndToEnd source=proof-r26/V7CallerCurrentReleaseR26AcceptedTerminalEndToEnd.lean
'V7CallerCurrentReleaseR26AcceptedTerminalEndToEnd.accepted_terminal_source_corresponds' depends on axioms: [propext,
 Classical.choice,
 Quot.sound]
'V7CallerCurrentReleaseR26AcceptedTerminalEndToEnd.accepted_relation_loop_end_to_end' depends on axioms: [propext,
 Classical.choice,
 Quot.sound]
RESULT target=V7CallerCurrentReleaseR26AcceptedTerminalEndToEnd exit=0 wall_s=5.72 peak_kib=7165924 swaps=0
START target=V7CallerCurrentReleaseR26AcceptedInnerDispatch source=proof-r26/V7CallerCurrentReleaseR26AcceptedInnerDispatch.lean
'V7CallerCurrentReleaseR26AcceptedInnerDispatch.accepted_inner_exposes_relation_dispatch' depends on axioms: [propext,
 Classical.choice,
 Quot.sound]
'V7CallerCurrentReleaseR26AcceptedInnerDispatch.AcceptedInnerDispatch.finishOnefoldSuccess' depends on axioms: [propext,
 Classical.choice,
 Quot.sound]
RESULT target=V7CallerCurrentReleaseR26AcceptedInnerDispatch exit=0 wall_s=4.82 peak_kib=7142440 swaps=0
START target=V7CallerCurrentReleaseR26AcceptedOnefoldPrefix source=proof-r26/V7CallerCurrentReleaseR26AcceptedOnefoldPrefix.lean
'V7CallerCurrentReleaseR26AcceptedOnefoldPrefix.accepted_onefold_exposes_outer_loop' depends on axioms: [propext,
 Classical.choice,
 Quot.sound]
RESULT target=V7CallerCurrentReleaseR26AcceptedOnefoldPrefix exit=0 wall_s=4.94 peak_kib=7159676 swaps=0
START target=V7CallerCurrentReleaseR26AcceptedOuterLoop source=proof-r26/V7CallerCurrentReleaseR26AcceptedOuterLoop.lean
'V7CallerCurrentReleaseR26AcceptedOuterLoop.AcceptedOnefoldLoopDispatch.exposesCircleLoop' depends on axioms: [propext,
 Classical.choice,
 Quot.sound]
RESULT target=V7CallerCurrentReleaseR26AcceptedOuterLoop exit=0 wall_s=4.76 peak_kib=7157384 swaps=0
START target=V7CallerCurrentReleaseR26AcceptedCircleOrigin source=proof-r26/V7CallerCurrentReleaseR26AcceptedCircleOrigin.lean
'V7CallerCurrentReleaseR26AcceptedCircleOrigin.AcceptedCircleLoopDispatch.exposesBodyOrigin' depends on axioms: [propext,
 Classical.choice,
 Quot.sound]
RESULT target=V7CallerCurrentReleaseR26AcceptedCircleOrigin exit=0 wall_s=4.33 peak_kib=7145128 swaps=0
START target=V7CallerCurrentReleaseR26AcceptedCircleExhausted source=proof-r26/V7CallerCurrentReleaseR26AcceptedCircleExhausted.lean
'V7CallerCurrentReleaseR26AcceptedCircleExhausted.AcceptedCircleBodyOrigin.iteratorExhausted' depends on axioms: [propext,
 Classical.choice,
 Quot.sound]
RESULT target=V7CallerCurrentReleaseR26AcceptedCircleExhausted exit=0 wall_s=4.26 peak_kib=7150180 swaps=0
START target=V7CallerCurrentReleaseR26AcceptedPrechallengeDispatch source=proof-r26/V7CallerCurrentReleaseR26AcceptedPrechallengeDispatch.lean
'V7CallerCurrentReleaseR26AcceptedPrechallengeDispatch.AcceptedCircleBodyOrigin.exposesPrechallengeDispatch' depends on axioms: [propext,
 Classical.choice,
 Quot.sound]
RESULT target=V7CallerCurrentReleaseR26AcceptedPrechallengeDispatch exit=0 wall_s=5.49 peak_kib=7212716 swaps=0
START target=V7CallerCurrentReleaseR26AcceptedInnerToPrechallenge source=proof-r26/V7CallerCurrentReleaseR26AcceptedInnerToPrechallenge.lean
'V7CallerCurrentReleaseR26AcceptedInnerToPrechallenge.AcceptedInnerDispatch.exposesPrechallengeChain' depends on axioms: [propext,
 Classical.choice,
 Quot.sound]
'V7CallerCurrentReleaseR26AcceptedInnerToPrechallenge.accepted_inner_reaches_prechallenge_chain' depends on axioms: [propext,
 Classical.choice,
 Quot.sound]
RESULT target=V7CallerCurrentReleaseR26AcceptedInnerToPrechallenge exit=0 wall_s=4.01 peak_kib=7143576 swaps=0
START target=V7ProductionSnapshotObserverR28ToR26Prechallenge source=proof-r28/V7ProductionSnapshotObserverR28ToR26Prechallenge.lean
'AspisV7ProductionSnapshotObserverR28ToR26Prechallenge.snapshot_success_reaches_r26_prechallenge' depends on axioms: [propext,
 Classical.choice,
 Quot.sound]
'AspisV7ProductionSnapshotObserverR28ToR26Prechallenge.production_snapshot_observer_acceptance_reaches_r26_prechallenge' depends on axioms: [propext,
 Classical.choice,
 Quot.sound]
RESULT target=V7ProductionSnapshotObserverR28ToR26Prechallenge exit=0 wall_s=4.17 peak_kib=7155248 swaps=0
START target=V7CallerCurrentReleaseR30FixedFieldCanonical source=proof-r30/V7CallerCurrentReleaseR30FixedFieldCanonical.lean
'V7CallerCurrentReleaseR30FixedFieldCanonical.fixed_reader_next_qm31_canonical' depends on axioms: [propext,
 Classical.choice,
 Quot.sound]
RESULT target=V7CallerCurrentReleaseR30FixedFieldCanonical exit=0 wall_s=1.92 peak_kib=2638652 swaps=0
START target=V7CallerCurrentReleaseR30PointClaimsCanonical source=proof-r30/V7CallerCurrentReleaseR30PointClaimsCanonical.lean
'_private.V7CallerCurrentReleaseR30PointClaimsCanonical.0.V7CallerCurrentReleaseR30PointClaimsCanonical.canonical_nested_update' depends on axioms: [propext,
 Classical.choice,
 Quot.sound]
'V7CallerCurrentReleaseR30PointClaimsCanonical.successful_point_claims_inner_loop_preserves' depends on axioms: [propext,
 Classical.choice,
 Quot.sound]
'V7CallerCurrentReleaseR30PointClaimsCanonical.successful_point_claims_inner_loop_never_pending_success' depends on axioms: [propext,
 Classical.choice,
 Quot.sound]
'V7CallerCurrentReleaseR30PointClaimsCanonical.successful_point_claims_outer_loop_facts' depends on axioms: [propext,
 Classical.choice,
 Quot.sound]
'V7CallerCurrentReleaseR30PointClaimsCanonical.successful_decode_and_absorb_point_claims_canonical' depends on axioms: [propext,
 Classical.choice,
 Quot.sound]
'V7CallerCurrentReleaseR30PointClaimsCanonical.fixed_reader_point_claims_canonical' depends on axioms: [propext,
 Classical.choice,
 Quot.sound]
RESULT target=V7CallerCurrentReleaseR30PointClaimsCanonical exit=0 wall_s=4.28 peak_kib=2681556 swaps=0
START target=V7CallerCurrentReleaseR30ChallengeInnerCanonical source=proof-r30/V7CallerCurrentReleaseR30ChallengeInnerCanonical.lean
'V7CallerCurrentReleaseR30ChallengeInnerCanonical.accepted_retry_loop_limb_canonical' depends on axioms: [propext,
 Classical.choice,
 Quot.sound]
'V7CallerCurrentReleaseR30ChallengeInnerCanonical.accepted_retry_loop_other_limb_exact' depends on axioms: [propext,
 Classical.choice,
 Quot.sound]
RESULT target=V7CallerCurrentReleaseR30ChallengeInnerCanonical exit=0 wall_s=2.21 peak_kib=2652464 swaps=0
START target=V7CallerCurrentReleaseR30ChallengeCanonical source=proof-r30/V7CallerCurrentReleaseR30ChallengeCanonical.lean
'V7CallerCurrentReleaseR30ChallengeCanonical.successful_challenge_limb_loop_canonical' depends on axioms: [propext,
 Classical.choice,
 Quot.sound]
'V7CallerCurrentReleaseR30ChallengeCanonical.successful_challenge_qm31_canonical' depends on axioms: [propext,
 Classical.choice,
 Quot.sound]
RESULT target=V7CallerCurrentReleaseR30ChallengeCanonical exit=0 wall_s=2.34 peak_kib=2655656 swaps=0
START target=V7CallerCurrentReleaseR30SemanticPointCanonical source=proof-r30/V7CallerCurrentReleaseR30SemanticPointCanonical.lean
'V7CallerCurrentReleaseR30SemanticPointCanonical.successful_semantic_inner_loop_facts' depends on axioms: [propext,
 Classical.choice,
 Quot.sound]
'V7CallerCurrentReleaseR30SemanticPointCanonical.successful_verify_compact_semantic_sumcheck_point_canonical' depends on axioms: [propext,
 Classical.choice,
 Quot.sound]
RESULT target=V7CallerCurrentReleaseR30SemanticPointCanonical exit=0 wall_s=3.14 peak_kib=2701276 swaps=0
START target=V7CallerCurrentReleaseR30StatementPointsCanonical source=proof-r30/V7CallerCurrentReleaseR30StatementPointsCanonical.lean
'V7CallerCurrentReleaseR30StatementPointsCanonical.successful_statement_successor_loop_canonical' depends on axioms: [propext,
 Classical.choice,
 Quot.sound]
'V7CallerCurrentReleaseR30StatementPointsCanonical.successful_statement_xor_loop_canonical' depends on axioms: [propext,
 Classical.choice,
 Quot.sound]
'V7CallerCurrentReleaseR30StatementPointsCanonical.successful_v6_statement_points_canonical' depends on axioms: [propext,
 Classical.choice,
 Quot.sound]
RESULT target=V7CallerCurrentReleaseR30StatementPointsCanonical exit=0 wall_s=4.64 peak_kib=7101840 swaps=0
START target=V7CallerCurrentReleaseR30ChallengeNonzeroCanonical source=proof-r30/V7CallerCurrentReleaseR30ChallengeNonzeroCanonical.lean
'V7CallerCurrentReleaseR30ChallengeNonzeroCanonical.successful_challenge_nonzero_qm31_canonical' depends on axioms: [propext,
 Classical.choice,
 Quot.sound]
'V7CallerCurrentReleaseR30ChallengeNonzeroCanonical.successful_challenge_nonzero_qm31_bound_canonical' depends on axioms: [propext,
 Classical.choice,
 Quot.sound]
RESULT target=V7CallerCurrentReleaseR30ChallengeNonzeroCanonical exit=0 wall_s=2.08 peak_kib=2650328 swaps=0
START target=V7CallerCurrentReleaseR30SumProducts3Canonical source=proof-r30/V7CallerCurrentReleaseR30SumProducts3Canonical.lean
'V7CallerCurrentReleaseR30SumProducts3Canonical.successful_qm31_sum_products3_canonical' depends on axioms: [propext,
 Classical.choice,
 Quot.sound]
RESULT target=V7CallerCurrentReleaseR30SumProducts3Canonical exit=0 wall_s=1.93 peak_kib=2638236 swaps=0
START target=V7CallerCurrentReleaseR26AcceptedPrechallengeComposition source=proof-r26/V7CallerCurrentReleaseR26AcceptedPrechallengeComposition.lean
'V7CallerCurrentReleaseR26AcceptedPrechallengeComposition.accepted_after_prechallenge_returns_supplied_snapshot' depends on axioms: [propext,
 Classical.choice,
 Quot.sound]
'V7CallerCurrentReleaseR26AcceptedPrechallengeComposition.accepted_after_prechallenge_returns_captured_snapshot' depends on axioms: [propext,
 Classical.choice,
 Quot.sound]
RESULT target=V7CallerCurrentReleaseR26AcceptedPrechallengeComposition exit=0 wall_s=1.74 peak_kib=2534812 swaps=0
START target=V7ProductionSnapshotObserverR28AcceptedTail source=proof-r28/V7ProductionSnapshotObserverR28AcceptedTail.lean
'AspisV7ProductionSnapshotObserverR28AcceptedTail.reaches_r26_prechallenge_reaches_accepted_tail' depends on axioms: [propext,
 Classical.choice,
 Quot.sound]
'AspisV7ProductionSnapshotObserverR28AcceptedTail.production_snapshot_observer_acceptance_reaches_accepted_tail' depends on axioms: [propext,
 Classical.choice,
 Quot.sound]
RESULT target=V7ProductionSnapshotObserverR28AcceptedTail exit=0 wall_s=4.32 peak_kib=7185416 swaps=0
START target=V7ProductionSnapshotObserverR30InitialClaimCanonical source=proof-r30/V7ProductionSnapshotObserverR30InitialClaimCanonical.lean
'V7ProductionSnapshotObserverR30InitialClaimCanonical.accepted_production_point_claims_canonical' depends on axioms: [propext,
 Classical.choice,
 Quot.sound]
'V7ProductionSnapshotObserverR30InitialClaimCanonical.accepted_production_semantic_point_canonical' depends on axioms: [propext,
 Classical.choice,
 Quot.sound]
'V7ProductionSnapshotObserverR30InitialClaimCanonical.accepted_production_initial_running_claim_canonical' depends on axioms: [propext,
 Classical.choice,
 Quot.sound]
'V7ProductionSnapshotObserverR30InitialClaimCanonical.accepted_production_kappa_canonical' depends on axioms: [propext,
 Classical.choice,
 Quot.sound]
'V7ProductionSnapshotObserverR30InitialClaimCanonical.accepted_production_statement_points_canonical' depends on axioms: [propext,
 Classical.choice,
 Quot.sound]
'V7ProductionSnapshotObserverR30InitialClaimCanonical.accepted_production_point_scales_canonical' depends on axioms: [propext,
 Classical.choice,
 Quot.sound]
RESULT target=V7ProductionSnapshotObserverR30InitialClaimCanonical exit=0 wall_s=4.07 peak_kib=7167624 swaps=0
START target=V7CallerCurrentReleaseR30OuterAccumulator source=proof-r30/V7CallerCurrentReleaseR30OuterAccumulator.lean
/home/dombarker/project-offloads/v7-r30-closure-20260930/bundle/proof-r30/V7CallerCurrentReleaseR30OuterAccumulator.lean:97:8: warning: This simp argument is unused:
  alloc.vec.Vec.new

Hint: Omit it from the simp argument list.
  simp ̵[̵a̵l̵l̵o̵c̵.̵v̵e̵c̵.̵V̵e̵c̵.̵n̵e̵w̵]̵

Note: This linter can be disabled with `set_option linter.unusedSimpArgs false`
/home/dombarker/project-offloads/v7-r30-closure-20260930/bundle/proof-r30/V7CallerCurrentReleaseR30OuterAccumulator.lean:485:16: warning: try 'simp' instead of 'simpa'

Note: This linter can be disabled with `set_option linter.unnecessarySimpa false`
/home/dombarker/project-offloads/v7-r30-closure-20260930/bundle/proof-r30/V7CallerCurrentReleaseR30OuterAccumulator.lean:583:16: warning: try 'simp' instead of 'simpa'

Note: This linter can be disabled with `set_option linter.unnecessarySimpa false`
/home/dombarker/project-offloads/v7-r30-closure-20260930/bundle/proof-r30/V7CallerCurrentReleaseR30OuterAccumulator.lean:477:15: warning: Local variable 'unit' resembles constructor 'PUnit.unit' - write '.unit' (with a dot) or 'PUnit.unit' to use the constructor.

Note: This linter can be disabled with `set_option linter.constructorNameAsVariable false`
/home/dombarker/project-offloads/v7-r30-closure-20260930/bundle/proof-r30/V7CallerCurrentReleaseR30OuterAccumulator.lean:535:15: warning: Local variable 'unit' resembles constructor 'PUnit.unit' - write '.unit' (with a dot) or 'PUnit.unit' to use the constructor.

Note: This linter can be disabled with `set_option linter.constructorNameAsVariable false`
/home/dombarker/project-offloads/v7-r30-closure-20260930/bundle/proof-r30/V7CallerCurrentReleaseR30OuterAccumulator.lean:575:15: warning: Local variable 'unit' resembles constructor 'PUnit.unit' - write '.unit' (with a dot) or 'PUnit.unit' to use the constructor.

Note: This linter can be disabled with `set_option linter.constructorNameAsVariable false`
/home/dombarker/project-offloads/v7-r30-closure-20260930/bundle/proof-r30/V7CallerCurrentReleaseR30OuterAccumulator.lean:640:15: warning: Local variable 'unit' resembles constructor 'PUnit.unit' - write '.unit' (with a dot) or 'PUnit.unit' to use the constructor.

Note: This linter can be disabled with `set_option linter.constructorNameAsVariable false`
'V7CallerCurrentReleaseR30OuterAccumulator.successful_empty_exact' depends on axioms: [propext,
 Classical.choice,
 Quot.sound]
'V7CallerCurrentReleaseR30OuterAccumulator.successful_multilinear_append_exact' depends on axioms: [propext,
 Classical.choice,
 Quot.sound]
'V7CallerCurrentReleaseR30OuterAccumulator.successful_prepared_append_exact' depends on axioms: [propext,
 Classical.choice,
 Quot.sound]
'V7CallerCurrentReleaseR30OuterAccumulator.AcceptedOnefoldLoopDispatch.exposesPreparedAccumulator' depends on axioms: [propext,
 Classical.choice,
 Quot.sound]
RESULT target=V7CallerCurrentReleaseR30OuterAccumulator exit=0 wall_s=6.91 peak_kib=7244532 swaps=0
START target=V7CallerCurrentReleaseR30CircleAccumulator source=proof-r30/V7CallerCurrentReleaseR30CircleAccumulator.lean
/home/dombarker/project-offloads/v7-r30-closure-20260930/bundle/proof-r30/V7CallerCurrentReleaseR30CircleAccumulator.lean:430:28: warning: try 'simp' instead of 'simpa'

Note: This linter can be disabled with `set_option linter.unnecessarySimpa false`
/home/dombarker/project-offloads/v7-r30-closure-20260930/bundle/proof-r30/V7CallerCurrentReleaseR30CircleAccumulator.lean:422:27: warning: Local variable 'unit' resembles constructor 'PUnit.unit' - write '.unit' (with a dot) or 'PUnit.unit' to use the constructor.

Note: This linter can be disabled with `set_option linter.constructorNameAsVariable false`
'V7CallerCurrentReleaseR30CircleAccumulator.successful_tensor_append_exact' depends on axioms: [propext,
 Classical.choice,
 Quot.sound]
'V7CallerCurrentReleaseR30CircleAccumulator.successful_circle_append_exact' depends on axioms: [propext,
 Classical.choice,
 Quot.sound]
'V7CallerCurrentReleaseR30CircleAccumulator.AcceptedPreparedAccumulator.exposesCircleAccumulator' depends on axioms: [propext,
 Classical.choice,
 Quot.sound]
RESULT target=V7CallerCurrentReleaseR30CircleAccumulator exit=0 wall_s=18.27 peak_kib=7303996 swaps=0
START target=V7CallerCurrentReleaseR30InitialFoldOrigin source=proof-r30/V7CallerCurrentReleaseR30InitialFoldOrigin.lean
'V7CallerCurrentReleaseR30InitialFoldOrigin.AcceptedCircleBodyOrigin.exposesInitialFold' depends on axioms: [propext,
 Classical.choice,
 Quot.sound]
'V7CallerCurrentReleaseR30InitialFoldOrigin.AcceptedCircleBodyOrigin.exposesInitialFoldTrace' depends on axioms: [propext,
 Classical.choice,
 Quot.sound]
'V7CallerCurrentReleaseR30InitialFoldOrigin.AcceptedInitialFold.alpha_canonical' depends on axioms: [propext,
 Classical.choice,
 Quot.sound]
RESULT target=V7CallerCurrentReleaseR30InitialFoldOrigin exit=0 wall_s=5.62 peak_kib=7221416 swaps=0
START target=V7CallerCurrentReleaseR30InitialPrechallengeDispatch source=proof-r30/V7CallerCurrentReleaseR30InitialPrechallengeDispatch.lean
'V7CallerCurrentReleaseR30InitialPrechallengeDispatch.AcceptedCircleBodyOrigin.exposesInitialPrechallengeDispatch' depends on axioms: [propext,
 Classical.choice,
 Quot.sound]
RESULT target=V7CallerCurrentReleaseR30InitialPrechallengeDispatch exit=0 wall_s=6.35 peak_kib=7257840 swaps=0
START target=V7CallerCurrentReleaseR30InitialFoldSixSource source=proof-r30/V7CallerCurrentReleaseR30InitialFoldSixSource.lean
/home/dombarker/project-offloads/v7-r30-closure-20260930/bundle/proof-r30/V7CallerCurrentReleaseR30InitialFoldSixSource.lean:178:6: warning: Variable name `sourceTrace` is not explicitly referenced.

The binding can be removed (if unused) or named `_` (if used implicitly).

Note: This linter can be disabled with `set_option linter.unusedVariables false`
'V7CallerCurrentReleaseR30InitialFoldSixSource.initial_fold_exposes_six_source_components' depends on axioms: [propext,
 Classical.choice,
 Quot.sound]
'V7CallerCurrentReleaseR30InitialFoldSixSource.InitialFoldSixSourceTrace.output_components_exact' depends on axioms: [propext,
 Classical.choice,
 Quot.sound]
RESULT target=V7CallerCurrentReleaseR30InitialFoldSixSource exit=0 wall_s=4.39 peak_kib=7188956 swaps=0
START target=V7ProductionSnapshotObserverR30InitialFoldSource source=proof-r30/V7ProductionSnapshotObserverR30InitialFoldSource.lean
'AspisV7ProductionSnapshotObserverR30InitialFoldSource.reaches_r26_prechallenge_reaches_current_initial_fold' depends on axioms: [propext,
 Classical.choice,
 Quot.sound]
RESULT target=V7ProductionSnapshotObserverR30InitialFoldSource exit=0 wall_s=4.36 peak_kib=7168256 swaps=0
START target=V7CallerCurrentReleaseR30InitialFoldSixSemantics source=proof-r30/V7CallerCurrentReleaseR30InitialFoldSixSemantics.lean
'V7CallerCurrentReleaseR30InitialFoldSixSemantics.initial_fold_six_corresponds' depends on axioms: [propext,
 Classical.choice,
 Quot.sound]
RESULT target=V7CallerCurrentReleaseR30InitialFoldSixSemantics exit=0 wall_s=4.25 peak_kib=7188316 swaps=0
START target=V7CallerCurrentReleaseR30CircleArithmeticCanonical source=proof-r30/V7CallerCurrentReleaseR30CircleArithmeticCanonical.lean
'V7CallerCurrentReleaseR30CircleArithmeticCanonical.successful_tensor_factors_length' depends on axioms: [propext,
 Classical.choice,
 Quot.sound]
'V7CallerCurrentReleaseR30CircleArithmeticCanonical.AcceptedCircleStep.scale_canonical' depends on axioms: [propext,
 Classical.choice,
 Quot.sound]
'V7CallerCurrentReleaseR30CircleArithmeticCanonical.AcceptedCircleStep.fixed_field_canonical' depends on axioms: [propext,
 Classical.choice,
 Quot.sound]
'V7CallerCurrentReleaseR30CircleArithmeticCanonical.AcceptedCircleStep.product_canonical' depends on axioms: [propext,
 Classical.choice,
 Quot.sound]
'V7CallerCurrentReleaseR30CircleArithmeticCanonical.AcceptedCircleStep.running_after_canonical' depends on axioms: [propext,
 Classical.choice,
 Quot.sound]
'V7CallerCurrentReleaseR30CircleArithmeticCanonical.AcceptedCircleStep.factors_length' depends on axioms: [propext,
 Classical.choice,
 Quot.sound]
RESULT target=V7CallerCurrentReleaseR30CircleArithmeticCanonical exit=0 wall_s=3.96 peak_kib=7164752 swaps=0
START target=V7CallerCurrentReleaseR30SecureCircleCanonical source=proof-r30/V7CallerCurrentReleaseR30SecureCircleCanonical.lean
'V7CallerCurrentReleaseR30SecureCircleCanonical.successful_square_n_canonical' depends on axioms: [propext,
 Classical.choice,
 Quot.sound]
'V7CallerCurrentReleaseR30SecureCircleCanonical.successful_m31_inv_canonical' depends on axioms: [propext,
 Classical.choice,
 Quot.sound]
'V7CallerCurrentReleaseR30SecureCircleCanonical.successful_m31_neg_canonical' depends on axioms: [propext,
 Classical.choice,
 Quot.sound]
'V7CallerCurrentReleaseR30SecureCircleCanonical.successful_cm31_inv_canonical' depends on axioms: [propext,
 Classical.choice,
 Quot.sound]
'V7CallerCurrentReleaseR30SecureCircleCanonical.successful_qm31_try_inv_some_canonical' depends on axioms: [propext,
 Classical.choice,
 Quot.sound]
'V7CallerCurrentReleaseR30SecureCircleCanonical.successful_secure_circle_point_canonical' depends on axioms: [propext,
 Classical.choice,
 Quot.sound]
'V7CallerCurrentReleaseR30SecureCircleCanonical.successful_secure_ood_circle_point_canonical' depends on axioms: [propext,
 Classical.choice,
 Quot.sound]
'V7CallerCurrentReleaseR30SecureCircleCanonical.successful_challenge_secure_circle_point_canonical' depends on axioms: [propext,
 Classical.choice,
 Quot.sound]
RESULT target=V7CallerCurrentReleaseR30SecureCircleCanonical exit=0 wall_s=4.72 peak_kib=7201276 swaps=0
START target=V7CallerCurrentReleaseR30CircleFactorsCanonical source=proof-r30/V7CallerCurrentReleaseR30CircleFactorsCanonical.lean
'V7CallerCurrentReleaseR30CircleFactorsCanonical.successful_circle_append_factors_canonical' depends on axioms: [propext,
 Classical.choice,
 Quot.sound]
'V7CallerCurrentReleaseR30CircleFactorsCanonical.AcceptedCircleStep.factors_canonical' depends on axioms: [propext,
 Classical.choice,
 Quot.sound]
RESULT target=V7CallerCurrentReleaseR30CircleFactorsCanonical exit=0 wall_s=4.31 peak_kib=7186648 swaps=0
START target=V7CallerCurrentReleaseR30CircleFactorsTerminalBridge source=proof-r30/V7CallerCurrentReleaseR30CircleFactorsTerminalBridge.lean
'V7CallerCurrentReleaseR30CircleFactorsTerminalBridge.AcceptedCircleStep.tensor_factors_canonical' depends on axioms: [propext,
 Classical.choice,
 Quot.sound]
RESULT target=V7CallerCurrentReleaseR30CircleFactorsTerminalBridge exit=0 wall_s=3.89 peak_kib=7162224 swaps=0
START target=V7ProductionSnapshotObserverR30InitialFoldSemantics source=proof-r30/V7ProductionSnapshotObserverR30InitialFoldSemantics.lean
'AspisV7ProductionSnapshotObserverR30InitialFoldSemantics.reaches_r26_prechallenge_reaches_current_initial_fold_semantics' depends on axioms: [propext,
 Classical.choice,
 Quot.sound]
RESULT target=V7ProductionSnapshotObserverR30InitialFoldSemantics exit=0 wall_s=4.34 peak_kib=7205132 swaps=0
START target=V7ProductionSnapshotObserverR30InitialFoldTail source=proof-r30/V7ProductionSnapshotObserverR30InitialFoldTail.lean
'AspisV7ProductionSnapshotObserverR30InitialFoldTail.reaches_r26_prechallenge_reaches_current_initial_fold_and_tail' depends on axioms: [propext,
 Classical.choice,
 Quot.sound]
RESULT target=V7ProductionSnapshotObserverR30InitialFoldTail exit=0 wall_s=4.77 peak_kib=7214308 swaps=0
START target=V7CallerCurrentReleaseR30Final256Canonical source=proof-r30/V7CallerCurrentReleaseR30Final256Canonical.lean
'V7CallerCurrentReleaseR30Final256Canonical.successful_final256_loop_facts' depends on axioms: [propext,
 Classical.choice,
 Quot.sound]
'V7CallerCurrentReleaseR30Final256Canonical.successful_decode_and_absorb_final256_canonical' depends on axioms: [propext,
 Classical.choice,
 Quot.sound]
RESULT target=V7CallerCurrentReleaseR30Final256Canonical exit=0 wall_s=2.43 peak_kib=2658092 swaps=0
START target=V7CallerCurrentReleaseR30RelationFieldInnerCanonical source=proof-r30/V7CallerCurrentReleaseR30RelationFieldInnerCanonical.lean
'V7CallerCurrentReleaseR30RelationFieldInnerCanonical.successful_inner_relation_field_loop_canonical' depends on axioms: [propext,
 Classical.choice,
 Quot.sound]
'V7CallerCurrentReleaseR30RelationFieldInnerCanonical.successful_inner_relation_field_loop_never_pending_success' depends on axioms: [propext,
 Classical.choice,
 Quot.sound]
RESULT target=V7CallerCurrentReleaseR30RelationFieldInnerCanonical exit=0 wall_s=3.02 peak_kib=2667520 swaps=0
START target=V7CallerCurrentReleaseR30RelationFieldsCanonical source=proof-r30/V7CallerCurrentReleaseR30RelationFieldsCanonical.lean
'V7CallerCurrentReleaseR30RelationFieldsCanonical.successful_outer_relation_field_loop_canonical' depends on axioms: [propext,
 Classical.choice,
 Quot.sound]
'V7CallerCurrentReleaseR30RelationFieldsCanonical.successful_outer_relation_field_loop_never_pending_success' depends on axioms: [propext,
 Classical.choice,
 Quot.sound]
'V7CallerCurrentReleaseR30RelationFieldsCanonical.successful_relation_field_decode_canonical' depends on axioms: [propext,
 Classical.choice,
 Quot.sound]
'V7CallerCurrentReleaseR30RelationFieldsCanonical.decoded_index_row_canonical' depends on axioms: [propext,
 Classical.choice,
 Quot.sound]
'V7CallerCurrentReleaseR30RelationFieldsCanonical.row_canonical_is_relation_canonical' depends on axioms: [propext,
 Classical.choice,
 Quot.sound]
RESULT target=V7CallerCurrentReleaseR30RelationFieldsCanonical exit=0 wall_s=6.16 peak_kib=7114952 swaps=0
START target=V7ProductionSnapshotObserverR30RelationRowsCanonical source=proof-r30/V7ProductionSnapshotObserverR30RelationRowsCanonical.lean
'V7ProductionSnapshotObserverR30RelationRowsCanonical.fixed_reader_relation_fields_canonical' depends on axioms: [propext,
 Classical.choice,
 Quot.sound]
'V7ProductionSnapshotObserverR30RelationRowsCanonical.accepted_production_tail_relation_rows_canonical' depends on axioms: [propext,
 Classical.choice,
 Quot.sound]
RESULT target=V7ProductionSnapshotObserverR30RelationRowsCanonical exit=0 wall_s=4.02 peak_kib=7176496 swaps=0
START target=V7ProductionSnapshotObserverR30ChallengesCanonical source=proof-r30/V7ProductionSnapshotObserverR30ChallengesCanonical.lean
'V7ProductionSnapshotObserverR30ChallengesCanonical.accepted_production_tail_challenges_canonical' depends on axioms: [propext,
 Classical.choice,
 Quot.sound]
RESULT target=V7ProductionSnapshotObserverR30ChallengesCanonical exit=0 wall_s=3.92 peak_kib=7166476 swaps=0
START target=V7ProductionSnapshotObserverR30CurrentTailCanonical source=proof-r30/V7ProductionSnapshotObserverR30CurrentTailCanonical.lean
'AspisV7ProductionSnapshotObserverR30CurrentTailCanonical.accepted_current_fold_tail_final256_canonical' depends on axioms: [propext,
 Classical.choice,
 Quot.sound]
'AspisV7ProductionSnapshotObserverR30CurrentTailCanonical.accepted_current_fold_tail_relation_rows_canonical' depends on axioms: [propext,
 Classical.choice,
 Quot.sound]
'AspisV7ProductionSnapshotObserverR30CurrentTailCanonical.accepted_current_fold_tail_challenges_canonical' depends on axioms: [propext,
 Classical.choice,
 Quot.sound]
'AspisV7ProductionSnapshotObserverR30CurrentTailCanonical.accepted_current_fold_tail_query_batch_challenge_canonical' depends on axioms: [propext,
 Classical.choice,
 Quot.sound]
RESULT target=V7ProductionSnapshotObserverR30CurrentTailCanonical exit=0 wall_s=4.50 peak_kib=7201152 swaps=0
START target=V7CallerCurrentReleaseR26QueryScaleLoop source=proof-r26/V7CallerCurrentReleaseR26QueryScaleLoop.lean
'V7CallerCurrentReleaseR26QueryScaleLoop.scale_loop_body_step' depends on axioms: [propext,
 Classical.choice,
 Quot.sound]
'V7CallerCurrentReleaseR26QueryScaleLoop.scale_loop_body_done' depends on axioms: [propext,
 Classical.choice,
 Quot.sound]
RESULT target=V7CallerCurrentReleaseR26QueryScaleLoop exit=0 wall_s=1.65 peak_kib=2536048 swaps=0
START target=V7CallerCurrentReleaseR26QueryScaleExactStep source=proof-r26/V7CallerCurrentReleaseR26QueryScaleExactStep.lean
'V7CallerCurrentReleaseR26QueryScaleExactStep.shifted_scale_seed_prefix' depends on axioms: [propext,
 Classical.choice,
 Quot.sound]
'V7CallerCurrentReleaseR26QueryScaleExactStep.shifted_scale_seed_canonical' depends on axioms: [propext,
 Classical.choice,
 Quot.sound]
'V7CallerCurrentReleaseR26QueryScaleExactStep.scale_loop_body_step_exact' depends on axioms: [propext,
 Classical.choice,
 Quot.sound]
RESULT target=V7CallerCurrentReleaseR26QueryScaleExactStep exit=0 wall_s=1.80 peak_kib=2649396 swaps=0
START target=V7CallerCurrentReleaseR26QueryScaleExactLoop source=proof-r26/V7CallerCurrentReleaseR26QueryScaleExactLoop.lean
/home/dombarker/project-offloads/v7-r30-closure-20260930/bundle/proof-r26/V7CallerCurrentReleaseR26QueryScaleExactLoop.lean:214:10: warning: try 'simp' instead of 'simpa'

Note: This linter can be disabled with `set_option linter.unnecessarySimpa false`
RESULT target=V7CallerCurrentReleaseR26QueryScaleExactLoop exit=0 wall_s=2.87 peak_kib=2664996 swaps=0
START target=V7CallerCurrentReleaseR26Qm31DotInnerIterator source=proof-r26/V7CallerCurrentReleaseR26Qm31DotInnerIterator.lean
/home/dombarker/project-offloads/v7-r30-closure-20260930/bundle/proof-r26/V7CallerCurrentReleaseR26Qm31DotInnerIterator.lean:83:6: warning: try 'simp' instead of 'simpa'

Note: This linter can be disabled with `set_option linter.unnecessarySimpa false`
/home/dombarker/project-offloads/v7-r30-closure-20260930/bundle/proof-r26/V7CallerCurrentReleaseR26Qm31DotInnerIterator.lean:88:4: warning: try 'simp' instead of 'simpa'

Note: This linter can be disabled with `set_option linter.unnecessarySimpa false`
/home/dombarker/project-offloads/v7-r30-closure-20260930/bundle/proof-r26/V7CallerCurrentReleaseR26Qm31DotInnerIterator.lean:121:13: warning: This simp argument is unused:
  core.array.iter.IntoIter.Insts.CoreIterTraitsIteratorIterator

Hint: Omit it from the simp argument list.
  simp only ̵[̵c̵o̵r̵e̵.̵a̵r̵r̵a̵y̵.̵i̵t̵e̵r̵.̵I̵n̵t̵o̵I̵t̵e̵r̵.̵I̵n̵s̵t̵s̵.̵C̵o̵r̵e̵I̵t̵e̵r̵T̵r̵a̵i̵t̵s̵I̵t̵e̵r̵a̵t̵o̵r̵I̵t̵e̵r̵a̵t̵o̵r̵]̵

Note: This linter can be disabled with `set_option linter.unusedSimpArgs false`
/home/dombarker/project-offloads/v7-r30-closure-20260930/bundle/proof-r26/V7CallerCurrentReleaseR26Qm31DotInnerIterator.lean:136:8: warning: This simp argument is unused:
  core.array.iter.IntoIter.Insts.CoreIterTraitsIteratorIterator

Hint: Omit it from the simp argument list.
  simp [̵c̵o̵r̵e̵.̵a̵r̵r̵a̵y̵.̵i̵t̵e̵r̵.̵I̵n̵t̵o̵I̵t̵e̵r̵.̵I̵n̵s̵t̵s̵.̵C̵o̵r̵e̵I̵t̵e̵r̵T̵r̵a̵i̵t̵s̵I̵t̵e̵r̵a̵t̵o̵r̵I̵t̵e̵r̵a̵t̵o̵r̵,̵
  ̵ ̵ ̵ ̵ ̵c̵o̵r̵e̵.̵a̵r̵r̵a̵y̵.̵i̵t̵e̵r̵.̵I̵n̵t̵o̵I̵t̵e̵r̵.̵I̵n̵s̵t̵s̵.̵C̵o̵r̵e̵I̵t̵e̵r̵T̵r̵a̵i̵t̵s̵I̵t̵e̵r̵a̵t̵o̵r̵I̵t̵e̵r̵a̵t̵o̵r̵.̵n̵e̵x̵t̵,̵[̲c̲o̲r̲e̲.̲a̲r̲r̲a̲y̲.̲i̲t̲e̲r̲.̲I̲n̲t̲o̲I̲t̲e̲r̲.̲I̲n̲s̲t̲s̲.̲C̲o̲r̲e̲I̲t̲e̲r̲T̲r̲a̲i̲t̲s̲I̲t̲e̲r̲a̲t̲o̲r̲I̲t̲e̲r̲a̲t̲o̲r̲.̲n̲e̲x̲t̲,̲ expectedPairIterator]

Note: This linter can be disabled with `set_option linter.unusedSimpArgs false`
'V7CallerCurrentReleaseR26Qm31DotInnerIterator.expected_pair_iterator_next' depends on axioms: [propext,
 Classical.choice,
 Quot.sound]
'V7CallerCurrentReleaseR26Qm31DotInnerIterator.expected_pair_iterator_done' depends on axioms: [propext,
 Classical.choice,
 Quot.sound]
'V7CallerCurrentReleaseR26Qm31DotInnerIterator.generated_pair_iterator_initial' depends on axioms: [propext,
 Classical.choice,
 Quot.sound]
RESULT target=V7CallerCurrentReleaseR26Qm31DotInnerIterator exit=0 wall_s=1.90 peak_kib=2655292 swaps=0
START target=V7CallerCurrentReleaseR26Qm31DotRawComponent source=proof-r26/V7CallerCurrentReleaseR26Qm31DotRawComponent.lean
/home/dombarker/project-offloads/v7-r30-closure-20260930/bundle/proof-r26/V7CallerCurrentReleaseR26Qm31DotRawComponent.lean:56:4: warning: try 'simp' instead of 'simpa'

Note: This linter can be disabled with `set_option linter.unnecessarySimpa false`
/home/dombarker/project-offloads/v7-r30-closure-20260930/bundle/proof-r26/V7CallerCurrentReleaseR26Qm31DotRawComponent.lean:251:17: warning: This simp argument is unused:
  value0

Hint: Omit it from the simp argument list.
  simp [accumulateRawComponent, raw2, raw1, raw0, component, offset, offsetOne, offsetTwo, v̵a̵l̵u̵e̵0̵,̵ ̵value1,
  ̲  ̲ ̲ ̲ ̲ ̲value2, product0, product1, product2, accumulateRawLane]

Note: This linter can be disabled with `set_option linter.unusedSimpArgs false`
/home/dombarker/project-offloads/v7-r30-closure-20260930/bundle/proof-r26/V7CallerCurrentReleaseR26Qm31DotRawComponent.lean:251:25: warning: This simp argument is unused:
  value1

Hint: Omit it from the simp argument list.
  simp [accumulateRawComponent, raw2, raw1, raw0, component, offset, offsetOne, offsetTwo, value0,
  ̲  ̲ ̲ ̲ ̲ ̲v̵a̵l̵u̵e̵1̵,̵ ̵value2, product0, product1, product2, accumulateRawLane]

Note: This linter can be disabled with `set_option linter.unusedSimpArgs false`
/home/dombarker/project-offloads/v7-r30-closure-20260930/bundle/proof-r26/V7CallerCurrentReleaseR26Qm31DotRawComponent.lean:251:33: warning: This simp argument is unused:
  value2

Hint: Omit it from the simp argument list.
  simp [accumulateRawComponent, raw2, raw1, raw0, component, offset, offsetOne, offsetTwo, value0,
  ̲  ̲ ̲ ̲ ̲ ̲value1, v̵a̵l̵u̵e̵2̵,̵ ̵product0, product1, product2, accumulateRawLane]

Note: This linter can be disabled with `set_option linter.unusedSimpArgs false`
/home/dombarker/project-offloads/v7-r30-closure-20260930/bundle/proof-r26/V7CallerCurrentReleaseR26Qm31DotRawComponent.lean:251:41: warning: This simp argument is unused:
  product0

Hint: Omit it from the simp argument list.
  simp [accumulateRawComponent, raw2, raw1, raw0, component, offset, offsetOne, offsetTwo, value0,
  ̲  ̲ ̲ ̲ ̲ ̲value1, value2, p̵r̵o̵d̵u̵c̵t̵0̵,̵ ̵product1, product2, accumulateRawLane]

Note: This linter can be disabled with `set_option linter.unusedSimpArgs false`
/home/dombarker/project-offloads/v7-r30-closure-20260930/bundle/proof-r26/V7CallerCurrentReleaseR26Qm31DotRawComponent.lean:251:51: warning: This simp argument is unused:
  product1

Hint: Omit it from the simp argument list.
  simp [accumulateRawComponent, raw2, raw1, raw0, component, offset, offsetOne, offsetTwo, value0,
  ̲  ̲ ̲ ̲ ̲ ̲value1, value2, product0, p̵r̵o̵d̵u̵c̵t̵1̵,̵ ̵product2, accumulateRawLane]

Note: This linter can be disabled with `set_option linter.unusedSimpArgs false`
/home/dombarker/project-offloads/v7-r30-closure-20260930/bundle/proof-r26/V7CallerCurrentReleaseR26Qm31DotRawComponent.lean:251:61: warning: This simp argument is unused:
  product2

Hint: Omit it from the simp argument list.
  simp [accumulateRawComponent, raw2, raw1, raw0, component, offset, offsetOne, offsetTwo, value0,
  ̲  ̲ ̲ ̲ ̲ ̲value1, value2, product0, product1, p̵r̵o̵d̵u̵c̵t̵2̵,̵accumulateRawLane]

Note: This linter can be disabled with `set_option linter.unusedSimpArgs false`
'V7CallerCurrentReleaseR26Qm31DotRawComponent.generated_raw_component_body_step' depends on axioms: [propext,
 Classical.choice,
 Quot.sound]
RESULT target=V7CallerCurrentReleaseR26Qm31DotRawComponent exit=0 wall_s=2.28 peak_kib=2664748 swaps=0
START target=V7CallerCurrentReleaseR26Qm31DotRawComponentSemantics source=proof-r26/V7CallerCurrentReleaseR26Qm31DotRawComponentSemantics.lean
'V7CallerCurrentReleaseR26Qm31DotRawComponentSemantics.accumulate_raw_component_exact' depends on axioms: [propext,
 Classical.choice,
 Quot.sound]
RESULT target=V7CallerCurrentReleaseR26Qm31DotRawComponentSemantics exit=0 wall_s=2.06 peak_kib=2660196 swaps=0
START target=V7CallerCurrentReleaseR26Qm31DotRawInnerLoop source=proof-r26/V7CallerCurrentReleaseR26Qm31DotRawInnerLoop.lean
'V7CallerCurrentReleaseR26Qm31DotRawInnerLoop.canonicalM31Sum_spec' depends on axioms: [propext,
 Classical.choice,
 Quot.sound]
'V7CallerCurrentReleaseR26Qm31DotRawInnerLoop.generated_raw_component_body_step_exact' depends on axioms: [propext,
 Classical.choice,
 Quot.sound]
'V7CallerCurrentReleaseR26Qm31DotRawInnerLoop.generated_raw_inner_loop_exact' depends on axioms: [propext,
 Classical.choice,
 Quot.sound]
'V7CallerCurrentReleaseR26Qm31DotRawInnerLoop.raw_component_step_corresponds' depends on axioms: [propext,
 Classical.choice,
 Quot.sound]
'V7CallerCurrentReleaseR26Qm31DotRawInnerLoop.raw_after_components_three_corresponds' depends on axioms: [propext,
 Classical.choice,
 Quot.sound]
'V7CallerCurrentReleaseR26Qm31DotRawInnerLoop.raw_component_step_natural_corresponds' depends on axioms: [propext,
 Classical.choice,
 Quot.sound]
'V7CallerCurrentReleaseR26Qm31DotRawInnerLoop.raw_after_components_three_natural' depends on axioms: [propext,
 Classical.choice,
 Quot.sound]
RESULT target=V7CallerCurrentReleaseR26Qm31DotRawInnerLoop exit=0 wall_s=6.02 peak_kib=2699784 swaps=0
START target=V7CallerCurrentReleaseR26Qm31DotRawOuterBody source=proof-r26/V7CallerCurrentReleaseR26Qm31DotRawOuterBody.lean
/home/dombarker/project-offloads/v7-r30-closure-20260930/bundle/proof-r26/V7CallerCurrentReleaseR26Qm31DotRawOuterBody.lean:59:4: warning: try 'simp' instead of 'simpa'

Note: This linter can be disabled with `set_option linter.unnecessarySimpa false`
'V7CallerCurrentReleaseR26Qm31DotRawOuterBody.generated_raw_outer_body_active' depends on axioms: [propext,
 Classical.choice,
 Quot.sound]
'V7CallerCurrentReleaseR26Qm31DotRawOuterBody.generated_raw_outer_body_active_canonical' depends on axioms: [propext,
 Classical.choice,
 Quot.sound]
RESULT target=V7CallerCurrentReleaseR26Qm31DotRawOuterBody exit=0 wall_s=2.75 peak_kib=2657592 swaps=0
START target=V7CallerCurrentReleaseR26Qm31DotRawChunkLoop source=proof-r26/V7CallerCurrentReleaseR26Qm31DotRawChunkLoop.lean
'V7CallerCurrentReleaseR26Qm31DotRawChunkLoop.raw_component_count_bound_headroom' depends on axioms: [propext,
 Classical.choice,
 Quot.sound]
'V7CallerCurrentReleaseR26Qm31DotRawChunkLoop.natural_component_steps_advance_count_bound' depends on axioms: [propext,
 Classical.choice,
 Quot.sound]
'V7CallerCurrentReleaseR26Qm31DotRawChunkLoop.generated_input_pairs_canonical' depends on axioms: [propext,
 Classical.choice,
 Quot.sound]
'V7CallerCurrentReleaseR26Qm31DotRawChunkLoop.exact_component_steps_advance_prefix' depends on axioms: [propext,
 Classical.choice,
 Quot.sound]
'V7CallerCurrentReleaseR26Qm31DotRawChunkLoop.generated_raw_chunk_body_active' depends on axioms: [propext,
 Classical.choice,
 Quot.sound]
'V7CallerCurrentReleaseR26Qm31DotRawChunkLoop.generated_raw_chunk_loop_four' depends on axioms: [propext,
 Classical.choice,
 Quot.sound]
'V7CallerCurrentReleaseR26Qm31DotRawChunkLoop.zero_raw_chunk_initial' depends on axioms: [propext,
 Classical.choice,
 Quot.sound]
RESULT target=V7CallerCurrentReleaseR26Qm31DotRawChunkLoop exit=0 wall_s=3.87 peak_kib=2686264 swaps=0
START target=V7CallerCurrentReleaseR26Qm31DotChunkReduction source=proof-r26/V7CallerCurrentReleaseR26Qm31DotChunkReduction.lean
'V7CallerCurrentReleaseR26Qm31DotChunkReduction.generated_four_input_chunk_reduces' depends on axioms: [propext,
 Classical.choice,
 Quot.sound]
RESULT target=V7CallerCurrentReleaseR26Qm31DotChunkReduction exit=0 wall_s=1.94 peak_kib=2650776 swaps=0
START target=V7CallerCurrentReleaseR26Qm31DotShortOuterLoop source=proof-r26/V7CallerCurrentReleaseR26Qm31DotShortOuterLoop.lean
'V7CallerCurrentReleaseR26Qm31DotShortOuterLoop.reduced_chunk_advances_exact_prefix' depends on axioms: [propext,
 Classical.choice,
 Quot.sound]
'V7CallerCurrentReleaseR26Qm31DotShortOuterLoop.zero_channels_exact_prefix' depends on axioms: [propext,
 Classical.choice,
 Quot.sound]
'V7CallerCurrentReleaseR26Qm31DotShortOuterLoop.generated_short_outer_body_active' depends on axioms: [propext,
 Classical.choice,
 Quot.sound]
'V7CallerCurrentReleaseR26Qm31DotShortOuterLoop.generated_short_outer_loop_sixteen' depends on axioms: [propext,
 Classical.choice,
 Quot.sound]
'V7CallerCurrentReleaseR26Qm31DotShortOuterLoop.exact_dot_component_from_prefix' depends on axioms: [propext,
 Classical.choice,
 Quot.sound]
'V7CallerCurrentReleaseR26Qm31DotShortOuterLoop.generated_input_channels_reconstruct_product' depends on axioms: [propext,
 Classical.choice,
 Quot.sound]
'V7CallerCurrentReleaseR26Qm31DotShortOuterLoop.exact_reconstruction_from_prefix' depends on axioms: [propext,
 Classical.choice,
 Quot.sound]
'V7CallerCurrentReleaseR26Qm31DotShortOuterLoop.generated_qm31_dot_sixteen_corresponds' depends on axioms: [propext,
 Classical.choice,
 Quot.sound]
RESULT target=V7CallerCurrentReleaseR26Qm31DotShortOuterLoop exit=0 wall_s=5.85 peak_kib=2707256 swaps=0
START target=V7ProductionSnapshotObserverR30RunningCanonical source=proof-r30/V7ProductionSnapshotObserverR30RunningCanonical.lean
/home/dombarker/project-offloads/v7-r30-closure-20260930/bundle/proof-r30/V7ProductionSnapshotObserverR30RunningCanonical.lean:76:5: warning: Variable name `current` is not explicitly referenced.

The binding can be removed (if unused) or named `_` (if used implicitly).

Note: This linter can be disabled with `set_option linter.unusedVariables false`
'AspisV7ProductionSnapshotObserverR30RunningCanonical.accepted_current_fold_tail_values_canonical' depends on axioms: [propext,
 Classical.choice,
 Quot.sound]
'AspisV7ProductionSnapshotObserverR30RunningCanonical.accepted_current_fold_tail_before_query_canonical' depends on axioms: [propext,
 Classical.choice,
 Quot.sound]
'AspisV7ProductionSnapshotObserverR30RunningCanonical.accepted_current_fold_tail_running_canonical' depends on axioms: [propext,
 Classical.choice,
 Quot.sound]
RESULT target=V7ProductionSnapshotObserverR30RunningCanonical exit=0 wall_s=4.82 peak_kib=7213140 swaps=0
START target=V7ProductionSnapshotObserverR30QueryFoldCanonical source=proof-r30/V7ProductionSnapshotObserverR30QueryFoldCanonical.lean
'AspisV7ProductionSnapshotObserverR30QueryFoldCanonical.accepted_current_fold_tail_line_x_canonical' depends on axioms: [propext,
 Classical.choice,
 Quot.sound]
RESULT target=V7ProductionSnapshotObserverR30QueryFoldCanonical exit=0 wall_s=4.36 peak_kib=7180008 swaps=0
START target=V7CallerCurrentReleaseR26QueryBatchAppend source=proof-r26/V7CallerCurrentReleaseR26QueryBatchAppend.lean
RESULT target=V7CallerCurrentReleaseR26QueryBatchAppend exit=0 wall_s=2.26 peak_kib=2634984 swaps=0
START target=V7ProductionSnapshotObserverR30TerminalClosure source=proof-r30/V7ProductionSnapshotObserverR30TerminalClosure.lean
'AspisV7ProductionSnapshotObserverR30TerminalClosure.accepted_current_fold_tail_terminal_corresponds' depends on axioms: [propext,
 Classical.choice,
 Quot.sound]
RESULT target=V7ProductionSnapshotObserverR30TerminalClosure exit=0 wall_s=14.25 peak_kib=7243592 swaps=0
START target=V7ProductionSnapshotObserverR30ProductionClosure source=proof-r30/V7ProductionSnapshotObserverR30ProductionClosure.lean
'AspisV7ProductionSnapshotObserverR30ProductionClosure.production_snapshot_observer_acceptance_reaches_terminal_closure' depends on axioms: [propext,
 Classical.choice,
 Quot.sound]
RESULT target=V7ProductionSnapshotObserverR30ProductionClosure exit=0 wall_s=4.28 peak_kib=7206680 swaps=0
START target=V7ProductionSnapshotObserverR30ClosureAxioms source=proof-r30/V7ProductionSnapshotObserverR30ClosureAxioms.lean
'V7ProductionCallbacksR30DecoderCanonical.successful_scanner_zero_canonical' depends on axioms: [propext,
 Classical.choice,
 Quot.sound]
'V7ProductionCallbacksR30PackedDecoderCanonical.successful_packed_decoder_canonical' depends on axioms: [propext,
 Classical.choice,
 Quot.sound]
'V7ProductionCallbacksR30PackedGammaCanonical.successful_packed_gamma_canonical' depends on axioms: [propext,
 Classical.choice,
 Quot.sound]
'V7ProductionCallbacksR30NormalizedFoldCanonical.successful_normalized_polynomial_refs_canonical' depends on axioms: [propext,
 Classical.choice,
 Quot.sound]
'V7ProductionCallbacksR30QueryValuesCanonical.successful_production_observer_query_fold_values_canonical' depends on axioms: [propext,
 Classical.choice,
 Quot.sound]
'AspisV7ProductionSnapshotObserverR30RunningCanonical.accepted_current_fold_tail_running_canonical' depends on axioms: [propext,
 Classical.choice,
 Quot.sound]
'AspisV7ProductionSnapshotObserverR30TerminalClosure.accepted_current_fold_tail_terminal_corresponds' depends on axioms: [propext,
 Classical.choice,
 Quot.sound]
'AspisV7ProductionSnapshotObserverR30ProductionClosure.production_snapshot_observer_acceptance_reaches_terminal_closure' depends on axioms: [propext,
 Classical.choice,
 Quot.sound]
RESULT target=V7ProductionSnapshotObserverR30ClosureAxioms exit=0 wall_s=3.81 peak_kib=7146236 swaps=0
FINAL target=V7ProductionSnapshotObserverR30ClosureAxioms modules=336 status=passed
CGROUP peak_bytes=1204023296 swap_current_bytes=0 high=7516192768 max=8589934592 swap_max=0
CGROUP_EVENTS
low 0
high 0
max 0
oom 0
oom_kill 0
oom_group_kill 0
AGGREGATE exit=0 wall_s=1318.42 peak_kib=7303996 swaps=0
