Running as unit: aspis-checkpoint-diagnostic-build-v1.scope; invocation ID: c797cf1565ec497ca395b96ba1134d3f
   Compiling syn v1.0.109
   Compiling indexmap v2.14.0
   Compiling toml_edit v0.25.13+spec-1.1.0
   Compiling proc-macro-crate v3.5.0
   Compiling borsh-derive v1.8.1
   Compiling borsh v1.8.1
   Compiling serde_core v1.0.229
   Compiling serde v1.0.229
   Compiling five8_core v0.1.2
   Compiling five8 v0.2.1
   Compiling solana-sanitize v2.2.1
   Compiling solana-atomic-u64 v2.2.1
   Compiling solana-hash v2.3.0
   Compiling borsh-derive-internal v0.10.4
   Compiling borsh-schema-derive-internal v0.10.4
   Compiling solana-sha256-hasher v2.3.0
   Compiling five8_const v0.1.4
   Compiling solana-decode-error v2.3.0
   Compiling toml v0.5.11
   Compiling solana-message v4.4.1
   Compiling proc-macro-crate v0.1.5
   Compiling borsh-derive v0.10.4
   Compiling borsh v0.10.4
   Compiling solana-pubkey v2.4.0
   Compiling solana-instruction v2.3.3
   Compiling solana-sdk-ids v2.2.1
   Compiling solana-transaction v4.1.5
   Compiling solana-sysvar-id v2.2.1
   Compiling solana-sdk-macro v2.2.1
   Compiling solana-svm-transaction v4.2.0
   Compiling solana-msg v2.2.1
   Compiling solana-program-error v2.2.2
   Compiling solana-program-runtime v4.2.1
   Compiling solana-system-interface v1.0.0
   Compiling ark-serialize-derive v0.4.2
   Compiling solana-program-memory v2.3.1
   Compiling solana-account-info v2.3.0
   Compiling ark-serialize v0.4.2
   Compiling solana-clock v2.2.3
   Compiling ark-ff-macros v0.4.2
   Compiling derivative v2.2.0
   Compiling ark-ff-asm v0.4.2
   Compiling getrandom v0.1.16
   Compiling ark-ff v0.4.2
   Compiling libsecp256k1-core v0.2.2
   Compiling rand_core v0.5.1
   Compiling libsecp256k1-gen-genmult v0.2.1
   Compiling libsecp256k1-gen-ecmult v0.2.1
   Compiling libsecp256k1 v0.6.0
   Compiling rand_chacha v0.2.2
   Compiling solana-rent v2.2.1
   Compiling solana-slot-hashes v2.2.1
   Compiling solana-serialize-utils v2.2.1
   Compiling solana-fee-calculator v2.2.1
   Compiling solana-short-vec v2.2.1
   Compiling rand v0.7.3
   Compiling solana-cpi v2.2.1
   Compiling solana-bincode v2.2.1
   Compiling solana-transaction-error v2.2.1
   Compiling ark-poly v0.4.2
   Compiling memoffset v0.9.1
   Compiling base64 v0.12.3
   Compiling aspis-core v0.1.0 (/home/dombarker/project-offloads/aspis-v8-devnet-smoke-20260909/crates/aspis-core)
   Compiling ark-ec v0.4.2
   Compiling ark-bn254 v0.4.0
   Compiling light-poseidon v0.2.0
   Compiling solana-poseidon v4.0.0
   Compiling solana-message v2.4.0
   Compiling solana-stake-interface v1.2.1
   Compiling solana-nonce v2.2.1
   Compiling solana-instructions-sysvar v2.2.2
   Compiling solana-address-lookup-table-interface v2.2.2
   Compiling solana-account v2.2.1
   Compiling solana-program-entrypoint v2.3.0
   Compiling solana-keccak-hasher v2.2.1
   Compiling solana-last-restart-slot v2.2.1
   Compiling solana-epoch-rewards v2.2.1
   Compiling solana-epoch-schedule v2.2.1
   Compiling solana-slot-history v2.2.1
   Compiling solana-serde-varint v2.2.2
   Compiling solana-vote-interface v2.2.6
   Compiling solana-syscalls v4.2.1
   Compiling solana-sysvar v2.3.0
   Compiling solana-example-mocks v2.2.1
   Compiling solana-feature-gate-interface v2.2.2
   Compiling solana-secp256k1-recover v2.2.1
warning: unexpected `cfg` condition value: `solana`
   --> /home/dombarker/project-offloads/aspis-v8-devnet-smoke-20260909/crates/aspis-core/src/circle_prefix.rs:585:11
    |
585 | #[cfg(not(target_os = "solana"))]
    |           ^^^^^^^^^^^^^^^^^^^^
    |
    = note: expected values for `target_os` are: `aix`, `amdhsa`, `android`, `cuda`, `cygwin`, `dragonfly`, `emscripten`, `espidf`, `freebsd`, `fuchsia`, `haiku`, `helenos`, `hermit`, `horizon`, `hurd`, `illumos`, `ios`, `l4re`, `linux`, `lynxos178`, `macos`, `managarm`, `motor`, `netbsd`, `none`, `nto`, `nuttx`, `openbsd`, `psp`, `psx`, `qurt`, `redox`, `rtems`, `solaris`, and `solid_asp3` and 14 more
    = note: see <https://doc.rust-lang.org/nightly/rustc/check-cfg/cargo-specifics.html> for more information about checking conditional configuration
    = note: `#[warn(unexpected_cfgs)]` on by default

warning: unexpected `cfg` condition value: `solana`
   --> /home/dombarker/project-offloads/aspis-v8-devnet-smoke-20260909/crates/aspis-core/src/circle_prefix.rs:594:11
    |
594 | #[cfg(not(target_os = "solana"))]
    |           ^^^^^^^^^^^^^^^^^^^^
    |
    = note: expected values for `target_os` are: `aix`, `amdhsa`, `android`, `cuda`, `cygwin`, `dragonfly`, `emscripten`, `espidf`, `freebsd`, `fuchsia`, `haiku`, `helenos`, `hermit`, `horizon`, `hurd`, `illumos`, `ios`, `l4re`, `linux`, `lynxos178`, `macos`, `managarm`, `motor`, `netbsd`, `none`, `nto`, `nuttx`, `openbsd`, `psp`, `psx`, `qurt`, `redox`, `rtems`, `solaris`, and `solid_asp3` and 14 more
    = note: see <https://doc.rust-lang.org/nightly/rustc/check-cfg/cargo-specifics.html> for more information about checking conditional configuration

warning: unexpected `cfg` condition value: `solana`
   --> /home/dombarker/project-offloads/aspis-v8-devnet-smoke-20260909/crates/aspis-core/src/circle_prefix.rs:638:11
    |
638 | #[cfg(not(target_os = "solana"))]
    |           ^^^^^^^^^^^^^^^^^^^^
    |
    = note: expected values for `target_os` are: `aix`, `amdhsa`, `android`, `cuda`, `cygwin`, `dragonfly`, `emscripten`, `espidf`, `freebsd`, `fuchsia`, `haiku`, `helenos`, `hermit`, `horizon`, `hurd`, `illumos`, `ios`, `l4re`, `linux`, `lynxos178`, `macos`, `managarm`, `motor`, `netbsd`, `none`, `nto`, `nuttx`, `openbsd`, `psp`, `psx`, `qurt`, `redox`, `rtems`, `solaris`, and `solid_asp3` and 14 more
    = note: see <https://doc.rust-lang.org/nightly/rustc/check-cfg/cargo-specifics.html> for more information about checking conditional configuration

warning: unexpected `cfg` condition name: `v8_qm_hybrid`
   --> /home/dombarker/project-offloads/aspis-v8-devnet-smoke-20260909/crates/aspis-core/src/field.rs:902:7
    |
902 | #[cfg(v8_qm_hybrid)]
    |       ^^^^^^^^^^^^
    |
    = help: expected names are: `docsrs`, `feature`, and `test` and 31 more
    = help: consider using a Cargo feature instead
    = help: or consider adding in `Cargo.toml` the `check-cfg` lint config for the lint:
             [lints.rust]
             unexpected_cfgs = { level = "warn", check-cfg = ['cfg(v8_qm_hybrid)'] }
    = help: or consider adding `println!("cargo::rustc-check-cfg=cfg(v8_qm_hybrid)");` to the top of the `build.rs`
    = note: see <https://doc.rust-lang.org/nightly/rustc/check-cfg/cargo-specifics.html> for more information about checking conditional configuration

warning: unexpected `cfg` condition name: `v8_range_m31`
  --> /home/dombarker/project-offloads/aspis-v8-devnet-smoke-20260909/crates/aspis-core/src/field.rs:33:15
   |
33 |     #[cfg(not(v8_range_m31))] let x = (x & P as u64) + (x >> 31u32);
   |               ^^^^^^^^^^^^
   |
   = help: consider using a Cargo feature instead
   = help: or consider adding in `Cargo.toml` the `check-cfg` lint config for the lint:
            [lints.rust]
            unexpected_cfgs = { level = "warn", check-cfg = ['cfg(v8_range_m31)'] }
   = help: or consider adding `println!("cargo::rustc-check-cfg=cfg(v8_range_m31)");` to the top of the `build.rs`
   = note: see <https://doc.rust-lang.org/nightly/rustc/check-cfg/cargo-specifics.html> for more information about checking conditional configuration

warning: unexpected `cfg` condition name: `v8_range_m31`
  --> /home/dombarker/project-offloads/aspis-v8-devnet-smoke-20260909/crates/aspis-core/src/field.rs:34:11
   |
34 |     #[cfg(v8_range_m31)] let x = (x & P as u64).wrapping_add(x >> 31u32);
   |           ^^^^^^^^^^^^
   |
   = help: consider using a Cargo feature instead
   = help: or consider adding in `Cargo.toml` the `check-cfg` lint config for the lint:
            [lints.rust]
            unexpected_cfgs = { level = "warn", check-cfg = ['cfg(v8_range_m31)'] }
   = help: or consider adding `println!("cargo::rustc-check-cfg=cfg(v8_range_m31)");` to the top of the `build.rs`
   = note: see <https://doc.rust-lang.org/nightly/rustc/check-cfg/cargo-specifics.html> for more information about checking conditional configuration

warning: unexpected `cfg` condition name: `v8_range_m31`
  --> /home/dombarker/project-offloads/aspis-v8-devnet-smoke-20260909/crates/aspis-core/src/field.rs:35:15
   |
35 |     #[cfg(not(v8_range_m31))] let x = (x & P as u64) + (x >> 31u32);
   |               ^^^^^^^^^^^^
   |
   = help: consider using a Cargo feature instead
   = help: or consider adding in `Cargo.toml` the `check-cfg` lint config for the lint:
            [lints.rust]
            unexpected_cfgs = { level = "warn", check-cfg = ['cfg(v8_range_m31)'] }
   = help: or consider adding `println!("cargo::rustc-check-cfg=cfg(v8_range_m31)");` to the top of the `build.rs`
   = note: see <https://doc.rust-lang.org/nightly/rustc/check-cfg/cargo-specifics.html> for more information about checking conditional configuration

warning: unexpected `cfg` condition name: `v8_range_m31`
  --> /home/dombarker/project-offloads/aspis-v8-devnet-smoke-20260909/crates/aspis-core/src/field.rs:36:11
   |
36 |     #[cfg(v8_range_m31)] let x = (x & P as u64).wrapping_add(x >> 31u32);
   |           ^^^^^^^^^^^^
   |
   = help: consider using a Cargo feature instead
   = help: or consider adding in `Cargo.toml` the `check-cfg` lint config for the lint:
            [lints.rust]
            unexpected_cfgs = { level = "warn", check-cfg = ['cfg(v8_range_m31)'] }
   = help: or consider adding `println!("cargo::rustc-check-cfg=cfg(v8_range_m31)");` to the top of the `build.rs`
   = note: see <https://doc.rust-lang.org/nightly/rustc/check-cfg/cargo-specifics.html> for more information about checking conditional configuration

warning: unexpected `cfg` condition name: `v8_range_m31`
  --> /home/dombarker/project-offloads/aspis-v8-devnet-smoke-20260909/crates/aspis-core/src/field.rs:39:19
   |
39 |         #[cfg(not(v8_range_m31))] { x - P }
   |                   ^^^^^^^^^^^^
   |
   = help: consider using a Cargo feature instead
   = help: or consider adding in `Cargo.toml` the `check-cfg` lint config for the lint:
            [lints.rust]
            unexpected_cfgs = { level = "warn", check-cfg = ['cfg(v8_range_m31)'] }
   = help: or consider adding `println!("cargo::rustc-check-cfg=cfg(v8_range_m31)");` to the top of the `build.rs`
   = note: see <https://doc.rust-lang.org/nightly/rustc/check-cfg/cargo-specifics.html> for more information about checking conditional configuration

warning: unexpected `cfg` condition name: `v8_range_m31`
  --> /home/dombarker/project-offloads/aspis-v8-devnet-smoke-20260909/crates/aspis-core/src/field.rs:40:15
   |
40 |         #[cfg(v8_range_m31)] { x.wrapping_sub(P) }
   |               ^^^^^^^^^^^^
   |
   = help: consider using a Cargo feature instead
   = help: or consider adding in `Cargo.toml` the `check-cfg` lint config for the lint:
            [lints.rust]
            unexpected_cfgs = { level = "warn", check-cfg = ['cfg(v8_range_m31)'] }
   = help: or consider adding `println!("cargo::rustc-check-cfg=cfg(v8_range_m31)");` to the top of the `build.rs`
   = note: see <https://doc.rust-lang.org/nightly/rustc/check-cfg/cargo-specifics.html> for more information about checking conditional configuration

warning: unexpected `cfg` condition name: `v8_range_m31`
  --> /home/dombarker/project-offloads/aspis-v8-devnet-smoke-20260909/crates/aspis-core/src/field.rs:60:19
   |
60 |         #[cfg(not(v8_range_m31))] let s = self.0 + rhs.0;
   |                   ^^^^^^^^^^^^
   |
   = help: consider using a Cargo feature instead
   = help: or consider adding in `Cargo.toml` the `check-cfg` lint config for the lint:
            [lints.rust]
            unexpected_cfgs = { level = "warn", check-cfg = ['cfg(v8_range_m31)'] }
   = help: or consider adding `println!("cargo::rustc-check-cfg=cfg(v8_range_m31)");` to the top of the `build.rs`
   = note: see <https://doc.rust-lang.org/nightly/rustc/check-cfg/cargo-specifics.html> for more information about checking conditional configuration

warning: unexpected `cfg` condition name: `v8_range_m31`
  --> /home/dombarker/project-offloads/aspis-v8-devnet-smoke-20260909/crates/aspis-core/src/field.rs:61:15
   |
61 |         #[cfg(v8_range_m31)] let s = self.0.wrapping_add(rhs.0);
   |               ^^^^^^^^^^^^
   |
   = help: consider using a Cargo feature instead
   = help: or consider adding in `Cargo.toml` the `check-cfg` lint config for the lint:
            [lints.rust]
            unexpected_cfgs = { level = "warn", check-cfg = ['cfg(v8_range_m31)'] }
   = help: or consider adding `println!("cargo::rustc-check-cfg=cfg(v8_range_m31)");` to the top of the `build.rs`
   = note: see <https://doc.rust-lang.org/nightly/rustc/check-cfg/cargo-specifics.html> for more information about checking conditional configuration

warning: unexpected `cfg` condition name: `v8_branchless_m31`
  --> /home/dombarker/project-offloads/aspis-v8-devnet-smoke-20260909/crates/aspis-core/src/field.rs:62:15
   |
62 |         #[cfg(v8_branchless_m31)]
   |               ^^^^^^^^^^^^^^^^^
   |
   = help: consider using a Cargo feature instead
   = help: or consider adding in `Cargo.toml` the `check-cfg` lint config for the lint:
            [lints.rust]
            unexpected_cfgs = { level = "warn", check-cfg = ['cfg(v8_branchless_m31)'] }
   = help: or consider adding `println!("cargo::rustc-check-cfg=cfg(v8_branchless_m31)");` to the top of the `build.rs`
   = note: see <https://doc.rust-lang.org/nightly/rustc/check-cfg/cargo-specifics.html> for more information about checking conditional configuration

warning: unexpected `cfg` condition name: `v8_range_m31`
  --> /home/dombarker/project-offloads/aspis-v8-devnet-smoke-20260909/crates/aspis-core/src/field.rs:64:19
   |
64 |         #[cfg(not(v8_range_m31))] { M31(if s >= P { s - P } else { s }) }
   |                   ^^^^^^^^^^^^
   |
   = help: consider using a Cargo feature instead
   = help: or consider adding in `Cargo.toml` the `check-cfg` lint config for the lint:
            [lints.rust]
            unexpected_cfgs = { level = "warn", check-cfg = ['cfg(v8_range_m31)'] }
   = help: or consider adding `println!("cargo::rustc-check-cfg=cfg(v8_range_m31)");` to the top of the `build.rs`
   = note: see <https://doc.rust-lang.org/nightly/rustc/check-cfg/cargo-specifics.html> for more information about checking conditional configuration

warning: unexpected `cfg` condition name: `v8_range_m31`
  --> /home/dombarker/project-offloads/aspis-v8-devnet-smoke-20260909/crates/aspis-core/src/field.rs:65:15
   |
65 |         #[cfg(v8_range_m31)] { M31(if s >= P { s.wrapping_sub(P) } else { s }) }
   |               ^^^^^^^^^^^^
   |
   = help: consider using a Cargo feature instead
   = help: or consider adding in `Cargo.toml` the `check-cfg` lint config for the lint:
            [lints.rust]
            unexpected_cfgs = { level = "warn", check-cfg = ['cfg(v8_range_m31)'] }
   = help: or consider adding `println!("cargo::rustc-check-cfg=cfg(v8_range_m31)");` to the top of the `build.rs`
   = note: see <https://doc.rust-lang.org/nightly/rustc/check-cfg/cargo-specifics.html> for more information about checking conditional configuration

warning: unexpected `cfg` condition name: `v8_range_m31`
  --> /home/dombarker/project-offloads/aspis-v8-devnet-smoke-20260909/crates/aspis-core/src/field.rs:70:19
   |
70 |         #[cfg(not(v8_range_m31))] let s = self.0 + P - rhs.0;
   |                   ^^^^^^^^^^^^
   |
   = help: consider using a Cargo feature instead
   = help: or consider adding in `Cargo.toml` the `check-cfg` lint config for the lint:
            [lints.rust]
            unexpected_cfgs = { level = "warn", check-cfg = ['cfg(v8_range_m31)'] }
   = help: or consider adding `println!("cargo::rustc-check-cfg=cfg(v8_range_m31)");` to the top of the `build.rs`
   = note: see <https://doc.rust-lang.org/nightly/rustc/check-cfg/cargo-specifics.html> for more information about checking conditional configuration

warning: unexpected `cfg` condition name: `v8_range_m31`
  --> /home/dombarker/project-offloads/aspis-v8-devnet-smoke-20260909/crates/aspis-core/src/field.rs:71:15
   |
71 |         #[cfg(v8_range_m31)] let s = self.0.wrapping_add(P).wrapping_sub(rhs.0);
   |               ^^^^^^^^^^^^
   |
   = help: consider using a Cargo feature instead
   = help: or consider adding in `Cargo.toml` the `check-cfg` lint config for the lint:
            [lints.rust]
            unexpected_cfgs = { level = "warn", check-cfg = ['cfg(v8_range_m31)'] }
   = help: or consider adding `println!("cargo::rustc-check-cfg=cfg(v8_range_m31)");` to the top of the `build.rs`
   = note: see <https://doc.rust-lang.org/nightly/rustc/check-cfg/cargo-specifics.html> for more information about checking conditional configuration

warning: unexpected `cfg` condition name: `v8_branchless_m31`
  --> /home/dombarker/project-offloads/aspis-v8-devnet-smoke-20260909/crates/aspis-core/src/field.rs:72:15
   |
72 |         #[cfg(v8_branchless_m31)]
   |               ^^^^^^^^^^^^^^^^^
   |
   = help: consider using a Cargo feature instead
   = help: or consider adding in `Cargo.toml` the `check-cfg` lint config for the lint:
            [lints.rust]
            unexpected_cfgs = { level = "warn", check-cfg = ['cfg(v8_branchless_m31)'] }
   = help: or consider adding `println!("cargo::rustc-check-cfg=cfg(v8_branchless_m31)");` to the top of the `build.rs`
   = note: see <https://doc.rust-lang.org/nightly/rustc/check-cfg/cargo-specifics.html> for more information about checking conditional configuration

warning: unexpected `cfg` condition name: `v8_range_m31`
  --> /home/dombarker/project-offloads/aspis-v8-devnet-smoke-20260909/crates/aspis-core/src/field.rs:74:19
   |
74 |         #[cfg(not(v8_range_m31))] { M31(if s >= P { s - P } else { s }) }
   |                   ^^^^^^^^^^^^
   |
   = help: consider using a Cargo feature instead
   = help: or consider adding in `Cargo.toml` the `check-cfg` lint config for the lint:
            [lints.rust]
            unexpected_cfgs = { level = "warn", check-cfg = ['cfg(v8_range_m31)'] }
   = help: or consider adding `println!("cargo::rustc-check-cfg=cfg(v8_range_m31)");` to the top of the `build.rs`
   = note: see <https://doc.rust-lang.org/nightly/rustc/check-cfg/cargo-specifics.html> for more information about checking conditional configuration

warning: unexpected `cfg` condition name: `v8_range_m31`
  --> /home/dombarker/project-offloads/aspis-v8-devnet-smoke-20260909/crates/aspis-core/src/field.rs:75:15
   |
75 |         #[cfg(v8_range_m31)] { M31(if s >= P { s.wrapping_sub(P) } else { s }) }
   |               ^^^^^^^^^^^^
   |
   = help: consider using a Cargo feature instead
   = help: or consider adding in `Cargo.toml` the `check-cfg` lint config for the lint:
            [lints.rust]
            unexpected_cfgs = { level = "warn", check-cfg = ['cfg(v8_range_m31)'] }
   = help: or consider adding `println!("cargo::rustc-check-cfg=cfg(v8_range_m31)");` to the top of the `build.rs`
   = note: see <https://doc.rust-lang.org/nightly/rustc/check-cfg/cargo-specifics.html> for more information about checking conditional configuration

warning: unexpected `cfg` condition name: `v8_range_m31`
  --> /home/dombarker/project-offloads/aspis-v8-devnet-smoke-20260909/crates/aspis-core/src/field.rs:83:23
   |
83 |             #[cfg(not(v8_range_m31))] { M31(P - self.0) }
   |                       ^^^^^^^^^^^^
   |
   = help: consider using a Cargo feature instead
   = help: or consider adding in `Cargo.toml` the `check-cfg` lint config for the lint:
            [lints.rust]
            unexpected_cfgs = { level = "warn", check-cfg = ['cfg(v8_range_m31)'] }
   = help: or consider adding `println!("cargo::rustc-check-cfg=cfg(v8_range_m31)");` to the top of the `build.rs`
   = note: see <https://doc.rust-lang.org/nightly/rustc/check-cfg/cargo-specifics.html> for more information about checking conditional configuration

warning: unexpected `cfg` condition name: `v8_range_m31`
  --> /home/dombarker/project-offloads/aspis-v8-devnet-smoke-20260909/crates/aspis-core/src/field.rs:84:19
   |
84 |             #[cfg(v8_range_m31)] { M31(P.wrapping_sub(self.0)) }
   |                   ^^^^^^^^^^^^
   |
   = help: consider using a Cargo feature instead
   = help: or consider adding in `Cargo.toml` the `check-cfg` lint config for the lint:
            [lints.rust]
            unexpected_cfgs = { level = "warn", check-cfg = ['cfg(v8_range_m31)'] }
   = help: or consider adding `println!("cargo::rustc-check-cfg=cfg(v8_range_m31)");` to the top of the `build.rs`
   = note: see <https://doc.rust-lang.org/nightly/rustc/check-cfg/cargo-specifics.html> for more information about checking conditional configuration

warning: unexpected `cfg` condition name: `v8_range_m31`
  --> /home/dombarker/project-offloads/aspis-v8-devnet-smoke-20260909/crates/aspis-core/src/field.rs:90:19
   |
90 |         #[cfg(not(v8_range_m31))] { M31(reduce_u64(self.0 as u64 * rhs.0 as u64)) }
   |                   ^^^^^^^^^^^^
   |
   = help: consider using a Cargo feature instead
   = help: or consider adding in `Cargo.toml` the `check-cfg` lint config for the lint:
            [lints.rust]
            unexpected_cfgs = { level = "warn", check-cfg = ['cfg(v8_range_m31)'] }
   = help: or consider adding `println!("cargo::rustc-check-cfg=cfg(v8_range_m31)");` to the top of the `build.rs`
   = note: see <https://doc.rust-lang.org/nightly/rustc/check-cfg/cargo-specifics.html> for more information about checking conditional configuration

warning: unexpected `cfg` condition name: `v8_range_m31`
  --> /home/dombarker/project-offloads/aspis-v8-devnet-smoke-20260909/crates/aspis-core/src/field.rs:91:15
   |
91 |         #[cfg(v8_range_m31)] { M31(reduce_u64((self.0 as u64).wrapping_mul(rhs.0 as u64))) }
   |               ^^^^^^^^^^^^
   |
   = help: consider using a Cargo feature instead
   = help: or consider adding in `Cargo.toml` the `check-cfg` lint config for the lint:
            [lints.rust]
            unexpected_cfgs = { level = "warn", check-cfg = ['cfg(v8_range_m31)'] }
   = help: or consider adding `println!("cargo::rustc-check-cfg=cfg(v8_range_m31)");` to the top of the `build.rs`
   = note: see <https://doc.rust-lang.org/nightly/rustc/check-cfg/cargo-specifics.html> for more information about checking conditional configuration

warning: unexpected `cfg` condition name: `v8_cm_schoolbook`
   --> /home/dombarker/project-offloads/aspis-v8-devnet-smoke-20260909/crates/aspis-core/src/field.rs:256:15
    |
256 |         #[cfg(v8_cm_schoolbook)]
    |               ^^^^^^^^^^^^^^^^
    |
    = help: consider using a Cargo feature instead
    = help: or consider adding in `Cargo.toml` the `check-cfg` lint config for the lint:
             [lints.rust]
             unexpected_cfgs = { level = "warn", check-cfg = ['cfg(v8_cm_schoolbook)'] }
    = help: or consider adding `println!("cargo::rustc-check-cfg=cfg(v8_cm_schoolbook)");` to the top of the `build.rs`
    = note: see <https://doc.rust-lang.org/nightly/rustc/check-cfg/cargo-specifics.html> for more information about checking conditional configuration

warning: unexpected `cfg` condition name: `v8_range_cm31`
   --> /home/dombarker/project-offloads/aspis-v8-devnet-smoke-20260909/crates/aspis-core/src/field.rs:274:19
    |
274 |         #[cfg(not(v8_range_cm31))]
    |                   ^^^^^^^^^^^^^
    |
    = help: consider using a Cargo feature instead
    = help: or consider adding in `Cargo.toml` the `check-cfg` lint config for the lint:
             [lints.rust]
             unexpected_cfgs = { level = "warn", check-cfg = ['cfg(v8_range_cm31)'] }
    = help: or consider adding `println!("cargo::rustc-check-cfg=cfg(v8_range_cm31)");` to the top of the `build.rs`
    = note: see <https://doc.rust-lang.org/nightly/rustc/check-cfg/cargo-specifics.html> for more information about checking conditional configuration

warning: unexpected `cfg` condition name: `v8_range_cm31`
   --> /home/dombarker/project-offloads/aspis-v8-devnet-smoke-20260909/crates/aspis-core/src/field.rs:278:15
    |
278 |         #[cfg(v8_range_cm31)]
    |               ^^^^^^^^^^^^^
    |
    = help: consider using a Cargo feature instead
    = help: or consider adding in `Cargo.toml` the `check-cfg` lint config for the lint:
             [lints.rust]
             unexpected_cfgs = { level = "warn", check-cfg = ['cfg(v8_range_cm31)'] }
    = help: or consider adding `println!("cargo::rustc-check-cfg=cfg(v8_range_cm31)");` to the top of the `build.rs`
    = note: see <https://doc.rust-lang.org/nightly/rustc/check-cfg/cargo-specifics.html> for more information about checking conditional configuration

warning: unexpected `cfg` condition name: `v8_range_cm31`
   --> /home/dombarker/project-offloads/aspis-v8-devnet-smoke-20260909/crates/aspis-core/src/field.rs:296:23
    |
296 |             #[cfg(not(v8_range_cm31))]
    |                       ^^^^^^^^^^^^^
    |
    = help: consider using a Cargo feature instead
    = help: or consider adding in `Cargo.toml` the `check-cfg` lint config for the lint:
             [lints.rust]
             unexpected_cfgs = { level = "warn", check-cfg = ['cfg(v8_range_cm31)'] }
    = help: or consider adding `println!("cargo::rustc-check-cfg=cfg(v8_range_cm31)");` to the top of the `build.rs`
    = note: see <https://doc.rust-lang.org/nightly/rustc/check-cfg/cargo-specifics.html> for more information about checking conditional configuration

warning: unexpected `cfg` condition name: `v8_range_cm31`
   --> /home/dombarker/project-offloads/aspis-v8-devnet-smoke-20260909/crates/aspis-core/src/field.rs:301:19
    |
301 |             #[cfg(v8_range_cm31)]
    |                   ^^^^^^^^^^^^^
    |
    = help: consider using a Cargo feature instead
    = help: or consider adding in `Cargo.toml` the `check-cfg` lint config for the lint:
             [lints.rust]
             unexpected_cfgs = { level = "warn", check-cfg = ['cfg(v8_range_cm31)'] }
    = help: or consider adding `println!("cargo::rustc-check-cfg=cfg(v8_range_cm31)");` to the top of the `build.rs`
    = note: see <https://doc.rust-lang.org/nightly/rustc/check-cfg/cargo-specifics.html> for more information about checking conditional configuration

warning: unexpected `cfg` condition name: `v8_qm_hybrid`
   --> /home/dombarker/project-offloads/aspis-v8-devnet-smoke-20260909/crates/aspis-core/src/field.rs:426:15
    |
426 |         #[cfg(v8_qm_hybrid)]
    |               ^^^^^^^^^^^^
    |
    = help: consider using a Cargo feature instead
    = help: or consider adding in `Cargo.toml` the `check-cfg` lint config for the lint:
             [lints.rust]
             unexpected_cfgs = { level = "warn", check-cfg = ['cfg(v8_qm_hybrid)'] }
    = help: or consider adding `println!("cargo::rustc-check-cfg=cfg(v8_qm_hybrid)");` to the top of the `build.rs`
    = note: see <https://doc.rust-lang.org/nightly/rustc/check-cfg/cargo-specifics.html> for more information about checking conditional configuration

warning: unexpected `cfg` condition name: `v8_prepared_schoolbook`
   --> /home/dombarker/project-offloads/aspis-v8-devnet-smoke-20260909/crates/aspis-core/src/field.rs:431:19
    |
431 |             #[cfg(v8_prepared_schoolbook)]
    |                   ^^^^^^^^^^^^^^^^^^^^^^
    |
    = help: consider using a Cargo feature instead
    = help: or consider adding in `Cargo.toml` the `check-cfg` lint config for the lint:
             [lints.rust]
             unexpected_cfgs = { level = "warn", check-cfg = ['cfg(v8_prepared_schoolbook)'] }
    = help: or consider adding `println!("cargo::rustc-check-cfg=cfg(v8_prepared_schoolbook)");` to the top of the `build.rs`
    = note: see <https://doc.rust-lang.org/nightly/rustc/check-cfg/cargo-specifics.html> for more information about checking conditional configuration

warning: unexpected `cfg` condition name: `v8_qm_channel_partial`
   --> /home/dombarker/project-offloads/aspis-v8-devnet-smoke-20260909/crates/aspis-core/src/field.rs:458:13
    |
458 |     if cfg!(v8_qm_channel_partial) {
    |             ^^^^^^^^^^^^^^^^^^^^^
    |
    = help: consider using a Cargo feature instead
    = help: or consider adding in `Cargo.toml` the `check-cfg` lint config for the lint:
             [lints.rust]
             unexpected_cfgs = { level = "warn", check-cfg = ['cfg(v8_qm_channel_partial)'] }
    = help: or consider adding `println!("cargo::rustc-check-cfg=cfg(v8_qm_channel_partial)");` to the top of the `build.rs`
    = note: see <https://doc.rust-lang.org/nightly/rustc/check-cfg/cargo-specifics.html> for more information about checking conditional configuration

warning: unexpected `cfg` condition name: `v8_range_dots`
   --> /home/dombarker/project-offloads/aspis-v8-devnet-smoke-20260909/crates/aspis-core/src/field.rs:504:11
    |
504 |     #[cfg(v8_range_dots)]
    |           ^^^^^^^^^^^^^
    |
    = help: consider using a Cargo feature instead
    = help: or consider adding in `Cargo.toml` the `check-cfg` lint config for the lint:
             [lints.rust]
             unexpected_cfgs = { level = "warn", check-cfg = ['cfg(v8_range_dots)'] }
    = help: or consider adding `println!("cargo::rustc-check-cfg=cfg(v8_range_dots)");` to the top of the `build.rs`
    = note: see <https://doc.rust-lang.org/nightly/rustc/check-cfg/cargo-specifics.html> for more information about checking conditional configuration

warning: unexpected `cfg` condition name: `v8_range_dots`
   --> /home/dombarker/project-offloads/aspis-v8-devnet-smoke-20260909/crates/aspis-core/src/field.rs:506:15
    |
506 |     #[cfg(not(v8_range_dots))]
    |               ^^^^^^^^^^^^^
    |
    = help: consider using a Cargo feature instead
    = help: or consider adding in `Cargo.toml` the `check-cfg` lint config for the lint:
             [lints.rust]
             unexpected_cfgs = { level = "warn", check-cfg = ['cfg(v8_range_dots)'] }
    = help: or consider adding `println!("cargo::rustc-check-cfg=cfg(v8_range_dots)");` to the top of the `build.rs`
    = note: see <https://doc.rust-lang.org/nightly/rustc/check-cfg/cargo-specifics.html> for more information about checking conditional configuration

warning: unexpected `cfg` condition name: `v8_range_dots`
   --> /home/dombarker/project-offloads/aspis-v8-devnet-smoke-20260909/crates/aspis-core/src/field.rs:512:11
    |
512 |     #[cfg(v8_range_dots)]
    |           ^^^^^^^^^^^^^
    |
    = help: consider using a Cargo feature instead
    = help: or consider adding in `Cargo.toml` the `check-cfg` lint config for the lint:
             [lints.rust]
             unexpected_cfgs = { level = "warn", check-cfg = ['cfg(v8_range_dots)'] }
    = help: or consider adding `println!("cargo::rustc-check-cfg=cfg(v8_range_dots)");` to the top of the `build.rs`
    = note: see <https://doc.rust-lang.org/nightly/rustc/check-cfg/cargo-specifics.html> for more information about checking conditional configuration

warning: unexpected `cfg` condition name: `v8_range_dots`
   --> /home/dombarker/project-offloads/aspis-v8-devnet-smoke-20260909/crates/aspis-core/src/field.rs:514:15
    |
514 |     #[cfg(not(v8_range_dots))]
    |               ^^^^^^^^^^^^^
    |
    = help: consider using a Cargo feature instead
    = help: or consider adding in `Cargo.toml` the `check-cfg` lint config for the lint:
             [lints.rust]
             unexpected_cfgs = { level = "warn", check-cfg = ['cfg(v8_range_dots)'] }
    = help: or consider adding `println!("cargo::rustc-check-cfg=cfg(v8_range_dots)");` to the top of the `build.rs`
    = note: see <https://doc.rust-lang.org/nightly/rustc/check-cfg/cargo-specifics.html> for more information about checking conditional configuration

warning: unexpected `cfg` condition name: `v8_qm_group_partial`
   --> /home/dombarker/project-offloads/aspis-v8-devnet-smoke-20260909/crates/aspis-core/src/field.rs:807:13
    |
807 |     if cfg!(v8_qm_group_partial) {
    |             ^^^^^^^^^^^^^^^^^^^
    |
    = help: consider using a Cargo feature instead
    = help: or consider adding in `Cargo.toml` the `check-cfg` lint config for the lint:
             [lints.rust]
             unexpected_cfgs = { level = "warn", check-cfg = ['cfg(v8_qm_group_partial)'] }
    = help: or consider adding `println!("cargo::rustc-check-cfg=cfg(v8_qm_group_partial)");` to the top of the `build.rs`
    = note: see <https://doc.rust-lang.org/nightly/rustc/check-cfg/cargo-specifics.html> for more information about checking conditional configuration

warning: unexpected `cfg` condition name: `v8_qm_group_partial`
   --> /home/dombarker/project-offloads/aspis-v8-devnet-smoke-20260909/crates/aspis-core/src/field.rs:865:13
    |
865 |     if cfg!(v8_qm_group_partial) {
    |             ^^^^^^^^^^^^^^^^^^^
    |
    = help: consider using a Cargo feature instead
    = help: or consider adding in `Cargo.toml` the `check-cfg` lint config for the lint:
             [lints.rust]
             unexpected_cfgs = { level = "warn", check-cfg = ['cfg(v8_qm_group_partial)'] }
    = help: or consider adding `println!("cargo::rustc-check-cfg=cfg(v8_qm_group_partial)");` to the top of the `build.rs`
    = note: see <https://doc.rust-lang.org/nightly/rustc/check-cfg/cargo-specifics.html> for more information about checking conditional configuration

warning: unexpected `cfg` condition name: `v8_qm_hybrid`
   --> /home/dombarker/project-offloads/aspis-v8-devnet-smoke-20260909/crates/aspis-core/src/field.rs:996:15
    |
996 |         #[cfg(v8_qm_hybrid)]
    |               ^^^^^^^^^^^^
    |
    = help: consider using a Cargo feature instead
    = help: or consider adding in `Cargo.toml` the `check-cfg` lint config for the lint:
             [lints.rust]
             unexpected_cfgs = { level = "warn", check-cfg = ['cfg(v8_qm_hybrid)'] }
    = help: or consider adding `println!("cargo::rustc-check-cfg=cfg(v8_qm_hybrid)");` to the top of the `build.rs`
    = note: see <https://doc.rust-lang.org/nightly/rustc/check-cfg/cargo-specifics.html> for more information about checking conditional configuration

warning: unexpected `cfg` condition name: `v8_terminal_fixed`
   --> /home/dombarker/project-offloads/aspis-v8-devnet-smoke-20260909/crates/aspis-core/src/sumcheck.rs:942:15
    |
942 |         #[cfg(v8_terminal_fixed)]
    |               ^^^^^^^^^^^^^^^^^
    |
    = help: consider using a Cargo feature instead
    = help: or consider adding in `Cargo.toml` the `check-cfg` lint config for the lint:
             [lints.rust]
             unexpected_cfgs = { level = "warn", check-cfg = ['cfg(v8_terminal_fixed)'] }
    = help: or consider adding `println!("cargo::rustc-check-cfg=cfg(v8_terminal_fixed)");` to the top of the `build.rs`
    = note: see <https://doc.rust-lang.org/nightly/rustc/check-cfg/cargo-specifics.html> for more information about checking conditional configuration

warning: function `verify_circle_layer0_opening_from_proof_deferred_canonical_for_depth_and_c2_leaf_bytes` is never used
   --> /home/dombarker/project-offloads/aspis-v8-devnet-smoke-20260909/crates/aspis-core/src/circle_merkle.rs:419:15
    |
419 | pub(crate) fn verify_circle_layer0_opening_from_proof_deferred_canonical_for_depth_and_c2_leaf_bytes<
    |               ^^^^^^^^^^^^^^^^^^^^^^^^^^^^^^^^^^^^^^^^^^^^^^^^^^^^^^^^^^^^^^^^^^^^^^^^^^^^^^^^^^^^^^
    |
    = note: `#[warn(dead_code)]` (part of `#[warn(unused)]`) on by default

warning: function `verify_circle_openings_deferred_canonical` is never used
   --> /home/dombarker/project-offloads/aspis-v8-devnet-smoke-20260909/crates/aspis-core/src/circle_openings.rs:993:15
    |
993 | pub(crate) fn verify_circle_openings_deferred_canonical<'a>(
    |               ^^^^^^^^^^^^^^^^^^^^^^^^^^^^^^^^^^^^^^^^^

warning: function `verify_radix4_minimal_subtree_prevalidated_in_place` is never used
   --> /home/dombarker/project-offloads/aspis-v8-devnet-smoke-20260909/crates/aspis-core/src/merkle.rs:329:15
    |
329 | pub(crate) fn verify_radix4_minimal_subtree_prevalidated_in_place(
    |               ^^^^^^^^^^^^^^^^^^^^^^^^^^^^^^^^^^^^^^^^^^^^^^^^^^^

   Compiling solana-compute-budget v4.2.1
   Compiling solana-loader-v3-interface v5.0.0
   Compiling solana-loader-v4-interface v2.2.1
   Compiling solana-program-pack v2.2.1
   Compiling solana-loader-v2-interface v2.2.1
   Compiling solana-stable-layout v2.2.1
   Compiling solana-borsh v2.2.1
   Compiling solana-big-mod-exp v2.2.1
   Compiling solana-blake3-hasher v2.2.1
   Compiling solana-compute-budget-interface v3.0.0
   Compiling solana-borsh v3.0.2
   Compiling bs58 v0.5.1
   Compiling solana-native-token v2.3.0
   Compiling solana-program-option v2.2.1
   Compiling solana-program v2.3.0
   Compiling solana-bpf-loader-program v4.2.1
   Compiling solana-compute-budget-instruction v4.2.1
   Compiling solana-vote-program v4.2.1
   Compiling aspis-statement v0.1.0 (/home/dombarker/project-offloads/aspis-v8-devnet-smoke-20260909/crates/aspis-statement)
warning: unexpected `cfg` condition value: `solana`
  --> /home/dombarker/project-offloads/aspis-v8-devnet-smoke-20260909/crates/aspis-statement/src/lib.rs:14:11
   |
14 | #[cfg(not(target_os = "solana"))]
   |           ^^^^^^^^^^^^^^^^^^^^
   |
   = note: expected values for `target_os` are: `aix`, `amdhsa`, `android`, `cuda`, `cygwin`, `dragonfly`, `emscripten`, `espidf`, `freebsd`, `fuchsia`, `haiku`, `helenos`, `hermit`, `horizon`, `hurd`, `illumos`, `ios`, `l4re`, `linux`, `lynxos178`, `macos`, `managarm`, `motor`, `netbsd`, `none`, `nto`, `nuttx`, `openbsd`, `psp`, `psx`, `qurt`, `redox`, `rtems`, `solaris`, and `solid_asp3` and 14 more
   = note: see <https://doc.rust-lang.org/nightly/rustc/check-cfg/cargo-specifics.html> for more information about checking conditional configuration
   = note: `#[warn(unexpected_cfgs)]` on by default

warning: unexpected `cfg` condition value: `solana`
  --> /home/dombarker/project-offloads/aspis-v8-devnet-smoke-20260909/crates/aspis-statement/src/lib.rs:17:11
   |
17 | #[cfg(not(target_os = "solana"))]
   |           ^^^^^^^^^^^^^^^^^^^^
   |
   = note: expected values for `target_os` are: `aix`, `amdhsa`, `android`, `cuda`, `cygwin`, `dragonfly`, `emscripten`, `espidf`, `freebsd`, `fuchsia`, `haiku`, `helenos`, `hermit`, `horizon`, `hurd`, `illumos`, `ios`, `l4re`, `linux`, `lynxos178`, `macos`, `managarm`, `motor`, `netbsd`, `none`, `nto`, `nuttx`, `openbsd`, `psp`, `psx`, `qurt`, `redox`, `rtems`, `solaris`, and `solid_asp3` and 14 more
   = note: see <https://doc.rust-lang.org/nightly/rustc/check-cfg/cargo-specifics.html> for more information about checking conditional configuration

warning: unexpected `cfg` condition value: `solana`
  --> /home/dombarker/project-offloads/aspis-v8-devnet-smoke-20260909/crates/aspis-statement/src/lib.rs:24:15
   |
24 | #[cfg(any(not(target_os = "solana"), feature = "pool-v1-kernel"))]
   |               ^^^^^^^^^^^^^^^^^^^^
   |
   = note: expected values for `target_os` are: `aix`, `amdhsa`, `android`, `cuda`, `cygwin`, `dragonfly`, `emscripten`, `espidf`, `freebsd`, `fuchsia`, `haiku`, `helenos`, `hermit`, `horizon`, `hurd`, `illumos`, `ios`, `l4re`, `linux`, `lynxos178`, `macos`, `managarm`, `motor`, `netbsd`, `none`, `nto`, `nuttx`, `openbsd`, `psp`, `psx`, `qurt`, `redox`, `rtems`, `solaris`, and `solid_asp3` and 14 more
   = note: see <https://doc.rust-lang.org/nightly/rustc/check-cfg/cargo-specifics.html> for more information about checking conditional configuration

warning: unexpected `cfg` condition value: `solana`
  --> /home/dombarker/project-offloads/aspis-v8-devnet-smoke-20260909/crates/aspis-statement/src/lib.rs:28:11
   |
28 | #[cfg(not(target_os = "solana"))]
   |           ^^^^^^^^^^^^^^^^^^^^
   |
   = note: expected values for `target_os` are: `aix`, `amdhsa`, `android`, `cuda`, `cygwin`, `dragonfly`, `emscripten`, `espidf`, `freebsd`, `fuchsia`, `haiku`, `helenos`, `hermit`, `horizon`, `hurd`, `illumos`, `ios`, `l4re`, `linux`, `lynxos178`, `macos`, `managarm`, `motor`, `netbsd`, `none`, `nto`, `nuttx`, `openbsd`, `psp`, `psx`, `qurt`, `redox`, `rtems`, `solaris`, and `solid_asp3` and 14 more
   = note: see <https://doc.rust-lang.org/nightly/rustc/check-cfg/cargo-specifics.html> for more information about checking conditional configuration

warning: unexpected `cfg` condition value: `solana`
  --> /home/dombarker/project-offloads/aspis-v8-devnet-smoke-20260909/crates/aspis-statement/src/lib.rs:31:11
   |
31 | #[cfg(not(target_os = "solana"))]
   |           ^^^^^^^^^^^^^^^^^^^^
   |
   = note: expected values for `target_os` are: `aix`, `amdhsa`, `android`, `cuda`, `cygwin`, `dragonfly`, `emscripten`, `espidf`, `freebsd`, `fuchsia`, `haiku`, `helenos`, `hermit`, `horizon`, `hurd`, `illumos`, `ios`, `l4re`, `linux`, `lynxos178`, `macos`, `managarm`, `motor`, `netbsd`, `none`, `nto`, `nuttx`, `openbsd`, `psp`, `psx`, `qurt`, `redox`, `rtems`, `solaris`, and `solid_asp3` and 14 more
   = note: see <https://doc.rust-lang.org/nightly/rustc/check-cfg/cargo-specifics.html> for more information about checking conditional configuration

warning: unexpected `cfg` condition value: `solana`
  --> /home/dombarker/project-offloads/aspis-v8-devnet-smoke-20260909/crates/aspis-statement/src/lib.rs:35:11
   |
35 | #[cfg(not(target_os = "solana"))]
   |           ^^^^^^^^^^^^^^^^^^^^
   |
   = note: expected values for `target_os` are: `aix`, `amdhsa`, `android`, `cuda`, `cygwin`, `dragonfly`, `emscripten`, `espidf`, `freebsd`, `fuchsia`, `haiku`, `helenos`, `hermit`, `horizon`, `hurd`, `illumos`, `ios`, `l4re`, `linux`, `lynxos178`, `macos`, `managarm`, `motor`, `netbsd`, `none`, `nto`, `nuttx`, `openbsd`, `psp`, `psx`, `qurt`, `redox`, `rtems`, `solaris`, and `solid_asp3` and 14 more
   = note: see <https://doc.rust-lang.org/nightly/rustc/check-cfg/cargo-specifics.html> for more information about checking conditional configuration

warning: unexpected `cfg` condition value: `solana`
  --> /home/dombarker/project-offloads/aspis-v8-devnet-smoke-20260909/crates/aspis-statement/src/lib.rs:67:11
   |
67 | #[cfg(not(target_os = "solana"))]
   |           ^^^^^^^^^^^^^^^^^^^^
   |
   = note: expected values for `target_os` are: `aix`, `amdhsa`, `android`, `cuda`, `cygwin`, `dragonfly`, `emscripten`, `espidf`, `freebsd`, `fuchsia`, `haiku`, `helenos`, `hermit`, `horizon`, `hurd`, `illumos`, `ios`, `l4re`, `linux`, `lynxos178`, `macos`, `managarm`, `motor`, `netbsd`, `none`, `nto`, `nuttx`, `openbsd`, `psp`, `psx`, `qurt`, `redox`, `rtems`, `solaris`, and `solid_asp3` and 14 more
   = note: see <https://doc.rust-lang.org/nightly/rustc/check-cfg/cargo-specifics.html> for more information about checking conditional configuration

warning: unexpected `cfg` condition value: `solana`
   --> /home/dombarker/project-offloads/aspis-v8-devnet-smoke-20260909/crates/aspis-statement/src/lib.rs:117:11
    |
117 | #[cfg(not(target_os = "solana"))]
    |           ^^^^^^^^^^^^^^^^^^^^
    |
    = note: expected values for `target_os` are: `aix`, `amdhsa`, `android`, `cuda`, `cygwin`, `dragonfly`, `emscripten`, `espidf`, `freebsd`, `fuchsia`, `haiku`, `helenos`, `hermit`, `horizon`, `hurd`, `illumos`, `ios`, `l4re`, `linux`, `lynxos178`, `macos`, `managarm`, `motor`, `netbsd`, `none`, `nto`, `nuttx`, `openbsd`, `psp`, `psx`, `qurt`, `redox`, `rtems`, `solaris`, and `solid_asp3` and 14 more
    = note: see <https://doc.rust-lang.org/nightly/rustc/check-cfg/cargo-specifics.html> for more information about checking conditional configuration

warning: unexpected `cfg` condition value: `solana`
   --> /home/dombarker/project-offloads/aspis-v8-devnet-smoke-20260909/crates/aspis-statement/src/lib.rs:119:11
    |
119 | #[cfg(not(target_os = "solana"))]
    |           ^^^^^^^^^^^^^^^^^^^^
    |
    = note: expected values for `target_os` are: `aix`, `amdhsa`, `android`, `cuda`, `cygwin`, `dragonfly`, `emscripten`, `espidf`, `freebsd`, `fuchsia`, `haiku`, `helenos`, `hermit`, `horizon`, `hurd`, `illumos`, `ios`, `l4re`, `linux`, `lynxos178`, `macos`, `managarm`, `motor`, `netbsd`, `none`, `nto`, `nuttx`, `openbsd`, `psp`, `psx`, `qurt`, `redox`, `rtems`, `solaris`, and `solid_asp3` and 14 more
    = note: see <https://doc.rust-lang.org/nightly/rustc/check-cfg/cargo-specifics.html> for more information about checking conditional configuration

warning: unexpected `cfg` condition value: `solana`
   --> /home/dombarker/project-offloads/aspis-v8-devnet-smoke-20260909/crates/aspis-statement/src/lib.rs:129:11
    |
129 | #[cfg(not(target_os = "solana"))]
    |           ^^^^^^^^^^^^^^^^^^^^
    |
    = note: expected values for `target_os` are: `aix`, `amdhsa`, `android`, `cuda`, `cygwin`, `dragonfly`, `emscripten`, `espidf`, `freebsd`, `fuchsia`, `haiku`, `helenos`, `hermit`, `horizon`, `hurd`, `illumos`, `ios`, `l4re`, `linux`, `lynxos178`, `macos`, `managarm`, `motor`, `netbsd`, `none`, `nto`, `nuttx`, `openbsd`, `psp`, `psx`, `qurt`, `redox`, `rtems`, `solaris`, and `solid_asp3` and 14 more
    = note: see <https://doc.rust-lang.org/nightly/rustc/check-cfg/cargo-specifics.html> for more information about checking conditional configuration

warning: unexpected `cfg` condition value: `solana`
   --> /home/dombarker/project-offloads/aspis-v8-devnet-smoke-20260909/crates/aspis-statement/src/lib.rs:153:11
    |
153 | #[cfg(not(target_os = "solana"))]
    |           ^^^^^^^^^^^^^^^^^^^^
    |
    = note: expected values for `target_os` are: `aix`, `amdhsa`, `android`, `cuda`, `cygwin`, `dragonfly`, `emscripten`, `espidf`, `freebsd`, `fuchsia`, `haiku`, `helenos`, `hermit`, `horizon`, `hurd`, `illumos`, `ios`, `l4re`, `linux`, `lynxos178`, `macos`, `managarm`, `motor`, `netbsd`, `none`, `nto`, `nuttx`, `openbsd`, `psp`, `psx`, `qurt`, `redox`, `rtems`, `solaris`, and `solid_asp3` and 14 more
    = note: see <https://doc.rust-lang.org/nightly/rustc/check-cfg/cargo-specifics.html> for more information about checking conditional configuration

warning: unexpected `cfg` condition value: `solana`
   --> /home/dombarker/project-offloads/aspis-v8-devnet-smoke-20260909/crates/aspis-statement/src/constraints_v4.rs:723:11
    |
723 | #[cfg(not(target_os = "solana"))]
    |           ^^^^^^^^^^^^^^^^^^^^
    |
    = note: expected values for `target_os` are: `aix`, `amdhsa`, `android`, `cuda`, `cygwin`, `dragonfly`, `emscripten`, `espidf`, `freebsd`, `fuchsia`, `haiku`, `helenos`, `hermit`, `horizon`, `hurd`, `illumos`, `ios`, `l4re`, `linux`, `lynxos178`, `macos`, `managarm`, `motor`, `netbsd`, `none`, `nto`, `nuttx`, `openbsd`, `psp`, `psx`, `qurt`, `redox`, `rtems`, `solaris`, and `solid_asp3` and 14 more
    = note: see <https://doc.rust-lang.org/nightly/rustc/check-cfg/cargo-specifics.html> for more information about checking conditional configuration

warning: unexpected `cfg` condition value: `solana`
   --> /home/dombarker/project-offloads/aspis-v8-devnet-smoke-20260909/crates/aspis-statement/src/constraints_v4.rs:734:11
    |
734 | #[cfg(not(target_os = "solana"))]
    |           ^^^^^^^^^^^^^^^^^^^^
    |
    = note: expected values for `target_os` are: `aix`, `amdhsa`, `android`, `cuda`, `cygwin`, `dragonfly`, `emscripten`, `espidf`, `freebsd`, `fuchsia`, `haiku`, `helenos`, `hermit`, `horizon`, `hurd`, `illumos`, `ios`, `l4re`, `linux`, `lynxos178`, `macos`, `managarm`, `motor`, `netbsd`, `none`, `nto`, `nuttx`, `openbsd`, `psp`, `psx`, `qurt`, `redox`, `rtems`, `solaris`, and `solid_asp3` and 14 more
    = note: see <https://doc.rust-lang.org/nightly/rustc/check-cfg/cargo-specifics.html> for more information about checking conditional configuration

warning: unexpected `cfg` condition value: `solana`
   --> /home/dombarker/project-offloads/aspis-v8-devnet-smoke-20260909/crates/aspis-statement/src/constraints_v4.rs:749:11
    |
749 | #[cfg(not(target_os = "solana"))]
    |           ^^^^^^^^^^^^^^^^^^^^
    |
    = note: expected values for `target_os` are: `aix`, `amdhsa`, `android`, `cuda`, `cygwin`, `dragonfly`, `emscripten`, `espidf`, `freebsd`, `fuchsia`, `haiku`, `helenos`, `hermit`, `horizon`, `hurd`, `illumos`, `ios`, `l4re`, `linux`, `lynxos178`, `macos`, `managarm`, `motor`, `netbsd`, `none`, `nto`, `nuttx`, `openbsd`, `psp`, `psx`, `qurt`, `redox`, `rtems`, `solaris`, and `solid_asp3` and 14 more
    = note: see <https://doc.rust-lang.org/nightly/rustc/check-cfg/cargo-specifics.html> for more information about checking conditional configuration

warning: unexpected `cfg` condition value: `solana`
    --> /home/dombarker/project-offloads/aspis-v8-devnet-smoke-20260909/crates/aspis-statement/src/constraints_v4.rs:2602:11
     |
2602 | #[cfg(not(target_os = "solana"))]
     |           ^^^^^^^^^^^^^^^^^^^^
     |
     = note: expected values for `target_os` are: `aix`, `amdhsa`, `android`, `cuda`, `cygwin`, `dragonfly`, `emscripten`, `espidf`, `freebsd`, `fuchsia`, `haiku`, `helenos`, `hermit`, `horizon`, `hurd`, `illumos`, `ios`, `l4re`, `linux`, `lynxos178`, `macos`, `managarm`, `motor`, `netbsd`, `none`, `nto`, `nuttx`, `openbsd`, `psp`, `psx`, `qurt`, `redox`, `rtems`, `solaris`, and `solid_asp3` and 14 more
     = note: see <https://doc.rust-lang.org/nightly/rustc/check-cfg/cargo-specifics.html> for more information about checking conditional configuration

warning: unexpected `cfg` condition value: `solana`
    --> /home/dombarker/project-offloads/aspis-v8-devnet-smoke-20260909/crates/aspis-statement/src/constraints_v4.rs:2766:11
     |
2766 | #[cfg(not(target_os = "solana"))]
     |           ^^^^^^^^^^^^^^^^^^^^
     |
     = note: expected values for `target_os` are: `aix`, `amdhsa`, `android`, `cuda`, `cygwin`, `dragonfly`, `emscripten`, `espidf`, `freebsd`, `fuchsia`, `haiku`, `helenos`, `hermit`, `horizon`, `hurd`, `illumos`, `ios`, `l4re`, `linux`, `lynxos178`, `macos`, `managarm`, `motor`, `netbsd`, `none`, `nto`, `nuttx`, `openbsd`, `psp`, `psx`, `qurt`, `redox`, `rtems`, `solaris`, and `solid_asp3` and 14 more
     = note: see <https://doc.rust-lang.org/nightly/rustc/check-cfg/cargo-specifics.html> for more information about checking conditional configuration

warning: unexpected `cfg` condition value: `solana`
    --> /home/dombarker/project-offloads/aspis-v8-devnet-smoke-20260909/crates/aspis-statement/src/constraints_v4.rs:2776:11
     |
2776 | #[cfg(not(target_os = "solana"))]
     |           ^^^^^^^^^^^^^^^^^^^^
     |
     = note: expected values for `target_os` are: `aix`, `amdhsa`, `android`, `cuda`, `cygwin`, `dragonfly`, `emscripten`, `espidf`, `freebsd`, `fuchsia`, `haiku`, `helenos`, `hermit`, `horizon`, `hurd`, `illumos`, `ios`, `l4re`, `linux`, `lynxos178`, `macos`, `managarm`, `motor`, `netbsd`, `none`, `nto`, `nuttx`, `openbsd`, `psp`, `psx`, `qurt`, `redox`, `rtems`, `solaris`, and `solid_asp3` and 14 more
     = note: see <https://doc.rust-lang.org/nightly/rustc/check-cfg/cargo-specifics.html> for more information about checking conditional configuration

warning: unexpected `cfg` condition value: `solana`
    --> /home/dombarker/project-offloads/aspis-v8-devnet-smoke-20260909/crates/aspis-statement/src/constraints_v4.rs:2790:11
     |
2790 | #[cfg(not(target_os = "solana"))]
     |           ^^^^^^^^^^^^^^^^^^^^
     |
     = note: expected values for `target_os` are: `aix`, `amdhsa`, `android`, `cuda`, `cygwin`, `dragonfly`, `emscripten`, `espidf`, `freebsd`, `fuchsia`, `haiku`, `helenos`, `hermit`, `horizon`, `hurd`, `illumos`, `ios`, `l4re`, `linux`, `lynxos178`, `macos`, `managarm`, `motor`, `netbsd`, `none`, `nto`, `nuttx`, `openbsd`, `psp`, `psx`, `qurt`, `redox`, `rtems`, `solaris`, and `solid_asp3` and 14 more
     = note: see <https://doc.rust-lang.org/nightly/rustc/check-cfg/cargo-specifics.html> for more information about checking conditional configuration

warning: unused imports: `visit_copy_exceptional_terminal_links` and `visit_copy_terminal_links`
  --> /home/dombarker/project-offloads/aspis-v8-devnet-smoke-20260909/crates/aspis-statement/src/constraints_v4.rs:32:5
   |
32 |     visit_copy_exceptional_terminal_links, visit_copy_links, visit_copy_terminal_links,
   |     ^^^^^^^^^^^^^^^^^^^^^^^^^^^^^^^^^^^^^                    ^^^^^^^^^^^^^^^^^^^^^^^^^
   |
   = note: `#[warn(unused_imports)]` (part of `#[warn(unused)]`) on by default

warning: unexpected `cfg` condition value: `solana`
  --> /home/dombarker/project-offloads/aspis-v8-devnet-smoke-20260909/crates/aspis-statement/src/pool_v1/mod.rs:16:11
   |
16 | #[cfg(not(target_os = "solana"))]
   |           ^^^^^^^^^^^^^^^^^^^^
   |
   = note: expected values for `target_os` are: `aix`, `amdhsa`, `android`, `cuda`, `cygwin`, `dragonfly`, `emscripten`, `espidf`, `freebsd`, `fuchsia`, `haiku`, `helenos`, `hermit`, `horizon`, `hurd`, `illumos`, `ios`, `l4re`, `linux`, `lynxos178`, `macos`, `managarm`, `motor`, `netbsd`, `none`, `nto`, `nuttx`, `openbsd`, `psp`, `psx`, `qurt`, `redox`, `rtems`, `solaris`, and `solid_asp3` and 14 more
   = note: see <https://doc.rust-lang.org/nightly/rustc/check-cfg/cargo-specifics.html> for more information about checking conditional configuration

warning: unexpected `cfg` condition value: `solana`
  --> /home/dombarker/project-offloads/aspis-v8-devnet-smoke-20260909/crates/aspis-statement/src/pool_v1/mod.rs:19:11
   |
19 | #[cfg(not(target_os = "solana"))]
   |           ^^^^^^^^^^^^^^^^^^^^
   |
   = note: expected values for `target_os` are: `aix`, `amdhsa`, `android`, `cuda`, `cygwin`, `dragonfly`, `emscripten`, `espidf`, `freebsd`, `fuchsia`, `haiku`, `helenos`, `hermit`, `horizon`, `hurd`, `illumos`, `ios`, `l4re`, `linux`, `lynxos178`, `macos`, `managarm`, `motor`, `netbsd`, `none`, `nto`, `nuttx`, `openbsd`, `psp`, `psx`, `qurt`, `redox`, `rtems`, `solaris`, and `solid_asp3` and 14 more
   = note: see <https://doc.rust-lang.org/nightly/rustc/check-cfg/cargo-specifics.html> for more information about checking conditional configuration

warning: unexpected `cfg` condition value: `solana`
  --> /home/dombarker/project-offloads/aspis-v8-devnet-smoke-20260909/crates/aspis-statement/src/pool_v1/mod.rs:22:11
   |
22 | #[cfg(not(target_os = "solana"))]
   |           ^^^^^^^^^^^^^^^^^^^^
   |
   = note: expected values for `target_os` are: `aix`, `amdhsa`, `android`, `cuda`, `cygwin`, `dragonfly`, `emscripten`, `espidf`, `freebsd`, `fuchsia`, `haiku`, `helenos`, `hermit`, `horizon`, `hurd`, `illumos`, `ios`, `l4re`, `linux`, `lynxos178`, `macos`, `managarm`, `motor`, `netbsd`, `none`, `nto`, `nuttx`, `openbsd`, `psp`, `psx`, `qurt`, `redox`, `rtems`, `solaris`, and `solid_asp3` and 14 more
   = note: see <https://doc.rust-lang.org/nightly/rustc/check-cfg/cargo-specifics.html> for more information about checking conditional configuration

warning: unexpected `cfg` condition value: `solana`
  --> /home/dombarker/project-offloads/aspis-v8-devnet-smoke-20260909/crates/aspis-statement/src/pool_v1/mod.rs:24:11
   |
24 | #[cfg(not(target_os = "solana"))]
   |           ^^^^^^^^^^^^^^^^^^^^
   |
   = note: expected values for `target_os` are: `aix`, `amdhsa`, `android`, `cuda`, `cygwin`, `dragonfly`, `emscripten`, `espidf`, `freebsd`, `fuchsia`, `haiku`, `helenos`, `hermit`, `horizon`, `hurd`, `illumos`, `ios`, `l4re`, `linux`, `lynxos178`, `macos`, `managarm`, `motor`, `netbsd`, `none`, `nto`, `nuttx`, `openbsd`, `psp`, `psx`, `qurt`, `redox`, `rtems`, `solaris`, and `solid_asp3` and 14 more
   = note: see <https://doc.rust-lang.org/nightly/rustc/check-cfg/cargo-specifics.html> for more information about checking conditional configuration

warning: unexpected `cfg` condition value: `solana`
  --> /home/dombarker/project-offloads/aspis-v8-devnet-smoke-20260909/crates/aspis-statement/src/pool_v1/mod.rs:28:11
   |
28 | #[cfg(not(target_os = "solana"))]
   |           ^^^^^^^^^^^^^^^^^^^^
   |
   = note: expected values for `target_os` are: `aix`, `amdhsa`, `android`, `cuda`, `cygwin`, `dragonfly`, `emscripten`, `espidf`, `freebsd`, `fuchsia`, `haiku`, `helenos`, `hermit`, `horizon`, `hurd`, `illumos`, `ios`, `l4re`, `linux`, `lynxos178`, `macos`, `managarm`, `motor`, `netbsd`, `none`, `nto`, `nuttx`, `openbsd`, `psp`, `psx`, `qurt`, `redox`, `rtems`, `solaris`, and `solid_asp3` and 14 more
   = note: see <https://doc.rust-lang.org/nightly/rustc/check-cfg/cargo-specifics.html> for more information about checking conditional configuration

warning: unexpected `cfg` condition value: `solana`
  --> /home/dombarker/project-offloads/aspis-v8-devnet-smoke-20260909/crates/aspis-statement/src/pool_v1/mod.rs:31:11
   |
31 | #[cfg(not(target_os = "solana"))]
   |           ^^^^^^^^^^^^^^^^^^^^
   |
   = note: expected values for `target_os` are: `aix`, `amdhsa`, `android`, `cuda`, `cygwin`, `dragonfly`, `emscripten`, `espidf`, `freebsd`, `fuchsia`, `haiku`, `helenos`, `hermit`, `horizon`, `hurd`, `illumos`, `ios`, `l4re`, `linux`, `lynxos178`, `macos`, `managarm`, `motor`, `netbsd`, `none`, `nto`, `nuttx`, `openbsd`, `psp`, `psx`, `qurt`, `redox`, `rtems`, `solaris`, and `solid_asp3` and 14 more
   = note: see <https://doc.rust-lang.org/nightly/rustc/check-cfg/cargo-specifics.html> for more information about checking conditional configuration

warning: unexpected `cfg` condition value: `solana`
  --> /home/dombarker/project-offloads/aspis-v8-devnet-smoke-20260909/crates/aspis-statement/src/pool_v1/mod.rs:33:11
   |
33 | #[cfg(not(target_os = "solana"))]
   |           ^^^^^^^^^^^^^^^^^^^^
   |
   = note: expected values for `target_os` are: `aix`, `amdhsa`, `android`, `cuda`, `cygwin`, `dragonfly`, `emscripten`, `espidf`, `freebsd`, `fuchsia`, `haiku`, `helenos`, `hermit`, `horizon`, `hurd`, `illumos`, `ios`, `l4re`, `linux`, `lynxos178`, `macos`, `managarm`, `motor`, `netbsd`, `none`, `nto`, `nuttx`, `openbsd`, `psp`, `psx`, `qurt`, `redox`, `rtems`, `solaris`, and `solid_asp3` and 14 more
   = note: see <https://doc.rust-lang.org/nightly/rustc/check-cfg/cargo-specifics.html> for more information about checking conditional configuration

warning: unexpected `cfg` condition value: `solana`
  --> /home/dombarker/project-offloads/aspis-v8-devnet-smoke-20260909/crates/aspis-statement/src/pool_v1/mod.rs:36:11
   |
36 | #[cfg(not(target_os = "solana"))]
   |           ^^^^^^^^^^^^^^^^^^^^
   |
   = note: expected values for `target_os` are: `aix`, `amdhsa`, `android`, `cuda`, `cygwin`, `dragonfly`, `emscripten`, `espidf`, `freebsd`, `fuchsia`, `haiku`, `helenos`, `hermit`, `horizon`, `hurd`, `illumos`, `ios`, `l4re`, `linux`, `lynxos178`, `macos`, `managarm`, `motor`, `netbsd`, `none`, `nto`, `nuttx`, `openbsd`, `psp`, `psx`, `qurt`, `redox`, `rtems`, `solaris`, and `solid_asp3` and 14 more
   = note: see <https://doc.rust-lang.org/nightly/rustc/check-cfg/cargo-specifics.html> for more information about checking conditional configuration

warning: unexpected `cfg` condition value: `solana`
  --> /home/dombarker/project-offloads/aspis-v8-devnet-smoke-20260909/crates/aspis-statement/src/pool_v1/mod.rs:38:11
   |
38 | #[cfg(not(target_os = "solana"))]
   |           ^^^^^^^^^^^^^^^^^^^^
   |
   = note: expected values for `target_os` are: `aix`, `amdhsa`, `android`, `cuda`, `cygwin`, `dragonfly`, `emscripten`, `espidf`, `freebsd`, `fuchsia`, `haiku`, `helenos`, `hermit`, `horizon`, `hurd`, `illumos`, `ios`, `l4re`, `linux`, `lynxos178`, `macos`, `managarm`, `motor`, `netbsd`, `none`, `nto`, `nuttx`, `openbsd`, `psp`, `psx`, `qurt`, `redox`, `rtems`, `solaris`, and `solid_asp3` and 14 more
   = note: see <https://doc.rust-lang.org/nightly/rustc/check-cfg/cargo-specifics.html> for more information about checking conditional configuration

warning: unexpected `cfg` condition value: `solana`
  --> /home/dombarker/project-offloads/aspis-v8-devnet-smoke-20260909/crates/aspis-statement/src/pool_v1/mod.rs:41:11
   |
41 | #[cfg(not(target_os = "solana"))]
   |           ^^^^^^^^^^^^^^^^^^^^
   |
   = note: expected values for `target_os` are: `aix`, `amdhsa`, `android`, `cuda`, `cygwin`, `dragonfly`, `emscripten`, `espidf`, `freebsd`, `fuchsia`, `haiku`, `helenos`, `hermit`, `horizon`, `hurd`, `illumos`, `ios`, `l4re`, `linux`, `lynxos178`, `macos`, `managarm`, `motor`, `netbsd`, `none`, `nto`, `nuttx`, `openbsd`, `psp`, `psx`, `qurt`, `redox`, `rtems`, `solaris`, and `solid_asp3` and 14 more
   = note: see <https://doc.rust-lang.org/nightly/rustc/check-cfg/cargo-specifics.html> for more information about checking conditional configuration

warning: unexpected `cfg` condition value: `solana`
  --> /home/dombarker/project-offloads/aspis-v8-devnet-smoke-20260909/crates/aspis-statement/src/pool_v1/mod.rs:43:11
   |
43 | #[cfg(not(target_os = "solana"))]
   |           ^^^^^^^^^^^^^^^^^^^^
   |
   = note: expected values for `target_os` are: `aix`, `amdhsa`, `android`, `cuda`, `cygwin`, `dragonfly`, `emscripten`, `espidf`, `freebsd`, `fuchsia`, `haiku`, `helenos`, `hermit`, `horizon`, `hurd`, `illumos`, `ios`, `l4re`, `linux`, `lynxos178`, `macos`, `managarm`, `motor`, `netbsd`, `none`, `nto`, `nuttx`, `openbsd`, `psp`, `psx`, `qurt`, `redox`, `rtems`, `solaris`, and `solid_asp3` and 14 more
   = note: see <https://doc.rust-lang.org/nightly/rustc/check-cfg/cargo-specifics.html> for more information about checking conditional configuration

warning: unexpected `cfg` condition value: `solana`
  --> /home/dombarker/project-offloads/aspis-v8-devnet-smoke-20260909/crates/aspis-statement/src/pool_v1/mod.rs:46:11
   |
46 | #[cfg(not(target_os = "solana"))]
   |           ^^^^^^^^^^^^^^^^^^^^
   |
   = note: expected values for `target_os` are: `aix`, `amdhsa`, `android`, `cuda`, `cygwin`, `dragonfly`, `emscripten`, `espidf`, `freebsd`, `fuchsia`, `haiku`, `helenos`, `hermit`, `horizon`, `hurd`, `illumos`, `ios`, `l4re`, `linux`, `lynxos178`, `macos`, `managarm`, `motor`, `netbsd`, `none`, `nto`, `nuttx`, `openbsd`, `psp`, `psx`, `qurt`, `redox`, `rtems`, `solaris`, and `solid_asp3` and 14 more
   = note: see <https://doc.rust-lang.org/nightly/rustc/check-cfg/cargo-specifics.html> for more information about checking conditional configuration

warning: unexpected `cfg` condition value: `solana`
   --> /home/dombarker/project-offloads/aspis-v8-devnet-smoke-20260909/crates/aspis-statement/src/pool_v1/mod.rs:123:11
    |
123 | #[cfg(not(target_os = "solana"))]
    |           ^^^^^^^^^^^^^^^^^^^^
    |
    = note: expected values for `target_os` are: `aix`, `amdhsa`, `android`, `cuda`, `cygwin`, `dragonfly`, `emscripten`, `espidf`, `freebsd`, `fuchsia`, `haiku`, `helenos`, `hermit`, `horizon`, `hurd`, `illumos`, `ios`, `l4re`, `linux`, `lynxos178`, `macos`, `managarm`, `motor`, `netbsd`, `none`, `nto`, `nuttx`, `openbsd`, `psp`, `psx`, `qurt`, `redox`, `rtems`, `solaris`, and `solid_asp3` and 14 more
    = note: see <https://doc.rust-lang.org/nightly/rustc/check-cfg/cargo-specifics.html> for more information about checking conditional configuration

warning: unexpected `cfg` condition value: `solana`
   --> /home/dombarker/project-offloads/aspis-v8-devnet-smoke-20260909/crates/aspis-statement/src/pool_v1/mod.rs:173:11
    |
173 | #[cfg(not(target_os = "solana"))]
    |           ^^^^^^^^^^^^^^^^^^^^
    |
    = note: expected values for `target_os` are: `aix`, `amdhsa`, `android`, `cuda`, `cygwin`, `dragonfly`, `emscripten`, `espidf`, `freebsd`, `fuchsia`, `haiku`, `helenos`, `hermit`, `horizon`, `hurd`, `illumos`, `ios`, `l4re`, `linux`, `lynxos178`, `macos`, `managarm`, `motor`, `netbsd`, `none`, `nto`, `nuttx`, `openbsd`, `psp`, `psx`, `qurt`, `redox`, `rtems`, `solaris`, and `solid_asp3` and 14 more
    = note: see <https://doc.rust-lang.org/nightly/rustc/check-cfg/cargo-specifics.html> for more information about checking conditional configuration

warning: unexpected `cfg` condition value: `solana`
   --> /home/dombarker/project-offloads/aspis-v8-devnet-smoke-20260909/crates/aspis-statement/src/pool_v1/mod.rs:190:11
    |
190 | #[cfg(not(target_os = "solana"))]
    |           ^^^^^^^^^^^^^^^^^^^^
    |
    = note: expected values for `target_os` are: `aix`, `amdhsa`, `android`, `cuda`, `cygwin`, `dragonfly`, `emscripten`, `espidf`, `freebsd`, `fuchsia`, `haiku`, `helenos`, `hermit`, `horizon`, `hurd`, `illumos`, `ios`, `l4re`, `linux`, `lynxos178`, `macos`, `managarm`, `motor`, `netbsd`, `none`, `nto`, `nuttx`, `openbsd`, `psp`, `psx`, `qurt`, `redox`, `rtems`, `solaris`, and `solid_asp3` and 14 more
    = note: see <https://doc.rust-lang.org/nightly/rustc/check-cfg/cargo-specifics.html> for more information about checking conditional configuration

warning: unexpected `cfg` condition value: `solana`
   --> /home/dombarker/project-offloads/aspis-v8-devnet-smoke-20260909/crates/aspis-statement/src/pool_v1/mod.rs:231:11
    |
231 | #[cfg(not(target_os = "solana"))]
    |           ^^^^^^^^^^^^^^^^^^^^
    |
    = note: expected values for `target_os` are: `aix`, `amdhsa`, `android`, `cuda`, `cygwin`, `dragonfly`, `emscripten`, `espidf`, `freebsd`, `fuchsia`, `haiku`, `helenos`, `hermit`, `horizon`, `hurd`, `illumos`, `ios`, `l4re`, `linux`, `lynxos178`, `macos`, `managarm`, `motor`, `netbsd`, `none`, `nto`, `nuttx`, `openbsd`, `psp`, `psx`, `qurt`, `redox`, `rtems`, `solaris`, and `solid_asp3` and 14 more
    = note: see <https://doc.rust-lang.org/nightly/rustc/check-cfg/cargo-specifics.html> for more information about checking conditional configuration

warning: unexpected `cfg` condition value: `solana`
   --> /home/dombarker/project-offloads/aspis-v8-devnet-smoke-20260909/crates/aspis-statement/src/pool_v1/mod.rs:235:11
    |
235 | #[cfg(not(target_os = "solana"))]
    |           ^^^^^^^^^^^^^^^^^^^^
    |
    = note: expected values for `target_os` are: `aix`, `amdhsa`, `android`, `cuda`, `cygwin`, `dragonfly`, `emscripten`, `espidf`, `freebsd`, `fuchsia`, `haiku`, `helenos`, `hermit`, `horizon`, `hurd`, `illumos`, `ios`, `l4re`, `linux`, `lynxos178`, `macos`, `managarm`, `motor`, `netbsd`, `none`, `nto`, `nuttx`, `openbsd`, `psp`, `psx`, `qurt`, `redox`, `rtems`, `solaris`, and `solid_asp3` and 14 more
    = note: see <https://doc.rust-lang.org/nightly/rustc/check-cfg/cargo-specifics.html> for more information about checking conditional configuration

warning: unexpected `cfg` condition value: `solana`
   --> /home/dombarker/project-offloads/aspis-v8-devnet-smoke-20260909/crates/aspis-statement/src/pool_v1/mod.rs:258:11
    |
258 | #[cfg(not(target_os = "solana"))]
    |           ^^^^^^^^^^^^^^^^^^^^
    |
    = note: expected values for `target_os` are: `aix`, `amdhsa`, `android`, `cuda`, `cygwin`, `dragonfly`, `emscripten`, `espidf`, `freebsd`, `fuchsia`, `haiku`, `helenos`, `hermit`, `horizon`, `hurd`, `illumos`, `ios`, `l4re`, `linux`, `lynxos178`, `macos`, `managarm`, `motor`, `netbsd`, `none`, `nto`, `nuttx`, `openbsd`, `psp`, `psx`, `qurt`, `redox`, `rtems`, `solaris`, and `solid_asp3` and 14 more
    = note: see <https://doc.rust-lang.org/nightly/rustc/check-cfg/cargo-specifics.html> for more information about checking conditional configuration

warning: unexpected `cfg` condition value: `solana`
   --> /home/dombarker/project-offloads/aspis-v8-devnet-smoke-20260909/crates/aspis-statement/src/pool_v1/mod.rs:301:11
    |
301 | #[cfg(not(target_os = "solana"))]
    |           ^^^^^^^^^^^^^^^^^^^^
    |
    = note: expected values for `target_os` are: `aix`, `amdhsa`, `android`, `cuda`, `cygwin`, `dragonfly`, `emscripten`, `espidf`, `freebsd`, `fuchsia`, `haiku`, `helenos`, `hermit`, `horizon`, `hurd`, `illumos`, `ios`, `l4re`, `linux`, `lynxos178`, `macos`, `managarm`, `motor`, `netbsd`, `none`, `nto`, `nuttx`, `openbsd`, `psp`, `psx`, `qurt`, `redox`, `rtems`, `solaris`, and `solid_asp3` and 14 more
    = note: see <https://doc.rust-lang.org/nightly/rustc/check-cfg/cargo-specifics.html> for more information about checking conditional configuration

warning: unexpected `cfg` condition value: `solana`
   --> /home/dombarker/project-offloads/aspis-v8-devnet-smoke-20260909/crates/aspis-statement/src/pool_v1/mod.rs:313:11
    |
313 | #[cfg(not(target_os = "solana"))]
    |           ^^^^^^^^^^^^^^^^^^^^
    |
    = note: expected values for `target_os` are: `aix`, `amdhsa`, `android`, `cuda`, `cygwin`, `dragonfly`, `emscripten`, `espidf`, `freebsd`, `fuchsia`, `haiku`, `helenos`, `hermit`, `horizon`, `hurd`, `illumos`, `ios`, `l4re`, `linux`, `lynxos178`, `macos`, `managarm`, `motor`, `netbsd`, `none`, `nto`, `nuttx`, `openbsd`, `psp`, `psx`, `qurt`, `redox`, `rtems`, `solaris`, and `solid_asp3` and 14 more
    = note: see <https://doc.rust-lang.org/nightly/rustc/check-cfg/cargo-specifics.html> for more information about checking conditional configuration

warning: unexpected `cfg` condition value: `solana`
   --> /home/dombarker/project-offloads/aspis-v8-devnet-smoke-20260909/crates/aspis-statement/src/pool_v1/mod.rs:359:11
    |
359 | #[cfg(not(target_os = "solana"))]
    |           ^^^^^^^^^^^^^^^^^^^^
    |
    = note: expected values for `target_os` are: `aix`, `amdhsa`, `android`, `cuda`, `cygwin`, `dragonfly`, `emscripten`, `espidf`, `freebsd`, `fuchsia`, `haiku`, `helenos`, `hermit`, `horizon`, `hurd`, `illumos`, `ios`, `l4re`, `linux`, `lynxos178`, `macos`, `managarm`, `motor`, `netbsd`, `none`, `nto`, `nuttx`, `openbsd`, `psp`, `psx`, `qurt`, `redox`, `rtems`, `solaris`, and `solid_asp3` and 14 more
    = note: see <https://doc.rust-lang.org/nightly/rustc/check-cfg/cargo-specifics.html> for more information about checking conditional configuration

warning: unused import: `vec`
 --> /home/dombarker/project-offloads/aspis-v8-devnet-smoke-20260909/crates/aspis-statement/src/pool_v1/pair_forest_copy_terminal.rs:8:25
  |
8 | use alloc::{boxed::Box, vec};
  |                         ^^^

warning: unexpected `cfg` condition value: `solana`
   --> /home/dombarker/project-offloads/aspis-v8-devnet-smoke-20260909/crates/aspis-statement/src/pool_v1/pair_forest_terminal.rs:626:11
    |
626 | #[cfg(not(target_os = "solana"))]
    |           ^^^^^^^^^^^^^^^^^^^^
    |
    = note: expected values for `target_os` are: `aix`, `amdhsa`, `android`, `cuda`, `cygwin`, `dragonfly`, `emscripten`, `espidf`, `freebsd`, `fuchsia`, `haiku`, `helenos`, `hermit`, `horizon`, `hurd`, `illumos`, `ios`, `l4re`, `linux`, `lynxos178`, `macos`, `managarm`, `motor`, `netbsd`, `none`, `nto`, `nuttx`, `openbsd`, `psp`, `psx`, `qurt`, `redox`, `rtems`, `solaris`, and `solid_asp3` and 14 more
    = note: see <https://doc.rust-lang.org/nightly/rustc/check-cfg/cargo-specifics.html> for more information about checking conditional configuration

warning: unexpected `cfg` condition value: `solana`
   --> /home/dombarker/project-offloads/aspis-v8-devnet-smoke-20260909/crates/aspis-statement/src/pool_v1/pair_forest_terminal.rs:803:11
    |
803 | #[cfg(not(target_os = "solana"))]
    |           ^^^^^^^^^^^^^^^^^^^^
    |
    = note: expected values for `target_os` are: `aix`, `amdhsa`, `android`, `cuda`, `cygwin`, `dragonfly`, `emscripten`, `espidf`, `freebsd`, `fuchsia`, `haiku`, `helenos`, `hermit`, `horizon`, `hurd`, `illumos`, `ios`, `l4re`, `linux`, `lynxos178`, `macos`, `managarm`, `motor`, `netbsd`, `none`, `nto`, `nuttx`, `openbsd`, `psp`, `psx`, `qurt`, `redox`, `rtems`, `solaris`, and `solid_asp3` and 14 more
    = note: see <https://doc.rust-lang.org/nightly/rustc/check-cfg/cargo-specifics.html> for more information about checking conditional configuration

warning: unused import: `decode_pool_v1_pair_late_public_statement_v1`
  --> /home/dombarker/project-offloads/aspis-v8-devnet-smoke-20260909/crates/aspis-statement/src/pool_v1/pair_forest_terminal.rs:15:5
   |
15 |     decode_pool_v1_pair_late_public_statement_v1, decode_pool_v1_pair_verified_afterstate_v1,
   |     ^^^^^^^^^^^^^^^^^^^^^^^^^^^^^^^^^^^^^^^^^^^^

warning: unused import: `pool_v1_note_commitment`
  --> /home/dombarker/project-offloads/aspis-v8-devnet-smoke-20260909/crates/aspis-statement/src/pool_v1/pair_trace.rs:50:5
   |
50 |     pool_v1_note_commitment, pool_v1_nullifier, pool_v1_tree_parent,
   |     ^^^^^^^^^^^^^^^^^^^^^^^

warning: unexpected `cfg` condition value: `solana`
   --> /home/dombarker/project-offloads/aspis-v8-devnet-smoke-20260909/crates/aspis-statement/src/pool_v1/root_history.rs:297:15
    |
297 |     #[cfg(not(target_os = "solana"))]
    |               ^^^^^^^^^^^^^^^^^^^^
    |
    = note: expected values for `target_os` are: `aix`, `amdhsa`, `android`, `cuda`, `cygwin`, `dragonfly`, `emscripten`, `espidf`, `freebsd`, `fuchsia`, `haiku`, `helenos`, `hermit`, `horizon`, `hurd`, `illumos`, `ios`, `l4re`, `linux`, `lynxos178`, `macos`, `managarm`, `motor`, `netbsd`, `none`, `nto`, `nuttx`, `openbsd`, `psp`, `psx`, `qurt`, `redox`, `rtems`, `solaris`, and `solid_asp3` and 14 more
    = note: see <https://doc.rust-lang.org/nightly/rustc/check-cfg/cargo-specifics.html> for more information about checking conditional configuration

warning: unexpected `cfg` condition value: `solana`
   --> /home/dombarker/project-offloads/aspis-v8-devnet-smoke-20260909/crates/aspis-statement/src/pool_v1/root_history.rs:312:15
    |
312 |     #[cfg(not(target_os = "solana"))]
    |               ^^^^^^^^^^^^^^^^^^^^
    |
    = note: expected values for `target_os` are: `aix`, `amdhsa`, `android`, `cuda`, `cygwin`, `dragonfly`, `emscripten`, `espidf`, `freebsd`, `fuchsia`, `haiku`, `helenos`, `hermit`, `horizon`, `hurd`, `illumos`, `ios`, `l4re`, `linux`, `lynxos178`, `macos`, `managarm`, `motor`, `netbsd`, `none`, `nto`, `nuttx`, `openbsd`, `psp`, `psx`, `qurt`, `redox`, `rtems`, `solaris`, and `solid_asp3` and 14 more
    = note: see <https://doc.rust-lang.org/nightly/rustc/check-cfg/cargo-specifics.html> for more information about checking conditional configuration

warning: unexpected `cfg` condition value: `solana`
   --> /home/dombarker/project-offloads/aspis-v8-devnet-smoke-20260909/crates/aspis-statement/src/pool_v1/root_history.rs:407:15
    |
407 |     #[cfg(not(target_os = "solana"))]
    |               ^^^^^^^^^^^^^^^^^^^^
    |
    = note: expected values for `target_os` are: `aix`, `amdhsa`, `android`, `cuda`, `cygwin`, `dragonfly`, `emscripten`, `espidf`, `freebsd`, `fuchsia`, `haiku`, `helenos`, `hermit`, `horizon`, `hurd`, `illumos`, `ios`, `l4re`, `linux`, `lynxos178`, `macos`, `managarm`, `motor`, `netbsd`, `none`, `nto`, `nuttx`, `openbsd`, `psp`, `psx`, `qurt`, `redox`, `rtems`, `solaris`, and `solid_asp3` and 14 more
    = note: see <https://doc.rust-lang.org/nightly/rustc/check-cfg/cargo-specifics.html> for more information about checking conditional configuration

warning: unexpected `cfg` condition value: `solana`
   --> /home/dombarker/project-offloads/aspis-v8-devnet-smoke-20260909/crates/aspis-statement/src/pool_v1/root_history.rs:421:15
    |
421 |     #[cfg(not(target_os = "solana"))]
    |               ^^^^^^^^^^^^^^^^^^^^
    |
    = note: expected values for `target_os` are: `aix`, `amdhsa`, `android`, `cuda`, `cygwin`, `dragonfly`, `emscripten`, `espidf`, `freebsd`, `fuchsia`, `haiku`, `helenos`, `hermit`, `horizon`, `hurd`, `illumos`, `ios`, `l4re`, `linux`, `lynxos178`, `macos`, `managarm`, `motor`, `netbsd`, `none`, `nto`, `nuttx`, `openbsd`, `psp`, `psx`, `qurt`, `redox`, `rtems`, `solaris`, and `solid_asp3` and 14 more
    = note: see <https://doc.rust-lang.org/nightly/rustc/check-cfg/cargo-specifics.html> for more information about checking conditional configuration

warning: unexpected `cfg` condition name: `v8_complete`
  --> /home/dombarker/project-offloads/aspis-v8-devnet-smoke-20260909/crates/aspis-statement/src/pool_v1/tag73_pair_forest_profile.rs:11:11
   |
11 | #[cfg(not(v8_complete))]
   |           ^^^^^^^^^^^
   |
   = help: expected names are: `docsrs`, `feature`, and `test` and 31 more
   = help: consider using a Cargo feature instead
   = help: or consider adding in `Cargo.toml` the `check-cfg` lint config for the lint:
            [lints.rust]
            unexpected_cfgs = { level = "warn", check-cfg = ['cfg(v8_complete)'] }
   = help: or consider adding `println!("cargo::rustc-check-cfg=cfg(v8_complete)");` to the top of the `build.rs`
   = note: see <https://doc.rust-lang.org/nightly/rustc/check-cfg/cargo-specifics.html> for more information about checking conditional configuration

warning: unexpected `cfg` condition name: `v8_complete`
  --> /home/dombarker/project-offloads/aspis-v8-devnet-smoke-20260909/crates/aspis-statement/src/pool_v1/tag73_pair_forest_profile.rs:31:11
   |
31 | #[cfg(not(v8_complete))]
   |           ^^^^^^^^^^^
   |
   = help: consider using a Cargo feature instead
   = help: or consider adding in `Cargo.toml` the `check-cfg` lint config for the lint:
            [lints.rust]
            unexpected_cfgs = { level = "warn", check-cfg = ['cfg(v8_complete)'] }
   = help: or consider adding `println!("cargo::rustc-check-cfg=cfg(v8_complete)");` to the top of the `build.rs`
   = note: see <https://doc.rust-lang.org/nightly/rustc/check-cfg/cargo-specifics.html> for more information about checking conditional configuration

warning: unexpected `cfg` condition name: `v8_complete`
  --> /home/dombarker/project-offloads/aspis-v8-devnet-smoke-20260909/crates/aspis-statement/src/pool_v1/tag73_pair_forest_profile.rs:33:7
   |
33 | #[cfg(v8_complete)]
   |       ^^^^^^^^^^^
   |
   = help: consider using a Cargo feature instead
   = help: or consider adding in `Cargo.toml` the `check-cfg` lint config for the lint:
            [lints.rust]
            unexpected_cfgs = { level = "warn", check-cfg = ['cfg(v8_complete)'] }
   = help: or consider adding `println!("cargo::rustc-check-cfg=cfg(v8_complete)");` to the top of the `build.rs`
   = note: see <https://doc.rust-lang.org/nightly/rustc/check-cfg/cargo-specifics.html> for more information about checking conditional configuration

warning: unexpected `cfg` condition name: `v8_complete`
  --> /home/dombarker/project-offloads/aspis-v8-devnet-smoke-20260909/crates/aspis-statement/src/pool_v1/tag73_pair_forest_profile.rs:36:7
   |
36 | #[cfg(v8_complete)]
   |       ^^^^^^^^^^^
   |
   = help: consider using a Cargo feature instead
   = help: or consider adding in `Cargo.toml` the `check-cfg` lint config for the lint:
            [lints.rust]
            unexpected_cfgs = { level = "warn", check-cfg = ['cfg(v8_complete)'] }
   = help: or consider adding `println!("cargo::rustc-check-cfg=cfg(v8_complete)");` to the top of the `build.rs`
   = note: see <https://doc.rust-lang.org/nightly/rustc/check-cfg/cargo-specifics.html> for more information about checking conditional configuration

warning: unexpected `cfg` condition value: `solana`
   --> /home/dombarker/project-offloads/aspis-v8-devnet-smoke-20260909/crates/aspis-statement/src/state_only_poseidon.rs:639:11
    |
639 | #[cfg(not(target_os = "solana"))]
    |           ^^^^^^^^^^^^^^^^^^^^
    |
    = note: expected values for `target_os` are: `aix`, `amdhsa`, `android`, `cuda`, `cygwin`, `dragonfly`, `emscripten`, `espidf`, `freebsd`, `fuchsia`, `haiku`, `helenos`, `hermit`, `horizon`, `hurd`, `illumos`, `ios`, `l4re`, `linux`, `lynxos178`, `macos`, `managarm`, `motor`, `netbsd`, `none`, `nto`, `nuttx`, `openbsd`, `psp`, `psx`, `qurt`, `redox`, `rtems`, `solaris`, and `solid_asp3` and 14 more
    = note: see <https://doc.rust-lang.org/nightly/rustc/check-cfg/cargo-specifics.html> for more information about checking conditional configuration

warning: unused imports: `trace_round_constant` and `trace_round_descriptor`
  --> /home/dombarker/project-offloads/aspis-v8-devnet-smoke-20260909/crates/aspis-statement/src/state_only_poseidon.rs:18:5
   |
18 |     trace_round_constant, trace_round_descriptor, EXTERNAL_FINAL, EXTERNAL_INITIAL, INTERNAL,
   |     ^^^^^^^^^^^^^^^^^^^^  ^^^^^^^^^^^^^^^^^^^^^^

warning: `aspis-core` (lib) generated 43 warnings
   Compiling solana-zk-elgamal-proof-program v4.2.1
   Compiling solana-system-program v4.2.1
warning: type `CompiledCopyLink` is more private than the item `COMPILED_COPY_LINKS`
   --> /home/dombarker/project-offloads/aspis-v8-devnet-smoke-20260909/crates/aspis-statement/src/state_only_terminal_constants.rs:850:1
    |
850 | pub(crate) const COMPILED_COPY_LINKS: [CompiledCopyLink; 102] = [
    | ^^^^^^^^^^^^^^^^^^^^^^^^^^^^^^^^^^^^^^^^^^^^^^^^^^^^^^^^^^^^^ constant `COMPILED_COPY_LINKS` is reachable at visibility `pub(crate)`
    |
note: but type `CompiledCopyLink` is only usable at visibility `pub(self)`
   --> /home/dombarker/project-offloads/aspis-v8-devnet-smoke-20260909/crates/aspis-statement/src/state_only_terminal.rs:88:1
    |
 88 | struct CompiledCopyLink {
    | ^^^^^^^^^^^^^^^^^^^^^^^
    = note: `#[warn(private_interfaces)]` on by default

warning: fields `kinds`, `columns`, and `scales` are never read
  --> /home/dombarker/project-offloads/aspis-v8-devnet-smoke-20260909/crates/aspis-statement/src/atomic_state_only_terminal.rs:59:5
   |
57 | struct CompiledAtomicPattern {
   |        --------------------- fields in this struct
58 |     /// 0 = zero, 1 = constant, 2 = affine local cell.
59 |     kinds: [u8; 16],
   |     ^^^^^
60 |     columns: [u8; 16],
   |     ^^^^^^^
61 |     scales: [u32; 16],
   |     ^^^^^^
   |
   = note: `CompiledAtomicPattern` has a derived impl for the trait `Clone`, but this is intentionally ignored during dead code analysis
   = note: `#[warn(dead_code)]` (part of `#[warn(unused)]`) on by default

warning: fields `row`, `slot`, and `pattern` are never read
  --> /home/dombarker/project-offloads/aspis-v8-devnet-smoke-20260909/crates/aspis-statement/src/atomic_state_only_terminal.rs:67:5
   |
66 | struct CompiledAtomicCopyEndpoint {
   |        -------------------------- fields in this struct
67 |     row: u16,
   |     ^^^
68 |     slot: u8,
   |     ^^^^
69 |     pattern: u8,
   |     ^^^^^^^
   |
   = note: `CompiledAtomicCopyEndpoint` has a derived impl for the trait `Clone`, but this is intentionally ignored during dead code analysis

warning: fields `tag`, `producer`, and `consumer` are never read
  --> /home/dombarker/project-offloads/aspis-v8-devnet-smoke-20260909/crates/aspis-statement/src/atomic_state_only_terminal.rs:74:5
   |
73 | struct CompiledAtomicCopyLink {
   |        ---------------------- fields in this struct
74 |     tag: u32,
   |     ^^^
75 |     producer: CompiledAtomicCopyEndpoint,
   |     ^^^^^^^^
76 |     consumer: CompiledAtomicCopyEndpoint,
   |     ^^^^^^^^
   |
   = note: `CompiledAtomicCopyLink` has a derived impl for the trait `Clone`, but this is intentionally ignored during dead code analysis

warning: struct `AtomicSemanticSelectors` is never constructed
   --> /home/dombarker/project-offloads/aspis-v8-devnet-smoke-20260909/crates/aspis-statement/src/atomic_state_only_terminal.rs:297:8
    |
297 | struct AtomicSemanticSelectors {
    |        ^^^^^^^^^^^^^^^^^^^^^^^

warning: associated items `at_point`, `row`, and `poseidon` are never used
   --> /home/dombarker/project-offloads/aspis-v8-devnet-smoke-20260909/crates/aspis-statement/src/atomic_state_only_terminal.rs:305:8
    |
304 | impl AtomicSemanticSelectors {
    | ---------------------------- associated items in this implementation
305 |     fn at_point(point: &[QM31; 10]) -> Self {
    |        ^^^^^^^^
...
327 |     fn row(&self, row: usize) -> QM31 {
    |        ^^^
...
331 |     fn poseidon(&self) -> StateOnlyPoseidonSelectors {
    |        ^^^^^^^^

warning: constant `COMPILED_ATOMIC_COPY_ACTIVE_ROWS` is never used
 --> /home/dombarker/project-offloads/aspis-v8-devnet-smoke-20260909/crates/aspis-statement/src/atomic_state_only_terminal_constants_legacy_partition.rs:6:18
  |
6 | pub(crate) const COMPILED_ATOMIC_COPY_ACTIVE_ROWS: [u16; 210] = [11, 12, 27, 28, 32, 43, 44, 48, 59, 60, 64, 75, 76, 80, 91, 92, 96, ...
  |                  ^^^^^^^^^^^^^^^^^^^^^^^^^^^^^^^^

warning: constant `COMPILED_ATOMIC_COPY_ACTIVE_ROWS_FINGERPRINT` is never used
 --> /home/dombarker/project-offloads/aspis-v8-devnet-smoke-20260909/crates/aspis-statement/src/atomic_state_only_terminal_constants_legacy_partition.rs:7:18
  |
7 | pub(crate) const COMPILED_ATOMIC_COPY_ACTIVE_ROWS_FINGERPRINT: u64 = 0xfc90f89be110b6f5;
  |                  ^^^^^^^^^^^^^^^^^^^^^^^^^^^^^^^^^^^^^^^^^^^^

warning: constant `ATOMIC_COPY_PATTERNS` is never used
  --> /home/dombarker/project-offloads/aspis-v8-devnet-smoke-20260909/crates/aspis-statement/src/atomic_state_only_terminal_constants_legacy_partition.rs:16:18
   |
16 | pub(crate) const ATOMIC_COPY_PATTERNS: [CompiledAtomicPattern; 15] = [
   |                  ^^^^^^^^^^^^^^^^^^^^

warning: constant `COMPILED_ATOMIC_COPY_LINKS` is never used
  --> /home/dombarker/project-offloads/aspis-v8-devnet-smoke-20260909/crates/aspis-statement/src/atomic_state_only_terminal_constants_legacy_partition.rs:40:18
   |
40 | pub(crate) const COMPILED_ATOMIC_COPY_LINKS: [CompiledAtomicCopyLink; 183] = [
   |                  ^^^^^^^^^^^^^^^^^^^^^^^^^^

warning: function `compose_direct_range_terminal_packed_residuals` is never used
   --> /home/dombarker/project-offloads/aspis-v8-devnet-smoke-20260909/crates/aspis-statement/src/constraints_v4.rs:371:4
    |
371 | fn compose_direct_range_terminal_packed_residuals(
    |    ^^^^^^^^^^^^^^^^^^^^^^^^^^^^^^^^^^^^^^^^^^^^^^

warning: function `eq_row` is never used
   --> /home/dombarker/project-offloads/aspis-v8-devnet-smoke-20260909/crates/aspis-statement/src/constraints_v4.rs:588:4
    |
588 | fn eq_row(point: &[QM31; 10], row: usize) -> QM31 {
    |    ^^^^^^

warning: function `compress_opened_tuple` is never used
    --> /home/dombarker/project-offloads/aspis-v8-devnet-smoke-20260909/crates/aspis-statement/src/constraints_v4.rs:1184:4
     |
1184 | fn compress_opened_tuple(
     |    ^^^^^^^^^^^^^^^^^^^^^

warning: constant `COPY_ROUTING_EXPANDED_FACTOR_SUPPORT` is never used
    --> /home/dombarker/project-offloads/aspis-v8-devnet-smoke-20260909/crates/aspis-statement/src/constraints_v4.rs:1203:7
     |
1203 | const COPY_ROUTING_EXPANDED_FACTOR_SUPPORT: usize = 674;
     |       ^^^^^^^^^^^^^^^^^^^^^^^^^^^^^^^^^^^^

warning: function `evaluate_exceptional_copy_routing_direct` is never used
    --> /home/dombarker/project-offloads/aspis-v8-devnet-smoke-20260909/crates/aspis-statement/src/constraints_v4.rs:1717:4
     |
1717 | fn evaluate_exceptional_copy_routing_direct(
     |    ^^^^^^^^^^^^^^^^^^^^^^^^^^^^^^^^^^^^^^^^

warning: function `lift` is never used
  --> /home/dombarker/project-offloads/aspis-v8-devnet-smoke-20260909/crates/aspis-statement/src/direct_range_hiding_v4.rs:67:4
   |
67 | fn lift(value: M31) -> QM31 {
   |    ^^^^

warning: function `merkle_node_sponge_v2` is never used
   --> /home/dombarker/project-offloads/aspis-v8-devnet-smoke-20260909/crates/aspis-statement/src/poseidon2.rs:480:15
    |
480 | pub(crate) fn merkle_node_sponge_v2(left: &Digest, right: &Digest) -> Digest {
    |               ^^^^^^^^^^^^^^^^^^^^^

warning: fields `row`, `slot`, `present`, and `columns` are never read
  --> /home/dombarker/project-offloads/aspis-v8-devnet-smoke-20260909/crates/aspis-statement/src/state_only_terminal.rs:81:5
   |
80 | struct CompiledCopyEndpoint {
   |        -------------------- fields in this struct
81 |     row: u16,
   |     ^^^
82 |     slot: u8,
   |     ^^^^
83 |     present: u16,
   |     ^^^^^^^
84 |     columns: u64,
   |     ^^^^^^^
   |
   = note: `CompiledCopyEndpoint` has a derived impl for the trait `Clone`, but this is intentionally ignored during dead code analysis

warning: fields `tag`, `producer`, and `consumer` are never read
  --> /home/dombarker/project-offloads/aspis-v8-devnet-smoke-20260909/crates/aspis-statement/src/state_only_terminal.rs:89:5
   |
88 | struct CompiledCopyLink {
   |        ---------------- fields in this struct
89 |     tag: u32,
   |     ^^^
90 |     producer: CompiledCopyEndpoint,
   |     ^^^^^^^^
91 |     consumer: CompiledCopyEndpoint,
   |     ^^^^^^^^
   |
   = note: `CompiledCopyLink` has a derived impl for the trait `Clone`, but this is intentionally ignored during dead code analysis

warning: function `append_link` is never used
    --> /home/dombarker/project-offloads/aspis-v8-devnet-smoke-20260909/crates/aspis-statement/src/trace_v4.rs:1017:4
     |
1017 | fn append_link(
     |    ^^^^^^^^^^^

warning: function `append_intra_permutation_links` is never used
    --> /home/dombarker/project-offloads/aspis-v8-devnet-smoke-20260909/crates/aspis-statement/src/trace_v4.rs:1048:4
     |
1048 | fn append_intra_permutation_links(layout: &mut CopyLayout) {
     |    ^^^^^^^^^^^^^^^^^^^^^^^^^^^^^^

warning: function `append_sponge_continuation_links` is never used
    --> /home/dombarker/project-offloads/aspis-v8-devnet-smoke-20260909/crates/aspis-statement/src/trace_v4.rs:1067:4
     |
1067 | fn append_sponge_continuation_links(layout: &mut CopyLayout) {
     |    ^^^^^^^^^^^^^^^^^^^^^^^^^^^^^^^^

warning: function `append_merkle_level_links` is never used
    --> /home/dombarker/project-offloads/aspis-v8-devnet-smoke-20260909/crates/aspis-statement/src/trace_v4.rs:1090:4
     |
1090 | fn append_merkle_level_links(layout: &mut CopyLayout) {
     |    ^^^^^^^^^^^^^^^^^^^^^^^^^

warning: function `append_semantic_ingress_links` is never used
    --> /home/dombarker/project-offloads/aspis-v8-devnet-smoke-20260909/crates/aspis-statement/src/trace_v4.rs:1107:4
     |
1107 | fn append_semantic_ingress_links(layout: &mut CopyLayout) {
     |    ^^^^^^^^^^^^^^^^^^^^^^^^^^^^^

warning: function `append_absorption_links` is never used
    --> /home/dombarker/project-offloads/aspis-v8-devnet-smoke-20260909/crates/aspis-statement/src/trace_v4.rs:1163:4
     |
1163 | fn append_absorption_links(layout: &mut CopyLayout) {
     |    ^^^^^^^^^^^^^^^^^^^^^^^

warning: function `append_value_reconstruction_links` is never used
    --> /home/dombarker/project-offloads/aspis-v8-devnet-smoke-20260909/crates/aspis-statement/src/trace_v4.rs:1190:4
     |
1190 | fn append_value_reconstruction_links(layout: &mut CopyLayout) {
     |    ^^^^^^^^^^^^^^^^^^^^^^^^^^^^^^^^^

   Compiling agave-transaction-view v4.2.1
   Compiling solana-zk-token-proof-program v4.2.1
   Compiling solana-compute-budget-program v4.2.1
   Compiling anyhow v1.0.104
   Compiling solana-builtins v4.2.1
   Compiling solana-runtime-transaction v4.2.1
   Compiling solana-fee v4.2.1
   Compiling litesvm v0.16.0
warning: `aspis-statement` (lib) generated 81 warnings (run `cargo fix --lib -p aspis-statement` to apply 5 suggestions)
   Compiling aspis-registry v0.1.0 (/home/dombarker/project-offloads/aspis-v8-devnet-smoke-20260909/programs/aspis-registry)
   Compiling aspis-pool v0.1.0 (/home/dombarker/project-offloads/aspis-v8-devnet-smoke-20260909/programs/aspis-pool)
warning: unused import: `aspis_core::field::M31`
  --> /home/dombarker/project-offloads/aspis-v8-devnet-smoke-20260909/programs/aspis-pool/src/pair_forest.rs:14:5
   |
14 | use aspis_core::field::M31;
   |     ^^^^^^^^^^^^^^^^^^^^^^
   |
   = note: `#[warn(unused_imports)]` (part of `#[warn(unused)]`) on by default

warning: unused imports: `POOL_V1_PAIR_FOREST_ACCOUNT_FORMAT_BINDING`, `POOL_V1_PAIR_FOREST_LANE_HEADER_BYTES`, `POOL_V1_PAIR_FOREST_LANE_MAGIC`, `POOL_V1_PAIR_FOREST_LANE_VERSION`, `POOL_V1_TREE_HASH_VERSION`, `POOL_V1_TREE_STATE_MAGIC`, `POOL_V1_TREE_STATE_VERSION`, `decode_digest_canonical`, `decode_pool_v1_pair_forest_terminal_statement_v1`, `encode_digest_canonical`, and `encode_pool_v1_pair_forest_terminal_request_v1`
  --> /home/dombarker/project-offloads/aspis-v8-devnet-smoke-20260909/programs/aspis-pool/src/pair_forest.rs:17:5
   |
17 |     decode_digest_canonical, encode_digest_canonical,
   |     ^^^^^^^^^^^^^^^^^^^^^^^  ^^^^^^^^^^^^^^^^^^^^^^^
...
21 |         decode_pool_v1_pair_forest_terminal_statement_v1, encode_pool_v1_pair_forest_checkpoint_v1,
   |         ^^^^^^^^^^^^^^^^^^^^^^^^^^^^^^^^^^^^^^^^^^^^^^^^
22 |         encode_pool_v1_pair_forest_lane_state_v1, encode_pool_v1_pair_forest_master_v1,
23 |         encode_pool_v1_pair_forest_terminal_request_v1,
   |         ^^^^^^^^^^^^^^^^^^^^^^^^^^^^^^^^^^^^^^^^^^^^^^
...
32 |         POOL_V1_PAIR_FOREST_ACCOUNT_FORMAT_BINDING, POOL_V1_PAIR_FOREST_CHECKPOINT_ACCOUNT_BYTES,
   |         ^^^^^^^^^^^^^^^^^^^^^^^^^^^^^^^^^^^^^^^^^^
33 |         POOL_V1_PAIR_FOREST_LANE_ACCOUNT_BYTES, POOL_V1_PAIR_FOREST_LANE_COUNT,
34 |         POOL_V1_PAIR_FOREST_LANE_HEADER_BYTES, POOL_V1_PAIR_FOREST_LANE_MAGIC,
   |         ^^^^^^^^^^^^^^^^^^^^^^^^^^^^^^^^^^^^^  ^^^^^^^^^^^^^^^^^^^^^^^^^^^^^^
35 |         POOL_V1_PAIR_FOREST_LANE_VERSION, POOL_V1_PAIR_FOREST_MASTER_ACCOUNT_BYTES,
   |         ^^^^^^^^^^^^^^^^^^^^^^^^^^^^^^^^
...
38 |         POOL_V1_ROOT_HISTORY_PAGE_SEED, POOL_V1_TREE_HASH_VERSION, POOL_V1_TREE_STATE_MAGIC,
   |                                         ^^^^^^^^^^^^^^^^^^^^^^^^^  ^^^^^^^^^^^^^^^^^^^^^^^^
39 |         POOL_V1_TREE_STATE_VERSION,
   |         ^^^^^^^^^^^^^^^^^^^^^^^^^^

warning: unused import: `encode_pool_v1_pair_forest_terminal_result_v1`
  --> /home/dombarker/project-offloads/aspis-v8-devnet-smoke-20260909/programs/aspis-pool/src/pair_forest_dispatch.rs:14:5
   |
14 |     encode_pool_v1_pair_forest_terminal_result_v1, PoolV1PairForestTerminalRequestV1,
   |     ^^^^^^^^^^^^^^^^^^^^^^^^^^^^^^^^^^^^^^^^^^^^^

warning: unused variable: `registry_accounts`
   --> /home/dombarker/project-offloads/aspis-v8-devnet-smoke-20260909/programs/aspis-pool/src/pair_forest_dispatch.rs:222:5
    |
222 |     registry_accounts: &[AccountInfo<'info>],
    |     ^^^^^^^^^^^^^^^^^ help: if this is intentional, prefix it with an underscore: `_registry_accounts`
    |
    = note: `#[warn(unused_variables)]` (part of `#[warn(unused)]`) on by default

warning: function `pair_cu_checkpoint` is never used
  --> /home/dombarker/project-offloads/aspis-v8-devnet-smoke-20260909/programs/aspis-pool/src/pair_dispatch.rs:37:4
   |
37 | fn pair_cu_checkpoint(label: &str) {
   |    ^^^^^^^^^^^^^^^^^^
   |
   = note: `#[warn(dead_code)]` (part of `#[warn(unused)]`) on by default

warning: struct `AuthenticatedPairAfterstateV1` is never constructed
  --> /home/dombarker/project-offloads/aspis-v8-devnet-smoke-20260909/programs/aspis-pool/src/pair_dispatch.rs:67:19
   |
67 | pub(crate) struct AuthenticatedPairAfterstateV1(Box<PoolV1PairVerifiedAfterstateV1>);
   |                   ^^^^^^^^^^^^^^^^^^^^^^^^^^^^^

warning: method `value` is never used
  --> /home/dombarker/project-offloads/aspis-v8-devnet-smoke-20260909/programs/aspis-pool/src/pair_dispatch.rs:70:19
   |
69 | impl AuthenticatedPairAfterstateV1 {
   | ---------------------------------- method in this implementation
70 |     pub(crate) fn value(&self) -> &PoolV1PairVerifiedAfterstateV1 {
   |                   ^^^^^

warning: function `authenticate_pair_verified_afterstate_return_v1` is never used
  --> /home/dombarker/project-offloads/aspis-v8-devnet-smoke-20260909/programs/aspis-pool/src/pair_dispatch.rs:78:15
   |
78 | pub(crate) fn authenticate_pair_verified_afterstate_return_v1(
   |               ^^^^^^^^^^^^^^^^^^^^^^^^^^^^^^^^^^^^^^^^^^^^^^^

warning: function `invoke_pair_afterstate_verifier_with_runtime_v1` is never used
   --> /home/dombarker/project-offloads/aspis-v8-devnet-smoke-20260909/programs/aspis-pool/src/pair_dispatch.rs:286:4
    |
286 | fn invoke_pair_afterstate_verifier_with_runtime_v1<'info, R: PairVerifierRuntimeV1>(
    |    ^^^^^^^^^^^^^^^^^^^^^^^^^^^^^^^^^^^^^^^^^^^^^^^

warning: method `exact_bytes` is never used
  --> /home/dombarker/project-offloads/aspis-v8-devnet-smoke-20260909/programs/aspis-pool/src/pair_forest_dispatch.rs:45:19
   |
40 | impl AuthenticatedPairForestResultV1 {
   | ------------------------------------ method in this implementation
...
45 |     pub(crate) fn exact_bytes(&self) -> &[u8] {
   |                   ^^^^^^^^^^^

warning: function `pair_cu_checkpoint` is never used
  --> /home/dombarker/project-offloads/aspis-v8-devnet-smoke-20260909/programs/aspis-pool/src/pair_processor.rs:50:4
   |
50 | fn pair_cu_checkpoint(label: &str) {
   |    ^^^^^^^^^^^^^^^^^^

warning: struct `PairSpendLayoutV1` is never constructed
  --> /home/dombarker/project-offloads/aspis-v8-devnet-smoke-20260909/programs/aspis-pool/src/pair_processor.rs:61:8
   |
61 | struct PairSpendLayoutV1 {
   |        ^^^^^^^^^^^^^^^^^

warning: struct `ValidatedPairHistoryV1` is never constructed
  --> /home/dombarker/project-offloads/aspis-v8-devnet-smoke-20260909/programs/aspis-pool/src/pair_processor.rs:78:8
   |
78 | struct ValidatedPairHistoryV1 {
   |        ^^^^^^^^^^^^^^^^^^^^^^

warning: function `require_unique` is never used
  --> /home/dombarker/project-offloads/aspis-v8-devnet-smoke-20260909/programs/aspis-pool/src/pair_processor.rs:82:4
   |
82 | fn require_unique(accounts: &[AccountInfo<'_>]) -> ProgramResult {
   |    ^^^^^^^^^^^^^^

warning: function `plan_layout` is never used
  --> /home/dombarker/project-offloads/aspis-v8-devnet-smoke-20260909/programs/aspis-pool/src/pair_processor.rs:94:4
   |
94 | fn plan_layout(
   |    ^^^^^^^^^^^

warning: function `validate_history` is never used
   --> /home/dombarker/project-offloads/aspis-v8-devnet-smoke-20260909/programs/aspis-pool/src/pair_processor.rs:180:4
    |
180 | fn validate_history(
    |    ^^^^^^^^^^^^^^^^

warning: function `process_pair_private_transfer_with_verifier_v1` is never used
   --> /home/dombarker/project-offloads/aspis-v8-devnet-smoke-20260909/programs/aspis-pool/src/pair_processor.rs:277:15
    |
277 | pub(crate) fn process_pair_private_transfer_with_verifier_v1<'info, V, S>(
    |               ^^^^^^^^^^^^^^^^^^^^^^^^^^^^^^^^^^^^^^^^^^^^^^

warning: function `process_pair_withdrawal_with_verifier_v1` is never used
   --> /home/dombarker/project-offloads/aspis-v8-devnet-smoke-20260909/programs/aspis-pool/src/pair_processor.rs:418:15
    |
418 | pub(crate) fn process_pair_withdrawal_with_verifier_v1<'info, R, V, S>(
    |               ^^^^^^^^^^^^^^^^^^^^^^^^^^^^^^^^^^^^^^^^

warning: function `exact` is never used
  --> /home/dombarker/project-offloads/aspis-v8-devnet-smoke-20260909/programs/aspis-pool/src/pair_state.rs:56:4
   |
56 | fn exact<const N: usize>(bytes: &[u8]) -> Result<[u8; N], ProgramError> {
   |    ^^^^^

warning: struct `CanonicalPairPoolStateV1` is never constructed
  --> /home/dombarker/project-offloads/aspis-v8-devnet-smoke-20260909/programs/aspis-pool/src/pair_state.rs:96:19
   |
96 | pub(crate) struct CanonicalPairPoolStateV1 {
   |                   ^^^^^^^^^^^^^^^^^^^^^^^^

warning: associated items `decode_account_from_program_invariant` and `require_same_account` are never used
   --> /home/dombarker/project-offloads/aspis-v8-devnet-smoke-20260909/programs/aspis-pool/src/pair_state.rs:111:19
    |
110 | impl CanonicalPairPoolStateV1 {
    | ----------------------------- associated items in this implementation
111 |     pub(crate) fn decode_account_from_program_invariant(
    |                   ^^^^^^^^^^^^^^^^^^^^^^^^^^^^^^^^^^^^^
...
134 |     pub(crate) fn require_same_account(
    |                   ^^^^^^^^^^^^^^^^^^^^

warning: associated items `apply_authenticated_afterstate_from_program_invariant` and `decode_from_program_invariant` are never used
   --> /home/dombarker/project-offloads/aspis-v8-devnet-smoke-20260909/programs/aspis-pool/src/pair_state.rs:188:19
    |
151 | impl PairPoolStateV1 {
    | -------------------- associated items in this implementation
...
188 |     pub(crate) fn apply_authenticated_afterstate_from_program_invariant(
    |                   ^^^^^^^^^^^^^^^^^^^^^^^^^^^^^^^^^^^^^^^^^^^^^^^^^^^^^
...
369 |     pub(crate) fn decode_from_program_invariant(
    |                   ^^^^^^^^^^^^^^^^^^^^^^^^^^^^^

warning: method `transition_kind` is never used
  --> /home/dombarker/project-offloads/aspis-v8-devnet-smoke-20260909/programs/aspis-pool/src/prepared_settlement.rs:88:19
   |
87 | impl AuthenticatedPreparedSettlementActionV1 {
   | -------------------------------------------- method in this implementation
88 |     pub(crate) fn transition_kind(self) -> PoolV1TransitionKind {
   |                   ^^^^^^^^^^^^^^^

warning: `aspis-pool` (lib) generated 23 warnings (run `cargo fix --lib -p aspis-pool` to apply 4 suggestions)
   Compiling aspis-v7-pair-forest-combined-rejection v0.1.0 (/home/dombarker/project-offloads/aspis-v8-devnet-smoke-20260909/results/v7-pair-forest-combined-rejection-litesvm-20260828/harness)
warning: unused import: `M31`
  --> src/fresh_deposit_witness_adapter.rs:12:25
   |
12 | use aspis_core::field::{M31, P};
   |                         ^^^
   |
   = note: `#[warn(unused_imports)]` (part of `#[warn(unused)]`) on by default

warning: `aspis-v7-pair-forest-combined-rejection` (lib) generated 1 warning (run `cargo fix --lib -p aspis-v7-pair-forest-combined-rejection` to apply 1 suggestion)
    Finished `release` profile [optimized] target(s) in 55.05s
	Command being timed: "env NO_DNA=1 PATH=/home/dombarker/.cargo/bin:/usr/bin:/bin CARGO_TARGET_DIR=/home/dombarker/project-offloads/aspis-v8-devnet-smoke-20260909/checkpoint-svm-target cargo build --offline --release --locked --jobs 2 --manifest-path results/v7-pair-forest-combined-rejection-litesvm-20260828/harness/Cargo.toml --bin checkpoint_diagnostic"
	User time (seconds): 101.83
	System time (seconds): 7.37
	Percent of CPU this job got: 198%
	Elapsed (wall clock) time (h:mm:ss or m:ss): 0:55.08
	Average shared text size (kbytes): 0
	Average unshared data size (kbytes): 0
	Average stack size (kbytes): 0
	Average total size (kbytes): 0
	Maximum resident set size (kbytes): 642836
	Average resident set size (kbytes): 0
	Major (requiring I/O) page faults: 317
	Minor (reclaiming a frame) page faults: 3700640
	Voluntary context switches: 28826
	Involuntary context switches: 2625
	Swaps: 0
	File system inputs: 44920
	File system outputs: 639768
	Socket messages sent: 0
	Socket messages received: 0
	Signals delivered: 0
	Page size (bytes): 4096
	Exit status: 0
