{"name": "verifier-loader-batch-39600", "simulation_error": null, "units": 7110, "bytes": 3888}
{"name": "verifier-loader-batch-43200", "simulation_error": null, "units": 7110, "bytes": 3888}
{"name": "verifier-loader-batch-21600", "simulation_error": null, "units": 7110, "bytes": 3888}
{"name": "verifier-loader-batch-46800", "simulation_error": null, "units": 7110, "bytes": 3888}
{"name": "verifier-loader-batch-50400", "simulation_error": null, "units": 7110, "bytes": 3888}
{"name": "verifier-loader-batch-57600", "simulation_error": null, "units": 7110, "bytes": 3888}
{"name": "verifier-loader-batch-54000", "simulation_error": null, "units": 7110, "bytes": 3888}
{"name": "verifier-loader-batch-64800", "simulation_error": null, "units": 7110, "bytes": 3888}
{"name": "verifier-loader-batch-61200", "simulation_error": null, "units": 7110, "bytes": 3888}
{"name": "verifier-loader-batch-68400", "simulation_error": null, "units": 7110, "bytes": 3888}
{"name": "verifier-loader-batch-72000", "simulation_error": null, "units": 7110, "bytes": 3888}
{"name": "verifier-loader-batch-75600", "simulation_error": null, "units": 7110, "bytes": 3888}
{"name": "verifier-loader-batch-79200", "simulation_error": null, "units": 7110, "bytes": 3888}
{"name": "verifier-loader-batch-82800", "simulation_error": null, "units": 7110, "bytes": 3888}
{"name": "verifier-loader-batch-86400", "simulation_error": null, "units": 7110, "bytes": 3888}
{"name": "verifier-loader-batch-90000", "simulation_error": null, "units": 7110, "bytes": 3888}
{"name": "verifier-loader-batch-93600", "simulation_error": null, "units": 7110, "bytes": 3888}
{"name": "verifier-loader-batch-97200", "simulation_error": null, "units": 7110, "bytes": 3888}
{"name": "verifier-loader-batch-100800", "simulation_error": null, "units": 7110, "bytes": 3888}
{"name": "verifier-loader-batch-104400", "simulation_error": null, "units": 7110, "bytes": 3888}
{"name": "verifier-loader-batch-108000", "simulation_error": null, "units": 7110, "bytes": 3888}
{"name": "verifier-loader-batch-111600", "simulation_error": null, "units": 7110, "bytes": 3888}
{"name": "verifier-loader-batch-115200", "simulation_error": null, "units": 7110, "bytes": 3888}
{"name": "verifier-loader-batch-118800", "simulation_error": null, "units": 7110, "bytes": 3888}
{"name": "verifier-loader-batch-122400", "simulation_error": null, "units": 7110, "bytes": 3888}
{"name": "verifier-loader-batch-126000", "simulation_error": null, "units": 7110, "bytes": 3888}
{"name": "verifier-loader-batch-129600", "simulation_error": null, "units": 7110, "bytes": 3888}
{"name": "verifier-loader-batch-133200", "simulation_error": null, "units": 7110, "bytes": 3888}
{"name": "verifier-loader-batch-136800", "simulation_error": null, "units": 7110, "bytes": 3888}
{"name": "verifier-loader-batch-140400", "simulation_error": null, "units": 7110, "bytes": 3888}
{"name": "verifier-loader-batch-147600", "simulation_error": null, "units": 7110, "bytes": 3888}
{"name": "verifier-loader-batch-144000", "simulation_error": null, "units": 7110, "bytes": 3888}
{"name": "verifier-loader-batch-151200", "simulation_error": null, "units": 7110, "bytes": 3888}
{"name": "verifier-loader-batch-154800", "simulation_error": null, "units": 7110, "bytes": 3888}
{"name": "verifier-loader-batch-162000", "simulation_error": null, "units": 7110, "bytes": 3888}
{"name": "verifier-loader-batch-158400", "simulation_error": null, "units": 7110, "bytes": 3888}
{"name": "verifier-loader-batch-165600", "simulation_error": null, "units": 7110, "bytes": 3888}
{"name": "verifier-loader-batch-169200", "simulation_error": null, "units": 7110, "bytes": 3888}
{"name": "verifier-loader-batch-172800", "simulation_error": null, "units": 7110, "bytes": 3888}
{"name": "verifier-loader-batch-176400", "simulation_error": null, "units": 7110, "bytes": 3888}
{"name": "verifier-loader-batch-180000", "simulation_error": null, "units": 7110, "bytes": 3888}
{"name": "verifier-loader-batch-183600", "simulation_error": null, "units": 7110, "bytes": 3888}
{"name": "verifier-loader-batch-187200", "simulation_error": null, "units": 7110, "bytes": 3888}
{"name": "verifier-loader-batch-190800", "simulation_error": null, "units": 7110, "bytes": 3888}
{"name": "verifier-loader-batch-194400", "simulation_error": null, "units": 7110, "bytes": 3888}
{"name": "verifier-loader-batch-198000", "simulation_error": null, "units": 7110, "bytes": 3888}
{"name": "verifier-loader-batch-205200", "simulation_error": null, "units": 7110, "bytes": 3888}
{"name": "verifier-loader-batch-201600", "simulation_error": null, "units": 7110, "bytes": 3888}
{"name": "verifier-loader-batch-208800", "simulation_error": null, "units": 7110, "bytes": 3888}
{"name": "verifier-loader-batch-212400", "simulation_error": null, "units": 7110, "bytes": 3888}
{"name": "verifier-loader-batch-216000", "simulation_error": null, "units": 7110, "bytes": 3888}
{"name": "verifier-loader-batch-219600", "simulation_error": null, "units": 7110, "bytes": 3888}
{"name": "verifier-loader-batch-226800", "simulation_error": null, "units": 7110, "bytes": 3888}
{"name": "verifier-loader-batch-223200", "simulation_error": null, "units": 7110, "bytes": 3888}
{"name": "verifier-loader-batch-230400", "simulation_error": null, "units": 7110, "bytes": 3888}
{"name": "verifier-loader-batch-234000", "simulation_error": null, "units": 7110, "bytes": 3888}
{"name": "verifier-loader-batch-237600", "simulation_error": null, "units": 7110, "bytes": 3888}
{"name": "verifier-loader-batch-241200", "simulation_error": null, "units": 7110, "bytes": 3888}
{"name": "verifier-loader-batch-244800", "simulation_error": null, "units": 7110, "bytes": 3888}
{"name": "verifier-loader-batch-248400", "simulation_error": null, "units": 7110, "bytes": 3888}
{"name": "verifier-loader-batch-252000", "simulation_error": null, "units": 7110, "bytes": 3888}
{"name": "verifier-loader-batch-255600", "simulation_error": null, "units": 7110, "bytes": 3888}
{"name": "verifier-loader-batch-259200", "simulation_error": null, "units": 7110, "bytes": 3888}
{"name": "verifier-loader-batch-262800", "simulation_error": null, "units": 7110, "bytes": 3888}
{"name": "verifier-loader-batch-270000", "simulation_error": null, "units": 7110, "bytes": 3888}
{"name": "verifier-loader-batch-266400", "simulation_error": null, "units": 7110, "bytes": 3888}
{"name": "verifier-loader-batch-273600", "simulation_error": null, "units": 7110, "bytes": 3888}
{"name": "verifier-loader-batch-277200", "simulation_error": null, "units": 7110, "bytes": 3888}
{"name": "verifier-loader-batch-280800", "simulation_error": null, "units": 7110, "bytes": 3888}
{"name": "verifier-loader-batch-288000", "simulation_error": null, "units": 7110, "bytes": 3888}
{"name": "verifier-loader-batch-284400", "simulation_error": null, "units": 7110, "bytes": 3888}
{"name": "verifier-loader-batch-295200", "simulation_error": null, "units": 7110, "bytes": 3888}
{"name": "verifier-loader-batch-291600", "simulation_error": null, "units": 7110, "bytes": 3888}
{"name": "verifier-loader-batch-302400", "simulation_error": null, "units": 7110, "bytes": 3888}
{"name": "verifier-loader-batch-298800", "simulation_error": null, "units": 7110, "bytes": 3888}
{"name": "verifier-loader-batch-306000", "simulation_error": null, "units": 7110, "bytes": 3888}
{"name": "verifier-loader-batch-309600", "simulation_error": null, "units": 7110, "bytes": 3888}
{"name": "verifier-loader-batch-313200", "simulation_error": null, "units": 7110, "bytes": 3888}
{"name": "verifier-loader-batch-316800", "simulation_error": null, "units": 7110, "bytes": 3888}
{"name": "verifier-loader-batch-320400", "simulation_error": null, "units": 7110, "bytes": 3888}
{"name": "verifier-loader-batch-324000", "simulation_error": null, "units": 7110, "bytes": 3888}
{"name": "verifier-loader-batch-327600", "simulation_error": null, "units": 7110, "bytes": 3888}
{"name": "verifier-loader-batch-331200", "simulation_error": null, "units": 7110, "bytes": 3888}
{"name": "verifier-loader-batch-334800", "simulation_error": null, "units": 7110, "bytes": 3888}
{"name": "verifier-loader-batch-338400", "simulation_error": null, "units": 7110, "bytes": 3888}
{"name": "verifier-loader-batch-342000", "simulation_error": null, "units": 7110, "bytes": 3888}
{"name": "verifier-loader-batch-345600", "simulation_error": null, "units": 7110, "bytes": 3888}
{"name": "verifier-loader-batch-349200", "simulation_error": null, "units": 7110, "bytes": 3888}
{"name": "verifier-loader-batch-352800", "simulation_error": null, "units": 7110, "bytes": 3888}
{"name": "verifier-loader-batch-360000", "simulation_error": null, "units": 7110, "bytes": 3888}
{"name": "verifier-loader-batch-356400", "simulation_error": null, "units": 7110, "bytes": 3888}
{"name": "verifier-loader-batch-363600", "simulation_error": null, "units": 7110, "bytes": 3888}
{"name": "verifier-loader-batch-367200", "simulation_error": null, "units": 7110, "bytes": 3888}
{"name": "verifier-loader-batch-370800", "simulation_error": null, "units": 7110, "bytes": 3888}
{"name": "verifier-loader-batch-374400", "simulation_error": null, "units": 7110, "bytes": 3888}
{"name": "verifier-loader-batch-378000", "simulation_error": null, "units": 7110, "bytes": 3888}
{"name": "verifier-loader-batch-381600", "simulation_error": null, "units": 7110, "bytes": 3888}
{"name": "verifier-loader-batch-388800", "simulation_error": null, "units": 7110, "bytes": 3888}
{"name": "verifier-loader-batch-385200", "simulation_error": null, "units": 7110, "bytes": 3888}
{"name": "verifier-loader-batch-392400", "simulation_error": null, "units": 7110, "bytes": 3888}
{"name": "verifier-loader-batch-396000", "simulation_error": null, "units": 7110, "bytes": 3888}
{"name": "verifier-loader-batch-399600", "simulation_error": null, "units": 7110, "bytes": 3888}
{"name": "verifier-loader-batch-403200", "simulation_error": null, "units": 7110, "bytes": 3888}
{"name": "verifier-loader-batch-406800", "simulation_error": null, "units": 7110, "bytes": 3888}
{"name": "verifier-loader-batch-410400", "simulation_error": null, "units": 7110, "bytes": 3888}
{"name": "verifier-loader-batch-414000", "simulation_error": null, "units": 7110, "bytes": 3888}
{"name": "verifier-loader-batch-417600", "simulation_error": null, "units": 7110, "bytes": 3888}
{"name": "verifier-loader-batch-421200", "simulation_error": null, "units": 7110, "bytes": 3888}
{"name": "verifier-loader-batch-424800", "simulation_error": null, "units": 7110, "bytes": 3888}
{"name": "verifier-loader-batch-428400", "simulation_error": null, "units": 7110, "bytes": 3888}
{"name": "verifier-loader-batch-432000", "simulation_error": null, "units": 7110, "bytes": 3888}
{"name": "verifier-loader-batch-435600", "simulation_error": null, "units": 7110, "bytes": 3888}
{"name": "verifier-loader-batch-439200", "simulation_error": null, "units": 7110, "bytes": 3888}
{"name": "verifier-loader-batch-442800", "simulation_error": null, "units": 7110, "bytes": 3888}
{"name": "verifier-loader-batch-446400", "simulation_error": null, "units": 7110, "bytes": 3888}
{"name": "verifier-loader-batch-450000", "simulation_error": null, "units": 7110, "bytes": 3888}
{"name": "verifier-loader-batch-453600", "simulation_error": null, "units": 7110, "bytes": 3888}
{"name": "verifier-loader-batch-457200", "simulation_error": null, "units": 7110, "bytes": 3888}
{"name": "verifier-loader-batch-464400", "simulation_error": null, "units": 7110, "bytes": 3888}
{"name": "verifier-loader-batch-460800", "simulation_error": null, "units": 7110, "bytes": 3888}
{"name": "verifier-loader-batch-468000", "simulation_error": null, "units": 7110, "bytes": 3888}
{"name": "verifier-loader-batch-471600", "simulation_error": null, "units": 7110, "bytes": 3888}
{"name": "verifier-loader-batch-475200", "simulation_error": null, "units": 7110, "bytes": 3888}
{"name": "verifier-loader-batch-478800", "simulation_error": null, "units": 7110, "bytes": 3888}
{"name": "verifier-loader-batch-482400", "simulation_error": null, "units": 7110, "bytes": 3888}
{"name": "verifier-loader-batch-486000", "simulation_error": null, "units": 7110, "bytes": 3888}
{"name": "verifier-loader-batch-493200", "simulation_error": null, "units": 7110, "bytes": 3888}
{"name": "verifier-loader-batch-489600", "simulation_error": null, "units": 7110, "bytes": 3888}
{"name": "verifier-loader-batch-496800", "simulation_error": null, "units": 7110, "bytes": 3888}
{"name": "verifier-loader-batch-500400", "simulation_error": null, "units": 7110, "bytes": 3888}
{"name": "verifier-loader-batch-504000", "simulation_error": null, "units": 7110, "bytes": 3888}
{"name": "verifier-loader-batch-507600", "simulation_error": null, "units": 7110, "bytes": 3888}
{"name": "verifier-loader-batch-511200", "simulation_error": null, "units": 7110, "bytes": 3888}
{"name": "verifier-loader-batch-514800", "simulation_error": null, "units": 7110, "bytes": 3888}
{"name": "verifier-loader-batch-522000", "simulation_error": null, "units": 7110, "bytes": 3888}
{"name": "verifier-loader-batch-518400", "simulation_error": null, "units": 7110, "bytes": 3888}
{"name": "verifier-loader-batch-525600", "simulation_error": null, "units": 7110, "bytes": 3888}
{"name": "verifier-loader-batch-529200", "simulation_error": null, "units": 7110, "bytes": 3888}
{"name": "verifier-loader-batch-532800", "simulation_error": null, "units": 7110, "bytes": 3888}
{"name": "verifier-loader-batch-536400", "simulation_error": null, "units": 7110, "bytes": 3888}
{"name": "verifier-loader-batch-540000", "simulation_error": null, "units": 7110, "bytes": 3888}
{"name": "verifier-loader-batch-543600", "simulation_error": null, "units": 7110, "bytes": 3888}
{"name": "verifier-loader-batch-547200", "simulation_error": null, "units": 7110, "bytes": 3888}
{"name": "verifier-loader-batch-550800", "simulation_error": null, "units": 7110, "bytes": 3888}
{"name": "verifier-loader-batch-558000", "simulation_error": null, "units": 7110, "bytes": 3888}
{"name": "verifier-loader-batch-554400", "simulation_error": null, "units": 7110, "bytes": 3888}
{"name": "verifier-loader-batch-561600", "simulation_error": null, "units": 7110, "bytes": 3888}
{"name": "verifier-loader-batch-565200", "simulation_error": null, "units": 7110, "bytes": 3888}
{"name": "verifier-loader-batch-568800", "simulation_error": null, "units": 7110, "bytes": 3888}
{"name": "verifier-loader-batch-572400", "simulation_error": null, "units": 7110, "bytes": 3888}
{"name": "verifier-loader-batch-576000", "simulation_error": null, "units": 7110, "bytes": 3888}
{"name": "verifier-loader-batch-579600", "simulation_error": null, "units": 7110, "bytes": 3888}
{"name": "verifier-loader-batch-583200", "simulation_error": null, "units": 7110, "bytes": 3888}
{"name": "verifier-loader-batch-590400", "simulation_error": null, "units": 7110, "bytes": 3888}
{"name": "verifier-loader-batch-586800", "simulation_error": null, "units": 7110, "bytes": 3888}
{"name": "verifier-loader-batch-597600", "simulation_error": null, "units": 7110, "bytes": 3888}
{"name": "verifier-loader-batch-594000", "simulation_error": null, "units": 7110, "bytes": 3888}
{"name": "verifier-loader-batch-604800", "simulation_error": null, "units": 7110, "bytes": 3888}
{"name": "verifier-loader-batch-601200", "simulation_error": null, "units": 7110, "bytes": 3888}
{"name": "verifier-loader-batch-608400", "simulation_error": null, "units": 7110, "bytes": 3888}
{"name": "verifier-loader-batch-612000", "simulation_error": null, "units": 7110, "bytes": 3888}
{"name": "verifier-loader-batch-615600", "simulation_error": null, "units": 7110, "bytes": 3888}
{"name": "verifier-loader-batch-619200", "simulation_error": null, "units": 7110, "bytes": 3888}
{"name": "verifier-loader-batch-622800", "simulation_error": null, "units": 7110, "bytes": 3888}
{"name": "verifier-loader-batch-626400", "simulation_error": null, "units": 7110, "bytes": 3888}
{"name": "verifier-loader-batch-630000", "simulation_error": null, "units": 7110, "bytes": 3888}
{"name": "verifier-loader-batch-633600", "simulation_error": null, "units": 7110, "bytes": 3888}
{"name": "verifier-loader-batch-637200", "simulation_error": null, "units": 7110, "bytes": 3888}
{"name": "verifier-loader-batch-640800", "simulation_error": null, "units": 7110, "bytes": 3888}
{"name": "verifier-loader-batch-644400", "simulation_error": null, "units": 7110, "bytes": 3888}
{"name": "verifier-loader-batch-651600", "simulation_error": null, "units": 7110, "bytes": 3888}
{"name": "verifier-loader-batch-648000", "simulation_error": null, "units": 7110, "bytes": 3888}
{"name": "verifier-loader-batch-658800", "simulation_error": null, "units": 7110, "bytes": 3888}
{"name": "verifier-loader-batch-655200", "simulation_error": null, "units": 7110, "bytes": 3888}
{"name": "verifier-loader-batch-662400", "simulation_error": null, "units": 7110, "bytes": 3888}
{"name": "verifier-loader-batch-666000", "simulation_error": null, "units": 7110, "bytes": 3888}
{"name": "verifier-loader-batch-669600", "simulation_error": null, "units": 7110, "bytes": 3888}
{"name": "verifier-loader-batch-673200", "simulation_error": null, "units": 7110, "bytes": 3888}
{"name": "verifier-loader-batch-676800", "simulation_error": null, "units": 7110, "bytes": 3888}
{"name": "verifier-loader-batch-684000", "simulation_error": null, "units": 7110, "bytes": 3888}
{"name": "verifier-loader-batch-680400", "simulation_error": null, "units": 7110, "bytes": 3888}
{"name": "verifier-loader-batch-687600", "simulation_error": null, "units": 7110, "bytes": 3888}
{"name": "verifier-loader-batch-691200", "simulation_error": null, "units": 7110, "bytes": 3888}
{"name": "verifier-loader-batch-698400", "simulation_error": null, "units": 7110, "bytes": 3888}
{"name": "verifier-loader-batch-694800", "simulation_error": null, "units": 7110, "bytes": 3888}
{"name": "verifier-loader-batch-702000", "simulation_error": null, "units": 7110, "bytes": 3888}
{"name": "verifier-loader-batch-705600", "simulation_error": null, "units": 7110, "bytes": 3888}
{"name": "verifier-loader-batch-709200", "simulation_error": null, "units": 7110, "bytes": 3888}
{"name": "verifier-loader-batch-712800", "simulation_error": null, "units": 7110, "bytes": 3888}
{"name": "verifier-loader-batch-716400", "simulation_error": null, "units": 7110, "bytes": 3888}
{"name": "verifier-loader-batch-720000", "simulation_error": null, "units": 7110, "bytes": 3888}
{"name": "verifier-loader-batch-723600", "simulation_error": null, "units": 7110, "bytes": 3888}
{"name": "verifier-loader-batch-727200", "simulation_error": null, "units": 7110, "bytes": 3888}
{"name": "verifier-loader-batch-730800", "simulation_error": null, "units": 7110, "bytes": 3888}
{"name": "verifier-loader-batch-734400", "simulation_error": null, "units": 7110, "bytes": 3888}
{"name": "verifier-loader-batch-741600", "simulation_error": null, "units": 7110, "bytes": 3888}
{"name": "verifier-loader-batch-738000", "simulation_error": null, "units": 7110, "bytes": 3888}
{"name": "verifier-loader-batch-748800", "simulation_error": null, "units": 7110, "bytes": 3888}
{"name": "verifier-loader-batch-745200", "simulation_error": null, "units": 7110, "bytes": 3888}
{"name": "verifier-loader-batch-752400", "simulation_error": null, "units": 7110, "bytes": 3888}
{"name": "verifier-loader-batch-756000", "simulation_error": null, "units": 7110, "bytes": 3888}
{"name": "verifier-loader-batch-759600", "simulation_error": null, "units": 7110, "bytes": 3888}
{"name": "verifier-loader-batch-763200", "simulation_error": null, "units": 7110, "bytes": 3888}
{"name": "verifier-loader-batch-770400", "simulation_error": null, "units": 7110, "bytes": 3888}
{"name": "verifier-loader-batch-766800", "simulation_error": null, "units": 7110, "bytes": 3888}
{"name": "verifier-loader-batch-774000", "simulation_error": null, "units": 7110, "bytes": 3888}
{"name": "verifier-loader-batch-777600", "simulation_error": null, "units": 7110, "bytes": 3888}
{"name": "verifier-loader-batch-781200", "simulation_error": null, "units": 7110, "bytes": 3888}
{"name": "verifier-loader-batch-784800", "simulation_error": null, "units": 7110, "bytes": 3888}
{"name": "verifier-loader-batch-788400", "simulation_error": null, "units": 7110, "bytes": 3888}
{"name": "verifier-loader-batch-792000", "simulation_error": null, "units": 7110, "bytes": 3888}
{"name": "verifier-loader-batch-795600", "simulation_error": null, "units": 7110, "bytes": 3888}
{"name": "verifier-loader-batch-802800", "simulation_error": null, "units": 7110, "bytes": 3888}
{"name": "verifier-loader-batch-799200", "simulation_error": null, "units": 7110, "bytes": 3888}
{"name": "verifier-loader-batch-806400", "simulation_error": null, "units": 7110, "bytes": 3888}
{"name": "verifier-loader-batch-813600", "simulation_error": null, "units": 7110, "bytes": 3888}
{"name": "verifier-loader-batch-810000", "simulation_error": null, "units": 7110, "bytes": 3888}
{"name": "verifier-loader-batch-820800", "simulation_error": null, "units": 7110, "bytes": 3888}
{"name": "verifier-loader-batch-817200", "simulation_error": null, "units": 7110, "bytes": 3888}
{"name": "verifier-loader-batch-828000", "simulation_error": null, "units": 7110, "bytes": 3888}
{"name": "verifier-loader-batch-824400", "simulation_error": null, "units": 7110, "bytes": 3888}
{"name": "verifier-loader-batch-831600", "simulation_error": null, "units": 7110, "bytes": 3888}
{"name": "verifier-loader-batch-835200", "simulation_error": null, "units": 7110, "bytes": 3888}
{"name": "verifier-loader-batch-838800", "simulation_error": null, "units": 7110, "bytes": 3888}
{"name": "verifier-loader-batch-842400", "simulation_error": null, "units": 7110, "bytes": 3888}
{"name": "verifier-loader-batch-846000", "simulation_error": null, "units": 7110, "bytes": 3888}
{"name": "verifier-loader-batch-849600", "simulation_error": null, "units": 7110, "bytes": 3888}
{"name": "verifier-loader-batch-856800", "simulation_error": null, "units": 7110, "bytes": 3888}
{"name": "verifier-loader-batch-853200", "simulation_error": null, "units": 7110, "bytes": 3888}
{"name": "verifier-loader-batch-860400", "simulation_error": null, "units": 7110, "bytes": 3888}
{"name": "verifier-loader-batch-867600", "simulation_error": null, "units": 7110, "bytes": 3888}
{"name": "verifier-loader-batch-864000", "simulation_error": null, "units": 7110, "bytes": 3888}
{"name": "verifier-loader-batch-871200", "simulation_error": null, "units": 7110, "bytes": 3888}
{"name": "verifier-loader-batch-878400", "simulation_error": null, "units": 7110, "bytes": 3888}
{"name": "verifier-loader-batch-874800", "simulation_error": null, "units": 7110, "bytes": 3888}
{"name": "verifier-loader-batch-882000", "simulation_error": null, "units": 7110, "bytes": 3888}
{"name": "verifier-loader-batch-885600", "simulation_error": null, "units": 7110, "bytes": 3888}
{"name": "verifier-loader-batch-892800", "simulation_error": null, "units": 7110, "bytes": 3888}
{"name": "verifier-loader-batch-889200", "simulation_error": null, "units": 7110, "bytes": 3888}
{"name": "verifier-loader-batch-896400", "simulation_error": null, "units": 7110, "bytes": 3888}
{"name": "verifier-loader-batch-900000", "simulation_error": null, "units": 7110, "bytes": 3888}
{"name": "verifier-loader-batch-907200", "simulation_error": null, "units": 7110, "bytes": 3888}
{"name": "verifier-loader-batch-903600", "simulation_error": null, "units": 7110, "bytes": 3888}
{"name": "verifier-loader-batch-910800", "simulation_error": null, "units": 7110, "bytes": 3888}
{"name": "verifier-loader-batch-914400", "simulation_error": null, "units": 7110, "bytes": 3888}
{"name": "verifier-loader-batch-918000", "simulation_error": null, "units": 7110, "bytes": 3888}
{"name": "verifier-loader-batch-921600", "simulation_error": null, "units": 7110, "bytes": 3888}
{"name": "verifier-loader-batch-925200", "simulation_error": null, "units": 7110, "bytes": 3888}
{"name": "verifier-loader-batch-928800", "simulation_error": null, "units": 7110, "bytes": 3888}
{"name": "verifier-loader-batch-932400", "simulation_error": null, "units": 7110, "bytes": 3888}
{"name": "verifier-loader-batch-936000", "simulation_error": null, "units": 7110, "bytes": 3888}
{"name": "verifier-loader-batch-939600", "simulation_error": null, "units": 4740, "bytes": 2338}
{"name": "verifier-loader-batch-21600", "signature": "4GLnvJnGFUhWVboWFXDMhVVPf23ABLAWnFNCxXPH2t9q1s9Qzv1unDHuTikUqTjeExF7itxQ4uNV7oc1pvfvVzX4", "slot": 495672975, "fee": 15000, "units_consumed": 7110, "declared_cu": 1200000, "wire_bytes": 3888, "explorer": "https://explorer.solana.com/tx/4GLnvJnGFUhWVboWFXDMhVVPf23ABLAWnFNCxXPH2t9q1s9Qzv1unDHuTikUqTjeExF7itxQ4uNV7oc1pvfvVzX4?cluster=devnet"}
{"name": "verifier-loader-batch-39600", "signature": "5rbenaigWpL6sJHSUqFEckByyvrMFcg7UgXM1MbkCskCCkT8aFy3KR1pwQhUNSHxhA7QcduQ8yHsH3e7hZsxJxJZ", "slot": 495672940, "fee": 15000, "units_consumed": 7110, "declared_cu": 1200000, "wire_bytes": 3888, "explorer": "https://explorer.solana.com/tx/5rbenaigWpL6sJHSUqFEckByyvrMFcg7UgXM1MbkCskCCkT8aFy3KR1pwQhUNSHxhA7QcduQ8yHsH3e7hZsxJxJZ?cluster=devnet"}
{"name": "verifier-loader-batch-43200", "signature": "61XgVgRo63r2n5qH3e37FwxhgVxJiQxswr9j5s1MC2Z4D4MpvPBcWkSPLdfY2uB1doDzTwC2judKfEbw5EdgeRCm", "slot": 495672966, "fee": 15000, "units_consumed": 7110, "declared_cu": 1200000, "wire_bytes": 3888, "explorer": "https://explorer.solana.com/tx/61XgVgRo63r2n5qH3e37FwxhgVxJiQxswr9j5s1MC2Z4D4MpvPBcWkSPLdfY2uB1doDzTwC2judKfEbw5EdgeRCm?cluster=devnet"}
{"name": "verifier-loader-batch-46800", "signature": "83hBkekxvFGJ6EMYwT4tS73RbgtF7Nr2xoCcwWv3FF9CGU44xKRJvctzrK7anCsEKBPiXs7Su4xq4KcYdsf5KbC", "slot": 495672994, "fee": 15000, "units_consumed": 7110, "declared_cu": 1200000, "wire_bytes": 3888, "explorer": "https://explorer.solana.com/tx/83hBkekxvFGJ6EMYwT4tS73RbgtF7Nr2xoCcwWv3FF9CGU44xKRJvctzrK7anCsEKBPiXs7Su4xq4KcYdsf5KbC?cluster=devnet"}
{"name": "verifier-loader-batch-50400", "signature": "445Lyrii6VjG5ebM834cGLjmDaQNa73nU8gZLXJnHSR1gN5XMg6J8AebaUqzv7MCRVQ1ywwfnPRutJqvWcZPJ1yG", "slot": 495672996, "fee": 15000, "units_consumed": 7110, "declared_cu": 1200000, "wire_bytes": 3888, "explorer": "https://explorer.solana.com/tx/445Lyrii6VjG5ebM834cGLjmDaQNa73nU8gZLXJnHSR1gN5XMg6J8AebaUqzv7MCRVQ1ywwfnPRutJqvWcZPJ1yG?cluster=devnet"}
{"name": "verifier-loader-batch-57600", "signature": "3VCWq7PxvddagXLctZu2NkjonynoBCwhYGrin9w376Ng2i7DtTCjViJwPpwmDzeLwHphg2uLDh9RfWkL1SSaDcw9", "slot": 495673024, "fee": 15000, "units_consumed": 7110, "declared_cu": 1200000, "wire_bytes": 3888, "explorer": "https://explorer.solana.com/tx/3VCWq7PxvddagXLctZu2NkjonynoBCwhYGrin9w376Ng2i7DtTCjViJwPpwmDzeLwHphg2uLDh9RfWkL1SSaDcw9?cluster=devnet"}
{"name": "verifier-loader-batch-54000", "signature": "39S2cKgyzxka4QJN4W7YLKpAUxYCoc2qQHNfQmpBvdqFeQJqn35i1LVGNr1emhAz4pQU6ZdWg7PebEWtV7e48nN9", "slot": 495673027, "fee": 15000, "units_consumed": 7110, "declared_cu": 1200000, "wire_bytes": 3888, "explorer": "https://explorer.solana.com/tx/39S2cKgyzxka4QJN4W7YLKpAUxYCoc2qQHNfQmpBvdqFeQJqn35i1LVGNr1emhAz4pQU6ZdWg7PebEWtV7e48nN9?cluster=devnet"}
{"name": "verifier-loader-batch-61200", "signature": "2v7A2zW1L1jVATecrgsEwHXMkvFdnQrYpofKZkE9Qj3hjrWbgCn1boYHLtfkRFLtaxK7d6pahThiiAkVheTprPF", "slot": 495673045, "fee": 15000, "units_consumed": 7110, "declared_cu": 1200000, "wire_bytes": 3888, "explorer": "https://explorer.solana.com/tx/2v7A2zW1L1jVATecrgsEwHXMkvFdnQrYpofKZkE9Qj3hjrWbgCn1boYHLtfkRFLtaxK7d6pahThiiAkVheTprPF?cluster=devnet"}
{"name": "verifier-loader-batch-64800", "signature": "bPXaENzEWJWRtQzgFKYWuxvJ44dQ76nuGZNxNqe8taXK8ZEpnQJvFuXQssAJsYPdrN3Aim5r1WiqrpwbnYWgsR6", "slot": 495673040, "fee": 15000, "units_consumed": 7110, "declared_cu": 1200000, "wire_bytes": 3888, "explorer": "https://explorer.solana.com/tx/bPXaENzEWJWRtQzgFKYWuxvJ44dQ76nuGZNxNqe8taXK8ZEpnQJvFuXQssAJsYPdrN3Aim5r1WiqrpwbnYWgsR6?cluster=devnet"}
{"name": "verifier-loader-batch-68400", "signature": "3ru7SK4AADw4XuxbDmN3Yvpffs3D3XRbVK1kzYDSXffcYwr7rNSEbo3wYKPXvziLNviYMJfsd2MiEFohYdZpjASL", "slot": 495673055, "fee": 15000, "units_consumed": 7110, "declared_cu": 1200000, "wire_bytes": 3888, "explorer": "https://explorer.solana.com/tx/3ru7SK4AADw4XuxbDmN3Yvpffs3D3XRbVK1kzYDSXffcYwr7rNSEbo3wYKPXvziLNviYMJfsd2MiEFohYdZpjASL?cluster=devnet"}
{"name": "verifier-loader-batch-72000", "signature": "4FBdtarPwaFeB825XYzoswjeGjtmHtsRyJLnnbXz7v3bG3XQ4NGYsiiVrZn4mfNZVjmqdBh7Hv2SacjhAMtr7YFX", "slot": 495673069, "fee": 15000, "units_consumed": 7110, "declared_cu": 1200000, "wire_bytes": 3888, "explorer": "https://explorer.solana.com/tx/4FBdtarPwaFeB825XYzoswjeGjtmHtsRyJLnnbXz7v3bG3XQ4NGYsiiVrZn4mfNZVjmqdBh7Hv2SacjhAMtr7YFX?cluster=devnet"}
{"name": "verifier-loader-batch-75600", "signature": "2fgTGLPrEhf65ffZdSquiyJ527SH6VcWCVDdGHTcagSYmdGSW8Gzkw3511fHUtnAkWUPi35Smr79MhWtLJeffSrx", "slot": 495673080, "fee": 15000, "units_consumed": 7110, "declared_cu": 1200000, "wire_bytes": 3888, "explorer": "https://explorer.solana.com/tx/2fgTGLPrEhf65ffZdSquiyJ527SH6VcWCVDdGHTcagSYmdGSW8Gzkw3511fHUtnAkWUPi35Smr79MhWtLJeffSrx?cluster=devnet"}
{"name": "verifier-loader-batch-79200", "signature": "5CtsjqdoeK45fLrjnYiUuuNw6EXxr4zUeJD2QmLuGNTjnkeE474trSZVkEKv4FZttgjgu16sSmgVep6AzyHtSM8B", "slot": 495673090, "fee": 15000, "units_consumed": 7110, "declared_cu": 1200000, "wire_bytes": 3888, "explorer": "https://explorer.solana.com/tx/5CtsjqdoeK45fLrjnYiUuuNw6EXxr4zUeJD2QmLuGNTjnkeE474trSZVkEKv4FZttgjgu16sSmgVep6AzyHtSM8B?cluster=devnet"}
{"name": "verifier-loader-batch-82800", "signature": "3tnxqCnRhJCLgosUXZMuMe5m7DSud4GuB4j6VCqx5L9QrdDSjoPXBkq9Nc5LeUxkzTF9HXEbmbZfobPkbxnWK327", "slot": 495673103, "fee": 15000, "units_consumed": 7110, "declared_cu": 1200000, "wire_bytes": 3888, "explorer": "https://explorer.solana.com/tx/3tnxqCnRhJCLgosUXZMuMe5m7DSud4GuB4j6VCqx5L9QrdDSjoPXBkq9Nc5LeUxkzTF9HXEbmbZfobPkbxnWK327?cluster=devnet"}
{"name": "verifier-loader-batch-86400", "signature": "nHtgDyMtGgJQ3sGKHGKS2ReobHXGretZzE9Q9vWeB3DUwq2M9ifQ8WZh6wdw1Ea1o1Z9PkcGUYP95TyRekV4Nts", "slot": 495673120, "fee": 15000, "units_consumed": 7110, "declared_cu": 1200000, "wire_bytes": 3888, "explorer": "https://explorer.solana.com/tx/nHtgDyMtGgJQ3sGKHGKS2ReobHXGretZzE9Q9vWeB3DUwq2M9ifQ8WZh6wdw1Ea1o1Z9PkcGUYP95TyRekV4Nts?cluster=devnet"}{"name": "verifier-loader-batch-90000", "signature": "3RueKtWuMBTT2upym2frJRTHsto79QdQe8zHRKYyavwamMVfh4bkH9hV8Dqi9Yb3SpVuPxZirmGcv7RytkKQfRHb", "slot": 495673127, "fee": 15000, "units_consumed": 7110, "declared_cu": 1200000, "wire_bytes": 3888, "explorer": "https://explorer.solana.com/tx/3RueKtWuMBTT2upym2frJRTHsto79QdQe8zHRKYyavwamMVfh4bkH9hV8Dqi9Yb3SpVuPxZirmGcv7RytkKQfRHb?cluster=devnet"}

{"name": "verifier-loader-batch-93600", "signature": "P7xSwU7Z5YDAktQ2BqQ3sWE2VYJCoirvjJtVZ9P1wQYuMWRNUKxXJLkGBDob1TcMtaBGNk6t3hrumdJPLrb9FKx", "slot": 495673140, "fee": 15000, "units_consumed": 7110, "declared_cu": 1200000, "wire_bytes": 3888, "explorer": "https://explorer.solana.com/tx/P7xSwU7Z5YDAktQ2BqQ3sWE2VYJCoirvjJtVZ9P1wQYuMWRNUKxXJLkGBDob1TcMtaBGNk6t3hrumdJPLrb9FKx?cluster=devnet"}
{"name": "verifier-loader-batch-97200", "signature": "5V7LgcMTc1A4eGFKvkRXV7vvshvMPZqbe89tteMQLQ6B9ht9bDvprht7GvVqEnSt9Y6EWe4op9YmZvBapQjfarh6", "slot": 495673154, "fee": 15000, "units_consumed": 7110, "declared_cu": 1200000, "wire_bytes": 3888, "explorer": "https://explorer.solana.com/tx/5V7LgcMTc1A4eGFKvkRXV7vvshvMPZqbe89tteMQLQ6B9ht9bDvprht7GvVqEnSt9Y6EWe4op9YmZvBapQjfarh6?cluster=devnet"}
{"name": "verifier-loader-batch-100800", "signature": "38Zcvj6VbE24uS5KLVTHTKJfCD3cr6NS9mGUyNwRmY5i6nf9iEFw6UY7YSeouPanF62kgNk5Q3QGReXcLSXW73oR", "slot": 495673169, "fee": 15000, "units_consumed": 7110, "declared_cu": 1200000, "wire_bytes": 3888, "explorer": "https://explorer.solana.com/tx/38Zcvj6VbE24uS5KLVTHTKJfCD3cr6NS9mGUyNwRmY5i6nf9iEFw6UY7YSeouPanF62kgNk5Q3QGReXcLSXW73oR?cluster=devnet"}
{"name": "verifier-loader-batch-104400", "signature": "WeGff7odt5d14yEWDEbreQ8MdUi7XyzvBtnrx1pntuSt7eM6xnY9p4ofYSDvWbkVAspH7mVnrntvfrpVK1Vw3PK", "slot": 495673179, "fee": 15000, "units_consumed": 7110, "declared_cu": 1200000, "wire_bytes": 3888, "explorer": "https://explorer.solana.com/tx/WeGff7odt5d14yEWDEbreQ8MdUi7XyzvBtnrx1pntuSt7eM6xnY9p4ofYSDvWbkVAspH7mVnrntvfrpVK1Vw3PK?cluster=devnet"}
{"name": "verifier-loader-batch-111600", "signature": "2ad3cZ5NdQdph4MRREVKpB1Z4BGS7XVGB8sQuKrj63gcCpoyC1mF4o9sacnR7e3ttpsrk3Z7CFD8gQBxAXoQcjsY", "slot": 495673200, "fee": 15000, "units_consumed": 7110, "declared_cu": 1200000, "wire_bytes": 3888, "explorer": "https://explorer.solana.com/tx/2ad3cZ5NdQdph4MRREVKpB1Z4BGS7XVGB8sQuKrj63gcCpoyC1mF4o9sacnR7e3ttpsrk3Z7CFD8gQBxAXoQcjsY?cluster=devnet"}
{"name": "verifier-loader-batch-108000", "signature": "3n7GVyUEVW3hM6zqcjCEJTHHhykL5LZMRms1BS7SKVNrckcRzoJ1EudgkuvmPJZW2so79wViS3d7VuBeG3kYCTkL", "slot": 495673200, "fee": 15000, "units_consumed": 7110, "declared_cu": 1200000, "wire_bytes": 3888, "explorer": "https://explorer.solana.com/tx/3n7GVyUEVW3hM6zqcjCEJTHHhykL5LZMRms1BS7SKVNrckcRzoJ1EudgkuvmPJZW2so79wViS3d7VuBeG3kYCTkL?cluster=devnet"}
{"name": "verifier-loader-batch-118800", "signature": "2kkYQVWTNxt27cxgMA6N1zW1JFTzE2guCRiPKUzDT2xVfCX43FSZ9h6beovE3EaYXeWhj4QDRfLCVaUDFN1SznNu", "slot": 495673229, "fee": 15000, "units_consumed": 7110, "declared_cu": 1200000, "wire_bytes": 3888, "explorer": "https://explorer.solana.com/tx/2kkYQVWTNxt27cxgMA6N1zW1JFTzE2guCRiPKUzDT2xVfCX43FSZ9h6beovE3EaYXeWhj4QDRfLCVaUDFN1SznNu?cluster=devnet"}
{"name": "verifier-loader-batch-115200", "signature": "f4rSbBobujm411h6iBnN7rUxtGPJN3kEF96kthCSQiXm5KLdwnCrssGLd8CzcqXJJTzSMdbMT5PN6WZRCNZ9Jix", "slot": 495673225, "fee": 15000, "units_consumed": 7110, "declared_cu": 1200000, "wire_bytes": 3888, "explorer": "https://explorer.solana.com/tx/f4rSbBobujm411h6iBnN7rUxtGPJN3kEF96kthCSQiXm5KLdwnCrssGLd8CzcqXJJTzSMdbMT5PN6WZRCNZ9Jix?cluster=devnet"}
{"name": "verifier-loader-batch-122400", "signature": "2x2JrrxCG3KNDycsVvsYCEmVuRAEpUvh4JTNZv7qeCnR92UYTWuDJYbAttLLPJiQ3pKbagzY55s6nVx2cUtKdjho", "slot": 495673248, "fee": 15000, "units_consumed": 7110, "declared_cu": 1200000, "wire_bytes": 3888, "explorer": "https://explorer.solana.com/tx/2x2JrrxCG3KNDycsVvsYCEmVuRAEpUvh4JTNZv7qeCnR92UYTWuDJYbAttLLPJiQ3pKbagzY55s6nVx2cUtKdjho?cluster=devnet"}
{"name": "verifier-loader-batch-126000", "signature": "3HF4GTter6ZqQRzSa2S7r16qMGxT2H7VeTtJoeMuqjXJNBfThcBeu9c3PbkPQxeFhWaj9FhCMYBdRsXxgSZHghVr", "slot": 495673260, "fee": 15000, "units_consumed": 7110, "declared_cu": 1200000, "wire_bytes": 3888, "explorer": "https://explorer.solana.com/tx/3HF4GTter6ZqQRzSa2S7r16qMGxT2H7VeTtJoeMuqjXJNBfThcBeu9c3PbkPQxeFhWaj9FhCMYBdRsXxgSZHghVr?cluster=devnet"}
{"name": "verifier-loader-batch-133200", "signature": "2JMaC8riLS6hCYth6PG7kJKrwk3XXvAVuxivfaoGmThhTLm1e2EYiC9rtbZVpRSffdFY4u1JHgyj4axmPpxU1ZpM", "slot": 495673285, "fee": 15000, "units_consumed": 7110, "declared_cu": 1200000, "wire_bytes": 3888, "explorer": "https://explorer.solana.com/tx/2JMaC8riLS6hCYth6PG7kJKrwk3XXvAVuxivfaoGmThhTLm1e2EYiC9rtbZVpRSffdFY4u1JHgyj4axmPpxU1ZpM?cluster=devnet"}
{"name": "verifier-loader-batch-136800", "signature": "3hwFQpPmGQmGfjGxzkk8cX966VfWkHSron21q3PPcLnSmSeVE6MRM93if3UUqx9JhFGGz1cTK38zvzauo1eeZbfm", "slot": 495673299, "fee": 15000, "units_consumed": 7110, "declared_cu": 1200000, "wire_bytes": 3888, "explorer": "https://explorer.solana.com/tx/3hwFQpPmGQmGfjGxzkk8cX966VfWkHSron21q3PPcLnSmSeVE6MRM93if3UUqx9JhFGGz1cTK38zvzauo1eeZbfm?cluster=devnet"}
{"name": "verifier-loader-batch-129600", "signature": "5AnTEnKZ59MNR6mkQFqK4rLwfgLDYCshcwDYg1XzaUtkHuXqr2FTyB39Kcbi8v3NqhwYRAAHJXf7L6ZsJgCdJfMX", "slot": 495673281, "fee": 15000, "units_consumed": 7110, "declared_cu": 1200000, "wire_bytes": 3888, "explorer": "https://explorer.solana.com/tx/5AnTEnKZ59MNR6mkQFqK4rLwfgLDYCshcwDYg1XzaUtkHuXqr2FTyB39Kcbi8v3NqhwYRAAHJXf7L6ZsJgCdJfMX?cluster=devnet"}
{"name": "verifier-loader-batch-140400", "signature": "3AYfBovjyC7SQ8F24W7KVtBrE3UTT2kf6CFgggHTTBpM8maC6sTtx4Yj7ojxyBRB965fyyGusV7ifSco1nqQJP81", "slot": 495673308, "fee": 15000, "units_consumed": 7110, "declared_cu": 1200000, "wire_bytes": 3888, "explorer": "https://explorer.solana.com/tx/3AYfBovjyC7SQ8F24W7KVtBrE3UTT2kf6CFgggHTTBpM8maC6sTtx4Yj7ojxyBRB965fyyGusV7ifSco1nqQJP81?cluster=devnet"}
{"name": "verifier-loader-batch-144000", "signature": "3SeJq8Hr6ZCvJYjGzCDpRKKmwgwqW445PW97hWex2g1EzUZvmFUEU6k2tdigWZ2JirboTYFzJQ7jUR7DHzthQNuT", "slot": 495673332, "fee": 15000, "units_consumed": 7110, "declared_cu": 1200000, "wire_bytes": 3888, "explorer": "https://explorer.solana.com/tx/3SeJq8Hr6ZCvJYjGzCDpRKKmwgwqW445PW97hWex2g1EzUZvmFUEU6k2tdigWZ2JirboTYFzJQ7jUR7DHzthQNuT?cluster=devnet"}
{"name": "verifier-loader-batch-147600", "signature": "BxYx6nBZqn1fKWRb9ijR6YiiEU3rtXRqevAESLHira1rjgFBe794xbtjSXsqsGeFtnNDbPidVgs5Eo5282br4cC", "slot": 495673329, "fee": 15000, "units_consumed": 7110, "declared_cu": 1200000, "wire_bytes": 3888, "explorer": "https://explorer.solana.com/tx/BxYx6nBZqn1fKWRb9ijR6YiiEU3rtXRqevAESLHira1rjgFBe794xbtjSXsqsGeFtnNDbPidVgs5Eo5282br4cC?cluster=devnet"}
{"name": "verifier-loader-batch-151200", "signature": "46GEG4XBhEzsFYZJEzH6H7PPEh5rd5zr1uv2vH2xiAAxcMXSgNksCjBTq9KqbgxKuNmEjnHCd4ei6y7jrFbb2Pnq", "slot": 495673355, "fee": 15000, "units_consumed": 7110, "declared_cu": 1200000, "wire_bytes": 3888, "explorer": "https://explorer.solana.com/tx/46GEG4XBhEzsFYZJEzH6H7PPEh5rd5zr1uv2vH2xiAAxcMXSgNksCjBTq9KqbgxKuNmEjnHCd4ei6y7jrFbb2Pnq?cluster=devnet"}
{"name": "verifier-loader-batch-154800", "signature": "3QArRXGHtLuTwWU2maGuUqMRvCejULmb2KMQwTg9EnGwZmMVrDA3vx12sQqwzuMjF1KvxgrnZk7VQNPdaVyZzcS7", "slot": 495673356, "fee": 15000, "units_consumed": 7110, "declared_cu": 1200000, "wire_bytes": 3888, "explorer": "https://explorer.solana.com/tx/3QArRXGHtLuTwWU2maGuUqMRvCejULmb2KMQwTg9EnGwZmMVrDA3vx12sQqwzuMjF1KvxgrnZk7VQNPdaVyZzcS7?cluster=devnet"}
{"name": "verifier-loader-batch-158400", "signature": "5WQyF917dJ8QczzKdwiZUr8TdXZFsWZ2XaaMpViKRcFeS7ExLqMLWgXmGQa6PczsvFm2HjAi58d7aWCF8aiaMo5Q", "slot": 495673382, "fee": 15000, "units_consumed": 7110, "declared_cu": 1200000, "wire_bytes": 3888, "explorer": "https://explorer.solana.com/tx/5WQyF917dJ8QczzKdwiZUr8TdXZFsWZ2XaaMpViKRcFeS7ExLqMLWgXmGQa6PczsvFm2HjAi58d7aWCF8aiaMo5Q?cluster=devnet"}
{"name": "verifier-loader-batch-162000", "signature": "3BmmfYzQK44X7sp8eegAvce9szysU9E7HyghgjV5gteYhZcmiZe9Qu2Y1QpUgxcfgBsjZrFbnign8KHYngCWkYEQ", "slot": 495673380, "fee": 15000, "units_consumed": 7110, "declared_cu": 1200000, "wire_bytes": 3888, "explorer": "https://explorer.solana.com/tx/3BmmfYzQK44X7sp8eegAvce9szysU9E7HyghgjV5gteYhZcmiZe9Qu2Y1QpUgxcfgBsjZrFbnign8KHYngCWkYEQ?cluster=devnet"}
{"name": "verifier-loader-batch-165600", "signature": "kzMuKpBU4tPaZdi8mC4HRkYXK3GDfSSJYJb7T5GSz9UaGdpXN5LqjCPmZR8dZUove2cHEtwLQ1BKsrJU1e4BV8b", "slot": 495673405, "fee": 15000, "units_consumed": 7110, "declared_cu": 1200000, "wire_bytes": 3888, "explorer": "https://explorer.solana.com/tx/kzMuKpBU4tPaZdi8mC4HRkYXK3GDfSSJYJb7T5GSz9UaGdpXN5LqjCPmZR8dZUove2cHEtwLQ1BKsrJU1e4BV8b?cluster=devnet"}
{"name": "verifier-loader-batch-172800", "signature": "23xm3Z6V6n4axvsPeSZbemzcA69gUQminW6sx6mnu14Bw3337nAciczirdMas2p95sQRMNwWpD5fcJ2GEgRPC3BW", "slot": 495673436, "fee": 15000, "units_consumed": 7110, "declared_cu": 1200000, "wire_bytes": 3888, "explorer": "https://explorer.solana.com/tx/23xm3Z6V6n4axvsPeSZbemzcA69gUQminW6sx6mnu14Bw3337nAciczirdMas2p95sQRMNwWpD5fcJ2GEgRPC3BW?cluster=devnet"}
{"name": "verifier-loader-batch-169200", "signature": "317goWM98Yobpwa3tUbe5tVsh3rHw1is5V7wAmQtPd75oQAh52ThQbMHT9WYVZN4vUWWdDVsFh3F6j2PVjdYU7v3", "slot": 495673409, "fee": 15000, "units_consumed": 7110, "declared_cu": 1200000, "wire_bytes": 3888, "explorer": "https://explorer.solana.com/tx/317goWM98Yobpwa3tUbe5tVsh3rHw1is5V7wAmQtPd75oQAh52ThQbMHT9WYVZN4vUWWdDVsFh3F6j2PVjdYU7v3?cluster=devnet"}
{"name": "verifier-loader-batch-176400", "signature": "32Ss3Zye5GUDGbx3Mou96NdmadtYuihLvQxzEFXMAKCsgTcPrWjBY3T85Xgw529FBctTK7SCFKXvxybLR1trLE6j", "slot": 495673438, "fee": 15000, "units_consumed": 7110, "declared_cu": 1200000, "wire_bytes": 3888, "explorer": "https://explorer.solana.com/tx/32Ss3Zye5GUDGbx3Mou96NdmadtYuihLvQxzEFXMAKCsgTcPrWjBY3T85Xgw529FBctTK7SCFKXvxybLR1trLE6j?cluster=devnet"}
{"name": "verifier-loader-batch-180000", "signature": "2iULwucgPzW22LmjuHxP8mJkSPosf2UL1pfYQs6Uk73T5eK8A2zksNx3S5vhu6cuGhP9G4tFesUqgAH9bkDg3dzE", "slot": 495673458, "fee": 15000, "units_consumed": 7110, "declared_cu": 1200000, "wire_bytes": 3888, "explorer": "https://explorer.solana.com/tx/2iULwucgPzW22LmjuHxP8mJkSPosf2UL1pfYQs6Uk73T5eK8A2zksNx3S5vhu6cuGhP9G4tFesUqgAH9bkDg3dzE?cluster=devnet"}
{"name": "verifier-loader-batch-187200", "signature": "3HAiPiotvYVZHect1NVpjVLYLR1KA2AS2L8pUXhMZwVVHR7AbqeYaELxKQRDLuAuBuZfNimft6XuQ4TssUGdG3A2", "slot": 495673489, "fee": 15000, "units_consumed": 7110, "declared_cu": 1200000, "wire_bytes": 3888, "explorer": "https://explorer.solana.com/tx/3HAiPiotvYVZHect1NVpjVLYLR1KA2AS2L8pUXhMZwVVHR7AbqeYaELxKQRDLuAuBuZfNimft6XuQ4TssUGdG3A2?cluster=devnet"}
{"name": "verifier-loader-batch-190800", "signature": "8a14J6yCNKmRztESRYh7BqyY4Yx89N6718MsJEeogZwCDTGmNtnWhu6eRn1QPTRXKZ58RF32EYyFxKvJoKtzNtg", "slot": 495673492, "fee": 15000, "units_consumed": 7110, "declared_cu": 1200000, "wire_bytes": 3888, "explorer": "https://explorer.solana.com/tx/8a14J6yCNKmRztESRYh7BqyY4Yx89N6718MsJEeogZwCDTGmNtnWhu6eRn1QPTRXKZ58RF32EYyFxKvJoKtzNtg?cluster=devnet"}
{"name": "verifier-loader-batch-183600", "signature": "56tTEy2SLELA2Sop7WJbu1z7hz1WYWdbfzfdyNVNY9qnaa7WsB4ia89NRFjYj9fNQ2waDD1myrJapeC7cJL66jZZ", "slot": 495673464, "fee": 15000, "units_consumed": 7110, "declared_cu": 1200000, "wire_bytes": 3888, "explorer": "https://explorer.solana.com/tx/56tTEy2SLELA2Sop7WJbu1z7hz1WYWdbfzfdyNVNY9qnaa7WsB4ia89NRFjYj9fNQ2waDD1myrJapeC7cJL66jZZ?cluster=devnet"}
{"name": "verifier-loader-batch-194400", "signature": "22RpMLR73J3Z3XUo9NBbWLoJ6s2kVM46oLuytsaetpQns1aYoPLCAauvfbm1XraKUb8ikWf2cWdAwistpYSfbYYN", "slot": 495673516, "fee": 15000, "units_consumed": 7110, "declared_cu": 1200000, "wire_bytes": 3888, "explorer": "https://explorer.solana.com/tx/22RpMLR73J3Z3XUo9NBbWLoJ6s2kVM46oLuytsaetpQns1aYoPLCAauvfbm1XraKUb8ikWf2cWdAwistpYSfbYYN?cluster=devnet"}
{"name": "verifier-loader-batch-201600", "signature": "vFmKpiz4PJP7TKvC27NV1GqDktAX6h2vUkttGonQeCXdg75H2HjimZ66j2yN6YMucKXk7rXZ5akG5qDCePVUome", "slot": 495673554, "fee": 15000, "units_consumed": 7110, "declared_cu": 1200000, "wire_bytes": 3888, "explorer": "https://explorer.solana.com/tx/vFmKpiz4PJP7TKvC27NV1GqDktAX6h2vUkttGonQeCXdg75H2HjimZ66j2yN6YMucKXk7rXZ5akG5qDCePVUome?cluster=devnet"}
{"name": "verifier-loader-batch-198000", "signature": "WAo6q7Tvpzk8eLN8bAnbzSuNiwsvtsM6Kfs9Yw2xpWpv83rBGVzhPCQyuhZMEsbMWGvCArEUMV7i5k6tiH2RuPs", "slot": 495673519, "fee": 15000, "units_consumed": 7110, "declared_cu": 1200000, "wire_bytes": 3888, "explorer": "https://explorer.solana.com/tx/WAo6q7Tvpzk8eLN8bAnbzSuNiwsvtsM6Kfs9Yw2xpWpv83rBGVzhPCQyuhZMEsbMWGvCArEUMV7i5k6tiH2RuPs?cluster=devnet"}
{"name": "verifier-loader-batch-205200", "signature": "5Z47gbqwtFKN9htkqd7q8kFkKNCgDK1vRJJWBR44MdQzc9bAhvGpWFXx7MK5GHUwEwXsfMP2G9qw3a6Ct5qXeGfp", "slot": 495673545, "fee": 15000, "units_consumed": 7110, "declared_cu": 1200000, "wire_bytes": 3888, "explorer": "https://explorer.solana.com/tx/5Z47gbqwtFKN9htkqd7q8kFkKNCgDK1vRJJWBR44MdQzc9bAhvGpWFXx7MK5GHUwEwXsfMP2G9qw3a6Ct5qXeGfp?cluster=devnet"}
{"name": "verifier-loader-batch-212400", "signature": "sL8bg7awwMx1zRSnV9pXawsai3yvS9TXBFx6Bv9JRvumKkcy6woPWrjyHFDMQzSni1eKPWa36NRf9cp9d7cPG7j", "slot": 495673579, "fee": 15000, "units_consumed": 7110, "declared_cu": 1200000, "wire_bytes": 3888, "explorer": "https://explorer.solana.com/tx/sL8bg7awwMx1zRSnV9pXawsai3yvS9TXBFx6Bv9JRvumKkcy6woPWrjyHFDMQzSni1eKPWa36NRf9cp9d7cPG7j?cluster=devnet"}
{"name": "verifier-loader-batch-208800", "signature": "21fR9ah7oFh4M4UcfUh1BzQdHhvKgRc653TFoQcYbZu4fkAKXyiobDTZqGBjBKTfQE5XXwaq7jYdb9CcFxdib7qq", "slot": 495673564, "fee": 15000, "units_consumed": 7110, "declared_cu": 1200000, "wire_bytes": 3888, "explorer": "https://explorer.solana.com/tx/21fR9ah7oFh4M4UcfUh1BzQdHhvKgRc653TFoQcYbZu4fkAKXyiobDTZqGBjBKTfQE5XXwaq7jYdb9CcFxdib7qq?cluster=devnet"}
{"name": "verifier-loader-batch-216000", "signature": "23AjPyh4y3HWy5qeoxSaprcAq9SU61D8xGrjTo3KDngVuNDcjv5VBjeffrgDJHz3PMW3mRb6RqX7N8gmJcyQdiDy", "slot": 495673594, "fee": 15000, "units_consumed": 7110, "declared_cu": 1200000, "wire_bytes": 3888, "explorer": "https://explorer.solana.com/tx/23AjPyh4y3HWy5qeoxSaprcAq9SU61D8xGrjTo3KDngVuNDcjv5VBjeffrgDJHz3PMW3mRb6RqX7N8gmJcyQdiDy?cluster=devnet"}
{"name": "verifier-loader-batch-219600", "signature": "YpLopH5yCKnSoCvY9HYyACGhfmMhWzmSSUEEvQRTiVasL6bMGmTQzahMJLVo18xZ15atjCD6xtEyv3oE1DAoTjY", "slot": 495673598, "fee": 15000, "units_consumed": 7110, "declared_cu": 1200000, "wire_bytes": 3888, "explorer": "https://explorer.solana.com/tx/YpLopH5yCKnSoCvY9HYyACGhfmMhWzmSSUEEvQRTiVasL6bMGmTQzahMJLVo18xZ15atjCD6xtEyv3oE1DAoTjY?cluster=devnet"}
{"name": "verifier-loader-batch-223200", "signature": "4328pkyWnh7SDq8ps4rDaYVCA2djc42BYz4CnHr2HChToSY3qYBxKr5Sxp8qN1Vxv3LradFL1v1GVap6iYy45W9L", "slot": 495673629, "fee": 15000, "units_consumed": 7110, "declared_cu": 1200000, "wire_bytes": 3888, "explorer": "https://explorer.solana.com/tx/4328pkyWnh7SDq8ps4rDaYVCA2djc42BYz4CnHr2HChToSY3qYBxKr5Sxp8qN1Vxv3LradFL1v1GVap6iYy45W9L?cluster=devnet"}
{"name": "verifier-loader-batch-226800", "signature": "2WnE8iH2oEu8EutTn97TN1F5T1H1UPTkNxKjLedGKStcMSjcjDJfEGUkSAmYV1qs9EeSogD4GpwGVdANiBh8qBRy", "slot": 495673624, "fee": 15000, "units_consumed": 7110, "declared_cu": 1200000, "wire_bytes": 3888, "explorer": "https://explorer.solana.com/tx/2WnE8iH2oEu8EutTn97TN1F5T1H1UPTkNxKjLedGKStcMSjcjDJfEGUkSAmYV1qs9EeSogD4GpwGVdANiBh8qBRy?cluster=devnet"}
{"name": "verifier-loader-batch-230400", "signature": "631pQkPWWvqkjwhtjccmo3s8VDbMxCW2p2zqvZ37wmCAskue431KWtMFWpV1B2nLLwLdjn7bEvhKQ838G4mXYtny", "slot": 495673651, "fee": 15000, "units_consumed": 7110, "declared_cu": 1200000, "wire_bytes": 3888, "explorer": "https://explorer.solana.com/tx/631pQkPWWvqkjwhtjccmo3s8VDbMxCW2p2zqvZ37wmCAskue431KWtMFWpV1B2nLLwLdjn7bEvhKQ838G4mXYtny?cluster=devnet"}
{"name": "verifier-loader-batch-234000", "signature": "3HCD2tBm5F5F391ECiY9d3p5pKikLbWybyUsyEZJYKjCrPmzj66dUy5HZAYB7WJeqUcrzifnUypfK8LooBTSzhhT", "slot": 495673655, "fee": 15000, "units_consumed": 7110, "declared_cu": 1200000, "wire_bytes": 3888, "explorer": "https://explorer.solana.com/tx/3HCD2tBm5F5F391ECiY9d3p5pKikLbWybyUsyEZJYKjCrPmzj66dUy5HZAYB7WJeqUcrzifnUypfK8LooBTSzhhT?cluster=devnet"}
{"name": "verifier-loader-batch-237600", "signature": "3RPDGKbj9iyDWkJJyCyGThWuY3XJxG1SnvQXS1xprgo87hDD7YN7pVSdMhGjE6iWUUJaqRJtYRqmxwdgb4NZqFCz", "slot": 495673681, "fee": 15000, "units_consumed": 7110, "declared_cu": 1200000, "wire_bytes": 3888, "explorer": "https://explorer.solana.com/tx/3RPDGKbj9iyDWkJJyCyGThWuY3XJxG1SnvQXS1xprgo87hDD7YN7pVSdMhGjE6iWUUJaqRJtYRqmxwdgb4NZqFCz?cluster=devnet"}
{"name": "verifier-loader-batch-241200", "signature": "M7CrLEdSMpZda73WhE5SY8jMiAtmMzvwqPFCrRbrcsVtzsZk3qAKP9QTSMn2wFir6oS333BLJ5FHBQsfP5jsWa4", "slot": 495673685, "fee": 15000, "units_consumed": 7110, "declared_cu": 1200000, "wire_bytes": 3888, "explorer": "https://explorer.solana.com/tx/M7CrLEdSMpZda73WhE5SY8jMiAtmMzvwqPFCrRbrcsVtzsZk3qAKP9QTSMn2wFir6oS333BLJ5FHBQsfP5jsWa4?cluster=devnet"}
{"name": "verifier-loader-batch-244800", "signature": "WqH5k6vPJXxgCNQ3PxtB4thSgZH8avKBtj6gL21tQ1h42BjhsfFMojmf7yBWL3A18mNDtEj927xNHDzJaFrsqNX", "slot": 495673699, "fee": 15000, "units_consumed": 7110, "declared_cu": 1200000, "wire_bytes": 3888, "explorer": "https://explorer.solana.com/tx/WqH5k6vPJXxgCNQ3PxtB4thSgZH8avKBtj6gL21tQ1h42BjhsfFMojmf7yBWL3A18mNDtEj927xNHDzJaFrsqNX?cluster=devnet"}
{"name": "verifier-loader-batch-248400", "signature": "2DA29KVwmcLvDV8G1BDfoVA7nBfWkL2N77j9o3oG6hm7R7HkotaY1kH4zmiFxg4dBdskQUtfeoeuAj6adcCuxcRp", "slot": 495673703, "fee": 15000, "units_consumed": 7110, "declared_cu": 1200000, "wire_bytes": 3888, "explorer": "https://explorer.solana.com/tx/2DA29KVwmcLvDV8G1BDfoVA7nBfWkL2N77j9o3oG6hm7R7HkotaY1kH4zmiFxg4dBdskQUtfeoeuAj6adcCuxcRp?cluster=devnet"}
{"name": "verifier-loader-batch-252000", "signature": "oRvKp2a8j1mBbhTHUoxkQZhX5C9tikj2RnawQyUTfJcTK4EjWp6DQmQXk4rrfA7iCWDQPpMzKB92Zg18hvHBYGK", "slot": 495673713, "fee": 15000, "units_consumed": 7110, "declared_cu": 1200000, "wire_bytes": 3888, "explorer": "https://explorer.solana.com/tx/oRvKp2a8j1mBbhTHUoxkQZhX5C9tikj2RnawQyUTfJcTK4EjWp6DQmQXk4rrfA7iCWDQPpMzKB92Zg18hvHBYGK?cluster=devnet"}
{"name": "verifier-loader-batch-255600", "signature": "52RDdCrwAkyZSPvgArjv9ZTVszsKqwpn76Cb27Xoa1tHj9J52fXTbjpvoMVwnCbGbSFS9MdKeZnMp3zCY5Yp5FjU", "slot": 495673718, "fee": 15000, "units_consumed": 7110, "declared_cu": 1200000, "wire_bytes": 3888, "explorer": "https://explorer.solana.com/tx/52RDdCrwAkyZSPvgArjv9ZTVszsKqwpn76Cb27Xoa1tHj9J52fXTbjpvoMVwnCbGbSFS9MdKeZnMp3zCY5Yp5FjU?cluster=devnet"}
{"name": "verifier-loader-batch-259200", "signature": "PfMrqYiW1Jo6LchnocZU3ULp6PMkQQqWWESm1dGaU3PP7PGFF7ULYTRxCc7vgfTmj86KoAEu8ZBt6CNDPhPJ68v", "slot": 495673728, "fee": 15000, "units_consumed": 7110, "declared_cu": 1200000, "wire_bytes": 3888, "explorer": "https://explorer.solana.com/tx/PfMrqYiW1Jo6LchnocZU3ULp6PMkQQqWWESm1dGaU3PP7PGFF7ULYTRxCc7vgfTmj86KoAEu8ZBt6CNDPhPJ68v?cluster=devnet"}
{"name": "verifier-loader-batch-266400", "signature": "4UJ1irDbbjqfc1udymY7swngm5fFdWLx6Q8eJMJMJaGdbEphryGH6g2kFVcg8b5CXTqYW1Kac8ZCNXk2xdK8CYyM", "slot": 495673743, "fee": 15000, "units_consumed": 7110, "declared_cu": 1200000, "wire_bytes": 3888, "explorer": "https://explorer.solana.com/tx/4UJ1irDbbjqfc1udymY7swngm5fFdWLx6Q8eJMJMJaGdbEphryGH6g2kFVcg8b5CXTqYW1Kac8ZCNXk2xdK8CYyM?cluster=devnet"}
{"name": "verifier-loader-batch-262800", "signature": "JshYQbeskQnrW1b135z4LezBgWJjJwvRHs71GkQNCiF8RnEAWQwfvdjdYqvFevmN1x6XRNkNL3eo8m9mcUpqMPf", "slot": 495673730, "fee": 15000, "units_consumed": 7110, "declared_cu": 1200000, "wire_bytes": 3888, "explorer": "https://explorer.solana.com/tx/JshYQbeskQnrW1b135z4LezBgWJjJwvRHs71GkQNCiF8RnEAWQwfvdjdYqvFevmN1x6XRNkNL3eo8m9mcUpqMPf?cluster=devnet"}
{"name": "verifier-loader-batch-270000", "signature": "32EaRkYdsmahBPEtTHyPjsJ2fMF4L4ES7eqEKytD4okJEsopXnGs1JUxSL2dQtYZAEBLSPbbH9wcMhEQnKAmWjQ9", "slot": 495673740, "fee": 15000, "units_consumed": 7110, "declared_cu": 1200000, "wire_bytes": 3888, "explorer": "https://explorer.solana.com/tx/32EaRkYdsmahBPEtTHyPjsJ2fMF4L4ES7eqEKytD4okJEsopXnGs1JUxSL2dQtYZAEBLSPbbH9wcMhEQnKAmWjQ9?cluster=devnet"}
{"name": "verifier-loader-batch-273600", "signature": "3VA3SiaA1SemPkd7RJjUZ85ZGngLkbVwszptdoqDL32zK2izor1yaU2DbwsHS9nL7qe6upkKfn4ZwQAsQjmWoFM3", "slot": 495673754, "fee": 15000, "units_consumed": 7110, "declared_cu": 1200000, "wire_bytes": 3888, "explorer": "https://explorer.solana.com/tx/3VA3SiaA1SemPkd7RJjUZ85ZGngLkbVwszptdoqDL32zK2izor1yaU2DbwsHS9nL7qe6upkKfn4ZwQAsQjmWoFM3?cluster=devnet"}
{"name": "verifier-loader-batch-277200", "signature": "bKgZS7fTLqMuyBt3Ue3zsrrus4h7HkhnomwEhndt2pNzW1hFTRobNhJcB2LqUyRVzhWHdnsZmnzn6bhwjiJYXWw", "slot": 495673760, "fee": 15000, "units_consumed": 7110, "declared_cu": 1200000, "wire_bytes": 3888, "explorer": "https://explorer.solana.com/tx/bKgZS7fTLqMuyBt3Ue3zsrrus4h7HkhnomwEhndt2pNzW1hFTRobNhJcB2LqUyRVzhWHdnsZmnzn6bhwjiJYXWw?cluster=devnet"}
{"name": "verifier-loader-batch-280800", "signature": "3AGQKsoQ3wU8sxmv7nKFKEFn813UyCR3NqfPo4E6YEpxVnVZKtX3okeYaAdoupKygqWn8XafMTgwymQVCWT9g6Cz", "slot": 495673763, "fee": 15000, "units_consumed": 7110, "declared_cu": 1200000, "wire_bytes": 3888, "explorer": "https://explorer.solana.com/tx/3AGQKsoQ3wU8sxmv7nKFKEFn813UyCR3NqfPo4E6YEpxVnVZKtX3okeYaAdoupKygqWn8XafMTgwymQVCWT9g6Cz?cluster=devnet"}
{"name": "verifier-loader-batch-284400", "signature": "3w8g6AnVXyqM8tEs7AjAWVXBRLMFD7JvPD9qvQbWN8pDcx49kzep6r1Z5JosReWTGhS4ov3Lm3Fi7GxChq3zhAS8", "slot": 495673774, "fee": 15000, "units_consumed": 7110, "declared_cu": 1200000, "wire_bytes": 3888, "explorer": "https://explorer.solana.com/tx/3w8g6AnVXyqM8tEs7AjAWVXBRLMFD7JvPD9qvQbWN8pDcx49kzep6r1Z5JosReWTGhS4ov3Lm3Fi7GxChq3zhAS8?cluster=devnet"}
{"name": "verifier-loader-batch-288000", "signature": "5M72k4RQWkMRzAdTq3GyGqu9kT3yBkRWGJFn2gMVYCkzYzr7osKwCmXwgPTiyqCJcjp22WXNmgPYZcJmRijdNfp4", "slot": 495673772, "fee": 15000, "units_consumed": 7110, "declared_cu": 1200000, "wire_bytes": 3888, "explorer": "https://explorer.solana.com/tx/5M72k4RQWkMRzAdTq3GyGqu9kT3yBkRWGJFn2gMVYCkzYzr7osKwCmXwgPTiyqCJcjp22WXNmgPYZcJmRijdNfp4?cluster=devnet"}
{"name": "verifier-loader-batch-291600", "signature": "2Zuvtxehx3tFU25nF92Qk646SdxLkjKWjQMt5kF5NG2o6MonTvChiuHuYCPjxfUMQPjJQqNFfw4zgxCexTpKcwx9", "slot": 495673787, "fee": 15000, "units_consumed": 7110, "declared_cu": 1200000, "wire_bytes": 3888, "explorer": "https://explorer.solana.com/tx/2Zuvtxehx3tFU25nF92Qk646SdxLkjKWjQMt5kF5NG2o6MonTvChiuHuYCPjxfUMQPjJQqNFfw4zgxCexTpKcwx9?cluster=devnet"}
{"name": "verifier-loader-batch-298800", "signature": "2Ftbuvh8FwmAzeDPPpou5WZMYciLyemYnxSUy8F1yWBXesXAMeTXLTXDCEZJggUUevydRWgkvQ9dvpnKysdR7rSC", "slot": 495673806, "fee": 15000, "units_consumed": 7110, "declared_cu": 1200000, "wire_bytes": 3888, "explorer": "https://explorer.solana.com/tx/2Ftbuvh8FwmAzeDPPpou5WZMYciLyemYnxSUy8F1yWBXesXAMeTXLTXDCEZJggUUevydRWgkvQ9dvpnKysdR7rSC?cluster=devnet"}
{"name": "verifier-loader-batch-302400", "signature": "2zxFsidnN1feLv2mh5axxabkFdtRHGDJHueo9rX8ziMs8k5MJMXXmNRzv69LALbCr9kH5TSLuTjqBv2zdMLUcd5B", "slot": 495673802, "fee": 15000, "units_consumed": 7110, "declared_cu": 1200000, "wire_bytes": 3888, "explorer": "https://explorer.solana.com/tx/2zxFsidnN1feLv2mh5axxabkFdtRHGDJHueo9rX8ziMs8k5MJMXXmNRzv69LALbCr9kH5TSLuTjqBv2zdMLUcd5B?cluster=devnet"}
{"name": "verifier-loader-batch-295200", "signature": "66KrtpJDmmmT7q9U9kdKUh2GhuU2cUDLHCmZcJ9SDbbFJS3hgEeaP7HqHTBDtui9rCDXwWuPXckQmcJGV5rEWgVy", "slot": 495673785, "fee": 15000, "units_consumed": 7110, "declared_cu": 1200000, "wire_bytes": 3888, "explorer": "https://explorer.solana.com/tx/66KrtpJDmmmT7q9U9kdKUh2GhuU2cUDLHCmZcJ9SDbbFJS3hgEeaP7HqHTBDtui9rCDXwWuPXckQmcJGV5rEWgVy?cluster=devnet"}
{"name": "verifier-loader-batch-306000", "signature": "49apfouuMNFAuaVTA45yYhtEG4qPPo2WvvGpH8CZnAbEbUzM419oFiojSM7VPqa7ExXHq8ksd4Zaeu1LNRadH8ve", "slot": 495673809, "fee": 15000, "units_consumed": 7110, "declared_cu": 1200000, "wire_bytes": 3888, "explorer": "https://explorer.solana.com/tx/49apfouuMNFAuaVTA45yYhtEG4qPPo2WvvGpH8CZnAbEbUzM419oFiojSM7VPqa7ExXHq8ksd4Zaeu1LNRadH8ve?cluster=devnet"}
{"name": "verifier-loader-batch-313200", "signature": "25wXjeor55hEXuZjbdYLAxhFMXXjJLhEDfBqnLwLDLA1jfyQBStJDnwHPWtZtoDL9hrddJu1DTAfjzfw7zkDHB25", "slot": 495673827, "fee": 15000, "units_consumed": 7110, "declared_cu": 1200000, "wire_bytes": 3888, "explorer": "https://explorer.solana.com/tx/25wXjeor55hEXuZjbdYLAxhFMXXjJLhEDfBqnLwLDLA1jfyQBStJDnwHPWtZtoDL9hrddJu1DTAfjzfw7zkDHB25?cluster=devnet"}
{"name": "verifier-loader-batch-309600", "signature": "5LfsZUhiYbCy2jMEYJiCBknUpSJAZEp3MPufXxsaoV8Pqu1W9jFdzey4nMxLLAjwpZfpsPF6VYnwusz1zqmhWPue", "slot": 495673818, "fee": 15000, "units_consumed": 7110, "declared_cu": 1200000, "wire_bytes": 3888, "explorer": "https://explorer.solana.com/tx/5LfsZUhiYbCy2jMEYJiCBknUpSJAZEp3MPufXxsaoV8Pqu1W9jFdzey4nMxLLAjwpZfpsPF6VYnwusz1zqmhWPue?cluster=devnet"}
{"name": "verifier-loader-batch-316800", "signature": "DUdJWYG1AHzMtVnTZghYRJwEQYWiCnyz3ce4KgvMGb5w7xvXTUB5rS3TFoCCAkKDFprX8uJjTqK3wfuwZhot6Vg", "slot": 495673829, "fee": 15000, "units_consumed": 7110, "declared_cu": 1200000, "wire_bytes": 3888, "explorer": "https://explorer.solana.com/tx/DUdJWYG1AHzMtVnTZghYRJwEQYWiCnyz3ce4KgvMGb5w7xvXTUB5rS3TFoCCAkKDFprX8uJjTqK3wfuwZhot6Vg?cluster=devnet"}
{"name": "verifier-loader-batch-320400", "signature": "46vCGo4zsWUqYeSkWjmZzZYH2dizRPwpFGsM6hKWaDiDTCn8m6N5EwA2oEHSrF83UJLoQGgqj8nNPKdVQA2eAGyb", "slot": 495673837, "fee": 15000, "units_consumed": 7110, "declared_cu": 1200000, "wire_bytes": 3888, "explorer": "https://explorer.solana.com/tx/46vCGo4zsWUqYeSkWjmZzZYH2dizRPwpFGsM6hKWaDiDTCn8m6N5EwA2oEHSrF83UJLoQGgqj8nNPKdVQA2eAGyb?cluster=devnet"}
{"name": "verifier-loader-batch-324000", "signature": "5CSmYfsZem8Ds4gFdiJTuEbjpefCkKfesw3xTNSoUj1nKBA6893Qycbv7xGGmtwQ4Vfc4osniF9YZHzwsLnCeRFW", "slot": 495673847, "fee": 15000, "units_consumed": 7110, "declared_cu": 1200000, "wire_bytes": 3888, "explorer": "https://explorer.solana.com/tx/5CSmYfsZem8Ds4gFdiJTuEbjpefCkKfesw3xTNSoUj1nKBA6893Qycbv7xGGmtwQ4Vfc4osniF9YZHzwsLnCeRFW?cluster=devnet"}
{"name": "verifier-loader-batch-327600", "signature": "3pcggMzofx8UH7fNEXGBVmNgzybeMoB7R2jrXD9LiKbrUR86TYBViJTqhbT6E6P5dG848ajXM8ykMa3dm3izJbq7", "slot": 495673856, "fee": 15000, "units_consumed": 7110, "declared_cu": 1200000, "wire_bytes": 3888, "explorer": "https://explorer.solana.com/tx/3pcggMzofx8UH7fNEXGBVmNgzybeMoB7R2jrXD9LiKbrUR86TYBViJTqhbT6E6P5dG848ajXM8ykMa3dm3izJbq7?cluster=devnet"}
{"name": "verifier-loader-batch-331200", "signature": "24srafLFmcPJDsyVCcSezTyCVD9uDqP7mW33pBgvRCdXWunx6i8ZFwPvX3oEo3hWagry7bcpVsqFTDhzVSVBDUv2", "slot": 495673856, "fee": 15000, "units_consumed": 7110, "declared_cu": 1200000, "wire_bytes": 3888, "explorer": "https://explorer.solana.com/tx/24srafLFmcPJDsyVCcSezTyCVD9uDqP7mW33pBgvRCdXWunx6i8ZFwPvX3oEo3hWagry7bcpVsqFTDhzVSVBDUv2?cluster=devnet"}
{"name": "verifier-loader-batch-338400", "signature": "4RNZJj19U9V51aUz2wTBmHzou2RxqDG3Bmo4fFvAfyfAdGQG5kJh6a3bguUS9mhoEnYrMFSirsjqcrZUULgJ11i7", "slot": 495673874, "fee": 15000, "units_consumed": 7110, "declared_cu": 1200000, "wire_bytes": 3888, "explorer": "https://explorer.solana.com/tx/4RNZJj19U9V51aUz2wTBmHzou2RxqDG3Bmo4fFvAfyfAdGQG5kJh6a3bguUS9mhoEnYrMFSirsjqcrZUULgJ11i7?cluster=devnet"}
{"name": "verifier-loader-batch-334800", "signature": "22xDvBdR1MmKgY9AXsWKLAaVbbRqctYuUcrujSgiPSVWk1vqUtJ5nKisFPX7QuX3FsQcR7FmoyyNirAo7CfKKGRB", "slot": 495673872, "fee": 15000, "units_consumed": 7110, "declared_cu": 1200000, "wire_bytes": 3888, "explorer": "https://explorer.solana.com/tx/22xDvBdR1MmKgY9AXsWKLAaVbbRqctYuUcrujSgiPSVWk1vqUtJ5nKisFPX7QuX3FsQcR7FmoyyNirAo7CfKKGRB?cluster=devnet"}
{"name": "verifier-loader-batch-345600", "signature": "416pV5MamikpGYG8SWx7VEgJLnUgW5AUTkFxLA4Gh9bR2AouHxVAHuHNbPSe74mWYLURvYhJr3PyRcEZs93W3YnV", "slot": 495673886, "fee": 15000, "units_consumed": 7110, "declared_cu": 1200000, "wire_bytes": 3888, "explorer": "https://explorer.solana.com/tx/416pV5MamikpGYG8SWx7VEgJLnUgW5AUTkFxLA4Gh9bR2AouHxVAHuHNbPSe74mWYLURvYhJr3PyRcEZs93W3YnV?cluster=devnet"}
{"name": "verifier-loader-batch-342000", "signature": "5xpxv2QjpSgLxXb8QqRzJxbAGqbFNDbTfMsXnuCcYvRwDGddgeNFhyvdV7xnx7twR1qxsY82LxosA3fdH8NEU7ZD", "slot": 495673883, "fee": 15000, "units_consumed": 7110, "declared_cu": 1200000, "wire_bytes": 3888, "explorer": "https://explorer.solana.com/tx/5xpxv2QjpSgLxXb8QqRzJxbAGqbFNDbTfMsXnuCcYvRwDGddgeNFhyvdV7xnx7twR1qxsY82LxosA3fdH8NEU7ZD?cluster=devnet"}
{"name": "verifier-loader-batch-349200", "signature": "5dVJZoXY7qetWfEZ7mvpLZDkJD6sL3GybkyJyJuX1CZ4g8vdupsScFs5GbLnkkqgkXm4KrkEW1p57Afu4HWV7DXx", "slot": 495673896, "fee": 15000, "units_consumed": 7110, "declared_cu": 1200000, "wire_bytes": 3888, "explorer": "https://explorer.solana.com/tx/5dVJZoXY7qetWfEZ7mvpLZDkJD6sL3GybkyJyJuX1CZ4g8vdupsScFs5GbLnkkqgkXm4KrkEW1p57Afu4HWV7DXx?cluster=devnet"}
{"name": "verifier-loader-batch-352800", "signature": "5kMBAAFwqpHPaGxAq5Jwe7ZH3K5pniFjBWPVPM5ZGjC4aT58671gRXWjCWvTEahW6ydu6cnsJ2AsjmH9AymqZ9uS", "slot": 495673899, "fee": 15000, "units_consumed": 7110, "declared_cu": 1200000, "wire_bytes": 3888, "explorer": "https://explorer.solana.com/tx/5kMBAAFwqpHPaGxAq5Jwe7ZH3K5pniFjBWPVPM5ZGjC4aT58671gRXWjCWvTEahW6ydu6cnsJ2AsjmH9AymqZ9uS?cluster=devnet"}
{"name": "verifier-loader-batch-356400", "signature": "4664LFwwMiiA6vEJ7EG5iyYeZQiw7Zp1pDywjKnRzue2AsJcxxRB1x2nyE6HHp1og1B58GwDX9N6bkonLeUeVKFB", "slot": 495673912, "fee": 15000, "units_consumed": 7110, "declared_cu": 1200000, "wire_bytes": 3888, "explorer": "https://explorer.solana.com/tx/4664LFwwMiiA6vEJ7EG5iyYeZQiw7Zp1pDywjKnRzue2AsJcxxRB1x2nyE6HHp1og1B58GwDX9N6bkonLeUeVKFB?cluster=devnet"}
{"name": "verifier-loader-batch-360000", "signature": "5q3Nb4EgSFK5p11Xz5sBhrtpaPjxWp5XYe9BtUFDuj3H9xv912dz3RMpwycJmYBHn75dPugcb3tYXKQAZWBxkoXY", "slot": 495673913, "fee": 15000, "units_consumed": 7110, "declared_cu": 1200000, "wire_bytes": 3888, "explorer": "https://explorer.solana.com/tx/5q3Nb4EgSFK5p11Xz5sBhrtpaPjxWp5XYe9BtUFDuj3H9xv912dz3RMpwycJmYBHn75dPugcb3tYXKQAZWBxkoXY?cluster=devnet"}
{"name": "verifier-loader-batch-363600", "signature": "2m1kqV6Gr93ACZ79jgpdHu8nAXmBZ4Mu8mgbX6FZ8sHbTiX8ho4K53BpZSfw6u2za43wKcJQM3Jgy6Vocqe1RRp", "slot": 495673922, "fee": 15000, "units_consumed": 7110, "declared_cu": 1200000, "wire_bytes": 3888, "explorer": "https://explorer.solana.com/tx/2m1kqV6Gr93ACZ79jgpdHu8nAXmBZ4Mu8mgbX6FZ8sHbTiX8ho4K53BpZSfw6u2za43wKcJQM3Jgy6Vocqe1RRp?cluster=devnet"}
{"name": "verifier-loader-batch-367200", "signature": "4EjpRQ8VERHV2CNMLbjmYN9zWpEWFP51oLwujF3UAcQuQsBWYJ5LnnpDifJeKdwBHtYPkkWf11Nm8LjpxaipQHyr", "slot": 495673925, "fee": 15000, "units_consumed": 7110, "declared_cu": 1200000, "wire_bytes": 3888, "explorer": "https://explorer.solana.com/tx/4EjpRQ8VERHV2CNMLbjmYN9zWpEWFP51oLwujF3UAcQuQsBWYJ5LnnpDifJeKdwBHtYPkkWf11Nm8LjpxaipQHyr?cluster=devnet"}
{"name": "verifier-loader-batch-370800", "signature": "exYjgZYdx16xvD7bfUCtkShnyswEkc8mRzUnxhNNioicqeF5stuGaDkpeHPhRN2AEfvCeKYxbSkmVJXd4zVRkhL", "slot": 495673935, "fee": 15000, "units_consumed": 7110, "declared_cu": 1200000, "wire_bytes": 3888, "explorer": "https://explorer.solana.com/tx/exYjgZYdx16xvD7bfUCtkShnyswEkc8mRzUnxhNNioicqeF5stuGaDkpeHPhRN2AEfvCeKYxbSkmVJXd4zVRkhL?cluster=devnet"}
{"name": "verifier-loader-batch-378000", "signature": "nUwfrqjNq6raPaCnBd4dFgii7CtBRKVULdPyfNUrWtM7wNow6qirHFBCSg7mXt8ZoNGt5PBhnoM9e5BAkPfmRQr", "slot": 495673951, "fee": 15000, "units_consumed": 7110, "declared_cu": 1200000, "wire_bytes": 3888, "explorer": "https://explorer.solana.com/tx/nUwfrqjNq6raPaCnBd4dFgii7CtBRKVULdPyfNUrWtM7wNow6qirHFBCSg7mXt8ZoNGt5PBhnoM9e5BAkPfmRQr?cluster=devnet"}
{"name": "verifier-loader-batch-374400", "signature": "51ARvVLHqdxnKLu1k8R4ritNRg9bAayGqq174MxhU8BAqF8bHjQ5hPc8tPfvrvjQFPCtAeSX2rxSfgz4mx4wUice", "slot": 495673939, "fee": 15000, "units_consumed": 7110, "declared_cu": 1200000, "wire_bytes": 3888, "explorer": "https://explorer.solana.com/tx/51ARvVLHqdxnKLu1k8R4ritNRg9bAayGqq174MxhU8BAqF8bHjQ5hPc8tPfvrvjQFPCtAeSX2rxSfgz4mx4wUice?cluster=devnet"}
{"name": "verifier-loader-batch-385200", "signature": "2TWMVCa5RFb6opj4QoJ2tpxVaHVDg2bsJigtiK2vj7BoSfdfFfNoUCnbYV6N4Bn7D9uLADhr2jUpBs39rBVugfNM", "slot": 495673968, "fee": 15000, "units_consumed": 7110, "declared_cu": 1200000, "wire_bytes": 3888, "explorer": "https://explorer.solana.com/tx/2TWMVCa5RFb6opj4QoJ2tpxVaHVDg2bsJigtiK2vj7BoSfdfFfNoUCnbYV6N4Bn7D9uLADhr2jUpBs39rBVugfNM?cluster=devnet"}
{"name": "verifier-loader-batch-388800", "signature": "5JNpf35JokwdevifTY9e4A98ivLj8XSSpkTScr1ACYr69gtTjmhbYSiHLdhNQdpxygm8bE9bXSbTmJxre83iVaJX", "slot": 495673963, "fee": 15000, "units_consumed": 7110, "declared_cu": 1200000, "wire_bytes": 3888, "explorer": "https://explorer.solana.com/tx/5JNpf35JokwdevifTY9e4A98ivLj8XSSpkTScr1ACYr69gtTjmhbYSiHLdhNQdpxygm8bE9bXSbTmJxre83iVaJX?cluster=devnet"}
{"name": "verifier-loader-batch-381600", "signature": "3X8KSjn1q3VF4P1pg5mZHVYYk3WWogZDKLnWZRjs9T3GeZYc3u1dSHp25p7JuS32znEGHD1uuryqZDABXczVYheD", "slot": 495673952, "fee": 15000, "units_consumed": 7110, "declared_cu": 1200000, "wire_bytes": 3888, "explorer": "https://explorer.solana.com/tx/3X8KSjn1q3VF4P1pg5mZHVYYk3WWogZDKLnWZRjs9T3GeZYc3u1dSHp25p7JuS32znEGHD1uuryqZDABXczVYheD?cluster=devnet"}
{"name": "verifier-loader-batch-392400", "signature": "5cAswduueKt7M16QZYrggNbczUw5KQTxKWhgydjuSaZEezX1H8CtqrvWpnxciwhMu5drgYsEoCUHS9PHCVVu75Aw", "slot": 495673977, "fee": 15000, "units_consumed": 7110, "declared_cu": 1200000, "wire_bytes": 3888, "explorer": "https://explorer.solana.com/tx/5cAswduueKt7M16QZYrggNbczUw5KQTxKWhgydjuSaZEezX1H8CtqrvWpnxciwhMu5drgYsEoCUHS9PHCVVu75Aw?cluster=devnet"}
{"name": "verifier-loader-batch-396000", "signature": "2Fk6Ra8akr1bAYiZe7froSZzpc5FX6iVnWEwLwpQNNY3JsfvUdyA6L5hqjd1kceoFNMrsswLTvtUbx9DdrU13fw3", "slot": 495673980, "fee": 15000, "units_consumed": 7110, "declared_cu": 1200000, "wire_bytes": 3888, "explorer": "https://explorer.solana.com/tx/2Fk6Ra8akr1bAYiZe7froSZzpc5FX6iVnWEwLwpQNNY3JsfvUdyA6L5hqjd1kceoFNMrsswLTvtUbx9DdrU13fw3?cluster=devnet"}
{"name": "verifier-loader-batch-399600", "signature": "2FWvUMPH7NpkHBJAV4JxL4jELGVDejaxCNkqEf1zw2gwbh3RZuw6n2wxRR3LKJ7RyfRNuqbBNTgN6i7xYd6QspRa", "slot": 495673991, "fee": 15000, "units_consumed": 7110, "declared_cu": 1200000, "wire_bytes": 3888, "explorer": "https://explorer.solana.com/tx/2FWvUMPH7NpkHBJAV4JxL4jELGVDejaxCNkqEf1zw2gwbh3RZuw6n2wxRR3LKJ7RyfRNuqbBNTgN6i7xYd6QspRa?cluster=devnet"}
{"name": "verifier-loader-batch-403200", "signature": "R6KLjS8kHJtJvBnRVubz5j4ec522QY1YgVeCXZDwWuBYaFjjreiVvG19jH8Q77Dbxkgb1mW9dM5FYhkoQbDHv6w", "slot": 495673993, "fee": 15000, "units_consumed": 7110, "declared_cu": 1200000, "wire_bytes": 3888, "explorer": "https://explorer.solana.com/tx/R6KLjS8kHJtJvBnRVubz5j4ec522QY1YgVeCXZDwWuBYaFjjreiVvG19jH8Q77Dbxkgb1mW9dM5FYhkoQbDHv6w?cluster=devnet"}
{"name": "verifier-loader-batch-406800", "signature": "32auqi5gfqn7dFQPijA7jkw4FvAbfyPMx2Kc7Eiie3roW8GNbgBrNNXogrrQd48suVmZkaFijxZzsEg2LTG2pVwP", "slot": 495674002, "fee": 15000, "units_consumed": 7110, "declared_cu": 1200000, "wire_bytes": 3888, "explorer": "https://explorer.solana.com/tx/32auqi5gfqn7dFQPijA7jkw4FvAbfyPMx2Kc7Eiie3roW8GNbgBrNNXogrrQd48suVmZkaFijxZzsEg2LTG2pVwP?cluster=devnet"}
{"name": "verifier-loader-batch-410400", "signature": "293Q8A9ASuWVCuo2SLyfEjrj8AWpc9eYcHgyvSQC9dGHHJjDAt8WnaEvA2ztP1mY9VzmePMDZs8pNQ5nhMrh4tnE", "slot": 495674006, "fee": 15000, "units_consumed": 7110, "declared_cu": 1200000, "wire_bytes": 3888, "explorer": "https://explorer.solana.com/tx/293Q8A9ASuWVCuo2SLyfEjrj8AWpc9eYcHgyvSQC9dGHHJjDAt8WnaEvA2ztP1mY9VzmePMDZs8pNQ5nhMrh4tnE?cluster=devnet"}
{"name": "verifier-loader-batch-417600", "signature": "3Bgej86yqFmHdWx3p74KZqu8CqZHpkWX2rSdvxLSioCjs78xWMuJWnyjy4vbWXBmMXvpCi5pMrCattCmpxTeyeKr", "slot": 495674019, "fee": 15000, "units_consumed": 7110, "declared_cu": 1200000, "wire_bytes": 3888, "explorer": "https://explorer.solana.com/tx/3Bgej86yqFmHdWx3p74KZqu8CqZHpkWX2rSdvxLSioCjs78xWMuJWnyjy4vbWXBmMXvpCi5pMrCattCmpxTeyeKr?cluster=devnet"}
{"name": "verifier-loader-batch-414000", "signature": "5dNJH6L3rZV8FB2JboHqLLkRpRq7VG1FPBdFDcGTZbV9m2c1M6mJ8w5eP5r8PXk6Uk3AtH16FohCW8DNbpYTkhE2", "slot": 495674017, "fee": 15000, "units_consumed": 7110, "declared_cu": 1200000, "wire_bytes": 3888, "explorer": "https://explorer.solana.com/tx/5dNJH6L3rZV8FB2JboHqLLkRpRq7VG1FPBdFDcGTZbV9m2c1M6mJ8w5eP5r8PXk6Uk3AtH16FohCW8DNbpYTkhE2?cluster=devnet"}
{"name": "verifier-loader-batch-424800", "signature": "5khgNNxtkF7VSzoQmxW3TKzcH2Nk2PBgrgqoMkYXTwB273NgAckKPojSxs4XGLuj34QPswJX1fJrmA1aiTpephZT", "slot": 495674040, "fee": 15000, "units_consumed": 7110, "declared_cu": 1200000, "wire_bytes": 3888, "explorer": "https://explorer.solana.com/tx/5khgNNxtkF7VSzoQmxW3TKzcH2Nk2PBgrgqoMkYXTwB273NgAckKPojSxs4XGLuj34QPswJX1fJrmA1aiTpephZT?cluster=devnet"}
{"name": "verifier-loader-batch-421200", "signature": "4SqmLFEWEKdHEgqPJdi7qn947ZoEGh3UQ41bUmZhWNdsaP2Eh8Ds3awsyP5F1yx5dYswkAzh9YUUZJbXRnDgHSbY", "slot": 495674030, "fee": 15000, "units_consumed": 7110, "declared_cu": 1200000, "wire_bytes": 3888, "explorer": "https://explorer.solana.com/tx/4SqmLFEWEKdHEgqPJdi7qn947ZoEGh3UQ41bUmZhWNdsaP2Eh8Ds3awsyP5F1yx5dYswkAzh9YUUZJbXRnDgHSbY?cluster=devnet"}
{"name": "verifier-loader-batch-428400", "signature": "4o6SoacmMTjURRz3BncWcU52YgqSqwqoPsFE9vemw2Ls6Jz4VTeqq3Eps7nHvfupqagKSLMS7c2jrpB4FanLb7Un", "slot": 495674045, "fee": 15000, "units_consumed": 7110, "declared_cu": 1200000, "wire_bytes": 3888, "explorer": "https://explorer.solana.com/tx/4o6SoacmMTjURRz3BncWcU52YgqSqwqoPsFE9vemw2Ls6Jz4VTeqq3Eps7nHvfupqagKSLMS7c2jrpB4FanLb7Un?cluster=devnet"}
{"name": "verifier-loader-batch-432000", "signature": "2nMJwwVjeVQxmSjgzXAv5o1Brxaug7zoRaMMnkZMwDxsHBFFDP4Vh8KKhgHSGG9mcWZerYLxMxu6x8ex9rQenbQM", "slot": 495674052, "fee": 15000, "units_consumed": 7110, "declared_cu": 1200000, "wire_bytes": 3888, "explorer": "https://explorer.solana.com/tx/2nMJwwVjeVQxmSjgzXAv5o1Brxaug7zoRaMMnkZMwDxsHBFFDP4Vh8KKhgHSGG9mcWZerYLxMxu6x8ex9rQenbQM?cluster=devnet"}
{"name": "verifier-loader-batch-435600", "signature": "3FWd6iF86ANiK6bea7Ym8yqKK4MmeHuisKQHvmQy5ZNri9nfhQikFW3Hp2VPGWquBceUtyMjE1s52xNF9pkQWg9g", "slot": 495674059, "fee": 15000, "units_consumed": 7110, "declared_cu": 1200000, "wire_bytes": 3888, "explorer": "https://explorer.solana.com/tx/3FWd6iF86ANiK6bea7Ym8yqKK4MmeHuisKQHvmQy5ZNri9nfhQikFW3Hp2VPGWquBceUtyMjE1s52xNF9pkQWg9g?cluster=devnet"}
{"name": "verifier-loader-batch-439200", "signature": "DoVyYa8xgzXRpRWeCFfHCN8QB2XzjnHDqo9PGCZBBoWt6FzQgtkpKn5wS4HBxFjLqRjzdHjpVPr6QqS3zxQr1BC", "slot": 495674063, "fee": 15000, "units_consumed": 7110, "declared_cu": 1200000, "wire_bytes": 3888, "explorer": "https://explorer.solana.com/tx/DoVyYa8xgzXRpRWeCFfHCN8QB2XzjnHDqo9PGCZBBoWt6FzQgtkpKn5wS4HBxFjLqRjzdHjpVPr6QqS3zxQr1BC?cluster=devnet"}
{"name": "verifier-loader-batch-442800", "signature": "4Rkmr1BX1PBa4Nsdcpzw95M1d9G8jZFf8hqJ5587XReQCVvys1WAnxpC5pHsB3owASLZRwnrcycXbbmUDK2UjCmj", "slot": 495674075, "fee": 15000, "units_consumed": 7110, "declared_cu": 1200000, "wire_bytes": 3888, "explorer": "https://explorer.solana.com/tx/4Rkmr1BX1PBa4Nsdcpzw95M1d9G8jZFf8hqJ5587XReQCVvys1WAnxpC5pHsB3owASLZRwnrcycXbbmUDK2UjCmj?cluster=devnet"}
{"name": "verifier-loader-batch-446400", "signature": "5AQeacDfkX1a4ewYC5qQ77DZrt6BF827K85Xcr9Xt2i8E8zSHxodxEm3mn7Rrzebg3U2yCqer18KZinjWUovtAeV", "slot": 495674076, "fee": 15000, "units_consumed": 7110, "declared_cu": 1200000, "wire_bytes": 3888, "explorer": "https://explorer.solana.com/tx/5AQeacDfkX1a4ewYC5qQ77DZrt6BF827K85Xcr9Xt2i8E8zSHxodxEm3mn7Rrzebg3U2yCqer18KZinjWUovtAeV?cluster=devnet"}
{"name": "verifier-loader-batch-453600", "signature": "2rAFsLwCobLtmNpbhuePsETpgS1yJzfQQFV9Sq8dhQkySVABBwz7Pvw9oiw2r8WLN5fitAjRiRb8DqaXyyZedRWk", "slot": 495674089, "fee": 15000, "units_consumed": 7110, "declared_cu": 1200000, "wire_bytes": 3888, "explorer": "https://explorer.solana.com/tx/2rAFsLwCobLtmNpbhuePsETpgS1yJzfQQFV9Sq8dhQkySVABBwz7Pvw9oiw2r8WLN5fitAjRiRb8DqaXyyZedRWk?cluster=devnet"}
{"name": "verifier-loader-batch-450000", "signature": "54ZJhPBdGSYtqf2FnfeaF4SsB4GNcQXRPsscXoc7Zn92VAZgma2HejmtgU9LTjwLTigZCTwZwGnD2qJoWnTmu2m6", "slot": 495674085, "fee": 15000, "units_consumed": 7110, "declared_cu": 1200000, "wire_bytes": 3888, "explorer": "https://explorer.solana.com/tx/54ZJhPBdGSYtqf2FnfeaF4SsB4GNcQXRPsscXoc7Zn92VAZgma2HejmtgU9LTjwLTigZCTwZwGnD2qJoWnTmu2m6?cluster=devnet"}
{"name": "verifier-loader-batch-457200", "signature": "2rgWZiq312rL29Sww5TEN6DEyiWRrwEpZc4AxdM3YERy8AP1GnWeDJ9K2WkZ8sboiTeWgmNVt2QoPq59UUVxDqmz", "slot": 495674098, "fee": 15000, "units_consumed": 7110, "declared_cu": 1200000, "wire_bytes": 3888, "explorer": "https://explorer.solana.com/tx/2rgWZiq312rL29Sww5TEN6DEyiWRrwEpZc4AxdM3YERy8AP1GnWeDJ9K2WkZ8sboiTeWgmNVt2QoPq59UUVxDqmz?cluster=devnet"}
{"name": "verifier-loader-batch-460800", "signature": "3dT5dpq4ASFnUg5XJPgWW9Hirtc9aFnK4uWHUnPBiZgBTw9yCuhoYhyiuzHwwSEaJgkEmadwAD4ySr1qV5md4xck", "slot": 495674113, "fee": 15000, "units_consumed": 7110, "declared_cu": 1200000, "wire_bytes": 3888, "explorer": "https://explorer.solana.com/tx/3dT5dpq4ASFnUg5XJPgWW9Hirtc9aFnK4uWHUnPBiZgBTw9yCuhoYhyiuzHwwSEaJgkEmadwAD4ySr1qV5md4xck?cluster=devnet"}
{"name": "verifier-loader-batch-464400", "signature": "65phQD1jvanGJjNPLifAMUg35aWAQAPoBPnQK6y1HM7WCcBnTiR68AoqUELTXdESCAGy7j6ZrXnrqozWVTcRd9Bb", "slot": 495674106, "fee": 15000, "units_consumed": 7110, "declared_cu": 1200000, "wire_bytes": 3888, "explorer": "https://explorer.solana.com/tx/65phQD1jvanGJjNPLifAMUg35aWAQAPoBPnQK6y1HM7WCcBnTiR68AoqUELTXdESCAGy7j6ZrXnrqozWVTcRd9Bb?cluster=devnet"}
{"name": "verifier-loader-batch-468000", "signature": "2wWoPqFfY3z1gy9hiT62T6BmJcZ46TAZo3oQ2uoCf1VNDyi6C5P8RAN17uUF1hVpqgBWvtkrxGJjJNVsNxFGryog", "slot": 495674120, "fee": 15000, "units_consumed": 7110, "declared_cu": 1200000, "wire_bytes": 3888, "explorer": "https://explorer.solana.com/tx/2wWoPqFfY3z1gy9hiT62T6BmJcZ46TAZo3oQ2uoCf1VNDyi6C5P8RAN17uUF1hVpqgBWvtkrxGJjJNVsNxFGryog?cluster=devnet"}
{"name": "verifier-loader-batch-471600", "signature": "5FDBpS5vbzVfEF2hnPK4LV5xPTcR2RmzFRuNNBBwBKUwKxSusecdFhU6HLJbi1z3CwYY1AorAsEEqCi2PQZArSoX", "slot": 495674124, "fee": 15000, "units_consumed": 7110, "declared_cu": 1200000, "wire_bytes": 3888, "explorer": "https://explorer.solana.com/tx/5FDBpS5vbzVfEF2hnPK4LV5xPTcR2RmzFRuNNBBwBKUwKxSusecdFhU6HLJbi1z3CwYY1AorAsEEqCi2PQZArSoX?cluster=devnet"}
{"name": "verifier-loader-batch-475200", "signature": "5zBoXW4bCpNZaQ99H77yQteyZrrHz9WonbcRMj2mrUpvHwtbQEFtmby2siK3sVLo1Yxn8GkLShdVBD12AC4PV5eq", "slot": 495674135, "fee": 15000, "units_consumed": 7110, "declared_cu": 1200000, "wire_bytes": 3888, "explorer": "https://explorer.solana.com/tx/5zBoXW4bCpNZaQ99H77yQteyZrrHz9WonbcRMj2mrUpvHwtbQEFtmby2siK3sVLo1Yxn8GkLShdVBD12AC4PV5eq?cluster=devnet"}
{"name": "verifier-loader-batch-478800", "signature": "3VfcPS67VMDf4iFkEpgpjGHudAqBXfqosUQJvXqs8ewq18c422ttRAsPFQkrMVMTe3txGo8zXf8Rfx278qp8ZzHT", "slot": 495674136, "fee": 15000, "units_consumed": 7110, "declared_cu": 1200000, "wire_bytes": 3888, "explorer": "https://explorer.solana.com/tx/3VfcPS67VMDf4iFkEpgpjGHudAqBXfqosUQJvXqs8ewq18c422ttRAsPFQkrMVMTe3txGo8zXf8Rfx278qp8ZzHT?cluster=devnet"}
{"name": "verifier-loader-batch-486000", "signature": "5tQZhx8AEtyMTZnizAAdz8RYL1MaU5NfHKXCeZzcUppeiTwCqvz51Wxa65oCs1BQUUJQHGQJXqoLb6tkT4xeBqdW", "slot": 495674149, "fee": 15000, "units_consumed": 7110, "declared_cu": 1200000, "wire_bytes": 3888, "explorer": "https://explorer.solana.com/tx/5tQZhx8AEtyMTZnizAAdz8RYL1MaU5NfHKXCeZzcUppeiTwCqvz51Wxa65oCs1BQUUJQHGQJXqoLb6tkT4xeBqdW?cluster=devnet"}
{"name": "verifier-loader-batch-482400", "signature": "58yc5UjmPdkC83dXf1Ns56mRJaoJGsAbQzU7yKEFFGYjts9iBMSzSgjHjREr9sk5ZZyvuLDGSLt25E9cvs7giaWz", "slot": 495674147, "fee": 15000, "units_consumed": 7110, "declared_cu": 1200000, "wire_bytes": 3888, "explorer": "https://explorer.solana.com/tx/58yc5UjmPdkC83dXf1Ns56mRJaoJGsAbQzU7yKEFFGYjts9iBMSzSgjHjREr9sk5ZZyvuLDGSLt25E9cvs7giaWz?cluster=devnet"}
{"name": "verifier-loader-batch-493200", "signature": "5itcBqyVwmoeXva3a8thwCN7gYNPSCE6cXWKAT9hGddJMoaaRkwgL1TfyHzXUVzTZR4MLNxTHcWBXx2v4n8uJwiY", "slot": 495674160, "fee": 15000, "units_consumed": 7110, "declared_cu": 1200000, "wire_bytes": 3888, "explorer": "https://explorer.solana.com/tx/5itcBqyVwmoeXva3a8thwCN7gYNPSCE6cXWKAT9hGddJMoaaRkwgL1TfyHzXUVzTZR4MLNxTHcWBXx2v4n8uJwiY?cluster=devnet"}
{"name": "verifier-loader-batch-489600", "signature": "36v4Xsn4xy2wANPxKcfZwicKAvgFbhA4S2jkPnnLZoH4sLaxGUMFbiM4zfUFP9ccQhtXtjyTozTy3XpAYW9AEqub", "slot": 495674161, "fee": 15000, "units_consumed": 7110, "declared_cu": 1200000, "wire_bytes": 3888, "explorer": "https://explorer.solana.com/tx/36v4Xsn4xy2wANPxKcfZwicKAvgFbhA4S2jkPnnLZoH4sLaxGUMFbiM4zfUFP9ccQhtXtjyTozTy3XpAYW9AEqub?cluster=devnet"}
{"name": "verifier-loader-batch-496800", "signature": "5PbmguPuHEJWL3SUwqr9UoScbsssRn4vGynw9UXJ66B3hZ1xwGwZz7FGN8r4Tkd6quo4QqmBtZS8kQUoszDVTvTR", "slot": 495674176, "fee": 15000, "units_consumed": 7110, "declared_cu": 1200000, "wire_bytes": 3888, "explorer": "https://explorer.solana.com/tx/5PbmguPuHEJWL3SUwqr9UoScbsssRn4vGynw9UXJ66B3hZ1xwGwZz7FGN8r4Tkd6quo4QqmBtZS8kQUoszDVTvTR?cluster=devnet"}
{"name": "verifier-loader-batch-500400", "signature": "2bWJ6UsEJ1nKxiis23G9j2gQP7tiTeKdbWU2P7XNvvNJRLPcZ9KkkUMtBvfZ8s8UTVp63J5AYiM9c8gqoUU3nWPu", "slot": 495674177, "fee": 15000, "units_consumed": 7110, "declared_cu": 1200000, "wire_bytes": 3888, "explorer": "https://explorer.solana.com/tx/2bWJ6UsEJ1nKxiis23G9j2gQP7tiTeKdbWU2P7XNvvNJRLPcZ9KkkUMtBvfZ8s8UTVp63J5AYiM9c8gqoUU3nWPu?cluster=devnet"}
{"name": "verifier-loader-batch-504000", "signature": "HEuffmxH5nzxWhF1zP6UAd9MnZm9sQrMShRvW1cRWf41cuR6etUxxF3KXdMLxUNLZmkTmBunVkwj69jkHgXAPbJ", "slot": 495674186, "fee": 15000, "units_consumed": 7110, "declared_cu": 1200000, "wire_bytes": 3888, "explorer": "https://explorer.solana.com/tx/HEuffmxH5nzxWhF1zP6UAd9MnZm9sQrMShRvW1cRWf41cuR6etUxxF3KXdMLxUNLZmkTmBunVkwj69jkHgXAPbJ?cluster=devnet"}
{"name": "verifier-loader-batch-507600", "signature": "gxbUL6v8tfBWEarx88BDBBefkspQJNW7SFRGo7xxfXnsKqKYrwBBei8b8R3R6tmwoLLojUuvzC4htuPM5yyE8xD", "slot": 495674192, "fee": 15000, "units_consumed": 7110, "declared_cu": 1200000, "wire_bytes": 3888, "explorer": "https://explorer.solana.com/tx/gxbUL6v8tfBWEarx88BDBBefkspQJNW7SFRGo7xxfXnsKqKYrwBBei8b8R3R6tmwoLLojUuvzC4htuPM5yyE8xD?cluster=devnet"}
{"name": "verifier-loader-batch-511200", "signature": "2AsMccMuhs91C9huE1znvbqpWEREVRD9PRLjRpxm8CGoYWZMv2Bw4VXB8SoztsMfRYDho7GCuJZxxnAPJBzKrr8i", "slot": 495674201, "fee": 15000, "units_consumed": 7110, "declared_cu": 1200000, "wire_bytes": 3888, "explorer": "https://explorer.solana.com/tx/2AsMccMuhs91C9huE1znvbqpWEREVRD9PRLjRpxm8CGoYWZMv2Bw4VXB8SoztsMfRYDho7GCuJZxxnAPJBzKrr8i?cluster=devnet"}
{"name": "verifier-loader-batch-514800", "signature": "2D3w3ebGBpuSyUFTyr6UjVp9EaVx2FLoSRHeYoxMcss6mpjbUjLP97GMNWRmsVTiwtgqrCp5CiLahftivyZbZeM", "slot": 495674204, "fee": 15000, "units_consumed": 7110, "declared_cu": 1200000, "wire_bytes": 3888, "explorer": "https://explorer.solana.com/tx/2D3w3ebGBpuSyUFTyr6UjVp9EaVx2FLoSRHeYoxMcss6mpjbUjLP97GMNWRmsVTiwtgqrCp5CiLahftivyZbZeM?cluster=devnet"}
{"name": "verifier-loader-batch-518400", "signature": "612xEKvHcrR5avMymVb8vbBf2AQX5G6B6FUpJav2HXjmSsMa6ftAaJtWKzPNfrGBPBM3t3rqotRfH6rA3zNqCNNw", "slot": 495674216, "fee": 15000, "units_consumed": 7110, "declared_cu": 1200000, "wire_bytes": 3888, "explorer": "https://explorer.solana.com/tx/612xEKvHcrR5avMymVb8vbBf2AQX5G6B6FUpJav2HXjmSsMa6ftAaJtWKzPNfrGBPBM3t3rqotRfH6rA3zNqCNNw?cluster=devnet"}
{"name": "verifier-loader-batch-522000", "signature": "3rnkFDSvqidQMueZdKz5eC1tPC5qpCYdvh76aTQwseKRaRAruJb83tjo6SxvCfLYSRVvVmxekaqECYKJq8qVC3M6", "slot": 495674215, "fee": 15000, "units_consumed": 7110, "declared_cu": 1200000, "wire_bytes": 3888, "explorer": "https://explorer.solana.com/tx/3rnkFDSvqidQMueZdKz5eC1tPC5qpCYdvh76aTQwseKRaRAruJb83tjo6SxvCfLYSRVvVmxekaqECYKJq8qVC3M6?cluster=devnet"}
{"name": "verifier-loader-batch-525600", "signature": "5ffUeW859EBoQm9QWqm8U1Uo6qvbB1mUbeQc6BPvsPsQ2iHRiATg64QXBtUenTCjBkX31RhCrt2dCFDnFJgzkQDe", "slot": 495674231, "fee": 15000, "units_consumed": 7110, "declared_cu": 1200000, "wire_bytes": 3888, "explorer": "https://explorer.solana.com/tx/5ffUeW859EBoQm9QWqm8U1Uo6qvbB1mUbeQc6BPvsPsQ2iHRiATg64QXBtUenTCjBkX31RhCrt2dCFDnFJgzkQDe?cluster=devnet"}
{"name": "verifier-loader-batch-529200", "signature": "3QbcMATEX3DKiopWMgQj3FomGii9CNW5ZxWdyb6u3QwB3GVaPujSsewmo2N6yPGgPj82kgrLUrWYdNxBnVYniyTk", "slot": 495674233, "fee": 15000, "units_consumed": 7110, "declared_cu": 1200000, "wire_bytes": 3888, "explorer": "https://explorer.solana.com/tx/3QbcMATEX3DKiopWMgQj3FomGii9CNW5ZxWdyb6u3QwB3GVaPujSsewmo2N6yPGgPj82kgrLUrWYdNxBnVYniyTk?cluster=devnet"}
{"name": "verifier-loader-batch-536400", "signature": "ZHQCBbbfiQ3ApCjhMeNFCpwGFGKuMr37GVGTnGJGbpREfWQP5L7w7Y1ZFBz171fdzaKPyR94qbJETcVsyAtTfWx", "slot": 495674246, "fee": 15000, "units_consumed": 7110, "declared_cu": 1200000, "wire_bytes": 3888, "explorer": "https://explorer.solana.com/tx/ZHQCBbbfiQ3ApCjhMeNFCpwGFGKuMr37GVGTnGJGbpREfWQP5L7w7Y1ZFBz171fdzaKPyR94qbJETcVsyAtTfWx?cluster=devnet"}
{"name": "verifier-loader-batch-532800", "signature": "2hfoKY4WwgPqgg5hjL3wwkMm1hGmpsNFcVjm7VMc8V5492drZYVNNg3DMyqQnwVb3QRwYJ1U8HDbyvPoyp4iMCYg", "slot": 495674244, "fee": 15000, "units_consumed": 7110, "declared_cu": 1200000, "wire_bytes": 3888, "explorer": "https://explorer.solana.com/tx/2hfoKY4WwgPqgg5hjL3wwkMm1hGmpsNFcVjm7VMc8V5492drZYVNNg3DMyqQnwVb3QRwYJ1U8HDbyvPoyp4iMCYg?cluster=devnet"}
{"name": "verifier-loader-batch-543600", "signature": "4vh7y9jD6cuuXi4MTCjHoaQRvND536WhcB1Y1bEmGYdYNCLsXPeXD8VkTdMkDLuoCVWFnuPBLFVagncsnNXsRni8", "slot": 495674263, "fee": 15000, "units_consumed": 7110, "declared_cu": 1200000, "wire_bytes": 3888, "explorer": "https://explorer.solana.com/tx/4vh7y9jD6cuuXi4MTCjHoaQRvND536WhcB1Y1bEmGYdYNCLsXPeXD8VkTdMkDLuoCVWFnuPBLFVagncsnNXsRni8?cluster=devnet"}
{"name": "verifier-loader-batch-540000", "signature": "45mxbEBEcw3EAHcfqXT4gtQ4qDoFQQT1CgPZCEGLS5DzXp7dEmktatqT9gkcUyFPS3biQ7pNTLfLaohpW766HCMC", "slot": 495674255, "fee": 15000, "units_consumed": 7110, "declared_cu": 1200000, "wire_bytes": 3888, "explorer": "https://explorer.solana.com/tx/45mxbEBEcw3EAHcfqXT4gtQ4qDoFQQT1CgPZCEGLS5DzXp7dEmktatqT9gkcUyFPS3biQ7pNTLfLaohpW766HCMC?cluster=devnet"}
{"name": "verifier-loader-batch-547200", "signature": "32HnE9TVHdnVRopXnhzMdCe5ZDCnHazxZUuZCH5zkouBoZeXcEDkCj9J4k2pNSmiUzVLTLJ1EwrnnRV88WvxRNqf", "slot": 495674271, "fee": 15000, "units_consumed": 7110, "declared_cu": 1200000, "wire_bytes": 3888, "explorer": "https://explorer.solana.com/tx/32HnE9TVHdnVRopXnhzMdCe5ZDCnHazxZUuZCH5zkouBoZeXcEDkCj9J4k2pNSmiUzVLTLJ1EwrnnRV88WvxRNqf?cluster=devnet"}
{"name": "verifier-loader-batch-550800", "signature": "5tEChtJ6MzFjjrFMQMSzgyuh27t2gP5fwUsCxtXVFp86F7N539C7SwDESGVMh3hAKtaEgxM9ATKjBzQJ73ivnoYD", "slot": 495674273, "fee": 15000, "units_consumed": 7110, "declared_cu": 1200000, "wire_bytes": 3888, "explorer": "https://explorer.solana.com/tx/5tEChtJ6MzFjjrFMQMSzgyuh27t2gP5fwUsCxtXVFp86F7N539C7SwDESGVMh3hAKtaEgxM9ATKjBzQJ73ivnoYD?cluster=devnet"}
{"name": "verifier-loader-batch-554400", "signature": "4ywLaWDSKmJ9zvnjXtAGsFJGirM181SF1WGGu5SSFL1kovGSndpDF9CwrUbw2BZnQ8yLAD4LZ48yP4vNrHEaZZfx", "slot": 495674292, "fee": 15000, "units_consumed": 7110, "declared_cu": 1200000, "wire_bytes": 3888, "explorer": "https://explorer.solana.com/tx/4ywLaWDSKmJ9zvnjXtAGsFJGirM181SF1WGGu5SSFL1kovGSndpDF9CwrUbw2BZnQ8yLAD4LZ48yP4vNrHEaZZfx?cluster=devnet"}
{"name": "verifier-loader-batch-558000", "signature": "2M3LGok9B12j6vnxEou1FRjCZEQNgJoPFQSsNJETCnbChSJnftwoChrKCNKMZdHiaStStraAASRBuwVyX3Z1c81T", "slot": 495674285, "fee": 15000, "units_consumed": 7110, "declared_cu": 1200000, "wire_bytes": 3888, "explorer": "https://explorer.solana.com/tx/2M3LGok9B12j6vnxEou1FRjCZEQNgJoPFQSsNJETCnbChSJnftwoChrKCNKMZdHiaStStraAASRBuwVyX3Z1c81T?cluster=devnet"}
{"name": "verifier-loader-batch-561600", "signature": "3XLiAx8VrZcbJcAaRzd83ScoquNS3ncE57C1ncX4KVNMV8z6AJJutgQqJMevkJWbPp5y2zYwC2rPCLLqRYtACNrL", "slot": 495674299, "fee": 15000, "units_consumed": 7110, "declared_cu": 1200000, "wire_bytes": 3888, "explorer": "https://explorer.solana.com/tx/3XLiAx8VrZcbJcAaRzd83ScoquNS3ncE57C1ncX4KVNMV8z6AJJutgQqJMevkJWbPp5y2zYwC2rPCLLqRYtACNrL?cluster=devnet"}
{"name": "verifier-loader-batch-568800", "signature": "5FPT9HVS8VKVSNDdoBqVphZwz4qD5DuUCR5D4LJcLdLfjp8XneqKdPXat7qKSGcjWe3xHC1avs4E6kqSodAfszR", "slot": 495674313, "fee": 15000, "units_consumed": 7110, "declared_cu": 1200000, "wire_bytes": 3888, "explorer": "https://explorer.solana.com/tx/5FPT9HVS8VKVSNDdoBqVphZwz4qD5DuUCR5D4LJcLdLfjp8XneqKdPXat7qKSGcjWe3xHC1avs4E6kqSodAfszR?cluster=devnet"}
{"name": "verifier-loader-batch-565200", "signature": "2gad8mQcoBWhK9QM18wgVQAxysu34jGzatZDAM42oswE2WDTYr4hZvnq8LRPMLPmHSbm2usuzrNLVgoKzfHdkiFX", "slot": 495674302, "fee": 15000, "units_consumed": 7110, "declared_cu": 1200000, "wire_bytes": 3888, "explorer": "https://explorer.solana.com/tx/2gad8mQcoBWhK9QM18wgVQAxysu34jGzatZDAM42oswE2WDTYr4hZvnq8LRPMLPmHSbm2usuzrNLVgoKzfHdkiFX?cluster=devnet"}
{"name": "verifier-loader-batch-576000", "signature": "mN6XgMdkCkvpYywqA3hw1mFj23frdwEjP9VCctP9KtZTG6zFXUu5dXYYV1WKj1DKA15kqRS2pRmbSCo3brSzfhB", "slot": 495674326, "fee": 15000, "units_consumed": 7110, "declared_cu": 1200000, "wire_bytes": 3888, "explorer": "https://explorer.solana.com/tx/mN6XgMdkCkvpYywqA3hw1mFj23frdwEjP9VCctP9KtZTG6zFXUu5dXYYV1WKj1DKA15kqRS2pRmbSCo3brSzfhB?cluster=devnet"}
{"name": "verifier-loader-batch-572400", "signature": "4GQYvwJ4ovLf8McAodKzMFpCsZ5wWQuSxPxEKYrywTd4iT8Q73CyypWFBmx5AYi1i3dPSZjVbNsG6xN9xM3ojBVX", "slot": 495674314, "fee": 15000, "units_consumed": 7110, "declared_cu": 1200000, "wire_bytes": 3888, "explorer": "https://explorer.solana.com/tx/4GQYvwJ4ovLf8McAodKzMFpCsZ5wWQuSxPxEKYrywTd4iT8Q73CyypWFBmx5AYi1i3dPSZjVbNsG6xN9xM3ojBVX?cluster=devnet"}
{"name": "verifier-loader-batch-579600", "signature": "2ePx1jYUs2RjXSHhAQm2Vi5cVdcRyShooGqLzjeeii6zkYqd7b47vwzLMM54Hzb4Q4izSuPRuuXr3yqgRMQJp1nM", "slot": 495674328, "fee": 15000, "units_consumed": 7110, "declared_cu": 1200000, "wire_bytes": 3888, "explorer": "https://explorer.solana.com/tx/2ePx1jYUs2RjXSHhAQm2Vi5cVdcRyShooGqLzjeeii6zkYqd7b47vwzLMM54Hzb4Q4izSuPRuuXr3yqgRMQJp1nM?cluster=devnet"}
{"name": "verifier-loader-batch-583200", "signature": "5QCCEseP7YaJmu34iKtXuiu1YdLsSUNpHTjbsmAAGjiPbHhpAkdxmk4WvrVTQkvDQXiY8sPMBixTPiSP1AvfckbB", "slot": 495674337, "fee": 15000, "units_consumed": 7110, "declared_cu": 1200000, "wire_bytes": 3888, "explorer": "https://explorer.solana.com/tx/5QCCEseP7YaJmu34iKtXuiu1YdLsSUNpHTjbsmAAGjiPbHhpAkdxmk4WvrVTQkvDQXiY8sPMBixTPiSP1AvfckbB?cluster=devnet"}
{"name": "verifier-loader-batch-586800", "signature": "6vrUxEvbToL8N7SGHfwFHCuetfusHZf669PBDQSVers6m1rj3jcggA5GnyGBpsgoRVFjiy6Lb9veaqG6We2qMtw", "slot": 495674352, "fee": 15000, "units_consumed": 7110, "declared_cu": 1200000, "wire_bytes": 3888, "explorer": "https://explorer.solana.com/tx/6vrUxEvbToL8N7SGHfwFHCuetfusHZf669PBDQSVers6m1rj3jcggA5GnyGBpsgoRVFjiy6Lb9veaqG6We2qMtw?cluster=devnet"}
{"name": "verifier-loader-batch-590400", "signature": "2YS9HyVKMM8N6Yf1pGqYqx7nrMcDJgHqdGWEKniJLCkyZnvSw6F3orU65tg9XkQaaBgX22H3YmmDTy2mRv9jCXn3", "slot": 495674348, "fee": 15000, "units_consumed": 7110, "declared_cu": 1200000, "wire_bytes": 3888, "explorer": "https://explorer.solana.com/tx/2YS9HyVKMM8N6Yf1pGqYqx7nrMcDJgHqdGWEKniJLCkyZnvSw6F3orU65tg9XkQaaBgX22H3YmmDTy2mRv9jCXn3?cluster=devnet"}
{"name": "verifier-loader-batch-594000", "signature": "4bKXu5GW4xz8wBb3Ai5Dn2QxFWjST6wukXc84ScEA8XVa99qs5QbYqjuRp6SxMyyX6M1rrzpPKtvcZZVq6DNdgXG", "slot": 495674364, "fee": 15000, "units_consumed": 7110, "declared_cu": 1200000, "wire_bytes": 3888, "explorer": "https://explorer.solana.com/tx/4bKXu5GW4xz8wBb3Ai5Dn2QxFWjST6wukXc84ScEA8XVa99qs5QbYqjuRp6SxMyyX6M1rrzpPKtvcZZVq6DNdgXG?cluster=devnet"}
{"name": "verifier-loader-batch-597600", "signature": "36Zr3nb2cVhEncEheBxPcUEidznexdcpMZHEPB5kHq8yZz9abcyRd8vtsssYuEHwsW2atPs1o3jE7c44DFPRFqFo", "slot": 495674364, "fee": 15000, "units_consumed": 7110, "declared_cu": 1200000, "wire_bytes": 3888, "explorer": "https://explorer.solana.com/tx/36Zr3nb2cVhEncEheBxPcUEidznexdcpMZHEPB5kHq8yZz9abcyRd8vtsssYuEHwsW2atPs1o3jE7c44DFPRFqFo?cluster=devnet"}
{"name": "verifier-loader-batch-601200", "signature": "372DyqJZXYxCcr5rFY6Zb5RFeBdxuzq8Fwu6ZKXMhtqNCfS5cpBFkj5Fo9sT9xeFXhkRbW6Sujz7Fw3h1C4XRQCN", "slot": 495674378, "fee": 15000, "units_consumed": 7110, "declared_cu": 1200000, "wire_bytes": 3888, "explorer": "https://explorer.solana.com/tx/372DyqJZXYxCcr5rFY6Zb5RFeBdxuzq8Fwu6ZKXMhtqNCfS5cpBFkj5Fo9sT9xeFXhkRbW6Sujz7Fw3h1C4XRQCN?cluster=devnet"}
{"name": "verifier-loader-batch-604800", "signature": "4XmyBMh2v342czzwcbLWyvm2FEVS4mPmW49VDfhCMhLYuSry9bqmvw35F7FTSxARbHKtQB2NK2NAAT5rLqtw4m3n", "slot": 495674376, "fee": 15000, "units_consumed": 7110, "declared_cu": 1200000, "wire_bytes": 3888, "explorer": "https://explorer.solana.com/tx/4XmyBMh2v342czzwcbLWyvm2FEVS4mPmW49VDfhCMhLYuSry9bqmvw35F7FTSxARbHKtQB2NK2NAAT5rLqtw4m3n?cluster=devnet"}
{"name": "verifier-loader-batch-608400", "signature": "fAy38qSNqctDmJhK3dty5VbgmS6XKBAH8DBaefb3bdN1TBCRDzaTVzxxH2fF7Wy5GVcKdgUiJwbTyPMmXYkRdH4", "slot": 495674389, "fee": 15000, "units_consumed": 7110, "declared_cu": 1200000, "wire_bytes": 3888, "explorer": "https://explorer.solana.com/tx/fAy38qSNqctDmJhK3dty5VbgmS6XKBAH8DBaefb3bdN1TBCRDzaTVzxxH2fF7Wy5GVcKdgUiJwbTyPMmXYkRdH4?cluster=devnet"}
{"name": "verifier-loader-batch-612000", "signature": "4zqZTF1QapvyHgqDLpoiYL42R6xfEjHuw8Q81MYHFPDRav6GcpgQPVVvgzZ9As35x1ecv3cNsqCwMZ8k9LZipwkH", "slot": 495674397, "fee": 15000, "units_consumed": 7110, "declared_cu": 1200000, "wire_bytes": 3888, "explorer": "https://explorer.solana.com/tx/4zqZTF1QapvyHgqDLpoiYL42R6xfEjHuw8Q81MYHFPDRav6GcpgQPVVvgzZ9As35x1ecv3cNsqCwMZ8k9LZipwkH?cluster=devnet"}
{"name": "verifier-loader-batch-615600", "signature": "2cYXNu6YAj7NNH1fBqhGahzdvxdQr6zNT5nBeJPd9FAfAbAHW5Dn9HDJ2RBVVtX1UsVdovk78TCX89CzUx2qomfk", "slot": 495674400, "fee": 15000, "units_consumed": 7110, "declared_cu": 1200000, "wire_bytes": 3888, "explorer": "https://explorer.solana.com/tx/2cYXNu6YAj7NNH1fBqhGahzdvxdQr6zNT5nBeJPd9FAfAbAHW5Dn9HDJ2RBVVtX1UsVdovk78TCX89CzUx2qomfk?cluster=devnet"}
{"name": "verifier-loader-batch-619200", "signature": "4VrMvczwWLYzMr6bciyjP5bcjo9tKEkKrEA3wHbS9awyS6VvF9VwnUUppvMSR1tQwwYjQpgUcjRyfmp9rgVx9t2v", "slot": 495674408, "fee": 15000, "units_consumed": 7110, "declared_cu": 1200000, "wire_bytes": 3888, "explorer": "https://explorer.solana.com/tx/4VrMvczwWLYzMr6bciyjP5bcjo9tKEkKrEA3wHbS9awyS6VvF9VwnUUppvMSR1tQwwYjQpgUcjRyfmp9rgVx9t2v?cluster=devnet"}
{"name": "verifier-loader-batch-622800", "signature": "3yPnYZ3AKuh5N3TEppERenwDVDMV2fc1hez3dXGyC3zfByt6hVbGHva6CsBgTkZ2hhgUaRNg8v2Jv28H4ar8R7jS", "slot": 495674416, "fee": 15000, "units_consumed": 7110, "declared_cu": 1200000, "wire_bytes": 3888, "explorer": "https://explorer.solana.com/tx/3yPnYZ3AKuh5N3TEppERenwDVDMV2fc1hez3dXGyC3zfByt6hVbGHva6CsBgTkZ2hhgUaRNg8v2Jv28H4ar8R7jS?cluster=devnet"}
{"name": "verifier-loader-batch-626400", "signature": "5KHsKJ4a8KWWVM7EVuRG2ryPqaEDiszTNAanEvvXyDdKbnQRb5rz5a4f7ZqEri4iDtqkJzAx9iiMH9vobyL2UHja", "slot": 495674423, "fee": 15000, "units_consumed": 7110, "declared_cu": 1200000, "wire_bytes": 3888, "explorer": "https://explorer.solana.com/tx/5KHsKJ4a8KWWVM7EVuRG2ryPqaEDiszTNAanEvvXyDdKbnQRb5rz5a4f7ZqEri4iDtqkJzAx9iiMH9vobyL2UHja?cluster=devnet"}
{"name": "verifier-loader-batch-630000", "signature": "4UKDpy1LMvWQCy2pXYPAGHFTWidxmRwRgbgg5bcFZLBjnXCSLrc5USrQCvG7TYe3hZDtGt7EgurVFZq3yoinBZmC", "slot": 495674432, "fee": 15000, "units_consumed": 7110, "declared_cu": 1200000, "wire_bytes": 3888, "explorer": "https://explorer.solana.com/tx/4UKDpy1LMvWQCy2pXYPAGHFTWidxmRwRgbgg5bcFZLBjnXCSLrc5USrQCvG7TYe3hZDtGt7EgurVFZq3yoinBZmC?cluster=devnet"}
{"name": "verifier-loader-batch-633600", "signature": "JX1WRW71WPjdrbqxT4pLnUCFQ5fDz2fb3pJ33JLEMmbxchXUG84GpczcC4ZSmtNeFgc2vvHtbpts9FWUppXwpGP", "slot": 495674437, "fee": 15000, "units_consumed": 7110, "declared_cu": 1200000, "wire_bytes": 3888, "explorer": "https://explorer.solana.com/tx/JX1WRW71WPjdrbqxT4pLnUCFQ5fDz2fb3pJ33JLEMmbxchXUG84GpczcC4ZSmtNeFgc2vvHtbpts9FWUppXwpGP?cluster=devnet"}
{"name": "verifier-loader-batch-640800", "signature": "4umVcEg7EEkrk226cJ4BzmJoRfj4EKWoSZao8mpfEjepzcdXBZYB8TsrfJrgvPLwRPNHdqQv3sum3qroC67HLRmu", "slot": 495674455, "fee": 15000, "units_consumed": 7110, "declared_cu": 1200000, "wire_bytes": 3888, "explorer": "https://explorer.solana.com/tx/4umVcEg7EEkrk226cJ4BzmJoRfj4EKWoSZao8mpfEjepzcdXBZYB8TsrfJrgvPLwRPNHdqQv3sum3qroC67HLRmu?cluster=devnet"}
{"name": "verifier-loader-batch-644400", "signature": "5VquPjUnRzvjnY7AAWeeT4giNyY8mLAYTGSqAtsbfeTrdhkrGh53Cv4jsvDzj3Bhz8qCMQhtn1GmyohAJYnotxzd", "slot": 495674458, "fee": 15000, "units_consumed": 7110, "declared_cu": 1200000, "wire_bytes": 3888, "explorer": "https://explorer.solana.com/tx/5VquPjUnRzvjnY7AAWeeT4giNyY8mLAYTGSqAtsbfeTrdhkrGh53Cv4jsvDzj3Bhz8qCMQhtn1GmyohAJYnotxzd?cluster=devnet"}
{"name": "verifier-loader-batch-637200", "signature": "4PXVbbMMUMCwdQPCwg2seKf5FbkUAKcpG1pHNDnyGvaGB4qMRDmxjvbyumrpGihT6YunJNCD5QZ4fZUfG8tAsxfs", "slot": 495674446, "fee": 15000, "units_consumed": 7110, "declared_cu": 1200000, "wire_bytes": 3888, "explorer": "https://explorer.solana.com/tx/4PXVbbMMUMCwdQPCwg2seKf5FbkUAKcpG1pHNDnyGvaGB4qMRDmxjvbyumrpGihT6YunJNCD5QZ4fZUfG8tAsxfs?cluster=devnet"}
{"name": "verifier-loader-batch-648000", "signature": "31vr3vYWaTdLKa9UMN5nSJa48CdWNSxrE6o95UZsfPpexcptHvng4pMSRGeV9oVmuzaTEPR2f7uDWBkSUAVrWPqy", "slot": 495674475, "fee": 15000, "units_consumed": 7110, "declared_cu": 1200000, "wire_bytes": 3888, "explorer": "https://explorer.solana.com/tx/31vr3vYWaTdLKa9UMN5nSJa48CdWNSxrE6o95UZsfPpexcptHvng4pMSRGeV9oVmuzaTEPR2f7uDWBkSUAVrWPqy?cluster=devnet"}
{"name": "verifier-loader-batch-651600", "signature": "o9cvKDkNYJufQ1jXyqXhvqGKE1h2khY9k9JwC7FiezZKnLwoGd8cAP7PNfFJwxKEyUBECXb92uLhKF42PwSjzPo", "slot": 495674474, "fee": 15000, "units_consumed": 7110, "declared_cu": 1200000, "wire_bytes": 3888, "explorer": "https://explorer.solana.com/tx/o9cvKDkNYJufQ1jXyqXhvqGKE1h2khY9k9JwC7FiezZKnLwoGd8cAP7PNfFJwxKEyUBECXb92uLhKF42PwSjzPo?cluster=devnet"}
{"name": "verifier-loader-batch-655200", "signature": "4mjGYqGNiYg2H2iskFjk4bmRtbKQmUgFQAcYGvhnxLhM2snQjN1d1UQRcRmgtYQ1ePqvWfwZXmwK7wjziQ4DJ3F6", "slot": 495674491, "fee": 15000, "units_consumed": 7110, "declared_cu": 1200000, "wire_bytes": 3888, "explorer": "https://explorer.solana.com/tx/4mjGYqGNiYg2H2iskFjk4bmRtbKQmUgFQAcYGvhnxLhM2snQjN1d1UQRcRmgtYQ1ePqvWfwZXmwK7wjziQ4DJ3F6?cluster=devnet"}
{"name": "verifier-loader-batch-658800", "signature": "42fwnk6CHVR7Xy2cnNZBvCPkorBUCy2HCHHhGumvkFjLA6mgi86zCY1FjhdykKAbTGRBRWP5x581v6qnD8ZYvqQN", "slot": 495674485, "fee": 15000, "units_consumed": 7110, "declared_cu": 1200000, "wire_bytes": 3888, "explorer": "https://explorer.solana.com/tx/42fwnk6CHVR7Xy2cnNZBvCPkorBUCy2HCHHhGumvkFjLA6mgi86zCY1FjhdykKAbTGRBRWP5x581v6qnD8ZYvqQN?cluster=devnet"}
{"name": "verifier-loader-batch-662400", "signature": "3HBVrQeqtmJLSiQD7b4HfjRcVqzpjCTZ9CRViiWANidYoPXsa4Yn5iZMFoA7BuVsKxcpmNJkYMshdv3qA1GZvhdY", "slot": 495674495, "fee": 15000, "units_consumed": 7110, "declared_cu": 1200000, "wire_bytes": 3888, "explorer": "https://explorer.solana.com/tx/3HBVrQeqtmJLSiQD7b4HfjRcVqzpjCTZ9CRViiWANidYoPXsa4Yn5iZMFoA7BuVsKxcpmNJkYMshdv3qA1GZvhdY?cluster=devnet"}
{"name": "verifier-loader-batch-666000", "signature": "5ArYjYpQbusAEeWYWjQ3qnoLm1xPCbLAGWwoQzxzLg18Kppf8Gy7aaECZqif6vNQ3BXjzLrxA6iZbHEwPMCBLKG", "slot": 495674504, "fee": 15000, "units_consumed": 7110, "declared_cu": 1200000, "wire_bytes": 3888, "explorer": "https://explorer.solana.com/tx/5ArYjYpQbusAEeWYWjQ3qnoLm1xPCbLAGWwoQzxzLg18Kppf8Gy7aaECZqif6vNQ3BXjzLrxA6iZbHEwPMCBLKG?cluster=devnet"}
{"name": "verifier-loader-batch-669600", "signature": "5UZZFW9CV6ryBYVrr6oowjP782gBjQMELagXzEGdtQgvL2kpSirXsCiFi3W2DCHyTKdKtYcC7yiZVUXrLAR52cXm", "slot": 495674508, "fee": 15000, "units_consumed": 7110, "declared_cu": 1200000, "wire_bytes": 3888, "explorer": "https://explorer.solana.com/tx/5UZZFW9CV6ryBYVrr6oowjP782gBjQMELagXzEGdtQgvL2kpSirXsCiFi3W2DCHyTKdKtYcC7yiZVUXrLAR52cXm?cluster=devnet"}
{"name": "verifier-loader-batch-673200", "signature": "2V6HbFCvfaTojLWRD6WaWnCuuztYm5tKp7hBKYAyLRf4sxYY24m6Uc6utSy5VRMwxbCDMHBN2vg6AdLteZjkU4qP", "slot": 495674520, "fee": 15000, "units_consumed": 7110, "declared_cu": 1200000, "wire_bytes": 3888, "explorer": "https://explorer.solana.com/tx/2V6HbFCvfaTojLWRD6WaWnCuuztYm5tKp7hBKYAyLRf4sxYY24m6Uc6utSy5VRMwxbCDMHBN2vg6AdLteZjkU4qP?cluster=devnet"}
{"name": "verifier-loader-batch-676800", "signature": "2x1ukR6qr2WvchJFLou4xjj9dN8gXBEzCe9ex8AKK1Ss4upwq3oQ6hwTKtZALc1thnqJuWWvHLHJaXzf1Ljt6rYY", "slot": 495674522, "fee": 15000, "units_consumed": 7110, "declared_cu": 1200000, "wire_bytes": 3888, "explorer": "https://explorer.solana.com/tx/2x1ukR6qr2WvchJFLou4xjj9dN8gXBEzCe9ex8AKK1Ss4upwq3oQ6hwTKtZALc1thnqJuWWvHLHJaXzf1Ljt6rYY?cluster=devnet"}
{"name": "verifier-loader-batch-684000", "signature": "4wX2G54mvX9Hw86TRcj9FVGxyvZXbSVbpGpH4awYBWap59zoZc1pTPKVi9nAwnvZRVty9spEyxd6t4S2uEBoRard", "slot": 495674548, "fee": 15000, "units_consumed": 7110, "declared_cu": 1200000, "wire_bytes": 3888, "explorer": "https://explorer.solana.com/tx/4wX2G54mvX9Hw86TRcj9FVGxyvZXbSVbpGpH4awYBWap59zoZc1pTPKVi9nAwnvZRVty9spEyxd6t4S2uEBoRard?cluster=devnet"}
{"name": "verifier-loader-batch-680400", "signature": "3vQKEguZBmjZU6Kc8mR1r56tqhudq6CgHabmsEu5qp22QGC9DdXJ87oDEYQeqxFBuEjztSoCALk3o8rM4DyiZ43L", "slot": 495674540, "fee": 15000, "units_consumed": 7110, "declared_cu": 1200000, "wire_bytes": 3888, "explorer": "https://explorer.solana.com/tx/3vQKEguZBmjZU6Kc8mR1r56tqhudq6CgHabmsEu5qp22QGC9DdXJ87oDEYQeqxFBuEjztSoCALk3o8rM4DyiZ43L?cluster=devnet"}
{"name": "verifier-loader-batch-687600", "signature": "3SdHoyH3PaDzyDv2vomxN6HydmACBdC5T38yCBWqkWbUm3ThYM23FdBepXJogzX3M7gGEpeHRsabRrUReAAthgyF", "slot": 495674549, "fee": 15000, "units_consumed": 7110, "declared_cu": 1200000, "wire_bytes": 3888, "explorer": "https://explorer.solana.com/tx/3SdHoyH3PaDzyDv2vomxN6HydmACBdC5T38yCBWqkWbUm3ThYM23FdBepXJogzX3M7gGEpeHRsabRrUReAAthgyF?cluster=devnet"}
{"name": "verifier-loader-batch-691200", "signature": "4MQP6wmHVXrRgS5z1XuSi4FW9CkBVWuFGFg9BWWkPdDc4NSmQD8YCyHdr9qJNbZVxZxK7sdzuHzzxBvQP74gwL5w", "slot": 495674551, "fee": 15000, "units_consumed": 7110, "declared_cu": 1200000, "wire_bytes": 3888, "explorer": "https://explorer.solana.com/tx/4MQP6wmHVXrRgS5z1XuSi4FW9CkBVWuFGFg9BWWkPdDc4NSmQD8YCyHdr9qJNbZVxZxK7sdzuHzzxBvQP74gwL5w?cluster=devnet"}
{"name": "verifier-loader-batch-694800", "signature": "5tQ4fjDWnve1jTZnzCdRJA63fMy4Z9o5oStyasQhadEuFgNC8Q9Jy3ZC8qSBDqC1KCRRufbt7A7qEn3SgVvQ988j", "slot": 495674571, "fee": 15000, "units_consumed": 7110, "declared_cu": 1200000, "wire_bytes": 3888, "explorer": "https://explorer.solana.com/tx/5tQ4fjDWnve1jTZnzCdRJA63fMy4Z9o5oStyasQhadEuFgNC8Q9Jy3ZC8qSBDqC1KCRRufbt7A7qEn3SgVvQ988j?cluster=devnet"}
{"name": "verifier-loader-batch-698400", "signature": "4THU3aUQjFhnoqys2wnVXxigSvBjdyvoWTX8FMazC5X4vXS9Qeo7NtaLNK4sRCeXrTVKZGKPSL8GzuJEsjvVPA5K", "slot": 495674563, "fee": 15000, "units_consumed": 7110, "declared_cu": 1200000, "wire_bytes": 3888, "explorer": "https://explorer.solana.com/tx/4THU3aUQjFhnoqys2wnVXxigSvBjdyvoWTX8FMazC5X4vXS9Qeo7NtaLNK4sRCeXrTVKZGKPSL8GzuJEsjvVPA5K?cluster=devnet"}
{"name": "verifier-loader-batch-705600", "signature": "5PB9zA7t7dKVo1wNcvxCXjpoLzr6sF78ErQwCfDPNVePotbeYcMupw4tsibCRvEDkJEvcFEQTVG8NYhA9JU9r6Tk", "slot": 495674587, "fee": 15000, "units_consumed": 7110, "declared_cu": 1200000, "wire_bytes": 3888, "explorer": "https://explorer.solana.com/tx/5PB9zA7t7dKVo1wNcvxCXjpoLzr6sF78ErQwCfDPNVePotbeYcMupw4tsibCRvEDkJEvcFEQTVG8NYhA9JU9r6Tk?cluster=devnet"}
{"name": "verifier-loader-batch-702000", "signature": "2itQZ8Nd4apZyoY6cfwV9P6V8DFH9RW9jpodFBNYtDphQejfoRuWrQQwHXrX39ygUYZ5zd4HFSzGbjA6dwTXrFX3", "slot": 495674571, "fee": 15000, "units_consumed": 7110, "declared_cu": 1200000, "wire_bytes": 3888, "explorer": "https://explorer.solana.com/tx/2itQZ8Nd4apZyoY6cfwV9P6V8DFH9RW9jpodFBNYtDphQejfoRuWrQQwHXrX39ygUYZ5zd4HFSzGbjA6dwTXrFX3?cluster=devnet"}
{"name": "verifier-loader-batch-709200", "signature": "2Za4MFnsEWyqeZZECmN67hN95gYJ3VjCWR1KvvabSehhv76jwCMjUbXD43ETuGf3DvrAWTYnN2ZrMcbhnXwRcpyB", "slot": 495674585, "fee": 15000, "units_consumed": 7110, "declared_cu": 1200000, "wire_bytes": 3888, "explorer": "https://explorer.solana.com/tx/2Za4MFnsEWyqeZZECmN67hN95gYJ3VjCWR1KvvabSehhv76jwCMjUbXD43ETuGf3DvrAWTYnN2ZrMcbhnXwRcpyB?cluster=devnet"}
{"name": "verifier-loader-batch-712800", "signature": "4ugPn36GW7cEiKnbHLUxMfBLts1jouRf9BpiUw82bQpYdP72xHDfcnBs9hQNfgn9cB52JFbqwstwbDH45o7MyMun", "slot": 495674597, "fee": 15000, "units_consumed": 7110, "declared_cu": 1200000, "wire_bytes": 3888, "explorer": "https://explorer.solana.com/tx/4ugPn36GW7cEiKnbHLUxMfBLts1jouRf9BpiUw82bQpYdP72xHDfcnBs9hQNfgn9cB52JFbqwstwbDH45o7MyMun?cluster=devnet"}
{"name": "verifier-loader-batch-716400", "signature": "3DgbGBf4PWY3kqKF5e9SQbW4bGCLNtDsXHV6yeDnrqDPQ5gGP67ka7ZrFP6wKUATGCLeG4CvKXXYqupbwkP9MkXA", "slot": 495674604, "fee": 15000, "units_consumed": 7110, "declared_cu": 1200000, "wire_bytes": 3888, "explorer": "https://explorer.solana.com/tx/3DgbGBf4PWY3kqKF5e9SQbW4bGCLNtDsXHV6yeDnrqDPQ5gGP67ka7ZrFP6wKUATGCLeG4CvKXXYqupbwkP9MkXA?cluster=devnet"}
{"name": "verifier-loader-batch-720000", "signature": "3yEBc6tPSucgxob4o4McndLhQTDqUTarF1Meq65fxT7Dm3c23XjAR8KVD9MLXNQsuH1iHBauuyRo4zJEJPFTrjPa", "slot": 495674608, "fee": 15000, "units_consumed": 7110, "declared_cu": 1200000, "wire_bytes": 3888, "explorer": "https://explorer.solana.com/tx/3yEBc6tPSucgxob4o4McndLhQTDqUTarF1Meq65fxT7Dm3c23XjAR8KVD9MLXNQsuH1iHBauuyRo4zJEJPFTrjPa?cluster=devnet"}
{"name": "verifier-loader-batch-723600", "signature": "5BnGtJykQJv5D42DR5ZiZW3VYe9CRCVuD27QrdBJ8sAHB6zkjHvJWi538DPRZGeA3gH1xEXrKbfPrGWtyKGnrC1i", "slot": 495674621, "fee": 15000, "units_consumed": 7110, "declared_cu": 1200000, "wire_bytes": 3888, "explorer": "https://explorer.solana.com/tx/5BnGtJykQJv5D42DR5ZiZW3VYe9CRCVuD27QrdBJ8sAHB6zkjHvJWi538DPRZGeA3gH1xEXrKbfPrGWtyKGnrC1i?cluster=devnet"}
{"name": "verifier-loader-batch-727200", "signature": "2THcB6htKufE7UmDCEPqU63dXhA4DcA39YFDbVWWFyXgTjEGcxrhzFf2EThQm6dHQ4osjwFzN3dRPi3mFBE7GM9H", "slot": 495674620, "fee": 15000, "units_consumed": 7110, "declared_cu": 1200000, "wire_bytes": 3888, "explorer": "https://explorer.solana.com/tx/2THcB6htKufE7UmDCEPqU63dXhA4DcA39YFDbVWWFyXgTjEGcxrhzFf2EThQm6dHQ4osjwFzN3dRPi3mFBE7GM9H?cluster=devnet"}
{"name": "verifier-loader-batch-734400", "signature": "2RcaTjDUKUQK7yC6GuVLV1wGcPLqx2r9siFD1uV7ZdCmEUkPK7avqczaNZqVs7eQYYbvEs69rXj4Sxz6PTUSkHYP", "slot": 495674634, "fee": 15000, "units_consumed": 7110, "declared_cu": 1200000, "wire_bytes": 3888, "explorer": "https://explorer.solana.com/tx/2RcaTjDUKUQK7yC6GuVLV1wGcPLqx2r9siFD1uV7ZdCmEUkPK7avqczaNZqVs7eQYYbvEs69rXj4Sxz6PTUSkHYP?cluster=devnet"}
{"name": "verifier-loader-batch-730800", "signature": "2oHm9TEfrXePTyxphJiAuLpiDpDoQdnwdZ5UF8H7bDXmMKnWo7wHZKxLau61pJWiYveXCNj2e7cbyqv5473HkpBj", "slot": 495674632, "fee": 15000, "units_consumed": 7110, "declared_cu": 1200000, "wire_bytes": 3888, "explorer": "https://explorer.solana.com/tx/2oHm9TEfrXePTyxphJiAuLpiDpDoQdnwdZ5UF8H7bDXmMKnWo7wHZKxLau61pJWiYveXCNj2e7cbyqv5473HkpBj?cluster=devnet"}
{"name": "verifier-loader-batch-738000", "signature": "JdaV6YdX52afTwye9otfu6WQURKykbEodikecouhb3mvpn9rMQC47yh6EF2XhoMG8nZCzNgLhkA8Szox1cpyoj3", "slot": 495674647, "fee": 15000, "units_consumed": 7110, "declared_cu": 1200000, "wire_bytes": 3888, "explorer": "https://explorer.solana.com/tx/JdaV6YdX52afTwye9otfu6WQURKykbEodikecouhb3mvpn9rMQC47yh6EF2XhoMG8nZCzNgLhkA8Szox1cpyoj3?cluster=devnet"}
{"name": "verifier-loader-batch-741600", "signature": "2tNRRg6jfC9FMoc3iz8jkQ2BBXakceKdNYDd4xbzrbWLZuxtDMpi5bLLbGS2dUtpN5WRyz5yHREJG5zdwsiWkAzj", "slot": 495674645, "fee": 15000, "units_consumed": 7110, "declared_cu": 1200000, "wire_bytes": 3888, "explorer": "https://explorer.solana.com/tx/2tNRRg6jfC9FMoc3iz8jkQ2BBXakceKdNYDd4xbzrbWLZuxtDMpi5bLLbGS2dUtpN5WRyz5yHREJG5zdwsiWkAzj?cluster=devnet"}
{"name": "verifier-loader-batch-748800", "signature": "3beV1VM2iwSyxY2uiAZuBVyyRdGuM8GfG1eV4KmFjy9XX6feUvsBy77tQVjtMkYCem5i2SRGPBwPKBfXtgK2LTD", "slot": 495674657, "fee": 15000, "units_consumed": 7110, "declared_cu": 1200000, "wire_bytes": 3888, "explorer": "https://explorer.solana.com/tx/3beV1VM2iwSyxY2uiAZuBVyyRdGuM8GfG1eV4KmFjy9XX6feUvsBy77tQVjtMkYCem5i2SRGPBwPKBfXtgK2LTD?cluster=devnet"}
{"name": "verifier-loader-batch-745200", "signature": "XtGHsHQJ4zoRE8QYse5r7jvgdyWNNKHrk7yrSDXVGuDkbG4RCHBU8g4i9ZRkYb12wFLhPnLRHt6Aeyxwj5im1t6", "slot": 495674666, "fee": 15000, "units_consumed": 7110, "declared_cu": 1200000, "wire_bytes": 3888, "explorer": "https://explorer.solana.com/tx/XtGHsHQJ4zoRE8QYse5r7jvgdyWNNKHrk7yrSDXVGuDkbG4RCHBU8g4i9ZRkYb12wFLhPnLRHt6Aeyxwj5im1t6?cluster=devnet"}
{"name": "verifier-loader-batch-752400", "signature": "8d94k9yTSCgkdm5eusbV3gtvvAjGPL7BLCzrAw3VwHFDdp2ityRbBKX4PfeWkWMvCAdaRkkALoM6PqPwLpcP8hw", "slot": 495674667, "fee": 15000, "units_consumed": 7110, "declared_cu": 1200000, "wire_bytes": 3888, "explorer": "https://explorer.solana.com/tx/8d94k9yTSCgkdm5eusbV3gtvvAjGPL7BLCzrAw3VwHFDdp2ityRbBKX4PfeWkWMvCAdaRkkALoM6PqPwLpcP8hw?cluster=devnet"}
{"name": "verifier-loader-batch-756000", "signature": "4o1b4Z284eRCkT25mGUQWSNxg5qzNKWYJ8y362FW4Rx7CsTxMZhLL8wDxSGKx5BCW81ihmVHJcXUzD1NbARw3d9t", "slot": 495674679, "fee": 15000, "units_consumed": 7110, "declared_cu": 1200000, "wire_bytes": 3888, "explorer": "https://explorer.solana.com/tx/4o1b4Z284eRCkT25mGUQWSNxg5qzNKWYJ8y362FW4Rx7CsTxMZhLL8wDxSGKx5BCW81ihmVHJcXUzD1NbARw3d9t?cluster=devnet"}
{"name": "verifier-loader-batch-759600", "signature": "5Gsbjnh18ceKTxgDoPzepAWvQ1pQNGt7FGG45Yfci25X7hMhpYT5oj98sDA6zLVKuYzvTXZTNURonEWh3v9Bz16e", "slot": 495674681, "fee": 15000, "units_consumed": 7110, "declared_cu": 1200000, "wire_bytes": 3888, "explorer": "https://explorer.solana.com/tx/5Gsbjnh18ceKTxgDoPzepAWvQ1pQNGt7FGG45Yfci25X7hMhpYT5oj98sDA6zLVKuYzvTXZTNURonEWh3v9Bz16e?cluster=devnet"}
{"name": "verifier-loader-batch-766800", "signature": "4J2inA1H3AsAUSrL2aoXe1pVd7madVgvDrSxqpBckgnSncvS6L4AGBTWThxsLTsKJefiJ4bzBHKXCiT12z9QpvY8", "slot": 495674700, "fee": 15000, "units_consumed": 7110, "declared_cu": 1200000, "wire_bytes": 3888, "explorer": "https://explorer.solana.com/tx/4J2inA1H3AsAUSrL2aoXe1pVd7madVgvDrSxqpBckgnSncvS6L4AGBTWThxsLTsKJefiJ4bzBHKXCiT12z9QpvY8?cluster=devnet"}
{"name": "verifier-loader-batch-763200", "signature": "61GtPNKi155tiUJrsQtA1ZHe9WTaDAp85FFwc2uKNCf6Ly7DKzv6ETMfkdSv7G9zgXn6hCTWKnpCrD4HCQABBzNo", "slot": 495674689, "fee": 15000, "units_consumed": 7110, "declared_cu": 1200000, "wire_bytes": 3888, "explorer": "https://explorer.solana.com/tx/61GtPNKi155tiUJrsQtA1ZHe9WTaDAp85FFwc2uKNCf6Ly7DKzv6ETMfkdSv7G9zgXn6hCTWKnpCrD4HCQABBzNo?cluster=devnet"}
{"name": "verifier-loader-batch-770400", "signature": "4kNWCvbVfic94GVaCgQssLpaWb8VT7VxN6ttT6K2kpBHaQTfRXTMinif6zYvXpYCJ3FUrZ2jUxut8FNt22F9QE7z", "slot": 495674697, "fee": 15000, "units_consumed": 7110, "declared_cu": 1200000, "wire_bytes": 3888, "explorer": "https://explorer.solana.com/tx/4kNWCvbVfic94GVaCgQssLpaWb8VT7VxN6ttT6K2kpBHaQTfRXTMinif6zYvXpYCJ3FUrZ2jUxut8FNt22F9QE7z?cluster=devnet"}
{"name": "verifier-loader-batch-774000", "signature": "4Mo9SNSCUaVY8HuCXVLJ9JWzS8avE976pcnSpjNNNFAUtZbb62gQNJpQrTmCVUitGnFqZ2yPUavU7A7ZAjiGKLTP", "slot": 495674708, "fee": 15000, "units_consumed": 7110, "declared_cu": 1200000, "wire_bytes": 3888, "explorer": "https://explorer.solana.com/tx/4Mo9SNSCUaVY8HuCXVLJ9JWzS8avE976pcnSpjNNNFAUtZbb62gQNJpQrTmCVUitGnFqZ2yPUavU7A7ZAjiGKLTP?cluster=devnet"}
{"name": "verifier-loader-batch-777600", "signature": "44DNn7oHREnTBUKt9pzzYyPXYc45HkLDcyftoL37N6CbdUwk7DKnMC91wDpqiXvvUGbr34SpXZfsG4qv9hYaBiAv", "slot": 495674714, "fee": 15000, "units_consumed": 7110, "declared_cu": 1200000, "wire_bytes": 3888, "explorer": "https://explorer.solana.com/tx/44DNn7oHREnTBUKt9pzzYyPXYc45HkLDcyftoL37N6CbdUwk7DKnMC91wDpqiXvvUGbr34SpXZfsG4qv9hYaBiAv?cluster=devnet"}
{"name": "verifier-loader-batch-781200", "signature": "5PxPN3tfdWVweb6t9W5X7U9w8ZZNEHbHZBUNgJjeooDA6m3AnpLfFbRHAJJNp6iVMH7jSHDL7Pv2Lo36VvJe7SG", "slot": 495674719, "fee": 15000, "units_consumed": 7110, "declared_cu": 1200000, "wire_bytes": 3888, "explorer": "https://explorer.solana.com/tx/5PxPN3tfdWVweb6t9W5X7U9w8ZZNEHbHZBUNgJjeooDA6m3AnpLfFbRHAJJNp6iVMH7jSHDL7Pv2Lo36VvJe7SG?cluster=devnet"}
{"name": "verifier-loader-batch-788400", "signature": "59A3dUDWWcY3vvAvUcncQk2yr59YdgvDcZPmbQe1V6Q3LzzgBZSKjYBgJUVLpmVYEDnVrm26nBApPNnvzgZSmjik", "slot": 495674732, "fee": 15000, "units_consumed": 7110, "declared_cu": 1200000, "wire_bytes": 3888, "explorer": "https://explorer.solana.com/tx/59A3dUDWWcY3vvAvUcncQk2yr59YdgvDcZPmbQe1V6Q3LzzgBZSKjYBgJUVLpmVYEDnVrm26nBApPNnvzgZSmjik?cluster=devnet"}
{"name": "verifier-loader-batch-784800", "signature": "kLhxJNsu97PSPRUCSfe3ZxX4cAuivnPmqbh4FnPUiouSS3Cn9tNaXua4TuC4kYbthjNQMNentHyUdVwZ2ABvAXq", "slot": 495674728, "fee": 15000, "units_consumed": 7110, "declared_cu": 1200000, "wire_bytes": 3888, "explorer": "https://explorer.solana.com/tx/kLhxJNsu97PSPRUCSfe3ZxX4cAuivnPmqbh4FnPUiouSS3Cn9tNaXua4TuC4kYbthjNQMNentHyUdVwZ2ABvAXq?cluster=devnet"}
{"name": "verifier-loader-batch-792000", "signature": "59gNVtzKKQVCxWZj68hBmpXJBChuN8sn7iZh2pQQ5hyD99FXxoN6iZwKkD4Has6Pd1dG8joK4yJn9yvAYbuHyvdq", "slot": 495674746, "fee": 15000, "units_consumed": 7110, "declared_cu": 1200000, "wire_bytes": 3888, "explorer": "https://explorer.solana.com/tx/59gNVtzKKQVCxWZj68hBmpXJBChuN8sn7iZh2pQQ5hyD99FXxoN6iZwKkD4Has6Pd1dG8joK4yJn9yvAYbuHyvdq?cluster=devnet"}
{"name": "verifier-loader-batch-795600", "signature": "4zraW4P9nDhiDBwZ2MdDSD7nU8NnF4NkmMH7MMoCXYFyaariSEoT61VV5YLZWqKsQ5EcbUfJmzVrkCQK3F4PeB1N", "slot": 495674745, "fee": 15000, "units_consumed": 7110, "declared_cu": 1200000, "wire_bytes": 3888, "explorer": "https://explorer.solana.com/tx/4zraW4P9nDhiDBwZ2MdDSD7nU8NnF4NkmMH7MMoCXYFyaariSEoT61VV5YLZWqKsQ5EcbUfJmzVrkCQK3F4PeB1N?cluster=devnet"}
{"name": "verifier-loader-batch-799200", "signature": "58Jq5BmW5zXVNoywJQvbhaRtc3ge1CL89AgKdCHTSNsgPC9puDiE5JuBd45jh43N3Z1daUVL3572uEavViYaHrby", "slot": 495674760, "fee": 15000, "units_consumed": 7110, "declared_cu": 1200000, "wire_bytes": 3888, "explorer": "https://explorer.solana.com/tx/58Jq5BmW5zXVNoywJQvbhaRtc3ge1CL89AgKdCHTSNsgPC9puDiE5JuBd45jh43N3Z1daUVL3572uEavViYaHrby?cluster=devnet"}
{"name": "verifier-loader-batch-802800", "signature": "4aNxxnyRfEooEkGy9paE7JMRHvWXqqzztsiUrq4J24CCoPLoKfX7xth4ZbxLKMMA4bAw1JVWjbzw2zZoYuLjRNnW", "slot": 495674754, "fee": 15000, "units_consumed": 7110, "declared_cu": 1200000, "wire_bytes": 3888, "explorer": "https://explorer.solana.com/tx/4aNxxnyRfEooEkGy9paE7JMRHvWXqqzztsiUrq4J24CCoPLoKfX7xth4ZbxLKMMA4bAw1JVWjbzw2zZoYuLjRNnW?cluster=devnet"}
{"name": "verifier-loader-batch-806400", "signature": "43YjWbdP4xB9QUjqCMvWazJxencHQvJYmJ3ahyvzrEQeK3WsN43xHYMQXPDw5W94zNVa8sDDhhqnxGJo9Zf6dJkw", "slot": 495674767, "fee": 15000, "units_consumed": 7110, "declared_cu": 1200000, "wire_bytes": 3888, "explorer": "https://explorer.solana.com/tx/43YjWbdP4xB9QUjqCMvWazJxencHQvJYmJ3ahyvzrEQeK3WsN43xHYMQXPDw5W94zNVa8sDDhhqnxGJo9Zf6dJkw?cluster=devnet"}
{"name": "verifier-loader-batch-810000", "signature": "4w4BiBxYbkvZRVMZ415a3Vi1Deovf5cXMLTMiFXSMG5SAUP9e6YzcgkvkgT4uD9UEMKiMekVoKw9VoWmevYVZZxw", "slot": 495674778, "fee": 15000, "units_consumed": 7110, "declared_cu": 1200000, "wire_bytes": 3888, "explorer": "https://explorer.solana.com/tx/4w4BiBxYbkvZRVMZ415a3Vi1Deovf5cXMLTMiFXSMG5SAUP9e6YzcgkvkgT4uD9UEMKiMekVoKw9VoWmevYVZZxw?cluster=devnet"}
{"name": "verifier-loader-batch-813600", "signature": "5ZHLtVnMA3k9Lt2HbtkfPzv5YA1eRkQN7j9qMGpnFYjYqduHx1MPVg4xe6LvQWLWq8MkFRue7Qo8kmcBsroZxdV7", "slot": 495674776, "fee": 15000, "units_consumed": 7110, "declared_cu": 1200000, "wire_bytes": 3888, "explorer": "https://explorer.solana.com/tx/5ZHLtVnMA3k9Lt2HbtkfPzv5YA1eRkQN7j9qMGpnFYjYqduHx1MPVg4xe6LvQWLWq8MkFRue7Qo8kmcBsroZxdV7?cluster=devnet"}
{"name": "verifier-loader-batch-820800", "signature": "Qk4gyPSRuUjskpSpjCSjc2amANeXNpkEwM3FrqnwfJjkLHQKFa5NQenA9WzbQRwjRwfwqCPnGzNgkmjXV73xcWL", "slot": 495674789, "fee": 15000, "units_consumed": 7110, "declared_cu": 1200000, "wire_bytes": 3888, "explorer": "https://explorer.solana.com/tx/Qk4gyPSRuUjskpSpjCSjc2amANeXNpkEwM3FrqnwfJjkLHQKFa5NQenA9WzbQRwjRwfwqCPnGzNgkmjXV73xcWL?cluster=devnet"}
{"name": "verifier-loader-batch-817200", "signature": "2JgdvSovGrLBt8CQXpH2H2DR74MjgRiVbjQUzCBsoejfhLJ57WH4eSRnAU4kepZagtwTNufxf2F3p1oKecc6vAJs", "slot": 495674792, "fee": 15000, "units_consumed": 7110, "declared_cu": 1200000, "wire_bytes": 3888, "explorer": "https://explorer.solana.com/tx/2JgdvSovGrLBt8CQXpH2H2DR74MjgRiVbjQUzCBsoejfhLJ57WH4eSRnAU4kepZagtwTNufxf2F3p1oKecc6vAJs?cluster=devnet"}
{"name": "verifier-loader-batch-824400", "signature": "2C89s716tf8QaKSXoS6xqnkFKBDesAYBWQW1fmpaJ6F9y9tkSC68p221yLD9NCykcmkRznBDuFVGGGTJZgFL5Pai", "slot": 495674806, "fee": 15000, "units_consumed": 7110, "declared_cu": 1200000, "wire_bytes": 3888, "explorer": "https://explorer.solana.com/tx/2C89s716tf8QaKSXoS6xqnkFKBDesAYBWQW1fmpaJ6F9y9tkSC68p221yLD9NCykcmkRznBDuFVGGGTJZgFL5Pai?cluster=devnet"}
{"name": "verifier-loader-batch-828000", "signature": "5erHi9TkonA5PBRtmnWb6HXYpX9jdPxkY7k4sgQZi6jSGQPSCvqXNu4Bj1ckXssyR1jkRtar2qpquVoHwxwtyDXT", "slot": 495674808, "fee": 15000, "units_consumed": 7110, "declared_cu": 1200000, "wire_bytes": 3888, "explorer": "https://explorer.solana.com/tx/5erHi9TkonA5PBRtmnWb6HXYpX9jdPxkY7k4sgQZi6jSGQPSCvqXNu4Bj1ckXssyR1jkRtar2qpquVoHwxwtyDXT?cluster=devnet"}
{"name": "verifier-loader-batch-831600", "signature": "JjhLbPnGg7Vbn2F6gRdXDgvEYJzQ8nMu9Mg82y1ELXbWVmfB1sdL7ThYt9DHBzNoxmznCwhg2tCvWBMjq763Rrf", "slot": 495674819, "fee": 15000, "units_consumed": 7110, "declared_cu": 1200000, "wire_bytes": 3888, "explorer": "https://explorer.solana.com/tx/JjhLbPnGg7Vbn2F6gRdXDgvEYJzQ8nMu9Mg82y1ELXbWVmfB1sdL7ThYt9DHBzNoxmznCwhg2tCvWBMjq763Rrf?cluster=devnet"}
{"name": "verifier-loader-batch-835200", "signature": "3bNrsvHxSRnGAFAQT66mZrgfVUjaW2moEbvs9osrNEuT35XyZ8AJn3od5KV1ecV3WAKxEo9hTqiX5Hb6eX6siCu5", "slot": 495674821, "fee": 15000, "units_consumed": 7110, "declared_cu": 1200000, "wire_bytes": 3888, "explorer": "https://explorer.solana.com/tx/3bNrsvHxSRnGAFAQT66mZrgfVUjaW2moEbvs9osrNEuT35XyZ8AJn3od5KV1ecV3WAKxEo9hTqiX5Hb6eX6siCu5?cluster=devnet"}
{"name": "verifier-loader-batch-838800", "signature": "5xF2yjNX2xKSqYAk6Xr42tQEAbEKjZqwvsWZeKXSzYa7AfsLawRYHkzxNhRBSvUHjiK94ag6wVGdZnnq8CV4pJVA", "slot": 495674830, "fee": 15000, "units_consumed": 7110, "declared_cu": 1200000, "wire_bytes": 3888, "explorer": "https://explorer.solana.com/tx/5xF2yjNX2xKSqYAk6Xr42tQEAbEKjZqwvsWZeKXSzYa7AfsLawRYHkzxNhRBSvUHjiK94ag6wVGdZnnq8CV4pJVA?cluster=devnet"}
{"name": "verifier-loader-batch-842400", "signature": "5uU21ySGNw93HZGUDpSJ57UCKZzEfuEY7nan3RNcW3fa6HY2XJtt8d8zPVG2MmCn7XhmrvoUPSvh9NcTRL9Ps3NF", "slot": 495674841, "fee": 15000, "units_consumed": 7110, "declared_cu": 1200000, "wire_bytes": 3888, "explorer": "https://explorer.solana.com/tx/5uU21ySGNw93HZGUDpSJ57UCKZzEfuEY7nan3RNcW3fa6HY2XJtt8d8zPVG2MmCn7XhmrvoUPSvh9NcTRL9Ps3NF?cluster=devnet"}
{"name": "verifier-loader-batch-846000", "signature": "4tBQ9VdHVdbR9oxuSfDu6fGAoGY2VBz6UoJLrwj2RZd6TpATmTJrQJr1UeZsknXTyGuFc1tUo4FE85oGYxpRvTXq", "slot": 495674840, "fee": 15000, "units_consumed": 7110, "declared_cu": 1200000, "wire_bytes": 3888, "explorer": "https://explorer.solana.com/tx/4tBQ9VdHVdbR9oxuSfDu6fGAoGY2VBz6UoJLrwj2RZd6TpATmTJrQJr1UeZsknXTyGuFc1tUo4FE85oGYxpRvTXq?cluster=devnet"}
{"name": "verifier-loader-batch-849600", "signature": "5G5ceAhUGP6dhoySaqXq6cNKHRLjVDgkF4xYQgG61np1f5NgiC2cmpbpzRGNYBYE52FAF8NTMwSVTToureiSSMds", "slot": 495674850, "fee": 15000, "units_consumed": 7110, "declared_cu": 1200000, "wire_bytes": 3888, "explorer": "https://explorer.solana.com/tx/5G5ceAhUGP6dhoySaqXq6cNKHRLjVDgkF4xYQgG61np1f5NgiC2cmpbpzRGNYBYE52FAF8NTMwSVTToureiSSMds?cluster=devnet"}
{"name": "verifier-loader-batch-853200", "signature": "5CozHa9Y22VLYjA96mjVdnYWoTt7KG3o4QtVB1sUBXNs2DBrjdhqYgtrjM51gX1Jsx8YcHZ1f2hvDmxQWkeDtFqU", "slot": 495674863, "fee": 15000, "units_consumed": 7110, "declared_cu": 1200000, "wire_bytes": 3888, "explorer": "https://explorer.solana.com/tx/5CozHa9Y22VLYjA96mjVdnYWoTt7KG3o4QtVB1sUBXNs2DBrjdhqYgtrjM51gX1Jsx8YcHZ1f2hvDmxQWkeDtFqU?cluster=devnet"}
{"name": "verifier-loader-batch-856800", "signature": "34qBacj1ZW8kThxR8Jcqax5YgveTebzzvfpqvqQb8hY3wG2bDFQwA7qZGcZtsLjQtHHcEvPyT4QLuyezhdGoDLAv", "slot": 495674858, "fee": 15000, "units_consumed": 7110, "declared_cu": 1200000, "wire_bytes": 3888, "explorer": "https://explorer.solana.com/tx/34qBacj1ZW8kThxR8Jcqax5YgveTebzzvfpqvqQb8hY3wG2bDFQwA7qZGcZtsLjQtHHcEvPyT4QLuyezhdGoDLAv?cluster=devnet"}
{"name": "verifier-loader-batch-860400", "signature": "ETeCcYoHEBZ1bTJDnz3jbVUs86cpQNkzAWutyjYg3v8HNfZMjTqkKBjrnxexwxqS8jZnVj6fk7UvJb3dZhqTZ7U", "slot": 495674870, "fee": 15000, "units_consumed": 7110, "declared_cu": 1200000, "wire_bytes": 3888, "explorer": "https://explorer.solana.com/tx/ETeCcYoHEBZ1bTJDnz3jbVUs86cpQNkzAWutyjYg3v8HNfZMjTqkKBjrnxexwxqS8jZnVj6fk7UvJb3dZhqTZ7U?cluster=devnet"}
{"name": "verifier-loader-batch-864000", "signature": "4LYbQiDCzYnYSVLMdWVvfKhvW1HdGeJkvGVFu1rniiq1PYEK7WYMTTf7DL6PZwPLVf9m9bfrWkXHWM7Ymn1Rgw7v", "slot": 495674886, "fee": 15000, "units_consumed": 7110, "declared_cu": 1200000, "wire_bytes": 3888, "explorer": "https://explorer.solana.com/tx/4LYbQiDCzYnYSVLMdWVvfKhvW1HdGeJkvGVFu1rniiq1PYEK7WYMTTf7DL6PZwPLVf9m9bfrWkXHWM7Ymn1Rgw7v?cluster=devnet"}
{"name": "verifier-loader-batch-867600", "signature": "7tNkvFrsg1dMRkYCQask2AKdzwaGc7N8aetjRBFfwQMzcoq1udgCm7ohzsVQ7srCJKTM8ZFJyQS8qQqrrVowkLP", "slot": 495674878, "fee": 15000, "units_consumed": 7110, "declared_cu": 1200000, "wire_bytes": 3888, "explorer": "https://explorer.solana.com/tx/7tNkvFrsg1dMRkYCQask2AKdzwaGc7N8aetjRBFfwQMzcoq1udgCm7ohzsVQ7srCJKTM8ZFJyQS8qQqrrVowkLP?cluster=devnet"}
{"name": "verifier-loader-batch-871200", "signature": "3rV7b7FpN2TyAWsWGkruAtYUu3RpcVdmyqDHY7n3QHetSJY13SDx7d2yvjdsC2ZwNBkY2paUDDuPdNnStX8mXsvf", "slot": 495674893, "fee": 15000, "units_consumed": 7110, "declared_cu": 1200000, "wire_bytes": 3888, "explorer": "https://explorer.solana.com/tx/3rV7b7FpN2TyAWsWGkruAtYUu3RpcVdmyqDHY7n3QHetSJY13SDx7d2yvjdsC2ZwNBkY2paUDDuPdNnStX8mXsvf?cluster=devnet"}
{"name": "verifier-loader-batch-874800", "signature": "3rWAHDsNuakKhngyqA5kVAT662zikLeKBYgGRBwTkmt8wfVMghPemc6oU83xjRcjCxMWVzKRNHzDca4qs8aLTZgJ", "slot": 495674910, "fee": 15000, "units_consumed": 7110, "declared_cu": 1200000, "wire_bytes": 3888, "explorer": "https://explorer.solana.com/tx/3rWAHDsNuakKhngyqA5kVAT662zikLeKBYgGRBwTkmt8wfVMghPemc6oU83xjRcjCxMWVzKRNHzDca4qs8aLTZgJ?cluster=devnet"}
{"name": "verifier-loader-batch-878400", "signature": "4TC4619bPDAyFj67e4Y6DBgiuiWbft4v92LD1xXKneRBPqMSefLiBCEUiqdGhmQAoURFsUU53wjeX2a1XRUH1F1x", "slot": 495674903, "fee": 15000, "units_consumed": 7110, "declared_cu": 1200000, "wire_bytes": 3888, "explorer": "https://explorer.solana.com/tx/4TC4619bPDAyFj67e4Y6DBgiuiWbft4v92LD1xXKneRBPqMSefLiBCEUiqdGhmQAoURFsUU53wjeX2a1XRUH1F1x?cluster=devnet"}
{"name": "verifier-loader-batch-882000", "signature": "2ZpZz7vmjctZ9imhz5CUBJC9aAR2KwPFmex8scStz4t1oyCZeSmuE6TMc6rRcZK99FmgJcSv1Z4gctqcwG4yNXBV", "slot": 495674917, "fee": 15000, "units_consumed": 7110, "declared_cu": 1200000, "wire_bytes": 3888, "explorer": "https://explorer.solana.com/tx/2ZpZz7vmjctZ9imhz5CUBJC9aAR2KwPFmex8scStz4t1oyCZeSmuE6TMc6rRcZK99FmgJcSv1Z4gctqcwG4yNXBV?cluster=devnet"}
{"name": "verifier-loader-batch-885600", "signature": "2ewqGanoQH12jHPhBdSibmaRPYq7JcnPhvEnFfnTFyqfXMp1TqqvaQWSTumaEFV1awNHUWTp4sNAGxPbQTQcb8UA", "slot": 495674920, "fee": 15000, "units_consumed": 7110, "declared_cu": 1200000, "wire_bytes": 3888, "explorer": "https://explorer.solana.com/tx/2ewqGanoQH12jHPhBdSibmaRPYq7JcnPhvEnFfnTFyqfXMp1TqqvaQWSTumaEFV1awNHUWTp4sNAGxPbQTQcb8UA?cluster=devnet"}
{"name": "verifier-loader-batch-889200", "signature": "Ehc6fi9CaYXVwo59UwhfoAD91U3mSSXR62UTTLUCfUg5SFZwHgWqygxYcH1BBkLH2JxaB3nzbvePm6LTGN14a5c", "slot": 495674932, "fee": 15000, "units_consumed": 7110, "declared_cu": 1200000, "wire_bytes": 3888, "explorer": "https://explorer.solana.com/tx/Ehc6fi9CaYXVwo59UwhfoAD91U3mSSXR62UTTLUCfUg5SFZwHgWqygxYcH1BBkLH2JxaB3nzbvePm6LTGN14a5c?cluster=devnet"}
{"name": "verifier-loader-batch-896400", "signature": "4dNWxHadkGTwQAbgjzzQhuz7W2zLBSJ5n14a2WgarooTXjLGZMMm6voP721csFjxBqAkvj3xPa1cQq734MCC2gKz", "slot": 495674944, "fee": 15000, "units_consumed": 7110, "declared_cu": 1200000, "wire_bytes": 3888, "explorer": "https://explorer.solana.com/tx/4dNWxHadkGTwQAbgjzzQhuz7W2zLBSJ5n14a2WgarooTXjLGZMMm6voP721csFjxBqAkvj3xPa1cQq734MCC2gKz?cluster=devnet"}
{"name": "verifier-loader-batch-892800", "signature": "2zSGNjZABchfVKdj1zF4n7mSVE7iapo1ZqTo8NPwsyaE9i7qJjTt11CrLaHjDhV8a4opYNPdVW5WGqtQBwufiEib", "slot": 495674932, "fee": 15000, "units_consumed": 7110, "declared_cu": 1200000, "wire_bytes": 3888, "explorer": "https://explorer.solana.com/tx/2zSGNjZABchfVKdj1zF4n7mSVE7iapo1ZqTo8NPwsyaE9i7qJjTt11CrLaHjDhV8a4opYNPdVW5WGqtQBwufiEib?cluster=devnet"}
{"name": "verifier-loader-batch-900000", "signature": "5WruqHJxgFrQfVB83PbZa1jnB6yCLPdDNV4RmzUUmHnUNPqLWk9duKKJQZjewmtCGHawwxT2FoofdsGwxZrL1vKw", "slot": 495674946, "fee": 15000, "units_consumed": 7110, "declared_cu": 1200000, "wire_bytes": 3888, "explorer": "https://explorer.solana.com/tx/5WruqHJxgFrQfVB83PbZa1jnB6yCLPdDNV4RmzUUmHnUNPqLWk9duKKJQZjewmtCGHawwxT2FoofdsGwxZrL1vKw?cluster=devnet"}
{"name": "verifier-loader-batch-907200", "signature": "5TmhyVDnBjm5nEfLWzknc4kNXwm5PP1Gt8gXZ3CFydw7wY3PLFLjhu6UUijoU9NXQa8tWDoPeYzvnvHcfa5ddrsn", "slot": 495674958, "fee": 15000, "units_consumed": 7110, "declared_cu": 1200000, "wire_bytes": 3888, "explorer": "https://explorer.solana.com/tx/5TmhyVDnBjm5nEfLWzknc4kNXwm5PP1Gt8gXZ3CFydw7wY3PLFLjhu6UUijoU9NXQa8tWDoPeYzvnvHcfa5ddrsn?cluster=devnet"}
{"name": "verifier-loader-batch-903600", "signature": "4iL2wUcfgsTLXBHYbHk234AFoiFS37HDBe2MK7TJ3f1tBRHm1Q1sLxrG8eu7Q9n5R5TZNKq6GXgz1BPTka75HAj8", "slot": 495674961, "fee": 15000, "units_consumed": 7110, "declared_cu": 1200000, "wire_bytes": 3888, "explorer": "https://explorer.solana.com/tx/4iL2wUcfgsTLXBHYbHk234AFoiFS37HDBe2MK7TJ3f1tBRHm1Q1sLxrG8eu7Q9n5R5TZNKq6GXgz1BPTka75HAj8?cluster=devnet"}
{"name": "verifier-loader-batch-914400", "signature": "3dPowMGMPzgTLXrViJVqwStVU57ZUZE5FC853wRq63sD2smhMvTDhAsBepZLTenx9JytDcjAKuYxMZccE9QD9kYW", "slot": 495674973, "fee": 15000, "units_consumed": 7110, "declared_cu": 1200000, "wire_bytes": 3888, "explorer": "https://explorer.solana.com/tx/3dPowMGMPzgTLXrViJVqwStVU57ZUZE5FC853wRq63sD2smhMvTDhAsBepZLTenx9JytDcjAKuYxMZccE9QD9kYW?cluster=devnet"}
{"name": "verifier-loader-batch-910800", "signature": "3d6GgU1Ut1q53pfPZZqi3Ww4pJMRha1VtB1AXFTTyrrBvJGP5Z1FTGefanUXcGhcG9jZnmAZcE9sWdcWn6AZPTRT", "slot": 495674970, "fee": 15000, "units_consumed": 7110, "declared_cu": 1200000, "wire_bytes": 3888, "explorer": "https://explorer.solana.com/tx/3d6GgU1Ut1q53pfPZZqi3Ww4pJMRha1VtB1AXFTTyrrBvJGP5Z1FTGefanUXcGhcG9jZnmAZcE9sWdcWn6AZPTRT?cluster=devnet"}
{"name": "verifier-loader-batch-918000", "signature": "4TUg9SbLPKZP2mTtDPZCzYjNStkZwWfMCa632Tj5GPcTWwzQvNXutghs8KoftdEAL8nc23bLMZDUFYJhE8um4kTW", "slot": 495674987, "fee": 15000, "units_consumed": 7110, "declared_cu": 1200000, "wire_bytes": 3888, "explorer": "https://explorer.solana.com/tx/4TUg9SbLPKZP2mTtDPZCzYjNStkZwWfMCa632Tj5GPcTWwzQvNXutghs8KoftdEAL8nc23bLMZDUFYJhE8um4kTW?cluster=devnet"}
{"name": "verifier-loader-batch-921600", "signature": "GkJ9cokxew7SQzjNDxEmA1yWFfrBZht3hnD4LHgag4BX4S5TWmjXND51LPEP6HscsHHBcjgnrMaZx1pUwMYXo2w", "slot": 495674985, "fee": 15000, "units_consumed": 7110, "declared_cu": 1200000, "wire_bytes": 3888, "explorer": "https://explorer.solana.com/tx/GkJ9cokxew7SQzjNDxEmA1yWFfrBZht3hnD4LHgag4BX4S5TWmjXND51LPEP6HscsHHBcjgnrMaZx1pUwMYXo2w?cluster=devnet"}
{"name": "verifier-loader-batch-925200", "signature": "5dLoDy3CVP9sJzP8Pb6Zae5K93R95PaoTLvfUtcCsSiR66LWVvXEiDPZCqNnuA2JTfR89EuFn3o5vhmPJZQp2ADN", "slot": 495674994, "fee": 15000, "units_consumed": 7110, "declared_cu": 1200000, "wire_bytes": 3888, "explorer": "https://explorer.solana.com/tx/5dLoDy3CVP9sJzP8Pb6Zae5K93R95PaoTLvfUtcCsSiR66LWVvXEiDPZCqNnuA2JTfR89EuFn3o5vhmPJZQp2ADN?cluster=devnet"}
{"name": "verifier-loader-batch-928800", "signature": "34SxFUePgRaF9a8iC5Mfw31JabK4BcyGDqFZdn4JYVwu6SRQ6LzMa6stuQF1LaxmPAqpjQKCiNzXyQZ2nbPPE7gv", "slot": 495675004, "fee": 15000, "units_consumed": 7110, "declared_cu": 1200000, "wire_bytes": 3888, "explorer": "https://explorer.solana.com/tx/34SxFUePgRaF9a8iC5Mfw31JabK4BcyGDqFZdn4JYVwu6SRQ6LzMa6stuQF1LaxmPAqpjQKCiNzXyQZ2nbPPE7gv?cluster=devnet"}
{"name": "verifier-loader-batch-932400", "signature": "5mHtKfykiyR7EH2Ahra2oKuHNofypZRUKQEDAHFS5sVKUqbZZ5QN4xxCDBADrJekrBtFZd934QDjB2wRPRMa9P8", "slot": 495675016, "fee": 15000, "units_consumed": 7110, "declared_cu": 1200000, "wire_bytes": 3888, "explorer": "https://explorer.solana.com/tx/5mHtKfykiyR7EH2Ahra2oKuHNofypZRUKQEDAHFS5sVKUqbZZ5QN4xxCDBADrJekrBtFZd934QDjB2wRPRMa9P8?cluster=devnet"}
{"name": "verifier-loader-batch-936000", "signature": "4cHBRpooRBCv9SWpxDKhF4g5dgT2DcSaA5JsV2tytUbgvsVX3qdmzKnZfht6u7JiuGPkRYbq2sU5Nc8GPZYqakZr", "slot": 495675023, "fee": 15000, "units_consumed": 7110, "declared_cu": 1200000, "wire_bytes": 3888, "explorer": "https://explorer.solana.com/tx/4cHBRpooRBCv9SWpxDKhF4g5dgT2DcSaA5JsV2tytUbgvsVX3qdmzKnZfht6u7JiuGPkRYbq2sU5Nc8GPZYqakZr?cluster=devnet"}
{"name": "verifier-loader-batch-7200", "signature": "5FanJ7ddBJ3oCP6QxNBjr5aNBVitDsXFxAxPr2WCkk2QMvqav93e2sPENEqmVYtYcfTwMDvZbmE9ijXkxyRTmgxU", "slot": 495671543, "fee": 15000, "units_consumed": 7110, "declared_cu": 1200000, "wire_bytes": 3888, "explorer": "https://explorer.solana.com/tx/5FanJ7ddBJ3oCP6QxNBjr5aNBVitDsXFxAxPr2WCkk2QMvqav93e2sPENEqmVYtYcfTwMDvZbmE9ijXkxyRTmgxU?cluster=devnet"}
{"name": "verifier-loader-batch-3600", "signature": "4Mddq7cqkYuh5PP3wURskjTWEn2jCkaVTKgY3Mc87kGUNSpHJgv9PFc1Ewq2SCC9yEdF5Lpnym5S1MKkWYEZotwL", "slot": 495671536, "fee": 15000, "units_consumed": 7110, "declared_cu": 1200000, "wire_bytes": 3888, "explorer": "https://explorer.solana.com/tx/4Mddq7cqkYuh5PP3wURskjTWEn2jCkaVTKgY3Mc87kGUNSpHJgv9PFc1Ewq2SCC9yEdF5Lpnym5S1MKkWYEZotwL?cluster=devnet"}
{"name": "verifier-loader-batch-14400", "signature": "5vF6U5hjRWKUgfDSH6t3aPXrTStFWpmFN3miPgZp19CEdEnZaqQRx9QXTqNyNC4S5R2ceAVba28nDcJiqaFXzmPT", "slot": 495671552, "fee": 15000, "units_consumed": 7110, "declared_cu": 1200000, "wire_bytes": 3888, "explorer": "https://explorer.solana.com/tx/5vF6U5hjRWKUgfDSH6t3aPXrTStFWpmFN3miPgZp19CEdEnZaqQRx9QXTqNyNC4S5R2ceAVba28nDcJiqaFXzmPT?cluster=devnet"}
{"name": "verifier-loader-batch-939600", "signature": "4uZsu8CcY8brTEQoN9Px8r93pdsBsNYuSzi3ZbtYzNmcciCuUJEfDr2yAEdXskvVxnXwbviMrMRpJ8w4raQBv2bi", "slot": 495675032, "fee": 15000, "units_consumed": 4740, "declared_cu": 1200000, "wire_bytes": 2338, "explorer": "https://explorer.solana.com/tx/4uZsu8CcY8brTEQoN9Px8r93pdsBsNYuSzi3ZbtYzNmcciCuUJEfDr2yAEdXskvVxnXwbviMrMRpJ8w4raQBv2bi?cluster=devnet"}
{"name": "verifier-loader-batch-28800", "signature": "26fpRud6A5n61ZxvYGTCNXhmqZ3iTrqm8BD1ZHxiUdpmg2jQzy6j9zx2afuu88hiAq5kqDYTq5vD2cNAhRzmzfiP", "slot": 495671571, "fee": 15000, "units_consumed": 7110, "declared_cu": 1200000, "wire_bytes": 3888, "explorer": "https://explorer.solana.com/tx/26fpRud6A5n61ZxvYGTCNXhmqZ3iTrqm8BD1ZHxiUdpmg2jQzy6j9zx2afuu88hiAq5kqDYTq5vD2cNAhRzmzfiP?cluster=devnet"}
{"name": "verifier-loader-batch-36000", "signature": "CiM6VpqKFhh4KxurG6xGsKiwnzu4jHHhMjVspHFR1qLRi1JAy2MWqqVnNQ9Ra3Lp2BJYbbf56NcpFmLtBo93PsF", "slot": 495671584, "fee": 15000, "units_consumed": 7110, "declared_cu": 1200000, "wire_bytes": 3888, "explorer": "https://explorer.solana.com/tx/CiM6VpqKFhh4KxurG6xGsKiwnzu4jHHhMjVspHFR1qLRi1JAy2MWqqVnNQ9Ra3Lp2BJYbbf56NcpFmLtBo93PsF?cluster=devnet"}
{"name": "verifier-loader-batch-32400", "signature": "3rtqL15Dtz7JxZ4wmrNdAPE879E9HJm4fCb1VffAJ9n7YFa8LmkRJ5AhxAJ2CBWLiM7PNfP7Qn6v9hFZo8sjhBbB", "slot": 495671576, "fee": 15000, "units_consumed": 7110, "declared_cu": 1200000, "wire_bytes": 3888, "explorer": "https://explorer.solana.com/tx/3rtqL15Dtz7JxZ4wmrNdAPE879E9HJm4fCb1VffAJ9n7YFa8LmkRJ5AhxAJ2CBWLiM7PNfP7Qn6v9hFZo8sjhBbB?cluster=devnet"}
{"name": "verifier-loader-batch-0", "signature": "3GxJce9KnRpr3mjNkrzaj2AWP24FXqKc6ihCcygVyytE1ifhsXuveF5waPuWH39n6bqwotSfwWJKGp9xXJZ6PgCA", "slot": 495671529, "fee": 15000, "units_consumed": 7110, "declared_cu": 1200000, "wire_bytes": 3888, "explorer": "https://explorer.solana.com/tx/3GxJce9KnRpr3mjNkrzaj2AWP24FXqKc6ihCcygVyytE1ifhsXuveF5waPuWH39n6bqwotSfwWJKGp9xXJZ6PgCA?cluster=devnet"}
{"name": "verifier-loader-batch-18000", "signature": "5PAgWnhgXs8YbaQxsWPMQ9wSZLnoPmye6iYzNJcBJiLahofp8ykLksnA21WpC4w9fm7KEtkXtZ1crejC3pXWMCgw", "slot": 495671554, "fee": 15000, "units_consumed": 7110, "declared_cu": 1200000, "wire_bytes": 3888, "explorer": "https://explorer.solana.com/tx/5PAgWnhgXs8YbaQxsWPMQ9wSZLnoPmye6iYzNJcBJiLahofp8ykLksnA21WpC4w9fm7KEtkXtZ1crejC3pXWMCgw?cluster=devnet"}
{"name": "verifier-loader-batch-25200", "signature": "4FScURfXQXPfQ91RCcs1gRREdaZ5AAKMA9mhDNdmKF3QedLaNayKBap38bPCJjh9mzCrnaDah1rE7zWF82gWX45F", "slot": 495671560, "fee": 15000, "units_consumed": 7110, "declared_cu": 1200000, "wire_bytes": 3888, "explorer": "https://explorer.solana.com/tx/4FScURfXQXPfQ91RCcs1gRREdaZ5AAKMA9mhDNdmKF3QedLaNayKBap38bPCJjh9mzCrnaDah1rE7zWF82gWX45F?cluster=devnet"}
{"name": "verifier-loader-batch-10800", "signature": "mYLjb38cUyYWuJLaDJYkvNFF759yPKzJ7H7bQwXZH849tAPaXoMMcA1jWgmphxHQtLyajRvTw9Cv43VbXDmiNJE", "slot": 495671545, "fee": 15000, "units_consumed": 7110, "declared_cu": 1200000, "wire_bytes": 3888, "explorer": "https://explorer.solana.com/tx/mYLjb38cUyYWuJLaDJYkvNFF759yPKzJ7H7bQwXZH849tAPaXoMMcA1jWgmphxHQtLyajRvTw9Cv43VbXDmiNJE?cluster=devnet"}
Finalized buffer matches exact ELF
