{"name": "verifier-loader-batch-18000", "simulation_error": null, "units": 7110, "bytes": 3888}
{"name": "verifier-loader-batch-22800", "simulation_error": null, "units": 7110, "bytes": 3888}
{"name": "verifier-loader-batch-26400", "simulation_error": null, "units": 7110, "bytes": 3888}
{"name": "verifier-loader-batch-30000", "simulation_error": null, "units": 7110, "bytes": 3888}
{"name": "verifier-loader-batch-33600", "simulation_error": null, "units": 7110, "bytes": 3888}
{"name": "verifier-loader-batch-37200", "simulation_error": null, "units": 7110, "bytes": 3888}
{"name": "verifier-loader-batch-40800", "simulation_error": null, "units": 7110, "bytes": 3888}
{"name": "verifier-loader-batch-44400", "simulation_error": null, "units": 7110, "bytes": 3888}
{"name": "verifier-loader-batch-50400", "simulation_error": null, "units": 7110, "bytes": 3888}
{"name": "verifier-loader-batch-54000", "simulation_error": null, "units": 7110, "bytes": 3888}
{"name": "verifier-loader-batch-57600", "simulation_error": null, "units": 7110, "bytes": 3888}
{"name": "verifier-loader-batch-61200", "simulation_error": null, "units": 7110, "bytes": 3888}
{"name": "verifier-loader-batch-64800", "simulation_error": null, "units": 7110, "bytes": 3888}
{"name": "verifier-loader-batch-68400", "simulation_error": null, "units": 7110, "bytes": 3888}
{"name": "verifier-loader-batch-72000", "simulation_error": null, "units": 7110, "bytes": 3888}
{"name": "verifier-loader-batch-75600", "simulation_error": null, "units": 7110, "bytes": 3888}
{"name": "verifier-loader-batch-79200", "simulation_error": null, "units": 7110, "bytes": 3888}
{"name": "verifier-loader-batch-82800", "simulation_error": null, "units": 7110, "bytes": 3888}
{"name": "verifier-loader-batch-86400", "simulation_error": null, "units": 7110, "bytes": 3888}
{"name": "verifier-loader-batch-90000", "simulation_error": null, "units": 7110, "bytes": 3888}
{"name": "verifier-loader-batch-93600", "simulation_error": null, "units": 7110, "bytes": 3888}
{"name": "verifier-loader-batch-97200", "simulation_error": null, "units": 7110, "bytes": 3888}
{"name": "verifier-loader-batch-100800", "simulation_error": null, "units": 7110, "bytes": 3888}
{"name": "verifier-loader-batch-104400", "simulation_error": null, "units": 7110, "bytes": 3888}
{"name": "verifier-loader-batch-108000", "simulation_error": null, "units": 7110, "bytes": 3888}
{"name": "verifier-loader-batch-111600", "simulation_error": null, "units": 7110, "bytes": 3888}
{"name": "verifier-loader-batch-115200", "simulation_error": null, "units": 7110, "bytes": 3888}
{"name": "verifier-loader-batch-118800", "simulation_error": null, "units": 7110, "bytes": 3888}
{"name": "verifier-loader-batch-122400", "simulation_error": null, "units": 7110, "bytes": 3888}
{"name": "verifier-loader-batch-126000", "simulation_error": null, "units": 7110, "bytes": 3888}
{"name": "verifier-loader-batch-129600", "simulation_error": null, "units": 7110, "bytes": 3888}
{"name": "verifier-loader-batch-133200", "simulation_error": null, "units": 7110, "bytes": 3888}
{"name": "verifier-loader-batch-136800", "simulation_error": null, "units": 7110, "bytes": 3888}
{"name": "verifier-loader-batch-140400", "simulation_error": null, "units": 7110, "bytes": 3888}
{"name": "verifier-loader-batch-144000", "simulation_error": null, "units": 7110, "bytes": 3888}
{"name": "verifier-loader-batch-147600", "simulation_error": null, "units": 7110, "bytes": 3888}
{"name": "verifier-loader-batch-151200", "simulation_error": null, "units": 7110, "bytes": 3888}
{"name": "verifier-loader-batch-154800", "simulation_error": null, "units": 7110, "bytes": 3888}
{"name": "verifier-loader-batch-158400", "simulation_error": null, "units": 7110, "bytes": 3888}
{"name": "verifier-loader-batch-162000", "simulation_error": null, "units": 7110, "bytes": 3888}
{"name": "verifier-loader-batch-165600", "simulation_error": null, "units": 7110, "bytes": 3888}
{"name": "verifier-loader-batch-169200", "simulation_error": null, "units": 7110, "bytes": 3888}
{"name": "verifier-loader-batch-172800", "simulation_error": null, "units": 7110, "bytes": 3888}
{"name": "verifier-loader-batch-176400", "simulation_error": null, "units": 7110, "bytes": 3888}
{"name": "verifier-loader-batch-180000", "simulation_error": null, "units": 7110, "bytes": 3888}
{"name": "verifier-loader-batch-183600", "simulation_error": null, "units": 7110, "bytes": 3888}
{"name": "verifier-loader-batch-187200", "simulation_error": null, "units": 7110, "bytes": 3888}
{"name": "verifier-loader-batch-190800", "simulation_error": null, "units": 7110, "bytes": 3888}
{"name": "verifier-loader-batch-194400", "simulation_error": null, "units": 7110, "bytes": 3888}
{"name": "verifier-loader-batch-198000", "simulation_error": null, "units": 7110, "bytes": 3888}
{"name": "verifier-loader-batch-201600", "simulation_error": null, "units": 7110, "bytes": 3888}
{"name": "verifier-loader-batch-205200", "simulation_error": null, "units": 7110, "bytes": 3888}
{"name": "verifier-loader-batch-208800", "simulation_error": null, "units": 7110, "bytes": 3888}
{"name": "verifier-loader-batch-212400", "simulation_error": null, "units": 7110, "bytes": 3888}
{"name": "verifier-loader-batch-216000", "simulation_error": null, "units": 7110, "bytes": 3888}
{"name": "verifier-loader-batch-219600", "simulation_error": null, "units": 7110, "bytes": 3888}
{"name": "verifier-loader-batch-223200", "simulation_error": null, "units": 7110, "bytes": 3888}
{"name": "verifier-loader-batch-226800", "simulation_error": null, "units": 7110, "bytes": 3888}
{"name": "verifier-loader-batch-230400", "simulation_error": null, "units": 7110, "bytes": 3888}
{"name": "verifier-loader-batch-234000", "simulation_error": null, "units": 7110, "bytes": 3888}
{"name": "verifier-loader-batch-237600", "simulation_error": null, "units": 7110, "bytes": 3888}
{"name": "verifier-loader-batch-241200", "simulation_error": null, "units": 7110, "bytes": 3888}
{"name": "verifier-loader-batch-244800", "simulation_error": null, "units": 7110, "bytes": 3888}
{"name": "verifier-loader-batch-248400", "simulation_error": null, "units": 7110, "bytes": 3888}
{"name": "verifier-loader-batch-252000", "simulation_error": null, "units": 7110, "bytes": 3888}
{"name": "verifier-loader-batch-255600", "simulation_error": null, "units": 7110, "bytes": 3888}
{"name": "verifier-loader-batch-259200", "simulation_error": null, "units": 7110, "bytes": 3888}
{"name": "verifier-loader-batch-262800", "simulation_error": null, "units": 7110, "bytes": 3888}
{"name": "verifier-loader-batch-266400", "simulation_error": null, "units": 7110, "bytes": 3888}
{"name": "verifier-loader-batch-270000", "simulation_error": null, "units": 7110, "bytes": 3888}
{"name": "verifier-loader-batch-273600", "simulation_error": null, "units": 7110, "bytes": 3888}
{"name": "verifier-loader-batch-277200", "simulation_error": null, "units": 7110, "bytes": 3888}
{"name": "verifier-loader-batch-280800", "simulation_error": null, "units": 7110, "bytes": 3888}
{"name": "verifier-loader-batch-284400", "simulation_error": null, "units": 7110, "bytes": 3888}
{"name": "verifier-loader-batch-288000", "simulation_error": null, "units": 7110, "bytes": 3888}
{"name": "verifier-loader-batch-291600", "simulation_error": null, "units": 7110, "bytes": 3888}
{"name": "verifier-loader-batch-295200", "simulation_error": null, "units": 7110, "bytes": 3888}
{"name": "verifier-loader-batch-300000", "simulation_error": null, "units": 7110, "bytes": 3888}
{"name": "verifier-loader-batch-303600", "simulation_error": null, "units": 7110, "bytes": 3888}
{"name": "verifier-loader-batch-307200", "simulation_error": null, "units": 7110, "bytes": 3888}
{"name": "verifier-loader-batch-310800", "simulation_error": null, "units": 7110, "bytes": 3888}
{"name": "verifier-loader-batch-314400", "simulation_error": null, "units": 7110, "bytes": 3888}
{"name": "verifier-loader-batch-318000", "simulation_error": null, "units": 7110, "bytes": 3888}
{"name": "verifier-loader-batch-321600", "simulation_error": null, "units": 7110, "bytes": 3888}
{"name": "verifier-loader-batch-325200", "simulation_error": null, "units": 7110, "bytes": 3888}
{"name": "verifier-loader-batch-328800", "simulation_error": null, "units": 7110, "bytes": 3888}
{"name": "verifier-loader-batch-332400", "simulation_error": null, "units": 7110, "bytes": 3888}
{"name": "verifier-loader-batch-336000", "simulation_error": null, "units": 7110, "bytes": 3888}
{"name": "verifier-loader-batch-339600", "simulation_error": null, "units": 7110, "bytes": 3888}
{"name": "verifier-loader-batch-343200", "simulation_error": null, "units": 7110, "bytes": 3888}
{"name": "verifier-loader-batch-346800", "simulation_error": null, "units": 7110, "bytes": 3888}
{"name": "verifier-loader-batch-350400", "simulation_error": null, "units": 7110, "bytes": 3888}
{"name": "verifier-loader-batch-354000", "simulation_error": null, "units": 7110, "bytes": 3888}
{"name": "verifier-loader-batch-357600", "simulation_error": null, "units": 7110, "bytes": 3888}
{"name": "verifier-loader-batch-361200", "simulation_error": null, "units": 7110, "bytes": 3888}
{"name": "verifier-loader-batch-364800", "simulation_error": null, "units": 7110, "bytes": 3888}
{"name": "verifier-loader-batch-368400", "simulation_error": null, "units": 7110, "bytes": 3888}
{"name": "verifier-loader-batch-372000", "simulation_error": null, "units": 7110, "bytes": 3888}
{"name": "verifier-loader-batch-375600", "simulation_error": null, "units": 7110, "bytes": 3888}
{"name": "verifier-loader-batch-379200", "simulation_error": null, "units": 7110, "bytes": 3888}
{"name": "verifier-loader-batch-382800", "simulation_error": null, "units": 7110, "bytes": 3888}
{"name": "verifier-loader-batch-386400", "simulation_error": null, "units": 7110, "bytes": 3888}
{"name": "verifier-loader-batch-390000", "simulation_error": null, "units": 7110, "bytes": 3888}
{"name": "verifier-loader-batch-393600", "simulation_error": null, "units": 7110, "bytes": 3888}
{"name": "verifier-loader-batch-397200", "simulation_error": null, "units": 7110, "bytes": 3888}
{"name": "verifier-loader-batch-400800", "simulation_error": null, "units": 7110, "bytes": 3888}
{"name": "verifier-loader-batch-404400", "simulation_error": null, "units": 7110, "bytes": 3888}
{"name": "verifier-loader-batch-408000", "simulation_error": null, "units": 7110, "bytes": 3888}
{"name": "verifier-loader-batch-411600", "simulation_error": null, "units": 7110, "bytes": 3888}
{"name": "verifier-loader-batch-415200", "simulation_error": null, "units": 7110, "bytes": 3888}
{"name": "verifier-loader-batch-418800", "simulation_error": null, "units": 7110, "bytes": 3888}
{"name": "verifier-loader-batch-422400", "simulation_error": null, "units": 7110, "bytes": 3888}
{"name": "verifier-loader-batch-426000", "simulation_error": null, "units": 7110, "bytes": 3888}
{"name": "verifier-loader-batch-429600", "simulation_error": null, "units": 7110, "bytes": 3888}
{"name": "verifier-loader-batch-433200", "simulation_error": null, "units": 7110, "bytes": 3888}
{"name": "verifier-loader-batch-436800", "simulation_error": null, "units": 7110, "bytes": 3888}
{"name": "verifier-loader-batch-440400", "simulation_error": null, "units": 7110, "bytes": 3888}
{"name": "verifier-loader-batch-444000", "simulation_error": null, "units": 7110, "bytes": 3888}
{"name": "verifier-loader-batch-447600", "simulation_error": null, "units": 7110, "bytes": 3888}
{"name": "verifier-loader-batch-451200", "simulation_error": null, "units": 7110, "bytes": 3888}
{"name": "verifier-loader-batch-454800", "simulation_error": null, "units": 7110, "bytes": 3888}
{"name": "verifier-loader-batch-458400", "simulation_error": null, "units": 7110, "bytes": 3888}
{"name": "verifier-loader-batch-462000", "simulation_error": null, "units": 7110, "bytes": 3888}
{"name": "verifier-loader-batch-465600", "simulation_error": null, "units": 7110, "bytes": 3888}
{"name": "verifier-loader-batch-469200", "simulation_error": null, "units": 7110, "bytes": 3888}
{"name": "verifier-loader-batch-472800", "simulation_error": null, "units": 7110, "bytes": 3888}
{"name": "verifier-loader-batch-476400", "simulation_error": null, "units": 7110, "bytes": 3888}
{"name": "verifier-loader-batch-480000", "simulation_error": null, "units": 7110, "bytes": 3888}
{"name": "verifier-loader-batch-483600", "simulation_error": null, "units": 7110, "bytes": 3888}
{"name": "verifier-loader-batch-487200", "simulation_error": null, "units": 7110, "bytes": 3888}
{"name": "verifier-loader-batch-490800", "simulation_error": null, "units": 7110, "bytes": 3888}
{"name": "verifier-loader-batch-494400", "simulation_error": null, "units": 7110, "bytes": 3888}
{"name": "verifier-loader-batch-498000", "simulation_error": null, "units": 7110, "bytes": 3888}
{"name": "verifier-loader-batch-501600", "simulation_error": null, "units": 7110, "bytes": 3888}
{"name": "verifier-loader-batch-505200", "simulation_error": null, "units": 7110, "bytes": 3888}
{"name": "verifier-loader-batch-508800", "simulation_error": null, "units": 7110, "bytes": 3888}
{"name": "verifier-loader-batch-512400", "simulation_error": null, "units": 7110, "bytes": 3888}
{"name": "verifier-loader-batch-516000", "simulation_error": null, "units": 7110, "bytes": 3888}
{"name": "verifier-loader-batch-519600", "simulation_error": null, "units": 7110, "bytes": 3888}
{"name": "verifier-loader-batch-523200", "simulation_error": null, "units": 7110, "bytes": 3888}
{"name": "verifier-loader-batch-526800", "simulation_error": null, "units": 7110, "bytes": 3888}
{"name": "verifier-loader-batch-530400", "simulation_error": null, "units": 7110, "bytes": 3888}
{"name": "verifier-loader-batch-534000", "simulation_error": null, "units": 7110, "bytes": 3888}
{"name": "verifier-loader-batch-537600", "simulation_error": null, "units": 7110, "bytes": 3888}
{"name": "verifier-loader-batch-541200", "simulation_error": null, "units": 7110, "bytes": 3888}
{"name": "verifier-loader-batch-544800", "simulation_error": null, "units": 7110, "bytes": 3888}
{"name": "verifier-loader-batch-548400", "simulation_error": null, "units": 7110, "bytes": 3888}
{"name": "verifier-loader-batch-552000", "simulation_error": null, "units": 7110, "bytes": 3888}
{"name": "verifier-loader-batch-555600", "simulation_error": null, "units": 7110, "bytes": 3888}
{"name": "verifier-loader-batch-559200", "simulation_error": null, "units": 7110, "bytes": 3888}
{"name": "verifier-loader-batch-562800", "simulation_error": null, "units": 7110, "bytes": 3888}
{"name": "verifier-loader-batch-566400", "simulation_error": null, "units": 7110, "bytes": 3888}
{"name": "verifier-loader-batch-570000", "simulation_error": null, "units": 7110, "bytes": 3888}
{"name": "verifier-loader-batch-573600", "simulation_error": null, "units": 7110, "bytes": 3888}
{"name": "verifier-loader-batch-577200", "simulation_error": null, "units": 7110, "bytes": 3888}
{"name": "verifier-loader-batch-580800", "simulation_error": null, "units": 7110, "bytes": 3888}
{"name": "verifier-loader-batch-584400", "simulation_error": null, "units": 7110, "bytes": 3888}
{"name": "verifier-loader-batch-588000", "simulation_error": null, "units": 7110, "bytes": 3888}
{"name": "verifier-loader-batch-591600", "simulation_error": null, "units": 7110, "bytes": 3888}
{"name": "verifier-loader-batch-595200", "simulation_error": null, "units": 7110, "bytes": 3888}
{"name": "verifier-loader-batch-598800", "simulation_error": null, "units": 7110, "bytes": 3888}
{"name": "verifier-loader-batch-602400", "simulation_error": null, "units": 7110, "bytes": 3888}
{"name": "verifier-loader-batch-606000", "simulation_error": null, "units": 7110, "bytes": 3888}
{"name": "verifier-loader-batch-609600", "simulation_error": null, "units": 7110, "bytes": 3888}
{"name": "verifier-loader-batch-613200", "simulation_error": null, "units": 7110, "bytes": 3888}
{"name": "verifier-loader-batch-616800", "simulation_error": null, "units": 7110, "bytes": 3888}
{"name": "verifier-loader-batch-620400", "simulation_error": null, "units": 7110, "bytes": 3888}
{"name": "verifier-loader-batch-624000", "simulation_error": null, "units": 7110, "bytes": 3888}
{"name": "verifier-loader-batch-627600", "simulation_error": null, "units": 7110, "bytes": 3888}
{"name": "verifier-loader-batch-631200", "simulation_error": null, "units": 7110, "bytes": 3888}
{"name": "verifier-loader-batch-634800", "simulation_error": null, "units": 7110, "bytes": 3888}
{"name": "verifier-loader-batch-638400", "simulation_error": null, "units": 7110, "bytes": 3888}
{"name": "verifier-loader-batch-642000", "simulation_error": null, "units": 7110, "bytes": 3888}
{"name": "verifier-loader-batch-645600", "simulation_error": null, "units": 7110, "bytes": 3888}
{"name": "verifier-loader-batch-649200", "simulation_error": null, "units": 7110, "bytes": 3888}
{"name": "verifier-loader-batch-652800", "simulation_error": null, "units": 7110, "bytes": 3888}
{"name": "verifier-loader-batch-656400", "simulation_error": null, "units": 7110, "bytes": 3888}
{"name": "verifier-loader-batch-660000", "simulation_error": null, "units": 7110, "bytes": 3888}
{"name": "verifier-loader-batch-663600", "simulation_error": null, "units": 7110, "bytes": 3888}
{"name": "verifier-loader-batch-667200", "simulation_error": null, "units": 7110, "bytes": 3888}
{"name": "verifier-loader-batch-670800", "simulation_error": null, "units": 7110, "bytes": 3888}
{"name": "verifier-loader-batch-674400", "simulation_error": null, "units": 7110, "bytes": 3888}
{"name": "verifier-loader-batch-678000", "simulation_error": null, "units": 7110, "bytes": 3888}
{"name": "verifier-loader-batch-681600", "simulation_error": null, "units": 7110, "bytes": 3888}
{"name": "verifier-loader-batch-685200", "simulation_error": null, "units": 7110, "bytes": 3888}
{"name": "verifier-loader-batch-688800", "simulation_error": null, "units": 7110, "bytes": 3888}
{"name": "verifier-loader-batch-692400", "simulation_error": null, "units": 7110, "bytes": 3888}
{"name": "verifier-loader-batch-696000", "simulation_error": null, "units": 7110, "bytes": 3888}
{"name": "verifier-loader-batch-699600", "simulation_error": null, "units": 7110, "bytes": 3888}
{"name": "verifier-loader-batch-703200", "simulation_error": null, "units": 7110, "bytes": 3888}
{"name": "verifier-loader-batch-706800", "simulation_error": null, "units": 7110, "bytes": 3888}
{"name": "verifier-loader-batch-710400", "simulation_error": null, "units": 7110, "bytes": 3888}
{"name": "verifier-loader-batch-714000", "simulation_error": null, "units": 7110, "bytes": 3888}
{"name": "verifier-loader-batch-717600", "simulation_error": null, "units": 7110, "bytes": 3888}
{"name": "verifier-loader-batch-721200", "simulation_error": null, "units": 7110, "bytes": 3888}
{"name": "verifier-loader-batch-724800", "simulation_error": null, "units": 7110, "bytes": 3888}
{"name": "verifier-loader-batch-728400", "simulation_error": null, "units": 7110, "bytes": 3888}
{"name": "verifier-loader-batch-732000", "simulation_error": null, "units": 7110, "bytes": 3888}
{"name": "verifier-loader-batch-735600", "simulation_error": null, "units": 7110, "bytes": 3888}
{"name": "verifier-loader-batch-739200", "simulation_error": null, "units": 7110, "bytes": 3888}
{"name": "verifier-loader-batch-742800", "simulation_error": null, "units": 7110, "bytes": 3888}
{"name": "verifier-loader-batch-746400", "simulation_error": null, "units": 7110, "bytes": 3888}
{"name": "verifier-loader-batch-750000", "simulation_error": null, "units": 7110, "bytes": 3888}
{"name": "verifier-loader-batch-753600", "simulation_error": null, "units": 7110, "bytes": 3888}
{"name": "verifier-loader-batch-757200", "simulation_error": null, "units": 7110, "bytes": 3888}
{"name": "verifier-loader-batch-760800", "simulation_error": null, "units": 7110, "bytes": 3888}
{"name": "verifier-loader-batch-764400", "simulation_error": null, "units": 7110, "bytes": 3888}
{"name": "verifier-loader-batch-768000", "simulation_error": null, "units": 7110, "bytes": 3888}
{"name": "verifier-loader-batch-771600", "simulation_error": null, "units": 7110, "bytes": 3888}
{"name": "verifier-loader-batch-775200", "simulation_error": null, "units": 7110, "bytes": 3888}
{"name": "verifier-loader-batch-778800", "simulation_error": null, "units": 7110, "bytes": 3888}
{"name": "verifier-loader-batch-782400", "simulation_error": null, "units": 7110, "bytes": 3888}
{"name": "verifier-loader-batch-786000", "simulation_error": null, "units": 7110, "bytes": 3888}
{"name": "verifier-loader-batch-789600", "simulation_error": null, "units": 7110, "bytes": 3888}
{"name": "verifier-loader-batch-793200", "simulation_error": null, "units": 7110, "bytes": 3888}
{"name": "verifier-loader-batch-796800", "simulation_error": null, "units": 7110, "bytes": 3888}
{"name": "verifier-loader-batch-800400", "simulation_error": null, "units": 7110, "bytes": 3888}
{"name": "verifier-loader-batch-804000", "simulation_error": null, "units": 7110, "bytes": 3888}
{"name": "verifier-loader-batch-807600", "simulation_error": null, "units": 7110, "bytes": 3888}
{"name": "verifier-loader-batch-811200", "simulation_error": null, "units": 7110, "bytes": 3888}
{"name": "verifier-loader-batch-814800", "simulation_error": null, "units": 7110, "bytes": 3888}
{"name": "verifier-loader-batch-818400", "simulation_error": null, "units": 7110, "bytes": 3888}
{"name": "verifier-loader-batch-822000", "simulation_error": null, "units": 7110, "bytes": 3888}
{"name": "verifier-loader-batch-825600", "simulation_error": null, "units": 7110, "bytes": 3888}
{"name": "verifier-loader-batch-829200", "simulation_error": null, "units": 7110, "bytes": 3888}
{"name": "verifier-loader-batch-832800", "simulation_error": null, "units": 7110, "bytes": 3888}
{"name": "verifier-loader-batch-836400", "simulation_error": null, "units": 7110, "bytes": 3888}
{"name": "verifier-loader-batch-840000", "simulation_error": null, "units": 7110, "bytes": 3888}
{"name": "verifier-loader-batch-843600", "simulation_error": null, "units": 7110, "bytes": 3888}
{"name": "verifier-loader-batch-847200", "simulation_error": null, "units": 7110, "bytes": 3888}
{"name": "verifier-loader-batch-850800", "simulation_error": null, "units": 7110, "bytes": 3888}
{"name": "verifier-loader-batch-854400", "simulation_error": null, "units": 7110, "bytes": 3888}
{"name": "verifier-loader-batch-858000", "simulation_error": null, "units": 7110, "bytes": 3888}
{"name": "verifier-loader-batch-861600", "simulation_error": null, "units": 7110, "bytes": 3888}
{"name": "verifier-loader-batch-865200", "simulation_error": null, "units": 7110, "bytes": 3888}
{"name": "verifier-loader-batch-868800", "simulation_error": null, "units": 7110, "bytes": 3888}
{"name": "verifier-loader-batch-872400", "simulation_error": null, "units": 7110, "bytes": 3888}
{"name": "verifier-loader-batch-876000", "simulation_error": null, "units": 7110, "bytes": 3888}
{"name": "verifier-loader-batch-879600", "simulation_error": null, "units": 7110, "bytes": 3888}
{"name": "verifier-loader-batch-883200", "simulation_error": null, "units": 7110, "bytes": 3888}
{"name": "verifier-loader-batch-886800", "simulation_error": null, "units": 7110, "bytes": 3888}
{"name": "verifier-loader-batch-890400", "simulation_error": null, "units": 7110, "bytes": 3888}
{"name": "verifier-loader-batch-894000", "simulation_error": null, "units": 7110, "bytes": 3888}
{"name": "verifier-loader-batch-897600", "simulation_error": null, "units": 7110, "bytes": 3888}
{"name": "verifier-loader-batch-901200", "simulation_error": null, "units": 7110, "bytes": 3888}
{"name": "verifier-loader-batch-904800", "simulation_error": null, "units": 7110, "bytes": 3888}
{"name": "verifier-loader-batch-908400", "simulation_error": null, "units": 7110, "bytes": 3888}
{"name": "verifier-loader-batch-912000", "simulation_error": null, "units": 7110, "bytes": 3888}
{"name": "verifier-loader-batch-915600", "simulation_error": null, "units": 7110, "bytes": 3888}
{"name": "verifier-loader-batch-919200", "simulation_error": null, "units": 7110, "bytes": 3888}
{"name": "verifier-loader-batch-922800", "simulation_error": null, "units": 7110, "bytes": 3888}
{"name": "verifier-loader-batch-926400", "simulation_error": null, "units": 7110, "bytes": 3888}
{"name": "verifier-loader-batch-930000", "simulation_error": null, "units": 7110, "bytes": 3888}
{"name": "verifier-loader-batch-933600", "simulation_error": null, "units": 7110, "bytes": 3888}
{"name": "verifier-loader-batch-937200", "simulation_error": null, "units": 7110, "bytes": 3888}
{"name": "verifier-loader-batch-940800", "simulation_error": null, "units": 2370, "bytes": 1116}
{"name": "verifier-loader-batch-18000", "signature": "45XcoSudewGQ1rHFj2ybPmJ5jQcA1DyAxcAYbvo7T7uwRcuDRV7hATvybB2TabF77x2gRrbpQi9DguKQ8RWXHEvs", "slot": 495627971, "fee": 15000, "units_consumed": 7110, "declared_cu": 1200000, "wire_bytes": 3888, "explorer": "https://explorer.solana.com/tx/45XcoSudewGQ1rHFj2ybPmJ5jQcA1DyAxcAYbvo7T7uwRcuDRV7hATvybB2TabF77x2gRrbpQi9DguKQ8RWXHEvs?cluster=devnet"}
{"name": "verifier-loader-batch-22800", "signature": "413DdaDsiTwrGxJ68eEjuhHBp4ro27y9bm4AwPNzXKuD4KBwFUoqdgVDwfK9zy7erf4PoRbiRyLMFJNuJdAk4BiK", "slot": 495627979, "fee": 15000, "units_consumed": 7110, "declared_cu": 1200000, "wire_bytes": 3888, "explorer": "https://explorer.solana.com/tx/413DdaDsiTwrGxJ68eEjuhHBp4ro27y9bm4AwPNzXKuD4KBwFUoqdgVDwfK9zy7erf4PoRbiRyLMFJNuJdAk4BiK?cluster=devnet"}
{"name": "verifier-loader-batch-26400", "signature": "2xioNfVWyjPF42vK4hoUw8xtTsmDpJ3B4LKgUp7U7fjkMbCo3yw9AicQZMALkPpTEVGwDwNTXehUTf8EEG6vAbrA", "slot": 495627985, "fee": 15000, "units_consumed": 7110, "declared_cu": 1200000, "wire_bytes": 3888, "explorer": "https://explorer.solana.com/tx/2xioNfVWyjPF42vK4hoUw8xtTsmDpJ3B4LKgUp7U7fjkMbCo3yw9AicQZMALkPpTEVGwDwNTXehUTf8EEG6vAbrA?cluster=devnet"}
{"name": "verifier-loader-batch-30000", "signature": "2CW28dxqzMMs2uJy7EDeo9gp1Dnda6T8dp5MaquuxPWRA1JRnGVHdWR9ubgpWFo3Wop1UsYphy4FSqTEXxMsCDdY", "slot": 495627996, "fee": 15000, "units_consumed": 7110, "declared_cu": 1200000, "wire_bytes": 3888, "explorer": "https://explorer.solana.com/tx/2CW28dxqzMMs2uJy7EDeo9gp1Dnda6T8dp5MaquuxPWRA1JRnGVHdWR9ubgpWFo3Wop1UsYphy4FSqTEXxMsCDdY?cluster=devnet"}
{"name": "verifier-loader-batch-33600", "signature": "3nt1nmbHLrKX9wHHMuSJyyYoX7Un6UBs6cFKNBZzgmNDGxujNUv5t5LaFAEDA4s147q8wX7Eoz2cRNzvFrEkxMGk", "slot": 495628008, "fee": 15000, "units_consumed": 7110, "declared_cu": 1200000, "wire_bytes": 3888, "explorer": "https://explorer.solana.com/tx/3nt1nmbHLrKX9wHHMuSJyyYoX7Un6UBs6cFKNBZzgmNDGxujNUv5t5LaFAEDA4s147q8wX7Eoz2cRNzvFrEkxMGk?cluster=devnet"}
{"name": "verifier-loader-batch-37200", "signature": "23DVWvGUZVYurvkfYFzeu2vJ6hvrbhTQVevmyZLce6vCvFCG552Qzq5obzXF9BMYETRkL26FrUUrNKLT5EU6w9mL", "slot": 495628020, "fee": 15000, "units_consumed": 7110, "declared_cu": 1200000, "wire_bytes": 3888, "explorer": "https://explorer.solana.com/tx/23DVWvGUZVYurvkfYFzeu2vJ6hvrbhTQVevmyZLce6vCvFCG552Qzq5obzXF9BMYETRkL26FrUUrNKLT5EU6w9mL?cluster=devnet"}
{"name": "verifier-loader-batch-40800", "signature": "4mrRA8YAuds1v3aavh4tdQPCnRntnP9gJfr8MwGTRqAsNxdW5M31L8WidMs1B9HdbUQ8TdN7EuwZDtkLN5pisrpw", "slot": 495628027, "fee": 15000, "units_consumed": 7110, "declared_cu": 1200000, "wire_bytes": 3888, "explorer": "https://explorer.solana.com/tx/4mrRA8YAuds1v3aavh4tdQPCnRntnP9gJfr8MwGTRqAsNxdW5M31L8WidMs1B9HdbUQ8TdN7EuwZDtkLN5pisrpw?cluster=devnet"}
{"name": "verifier-loader-batch-44400", "signature": "FBYxcb6jxTJT4HMfayGFH1PSdECnEKnJBmMcqHmhHpvrTw7rVE25kkNqK5eNkAvCDYfYwPq4FticCSxQcF4jrsD", "slot": 495628039, "fee": 15000, "units_consumed": 7110, "declared_cu": 1200000, "wire_bytes": 3888, "explorer": "https://explorer.solana.com/tx/FBYxcb6jxTJT4HMfayGFH1PSdECnEKnJBmMcqHmhHpvrTw7rVE25kkNqK5eNkAvCDYfYwPq4FticCSxQcF4jrsD?cluster=devnet"}
{"name": "verifier-loader-batch-50400", "signature": "58cLPbsBmma4QrBbEQBWk945YESJPf7kHWkh2axuxqiGFFZzAajRjJsQdfSiwjnDoDLbwjpQeDn1Ex1XFjvTL28U", "slot": 495628048, "fee": 15000, "units_consumed": 7110, "declared_cu": 1200000, "wire_bytes": 3888, "explorer": "https://explorer.solana.com/tx/58cLPbsBmma4QrBbEQBWk945YESJPf7kHWkh2axuxqiGFFZzAajRjJsQdfSiwjnDoDLbwjpQeDn1Ex1XFjvTL28U?cluster=devnet"}
{"name": "verifier-loader-batch-54000", "signature": "Ab3wc8FWQxdZpgi8jWLVQHzZcU85HypqR1gk5Y7QkLEdEaUan6zu2j8CWBGMiVnp7wRAMDtBSTq11cAikp3BnLK", "slot": 495628061, "fee": 15000, "units_consumed": 7110, "declared_cu": 1200000, "wire_bytes": 3888, "explorer": "https://explorer.solana.com/tx/Ab3wc8FWQxdZpgi8jWLVQHzZcU85HypqR1gk5Y7QkLEdEaUan6zu2j8CWBGMiVnp7wRAMDtBSTq11cAikp3BnLK?cluster=devnet"}
{"name": "verifier-loader-batch-57600", "signature": "q1RyDR4DV8ZbpXvGfT3vytBfPvubvFcf2fEzcp2MT69ar63ctQybV3u1DtMN2S4PtmuShy9LSo28Y8yGDo9dohg", "slot": 495628073, "fee": 15000, "units_consumed": 7110, "declared_cu": 1200000, "wire_bytes": 3888, "explorer": "https://explorer.solana.com/tx/q1RyDR4DV8ZbpXvGfT3vytBfPvubvFcf2fEzcp2MT69ar63ctQybV3u1DtMN2S4PtmuShy9LSo28Y8yGDo9dohg?cluster=devnet"}
{"name": "verifier-loader-batch-61200", "signature": "5iiKB7U1UYfxRZ617Xb3uRzN3DZ51wLu2qoEitpinRXk8fgrLktkAWukSWyfi8vpXetVRSzt5byioyiK295AReoR", "slot": 495628090, "fee": 15000, "units_consumed": 7110, "declared_cu": 1200000, "wire_bytes": 3888, "explorer": "https://explorer.solana.com/tx/5iiKB7U1UYfxRZ617Xb3uRzN3DZ51wLu2qoEitpinRXk8fgrLktkAWukSWyfi8vpXetVRSzt5byioyiK295AReoR?cluster=devnet"}
{"name": "verifier-loader-batch-64800", "signature": "2K68pXWKVfPVFarwNFfGhN2WMYSR27XykUe9LnNJd4Cbw8k637eGYU5LDAU7F1L6EpajCgqy4YJ1xWHe6SDtARDK", "slot": 495628102, "fee": 15000, "units_consumed": 7110, "declared_cu": 1200000, "wire_bytes": 3888, "explorer": "https://explorer.solana.com/tx/2K68pXWKVfPVFarwNFfGhN2WMYSR27XykUe9LnNJd4Cbw8k637eGYU5LDAU7F1L6EpajCgqy4YJ1xWHe6SDtARDK?cluster=devnet"}
{"name": "verifier-loader-batch-68400", "signature": "tFiUipmfa7x3WK6tc3eFq9V3YWupQ9PVVXuxpMe8AWzGpLWjfugochUsMo3CoYLcjMJZBsTdyzTqNadgwMoHpem", "slot": 495628117, "fee": 15000, "units_consumed": 7110, "declared_cu": 1200000, "wire_bytes": 3888, "explorer": "https://explorer.solana.com/tx/tFiUipmfa7x3WK6tc3eFq9V3YWupQ9PVVXuxpMe8AWzGpLWjfugochUsMo3CoYLcjMJZBsTdyzTqNadgwMoHpem?cluster=devnet"}
{"name": "verifier-loader-batch-72000", "signature": "272gZG7LVwtmiD4u6tHVbeMYAGfXvQhkSFaoq76fCWkEjCqMmB3WJvYz9aQ1ubG4Ef1jHQ8FD4ZDAREnfprUfWug", "slot": 495628127, "fee": 15000, "units_consumed": 7110, "declared_cu": 1200000, "wire_bytes": 3888, "explorer": "https://explorer.solana.com/tx/272gZG7LVwtmiD4u6tHVbeMYAGfXvQhkSFaoq76fCWkEjCqMmB3WJvYz9aQ1ubG4Ef1jHQ8FD4ZDAREnfprUfWug?cluster=devnet"}
{"name": "verifier-loader-batch-75600", "signature": "1xmsxPByuYE6uSpJeXQMBCBJcHoYeKkBiCPozLxxXtuNJfYHN5aCf7278fwx3vh4FpoFn5mVc2P8x5HFQtcYFiV", "slot": 495628145, "fee": 15000, "units_consumed": 7110, "declared_cu": 1200000, "wire_bytes": 3888, "explorer": "https://explorer.solana.com/tx/1xmsxPByuYE6uSpJeXQMBCBJcHoYeKkBiCPozLxxXtuNJfYHN5aCf7278fwx3vh4FpoFn5mVc2P8x5HFQtcYFiV?cluster=devnet"}
{"name": "verifier-loader-batch-79200", "signature": "2qiP6PxmJx5G5YZeyA9rg4hZ6anNVp4bJpY5DqMSD3GpPMU96ecR6sMCE2wV7G7ZzCSnkH6VwNsXbwgMHhj7KGBs", "slot": 495628154, "fee": 15000, "units_consumed": 7110, "declared_cu": 1200000, "wire_bytes": 3888, "explorer": "https://explorer.solana.com/tx/2qiP6PxmJx5G5YZeyA9rg4hZ6anNVp4bJpY5DqMSD3GpPMU96ecR6sMCE2wV7G7ZzCSnkH6VwNsXbwgMHhj7KGBs?cluster=devnet"}
{"name": "verifier-loader-batch-82800", "signature": "2aTaE6vbk2hfx36mdnL8MZsqKzrESDHvxVKH5yMrH7WykET2bvPdEgYEk5Q6VEJhKk9kc37JcLqusNhnL9TgtRLj", "slot": 495628165, "fee": 15000, "units_consumed": 7110, "declared_cu": 1200000, "wire_bytes": 3888, "explorer": "https://explorer.solana.com/tx/2aTaE6vbk2hfx36mdnL8MZsqKzrESDHvxVKH5yMrH7WykET2bvPdEgYEk5Q6VEJhKk9kc37JcLqusNhnL9TgtRLj?cluster=devnet"}
{"name": "verifier-loader-batch-86400", "signature": "5hW8QSnymPaQyHx3ukRa5mh9Qgbqx1Zn4hd1FKV6MvudS13fFJUoRgRReGe4JetXyYAr3SkipP9Lu66xsqWrVLHt", "slot": 495628173, "fee": 15000, "units_consumed": 7110, "declared_cu": 1200000, "wire_bytes": 3888, "explorer": "https://explorer.solana.com/tx/5hW8QSnymPaQyHx3ukRa5mh9Qgbqx1Zn4hd1FKV6MvudS13fFJUoRgRReGe4JetXyYAr3SkipP9Lu66xsqWrVLHt?cluster=devnet"}
{"name": "verifier-loader-batch-90000", "signature": "3NSTEgDCNHevR839JMdWindS3cPGbqGJLTDF6LX9jyyk1167hxJBJZHGVGxrn4fw5W1Tx6osoHsqK1u9XcJ1gwgc", "slot": 495628182, "fee": 15000, "units_consumed": 7110, "declared_cu": 1200000, "wire_bytes": 3888, "explorer": "https://explorer.solana.com/tx/3NSTEgDCNHevR839JMdWindS3cPGbqGJLTDF6LX9jyyk1167hxJBJZHGVGxrn4fw5W1Tx6osoHsqK1u9XcJ1gwgc?cluster=devnet"}
{"name": "verifier-loader-batch-93600", "signature": "1Virowba4ywNntNZHijy2RLBfR513giisX6rpKAGHaK2QWNNxurNyDWxWdvDKacswXfNPbCbAjeb1SQnwcDVz9z", "slot": 495628196, "fee": 15000, "units_consumed": 7110, "declared_cu": 1200000, "wire_bytes": 3888, "explorer": "https://explorer.solana.com/tx/1Virowba4ywNntNZHijy2RLBfR513giisX6rpKAGHaK2QWNNxurNyDWxWdvDKacswXfNPbCbAjeb1SQnwcDVz9z?cluster=devnet"}
{"name": "verifier-loader-batch-97200", "signature": "2ohkF9BFgKhGQhbLVVobuNTHcp8LiAYKcmUP4s64a5z7ijutgxpLUK1Vi2xevB9UuhAGzVNxPEy3UP9XLuy8k82m", "slot": 495628206, "fee": 15000, "units_consumed": 7110, "declared_cu": 1200000, "wire_bytes": 3888, "explorer": "https://explorer.solana.com/tx/2ohkF9BFgKhGQhbLVVobuNTHcp8LiAYKcmUP4s64a5z7ijutgxpLUK1Vi2xevB9UuhAGzVNxPEy3UP9XLuy8k82m?cluster=devnet"}
{"name": "verifier-loader-batch-100800", "signature": "5c1PR6C3bY7RR3956mHvfuwc6VddoppCMJfHpBbkqCJnQQCgreaCxehK3QcgDUfvSb9VoV3seoSsWrRTR23N3AfF", "slot": 495628216, "fee": 15000, "units_consumed": 7110, "declared_cu": 1200000, "wire_bytes": 3888, "explorer": "https://explorer.solana.com/tx/5c1PR6C3bY7RR3956mHvfuwc6VddoppCMJfHpBbkqCJnQQCgreaCxehK3QcgDUfvSb9VoV3seoSsWrRTR23N3AfF?cluster=devnet"}
{"name": "verifier-loader-batch-104400", "signature": "9mLfVzAcWgQSafgUD2H5jCGCGJsx1v5pw3bX6n4x5PhKoGeeurB3to8NvHCVH3cjdv7SbC4gMRhKRrtqz73T2tg", "slot": 495628228, "fee": 15000, "units_consumed": 7110, "declared_cu": 1200000, "wire_bytes": 3888, "explorer": "https://explorer.solana.com/tx/9mLfVzAcWgQSafgUD2H5jCGCGJsx1v5pw3bX6n4x5PhKoGeeurB3to8NvHCVH3cjdv7SbC4gMRhKRrtqz73T2tg?cluster=devnet"}
{"name": "verifier-loader-batch-108000", "signature": "2yW4Z3ZaaJLnpJm5GZJrVqmYbqFb4A3TwWmjfx9v3w8S6Lz1ENCZHfUx6iZJNVRLt4GjdM6fBRLEhbPAUYn7s8Zx", "slot": 495628241, "fee": 15000, "units_consumed": 7110, "declared_cu": 1200000, "wire_bytes": 3888, "explorer": "https://explorer.solana.com/tx/2yW4Z3ZaaJLnpJm5GZJrVqmYbqFb4A3TwWmjfx9v3w8S6Lz1ENCZHfUx6iZJNVRLt4GjdM6fBRLEhbPAUYn7s8Zx?cluster=devnet"}
{"name": "verifier-loader-batch-111600", "signature": "2tiXVRkAPZ1TVV57mr2p5MfYkbtjvSWNscQvkjK6bkifaJscHn9YWA2HD8J2gMxFfztTNhRN3eoEzLRTmpG2yMdZ", "slot": 495628256, "fee": 15000, "units_consumed": 7110, "declared_cu": 1200000, "wire_bytes": 3888, "explorer": "https://explorer.solana.com/tx/2tiXVRkAPZ1TVV57mr2p5MfYkbtjvSWNscQvkjK6bkifaJscHn9YWA2HD8J2gMxFfztTNhRN3eoEzLRTmpG2yMdZ?cluster=devnet"}
{"name": "verifier-loader-batch-115200", "signature": "3LGs8qRx6PkUv2r7ySzPDrFdK8EAuSzZCFaXqV2BSf2trGQhEj7DCWdbnmSKzxsyZBjx6hzfgHzF28mi8kgUWyna", "slot": 495628273, "fee": 15000, "units_consumed": 7110, "declared_cu": 1200000, "wire_bytes": 3888, "explorer": "https://explorer.solana.com/tx/3LGs8qRx6PkUv2r7ySzPDrFdK8EAuSzZCFaXqV2BSf2trGQhEj7DCWdbnmSKzxsyZBjx6hzfgHzF28mi8kgUWyna?cluster=devnet"}
{"name": "verifier-loader-batch-118800", "signature": "3vVUqCxMG6jneJwpYmpU1Fm6GDfxgPVLXtR3NBib1FYjRE1riuQFVftiXvCYox8Um4nrQAZwT78hnejcX8atu1wZ", "slot": 495628292, "fee": 15000, "units_consumed": 7110, "declared_cu": 1200000, "wire_bytes": 3888, "explorer": "https://explorer.solana.com/tx/3vVUqCxMG6jneJwpYmpU1Fm6GDfxgPVLXtR3NBib1FYjRE1riuQFVftiXvCYox8Um4nrQAZwT78hnejcX8atu1wZ?cluster=devnet"}
{"name": "verifier-loader-batch-122400", "signature": "4HmxiHCr8yhbEiK5EUm9vHhEr5AuPqSARxASSvbyd1cQsiwHpeZuLx1bViwvPtVFuJzGFDZLKiBpNyFn48tXPohG", "slot": 495628300, "fee": 15000, "units_consumed": 7110, "declared_cu": 1200000, "wire_bytes": 3888, "explorer": "https://explorer.solana.com/tx/4HmxiHCr8yhbEiK5EUm9vHhEr5AuPqSARxASSvbyd1cQsiwHpeZuLx1bViwvPtVFuJzGFDZLKiBpNyFn48tXPohG?cluster=devnet"}
{"name": "verifier-loader-batch-126000", "signature": "5wqHVKzvvUKwNFSaUotP5x1PneQTZ4fpuT9U5r92R7SG5iLzL325BKMWp7dTjfXpyCcZDYaKCS6t9tMhkUW2tkRk", "slot": 495628308, "fee": 15000, "units_consumed": 7110, "declared_cu": 1200000, "wire_bytes": 3888, "explorer": "https://explorer.solana.com/tx/5wqHVKzvvUKwNFSaUotP5x1PneQTZ4fpuT9U5r92R7SG5iLzL325BKMWp7dTjfXpyCcZDYaKCS6t9tMhkUW2tkRk?cluster=devnet"}
{"name": "verifier-loader-batch-129600", "signature": "6DUD9wS3nzJKQQ7PKCupmGFQMMq7m6bRig3kYzqYXrgHN2jm4rc5rrdTixhZZcRFbd16tY8QyozPGRHiqHVnnZr", "slot": 495628317, "fee": 15000, "units_consumed": 7110, "declared_cu": 1200000, "wire_bytes": 3888, "explorer": "https://explorer.solana.com/tx/6DUD9wS3nzJKQQ7PKCupmGFQMMq7m6bRig3kYzqYXrgHN2jm4rc5rrdTixhZZcRFbd16tY8QyozPGRHiqHVnnZr?cluster=devnet"}
{"name": "verifier-loader-batch-133200", "signature": "SHzd4ZHzzcahQY4n4tcf8iFETsEVaCRoHyQqx94rfZjac7hnDqdYfn5XWaQe6KnEJV2fmZR9gRJD9hzrWZ9xDGS", "slot": 495628334, "fee": 15000, "units_consumed": 7110, "declared_cu": 1200000, "wire_bytes": 3888, "explorer": "https://explorer.solana.com/tx/SHzd4ZHzzcahQY4n4tcf8iFETsEVaCRoHyQqx94rfZjac7hnDqdYfn5XWaQe6KnEJV2fmZR9gRJD9hzrWZ9xDGS?cluster=devnet"}
{"name": "verifier-loader-batch-136800", "signature": "DzJRdcgVfZiy7x3dP1r8XNBdgxYTC8cCjaRT5u6WVUNJS2Jf3ZqZU2j4UjQdJvgaQHsCGoRP84HKSYMrxbqu17B", "slot": 495628344, "fee": 15000, "units_consumed": 7110, "declared_cu": 1200000, "wire_bytes": 3888, "explorer": "https://explorer.solana.com/tx/DzJRdcgVfZiy7x3dP1r8XNBdgxYTC8cCjaRT5u6WVUNJS2Jf3ZqZU2j4UjQdJvgaQHsCGoRP84HKSYMrxbqu17B?cluster=devnet"}
{"name": "verifier-loader-batch-140400", "signature": "5XD7kdXT6vcpJ1sFMAExk8MXM5GHWi8FjPxUytBQULbswjzqCkgsxWf1Tagd77ctAGvmu6a8iNnwPkCGaTgRT8K7", "slot": 495628353, "fee": 15000, "units_consumed": 7110, "declared_cu": 1200000, "wire_bytes": 3888, "explorer": "https://explorer.solana.com/tx/5XD7kdXT6vcpJ1sFMAExk8MXM5GHWi8FjPxUytBQULbswjzqCkgsxWf1Tagd77ctAGvmu6a8iNnwPkCGaTgRT8K7?cluster=devnet"}
{"name": "verifier-loader-batch-144000", "signature": "ZyRyjvzdnddr4NgnG5CBEKbjSaJDba3CgJW2JsBzn1V8Jp9oJ2RvKc2KctFbbrm6uvaP9RRpSGvDmdaJM6pzunD", "slot": 495628363, "fee": 15000, "units_consumed": 7110, "declared_cu": 1200000, "wire_bytes": 3888, "explorer": "https://explorer.solana.com/tx/ZyRyjvzdnddr4NgnG5CBEKbjSaJDba3CgJW2JsBzn1V8Jp9oJ2RvKc2KctFbbrm6uvaP9RRpSGvDmdaJM6pzunD?cluster=devnet"}
{"name": "verifier-loader-batch-147600", "signature": "2Ya4HBWmP7QfwQwAD7TiBLqho4LSvPoEy2Sz5UwXibnhoWJoFSHf33GBoGfPuiTf7Y4KtoiAhw1xVSpxwCbqq59d", "slot": 495628372, "fee": 15000, "units_consumed": 7110, "declared_cu": 1200000, "wire_bytes": 3888, "explorer": "https://explorer.solana.com/tx/2Ya4HBWmP7QfwQwAD7TiBLqho4LSvPoEy2Sz5UwXibnhoWJoFSHf33GBoGfPuiTf7Y4KtoiAhw1xVSpxwCbqq59d?cluster=devnet"}
{"name": "verifier-loader-batch-151200", "signature": "46XKhHB6CP7MuRK9uBXVpAAN8VuqCwnjP3Wzu586qxTjKV1PeqadB3UJvgDuJWdf9nxXhRBTftcbiB2jEVuVmbom", "slot": 495628385, "fee": 15000, "units_consumed": 7110, "declared_cu": 1200000, "wire_bytes": 3888, "explorer": "https://explorer.solana.com/tx/46XKhHB6CP7MuRK9uBXVpAAN8VuqCwnjP3Wzu586qxTjKV1PeqadB3UJvgDuJWdf9nxXhRBTftcbiB2jEVuVmbom?cluster=devnet"}
{"name": "verifier-loader-batch-154800", "signature": "5MtHDDmNgED9iPpUdeRvgq3GWa52nX81suoYXcsJsLC61SsSXJxdRV2CwbcmpARj8wPpaB2YugSZuFeX7fARvtzG", "slot": 495628395, "fee": 15000, "units_consumed": 7110, "declared_cu": 1200000, "wire_bytes": 3888, "explorer": "https://explorer.solana.com/tx/5MtHDDmNgED9iPpUdeRvgq3GWa52nX81suoYXcsJsLC61SsSXJxdRV2CwbcmpARj8wPpaB2YugSZuFeX7fARvtzG?cluster=devnet"}
{"name": "verifier-loader-batch-158400", "signature": "4MzEUV2LM9MceUDPycpsFeLe8oECBSycRo91iVj8P2Fd9bQq4Sr55N8RWmtzik8wFHy2V8YsAi1mJTUoS8cSqq5w", "slot": 495628404, "fee": 15000, "units_consumed": 7110, "declared_cu": 1200000, "wire_bytes": 3888, "explorer": "https://explorer.solana.com/tx/4MzEUV2LM9MceUDPycpsFeLe8oECBSycRo91iVj8P2Fd9bQq4Sr55N8RWmtzik8wFHy2V8YsAi1mJTUoS8cSqq5w?cluster=devnet"}
{"name": "verifier-loader-batch-162000", "signature": "325TBmq2qvr2R85ZpukamfT3gjsBXipuN78f11kReXZjuW2qeLJYUC5vUoyoFPZWiurSxLRSGv55wDqdt6tcy8iv", "slot": 495628420, "fee": 15000, "units_consumed": 7110, "declared_cu": 1200000, "wire_bytes": 3888, "explorer": "https://explorer.solana.com/tx/325TBmq2qvr2R85ZpukamfT3gjsBXipuN78f11kReXZjuW2qeLJYUC5vUoyoFPZWiurSxLRSGv55wDqdt6tcy8iv?cluster=devnet"}
{"name": "verifier-loader-batch-165600", "signature": "2ytBk7gAeup3fo674kWSxJvCaBmRuS831vneYm4GkjE3CSVqetuPQTWKfMj8mjpLwDCswRB6367GqrFmuw2JrJfo", "slot": 495628432, "fee": 15000, "units_consumed": 7110, "declared_cu": 1200000, "wire_bytes": 3888, "explorer": "https://explorer.solana.com/tx/2ytBk7gAeup3fo674kWSxJvCaBmRuS831vneYm4GkjE3CSVqetuPQTWKfMj8mjpLwDCswRB6367GqrFmuw2JrJfo?cluster=devnet"}
{"name": "verifier-loader-batch-169200", "signature": "4xyM5jT1itUCX7DKrY2TZcDTAgaDUEudTYF9qt1MhHXAVRe7cvH9io5VophQaZiDhjQ2QRKou2xLbkuEySYuJZ9o", "slot": 495628444, "fee": 15000, "units_consumed": 7110, "declared_cu": 1200000, "wire_bytes": 3888, "explorer": "https://explorer.solana.com/tx/4xyM5jT1itUCX7DKrY2TZcDTAgaDUEudTYF9qt1MhHXAVRe7cvH9io5VophQaZiDhjQ2QRKou2xLbkuEySYuJZ9o?cluster=devnet"}
{"name": "verifier-loader-batch-172800", "signature": "5x2CWPTaXByDdSZEENcwEsML4YDWYAiyyrCSNfq4zpjsGQDe82CJXJ2FcpGY6RrRbYXRY2hGFUkYX3a1uPCk7mL", "slot": 495628457, "fee": 15000, "units_consumed": 7110, "declared_cu": 1200000, "wire_bytes": 3888, "explorer": "https://explorer.solana.com/tx/5x2CWPTaXByDdSZEENcwEsML4YDWYAiyyrCSNfq4zpjsGQDe82CJXJ2FcpGY6RrRbYXRY2hGFUkYX3a1uPCk7mL?cluster=devnet"}
{"name": "verifier-loader-batch-176400", "signature": "4QRqPego9HytmhU8aL5xwFeJukzJDUbgsjroah173BGbG3pMfmM6sEyndbDuUbfacRaVwKJnYG4S7ChPRGpkNWke", "slot": 495628464, "fee": 15000, "units_consumed": 7110, "declared_cu": 1200000, "wire_bytes": 3888, "explorer": "https://explorer.solana.com/tx/4QRqPego9HytmhU8aL5xwFeJukzJDUbgsjroah173BGbG3pMfmM6sEyndbDuUbfacRaVwKJnYG4S7ChPRGpkNWke?cluster=devnet"}
{"name": "verifier-loader-batch-180000", "signature": "4t56TL9xco3CTiSCkU6hKwM9ssDk26xGrrs4YsdfSEX9Fm3mUV16q8PLu8bMXK1316Xc8LfgfxWG751Y3YQgp7Ub", "slot": 495628472, "fee": 15000, "units_consumed": 7110, "declared_cu": 1200000, "wire_bytes": 3888, "explorer": "https://explorer.solana.com/tx/4t56TL9xco3CTiSCkU6hKwM9ssDk26xGrrs4YsdfSEX9Fm3mUV16q8PLu8bMXK1316Xc8LfgfxWG751Y3YQgp7Ub?cluster=devnet"}
{"name": "verifier-loader-batch-183600", "signature": "4P765hsj79FevLTzsiUSU2mX3YhaY79YY9kQ8K9HCDmLyFvK75MaFpc9d32B2Y1Vriph8QNiMM2xE9GuWoB8P432", "slot": 495628480, "fee": 15000, "units_consumed": 7110, "declared_cu": 1200000, "wire_bytes": 3888, "explorer": "https://explorer.solana.com/tx/4P765hsj79FevLTzsiUSU2mX3YhaY79YY9kQ8K9HCDmLyFvK75MaFpc9d32B2Y1Vriph8QNiMM2xE9GuWoB8P432?cluster=devnet"}
{"name": "verifier-loader-batch-187200", "signature": "3fbpDnkrXq7UDoTeN2hf2GViQV317oz2RvvnMzkwatq4KKXMUDGE5KzA3ks8oxojajxmdWHuTsLsixncAPHnj3wh", "slot": 495628491, "fee": 15000, "units_consumed": 7110, "declared_cu": 1200000, "wire_bytes": 3888, "explorer": "https://explorer.solana.com/tx/3fbpDnkrXq7UDoTeN2hf2GViQV317oz2RvvnMzkwatq4KKXMUDGE5KzA3ks8oxojajxmdWHuTsLsixncAPHnj3wh?cluster=devnet"}
{"name": "verifier-loader-batch-190800", "signature": "ZZdr8d7q6mm7D3p2pzHk2xVdPWDyEUCdmuDWDmBPvCXeH93zsVwBpocosNdWPfAayVUdaFL1A1RfgjS3tacfnhj", "slot": 495628503, "fee": 15000, "units_consumed": 7110, "declared_cu": 1200000, "wire_bytes": 3888, "explorer": "https://explorer.solana.com/tx/ZZdr8d7q6mm7D3p2pzHk2xVdPWDyEUCdmuDWDmBPvCXeH93zsVwBpocosNdWPfAayVUdaFL1A1RfgjS3tacfnhj?cluster=devnet"}
{"name": "verifier-loader-batch-194400", "signature": "eBq2PmmHE19PHvRMNuxbUpt7iyM6uBo9Ev3kJCjQ6CKM9hoouPL1ow5GxaxZj3YABst9bRVv7WPD8CmtPictmK4", "slot": 495628514, "fee": 15000, "units_consumed": 7110, "declared_cu": 1200000, "wire_bytes": 3888, "explorer": "https://explorer.solana.com/tx/eBq2PmmHE19PHvRMNuxbUpt7iyM6uBo9Ev3kJCjQ6CKM9hoouPL1ow5GxaxZj3YABst9bRVv7WPD8CmtPictmK4?cluster=devnet"}
{"name": "verifier-loader-batch-198000", "signature": "U4nbmYP2L9pCSznRMwjWGRaJ9Qb31x12VTu7dN94ZtbH3NaqUTEAupo3KFjUr3HdQJgzrjazwQ6B82trSiokQuL", "slot": 495628523, "fee": 15000, "units_consumed": 7110, "declared_cu": 1200000, "wire_bytes": 3888, "explorer": "https://explorer.solana.com/tx/U4nbmYP2L9pCSznRMwjWGRaJ9Qb31x12VTu7dN94ZtbH3NaqUTEAupo3KFjUr3HdQJgzrjazwQ6B82trSiokQuL?cluster=devnet"}
{"name": "verifier-loader-batch-201600", "signature": "3yZYboeJTrhokGA1mX8qujaXaEiGMdWwjxKZ6ouRCS7Wja3Yk6LrC3yTjh38tN1DKq8R96CsdyCPzzVStjXfwRco", "slot": 495628541, "fee": 15000, "units_consumed": 7110, "declared_cu": 1200000, "wire_bytes": 3888, "explorer": "https://explorer.solana.com/tx/3yZYboeJTrhokGA1mX8qujaXaEiGMdWwjxKZ6ouRCS7Wja3Yk6LrC3yTjh38tN1DKq8R96CsdyCPzzVStjXfwRco?cluster=devnet"}
{"name": "verifier-loader-batch-205200", "signature": "5ZoJHHs41LEXnAFQd8kffyWYX6AAK851hQjBKY4MDqRfXazVoUDM71Tn5jLkVH61hjjRrnUNbAXy8YWi1Y6TuU3o", "slot": 495628555, "fee": 15000, "units_consumed": 7110, "declared_cu": 1200000, "wire_bytes": 3888, "explorer": "https://explorer.solana.com/tx/5ZoJHHs41LEXnAFQd8kffyWYX6AAK851hQjBKY4MDqRfXazVoUDM71Tn5jLkVH61hjjRrnUNbAXy8YWi1Y6TuU3o?cluster=devnet"}
{"name": "verifier-loader-batch-208800", "signature": "3d6uAhz4Xknvvwta1sXrVSeoP1cUZkuyBMAZXFrk56MLibf3tZqVN7fqvMau12Ro367HfoSnLXs9iuV7utzqu3hk", "slot": 495628575, "fee": 15000, "units_consumed": 7110, "declared_cu": 1200000, "wire_bytes": 3888, "explorer": "https://explorer.solana.com/tx/3d6uAhz4Xknvvwta1sXrVSeoP1cUZkuyBMAZXFrk56MLibf3tZqVN7fqvMau12Ro367HfoSnLXs9iuV7utzqu3hk?cluster=devnet"}
{"name": "verifier-loader-batch-212400", "signature": "2yxdaLcydBfHgSum7uWMwuocXjM5sVpLvUyNqaCs928EygjGxNKXTLRiPpa9pVRK4HgHayyZBxwhQbJNa71AfgTh", "slot": 495628582, "fee": 15000, "units_consumed": 7110, "declared_cu": 1200000, "wire_bytes": 3888, "explorer": "https://explorer.solana.com/tx/2yxdaLcydBfHgSum7uWMwuocXjM5sVpLvUyNqaCs928EygjGxNKXTLRiPpa9pVRK4HgHayyZBxwhQbJNa71AfgTh?cluster=devnet"}
{"name": "verifier-loader-batch-216000", "signature": "2s29e4zHS6CphakTDVRrtwaekgk6Bm3xFq1pAMGYif95BKdLQRGiUmqcEvf4tmssyAv6W71wudjRiMTaEEY7zAZQ", "slot": 495628591, "fee": 15000, "units_consumed": 7110, "declared_cu": 1200000, "wire_bytes": 3888, "explorer": "https://explorer.solana.com/tx/2s29e4zHS6CphakTDVRrtwaekgk6Bm3xFq1pAMGYif95BKdLQRGiUmqcEvf4tmssyAv6W71wudjRiMTaEEY7zAZQ?cluster=devnet"}
{"name": "verifier-loader-batch-219600", "signature": "5YBDGiDySU6GvKqNB9JbuLCGsy5VbJXaRFzcRUbLvEkvQ4PhZtLthZ4jKnzoKg8cv4FTaTosfDwWcUc2fkafV2SU", "slot": 495628600, "fee": 15000, "units_consumed": 7110, "declared_cu": 1200000, "wire_bytes": 3888, "explorer": "https://explorer.solana.com/tx/5YBDGiDySU6GvKqNB9JbuLCGsy5VbJXaRFzcRUbLvEkvQ4PhZtLthZ4jKnzoKg8cv4FTaTosfDwWcUc2fkafV2SU?cluster=devnet"}
{"name": "verifier-loader-batch-223200", "signature": "33UiztcM4RyCM3ZbFCTZPb8JDt5s36DME6h5PN3GdeCzLReZpSAKyUSvhsBTXX9pTNJusngh1UEsYYaqsQzZ9wfu", "slot": 495628614, "fee": 15000, "units_consumed": 7110, "declared_cu": 1200000, "wire_bytes": 3888, "explorer": "https://explorer.solana.com/tx/33UiztcM4RyCM3ZbFCTZPb8JDt5s36DME6h5PN3GdeCzLReZpSAKyUSvhsBTXX9pTNJusngh1UEsYYaqsQzZ9wfu?cluster=devnet"}
{"name": "verifier-loader-batch-226800", "signature": "4TkGPT78DFrcoH84k3t5Rc2WzVutpN29w1Km12xgPN3VvgjyVemLnEB1j6oXBpTz1c6VLBBXyA5gFsaKfQ6o9T73", "slot": 495628624, "fee": 15000, "units_consumed": 7110, "declared_cu": 1200000, "wire_bytes": 3888, "explorer": "https://explorer.solana.com/tx/4TkGPT78DFrcoH84k3t5Rc2WzVutpN29w1Km12xgPN3VvgjyVemLnEB1j6oXBpTz1c6VLBBXyA5gFsaKfQ6o9T73?cluster=devnet"}
{"name": "verifier-loader-batch-230400", "signature": "3C36kjDRQoiRPB4zizguMJpiE8czZHvHCXokVaVkbZBYTLy2vxRrjbfuVQvuVoF5jVXmLu3h8bz573hqUirTV7kH", "slot": 495628631, "fee": 15000, "units_consumed": 7110, "declared_cu": 1200000, "wire_bytes": 3888, "explorer": "https://explorer.solana.com/tx/3C36kjDRQoiRPB4zizguMJpiE8czZHvHCXokVaVkbZBYTLy2vxRrjbfuVQvuVoF5jVXmLu3h8bz573hqUirTV7kH?cluster=devnet"}
{"name": "verifier-loader-batch-234000", "signature": "4fVjhhtrdZVZ8SHQxYiq5kvQEf1JeB5CTjEnSPPz8f8Wd5SgQr8QgQ68M2ZBvxqUWsf6t92B7Ugm9HpF1T9HVWce", "slot": 495628645, "fee": 15000, "units_consumed": 7110, "declared_cu": 1200000, "wire_bytes": 3888, "explorer": "https://explorer.solana.com/tx/4fVjhhtrdZVZ8SHQxYiq5kvQEf1JeB5CTjEnSPPz8f8Wd5SgQr8QgQ68M2ZBvxqUWsf6t92B7Ugm9HpF1T9HVWce?cluster=devnet"}
{"name": "verifier-loader-batch-237600", "signature": "21VY1v8bu77fE8kF5hSNc5jMUrv1bpYmvym3j4DMtxL7Vk82ZKUqFUujPeZFQqppe91qmEHLZbmhbNYnmLJpeQHR", "slot": 495628656, "fee": 15000, "units_consumed": 7110, "declared_cu": 1200000, "wire_bytes": 3888, "explorer": "https://explorer.solana.com/tx/21VY1v8bu77fE8kF5hSNc5jMUrv1bpYmvym3j4DMtxL7Vk82ZKUqFUujPeZFQqppe91qmEHLZbmhbNYnmLJpeQHR?cluster=devnet"}
{"name": "verifier-loader-batch-241200", "signature": "5GMqkpJLG2mGqiHqTbem5FLE5YKcQe2NgCzE95tC3DghpmiwSP46qtXLAwtrE2qRxVkmUthKfMu6egEkJTb5Y8y9", "slot": 495628666, "fee": 15000, "units_consumed": 7110, "declared_cu": 1200000, "wire_bytes": 3888, "explorer": "https://explorer.solana.com/tx/5GMqkpJLG2mGqiHqTbem5FLE5YKcQe2NgCzE95tC3DghpmiwSP46qtXLAwtrE2qRxVkmUthKfMu6egEkJTb5Y8y9?cluster=devnet"}
{"name": "verifier-loader-batch-244800", "signature": "XdvKbS1pzHidRA5EcB2wztMFiUgKKsbyd7do4mbnRYCSsCj8utrx5P4zYfyMZhnEkPXMgb93FYcppW86x5pKG2s", "slot": 495628675, "fee": 15000, "units_consumed": 7110, "declared_cu": 1200000, "wire_bytes": 3888, "explorer": "https://explorer.solana.com/tx/XdvKbS1pzHidRA5EcB2wztMFiUgKKsbyd7do4mbnRYCSsCj8utrx5P4zYfyMZhnEkPXMgb93FYcppW86x5pKG2s?cluster=devnet"}
{"name": "verifier-loader-batch-248400", "signature": "4rzcxRjm3idA1DjQtgJFh69gtXLRTbfZbsj7wuhA7pNheyVQQJLLR2RTwzn77qHT8BPsgRdWdU7ACAUfG5oDsrBJ", "slot": 495628683, "fee": 15000, "units_consumed": 7110, "declared_cu": 1200000, "wire_bytes": 3888, "explorer": "https://explorer.solana.com/tx/4rzcxRjm3idA1DjQtgJFh69gtXLRTbfZbsj7wuhA7pNheyVQQJLLR2RTwzn77qHT8BPsgRdWdU7ACAUfG5oDsrBJ?cluster=devnet"}
{"name": "verifier-loader-batch-252000", "signature": "2emyLjh3Ng2SzrmL5RqUq7VGQiE3TAvFu4ZSPVosHXMZ2m96PfDEDchh5UGX1mxLYsk9T4agcDcrXFtTjxGaF7fz", "slot": 495628692, "fee": 15000, "units_consumed": 7110, "declared_cu": 1200000, "wire_bytes": 3888, "explorer": "https://explorer.solana.com/tx/2emyLjh3Ng2SzrmL5RqUq7VGQiE3TAvFu4ZSPVosHXMZ2m96PfDEDchh5UGX1mxLYsk9T4agcDcrXFtTjxGaF7fz?cluster=devnet"}
{"name": "verifier-loader-batch-255600", "signature": "3vhbUhD8QZV2mzLmwXkCwV646s2JdybQSxgA1r1aug5qFtCiyZcsxEptQazkEQesHefpJYUbKfFEP6XSBt15ygpm", "slot": 495628704, "fee": 15000, "units_consumed": 7110, "declared_cu": 1200000, "wire_bytes": 3888, "explorer": "https://explorer.solana.com/tx/3vhbUhD8QZV2mzLmwXkCwV646s2JdybQSxgA1r1aug5qFtCiyZcsxEptQazkEQesHefpJYUbKfFEP6XSBt15ygpm?cluster=devnet"}
{"name": "verifier-loader-batch-259200", "signature": "4Kfz5JZUG2sRREJZZpq9tQ74dbw31HHzSUvxSHpyZtisJttVoViWm9HfNmkSgjJoe8uynAqLZCZwZyXb5cL235sb", "slot": 495628714, "fee": 15000, "units_consumed": 7110, "declared_cu": 1200000, "wire_bytes": 3888, "explorer": "https://explorer.solana.com/tx/4Kfz5JZUG2sRREJZZpq9tQ74dbw31HHzSUvxSHpyZtisJttVoViWm9HfNmkSgjJoe8uynAqLZCZwZyXb5cL235sb?cluster=devnet"}
{"name": "verifier-loader-batch-262800", "signature": "28rkckYfFb7mjNXNWQNQ7S3bQM7yyEMZ5WzwKx5i1Ec11MzfAtK9Zi14DopKzfvneP7VcjWDomr2D8hq3qoyfU1H", "slot": 495628728, "fee": 15000, "units_consumed": 7110, "declared_cu": 1200000, "wire_bytes": 3888, "explorer": "https://explorer.solana.com/tx/28rkckYfFb7mjNXNWQNQ7S3bQM7yyEMZ5WzwKx5i1Ec11MzfAtK9Zi14DopKzfvneP7VcjWDomr2D8hq3qoyfU1H?cluster=devnet"}
{"name": "verifier-loader-batch-266400", "signature": "3ndZPCYVVs24R5VXGGmyG3dFPKzHuiJRK4QRSs5VXYM4tYmA7NxeKfAUAB4c5z2xXdDD3FFTaw4DyKfSDLerKqaC", "slot": 495628743, "fee": 15000, "units_consumed": 7110, "declared_cu": 1200000, "wire_bytes": 3888, "explorer": "https://explorer.solana.com/tx/3ndZPCYVVs24R5VXGGmyG3dFPKzHuiJRK4QRSs5VXYM4tYmA7NxeKfAUAB4c5z2xXdDD3FFTaw4DyKfSDLerKqaC?cluster=devnet"}
{"name": "verifier-loader-batch-270000", "signature": "4S6expM897LVkJJE8biK5M1WbWVtfL8SHcvZiwVQUHAN5N4HdZjVB8HAkYGW34sR6RfyKTUMmvWej4SEmp6P1dte", "slot": 495628751, "fee": 15000, "units_consumed": 7110, "declared_cu": 1200000, "wire_bytes": 3888, "explorer": "https://explorer.solana.com/tx/4S6expM897LVkJJE8biK5M1WbWVtfL8SHcvZiwVQUHAN5N4HdZjVB8HAkYGW34sR6RfyKTUMmvWej4SEmp6P1dte?cluster=devnet"}
{"name": "verifier-loader-batch-273600", "signature": "eanDoDFdeTRpFErZA3u928gNQjjuXrWbAj956c21VF6DAVQWpZE7bkLFLGZRkNckpuPrE517pGzes5JaPQneEw7", "slot": 495628762, "fee": 15000, "units_consumed": 7110, "declared_cu": 1200000, "wire_bytes": 3888, "explorer": "https://explorer.solana.com/tx/eanDoDFdeTRpFErZA3u928gNQjjuXrWbAj956c21VF6DAVQWpZE7bkLFLGZRkNckpuPrE517pGzes5JaPQneEw7?cluster=devnet"}
{"name": "verifier-loader-batch-277200", "signature": "4iEnC7jnos5W24neuTuZpkh4CZhZ7SBgqMDVfNpqMu5FK4DGjrLZrPV8Pu32fnhiyHXasBc4zKeiU2AN6GK4ywqV", "slot": 495628768, "fee": 15000, "units_consumed": 7110, "declared_cu": 1200000, "wire_bytes": 3888, "explorer": "https://explorer.solana.com/tx/4iEnC7jnos5W24neuTuZpkh4CZhZ7SBgqMDVfNpqMu5FK4DGjrLZrPV8Pu32fnhiyHXasBc4zKeiU2AN6GK4ywqV?cluster=devnet"}
{"name": "verifier-loader-batch-280800", "signature": "3ipjm4waDMBHEgVwmv35wj1NBbSRSiF4DkYckpHHF4QDRyKAH6Bzxek2Q5Th8uVTfgLfGNbfrBt1ue6kTPDntFQC", "slot": 495628776, "fee": 15000, "units_consumed": 7110, "declared_cu": 1200000, "wire_bytes": 3888, "explorer": "https://explorer.solana.com/tx/3ipjm4waDMBHEgVwmv35wj1NBbSRSiF4DkYckpHHF4QDRyKAH6Bzxek2Q5Th8uVTfgLfGNbfrBt1ue6kTPDntFQC?cluster=devnet"}
{"name": "verifier-loader-batch-284400", "signature": "mSYCn4jdknm2F6iVTgLWAdfZWsq69WJUz6zh5Svk66efWMXW4pJ4xAzaQ1CDJRErr56iXDWPiw4kKSV7r9kB6kV", "slot": 495628783, "fee": 15000, "units_consumed": 7110, "declared_cu": 1200000, "wire_bytes": 3888, "explorer": "https://explorer.solana.com/tx/mSYCn4jdknm2F6iVTgLWAdfZWsq69WJUz6zh5Svk66efWMXW4pJ4xAzaQ1CDJRErr56iXDWPiw4kKSV7r9kB6kV?cluster=devnet"}
{"name": "verifier-loader-batch-288000", "signature": "2v2uhNHDF8svLFLu26KDpunVMrn4nDqAHLbwsiVBZNde7aNarXRxjE9y11HYuoG6agenpm7Yey2Jegowc51tqvVJ", "slot": 495628793, "fee": 15000, "units_consumed": 7110, "declared_cu": 1200000, "wire_bytes": 3888, "explorer": "https://explorer.solana.com/tx/2v2uhNHDF8svLFLu26KDpunVMrn4nDqAHLbwsiVBZNde7aNarXRxjE9y11HYuoG6agenpm7Yey2Jegowc51tqvVJ?cluster=devnet"}
{"name": "verifier-loader-batch-291600", "signature": "5QYgWjwvZYeCmKbBDV568DLckUMFhRDMpE4wALpeoKZyNGXTEF3oF4nQiPRQHRefNFWyaY4bhjD76afiPGQKQP5h", "slot": 495628804, "fee": 15000, "units_consumed": 7110, "declared_cu": 1200000, "wire_bytes": 3888, "explorer": "https://explorer.solana.com/tx/5QYgWjwvZYeCmKbBDV568DLckUMFhRDMpE4wALpeoKZyNGXTEF3oF4nQiPRQHRefNFWyaY4bhjD76afiPGQKQP5h?cluster=devnet"}
{"name": "verifier-loader-batch-295200", "signature": "2UdycdokR9uNh9pPHZh13HQvM1MTAMF2waDjofwtDpQKGwkxZEf3th73qmWhkDN3GdEo5gq2Auwa5T71bohmXiBF", "slot": 495628813, "fee": 15000, "units_consumed": 7110, "declared_cu": 1200000, "wire_bytes": 3888, "explorer": "https://explorer.solana.com/tx/2UdycdokR9uNh9pPHZh13HQvM1MTAMF2waDjofwtDpQKGwkxZEf3th73qmWhkDN3GdEo5gq2Auwa5T71bohmXiBF?cluster=devnet"}
{"name": "verifier-loader-batch-300000", "signature": "2KKVSxf6tWT5J3P9bgp6qTwRUVWUtgmtD85z47asEGKenvHCpXHY3UX3ndNqy8bwZYNS7C25FDGf3ZZPTvuGBVkL", "slot": 495628824, "fee": 15000, "units_consumed": 7110, "declared_cu": 1200000, "wire_bytes": 3888, "explorer": "https://explorer.solana.com/tx/2KKVSxf6tWT5J3P9bgp6qTwRUVWUtgmtD85z47asEGKenvHCpXHY3UX3ndNqy8bwZYNS7C25FDGf3ZZPTvuGBVkL?cluster=devnet"}
{"name": "verifier-loader-batch-303600", "signature": "5hKarWAWFcip6xvcH1PzTkvmQTXGKgm7ohnoRkU2DAeoPAb5pT5r6WdsmMNgzqHhq5jjVJg3J6RKgvaXXgSw5RnQ", "slot": 495628843, "fee": 15000, "units_consumed": 7110, "declared_cu": 1200000, "wire_bytes": 3888, "explorer": "https://explorer.solana.com/tx/5hKarWAWFcip6xvcH1PzTkvmQTXGKgm7ohnoRkU2DAeoPAb5pT5r6WdsmMNgzqHhq5jjVJg3J6RKgvaXXgSw5RnQ?cluster=devnet"}
{"name": "verifier-loader-batch-307200", "signature": "2ccRp5m3P3iE2qCzEWXXLid4g6wVMB15y6pNr3W9zRJpL9CRNYV2PTza2SUNtxeccN4E34gzqYCWM6JvPX9fBa5A", "slot": 495628854, "fee": 15000, "units_consumed": 7110, "declared_cu": 1200000, "wire_bytes": 3888, "explorer": "https://explorer.solana.com/tx/2ccRp5m3P3iE2qCzEWXXLid4g6wVMB15y6pNr3W9zRJpL9CRNYV2PTza2SUNtxeccN4E34gzqYCWM6JvPX9fBa5A?cluster=devnet"}
{"name": "verifier-loader-batch-310800", "signature": "2rK2JCUYaSkNeMTZTxGHqYw4DuBfrVbwSk1wTb3ydRup3mzAovUNGJ1tFmD1gCjSZ5o1ymiNYQX5miVNsZih6st", "slot": 495628865, "fee": 15000, "units_consumed": 7110, "declared_cu": 1200000, "wire_bytes": 3888, "explorer": "https://explorer.solana.com/tx/2rK2JCUYaSkNeMTZTxGHqYw4DuBfrVbwSk1wTb3ydRup3mzAovUNGJ1tFmD1gCjSZ5o1ymiNYQX5miVNsZih6st?cluster=devnet"}
{"name": "verifier-loader-batch-314400", "signature": "3w71CC4QsZUNo6YAaXDHa9a9UXhCTs3eeGx6fHngvcvLWjzT7JXtgGDa8QgitdUwE1L2afpVN5FSRgzPmNsD4aCu", "slot": 495628879, "fee": 15000, "units_consumed": 7110, "declared_cu": 1200000, "wire_bytes": 3888, "explorer": "https://explorer.solana.com/tx/3w71CC4QsZUNo6YAaXDHa9a9UXhCTs3eeGx6fHngvcvLWjzT7JXtgGDa8QgitdUwE1L2afpVN5FSRgzPmNsD4aCu?cluster=devnet"}
{"name": "verifier-loader-batch-318000", "signature": "3t9wn3gKuVetugTysEaM58uoGgz76j4suw7TgiPgTtv9ByiE9pzmPkSkG4DpxiSuooVzyqd1aaiVhrQfqGiv95RP", "slot": 495628895, "fee": 15000, "units_consumed": 7110, "declared_cu": 1200000, "wire_bytes": 3888, "explorer": "https://explorer.solana.com/tx/3t9wn3gKuVetugTysEaM58uoGgz76j4suw7TgiPgTtv9ByiE9pzmPkSkG4DpxiSuooVzyqd1aaiVhrQfqGiv95RP?cluster=devnet"}
{"name": "verifier-loader-batch-321600", "signature": "56QPKPpQz1noqHQToZGRu6rd2pbitsyPqUG8T2wJjwnFBoVz29eTgewAnTFAfXoSEKfHhHRWeUunVMqzmjuyt6NN", "slot": 495628912, "fee": 15000, "units_consumed": 7110, "declared_cu": 1200000, "wire_bytes": 3888, "explorer": "https://explorer.solana.com/tx/56QPKPpQz1noqHQToZGRu6rd2pbitsyPqUG8T2wJjwnFBoVz29eTgewAnTFAfXoSEKfHhHRWeUunVMqzmjuyt6NN?cluster=devnet"}
{"name": "verifier-loader-batch-325200", "signature": "qZF7CLe1fBfPah9ACzvPWv337qmj3mGe42tZjk8SJLgHL5McTRpG9rGGABzZa4MJULGJdYRKnsa15rA1K5epY5c", "slot": 495628921, "fee": 15000, "units_consumed": 7110, "declared_cu": 1200000, "wire_bytes": 3888, "explorer": "https://explorer.solana.com/tx/qZF7CLe1fBfPah9ACzvPWv337qmj3mGe42tZjk8SJLgHL5McTRpG9rGGABzZa4MJULGJdYRKnsa15rA1K5epY5c?cluster=devnet"}
{"name": "verifier-loader-batch-328800", "signature": "3QRSy1zzQST39FB6BaGPSkPCJeZXaG8VzzYWJMgVtdaEqGXvPc5S5HfJLg16vjmvJHadkCyN4RkBDmLux2MGLeaz", "slot": 495628934, "fee": 15000, "units_consumed": 7110, "declared_cu": 1200000, "wire_bytes": 3888, "explorer": "https://explorer.solana.com/tx/3QRSy1zzQST39FB6BaGPSkPCJeZXaG8VzzYWJMgVtdaEqGXvPc5S5HfJLg16vjmvJHadkCyN4RkBDmLux2MGLeaz?cluster=devnet"}
{"name": "verifier-loader-batch-332400", "signature": "bBsLKGTYikm64pCbCPpa4HsNRVptPW4XTb3wAUwmprBxKkbPiuewY1MLfiq4iVgMgMyZmDyUvY1eM8qBP4d7f1c", "slot": 495628940, "fee": 15000, "units_consumed": 7110, "declared_cu": 1200000, "wire_bytes": 3888, "explorer": "https://explorer.solana.com/tx/bBsLKGTYikm64pCbCPpa4HsNRVptPW4XTb3wAUwmprBxKkbPiuewY1MLfiq4iVgMgMyZmDyUvY1eM8qBP4d7f1c?cluster=devnet"}
{"name": "verifier-loader-batch-336000", "signature": "2yPzGj3RJY4X1by7F2YpAHwP9sGs4ECCLnPTVDz4F2Le3BsZQzFmvaSXibzf2mJqrayfdVPZPo4V69wiogJxkYEn", "slot": 495628949, "fee": 15000, "units_consumed": 7110, "declared_cu": 1200000, "wire_bytes": 3888, "explorer": "https://explorer.solana.com/tx/2yPzGj3RJY4X1by7F2YpAHwP9sGs4ECCLnPTVDz4F2Le3BsZQzFmvaSXibzf2mJqrayfdVPZPo4V69wiogJxkYEn?cluster=devnet"}
{"name": "verifier-loader-batch-339600", "signature": "477L993oqsSEAFSBKwiw9mmYFZiE9kNraNNFKgRwTibbKAYZd4HNTi7daqmKTMidPWobnUN7ptKTZoKdR6dqcP46", "slot": 495628956, "fee": 15000, "units_consumed": 7110, "declared_cu": 1200000, "wire_bytes": 3888, "explorer": "https://explorer.solana.com/tx/477L993oqsSEAFSBKwiw9mmYFZiE9kNraNNFKgRwTibbKAYZd4HNTi7daqmKTMidPWobnUN7ptKTZoKdR6dqcP46?cluster=devnet"}
{"name": "verifier-loader-batch-343200", "signature": "3n3DZg1WdZr6GR88zZLZ4u8UzYHUKLCufuGrcBJu8DEJ6sDVAdiHnJcWLRXdDFomsrAokn6TxXWMTHuQFR3ksh8L", "slot": 495628970, "fee": 15000, "units_consumed": 7110, "declared_cu": 1200000, "wire_bytes": 3888, "explorer": "https://explorer.solana.com/tx/3n3DZg1WdZr6GR88zZLZ4u8UzYHUKLCufuGrcBJu8DEJ6sDVAdiHnJcWLRXdDFomsrAokn6TxXWMTHuQFR3ksh8L?cluster=devnet"}
{"name": "verifier-loader-batch-346800", "signature": "53eCS8HkLwSREAWVXS4CWv7BAU9GEYk1agxq6JGbCYW9jj8FY27pwPsU8ey8ATbB69JJjYbUF3oUyBZhwfekifqX", "slot": 495628978, "fee": 15000, "units_consumed": 7110, "declared_cu": 1200000, "wire_bytes": 3888, "explorer": "https://explorer.solana.com/tx/53eCS8HkLwSREAWVXS4CWv7BAU9GEYk1agxq6JGbCYW9jj8FY27pwPsU8ey8ATbB69JJjYbUF3oUyBZhwfekifqX?cluster=devnet"}
{"name": "verifier-loader-batch-350400", "signature": "5inXLGtawqwmkxonpwZrgHEgruGemwsWubGT5VFXkNhCUAN6zEKLmotkezQTdfpqoTCqpa8ka7hHaxM9htvNHKDX", "slot": 495628988, "fee": 15000, "units_consumed": 7110, "declared_cu": 1200000, "wire_bytes": 3888, "explorer": "https://explorer.solana.com/tx/5inXLGtawqwmkxonpwZrgHEgruGemwsWubGT5VFXkNhCUAN6zEKLmotkezQTdfpqoTCqpa8ka7hHaxM9htvNHKDX?cluster=devnet"}
{"name": "verifier-loader-batch-354000", "signature": "5qHSKkZUEAUbix4iurX4mnBxhJrtfzzPXcZviWhJedgAzV2omJybr9xTPjsVZ6TZ7H8BoUgpfQe9BizV33qZ8GwM", "slot": 495629001, "fee": 15000, "units_consumed": 7110, "declared_cu": 1200000, "wire_bytes": 3888, "explorer": "https://explorer.solana.com/tx/5qHSKkZUEAUbix4iurX4mnBxhJrtfzzPXcZviWhJedgAzV2omJybr9xTPjsVZ6TZ7H8BoUgpfQe9BizV33qZ8GwM?cluster=devnet"}
{"name": "verifier-loader-batch-357600", "signature": "36HDYciHx8RAhQVttpEhDtEk41XX2qEWxDmjBkM9CkBCYz7V4qY89qkZrU6qi8UEJHrB3BJp6ij9Sockkz9BWGzS", "slot": 495629008, "fee": 15000, "units_consumed": 7110, "declared_cu": 1200000, "wire_bytes": 3888, "explorer": "https://explorer.solana.com/tx/36HDYciHx8RAhQVttpEhDtEk41XX2qEWxDmjBkM9CkBCYz7V4qY89qkZrU6qi8UEJHrB3BJp6ij9Sockkz9BWGzS?cluster=devnet"}
{"name": "verifier-loader-batch-361200", "signature": "3aiK73TQEwBMqoSWUESKknGdvuYawRVFDYSvwXXtBin6RBQwtW3iDqkbBzN7yAsNc1KjUFxYRpEHBPproprzpphP", "slot": 495629016, "fee": 15000, "units_consumed": 7110, "declared_cu": 1200000, "wire_bytes": 3888, "explorer": "https://explorer.solana.com/tx/3aiK73TQEwBMqoSWUESKknGdvuYawRVFDYSvwXXtBin6RBQwtW3iDqkbBzN7yAsNc1KjUFxYRpEHBPproprzpphP?cluster=devnet"}
{"name": "verifier-loader-batch-364800", "signature": "2WBedyki9M2j81cYfA5sn3CfKEmsZMpaSfWSrZmZSP1dugW7DAxf6QLqXyWMK1Bb4EuxWnoHUoBTzyU9DJdPCk1a", "slot": 495629029, "fee": 15000, "units_consumed": 7110, "declared_cu": 1200000, "wire_bytes": 3888, "explorer": "https://explorer.solana.com/tx/2WBedyki9M2j81cYfA5sn3CfKEmsZMpaSfWSrZmZSP1dugW7DAxf6QLqXyWMK1Bb4EuxWnoHUoBTzyU9DJdPCk1a?cluster=devnet"}
{"name": "verifier-loader-batch-368400", "signature": "5rF7ZeZPewHzA3gs4J2RvhCkaEHr4YHiPiggdB5fA6Zo7S5XjvHi6g6pLgCgLGnhtEZwHVdjhwqwiV1vqtcvTjmh", "slot": 495629048, "fee": 15000, "units_consumed": 7110, "declared_cu": 1200000, "wire_bytes": 3888, "explorer": "https://explorer.solana.com/tx/5rF7ZeZPewHzA3gs4J2RvhCkaEHr4YHiPiggdB5fA6Zo7S5XjvHi6g6pLgCgLGnhtEZwHVdjhwqwiV1vqtcvTjmh?cluster=devnet"}
{"name": "verifier-loader-batch-372000", "signature": "3fgxVZSQJgaabxjf2bB6Dgkd15deJJ6ZwkvzH2r798ywmwmWVtM2PRB5iUjq6W76ejMpyUX6cTQjYoQjBFodzVHP", "slot": 495629057, "fee": 15000, "units_consumed": 7110, "declared_cu": 1200000, "wire_bytes": 3888, "explorer": "https://explorer.solana.com/tx/3fgxVZSQJgaabxjf2bB6Dgkd15deJJ6ZwkvzH2r798ywmwmWVtM2PRB5iUjq6W76ejMpyUX6cTQjYoQjBFodzVHP?cluster=devnet"}
{"name": "verifier-loader-batch-375600", "signature": "2tJsFb5jYCgRAPvzG5S1TtYExWES6z9gujg9MvjMM598B8ZtkufKzVW8kKJhwjUGewoyRJwLEQuDwwNoYaBgNbC8", "slot": 495629064, "fee": 15000, "units_consumed": 7110, "declared_cu": 1200000, "wire_bytes": 3888, "explorer": "https://explorer.solana.com/tx/2tJsFb5jYCgRAPvzG5S1TtYExWES6z9gujg9MvjMM598B8ZtkufKzVW8kKJhwjUGewoyRJwLEQuDwwNoYaBgNbC8?cluster=devnet"}
{"name": "verifier-loader-batch-379200", "signature": "3DXk8S1Greo8uCLhxKsVdfXxr6gdJhbqzhxBQZufBqqtLZHg9yD5fVi4qcZ1vTLKirU4PzZwbxxW9cebqA1CzUeA", "slot": 495629072, "fee": 15000, "units_consumed": 7110, "declared_cu": 1200000, "wire_bytes": 3888, "explorer": "https://explorer.solana.com/tx/3DXk8S1Greo8uCLhxKsVdfXxr6gdJhbqzhxBQZufBqqtLZHg9yD5fVi4qcZ1vTLKirU4PzZwbxxW9cebqA1CzUeA?cluster=devnet"}
{"name": "verifier-loader-batch-382800", "signature": "vhmtEzkCD6c8QE5KWDmn9hj3QRFMNEGjyjFRemDrKSG9FmK8pNsu2DsXJ1jMH6itnfQ67UvVphSsv3m8gwmBUgN", "slot": 495629089, "fee": 15000, "units_consumed": 7110, "declared_cu": 1200000, "wire_bytes": 3888, "explorer": "https://explorer.solana.com/tx/vhmtEzkCD6c8QE5KWDmn9hj3QRFMNEGjyjFRemDrKSG9FmK8pNsu2DsXJ1jMH6itnfQ67UvVphSsv3m8gwmBUgN?cluster=devnet"}
{"name": "verifier-loader-batch-386400", "signature": "4GCWncPrbVepXVt9QsYLQtxQUF9yU3UETvpfd6fUBMcBAKqwvGwybpEWjUqumAJkPb9XHspapt9SENVU4XYTxLD8", "slot": 495629099, "fee": 15000, "units_consumed": 7110, "declared_cu": 1200000, "wire_bytes": 3888, "explorer": "https://explorer.solana.com/tx/4GCWncPrbVepXVt9QsYLQtxQUF9yU3UETvpfd6fUBMcBAKqwvGwybpEWjUqumAJkPb9XHspapt9SENVU4XYTxLD8?cluster=devnet"}
{"name": "verifier-loader-batch-390000", "signature": "4E4Kv4X48zVekjbzQFoygQF9br8gHHxrV3uDdyGivhXSyCMrDtDrRmEPKyhY7QFKLujQP6eqDyTUZZ4oxf9W8Ggn", "slot": 495629110, "fee": 15000, "units_consumed": 7110, "declared_cu": 1200000, "wire_bytes": 3888, "explorer": "https://explorer.solana.com/tx/4E4Kv4X48zVekjbzQFoygQF9br8gHHxrV3uDdyGivhXSyCMrDtDrRmEPKyhY7QFKLujQP6eqDyTUZZ4oxf9W8Ggn?cluster=devnet"}
{"name": "verifier-loader-batch-393600", "signature": "2ArgQ148wQUzc4M7ZJhkJaMnN8PWKdH1J6uGNGWqbn56cADzF1uw5VJ3UDL5i5YdUJUv6vKWRgUPTzHYrs58Hb91", "slot": 495629124, "fee": 15000, "units_consumed": 7110, "declared_cu": 1200000, "wire_bytes": 3888, "explorer": "https://explorer.solana.com/tx/2ArgQ148wQUzc4M7ZJhkJaMnN8PWKdH1J6uGNGWqbn56cADzF1uw5VJ3UDL5i5YdUJUv6vKWRgUPTzHYrs58Hb91?cluster=devnet"}
{"name": "verifier-loader-batch-397200", "signature": "5PucsWR9qZtVqxnddba2iAriDBGuZtdnkxTUMG8S72C3QQDrQhxbfbwH7qREB5d9p1Rz554QT5CuVFUdNKb5USkD", "slot": 495629139, "fee": 15000, "units_consumed": 7110, "declared_cu": 1200000, "wire_bytes": 3888, "explorer": "https://explorer.solana.com/tx/5PucsWR9qZtVqxnddba2iAriDBGuZtdnkxTUMG8S72C3QQDrQhxbfbwH7qREB5d9p1Rz554QT5CuVFUdNKb5USkD?cluster=devnet"}
{"name": "verifier-loader-batch-400800", "signature": "2jzZ77JehC4Pb3VnjuEtFVMUY3MLzhin2i9ABtSAYX17s1Dskpf4xAfp7hgka71yQCmgAsUGLJ7gqv3wusXNz884", "slot": 495629152, "fee": 15000, "units_consumed": 7110, "declared_cu": 1200000, "wire_bytes": 3888, "explorer": "https://explorer.solana.com/tx/2jzZ77JehC4Pb3VnjuEtFVMUY3MLzhin2i9ABtSAYX17s1Dskpf4xAfp7hgka71yQCmgAsUGLJ7gqv3wusXNz884?cluster=devnet"}
{"name": "verifier-loader-batch-404400", "signature": "2Xr9FBhgxrafTzQReQA1ER7gHt5BunLLUKYeB6jCcBp8yCPaoaE5N4dMxZX4bFi85rt5nSdiybZXiUNuUxUV72Eg", "slot": 495629160, "fee": 15000, "units_consumed": 7110, "declared_cu": 1200000, "wire_bytes": 3888, "explorer": "https://explorer.solana.com/tx/2Xr9FBhgxrafTzQReQA1ER7gHt5BunLLUKYeB6jCcBp8yCPaoaE5N4dMxZX4bFi85rt5nSdiybZXiUNuUxUV72Eg?cluster=devnet"}
{"name": "verifier-loader-batch-408000", "signature": "3xio6JsWrfQMHMMppV9iLd9pn2HJyinaXxZMWqeuk3MYAkx2mmYLr1kMaawrKWiZjTST51rU4CNuatuDQu5KZgsN", "slot": 495629174, "fee": 15000, "units_consumed": 7110, "declared_cu": 1200000, "wire_bytes": 3888, "explorer": "https://explorer.solana.com/tx/3xio6JsWrfQMHMMppV9iLd9pn2HJyinaXxZMWqeuk3MYAkx2mmYLr1kMaawrKWiZjTST51rU4CNuatuDQu5KZgsN?cluster=devnet"}
{"name": "verifier-loader-batch-411600", "signature": "2auXerdHz8vP5hmjr9m5y8MkbcxGzyjgMUx2VBxwHrQRckKTrPLMGGCz82tSS5PxMMWAyF41XUabqLP1wJU7yKFH", "slot": 495629186, "fee": 15000, "units_consumed": 7110, "declared_cu": 1200000, "wire_bytes": 3888, "explorer": "https://explorer.solana.com/tx/2auXerdHz8vP5hmjr9m5y8MkbcxGzyjgMUx2VBxwHrQRckKTrPLMGGCz82tSS5PxMMWAyF41XUabqLP1wJU7yKFH?cluster=devnet"}
{"name": "verifier-loader-batch-415200", "signature": "62HYzZNa2fX1ee1tAAbNDjdVRwwzzv64X9H9qyzkhCuSo8vVpQ7U88BZvTC5PpSXHFBVAQcUXXLWQMLH7e9UqiXG", "slot": 495629193, "fee": 15000, "units_consumed": 7110, "declared_cu": 1200000, "wire_bytes": 3888, "explorer": "https://explorer.solana.com/tx/62HYzZNa2fX1ee1tAAbNDjdVRwwzzv64X9H9qyzkhCuSo8vVpQ7U88BZvTC5PpSXHFBVAQcUXXLWQMLH7e9UqiXG?cluster=devnet"}
{"name": "verifier-loader-batch-418800", "signature": "3GZJjrSv6GZvVVhez9JrR7Ass4BbGszR5TxRnX7cyvECmHbkYAftTy94tvdkYpMoAvLZGRPrmNWDCohqhPY1sYJY", "slot": 495629205, "fee": 15000, "units_consumed": 7110, "declared_cu": 1200000, "wire_bytes": 3888, "explorer": "https://explorer.solana.com/tx/3GZJjrSv6GZvVVhez9JrR7Ass4BbGszR5TxRnX7cyvECmHbkYAftTy94tvdkYpMoAvLZGRPrmNWDCohqhPY1sYJY?cluster=devnet"}
{"name": "verifier-loader-batch-422400", "signature": "cuSdNftv2uiN2ySJNQd6ifwk6YwqqL6m7aRd3PshRruKbECDSDSexEucFA4TxJKmzuGBRCteCv8ffY2GPTnPHnQ", "slot": 495629223, "fee": 15000, "units_consumed": 7110, "declared_cu": 1200000, "wire_bytes": 3888, "explorer": "https://explorer.solana.com/tx/cuSdNftv2uiN2ySJNQd6ifwk6YwqqL6m7aRd3PshRruKbECDSDSexEucFA4TxJKmzuGBRCteCv8ffY2GPTnPHnQ?cluster=devnet"}
{"name": "verifier-loader-batch-426000", "signature": "2R6cowiRa7dd5o1A9n3XdW9KHNfLGhviRw7NRwARajNiPTeuuVNyzwVAAEnji8R8pvRjZ8YX18GQhvnQgMxZvwAz", "slot": 495629216, "fee": 15000, "units_consumed": 7110, "declared_cu": 1200000, "wire_bytes": 3888, "explorer": "https://explorer.solana.com/tx/2R6cowiRa7dd5o1A9n3XdW9KHNfLGhviRw7NRwARajNiPTeuuVNyzwVAAEnji8R8pvRjZ8YX18GQhvnQgMxZvwAz?cluster=devnet"}
{"name": "verifier-loader-batch-429600", "signature": "63nMSMjzuEgwtiEek7RSgvHqXFWHKKPsoL4mEjBjGh6E1RWTyJvEEtnrH8qNHLmQZtQVqAsAGNhq6uVUsCTuyB87", "slot": 495629226, "fee": 15000, "units_consumed": 7110, "declared_cu": 1200000, "wire_bytes": 3888, "explorer": "https://explorer.solana.com/tx/63nMSMjzuEgwtiEek7RSgvHqXFWHKKPsoL4mEjBjGh6E1RWTyJvEEtnrH8qNHLmQZtQVqAsAGNhq6uVUsCTuyB87?cluster=devnet"}
{"name": "verifier-loader-batch-433200", "signature": "5eHjhtD7vJDnpiyrbL67bhM3jXT8GkN2s2eDLbsGBW5q5MQywYfECWaExnvtvFFy5564Z6i3TaF85YzvSmXf5ZUo", "slot": 495629238, "fee": 15000, "units_consumed": 7110, "declared_cu": 1200000, "wire_bytes": 3888, "explorer": "https://explorer.solana.com/tx/5eHjhtD7vJDnpiyrbL67bhM3jXT8GkN2s2eDLbsGBW5q5MQywYfECWaExnvtvFFy5564Z6i3TaF85YzvSmXf5ZUo?cluster=devnet"}
{"name": "verifier-loader-batch-436800", "signature": "2Dqzq3Td5mrrqE8mzBNPc97SW9hiZJWAAkPhVy67E1KGELMdwJSve1DAK1vTRk5cCdZWcPCtNdisLvTL8v3vbFij", "slot": 495629244, "fee": 15000, "units_consumed": 7110, "declared_cu": 1200000, "wire_bytes": 3888, "explorer": "https://explorer.solana.com/tx/2Dqzq3Td5mrrqE8mzBNPc97SW9hiZJWAAkPhVy67E1KGELMdwJSve1DAK1vTRk5cCdZWcPCtNdisLvTL8v3vbFij?cluster=devnet"}
{"name": "verifier-loader-batch-440400", "signature": "5tuvUUHfUquAnsfZxNHTmXG4xsvwSRSgFEdF8zAqPpUBND1fSD4ZRtBSbxhZLUothKHBxCa3LMroomewuBHAq2i6", "slot": 495629253, "fee": 15000, "units_consumed": 7110, "declared_cu": 1200000, "wire_bytes": 3888, "explorer": "https://explorer.solana.com/tx/5tuvUUHfUquAnsfZxNHTmXG4xsvwSRSgFEdF8zAqPpUBND1fSD4ZRtBSbxhZLUothKHBxCa3LMroomewuBHAq2i6?cluster=devnet"}
{"name": "verifier-loader-batch-444000", "signature": "49yzqr31WvC9LEuoqtJQhNxKhVpwMPpnhXzHArw2HavCn9S4JmYsvD8faB6rNJJ1ZVjLsMhTm9RCKkxdDYytH6Dj", "slot": 495629264, "fee": 15000, "units_consumed": 7110, "declared_cu": 1200000, "wire_bytes": 3888, "explorer": "https://explorer.solana.com/tx/49yzqr31WvC9LEuoqtJQhNxKhVpwMPpnhXzHArw2HavCn9S4JmYsvD8faB6rNJJ1ZVjLsMhTm9RCKkxdDYytH6Dj?cluster=devnet"}
{"name": "verifier-loader-batch-447600", "signature": "3LGXaWdTuqao8jEdYKbrdMiZnSskRpAxpAQGeoEZs8FSdBhpJg7wRysxvqJFwzg7JvkcExaobYrXhyhvLii4pax8", "slot": 495629270, "fee": 15000, "units_consumed": 7110, "declared_cu": 1200000, "wire_bytes": 3888, "explorer": "https://explorer.solana.com/tx/3LGXaWdTuqao8jEdYKbrdMiZnSskRpAxpAQGeoEZs8FSdBhpJg7wRysxvqJFwzg7JvkcExaobYrXhyhvLii4pax8?cluster=devnet"}
{"name": "verifier-loader-batch-451200", "signature": "2s15QzepHMiZMLoLgYoSBbu36gRohaAJFRWTpCKZx85GyTiCbsXWANqGrxFVXWxhpYwTFjLuyGRo1kCERToLUPnG", "slot": 495629278, "fee": 15000, "units_consumed": 7110, "declared_cu": 1200000, "wire_bytes": 3888, "explorer": "https://explorer.solana.com/tx/2s15QzepHMiZMLoLgYoSBbu36gRohaAJFRWTpCKZx85GyTiCbsXWANqGrxFVXWxhpYwTFjLuyGRo1kCERToLUPnG?cluster=devnet"}
{"name": "verifier-loader-batch-454800", "signature": "4nXgeqQZfbkHxvJ3no9yrSsQU11REyHY1n24q733V99bTLqzFBG1mss3crdbZFbEjo7hzUN8sPkkYiG5ezm8u7V9", "slot": 495629287, "fee": 15000, "units_consumed": 7110, "declared_cu": 1200000, "wire_bytes": 3888, "explorer": "https://explorer.solana.com/tx/4nXgeqQZfbkHxvJ3no9yrSsQU11REyHY1n24q733V99bTLqzFBG1mss3crdbZFbEjo7hzUN8sPkkYiG5ezm8u7V9?cluster=devnet"}
{"name": "verifier-loader-batch-458400", "signature": "2dXSkLNZjBcVMHddUtqeaWhMVqo9AcsWi8wtnjBycJyseRcGeK3dk7mhQVvLidE7pWKAs7dY7UME3tAdB42gCQFP", "slot": 495629293, "fee": 15000, "units_consumed": 7110, "declared_cu": 1200000, "wire_bytes": 3888, "explorer": "https://explorer.solana.com/tx/2dXSkLNZjBcVMHddUtqeaWhMVqo9AcsWi8wtnjBycJyseRcGeK3dk7mhQVvLidE7pWKAs7dY7UME3tAdB42gCQFP?cluster=devnet"}
{"name": "verifier-loader-batch-462000", "signature": "3cD3cBAsgwTgYeryuccJrRZZ8TGhJfzr3PuVkuAXMrntzA1acPP98eMQ2YqK4tQRhgFrKR3FtdDVb5Hkrno732WV", "slot": 495629300, "fee": 15000, "units_consumed": 7110, "declared_cu": 1200000, "wire_bytes": 3888, "explorer": "https://explorer.solana.com/tx/3cD3cBAsgwTgYeryuccJrRZZ8TGhJfzr3PuVkuAXMrntzA1acPP98eMQ2YqK4tQRhgFrKR3FtdDVb5Hkrno732WV?cluster=devnet"}
{"name": "verifier-loader-batch-465600", "signature": "3eDQS2q5JZmz7uyqNvNeYamtS6N14LBYS3d27Ji9U4wh4Cwd3rLbH7nmmvvFwRjng9CsBfaWbqStS9Cs23RaisjA", "slot": 495629312, "fee": 15000, "units_consumed": 7110, "declared_cu": 1200000, "wire_bytes": 3888, "explorer": "https://explorer.solana.com/tx/3eDQS2q5JZmz7uyqNvNeYamtS6N14LBYS3d27Ji9U4wh4Cwd3rLbH7nmmvvFwRjng9CsBfaWbqStS9Cs23RaisjA?cluster=devnet"}
{"name": "verifier-loader-batch-469200", "signature": "yMazM5U887D4ThNo6oecb3Uhe3qzRDknJQ44KZ65ti8okhdtdBJGDgVNPQzxnRZCT7WNZkmtuEbGovJpZpNcoXP", "slot": 495629319, "fee": 15000, "units_consumed": 7110, "declared_cu": 1200000, "wire_bytes": 3888, "explorer": "https://explorer.solana.com/tx/yMazM5U887D4ThNo6oecb3Uhe3qzRDknJQ44KZ65ti8okhdtdBJGDgVNPQzxnRZCT7WNZkmtuEbGovJpZpNcoXP?cluster=devnet"}
{"name": "verifier-loader-batch-472800", "signature": "2rHuxFBQbFeVWPu73BiBNHuqWWWdsEiNcHq3AWdjaaCtBg6Z7T1BwFhg7QawLm4tFnigz5qrsUsP79rcvmz9iSir", "slot": 495629330, "fee": 15000, "units_consumed": 7110, "declared_cu": 1200000, "wire_bytes": 3888, "explorer": "https://explorer.solana.com/tx/2rHuxFBQbFeVWPu73BiBNHuqWWWdsEiNcHq3AWdjaaCtBg6Z7T1BwFhg7QawLm4tFnigz5qrsUsP79rcvmz9iSir?cluster=devnet"}
{"name": "verifier-loader-batch-476400", "signature": "5dfLEjajGZgz4uM2sKG477yD4J8ervKov3SdmYqCAcHmyPisQjrEdJrWxtVpg8uz25QnaxzfUhUUneneWymTqsgF", "slot": 495629346, "fee": 15000, "units_consumed": 7110, "declared_cu": 1200000, "wire_bytes": 3888, "explorer": "https://explorer.solana.com/tx/5dfLEjajGZgz4uM2sKG477yD4J8ervKov3SdmYqCAcHmyPisQjrEdJrWxtVpg8uz25QnaxzfUhUUneneWymTqsgF?cluster=devnet"}
{"name": "verifier-loader-batch-480000", "signature": "5vKATdXfeVbc2tXzwJoqts4NPdaN17zPzqy4qkizVgifwVfdEnxKMLgczYfFDWrKJ97w48tDv5di53jvjtNfwed2", "slot": 495629361, "fee": 15000, "units_consumed": 7110, "declared_cu": 1200000, "wire_bytes": 3888, "explorer": "https://explorer.solana.com/tx/5vKATdXfeVbc2tXzwJoqts4NPdaN17zPzqy4qkizVgifwVfdEnxKMLgczYfFDWrKJ97w48tDv5di53jvjtNfwed2?cluster=devnet"}
{"name": "verifier-loader-batch-483600", "signature": "2QDCqYHM4vFRHtayCMjw1ejQKMZTiuiPmfShgo6HKfCJh7W2QPfza2aWX7cyJB5AjCHnoJezMAJEqyHsAbMHU1rq", "slot": 495629373, "fee": 15000, "units_consumed": 7110, "declared_cu": 1200000, "wire_bytes": 3888, "explorer": "https://explorer.solana.com/tx/2QDCqYHM4vFRHtayCMjw1ejQKMZTiuiPmfShgo6HKfCJh7W2QPfza2aWX7cyJB5AjCHnoJezMAJEqyHsAbMHU1rq?cluster=devnet"}
{"name": "verifier-loader-batch-487200", "signature": "5fhZaJoMM6fFyAvVQ1jZkarEQbnyc8MDAeGNUUYHAb5fY8zjhhbVwqRpwBYxFHA7mt4JS4V2EwPsLyCDwxCGoPhZ", "slot": 495629384, "fee": 15000, "units_consumed": 7110, "declared_cu": 1200000, "wire_bytes": 3888, "explorer": "https://explorer.solana.com/tx/5fhZaJoMM6fFyAvVQ1jZkarEQbnyc8MDAeGNUUYHAb5fY8zjhhbVwqRpwBYxFHA7mt4JS4V2EwPsLyCDwxCGoPhZ?cluster=devnet"}
{"name": "verifier-loader-batch-490800", "signature": "5t8hSCrVBCTS6LExLXwedYUqCYGkhTnYPfKRc9WNdsX7VD2nR4Anq62JoCGws8jzHPrNM9gV1g4AsKxZd4hGXE9C", "slot": 495629391, "fee": 15000, "units_consumed": 7110, "declared_cu": 1200000, "wire_bytes": 3888, "explorer": "https://explorer.solana.com/tx/5t8hSCrVBCTS6LExLXwedYUqCYGkhTnYPfKRc9WNdsX7VD2nR4Anq62JoCGws8jzHPrNM9gV1g4AsKxZd4hGXE9C?cluster=devnet"}
{"name": "verifier-loader-batch-494400", "signature": "VswNPAEKYSLi2ps2HxPeRx2ayC9rZpMCXLnYhHRf57SWmZU7hhJU74wawD5btu8pUhhqmHTupYk8GtpfRaktAx1", "slot": 495629398, "fee": 15000, "units_consumed": 7110, "declared_cu": 1200000, "wire_bytes": 3888, "explorer": "https://explorer.solana.com/tx/VswNPAEKYSLi2ps2HxPeRx2ayC9rZpMCXLnYhHRf57SWmZU7hhJU74wawD5btu8pUhhqmHTupYk8GtpfRaktAx1?cluster=devnet"}
{"name": "verifier-loader-batch-498000", "signature": "i24QvgnTNdMC3EqkQmh3VpWTzySBDhFeWmbUR5hJHPg2AjoqN8Fy736APgpMFbGUJnTt1THSdUF5XL9dShFocSa", "slot": 495629408, "fee": 15000, "units_consumed": 7110, "declared_cu": 1200000, "wire_bytes": 3888, "explorer": "https://explorer.solana.com/tx/i24QvgnTNdMC3EqkQmh3VpWTzySBDhFeWmbUR5hJHPg2AjoqN8Fy736APgpMFbGUJnTt1THSdUF5XL9dShFocSa?cluster=devnet"}
{"name": "verifier-loader-batch-501600", "signature": "n5hhydAL3L8iWCFNGv2JptbFM1UTudeisNvLtdYQWWgUEDfyXFSHQ5TKK2DY9ctZmLJo4QubY8GjDiRzfnE8mkH", "slot": 495629416, "fee": 15000, "units_consumed": 7110, "declared_cu": 1200000, "wire_bytes": 3888, "explorer": "https://explorer.solana.com/tx/n5hhydAL3L8iWCFNGv2JptbFM1UTudeisNvLtdYQWWgUEDfyXFSHQ5TKK2DY9ctZmLJo4QubY8GjDiRzfnE8mkH?cluster=devnet"}
{"name": "verifier-loader-batch-505200", "signature": "4s3zzNph9hEn4wzz212WmLHyVuXK4eXvsauFJQPd2FxvPT4hBQoXtMyz8HCBQhEwhUARRVtoUd5xFQtZ4YqoDr65", "slot": 495629431, "fee": 15000, "units_consumed": 7110, "declared_cu": 1200000, "wire_bytes": 3888, "explorer": "https://explorer.solana.com/tx/4s3zzNph9hEn4wzz212WmLHyVuXK4eXvsauFJQPd2FxvPT4hBQoXtMyz8HCBQhEwhUARRVtoUd5xFQtZ4YqoDr65?cluster=devnet"}
{"name": "verifier-loader-batch-508800", "signature": "4dReJctxiw8avvmLKFF8Wakjv7ZKCssBXVV7mnJ4tHiuAkEHLKMjquKbbksVBw8ihdh1rorrrhnLSagPLW7UhryB", "slot": 495629446, "fee": 15000, "units_consumed": 7110, "declared_cu": 1200000, "wire_bytes": 3888, "explorer": "https://explorer.solana.com/tx/4dReJctxiw8avvmLKFF8Wakjv7ZKCssBXVV7mnJ4tHiuAkEHLKMjquKbbksVBw8ihdh1rorrrhnLSagPLW7UhryB?cluster=devnet"}
{"name": "verifier-loader-batch-512400", "signature": "3gHS1TiWRoJcsemPb1hSvAHdqKmrBTXVwjndFRNXXm3oJWB2dhFzgLN8UpKRh5MPGLUxNVY6Y1Ct12Mqa47vHLGf", "slot": 495629460, "fee": 15000, "units_consumed": 7110, "declared_cu": 1200000, "wire_bytes": 3888, "explorer": "https://explorer.solana.com/tx/3gHS1TiWRoJcsemPb1hSvAHdqKmrBTXVwjndFRNXXm3oJWB2dhFzgLN8UpKRh5MPGLUxNVY6Y1Ct12Mqa47vHLGf?cluster=devnet"}
{"name": "verifier-loader-batch-516000", "signature": "2AmrczJM1q776Y9wKpAsWfVp1G5V8jwmkTkqvmPfu1Ba2QYCCsMTfFve8MRchQhTDrCstB7GiVFq8u2bxpassVrr", "slot": 495629477, "fee": 15000, "units_consumed": 7110, "declared_cu": 1200000, "wire_bytes": 3888, "explorer": "https://explorer.solana.com/tx/2AmrczJM1q776Y9wKpAsWfVp1G5V8jwmkTkqvmPfu1Ba2QYCCsMTfFve8MRchQhTDrCstB7GiVFq8u2bxpassVrr?cluster=devnet"}
{"name": "verifier-loader-batch-519600", "signature": "4YL1WpZkUS46zmBT6A8E65FvcZEiYezeYnns22zqVNdbV599M4ZeYep41oQwa4TMvtQ2xq6gg636EMgJZb4QPzpX", "slot": 495629492, "fee": 15000, "units_consumed": 7110, "declared_cu": 1200000, "wire_bytes": 3888, "explorer": "https://explorer.solana.com/tx/4YL1WpZkUS46zmBT6A8E65FvcZEiYezeYnns22zqVNdbV599M4ZeYep41oQwa4TMvtQ2xq6gg636EMgJZb4QPzpX?cluster=devnet"}
{"name": "verifier-loader-batch-523200", "signature": "Me5vbgZsoPssJ8Q2wYoJpRswhC3UmfuYL99vGZQHuDYdRcNN2VrSgELbBzMGJWNWU5ALhDaP8WeMPWwXeDEaYcB", "slot": 495629501, "fee": 15000, "units_consumed": 7110, "declared_cu": 1200000, "wire_bytes": 3888, "explorer": "https://explorer.solana.com/tx/Me5vbgZsoPssJ8Q2wYoJpRswhC3UmfuYL99vGZQHuDYdRcNN2VrSgELbBzMGJWNWU5ALhDaP8WeMPWwXeDEaYcB?cluster=devnet"}
{"name": "verifier-loader-batch-526800", "signature": "4yZY7cwi8LfH3zeRghTt6NYPks6Wzbu8bLyeRWfRBm7qka3jBMxDJuRS97wRA74mVtTCyog7yP3jNP4NyShawFwF", "slot": 495629512, "fee": 15000, "units_consumed": 7110, "declared_cu": 1200000, "wire_bytes": 3888, "explorer": "https://explorer.solana.com/tx/4yZY7cwi8LfH3zeRghTt6NYPks6Wzbu8bLyeRWfRBm7qka3jBMxDJuRS97wRA74mVtTCyog7yP3jNP4NyShawFwF?cluster=devnet"}
{"name": "verifier-loader-batch-530400", "signature": "5wVXBeq6XCe1EMwZfWFgFStXYPpsCfpXdnEMAiAK5KanMctva4ctdj6ZBU8KmZ7ut6cX2xkTEjRAtbmW96c1HTN3", "slot": 495629525, "fee": 15000, "units_consumed": 7110, "declared_cu": 1200000, "wire_bytes": 3888, "explorer": "https://explorer.solana.com/tx/5wVXBeq6XCe1EMwZfWFgFStXYPpsCfpXdnEMAiAK5KanMctva4ctdj6ZBU8KmZ7ut6cX2xkTEjRAtbmW96c1HTN3?cluster=devnet"}
{"name": "verifier-loader-batch-534000", "signature": "5y3rbVr2o1PR54tQh6j7bjvVQy7GyxmRXMhLquw1VsGKUyXbxuKcQsrUNFFY5A7Vi8GuYbkyHZGAVjikpX8TaNXZ", "slot": 495629540, "fee": 15000, "units_consumed": 7110, "declared_cu": 1200000, "wire_bytes": 3888, "explorer": "https://explorer.solana.com/tx/5y3rbVr2o1PR54tQh6j7bjvVQy7GyxmRXMhLquw1VsGKUyXbxuKcQsrUNFFY5A7Vi8GuYbkyHZGAVjikpX8TaNXZ?cluster=devnet"}
{"name": "verifier-loader-batch-537600", "signature": "571uZ8rDVPqgg9tbVUXRTbZxHFxRVRvzXGbaL3nf3iCJ4sHqmKUa1TyyPihswFVU7gVk88op7FYyuadnYsBhXTz9", "slot": 495629552, "fee": 15000, "units_consumed": 7110, "declared_cu": 1200000, "wire_bytes": 3888, "explorer": "https://explorer.solana.com/tx/571uZ8rDVPqgg9tbVUXRTbZxHFxRVRvzXGbaL3nf3iCJ4sHqmKUa1TyyPihswFVU7gVk88op7FYyuadnYsBhXTz9?cluster=devnet"}
{"name": "verifier-loader-batch-541200", "signature": "5163grQEAkbGSQsq37SQ4fxEgBMa4SA2gm9pgd7dq7VT6cuf62vHdwuNuDJw5Xx5YVPpQijWu3wcJS5PuUqxQXPD", "slot": 495629568, "fee": 15000, "units_consumed": 7110, "declared_cu": 1200000, "wire_bytes": 3888, "explorer": "https://explorer.solana.com/tx/5163grQEAkbGSQsq37SQ4fxEgBMa4SA2gm9pgd7dq7VT6cuf62vHdwuNuDJw5Xx5YVPpQijWu3wcJS5PuUqxQXPD?cluster=devnet"}
{"name": "verifier-loader-batch-544800", "signature": "3tDtrryN7ZEySQtsbyvU7yDiLpREJ5gruUbMSLxWQSFFUzEjTyhX51TE2A3ztB52X9PNWE6pdSBUim5QXV1ChmXY", "slot": 495629574, "fee": 15000, "units_consumed": 7110, "declared_cu": 1200000, "wire_bytes": 3888, "explorer": "https://explorer.solana.com/tx/3tDtrryN7ZEySQtsbyvU7yDiLpREJ5gruUbMSLxWQSFFUzEjTyhX51TE2A3ztB52X9PNWE6pdSBUim5QXV1ChmXY?cluster=devnet"}
{"name": "verifier-loader-batch-548400", "signature": "uXrMo4RHRAq8LzBAKDdNiqe7x98t2yJ1eMqcRs6XFiJu6RUfiZpaKu8Cxj5mr33qii5UA3j28FbrTokMY2Q4uVM", "slot": 495629587, "fee": 15000, "units_consumed": 7110, "declared_cu": 1200000, "wire_bytes": 3888, "explorer": "https://explorer.solana.com/tx/uXrMo4RHRAq8LzBAKDdNiqe7x98t2yJ1eMqcRs6XFiJu6RUfiZpaKu8Cxj5mr33qii5UA3j28FbrTokMY2Q4uVM?cluster=devnet"}
{"name": "verifier-loader-batch-552000", "signature": "6LNgVFd7AxjvT1TLmSX789JDYFbieCVgHDQiEwtpPDqQhfevMTpQEghgZWJWy15etMp92t8uVu3sJUohyNVwtsr", "slot": 495629599, "fee": 15000, "units_consumed": 7110, "declared_cu": 1200000, "wire_bytes": 3888, "explorer": "https://explorer.solana.com/tx/6LNgVFd7AxjvT1TLmSX789JDYFbieCVgHDQiEwtpPDqQhfevMTpQEghgZWJWy15etMp92t8uVu3sJUohyNVwtsr?cluster=devnet"}
{"name": "verifier-loader-batch-555600", "signature": "5vLkFBA1BkNTFRGeBWD8jPX2UatkfaVnNAjZ4ABQhK71hG1YiJCh1Sm9j9cJ9rerTSF3dubJcNMdQJQjCG5zpjVS", "slot": 495629610, "fee": 15000, "units_consumed": 7110, "declared_cu": 1200000, "wire_bytes": 3888, "explorer": "https://explorer.solana.com/tx/5vLkFBA1BkNTFRGeBWD8jPX2UatkfaVnNAjZ4ABQhK71hG1YiJCh1Sm9j9cJ9rerTSF3dubJcNMdQJQjCG5zpjVS?cluster=devnet"}
{"name": "verifier-loader-batch-559200", "signature": "3E2fppvfT4XM2FuWa9KWCy7NhFCRucmJKpNLRbKeMxmGG6bXyfMaGiTwpNMe8TmJKJsn7zhrU2Sq9QsrUUkYtSLo", "slot": 495629622, "fee": 15000, "units_consumed": 7110, "declared_cu": 1200000, "wire_bytes": 3888, "explorer": "https://explorer.solana.com/tx/3E2fppvfT4XM2FuWa9KWCy7NhFCRucmJKpNLRbKeMxmGG6bXyfMaGiTwpNMe8TmJKJsn7zhrU2Sq9QsrUUkYtSLo?cluster=devnet"}
{"name": "verifier-loader-batch-562800", "signature": "5Ns12yafEjuKxd4TTWrUWWauu6JQ62pTBeSXhv5hmFwP99QVNWRdHMfK6phJicUSXLMz5hyDpwMm4fCApJRB4Sji", "slot": 495629632, "fee": 15000, "units_consumed": 7110, "declared_cu": 1200000, "wire_bytes": 3888, "explorer": "https://explorer.solana.com/tx/5Ns12yafEjuKxd4TTWrUWWauu6JQ62pTBeSXhv5hmFwP99QVNWRdHMfK6phJicUSXLMz5hyDpwMm4fCApJRB4Sji?cluster=devnet"}
{"name": "verifier-loader-batch-566400", "signature": "5rL1jUh2PVEdLh6XUVNCyz9RiRZdMuBA9e4f2sEMWHRwr6njaPqVufVgpkUxH87kaU7wXpQe7x1TftkaRnWJmmek", "slot": 495629644, "fee": 15000, "units_consumed": 7110, "declared_cu": 1200000, "wire_bytes": 3888, "explorer": "https://explorer.solana.com/tx/5rL1jUh2PVEdLh6XUVNCyz9RiRZdMuBA9e4f2sEMWHRwr6njaPqVufVgpkUxH87kaU7wXpQe7x1TftkaRnWJmmek?cluster=devnet"}
{"name": "verifier-loader-batch-570000", "signature": "66FF7r5hsHneScBhnFn1cuC46RhteVsLhZLdFxxjJVPpREdCVXxkWJH1PsomBDijfbMiZp3EN4S9JoT71GH6RNKu", "slot": 495629652, "fee": 15000, "units_consumed": 7110, "declared_cu": 1200000, "wire_bytes": 3888, "explorer": "https://explorer.solana.com/tx/66FF7r5hsHneScBhnFn1cuC46RhteVsLhZLdFxxjJVPpREdCVXxkWJH1PsomBDijfbMiZp3EN4S9JoT71GH6RNKu?cluster=devnet"}
{"name": "verifier-loader-batch-573600", "signature": "RBi3Bz9qowe3d6CkmtpJAn28U4AMXgxqNutx4tKbNf6ZGHfPAc1aC5UozmZiZFZcezCFUaJLQ4JyiumNzAjCxML", "slot": 495629660, "fee": 15000, "units_consumed": 7110, "declared_cu": 1200000, "wire_bytes": 3888, "explorer": "https://explorer.solana.com/tx/RBi3Bz9qowe3d6CkmtpJAn28U4AMXgxqNutx4tKbNf6ZGHfPAc1aC5UozmZiZFZcezCFUaJLQ4JyiumNzAjCxML?cluster=devnet"}
{"name": "verifier-loader-batch-577200", "signature": "snXtBxBtQXvFDupWgUcqvMDzUkyNJWtMB57dxFsgfBWS5r1HosCkiE5qUNPHkcm8PEGvRYWrpVg8r4dKZoiZeLy", "slot": 495629670, "fee": 15000, "units_consumed": 7110, "declared_cu": 1200000, "wire_bytes": 3888, "explorer": "https://explorer.solana.com/tx/snXtBxBtQXvFDupWgUcqvMDzUkyNJWtMB57dxFsgfBWS5r1HosCkiE5qUNPHkcm8PEGvRYWrpVg8r4dKZoiZeLy?cluster=devnet"}
{"name": "verifier-loader-batch-580800", "signature": "4jexhqME35pbxKf4Btw7taE6XVpLViwdFWtxS8QfuB4NX1fjB8QCeM5Bu72yGZiEsC3XbGXjk17bu6NUcaj6QsYE", "slot": 495629685, "fee": 15000, "units_consumed": 7110, "declared_cu": 1200000, "wire_bytes": 3888, "explorer": "https://explorer.solana.com/tx/4jexhqME35pbxKf4Btw7taE6XVpLViwdFWtxS8QfuB4NX1fjB8QCeM5Bu72yGZiEsC3XbGXjk17bu6NUcaj6QsYE?cluster=devnet"}
{"name": "verifier-loader-batch-584400", "signature": "5XrqVHR7pmzwZPBMMPzRJtU2WasE5JyvYNgXf7r3drWp6umuivU3VdnjPuLTuS2BucRiidbwLop4uMnAi8PY5Zky", "slot": 495629691, "fee": 15000, "units_consumed": 7110, "declared_cu": 1200000, "wire_bytes": 3888, "explorer": "https://explorer.solana.com/tx/5XrqVHR7pmzwZPBMMPzRJtU2WasE5JyvYNgXf7r3drWp6umuivU3VdnjPuLTuS2BucRiidbwLop4uMnAi8PY5Zky?cluster=devnet"}
{"name": "verifier-loader-batch-588000", "signature": "2N8phZotXQ8D3izMJNa87SDys5F9tj6VaX329njMWw1BAWkkf62VBe6mGzX9bmh4vwDhmz3VG41XJj8GGYVKN66E", "slot": 495629700, "fee": 15000, "units_consumed": 7110, "declared_cu": 1200000, "wire_bytes": 3888, "explorer": "https://explorer.solana.com/tx/2N8phZotXQ8D3izMJNa87SDys5F9tj6VaX329njMWw1BAWkkf62VBe6mGzX9bmh4vwDhmz3VG41XJj8GGYVKN66E?cluster=devnet"}
{"name": "verifier-loader-batch-591600", "signature": "yW2GHrMN5uQDNf6ARief2akE32kss7GoeVuDfse9QAHGxETNvpx677vxAxyRcp7io6iunw8u4d1snAdDHx6MKfN", "slot": 495629710, "fee": 15000, "units_consumed": 7110, "declared_cu": 1200000, "wire_bytes": 3888, "explorer": "https://explorer.solana.com/tx/yW2GHrMN5uQDNf6ARief2akE32kss7GoeVuDfse9QAHGxETNvpx677vxAxyRcp7io6iunw8u4d1snAdDHx6MKfN?cluster=devnet"}
{"name": "verifier-loader-batch-595200", "signature": "5q2Ce5AomzXnrx9SL5vHm5DKfWYwfnGnAQ9BQRNxvc3nhW2qKiNjiHNssJ74RracS4LigpTDYsobSWWmcVLetZDk", "slot": 495629722, "fee": 15000, "units_consumed": 7110, "declared_cu": 1200000, "wire_bytes": 3888, "explorer": "https://explorer.solana.com/tx/5q2Ce5AomzXnrx9SL5vHm5DKfWYwfnGnAQ9BQRNxvc3nhW2qKiNjiHNssJ74RracS4LigpTDYsobSWWmcVLetZDk?cluster=devnet"}
{"name": "verifier-loader-batch-598800", "signature": "4XJtLwzBir8cY442ffy9cmdrJXoMjUwoAE494QVartZiPCTQ5dKjRPB9mwNLrorxcyPvse1q525yQwUxjjkGcZ8p", "slot": 495629735, "fee": 15000, "units_consumed": 7110, "declared_cu": 1200000, "wire_bytes": 3888, "explorer": "https://explorer.solana.com/tx/4XJtLwzBir8cY442ffy9cmdrJXoMjUwoAE494QVartZiPCTQ5dKjRPB9mwNLrorxcyPvse1q525yQwUxjjkGcZ8p?cluster=devnet"}
{"name": "verifier-loader-batch-602400", "signature": "2m28v2VCA82AssHm4TjkH68ZRNao7BPoBSnkNe3xggPA9MtvpnViu7T7H2emyQLR4hZH7L2u8Ssh4dw3EevM63pt", "slot": 495629745, "fee": 15000, "units_consumed": 7110, "declared_cu": 1200000, "wire_bytes": 3888, "explorer": "https://explorer.solana.com/tx/2m28v2VCA82AssHm4TjkH68ZRNao7BPoBSnkNe3xggPA9MtvpnViu7T7H2emyQLR4hZH7L2u8Ssh4dw3EevM63pt?cluster=devnet"}
{"name": "verifier-loader-batch-606000", "signature": "4ZbWyP4cq4VhzxSQAYuvfKoeGat6R5NmvaCuMhGr4R55bCiVyQEvPPn3xzUR3zjJHvtLsgS7YoD3RvkeMzed6Yhu", "slot": 495629759, "fee": 15000, "units_consumed": 7110, "declared_cu": 1200000, "wire_bytes": 3888, "explorer": "https://explorer.solana.com/tx/4ZbWyP4cq4VhzxSQAYuvfKoeGat6R5NmvaCuMhGr4R55bCiVyQEvPPn3xzUR3zjJHvtLsgS7YoD3RvkeMzed6Yhu?cluster=devnet"}
{"name": "verifier-loader-batch-609600", "signature": "67Tk9MgJkGk6h7xFZiHiQRua7xDp969RTZJE9EuE2RHHQ27tdAw4Ge3eTa7WL7uTKNsrmAfnd7yb2qMhAUNv6eZN", "slot": 495629776, "fee": 15000, "units_consumed": 7110, "declared_cu": 1200000, "wire_bytes": 3888, "explorer": "https://explorer.solana.com/tx/67Tk9MgJkGk6h7xFZiHiQRua7xDp969RTZJE9EuE2RHHQ27tdAw4Ge3eTa7WL7uTKNsrmAfnd7yb2qMhAUNv6eZN?cluster=devnet"}
{"name": "verifier-loader-batch-613200", "signature": "rsCJiDJdWgQxopi2WKd7BSoi14vXCFmYvfUGm2ouCVVTR7yjE6coXSyVABSEfhbt9nSaALPsDsdngZzxgZC5ti6", "slot": 495629787, "fee": 15000, "units_consumed": 7110, "declared_cu": 1200000, "wire_bytes": 3888, "explorer": "https://explorer.solana.com/tx/rsCJiDJdWgQxopi2WKd7BSoi14vXCFmYvfUGm2ouCVVTR7yjE6coXSyVABSEfhbt9nSaALPsDsdngZzxgZC5ti6?cluster=devnet"}
{"name": "verifier-loader-batch-616800", "signature": "4AvP33sky5Zg5oa9tfEWvAnQiQAYsMRhandNnVbx8A8dwHC6JEuf4SsewrxKynEQ1TWtSKoE3SX2qEDJijPKuzTf", "slot": 495629794, "fee": 15000, "units_consumed": 7110, "declared_cu": 1200000, "wire_bytes": 3888, "explorer": "https://explorer.solana.com/tx/4AvP33sky5Zg5oa9tfEWvAnQiQAYsMRhandNnVbx8A8dwHC6JEuf4SsewrxKynEQ1TWtSKoE3SX2qEDJijPKuzTf?cluster=devnet"}
{"name": "verifier-loader-batch-620400", "signature": "4pGmPfGw2TJbX2LDFupQURdCJ8pXGye9yJ9qhR4pCFSqeZmKUSTahU4b18TApfgifTrsSUakA1XZ2Y8tLGeAifiF", "slot": 495629800, "fee": 15000, "units_consumed": 7110, "declared_cu": 1200000, "wire_bytes": 3888, "explorer": "https://explorer.solana.com/tx/4pGmPfGw2TJbX2LDFupQURdCJ8pXGye9yJ9qhR4pCFSqeZmKUSTahU4b18TApfgifTrsSUakA1XZ2Y8tLGeAifiF?cluster=devnet"}
{"name": "verifier-loader-batch-624000", "signature": "Yg8pyUpTtWA6eNLm8CFHUFYQJx6Nw8Pkp6mJny5b5kzPG3gy3iZbpgdh1u4XzxgCFhZwc26wukRc2i4Uw3ZtNDf", "slot": 495629814, "fee": 15000, "units_consumed": 7110, "declared_cu": 1200000, "wire_bytes": 3888, "explorer": "https://explorer.solana.com/tx/Yg8pyUpTtWA6eNLm8CFHUFYQJx6Nw8Pkp6mJny5b5kzPG3gy3iZbpgdh1u4XzxgCFhZwc26wukRc2i4Uw3ZtNDf?cluster=devnet"}
{"name": "verifier-loader-batch-627600", "signature": "63Mm3PC68kbMNfhu51dkAECxG99feayZgcVuefBnSuk9zjxUsDfqoqCqpgjTHsSMfFTV9MW1SSR1YqUfiYNLFXvJ", "slot": 495629829, "fee": 15000, "units_consumed": 7110, "declared_cu": 1200000, "wire_bytes": 3888, "explorer": "https://explorer.solana.com/tx/63Mm3PC68kbMNfhu51dkAECxG99feayZgcVuefBnSuk9zjxUsDfqoqCqpgjTHsSMfFTV9MW1SSR1YqUfiYNLFXvJ?cluster=devnet"}
{"name": "verifier-loader-batch-631200", "signature": "4kDHXZNZB6zRrgtJcR5zEfC7QWnLKiyiGMBi6FcZYMn7QLPX88EjxqPXpygjApPdsavZdS7VFA4CJJy84JmVxxpE", "slot": 495629838, "fee": 15000, "units_consumed": 7110, "declared_cu": 1200000, "wire_bytes": 3888, "explorer": "https://explorer.solana.com/tx/4kDHXZNZB6zRrgtJcR5zEfC7QWnLKiyiGMBi6FcZYMn7QLPX88EjxqPXpygjApPdsavZdS7VFA4CJJy84JmVxxpE?cluster=devnet"}
{"name": "verifier-loader-batch-634800", "signature": "3se6QUoH7NiVmUyr42ePFuzTddYMroZn8vNBSvHWSbaNf9NqqaCddZRHE3ekrigstis5sGVsx3CSTqp37od6wmA8", "slot": 495629844, "fee": 15000, "units_consumed": 7110, "declared_cu": 1200000, "wire_bytes": 3888, "explorer": "https://explorer.solana.com/tx/3se6QUoH7NiVmUyr42ePFuzTddYMroZn8vNBSvHWSbaNf9NqqaCddZRHE3ekrigstis5sGVsx3CSTqp37od6wmA8?cluster=devnet"}
{"name": "verifier-loader-batch-638400", "signature": "53LbAHBMAD6Ke71iUpUASP8Xnj6eppHXNEcHtiWGWi7mcWxrRQ1TQKJzrWwCkH5W2BFTjiW2z48g4kHDVx6j2CyZ", "slot": 495629858, "fee": 15000, "units_consumed": 7110, "declared_cu": 1200000, "wire_bytes": 3888, "explorer": "https://explorer.solana.com/tx/53LbAHBMAD6Ke71iUpUASP8Xnj6eppHXNEcHtiWGWi7mcWxrRQ1TQKJzrWwCkH5W2BFTjiW2z48g4kHDVx6j2CyZ?cluster=devnet"}
{"name": "verifier-loader-batch-642000", "signature": "5K32su4S3GhbWjgi8VsbfUMQmpUbLoWoLW1EK4A2cspgA6jW8UdeKpf7Ca7v7RzrRUsxJ4aFAegfc67f4MGKV74h", "slot": 495629865, "fee": 15000, "units_consumed": 7110, "declared_cu": 1200000, "wire_bytes": 3888, "explorer": "https://explorer.solana.com/tx/5K32su4S3GhbWjgi8VsbfUMQmpUbLoWoLW1EK4A2cspgA6jW8UdeKpf7Ca7v7RzrRUsxJ4aFAegfc67f4MGKV74h?cluster=devnet"}
{"name": "verifier-loader-batch-645600", "signature": "3JuxRgLw7bNH12VH7pyLh8hsGhN3AZvqVZgsbrpHxkWDuvrq1XkYnJpPU4KMevXnB3G2p8JpbY54p6apLdg9Rzq9", "slot": 495629878, "fee": 15000, "units_consumed": 7110, "declared_cu": 1200000, "wire_bytes": 3888, "explorer": "https://explorer.solana.com/tx/3JuxRgLw7bNH12VH7pyLh8hsGhN3AZvqVZgsbrpHxkWDuvrq1XkYnJpPU4KMevXnB3G2p8JpbY54p6apLdg9Rzq9?cluster=devnet"}
{"name": "verifier-loader-batch-649200", "signature": "26nGKgVsmf6Huue9purCGnbDWGTrJuEYJvdH7z2vU6cZcLGPGQevWEKV88DUPSUyFcF86SUWTU9fsSyX8CdvNqXh", "slot": 495629887, "fee": 15000, "units_consumed": 7110, "declared_cu": 1200000, "wire_bytes": 3888, "explorer": "https://explorer.solana.com/tx/26nGKgVsmf6Huue9purCGnbDWGTrJuEYJvdH7z2vU6cZcLGPGQevWEKV88DUPSUyFcF86SUWTU9fsSyX8CdvNqXh?cluster=devnet"}
{"name": "verifier-loader-batch-652800", "signature": "2BvVmys5FnAZ8dNzasHoMFRBoANbuWwjLriSvn5RbvdF5SCqNcEZkcAiX7JJaeWevgodSvearFxgMq8Zjfr9BCZE", "slot": 495629898, "fee": 15000, "units_consumed": 7110, "declared_cu": 1200000, "wire_bytes": 3888, "explorer": "https://explorer.solana.com/tx/2BvVmys5FnAZ8dNzasHoMFRBoANbuWwjLriSvn5RbvdF5SCqNcEZkcAiX7JJaeWevgodSvearFxgMq8Zjfr9BCZE?cluster=devnet"}
{"name": "verifier-loader-batch-656400", "signature": "4qnEm7gaDdXE6ytNvEbhxbC2tqysUYRUSBvkxwZpcXMFSnf7MHsEvWAbZHq418XoU9EgWcqXcdVDzAVBjTuMFsoh", "slot": 495629906, "fee": 15000, "units_consumed": 7110, "declared_cu": 1200000, "wire_bytes": 3888, "explorer": "https://explorer.solana.com/tx/4qnEm7gaDdXE6ytNvEbhxbC2tqysUYRUSBvkxwZpcXMFSnf7MHsEvWAbZHq418XoU9EgWcqXcdVDzAVBjTuMFsoh?cluster=devnet"}
{"name": "verifier-loader-batch-660000", "signature": "4pBvaAqMG2xcejEeiUCtb2Gi6eKfpNCU5aWZyRK4K7QP2G47dVXV85TUAF8HToxtox2Sene1vaBbPFMEmwBAfyJJ", "slot": 495629915, "fee": 15000, "units_consumed": 7110, "declared_cu": 1200000, "wire_bytes": 3888, "explorer": "https://explorer.solana.com/tx/4pBvaAqMG2xcejEeiUCtb2Gi6eKfpNCU5aWZyRK4K7QP2G47dVXV85TUAF8HToxtox2Sene1vaBbPFMEmwBAfyJJ?cluster=devnet"}
{"name": "verifier-loader-batch-663600", "signature": "4bmLYV7bkAJoB478iSd1juwsHtyuDvvvBjGfpwNMgYi2kPJ6xsBmwiBNb6PrBPwa5NuGPfj9CmckMWpedKCKeCYo", "slot": 495629925, "fee": 15000, "units_consumed": 7110, "declared_cu": 1200000, "wire_bytes": 3888, "explorer": "https://explorer.solana.com/tx/4bmLYV7bkAJoB478iSd1juwsHtyuDvvvBjGfpwNMgYi2kPJ6xsBmwiBNb6PrBPwa5NuGPfj9CmckMWpedKCKeCYo?cluster=devnet"}
{"name": "verifier-loader-batch-667200", "signature": "3JMZrrmR2XAC9U4NSHJbC4Z487VrgdNMDVK7vxEAbkgfSRfpFuTEXxF4jc9sjTPQGcRdxGmC4jVGeohW7fawbAqQ", "slot": 495629932, "fee": 15000, "units_consumed": 7110, "declared_cu": 1200000, "wire_bytes": 3888, "explorer": "https://explorer.solana.com/tx/3JMZrrmR2XAC9U4NSHJbC4Z487VrgdNMDVK7vxEAbkgfSRfpFuTEXxF4jc9sjTPQGcRdxGmC4jVGeohW7fawbAqQ?cluster=devnet"}
{"name": "verifier-loader-batch-670800", "signature": "3MWEtcCbdhuD8xhixdANhi5SsHzg5uZU4A833bnSXsDbvoZJMYeUohpXwT1qAQrPTvKeDWJNAC3c8f5wUwSjyujp", "slot": 495629939, "fee": 15000, "units_consumed": 7110, "declared_cu": 1200000, "wire_bytes": 3888, "explorer": "https://explorer.solana.com/tx/3MWEtcCbdhuD8xhixdANhi5SsHzg5uZU4A833bnSXsDbvoZJMYeUohpXwT1qAQrPTvKeDWJNAC3c8f5wUwSjyujp?cluster=devnet"}
{"name": "verifier-loader-batch-674400", "signature": "5ULquAFohMdepEFGFPs629XryVDHF96AEGNtT56eiS7SnQWaUXmrP2kK7K2vai4fNqRAZx4gFDi4pUCLq1zyLb66", "slot": 495629951, "fee": 15000, "units_consumed": 7110, "declared_cu": 1200000, "wire_bytes": 3888, "explorer": "https://explorer.solana.com/tx/5ULquAFohMdepEFGFPs629XryVDHF96AEGNtT56eiS7SnQWaUXmrP2kK7K2vai4fNqRAZx4gFDi4pUCLq1zyLb66?cluster=devnet"}
{"name": "verifier-loader-batch-678000", "signature": "3821tHJq2wa4XefweJtWZUuXXc82dtLtFHDy4YXV8i54tEBY29raxK8WTbyw1KEwDCi7iM48pfnXaJXpFgCKtYkp", "slot": 495629959, "fee": 15000, "units_consumed": 7110, "declared_cu": 1200000, "wire_bytes": 3888, "explorer": "https://explorer.solana.com/tx/3821tHJq2wa4XefweJtWZUuXXc82dtLtFHDy4YXV8i54tEBY29raxK8WTbyw1KEwDCi7iM48pfnXaJXpFgCKtYkp?cluster=devnet"}
{"name": "verifier-loader-batch-681600", "signature": "61S9U4Gxse4oPE8daaF49umeLpRY31poS6PE8TEwh57nCXuxy25R8ghLrTw2gMeSVxVvKzdGdDn2msCfcCK4B42h", "slot": 495629966, "fee": 15000, "units_consumed": 7110, "declared_cu": 1200000, "wire_bytes": 3888, "explorer": "https://explorer.solana.com/tx/61S9U4Gxse4oPE8daaF49umeLpRY31poS6PE8TEwh57nCXuxy25R8ghLrTw2gMeSVxVvKzdGdDn2msCfcCK4B42h?cluster=devnet"}
{"name": "verifier-loader-batch-685200", "signature": "2LKEQ1mqFfWLtuNPLoFnNKG4Ad6UM5aNvCQVTdf8ssawd9n5WcrnTMqFsd6qqNHiS3xwmWEis5xcnbUrUJxMCwdw", "slot": 495629975, "fee": 15000, "units_consumed": 7110, "declared_cu": 1200000, "wire_bytes": 3888, "explorer": "https://explorer.solana.com/tx/2LKEQ1mqFfWLtuNPLoFnNKG4Ad6UM5aNvCQVTdf8ssawd9n5WcrnTMqFsd6qqNHiS3xwmWEis5xcnbUrUJxMCwdw?cluster=devnet"}
{"name": "verifier-loader-batch-688800", "signature": "nqbFkVrTi3WZeYQvLitv7oSfDWCdcjG7xHhh5orVso3ZSauyib2jmP98s2EYmGNX7jadi2TW5Sc5gP8VVKsEndi", "slot": 495629992, "fee": 15000, "units_consumed": 7110, "declared_cu": 1200000, "wire_bytes": 3888, "explorer": "https://explorer.solana.com/tx/nqbFkVrTi3WZeYQvLitv7oSfDWCdcjG7xHhh5orVso3ZSauyib2jmP98s2EYmGNX7jadi2TW5Sc5gP8VVKsEndi?cluster=devnet"}
{"name": "verifier-loader-batch-692400", "signature": "4HxGyhbQdbfBYQd1iTeF5pbjwwU3Pr9KnSMckPNN3fYuNsC9uaF8ZHc9QtuZtqCvmC1nzQg5wa3qMmdUSxu21sYc", "slot": 495630000, "fee": 15000, "units_consumed": 7110, "declared_cu": 1200000, "wire_bytes": 3888, "explorer": "https://explorer.solana.com/tx/4HxGyhbQdbfBYQd1iTeF5pbjwwU3Pr9KnSMckPNN3fYuNsC9uaF8ZHc9QtuZtqCvmC1nzQg5wa3qMmdUSxu21sYc?cluster=devnet"}
{"name": "verifier-loader-batch-696000", "signature": "3idP2TsjUcyo5XWzYMsH6p9tifD6NWKt1YRpTsjiFUa31nV5cRjqLzBCm4moDeZ6WzGBNKiD4L9aNiEGRcVKxrPj", "slot": 495630011, "fee": 15000, "units_consumed": 7110, "declared_cu": 1200000, "wire_bytes": 3888, "explorer": "https://explorer.solana.com/tx/3idP2TsjUcyo5XWzYMsH6p9tifD6NWKt1YRpTsjiFUa31nV5cRjqLzBCm4moDeZ6WzGBNKiD4L9aNiEGRcVKxrPj?cluster=devnet"}
{"name": "verifier-loader-batch-699600", "signature": "3rKP3jjo3imbNN2wjCa2nHz2utTAfVm3DCoP93ZoSfPGhJ2pPE2kAAkAVYJh51L5bZdi8aWYSthi3uRZyGaiPKcn", "slot": 495630022, "fee": 15000, "units_consumed": 7110, "declared_cu": 1200000, "wire_bytes": 3888, "explorer": "https://explorer.solana.com/tx/3rKP3jjo3imbNN2wjCa2nHz2utTAfVm3DCoP93ZoSfPGhJ2pPE2kAAkAVYJh51L5bZdi8aWYSthi3uRZyGaiPKcn?cluster=devnet"}
{"name": "verifier-loader-batch-703200", "signature": "5kp8tp6PWYskbpFwCc72UZHWNWepQXjqdNPegp4gpfrVGZaH8ydte4L13yjpzKpxkkArreGJu1SVkbwFVLT7GCWy", "slot": 495630027, "fee": 15000, "units_consumed": 7110, "declared_cu": 1200000, "wire_bytes": 3888, "explorer": "https://explorer.solana.com/tx/5kp8tp6PWYskbpFwCc72UZHWNWepQXjqdNPegp4gpfrVGZaH8ydte4L13yjpzKpxkkArreGJu1SVkbwFVLT7GCWy?cluster=devnet"}
{"name": "verifier-loader-batch-706800", "signature": "4Yw6beXNbZ8qkFKKobu4XuQx4JE3BGx2rjqkeyVVs4QonzbLnVVgRkqBhbkmjB9rGK1weCK8NrXq4g2XJSn3APsy", "slot": 495630040, "fee": 15000, "units_consumed": 7110, "declared_cu": 1200000, "wire_bytes": 3888, "explorer": "https://explorer.solana.com/tx/4Yw6beXNbZ8qkFKKobu4XuQx4JE3BGx2rjqkeyVVs4QonzbLnVVgRkqBhbkmjB9rGK1weCK8NrXq4g2XJSn3APsy?cluster=devnet"}
{"name": "verifier-loader-batch-710400", "signature": "4bbsPCGmFFCZe7MPxKsU7d4WHbXYobDoWipBefZQHAYjgF9qE1U9eWt3YM8WnyaFmie4ybrCwZsdSHYw23EFsp7z", "slot": 495630049, "fee": 15000, "units_consumed": 7110, "declared_cu": 1200000, "wire_bytes": 3888, "explorer": "https://explorer.solana.com/tx/4bbsPCGmFFCZe7MPxKsU7d4WHbXYobDoWipBefZQHAYjgF9qE1U9eWt3YM8WnyaFmie4ybrCwZsdSHYw23EFsp7z?cluster=devnet"}
{"name": "verifier-loader-batch-714000", "signature": "5bq8vLNn5bXk66T229TQzHKk1xNhYYKB494Urvd4k1QuAXywwBnhJLHdHJfA7yGVJb4s6oXaHiWps9N58HNtVzg3", "slot": 495630067, "fee": 15000, "units_consumed": 7110, "declared_cu": 1200000, "wire_bytes": 3888, "explorer": "https://explorer.solana.com/tx/5bq8vLNn5bXk66T229TQzHKk1xNhYYKB494Urvd4k1QuAXywwBnhJLHdHJfA7yGVJb4s6oXaHiWps9N58HNtVzg3?cluster=devnet"}
{"name": "verifier-loader-batch-717600", "signature": "2jj3DM4pGhH1yvWofdZXGhZQoqWmHefQSE1dhCSuK3vQBgZqnxkwUNwukZPFcZp3sXAPci6miAf68YAaPbJeB2T8", "slot": 495630081, "fee": 15000, "units_consumed": 7110, "declared_cu": 1200000, "wire_bytes": 3888, "explorer": "https://explorer.solana.com/tx/2jj3DM4pGhH1yvWofdZXGhZQoqWmHefQSE1dhCSuK3vQBgZqnxkwUNwukZPFcZp3sXAPci6miAf68YAaPbJeB2T8?cluster=devnet"}
{"name": "verifier-loader-batch-721200", "signature": "2KrnK7KpuGewboEnHLzmUC4XJZbSSzqemDdECADEZch6pTXS9GddGdUXqRSZeKuYykgt1NqgXVGSfR6G11sJU8CE", "slot": 495630095, "fee": 15000, "units_consumed": 7110, "declared_cu": 1200000, "wire_bytes": 3888, "explorer": "https://explorer.solana.com/tx/2KrnK7KpuGewboEnHLzmUC4XJZbSSzqemDdECADEZch6pTXS9GddGdUXqRSZeKuYykgt1NqgXVGSfR6G11sJU8CE?cluster=devnet"}
{"name": "verifier-loader-batch-724800", "signature": "4fBxPGZXwQvbZJWB9MGUD5RDE6yz9MmNU3HvFfMVrg5YGbgUwtiHZRnrxAzqN45AZLyqFsR9ge3GNWjuk1wjh9Hm", "slot": 495630104, "fee": 15000, "units_consumed": 7110, "declared_cu": 1200000, "wire_bytes": 3888, "explorer": "https://explorer.solana.com/tx/4fBxPGZXwQvbZJWB9MGUD5RDE6yz9MmNU3HvFfMVrg5YGbgUwtiHZRnrxAzqN45AZLyqFsR9ge3GNWjuk1wjh9Hm?cluster=devnet"}
{"name": "verifier-loader-batch-728400", "signature": "3sz53cpaRq4gXoRxnTgz4k8VB5sP6uxuqKNxsYwZ1Go66829DgZBEeKT5msAznnRePB7tQYnmuGBWWFBo5rQuUvJ", "slot": 495630110, "fee": 15000, "units_consumed": 7110, "declared_cu": 1200000, "wire_bytes": 3888, "explorer": "https://explorer.solana.com/tx/3sz53cpaRq4gXoRxnTgz4k8VB5sP6uxuqKNxsYwZ1Go66829DgZBEeKT5msAznnRePB7tQYnmuGBWWFBo5rQuUvJ?cluster=devnet"}
{"name": "verifier-loader-batch-732000", "signature": "P7qoDW1S5kteztt22e9AFgUZJf7RzXbqkAMHgcwLX3yLwu1Xd9t4AsixnqPmUvAx2yjzGaRjD5D6fEUy8cREMgz", "slot": 495630121, "fee": 15000, "units_consumed": 7110, "declared_cu": 1200000, "wire_bytes": 3888, "explorer": "https://explorer.solana.com/tx/P7qoDW1S5kteztt22e9AFgUZJf7RzXbqkAMHgcwLX3yLwu1Xd9t4AsixnqPmUvAx2yjzGaRjD5D6fEUy8cREMgz?cluster=devnet"}
{"name": "verifier-loader-batch-735600", "signature": "3VNMxKaQWGLcMJbqsUaZR1SygFyCQumRXZBGsaRuUeXgRZGYZ2cfWM6gNDsHMsgNU1PTwDjRkxYyBoRHzcuF9khK", "slot": 495630128, "fee": 15000, "units_consumed": 7110, "declared_cu": 1200000, "wire_bytes": 3888, "explorer": "https://explorer.solana.com/tx/3VNMxKaQWGLcMJbqsUaZR1SygFyCQumRXZBGsaRuUeXgRZGYZ2cfWM6gNDsHMsgNU1PTwDjRkxYyBoRHzcuF9khK?cluster=devnet"}
{"name": "verifier-loader-batch-739200", "signature": "njY9oqiNUDcptK4c8A7gxiyQK4SbQQeAbYihk8YeMxqa8PnU4FAtFPFwtAxY9moU7ebPYYnmJ2MjyqBLNYki3j4", "slot": 495630142, "fee": 15000, "units_consumed": 7110, "declared_cu": 1200000, "wire_bytes": 3888, "explorer": "https://explorer.solana.com/tx/njY9oqiNUDcptK4c8A7gxiyQK4SbQQeAbYihk8YeMxqa8PnU4FAtFPFwtAxY9moU7ebPYYnmJ2MjyqBLNYki3j4?cluster=devnet"}
{"name": "verifier-loader-batch-742800", "signature": "33urfQ5Xypt7Wu87PUFjRiWJ7oJTZ31irXGdFqkUY5Zku3NDozGV7HDTT5fvLwxNdwR8NwndFw94JjiR9tzYpcGG", "slot": 495630151, "fee": 15000, "units_consumed": 7110, "declared_cu": 1200000, "wire_bytes": 3888, "explorer": "https://explorer.solana.com/tx/33urfQ5Xypt7Wu87PUFjRiWJ7oJTZ31irXGdFqkUY5Zku3NDozGV7HDTT5fvLwxNdwR8NwndFw94JjiR9tzYpcGG?cluster=devnet"}
{"name": "verifier-loader-batch-746400", "signature": "5jvKyV5FB5HYLpfZ3DtLBjGuWWGrtpzUb7NJez5zZ9o362F42BVi1FvDQQGpyRo8DXuE63KKwwCZ9ijMWRbRbXFN", "slot": 495630168, "fee": 15000, "units_consumed": 7110, "declared_cu": 1200000, "wire_bytes": 3888, "explorer": "https://explorer.solana.com/tx/5jvKyV5FB5HYLpfZ3DtLBjGuWWGrtpzUb7NJez5zZ9o362F42BVi1FvDQQGpyRo8DXuE63KKwwCZ9ijMWRbRbXFN?cluster=devnet"}
{"name": "verifier-loader-batch-750000", "signature": "2oi5RaGkMHjLY1V7tQFJ9ekwS3y97xrBKTfBWBNNZVSJCZCsLd4f5pBF1nS7N3Rk1RLhfr4wwKrDFSfkDpEFwNXM", "slot": 495630175, "fee": 15000, "units_consumed": 7110, "declared_cu": 1200000, "wire_bytes": 3888, "explorer": "https://explorer.solana.com/tx/2oi5RaGkMHjLY1V7tQFJ9ekwS3y97xrBKTfBWBNNZVSJCZCsLd4f5pBF1nS7N3Rk1RLhfr4wwKrDFSfkDpEFwNXM?cluster=devnet"}
{"name": "verifier-loader-batch-753600", "signature": "4azVxLdZCYvMMTQuov68ND5rw6RfiNyUea7ZNvVbKDhNLFFTa9QuhhArj84ZPzDjGinjqy9562J3Xt6YRu6NxbFH", "slot": 495630182, "fee": 15000, "units_consumed": 7110, "declared_cu": 1200000, "wire_bytes": 3888, "explorer": "https://explorer.solana.com/tx/4azVxLdZCYvMMTQuov68ND5rw6RfiNyUea7ZNvVbKDhNLFFTa9QuhhArj84ZPzDjGinjqy9562J3Xt6YRu6NxbFH?cluster=devnet"}
{"name": "verifier-loader-batch-757200", "signature": "4zivDEp3PwBRkAP8nzZku7j6yCwaUCfHVfN18ckMoDykoMBXEHvgU9nnZ2eHicfH21kFoUQ6v3xSBCeoyf2HUtM3", "slot": 495630191, "fee": 15000, "units_consumed": 7110, "declared_cu": 1200000, "wire_bytes": 3888, "explorer": "https://explorer.solana.com/tx/4zivDEp3PwBRkAP8nzZku7j6yCwaUCfHVfN18ckMoDykoMBXEHvgU9nnZ2eHicfH21kFoUQ6v3xSBCeoyf2HUtM3?cluster=devnet"}
{"name": "verifier-loader-batch-760800", "signature": "4yfgf8XuB4JxAhkypz4CZ5oH3dHyCE3jL4MSRdKRzpqicCry8Q1VjzTLDbecT1GfJeTBpauGKBJdfu9seuhDUypG", "slot": 495630199, "fee": 15000, "units_consumed": 7110, "declared_cu": 1200000, "wire_bytes": 3888, "explorer": "https://explorer.solana.com/tx/4yfgf8XuB4JxAhkypz4CZ5oH3dHyCE3jL4MSRdKRzpqicCry8Q1VjzTLDbecT1GfJeTBpauGKBJdfu9seuhDUypG?cluster=devnet"}
{"name": "verifier-loader-batch-764400", "signature": "4KD4sbCVPeY4xp45WkLXfccp4TmrukohgmczpRarTFCv6EHm22S7B9ErbVV6sXxPetBKnCyELiyRCsyViuFfcACu", "slot": 495630205, "fee": 15000, "units_consumed": 7110, "declared_cu": 1200000, "wire_bytes": 3888, "explorer": "https://explorer.solana.com/tx/4KD4sbCVPeY4xp45WkLXfccp4TmrukohgmczpRarTFCv6EHm22S7B9ErbVV6sXxPetBKnCyELiyRCsyViuFfcACu?cluster=devnet"}
{"name": "verifier-loader-batch-768000", "signature": "3quJW9AoZjR7zR6NA7gQy7AXZCTeisKV1ZYvPzsokMcbnJFNf5RBuwkL75eeUg951ZFgMW5zwueU4AsiKryE785V", "slot": 495630216, "fee": 15000, "units_consumed": 7110, "declared_cu": 1200000, "wire_bytes": 3888, "explorer": "https://explorer.solana.com/tx/3quJW9AoZjR7zR6NA7gQy7AXZCTeisKV1ZYvPzsokMcbnJFNf5RBuwkL75eeUg951ZFgMW5zwueU4AsiKryE785V?cluster=devnet"}
{"name": "verifier-loader-batch-771600", "signature": "2fNFiUjMrsQrbTeqivMVkGvydPuZWe7GFMCk9ZprCj6CSVUBAcoTwfeuNyTqjY79VRK4cgoV6AXFQt54qxB4ESdb", "slot": 495630229, "fee": 15000, "units_consumed": 7110, "declared_cu": 1200000, "wire_bytes": 3888, "explorer": "https://explorer.solana.com/tx/2fNFiUjMrsQrbTeqivMVkGvydPuZWe7GFMCk9ZprCj6CSVUBAcoTwfeuNyTqjY79VRK4cgoV6AXFQt54qxB4ESdb?cluster=devnet"}
{"name": "verifier-loader-batch-775200", "signature": "2ptPYaApvxvLknZKsFrezmDS6f4n93LjsXbBzuJZhBXhc99fi4tVi1VXR2vtiqLFihoPqfuBqvDexeAf5R8meRyJ", "slot": 495630236, "fee": 15000, "units_consumed": 7110, "declared_cu": 1200000, "wire_bytes": 3888, "explorer": "https://explorer.solana.com/tx/2ptPYaApvxvLknZKsFrezmDS6f4n93LjsXbBzuJZhBXhc99fi4tVi1VXR2vtiqLFihoPqfuBqvDexeAf5R8meRyJ?cluster=devnet"}
{"name": "verifier-loader-batch-778800", "signature": "2zhDpsdTFFx3sVvxXEYHppJ96QS7xVedWUWHA3np5AsM4jFJnG2XxLD3zaUMP1Uuv74zhNMshpiTQJkMj8oNiSZF", "slot": 495630251, "fee": 15000, "units_consumed": 7110, "declared_cu": 1200000, "wire_bytes": 3888, "explorer": "https://explorer.solana.com/tx/2zhDpsdTFFx3sVvxXEYHppJ96QS7xVedWUWHA3np5AsM4jFJnG2XxLD3zaUMP1Uuv74zhNMshpiTQJkMj8oNiSZF?cluster=devnet"}
{"name": "verifier-loader-batch-782400", "signature": "5haSgenJnBB51X5MUcry3YPSTxA64NWMjfEgUuSRmkds2PgtmXsGut7s1FZHKLi2tCPK8aPpk9Kzkjco46m5xJGg", "slot": 495630257, "fee": 15000, "units_consumed": 7110, "declared_cu": 1200000, "wire_bytes": 3888, "explorer": "https://explorer.solana.com/tx/5haSgenJnBB51X5MUcry3YPSTxA64NWMjfEgUuSRmkds2PgtmXsGut7s1FZHKLi2tCPK8aPpk9Kzkjco46m5xJGg?cluster=devnet"}
{"name": "verifier-loader-batch-786000", "signature": "3caozGm7htCXf4W51ZvMBXF91ynzQTs7GhGGZay8vAib2nyb3CH9d7pRqBF9RvwajUp6D1LxGymbyoheuhzEiGqp", "slot": 495630266, "fee": 15000, "units_consumed": 7110, "declared_cu": 1200000, "wire_bytes": 3888, "explorer": "https://explorer.solana.com/tx/3caozGm7htCXf4W51ZvMBXF91ynzQTs7GhGGZay8vAib2nyb3CH9d7pRqBF9RvwajUp6D1LxGymbyoheuhzEiGqp?cluster=devnet"}
{"name": "verifier-loader-batch-789600", "signature": "21pQoEDVCTMao4xM3K5gn6uWLdXtLZszm24ANTrfhystLe4c8XyH79dn7oaayJ7S1sLvWFckvQjaD22neV8sp7NW", "slot": 495630275, "fee": 15000, "units_consumed": 7110, "declared_cu": 1200000, "wire_bytes": 3888, "explorer": "https://explorer.solana.com/tx/21pQoEDVCTMao4xM3K5gn6uWLdXtLZszm24ANTrfhystLe4c8XyH79dn7oaayJ7S1sLvWFckvQjaD22neV8sp7NW?cluster=devnet"}
{"name": "verifier-loader-batch-793200", "signature": "4E1rCR6QApMCD8pcJ3LaQWkbgms7heKEyqTeGk82qy5YGWnqbwRgSbmyHGnmcuxmt71oF6azEwBqhkpn8FusgFUs", "slot": 495630290, "fee": 15000, "units_consumed": 7110, "declared_cu": 1200000, "wire_bytes": 3888, "explorer": "https://explorer.solana.com/tx/4E1rCR6QApMCD8pcJ3LaQWkbgms7heKEyqTeGk82qy5YGWnqbwRgSbmyHGnmcuxmt71oF6azEwBqhkpn8FusgFUs?cluster=devnet"}
{"name": "verifier-loader-batch-796800", "signature": "YFFHFzmvzCDVraoqyZmSbvB4EPC2PmS6rcpAyxxSWhHzpMsba8RV6gxqQLZinUGPxvgJzf5AeQg3xjtzqZ1fked", "slot": 495630296, "fee": 15000, "units_consumed": 7110, "declared_cu": 1200000, "wire_bytes": 3888, "explorer": "https://explorer.solana.com/tx/YFFHFzmvzCDVraoqyZmSbvB4EPC2PmS6rcpAyxxSWhHzpMsba8RV6gxqQLZinUGPxvgJzf5AeQg3xjtzqZ1fked?cluster=devnet"}
{"name": "verifier-loader-batch-800400", "signature": "5uzK21aDboqkxtDRCY9Yrmq8EPdV6N6vT2wX89d5A8M5rcQLpPk2JS55QBxFfwGSDzTuBJXHgfXQQeSoWCkC2Tib", "slot": 495630309, "fee": 15000, "units_consumed": 7110, "declared_cu": 1200000, "wire_bytes": 3888, "explorer": "https://explorer.solana.com/tx/5uzK21aDboqkxtDRCY9Yrmq8EPdV6N6vT2wX89d5A8M5rcQLpPk2JS55QBxFfwGSDzTuBJXHgfXQQeSoWCkC2Tib?cluster=devnet"}
{"name": "verifier-loader-batch-804000", "signature": "3dSVxN5qPr5WMJWoQBidz7nSptVw9GHVm49SVJq2eZQZjqZNuc7m3xMn1jg9ZqKec8iSgLT8Lj91EErJSLw1msTy", "slot": 495630318, "fee": 15000, "units_consumed": 7110, "declared_cu": 1200000, "wire_bytes": 3888, "explorer": "https://explorer.solana.com/tx/3dSVxN5qPr5WMJWoQBidz7nSptVw9GHVm49SVJq2eZQZjqZNuc7m3xMn1jg9ZqKec8iSgLT8Lj91EErJSLw1msTy?cluster=devnet"}
{"name": "verifier-loader-batch-807600", "signature": "3JLDvWUjfoPCNundR9rK4Wump85osLM7ZnKBvBshfZpjSX6ib9XF4LqLXrpNkBEJLGT3mw6PjGusGaubWyGhtfBU", "slot": 495630338, "fee": 15000, "units_consumed": 7110, "declared_cu": 1200000, "wire_bytes": 3888, "explorer": "https://explorer.solana.com/tx/3JLDvWUjfoPCNundR9rK4Wump85osLM7ZnKBvBshfZpjSX6ib9XF4LqLXrpNkBEJLGT3mw6PjGusGaubWyGhtfBU?cluster=devnet"}
{"name": "verifier-loader-batch-811200", "signature": "pqzJ2pGqcUgNTmkbtDyt7D1iutkK9SU9SsNSBsf49kMWjL4uHEGZco12shEhjzueiUSZX2k69dmChmcLgNDQp8V", "slot": 495630348, "fee": 15000, "units_consumed": 7110, "declared_cu": 1200000, "wire_bytes": 3888, "explorer": "https://explorer.solana.com/tx/pqzJ2pGqcUgNTmkbtDyt7D1iutkK9SU9SsNSBsf49kMWjL4uHEGZco12shEhjzueiUSZX2k69dmChmcLgNDQp8V?cluster=devnet"}
{"name": "verifier-loader-batch-814800", "signature": "49Pp3yGxCukiUmsXCDLESmD3pebW7TJFJ8XLWXypPKPD8q8wELEtsgYtCPPV3rqcLGdCE1THxm4A16mVj5DsG3D9", "slot": 495630356, "fee": 15000, "units_consumed": 7110, "declared_cu": 1200000, "wire_bytes": 3888, "explorer": "https://explorer.solana.com/tx/49Pp3yGxCukiUmsXCDLESmD3pebW7TJFJ8XLWXypPKPD8q8wELEtsgYtCPPV3rqcLGdCE1THxm4A16mVj5DsG3D9?cluster=devnet"}
{"name": "verifier-loader-batch-818400", "signature": "UVnvrvbZp532K7gMSkx5dyYnXJ8npC6nfJuRokDiCvo3nCiVfR2NifoRtsxgsmGp3rG6aAaGyRLV5cTmMCQpHve", "slot": 495630367, "fee": 15000, "units_consumed": 7110, "declared_cu": 1200000, "wire_bytes": 3888, "explorer": "https://explorer.solana.com/tx/UVnvrvbZp532K7gMSkx5dyYnXJ8npC6nfJuRokDiCvo3nCiVfR2NifoRtsxgsmGp3rG6aAaGyRLV5cTmMCQpHve?cluster=devnet"}
{"name": "verifier-loader-batch-822000", "signature": "21bUbrxMK6cNGQcKeanUwyQissHywXwb1TDPMjpTrYg3X7mz2Zra2dxGotT9wQsjZyw9Q3vefo9K8NLRhfa2VHnB", "slot": 495630378, "fee": 15000, "units_consumed": 7110, "declared_cu": 1200000, "wire_bytes": 3888, "explorer": "https://explorer.solana.com/tx/21bUbrxMK6cNGQcKeanUwyQissHywXwb1TDPMjpTrYg3X7mz2Zra2dxGotT9wQsjZyw9Q3vefo9K8NLRhfa2VHnB?cluster=devnet"}
{"name": "verifier-loader-batch-825600", "signature": "4DBCgXQdsLTeFjM1tGqJz7crxBPyyPUxF5JPVSu6pgG4yrMu12sSZXD3Kcw573d9QNHLdkLEzRGSCVLTsZRLtPph", "slot": 495630385, "fee": 15000, "units_consumed": 7110, "declared_cu": 1200000, "wire_bytes": 3888, "explorer": "https://explorer.solana.com/tx/4DBCgXQdsLTeFjM1tGqJz7crxBPyyPUxF5JPVSu6pgG4yrMu12sSZXD3Kcw573d9QNHLdkLEzRGSCVLTsZRLtPph?cluster=devnet"}
{"name": "verifier-loader-batch-829200", "signature": "3G3HiR3zvB6RZAG9zQnwVxK8BeCXj6pJzbeeKjPRjet5GsAzxtZGwswyhE4AwSar5yu7uM2HPE7Jh1mLjGzxzwpH", "slot": 495630392, "fee": 15000, "units_consumed": 7110, "declared_cu": 1200000, "wire_bytes": 3888, "explorer": "https://explorer.solana.com/tx/3G3HiR3zvB6RZAG9zQnwVxK8BeCXj6pJzbeeKjPRjet5GsAzxtZGwswyhE4AwSar5yu7uM2HPE7Jh1mLjGzxzwpH?cluster=devnet"}
{"name": "verifier-loader-batch-832800", "signature": "539e2tij2cc3eBASMQASZGWwRhnVRdVZu8sFGG3qkJRdqidJysVmZCR1U2Ps14SyiDmdWKXhxSG52fXP4C3pFAU1", "slot": 495630397, "fee": 15000, "units_consumed": 7110, "declared_cu": 1200000, "wire_bytes": 3888, "explorer": "https://explorer.solana.com/tx/539e2tij2cc3eBASMQASZGWwRhnVRdVZu8sFGG3qkJRdqidJysVmZCR1U2Ps14SyiDmdWKXhxSG52fXP4C3pFAU1?cluster=devnet"}
{"name": "verifier-loader-batch-836400", "signature": "3YBNw2DD8h3EYQmVjcVBErBLm4bVG54UHDvrS8EmAaafbZzVny8hDirXHBywWXwtgfMEfTBLFBSBG3Cf14QYyC8M", "slot": 495630403, "fee": 15000, "units_consumed": 7110, "declared_cu": 1200000, "wire_bytes": 3888, "explorer": "https://explorer.solana.com/tx/3YBNw2DD8h3EYQmVjcVBErBLm4bVG54UHDvrS8EmAaafbZzVny8hDirXHBywWXwtgfMEfTBLFBSBG3Cf14QYyC8M?cluster=devnet"}
{"name": "verifier-loader-batch-840000", "signature": "PBVk89HV325J1y9BfVRmH5XCzCp6G2gEukW9izxTK9jJ5HFHCLD2Hi9ptKZ8xVRiXCohk6dtLpFAjUczF5hu3oq", "slot": 495630417, "fee": 15000, "units_consumed": 7110, "declared_cu": 1200000, "wire_bytes": 3888, "explorer": "https://explorer.solana.com/tx/PBVk89HV325J1y9BfVRmH5XCzCp6G2gEukW9izxTK9jJ5HFHCLD2Hi9ptKZ8xVRiXCohk6dtLpFAjUczF5hu3oq?cluster=devnet"}
{"name": "verifier-loader-batch-843600", "signature": "5kRxQYNMzcwjtFJos7QPvjtfUEu7v3u6YsxXGF49HHgeVjWmFh9LMLDW5x9VXUNNjJDXFRkDYj2V3c3wCTxVpABG", "slot": 495630423, "fee": 15000, "units_consumed": 7110, "declared_cu": 1200000, "wire_bytes": 3888, "explorer": "https://explorer.solana.com/tx/5kRxQYNMzcwjtFJos7QPvjtfUEu7v3u6YsxXGF49HHgeVjWmFh9LMLDW5x9VXUNNjJDXFRkDYj2V3c3wCTxVpABG?cluster=devnet"}
{"name": "verifier-loader-batch-847200", "signature": "3BoyJiwSyWtpEGbWrUa1kAETkx2NTTCPgaGEproQBQiFHhVATzPxVVNJymgxWyaCqtfjxa9MhTz5iiiPDZbMs7uL", "slot": 495630430, "fee": 15000, "units_consumed": 7110, "declared_cu": 1200000, "wire_bytes": 3888, "explorer": "https://explorer.solana.com/tx/3BoyJiwSyWtpEGbWrUa1kAETkx2NTTCPgaGEproQBQiFHhVATzPxVVNJymgxWyaCqtfjxa9MhTz5iiiPDZbMs7uL?cluster=devnet"}
{"name": "verifier-loader-batch-850800", "signature": "5hWTbXR47wPTBm8T1YeNbRoowXQLnQ8At4U9HwupYCZsXKzWt4E7sQh1yidoWt6gArkuiGTyij45iActbNXZUQoj", "slot": 495630439, "fee": 15000, "units_consumed": 7110, "declared_cu": 1200000, "wire_bytes": 3888, "explorer": "https://explorer.solana.com/tx/5hWTbXR47wPTBm8T1YeNbRoowXQLnQ8At4U9HwupYCZsXKzWt4E7sQh1yidoWt6gArkuiGTyij45iActbNXZUQoj?cluster=devnet"}
{"name": "verifier-loader-batch-854400", "signature": "46qsyMXTBEkdU6rbvhPABaNUnUggQogBUmn2vh3iMcYwK1HXfxnxCJHAjMNF4jPiLPkTvi965z5YQJCE8ZG55jsF", "slot": 495630448, "fee": 15000, "units_consumed": 7110, "declared_cu": 1200000, "wire_bytes": 3888, "explorer": "https://explorer.solana.com/tx/46qsyMXTBEkdU6rbvhPABaNUnUggQogBUmn2vh3iMcYwK1HXfxnxCJHAjMNF4jPiLPkTvi965z5YQJCE8ZG55jsF?cluster=devnet"}
{"name": "verifier-loader-batch-858000", "signature": "4dC7DPaKN6PMMphYsAnpSrDd2xXKTkcZAWMLgVaaugMWq6gjddgebddpeDwLa9ybzfdk7ShF5coL8XumcFboCgpK", "slot": 495630460, "fee": 15000, "units_consumed": 7110, "declared_cu": 1200000, "wire_bytes": 3888, "explorer": "https://explorer.solana.com/tx/4dC7DPaKN6PMMphYsAnpSrDd2xXKTkcZAWMLgVaaugMWq6gjddgebddpeDwLa9ybzfdk7ShF5coL8XumcFboCgpK?cluster=devnet"}
{"name": "verifier-loader-batch-861600", "signature": "2kzCAzJyE7hcgQmb8kGG1ShniAsqP5euqfL59LDVnDuVMvjMCvQoJUiUKSQmG4z8TKXopqYff4M1m7nMaTnADYAQ", "slot": 495630467, "fee": 15000, "units_consumed": 7110, "declared_cu": 1200000, "wire_bytes": 3888, "explorer": "https://explorer.solana.com/tx/2kzCAzJyE7hcgQmb8kGG1ShniAsqP5euqfL59LDVnDuVMvjMCvQoJUiUKSQmG4z8TKXopqYff4M1m7nMaTnADYAQ?cluster=devnet"}
{"name": "verifier-loader-batch-865200", "signature": "3uYqgjVfrkaPmRfpCrsBehjdFUAhBiyQ8zRH3ZLt7UjQuxxaiqcfTyBUk25MEcJA97JnpcGENFaY9qgGpFY4i9yy", "slot": 495630473, "fee": 15000, "units_consumed": 7110, "declared_cu": 1200000, "wire_bytes": 3888, "explorer": "https://explorer.solana.com/tx/3uYqgjVfrkaPmRfpCrsBehjdFUAhBiyQ8zRH3ZLt7UjQuxxaiqcfTyBUk25MEcJA97JnpcGENFaY9qgGpFY4i9yy?cluster=devnet"}
{"name": "verifier-loader-batch-868800", "signature": "2LaRQx1W8sqqdxCyX2ivrbzv9tKD5vP8si7iGn5aCUCb3vnwyFLpVAQiQwK6kY8e7mAMhC6Y9Giqo7crk7zg2o2R", "slot": 495630484, "fee": 15000, "units_consumed": 7110, "declared_cu": 1200000, "wire_bytes": 3888, "explorer": "https://explorer.solana.com/tx/2LaRQx1W8sqqdxCyX2ivrbzv9tKD5vP8si7iGn5aCUCb3vnwyFLpVAQiQwK6kY8e7mAMhC6Y9Giqo7crk7zg2o2R?cluster=devnet"}
{"name": "verifier-loader-batch-872400", "signature": "5tRs2DSPXkJ5gAqRUwSd5RteybrPg4yBRvJHQSAWz6zw93pdwf3EsRLh2gEtZEMZTGXxidpNPKWtPfaTsVJ9Hw4X", "slot": 495630491, "fee": 15000, "units_consumed": 7110, "declared_cu": 1200000, "wire_bytes": 3888, "explorer": "https://explorer.solana.com/tx/5tRs2DSPXkJ5gAqRUwSd5RteybrPg4yBRvJHQSAWz6zw93pdwf3EsRLh2gEtZEMZTGXxidpNPKWtPfaTsVJ9Hw4X?cluster=devnet"}
{"name": "verifier-loader-batch-876000", "signature": "4EWiJaDJLHrhv6Ut2VaHGpQcLZU3zqRwxdnb4vPbA3scoBSQcz3wvC4BQbA4gYVZKSgo9V8bxjagteDPLPyMisFd", "slot": 495630498, "fee": 15000, "units_consumed": 7110, "declared_cu": 1200000, "wire_bytes": 3888, "explorer": "https://explorer.solana.com/tx/4EWiJaDJLHrhv6Ut2VaHGpQcLZU3zqRwxdnb4vPbA3scoBSQcz3wvC4BQbA4gYVZKSgo9V8bxjagteDPLPyMisFd?cluster=devnet"}
{"name": "verifier-loader-batch-879600", "signature": "5Lxr2B2Zz1vBGeRCrvTPwwVD1DhT1kSUAKmJVARrsBCHndKvY6aeMTvrtJrsPLLp3gdVPLdf4mjCULaoTRbeXLK6", "slot": 495630505, "fee": 15000, "units_consumed": 7110, "declared_cu": 1200000, "wire_bytes": 3888, "explorer": "https://explorer.solana.com/tx/5Lxr2B2Zz1vBGeRCrvTPwwVD1DhT1kSUAKmJVARrsBCHndKvY6aeMTvrtJrsPLLp3gdVPLdf4mjCULaoTRbeXLK6?cluster=devnet"}
{"name": "verifier-loader-batch-883200", "signature": "3CweTdkcbDbHfAY4c6zXVf4ocvrESRJCKG3QVTtk8MSYUuPEUKxSSFAQkQSDJe9PdADNPD2sZrwSJtSTaYu51szS", "slot": 495630515, "fee": 15000, "units_consumed": 7110, "declared_cu": 1200000, "wire_bytes": 3888, "explorer": "https://explorer.solana.com/tx/3CweTdkcbDbHfAY4c6zXVf4ocvrESRJCKG3QVTtk8MSYUuPEUKxSSFAQkQSDJe9PdADNPD2sZrwSJtSTaYu51szS?cluster=devnet"}
{"name": "verifier-loader-batch-886800", "signature": "2bVFg9aRtw6pp9cZsGiv8u9Ua5wpzJk3KcsxQ4tDsLCgRLHwSktnxCxW51sZixYocDGf3SyhSZvpH4p8k3ATL24", "slot": 495630521, "fee": 15000, "units_consumed": 7110, "declared_cu": 1200000, "wire_bytes": 3888, "explorer": "https://explorer.solana.com/tx/2bVFg9aRtw6pp9cZsGiv8u9Ua5wpzJk3KcsxQ4tDsLCgRLHwSktnxCxW51sZixYocDGf3SyhSZvpH4p8k3ATL24?cluster=devnet"}
{"name": "verifier-loader-batch-890400", "signature": "2Q1yrnvEmzuVeBqEwU16LyUjUffQT9VyUfLifYq85AeAqSXoQ7xi13QWwT9raX9axYE32GMYCKTnY8zG1jWdSxRT", "slot": 495630536, "fee": 15000, "units_consumed": 7110, "declared_cu": 1200000, "wire_bytes": 3888, "explorer": "https://explorer.solana.com/tx/2Q1yrnvEmzuVeBqEwU16LyUjUffQT9VyUfLifYq85AeAqSXoQ7xi13QWwT9raX9axYE32GMYCKTnY8zG1jWdSxRT?cluster=devnet"}
{"name": "verifier-loader-batch-894000", "signature": "MMpXEAzsLYDVTkppgMJLJXL5nuqk3LwVTBH2nPCAYa7GPXfGAhAYZK3RPTRXGNdgFsduCuuRCLNQo8gUAABouCA", "slot": 495630552, "fee": 15000, "units_consumed": 7110, "declared_cu": 1200000, "wire_bytes": 3888, "explorer": "https://explorer.solana.com/tx/MMpXEAzsLYDVTkppgMJLJXL5nuqk3LwVTBH2nPCAYa7GPXfGAhAYZK3RPTRXGNdgFsduCuuRCLNQo8gUAABouCA?cluster=devnet"}
{"name": "verifier-loader-batch-897600", "signature": "2wkMFgccCfmBiTNAEqDeGWMqr29JfsBS22uUzMJb94PYBxDtSTpakTPnMiiSe6Lmo33kyWB9pWEmFZriEiaxB42A", "slot": 495630558, "fee": 15000, "units_consumed": 7110, "declared_cu": 1200000, "wire_bytes": 3888, "explorer": "https://explorer.solana.com/tx/2wkMFgccCfmBiTNAEqDeGWMqr29JfsBS22uUzMJb94PYBxDtSTpakTPnMiiSe6Lmo33kyWB9pWEmFZriEiaxB42A?cluster=devnet"}
{"name": "verifier-loader-batch-901200", "signature": "5TUri5TZoUzKk9NVjwvVtyJDtJ4VXzmTujnnEk448epzFA3FYbGpY15NTi8VL9ZGoVC5SgjcFhRNyEQekBTrQ6Zg", "slot": 495630571, "fee": 15000, "units_consumed": 7110, "declared_cu": 1200000, "wire_bytes": 3888, "explorer": "https://explorer.solana.com/tx/5TUri5TZoUzKk9NVjwvVtyJDtJ4VXzmTujnnEk448epzFA3FYbGpY15NTi8VL9ZGoVC5SgjcFhRNyEQekBTrQ6Zg?cluster=devnet"}
{"name": "verifier-loader-batch-904800", "signature": "bpJKE7VRvNj7GtAQyfgTTYfJCRzhaXmY9VbxXErUh2dScfWtKGNHcDJE37rqWwVGYatNTrs579AzEuRVLKFYieb", "slot": 495630583, "fee": 15000, "units_consumed": 7110, "declared_cu": 1200000, "wire_bytes": 3888, "explorer": "https://explorer.solana.com/tx/bpJKE7VRvNj7GtAQyfgTTYfJCRzhaXmY9VbxXErUh2dScfWtKGNHcDJE37rqWwVGYatNTrs579AzEuRVLKFYieb?cluster=devnet"}
{"name": "verifier-loader-batch-908400", "signature": "35YHqL6npkSXa4B7jq85bT4mMV9nmhDy6WbwP2LM29cgETZMYidNaLjz5bo9rh6qgjnUVLWy4qeT3pC8GZYzThkg", "slot": 495630595, "fee": 15000, "units_consumed": 7110, "declared_cu": 1200000, "wire_bytes": 3888, "explorer": "https://explorer.solana.com/tx/35YHqL6npkSXa4B7jq85bT4mMV9nmhDy6WbwP2LM29cgETZMYidNaLjz5bo9rh6qgjnUVLWy4qeT3pC8GZYzThkg?cluster=devnet"}
{"name": "verifier-loader-batch-912000", "signature": "5fL3ZZZhbfNhhFaTnYmaDVHsCaU5oPtjzBZT4gDPKpWSmQ7ZK2J76K9tYBTtStrs8y5MArrUa6J9Ck2bepAxbuTq", "slot": 495630608, "fee": 15000, "units_consumed": 7110, "declared_cu": 1200000, "wire_bytes": 3888, "explorer": "https://explorer.solana.com/tx/5fL3ZZZhbfNhhFaTnYmaDVHsCaU5oPtjzBZT4gDPKpWSmQ7ZK2J76K9tYBTtStrs8y5MArrUa6J9Ck2bepAxbuTq?cluster=devnet"}
{"name": "verifier-loader-batch-915600", "signature": "57fA4CHaQqtVWPA3baYHFXhb9iWSgeuv3tJjHC6rytYCGa5aqZ5uu8yqfUS5rdthPqCaVLwNEEzJCotDbedGLTHV", "slot": 495630616, "fee": 15000, "units_consumed": 7110, "declared_cu": 1200000, "wire_bytes": 3888, "explorer": "https://explorer.solana.com/tx/57fA4CHaQqtVWPA3baYHFXhb9iWSgeuv3tJjHC6rytYCGa5aqZ5uu8yqfUS5rdthPqCaVLwNEEzJCotDbedGLTHV?cluster=devnet"}
{"name": "verifier-loader-batch-919200", "signature": "3YEyGwpAozzSRpXbcQPcBJt3Xyu3PySjT3VMyioAAWnMZCx4MUXQHahsKEa79T3E9aLQVq9vNteLXySXFu4fveFg", "slot": 495630622, "fee": 15000, "units_consumed": 7110, "declared_cu": 1200000, "wire_bytes": 3888, "explorer": "https://explorer.solana.com/tx/3YEyGwpAozzSRpXbcQPcBJt3Xyu3PySjT3VMyioAAWnMZCx4MUXQHahsKEa79T3E9aLQVq9vNteLXySXFu4fveFg?cluster=devnet"}
{"name": "verifier-loader-batch-922800", "signature": "DQYQZBryN2sGoaWxkL45Xoiqf2BSU2ENrF5byAAxKMBKvQhx9zuUFpdrKcGdCB2wgTaav98JjWtr5Kv8QfkCJ6Y", "slot": 495630630, "fee": 15000, "units_consumed": 7110, "declared_cu": 1200000, "wire_bytes": 3888, "explorer": "https://explorer.solana.com/tx/DQYQZBryN2sGoaWxkL45Xoiqf2BSU2ENrF5byAAxKMBKvQhx9zuUFpdrKcGdCB2wgTaav98JjWtr5Kv8QfkCJ6Y?cluster=devnet"}
{"name": "verifier-loader-batch-926400", "signature": "2t9WUuntnoiD6XpZkmGj5hDeupDJBwhex6ywdwcGZS5RHjrfMjmnQrmrGELn1GxGmR8TjpcJwSQvaiGo8MdQM7jV", "slot": 495630644, "fee": 15000, "units_consumed": 7110, "declared_cu": 1200000, "wire_bytes": 3888, "explorer": "https://explorer.solana.com/tx/2t9WUuntnoiD6XpZkmGj5hDeupDJBwhex6ywdwcGZS5RHjrfMjmnQrmrGELn1GxGmR8TjpcJwSQvaiGo8MdQM7jV?cluster=devnet"}
{"name": "verifier-loader-batch-930000", "signature": "3nxS1uWo1QfAVrnYRW8HbDYM4sA888CWLwe3C5s3UzXcgz7cnkDZVuZufUKYRN7nUEk3bHBUhs2SqAahKB2NTDyo", "slot": 495630649, "fee": 15000, "units_consumed": 7110, "declared_cu": 1200000, "wire_bytes": 3888, "explorer": "https://explorer.solana.com/tx/3nxS1uWo1QfAVrnYRW8HbDYM4sA888CWLwe3C5s3UzXcgz7cnkDZVuZufUKYRN7nUEk3bHBUhs2SqAahKB2NTDyo?cluster=devnet"}
{"name": "verifier-loader-batch-933600", "signature": "4ndFx8gKvCb6GgeDeNBru34RSmy5koFV3nimPp9zFN5Kb5METkms41K59X8Xorbk4Pa8xvVCckcGhhhrVkLH2XTj", "slot": 495630656, "fee": 15000, "units_consumed": 7110, "declared_cu": 1200000, "wire_bytes": 3888, "explorer": "https://explorer.solana.com/tx/4ndFx8gKvCb6GgeDeNBru34RSmy5koFV3nimPp9zFN5Kb5METkms41K59X8Xorbk4Pa8xvVCckcGhhhrVkLH2XTj?cluster=devnet"}
{"name": "verifier-loader-batch-937200", "signature": "5HaxQzU7qeep9KEhpJc2oX6txwofK6AUz54tzTpXZa5nEaDgi3XxfedJYL4u7sV2VgeHsXJyBVNXcvQvov13skDS", "slot": 495630669, "fee": 15000, "units_consumed": 7110, "declared_cu": 1200000, "wire_bytes": 3888, "explorer": "https://explorer.solana.com/tx/5HaxQzU7qeep9KEhpJc2oX6txwofK6AUz54tzTpXZa5nEaDgi3XxfedJYL4u7sV2VgeHsXJyBVNXcvQvov13skDS?cluster=devnet"}
{"name": "verifier-loader-batch-940800", "signature": "5adMVMZwLsZoM79SD4FNMQEmchXwM6xt93AjqyFqpuJXJnxNxfdoB7PULA2m9M2MniFBWard2zFGynA6PRKxiQD1", "slot": 495630680, "fee": 15000, "units_consumed": 2370, "declared_cu": 1200000, "wire_bytes": 1116, "explorer": "https://explorer.solana.com/tx/5adMVMZwLsZoM79SD4FNMQEmchXwM6xt93AjqyFqpuJXJnxNxfdoB7PULA2m9M2MniFBWard2zFGynA6PRKxiQD1?cluster=devnet"}
Finalized buffer matches exact ELF
