REAL_INSTANCES count=10 pairs=5 common_public=true all_residuals_zero=true changed_directions=pair_slot_and_low_four_path_bits
Z4C seed=0x5348f0b9a87835d0 trials=20 pairs=5 base=a17cd72f8 D13_transport=true fourth_claim_all_lanes=true gamma=7 optimized_overflow_checks=true
TRIAL_SEED trial=0 seed=0xf1806a7327c2b1e5
CHALLENGE trial=0 alpha=[QM31 { c0: CM31 { a: M31(383064596), b: M31(1986143025) }, c1: CM31 { a: M31(1219566171), b: M31(878699445) } }, QM31 { c0: CM31 { a: M31(1263358119), b: M31(605934511) }, c1: CM31 { a: M31(1544563936), b: M31(1922862848) } }, QM31 { c0: CM31 { a: M31(183062638), b: M31(294096916) }, c1: CM31 { a: M31(787900477), b: M31(769642284) } }, QM31 { c0: CM31 { a: M31(32930720), b: M31(529743324) }, c1: CM31 { a: M31(169777120), b: M31(623846945) } }, QM31 { c0: CM31 { a: M31(134643469), b: M31(539065211) }, c1: CM31 { a: M31(1452925351), b: M31(111051525) } }, QM31 { c0: CM31 { a: M31(684557098), b: M31(131011086) }, c1: CM31 { a: M31(1400053801), b: M31(2096017805) } }, QM31 { c0: CM31 { a: M31(1787010330), b: M31(1356512795) }, c1: CM31 { a: M31(1671459546), b: M31(1199862928) } }, QM31 { c0: CM31 { a: M31(1821822258), b: M31(472093095) }, c1: CM31 { a: M31(146036433), b: M31(1175807581) } }, QM31 { c0: CM31 { a: M31(1858111023), b: M31(110710034) }, c1: CM31 { a: M31(599459792), b: M31(1037359238) } }, QM31 { c0: CM31 { a: M31(1388097590), b: M31(835861549) }, c1: CM31 { a: M31(891321670), b: M31(12831586) } }] semantic=Challenges { lambda: QM31 { c0: CM31 { a: M31(1714221620), b: M31(2104237780) }, c1: CM31 { a: M31(1106956026), b: M31(1170247379) } }, chi: QM31 { c0: CM31 { a: M31(367803069), b: M31(1922846758) }, c1: CM31 { a: M31(2103198550), b: M31(1561359474) } }, theta: QM31 { c0: CM31 { a: M31(955472241), b: M31(1374479111) }, c1: CM31 { a: M31(21006611), b: M31(1874497438) } }, zc: [QM31 { c0: CM31 { a: M31(541879818), b: M31(1462434414) }, c1: CM31 { a: M31(788690274), b: M31(1452860346) } }, QM31 { c0: CM31 { a: M31(1926306699), b: M31(464328141) }, c1: CM31 { a: M31(1203444177), b: M31(1979116183) } }, QM31 { c0: CM31 { a: M31(405074558), b: M31(203540543) }, c1: CM31 { a: M31(1521944985), b: M31(1761650813) } }, QM31 { c0: CM31 { a: M31(1071037672), b: M31(163220356) }, c1: CM31 { a: M31(1479483526), b: M31(915266860) } }, QM31 { c0: CM31 { a: M31(1352209899), b: M31(1849879090) }, c1: CM31 { a: M31(385503849), b: M31(854945842) } }, QM31 { c0: CM31 { a: M31(263524566), b: M31(673396459) }, c1: CM31 { a: M31(1851732334), b: M31(1994364517) } }, QM31 { c0: CM31 { a: M31(779680249), b: M31(548820134) }, c1: CM31 { a: M31(1974073402), b: M31(267008631) } }, QM31 { c0: CM31 { a: M31(1780318863), b: M31(1105890988) }, c1: CM31 { a: M31(4805964), b: M31(1503286135) } }, QM31 { c0: CM31 { a: M31(470409822), b: M31(344307457) }, c1: CM31 { a: M31(1338862691), b: M31(1601479572) } }, QM31 { c0: CM31 { a: M31(426694154), b: M31(2012371144) }, c1: CM31 { a: M31(1562587626), b: M31(1678344666) } }], mu: QM31 { c0: CM31 { a: M31(1010257455), b: M31(492115807) }, c1: CM31 { a: M31(1624301132), b: M31(1987153723) } }, eta: QM31 { c0: CM31 { a: M31(777653635), b: M31(674717616) }, c1: CM31 { a: M31(1485931429), b: M31(1989561716) } } } circle=[Point { x: QM31 { c0: CM31 { a: M31(131890419), b: M31(1083510153) }, c1: CM31 { a: M31(1091208166), b: M31(22671341) } }, y: QM31 { c0: CM31 { a: M31(1803304658), b: M31(1358854428) }, c1: CM31 { a: M31(809269661), b: M31(4678162) } } }, Point { x: QM31 { c0: CM31 { a: M31(1192090773), b: M31(1592602213) }, c1: CM31 { a: M31(1261220144), b: M31(1256807101) } }, y: QM31 { c0: CM31 { a: M31(1987349612), b: M31(1336239071) }, c1: CM31 { a: M31(1628828631), b: M31(1422024223) } } }] queries=[36215, 50358, 52267, 57121, 67670, 74373, 91127, 91313, 92412, 119491, 134744, 139006, 142325, 145559, 151064, 164862, 167600, 179134, 193766, 198823, 219193, 242498]
TAIL_TRANSPORT_CHECKS 56 monomials x 10 rounds x 4 evaluation_points; transported encoder identity passed
C1_C trial=0 pattern=random ranks=[112, 112, 112, 112, 112, 112, 112, 112, 112, 112, 112, 112, 112, 112, 112, 112] want_each=112
C1_C trial=0 pattern=consecutive ranks=[112, 112, 112, 112, 112, 112, 112, 112, 112, 112, 112, 112, 112, 112, 112, 112] want_each=112
TARGET_PROGRESS pair=0 round=0
TARGET_PROGRESS pair=0 round=9
Z4B_REPLAY trial=0 pair=0 pinned=[279541493, 1861125922, 1090584743, 618711220] derivative=[521130787, 1340054548, 868239178, 337186536] ii=[1468191783, 94173169, 460964689, 112586923]
TARGET_PROGRESS pair=1 round=0
TARGET_PROGRESS pair=1 round=9
Z4B_REPLAY trial=0 pair=1 pinned=[2002684497, 2050511625, 383222666, 1925484592] derivative=[1399689102, 615253708, 1822698943, 2018246882] ii=[351765469, 1263492079, 1260707913, 1681427689]
TARGET_PROGRESS pair=2 round=0
TARGET_PROGRESS pair=2 round=9
Z4B_REPLAY trial=0 pair=2 pinned=[898982437, 1150889672, 1244296003, 1494941308] derivative=[2111970196, 1917772785, 221994351, 758637509] ii=[1658591871, 35680962, 554858296, 998546436]
TARGET_PROGRESS pair=3 round=0
TARGET_PROGRESS pair=3 round=9
Z4B_REPLAY trial=0 pair=3 pinned=[1621866393, 920891480, 67060581, 1395355478] derivative=[1010734037, 1314532970, 551537557, 674585961] ii=[1457716946, 858244748, 781220724, 1894038663]
TARGET_PROGRESS pair=4 round=0
TARGET_PROGRESS pair=4 round=9
Z4B_REPLAY trial=0 pair=4 pinned=[159695961, 392700958, 454200686, 242057943] derivative=[958206857, 1709907665, 510695929, 2118247768] ii=[1360967622, 786160445, 1749320499, 926278025]
RESULT trial=0 libra_i_prime image_rank=1076 targets=5 failures=0 excess_rank=0 quotient_support=[] excess_pivots=[]
RESULT trial=0 libra_derivative_diagnostic image_rank=1076 targets=5 failures=0 excess_rank=0 quotient_support=[] excess_pivots=[]
RESULT trial=0 libra_ii_prime image_rank=1080 targets=5 failures=0 excess_rank=0 quotient_support=[] excess_pivots=[]
GATE_C trial=0 design=libra silent_rank=1076 initial_retained_rank=1080 full_conditioned_rank=1080 i_pass=5 ii_pass=5 attempted=5 batch_word_matched=true gamma=7 fourth_claims_all_lanes=true
RESULT trial=0 columns26_i_prime image_rank=1076 targets=5 failures=0 excess_rank=0 quotient_support=[] excess_pivots=[]
RESULT trial=0 columns26_derivative_diagnostic image_rank=1076 targets=5 failures=0 excess_rank=0 quotient_support=[] excess_pivots=[]
RESULT trial=0 columns26_ii_prime image_rank=1080 targets=5 failures=0 excess_rank=0 quotient_support=[] excess_pivots=[]
GATE_C trial=0 design=columns26 silent_rank=1076 initial_retained_rank=1080 full_conditioned_rank=1080 i_pass=5 ii_pass=5 attempted=5 batch_word_matched=true gamma=7 fourth_claims_all_lanes=true
TRIAL_DONE trial=0 wall_seconds=88.053
TRIAL_SEED trial=1 seed=0x8fb7e42ca70d2dfa
CHALLENGE trial=1 alpha=[QM31 { c0: CM31 { a: M31(281761934), b: M31(2091473671) }, c1: CM31 { a: M31(546208116), b: M31(1008191381) } }, QM31 { c0: CM31 { a: M31(656270221), b: M31(32140190) }, c1: CM31 { a: M31(1444620428), b: M31(339273489) } }, QM31 { c0: CM31 { a: M31(258435441), b: M31(2143162747) }, c1: CM31 { a: M31(1148003267), b: M31(1412716716) } }, QM31 { c0: CM31 { a: M31(815575279), b: M31(1828133281) }, c1: CM31 { a: M31(1282579275), b: M31(1886647853) } }, QM31 { c0: CM31 { a: M31(1388052761), b: M31(1815926616) }, c1: CM31 { a: M31(484487271), b: M31(1060898069) } }, QM31 { c0: CM31 { a: M31(2044041155), b: M31(1235209455) }, c1: CM31 { a: M31(59426151), b: M31(237770936) } }, QM31 { c0: CM31 { a: M31(2096252023), b: M31(2062024380) }, c1: CM31 { a: M31(173747114), b: M31(1823095094) } }, QM31 { c0: CM31 { a: M31(1512323610), b: M31(754945433) }, c1: CM31 { a: M31(629361899), b: M31(435025870) } }, QM31 { c0: CM31 { a: M31(713374362), b: M31(1899052925) }, c1: CM31 { a: M31(382735220), b: M31(1224920723) } }, QM31 { c0: CM31 { a: M31(774464783), b: M31(1076877379) }, c1: CM31 { a: M31(428208570), b: M31(1368731697) } }] semantic=Challenges { lambda: QM31 { c0: CM31 { a: M31(1758350367), b: M31(67686492) }, c1: CM31 { a: M31(721476578), b: M31(2077024289) } }, chi: QM31 { c0: CM31 { a: M31(887613278), b: M31(1390955868) }, c1: CM31 { a: M31(78018980), b: M31(974484308) } }, theta: QM31 { c0: CM31 { a: M31(1439633450), b: M31(1767430369) }, c1: CM31 { a: M31(525714855), b: M31(85412524) } }, zc: [QM31 { c0: CM31 { a: M31(1056569853), b: M31(1041203548) }, c1: CM31 { a: M31(1186855181), b: M31(1828234194) } }, QM31 { c0: CM31 { a: M31(1258140593), b: M31(590076906) }, c1: CM31 { a: M31(533838034), b: M31(150259452) } }, QM31 { c0: CM31 { a: M31(878517153), b: M31(1001571596) }, c1: CM31 { a: M31(22575508), b: M31(850033012) } }, QM31 { c0: CM31 { a: M31(449468224), b: M31(749370265) }, c1: CM31 { a: M31(2034633029), b: M31(541237649) } }, QM31 { c0: CM31 { a: M31(1125026033), b: M31(1723137427) }, c1: CM31 { a: M31(1827392418), b: M31(1523853750) } }, QM31 { c0: CM31 { a: M31(891820828), b: M31(2098215255) }, c1: CM31 { a: M31(399024822), b: M31(141341802) } }, QM31 { c0: CM31 { a: M31(1981996001), b: M31(2000593417) }, c1: CM31 { a: M31(915046407), b: M31(375987007) } }, QM31 { c0: CM31 { a: M31(1294521197), b: M31(2105588713) }, c1: CM31 { a: M31(1408618879), b: M31(301501491) } }, QM31 { c0: CM31 { a: M31(1509903935), b: M31(995070200) }, c1: CM31 { a: M31(2044489477), b: M31(31324947) } }, QM31 { c0: CM31 { a: M31(147174022), b: M31(1556128874) }, c1: CM31 { a: M31(699600465), b: M31(471184038) } }], mu: QM31 { c0: CM31 { a: M31(849128352), b: M31(2061376513) }, c1: CM31 { a: M31(1669432313), b: M31(464669551) } }, eta: QM31 { c0: CM31 { a: M31(2114445837), b: M31(746213198) }, c1: CM31 { a: M31(364363903), b: M31(1986159194) } } } circle=[Point { x: QM31 { c0: CM31 { a: M31(1381912017), b: M31(237054214) }, c1: CM31 { a: M31(999400882), b: M31(471467513) } }, y: QM31 { c0: CM31 { a: M31(92019686), b: M31(1732894204) }, c1: CM31 { a: M31(669178110), b: M31(302126476) } } }, Point { x: QM31 { c0: CM31 { a: M31(1048808509), b: M31(49604801) }, c1: CM31 { a: M31(1924839596), b: M31(2023963879) } }, y: QM31 { c0: CM31 { a: M31(942360152), b: M31(117193930) }, c1: CM31 { a: M31(597601629), b: M31(1987648449) } } }] queries=[12548, 16322, 19794, 30188, 56142, 56238, 58132, 63553, 67635, 68207, 91560, 119040, 158233, 180453, 199896, 202598, 205265, 211814, 212786, 216380, 238489, 244369]
C1_C trial=1 pattern=random ranks=[112, 112, 112, 112, 112, 112, 112, 112, 112, 112, 112, 112, 112, 112, 112, 112] want_each=112
C1_C trial=1 pattern=consecutive ranks=[112, 112, 112, 112, 112, 112, 112, 112, 112, 112, 112, 112, 112, 112, 112, 112] want_each=112
TARGET_PROGRESS pair=0 round=0
TARGET_PROGRESS pair=0 round=9
Z4B_REPLAY trial=1 pair=0 pinned=[259353783, 2085745592, 2019425279, 1164848565] derivative=[1303811607, 115600201, 1527116467, 1792831454] ii=[1719715138, 1971783417, 1393073114, 1073872383]
TARGET_PROGRESS pair=1 round=0
TARGET_PROGRESS pair=1 round=9
Z4B_REPLAY trial=1 pair=1 pinned=[95908815, 687809103, 1746193682, 2089521783] derivative=[1654649685, 322765545, 671520446, 2064409455] ii=[1647005886, 582861865, 377857290, 1302671532]
TARGET_PROGRESS pair=2 round=0
TARGET_PROGRESS pair=2 round=9
Z4B_REPLAY trial=1 pair=2 pinned=[1784013047, 237583331, 1128549032, 1375252093] derivative=[239413301, 1996629457, 441199685, 121850022] ii=[1474097869, 1888204847, 1428380297, 1870655328]
TARGET_PROGRESS pair=3 round=0
TARGET_PROGRESS pair=3 round=9
Z4B_REPLAY trial=1 pair=3 pinned=[1707536772, 885396, 2136152362, 227491700] derivative=[1201769859, 593619812, 132182861, 1593030023] ii=[432950200, 581867413, 716967257, 1825594255]
TARGET_PROGRESS pair=4 round=0
TARGET_PROGRESS pair=4 round=9
Z4B_REPLAY trial=1 pair=4 pinned=[1709084661, 520790947, 1969361099, 156268303] derivative=[2018591109, 760994281, 761143683, 1002940871] ii=[2107318926, 643079998, 362112735, 2026122152]
RESULT trial=1 libra_i_prime image_rank=1076 targets=5 failures=0 excess_rank=0 quotient_support=[] excess_pivots=[]
RESULT trial=1 libra_derivative_diagnostic image_rank=1076 targets=5 failures=0 excess_rank=0 quotient_support=[] excess_pivots=[]
RESULT trial=1 libra_ii_prime image_rank=1080 targets=5 failures=0 excess_rank=0 quotient_support=[] excess_pivots=[]
GATE_C trial=1 design=libra silent_rank=1076 initial_retained_rank=1080 full_conditioned_rank=1080 i_pass=5 ii_pass=5 attempted=5 batch_word_matched=true gamma=7 fourth_claims_all_lanes=true
RESULT trial=1 columns26_i_prime image_rank=1076 targets=5 failures=0 excess_rank=0 quotient_support=[] excess_pivots=[]
RESULT trial=1 columns26_derivative_diagnostic image_rank=1076 targets=5 failures=0 excess_rank=0 quotient_support=[] excess_pivots=[]
RESULT trial=1 columns26_ii_prime image_rank=1080 targets=5 failures=0 excess_rank=0 quotient_support=[] excess_pivots=[]
GATE_C trial=1 design=columns26 silent_rank=1076 initial_retained_rank=1080 full_conditioned_rank=1080 i_pass=5 ii_pass=5 attempted=5 batch_word_matched=true gamma=7 fourth_claims_all_lanes=true
TRIAL_DONE trial=1 wall_seconds=89.142
TRIAL_SEED trial=2 seed=0x2def5de62657aa0f
CHALLENGE trial=2 alpha=[QM31 { c0: CM31 { a: M31(189880959), b: M31(1491396733) }, c1: CM31 { a: M31(320725255), b: M31(1116442628) } }, QM31 { c0: CM31 { a: M31(175298914), b: M31(1993037328) }, c1: CM31 { a: M31(447695186), b: M31(1200161975) } }, QM31 { c0: CM31 { a: M31(1211870063), b: M31(228501488) }, c1: CM31 { a: M31(1628015889), b: M31(541623716) } }, QM31 { c0: CM31 { a: M31(729725142), b: M31(1742716623) }, c1: CM31 { a: M31(194558475), b: M31(301677528) } }, QM31 { c0: CM31 { a: M31(79069277), b: M31(158898987) }, c1: CM31 { a: M31(1001016410), b: M31(398127265) } }, QM31 { c0: CM31 { a: M31(457267870), b: M31(716588782) }, c1: CM31 { a: M31(733661879), b: M31(843201522) } }, QM31 { c0: CM31 { a: M31(641715776), b: M31(387005416) }, c1: CM31 { a: M31(1756009925), b: M31(2119204292) } }, QM31 { c0: CM31 { a: M31(955450272), b: M31(1748403584) }, c1: CM31 { a: M31(159607724), b: M31(283474405) } }, QM31 { c0: CM31 { a: M31(1485423432), b: M31(2032935990) }, c1: CM31 { a: M31(1577047966), b: M31(1813511976) } }, QM31 { c0: CM31 { a: M31(1238974029), b: M31(1067545541) }, c1: CM31 { a: M31(1960984402), b: M31(1449894998) } }] semantic=Challenges { lambda: QM31 { c0: CM31 { a: M31(197387748), b: M31(1308222540) }, c1: CM31 { a: M31(805889717), b: M31(1406461805) } }, chi: QM31 { c0: CM31 { a: M31(18233048), b: M31(1233502404) }, c1: CM31 { a: M31(1337303623), b: M31(1419715125) } }, theta: QM31 { c0: CM31 { a: M31(279596179), b: M31(777988757) }, c1: CM31 { a: M31(1930007587), b: M31(1888659433) } }, zc: [QM31 { c0: CM31 { a: M31(207976592), b: M31(1621123900) }, c1: CM31 { a: M31(962694558), b: M31(313381915) } }, QM31 { c0: CM31 { a: M31(598022072), b: M31(1198850921) }, c1: CM31 { a: M31(321963299), b: M31(1241060534) } }, QM31 { c0: CM31 { a: M31(1028207562), b: M31(1647620190) }, c1: CM31 { a: M31(1847207699), b: M31(1537625907) } }, QM31 { c0: CM31 { a: M31(1461752889), b: M31(25318662) }, c1: CM31 { a: M31(755625092), b: M31(729876600) } }, QM31 { c0: CM31 { a: M31(599595153), b: M31(947719279) }, c1: CM31 { a: M31(1072630960), b: M31(16656162) } }, QM31 { c0: CM31 { a: M31(536410679), b: M31(1888912660) }, c1: CM31 { a: M31(607487215), b: M31(1124866913) } }, QM31 { c0: CM31 { a: M31(1162724392), b: M31(2026828622) }, c1: CM31 { a: M31(1170086282), b: M31(24441361) } }, QM31 { c0: CM31 { a: M31(691224435), b: M31(1747273465) }, c1: CM31 { a: M31(1296639357), b: M31(1228125519) } }, QM31 { c0: CM31 { a: M31(1515393985), b: M31(2038798855) }, c1: CM31 { a: M31(957724388), b: M31(2098460402) } }, QM31 { c0: CM31 { a: M31(456144417), b: M31(1618407060) }, c1: CM31 { a: M31(1280581166), b: M31(484116015) } }], mu: QM31 { c0: CM31 { a: M31(1168822646), b: M31(1972248401) }, c1: CM31 { a: M31(336644348), b: M31(577186664) } }, eta: QM31 { c0: CM31 { a: M31(359823659), b: M31(1980446138) }, c1: CM31 { a: M31(1254038888), b: M31(1497278100) } } } circle=[Point { x: QM31 { c0: CM31 { a: M31(532972218), b: M31(1162206495) }, c1: CM31 { a: M31(1980593583), b: M31(2134265888) } }, y: QM31 { c0: CM31 { a: M31(1810268848), b: M31(505997624) }, c1: CM31 { a: M31(1131545265), b: M31(313712107) } } }, Point { x: QM31 { c0: CM31 { a: M31(790376978), b: M31(2016760712) }, c1: CM31 { a: M31(1339352401), b: M31(1475003057) } }, y: QM31 { c0: CM31 { a: M31(469331702), b: M31(548375302) }, c1: CM31 { a: M31(563186634), b: M31(726005708) } } }] queries=[6255, 25955, 33571, 34216, 42244, 49387, 55552, 73604, 80959, 88729, 107045, 156176, 156225, 169163, 172664, 193304, 209179, 222614, 225511, 227642, 243888, 255659]
C1_C trial=2 pattern=random ranks=[112, 112, 112, 112, 112, 112, 112, 112, 112, 112, 112, 112, 112, 112, 112, 112] want_each=112
C1_C trial=2 pattern=consecutive ranks=[112, 112, 112, 112, 112, 112, 112, 112, 112, 112, 112, 112, 112, 112, 112, 112] want_each=112
TARGET_PROGRESS pair=0 round=0
TARGET_PROGRESS pair=0 round=9
Z4B_REPLAY trial=2 pair=0 pinned=[1697270255, 1741514982, 1706852363, 703216375] derivative=[701467291, 1026351605, 554771113, 322859733] ii=[1047172831, 335355813, 1906453870, 2108669515]
TARGET_PROGRESS pair=1 round=0
TARGET_PROGRESS pair=1 round=9
Z4B_REPLAY trial=2 pair=1 pinned=[903221572, 791864812, 127501414, 63577274] derivative=[330253294, 1412114072, 956025477, 1225615469] ii=[1651541273, 1871000984, 281456488, 794868505]
TARGET_PROGRESS pair=2 round=0
TARGET_PROGRESS pair=2 round=9
Z4B_REPLAY trial=2 pair=2 pinned=[1136316353, 1152824255, 698971669, 274810434] derivative=[1807205556, 1178049527, 105757450, 1463285404] ii=[563397147, 351813651, 715035463, 1421487993]
TARGET_PROGRESS pair=3 round=0
TARGET_PROGRESS pair=3 round=9
Z4B_REPLAY trial=2 pair=3 pinned=[126517000, 781157160, 574006748, 1922731478] derivative=[1466441904, 1874216266, 1204253772, 1509515085] ii=[1330157912, 419336238, 748542648, 94574761]
TARGET_PROGRESS pair=4 round=0
TARGET_PROGRESS pair=4 round=9
Z4B_REPLAY trial=2 pair=4 pinned=[1991201764, 1143708960, 651305939, 1573160923] derivative=[1317953776, 721270742, 631538945, 1460163211] ii=[332047684, 1977849466, 1293581044, 1276725524]
RESULT trial=2 libra_i_prime image_rank=1076 targets=5 failures=0 excess_rank=0 quotient_support=[] excess_pivots=[]
RESULT trial=2 libra_derivative_diagnostic image_rank=1076 targets=5 failures=0 excess_rank=0 quotient_support=[] excess_pivots=[]
RESULT trial=2 libra_ii_prime image_rank=1080 targets=5 failures=0 excess_rank=0 quotient_support=[] excess_pivots=[]
GATE_C trial=2 design=libra silent_rank=1076 initial_retained_rank=1080 full_conditioned_rank=1080 i_pass=5 ii_pass=5 attempted=5 batch_word_matched=true gamma=7 fourth_claims_all_lanes=true
RESULT trial=2 columns26_i_prime image_rank=1076 targets=5 failures=0 excess_rank=0 quotient_support=[] excess_pivots=[]
RESULT trial=2 columns26_derivative_diagnostic image_rank=1076 targets=5 failures=0 excess_rank=0 quotient_support=[] excess_pivots=[]
RESULT trial=2 columns26_ii_prime image_rank=1080 targets=5 failures=0 excess_rank=0 quotient_support=[] excess_pivots=[]
GATE_C trial=2 design=columns26 silent_rank=1076 initial_retained_rank=1080 full_conditioned_rank=1080 i_pass=5 ii_pass=5 attempted=5 batch_word_matched=true gamma=7 fourth_claims_all_lanes=true
TRIAL_DONE trial=2 wall_seconds=96.764
TRIAL_SEED trial=3 seed=0xcc26d79fa5a22624
CHALLENGE trial=3 alpha=[QM31 { c0: CM31 { a: M31(815865601), b: M31(842972142) }, c1: CM31 { a: M31(40036295), b: M31(392674732) } }, QM31 { c0: CM31 { a: M31(1850907719), b: M31(2027200441) }, c1: CM31 { a: M31(1699152496), b: M31(867907733) } }, QM31 { c0: CM31 { a: M31(1742179017), b: M31(1229630068) }, c1: CM31 { a: M31(990279319), b: M31(1530446256) } }, QM31 { c0: CM31 { a: M31(1655600307), b: M31(489707080) }, c1: CM31 { a: M31(632697849), b: M31(1811850851) } }, QM31 { c0: CM31 { a: M31(999948773), b: M31(1153614175) }, c1: CM31 { a: M31(2095601189), b: M31(313538502) } }, QM31 { c0: CM31 { a: M31(1202092945), b: M31(1982889048) }, c1: CM31 { a: M31(1542020704), b: M31(1919793667) } }, QM31 { c0: CM31 { a: M31(508565747), b: M31(745069895) }, c1: CM31 { a: M31(282801444), b: M31(1005955581) } }, QM31 { c0: CM31 { a: M31(651232250), b: M31(800435271) }, c1: CM31 { a: M31(691301723), b: M31(763127982) } }, QM31 { c0: CM31 { a: M31(1621041013), b: M31(1415308864) }, c1: CM31 { a: M31(475249010), b: M31(222032013) } }, QM31 { c0: CM31 { a: M31(449499054), b: M31(1141735052) }, c1: CM31 { a: M31(833403698), b: M31(1681901879) } }] semantic=Challenges { lambda: QM31 { c0: CM31 { a: M31(1898540174), b: M31(520033665) }, c1: CM31 { a: M31(89448105), b: M31(1117071388) } }, chi: QM31 { c0: CM31 { a: M31(958726617), b: M31(240291668) }, c1: CM31 { a: M31(1356614606), b: M31(217735597) } }, theta: QM31 { c0: CM31 { a: M31(927530899), b: M31(1245541612) }, c1: CM31 { a: M31(956087906), b: M31(1024021122) } }, zc: [QM31 { c0: CM31 { a: M31(695939562), b: M31(1311522651) }, c1: CM31 { a: M31(698482653), b: M31(2140821354) } }, QM31 { c0: CM31 { a: M31(319831982), b: M31(2035321192) }, c1: CM31 { a: M31(527971285), b: M31(1706541501) } }, QM31 { c0: CM31 { a: M31(1876024168), b: M31(16020743) }, c1: CM31 { a: M31(1152725605), b: M31(339911663) } }, QM31 { c0: CM31 { a: M31(806053758), b: M31(1809521701) }, c1: CM31 { a: M31(479831394), b: M31(331139817) } }, QM31 { c0: CM31 { a: M31(157556455), b: M31(811028708) }, c1: CM31 { a: M31(1478222882), b: M31(842862838) } }, QM31 { c0: CM31 { a: M31(100862247), b: M31(1423176901) }, c1: CM31 { a: M31(349981878), b: M31(558213714) } }, QM31 { c0: CM31 { a: M31(1559551273), b: M31(1262039037) }, c1: CM31 { a: M31(1367216812), b: M31(605004312) } }, QM31 { c0: CM31 { a: M31(673423383), b: M31(1037906883) }, c1: CM31 { a: M31(131140658), b: M31(124488561) } }, QM31 { c0: CM31 { a: M31(1683287898), b: M31(1737768825) }, c1: CM31 { a: M31(233132775), b: M31(829985333) } }, QM31 { c0: CM31 { a: M31(470704532), b: M31(1442850988) }, c1: CM31 { a: M31(363131217), b: M31(1299470216) } }], mu: QM31 { c0: CM31 { a: M31(33218724), b: M31(1055224076) }, c1: CM31 { a: M31(1916047355), b: M31(43381742) } }, eta: QM31 { c0: CM31 { a: M31(985695048), b: M31(232935700) }, c1: CM31 { a: M31(596226675), b: M31(282493140) } } } circle=[Point { x: QM31 { c0: CM31 { a: M31(1551047484), b: M31(542511319) }, c1: CM31 { a: M31(1035503649), b: M31(671410689) } }, y: QM31 { c0: CM31 { a: M31(2004534482), b: M31(341490105) }, c1: CM31 { a: M31(505410978), b: M31(1338644227) } } }, Point { x: QM31 { c0: CM31 { a: M31(1482511908), b: M31(2106120306) }, c1: CM31 { a: M31(398908019), b: M31(285990709) } }, y: QM31 { c0: CM31 { a: M31(99875349), b: M31(198565918) }, c1: CM31 { a: M31(1725891852), b: M31(229633291) } } }] queries=[21786, 22741, 49335, 52940, 64821, 64864, 70582, 72453, 82785, 91316, 94774, 115511, 129467, 142929, 152964, 171073, 172548, 220663, 233687, 236705, 251122, 253057]
C1_C trial=3 pattern=random ranks=[112, 112, 112, 112, 112, 112, 112, 112, 112, 112, 112, 112, 112, 112, 112, 112] want_each=112
C1_C trial=3 pattern=consecutive ranks=[112, 112, 112, 112, 112, 112, 112, 112, 112, 112, 112, 112, 112, 112, 112, 112] want_each=112
TARGET_PROGRESS pair=0 round=0
TARGET_PROGRESS pair=0 round=9
Z4B_REPLAY trial=3 pair=0 pinned=[598725487, 1444979682, 1365992778, 121267771] derivative=[330600572, 641285119, 1086868263, 557713063] ii=[1924222520, 1061208580, 60734939, 405523522]
TARGET_PROGRESS pair=1 round=0
TARGET_PROGRESS pair=1 round=9
Z4B_REPLAY trial=3 pair=1 pinned=[1245733179, 1721841738, 278040631, 694623482] derivative=[441958243, 1647921281, 1790260022, 90109503] ii=[1169607761, 1359979797, 1108048743, 1645494598]
TARGET_PROGRESS pair=2 round=0
TARGET_PROGRESS pair=2 round=9
Z4B_REPLAY trial=3 pair=2 pinned=[342173663, 887126629, 268426166, 1652951575] derivative=[957871305, 409675522, 597021666, 85161834] ii=[1154557808, 1283435900, 1882893233, 1643975703]
TARGET_PROGRESS pair=3 round=0
TARGET_PROGRESS pair=3 round=9
Z4B_REPLAY trial=3 pair=3 pinned=[185444909, 2111651368, 1818252263, 1074665125] derivative=[986497854, 959911247, 76112081, 286567378] ii=[1734624105, 84771579, 100910557, 691789790]
TARGET_PROGRESS pair=4 round=0
TARGET_PROGRESS pair=4 round=9
Z4B_REPLAY trial=3 pair=4 pinned=[2009308707, 2137620256, 1998993439, 1275585455] derivative=[476999220, 945170641, 1598709895, 1919008094] ii=[641739044, 19193969, 411484590, 2056143099]
RESULT trial=3 libra_i_prime image_rank=1076 targets=5 failures=0 excess_rank=0 quotient_support=[] excess_pivots=[]
RESULT trial=3 libra_derivative_diagnostic image_rank=1076 targets=5 failures=0 excess_rank=0 quotient_support=[] excess_pivots=[]
RESULT trial=3 libra_ii_prime image_rank=1080 targets=5 failures=0 excess_rank=0 quotient_support=[] excess_pivots=[]
GATE_C trial=3 design=libra silent_rank=1076 initial_retained_rank=1080 full_conditioned_rank=1080 i_pass=5 ii_pass=5 attempted=5 batch_word_matched=true gamma=7 fourth_claims_all_lanes=true
RESULT trial=3 columns26_i_prime image_rank=1076 targets=5 failures=0 excess_rank=0 quotient_support=[] excess_pivots=[]
RESULT trial=3 columns26_derivative_diagnostic image_rank=1076 targets=5 failures=0 excess_rank=0 quotient_support=[] excess_pivots=[]
RESULT trial=3 columns26_ii_prime image_rank=1080 targets=5 failures=0 excess_rank=0 quotient_support=[] excess_pivots=[]
GATE_C trial=3 design=columns26 silent_rank=1076 initial_retained_rank=1080 full_conditioned_rank=1080 i_pass=5 ii_pass=5 attempted=5 batch_word_matched=true gamma=7 fourth_claims_all_lanes=true
TRIAL_DONE trial=3 wall_seconds=90.644
TRIAL_SEED trial=4 seed=0x6a5e515924eca239
CHALLENGE trial=4 alpha=[QM31 { c0: CM31 { a: M31(1710016246), b: M31(636933598) }, c1: CM31 { a: M31(1527083966), b: M31(757316929) } }, QM31 { c0: CM31 { a: M31(1802772188), b: M31(1238371490) }, c1: CM31 { a: M31(286754296), b: M31(1534527362) } }, QM31 { c0: CM31 { a: M31(1347131452), b: M31(942457885) }, c1: CM31 { a: M31(1153954992), b: M31(1224001953) } }, QM31 { c0: CM31 { a: M31(1456105173), b: M31(61602681) }, c1: CM31 { a: M31(1779785321), b: M31(1192503211) } }, QM31 { c0: CM31 { a: M31(1142585914), b: M31(245722525) }, c1: CM31 { a: M31(1679841908), b: M31(1407031876) } }, QM31 { c0: CM31 { a: M31(1267275536), b: M31(1168095836) }, c1: CM31 { a: M31(2109296880), b: M31(911439276) } }, QM31 { c0: CM31 { a: M31(1604961372), b: M31(1783934792) }, c1: CM31 { a: M31(1116014236), b: M31(52038232) } }, QM31 { c0: CM31 { a: M31(2026742084), b: M31(56218140) }, c1: CM31 { a: M31(1273581780), b: M31(1438670345) } }, QM31 { c0: CM31 { a: M31(566859110), b: M31(799942761) }, c1: CM31 { a: M31(1611711212), b: M31(1571199989) } }, QM31 { c0: CM31 { a: M31(2090637516), b: M31(1029073736) }, c1: CM31 { a: M31(1598235009), b: M31(1210667975) } }] semantic=Challenges { lambda: QM31 { c0: CM31 { a: M31(384641325), b: M31(1619956874) }, c1: CM31 { a: M31(451388594), b: M31(476614279) } }, chi: QM31 { c0: CM31 { a: M31(1595841350), b: M31(760638087) }, c1: CM31 { a: M31(660570005), b: M31(1191085607) } }, theta: QM31 { c0: CM31 { a: M31(1562987764), b: M31(1088508114) }, c1: CM31 { a: M31(1859512876), b: M31(896939070) } }, zc: [QM31 { c0: CM31 { a: M31(1948484715), b: M31(497389874) }, c1: CM31 { a: M31(157904952), b: M31(1500884801) } }, QM31 { c0: CM31 { a: M31(1933571084), b: M31(1465851390) }, c1: CM31 { a: M31(2072203465), b: M31(936065886) } }, QM31 { c0: CM31 { a: M31(70053103), b: M31(1826549097) }, c1: CM31 { a: M31(832035134), b: M31(992856043) } }, QM31 { c0: CM31 { a: M31(638390400), b: M31(1325907990) }, c1: CM31 { a: M31(1176011064), b: M31(1072017180) } }, QM31 { c0: CM31 { a: M31(1291913875), b: M31(448507280) }, c1: CM31 { a: M31(1987173007), b: M31(1415036809) } }, QM31 { c0: CM31 { a: M31(1719480862), b: M31(24348320) }, c1: CM31 { a: M31(1399216509), b: M31(979802562) } }, QM31 { c0: CM31 { a: M31(355329075), b: M31(2090063158) }, c1: CM31 { a: M31(1443745789), b: M31(1470950286) } }, QM31 { c0: CM31 { a: M31(1064702241), b: M31(868476831) }, c1: CM31 { a: M31(1650049971), b: M31(1322435913) } }, QM31 { c0: CM31 { a: M31(651034437), b: M31(1454719854) }, c1: CM31 { a: M31(1782918918), b: M31(641244621) } }, QM31 { c0: CM31 { a: M31(11375237), b: M31(844100211) }, c1: CM31 { a: M31(112889439), b: M31(226217138) } }], mu: QM31 { c0: CM31 { a: M31(1668826940), b: M31(1423293310) }, c1: CM31 { a: M31(853280211), b: M31(1778141787) } }, eta: QM31 { c0: CM31 { a: M31(822138500), b: M31(951861083) }, c1: CM31 { a: M31(878612590), b: M31(1910324926) } } } circle=[Point { x: QM31 { c0: CM31 { a: M31(951242802), b: M31(526188939) }, c1: CM31 { a: M31(1526841524), b: M31(1738939854) } }, y: QM31 { c0: CM31 { a: M31(1377763973), b: M31(1890789636) }, c1: CM31 { a: M31(1363999387), b: M31(42945196) } } }, Point { x: QM31 { c0: CM31 { a: M31(1027890585), b: M31(160918894) }, c1: CM31 { a: M31(767347325), b: M31(1766375706) } }, y: QM31 { c0: CM31 { a: M31(1932014306), b: M31(389456992) }, c1: CM31 { a: M31(1909375902), b: M31(803884624) } } }] queries=[427, 544, 12231, 43305, 45501, 47379, 72489, 89689, 103206, 112721, 139483, 165028, 194169, 201993, 205843, 209018, 210508, 211230, 219565, 228710, 248746, 253557]
C1_C trial=4 pattern=random ranks=[112, 112, 112, 112, 112, 112, 112, 112, 112, 112, 112, 112, 112, 112, 112, 112] want_each=112
C1_C trial=4 pattern=consecutive ranks=[112, 112, 112, 112, 112, 112, 112, 112, 112, 112, 112, 112, 112, 112, 112, 112] want_each=112
TARGET_PROGRESS pair=0 round=0
TARGET_PROGRESS pair=0 round=9
Z4B_REPLAY trial=4 pair=0 pinned=[847388154, 856810809, 1236004068, 429273036] derivative=[881871791, 1213869864, 873070133, 1224227949] ii=[785214815, 1007661510, 772628565, 1834238400]
TARGET_PROGRESS pair=1 round=0
TARGET_PROGRESS pair=1 round=9
Z4B_REPLAY trial=4 pair=1 pinned=[546426143, 1561787505, 1792852768, 294881302] derivative=[1522193779, 433110281, 1058717829, 1200458113] ii=[1080211455, 2009459246, 1971597438, 943974889]
TARGET_PROGRESS pair=2 round=0
TARGET_PROGRESS pair=2 round=9
Z4B_REPLAY trial=4 pair=2 pinned=[532532695, 556178694, 347323532, 12949307] derivative=[1881673537, 1043458215, 1374743335, 716564921] ii=[1614120095, 1246871449, 802828898, 1207814280]
TARGET_PROGRESS pair=3 round=0
TARGET_PROGRESS pair=3 round=9
Z4B_REPLAY trial=4 pair=3 pinned=[1806073546, 1697674090, 1340494364, 228651991] derivative=[1227403634, 1134826731, 1106389751, 1289295289] ii=[828036719, 1208080939, 1970784521, 561346243]
TARGET_PROGRESS pair=4 round=0
TARGET_PROGRESS pair=4 round=9
Z4B_REPLAY trial=4 pair=4 pinned=[1327931374, 1333091763, 1413341689, 1769469310] derivative=[629576657, 188189363, 1136307246, 20005064] ii=[1971713151, 1787537277, 455963205, 418141659]
RESULT trial=4 libra_i_prime image_rank=1076 targets=5 failures=0 excess_rank=0 quotient_support=[] excess_pivots=[]
RESULT trial=4 libra_derivative_diagnostic image_rank=1076 targets=5 failures=0 excess_rank=0 quotient_support=[] excess_pivots=[]
RESULT trial=4 libra_ii_prime image_rank=1080 targets=5 failures=0 excess_rank=0 quotient_support=[] excess_pivots=[]
GATE_C trial=4 design=libra silent_rank=1076 initial_retained_rank=1080 full_conditioned_rank=1080 i_pass=5 ii_pass=5 attempted=5 batch_word_matched=true gamma=7 fourth_claims_all_lanes=true
RESULT trial=4 columns26_i_prime image_rank=1076 targets=5 failures=0 excess_rank=0 quotient_support=[] excess_pivots=[]
RESULT trial=4 columns26_derivative_diagnostic image_rank=1076 targets=5 failures=0 excess_rank=0 quotient_support=[] excess_pivots=[]
RESULT trial=4 columns26_ii_prime image_rank=1080 targets=5 failures=0 excess_rank=0 quotient_support=[] excess_pivots=[]
GATE_C trial=4 design=columns26 silent_rank=1076 initial_retained_rank=1080 full_conditioned_rank=1080 i_pass=5 ii_pass=5 attempted=5 batch_word_matched=true gamma=7 fourth_claims_all_lanes=true
TRIAL_DONE trial=4 wall_seconds=90.823
TRIAL_SEED trial=5 seed=0x895cb12a4371e4e
CHALLENGE trial=5 alpha=[QM31 { c0: CM31 { a: M31(1938652176), b: M31(1566850252) }, c1: CM31 { a: M31(1528546559), b: M31(1215941391) } }, QM31 { c0: CM31 { a: M31(1563898846), b: M31(1076191013) }, c1: CM31 { a: M31(229415201), b: M31(1678769411) } }, QM31 { c0: CM31 { a: M31(831173482), b: M31(772418456) }, c1: CM31 { a: M31(852593081), b: M31(263556128) } }, QM31 { c0: CM31 { a: M31(1379279886), b: M31(732520957) }, c1: CM31 { a: M31(1125887125), b: M31(462645286) } }, QM31 { c0: CM31 { a: M31(472582892), b: M31(1288247257) }, c1: CM31 { a: M31(1684065479), b: M31(1222765496) } }, QM31 { c0: CM31 { a: M31(1308599906), b: M31(1834770326) }, c1: CM31 { a: M31(276762361), b: M31(81438734) } }, QM31 { c0: CM31 { a: M31(688091002), b: M31(169582885) }, c1: CM31 { a: M31(442201339), b: M31(584977483) } }, QM31 { c0: CM31 { a: M31(1963860518), b: M31(1030012750) }, c1: CM31 { a: M31(611546335), b: M31(1942861432) } }, QM31 { c0: CM31 { a: M31(1289060609), b: M31(1357785423) }, c1: CM31 { a: M31(929798382), b: M31(1123948781) } }, QM31 { c0: CM31 { a: M31(1458263448), b: M31(113468877) }, c1: CM31 { a: M31(2038804367), b: M31(1681648416) } }] semantic=Challenges { lambda: QM31 { c0: CM31 { a: M31(1627609341), b: M31(720296354) }, c1: CM31 { a: M31(1626290972), b: M31(394115028) } }, chi: QM31 { c0: CM31 { a: M31(1435943696), b: M31(2080721703) }, c1: CM31 { a: M31(1078409077), b: M31(1329493019) } }, theta: QM31 { c0: CM31 { a: M31(1086795786), b: M31(974534527) }, c1: CM31 { a: M31(1605444664), b: M31(274337866) } }, zc: [QM31 { c0: CM31 { a: M31(829274112), b: M31(730181763) }, c1: CM31 { a: M31(1819374078), b: M31(1295035484) } }, QM31 { c0: CM31 { a: M31(1701111589), b: M31(737339637) }, c1: CM31 { a: M31(1654037453), b: M31(960746745) } }, QM31 { c0: CM31 { a: M31(2037711789), b: M31(184974843) }, c1: CM31 { a: M31(1004674053), b: M31(1773629815) } }, QM31 { c0: CM31 { a: M31(1436789406), b: M31(1241123287) }, c1: CM31 { a: M31(1627029806), b: M31(842828360) } }, QM31 { c0: CM31 { a: M31(1003989846), b: M31(1017691160) }, c1: CM31 { a: M31(1823403913), b: M31(1966405658) } }, QM31 { c0: CM31 { a: M31(824279374), b: M31(1596769513) }, c1: CM31 { a: M31(1012938786), b: M31(1124332719) } }, QM31 { c0: CM31 { a: M31(2118041949), b: M31(1758081535) }, c1: CM31 { a: M31(120793970), b: M31(571651359) } }, QM31 { c0: CM31 { a: M31(1962463090), b: M31(678853128) }, c1: CM31 { a: M31(112959919), b: M31(1383784582) } }, QM31 { c0: CM31 { a: M31(333023795), b: M31(1600498624) }, c1: CM31 { a: M31(1200071616), b: M31(895197652) } }, QM31 { c0: CM31 { a: M31(999072778), b: M31(569322737) }, c1: CM31 { a: M31(576968895), b: M31(1213450803) } }], mu: QM31 { c0: CM31 { a: M31(659667718), b: M31(163060035) }, c1: CM31 { a: M31(756503559), b: M31(1416125761) } }, eta: QM31 { c0: CM31 { a: M31(1835403633), b: M31(1386788316) }, c1: CM31 { a: M31(565094502), b: M31(614957726) } } } circle=[Point { x: QM31 { c0: CM31 { a: M31(30424247), b: M31(864244319) }, c1: CM31 { a: M31(968627766), b: M31(1943535256) } }, y: QM31 { c0: CM31 { a: M31(717862213), b: M31(608981758) }, c1: CM31 { a: M31(1389580341), b: M31(1618766361) } } }, Point { x: QM31 { c0: CM31 { a: M31(1267641170), b: M31(1274473243) }, c1: CM31 { a: M31(783207547), b: M31(656404948) } }, y: QM31 { c0: CM31 { a: M31(1295731696), b: M31(920911751) }, c1: CM31 { a: M31(439674423), b: M31(127536209) } } }] queries=[13717, 23586, 57428, 61531, 72141, 84205, 92457, 101907, 110688, 120061, 121128, 123316, 130877, 156050, 166417, 168937, 198126, 200903, 211098, 215695, 226346, 250385]
C1_C trial=5 pattern=random ranks=[112, 112, 112, 112, 112, 112, 112, 112, 112, 112, 112, 112, 112, 112, 112, 112] want_each=112
C1_C trial=5 pattern=consecutive ranks=[112, 112, 112, 112, 112, 112, 112, 112, 112, 112, 112, 112, 112, 112, 112, 112] want_each=112
TARGET_PROGRESS pair=0 round=0
TARGET_PROGRESS pair=0 round=9
Z4B_REPLAY trial=5 pair=0 pinned=[25726410, 1706299047, 1231508311, 1483547497] derivative=[1571426562, 1995435063, 1161941938, 1949956673] ii=[296901299, 890811301, 296454506, 1370789907]
TARGET_PROGRESS pair=1 round=0
TARGET_PROGRESS pair=1 round=9
Z4B_REPLAY trial=5 pair=1 pinned=[625320097, 2043834763, 1944383804, 1280989224] derivative=[55873430, 1331589259, 361911345, 1751033588] ii=[1607706653, 769537876, 665992719, 662680455]
TARGET_PROGRESS pair=2 round=0
TARGET_PROGRESS pair=2 round=9
Z4B_REPLAY trial=5 pair=2 pinned=[1386677426, 251861728, 779156116, 2111503983] derivative=[1072818302, 1068917642, 1773747845, 2135575404] ii=[1628455821, 1462656425, 813503163, 697952473]
TARGET_PROGRESS pair=3 round=0
TARGET_PROGRESS pair=3 round=9
Z4B_REPLAY trial=5 pair=3 pinned=[1785205929, 1193278819, 1543737774, 1829075153] derivative=[1671670206, 142272001, 1175544479, 2075278274] ii=[839232654, 633952449, 917498508, 1854256425]
TARGET_PROGRESS pair=4 round=0
TARGET_PROGRESS pair=4 round=9
Z4B_REPLAY trial=5 pair=4 pinned=[1500648959, 2046751177, 724464363, 1145843739] derivative=[464049694, 921698920, 1987569970, 767880691] ii=[90614592, 25176479, 1749797291, 896281808]
RESULT trial=5 libra_i_prime image_rank=1076 targets=5 failures=0 excess_rank=0 quotient_support=[] excess_pivots=[]
RESULT trial=5 libra_derivative_diagnostic image_rank=1076 targets=5 failures=0 excess_rank=0 quotient_support=[] excess_pivots=[]
RESULT trial=5 libra_ii_prime image_rank=1080 targets=5 failures=0 excess_rank=0 quotient_support=[] excess_pivots=[]
GATE_C trial=5 design=libra silent_rank=1076 initial_retained_rank=1080 full_conditioned_rank=1080 i_pass=5 ii_pass=5 attempted=5 batch_word_matched=true gamma=7 fourth_claims_all_lanes=true
RESULT trial=5 columns26_i_prime image_rank=1076 targets=5 failures=0 excess_rank=0 quotient_support=[] excess_pivots=[]
RESULT trial=5 columns26_derivative_diagnostic image_rank=1076 targets=5 failures=0 excess_rank=0 quotient_support=[] excess_pivots=[]
RESULT trial=5 columns26_ii_prime image_rank=1080 targets=5 failures=0 excess_rank=0 quotient_support=[] excess_pivots=[]
GATE_C trial=5 design=columns26 silent_rank=1076 initial_retained_rank=1080 full_conditioned_rank=1080 i_pass=5 ii_pass=5 attempted=5 batch_word_matched=true gamma=7 fourth_claims_all_lanes=true
TRIAL_DONE trial=5 wall_seconds=88.976
TRIAL_SEED trial=6 seed=0xa6cd44cc23819a63
CHALLENGE trial=6 alpha=[QM31 { c0: CM31 { a: M31(1009846338), b: M31(897973005) }, c1: CM31 { a: M31(526471836), b: M31(1360249177) } }, QM31 { c0: CM31 { a: M31(1745090105), b: M31(1311010555) }, c1: CM31 { a: M31(1485998721), b: M31(1722874041) } }, QM31 { c0: CM31 { a: M31(636065138), b: M31(388725062) }, c1: CM31 { a: M31(1697990198), b: M31(522531343) } }, QM31 { c0: CM31 { a: M31(256915039), b: M31(1772663705) }, c1: CM31 { a: M31(1553939103), b: M31(872505027) } }, QM31 { c0: CM31 { a: M31(1822154624), b: M31(1377308159) }, c1: CM31 { a: M31(83458764), b: M31(169830098) } }, QM31 { c0: CM31 { a: M31(1905198525), b: M31(1784712051) }, c1: CM31 { a: M31(1168110144), b: M31(410407847) } }, QM31 { c0: CM31 { a: M31(1737102952), b: M31(664025179) }, c1: CM31 { a: M31(1771187692), b: M31(1603164277) } }, QM31 { c0: CM31 { a: M31(1773674927), b: M31(1322239269) }, c1: CM31 { a: M31(428647466), b: M31(1159050642) } }, QM31 { c0: CM31 { a: M31(975557387), b: M31(2007921667) }, c1: CM31 { a: M31(482712200), b: M31(85136419) } }, QM31 { c0: CM31 { a: M31(589423768), b: M31(382027855) }, c1: CM31 { a: M31(75177587), b: M31(31578090) } }] semantic=Challenges { lambda: QM31 { c0: CM31 { a: M31(1853444615), b: M31(945692879) }, c1: CM31 { a: M31(903713707), b: M31(1741846439) } }, chi: QM31 { c0: CM31 { a: M31(1010489138), b: M31(1068136250) }, c1: CM31 { a: M31(1684099356), b: M31(643080475) } }, theta: QM31 { c0: CM31 { a: M31(1109234420), b: M31(403930202) }, c1: CM31 { a: M31(2096689189), b: M31(1777404900) } }, zc: [QM31 { c0: CM31 { a: M31(896599931), b: M31(539482474) }, c1: CM31 { a: M31(125195817), b: M31(839638545) } }, QM31 { c0: CM31 { a: M31(284815828), b: M31(776943535) }, c1: CM31 { a: M31(63797069), b: M31(220926333) } }, QM31 { c0: CM31 { a: M31(1765460779), b: M31(185635741) }, c1: CM31 { a: M31(1913501295), b: M31(1464926961) } }, QM31 { c0: CM31 { a: M31(1054933500), b: M31(2076674289) }, c1: CM31 { a: M31(526962342), b: M31(1157110127) } }, QM31 { c0: CM31 { a: M31(1252334120), b: M31(1517852577) }, c1: CM31 { a: M31(1101248412), b: M31(1847197121) } }, QM31 { c0: CM31 { a: M31(1154324372), b: M31(1203356605) }, c1: CM31 { a: M31(719872442), b: M31(859578870) } }, QM31 { c0: CM31 { a: M31(84389064), b: M31(160062851) }, c1: CM31 { a: M31(1717855584), b: M31(1571727956) } }, QM31 { c0: CM31 { a: M31(1345039186), b: M31(1171792608) }, c1: CM31 { a: M31(449647630), b: M31(893856628) } }, QM31 { c0: CM31 { a: M31(1202698769), b: M31(151798953) }, c1: CM31 { a: M31(1783344727), b: M31(213645722) } }, QM31 { c0: CM31 { a: M31(485701713), b: M31(866377391) }, c1: CM31 { a: M31(939199526), b: M31(1408711092) } }], mu: QM31 { c0: CM31 { a: M31(1420754042), b: M31(475264991) }, c1: CM31 { a: M31(1808954042), b: M31(896807390) } }, eta: QM31 { c0: CM31 { a: M31(541987725), b: M31(185659196) }, c1: CM31 { a: M31(1049588752), b: M31(713261163) } } } circle=[Point { x: QM31 { c0: CM31 { a: M31(2001771404), b: M31(1304460045) }, c1: CM31 { a: M31(1979078275), b: M31(665415581) } }, y: QM31 { c0: CM31 { a: M31(1676762609), b: M31(1524674186) }, c1: CM31 { a: M31(1106884006), b: M31(917950513) } } }, Point { x: QM31 { c0: CM31 { a: M31(881930224), b: M31(475381628) }, c1: CM31 { a: M31(1805668695), b: M31(2107238545) } }, y: QM31 { c0: CM31 { a: M31(20037899), b: M31(316466628) }, c1: CM31 { a: M31(1390752672), b: M31(1802125338) } } }] queries=[20827, 46308, 49298, 71132, 74873, 76338, 77323, 78933, 83970, 99127, 116939, 127272, 143156, 168337, 170531, 203817, 229330, 229673, 230474, 241674, 259114, 260185]
C1_C trial=6 pattern=random ranks=[112, 112, 112, 112, 112, 112, 112, 112, 112, 112, 112, 112, 112, 112, 112, 112] want_each=112
C1_C trial=6 pattern=consecutive ranks=[112, 112, 112, 112, 112, 112, 112, 112, 112, 112, 112, 112, 112, 112, 112, 112] want_each=112
TARGET_PROGRESS pair=0 round=0
TARGET_PROGRESS pair=0 round=9
Z4B_REPLAY trial=6 pair=0 pinned=[1471843518, 488422223, 82207876, 2048087914] derivative=[540307012, 503010005, 1155873833, 775916715] ii=[871953126, 1812901274, 320857859, 1849309001]
TARGET_PROGRESS pair=1 round=0
TARGET_PROGRESS pair=1 round=9
Z4B_REPLAY trial=6 pair=1 pinned=[130212585, 691793582, 1655205174, 847514534] derivative=[106168812, 510367214, 435983372, 1937840222] ii=[524255381, 368592223, 1584526612, 1165933286]
TARGET_PROGRESS pair=2 round=0
TARGET_PROGRESS pair=2 round=9
Z4B_REPLAY trial=6 pair=2 pinned=[1145831027, 1350810918, 1797100530, 1246532095] derivative=[1866073727, 541225150, 1538186075, 28680084] ii=[2090536207, 1700171501, 1373099498, 586194286]
TARGET_PROGRESS pair=3 round=0
TARGET_PROGRESS pair=3 round=9
Z4B_REPLAY trial=6 pair=3 pinned=[142008364, 203445183, 1232495174, 1875674877] derivative=[456429333, 1484710862, 1986959724, 222813518] ii=[678015769, 1966156743, 806486180, 270007323]
TARGET_PROGRESS pair=4 round=0
TARGET_PROGRESS pair=4 round=9
Z4B_REPLAY trial=6 pair=4 pinned=[1368431473, 145156018, 574509157, 32783922] derivative=[1196095130, 2123596402, 441602254, 792112061] ii=[407193510, 1366242406, 959542653, 1588288693]
RESULT trial=6 libra_i_prime image_rank=1076 targets=5 failures=0 excess_rank=0 quotient_support=[] excess_pivots=[]
RESULT trial=6 libra_derivative_diagnostic image_rank=1076 targets=5 failures=0 excess_rank=0 quotient_support=[] excess_pivots=[]
RESULT trial=6 libra_ii_prime image_rank=1080 targets=5 failures=0 excess_rank=0 quotient_support=[] excess_pivots=[]
GATE_C trial=6 design=libra silent_rank=1076 initial_retained_rank=1080 full_conditioned_rank=1080 i_pass=5 ii_pass=5 attempted=5 batch_word_matched=true gamma=7 fourth_claims_all_lanes=true
RESULT trial=6 columns26_i_prime image_rank=1076 targets=5 failures=0 excess_rank=0 quotient_support=[] excess_pivots=[]
RESULT trial=6 columns26_derivative_diagnostic image_rank=1076 targets=5 failures=0 excess_rank=0 quotient_support=[] excess_pivots=[]
RESULT trial=6 columns26_ii_prime image_rank=1080 targets=5 failures=0 excess_rank=0 quotient_support=[] excess_pivots=[]
GATE_C trial=6 design=columns26 silent_rank=1076 initial_retained_rank=1080 full_conditioned_rank=1080 i_pass=5 ii_pass=5 attempted=5 batch_word_matched=true gamma=7 fourth_claims_all_lanes=true
TRIAL_DONE trial=6 wall_seconds=90.934
TRIAL_SEED trial=7 seed=0x4504be85a2cc1678
CHALLENGE trial=7 alpha=[QM31 { c0: CM31 { a: M31(1656645236), b: M31(124970389) }, c1: CM31 { a: M31(190625285), b: M31(1352068008) } }, QM31 { c0: CM31 { a: M31(157830883), b: M31(247272794) }, c1: CM31 { a: M31(891145688), b: M31(2135593781) } }, QM31 { c0: CM31 { a: M31(1891451340), b: M31(285837053) }, c1: CM31 { a: M31(1115322261), b: M31(1204247763) } }, QM31 { c0: CM31 { a: M31(235916617), b: M31(1128800296) }, c1: CM31 { a: M31(640521982), b: M31(923111096) } }, QM31 { c0: CM31 { a: M31(1666466203), b: M31(1592611273) }, c1: CM31 { a: M31(1704440204), b: M31(1124082763) } }, QM31 { c0: CM31 { a: M31(1180978343), b: M31(359890791) }, c1: CM31 { a: M31(440566469), b: M31(931615023) } }, QM31 { c0: CM31 { a: M31(1703599447), b: M31(12844529) }, c1: CM31 { a: M31(594491639), b: M31(551711020) } }, QM31 { c0: CM31 { a: M31(1475979554), b: M31(1245778809) }, c1: CM31 { a: M31(1096457575), b: M31(84747923) } }, QM31 { c0: CM31 { a: M31(90278514), b: M31(2060023792) }, c1: CM31 { a: M31(468717415), b: M31(1009831237) } }, QM31 { c0: CM31 { a: M31(1178203792), b: M31(922103772) }, c1: CM31 { a: M31(1665086504), b: M31(1807915026) } }] semantic=Challenges { lambda: QM31 { c0: CM31 { a: M31(1439776235), b: M31(63151825) }, c1: CM31 { a: M31(1905866029), b: M31(1595452125) } }, chi: QM31 { c0: CM31 { a: M31(246095449), b: M31(1094434926) }, c1: CM31 { a: M31(139564923), b: M31(1800589899) } }, theta: QM31 { c0: CM31 { a: M31(233936181), b: M31(1025801531) }, c1: CM31 { a: M31(352013577), b: M31(1728102119) } }, zc: [QM31 { c0: CM31 { a: M31(1109411434), b: M31(2141838496) }, c1: CM31 { a: M31(1413908074), b: M31(324727647) } }, QM31 { c0: CM31 { a: M31(1489321661), b: M31(22561571) }, c1: CM31 { a: M31(1451037720), b: M31(951646546) } }, QM31 { c0: CM31 { a: M31(2041768647), b: M31(915355216) }, c1: CM31 { a: M31(2126419643), b: M31(760227521) } }, QM31 { c0: CM31 { a: M31(1841575901), b: M31(305328868) }, c1: CM31 { a: M31(491309793), b: M31(1067103725) } }, QM31 { c0: CM31 { a: M31(1115277622), b: M31(1551016812) }, c1: CM31 { a: M31(1000583405), b: M31(656255942) } }, QM31 { c0: CM31 { a: M31(1308088729), b: M31(989199611) }, c1: CM31 { a: M31(2034208770), b: M31(1900962237) } }, QM31 { c0: CM31 { a: M31(610383652), b: M31(2055950826) }, c1: CM31 { a: M31(543887915), b: M31(297994185) } }, QM31 { c0: CM31 { a: M31(1773128354), b: M31(922727050) }, c1: CM31 { a: M31(1510122362), b: M31(1773719002) } }, QM31 { c0: CM31 { a: M31(10364220), b: M31(32674339) }, c1: CM31 { a: M31(1904196044), b: M31(1210530800) } }, QM31 { c0: CM31 { a: M31(1606498551), b: M31(1558017416) }, c1: CM31 { a: M31(478335497), b: M31(1323290868) } }], mu: QM31 { c0: CM31 { a: M31(1126749133), b: M31(1214799708) }, c1: CM31 { a: M31(1690972891), b: M31(1836621557) } }, eta: QM31 { c0: CM31 { a: M31(2046612247), b: M31(332372582) }, c1: CM31 { a: M31(1617310214), b: M31(415680053) } } } circle=[Point { x: QM31 { c0: CM31 { a: M31(538261696), b: M31(24471000) }, c1: CM31 { a: M31(933012342), b: M31(1832358941) } }, y: QM31 { c0: CM31 { a: M31(976421715), b: M31(1345461715) }, c1: CM31 { a: M31(648955965), b: M31(1411794876) } } }, Point { x: QM31 { c0: CM31 { a: M31(361175711), b: M31(833937014) }, c1: CM31 { a: M31(1828247143), b: M31(1599973936) } }, y: QM31 { c0: CM31 { a: M31(265092992), b: M31(904222052) }, c1: CM31 { a: M31(789362385), b: M31(1752723859) } } }] queries=[2072, 3649, 44788, 54396, 72743, 74099, 74668, 110276, 110710, 140282, 149094, 159121, 162498, 168273, 171260, 173254, 180029, 182538, 184515, 202944, 226789, 239964]
C1_C trial=7 pattern=random ranks=[112, 112, 112, 112, 112, 112, 112, 112, 112, 112, 112, 112, 112, 112, 112, 112] want_each=112
C1_C trial=7 pattern=consecutive ranks=[112, 112, 112, 112, 112, 112, 112, 112, 112, 112, 112, 112, 112, 112, 112, 112] want_each=112
TARGET_PROGRESS pair=0 round=0
TARGET_PROGRESS pair=0 round=9
Z4B_REPLAY trial=7 pair=0 pinned=[974068753, 475657449, 242102282, 2119290158] derivative=[1731290454, 599565977, 1494698923, 2074716080] ii=[829215449, 1156117298, 790615871, 718552152]
TARGET_PROGRESS pair=1 round=0
TARGET_PROGRESS pair=1 round=9
Z4B_REPLAY trial=7 pair=1 pinned=[1306496686, 234356220, 1633653385, 1350464121] derivative=[1362303203, 1111602926, 146562153, 476790126] ii=[679197176, 433083623, 637611220, 57917409]
TARGET_PROGRESS pair=2 round=0
TARGET_PROGRESS pair=2 round=9
Z4B_REPLAY trial=7 pair=2 pinned=[1499126903, 137345475, 682564084, 1649381990] derivative=[1724480700, 1988014359, 1258961611, 877538984] ii=[516904270, 135670926, 1914981367, 606396496]
TARGET_PROGRESS pair=3 round=0
TARGET_PROGRESS pair=3 round=9
Z4B_REPLAY trial=7 pair=3 pinned=[904371680, 1522868983, 2110223970, 1608256038] derivative=[71949422, 7786951, 1079105739, 23122330] ii=[608725674, 1885562949, 1112984574, 537039684]
TARGET_PROGRESS pair=4 round=0
TARGET_PROGRESS pair=4 round=9
Z4B_REPLAY trial=7 pair=4 pinned=[297644597, 1922703142, 1572529519, 186892240] derivative=[407508517, 1056838824, 1276589197, 1330945951] ii=[399847308, 397582213, 948585999, 905297706]
RESULT trial=7 libra_i_prime image_rank=1076 targets=5 failures=0 excess_rank=0 quotient_support=[] excess_pivots=[]
RESULT trial=7 libra_derivative_diagnostic image_rank=1076 targets=5 failures=0 excess_rank=0 quotient_support=[] excess_pivots=[]
RESULT trial=7 libra_ii_prime image_rank=1080 targets=5 failures=0 excess_rank=0 quotient_support=[] excess_pivots=[]
GATE_C trial=7 design=libra silent_rank=1076 initial_retained_rank=1080 full_conditioned_rank=1080 i_pass=5 ii_pass=5 attempted=5 batch_word_matched=true gamma=7 fourth_claims_all_lanes=true
RESULT trial=7 columns26_i_prime image_rank=1076 targets=5 failures=0 excess_rank=0 quotient_support=[] excess_pivots=[]
RESULT trial=7 columns26_derivative_diagnostic image_rank=1076 targets=5 failures=0 excess_rank=0 quotient_support=[] excess_pivots=[]
RESULT trial=7 columns26_ii_prime image_rank=1080 targets=5 failures=0 excess_rank=0 quotient_support=[] excess_pivots=[]
GATE_C trial=7 design=columns26 silent_rank=1076 initial_retained_rank=1080 full_conditioned_rank=1080 i_pass=5 ii_pass=5 attempted=5 batch_word_matched=true gamma=7 fourth_claims_all_lanes=true
TRIAL_DONE trial=7 wall_seconds=91.187
TRIAL_SEED trial=8 seed=0xe33c383f2216928d
CHALLENGE trial=8 alpha=[QM31 { c0: CM31 { a: M31(192542712), b: M31(834942170) }, c1: CM31 { a: M31(661004448), b: M31(1606464047) } }, QM31 { c0: CM31 { a: M31(351634366), b: M31(385610629) }, c1: CM31 { a: M31(2040099553), b: M31(1719827945) } }, QM31 { c0: CM31 { a: M31(795726712), b: M31(166470336) }, c1: CM31 { a: M31(1053712878), b: M31(238595502) } }, QM31 { c0: CM31 { a: M31(1129856384), b: M31(1837174524) }, c1: CM31 { a: M31(412209365), b: M31(715250645) } }, QM31 { c0: CM31 { a: M31(2079218405), b: M31(1177157141) }, c1: CM31 { a: M31(2046852417), b: M31(2119558685) } }, QM31 { c0: CM31 { a: M31(1367396631), b: M31(275075317) }, c1: CM31 { a: M31(1638015067), b: M31(1256138933) } }, QM31 { c0: CM31 { a: M31(218043813), b: M31(15112648) }, c1: CM31 { a: M31(1029242155), b: M31(1106516577) } }, QM31 { c0: CM31 { a: M31(387747101), b: M31(852793424) }, c1: CM31 { a: M31(86574719), b: M31(1546041842) } }, QM31 { c0: CM31 { a: M31(1105565803), b: M31(1320790142) }, c1: CM31 { a: M31(16637068), b: M31(33017232) } }, QM31 { c0: CM31 { a: M31(1415450885), b: M31(1222495447) }, c1: CM31 { a: M31(350276931), b: M31(2043677198) } }] semantic=Challenges { lambda: QM31 { c0: CM31 { a: M31(618737631), b: M31(1719176451) }, c1: CM31 { a: M31(683684568), b: M31(1777276734) } }, chi: QM31 { c0: CM31 { a: M31(1458688059), b: M31(1859623684) }, c1: CM31 { a: M31(63222717), b: M31(1857965281) } }, theta: QM31 { c0: CM31 { a: M31(1137898463), b: M31(979621642) }, c1: CM31 { a: M31(1736658843), b: M31(693659498) } }, zc: [QM31 { c0: CM31 { a: M31(909134078), b: M31(1454756095) }, c1: CM31 { a: M31(867707983), b: M31(220080714) } }, QM31 { c0: CM31 { a: M31(1110945309), b: M31(345887387) }, c1: CM31 { a: M31(404174337), b: M31(1323840117) } }, QM31 { c0: CM31 { a: M31(1519975954), b: M31(316495329) }, c1: CM31 { a: M31(86290424), b: M31(549858634) } }, QM31 { c0: CM31 { a: M31(1175042431), b: M31(1581385106) }, c1: CM31 { a: M31(1630494608), b: M31(2139358956) } }, QM31 { c0: CM31 { a: M31(1263600099), b: M31(1743262068) }, c1: CM31 { a: M31(895312598), b: M31(1219035804) } }, QM31 { c0: CM31 { a: M31(241400054), b: M31(1296887745) }, c1: CM31 { a: M31(565581351), b: M31(408089167) } }, QM31 { c0: CM31 { a: M31(1496781693), b: M31(8834636) }, c1: CM31 { a: M31(196383265), b: M31(1379984540) } }, QM31 { c0: CM31 { a: M31(563111809), b: M31(998076867) }, c1: CM31 { a: M31(1246464509), b: M31(1325118424) } }, QM31 { c0: CM31 { a: M31(991913470), b: M31(321063663) }, c1: CM31 { a: M31(1760002628), b: M31(1001685324) } }, QM31 { c0: CM31 { a: M31(1692342033), b: M31(1296408418) }, c1: CM31 { a: M31(1962471232), b: M31(1547547577) } }], mu: QM31 { c0: CM31 { a: M31(1195045954), b: M31(1206523525) }, c1: CM31 { a: M31(2001542845), b: M31(1225566902) } }, eta: QM31 { c0: CM31 { a: M31(514248573), b: M31(1839230022) }, c1: CM31 { a: M31(376639674), b: M31(1224633789) } } } circle=[Point { x: QM31 { c0: CM31 { a: M31(1657793930), b: M31(564114602) }, c1: CM31 { a: M31(1384243106), b: M31(1643925318) } }, y: QM31 { c0: CM31 { a: M31(1472152648), b: M31(88751668) }, c1: CM31 { a: M31(563696903), b: M31(2040440026) } } }, Point { x: QM31 { c0: CM31 { a: M31(657072508), b: M31(1648547254) }, c1: CM31 { a: M31(896428587), b: M31(1167363695) } }, y: QM31 { c0: CM31 { a: M31(1596853355), b: M31(1463062981) }, c1: CM31 { a: M31(19905827), b: M31(941029946) } } }] queries=[454, 737, 6715, 9940, 48828, 62890, 74546, 97444, 99032, 112623, 131223, 155139, 162590, 171221, 178912, 196379, 204360, 214345, 219992, 235182, 242016, 261482]
C1_C trial=8 pattern=random ranks=[112, 112, 112, 112, 112, 112, 112, 112, 112, 112, 112, 112, 112, 112, 112, 112] want_each=112
C1_C trial=8 pattern=consecutive ranks=[112, 112, 112, 112, 112, 112, 112, 112, 112, 112, 112, 112, 112, 112, 112, 112] want_each=112
TARGET_PROGRESS pair=0 round=0
TARGET_PROGRESS pair=0 round=9
Z4B_REPLAY trial=8 pair=0 pinned=[146833636, 533916182, 803894963, 384323737] derivative=[881061841, 1809698777, 268395437, 2115114213] ii=[2040103823, 1467982375, 640415231, 73610647]
TARGET_PROGRESS pair=1 round=0
TARGET_PROGRESS pair=1 round=9
Z4B_REPLAY trial=8 pair=1 pinned=[1474669994, 804192445, 1501619771, 976565014] derivative=[1438722805, 481933064, 1662759278, 612050620] ii=[1796117386, 1903771126, 1770349551, 493541131]
TARGET_PROGRESS pair=2 round=0
TARGET_PROGRESS pair=2 round=9
Z4B_REPLAY trial=8 pair=2 pinned=[1501843304, 229351715, 500366905, 1776639757] derivative=[2010735943, 1007099406, 182082648, 116775723] ii=[259254947, 476089928, 396190426, 82489154]
TARGET_PROGRESS pair=3 round=0
TARGET_PROGRESS pair=3 round=9
Z4B_REPLAY trial=8 pair=3 pinned=[291742107, 423770598, 241917937, 1169729890] derivative=[1110955931, 911015847, 112067538, 1388243424] ii=[1034113884, 1165103914, 696064517, 441181129]
TARGET_PROGRESS pair=4 round=0
TARGET_PROGRESS pair=4 round=9
Z4B_REPLAY trial=8 pair=4 pinned=[1187260935, 1177606078, 1695120754, 96831959] derivative=[1279672490, 866396117, 458976566, 175457048] ii=[501479158, 558756713, 2145181361, 828802463]
RESULT trial=8 libra_i_prime image_rank=1076 targets=5 failures=0 excess_rank=0 quotient_support=[] excess_pivots=[]
RESULT trial=8 libra_derivative_diagnostic image_rank=1076 targets=5 failures=0 excess_rank=0 quotient_support=[] excess_pivots=[]
RESULT trial=8 libra_ii_prime image_rank=1080 targets=5 failures=0 excess_rank=0 quotient_support=[] excess_pivots=[]
GATE_C trial=8 design=libra silent_rank=1076 initial_retained_rank=1080 full_conditioned_rank=1080 i_pass=5 ii_pass=5 attempted=5 batch_word_matched=true gamma=7 fourth_claims_all_lanes=true
RESULT trial=8 columns26_i_prime image_rank=1076 targets=5 failures=0 excess_rank=0 quotient_support=[] excess_pivots=[]
RESULT trial=8 columns26_derivative_diagnostic image_rank=1076 targets=5 failures=0 excess_rank=0 quotient_support=[] excess_pivots=[]
RESULT trial=8 columns26_ii_prime image_rank=1080 targets=5 failures=0 excess_rank=0 quotient_support=[] excess_pivots=[]
GATE_C trial=8 design=columns26 silent_rank=1076 initial_retained_rank=1080 full_conditioned_rank=1080 i_pass=5 ii_pass=5 attempted=5 batch_word_matched=true gamma=7 fourth_claims_all_lanes=true
TRIAL_DONE trial=8 wall_seconds=90.347
TRIAL_SEED trial=9 seed=0x8173b1f8a1610ea2
CHALLENGE trial=9 alpha=[QM31 { c0: CM31 { a: M31(973957847), b: M31(719604012) }, c1: CM31 { a: M31(743914880), b: M31(1776033319) } }, QM31 { c0: CM31 { a: M31(402005894), b: M31(1128279316) }, c1: CM31 { a: M31(1495015344), b: M31(1940816142) } }, QM31 { c0: CM31 { a: M31(2101025654), b: M31(2063906425) }, c1: CM31 { a: M31(831008978), b: M31(1893794151) } }, QM31 { c0: CM31 { a: M31(1303539254), b: M31(421803909) }, c1: CM31 { a: M31(1642915605), b: M31(1846051892) } }, QM31 { c0: CM31 { a: M31(972103931), b: M31(2064845425) }, c1: CM31 { a: M31(585148314), b: M31(932394099) } }, QM31 { c0: CM31 { a: M31(984102924), b: M31(691182296) }, c1: CM31 { a: M31(547295188), b: M31(1532165148) } }, QM31 { c0: CM31 { a: M31(1112444283), b: M31(1355408016) }, c1: CM31 { a: M31(2044564783), b: M31(133228867) } }, QM31 { c0: CM31 { a: M31(2003753227), b: M31(1017323574) }, c1: CM31 { a: M31(58441340), b: M31(1740116106) } }, QM31 { c0: CM31 { a: M31(1324355085), b: M31(97650956) }, c1: CM31 { a: M31(1881373486), b: M31(994457054) } }, QM31 { c0: CM31 { a: M31(60742523), b: M31(1074477519) }, c1: CM31 { a: M31(1893780380), b: M31(1141774347) } }] semantic=Challenges { lambda: QM31 { c0: CM31 { a: M31(460071053), b: M31(644181258) }, c1: CM31 { a: M31(768335905), b: M31(812668544) } }, chi: QM31 { c0: CM31 { a: M31(1921438032), b: M31(405472150) }, c1: CM31 { a: M31(881052716), b: M31(1513818276) } }, theta: QM31 { c0: CM31 { a: M31(267234131), b: M31(2102668176) }, c1: CM31 { a: M31(1417967031), b: M31(2127344008) } }, zc: [QM31 { c0: CM31 { a: M31(67046702), b: M31(1331355514) }, c1: CM31 { a: M31(1154873996), b: M31(1528303660) } }, QM31 { c0: CM31 { a: M31(1112202891), b: M31(1125724241) }, c1: CM31 { a: M31(1524568430), b: M31(1710807755) } }, QM31 { c0: CM31 { a: M31(143409816), b: M31(405851636) }, c1: CM31 { a: M31(993800436), b: M31(1041182464) } }, QM31 { c0: CM31 { a: M31(1408557134), b: M31(665184600) }, c1: CM31 { a: M31(1364591800), b: M31(1121059111) } }, QM31 { c0: CM31 { a: M31(611812256), b: M31(593465973) }, c1: CM31 { a: M31(1551287697), b: M31(899737191) } }, QM31 { c0: CM31 { a: M31(987603020), b: M31(294717163) }, c1: CM31 { a: M31(824260679), b: M31(868226212) } }, QM31 { c0: CM31 { a: M31(1299678779), b: M31(1380952817) }, c1: CM31 { a: M31(115093830), b: M31(1199409606) } }, QM31 { c0: CM31 { a: M31(1053930413), b: M31(1175574013) }, c1: CM31 { a: M31(1398261018), b: M31(443128209) } }, QM31 { c0: CM31 { a: M31(1087786564), b: M31(1916504447) }, c1: CM31 { a: M31(2107869516), b: M31(414884489) } }, QM31 { c0: CM31 { a: M31(211750809), b: M31(2088715905) }, c1: CM31 { a: M31(555563198), b: M31(758460038) } }], mu: QM31 { c0: CM31 { a: M31(740312519), b: M31(203676695) }, c1: CM31 { a: M31(1711381186), b: M31(141831600) } }, eta: QM31 { c0: CM31 { a: M31(819271725), b: M31(833950524) }, c1: CM31 { a: M31(638845463), b: M31(1781136983) } } } circle=[Point { x: QM31 { c0: CM31 { a: M31(635482749), b: M31(591035209) }, c1: CM31 { a: M31(2008786358), b: M31(2108789695) } }, y: QM31 { c0: CM31 { a: M31(45907457), b: M31(1825970150) }, c1: CM31 { a: M31(789865511), b: M31(388476220) } } }, Point { x: QM31 { c0: CM31 { a: M31(915074526), b: M31(65712797) }, c1: CM31 { a: M31(1136029874), b: M31(782970809) } }, y: QM31 { c0: CM31 { a: M31(679133723), b: M31(941788462) }, c1: CM31 { a: M31(518247260), b: M31(1876300555) } } }] queries=[4762, 31894, 34967, 35626, 45914, 54093, 57717, 70744, 81725, 91760, 99813, 121705, 128503, 138283, 152768, 160729, 172013, 209302, 215567, 225951, 232447, 245868]
C1_C trial=9 pattern=random ranks=[112, 112, 112, 112, 112, 112, 112, 112, 112, 112, 112, 112, 112, 112, 112, 112] want_each=112
C1_C trial=9 pattern=consecutive ranks=[112, 112, 112, 112, 112, 112, 112, 112, 112, 112, 112, 112, 112, 112, 112, 112] want_each=112
TARGET_PROGRESS pair=0 round=0
TARGET_PROGRESS pair=0 round=9
Z4B_REPLAY trial=9 pair=0 pinned=[1568038945, 1464885559, 1157040986, 1624895863] derivative=[956976210, 646772216, 1563443885, 1574090909] ii=[938027499, 225187298, 956953756, 1227847700]
TARGET_PROGRESS pair=1 round=0
TARGET_PROGRESS pair=1 round=9
Z4B_REPLAY trial=9 pair=1 pinned=[1335785840, 1739862013, 1057246044, 763773659] derivative=[2040727396, 872275978, 1372058128, 5222997] ii=[452148020, 139935348, 67212100, 1789693172]
TARGET_PROGRESS pair=2 round=0
TARGET_PROGRESS pair=2 round=9
Z4B_REPLAY trial=9 pair=2 pinned=[2008004088, 1411707674, 1627839941, 553963021] derivative=[1911046012, 1092386649, 2086088664, 262499394] ii=[1045741523, 1711112253, 1522294828, 1398726866]
TARGET_PROGRESS pair=3 round=0
TARGET_PROGRESS pair=3 round=9
Z4B_REPLAY trial=9 pair=3 pinned=[446103934, 742504616, 1003812306, 1934316034] derivative=[1635287284, 202235217, 1026192368, 1671862136] ii=[1932061722, 1006880094, 2137995991, 1396675882]
TARGET_PROGRESS pair=4 round=0
TARGET_PROGRESS pair=4 round=9
Z4B_REPLAY trial=9 pair=4 pinned=[128307196, 894031524, 249252011, 818084886] derivative=[1155235995, 426119721, 423383055, 978603517] ii=[953816084, 1089060908, 145820401, 1611238192]
RESULT trial=9 libra_i_prime image_rank=1076 targets=5 failures=0 excess_rank=0 quotient_support=[] excess_pivots=[]
RESULT trial=9 libra_derivative_diagnostic image_rank=1076 targets=5 failures=0 excess_rank=0 quotient_support=[] excess_pivots=[]
RESULT trial=9 libra_ii_prime image_rank=1080 targets=5 failures=0 excess_rank=0 quotient_support=[] excess_pivots=[]
GATE_C trial=9 design=libra silent_rank=1076 initial_retained_rank=1080 full_conditioned_rank=1080 i_pass=5 ii_pass=5 attempted=5 batch_word_matched=true gamma=7 fourth_claims_all_lanes=true
RESULT trial=9 columns26_i_prime image_rank=1076 targets=5 failures=0 excess_rank=0 quotient_support=[] excess_pivots=[]
RESULT trial=9 columns26_derivative_diagnostic image_rank=1076 targets=5 failures=0 excess_rank=0 quotient_support=[] excess_pivots=[]
RESULT trial=9 columns26_ii_prime image_rank=1080 targets=5 failures=0 excess_rank=0 quotient_support=[] excess_pivots=[]
GATE_C trial=9 design=columns26 silent_rank=1076 initial_retained_rank=1080 full_conditioned_rank=1080 i_pass=5 ii_pass=5 attempted=5 batch_word_matched=true gamma=7 fourth_claims_all_lanes=true
TRIAL_DONE trial=9 wall_seconds=88.035
TRIAL_SEED trial=10 seed=0x1fab2bb220ab8ab7
CHALLENGE trial=10 alpha=[QM31 { c0: CM31 { a: M31(1754884033), b: M31(793968427) }, c1: CM31 { a: M31(21176730), b: M31(1385758562) } }, QM31 { c0: CM31 { a: M31(1584780902), b: M31(1063498191) }, c1: CM31 { a: M31(811870535), b: M31(1154753872) } }, QM31 { c0: CM31 { a: M31(398003595), b: M31(1228680184) }, c1: CM31 { a: M31(751593207), b: M31(1624342499) } }, QM31 { c0: CM31 { a: M31(335841418), b: M31(1433315493) }, c1: CM31 { a: M31(1821018338), b: M31(1899961186) } }, QM31 { c0: CM31 { a: M31(2127025903), b: M31(866898730) }, c1: CM31 { a: M31(107571549), b: M31(20952567) } }, QM31 { c0: CM31 { a: M31(947121566), b: M31(1601574415) }, c1: CM31 { a: M31(1049146130), b: M31(1756287849) } }, QM31 { c0: CM31 { a: M31(837623358), b: M31(206062716) }, c1: CM31 { a: M31(809853526), b: M31(1290685996) } }, QM31 { c0: CM31 { a: M31(1955853830), b: M31(1692677230) }, c1: CM31 { a: M31(1372030246), b: M31(2013966255) } }, QM31 { c0: CM31 { a: M31(1422889888), b: M31(1346128044) }, c1: CM31 { a: M31(922640027), b: M31(687395585) } }, QM31 { c0: CM31 { a: M31(383061325), b: M31(1686661601) }, c1: CM31 { a: M31(1393393145), b: M31(719915575) } }] semantic=Challenges { lambda: QM31 { c0: CM31 { a: M31(561988759), b: M31(1679164259) }, c1: CM31 { a: M31(320495813), b: M31(449474402) } }, chi: QM31 { c0: CM31 { a: M31(1012074646), b: M31(1273465098) }, c1: CM31 { a: M31(1039894518), b: M31(1062037362) } }, theta: QM31 { c0: CM31 { a: M31(353754587), b: M31(1380646808) }, c1: CM31 { a: M31(1025468474), b: M31(539198609) } }, zc: [QM31 { c0: CM31 { a: M31(1343262649), b: M31(46304685) }, c1: CM31 { a: M31(185507811), b: M31(106248221) } }, QM31 { c0: CM31 { a: M31(2105819459), b: M31(808470321) }, c1: CM31 { a: M31(2131871015), b: M31(160801128) } }, QM31 { c0: CM31 { a: M31(2016635200), b: M31(1307983161) }, c1: CM31 { a: M31(548442192), b: M31(1512996879) } }, QM31 { c0: CM31 { a: M31(670165111), b: M31(949067045) }, c1: CM31 { a: M31(1399098380), b: M31(1728128215) } }, QM31 { c0: CM31 { a: M31(1885964848), b: M31(870060532) }, c1: CM31 { a: M31(1638337813), b: M31(1204849114) } }, QM31 { c0: CM31 { a: M31(579724594), b: M31(1253209278) }, c1: CM31 { a: M31(1959438576), b: M31(1513351290) } }, QM31 { c0: CM31 { a: M31(1724860007), b: M31(847105921) }, c1: CM31 { a: M31(1174248356), b: M31(707400565) } }, QM31 { c0: CM31 { a: M31(752954866), b: M31(790239486) }, c1: CM31 { a: M31(550540034), b: M31(429435070) } }, QM31 { c0: CM31 { a: M31(1915457000), b: M31(948243151) }, c1: CM31 { a: M31(1776808868), b: M31(338713106) } }, QM31 { c0: CM31 { a: M31(317381651), b: M31(49238904) }, c1: CM31 { a: M31(1265481748), b: M31(1416824217) } }], mu: QM31 { c0: CM31 { a: M31(342510781), b: M31(582531889) }, c1: CM31 { a: M31(966345961), b: M31(1309969985) } }, eta: QM31 { c0: CM31 { a: M31(637726953), b: M31(279781009) }, c1: CM31 { a: M31(842033827), b: M31(1346169251) } } } circle=[Point { x: QM31 { c0: CM31 { a: M31(1821432855), b: M31(110476590) }, c1: CM31 { a: M31(1450654682), b: M31(1650502544) } }, y: QM31 { c0: CM31 { a: M31(1024514276), b: M31(862296075) }, c1: CM31 { a: M31(272141362), b: M31(152514060) } } }, Point { x: QM31 { c0: CM31 { a: M31(1432045245), b: M31(706284830) }, c1: CM31 { a: M31(899009750), b: M31(2119124344) } }, y: QM31 { c0: CM31 { a: M31(1016248089), b: M31(117419885) }, c1: CM31 { a: M31(1808643944), b: M31(1929821036) } } }] queries=[4171, 7341, 14023, 40275, 60613, 60726, 75694, 94058, 95009, 135161, 141129, 149300, 151685, 151884, 162345, 176862, 182884, 192392, 202152, 214580, 239438, 257844]
C1_C trial=10 pattern=random ranks=[112, 112, 112, 112, 112, 112, 112, 112, 112, 112, 112, 112, 112, 112, 112, 112] want_each=112
C1_C trial=10 pattern=consecutive ranks=[112, 112, 112, 112, 112, 112, 112, 112, 112, 112, 112, 112, 112, 112, 112, 112] want_each=112
TARGET_PROGRESS pair=0 round=0
TARGET_PROGRESS pair=0 round=9
Z4B_REPLAY trial=10 pair=0 pinned=[849203906, 1120413632, 1570901733, 146425638] derivative=[1528948108, 776244192, 1040827923, 1314150905] ii=[414084973, 398153110, 317790951, 1603251673]
TARGET_PROGRESS pair=1 round=0
TARGET_PROGRESS pair=1 round=9
Z4B_REPLAY trial=10 pair=1 pinned=[1105191581, 364336763, 389788484, 746934652] derivative=[281943858, 771430985, 1075717437, 1752539746] ii=[1710229296, 134887857, 1279668050, 447238260]
TARGET_PROGRESS pair=2 round=0
TARGET_PROGRESS pair=2 round=9
Z4B_REPLAY trial=10 pair=2 pinned=[481684704, 2009399607, 1308981347, 2027806886] derivative=[349016767, 645679521, 1286264019, 1906379795] ii=[1356149648, 917829591, 1231733929, 175748374]
TARGET_PROGRESS pair=3 round=0
TARGET_PROGRESS pair=3 round=9
Z4B_REPLAY trial=10 pair=3 pinned=[1126802747, 1442036054, 1775826597, 1053029945] derivative=[805497010, 722926065, 1535307512, 1874818930] ii=[1501509447, 248605671, 356541551, 784151202]
TARGET_PROGRESS pair=4 round=0
TARGET_PROGRESS pair=4 round=9
Z4B_REPLAY trial=10 pair=4 pinned=[592740980, 927151987, 1020439257, 1218123768] derivative=[1491133105, 1816862972, 1441224823, 1812404063] ii=[639926518, 1916282766, 754667739, 2076440422]
RESULT trial=10 libra_i_prime image_rank=1076 targets=5 failures=0 excess_rank=0 quotient_support=[] excess_pivots=[]
RESULT trial=10 libra_derivative_diagnostic image_rank=1076 targets=5 failures=0 excess_rank=0 quotient_support=[] excess_pivots=[]
RESULT trial=10 libra_ii_prime image_rank=1080 targets=5 failures=0 excess_rank=0 quotient_support=[] excess_pivots=[]
GATE_C trial=10 design=libra silent_rank=1076 initial_retained_rank=1080 full_conditioned_rank=1080 i_pass=5 ii_pass=5 attempted=5 batch_word_matched=true gamma=7 fourth_claims_all_lanes=true
RESULT trial=10 columns26_i_prime image_rank=1076 targets=5 failures=0 excess_rank=0 quotient_support=[] excess_pivots=[]
RESULT trial=10 columns26_derivative_diagnostic image_rank=1076 targets=5 failures=0 excess_rank=0 quotient_support=[] excess_pivots=[]
RESULT trial=10 columns26_ii_prime image_rank=1080 targets=5 failures=0 excess_rank=0 quotient_support=[] excess_pivots=[]
GATE_C trial=10 design=columns26 silent_rank=1076 initial_retained_rank=1080 full_conditioned_rank=1080 i_pass=5 ii_pass=5 attempted=5 batch_word_matched=true gamma=7 fourth_claims_all_lanes=true
TRIAL_DONE trial=10 wall_seconds=93.762
TRIAL_SEED trial=11 seed=0xbde2a56b9ff606cc
CHALLENGE trial=11 alpha=[QM31 { c0: CM31 { a: M31(1031091142), b: M31(1409302497) }, c1: CM31 { a: M31(1158289696), b: M31(373022271) } }, QM31 { c0: CM31 { a: M31(363873704), b: M31(740771996) }, c1: CM31 { a: M31(1303998260), b: M31(1287274413) } }, QM31 { c0: CM31 { a: M31(643093906), b: M31(1992892117) }, c1: CM31 { a: M31(1987489847), b: M31(1333365886) } }, QM31 { c0: CM31 { a: M31(2026207744), b: M31(566818853) }, c1: CM31 { a: M31(1295995819), b: M31(811877546) } }, QM31 { c0: CM31 { a: M31(95789763), b: M31(1457440657) }, c1: CM31 { a: M31(218788143), b: M31(510212454) } }, QM31 { c0: CM31 { a: M31(1321315053), b: M31(657686299) }, c1: CM31 { a: M31(709977360), b: M31(1646008860) } }, QM31 { c0: CM31 { a: M31(842982191), b: M31(1047759564) }, c1: CM31 { a: M31(1992917931), b: M31(681288744) } }, QM31 { c0: CM31 { a: M31(1035592920), b: M31(86908584) }, c1: CM31 { a: M31(922223053), b: M31(362373242) } }, QM31 { c0: CM31 { a: M31(314342131), b: M31(112235383) }, c1: CM31 { a: M31(598211886), b: M31(2053612795) } }, QM31 { c0: CM31 { a: M31(804905338), b: M31(298319517) }, c1: CM31 { a: M31(193729949), b: M31(1613802122) } }] semantic=Challenges { lambda: QM31 { c0: CM31 { a: M31(1546911402), b: M31(1807669906) }, c1: CM31 { a: M31(510808164), b: M31(1577709613) } }, chi: QM31 { c0: CM31 { a: M31(1086076732), b: M31(379828382) }, c1: CM31 { a: M31(853761979), b: M31(1848988808) } }, theta: QM31 { c0: CM31 { a: M31(1900492999), b: M31(720095083) }, c1: CM31 { a: M31(218394640), b: M31(1901607930) } }, zc: [QM31 { c0: CM31 { a: M31(994252972), b: M31(1122598464) }, c1: CM31 { a: M31(591639896), b: M31(1198561964) } }, QM31 { c0: CM31 { a: M31(243887960), b: M31(515280002) }, c1: CM31 { a: M31(1570632593), b: M31(161785168) } }, QM31 { c0: CM31 { a: M31(2025962913), b: M31(724529600) }, c1: CM31 { a: M31(626301528), b: M31(161884019) } }, QM31 { c0: CM31 { a: M31(50216150), b: M31(371854734) }, c1: CM31 { a: M31(1335055674), b: M31(97307619) } }, QM31 { c0: CM31 { a: M31(139795693), b: M31(1332172459) }, c1: CM31 { a: M31(354441441), b: M31(1377947141) } }, QM31 { c0: CM31 { a: M31(1703155802), b: M31(378829900) }, c1: CM31 { a: M31(736692918), b: M31(324197230) } }, QM31 { c0: CM31 { a: M31(2019113529), b: M31(1914031753) }, c1: CM31 { a: M31(201522668), b: M31(327087817) } }, QM31 { c0: CM31 { a: M31(513349369), b: M31(347145433) }, c1: CM31 { a: M31(1595656077), b: M31(1538529550) } }, QM31 { c0: CM31 { a: M31(568675903), b: M31(627851792) }, c1: CM31 { a: M31(553237459), b: M31(2126984218) } }, QM31 { c0: CM31 { a: M31(2002513609), b: M31(741109510) }, c1: CM31 { a: M31(1827964159), b: M31(732577660) } }], mu: QM31 { c0: CM31 { a: M31(165865702), b: M31(803520024) }, c1: CM31 { a: M31(1063037880), b: M31(764817453) } }, eta: QM31 { c0: CM31 { a: M31(1169376737), b: M31(516091318) }, c1: CM31 { a: M31(117913135), b: M31(1035139581) } } } circle=[Point { x: QM31 { c0: CM31 { a: M31(1272500699), b: M31(82347048) }, c1: CM31 { a: M31(1160047262), b: M31(1531939807) } }, y: QM31 { c0: CM31 { a: M31(2064669586), b: M31(863513076) }, c1: CM31 { a: M31(687277260), b: M31(1993695397) } } }, Point { x: QM31 { c0: CM31 { a: M31(175954400), b: M31(2028452597) }, c1: CM31 { a: M31(658405572), b: M31(1956928069) } }, y: QM31 { c0: CM31 { a: M31(356135559), b: M31(1510320136) }, c1: CM31 { a: M31(646940037), b: M31(1063404222) } } }] queries=[18946, 19893, 22808, 33088, 48856, 49241, 52094, 55763, 72123, 80153, 118623, 122360, 126803, 139826, 146548, 157031, 158586, 173761, 177605, 195332, 252517, 254273]
C1_C trial=11 pattern=random ranks=[112, 112, 112, 112, 112, 112, 112, 112, 112, 112, 112, 112, 112, 112, 112, 112] want_each=112
C1_C trial=11 pattern=consecutive ranks=[112, 112, 112, 112, 112, 112, 112, 112, 112, 112, 112, 112, 112, 112, 112, 112] want_each=112
TARGET_PROGRESS pair=0 round=0
TARGET_PROGRESS pair=0 round=9
Z4B_REPLAY trial=11 pair=0 pinned=[2037348245, 783817335, 2032812975, 1470193754] derivative=[1518296570, 716691476, 1770387142, 1066284721] ii=[227688245, 1208254448, 1703494875, 1919285615]
TARGET_PROGRESS pair=1 round=0
TARGET_PROGRESS pair=1 round=9
Z4B_REPLAY trial=11 pair=1 pinned=[556245947, 1821187787, 903290885, 1122275718] derivative=[906509449, 1015453199, 1184575096, 790024201] ii=[978832910, 1253941189, 571950716, 846196945]
TARGET_PROGRESS pair=2 round=0
TARGET_PROGRESS pair=2 round=9
Z4B_REPLAY trial=11 pair=2 pinned=[1019128402, 1206349398, 693332649, 134308020] derivative=[307678207, 714443636, 924301616, 1082262236] ii=[1729794455, 663753692, 1496120399, 1299060143]
TARGET_PROGRESS pair=3 round=0
TARGET_PROGRESS pair=3 round=9
Z4B_REPLAY trial=11 pair=3 pinned=[427588307, 1568715309, 1106839889, 325329108] derivative=[508752821, 347084644, 245915437, 1933153145] ii=[270251294, 1338946670, 638380106, 1212054415]
TARGET_PROGRESS pair=4 round=0
TARGET_PROGRESS pair=4 round=9
Z4B_REPLAY trial=11 pair=4 pinned=[1752496614, 662189665, 1058885495, 405576421] derivative=[1289390779, 820035350, 769049815, 1099603927] ii=[1883221372, 1850825951, 249838826, 184283934]
RESULT trial=11 libra_i_prime image_rank=1076 targets=5 failures=0 excess_rank=0 quotient_support=[] excess_pivots=[]
RESULT trial=11 libra_derivative_diagnostic image_rank=1076 targets=5 failures=0 excess_rank=0 quotient_support=[] excess_pivots=[]
RESULT trial=11 libra_ii_prime image_rank=1080 targets=5 failures=0 excess_rank=0 quotient_support=[] excess_pivots=[]
GATE_C trial=11 design=libra silent_rank=1076 initial_retained_rank=1080 full_conditioned_rank=1080 i_pass=5 ii_pass=5 attempted=5 batch_word_matched=true gamma=7 fourth_claims_all_lanes=true
RESULT trial=11 columns26_i_prime image_rank=1076 targets=5 failures=0 excess_rank=0 quotient_support=[] excess_pivots=[]
RESULT trial=11 columns26_derivative_diagnostic image_rank=1076 targets=5 failures=0 excess_rank=0 quotient_support=[] excess_pivots=[]
RESULT trial=11 columns26_ii_prime image_rank=1080 targets=5 failures=0 excess_rank=0 quotient_support=[] excess_pivots=[]
GATE_C trial=11 design=columns26 silent_rank=1076 initial_retained_rank=1080 full_conditioned_rank=1080 i_pass=5 ii_pass=5 attempted=5 batch_word_matched=true gamma=7 fourth_claims_all_lanes=true
TRIAL_DONE trial=11 wall_seconds=98.028
TRIAL_SEED trial=12 seed=0x5c1a1f251f4082e1
CHALLENGE trial=12 alpha=[QM31 { c0: CM31 { a: M31(1857605008), b: M31(256319325) }, c1: CM31 { a: M31(524445615), b: M31(1365219249) } }, QM31 { c0: CM31 { a: M31(518914281), b: M31(800936551) }, c1: CM31 { a: M31(1346717159), b: M31(1334136977) } }, QM31 { c0: CM31 { a: M31(1829978041), b: M31(1769829343) }, c1: CM31 { a: M31(839752595), b: M31(517447810) } }, QM31 { c0: CM31 { a: M31(1654985159), b: M31(1138676571) }, c1: CM31 { a: M31(2142139083), b: M31(370653649) } }, QM31 { c0: CM31 { a: M31(924305737), b: M31(1191967928) }, c1: CM31 { a: M31(2038740998), b: M31(1532174676) } }, QM31 { c0: CM31 { a: M31(480220497), b: M31(996679369) }, c1: CM31 { a: M31(2015400112), b: M31(901264129) } }, QM31 { c0: CM31 { a: M31(1090659563), b: M31(954364487) }, c1: CM31 { a: M31(2063782607), b: M31(1240717245) } }, QM31 { c0: CM31 { a: M31(1747397372), b: M31(1088381916) }, c1: CM31 { a: M31(1760298732), b: M31(227396873) } }, QM31 { c0: CM31 { a: M31(2093181431), b: M31(755991272) }, c1: CM31 { a: M31(750127635), b: M31(1402291915) } }, QM31 { c0: CM31 { a: M31(1921887421), b: M31(958305144) }, c1: CM31 { a: M31(27314924), b: M31(776947098) } }] semantic=Challenges { lambda: QM31 { c0: CM31 { a: M31(1842003309), b: M31(942803896) }, c1: CM31 { a: M31(860863391), b: M31(1296974952) } }, chi: QM31 { c0: CM31 { a: M31(1323920033), b: M31(2095285493) }, c1: CM31 { a: M31(1469892911), b: M31(2138572777) } }, theta: QM31 { c0: CM31 { a: M31(1631449540), b: M31(1158401685) }, c1: CM31 { a: M31(516431412), b: M31(1082045420) } }, zc: [QM31 { c0: CM31 { a: M31(4616248), b: M31(347207936) }, c1: CM31 { a: M31(546464086), b: M31(1505608786) } }, QM31 { c0: CM31 { a: M31(482805868), b: M31(1179382200) }, c1: CM31 { a: M31(2025663715), b: M31(2040600135) } }, QM31 { c0: CM31 { a: M31(1478873605), b: M31(1017390186) }, c1: CM31 { a: M31(1464354191), b: M31(969116643) } }, QM31 { c0: CM31 { a: M31(136908510), b: M31(1949366885) }, c1: CM31 { a: M31(1142459410), b: M31(265154582) } }, QM31 { c0: CM31 { a: M31(2028323059), b: M31(364494307) }, c1: CM31 { a: M31(113500490), b: M31(718047062) } }, QM31 { c0: CM31 { a: M31(557244129), b: M31(1191486755) }, c1: CM31 { a: M31(1235252484), b: M31(1035331653) } }, QM31 { c0: CM31 { a: M31(658487878), b: M31(479170676) }, c1: CM31 { a: M31(1478796732), b: M31(1805935898) } }, QM31 { c0: CM31 { a: M31(1615640401), b: M31(2081345772) }, c1: CM31 { a: M31(1772570604), b: M31(1930997453) } }, QM31 { c0: CM31 { a: M31(488755771), b: M31(1285254419) }, c1: CM31 { a: M31(1028686200), b: M31(1048602384) } }, QM31 { c0: CM31 { a: M31(954066312), b: M31(890602523) }, c1: CM31 { a: M31(334090474), b: M31(543258029) } }], mu: QM31 { c0: CM31 { a: M31(1963373430), b: M31(1874874990) }, c1: CM31 { a: M31(727504593), b: M31(13754529) } }, eta: QM31 { c0: CM31 { a: M31(62518835), b: M31(1697260166) }, c1: CM31 { a: M31(1277601188), b: M31(958224181) } } } circle=[Point { x: QM31 { c0: CM31 { a: M31(392163574), b: M31(1035926800) }, c1: CM31 { a: M31(1597334000), b: M31(271642329) } }, y: QM31 { c0: CM31 { a: M31(801856715), b: M31(830532957) }, c1: CM31 { a: M31(2138328023), b: M31(1309379489) } } }, Point { x: QM31 { c0: CM31 { a: M31(379943034), b: M31(795810922) }, c1: CM31 { a: M31(2028411196), b: M31(1059915004) } }, y: QM31 { c0: CM31 { a: M31(1404265805), b: M31(644645048) }, c1: CM31 { a: M31(1444988953), b: M31(738329034) } } }] queries=[6804, 12069, 16610, 36890, 41060, 41464, 52105, 54104, 54630, 79840, 83684, 87718, 90420, 123797, 139200, 148012, 177354, 183683, 190344, 211275, 218808, 253128]
C1_C trial=12 pattern=random ranks=[112, 112, 112, 112, 112, 112, 112, 112, 112, 112, 112, 112, 112, 112, 112, 112] want_each=112
C1_C trial=12 pattern=consecutive ranks=[112, 112, 112, 112, 112, 112, 112, 112, 112, 112, 112, 112, 112, 112, 112, 112] want_each=112
TARGET_PROGRESS pair=0 round=0
TARGET_PROGRESS pair=0 round=9
Z4B_REPLAY trial=12 pair=0 pinned=[801132831, 1370364705, 1509007277, 437603177] derivative=[1325842003, 500638806, 1803518791, 1536742476] ii=[1461211169, 38717852, 628353483, 342509112]
TARGET_PROGRESS pair=1 round=0
TARGET_PROGRESS pair=1 round=9
Z4B_REPLAY trial=12 pair=1 pinned=[1492127553, 1094942181, 196250113, 1257974364] derivative=[1186868797, 1213716167, 181025850, 1460402245] ii=[246468901, 7879206, 362691549, 1968458589]
TARGET_PROGRESS pair=2 round=0
TARGET_PROGRESS pair=2 round=9
Z4B_REPLAY trial=12 pair=2 pinned=[261450157, 1065815698, 374566247, 1845160941] derivative=[974904429, 119602771, 1922118465, 456984761] ii=[1338298861, 700659228, 318124488, 1320400800]
TARGET_PROGRESS pair=3 round=0
TARGET_PROGRESS pair=3 round=9
Z4B_REPLAY trial=12 pair=3 pinned=[226509767, 1909635490, 673369266, 1593143216] derivative=[1411625460, 779668830, 461278080, 1152052925] ii=[1193880858, 1879227606, 1041312925, 294197610]
TARGET_PROGRESS pair=4 round=0
TARGET_PROGRESS pair=4 round=9
Z4B_REPLAY trial=12 pair=4 pinned=[1974553569, 913196620, 1638610742, 1699098117] derivative=[1118448038, 1701215401, 421490283, 217243409] ii=[633780885, 735801039, 578491890, 823457616]
RESULT trial=12 libra_i_prime image_rank=1076 targets=5 failures=0 excess_rank=0 quotient_support=[] excess_pivots=[]
RESULT trial=12 libra_derivative_diagnostic image_rank=1076 targets=5 failures=0 excess_rank=0 quotient_support=[] excess_pivots=[]
RESULT trial=12 libra_ii_prime image_rank=1080 targets=5 failures=0 excess_rank=0 quotient_support=[] excess_pivots=[]
GATE_C trial=12 design=libra silent_rank=1076 initial_retained_rank=1080 full_conditioned_rank=1080 i_pass=5 ii_pass=5 attempted=5 batch_word_matched=true gamma=7 fourth_claims_all_lanes=true
RESULT trial=12 columns26_i_prime image_rank=1076 targets=5 failures=0 excess_rank=0 quotient_support=[] excess_pivots=[]
RESULT trial=12 columns26_derivative_diagnostic image_rank=1076 targets=5 failures=0 excess_rank=0 quotient_support=[] excess_pivots=[]
RESULT trial=12 columns26_ii_prime image_rank=1080 targets=5 failures=0 excess_rank=0 quotient_support=[] excess_pivots=[]
GATE_C trial=12 design=columns26 silent_rank=1076 initial_retained_rank=1080 full_conditioned_rank=1080 i_pass=5 ii_pass=5 attempted=5 batch_word_matched=true gamma=7 fourth_claims_all_lanes=true
TRIAL_DONE trial=12 wall_seconds=89.992
TRIAL_SEED trial=13 seed=0xfa5198de9e8afef6
CHALLENGE trial=13 alpha=[QM31 { c0: CM31 { a: M31(645789030), b: M31(2128157194) }, c1: CM31 { a: M31(445224544), b: M31(1330929981) } }, QM31 { c0: CM31 { a: M31(19061939), b: M31(365728751) }, c1: CM31 { a: M31(179183217), b: M31(27745017) } }, QM31 { c0: CM31 { a: M31(1047658091), b: M31(347643731) }, c1: CM31 { a: M31(651286956), b: M31(2010561876) } }, QM31 { c0: CM31 { a: M31(603823413), b: M31(1422659049) }, c1: CM31 { a: M31(1728417167), b: M31(1780099377) } }, QM31 { c0: CM31 { a: M31(287857632), b: M31(701895652) }, c1: CM31 { a: M31(1254254267), b: M31(740448962) } }, QM31 { c0: CM31 { a: M31(1947210568), b: M31(1350565457) }, c1: CM31 { a: M31(355062434), b: M31(322729675) } }, QM31 { c0: CM31 { a: M31(739988070), b: M31(1649081471) }, c1: CM31 { a: M31(1315002424), b: M31(1331707788) } }, QM31 { c0: CM31 { a: M31(2121770194), b: M31(1975132750) }, c1: CM31 { a: M31(1346153354), b: M31(154854941) } }, QM31 { c0: CM31 { a: M31(1101146628), b: M31(74679288) }, c1: CM31 { a: M31(1046529077), b: M31(2142509472) } }, QM31 { c0: CM31 { a: M31(1987266784), b: M31(648398623) }, c1: CM31 { a: M31(1606792107), b: M31(1868233669) } }] semantic=Challenges { lambda: QM31 { c0: CM31 { a: M31(1729966169), b: M31(94395317) }, c1: CM31 { a: M31(1875589102), b: M31(231060801) } }, chi: QM31 { c0: CM31 { a: M31(1210526312), b: M31(614931657) }, c1: CM31 { a: M31(1048416986), b: M31(1701708696) } }, theta: QM31 { c0: CM31 { a: M31(1292947894), b: M31(782307490) }, c1: CM31 { a: M31(1150217597), b: M31(1702613171) } }, zc: [QM31 { c0: CM31 { a: M31(1070784288), b: M31(1590691675) }, c1: CM31 { a: M31(1646071632), b: M31(1009460606) } }, QM31 { c0: CM31 { a: M31(1703810422), b: M31(313330909) }, c1: CM31 { a: M31(166921911), b: M31(1366716144) } }, QM31 { c0: CM31 { a: M31(845858947), b: M31(1963164970) }, c1: CM31 { a: M31(79389306), b: M31(1131415016) } }, QM31 { c0: CM31 { a: M31(1196393163), b: M31(616908742) }, c1: CM31 { a: M31(478932939), b: M31(1770100866) } }, QM31 { c0: CM31 { a: M31(2084018861), b: M31(750841382) }, c1: CM31 { a: M31(1384335076), b: M31(1201584484) } }, QM31 { c0: CM31 { a: M31(1761582468), b: M31(439469087) }, c1: CM31 { a: M31(1826766219), b: M31(2040998945) } }, QM31 { c0: CM31 { a: M31(557906624), b: M31(1161437682) }, c1: CM31 { a: M31(920064259), b: M31(2077533089) } }, QM31 { c0: CM31 { a: M31(903448784), b: M31(1771530818) }, c1: CM31 { a: M31(514675352), b: M31(1761366710) } }, QM31 { c0: CM31 { a: M31(1223640238), b: M31(102166513) }, c1: CM31 { a: M31(2102622010), b: M31(1835428741) } }, QM31 { c0: CM31 { a: M31(977643023), b: M31(1419066989) }, c1: CM31 { a: M31(1197417938), b: M31(1621412335) } }], mu: QM31 { c0: CM31 { a: M31(1050103145), b: M31(6824883) }, c1: CM31 { a: M31(929582535), b: M31(831712364) } }, eta: QM31 { c0: CM31 { a: M31(1943101736), b: M31(1556469525) }, c1: CM31 { a: M31(1987968892), b: M31(949411796) } } } circle=[Point { x: QM31 { c0: CM31 { a: M31(1929221293), b: M31(2082306058) }, c1: CM31 { a: M31(1091818593), b: M31(462757968) } }, y: QM31 { c0: CM31 { a: M31(1700556419), b: M31(1002318518) }, c1: CM31 { a: M31(119140785), b: M31(180442832) } } }, Point { x: QM31 { c0: CM31 { a: M31(2066267495), b: M31(395420368) }, c1: CM31 { a: M31(292005861), b: M31(279896052) } }, y: QM31 { c0: CM31 { a: M31(1311150330), b: M31(1717447467) }, c1: CM31 { a: M31(21695584), b: M31(653650991) } } }] queries=[43542, 47783, 53315, 80031, 95971, 113592, 116849, 137790, 139100, 161089, 164632, 169296, 172266, 173969, 200862, 204748, 210801, 216809, 231513, 231838, 234120, 243051]
C1_C trial=13 pattern=random ranks=[112, 112, 112, 112, 112, 112, 112, 112, 112, 112, 112, 112, 112, 112, 112, 112] want_each=112
C1_C trial=13 pattern=consecutive ranks=[112, 112, 112, 112, 112, 112, 112, 112, 112, 112, 112, 112, 112, 112, 112, 112] want_each=112
TARGET_PROGRESS pair=0 round=0
TARGET_PROGRESS pair=0 round=9
Z4B_REPLAY trial=13 pair=0 pinned=[920759299, 1415883535, 198888395, 898006030] derivative=[811610229, 1562250908, 476604559, 304696740] ii=[1756627163, 1381963732, 1182922318, 1957134604]
TARGET_PROGRESS pair=1 round=0
TARGET_PROGRESS pair=1 round=9
Z4B_REPLAY trial=13 pair=1 pinned=[1822334731, 1646921096, 1260052146, 1314129430] derivative=[712323514, 1282699823, 129232493, 1927140264] ii=[2061415980, 179872703, 1945883796, 23267655]
TARGET_PROGRESS pair=2 round=0
TARGET_PROGRESS pair=2 round=9
Z4B_REPLAY trial=13 pair=2 pinned=[1226001644, 1304688490, 918198361, 2022342101] derivative=[455830657, 2131986158, 775611162, 34547312] ii=[769674852, 1718970872, 197393414, 1471329788]
TARGET_PROGRESS pair=3 round=0
TARGET_PROGRESS pair=3 round=9
Z4B_REPLAY trial=13 pair=3 pinned=[1562172332, 1738203968, 1202739185, 1189061091] derivative=[375024006, 182432738, 167578151, 1925468683] ii=[230830726, 543103390, 1875399153, 271249952]
TARGET_PROGRESS pair=4 round=0
TARGET_PROGRESS pair=4 round=9
Z4B_REPLAY trial=13 pair=4 pinned=[191787144, 1451580941, 225657148, 1818500518] derivative=[2069834423, 1688004866, 695620121, 159518534] ii=[690048420, 1557237418, 1565681018, 711652766]
RESULT trial=13 libra_i_prime image_rank=1076 targets=5 failures=0 excess_rank=0 quotient_support=[] excess_pivots=[]
RESULT trial=13 libra_derivative_diagnostic image_rank=1076 targets=5 failures=0 excess_rank=0 quotient_support=[] excess_pivots=[]
RESULT trial=13 libra_ii_prime image_rank=1080 targets=5 failures=0 excess_rank=0 quotient_support=[] excess_pivots=[]
GATE_C trial=13 design=libra silent_rank=1076 initial_retained_rank=1080 full_conditioned_rank=1080 i_pass=5 ii_pass=5 attempted=5 batch_word_matched=true gamma=7 fourth_claims_all_lanes=true
RESULT trial=13 columns26_i_prime image_rank=1076 targets=5 failures=0 excess_rank=0 quotient_support=[] excess_pivots=[]
RESULT trial=13 columns26_derivative_diagnostic image_rank=1076 targets=5 failures=0 excess_rank=0 quotient_support=[] excess_pivots=[]
RESULT trial=13 columns26_ii_prime image_rank=1080 targets=5 failures=0 excess_rank=0 quotient_support=[] excess_pivots=[]
GATE_C trial=13 design=columns26 silent_rank=1076 initial_retained_rank=1080 full_conditioned_rank=1080 i_pass=5 ii_pass=5 attempted=5 batch_word_matched=true gamma=7 fourth_claims_all_lanes=true
TRIAL_DONE trial=13 wall_seconds=89.168
TRIAL_SEED trial=14 seed=0x988912981dd57b0b
CHALLENGE trial=14 alpha=[QM31 { c0: CM31 { a: M31(872547978), b: M31(665334989) }, c1: CM31 { a: M31(230760464), b: M31(1231022676) } }, QM31 { c0: CM31 { a: M31(1135982946), b: M31(1277137665) }, c1: CM31 { a: M31(903005137), b: M31(920851849) } }, QM31 { c0: CM31 { a: M31(393172952), b: M31(2091265216) }, c1: CM31 { a: M31(1985405191), b: M31(1745763213) } }, QM31 { c0: CM31 { a: M31(1887381162), b: M31(575955051) }, c1: CM31 { a: M31(1039074701), b: M31(2027215780) } }, QM31 { c0: CM31 { a: M31(1990675888), b: M31(769642312) }, c1: CM31 { a: M31(34877581), b: M31(628095176) } }, QM31 { c0: CM31 { a: M31(806548796), b: M31(1154804167) }, c1: CM31 { a: M31(1932691171), b: M31(1221987262) } }, QM31 { c0: CM31 { a: M31(14104234), b: M31(1495305053) }, c1: CM31 { a: M31(989193791), b: M31(64658116) } }, QM31 { c0: CM31 { a: M31(1227727382), b: M31(1118317389) }, c1: CM31 { a: M31(935849524), b: M31(66139789) } }, QM31 { c0: CM31 { a: M31(676917872), b: M31(1979681681) }, c1: CM31 { a: M31(222681795), b: M31(1402331941) } }, QM31 { c0: CM31 { a: M31(583943614), b: M31(1655332570) }, c1: CM31 { a: M31(109860302), b: M31(1680867760) } }] semantic=Challenges { lambda: QM31 { c0: CM31 { a: M31(288455345), b: M31(333295517) }, c1: CM31 { a: M31(1028655421), b: M31(90952772) } }, chi: QM31 { c0: CM31 { a: M31(2035169498), b: M31(1931787907) }, c1: CM31 { a: M31(2021258560), b: M31(1241660443) } }, theta: QM31 { c0: CM31 { a: M31(1002807718), b: M31(160895160) }, c1: CM31 { a: M31(1150288128), b: M31(1078174111) } }, zc: [QM31 { c0: CM31 { a: M31(470138950), b: M31(1120912018) }, c1: CM31 { a: M31(1730757016), b: M31(667466496) } }, QM31 { c0: CM31 { a: M31(505436080), b: M31(736333914) }, c1: CM31 { a: M31(1501040651), b: M31(1183249844) } }, QM31 { c0: CM31 { a: M31(740002574), b: M31(12711561) }, c1: CM31 { a: M31(129194907), b: M31(1221377951) } }, QM31 { c0: CM31 { a: M31(1711392662), b: M31(1163401980) }, c1: CM31 { a: M31(1895752816), b: M31(13407468) } }, QM31 { c0: CM31 { a: M31(1211453779), b: M31(1117909155) }, c1: CM31 { a: M31(290072489), b: M31(1790531094) } }, QM31 { c0: CM31 { a: M31(1312820963), b: M31(1434316606) }, c1: CM31 { a: M31(1492621331), b: M31(880465707) } }, QM31 { c0: CM31 { a: M31(1253856411), b: M31(20753225) }, c1: CM31 { a: M31(417578432), b: M31(566022753) } }, QM31 { c0: CM31 { a: M31(503718582), b: M31(130616957) }, c1: CM31 { a: M31(1814878848), b: M31(1939451176) } }, QM31 { c0: CM31 { a: M31(83768066), b: M31(1890993137) }, c1: CM31 { a: M31(2116675517), b: M31(1742330927) } }, QM31 { c0: CM31 { a: M31(1826921566), b: M31(234852416) }, c1: CM31 { a: M31(1441459049), b: M31(784281686) } }], mu: QM31 { c0: CM31 { a: M31(404752543), b: M31(1070642562) }, c1: CM31 { a: M31(1081274168), b: M31(760220191) } }, eta: QM31 { c0: CM31 { a: M31(1126616845), b: M31(1252571635) }, c1: CM31 { a: M31(98881641), b: M31(1026977894) } } } circle=[Point { x: QM31 { c0: CM31 { a: M31(1114754435), b: M31(1865143792) }, c1: CM31 { a: M31(1442258267), b: M31(379740975) } }, y: QM31 { c0: CM31 { a: M31(336257864), b: M31(1171389211) }, c1: CM31 { a: M31(1259652527), b: M31(893592622) } } }, Point { x: QM31 { c0: CM31 { a: M31(495688990), b: M31(1495283469) }, c1: CM31 { a: M31(1877688136), b: M31(2130775599) } }, y: QM31 { c0: CM31 { a: M31(98304801), b: M31(1615543336) }, c1: CM31 { a: M31(1417318444), b: M31(302429549) } } }] queries=[1167, 17736, 32358, 75689, 87320, 94026, 108075, 121385, 124024, 128022, 128245, 134122, 147763, 166247, 202993, 218899, 224921, 228115, 245182, 245461, 248260, 248779]
C1_C trial=14 pattern=random ranks=[112, 112, 112, 112, 112, 112, 112, 112, 112, 112, 112, 112, 112, 112, 112, 112] want_each=112
C1_C trial=14 pattern=consecutive ranks=[112, 112, 112, 112, 112, 112, 112, 112, 112, 112, 112, 112, 112, 112, 112, 112] want_each=112
TARGET_PROGRESS pair=0 round=0
TARGET_PROGRESS pair=0 round=9
Z4B_REPLAY trial=14 pair=0 pinned=[206667497, 957576796, 2133327546, 201265803] derivative=[1155258323, 1527740076, 1379879955, 1944413442] ii=[1385763981, 46176470, 1880174263, 1925880447]
TARGET_PROGRESS pair=1 round=0
TARGET_PROGRESS pair=1 round=9
Z4B_REPLAY trial=14 pair=1 pinned=[1052569890, 1350141503, 8886743, 1059632051] derivative=[536130547, 1064065016, 214179931, 1699592480] ii=[1848068973, 866341462, 25655484, 1460611432]
TARGET_PROGRESS pair=2 round=0
TARGET_PROGRESS pair=2 round=9
Z4B_REPLAY trial=14 pair=2 pinned=[1382304672, 1848917827, 696208176, 1648870816] derivative=[1510236210, 27192813, 242910119, 449042752] ii=[125485878, 384583408, 775001614, 676787810]
TARGET_PROGRESS pair=3 round=0
TARGET_PROGRESS pair=3 round=9
Z4B_REPLAY trial=14 pair=3 pinned=[887839872, 1247551188, 1301879411, 147205261] derivative=[442122200, 1597327096, 1813110029, 1196234032] ii=[807562106, 993633063, 1482073022, 694072584]
TARGET_PROGRESS pair=4 round=0
TARGET_PROGRESS pair=4 round=9
Z4B_REPLAY trial=14 pair=4 pinned=[1233880888, 1443070745, 2044933748, 991828244] derivative=[923274200, 1342909518, 1375854680, 696645064] ii=[1614567135, 1670134128, 1047827082, 488256557]
RESULT trial=14 libra_i_prime image_rank=1076 targets=5 failures=0 excess_rank=0 quotient_support=[] excess_pivots=[]
RESULT trial=14 libra_derivative_diagnostic image_rank=1076 targets=5 failures=0 excess_rank=0 quotient_support=[] excess_pivots=[]
RESULT trial=14 libra_ii_prime image_rank=1080 targets=5 failures=0 excess_rank=0 quotient_support=[] excess_pivots=[]
GATE_C trial=14 design=libra silent_rank=1076 initial_retained_rank=1080 full_conditioned_rank=1080 i_pass=5 ii_pass=5 attempted=5 batch_word_matched=true gamma=7 fourth_claims_all_lanes=true
RESULT trial=14 columns26_i_prime image_rank=1076 targets=5 failures=0 excess_rank=0 quotient_support=[] excess_pivots=[]
RESULT trial=14 columns26_derivative_diagnostic image_rank=1076 targets=5 failures=0 excess_rank=0 quotient_support=[] excess_pivots=[]
RESULT trial=14 columns26_ii_prime image_rank=1080 targets=5 failures=0 excess_rank=0 quotient_support=[] excess_pivots=[]
GATE_C trial=14 design=columns26 silent_rank=1076 initial_retained_rank=1080 full_conditioned_rank=1080 i_pass=5 ii_pass=5 attempted=5 batch_word_matched=true gamma=7 fourth_claims_all_lanes=true
TRIAL_DONE trial=14 wall_seconds=90.854
TRIAL_SEED trial=15 seed=0x36c08c519d1ff720
CHALLENGE trial=15 alpha=[QM31 { c0: CM31 { a: M31(123259802), b: M31(1138014257) }, c1: CM31 { a: M31(1356165217), b: M31(560653636) } }, QM31 { c0: CM31 { a: M31(975421211), b: M31(439261546) }, c1: CM31 { a: M31(446611229), b: M31(1292293891) } }, QM31 { c0: CM31 { a: M31(309977786), b: M31(1356190634) }, c1: CM31 { a: M31(1343292338), b: M31(2067718849) } }, QM31 { c0: CM31 { a: M31(911570323), b: M31(189033790) }, c1: CM31 { a: M31(234734355), b: M31(31406083) } }, QM31 { c0: CM31 { a: M31(966829066), b: M31(1223046794) }, c1: CM31 { a: M31(2081250772), b: M31(104707078) } }, QM31 { c0: CM31 { a: M31(923046003), b: M31(1674880468) }, c1: CM31 { a: M31(823070243), b: M31(1713215959) } }, QM31 { c0: CM31 { a: M31(480262842), b: M31(1072165204) }, c1: CM31 { a: M31(1568982935), b: M31(1790713221) } }, QM31 { c0: CM31 { a: M31(349440013), b: M31(431543226) }, c1: CM31 { a: M31(826959049), b: M31(1125120128) } }, QM31 { c0: CM31 { a: M31(1715394315), b: M31(1315405090) }, c1: CM31 { a: M31(38136060), b: M31(1232730326) } }, QM31 { c0: CM31 { a: M31(1204506189), b: M31(1894186186) }, c1: CM31 { a: M31(280926791), b: M31(573660911) } }] semantic=Challenges { lambda: QM31 { c0: CM31 { a: M31(1640209655), b: M31(1863584833) }, c1: CM31 { a: M31(540249132), b: M31(503724194) } }, chi: QM31 { c0: CM31 { a: M31(1191806732), b: M31(693754140) }, c1: CM31 { a: M31(1394999139), b: M31(1381128504) } }, theta: QM31 { c0: CM31 { a: M31(222267252), b: M31(1123664379) }, c1: CM31 { a: M31(1058649813), b: M31(998817567) } }, zc: [QM31 { c0: CM31 { a: M31(628192568), b: M31(1011292402) }, c1: CM31 { a: M31(1484109996), b: M31(347473652) } }, QM31 { c0: CM31 { a: M31(1152565974), b: M31(1727014330) }, c1: CM31 { a: M31(1659734161), b: M31(202848221) } }, QM31 { c0: CM31 { a: M31(1812781805), b: M31(216470140) }, c1: CM31 { a: M31(1767845325), b: M31(2078522431) } }, QM31 { c0: CM31 { a: M31(1141395439), b: M31(724906068) }, c1: CM31 { a: M31(2025705106), b: M31(1178287049) } }, QM31 { c0: CM31 { a: M31(891622286), b: M31(1602808593) }, c1: CM31 { a: M31(617429103), b: M31(1917822174) } }, QM31 { c0: CM31 { a: M31(16332079), b: M31(927517980) }, c1: CM31 { a: M31(15411513), b: M31(275847288) } }, QM31 { c0: CM31 { a: M31(1527041920), b: M31(1573993768) }, c1: CM31 { a: M31(1804812664), b: M31(1448035512) } }, QM31 { c0: CM31 { a: M31(1664233533), b: M31(1001748358) }, c1: CM31 { a: M31(1578932924), b: M31(306459331) } }, QM31 { c0: CM31 { a: M31(1664522474), b: M31(1402377266) }, c1: CM31 { a: M31(495746198), b: M31(1116356685) } }, QM31 { c0: CM31 { a: M31(505255066), b: M31(695264816) }, c1: CM31 { a: M31(309664287), b: M31(991586743) } }], mu: QM31 { c0: CM31 { a: M31(304166942), b: M31(377768896) }, c1: CM31 { a: M31(2070001578), b: M31(1103033912) } }, eta: QM31 { c0: CM31 { a: M31(554660282), b: M31(387824416) }, c1: CM31 { a: M31(1232591551), b: M31(223323328) } } } circle=[Point { x: QM31 { c0: CM31 { a: M31(411645076), b: M31(2026378902) }, c1: CM31 { a: M31(1715071862), b: M31(95663668) } }, y: QM31 { c0: CM31 { a: M31(1250534004), b: M31(1504785107) }, c1: CM31 { a: M31(1478196625), b: M31(1235533655) } } }, Point { x: QM31 { c0: CM31 { a: M31(33105141), b: M31(938532107) }, c1: CM31 { a: M31(84449208), b: M31(1842384940) } }, y: QM31 { c0: CM31 { a: M31(939684271), b: M31(245370906) }, c1: CM31 { a: M31(1732930793), b: M31(1392539144) } } }] queries=[1442, 8670, 9744, 21666, 29952, 51822, 60075, 62052, 71301, 74709, 83686, 94262, 128306, 134146, 170484, 176226, 196441, 216488, 225757, 230085, 239091, 256791]
C1_C trial=15 pattern=random ranks=[112, 112, 112, 112, 112, 112, 112, 112, 112, 112, 112, 112, 112, 112, 112, 112] want_each=112
C1_C trial=15 pattern=consecutive ranks=[112, 112, 112, 112, 112, 112, 112, 112, 112, 112, 112, 112, 112, 112, 112, 112] want_each=112
TARGET_PROGRESS pair=0 round=0
TARGET_PROGRESS pair=0 round=9
Z4B_REPLAY trial=15 pair=0 pinned=[1208212076, 2022083317, 1993823687, 1851348511] derivative=[714565551, 182047183, 1333935870, 832566673] ii=[783562447, 1440183878, 118742414, 502087348]
TARGET_PROGRESS pair=1 round=0
TARGET_PROGRESS pair=1 round=9
Z4B_REPLAY trial=15 pair=1 pinned=[647591332, 1708572620, 977983588, 878641154] derivative=[1914308486, 2093594510, 520225111, 235233303] ii=[1480459524, 2097546473, 437789368, 1548122534]
TARGET_PROGRESS pair=2 round=0
TARGET_PROGRESS pair=2 round=9
Z4B_REPLAY trial=15 pair=2 pinned=[434467592, 240149315, 1746026998, 528392060] derivative=[1685203652, 51501160, 21254852, 18154803] ii=[1398513736, 355092832, 858254920, 1815049761]
TARGET_PROGRESS pair=3 round=0
TARGET_PROGRESS pair=3 round=9
Z4B_REPLAY trial=15 pair=3 pinned=[871001574, 359017427, 1226346361, 864699711] derivative=[1311704982, 1415561537, 1185977058, 2057546531] ii=[1264849269, 1539387117, 1943816835, 679060400]
TARGET_PROGRESS pair=4 round=0
TARGET_PROGRESS pair=4 round=9
Z4B_REPLAY trial=15 pair=4 pinned=[1617104190, 914774667, 1835899673, 1407526470] derivative=[1913336723, 2048017551, 230366481, 1666661377] ii=[376778532, 795893288, 170674421, 904333718]
RESULT trial=15 libra_i_prime image_rank=1076 targets=5 failures=0 excess_rank=0 quotient_support=[] excess_pivots=[]
RESULT trial=15 libra_derivative_diagnostic image_rank=1076 targets=5 failures=0 excess_rank=0 quotient_support=[] excess_pivots=[]
RESULT trial=15 libra_ii_prime image_rank=1080 targets=5 failures=0 excess_rank=0 quotient_support=[] excess_pivots=[]
GATE_C trial=15 design=libra silent_rank=1076 initial_retained_rank=1080 full_conditioned_rank=1080 i_pass=5 ii_pass=5 attempted=5 batch_word_matched=true gamma=7 fourth_claims_all_lanes=true
RESULT trial=15 columns26_i_prime image_rank=1076 targets=5 failures=0 excess_rank=0 quotient_support=[] excess_pivots=[]
RESULT trial=15 columns26_derivative_diagnostic image_rank=1076 targets=5 failures=0 excess_rank=0 quotient_support=[] excess_pivots=[]
RESULT trial=15 columns26_ii_prime image_rank=1080 targets=5 failures=0 excess_rank=0 quotient_support=[] excess_pivots=[]
GATE_C trial=15 design=columns26 silent_rank=1076 initial_retained_rank=1080 full_conditioned_rank=1080 i_pass=5 ii_pass=5 attempted=5 batch_word_matched=true gamma=7 fourth_claims_all_lanes=true
TRIAL_DONE trial=15 wall_seconds=89.962
TRIAL_SEED trial=16 seed=0xd4f8060b1c6a7335
CHALLENGE trial=16 alpha=[QM31 { c0: CM31 { a: M31(114425188), b: M31(493118064) }, c1: CM31 { a: M31(142826596), b: M31(1427805313) } }, QM31 { c0: CM31 { a: M31(1130755030), b: M31(1923699108) }, c1: CM31 { a: M31(2112010070), b: M31(7402857) } }, QM31 { c0: CM31 { a: M31(1578231292), b: M31(1100077783) }, c1: CM31 { a: M31(592467412), b: M31(2049146842) } }, QM31 { c0: CM31 { a: M31(603981180), b: M31(1212591936) }, c1: CM31 { a: M31(1910742283), b: M31(711534131) } }, QM31 { c0: CM31 { a: M31(1952397615), b: M31(1983247632) }, c1: CM31 { a: M31(786592427), b: M31(257313714) } }, QM31 { c0: CM31 { a: M31(78623407), b: M31(280067844) }, c1: CM31 { a: M31(121303933), b: M31(1190198619) } }, QM31 { c0: CM31 { a: M31(162009882), b: M31(1893388458) }, c1: CM31 { a: M31(417762918), b: M31(1511733104) } }, QM31 { c0: CM31 { a: M31(1411085504), b: M31(242243658) }, c1: CM31 { a: M31(61591600), b: M31(1563893716) } }, QM31 { c0: CM31 { a: M31(1673063667), b: M31(214912172) }, c1: CM31 { a: M31(395921828), b: M31(2110472785) } }, QM31 { c0: CM31 { a: M31(137049743), b: M31(369985670) }, c1: CM31 { a: M31(1621705083), b: M31(595599354) } }] semantic=Challenges { lambda: QM31 { c0: CM31 { a: M31(949592439), b: M31(567516194) }, c1: CM31 { a: M31(2111181989), b: M31(483758703) } }, chi: QM31 { c0: CM31 { a: M31(1181431119), b: M31(1192607448) }, c1: CM31 { a: M31(2015425291), b: M31(380265309) } }, theta: QM31 { c0: CM31 { a: M31(2047044908), b: M31(123608507) }, c1: CM31 { a: M31(1863143777), b: M31(1139685793) } }, zc: [QM31 { c0: CM31 { a: M31(622909799), b: M31(748644174) }, c1: CM31 { a: M31(142026134), b: M31(1481480370) } }, QM31 { c0: CM31 { a: M31(1278190416), b: M31(1377208818) }, c1: CM31 { a: M31(2078384176), b: M31(2097740848) } }, QM31 { c0: CM31 { a: M31(585820554), b: M31(1175533758) }, c1: CM31 { a: M31(1987861989), b: M31(1492387362) } }, QM31 { c0: CM31 { a: M31(1337135452), b: M31(1025588792) }, c1: CM31 { a: M31(702645101), b: M31(1222739705) } }, QM31 { c0: CM31 { a: M31(681840186), b: M31(1451896181) }, c1: CM31 { a: M31(784000749), b: M31(1260798176) } }, QM31 { c0: CM31 { a: M31(1660363092), b: M31(675303885) }, c1: CM31 { a: M31(1029590270), b: M31(919070588) } }, QM31 { c0: CM31 { a: M31(1243209267), b: M31(944215203) }, c1: CM31 { a: M31(81418562), b: M31(453027740) } }, QM31 { c0: CM31 { a: M31(754270613), b: M31(770211321) }, c1: CM31 { a: M31(2120471045), b: M31(1417785429) } }, QM31 { c0: CM31 { a: M31(1793632299), b: M31(456064994) }, c1: CM31 { a: M31(1442427231), b: M31(1160898682) } }, QM31 { c0: CM31 { a: M31(2107257816), b: M31(1531353281) }, c1: CM31 { a: M31(1880595589), b: M31(1889504485) } }], mu: QM31 { c0: CM31 { a: M31(1515969462), b: M31(666887040) }, c1: CM31 { a: M31(1102970665), b: M31(818962119) } }, eta: QM31 { c0: CM31 { a: M31(1478142657), b: M31(1176915286) }, c1: CM31 { a: M31(1809253896), b: M31(556501115) } } } circle=[Point { x: QM31 { c0: CM31 { a: M31(1123019777), b: M31(708904766) }, c1: CM31 { a: M31(970761847), b: M31(1433321491) } }, y: QM31 { c0: CM31 { a: M31(1123683775), b: M31(91772776) }, c1: CM31 { a: M31(1951317824), b: M31(1452440708) } } }, Point { x: QM31 { c0: CM31 { a: M31(1292052728), b: M31(825620988) }, c1: CM31 { a: M31(34110140), b: M31(1542402512) } }, y: QM31 { c0: CM31 { a: M31(20957104), b: M31(1437493406) }, c1: CM31 { a: M31(1190321967), b: M31(630320799) } } }] queries=[9630, 10231, 12417, 27231, 29246, 77648, 85104, 88661, 98513, 102149, 132263, 171760, 183484, 188580, 191498, 202191, 212942, 234909, 238302, 251903, 253767, 257154]
C1_C trial=16 pattern=random ranks=[112, 112, 112, 112, 112, 112, 112, 112, 112, 112, 112, 112, 112, 112, 112, 112] want_each=112
C1_C trial=16 pattern=consecutive ranks=[112, 112, 112, 112, 112, 112, 112, 112, 112, 112, 112, 112, 112, 112, 112, 112] want_each=112
TARGET_PROGRESS pair=0 round=0
TARGET_PROGRESS pair=0 round=9
Z4B_REPLAY trial=16 pair=0 pinned=[1323835811, 1462375099, 1150206511, 1665289399] derivative=[508481941, 1291322126, 1401794470, 1912744133] ii=[1095024041, 1393900588, 1921771180, 666809293]
TARGET_PROGRESS pair=1 round=0
TARGET_PROGRESS pair=1 round=9
Z4B_REPLAY trial=16 pair=1 pinned=[1562302903, 1437697765, 1968578519, 1016697552] derivative=[2103446582, 189638687, 372792744, 1369979122] ii=[1972422805, 2020522750, 888591437, 2030002846]
TARGET_PROGRESS pair=2 round=0
TARGET_PROGRESS pair=2 round=9
Z4B_REPLAY trial=16 pair=2 pinned=[1412929425, 886744140, 2032855256, 715377960] derivative=[1809207412, 814618003, 821118023, 1457273963] ii=[1704515834, 282075190, 1337945547, 154263722]
TARGET_PROGRESS pair=3 round=0
TARGET_PROGRESS pair=3 round=9
Z4B_REPLAY trial=16 pair=3 pinned=[1965480195, 499297508, 1568413091, 327690178] derivative=[124699767, 1415021623, 1802654233, 1455422320] ii=[536522585, 531071889, 1906630669, 1033757240]
TARGET_PROGRESS pair=4 round=0
TARGET_PROGRESS pair=4 round=9
Z4B_REPLAY trial=16 pair=4 pinned=[1472059482, 781390933, 1866479637, 2049501797] derivative=[457576730, 1665081375, 86690224, 670127217] ii=[19964944, 1616378081, 485543468, 1647760508]
RESULT trial=16 libra_i_prime image_rank=1076 targets=5 failures=0 excess_rank=0 quotient_support=[] excess_pivots=[]
RESULT trial=16 libra_derivative_diagnostic image_rank=1076 targets=5 failures=0 excess_rank=0 quotient_support=[] excess_pivots=[]
RESULT trial=16 libra_ii_prime image_rank=1080 targets=5 failures=0 excess_rank=0 quotient_support=[] excess_pivots=[]
GATE_C trial=16 design=libra silent_rank=1076 initial_retained_rank=1080 full_conditioned_rank=1080 i_pass=5 ii_pass=5 attempted=5 batch_word_matched=true gamma=7 fourth_claims_all_lanes=true
RESULT trial=16 columns26_i_prime image_rank=1076 targets=5 failures=0 excess_rank=0 quotient_support=[] excess_pivots=[]
RESULT trial=16 columns26_derivative_diagnostic image_rank=1076 targets=5 failures=0 excess_rank=0 quotient_support=[] excess_pivots=[]
RESULT trial=16 columns26_ii_prime image_rank=1080 targets=5 failures=0 excess_rank=0 quotient_support=[] excess_pivots=[]
GATE_C trial=16 design=columns26 silent_rank=1076 initial_retained_rank=1080 full_conditioned_rank=1080 i_pass=5 ii_pass=5 attempted=5 batch_word_matched=true gamma=7 fourth_claims_all_lanes=true
TRIAL_DONE trial=16 wall_seconds=88.892
TRIAL_SEED trial=17 seed=0x732f7fc49bb4ef4a
CHALLENGE trial=17 alpha=[QM31 { c0: CM31 { a: M31(1167842108), b: M31(568533687) }, c1: CM31 { a: M31(2020670647), b: M31(682092420) } }, QM31 { c0: CM31 { a: M31(1803480724), b: M31(580592685) }, c1: CM31 { a: M31(1031395680), b: M31(724446583) } }, QM31 { c0: CM31 { a: M31(1657957202), b: M31(1674731093) }, c1: CM31 { a: M31(649407198), b: M31(677883551) } }, QM31 { c0: CM31 { a: M31(554836524), b: M31(730749890) }, c1: CM31 { a: M31(190703067), b: M31(2124974270) } }, QM31 { c0: CM31 { a: M31(1913170057), b: M31(691993793) }, c1: CM31 { a: M31(1245843256), b: M31(1265469596) } }, QM31 { c0: CM31 { a: M31(1188098533), b: M31(1310988296) }, c1: CM31 { a: M31(87599572), b: M31(446923697) } }, QM31 { c0: CM31 { a: M31(2131751374), b: M31(95696810) }, c1: CM31 { a: M31(1864836563), b: M31(1216074141) } }, QM31 { c0: CM31 { a: M31(1573197654), b: M31(564136800) }, c1: CM31 { a: M31(285068043), b: M31(1981573402) } }, QM31 { c0: CM31 { a: M31(1779228434), b: M31(595165750) }, c1: CM31 { a: M31(1314939788), b: M31(2094341038) } }, QM31 { c0: CM31 { a: M31(118975006), b: M31(2129622645) }, c1: CM31 { a: M31(687844727), b: M31(724656718) } }] semantic=Challenges { lambda: QM31 { c0: CM31 { a: M31(975207549), b: M31(722565976) }, c1: CM31 { a: M31(442428755), b: M31(481957016) } }, chi: QM31 { c0: CM31 { a: M31(1545460774), b: M31(1820650297) }, c1: CM31 { a: M31(1981683958), b: M31(1834473310) } }, theta: QM31 { c0: CM31 { a: M31(476536403), b: M31(269693483) }, c1: CM31 { a: M31(1277719658), b: M31(1983118961) } }, zc: [QM31 { c0: CM31 { a: M31(1410465754), b: M31(1769599725) }, c1: CM31 { a: M31(1360444403), b: M31(421493440) } }, QM31 { c0: CM31 { a: M31(1329388603), b: M31(1034500706) }, c1: CM31 { a: M31(1004606420), b: M31(671962675) } }, QM31 { c0: CM31 { a: M31(2141833478), b: M31(1803670848) }, c1: CM31 { a: M31(1479279200), b: M31(919129091) } }, QM31 { c0: CM31 { a: M31(308590195), b: M31(825518685) }, c1: CM31 { a: M31(1657949031), b: M31(396567513) } }, QM31 { c0: CM31 { a: M31(1150125644), b: M31(131727292) }, c1: CM31 { a: M31(836647025), b: M31(613192892) } }, QM31 { c0: CM31 { a: M31(1373707566), b: M31(105831374) }, c1: CM31 { a: M31(1618772165), b: M31(476752768) } }, QM31 { c0: CM31 { a: M31(60112169), b: M31(2142685501) }, c1: CM31 { a: M31(93454310), b: M31(1374425528) } }, QM31 { c0: CM31 { a: M31(821677880), b: M31(1433360248) }, c1: CM31 { a: M31(142825938), b: M31(138382880) } }, QM31 { c0: CM31 { a: M31(67809715), b: M31(1299311899) }, c1: CM31 { a: M31(28666616), b: M31(1802855524) } }, QM31 { c0: CM31 { a: M31(671273777), b: M31(2099719) }, c1: CM31 { a: M31(385907634), b: M31(1591555374) } }], mu: QM31 { c0: CM31 { a: M31(1439429629), b: M31(1433551472) }, c1: CM31 { a: M31(2096740119), b: M31(1231786513) } }, eta: QM31 { c0: CM31 { a: M31(369191016), b: M31(585559545) }, c1: CM31 { a: M31(1110304660), b: M31(1090431292) } } } circle=[Point { x: QM31 { c0: CM31 { a: M31(135610411), b: M31(357940436) }, c1: CM31 { a: M31(1935722721), b: M31(170736126) } }, y: QM31 { c0: CM31 { a: M31(929171212), b: M31(507386591) }, c1: CM31 { a: M31(1286949760), b: M31(244919694) } } }, Point { x: QM31 { c0: CM31 { a: M31(306325190), b: M31(1799141155) }, c1: CM31 { a: M31(1333751172), b: M31(1049369608) } }, y: QM31 { c0: CM31 { a: M31(1064281615), b: M31(1539089474) }, c1: CM31 { a: M31(1170083686), b: M31(869292916) } } }] queries=[25280, 37683, 40065, 60396, 64851, 68440, 76214, 85606, 106868, 132088, 135709, 155044, 170441, 178806, 183920, 188057, 192441, 200940, 208710, 215287, 232410, 242867]
C1_C trial=17 pattern=random ranks=[112, 112, 112, 112, 112, 112, 112, 112, 112, 112, 112, 112, 112, 112, 112, 112] want_each=112
C1_C trial=17 pattern=consecutive ranks=[112, 112, 112, 112, 112, 112, 112, 112, 112, 112, 112, 112, 112, 112, 112, 112] want_each=112
TARGET_PROGRESS pair=0 round=0
TARGET_PROGRESS pair=0 round=9
Z4B_REPLAY trial=17 pair=0 pinned=[2102776817, 1668355283, 1484406474, 2128041966] derivative=[619714157, 1912797911, 1182404311, 1191463783] ii=[74991316, 416618700, 78768635, 932806311]
TARGET_PROGRESS pair=1 round=0
TARGET_PROGRESS pair=1 round=9
Z4B_REPLAY trial=17 pair=1 pinned=[1049796350, 1286082408, 453315815, 598832472] derivative=[41147666, 606582608, 1101585626, 938314701] ii=[1425569868, 801885033, 1971619838, 1076367182]
TARGET_PROGRESS pair=2 round=0
TARGET_PROGRESS pair=2 round=9
Z4B_REPLAY trial=17 pair=2 pinned=[92342985, 1583865220, 79946593, 13300063] derivative=[1657052841, 1605168358, 128182635, 1516783311] ii=[1473357034, 1655723541, 342110641, 1160794634]
TARGET_PROGRESS pair=3 round=0
TARGET_PROGRESS pair=3 round=9
Z4B_REPLAY trial=17 pair=3 pinned=[1200151205, 1103423289, 2046521857, 1307569083] derivative=[2103798865, 1649702072, 2112595733, 803293914] ii=[1047895641, 252597722, 1032035311, 1346814797]
TARGET_PROGRESS pair=4 round=0
TARGET_PROGRESS pair=4 round=9
Z4B_REPLAY trial=17 pair=4 pinned=[1078961529, 1118761963, 1372611401, 619113168] derivative=[20874533, 867528614, 1148089344, 370953347] ii=[401177988, 1453825414, 1296818755, 99532739]
RESULT trial=17 libra_i_prime image_rank=1076 targets=5 failures=0 excess_rank=0 quotient_support=[] excess_pivots=[]
RESULT trial=17 libra_derivative_diagnostic image_rank=1076 targets=5 failures=0 excess_rank=0 quotient_support=[] excess_pivots=[]
RESULT trial=17 libra_ii_prime image_rank=1080 targets=5 failures=0 excess_rank=0 quotient_support=[] excess_pivots=[]
GATE_C trial=17 design=libra silent_rank=1076 initial_retained_rank=1080 full_conditioned_rank=1080 i_pass=5 ii_pass=5 attempted=5 batch_word_matched=true gamma=7 fourth_claims_all_lanes=true
RESULT trial=17 columns26_i_prime image_rank=1076 targets=5 failures=0 excess_rank=0 quotient_support=[] excess_pivots=[]
RESULT trial=17 columns26_derivative_diagnostic image_rank=1076 targets=5 failures=0 excess_rank=0 quotient_support=[] excess_pivots=[]
RESULT trial=17 columns26_ii_prime image_rank=1080 targets=5 failures=0 excess_rank=0 quotient_support=[] excess_pivots=[]
GATE_C trial=17 design=columns26 silent_rank=1076 initial_retained_rank=1080 full_conditioned_rank=1080 i_pass=5 ii_pass=5 attempted=5 batch_word_matched=true gamma=7 fourth_claims_all_lanes=true
TRIAL_DONE trial=17 wall_seconds=89.806
TRIAL_SEED trial=18 seed=0x1166f97e1aff6b5f
CHALLENGE trial=18 alpha=[QM31 { c0: CM31 { a: M31(2105286392), b: M31(470830282) }, c1: CM31 { a: M31(1676694630), b: M31(1864206522) } }, QM31 { c0: CM31 { a: M31(1916973733), b: M31(1612466707) }, c1: CM31 { a: M31(1144618657), b: M31(2060175896) } }, QM31 { c0: CM31 { a: M31(355048726), b: M31(1931361786) }, c1: CM31 { a: M31(385179278), b: M31(222457269) } }, QM31 { c0: CM31 { a: M31(115027726), b: M31(1423055513) }, c1: CM31 { a: M31(1829619719), b: M31(1357890624) } }, QM31 { c0: CM31 { a: M31(857578793), b: M31(795518418) }, c1: CM31 { a: M31(466351124), b: M31(537098095) } }, QM31 { c0: CM31 { a: M31(740392621), b: M31(809553198) }, c1: CM31 { a: M31(782259086), b: M31(1193807358) } }, QM31 { c0: CM31 { a: M31(889941080), b: M31(1056896817) }, c1: CM31 { a: M31(1110551600), b: M31(1269253719) } }, QM31 { c0: CM31 { a: M31(1011405661), b: M31(417164141) }, c1: CM31 { a: M31(1157957438), b: M31(1424974788) } }, QM31 { c0: CM31 { a: M31(1324208101), b: M31(1159093497) }, c1: CM31 { a: M31(409340399), b: M31(227028368) } }, QM31 { c0: CM31 { a: M31(1337778061), b: M31(193790521) }, c1: CM31 { a: M31(1501404707), b: M31(683265979) } }] semantic=Challenges { lambda: QM31 { c0: CM31 { a: M31(1656528935), b: M31(406198421) }, c1: CM31 { a: M31(803106267), b: M31(397475518) } }, chi: QM31 { c0: CM31 { a: M31(1779183555), b: M31(1772184051) }, c1: CM31 { a: M31(1899571052), b: M31(1250572533) } }, theta: QM31 { c0: CM31 { a: M31(1207620234), b: M31(843911433) }, c1: CM31 { a: M31(1251802839), b: M31(1404272568) } }, zc: [QM31 { c0: CM31 { a: M31(955109515), b: M31(1008008976) }, c1: CM31 { a: M31(431193047), b: M31(1911646180) } }, QM31 { c0: CM31 { a: M31(1964318722), b: M31(33615827) }, c1: CM31 { a: M31(919885360), b: M31(920078316) } }, QM31 { c0: CM31 { a: M31(366709559), b: M31(299793346) }, c1: CM31 { a: M31(872642519), b: M31(635545244) } }, QM31 { c0: CM31 { a: M31(1955499763), b: M31(1877850808) }, c1: CM31 { a: M31(2088871039), b: M31(1366853069) } }, QM31 { c0: CM31 { a: M31(547544725), b: M31(579939706) }, c1: CM31 { a: M31(1850236957), b: M31(834530462) } }, QM31 { c0: CM31 { a: M31(1488065633), b: M31(2043474167) }, c1: CM31 { a: M31(1264918452), b: M31(1546598053) } }, QM31 { c0: CM31 { a: M31(1878387002), b: M31(1639157236) }, c1: CM31 { a: M31(130636770), b: M31(1824879953) } }, QM31 { c0: CM31 { a: M31(1852397395), b: M31(831044539) }, c1: CM31 { a: M31(828380941), b: M31(1455387571) } }, QM31 { c0: CM31 { a: M31(381707631), b: M31(228002873) }, c1: CM31 { a: M31(1761386683), b: M31(1607342380) } }, QM31 { c0: CM31 { a: M31(1081392530), b: M31(201986515) }, c1: CM31 { a: M31(525861793), b: M31(1822802688) } }], mu: QM31 { c0: CM31 { a: M31(251007044), b: M31(2131059325) }, c1: CM31 { a: M31(1212091161), b: M31(1298497756) } }, eta: QM31 { c0: CM31 { a: M31(925840402), b: M31(286938106) }, c1: CM31 { a: M31(27806966), b: M31(1053526604) } } } circle=[Point { x: QM31 { c0: CM31 { a: M31(1910228011), b: M31(312422450) }, c1: CM31 { a: M31(313188940), b: M31(1410498189) } }, y: QM31 { c0: CM31 { a: M31(1112011677), b: M31(1444184579) }, c1: CM31 { a: M31(404284224), b: M31(466160846) } } }, Point { x: QM31 { c0: CM31 { a: M31(403143463), b: M31(1497014636) }, c1: CM31 { a: M31(199733272), b: M31(98873663) } }, y: QM31 { c0: CM31 { a: M31(386587250), b: M31(1502639164) }, c1: CM31 { a: M31(1982816144), b: M31(286082849) } } }] queries=[32981, 41697, 66563, 78902, 85024, 85412, 89566, 89921, 91458, 105245, 109901, 140925, 142874, 142888, 149226, 162384, 179914, 203498, 214795, 226194, 237694, 242309]
C1_C trial=18 pattern=random ranks=[112, 112, 112, 112, 112, 112, 112, 112, 112, 112, 112, 112, 112, 112, 112, 112] want_each=112
C1_C trial=18 pattern=consecutive ranks=[112, 112, 112, 112, 112, 112, 112, 112, 112, 112, 112, 112, 112, 112, 112, 112] want_each=112
TARGET_PROGRESS pair=0 round=0
TARGET_PROGRESS pair=0 round=9
Z4B_REPLAY trial=18 pair=0 pinned=[1256926140, 629572284, 1704687823, 647918960] derivative=[2054639071, 979466560, 180952023, 214546503] ii=[606188697, 206845835, 589467731, 1669485063]
TARGET_PROGRESS pair=1 round=0
TARGET_PROGRESS pair=1 round=9
Z4B_REPLAY trial=18 pair=1 pinned=[481398167, 1788399965, 1351861158, 1197484622] derivative=[1490282551, 2140508114, 1982151032, 134017934] ii=[1807144392, 2051390975, 928849164, 1701495519]
TARGET_PROGRESS pair=2 round=0
TARGET_PROGRESS pair=2 round=9
Z4B_REPLAY trial=18 pair=2 pinned=[1724403590, 1250400507, 1783013138, 103623858] derivative=[1158245615, 728916342, 1868628425, 1957811394] ii=[995989792, 1424868520, 1571702930, 459530965]
TARGET_PROGRESS pair=3 round=0
TARGET_PROGRESS pair=3 round=9
Z4B_REPLAY trial=18 pair=3 pinned=[507449267, 1642565925, 2067345505, 1098983142] derivative=[412291965, 1960908936, 2127605901, 606004528] ii=[1795411384, 31914802, 1887440000, 989264402]
TARGET_PROGRESS pair=4 round=0
TARGET_PROGRESS pair=4 round=9
Z4B_REPLAY trial=18 pair=4 pinned=[811299519, 132585778, 54143884, 1238954045] derivative=[1602766348, 783489248, 972723753, 1618793078] ii=[2119101600, 1334815802, 1695871776, 1170194213]
RESULT trial=18 libra_i_prime image_rank=1076 targets=5 failures=0 excess_rank=0 quotient_support=[] excess_pivots=[]
RESULT trial=18 libra_derivative_diagnostic image_rank=1076 targets=5 failures=0 excess_rank=0 quotient_support=[] excess_pivots=[]
RESULT trial=18 libra_ii_prime image_rank=1080 targets=5 failures=0 excess_rank=0 quotient_support=[] excess_pivots=[]
GATE_C trial=18 design=libra silent_rank=1076 initial_retained_rank=1080 full_conditioned_rank=1080 i_pass=5 ii_pass=5 attempted=5 batch_word_matched=true gamma=7 fourth_claims_all_lanes=true
RESULT trial=18 columns26_i_prime image_rank=1076 targets=5 failures=0 excess_rank=0 quotient_support=[] excess_pivots=[]
RESULT trial=18 columns26_derivative_diagnostic image_rank=1076 targets=5 failures=0 excess_rank=0 quotient_support=[] excess_pivots=[]
RESULT trial=18 columns26_ii_prime image_rank=1080 targets=5 failures=0 excess_rank=0 quotient_support=[] excess_pivots=[]
GATE_C trial=18 design=columns26 silent_rank=1076 initial_retained_rank=1080 full_conditioned_rank=1080 i_pass=5 ii_pass=5 attempted=5 batch_word_matched=true gamma=7 fourth_claims_all_lanes=true
TRIAL_DONE trial=18 wall_seconds=88.035
TRIAL_SEED trial=19 seed=0xaf9e73379a49e774
CHALLENGE trial=19 alpha=[QM31 { c0: CM31 { a: M31(1633031144), b: M31(995339973) }, c1: CM31 { a: M31(724810033), b: M31(1130207111) } }, QM31 { c0: CM31 { a: M31(2096525654), b: M31(580203149) }, c1: CM31 { a: M31(2048643522), b: M31(114757171) } }, QM31 { c0: CM31 { a: M31(1115473166), b: M31(998589427) }, c1: CM31 { a: M31(1303692155), b: M31(574120367) } }, QM31 { c0: CM31 { a: M31(1937311235), b: M31(956717160) }, c1: CM31 { a: M31(1994077961), b: M31(571209184) } }, QM31 { c0: CM31 { a: M31(1343031394), b: M31(1046759736) }, c1: CM31 { a: M31(552742528), b: M31(1598161495) } }, QM31 { c0: CM31 { a: M31(369502198), b: M31(368920120) }, c1: CM31 { a: M31(2128280154), b: M31(978649271) } }, QM31 { c0: CM31 { a: M31(988052324), b: M31(1138787705) }, c1: CM31 { a: M31(2136508218), b: M31(891570004) } }, QM31 { c0: CM31 { a: M31(333756052), b: M31(1936691329) }, c1: CM31 { a: M31(947986331), b: M31(1818036265) } }, QM31 { c0: CM31 { a: M31(1089120687), b: M31(1037637432) }, c1: CM31 { a: M31(2077010369), b: M31(455563610) } }, QM31 { c0: CM31 { a: M31(1862157818), b: M31(570108347) }, c1: CM31 { a: M31(1709501809), b: M31(1383927278) } }] semantic=Challenges { lambda: QM31 { c0: CM31 { a: M31(1956230446), b: M31(669363232) }, c1: CM31 { a: M31(228153894), b: M31(1095692636) } }, chi: QM31 { c0: CM31 { a: M31(2128199789), b: M31(420509326) }, c1: CM31 { a: M31(1709897135), b: M31(2071678831) } }, theta: QM31 { c0: CM31 { a: M31(1933451782), b: M31(696911989) }, c1: CM31 { a: M31(1803138730), b: M31(1446584889) } }, zc: [QM31 { c0: CM31 { a: M31(935232421), b: M31(1473265395) }, c1: CM31 { a: M31(1382547497), b: M31(1420010553) } }, QM31 { c0: CM31 { a: M31(717820747), b: M31(1384623360) }, c1: CM31 { a: M31(273517041), b: M31(37422667) } }, QM31 { c0: CM31 { a: M31(1989478424), b: M31(1318566180) }, c1: CM31 { a: M31(1534467253), b: M31(705757606) } }, QM31 { c0: CM31 { a: M31(449346582), b: M31(433968329) }, c1: CM31 { a: M31(1944629825), b: M31(507097840) } }, QM31 { c0: CM31 { a: M31(1991236930), b: M31(1892887146) }, c1: CM31 { a: M31(1065214218), b: M31(1744752766) } }, QM31 { c0: CM31 { a: M31(202408700), b: M31(758328839) }, c1: CM31 { a: M31(551921821), b: M31(2106356670) } }, QM31 { c0: CM31 { a: M31(2118699694), b: M31(1083568603) }, c1: CM31 { a: M31(760781288), b: M31(1383311824) } }, QM31 { c0: CM31 { a: M31(1160576001), b: M31(543715543) }, c1: CM31 { a: M31(1090499476), b: M31(1690539426) } }, QM31 { c0: CM31 { a: M31(223212251), b: M31(427159610) }, c1: CM31 { a: M31(789320842), b: M31(1383394715) } }, QM31 { c0: CM31 { a: M31(312081575), b: M31(417974236) }, c1: CM31 { a: M31(51550265), b: M31(609456403) } }], mu: QM31 { c0: CM31 { a: M31(1335709903), b: M31(953500719) }, c1: CM31 { a: M31(1971196443), b: M31(1809092633) } }, eta: QM31 { c0: CM31 { a: M31(730773944), b: M31(648189481) }, c1: CM31 { a: M31(891772509), b: M31(2140219199) } } } circle=[Point { x: QM31 { c0: CM31 { a: M31(1042935514), b: M31(1437216528) }, c1: CM31 { a: M31(796474718), b: M31(743744137) } }, y: QM31 { c0: CM31 { a: M31(1964637759), b: M31(772503632) }, c1: CM31 { a: M31(2000424436), b: M31(336283373) } } }, Point { x: QM31 { c0: CM31 { a: M31(881853247), b: M31(1259511821) }, c1: CM31 { a: M31(551033717), b: M31(2027402965) } }, y: QM31 { c0: CM31 { a: M31(899059994), b: M31(213387204) }, c1: CM31 { a: M31(1894675314), b: M31(809340268) } } }] queries=[7123, 18993, 21001, 21774, 71628, 89281, 107719, 121025, 126049, 127091, 128068, 150545, 153919, 163761, 190987, 195061, 210771, 211509, 230047, 239026, 248761, 254702]
C1_C trial=19 pattern=random ranks=[112, 112, 112, 112, 112, 112, 112, 112, 112, 112, 112, 112, 112, 112, 112, 112] want_each=112
C1_C trial=19 pattern=consecutive ranks=[112, 112, 112, 112, 112, 112, 112, 112, 112, 112, 112, 112, 112, 112, 112, 112] want_each=112
TARGET_PROGRESS pair=0 round=0
TARGET_PROGRESS pair=0 round=9
Z4B_REPLAY trial=19 pair=0 pinned=[496660237, 1884733610, 1695256387, 1813299980] derivative=[750401179, 1636761586, 1565646138, 69432793] ii=[1337251384, 795479132, 2128013474, 1130327711]
TARGET_PROGRESS pair=1 round=0
TARGET_PROGRESS pair=1 round=9
Z4B_REPLAY trial=19 pair=1 pinned=[1392853730, 477992503, 210032416, 618452199] derivative=[960111686, 259634440, 858653484, 1234815890] ii=[987946750, 2090461894, 905411703, 1571515446]
TARGET_PROGRESS pair=2 round=0
TARGET_PROGRESS pair=2 round=9
Z4B_REPLAY trial=19 pair=2 pinned=[1456671189, 1519719568, 1201381533, 442772938] derivative=[998866997, 1547296868, 600217119, 858732894] ii=[1100973919, 1236081623, 87682278, 854075816]
TARGET_PROGRESS pair=3 round=0
TARGET_PROGRESS pair=3 round=9
Z4B_REPLAY trial=19 pair=3 pinned=[1920054362, 421304982, 514103685, 543799964] derivative=[1401225575, 1651550378, 669943400, 1897649682] ii=[979870087, 236649664, 398014766, 2145803041]
TARGET_PROGRESS pair=4 round=0
TARGET_PROGRESS pair=4 round=9
Z4B_REPLAY trial=19 pair=4 pinned=[742484538, 940651672, 977978238, 894083272] derivative=[2083497195, 508168759, 1353972382, 794654724] ii=[1615517158, 1401078032, 502014787, 1473941819]
RESULT trial=19 libra_i_prime image_rank=1076 targets=5 failures=0 excess_rank=0 quotient_support=[] excess_pivots=[]
RESULT trial=19 libra_derivative_diagnostic image_rank=1076 targets=5 failures=0 excess_rank=0 quotient_support=[] excess_pivots=[]
RESULT trial=19 libra_ii_prime image_rank=1080 targets=5 failures=0 excess_rank=0 quotient_support=[] excess_pivots=[]
GATE_C trial=19 design=libra silent_rank=1076 initial_retained_rank=1080 full_conditioned_rank=1080 i_pass=5 ii_pass=5 attempted=5 batch_word_matched=true gamma=7 fourth_claims_all_lanes=true
RESULT trial=19 columns26_i_prime image_rank=1076 targets=5 failures=0 excess_rank=0 quotient_support=[] excess_pivots=[]
RESULT trial=19 columns26_derivative_diagnostic image_rank=1076 targets=5 failures=0 excess_rank=0 quotient_support=[] excess_pivots=[]
RESULT trial=19 columns26_ii_prime image_rank=1080 targets=5 failures=0 excess_rank=0 quotient_support=[] excess_pivots=[]
GATE_C trial=19 design=columns26 silent_rank=1076 initial_retained_rank=1080 full_conditioned_rank=1080 i_pass=5 ii_pass=5 attempted=5 batch_word_matched=true gamma=7 fourth_claims_all_lanes=true
TRIAL_DONE trial=19 wall_seconds=88.044
CONTROL_START name=theta=0
TARGET_PROGRESS pair=0 round=0
TARGET_PROGRESS pair=0 round=9
RESULT control=theta=0 libra_i_prime image_rank=1076 targets=1 failures=0 excess_rank=0 quotient_support=[] excess_pivots=[]
RESULT control=theta=0 libra_derivative_diagnostic image_rank=1076 targets=1 failures=0 excess_rank=0 quotient_support=[] excess_pivots=[]
RESULT control=theta=0 libra_ii_prime image_rank=1080 targets=1 failures=0 excess_rank=0 quotient_support=[] excess_pivots=[]
GATE_C control=theta=0 design=libra silent_rank=1076 initial_retained_rank=1080 full_conditioned_rank=1080 i_pass=1 ii_pass=1 attempted=1 batch_word_matched=true gamma=7 fourth_claims_all_lanes=true
CONTROL_DONE name=theta=0 all_pass=true
CONTROL_START name=mu=0
TARGET_PROGRESS pair=0 round=0
TARGET_PROGRESS pair=0 round=9
RESULT control=mu=0 libra_i_prime image_rank=1076 targets=1 failures=0 excess_rank=0 quotient_support=[] excess_pivots=[]
RESULT control=mu=0 libra_derivative_diagnostic image_rank=1076 targets=1 failures=0 excess_rank=0 quotient_support=[] excess_pivots=[]
RESULT control=mu=0 libra_ii_prime image_rank=1080 targets=1 failures=0 excess_rank=0 quotient_support=[] excess_pivots=[]
GATE_C control=mu=0 design=libra silent_rank=1076 initial_retained_rank=1080 full_conditioned_rank=1080 i_pass=1 ii_pass=1 attempted=1 batch_word_matched=true gamma=7 fourth_claims_all_lanes=true
CONTROL_DONE name=mu=0 all_pass=true
CONTROL_START name=eta=0
TARGET_PROGRESS pair=0 round=0
TARGET_PROGRESS pair=0 round=9
RESULT control=eta=0 libra_i_prime image_rank=1076 targets=1 failures=0 excess_rank=0 quotient_support=[] excess_pivots=[]
RESULT control=eta=0 libra_derivative_diagnostic image_rank=1076 targets=1 failures=0 excess_rank=0 quotient_support=[] excess_pivots=[]
RESULT control=eta=0 libra_ii_prime image_rank=1080 targets=1 failures=0 excess_rank=0 quotient_support=[] excess_pivots=[]
GATE_C control=eta=0 design=libra silent_rank=1076 initial_retained_rank=1080 full_conditioned_rank=1080 i_pass=1 ii_pass=1 attempted=1 batch_word_matched=true gamma=7 fourth_claims_all_lanes=true
CONTROL_DONE name=eta=0 all_pass=true
CONTROL_START name=theta=mu=0
TARGET_PROGRESS pair=0 round=0
TARGET_PROGRESS pair=0 round=9
RESULT control=theta=mu=0 libra_i_prime image_rank=1076 targets=1 failures=0 excess_rank=0 quotient_support=[] excess_pivots=[]
RESULT control=theta=mu=0 libra_derivative_diagnostic image_rank=1076 targets=1 failures=0 excess_rank=0 quotient_support=[] excess_pivots=[]
RESULT control=theta=mu=0 libra_ii_prime image_rank=1080 targets=1 failures=0 excess_rank=0 quotient_support=[] excess_pivots=[]
GATE_C control=theta=mu=0 design=libra silent_rank=1076 initial_retained_rank=1080 full_conditioned_rank=1080 i_pass=1 ii_pass=1 attempted=1 batch_word_matched=true gamma=7 fourth_claims_all_lanes=true
CONTROL_DONE name=theta=mu=0 all_pass=true
CONTROL_START name=alpha_0=0
TARGET_PROGRESS pair=0 round=0
TARGET_PROGRESS pair=0 round=9
RESULT control=alpha_0=0 libra_i_prime image_rank=1076 targets=1 failures=0 excess_rank=0 quotient_support=[] excess_pivots=[]
RESULT control=alpha_0=0 libra_derivative_diagnostic image_rank=1076 targets=1 failures=0 excess_rank=0 quotient_support=[] excess_pivots=[]
RESULT control=alpha_0=0 libra_ii_prime image_rank=1080 targets=1 failures=0 excess_rank=0 quotient_support=[] excess_pivots=[]
GATE_C control=alpha_0=0 design=libra silent_rank=1076 initial_retained_rank=1080 full_conditioned_rank=1080 i_pass=1 ii_pass=1 attempted=1 batch_word_matched=true gamma=7 fourth_claims_all_lanes=true
CONTROL_DONE name=alpha_0=0 all_pass=true
CONTROL_START name=alpha_0=1
TARGET_PROGRESS pair=0 round=0
TARGET_PROGRESS pair=0 round=9
RESULT control=alpha_0=1 libra_i_prime image_rank=1076 targets=1 failures=0 excess_rank=0 quotient_support=[] excess_pivots=[]
RESULT control=alpha_0=1 libra_derivative_diagnostic image_rank=1076 targets=1 failures=0 excess_rank=0 quotient_support=[] excess_pivots=[]
RESULT control=alpha_0=1 libra_ii_prime image_rank=1080 targets=1 failures=0 excess_rank=0 quotient_support=[] excess_pivots=[]
GATE_C control=alpha_0=1 design=libra silent_rank=1076 initial_retained_rank=1080 full_conditioned_rank=1080 i_pass=1 ii_pass=1 attempted=1 batch_word_matched=true gamma=7 fourth_claims_all_lanes=true
CONTROL_DONE name=alpha_0=1 all_pass=true
CONTROL_START name=alpha_1=0
TARGET_PROGRESS pair=0 round=0
TARGET_PROGRESS pair=0 round=9
RESULT control=alpha_1=0 libra_i_prime image_rank=1076 targets=1 failures=0 excess_rank=0 quotient_support=[] excess_pivots=[]
RESULT control=alpha_1=0 libra_derivative_diagnostic image_rank=1076 targets=1 failures=0 excess_rank=0 quotient_support=[] excess_pivots=[]
RESULT control=alpha_1=0 libra_ii_prime image_rank=1080 targets=1 failures=0 excess_rank=0 quotient_support=[] excess_pivots=[]
GATE_C control=alpha_1=0 design=libra silent_rank=1076 initial_retained_rank=1080 full_conditioned_rank=1080 i_pass=1 ii_pass=1 attempted=1 batch_word_matched=true gamma=7 fourth_claims_all_lanes=true
CONTROL_DONE name=alpha_1=0 all_pass=true
CONTROL_START name=alpha_1=1
TARGET_PROGRESS pair=0 round=0
TARGET_PROGRESS pair=0 round=9
RESULT control=alpha_1=1 libra_i_prime image_rank=1076 targets=1 failures=0 excess_rank=0 quotient_support=[] excess_pivots=[]
RESULT control=alpha_1=1 libra_derivative_diagnostic image_rank=1076 targets=1 failures=0 excess_rank=0 quotient_support=[] excess_pivots=[]
RESULT control=alpha_1=1 libra_ii_prime image_rank=1080 targets=1 failures=0 excess_rank=0 quotient_support=[] excess_pivots=[]
GATE_C control=alpha_1=1 design=libra silent_rank=1076 initial_retained_rank=1080 full_conditioned_rank=1080 i_pass=1 ii_pass=1 attempted=1 batch_word_matched=true gamma=7 fourth_claims_all_lanes=true
CONTROL_DONE name=alpha_1=1 all_pass=true
CONTROL_START name=alpha_2=0
TARGET_PROGRESS pair=0 round=0
TARGET_PROGRESS pair=0 round=9
RESULT control=alpha_2=0 libra_i_prime image_rank=1076 targets=1 failures=0 excess_rank=0 quotient_support=[] excess_pivots=[]
RESULT control=alpha_2=0 libra_derivative_diagnostic image_rank=1076 targets=1 failures=0 excess_rank=0 quotient_support=[] excess_pivots=[]
RESULT control=alpha_2=0 libra_ii_prime image_rank=1080 targets=1 failures=0 excess_rank=0 quotient_support=[] excess_pivots=[]
GATE_C control=alpha_2=0 design=libra silent_rank=1076 initial_retained_rank=1080 full_conditioned_rank=1080 i_pass=1 ii_pass=1 attempted=1 batch_word_matched=true gamma=7 fourth_claims_all_lanes=true
CONTROL_DONE name=alpha_2=0 all_pass=true
CONTROL_START name=alpha_2=1
TARGET_PROGRESS pair=0 round=0
TARGET_PROGRESS pair=0 round=9
RESULT control=alpha_2=1 libra_i_prime image_rank=1076 targets=1 failures=0 excess_rank=0 quotient_support=[] excess_pivots=[]
RESULT control=alpha_2=1 libra_derivative_diagnostic image_rank=1076 targets=1 failures=0 excess_rank=0 quotient_support=[] excess_pivots=[]
RESULT control=alpha_2=1 libra_ii_prime image_rank=1080 targets=1 failures=0 excess_rank=0 quotient_support=[] excess_pivots=[]
GATE_C control=alpha_2=1 design=libra silent_rank=1076 initial_retained_rank=1080 full_conditioned_rank=1080 i_pass=1 ii_pass=1 attempted=1 batch_word_matched=true gamma=7 fourth_claims_all_lanes=true
CONTROL_DONE name=alpha_2=1 all_pass=true
CONTROL_START name=alpha_3=0
TARGET_PROGRESS pair=0 round=0
TARGET_PROGRESS pair=0 round=9
RESULT control=alpha_3=0 libra_i_prime image_rank=1076 targets=1 failures=0 excess_rank=0 quotient_support=[] excess_pivots=[]
RESULT control=alpha_3=0 libra_derivative_diagnostic image_rank=1076 targets=1 failures=0 excess_rank=0 quotient_support=[] excess_pivots=[]
RESULT control=alpha_3=0 libra_ii_prime image_rank=1080 targets=1 failures=0 excess_rank=0 quotient_support=[] excess_pivots=[]
GATE_C control=alpha_3=0 design=libra silent_rank=1076 initial_retained_rank=1080 full_conditioned_rank=1080 i_pass=1 ii_pass=1 attempted=1 batch_word_matched=true gamma=7 fourth_claims_all_lanes=true
CONTROL_DONE name=alpha_3=0 all_pass=true
CONTROL_START name=alpha_3=1
TARGET_PROGRESS pair=0 round=0
TARGET_PROGRESS pair=0 round=9
RESULT control=alpha_3=1 libra_i_prime image_rank=1076 targets=1 failures=0 excess_rank=0 quotient_support=[] excess_pivots=[]
RESULT control=alpha_3=1 libra_derivative_diagnostic image_rank=1076 targets=1 failures=0 excess_rank=0 quotient_support=[] excess_pivots=[]
RESULT control=alpha_3=1 libra_ii_prime image_rank=1080 targets=1 failures=0 excess_rank=0 quotient_support=[] excess_pivots=[]
GATE_C control=alpha_3=1 design=libra silent_rank=1076 initial_retained_rank=1080 full_conditioned_rank=1080 i_pass=1 ii_pass=1 attempted=1 batch_word_matched=true gamma=7 fourth_claims_all_lanes=true
CONTROL_DONE name=alpha_3=1 all_pass=true
CONTROL_START name=alpha_4=0
TARGET_PROGRESS pair=0 round=0
TARGET_PROGRESS pair=0 round=9
RESULT control=alpha_4=0 libra_i_prime image_rank=1076 targets=1 failures=0 excess_rank=0 quotient_support=[] excess_pivots=[]
RESULT control=alpha_4=0 libra_derivative_diagnostic image_rank=1076 targets=1 failures=0 excess_rank=0 quotient_support=[] excess_pivots=[]
RESULT control=alpha_4=0 libra_ii_prime image_rank=1080 targets=1 failures=0 excess_rank=0 quotient_support=[] excess_pivots=[]
GATE_C control=alpha_4=0 design=libra silent_rank=1076 initial_retained_rank=1080 full_conditioned_rank=1080 i_pass=1 ii_pass=1 attempted=1 batch_word_matched=true gamma=7 fourth_claims_all_lanes=true
CONTROL_DONE name=alpha_4=0 all_pass=true
CONTROL_START name=alpha_4=1
TARGET_PROGRESS pair=0 round=0
TARGET_PROGRESS pair=0 round=9
RESULT control=alpha_4=1 libra_i_prime image_rank=1076 targets=1 failures=0 excess_rank=0 quotient_support=[] excess_pivots=[]
RESULT control=alpha_4=1 libra_derivative_diagnostic image_rank=1076 targets=1 failures=0 excess_rank=0 quotient_support=[] excess_pivots=[]
RESULT control=alpha_4=1 libra_ii_prime image_rank=1080 targets=1 failures=0 excess_rank=0 quotient_support=[] excess_pivots=[]
GATE_C control=alpha_4=1 design=libra silent_rank=1076 initial_retained_rank=1080 full_conditioned_rank=1080 i_pass=1 ii_pass=1 attempted=1 batch_word_matched=true gamma=7 fourth_claims_all_lanes=true
CONTROL_DONE name=alpha_4=1 all_pass=true
CONTROL_START name=alpha_5=0
TARGET_PROGRESS pair=0 round=0
TARGET_PROGRESS pair=0 round=9
RESULT control=alpha_5=0 libra_i_prime image_rank=1076 targets=1 failures=0 excess_rank=0 quotient_support=[] excess_pivots=[]
RESULT control=alpha_5=0 libra_derivative_diagnostic image_rank=1076 targets=1 failures=0 excess_rank=0 quotient_support=[] excess_pivots=[]
RESULT control=alpha_5=0 libra_ii_prime image_rank=1080 targets=1 failures=0 excess_rank=0 quotient_support=[] excess_pivots=[]
GATE_C control=alpha_5=0 design=libra silent_rank=1076 initial_retained_rank=1080 full_conditioned_rank=1080 i_pass=1 ii_pass=1 attempted=1 batch_word_matched=true gamma=7 fourth_claims_all_lanes=true
CONTROL_DONE name=alpha_5=0 all_pass=true
CONTROL_START name=alpha_5=1
TARGET_PROGRESS pair=0 round=0
TARGET_PROGRESS pair=0 round=9
RESULT control=alpha_5=1 libra_i_prime image_rank=1076 targets=1 failures=0 excess_rank=0 quotient_support=[] excess_pivots=[]
RESULT control=alpha_5=1 libra_derivative_diagnostic image_rank=1076 targets=1 failures=0 excess_rank=0 quotient_support=[] excess_pivots=[]
RESULT control=alpha_5=1 libra_ii_prime image_rank=1080 targets=1 failures=0 excess_rank=0 quotient_support=[] excess_pivots=[]
GATE_C control=alpha_5=1 design=libra silent_rank=1076 initial_retained_rank=1080 full_conditioned_rank=1080 i_pass=1 ii_pass=1 attempted=1 batch_word_matched=true gamma=7 fourth_claims_all_lanes=true
CONTROL_DONE name=alpha_5=1 all_pass=true
CONTROL_START name=alpha_6=0
TARGET_PROGRESS pair=0 round=0
TARGET_PROGRESS pair=0 round=9
RESULT control=alpha_6=0 libra_i_prime image_rank=1076 targets=1 failures=0 excess_rank=0 quotient_support=[] excess_pivots=[]
RESULT control=alpha_6=0 libra_derivative_diagnostic image_rank=1076 targets=1 failures=0 excess_rank=0 quotient_support=[] excess_pivots=[]
RESULT control=alpha_6=0 libra_ii_prime image_rank=1080 targets=1 failures=0 excess_rank=0 quotient_support=[] excess_pivots=[]
GATE_C control=alpha_6=0 design=libra silent_rank=1076 initial_retained_rank=1080 full_conditioned_rank=1080 i_pass=1 ii_pass=1 attempted=1 batch_word_matched=true gamma=7 fourth_claims_all_lanes=true
CONTROL_DONE name=alpha_6=0 all_pass=true
CONTROL_START name=alpha_6=1
TARGET_PROGRESS pair=0 round=0
TARGET_PROGRESS pair=0 round=9
RESULT control=alpha_6=1 libra_i_prime image_rank=1076 targets=1 failures=0 excess_rank=0 quotient_support=[] excess_pivots=[]
RESULT control=alpha_6=1 libra_derivative_diagnostic image_rank=1076 targets=1 failures=0 excess_rank=0 quotient_support=[] excess_pivots=[]
RESULT control=alpha_6=1 libra_ii_prime image_rank=1080 targets=1 failures=0 excess_rank=0 quotient_support=[] excess_pivots=[]
GATE_C control=alpha_6=1 design=libra silent_rank=1076 initial_retained_rank=1080 full_conditioned_rank=1080 i_pass=1 ii_pass=1 attempted=1 batch_word_matched=true gamma=7 fourth_claims_all_lanes=true
CONTROL_DONE name=alpha_6=1 all_pass=true
CONTROL_START name=alpha_7=0
TARGET_PROGRESS pair=0 round=0
TARGET_PROGRESS pair=0 round=9
RESULT control=alpha_7=0 libra_i_prime image_rank=1076 targets=1 failures=0 excess_rank=0 quotient_support=[] excess_pivots=[]
RESULT control=alpha_7=0 libra_derivative_diagnostic image_rank=1076 targets=1 failures=0 excess_rank=0 quotient_support=[] excess_pivots=[]
RESULT control=alpha_7=0 libra_ii_prime image_rank=1080 targets=1 failures=0 excess_rank=0 quotient_support=[] excess_pivots=[]
GATE_C control=alpha_7=0 design=libra silent_rank=1076 initial_retained_rank=1080 full_conditioned_rank=1080 i_pass=1 ii_pass=1 attempted=1 batch_word_matched=true gamma=7 fourth_claims_all_lanes=true
CONTROL_DONE name=alpha_7=0 all_pass=true
CONTROL_START name=alpha_7=1
TARGET_PROGRESS pair=0 round=0
TARGET_PROGRESS pair=0 round=9
RESULT control=alpha_7=1 libra_i_prime image_rank=1076 targets=1 failures=0 excess_rank=0 quotient_support=[] excess_pivots=[]
RESULT control=alpha_7=1 libra_derivative_diagnostic image_rank=1076 targets=1 failures=0 excess_rank=0 quotient_support=[] excess_pivots=[]
RESULT control=alpha_7=1 libra_ii_prime image_rank=1080 targets=1 failures=0 excess_rank=0 quotient_support=[] excess_pivots=[]
GATE_C control=alpha_7=1 design=libra silent_rank=1076 initial_retained_rank=1080 full_conditioned_rank=1080 i_pass=1 ii_pass=1 attempted=1 batch_word_matched=true gamma=7 fourth_claims_all_lanes=true
CONTROL_DONE name=alpha_7=1 all_pass=true
CONTROL_START name=alpha_8=0
TARGET_PROGRESS pair=0 round=0
TARGET_PROGRESS pair=0 round=9
RESULT control=alpha_8=0 libra_i_prime image_rank=1076 targets=1 failures=0 excess_rank=0 quotient_support=[] excess_pivots=[]
RESULT control=alpha_8=0 libra_derivative_diagnostic image_rank=1076 targets=1 failures=0 excess_rank=0 quotient_support=[] excess_pivots=[]
RESULT control=alpha_8=0 libra_ii_prime image_rank=1080 targets=1 failures=0 excess_rank=0 quotient_support=[] excess_pivots=[]
GATE_C control=alpha_8=0 design=libra silent_rank=1076 initial_retained_rank=1080 full_conditioned_rank=1080 i_pass=1 ii_pass=1 attempted=1 batch_word_matched=true gamma=7 fourth_claims_all_lanes=true
CONTROL_DONE name=alpha_8=0 all_pass=true
CONTROL_START name=alpha_8=1
TARGET_PROGRESS pair=0 round=0
TARGET_PROGRESS pair=0 round=9
RESULT control=alpha_8=1 libra_i_prime image_rank=1076 targets=1 failures=0 excess_rank=0 quotient_support=[] excess_pivots=[]
RESULT control=alpha_8=1 libra_derivative_diagnostic image_rank=1076 targets=1 failures=0 excess_rank=0 quotient_support=[] excess_pivots=[]
RESULT control=alpha_8=1 libra_ii_prime image_rank=1080 targets=1 failures=0 excess_rank=0 quotient_support=[] excess_pivots=[]
GATE_C control=alpha_8=1 design=libra silent_rank=1076 initial_retained_rank=1080 full_conditioned_rank=1080 i_pass=1 ii_pass=1 attempted=1 batch_word_matched=true gamma=7 fourth_claims_all_lanes=true
CONTROL_DONE name=alpha_8=1 all_pass=true
CONTROL_START name=alpha_9=0
TARGET_PROGRESS pair=0 round=0
TARGET_PROGRESS pair=0 round=9
RESULT control=alpha_9=0 libra_i_prime image_rank=1076 targets=1 failures=0 excess_rank=0 quotient_support=[] excess_pivots=[]
RESULT control=alpha_9=0 libra_derivative_diagnostic image_rank=1076 targets=1 failures=0 excess_rank=0 quotient_support=[] excess_pivots=[]
RESULT control=alpha_9=0 libra_ii_prime image_rank=1080 targets=1 failures=0 excess_rank=0 quotient_support=[] excess_pivots=[]
GATE_C control=alpha_9=0 design=libra silent_rank=1076 initial_retained_rank=1080 full_conditioned_rank=1080 i_pass=1 ii_pass=1 attempted=1 batch_word_matched=true gamma=7 fourth_claims_all_lanes=true
CONTROL_DONE name=alpha_9=0 all_pass=true
CONTROL_START name=alpha_9=1
TARGET_PROGRESS pair=0 round=0
TARGET_PROGRESS pair=0 round=9
RESULT control=alpha_9=1 libra_i_prime image_rank=1076 targets=1 failures=0 excess_rank=0 quotient_support=[] excess_pivots=[]
RESULT control=alpha_9=1 libra_derivative_diagnostic image_rank=1076 targets=1 failures=0 excess_rank=0 quotient_support=[] excess_pivots=[]
RESULT control=alpha_9=1 libra_ii_prime image_rank=1080 targets=1 failures=0 excess_rank=0 quotient_support=[] excess_pivots=[]
GATE_C control=alpha_9=1 design=libra silent_rank=1076 initial_retained_rank=1080 full_conditioned_rank=1080 i_pass=1 ii_pass=1 attempted=1 batch_word_matched=true gamma=7 fourth_claims_all_lanes=true
CONTROL_DONE name=alpha_9=1 all_pass=true
CONTROL_START name=alpha=all_zero
TARGET_PROGRESS pair=0 round=0
TARGET_PROGRESS pair=0 round=9
RESULT control=alpha=all_zero libra_i_prime image_rank=1022 targets=1 failures=1 excess_rank=1 quotient_support=["(7,12,2)", "(7,13,2)", "(7,13,3)", "(7,14,2)", "(7,14,3)", "(7,15,2)", "(7,15,3)", "(7,16,2)", "(7,16,3)", "(7,17,0)", "(7,17,2)", "(7,17,3)", "(7,18,0)", "(7,18,2)", "(7,18,3)", "(7,19,0)", "(7,19,2)", "(7,19,3)", "(7,20,0)", "(7,20,2)", "(7,20,3)", "(7,21,0)", "(7,21,2)", "(7,21,3)", "(7,22,0)", "(7,22,1)", "(7,22,2)", "(7,22,3)", "(7,23,0)", "(7,23,2)", "(7,23,3)", "(7,24,0)", "(7,24,2)", "(7,24,3)", "(7,25,0)", "(7,25,2)", "(7,25,3)", "(7,26,0)", "(7,26,2)", "(7,26,3)", "(7,27,0)", "(7,27,1)", "(7,27,2)", "(7,27,3)", "(8,2,2)", "(8,2,3)", "(8,27,1)", "(8,27,2)", "(8,27,3)"] excess_pivots=["(7,12,2)"]
RESULT control=alpha=all_zero libra_derivative_diagnostic image_rank=1022 targets=1 failures=1 excess_rank=1 quotient_support=["(7,12,2)", "(7,13,2)", "(7,13,3)", "(7,14,2)", "(7,14,3)", "(7,15,2)", "(7,15,3)", "(7,16,2)", "(7,16,3)", "(7,17,0)", "(7,17,2)", "(7,17,3)", "(7,18,0)", "(7,18,2)", "(7,18,3)", "(7,19,0)", "(7,19,2)", "(7,19,3)", "(7,20,0)", "(7,20,2)", "(7,20,3)", "(7,21,0)", "(7,21,2)", "(7,21,3)", "(7,22,0)", "(7,22,1)", "(7,22,2)", "(7,22,3)", "(7,23,0)", "(7,23,2)", "(7,23,3)", "(7,24,0)", "(7,24,2)", "(7,24,3)", "(7,25,0)", "(7,25,2)", "(7,25,3)", "(7,26,0)", "(7,26,2)", "(7,26,3)", "(7,27,0)", "(7,27,1)", "(7,27,2)", "(7,27,3)", "(8,2,2)", "(8,2,3)", "(8,27,1)", "(8,27,2)", "(8,27,3)"] excess_pivots=["(7,12,2)"]
RESULT control=alpha=all_zero libra_ii_prime image_rank=1049 targets=1 failures=0 excess_rank=0 quotient_support=[] excess_pivots=[]
GATE_C control=alpha=all_zero design=libra silent_rank=1022 initial_retained_rank=1026 full_conditioned_rank=1049 i_pass=0 ii_pass=1 attempted=1 batch_word_matched=true gamma=7 fourth_claims_all_lanes=true
CONTROL_DONE name=alpha=all_zero all_pass=false
CONTROL_START name=alpha=all_one
TARGET_PROGRESS pair=0 round=0
TARGET_PROGRESS pair=0 round=9
RESULT control=alpha=all_one libra_i_prime image_rank=1038 targets=1 failures=1 excess_rank=1 quotient_support=["(7,14,2)", "(7,15,2)", "(7,16,2)", "(7,16,3)", "(7,17,2)", "(7,17,3)", "(7,18,2)", "(7,18,3)", "(7,19,2)", "(7,19,3)", "(7,20,0)", "(7,20,2)", "(7,20,3)", "(7,21,0)", "(7,21,2)", "(7,21,3)", "(7,22,0)", "(7,22,2)", "(7,22,3)", "(7,23,0)", "(7,23,2)", "(7,23,3)", "(7,24,0)", "(7,24,1)", "(7,24,2)", "(7,24,3)", "(7,25,0)", "(7,25,1)", "(7,25,2)", "(7,25,3)", "(7,26,0)", "(7,26,1)", "(7,26,2)", "(7,26,3)", "(7,27,0)", "(7,27,1)", "(7,27,2)", "(7,27,3)"] excess_pivots=["(7,14,2)"]
RESULT control=alpha=all_one libra_derivative_diagnostic image_rank=1038 targets=1 failures=1 excess_rank=1 quotient_support=["(7,14,2)", "(7,15,2)", "(7,16,2)", "(7,16,3)", "(7,17,2)", "(7,17,3)", "(7,18,2)", "(7,18,3)", "(7,19,2)", "(7,19,3)", "(7,20,0)", "(7,20,2)", "(7,20,3)", "(7,21,0)", "(7,21,2)", "(7,21,3)", "(7,22,0)", "(7,22,2)", "(7,22,3)", "(7,23,0)", "(7,23,2)", "(7,23,3)", "(7,24,0)", "(7,24,1)", "(7,24,2)", "(7,24,3)", "(7,25,0)", "(7,25,1)", "(7,25,2)", "(7,25,3)", "(7,26,0)", "(7,26,1)", "(7,26,2)", "(7,26,3)", "(7,27,0)", "(7,27,1)", "(7,27,2)", "(7,27,3)"] excess_pivots=["(7,14,2)"]
RESULT control=alpha=all_one libra_ii_prime image_rank=1077 targets=1 failures=1 excess_rank=1 quotient_support=["(7,25,2)", "(7,26,2)", "(7,27,2)"] excess_pivots=["(7,25,2)"]
GATE_C control=alpha=all_one design=libra silent_rank=1038 initial_retained_rank=1042 full_conditioned_rank=1077 i_pass=0 ii_pass=0 attempted=1 batch_word_matched=true gamma=7 fourth_claims_all_lanes=true
CONTROL_DONE name=alpha=all_one all_pass=false
ALPHA9_HALF denominator_zero=true psi_undefined=true normalization_undefined=true pinned_phi=[1943059236, 1732195997, 1252723289, 1795754121] ii_phi=[1423308251, 286622470, 1977110786, 67265398]
Z4C_DONE trials=20 i_pass=100 ii_pass=100
