# Independent R-C KAT v1; values are eight canonical base-p limbs.
matrix256 3eb2ab9d59303bcec4b013f5d58c61caf00ab48185f2147ee3c09dca9e12a3a4
inverse256 43e95061f438aeba598cde1d8072f0002f7f99f5a3853c3daef728374faef0c9
matrix512 9850a00aba5ca126bc62dbac74a05ca5c1d3a173fcd1d3a6061f916de90658fd
inverse512 89f9919670215af8154f7588ef0cce7558c4f04c6ce5b5953223ee83bfa39a21
points 437173042 310763648 1747482506 551818910 0 0 0 0 2002430118 1630196709 1848741465 1380822005 0 0 0 0 440232131 2019634136 140352636 33427288 0 0 0 0 1375561029 2098685986 906080044 598274779 0 0 0 0
secant 483039878 1339388203 310050756 1858918715 0 0 0 0 626869089 1678994370 942661421 782547226 0 0 0 0 3059089 1708870488 540353777 1629092025 0 0 0 0
indices 0 1 2 3 4 5 6 7 492 493 494 495 524287 524288 1048572 1048573 1048574 1048575
domain 1022251061 0 0 0 0 0 0 0 788094511 0 0 0 0 0 0 0 1022251061 0 0 0 0 0 0 0 1359389136 0 0 0 0 0 0 0 1125232586 0 0 0 0 0 0 0 1359389136 0 0 0 0 0 0 0 1125232586 0 0 0 0 0 0 0 788094511 0 0 0 0 0 0 0 788094511 0 0 0 0 0 0 0 1125232586 0 0 0 0 0 0 0 788094511 0 0 0 0 0 0 0 1022251061 0 0 0 0 0 0 0 1359389136 0 0 0 0 0 0 0 1022251061 0 0 0 0 0 0 0 1359389136 0 0 0 0 0 0 0 1125232586 0 0 0 0 0 0 0 1463990705 0 0 0 0 0 0 0 1118298885 0 0 0 0 0 0 0 1463990705 0 0 0 0 0 0 0 1029184762 0 0 0 0 0 0 0 683492942 0 0 0 0 0 0 0 1029184762 0 0 0 0 0 0 0 683492942 0 0 0 0 0 0 0 1118298885 0 0 0 0 0 0 0 1883166840 0 0 0 0 0 0 0 347102028 0 0 0 0 0 0 0 235158087 0 0 0 0 0 0 0 2112924242 0 0 0 0 0 0 0 93421976 0 0 0 0 0 0 0 949045631 0 0 0 0 0 0 0 93421976 0 0 0 0 0 0 0 1198438016 0 0 0 0 0 0 0 2054061671 0 0 0 0 0 0 0 1198438016 0 0 0 0 0 0 0 2054061671 0 0 0 0 0 0 0 949045631 0 0 0 0 0 0 0
initial 814403002 384211300 2101503245 1671311543 1241119841 810928139 380736437 2098028382 1929919547 192062154 601688408 1011314662 1420940916 1830567170 92709777 502336031 1700922736 2037772095 227137807 563987166 900836525 1237685884 1574535243 1911384602 312522907 1842499551 1224992548 607485545 2137462189 1519955186 902448183 284941180 1184809053 2066756881 801221062 1683168890 417633071 1299580899 34045080 915992908 130886172 1733788060 1189206301 644624542 100042783 1702944671 1158362912 613781153 1870744570 1812731020 1754717470 1696703920 1638690370 1580676820 1522663270 1464649720 412440906 1686510765 813096977 2087166836 1213753048 340339260 1614409119 740995331 1441883214 861203709 280524204 1847328346 1266648841 685969336 105289831 1672093973 1803563990 2074996510 198945383 470377903 741810423 1013242943 1284675463 1556107983 1198145973 1388960494 1579775015 1770589536 1961404057 4734931 195549452 386363973 558542310 1370460654 34895351 846813695 1658732039 323166736 1135085080 1947003424 1432983030 227626415 1169753447 2111880479 906523864 1848650896 643294281 1585421313 746771180 580058500 413345820 246633140 79920460 2060691427 1893978747 1727266067 14939784 298676998 582414212 866151426 1149888640 1433625854 1717363068 2001100282 356857760 2036347441 1568353475 1100359509 632365543 164371577 1843861258 1375867292 282236788 1847395543 1265070651 682745759 100420867 1665579622 1083254730 500929838 703864777 694796624 685728471 676660318 667592165 658524012 649455859 640387706
ood 477363178 868636221 673480590 1912071100 2096636206 2142203068 290244796 587407986 146452497 1951027903 159908151 2129154310 1087617805 2042778044 1964908225 120170151
fold_message 1995008705 1444577957 1937201717 1713717529 1982411621 1702166789 1976348521 1868373697 1821607361 648830101 1698713525 1222864649 1794703269 1198443461 1782162025 1552798081 1608345921 1804029956 1403176117 610406009 1564045029 572527877 1542584681 1160012481 1355224385 615210228 1050589493 2023825256 1290436901 1971903684 1257616489 690016897 1062242753 1377338211 640953653 1168155096 973878885 1101603588 927257449 142811329 729401025 1942930258 174268597 190879176 614370981 109111236 551507561 1665879424 356699201 164502722 1798017972 1239481143 211913189 1141910275 130366825 964253888 2091620928 337022897 1217234484 18993703 1913989156 2052517058 1811318888 185418368 1639198912 313007136 579401780 824384150 1425631588 693447938 1299396456 1476856511 1146916800 92455439 2032003507 1508168837 894324132 1359670209 742083176 543601023 614774592 1822851453 1280072371 2070347764 320066788 1903700224 139379048 1680619198 42772288 1209227884 471092019 363437284 1850343203 178054336 1638767719 592943742 1578393535 399068379 1752546098 682404691 1190186083 477699839 945281895 1575541949 926671039 1539856585 829467314 879766338 487079075 655153086 206405223 333446525 235088447 336625208 1996822961 955522225 1888505826 710414077 1569621350 1161624764 1651129406 1084341542 959645745 909672352 1099499042 643482812 739962982 1912593019 879826622 1635521940 2012902960 742216719 267542370 454359291 2012397413 438867643 68663742 1990166402 861627312 453155326 1540119457 143043514 1091957349 1035415930 1365124413 791281 1800786095 42488173 622263009 1857019128 126126437 1554754233 474241341 2109847518 535412015 1657698907 1808940320 1301318839 1262388324 1996882552 1690981820 1874884172 1360472366 1003820234 805184096 623426294 205775716 214317240 720378556 1443384890 2128483501 228335801 1905961631 1970825140 1251255907 502025591 1857398843 815349672 691961773 1478729255 816305631 1048548083 103861603 712523958 807075387 2138262165 1345874476 460033302 1831183390 4078770 1058560098 845812341 1864375482 1117155075 1942737963 1467215236 655627614 984900848 1967867745 901890740 734331834 2046995696 335068587 205307763 1584605597 1843530670 684300897 880759155 1711911737 632816734 817833642 969278177 323150045 432484589 1502826848 782417586 502147897 1169585483 1243549481 1611642831 1166228252 1046729899 128478304 606866033 1400007608 1509818296 1612216104 2132401725 1966356571 1538782953 856222559 354104496 110523576 1653515173 1923833511 384071212 576051355 1908643751 1538575966 24132975 928663095 1600676114 30918055 661618586 1290279898 8828646 28054878 1764435117 1706942518 1351301119 228437030 817560200 1961558553 134304932 619626589 1280043628 297878198 905390188 368906789 851896054 442403673 137588962 1165807452 718442155 996437429 262943321 452327332 764626148 1027782552 18680736 1666597467 79630698 1655136564 1571444165 478698659 555750482 1570211543 1925063901 2121996634 1511092904 126491956 535925426 448020770 225269056 2069690646 1561771163 384521306 717861479 705470899 1451354398 360293665 1920665517 378736214 1076286169 749138777 1994903717 1244589746 22763787 215517344 1346972571 792315541 468608919 1068365400 1047252324 1743848497 545120887 13691807 651673865 1162944980 1886223060 1342201175 22390947 55763505 870942051 1902300701 1982253046 1490624531 1034161298 1570646102 1067803233 475302064 1000227279 1586376732 1043742820 1775354194 59907280 1753700181 2036005535 854980527 932976571 1213403547 2131110481 2017133969 1110944653 1891363412 779514206 1194798894 669189927 783381146 949388735 68480209 2039789770 1983635795 1593296540 1494757165 208867347 296309529 1793544876 224360208 698958984 2030517330 182385243 1754855340 1699492478 1899672343 368611610 337290319 1383419589 2032008017 841747609 1975093419 846098026 1298502294 969556231 407270542 1945687938 1988107856 1423899991 7987755 1943651285 640283029 1448895092 434300877 238280384 1898816847 1928842389 148505642 697184961 2072498195 1806628193 418381324 556164221 1764134990 209091156 249163433 1401666348 1300180498 2042755534 359511883 751855802 1584062285 559613586 309961128 1909611799 470813585 9793468 257692554 825355127 1358598732 832926032 330898727 73537667 1731881103 2709289 112923337 776662196 1087744331 1029028494 311976230 188411246 788415758 2021502997 2072687879 605777009 771499082 1147920972 253193637 106748889 1935384844 1771207298 1842018886 312699566 409862985 1189603466 154550948 1976034243 877821067 1399305839 1568400005 2044913514 2836040 1154075976 16048163 1501300014 1910691721 905798620 1251831236 1507451559 1697901894 1041338502 1985168929 830029849 739029512 290685641 892312579 847797348 1200093253 851391044 1766945952 2109707395 1657801734 1701450549 489844034 65950881 656893764 584233602 1508862879 1045365358 372041093 843126050 44425601 1309395805 68303427 239866176 1210919710 1931971032 1176714883 2010679438 1703540927 283164826 1581805889 1965772413 873116445 474557123 1924339457 909143419 1172222718 1282225238 902433856 1466985019 495453084 968090925 467431168 1833485287 597954621 11609747 177670975 890987641 77929627 1265088791 1100957310 488737748 2128220283 766285647 1555000893 237780279 1768029721 1365550721 1677434236 1169868096 1468052410 1398769291 739456316 1654846580 1270786072 1269476715 49378299 1729392684 764934649 1909060679 2026004538 847219250 733682327 976866773 511756793 19827865 18867000 149676164 1119678265 2109865583 156718486 487720895 917086071 336140933 1377333110 415583040 167961144 1147818285 1687378196 1949522728 1265366133 530848241 545365685 559297660 1318336822 108561003 1030694163 1067304978 1556596979 603949789 1817932019 580820024 275838005 1139577384 334150034 2136034939 1790778609 555445577 900064818 480150132 1335431987 2093383781 1745229456 860745317 1967911023 385335605 2086731376 257287984 202151474 822496547 968965135 1536403406 2087994221 93619873 1082964399 2059717227 1170963760 1621882976 152840718 2015525559 3544556 1827782028 36247534 1592470567 2094385198 196575774 1444339852 150628129 9529322 1292854776 1094064428 1003031651 824932141 841542235 548495243 236678410 2105948519 636321764 2108931434 291400479 1657571883 1409298712 1760274185 126192755 1997834853 2005666639 933364905 1605060698 297337130 1899845205 784709384 1966654811 1832671971 1105922107 1862332135 649045014 1039195176 165698067 1916768134 1463097284 1610459873 84571815 600865830 1718320721 1735662374 501824592 861483141 763003821 1331198559 1089099410 1443933284 517920525 239255077 760741133 1913821699 2013858069 994888029 1972021245 96567203 1342811720 844940579 942447690 778816514 920692734 601528283 585853673 853734881 2045510659 1405235233 1046944263 1751434880 1778475110 151119321 1225563988 1567952671 478533695 1920139039 1074230852 536709503 292237903 1791144790 1743668543 91736926 936848122 242168350 1024307457 1429607677 756948407 1226637396 2140167338 720054940 1272970293 666290460 897174078 135162108 1025122975 605080786 267576726 1305423066 1486900208 1045021722 692830715 948340090 1096761607 2073958607 420864001 1847841304 1578637867 1378362136 411277368 1721657976 971864303 1338303565 452545516 199826007 1548183270 1666311702 52514037 307632119 650431063 545599307 362621271 656344469 1395536417 1908870420 1764024369 1001229813 132461887 1843329480 151091266 1069913043 1120697308 2106038290 1250841070 1654967411 1565440422 936526790 1965439148 1440531729 723665943 110331665 660447787 121361266 654399374 2120158531 1510697623 1768200527 204442322 216717839 2140328167 695378672 1694306037 1099257409 934350338 2052919437 1710510092 277713165 1395514916 1229535982 390193117 21307071 236397293 147204812 946901959 293317643 573491681 1723833196 1037027908 1033791164 1564322135 346023946 61101570 263531273 1821742109 30786667 1487326763 1989226041 623157570 501893192 1200592572 188354055 845298906 445363689 1741089682 740128055 1707870892 614812550 70407671 67785989 1939129366 820080615 1798316665 1581464500 523494807 684782020 965514161 2049310722 808266195 1154937445 1659007712 218268082 1364996609 711801602 1738428395 1837960960 1747676687 1449934179 1323162823 945506095 2084892651 695871296 241666726 1581220350 462393548 1705070817 790781998 1615694892 535699286 636991102 770196448 1279088892 1247384072 1920347359 61865237 81350826 1012383808 535161020 1176533914 931566586 1955164612 2095763805 1283896187 637441191 1367462570 390381050 1460679124 538653432 438251521 83836508 161907554 1136482340 1600935572 202651192 1622632078 100349430 991612093 179532762 990866632 1578474273 1712802814 2119455093 1662392776 1764138227 1467762681 235368920 1623289774 1963416990 1703064296 1845825459 1579961218 1235052529 1866703285 251344982 2059176980 143826844 1571720018 1529245937 1375337404 660575983 40950258 227460948 151044603 414671129 1318769980 1169716527 1048521334 40708589 285470894 163716818 193859937 628466198 944214182 767237229 599513008 1522933994 452781546 60112592 40139335 785212051 448052624 321808043 28312426 812284904 542882214 2064131917 1837366444 884908688 1977768953 1980912616 1482403235 56244966 555772898 1880807499 1290573970 927556109 1238395875 1449583654 666818141 1402297827 491453598 1657622985 547245560 913154314 377417037 875304804 1876524438 555476193 349924314 1394578375 1754864861 841703303 1542316086 258076066 816554832 1810747358 131185046 1091673669 618464579 713203076 438125728 1745381087 1781876617 873144028 1982719441 748908867 1433012008 527653633 1359813257 1042252573 477522499 2037633497 1609560205 366283969 2051023501 285054974 12411379 296174171 1198459772 1009248471 1159190985 2091282622 325015411 2132890746 690887388 1654629528 1797204789 2082956244 631611781 1628937532 549955032 1776193655 1247757637 822651350 126273903 963789522 26822593 1126732346 578358717 1362447348 1683022126 2095206931 480634408 1946715599 1492307068 584667064 410226466 891651825 1996680855 1177328977 712802657 736767181 733097912 2741686 45558279 363807086 41250177 216501135 822778650 1628911562 2044162419 1528439859 1631837803 1926396778 111697386 1360207052 810562387 328181448 1130533295 866794289 874097744 1284453607 60538835 313479434 676153868 1129544133 139694187 165288623 2067305396 585461220 2035258171 1371285575 419553093 1885515970 1219128742 1571406508 916493465 1976903264 1740888100 238658181 40760062 448613312 73869666 790180650 1716629245 1163812445 1324912269 1210564546 1687258422 1113803453 998884253 2116578343 172745442 293672410 787330678 2139521023 1064080879 1733602746 1846688856 1255632293 579809350 1513966806 128143327 878043965 318711080 160527544 469799828 354826147 790337322 529728339 1494833863 1721100666 1598632672 689545141 1163184463 1561643552 804329358 1635924303 592434992 373723832 608878361 1173171890 1779359114 581117214 621785458 537587404 1715914008 1130880757 1644415441 1611407791 170840134 1708214427 242705622 1529684936 570303617 1845087794 410276618 2004252844 632594817 647967897 1814573497 317249605 1450571113 368861296 1201429186 204223402 1017139516 1695344918 1042421789 1195248705 61749202 997168557 1870389498 506286759 1324474231 555378196 73734145 2016198589 698805178 1582525930 269673907 762959268 1554598962 1523035025 1055994212 632615610 1214255394 2124933415 694249707 974240929 1707513709 303348111 1841718343 1339467062 1608099850 476907365 996633251 1140131742 1783218472 1191284748 283422891 1989269298 1880338546 933415074 1176824539 1260631707 1781713251 2039361289 676075150 434538671 2030971482 1346972895 1234823571 1335740824 1702998046 700094087 872191473 970242475 2059998658 1717580828 1170630347 1365459093 1547072857 1468450436 871771860 1448897063 1967420074 2045238873 984244867 1349786514 1313937684 49463042 674816311 1870502435 1753235730 182463383 675667131 1288723087 1003592527 738099199 281324826 87574944 1417445626 424221652 244897139 1182268812 616037386 1386875260 1838781052 395081884 960049762 623030033 1839418538 1030423689 151272261 1995791225 1052217695 645539608 381048138 778888526 1164264034 833187718 1756780799 417363447 69118402 838948116 1827924401 891797131 366917274 590560899 1137595706 946559220 1036966820 975307408 1005711257 961755848 1594861905 302543232 441200629 1435894897 1808279302 1054617484 61892353 988764677 553130633 2116618364 1815079215 1885370478 235572201 1076878344 1143951336 972823618 1536690752 1737819001 964264170 147502316 613812811 1042089988 2104404559 913932671 250574968 1313628790 36239141 517257705 795517485 950252416 795768375 812091836 989750575 844047731 1178487775 847152998 780686223 801365628 1513010078 667301113 1606733926 329075824 96042778 1137188195 569319025 595429624 2108646021 479560502 2101525021 1916196716 1083871444 1387363296 161415891 332444404 435192557 248870003 326640213 1310443113 1994490126 1597678301 1704460468 12409968 787616980 2122713263 577046796 659298662 680415177 1768133210 903485462 1782809963 1018435643 1806122988 705261123 2110247010 1436613891 1898728023 2053458167 1348677095 1127648546 1446582825 711283194 1368320863 2115602621 1989462740 859411289 857495011 1115255689 1044092774 595113009 581003868 569897720 2040337361 1616312122 309263711 981257072 598652835 356750568 1895779672 1094466482 2051351886 29193372 1851466842 725652695 110263008 2143679518 1017680981 1541825260 2022506315 393022333 1189137110 348442558 1726406940 1660932565 94191442 1911974054 1953800648 560315358 469758162 1997110308 1152117337 1055993356 1272794702 57429217 1845234885 531072447 1840813645 1376688651 534877846 328861891 258523467 273158043 1696809026 305293600 1007336265 634661234 2022172114 1627021817 1346345031 411676885 1508523071 2030462464 116809669 1918511704 1319032847 655505840 241292100 472985743 1280377020 1411611745 1316717504 933272767 572943692 1709281254 1238331968 457084617 1012370873 596225090 312092476 1973911717 1931388296 493380765 42497341 363973507 704504630 1731786146 1397901879 745461260 1099399365 1302771667 948755513 193652413 356778291 523327619 279178419 1542888690 224460546 1989970313 1809622837 2093604982 2116675503 1265816803 1250889390 71226713 1454055486 407493056 477615666 1768863920 1689228972 1811770051 18067498 625442623 493216891 850307190 1247701294 1366912874 1221922345 13703716 875680037 1058052773 1636912055 1170929068 1972396074 887751844 714755622 166585092 1676243360 1369057163 590173684 1369358690 504216359 331380830 167728803 122930532 272273820 1558455793 1647969072 1445596056 1138129443 1845283479 1728325535 2030223683 958738711 1626248663 515330925 1399641166 1726651679 1134492497 1101578524 1593497251 1588154386 1572435773 1487226537 1231494020 122299420 346491531 434971417 960234883 13037198 1397017123 268688614 941154618 620039960 1628764228 1875987861 130436579 528354441 1099992713 1154684450 528622960 1072389652 686343294 1129660562 1251585986 986622468 681362543 1997730398 2141382693 1479348496 1814196023 343473167 28715810 1387841279 141126613 650342811 1484466523 1840916492 717355121 1664909323 756793345 1732010874 1626768570 1407488983 705358097 9609993 1690787882 799001736 1288334944 2019131253 843321120 2121685267 1951541062 280396293 439527012 2040717700 1623340607 101718769 2085751557 645448016 928048124 505791745 1258539805 1095089921 1761810334 274740716 1059092587 1273744524 1929846577 685796349 2000342614 109602046 1703744125 390713447 2058311504 1859091144 661969127 820410105 517451792 1231737722 1449141980 449636962 788441014 254004229 1419383068 909633013 1104834633 166529655 998003899 451511261 1544448411 753451073 2054604753 953465073 1615007490 1208945139 350329882 396336344 31366401 1209948029 420150535 951906285 2047970363 64016880 1653603576 284112211 544162278 1623495097 810987708 904956649 256239605 1026712172 612857687 114838862 935352395 1994092277 1079632625 812616165 534782510 1949547368 1523059509 2035999944 1204936752 174255922 1226085286 674884833 736115431 685038821 89241748 1752628163 1352915349 458953326 1250345691 491762653 860238368 1528153825 606371698 1412207166 1379288186 700700842 1152413840 263249625 907151321 183925086 926965712 1014736953 1284055263 899498470 932289733 2136829396 876854290 947319898 1051023790 560217524 1067216580 1055346210 589973370 1817534672 769347275 1670854614 978545932 48648879 728772137 1168244062 125464751 1452849100 584630276 207045587 709532138 1627514665 268721934 1238192026 1686247523 1042772680 322703293 850860111 243982408 1001847588 1834549618 1265190102 977354392 587305412 2131049973 1454814539 1729380389 319131295 1131287895 1249238290 146269005 86447296 1714703022 2018908871 870758787 1726849433 306420412 1190336590 1340475009 1687681979 1221146087 395659460 1963084896 930034708 1507430816 1088485002 265005110 1096042167 650379168 880033600 711391422 76170767 439351813 943683526 1214826602 459011507 2402265 1324547644 1410645659 1312741257 1397150697 755932162 2042455838 1924073646 1424699025 1729201592 1913363960 344778884 85860174 525230910 600409171 1196261290 622302154 2093995444 72062678 1467250942 800447538 251579770 1183653895 423058086 1890178946 271445553 181709107 385190137 1393429142 2082462389 1644706363 1751947681 933362107 556519213 94819600 1393563763 1864804986 1722911473 1983566575 887962781 2046818931 801732777 1958877804 197404526 67091423 1320410669 52750884 2126070680 935582124 1007086245 1478916425 1091679720 295255747 874959977 147226584 1171304084 1894618980 1172579617 802419110 1928905698 401814311 386559397 119510028 171146640 628962205 1298212893 2076869506 561598813 386767115 2002692576 2117084863 1273081995 1433579093 1383986073 1007300319 1284726359 250114159 1428392220 1844983795 182142855 13502350 1429899157 1888678843 1950804689 2139339090 811141976 1450690471 1193296514 663699270 1435952145 426037784 412350156 1759474614 150941844 934204891 11575678 1236686206 1402145037 914344436 964330054 1258004378 1595275471 295527055 931947641 1732463158 1328477833 1206115152 1459260736 634928382 849175563 1682140610 1806928756 3546479 1214950533 1301349932 1897142202 2037730273 60125767 799078262 489035376 344903463 1061563137 1200048776 130490805 1171442757 1375609730 1941307305 1273234795 609050463 868315645 902211684 454273839 183549481 500660158 813860445 2012043366 795987479 635208057 407838656 721007657 1221534092 1730244345 1711704976 557977442 905714511 362240373 1864413339 930692259 2137912943 769394997 339873604 1206004317 938231559 49412593 976968439 1083327645 785202387 1913079408 993333623 1808640344 893538623 1844208364 2040471250 1178913815 1458369718 866330284 1524601386 218401876 771635703 1451660392 759954478 1217450769 2009931289 1924114919 1933676893 730256207 572522799 1019252324 1430385417 1198938507 292403453 791466019 73076497 1196719690 296199911 546984160 1904280420 1123377029 600753504 1763350878 237767492 1617792325 2090150686 34855900 34155840 990766335 787497795 544802202 280266231 1993474112 1659407830 1630351191 114978971 801106425 852636326 1430787285 200572714 176281404 1151454990 1038502739 2146749813 554397299 796169097 126338833 2146170588 461181495 566292166 406794191 1834501072 250638957 618096108 926424140 1822092559 700690738 2051403005 1882709194 1325716395 2037315046 318417359 1683559559 1375822274 894809133 1311820213 1171280454 620395782 1619458272 2044616497 250261443 807359733 1043536680 495027437 419991618 1866022880 1144552282 1501726228 921497086 116704936 1146873379 1748508324 1776326333 767630395 612597076 837230199 1549782841 1451341530 1204819230 777295580 945317305 1620185621 23592654 51128410 2135118708 516302221 1217374233 1876356499 74448181 128721264 1525022663 1290904508 530021040 1606554303 1184538388 750723787 1311202608 588204618 821919809 261591199 1029457131 427130482 1106311695 1695364738 360613292 851152036 61767739 1258155777 1485943334 1272998052 982694154 415312058 1517647527 917563518 1392050100 2133114595 1899479649 1996673366 813685765 1205533041 487338019 787439064 517799598 738984006 122582429 450672777 599286528 1918544040 1564652062 460778674 1733983527 1370731304 450218968 929963579 339496443 406861408 454622362 2085065995 745634593 1880872842 734905619 1287062125 34315510 965452439 1452216213 1365333733 1847720090 121924973 976642382 1521968415 1831227376 1446833486 262466321 449065535 745272724 388854991 1175429257 1634682449 1435264747 1851004549 1180339980 1483745048 1733259789 534179249 1331266244 1625204227 993911270 30481981 2058353543 174404978 516713991 557897747 1444153343 1493533749 507166945 280233076 749023363 816012619 1390602624 460010485 1514090554 1239671015 2122515419 452774187 1547316734 1261084324 59958394 240517463 1541077877 863616025 1544989398 548105314 158266362 1509620093 819748595 2046902328 1525115312 365368779 922072529 566226457 876839541 1561619926 1522489580 1584197786 1466202859 1892412924 253764812 507137616 1555552624 1417083823 20697702 999887484 1364340518 1149781166 1687549894 370838791 46921964 1076011784 609340255 293971422 1219528289 284957152 928460481 157329982 645914855 538403809 1140933592 1613933247 1031766172 1445424529 123980220 2014094836 1205047650 1951743545 1615477713 664805665 801054167 336216003 1421592758 1646166059 1724320349 1021063698 2032972618 1741555970 527392274 1252298868 526330801 1201027298 56249305 2041331562 245934660 549216868 210780493 2046189477 1733161643 678678553 495801812 717579843 549331133 1382755653 1998702471 570404183 747117990 79119824
dual_fold 2003825217 1507135713 1953142893 1753262397 1991813157 1741380217 1988168417 1893912477 1731933857 288165425 1583971853 1002248013 1697056453 966030585 1685456513 1409542877 1420182401 1020142848 1157751597 129627869 1359349861 68488697 1337353761 847963293 1068570849 1555584335 674482125 1282885612 978693381 1196238200 943860161 209173725 677099201 1894489886 134163437 167053948 555087013 54311800 504975713 1640657820 245767457 2036859501 1684279180 1077100171 88530757 937676791 20700417 847448284 1922059264 1982693180 1029862060 1865540634 1726508260 1698849526 1638517920 2124512411 1411007328 1731990923 318395724 384891690 1174052228 190346358 1063460928 1176882907 860095296 1284752730 1697363819 930120633 578646308 707134581 443013088 152043419 269323168 640978601 871799051 1353743816 2087774147 1101730548 1924658047 1197477594 1786174591 1948152183 2136668714 1655761239 1406468451 1374134259 1213428511 18218138 1115682271 911306182 1197005514 1836172902 682212867 1524345714 456808127 909232345 405329855 1825407892 200293098 1894978805 2062491042 1552364913 1802280542 1723036568 1802600990 395490019 1294015113 1832178948 1252335682 1458191856 954878462 312147160 1012528382 916519857 183204265 1647773331 399230434 1241826543 62085534 971531415 182595678 1241013759 1162827848 1341761954 1650658945 903268974 1271385405 1553705686 1460286525 1368971725 2085402215 914144817 711653921 442519149 287810781 2058669973 550633629 1300393755 803443719 364921920 1877182656 2007060715 1406328956 338940629 1748604284 1035279849 1611919654 1841576910 852277856 1301926378 331972636 689484948 759231196 573630007 215862726 1049142493 1931906815 474599785 1359709115 962819283 1877481659 2062927876 910240229 135102316 821102239 1672564583 194571099 1158943634 808388379 1208206162 1547568516 1246940026 1814831422 600853478 1131525882 1277858001 1846918650 156948512 2127847587 89688329 618127070 1554433764 2023089817 1319562384 698105178 1056638573 503593795 958314519 1525956477 238338147 721779257 1284056783 1656915257 1759792698 969774434 1705334949 243352349 947533921 1522561496 1171341198 428381593 118927240 1378905857 183265972 1065281980 1534537439 130469240 981415629 1307471480 429009493 1730988064 687074882 1844261723 1999348701 840469783 714280076 2146701271 542555810 2026021055 1069278032 432807931 194484060 1505079478 369934539 798587319 459566191 116521183 1329875422 1125887898 414910810 2124298325 2095862665 1558096918 180040636 297455742 1468867052 1776017977 513145304 550642677 1597097160 130262774 1851462792 421341085 1486252922 235714521 489187542 1079079828 1021121671 810052181 1178865365 488177212 1382033032 799944824 343037524 1562126131 367936198 1449981492 309732002 497964123 1156207382 1321225239 74695250 1999781586 1785024388 2050050707 1391546350 450701818 808775972 1799555766 1831644367 244562546 977418947 462776179 129341115 346390297 339738802 87452758 1318917581 591436305 92603522 983125202 818083591 185029560 1896579519 479883509 683998539 892919216 1278061760 1463614129 1310290131 2114103254 1184330829 829364372 2074370888 1149011279 238826367 1904242960 1605960735 1838644085 350476379 1135895347 1195067334 1359712494 1269864637 157528048 1705095403 1506135700 1542499816 1399476434 193571524 1525022861 76209276 518436687 1607694135 1116578099 465433846 1620107633 1217367105 1644942380 952827578 839485230 1313756931 669971282 1414245763 1797788944 2118970430 1719471051 1752235896 1120673677 823283791 166315249 93968273 1932520367 750897852 1748608874 326950583 1362002028 136274715 1753093647 799568670 2024301902 1408116665 1732355849 971938933 1563470283 1400213350 1135339182 1383563307 2073133549 1943143222 1670711976 1539717299 1725078442 320132402 460535501 1845952184 2079015308 208493876 1563677255 2030285681 1846826505 1190999165 1876166251 39251654 2041947179 499135921 1411251686 296160432 1928714472 1865329992 1087264138 258429011 1961929162 667585710 1213435269 632308846 1970742343 195641236 241312809 356000608 1838961257 713843243 970228004 891247276 1972910118 476900191 1485795911 331966445 1673043464 637908520 681629891 1072975722 1935217797 561623210 525746150 186326522 1464175783 439781541 347640930 1177494184 1857665380 449810293 1656130820 2066564486 1212358214 119462306 2115744768 1204802662 1740252867 141461440 581982627 1677713043 917590757 1824434462 1690974111 1154901156 1582980258 1784060298 1598268865 1167255840 579873412 1259730715 1220812606 1027789666 1385847553 1082639573 410022240 535192877 199206179 572834712 705260253 823468192 1148854752 184682912 1312210046 1929007801 1923072705 1911230100 144317052 541936734 872001855 1237673962 9864989 1053733318 1456505696 979949585 1685466650 183195292 555288862 2094129076 797954363 56853075 946988799 2073960461 1033741753 1894727513 198715773 606564607 1528994521 1085850719 394522014 898295434 336626008 1381566103 1949766235 1069947849 55501816 1993242603 1946588988 1747921798 1741603062 791194709 1513472954 1336795155 672443542 631545080 1308222427 327872259 953705621 123613331 1037319577 1407106525 1232336052 1295725444 626905978 933114111 120417332 1526305616 521306104 1280881959 1735179346 1838300048 2050123288 1416163707 1389221842 704304270 2112916182 958121457 33489777 111785245 1282907063 1777021047 465151857 1952576587 1517182517 438825019 422234639 411148329 472740950 2015686131 1643174671 976155273 881588756 1870476292 753930285 588905653 1767108596 2132158959 628322990 2070007622 206134899 958107982 1028576715 645057217 871042707 2126439531 1715564108 939166340 1638304593 1996687383 1246173929 579603021 2079510577 1998527847 609930731 1878598721 883130544 691247201 1406721927 392543065 1097544912 1748423907 1606390153 593337471 88096399 1336754730 1510220709 83877349 72629359 1376127711 409975080 1378349884 1400685805 1785726323 1556670275 1801089520 1152247565 881639259 1315652806 2086152313 525931468 2038161980 1546070625 1249212284 41432236 264958551 28456037 569261111 1758800682 2094061701 1478421759 575729288 1035150666 1673569234 843352067 1122643572 804326153 1953425486 1353723677 1928124179 1985919208 812504014 1612857249 1598816049 1957475175 1616253335 1171976379 1011429663 746254215 1976730185 189487936 1997778542 923280454 1082545248 933179865 2120613034 1611122981 871280453 868211422 172047404 1996709284 352301225 637334135 960706998 285558212 1791122112 1501544060 416589929 882794371 1573004913 284439189 1826678849 1064527202 441287868 2089485850 583922470 1876503009 449689018 2021978674 423561293 1800546304 1116745015 484553145 674045027 682867904 1277320834 1554985296 1046321624 346131871 1670009906 981713239 686957600 1596856350 1908416714 1030942702 1547476195 996251197 2101082541 1433482485 622660189 323501053 195493011 449850892 1927025006 1603420635 262479273 1839860883 481152794 1157769307 433517019 1959193513 37484410 20156538 449167396 53364786 262435415 1952177465 475005091 1264003271 173821701 541426200 513663263 368961488 2113991699 559241880 319957227 511763813 188553232 1019745974 455966874 639167342 1740854352 1273929846 2115857074 1849958786 81679003 1455115860 276078229 863982348 1290507021 1948757716 1567737338 983620896 2000682661 1847535858 2121480975 1043406506 762949706 436241843 823081666 60233790 1650596912 49522321 1697207818 1177439816 158182407 1031349521 2029373705 1227281115 1178905403 356042543 1150742405 1266082278 1623688771 1586597103 891646161 189795577 585608134 619612877 482084736 1309333892 864501504 2101984589 1704866328 1242744470 2018188752 840233323 1838718458 1307194658 28104253 430028332 174066912 91160500 1181679963 1017903881 925676277 1259664576 1261980665 865695626 594215207 1030010961 223565414 1152624551 2037925487 1166743646 271163446 1261502824 817827566 1911812206 1291328752 1244395333 880498794 1028431868 1350619890 1617449926 844903989 589080588 90002683 1293216227 1748363492 844729242 205382703 1933536932 675444476 1356783401 914554501 1299087233 346552287 615635768 1130419179 62280195 309449027 2067436998 1617500559 1262008351 970032473 341151446 1978245671 298647009 1894401289 573557732 51357210 1181979581 1471320403 21276276 601378532 495153727 1135333968 1170112897 511091748 1059000923 1850416077 1803493905 1294785056 651800349 179730711 1709618846 849220526 893072377 2107319495 1392837039 1910981596 768586875 1175075165 44591932 1065743544 684193943 94547010 936789325 302484505 845513305 1973883683 469999449 1160660802 432365621 107065916 435350763 764261077 882579639 428672618 838357750 1133972300 137587411 2144876213 2036005000 1148827665 879785877 834409264 1149666835 985678038 1947342960 1913010607 1443784742 1456184269 837132019 1043609974 1403926704 715778016 1566664974 1558952745 806173636 1686330889 754618065 1056274748 1601137357 324272234 1143037100 1082702627 123171682 1839267525 632244015 872403586 1741298794 1958644339 676459338 484260253 1542262527 1914994177 470009869 491996488 1824411015 1323927037 166931688 1911109270 768478877 1913510845 267915627 2062537101 1850474020 567603975 1761937797 1068282384 2096788026 1834817529 25961289 1289058131 1819487809 1837158800 1166510371 103263242 1232222680 1678914229 1891630502 319043225 1731452382 837624218 528133057 1163535491 322266486 1445800945 1569955972 1299976030 1586367739 1863967523 1994289502 2101615484 1514403091 1135477677 1208421346 2084372899 1384233880 621221421 1270012412 770019574 513665201 747944425 807026624 524750185 1125050805 1404353206 502785434 1463715055 1615020110 283201189 365771806 916075182 808818514 2065879231 1840092215 2035218280 523500524 1888731616 2032140539 1110864243 435537007 458315849 986965461 337045602 1534073737 1269568412 1511165529 1109117368 5206284 876630354 90888819 664164315 351772455 573195224 950330423 910834557 1665309992 1173339099 1299345936 869090772 1271563972 1947095699 349635221 516015810 1120880837 1348442084 317369518 951824973 2145964641 1096302543 1856563570 2072144774 519402466 1401939309 1439926859 912366918 827490815 168299403 1176148176 1284254155 2008358526 1333830774 372050665 750716607 1611109788 1310569926 455872686 299827600 1292781723 1144116479 1408708230 466874040 201854266 228146818 1843220747 1266348756 520155704 832796424 254932260 60839217 894691543 1215997373 1043225065 2036333976 1837964116 399870609 1205690049 1680095785 1542137972 2126637944 203369287 462299613 951239665 1992822681 2113497950 1029676450 2144193553 812584884 1471137060 839212961 7465998 1316685346 830872316 257064859 553374639 1568805487 551561090 1019590373 1154126762 518942251 1652780441 1509744659 1064648524 100332459 1739608671 1003431849 96254663 1747077043 284255031 492748556 1530531561 702133094 740312509 790737389 1128816995 706122428 1020263380 1501043844 1951023750 1226723745 1848639898 381506993 2104330111 1691045700 1713321841 239663229 178641444 1674104412 769623544 1923224308 875310364 406879565 215946767 1003574005 508351937 2044275095 1798230741 1120922040 1736725048 1148591317 823105452 1645292525 792671582 189752147 639494195 122083836 393606869 1768697309 1387314249 17335142 1031600379 405502862 1588381200 1074193343 1140923121 119713894 1908573158 414669150 1225138328 544043593 349924462 1829766914 1831190157 496608366 239398532 689810902 1373285429 605374340 1219091275 241320902 316924330 751897078 674757665 842760398 1476041682 589495103 2048397992 603822601 893092934 885580030 1067166910 873517638 1533407087 496405882 690360966 769788364 1412212322 897657222 1416626267 782082622 1545381644 326106677 1439947491 739218191 1874282494 788128654 1723135736 568455350 1511965353 78597488 2190273 512112082 131819803 556994326 1986695317 232635822 1433158214 1901361962 672056606 88470037 479791543 204254238 59821363 1922107685 1308960227 1499432805 1302062843 1615775703 770714067 1877392037 237481168 1341903645 1139371392 1020293664 1892208984 799061786 1004587375 1281440429 372191085 639507349 924391709 463944539 295011382 1933295580 1181411467 563883061 463951114 1962402444 664021178 1977869077 805437331 723509791 1301186343 1872203580 512761255 1015621636 358259799 1267099984 1276003184 1464671713 1363912003 911434692 518621508 2094132219 7107572 479120907 1706708941 2009297699 1369588447 1976543691 481531873 902966899 1758048144 1761415493 2097554602 209904102 1318215675 772563283 401492350 1737092970 1316114221 819016448 301056520 361458216 1209793687 1594460762 278502939 301543138 828789450 1946891066 612181989 316476394 1044322483 147268834 112563640 891284697 296073831 850072053 883447362 74958636 821802063 725954793 2051158100 1358834000 1865451011 1823526703 1114852639 1784388589 542232427 1183034992 1799319025 1704191047 1241953696 572287722 1306397820 1149798959 205613575 1518509431 1504530062 1927355838 573065533 1391322404 1458082905 318673393 1959429154 1732378110 1166791211 2028328373 2006270169 2133147102 1569907894 1438495538 1508711870 1824641029 786102472 2007108652 1246600310 650278169 1641872787 214298100 1000945370 1795298188 362463845 1863696675 441539603 1237682899 1673977584 941048373 436129654 1644349587 2043358977 1598092442 1738571695 1747877645 1666222285 1471262710 1961748369 1371795226 1533820574 1210295953 842729292 33378760 1618606890 1804941111 1282834221 977635105 981332283 700307208 2048979688 389153538 1531131399 1942083576 546870857 461869224 385894104 68126207 1062355589 667718332 1403795812 1882690105 1901341924 1971981230 1894989684 1461236597 30340642 869073142 1236600129 1626760698 1051280128 1213003829 1213651729 584671084 1100418494 993217968 1029544350 1174295355 144169116 332420668 489363886 1733396962 2125105498 1040152810 782628475 525294076 1327492535 1477715394 1869609802 612446937 956918007 1009877668 495852504 1827240508 306283091 353920713 1059422183 1516788303 1890823315 902392542 169216437 785167357 1375508078 1256003919 206284676 151453766 631854128 717697432 1950203921 1694041917 240200202 2036481365 1457680928 811410620 1474977740 455792338 1543847662 258896894 1195326757 547869404 518643645 1349175218 125226857 116677260 1097631307 774699582 2093404096 1085135330 1684140121 1764747560 877568773 1847835845 611554856 1093966334 786948572 1500795496 659203062 2058127646 1584519841 1354300799 85618309 1216697150 1570927479 1794849902 1738799762 81831829 98596414 783555769 1667305313 1142892030 150373523 1967298548 627962927 130827403 714765786 135600755 1061648574 872550974 820253998 2018141434 1621659851 57630721 1285544310 1557919404 416131739 405673982 1433085257 1947378560 424923240 2009725430 1810931986 755544422 1878238455 1889744701 1988867300 1755009926 1332720388 1692144236 143445167 2023443103 1153001428 1029795837 340116480 1441035532 50084001 1252370786 578051147 1066648153 387904305 2120794684 781800091 1005455378 871981373 690405080 967266279 32643219 1730430733 867773948 1166434486 448269464 1650928857 6247118 1311090563 1068911948 885613418 1565700923 1494019665 1916961437 239442806 1347380547 1609523999 2027970693 936007 2067091962 1764555628 1116564003 932490514 418838073 1862566587 762335807 1223882147 224463418 1978042375 194560809 1582588334 1515586990 2070218327 1566974584 259484544 332782585 2134479906 1298435502 42252619 342660004 84995572 146919730 1402710492 244565816 86384574 133220788 606450663 1195024409 201865616 797138539 358592697 2107296758 128723673 993883961 1127698819 1925196558 273344812 1370147364 1422098453 1626008117 114013556 1732941374 1605997087 385692804 299433160 1865946205 298260466 948183540 42254223 202909380 2041345467 871480441 280130660 137051415 1282046030 73823027 2060929321 698755273 286260312 1235075822 215437312 478430288 78487851 1150410225 1875071556 1072995406 635708916 1476478947 105353116 742599177 982553223 2030461487 1632164575 1325629779 942207632 1595689816 2097361719 929558082 1846758499 566493166 1332208378 1456658392 1205756460 1592708429 1896495827 1039307003 523620032 1053472556 975202965 1466081245 1426355400 1467534786 1650239087 1071845940 1308105116 1343916010 561148336 1353898338 1604004452 1220168887 1358591499 1027174893 2052730104 1437823528 90044491 1120109671 1738703616 850610732 1021553063 905293862 610011349 1335195110 1709375077 764715244 1830452892 358860321 639123779 706202847 1274916145 1036030756 1124172800 287715057 1879252280 1892401301 211303647 429901848 1899960845 540330466 481921307 1836592757 1885101780 1156266378 1885576314 76390865 337661802 1995577887 1930104245 1116381050 1848001392 297939199 1366974486 1793153545 882986310 1106805725 1173754320 274563583 1767951116 1464903411 802981810 1285222594 1388450722 21497627 360355179 1458624003 1644950952 362191720 193598286 700081659 1854055038 887137240 1637390469 373595016 1479000900 1284771420 1686307561 37730740 132315611 1556240917 709892896 1314443916 1270100960 2085158864 986142341 1445653484 518199735 2028808658 1872829754 2133687056 1018251132 615870405 240586273 628882597 864223763 157356816 831233749 683840789 723451416 1171873337 1597123004 1882385373 1170387695 236852685 1880072175 1259872409 385701812 1605684013 760785240 911194518 1436691531 119812618 724377738 1714298269 5002320 1917302433 2026540275 2010277326 1663135271 1953720262 1659117732 2047118369 1728836587 2106728597 1099420815 884666503 1849718915 1443608323 389324863 110849062 1262237319 26478858 126910507 1829329343 1996442463 736960448 1209966425 200457642 752688163 2119004157 1256492998 549298552 2103305915 1981260284 1973558771 168460462 200189119 1941853553 193200994 1339541424 22825624 881540537 532618254 14857522 1752223834 1642510693 1232001789 2052574312 49968884 1732768501 1182112168 1887132469 1113825014 1220975577 77928089 540913569 37252048 239976882 1774556866 1490318009 432476306 677248205 1025947188 1099526489 2132158763 698132974 162468701 971897789 1855661357 11328577 1928575439 1580929425 2039721735 959753130 640814967 331871809 1088412873 1370700340 638329195 1985122377 1907424611 1024837350 1062112017 1717723716 278214501 460396200 1450175750 164621698 1735267391 893385634 1426359851 834486216 1572549888 1575383451 69147810 414394682 1523250075 565397982 1733558469 1977126603 676451740 420694799 790212669 586957682 1271372663 40874394 1983707871 850677583 1884887351 1291297538 1465886680 682310698 979635155 1467298517 29324410 1750106450 902889427 2039708021 2096169843 700453730 648037551 549703057 165375380 380445910 2025425262 518442601 533578511 641386778 276579851 1583055308 244377134 1036663257 957527562 1022468572 1073079978 505109842 2012745702 272387976 266329672 1571274844 1994163621 1404302287 1567190597 291622922 1561567810 912668355 231232994 1984280671 840366145 1663943746 2015910368 926018 1070529822 1356412798 139087100 128197091 1791102428 1801392949 271755644 1780502777 539631738 1603621305 2137375637 297991398 551405176 1816649896 629693719 1335385905 2116357205 1654293876 1931131311 346179945 1416241683 1709714587 942240946 813059049 1505738929 1508430511 1667837769 272762732 90644655 1480587022 1209397325 213522209 855260557 1166031210 1347495011 77739759 869581386 1129267201 1431162856 1684259032 164922089 627095973 970103037 1908594673 1605568229 655755124 1607537539 930302224 1582207172 2039108447 535661847 1470360180 151121537 60050791 1738521374 99135432 812148512 1107101338 44171441 910519927 801208604 1489637849 1824114361 1338242303 2229756 2126041940 1643115466 229073914 1408345783 649549004 1864316500 352655543 1299934551 800962959 1037526628 1573505788 1972533074 1834751550 1859127791 1437342446 410295603 1426831689 374888574 648848255 346286830 750278193 1808548234 297335718 1628280206 1856164483 1802684951 1750068609 824574345 1691096227 1712577829 1227602653 658921066 2088961341 1025948465 582199556 1259911972 362238358 1571216576 2080659604 1797185477 2125222263 192162763 1440208390 1652299711 1058671880 1384464475 709022924 748106145 1964947249 1448811492 29127817 2001737562 1632913146 1152321526 1407659907 1806650364 1608136299 500927358 643925131 160741878 2084962156 874787729 2029086906 677850840 1054789413 1643477655 1137116685 424279953 267335263 551863084 425820274 1656674867 304906591 581495089 1508702479 644868140 474999761 183547591 892827305 448155151 1505971480 1609946954 1758682513 822506439 560472003 1917324897 1282624352 1347258986 363016786 433865956 1887056787 957194850 523751989 1458227708 1595211415 59019078 1171009803 1348219389 1893825301 1048933373 364839719 953739671 1830588494 878402721 1782466884 58039959 1778988055 1097722008 83735193 403860786 1988755589 1657926268 49904382 858294960 1542545049 1103560755 1827922058 1956074700 2069712700 250106072 268289591 1601500745 1184496283 1066449614 1302433020 1315414119 2073459827 949909427 290138864 140173667 704841757 986388585 654751726 629362690 1999996970 1609852686 115452201 769281020 103581471 863377668 2032361823 2045404060 1849324129 82452202 1891713249 1341339157 1528199072 697416863 1140296017 1268570935 1621441304 662675269 1323954714 1856348078 683727266 488506170 126037955 446346962 1316348495 1203038240 559660243 166824136 1865133347 236645589 1137071284 1726215788 934045702 1703541115 1746313483 567734625 777450021 2089318767 2025912357 813210119 474532925 16700247 588947140 911595898 1715644582 1751558410 645077527 2002297249 2085293811 437482930 1382528508 1198407955 384749736 1370848165 1289534088 998509884 1471361066 818405517 1979573940 1428170796 1079732777 947188032 1811798393 2096815318 780218337 1159468008 232599789 1600884421 1653110058 480578011 64386795 1002246257 11865624
fibres 0 1 123 131071 131072 262143
final 244711722 830374046 1688870992 1434004604 536025443 353879272 1362899911 533227669 529024411 2046795709 1481340040 1470133554 1303974739 392483305 615835082 1022268453 1977990893 142309019 1549494205 805177788 1343682638 2137216058 1908182779 81355123 2134804857 1044954961 577892410 1133848024 1650519249 981074420 1452605891 879329126 446760979 1433828804 601682652 619621445 1764420611 981269002 1593642559 1115257046 337802262 1813784817 687734394 1674582190 1746356711 500047793 1931478078 205826401
phi 1073741933 1073742001 1073742069 1073742137 1073742205 1073742273 1073742341 1073742409 122095027 244190054 366285081 488380108 610475135 732570162 854665189 976760216 1915662354 848472742 1928766777 861577165 1941871200 874681588 1954975623 887786011 214478745 224809601 235140457 245471313 255802169 266133025 276463881 286794737
fold_fibre 954553811 246533524 143527701 430188888 1899787894 1478092377 1146494824 1684613877
interpolant_x 268082649 611798614 288280798 1449530570 1268464103 817088428 2030602686 1778699880 0 0 0 0 0 0 0 0 443900534 1076222015 387594963 660515686 910820098 285049867 1384675592 1478771048
interpolant_y 1073741892 1073741938 1073741984 1073742030 1073742076 1073742122 1073742168 1073742214 179562391 717247056 35842117 438036491 1617234361 648254583 935645213 526226345 0 0 0 0 0 0 0 0
chord_message 89694736 1704134465 717341169 233913501 1352948264 849308883 1174528411 236740905 285638392 2013360062 1951765341 287892089 342934129 675772298 1174776770 1730128065 815880972 316044755 2090609885 2022972477 172029973 1100138669 178640471 1743604781 1711312074 1334628723 980768844 225534485 1725747239 1739795825 936918376 1748492619 185969754 580771699 862095452 1918449919 1268299408 462630084 666583860 933328434 22915134 1277094879 1063531846 1134782356 1560237954 1699637041 387653964 2083672833 1333487127 1468466341 1260319070 1667571929 1166665651 1082306237 232120659 972669042 978548992 1589365374 1142818071 2102126495 428862263 1151049669 1088321379 1593220320 1175203677 1205251093 568908676 1746143354 888651406 153323471 743193587 600558747 1773248360 92158847 59615077 40471166 1548636587 1193404282 2019334370 545129708 792228453 2082449200 881866986 1308018077 86208927 952721441 1136623890 1026644686 546276659 1392166518 88380374 1265475285 1175394395 700010785 1959826790 1998447461 1108872470 1206271752 73860165 111986140 782487356 1110464850 743601627 434148640 296207977 1671904784 1172678296 652381984 258092655 34670010 1375287886 2078377498 1743942425 856369511 975741373 125013496 395907011 308910093 1118181380 2137863203 414495075 743032155 2112423047 2010548149 1817859988 386679173 1403950962 816690395 303691891 116767092 1053571666 86762833 524866074 1791733325 854477629 389107299 1666435069 451976061 1336550039 403262273 1933688675 797550041 1099319353 1380142202 886838067 1304706662 412950746 159087709 1658603986 458839676 1971260200 271749397 583204240 1789445932 772495149 42377793 208775395 211054833 1568177542 195432769 1583121839 1301418100 1064804186 1547627910 552156240 417213929 674992271 2114032237 1467969400 2030571286 1502307684 457484613 1960120436 1702549207 195846274 771327291 1852229061 210058860 1583702599 2131522967 626337202 2041867098 789870124 1462033828 1052404154 236440555 363563974 1803415158 643107910 173137765 305022883 134674583 962196037 1167219275 1432246788 869369479 866453588 234532641 169390400 515372969 1159954682 2095565390 1926534413 1340455780 634334218 965620333 1736461447 290542097 747419983 1683688851 258168923 1689354416 383486321 1278133140 56671038 1436998884 1822094817 378983318 885629522 851209303 973373886 272927969 1909454279 634415837 1304556 2107870856 1554566743 777356055 446054040 1782973107 1363013734 1019836605 2131403031 2004311913 848235253 696261574 158849165 497669958 2055908075 1195096958 1112354740 1153346489 2023323095 870707604 752093491 2042648595 1114837609 535619615 744792582 69590574 191208146 1480727522 1199573323 510425445 2086504436 1694656531 1881341924 1056690005 473382570 740611660 2045321292 832222791 444744923 1764287345 742882219 1158041941 970642274 478292687 1966113072 122697906 513708238 838562155 1164681155 109664148 1143370511 1017512682 127766603 1148660656 953557319 1185094961 2115464743 1455745970 427783493 1544486168 1321706221 885630193 836173354 1167913018 1774758123 715294499 1156578061 1339851287 1976160787 463893727 897613086 797965868 1836862405 208839878 949499461 68280775 1579741747 301451870 1575874670 355979930 2056271051 1716353220 1455748788 1023611671 1679633566 304731861 617362530 269259328 1639144006 242482212 1595355563 1042485241 1339772580 1398542213 305944680 1201668945 1407976527 1998590511 1765346164 2050625710 607472339 1594376991 1648551555 1152103331 339318855 2103527747 1099045392 510304044 927710930 19560741 1879652630 1011532739 1008223702 415165368 2138688310 11758252 1428972958 1844670565 1692873334 549297515 1463314018 724766594 1546440709 2122208388 1253772400 2049161505 495818414 1795924312 893905282 161706938 1140281871 337093281 1548208390 116745043 1205693637 477244227 1996496640 522646302 1053972903 1886586386 1499615126 884909651 1069978296 63679866 958599157 1810539061 1051890594 340889430 724991498 1990233661 1244681158 1292798443 1587974779 755115469 281038931 488688315 1063705681 690004422 1405794556 803195472 1637601892 1299599878 584362904 1572659723 681036141 766583625 712816858 989229399 1496063719 217220450 1693139770 1460513688 1847231306 1850848333 1605997877 630176434 1484104220 1200473831 1456567421 588286278 10438824 919348856 970517459 1873401736 2013126289 333528837 2094117523 436892316 769572423 1616038258 888389459 370966072 514961148 482810556 1243239920 1020560246 801773713 1582664241 2034229381 832588102 1058917132 2073416699 1936905921 685462799 61442437 853414864 1597197250 2135382076 52404589 1306629181 1637157676 814594816 1952003255 42669156 833388573 1346126323 591284901 1607490345 543225544 1966820391 371372626 532295719 1091086770 499236112 734228298 2072993228 477247390 37436117 1875461038 1266190680 1076752812 234665452 587581857 1529357524 1114362274 908403346 865980550 1233366515 243801464 790063143 1732506242 1849331909 1122746712 1090687079 1895605010 1447695867 589689836 419303199 1617417909 282032699 2070813935 783505246 2016589937 1733744099 2013886489 1188005592 725111205 839587712 310473147 1395777360 1459890685 284242088 1489814448 467642506 346525159 1565562966 1847114629 649711876 536554997 914155956 1642097012 1426149233 1563696528 1805463763 1693421876 167516500 1656101266 869126583 1242985610 1602613934 796558019 652123193 234431755 1181914175 1410257062 925416104 1509304969 289790865 1696458824 1872968146 1115926449 632493168 1472084795 1579016123 1559373957 289221780 166682991 428646465 1155280655 1360349466 1274741996 841774575 983226630 1466731762 1207392668 1373971477 1816649877 1706678472 19412082 110107991 862796409 2072900963 276188878 570278180 1476529945 1014563531 699857648 254795381 1724825857 2099559225 1762524674 201512782 479109361 682142043 1021510421 1569604012 1164324152 1420185342 215469645 1505844490 1092366247 945603049 681800983 2049920536 899391738 528391675 1986433433 1535352703 917579204 808259054 1434959384 1335962129 1908273294 1154272858 56310486 36497660 1502141211 281453314 2032875342 1869365577 512965506 174859731 663875124 83343325 2115110388 1205283983 1025628968 1395456912 1627448839 1167389985 738545295 1355147090 1576355000 1990702230 1811039539 1381878265 1395330329 612036187 796993914 1816165845 1582308583 928679241 1741883723 941240395 1051165469 1405005168 136922843 1198265280 311265553 1130067171 1114342850 1474159398 21207563 958143324 824774409 1676045583 1227109309 230096664 1210090819 792504801 756437725 1696898808 1747705696 1158396234 1238000872 1728785822 310399287 1606687897 1455246911 1057135376 372881774 120252301 563286001 1592632701 1607316978 150166486 1834749276 89800808 518025949 1908097393 51386618 1412921455 91743819 1216660491 249552028 154442710 1075028643 1511025758 763533671 1101069819 212714820 957787534 623151410 1956255912 858871168 1615845475 421594688 930389991 2023222431 437069914 789726194 439880365 216595382 1842750094 1345807531 328152200 459066873 1929494423 370256806 2125683616 1199619804 18510352 722504406 1130016166 1112561896 1096868856 1197998901 2058725183 1507568121 1673692237 1830393331 1603325855 119318488 1163151489 2096452166 1539989230 1874512078 143598497 725661951 1934020537 634667320 377211642 813202966 1629449464 199237531 104592573 84836789 273288480 576150780 502417185 652233451 1412681091 34220761 1971955098 177135270 281351304 2029313434 1114784493 719064535 228539802 1053849470 145631637 448814613 1088504063 803265755 1623425146 596498958 133669046 5029851 2001896112 1718450714 343251766 1348045320 1508820714 1765051564 64925354 544851393 1350625763 1203677444 236314881 2028694358 1814533367 1348383211 337674593 1316796114 1325980690 562762857 1014410516 694514786 1270407402 960232577 1106337508 796001805 973889026 854905634 589486645 1517789 1393959946 344358322 87488096 631542251 1697213274 1775104966 549189911 824885630 998095082 679997458 108145600 197581028 1394794903 129446778 1532345772 224259775 929276710 1870478152 1705504550 752378569 228070775 1879387167 1181710155 1403133246 1563737583 1921503027 397151007 271067673 224248938 486017134 17905793 122229944 168389422 915564158 1187722749 1646442190 1308552235 562894291 290434877 25603522 754872385 311592785 457520586 1018739979 2087036955 612573944 1357303044 247167477 345748637 218256744 1396506269 488451773 825709000 1979524553 783250221 2007685167 1994775036 1455392238 248463946 604809484 844416573 255133773 1687131392 1314265035 1190562539 1620195825 716468722 1770758054 983864388 315390176 526359488 1493503833 1956576804 1131743723 469852447 1439984022 1018331208 1203123640 521727316 1430448660 175031922 739577756 1188459428 525015726 971411718 863175015 1966514361 360686902 416036114 1709383857 660276325 1611626640 1797693083 1830576144 642071371 1908077967 1646727545 1879969137 235171011 1222451647 2076964322 1162644598 814405498 675904387 758307168 1186501921 1943896063 248215936 34845068 1370129205 12830980 1990775312 247195182 687864256 836421289 862070428 665178929 677822200 436535281 757105745 1122488111 535994237 1632588144 921128435 1961457346 1039296595 422972925 678920131 247048740 1068758386 1473561308 1063710635 1009474735 174307330 557646567 216470400 882979779 1258364105 1153072039 2109719370 1822292854 1269470566 396860312 467604628 1002842757 583981913 1412260135 1499615879 2054494280 1423466108 488280275 1049458049 1966647380 82707025 1017915756 820723575 916769728 706587271 185643364 1794210951 885328048 1057318427 134634049 664204476 1416502946 62545802 1805946001 776812168 844722055 422083539 669278436 1464225450 4249313 2089923612 212648005 1638406839 1201704640 598507769 2099914608 290168432 844390477 952623092 2121749343 1237743814 801030274 349522221 963742808 1100319719 527857129 791218242 1417434804 1924889259 1848729100 955947587 1354998437 373869093 1138181970 881065205 1288753635 478119161 289146245 61153439 1025810882 583772262 1245056763 1828995315 1829075837 911857743 680569812 1085910207 1513783040 1528695381 1329834814 1412776799 1041975191 1321963040 1920604087 1336439825 1470069300 1291408932 144393566 1323720143 1039274016 1839717879 245618618 1125934867 2096895016 387444502 152321566 3840552 2121203121 1106629175 1868836160 390563555 927326900 626960908 1251564187 43839311 1626872640 14763906 1176615858 2078292403 118203713 920229432 1363343644 656443582 1543925113 1302115727 1030401525 895976190 389411585 727563612 669039308 1695986147 1080017701 2047443094 968340477 1375128275 695738967 855331691 899056544 545709460 1230385227 1964346021 1845668841 1858712630 2057389668 880369152 84709953 943499507 196341292 97830636 63718184 1951632351 525267804 612254232 944916967 831107088 1480115462 1178201875 277906235 1175614963 2016736957 1860186983 246164479 1610771966 1794743988 184441324 1956073365 838102868 26709211 578484001 2059297373 563836205 1224822696 1394464820 444937862 1059672288 259509583 2128154523 1562878170 19576595 440730279 1270305496 1218196100 1456759456 291064528 604769781 74554783 1936767317 850546238 950221484 1810601864 27872497 2057078122 1102196554 704319778 2032514034 713942821 413691993 572459572 252846673 1698837359 938339134 884120011 116649614 646654638 143312283 453044048 1334749241 278314758 1760714939 1321581017 1829919342 909814325 1258913924 133699174 499304073 1454030343 897776079 899740739 1825940622 1802701088 618174554 1333521118 1747716086 510435080 574587100 468709407 1113022705 532228863 721569428 1919589746 1884878250 1291682734 547999931 1186310488 608790530 1010925500 1973890871 1327494383 1782943699 1526674866 1036481514 1743168908 2137997825 1114896020 1219733669 1929498009 717508299 1660193293 1491273126 1272991188 498627003 41612718 182061085 994147644 2040178436 1671775125 901394354 753122919 89469708 982609205 1156414285 1152013388 561336245 1808128079 1101037978 1564320986 1956400275 887184136 1765750050 1928852123 1350155802 685463151 132679559 2117684203 1144114014 536069688 383220881 1042511707 1993306331 219746116 237777275 1194306130 102310107 2009732069 1789364724 792481442 905259547 1246130963 401258119 382832899 2085342799 1692107860 1026480664 1463328408 1159646348 156556183 90095936 885746487 1746947196 1540829576 701685832 1231796470 1295889649 579758012 1622620300 1915779904 1410246490 895505415 1379801856 1834188217 1596318255 709750826 1432255820 663685565 636989934 1264608200 1145118177 728522512 490443066 1380986241 1582043718 1280646325 1554388091 349709426 103163882 265279137 2048620758 1510462812 1098919180 226071257 122437125 1856997489 56906409 1665402732 1247747731 1666154930 1251808392 1430636766 1311708549 1401255619 220987241 1206043911 1766758145 373275431 779741467 1828613140 2102666484 2101208405 396805091 802270854 795728993 2076340959 1240224261 174569072 1500359282 404163478 968470687 1779750839 1113911763 1966215396 1753228010 1094111560 1583201564 1311004730 1703433931 788843839 354799276 1180130124 1428741579 1199004238 103416546 1515265710 1500808214 1065189875 852407562 1122459679 427717863 394121561 204372463 224565390 1691909113 1013726468 1821117328 1184711470 1950165532 1521066273 346015144 253680321 1244003293 1646965396 546500685 442693630 1806967473 348693405 1017871244 1008985052 324042683 1029570443 1868106959 1361736073 1032506295 1824766169 201989928 1942766285 1174377737 1352241053 713734198 1509669503 376185008 655178122 1384558812 2077130096 735462949 1362889354 1419124424 853581421 1472458109 1522098015 978007311 300653778 13778747 1369159394 1992207952 93117114 917177602 1696343192 483957649 1342835809 1214567722 49214956 930200933 1126967848 935320456 1329345645 1461107812 1251525716 547991644 2080659381 1902257582 1650019223 625142902 464299176 1348258237 1216451582 1822433893 1849759512 1737233928 1082950812 308685773 1129543435 993819705 855021558 933981058 664137938 1659578046 425356033 822403495 528565771 1912301098 598556506 511297508 1352164966 1960228050 432512093 173024962 1986747703 631782376 2087797880 1200699067 1235811434 1764737863 1286379657 1174591545 1968968370 95470738 1937497142 657854651 326853295 627962193 1872819643 401481622 638530797 899933298 1523077042 1961081656 1226442489 247050265 2119767422 1330567352 6863850 1765394191 1234664088 646510189 1745722382 1572758852 2022995636 1731743323 222784922 2060535093 762455419 1651496211 957205251 1288927790 1050744017 2024530937 874218410 1921163609 2092783129 1536692517 1089137997 238792866 1075704267 2041750875 662260556 1768279758 992653187 315102725 942064697 32975033 275467466 651014668 1226184656 1848090739 944809058 582696962 961985418 358417562 361839616 548680022 1614512241 1824102386 1794171820 1132405652 1370776533 1129508764 1311393296 1027477431 1475016590 382885909 1682309543 163980197 1989129971 569725947 839088331 1254919932 1352874554 1388762830 698430342 1570922317 479396847 588084581 676680779 286910132 29677921 2029047607 36822206 1637206622 123835895 214341722 103173503 493804093 144038461 880336063 2069682985 2033246648 1592570206 1506135731 705795909 330914674 1623879263 1923088579 706076384 834684985 879345570 1620761436 1162971835 600258174 1088393082 763043886 811107954 1408083052 857442040 739508627 290264783 859446201 467684790 2006276970 1783748729 1934033006 273659584 1533759399 1476409637 510668152 1474520427 1106161085 1252563469 1882636114 188515571 2035712817 1018800492 2082326313 1320806429 99320678 1311567299 1401323234 2054752088 1244415686 2047354779 78376280 400781521 168885260 1608302655 115682169 1705236129 161788193 1660463443 836550472 273736867 491896797 1837591304 1056914792 458523128 816981633 711126837 579323776 624582338 714442975 962662930 254521585 899963651 943661930 1910125896 1986745054 565798088 1354033147 1351298641 1863894944 1220382231 1588172344 1344753516 360843505 1920346591 1964468552 837502048 350367470 915903325 1995168431 1363482224 293943255 1646200657 409959774 439791765 311193136 917265363 2091040051 601651254 438583003 1651636811 1336931497 1424893705 1571945377 370491149 568776261 1788430898 44170897 1506337887 1392258692 825270410 74916468 523719646 504547763 1202651693 1166881348 738463379 1609897785 518201477 376787485 405161753 1688568869 667176960 1441793706 1803403602 1552648271 11588244 159154144 1947092746 586336401 733019841 810208758 582468573 203881346 1632645237 846779526 1060706019 128568914 635200217 549571136 1994942179 213997313 1880966253 329355100 2112247980 141025590 1621049310 1651069598 235548523 1103419043 556099594 1029516401 1570701910 2144671351 2072793147 2102354194 713582719 1173123667 1104759353 911578997 102535000 201345108 370219497 1953388537 1483325146 1102210167 1268917535 1759693089 1453929962 199620129 1493917327 1355462124 2031610964 2114216304 223418876 479727193 1690999939 497605825 452462720 915199027 1726291056 342125945 1849321063 1549674507 1200870891 1870800546 1113185644 304325746 1491754120 1104364886 154518357 2081284822 278483057 1583792874 281078919 150903289 1136442585 831392496 1552910071 1014860257 470241054 255722424 1032128078 314360214 1616344242 650464724 147595573 526032747 1407459170 1574288468 1991859217 1826759022 802714553 492657143 173483249 2127496361 581719960 945439017 641959063 68595796 984831750 1155916690 2146714865 1511949955 288255258 492043517 641903584 1068911442 1065635561 1839175803 652386120 1287874664 77564031 109243604 304808031 1721232700 749142013 117709867 1653496344 468271762 1261625673 1223589872 1944271507 609086082 156455755 361854843 1125758903 1999430734 1523113186 788625586 1445965509 941953147 465524623 1901235298 1916029317 803512773 56330757 1558828401 105415539 611327506 1669960455 290940988 1980813701 456622002 507252093 1555368576 1101770956 1281112288 1577487924 515951733 446153895 306444238 1253499448 1592993684 309699590 1893557523 1000216055 2135095290 1729758233 920891448 1301737767 1364390251 2127997779 860418030 797070872 1290632002 736798479 882422746 1574759163 126369509 1058710269 1558884786 494473701 1998639624 536117050 1536071782 899403276 1525667613 1745247276 1141482625 1953898328 1845190322 820535520 40550175 1383080495 535016257 1383110760 160590929 1780041222 422695523 914541019 1889431742 851898321 791804612 287556760 847216257 1071863096 785417816 1641896670 1736624595 1063360733 448793181 18489220 1920913370 1428791466 321999701 1468189207 861113695 350022653 486665711 180579273 1302343711 1878373225 1957941987 629157572 1818073220 1650368814 197141238 869537723 1309643844 946785922 1631067446 1972279342 1187219880 245313630 2047429772 1830827159 169605758 1213849914 51448609 2146280221 741371822 1197556316 1553281899 1662299954 2118951477 925876857 894891665 529906121 441308745 1759518038 1249913749 170468309 1763695546 1350912615 854206728 2019503698 1344046079 2055364405 579368627 916464126 1945622495 1304148923 1357366633 2045298125 1552343718 803754487 1093109329 693362584 1213945302 1237879525 1399979997 679331032 1609800852 1730605058 1867552516 1308212142 1170656564 494791249 645273237 306083709 1473967611 142806094 2005147530 1180866874 378054483 371516498 681468192 696606604 765952399 450583621 1681698424 1523889969 1294358443 526679581 1716085096 1311033176 1382327579 385318107 936204176 1763097273 603756804 1285802045 1791284793 1278704144 1961814404 1808021716 1397406023 786818162 186560674 1625124464 1705813293 286203560 898395978 1934766078 453750195 845061355 1440387816 1087668521 1439726379 955433584 83792180 1130993756 1356646982 544331605 1937325414 1066737730 929632505 736773968 1937923702 2002629545 1774944266 2017806218 1453792675 1091590964 1185324813 1118931971 711129399 1595231066 178313335 1488466609 1925771015 1995342226 868351804 901675074 1651616671 660185888 909365249 502125737 655728251 1351885037 981497642 648500991 1445049069 1949111163 1751697948 125272681 1471483528 1595724832 1437651821 28789101 1781232313 1323918708 589547681 824525826 1252191598 1418491658 239056121 1929882224 1574631519 1511802893 1513828148 1333307053 1044937141 1331650743 57139046 1857723378 551716147 727071773 757065836 226032618 171559435 1164166046 1454265628 1923292472 554755772 757452195 719367675 266713197 1542848264 1578711854 381258563 1738864168 2110702396 204899704 1604153763 1013248777 810020050 1461552163 1779706090 1845736087 1973230587 1749251358 1470292071 864530918 506057225 1317560045 2024304895 221295949 155472270 674330003 742024072 1731550727 2135365015 524511548 710546690 484840733 1707879583 1850984146 407139810 968653153 1361960467 2043215822 731999362 1181036817 782191262 1801806635 428715918 1553488711 958141564 1757384010 1783200010 1711337538 143653030 522293053 1815885524 124111826 1708622451 1485621978 1644114917 1789976454 1858367979 941347312 308606071 868179014 104694050 1580405190 897824475 628113068 609453208 934739722 815014353 83608902 1173117573 534147816 585731180 1580557053 1042584281 676634425 2090532004 1331978549 1672584274 1135263303 1821373934 1625162027 1936691173 254180686 1233869351 1391645654 1066584866 1547806378 558761126 781224174 1457020165 1377220421 1844047467 742852570 521997481 36879678 2016098983 205625830 1554443941 156202570 1942991304 1906547738 31407819 402140510 743562219 1938112049 920211556 564780804 489322472 448692593 1606318425 906736064 938122823 1495474593 1581616705 2024099498 745852734 710404964 1417026941 528871730 1369249900 1317598741 1275000938 451060911 1300940731 641982333 1239791661 188902306 1917886567 1364862666 247884488 1662856337 1643587016 2142502367 549191745 466656465 1034976633 2120091915 1427709273 47267657 359081775 1335731962 1895728498 1525399127 541791490 1526233986 270477081 1990492773 58713946 140641749 630375897 1541328022 1241574941 2103922072 2026287408 1859300573 206906431 706656939 110592943 2036473074 603187227 1958339929 984742143 1159733729 2064285136 791472789 2019562460 1884476231 2130465967 612975119 97460950 648726396 271625476 2013119377 1117945749 74918277 924509210 1287499910 1823217635 46265737 1992799340 654337665 542661603 333849225 460508442 1630018171 927367650 2008207228 1150435095 666152179 1429368621 1284624688 219484610 1986057619 1617533259 794318393 1057602017 942651 127314375 1334156099 1551442227 1339808230 1647482086 1160919626 1313259696 1111885148 550528793 1789819453 1659100189 75773977 1658928426 1866994687 448045968 1190431206 1454892574 2116621780 958355920 1421130078 27449916 1663353256 2131036420 1035288784 901151401 80840795 766778716 1448015736 2146257836 566610329 771021306 1918395600 1961873791 2072391699 2009867503 22190535 879352066 100855033 1624219682 674061817 1901973685 2075907754 324048928 1724967657 793592280 1252113704 338963795 1282854682 176553915 1089251332 444350661 1742494543 1183798189 2059353099 62446587 536787464 673424930 572605042 97585898 344214280 423432227 476609537 1204543003 101380695 934140558 520339572 735708053 103707195 450854620 637062182 1177280283 424379550 431377580 516153640 1056873701 975527055 1053720984 2116992416 1937880993 696901114 1768729981 879016492 261809230 1394357110 2138894018 1537299551 1002970520 766899458 746189208 612433782 359389803 822136898 744023726 524316017 210683461 992348877 1946483327 1850099200 370073154 1635594897 354771510 1088694753 220545910 87921487 410951862 478503942 542628783 355184331 1286114973 1599601493 524661063 236181751 1510682775 1294046060 843529343 1653929707 747689781 1185325853 1403778376 1613467542 1119444235 200327015 1552190431 734299943 960548686 709729769 2084409974 296332852 574578279 997203976 58277293 492845909 418303868 510864616 869152735 1883707287 1773858024 16956347 803281350 1185192829 1186172375 1421807055 2129058174 463720790 985128079 2118566857 1959324707 440665472 65931455 1378989944 981867429 134594948 1793190011 1483768388 1528504135 80703415 1073007107 1032850793 383271601 160816267 1174107622 815272061 910473254 1547259473 2027373381 1190691874 2081346106 837311224 363116404 1031547880 182990351 648408339 1453279753 2017523431 335234122 773254946 811897048 226651482 422193959 856253137 1105804835 1631864455 666575306 1507066301 619942889 167790607 288330915 1008830961 1081398989 1493679089 1549719283 585799122 649559725 1758455283 143209139 1864065841 1874098404 1731588290 146575107 1222367898 2100045796 1653388780 1249603588 1163648552 779925603 1148038734 2094182841 959093597 523032336 470220634 551601117 2024338178 2139214156 434108909 1163760804 1238834122 1894670163 547360966 2126638065 1371198934 985724332 2092214657 1288785726 1571281417 115867143 1337268001 1877888047 2010011521 1475976017 1467953013 1477233023 1071355549 1856518035 1386922764 368819226 1312267505 1931549813 1392760110 1306729301 1558125234 60680480 1104711043 1467806892 436403579 1412785412 1401381207 1697800086 1296806061 1322404539 474995818 600974644 1167807334 785983136 680973850 1747954577 969779505 1249841533 2067805923 375029131 1108838725 201150025 1997496240 961569815 1965537661 1521193324 96623536 1773236265 522504406 3665307 72164005 652633903 11430742 77396691 249356987 746363206 1545058576 383387133 539389127 905634024 289625566 1050629664 2098178810 6307946 398656161 482175401 1554923962 779742189 928777033 1961140075 1113678439 1810745946 115699245 1495651734 210163558 1508501945 1609097147 148336015 323758224 1147102637 110761869 1511648790 571013825 1526982962 1120673297 135330695 571115380 772838519 1357005296 1300077414 1216372314 571898760 1579035503 1079345538 1121942648 342637971 1211229062 74301127 419097699 531632209 1448274001 1271916022 226827574 1573363188 1240415933 1862403867 1030640156 982721136 1480698772 1860945113 1854744627 1241201032 1930095180 2086242550 552368026 807785111 312247226 1127374830 1998327512 484971617 1757845343 2081660246 1820827041 1588056363 60527680 1408552161 1841254626 1609964719 1458042390 1709843961 1568462355 1003624637 380786762 1950140588 293889588 2138837380 7908470 2066573684 2136666395 141444261 780741547 192520216 1124156568 1813041525 47687026 1210897080 297291681 1963262969 1107702870 425932357 1935638987 436666963 493693141 313638099 510450538 2108800742 420931046 2038249533 2108631097 1660804543 1139096145 1093836609 708050636 48235826 2021282610 1873320870 1308479815 55640915 1564584147 1869576275 1219807923 546442668 818223108 1690666031 2046626335 1518423065 670656102 78634542 2118087850 2024266721 746697510 64938583 38043488 178447404 428877429 17064622 1674044533 644216076 645362837 820954007 1924072061 495157443 254390327 373762718 2132829836 1960433070 2074794251 948369367 1418095150 1171450517 1832671922 750351033 620206489 1154449018 1274594240 1677059981 202290361 557533746 1547041408 1168961702 1287058553 1896109467 1763342553 973831330 1876610369 755200663 1315051650 432658490 502798415 2089950362 137249275 2051632877 1287577518 260507066 951408583 1697105935 1547832661 297765428 541321685 1870672924 2065385462 1835687353 1276544791 936382454 1413235170 837156908 1676113455 2021414513 213500096 1628692732 1715044178 101051784 1205820269 2078199797 1844561544 1206288387 1348847202 1427588103 1597990031 2128526159 929069607 441588225 1452619236 1435318849 199147468 956853412 1082667266 768898966 1100542758 1502683841 1715832206 1198963205 442510317 960175152 1779275372 948052739 55121461 202614619 403222729 174269023 1514654147 255947335 1312168666 270061471 45830578 896102631 1261974740 140385619 1931088942 1172959252 1419551452 1936900495 801572458 284929164 39856823 1119495570 806265558 436712834 648166376 1884109105 790960127 1280221015 1303358520 877624844 1789457344 1180478358 716725924 811734392 587031109 86665970 744187067 1699574858 1104415655 644341556 1307325909 1047700388 568633092 373202726 1083091520 928231558 901841983 59465623 1513059121 1021996865 641738267 2094723 721342080 1104163040 961448141 847568979 1795389560 747769058 619084768 1777860597 1451384274 1699948317 626019011 1830847772 521430980 1273873003 1959273457 472082570 1885130857 1754398022 352604830 717197356 2092012506 513219858 1800387541 1902748872 393121453 2024492665 763938580 655362836 893845528 706979597 248285372 2078860561 51292193 1389321259 664695217 41938200 229369524 1654846119 584916681 848118940 12425821 1981115211 1559699105 1871936200 1408413926 1476194731 2123609756 391877334 664580537 1363490955 1331874708 1877296566 145765851 1494076075 1643133296 156772253 621999548 1520232049 495621917 181855411 124959363 47618447 1512253417 1873894704 302439639 1974970227 2063490433 167304144 245073562 310372994 688455866 638479691 1281450455 1155314181 263749679 726459713 2003523308 939574287 1390488384 341636959 498437489 777898749 1715675832 395708519 1972544117 2101262138 2106926373 1360900634 2060566740 711981020 417988201 1506813157 863431685 1932530740 1977396298 756781097 1798676112 713626297 862866495 1223666811 1842501674 1009316977 929702323 1148942850 963490882 1827116476 814122581 1904522162 1482826883 683825079 168130332 1601702625 1583251303 1623725062 1198843459 1573739806 1279685688 1333761105 2112177929 1875810395 1149649979 1558162002 438476744 335367417 904539220 1196802480 335014259 959704495 1613523004 1900256763 1357790697 1063542554 726686566 1604194421 1308656052 232024770 1206030749 2033981476 1141747036 783707090 1978285280 13946186 1465170551 245354629 1503323774 1583773224 420220294 2054038261 771301039 1238472867 669143413 1906408426 1448245324 1640009169 895875579 181634215 1984998552 1325711264 2078430354 788452620 192261421 1239894331 1400779392 1834415020 1192595532 2095005326 1825317053 35209098 2009070056 1623190656 979219692 247339133 435514961 653858900 1443834461 1443815804 28035672 1732014515 1199360649 1147141253 1296530315 754772735 1969344794 231329250 1849817123 616678260 2127590613 1958861651 609562105 38676180 980805602 1101769661 292685024 880022648 991832580 1388800562 1092744925 334266045 332201679 558495834 1225125156 135603156 1375022670 433251586 719959067 1280226116 612778514 1414226461 1639119329 1794588958 2063498796 1153432574 684063059 1725681896 64366136 1692900962 521173906 588826145 168965931 1802264191 115900145 706241152 900565639 2089315046 827003644 820641714 130950261 1874182827 427134745 616943872 1124277224 1801884978 1001679696 1954248781 980691276 618516641 504109408 2017408688 1460939400 2130741667 1568179965 1056765049 1287036632 191876718 1929921571 1632957993 1525649459 2122125094 401073098 1895288439 1244283632 623698666 1375577268 34356597 1269407924 54706839 1057482920 1061751529 965616082 1143078168 1343248639 795555160 2054060041 1617892883 1338733676 795833686 976245304 1596233954 350476741 103752903 140434054 1648776894 1118318195 559145766 889909668 1558257327 501494900 1192982039 1749690489 340760326 876219271 1794670333 1283164503 98473061 368523267 227351369 781145512 1842489226 1245579147 1603352093 1348346396 1342970232 1693602960 870099909 974066483 6519549 88803449 1945517236 1660030954 1153094342 1278101745 545782997 211274191 1521618065 1115362882 158716712 1050462813 2065025327 1422981029 1989776945 1824031761 1399005902 989120220 258150095 888663549 589431617 1834980736 57300615 607812483 760348688 1589947332 297959759 1279141203 326375372 1478197708 840578119 31780197 1262732270 1546856309 788163154 332015673 1572265818 238005408 291827528 747012928 558119573 1920060925 611631178 1322826952 166678102 632644707 843446633 203397970 1575353431 135695444 1951202058 581896550 1667487020 1142767404 37961587 1368016806 248994537 2075608380 1440541821 758000503 240777235 697032883 706989790 1374684830 1091563752 1417924962 772376980 2006506589 1427460212 740248049 994116159 368959191 50140593 352738263 1398896807 255646794 2032699918 1820236263 687195357 869286247 1518680089 1159871446 690827486 1991431476 1501018792 948163649 87217851 1383536168 53932743 130619506 736130985 1932407943 1086175821 1497592132 469334922 707813088 1640497642 1849493055 1038513204 521634646 1544902413 197088005 1322647595 832531803 1864461032 657044473 1675796923 972655377 1468225304 1422967273 897970914 533484466 581721529 1493050338 1638827859 344495632 1767211533 44212390 135491027 1484705841 1495396575 795530496 332210898 507396229 715087483 1732391808 127613515 178648618 762050293 694076941 2075590703 1467088280 444155278 212438481 1932018044 395490940 1434440718 518084610 559108974 224823144 1705943637 825979663 866391497 515719560 1005284294 955035991 1020020322 1519064704 1882903915 296470496 1369607958 1438419197 1498430897 2033135815 228781560 777932655 1274995868 1401431911 1829309216 1934675067 603705352 99160267 429431455 1337968616 696764608 1281258095 673985654 1024384268 1972508801 240522968 1053204873 948765835 1282335034 608808769 1371959290 487032684 1127303072 2067792129 1669680817 896268874 100744279 1017955712 1011663148 716575116 1150446407 21213338 425842971 596533574 618417329 504712441 1279454731 1680925141 1165462819 64743033 27741059 2013505710 1624462330 437417789 1468314728 1913073107 720239535 1678737958 1612536137 756323888 252691616 4735042 1667327426 94330661 1930674505 1048901478 218673230 660184964 220356269 1280813703 1933789723 1120864460 1741915115 1196130994 923395131 2110682633 892835513 1189717045 625533707 1564882487 299839047 590825239 1462954621 1249770029 1328563005 15715598 627641351 435160677 729209689 307608095 391481315 2101351461 468851142 376712880 789003282 795453482 1981399218 83169550 818601976 466431187 1616973171 43372089 786803157 86053781 2104958918 1477419644 1721438040 1025412538 2098250420 1308962076 2015029791 1586547105 154317683 1677406885 302231745 861986444 2084683346 2043028220 159212780 1995686870 96568964 1577289607 753733780 1950358578 965146479 1098801093 976237603 224621274 1013378863 60503288 1322639713 978878380 1241618292 1115897909 1057287307 890137647 1614431603 4939561 672488051 1635690583 2087178403 862447534 1152975689 1745918995 728898727 1177004324 2137378088 1742637811 257018776 1568491037 44823496 2004931444 766067505 2118794073 1075273022 285885680 1748779647 192607369 1746539029 1840452270 425428798 849234641 2069998005 5340751 2037359982 1580382653 2003621926 898663028 2116538121 1468299774 2071512458 1794033121 859619462 1997657066 186855048 2042998157 2023582179 1237101203 1573189440 879385646 460987339 2088100617 949578884 1060728209 1184896000 1497726779 797215350 1455297300 2042334492 1697845211 509774735 2082933353 1177848610 1464712470 148071763 149926612 1903031535 449831896 1018684745 442258806 358184464 314636072 1623543967 1500440152 563057244 419623378 1264151515 330300944 1890884392 1857697522 1520325683 1653211308 1159642752 707917011 392371565 1509610701 581721653 1372351138 393740308 997016657 730348220 1115296604 775314850 918669810 1470161527 819272707 63078817 318124971 211640901 84386174 937070542 1207737087 1270327947 614705017 1476066225 754911676 1197491749 423313764 89897796 902794650 330805366 891309634 1912868049 1255907934 835684854 2112942361 1985029488 35446577 415834069 1612659281 793053181 614382618 11594672 1521746431 1005112269 1659893767 1665834266 1822711857 875230591 1187841170 1782646702 2116128005 1635114688 210294191 1231305690 70667434 1629079232 1704931340 615439330 2008728224 959061185 1612995628 1638312395 485421186 1584321360 1273874005 417387847 486502635 1336841457 1344024339 1823914455 756820561 1526502038 228949126 543069324 1502507937 1915954187 2082285246 1461450216 2105963748 562258962 592194837 978400950 274194631 1998190386 359108179 1330484435 2027085254 2082582988 55531850 964383634 880899464 1724158035 313420231 1518438185 640032178 928848784 1231136414 328327755 204176616 554922633 1548672965 652034409 1953745031 1827279488 1519034689 290595038 1809683028 2101736377 1069027615 2069699477 2089677865 478202074 1564265085 896158937 1005498277 158492671 25519059 978702185 467880424 689093846 101680500 96841014 1334794778 237704699 1299035753 2118666383 1355142610 1192957532 478527381 1579794071 1444213286 565483706 1115255315 1003876518 274345293 1160194559 693877023 1078009311 1724300703 824705118 1950542331 90250006 765066585 1685198887 395481696 950279815 95495686 351759671 2013815358 940163056 542716413 1743579100 1843377290 160295117 1222930519 794668471 274874900 1291513342 483268835 731774710 548302830 1988810590 1547647548 93815074 703204936 73382946 540523516 647546112 1726169022 1268242552 662516558 433279534 1282617399 1733851172 1406858289 1141615668 1408934429 1817679873 1606166669 1311297508 1853782069 347036434 2023093574 951071456 985654926 1154745943 545306687 1247565704 1535904966 1184462709 171894500 1186237327 43622149 700909036 298821589 1205056848 1792210160 1369824171 234846965 755641882 1789699582 1368166850 1749938283 1010905110 258765639 747023821 314325880 130822530 884974208 1394176650 104946354 1041567072 1375194076 1897801810 1721297698 459054561 1823480702 932709845 1449406929 1596396398 787158657 1797514484 421019605 542912843 342227019 409399785 364496339 796181094 946800421 1883403057 2005834489 2062586462 1039704117 815774005 8688482 1715613210 518537408 1928161972 1911025878 395857454 1152872326 1654037042 1970356362 1342461108 883708558 455495352 723275964 267528415 61887324 1641670470 1787747598 1841160553 176119620 983185020 1230644150 1258418964 874090752 422638607 756929348 1419426338 222683497 1851196549 1479120051 124595479 495415293 1531487716 241199087 912017339 301275387 1206380008 564696169 35600001 876698072 1107377660 1795897118 833352478 1462442502 477866720 2045445061 376493018 2143325733 1134144171 1560328694 1981858169 1850271502 888957964 453284488 500133887 296958883 1157906318 1454629885 315697711 171435597 555532157 1044610233 1056007204 1449729611 1831884059 1143057260 1646388790 2096945210 1926892264 1370991518 1940319261 1056682955 530905320 123444534 1644794918 534064644 750042595 1583077293 785948370 1625344988 1557614595 767150217 2018489246 1514647009 1514833316 236424266 1211077747 1089814362 1309458285 967099217 1935068570 1847938761 2066051128 1648393547 344895900 1714568521 635227276 660280028 1825527077 806886722 1708124216 1783264992 1871533560 1238350418 270882293 386894188 1786357487 694301029 2067639111 1400500749 1495894471 655428736 764598095 1555695814 1951053784 1316729788 713327429 580063484 1099295328 107651982 733177134 1632029651 1781123389 1799905496 1971812979 2065146520 1443855311 1641575950 1197945314 1198332061 2097132646 822306442 1030249247 1966877872 303145322 1232915245 1708366157 564247052 263095325 1443408995 1830375231 1131591836 358847674 1381060624 902578318 1778481838 1779551783 1256519839 631923950 1484202142 108816743 852569083 926174896 465918290 819144721 1613767129 786752855 1702855308 342504436 70772938 298516356 1067321434 1176995811 1509975742 873504220 1429115999 497680873 300424025 28884608 547524729 1950801315 127565379 349368294 345029163 1669775273 1654757005 1971555264 1435508289 1503983243 1334017162 1270622879 801356593 1794672324 1576894950 1626701187 551117448 1193500704 1182521895 498352584 760648880 2050073553 2112194070 1861846082 1814325043 1973559137 1157234863 1053596921 1832562322 8757437 998036791 805358342 1888930387 1420480003 2041788810 881728336 217191675 1133709974 1476517879 1824045286 526775167 1124348164 1549221757 481940569 679010484 1321425105 662914593 1680841118 88292032 311202068 1298426886 677126732 283689314 1463059599 1178857882 259580232 1742751664 1716833417 900816443 724606809 1416078758 450513172 1869626186 1350461858 499399086 62743518 304868899 852952726 995041371 898135424 846343246 460048384 1199766119 640646546 1902133624 413360667 1117163815 1828110926 1126730622 437015476 1238613745 1610486602 2084062171 753423938 534192740 681367371 413068256 497740019 1489767890 186762631 1063006199 908874672 1211509869 1157179077 1577601339 162528958 313073313 1609252163 1949183667 1186926819 699704831 963051623 1911716753 27048205 1306997498 52878389 245269116 1064883173 2115816586 1098568054 805973254 1350068797 1701046807 2070801370 1239556168 603422445 2020484815 861496548 982252666 2045613818 1531185300 1195188501 791565803 1682868872 1377796406 184256703 1712600049 18529270 564301545 983418306 673851204 208826802 1521031776 1328458571 377671106 525044749 848469304 1508527340 873595527 289024440 1527485150 1520466440 2097533721 2035706689 1093029446 1030634418 401281569 1772091831 1666278498 1363773355 1461663679 889412177 385269121 1816830768 1657762083 949755426 163968743 1796665838 435954321 1176910151 1303963306 1007659786 639942487 593665790 1772386772 1994356268 539173599 1954038016 1971665184 712626105 1639629210 233268115 1499653154 1349795245 1408105005 1386470955 635405407 2126908270 115233806 69187727 284174443 1122274011 870224682 251130858 947144220 595284733 1755905944 1975412796 2106282217 1815389793 1252948059 1693711589 439674497 1597806992 231475213 473287240 760202725 813261067 248740585 19060712 381617844 1960141978 395886518 897614198 2032320598 1128437795 2104493911 707410710 1461035120 1034271295 1147557887 1841659014 96156362 1371881066 437164034 2120971595 1551507731 816055611 742731758 1836411021 841785123 177592817 1423418837 277435614 1957221788 1411956155 1672127483 1418696562 1343799153 2080140262 1653855711 1162563778 373294578 956107665 1437334745 134579042 978003835 187233652 1416052849 652692102 56830865 2052213424 2134585197 1857955600 1358132395 1473667207 1064419344 1433834546 1645838620 1047885109 199797890 563589658 1137167594 1016107370 1827026141 1502720840 684532003 467549424 892932418 56668211 624411728 1500026559 459551683 1089579920 1946695386 1995490460 469006597 91646294 484186512 125011261 1564007668 511263165 2100107631 826881910 869804117 911594704 281950381 1849426832 1529044360 1806069961 701353119 836380375 1201327918 1682231489 990910457 1198448705 740050967 2003511524 1783014489 112726815 1246971518 436290319 982622468 1220403605 960795795 1947592785 806852974 783323069 1785869368 768815954 550868629 198346042 559680986 2132100350 798855971 1117067049 38569694 398514954 11334743 354308356 740541986 1980580608 1889706978 1516858725 1607468417 1605844229 728713032 1937715637 1610543390 1560351985 681308122 592293849 1140685556 1759189379 203507695 1241271400 1010104400 1589118726 1248734636 1614572786 1092955764 18604375 1178050186 792119540 1517290981 1570189128 539060456 685150889 340957800 1031258268 1660435594 1885103298 1603653635 857930300 2034435025 645414203 1603983309 1845440211 623260982 995638864 1185737402 260615704 165318406 717945264 389425851 1659761984 228753292 1562629944 607477498 14157743 1124856725 194272317 537749432 2135978851 218247536 966247551 610087076 1930452141 1683548111 1211870066 476855812 99849636 28759840 1589106816 737005013 1595896635 352164751 742011959 598935531 1319890559 1401501583 1803264273 437917350 336125837 584672549 1931121154 1377260281 2051733381 1266515375 36995590 1900398736 1517677130 435219241 817388956 120250372 678488441 1966427973 1741465229 1289273806 408304172 713496389 1082000497 1301291125 947422165 2082040506 1040277095 14389360 301016014 1744256210 671019088 1886279047 86286376 1865438337 1962420172 324720598 2062935781 1391320436 113445402 1472109751 1111041953 124881030 959335632 593900820 1804709593 1327305831 1336439056 1987942231 2088584086 2127624203 670862507 593201702 1531854143 885750437 292777400 198205513 1013688890 40017694 1005508376 818588456 479584562 373497122 591422594 1056710715 1739129254 468799326 536635280 1028658504 225452341 664841082 726568855 1118058176 172903159 762539312 34682776 982951044 875255132 1653632848 1751422617 1845857715 2071298492 701836226 1708192776 1033872626 172110971 2097389519 1639954210 589717494 920190439 1969408589 609671505 179454655 84968775 1073730696 1969533356 532119884 65178600 63870636 989251081 102447213 577519441 1646353106 935392548 617774656 664630235 1693770605 1558004316 920065761 876797394 1414200292 2062339639 1841480471 626631659 1984031336 1480564887 1278917927 1446483960 1670280088 27666617 2014627618 121784208 1705586471 681248075 257048158 822293189 1601475937 1736117342 10330349 1688589623 1868560186 821359330 1729432198 102161255 1174928843 1170540161 357330368 2067878693 1065498502 1234332958 405244971 1809336379 609008163 121706475 1974810499 2049550881 1679242239 925629847 80188704 2050812842 348628249 492235124 771802571 1304158745 35988125 1696851797 1028618225 539364729 542672223 298434387 1825791448 2045299440 2002432055 1076216786 1945531375 1632472388 1392220940 90180084 613543852 1290954070 584771793 1211152349 1585972321 1525388440 1385540108 224490419 98364152 2045088864 1934952582 689021663 1745000724 1400477189 1465202472 1819329836 64607303 572839106 845041080 285546870 464028473 2002124163 1636711457 1948630607 865729993 1615795817 1913968312 458565458 1990932498 1077471866 1552985878 622768553 223921605 396130763 21728274 1488462489 167280517 24953577 1596312480 223207824 507108724 613245608 603678718 609699581 885112819 95005325 2081456038 1354117416 1448252600 2141611691 1302540129 722125253 1176166723 33464771 743749831 1645924343 707483165 253020638 1767358975 544162938 590930516 988467541 817608533 1644969947 306272911 1357509454 52284083 2066263378 444136853 1602999084 1241325279 117858690 1053560568 2048988407 1980387941 2057365582 1863854422 1981586610 1629084993 854241109 661296655 946741130 730130004 274484967 1836753639 946881500 1762374583 1985946170 1745216662 1774109907 1081208169 1869578273 1652223073 352611270 1293630136 129512521 247661372 857388674 358041851 797071369 269057682 1964557667 320578505 2055926664 1737719684 2057349967 1770112957 480225730 69722260 572546884 365728200 693853988 239829252 1870644609 1256797966 1549472487 937203289 1616080061 1475400229 1539957562 1241660000 560617458 1040668814 2139342144 205077705 191133444 876595285 395106553 2087797850 79354612 1137404831 1975853756 1789526651 1109629326 981555805 1742444452 412102425 638330288 2120337413 1641945417 74571690 307490603 16929623 539418723 1216023818 1825657834 1407624687 982032827 210494168 1856788703 711883071 410210020 1260947457 320643027 1194766985 1476463695 29661576 615111099 1882386660 235026593 887267154 385755228 930567255 1307643245 710576466 1185697708 1076773532 1324895701 1371676085 2086896664 883577662 925796800 519774967 1836119808 230584323 508382171 1446883487 1976022196 1233973538 1194652111 2073584188 2061394560 1811363238 1613372040 1836802118 1441342983 664904879 1839562294 370899274 1486922784 184808428 1370216496 833461777 2088871296 930520010 939923483 1327174421 45279166 606231686 803280411 321473370 2108081801 207317351 1462325701 1603180813 1882693817 188017910 1884673259 417854588 1966137750 440218359 1203226279 233708821 354508333 1161011618 826141103 55369128 152658773 54226320 1108915496 1072445380 1494292698 1848228824 2114386851 787793469 1967805334 309962181 872694470 1491836869 1983340994 1717413914 177598582 1556461574 701885699 91556480 1163317525 1503778765 975546988 1452276247 545996970 2046749635 881280033 1422161628 351159003 427617631 957062867 2099192559 703173593 1527773256 235952096 1427242827 307868089 602383384 1064452035 1745515186 395161662 1544162136 1215731106 836578296 1105956206 1204563810 557432251 115352922 1595333861 781673403 15792005 536295049 1789083816 1346600641 1655477935 442470843 50178438 462951379 2117882097 1541050581 279476097 1307353993 1303043557 624501767 1821352499 1893674583 1456720018 857750813 541924110 1031785822 826652995 687126671 1603720355 2110470611 282469213 1646303459 1639708691 465355244 62520231 95016004 761518954 144592504 49800719 1541533058 1674829316 1748661965 289157920 347437321 1995600547 33908158 1512103395 906455223 172554646 769676323 1163341768 1411592557 901842490 1874509364 1419440666 879864568 373930895 630672945 437330459 1843149768 914595460 1305799127 1612099799 1560074118 326468278 1421694818 498604934 1656403160 1971121155 1792702524 803911841 959786860 847955901 1336193782 1011920252 686448025 958731752 625664318 487905479 1765097543 1784296313 1593774671 1472645499 295767098 856976229 1702464771 2086434273 103253794 669181211 523668842 670040748 448238103 2029013457 160581241 545473122 1555968400 1461202261 1926098885 1865686360 504547096 929173170 1431036169 130641724 938540102 1862427927 1576378987 178733432 1843784509 2079179652 1450949080 1808394213 562866762 2015729353 1103944067 1822513806 838646220 750171437 921520196 614075719 583515859 193598732 2107153447 863332780 591600842 58715159 791650921 211625408 1700788342 748943346 1978567445 2016280862 934415106 1930642293 1207077086 177474015 1477792784 1453670716 570340420 888458806 1201916630 134059967 1844705045 1432379959 625734147 698953702 1838311891 1040111990 925213238 1873518621 440375007 1500983335 1046462216 357885299 1780667523 343991552 382847099 25908448 1372906894 51900090 1751606830 337175180 1579100498 950388440 798523543 680561230 1120825275 944408714 430061259 2044090873 1253275847 1922354320 666235930 1490916629 1927867139 1071263709 1185878350 89689735 1130239855 2051991348 668827471 982474167 694399258 733826170 461108077 1224664586 2121130351 868330603 1670645536 1175023744 2030835235 180532281 1384397731 225897763 727698044 815492741 96872407 1473897275 1172280736 283962174 2090312821 1301965236 737872738 1978051203 186235181 446026539 1479035583 1568511070 861542737 2094781951 598512499 762552498 1469306398 466600740 938934995 1721256018 316683182 1220321298 1684803867 995236845 1154712315 1181273396 389901873 1029110161 211246004 415111095 1571843730 1611593765 976945345 15683134 1361443469 343618042 16096529 1006125665 1568573943 2059192600 1228359435 196780088 1801615125 1249251035 1084212326 960066837 486005491 417542143 801185288 1559801080 1181505157 1122284069 378869225 1317145463 845986393 109026281 1187106401 1167174390 522125268 1590316481 914540975 904815176 1964053909 1191207865 1291258710 600886101 1688313474 1123376318 649863324 1962569821 1372029497 356356816 1762621457 1356114302 459664221 1450045865 1167535687 583154519 206252316 60034818 549721 182166887 1982898865 1527842959 1725072297 1725748141 1106620748 1766457308 382714255 381917660 2008063056 1041080711 1404188832 1695010006 1904328581 1701818688 1039812502 1082022529 5407104 475753355 1844129559 723565025 639493758 2012859262 1185890637 2003843511 972969238 1716198559 1674192370 1003614685 12353875 1179132073 720047111 1472823031 1963108640 74094851 802345876 2106732856 451737639 300716429 417694309 427111526 1971220939 263868053 2077574101 638211938 1392667746 995942587 222606721 1459092418 607691653 548232800 1451411587 1521367052 541447789 191367849 323447496 148558446 862077056 1625778435 43424265 2079803753 1803588435 1545224893 742049266 1884871255 111632632 1336362299 937631880 562454969 715918981 2145414509 1031616011 2094852793 397852304 606827263 16892928 2029388266 429071404 1221063209 987125014 1732095768 1347683474 1340814653 1619193055 1540063770 263196607 215306786 520410607 1192982618 257916436 1515144215 1670812875 272346427 550765698 767707173 2084204715 1964517906 1746670862 964092467 137800169 1319797020 339811699 655276860 1394903271 1278630789 823738780 422360626 696252219 1573571696 1161023202 229696907 1185883734 1901032579 77898920 706015267 199990316 1969699925 1684236633 1709187813 1176457443 1665700903 2039070297 1908510606 1192183938 1840965267 47998322 2022616660 129001884 304920048 1124196212 1451241760 840480436 1160692643 561394951 684527842 919768568 419740811 364224233 172767559 1613743560 1418245875 1441039493 169327328 818882881 1965902851 1093305285 791318289 1488770664 680536758 665246312 1282886432 1991801264 2096745009 1750544948 1992186191 1357942651 568495359 111347015 1598923195 99613372 509850885 2072424894 1040874208 1939024732 264908489 149915268 263394939 1546206036 1728997510 423853052 1118853428 443179743 1563410803 1269120277 1039954472 2033606102 1926706584 98935275 1596723719 1190566805 980553627 882732701 1343495870 573436463 908013782 948637292 1913041505 1078955991 881975641 52299220 184540336 108916585 1476017231 1236201281 1423844307 796736241 319066555 1738904424 1294657929 172840509 1069328528 1835312355 2113533755 205760975 2009066480 645265554 694094692 535086103 1783443778 1389756184 974747910 1452862386 746826840 1876966580 414399017 2108145044 1165325304 1236217654 1103933547 1621077853 969093417 679916038 815947135 1082205490 1958751954 633637147 1676719396 1280170088 2049065493 41845706 563642989 884432014 100800356 960840742 1800423415 301002756 607729259 1716958971 1279231635 618290178 1536114433 670800718 1072874509 128173760 1009039833 6864713 1512079069 1159755061 817617367 1453568585 151767635 1543242678 1158578870 2062976508 2013856249 1498523254 435987258 254868670 1417323466 1598053231 1332210194 697242002 1693708072 643883632 421490398 324088142 479777096 1409486613 1654366434 189233234 647881654 135734680 1184718549 89552524 1891103516 1511468221 1786378683 1309419174 579549168 1786161684 1177801906 229743708 140540105 2016796617 251074059 1094386402 636680274 1845545658 1295990620 2048290553 114777073 874539823 348621202 470785996 1852831425 720328538 60182058 1791724951 507882811 1570999578 854010711 357055637 947528396 1234903256 729256126 1793495249 1281951284 1307778475 426602280 1801441070 2061618323 1558378866 338864983 235683747 258008943 883552228 1124808104 379201487 1305749610 1486942736 273322238 417565425 1917937481 2082486234 1493637716 95569065 226739675 325774257 1623202626 1648649062 1136711374 1746318645 354145737 72942533 30688214 1768312259 169727164 1487661599 1392901460 1664588169 901863323 668163499 458468111 1632248837 1708990065 1340667811 282324175 1405609837 2142417782 589919243 1843407292 382664458 981332551 371219797 1471340392 1701236188 446264768 1826017528 1606380738 2126980446 1612364700 1425555467 956233700 307146802 154771512 1484377569 44844755 1735961689 1653615310 1319535221 76470397 434413656 785706871 1596975196 999558500 603615330 45791017 230442375 1722472101 1298463361 1872843540 1398936680 2032508629 837219397 661494445 1337230722 747578516 55542953 211191026 1533233951 844214479 1559098328 848809694 545899397 13550010 2124548350 255888036 296393451 989998019 1137851546 885953270 1289116115 1627625389 1912222230 172032359 1875210469 1251040168 2013421425 1971056493 1275603434 1934299482 947473828 1436049995 1945805899 819896747 121993108 910911735 1776794559 1969065815 1602681136 1521489945 222875997 164317722 2032640255 1538080299 418990386 160427799 324806255 657495309 803957473 718664359 2121465477 14224691 1396404281 1751399142 1803046597 168781840 1162494885 1244825968 563143076 311660716 698869827 109957110 1839187635 1963990896 2112000119 432835347 1215835036 1181277980 1510657840 1503406028 1075315303 1116918872 1531544636 330375692 612228441 232483379 655531900 755121236 1968735484 1359593331 859585988 1378327422 391836188 1185913220 1641399719 447791656 106886757 1589031241 164361705 1366497475 1444455205 1533111154 1469907569 1628453514 1836355903 1899349224 1867141489 42291396 511544974 468105895 1962678434 1312750522 1367196326 1400690712 1123432682 1226404656 975602009 707327083 958531739 2141105191 2032394922 214698455 463278996 821503561 243930973 106051563 2024102429 2011770225 1118710004 480679719 1194514071 2136461168 954594425 1093196013 1660325288 1567425226 218797186 135891123 1547434355 1567807911 246499983 1179189541 1364738638 2079368735 1798679870 1993565763 7080150 1166242767 1228070980 962793318 1926179984 829868242 1116098653 1517777975 1762520144 1195676423 1677749832 1069607014 397028764 883908 543549044 969454252 1652065541 19309817 1824410344 984185881 1067411062 749100285 1676954031 1283411863 1875523429 1513095009 2137759805 2014807689 386167899 135650557 1332763204 1586812458 777968706 1968742118 2083462175 1736744562 1691958504 267426447 1471839034 973864597 462342138 353362361 398325471 1929095926 1055146018 857583646 528887524 1695207536 43835719 1939595153 965225561 335947981 430337800 2136863365 193137963 683807519 921463897 1912660563 981098185 77712522 1996554953 1632600728 449585431 567665636 66457683 769045972 1878498401 1167573322 146413209 344053738 1191299224 730441968 857712272 442045022 700625184 537034652 1850970544 286902145 1074725444 291036200 1599253911 1145761486 1185031049 8924482 1382594072 375550769 1523882779 692473115 44575675 948433129 1118379244 1931761670 50002597 800350064 1563292069 1282522141 222717820 628773655 1780730266 340148832 1918293522 1134490353 161470034 787510088 801146899 1461724406 437165324 1188390486 637018695 436323052 33579157 373950749 1510762324 1759614457 1678920624 1286589871 2038919701 1385876822 380069188 486948449 99950725 361920742 1259595876 1215908409 959666131 2005443629 556408797 1170167100 288476482 1292696473 2063843733 354903488 1384742813 1052316979 1456553260 1145068957 292646019 1264916866 1755429538 1735679781 1708257765 1305846367 1700415957 1684971402 76225470 49434280 70778528 1973355125 390838371 1325625198 914448333 1919009388 771806286 2040959571 1421107085 1314124958 1000143326 1762860541 1930721368 1205663306 232824299 1403762649 1363568114 803666603 1114839107 215816453 1309084181 1803118575 1479693279 1999106049 360450532 31418890 769720460 747988443 1780268550 1946746444 1147528143 1197646179 1996479561 1518994118 144361509 1300699925 303926049 2127532757 609285000 618464224 230166649 437572927 621500868 684932422 988073033 1496803429 896642401 1398330356 766640656 1551575209 1647661732 1134197619 1612701845 614175295 67321385 1516808308 547195600 370575107 2116374074 910232927 273136936 1545325319 152716505 1604388882 476545870 1245765846 2003333326 858176388 1353957131 57575285 1473266773 1658722330 653119321 275268521 2056567508 1386853522 669537677 83065805 1563055797 1932872150 397367701 2094646293 1103041283 240876064 270265650 1873206411 350497631 1965507290 168181095 605664785 1453251313 1792579819 1473988409 843650143 1682314075 2029257001 1713656232 543434609 2093987894 1606308158 2006861575 1755038850 1985072369 1478913247 774874586 221222946 1120858057 84653552 697522451 961677738 370928467 1428808084 222149273 748651626 988261329 1857908695 1746889822 1285244629 181738370 1197719348 1370890664 736687924 927835824 1247545472 1087855675 1486585399 1165507361 1778163204 171064331 981017983 575518258 986199926 1635707941 1209174446 265980618 785987764 985403452 154338913 2035401633 2001293709 70180008 1835137548 959065796 461893819 852213371 224222886 426085029 1105411297 1569327728 997773596 1708527249 1360928129 2007840660 763644524 540127607 1422613533 1262222381 178326378 2057821297 1107068 1693147945 623241890 20654088 730453115 874525546 1580007897 484370278 1116392547 1273103656 493074652 216681956 1281567499 349889425 1546934320 176107991 1897822310 92435908 796280617 623350157 1560358619 1518366579 1010793312 635896974 307649986 2079031083 686534585 290126662 170300355 1997088527 750643187 1241869958 1393864316 555797667 812872581 575149615 1715339447 1593800568 1867331572 53095464 721817643 1841704447 1019842857 1187843740 871271050 1192284267 1922367343 290050375 1612278495 1534859425 172910146 1296495377 804290453 1521511018 1324303777 1258814839 185368566 1584461933 505358107 177832989 1785573232 1144970466 1546834278 119127873 1820575731 631047582 332047898 844900929 1129960081 1026065482 821315071 1549739356 1099987952 131147091 514817327 1744939547 1840470910 1034088664 303281320 1579547494 1651103459 261526290 1808668864 300027375 24038893 1690952416 1938304991 1429797197 994083869 524133210 220115090 203246588 1973464870 853351845 893528860 173347103 1191770991 1823644584 865073473 1263851641 1898358627 406641679 1381794550 1768725582 1525602197 193511289 1654971079 1670318676 1190644534 692268357 860683230 1078352827 2855475 1833502441 400162050 2085697376 1594332599 277810073 705313307 1148844048 586312248 1045528561 1978289181 366367459 733975269 1122232664 1233208472 1328644006 518611699 1057272552 631802388 623606864 1366462162 11191381 46214751 1693470544 1530331375 228598301 123650440 1965082827 1020665678 1152226541 588306280 749462907 716047214 149313206 1834253537 1289910412 1451571199 596516998 1920296019 415955392 1109537350 1001164339 1484913086 667195602 214588076 1951612923 951030156 1419695798 608922078 1576917819 126822513 2122065942 1120144612 707403587 1824928075 1100979754 1596259602 209275773 1212713708 1226682383 479651252 1757152571 1369753657 1385666564 403911613 472410469 983844919 1886199528 1239065475 804312157 1288285833 1378614876 416275528 391040544 887470452 1105731017 415303291 1194008975 163627850 173265246 291534429 869247149 845827145 2063706236 1767681064 1716173789 1582170921 1997051204 1352114341 492343055 632591427 467884750 1315869996 833768423 1681722486 2073349141 689535864 1780040027 441366264 41858963 1053250179 93347326 956766396 1889338853 654010429 1362640823 185961279 1681973704 1336120914 996904467 1914490474 771645806 1077725857 1353776052 1291043409 42268259 1920883382 1886415778 616648642 1826392022 1875678904 117386962 1535436226 335504671 548559399 1901465925 170582961 1387988714 1305666732 1511846773 1144961290 285661003 1822819795 2111782965 925737708 1948127323 1822742053 1768481529 1527869214 248440016 829557298 1360299399 412930830 222714426 409433455 765599521 1991399788 745543287 573824238 698190763 726837658 656981917 730347868 107581048 757360996 1770380278 1347077262 555039069 630938529 1214143526 1359770910 1801307232 130764590 1993827611 433089227 281774427 1195199769 1554980286 1774986753 1608562662 618226963 1100097247 1043096090 136710124 771150770 1793302218 294581286 1785626527 1233810738 2070419348 1070650510 105836127 1699425857 760297973 818012004 593377184 1589194341 1837543665 160789237 1024138986 747335974 943983892 1522853847 88200280 253610565 1583700181 1515444695 63629933 1765152579 709897742 510744529 882884222 1752001820 2089461750 1976737290 1621103936 686409530 6141506 1504786107 1734920045 1891997777 182050092 1534987590 35770172 1143595878 1295034416 179450344 1886570745 1996952533 913739166 77784468 1914831990 822428858 79066496 1259619446 1193264190 999151239 317159662 1837783217 164545618 488112491 1560363338 177499028 1738929856 634226491 1069049878 1482997251 1518513541 1080387067 1284413656 1856727215 801891911 1744267480 853241661 1907156680 621578086 1102863060 2029994941 615605222 1271274218 1718263258 1857344938 761267540 302898407 1119894763 1532052716 1819986917 1293221107 1556994050 867441655 1896443185 724108602 1659046799 1958893427 775250250 2029215917 1559868270 186345278 1709359620 1976422586 1431350064 2026939148 1820879433 1432001655 1810700015 2111636943 1284722814 1046164902 849523910 432015662 1902251568 60023457 1764529812 412547641 2064208554 752158237 1726335307 402791520 973897649 738758863 1483264832 213577528 276868989 440125164 982988209 1905488009 156514548 1753742405 233959863 1588831597 508340750 847347424 195910273 1724994875 1309435353 1401077546 1104242939 1591973084 28878280 302712439 234932024 1999220527 1991985829 1713913402 1315633621 1039746990 173385525 601306674 576249591 1125052502 748747694 1976060956 45827594 1635918094 283396612 1809331938 607420368 1400147084 468775569 912509320 951468564 981541541 27424288 278771702 1774559984 1715053267 439255776 982264464 606538939 2103433446 405801675 1150062654 966505760 89968695 2051877158 208327307 548364566 1434984903 1804927098 160148808 1656386619 1873690788 1093369646 196928640 13651190 46082884 1220052720 1448100431 532343276 442870652 1712033313 1653000309 1564910726 511958757 266610234 270695420 1617434566 2001122254 2000581846 786415050 1416481277 1654907165 210492874 697646642 311773076 2125963834 247999566 719279636 827185647 762676954 1329810637 653119197 1812787727 1118026259 449041222 253525679 194322446 2122884826 145844867 596062153 757756933 1181142360 1738804133 1827731725 2074286349 180083245 1225898588 823118578 172776608 1148858239 741251071 1175679582 2125531106 852117452 1379318098 899949780 1328535069 313701602 589577650 1893455190 18734498 1733207352 1564132782 847157614 1306829499 116187808 499007140 1233344990 1525897706 257535456 361687174 566430005 1283661339 1467478561 549088029 1436703568 332111786 2133398652 757805703 1936041176 1281621483 7730020 2039397062 1199451331 1672884836 908329303 1705106183 243110995 1350313593 354975818 520684792 208741737 71754218 1642557423 1026884 1573710029 1061847256 1406048878 1740833883 125519661 229057488 1991319517 1527512262 346293939 2110056494 1301879255 290368648 479915838 633354331 2076937684 1009815226 1461979567 1803581833 395478091 570178156 1924697610 565333393 10625590 1230958402 815650253 1968219592 1769169818 182219071 902733455 1374878043 1285415520 60625479 1491460892 1913884525 2878748 2057919210 1780073302 877059921 1894875409 1372620886 175466143 1089458751 684344442 962645990 1104852182 830530337 10700341 1981927157 1548417398 1149680878 288031 621400236 72363773 503291928 1326981944 2073833109 416930821 349634636 1100767873 1112796380 1531048201 293954593 108747368 373267797 454977480 1389239686 1213200172 1868085650 1267949353 1905882376 1348761718 1040858470 57399768 369351757 1762357769 418436408 1164028953 923639804 229653917 1526657849 47871022 1044781858 418306774 1963189244 2017515517 852262701 1700109990 1345618539 289553449 1245246200 1831623187 935139329 151811982 1497283931 412076641 844648404 89972332 2055716042 454932323 2045637172 1337369150 1844067720 1264943482 328190698 1492926723 2097219159 240951942 805223549 657446151 912682732 586314765 1791490949 1255307733 1056140098 1528312670 1033539238 681522959 377715531 65137951 1026510779 1492395520 1969547105 982747365 658095802 1934138100 701850225 569988352 1233204490 1595558147 1316418912 486757129 1869786460 376829522 2015836852 1556312238 1103395970 372238093 1978093663 415094255 2123007413 1732587423 797659121 1080682885 628942810 875760237 1454471717 444074462 1458542615 1658237144 1425786991 395486761 482916458 1497348299 264581202 231362873 86774259 1740910250 958392785 2060360657 583449368 402450550 1939577891 142239376 203610188 249763844 1275475090 1147254822 314175944 944563669 11975269 137301061 76820706 94485475 578568971 1712758277 186497079 1056712181 2086451393 334959681 78917783 1280905200 754869832 1606737218 1667565818 1563650219 873253067 834823727 1636982188 694885095 1835338022 1989536399 1829160882 546514932 458326038 1863986082 988369790 1194579744 144273992 511928567 2041041508 838430572 493831271 1555056007 1109114369 38107601 255412282 335057294 464153756 1798163565 1206438904 822187712 363215861 1206614507 1609113043 383236392 134622800 913718257 725552841 1159513983 539020309 889208502 1672377036 656481866 1586597315 287702684 2123205003 1456441727 163020398 1810350518 74308154 1440480157 998950383 305113238 1276178022 373391799 924921108 1563453801 1975672701 1242547230 1461912841 952630742 1021405721 1803842773 510090310 1088893832 1105707588 1175513197 1903485071 1776538319 602504226 1049432530 701166997 2071960329 1307132952 1533836559 96554451 2087798719 1965853485 2146453965 954732191 1437000185 980546654 2047776019 1019200784 1601613770 211531875 887275731 1671724570 375556781 1444382934 140260791 1032290687 667597359 1715392441 869806602 2145719784 2007333563 921994642 229006055 1127461410 1302086831 429485424 818526412 1119897835 1673579153 1759269448 2006665426 496266775 627524802 1903597928 507779693 715509235 2007711526 609209534 468818484 1611876337 202343541 1594860124 949224156 1202041108 769383835 809026628 1323165271 1322770941 943063416 585669420 532635044 475404741 1167380376 641821216 769325167 2087623128 985814267 2120105621 1230320719 1845326001 936383578 1263603920 1791043258 662808412 583104294 73149681 1469747910 651409341 1722276239 2037389401 2010050136 353016799 1111092987 1131195475 559237074 1663354369 597451316 69603783 496293376 185869956 1779028913 1977359830 34730130 1009319665 982458321 931384937 2018666773 2112735864 1155957576 132920479 1993799515 828940204 2061505233 2076027284 1317403865 1710366610 2063928934 769704928 1344495129 1281801876 1715914652 1979597661 719181069 924734 1509775345 968021575 1864798132 908180706 2007242871 1373598046 1954612400 1916555026 1028010203 276217581 2069893374 181379829 1316037678 80617648 1846392248 1738290630 1170649489 946914938 1469456420 134983437 1101588847 1013243478 1287487443 773392980 2096090296 445409177 142158342 786687110 1546011955 1912159594 1512505757 1185107237 2097754062 1105338424 570940036 1084003766 703791206 426042123 1403155049 72375210 837490933 1958084819 475192537 11180810 663271753 1752266474 815824201 128737778 1440849495 56926963 6892614 465270682 802811491 1427785577 4482568 1736429504 654789049 651913635 2416091 2127576832 576105274 2070645620 1870419523 1965088349 275255156 1543146022 972630080 43339902 982063615 1521903308 989404970 1095781449 1207471103 1717324287 750048601 974308200 1788626560 1646630908 1292676367 871312547 554267561 1366112719 1827793046 1893755999 2130402209 1573602948 961824933 436020834 87741726 196519296 1879925876 157185889 30464481 1925480710 206493464 1065206755 378278804 133960722 922384617 2081156408 694576451 366214307 713362163 691806449 2137950713 705469396 686347177 1812601726 963028167 1754809958 1294745679 1610560946 1729265862 1754149995 1158918866 1317813836 1064784248 522275417 1119907772 1772244461 2002498701 1977233629 372316376 1702851896 1814084912 867173911 1236918692 1410790313 568757129 1172749818 420203647 755002343 1988813361 1253942414 575026628 1007933857 1481446116 834782125 1353099117 962702940 87498204 430406416 348880313 1911892151 2118552645 975185454 781327143 386815091 397073807 1249582487 2062130323 2104181611 1998048124 2134109808 233830030 840003856 1760516492 165396664 1565340009 71770231 765014920 364546016 1613570817 359845001 569807051 2037603982 574398365 2044163673 1385440959 1749472914 182235627 1017570266 1471949712 1600356831 1419532080 99713209 1822643271 1667902160 1213292253 397734824 658086430 1916329725 1334511332 39728340 1983390219 1036168759 288544712 61053262 397955965 552150636 523931330 543500588 43942634 2004316610 207518833 895684382 732524815 569715364 711477374 1653012250 1849935242 1495813 1671679691 1988462170 489099216 1221313267 53798559 11457840 464560627 1841422730 811627347 540758020 1264156627 1208833497 1158560223 1548042248 1537339850 1065416393 1590226541 1717873318 895780666 844334675 309667957 431302079 289901499 1797094306 497014989 215036839 329483006 1145243854 986263655 1981963235 727445318 523775881 112469209 1207251838 318165796 1096000910 851631831 467572581 1910499941 342504656 146339733 1257241396 1385331376 1978373678 1876159302 180367240 1310129657 379662664 1941034949 167136938 1234956978 1079710802 1497483013 1782122009 1046249242 1890362751 334575638 465386019 1508165271 1616705805 1398757208 883532981 165454834 320282673 1576425017 2080758651 1557084815 1421475985 1188008551 294820517 493997042 2128962681 35437618 1509333707 2042633571 912590524 1223786160 1873043320 454125437 1740260649 2033189819 2136444458 294003596 384671098 354522191 148017556 1010887465 136638298 1867684427 1646731922 2121087963 1984101217 1948958033 505205135 163963790 1997365690 20522819 1384119544 1817258558 274496940 885511007 1710425323 30256900 621918438 2037772494 1047960211 1673627277 1508791291 644307291 463605773 1786519064 603208650 242754792 929557561 682570238 1282914300 1198461069 906339527 1507973069 830888241 801374062 1611590901 20767435 99946443 489382483 846979697 722972186 1067761795 243139020 140248733 1992131865 1967745383 562239001 866825038 1265937284 357170991 1266423190 1006512474 1353084114 513236788 487455357 494635697 1067062936 723666 298497104 997036591 651345758 2110477566 1949344426 1398193839 611390971 1825628933 1430611837 359962956 1649654628 259208777 1314997852 1908856667 1842480022 1302854609 1147999368 627229493 1243237397 1744044798 66312759 898836066 971775938 1712920513 327227522 2029441791 1200556587 315574263 1357897539 1132635004 308050222 1197955793 662403661 1534318368 1183571730 12266763 1427241839 1157826540 1426789785 973376727 1607914105 39331734 565298601 314404572 130836846 1543352398 1375003651 2127017767 1308851823 1628971694 87383970 336272929 739630620 1776913840 17509075 1544955616 1331315598 1831877789 352695076 249120072 1868441834 544957822 795351985 323022521 291577274 1958402662 437187988 1046834490 1447475370 641325948 190185037 421615270 1333280866 649697235 1062666648 265533828 1231866759 1897950537 1468026720 2144128265 1342058631 1594895825 1768211407 10755008 1399883489 1992443241 259394830 2735362 943797938 508653430 955536383 1668398938 2045128481 1189226522 808494852 1380460980 833498298 1273772612 1709564466 365569843 2103814465 1931211198 2069968349 170344562 606712120 43575812 994275122 112596545 323120297 825167437 2121549229 514534438 1786836802 109187388 741784914 599635127 1668556489 1890435791 1048826591 1507664013 1305298239 373468940 555085811 1900425429 1706814048 2015222060 489334286 1090996748 551072836 1661754519 1987706942 817085230 1150622938 776868076 1299538080 219564603 1575691514 368451112 360124023 2003076370 1699564754 472486745 1188087531 413301450 1877684526 1350954600 730391200 2033426596 441777488 1836475202 1925407112 1044313578 981224948 1024596560 2096743395 2125479173 1532758827 1524467251 1124865252 126889988 1084899402 1500720329 1789951131 1619383600 554627694 1648585773 1141627011 569275393 2092735401 1624323135 1307696998 1642006009 1066232836 839908461 815125273 839199925 266242525 1627331974 1983576890 416147752 1714765932 186963849 2055383516 1731867819 1867440752 1244116971 993474939 149375195 2022139660 678128997 77371714 501987302 1327593138 1952744888 1884859089 1389242749 69598997 911155675 2045743942 1219476932 10360134 1663708234 1689510400 1176869109 570608190 1927432585 1002662455 118255461 621036333 82167659 917270188 1445886652 871809273 2139146044 1916056456 1085538604 1030394708 526742947 1024345525 637473450 1513511339 354228611 1434114191 353607722 674677630 939601155 9842860 118421727 413363228 1096207306 1006556808 22685573 1771016654 486606409 1505564229 607665670 212690816 1587575470 1750699077 247233108 1255504461 309906205 973745576 2059885185 1605812923 1791226820 561283012 501007711 1473600354 1116745123 1554306631 180145911 630205629 323015613 1168201564 1811879524 1406050002 1718896054 738479549 1166674118 1213168832 1625769377 848559349 1273868610 932254020 240501307 755858485 2081879339 2139964361 1967820763 911751492 1908853865 880602280 203985997 826199073 1208234847 2118029300 647594527 951997966 35181548 93163626 1623906429 1151522535 206173380 1135202535 1171418441 2064770876 1847226676 1478807595 431523983 903101327 461726121 699672777 1234863722 97872921 678058749 1789039526 925392928 1587876815 1304542822 2057461531 920684817 633303347 1187410048 1164049374 1466180276 1791668731 1178593604 617043743 737144859 1559115093 1568313531 698333448 150490104 1336015477 572787553 689749346 1976605109 787068279 98614147 715499760 664947368 133275361 974105847 1875654699 792599836 1654728780 382739637 46405878 393797625 1854135572 423139766 2112665973 593651279 915354642 128281874 31052081 1292290185 986923524 1261019621 1485342038 1228117710 623958059 1092723267 2116491986 707697872 470839399 1674087961 1985044659 1477759003 1802236900 1513951523 930117478 1984148803 1351898343 1765588309 1337351927 1378230531 418847277 387911274 2146804017 793199045 1554634756 1585153818 158094040 986720149 1757905377 1126088748 206906335 1618438710 1135132257 1733938023 1497004772 1051461227 1935200925 925581966 1768811047 539552078 880427057 974524915 1808800465 1455468715 1745017326 1916366065 716898181 911271690 1824177941 355331819 1518755595 1940680855 1784835485 693573660 1647783002 2123597188 689374367 495617684 488713026 2099891427 1013471905 164977639 2056533312 46039186 54318603 14369203 219096356 1546954064 798381418 772914564 904805907 583970952 227926986 555366191 1447377200 483707806 194293259 1277809507 464110456 746707614 1035285217 251802095 904074652 717510602 1055982902 1299726795 696826480 90024760 1405838052 1449498658 957039284 1785681466 829537873 1018846526 293674101 87157453 1733179741 980135783 459799596 718480669 1818966724 1183186389 615275762 280809842 350329677 2022460073 2115910456 501441292 1020096829 1681993696 2029573533 1970627042 227559552 1023323523 1296916540 1726088543 1567707387 58887032 1441418098 1134932702 1556542164 151829446 1563072814 44090266 1206103281 1557073461 1520910293 238741857 1409585947 496900797 80971218 791173499 276022197 57315712 2051970074 1656815558 219385866 2000986149 979983141 1297846927 444929519 2033730696 1113212946 427802947 957913324 2071175470 1860547111 1309543576 1668478571 1266021665 1734074209 963353720 1141486703 897577342 159329969 1170085121 2143168129 1508029792 481079012 566532902 1983968122 2067922142 455440125 1383870762 1166754728 1381366719 1735739005 1417063620 678499458 177464164 301918178 916871400 510708461 1553562416 1050081487 1722725915 572182276 1384964726 245783961 489420147 2127208990 626163400 1574794813 1722771461 160671669 1539258699 1040778043 868698737 1493248770 20794424 1533346947 1443021450 661635426 950859021 1349068485 766443226 1056141800 2036433989 2097237520 2021055066 644873679 1774156729 2074046630 1661816323 1890720778 1836674635 1927991265 606543864 570278329 357386970 1183756290 1945509422 2012150304 286795884 963579910 1265702278 761580709 2076873517 2059933389 1287414761 1403828851 622210912 348521173 849551656 1595552953 275362092 164445684 808172158 1928077755 1340588614 1777448977 2049305797 1316911204 609989223 103480576 1748011807 1669905351 1930312651 365593044 1215187629 1602166597 1002898615 1470883277 1445791892 1004702596 247919117 2047913147 1739629818 796730176 362938149 1069312360 278749546 1874908372 388986524 1456020897 786108099 428882938 1643994767 613470709 366814349 2140233619 582228506 1130823322 1701621807 333246875 342705496 1858308077 1371426579 23095759 1396318170 1720331989 1191215275 1531474047 1726923679 194945238 1755641865 1895695883 509533099 532827230 997070434 266120070 692419889 216398603 2137670386 759003686 1700244724 1116638501 200290995 1836873854 1308469377 1607985383 151974031 1207388495 93226123 210475412 1963946916 1899812731 888612404 1763148293 438528391 277604567 979439390 1367773612 1627993313 1573697640 2068907441 455395088 1440560019 2079583170 1071637830 713289453 1185507773 1317234038 917835090 1648675765 421726340 203598440 171731474 635289607 670111545 1894915137 142107758 512183232 677530941 1803194490 1176826135 1703199879 1203213451 406350315 794630191 1321722828 1687133947 1468197786 1210727343 1965126558 796013069 152828278 2047851792 1325641464 1158064381 1342051219 1934233310 441816169 157458188 1802588433 1039183752 1071176552 1573368349 208692634 1376846302 1839002794 508518857 1864586950 2107916134 2000428242 787453738 1938073776 218113113 1695061101 750458701 295926488 1128489806 1412990509 1227337033 833047085 2033481719 895548850 1589823161 1439719374 1630073350 1345327703 1525206726 286807600 949835892 1865891025 60405326 1722183255 1056465875 631384611 1297629119 774286268 939182755 734714787 570623084 127974996 904711823 504203873 847667930 1330697702 1824261616 290655877 932148349 861478722 173535832 105987074 1820079603 1637800812 2058278404 325627536 87869874 138521000 707019457 40688639 384615244 585274242 265929223 690546727 894349187 1076018504 969681459 329299942 1741992297 1900379342 1257858830 1927447627 1472764336 1144448584 762380578 495115644 1832398620 1160320168 1558368165 974489504 655851142 421896097 1865098400 2000983749 1666931389 615302267 35307612 906314091 1503148362 649818676 435983267 283514815 1320788539 1971113037 2029996950 1210750569 511806124 2011577827 778830504 164922545 758974236 1439488209 1462754520 2005382994 2009165178 525613432 1893004661 2114610253 4579905 15661264 1562269834 61529781 731199964 682393643 893554142 1210789480 524053993 178685554 1818968984 347612510 420785627 1926856951 716238756 1477911649 754770849 1580744233 1947071779 1279018904 1060259784 233893930 483913010 138252420 496058583 1539096516 30113143 1127853854 1030309362 311027165 1100825420 1678935997 1088055865 1633591004 1079872293 1953852705 511106149 1105782902 122206110 1285255503 634765049 2109940016 1747131992 576030190 781973001 1393154307 166525504 309347175 1962338956 1529277177 17153710 895351732 392226520 37934107 84928977 249289567 953245338 51720616 1161540182 1058010407 1333526125 1766272337 1653839435 1609865249 1698059371 1088508705 341721444 1174963671 1533169743 1811735522 1822480069 1818366410 1594210278 1857627640 400252565 872579043 1071712056 769949836 539020042 1518640698 1156719991 491894162 535210037 59749053 655189979 1423698358 1729362052 498033986 2130534501 1272327803 2095630560 1074222736 1317994882 1255605895 1823435393 1432382472 1875223634 1616108282 999772576 648872884 1048406900 568689816 25029481 1992582448 522663261 93463100 2139003579 516754593 568827451 1565259544 721419975 859846516 317523630 501482090 1353757113 919694514 1849150161 96219389 1122244941 884485677 1880442425 905950783 577310192 1685272602 201820047 992495089 1802358326 58798771 985957443 1616374412 2046289937 1227973020 244124550 2038678233 2050942847 364703785 1685755642 2100289782 583446236 1142941300 1419583786 144697896 1804256911 62430295 800845329 736065765 325311291 1327704468 1826623419 350464494 411061291 1408644640 202969110 1100073203 969084123 1517649024 1491040103 1084304621 1669475104 1547180044 1976353679 275392976 991226677 1848940560 30914790 2009817083 1596102263 482478659 1022158181 919192407 454463163 963267209 1257568493 1973528299 1392739946 2012267669 1173192792 1980673468 1744839865 1283778915 587609753 38950026 1743294749 2070510875 1393081850 1854695063 1388338371 912348613 920873872 510605174 577950914 1073421430 1621074571 798252271 428503171 7659785 1616459711 246457644 795135265 581798577 1942321573 138207465 30165046 1865293646 1291922432 1813201455 852345093 511354140 1323469869 1960153840 1317375541 787917855 279592810 1309159632 823978021 722600735 1155813351 1022332716 721778368 1947334072 1489953569 42874370 35586217 1450797536 1587265583 1860703897 105922852 1409545513 1110013180 542635600 808471108 205733050 690287941 1448243316 1154650040 1878035145 1838097820 1858020430 1832087830 1856233514 188333538 1347965876 1190401966 1987604935 902572590 2013609665 1948078401 1659881514 1638647260 750469809 2104587448 1472417513 1969788171 541038948 22650559 1564326426 647283717 227162663 1064395193 830693216 1377582134 945941937 551629277 127530065 482287017 803998233 352793533 1938556556 2037675715 853426772 615384683 1794323307 437136439 704778747 1363919140 587872861 309065446 4816478 820628595 587385918 694099930 1039106342 434943952 1035845485 1490770985 703177416 418398042 1562029931 410080177 50911775 1182982316 910489009 262587284 1848646478 2039528868 517516921 920377017 1679154720 1223018502 1939442454 1608656081 2020963169 1757028245 1159265710 700909299 218531447 1837927063 883688927 646555025 1725231012 1736595897 1800081241 469655008 1888242315 124141724 1461990556 687575610 2120228364 1916906405 250731 1977212359 856196271 2038180112 228325644 937065782 203661523 410399667 459776900 2136917732 1386108466 569016938 952566172 12553175 1864633741 940043947 626302964 1664831955 488845717 464942088 727569486 1915041327 732402326 401013013 1003000189 965312494 1150394081 554426318 2134918465 1530881931 846818775 636865168 859655489 2076673920 297037280 319070484 1396447909 766467557 1719686777 2071342909 702212371 941592790 865755137 573130092 1935507956 1381869155 1901474029 1069475939 1459980862 87200632 991539014 1539931509 119514538 1967040705 1321297714 1108847237 343626409 33588741 973045287 1912557631 144500361 55637432 1359332844 1137786612 1429350633 1408108556 533863309 1243958686 676699193 854273429 2038398646 1770451195 1075957070 1958499057 1454186915 1280103017 582847722 1842899583 325675240 1587327276 1338029471 2101481424 382274255 767928032 1207007730 802553159 1344433529 1712614922 1969443548 1969451043 1356195933 1580848856 958674788 351601557 725172803 699170415 137220375 713401867 2061039368 2078788097 1201458339 1629339904 101026951 1573883891 1325678220 1665016940 1716322246 1630991157 1820421096 1918166446 2077128445 705122580 1411268718 1531719304 104460502 296415304 1842565415 569062336 801809771 64832421 1585484312 330448459 152362372 1408439198 1050415618 261869213 1522405215 1173043017 1551485021 2104148952 2107565598 2086508780 488024391 922585741 661615598 1249332565 1510163078 2110647427 59888136 712850408 1801336168 176393234 538084493 235613940 2131828906 1980501391 1797940848 125393325 2026187593 1266568236 1840910087 460467028 1339232348 1559031930 1656511898 1264806908 640747340 659121809 521431957 1601759469 1591702078 1634440448 1915921021 1497044452 642922204 595461679 334298796 1388442060 1485195778 174230642 1995732484 814604441 948956328 1392865561 746425977 92243400 1724929591 1180427866 574631716 254862095 1757874264 747587212 166767183 752035096 1230687656 1360234162 1573677217 1521511638 1672630269 1475213907 1746484461 315041013 1292452359 566243080 1751139958 1002721722 536806926 1607150319 1230336370 1667985993 1215289121 844969107 1482595850 1032762819 262701093 1172887796 1598483428 803964239 88032355 1339089923 627222918 684821614 1037625428 1159602911 74348353 939536625 1259850236 1881538802 2051341976
functionals 69468928 137693056 205917184 274141312 342365440 410589568 478813696 547037824 143570717 1105099615 1332979866 231415891 936741482 1843723073 1295504637 1570053159
quotient_weights 454039271 1568027769 1823515930 1174971211 2134787413 1172658938 1555303262 547708357 176633452 328408988 2010919927 150200000 2023987402 14634674 1074415053 1484905741 1541429220 1782910928 714515941 1542084391 261635027 1304842873 614056674 396308428 2086762823 661334572 171259127 559836825 1077191991 1390940484 589278880 1530598636 423766594 538213942 848688390 613903504 1276244007 240122205 356409425 598982176 1422982824 32922646 1583722233 718882882 309572439 37775677 385375579 606195073 1254507679 66943372 1569798714 1797597294 1374827077 764157368 321662761 975960608 1060158557 1051141516 974216624 1385818045 391140746 983993405 825335232 898379169 693984666 1203948255 804857573 1634559871 313634062 1592776391 2025101643 1210755435 4112551 2053865344 1643540769 42961685 52606563 2041125788 1076096035 295248798 1808792577 1960981349 1330382708 1058882734 1187722399 1472443440 720787934 661669914 1529169946 1475235261 1908045875 1756161771 948878586 72269551 1917602937 1442283624 1264693487 1417747061 1692023479 2089456665 1394441225 935654202 118928975 235544487 774325033 1237845583 548742079 2065901252 740094714 473268903 1039659165 959190233 369143685 948784069 747090162 1979047967 1599148241 1139945913 1331878028 1652264583 757627430 755482598 55541745 2002628444 606070408 1952706759 1443281888 1685000771 2135893057 1179610360 1362702461 1978593886 223698202 416239285 1080342362 1968316626 1531078541 451724558 436260690 215648449 490717353 837799934 2127092845 901248766 1130635283 331309742 1375269073 460126432 1697543615 43389448 1560445179 1021545513 523580313 1109022455 657448055 1084928149 1082573163 1966232591 275528 1002141876 1160099729 489538152 1964378166 1301971534 1096372287 34531640 614374510 2114104558 1006927386 1883535925 377364158 866516548 846656950 1668930644 1255432454 967623610 1499531164 943254689 919144599 1993506849 1654633092 1420568362 1982121840 1926825389 1475297240 919330698 1088279869 1239033098 1727040061 1586826903 34855552 1546121504 484797150 1495014084 1349566947 59589609 1864979833 1938014914 868509066 672908283 462564128 1964437571 536563337 668260292 1190836125 699624406 2079921836 1155421998 1654440985 1188863401 849175036 1893299132 1791098675 1312648191 985544762 1475935225 1217477571 1710179801 714432961 693619606 1478275722 630378663 1279747594 210173392 109985320 2048554509 1665752451 398931758 382037193 1831721813 1842746030 1939695095 35117447 483940934 1844359180 668713889 1585473596 1853990852 756871994 1484959370 718238739 1805423504 1355930574 838474573 1960436044 2050340201 1755129210 165731135 1034667031 1565782195 2090776337 1818157042 1599251277 1108073804 265606393 2060481800 35664239 2675780 765451031 172514334 942511661 1863135984 1389601755 1619497700 1093536606 149553442 1944448710 1400797214 5479232 1626599204 934583008 1057768494 1232726036 238675032 1899584244 1063433540 1468387579 985252375 1143570330 2024839050 1463378073 1131223652 2079000593 582236142 2135986263 359675061 1461051841 1213861819 261833907 1799828838 796146334 1527820984 1398919590 2032257427 1656559888 1859799745 946368571 1161178871 106369693 2133850530 284289742 1118235974 2027785347 2069228850 109955692 1031048835 132052523 1727197824 269374483 2132812061 131833918 1108262975 98448899 362033194 2137706724 64464820 1963487657 7810764 1294155537 786556895 788494324 997562742 1757838360 169884414 1751260980 191602495 496136782 513117583 1276512328 1449523112 364949515 265775568 1229613968 1471240681 838560008 608288254 2012974083 1775711929 231529403 118013303 729410327 1208685647 2034521883 520773341 1261281819 1519637655 456183657 750777757 908221139 1154121785 544188269 1865723510 1615645490 1890844786 1503043462 393671918 1999535831 636138482 55816084 1874418508 155683508 1312986589 275673668 2057605845 1084569807 1005041972 120491461 1461257915 792668887 805746835 1987019614 2085790588 1643925483 1003536679 1888558656 477366921 709082999 842117178 942462284 2044856482 1068502275 1014423905 1460297546 1074439568 595803758 184707676 31761640 51699849 2143744143 1218381741 335597794 1648735226 1011491294 1569379287 93033046 1558162648 568273039 233548837 1791852836 1954464925 1847701479 1505006798 139977807 1204522068 1721650566 1982948007 1510915774 1258705392 611188809 727938163 140949447 1199244451 2089947644 866235188 676640525 18274818 2023936422 174118706 1638960188 1291451854 36402269 1938332272 1335481912 1983551384 1241306379 13335131 770738838 225917534 769954462 533175314 554950611 1763527146 1380748557 330325810 1356006133 998670219 1514018544 753404818 1213249936 667757013 1224580828 1526732651 1975013542 9596858 1100483534 541912282 308267893 767168989 1605076188 1859077876 2029671812 1965444286 2119961150 648506428 907984791 731383335 298473504 509121967 1128699303 982991160 168940092 61007319 1646977845 801331213 736908224 1574043286 1624929456 27992541 150141002 1160555808 1720235650 2091151556 1660582690 903608823 1133297963 1927636224 1386198484 1643498917 1858408609 2113966684 1486706703 944617892 1203896512 2073677145 1951969845 1643871503 1200590078 39714726 202786637 983672744 1450264585 399668203 984533167 1569460680 369398075 486748085 922871397 1215054929 1096102098 1702250693 256908951 1764508510 1139479735 1877714382 865195233 1010043102 795013173 1598646399 1133065618 890524936 1542253245 2122750537 1668827967 1725706048 1309117935 1616150431 1679912001 629460203 65814126 2056029204 1284942605 416234799 1324464639 687744751 31615127 953616127 403935035 1443854412 828077965 1982821393 391417056 883392016 309848929 888992697 514997864 870628186 114496168 2046649635 1285745558 788469429 944457306 1338429325 1942008874 1710348167 3956333 2054858697 197852434 592864144 1303787618 1900239822 1798624229 337875828 1891740810 587488352 222987946 1585168501 156167463 2061232311 1131895540 50518498 1016942465 988569261 296038135 1955407681 1093597981 1577313927 931402600 605307503 558725733 118461775 600200323 1074429212 1285511339 1041647810 1372159914 1487957786 787059095 1932075839 17583656 1151301931 823596696 1161243066 2104053093 1327705539 1823414950 1290717783 680329054 672423421 156298144 763891614 210208053 1734550875 2121210702 583857472 734407901 1623236846 53290700 1168258674 42686063 1892102576 267896537 2009576952 598292232 2076711360 764724110 2098510059 927441320 954902914 1870652606 1357357474 768311601 1143980145 239339235 559953582 982100718 730551043 959028475 1833664498 1596576050 85660761 1326205318 1399351081 957991476 629065115 1120249202 1803608211 533713575 343658889 1470895170 1090458265 1287153162 814695067 2082525060 1374288661 1275869969 123434843 1428094560 2086160738 1086497276 1277101530 1107253219 330703602 302552622 570898786 1698498882 96371370 580250751 693895987 1913890539 985087272 1343776195 937027170 542989143 1639317427 1065796899 1673420602 321339141 1672118817 506418344 100043384 1527949962 1998353739 303300247 860607432 2120783797 792390774 1218421632 1497394723 846998896 1776257472 962189594 1995114572 644344581 999597870 767790366 1579541501 906108343 1917980077 898503192 1217740371 750188217 736154887 610600664 1916636137 590412392 1407439671 1611136487 1225170200 1166021063 858295541 1247115823 302442916 1155596441 309572094 1433775557 920914445 248367261 432187860 160750714 1111478235 371087425 1507017348 190864306 801439639 481926692 1216556631 16541186 2022424643 9651265 1729812409 1936858041 154600548 1556369372 1646826913 1167322415 1481555998 1191688124 1432409919 823217926 1260463593 1870914223 952638134 1854932032 608778924 438859421 1231794245 1296840416 2071110048 1378190654 542574748 998650111 1198003165 1191281664 371671564 2046253696 536015847 619999552 981579885 196288729 1899548212 1156611295 1679352013 1547831651 1799443812 646759591 270039686 729037688 228831567 712196342 1613966594 1799092338 713255468 1336300720 1016411557 1930062057 780416164 802513397 1249873756 476896578 1764841759 601921067 737617043 333725365 610559305 150025550 1248595377 957288170 2135458107 1058563161 294667632 1307032995 1210912208 52021139 1766598889 1878907669 1857302869 750851449 1128453059 150967714 158526258 2102395087 143169090 1629954781 495679848 327485007 572899070 484981671 1001959819 1080986371 1016063839 875822923 1228643130 187600755 1260128874 2086461316 1178536686 1797572414 32235982 2032149979 872574033 1797617519 1303303519 1201290337 2104000278 990848091 1991553037 782602448 328177719 2111615894 459334736 1933576992 1220320442 2072689249 719281041 1992673452 992514958 1827984351 2086988297 2061755550 334743218 1700013924 1245146613 572885160 1614577839 293505412 320427259 656664715 120743927 504695439 1938020896 1059348363 855098195 689678979 1860003899 2026544402 283845128 1825608504 206730810 406399635 1507035656 1644820417 1577449357 442195739 1262905244 1127626385 2066562234 1338523817 1526553014 2133502434 532901625 691534555 1279586069 1306847165 1351162521 1187731415 480690325 696497747 797569505 186887953 1438995286 518387499 757950726 919878443 857305483 2029714835 1964768772 1635311543 45414052 408818731 707099502 750299230 1098909386 1036876287 652395663 216481931 445033294 1465001247 1656196230 1404675563 610095480 1351884630 1794884550 682139339 1047620164 1080057302 1400710671 1675145193 516765374 582986319 204513400 1055764800 533330821 1684847263 872949964 321881078 145503010 1522757793 1617598138 27591760 1388707050 1035446066 1345175466 1814301233 1251282556 2090792629 846332160 2041006490 499725662 414865665 760138410 2096408681 58115797 846515563 832645799 327107037 1441657674 1116441803 89606644 85082245 1974735280 757397983 1302380288 1742380963 1979378965 1648694213 401332149 856922735 490210197 1316291500 818491997 1498352347 18756828 1558006862 2120958702 1450921997 1964155166 1681056547 1904511546 2044433283 1643705063 308030740 2144240068 129022788 1500036419 855348682 379680235 592473669 2052308587 579366783 89070190 496215056 538814038 694140186 1930663619 2087942326 249709935 1686335381 187174807 1830128438 1648933454 1410315956 1714933996 1752626010 230530680 1976501119 886965563 1807645169 1090043569 2088768085 1082585115 652432673 16471159 2111596574 518864912 1756125726 385335491 761491688 1472131592 1539182764 1488174634 509770285 1526363502 1862842707 1415810701 370301463 627077576 310489405 652204076 893525262 1109863898 1843282855 1918771822 1804831161 11956841 790412749 2024028606 143445190 1938163343 736987102 776431412 591187797 1681152412 2068972313 1331310756 1950000036 1425778412 724308626 1401023485 67283031 1052808504 685107801 906635645 1580817733 175306221 1171333467 966564371 1412355201 1536526984 43593816 892822830 727519989 1690116109 51657347 538818444 352353468 4527826 759196211 1104283312 353806369 979584748 386431443 1023318695 1638746785 138724575 571441582 1960625382 1922851818 1342741740 317674952 360728449 1878430809 303875357 32794442 1419136949 1634316258 1366465801 78561860 951400235 1682691834 919145016 186180573 1752437913 400364293 736062326 1731475156 848023064 1347850171 1692646951 1658976396 1766262092 460101009 158713425 755978192 1830705418 1605993823 776718023 943169537 1039306353 1738887806 1387349458 315151789 600250936 395597703 31338649 1134237474 1160171729 2088622312 1136310119 1203765245 1988590336 1450271583 967929646 159616253 1498376259 1768523604 549446375 355720884 1035461769 496353976 781346922 1342269657 1862481299 462329110 1623033021 1845627349 1051107934 740728729 162234187 1798033217 2037221037 1996115044 1084285247 2076023653 2131778318 2049849279 1622844388 102909365 1234544619 195112428 1757397188 1174690645 581503882 399601802 31098961 1369454467 985113182 169211306 1427411080 521499638 1572931217 2092832177 1565595033 1956559641 1392940933 360490672 1077576242 1507895267 832009890 389226944 2064147378 430358605 988239797 1500957594 1775577419 1460543722 1404349010 1487575171 779575852 284813259 2050190766 471411879 1934293897 905051102 1731061489 505434070 1627758689 282146777 1127060769 1838760384 1669758877 1313932599 1974611302 1842317480 1897907637 1354362701 357640994 154585695 669826735 1890265593 1173411286 1542197564 1153113951 37240284 246258124 183902605 1890979080 588720888 1403517804 1275747098 1134071391 1749527533 934397644 487126089 551674016 856261768 306121642 815998661 110423058 1712827440 497713530 200066301 1036426513 360839948 1946012634 1892293532 1778284734 1683162484 904065129 1992097826 399784500 845254680 2075312122 1886427722 1370921461 777269401 1554607959 2070293153 596092858 403576808 440642156 448731414 1041963539 1539563318 1953299938 1932813217 91899106 548052080 1668939439 414415956 1727192634 1314137437 1719259252 751260108 877351953 931092995 1162166787 95276686 1206726324 795475343 884729691 1578059771 267449537 520346175 1390228751 1895669643 963880220 1731513724 882703937 781181795 1615339592 150733951 323430554 1703607913 985040013 677681652 518696024 362873594 2044263579 1270758876 125253515 784398764 1157117307 1216299492 290238957 492929278 1710592272 1249496086 1967267315 746234236 183232407 838784925 299634680 1059955177 272821846 915540078 1265644820 503896762 1838286050 1694632074 524285125 1575044407 824086496 1278048970 1046960579 1570583153 496026756 321186164 1916795063 920844177 1342730591 1008770399 822921027 1562153777 1691599503 657590271 138297448 436925142 839261110 85706235 1168359780 1697682535 855286630 1813091230 1296263743 437784044 415901427 2030836389 1701560329 1801144966 1742016641 438402596 1799074829 1640468967 257366783 762062842 1039000215 1185948077 1175750254 1182339016 2134923406 1969838590 1940198583 270698322 38899501 304802111 1023698061 2027354270 362689463 1047800237 1302424710 1039984405 1636695260 802137936 1075405346 1570910611 1727133233 1859030019 696688280 1718751461 550491631 374874597 1539638213 1546732875 1042126234 1302246781 1917953915 394297845 1021210079 1014749815 1264071258 1808451201 136725920 111939498 1250804445 676559208 1727344994 1881540599 2060968936 1256538584 912358914 782028540 1170891541 1408761124 2029048508 207084086 843588555 112243068 1592243150 1028725808 1115182405 2126768941 2107406020 1258623533 1340039567 452874194 847887153 614280474 2112027947 275223914 1402743140 1870251237 1706202114 1116015978 1488112496 1013053783 239479028 3563753 47059600 1524692349 1857648967 1998508127 715065048 1864679178 1959407474 1879788552 954296469 2060004632 159836257 1732055895 891593494 94355058 1671383802 1107405182 2077336202 1163564093 1773952349 90722425 1715280270 1434074359 1757494648 1125595953 864342058 1527320825 905165764 1489218982 1203887048 1792442548 543724296 1124354536 162616118 1849868313 1349057234 1102499547 1904624687 1889833923 181620183 1915168192 321975465 2065932280 1171632099 2135381798 1772667912 1203401416 217808824 808143831 460282177 268105344 1905432645 1774928518 176624556 1997583610 736872143 837700814 1414659329 1609033746 428911946 478712538 725746941 1787486467 1237072208 469355169 149733812 149102184 1511486378 1129761063 1347365712 796082454 1534056917 1621424880 2067554589 224867030 1731492434 1322220777 2087982757 60897588 1049424765 1228984888 1551211239 1366301742 1282868279 1104076312 1649344825 1582232337 1057965335 287314900 194471058 2093652906 697661806 1940901123 5416969 920968449 318058842 1589286629 16323354 1556678218 1969258552 2134303341 1225158892 1860828900 1430065139 1788725271 1488623285 831776176 1839417262 1440056479 1837538029 961810868 2018747978 222444706 1055156094 977074046 1290712228 109598274 1932770685 1495411081 426866665 302009895 1074748782 402295604 1638847044 1417912343 1995310388 2145652995 638010829 1668072570 346922137 472998910 2132693941 1568596725 112107808 2136977359 26373039 264893389 681502326 1739176071 1495406583 341405257 1021333728 1758657609 978294816 2083490579 1119600389 74449046 1609651340 162168139 1556140070 2144616392 79899179 209235614 792038056 1317238965 1047266870 544870140 90000234 1017330116 1602946 2052384089 1842781582 721367775 1280475433 889977595 1629646473 1665011502 360919510 530170362 1675342296 799583068 699460397 173750758 1786853501 303954164 75548926 369671566 1744544124 1238045992 1643361963 1899334403 1821358246 1255246534 1182011513 815634804 383011499 397520458 1041040114 1786131746 1001835543 2087553367 589778538 1452232309 638624575 348898880 1573788009 1167531466 1304258630 1592396599 1731323134 2105161373 1091106974 160480814 1599062351 937092982 1986613701 892667827 1457993955 1523438608 782503652 565741863 600611659 1596783359 1228780085 762766174 163610765 82627973 107908740 1537957040 1490218830 1936913084 1559373085 64932776 1588629591 1138750696 830841813 1587312460 1452061482 1799948061 510175539 1840177541 1654872747 2070985436 1688374765 1969352956 2046728798 483948282 1620614328 1377314951 830662609 1249824411 380962620 1051021182 815898203 701685964 1989870886 1277089969 854823040 231091894 1486931127 1594708308 782974803 1583370747 2040289700 1613187583 1092375335 1969318033 1024841126 1924285741 1982252229 2074048933 628850884 1309823821 206456261 699777891 1148884886 1931232200 2042459738 961800305 688855382 1757895536 341038535 1696312622 539921028 1212404087 1929294223 1345057038 478671066 1264351542 1601947917 399832256 1137558271 1471121592 24170639 389214 656192657 748182015 1523969162 185571848 106396555 321321754 1515892682 1369339463 718538928 1838067880 703501176 2125587857 1630046440 46118546 1586255171 223165404 1338820510 2034409582 2136605380 715419594 1259378876 415999616 955804595 811620251 290824958 1560941386 1592784893 695864812 91540372 1846375507 864651111 809629346 815705565 722555643 2145801220 1071846095 1505571790 904192199 1210602954 2140665479 233368217 1289259025 1894223361 343710237 854836062 608979288 678115097 415527226 1423026065 59373442 1922395850 454628974 391852517 120678607 1640352000 877370369 1927915661 991331939 1382373852 1927720711 761523125 1495145864 1494258683 1796487084 503626974 1838799773 767549398 1472435056 2023416724 1973443325 509377726 253472744 914892502 720074463 1845314365 108057972 480819301 1472330779 1465523163 1538885771 941472047 127754410 1845893592 913940762 84825598 1480464941 2063081139 81653617 1019187756 2106800785 1248413425 62469911 491806528 1152522055 1286069038 1612391190 1623050432 1563141194 1602572546 907300142 2080816567 1583585548 1406323831 1367381104 117810629 1530702211 352173493 1036958411 208960502 488689372 1800995722 1445757392 2041642103 92068839 1907098606 2093354958 338298119 1754012607 893712732 446175044 1555074563 2026534144 1631834205 1341225537 338591056 1421086038 244269101 824270189 2100127623 167944737 181427059 1203267026 1634936233 1767881514 132762281 914887408 401371471 312466406 2027554650 1945827882 1306670466 1953022361 1684532774 136142089 428568939 2099800376 2106010892 1845387915 1152270080 2096933510 1990244188 659269709 2027475633 767184519 1969192283 478390838 540245948 1660631599 2047228584 1844172632 167357007 1987460589 1610172960 1475680174 603091810 1814982141 421931213 1901679455 282178120 2034153379 2022757598 632038766 1358741853 1570362452 1116134319 1905007156 397219849 1855981727 295146803 170039633 379257834 31111974 107122008 1093320989 1599267906 120445985 419287302 1527625820 7830566 1965219378 709781365 1519623123 1133145930 1947602146 2301910 442856062 1446564440 567587166 1288690931 1789844684 291826134 648003313 2001389993 194910173 13440540 1488193292 95800357 309901652 1947594833 1508096539 769473633 1362277406 166745028 117921676 737293742 396984880 1168204942 1837059882 1607637820 1943627593 236858632 1223220492 1000646102 1504973672 743592584 1995513828 21118815 629502544 1367364813 1598381978 404908747 1596076885 726470690 652128882 463524735 1276434949 9212821 1706514881 771014535 1793276518 784726597 1056144812 1381507735 1127133940 514731662 535746926 382689353 2045878797 1573379479 991789143 1308937226 1430736278 76514002 1318977472 284074124 113291249 407107593 1633597574 580061201 236186685 1562402800 214761687 2128265033 1082666525 1863770786 1683462255 1087918209 1945191594 1603856933 77843572 994293206 2060164460 1203582435 500126546 2131249109 1612092882 1423217736 1985880380 451713448 1442282777 588859330 1021459580 163750036 163212882 1729128227 1987772381 293805239 594794310 1204273516 1587300911 1130377405 516250899 78668282 933785059 1355256433 450573394 1450688339 1679596014 2116925845 822663313 455340700 897146659 765636370 1110565478 1056678700 1987525388 871214108 669670585 744719603 297041964 295888977 97151572 242836820 297591959 1569318409 1029826947 2141798357 800693935 1284270523 1106321201 1300446306 391339895 1440370774 197497361 1247768608 1664711277 1642517450 2114096587 788460082 1623964091 2123099631 184058392 286238482 2016940495 85044027 1091963219 344015392 1223374044 1896370026 447350696 626720910 1258358681 1133503306 1647679753 289438797 467867260 1932496225 1579597646 722087439 1806803619 2074189642 1261118193 1549399803 762821838 642981436 1135925239 1031969511 1968675031 1125490624 612652629 307347420 821587481 540509987 1418207505 549641843 1289741433 1099999824 2004357683 1213076158 355156161 911749569 945133215 1069221657 338981653 1233735563 269510039 1232908775 1618693340 1445457483 561348726 1467060556 485617279 640224582 688242474 758443546 1892500955 1309997793 589931459 753699860 126125161 2049813531 1565314633 1356641033 1644255179 1283859631 1685933149 503661912 863033120 1663020114 1700265223 1516377351 1530355386 64836384 15534495 2072221844 82840226 635179669 1013175808 269943343 176282922 471425446 1897814591 1510703562 680314206 2046832017 1356461674 1778971445 1669560256 706414555 341041917 2079784853 408084600 1863094967 2082314590 1591415227 225586930 29244455 915583878 292116250 736815556 1774104897 179685839 1253918971 454004425 1503114118 1953521830 1488237824 918468577 59169260 36345765 6106050 1522769861 537499879 434324092 720975557 149053182 1070242510 556581318 1005528102 1464980314 786788696 736358953 1427029228 969848364 1570857283 1226228453 257310699 1500473150 62959632 75502629 1299213127 911088741 1433254173 1737586825 425701018 1421070572 931615477 316644279 1464753244 606808662 1104226184 1686254589 530372968 146706566 75504993 1117863717 1947492949 755787789 211732364 880824753 1892988442 12548871 1320676762 279084580 1074630661 546981060 1420585815 564591983 1007924466 2039078008 583129249 1462276079 1830247568 1385852675 640467942 2079000887 1179207139 136586533 497824108 1547352783 2001768104 1281076257 1429105033 45704055 704438215 616387162 878462575 2070824372 1976176545 1070888465 1684876219 1827925087 456631856 153721931 2006967707 1276199047 235667559 1530188112 1038690640 242480733 1045352967 1426017048 1334871282 1373979403 243406944 13623711 1543229851 1203928025 1366953687 895519602 201740011 1350680048 951798757 682780342 393159204 1519432449 1070727672 379138192 744734866 1387228671 2032455600 2033224368 863857977 1981691077 1891450794 86754977 338284410 950053228 163990582 237880764 1945446815 354452102 704358784 1967093421 54680722 910800461 869068503 1089369143 1994056253 1259851886 988940662 1550386132 43363186 1874109721 462328850 1895391813 1544446504 910903568 889075596 1648496044 1618799006 1888600902 40329460 10297119 67697326 2017887121 248391318 873556109 189039323 2059440838 1984346300 630482074 1073710430 1273723929 845861632 277530490 115937290 2016726531 904880828 318121677 1992947148 99288823 45168064 2101186123 22693633 970158155 533358383 310755266 649462376 512709388 1891007455 873577800 331631418 558425806 1765591515 217656649 1855725209 364093352 1774358501 1892178574 2054204793 206464214 1495348263 1628267359 1290194320 1451894947 680718181 9633169 591382521 1408640671 1703546349 1994848607 1539902536 2017206130 683119540 400435928 139731352 786308997 1164887356 102139832 1731287026 1278633892 1173716234 2066665553 1889726074 1988622039 735630546 887809375 261138592 1291830485 1330413844 691298724 2060930454 1060386459 2053403730 1219104278 356072671 1105616776 1399781374 1924132989 518508703 95202170 402906518 1824582639 634922417 571152866 755311443 743102841 394476343 1322562247 209432122 1638217081 1873135700 813569053 843728670 1630025390 983678296 778938769 1146900694 1751535573 1039850413 322998872 1541711563 1133852368 25986970 195801185 773736410 423173551 1602311977 1709436871 937002657 461664546 45750999 808313062 38713812 1954807420 1425490438 56096325 261743773 981703215 786928606 431434258 1961959975 1080328025 456753415 573341334 744261811 674770508 518248496 1097690083 99860066 384425746 424118618 1195271316 1176519601 764550927 1794606302 2019259369 772236177 646612407 151076891 109099368 406629234 102619758 134548958 1712762804 1250725232 238039303 1764122952 472036507 1349900177 1116237050 1317088141 260408677 2127503621 370198493 1916695529 274527797 76374964 500997315 553391853 2048767560 176383137 192410199 563717236 1858407637 1193509980 2106743653 696081882 918064141 146638670 917566634 734316139 1127077874 1473212212 1175703905 565269803 1257301281 169538186 969245582 1650819959 1818973412 1872297008 1146704346 1984954948 809485504 706063060 1300908433 773573969 1786983753 19330921 138145599 310523964 172612891 394094959 726854571 2079093277 849323434 804765446 603522380 1509721386 1158125287 421158126 2120117382 394653150 996265734 410769118 1065732259 1444360395 411951284 1843663767 2000942610 1085581459 1949423393 1828934266 1073105103 643045380 2078664739 1992605586 801666796 780141863 1043069267 1736429984 1781460869 1188255736 72944885 1001522491 1982731468 427325678 675352353 729753752 515885135 1917005882 225769435 1761538690 963962961 833690453 1852301603 141863199 4267599 2455286 608121681 2096019471 1185646740 68407452 863386450 1219811951 895439321 1586326731 1920462735 1692163905 620760860 1091057287 1171142710 1719148342 749076900 1530815643 209075282 899567375 1271439063 2139506386 236217550 1642429304 1137964768 1308522339 615814546 2085666153 1018239363 950440313 2027322064 1087097152 975740954 118794636 1311095095 189262692 670841619 746781585 708346230 44930063 613707000 519831707 334879492 1952221664 785138343 610958349 971709816 1528926436 1176448758 740786298 1293921685 1474835109 680048439 630675739 1068800314 150442879 656244108 1541275323 266400714 1323469176 562362532 1900434919 1737624411 1237922912 1242322922 504791095 1008257909 1523190373 456527247 973220211 1484302733 451772249 227908140 1738527602 1616882304 625295216 1223058857 774285796 755284264 1358988163 1659266305 685881612 238469246 1223996785 176488341 1953987395 1999026913 1108015360 440314048 1811990502 1615779667 233657946 1854487719 89563624 718670941 307022773 551524074 1926858018 1854967219 1354602813 542703624 747723330 1043772312 292854862 1885526388 947447122 1471503877 2006351855 320613134 1409144987 60449444 1601347967 833444629 1358467186 1416730666 1596320991 579328406 1173767419 891267873 1603061008 380336925 1716373852 1039957978 979913775 1860248994 1787065890 783046298 466424057 594902580 2072277230 310226318 598534539 929370750 70290942 1534238614 1715661549 1291594450 294073914 2046227858 1800424287 516690318 1299874473 556824049 1666251542 1871415220 361533153 1370240146 291967740 523853423 918893336 1288209470 1646120427 1993797632 878271081 2144073663 1629668934 1745362942 1324317049 585941076 739781739 749410431 68674324 811723404 2015460502 1616528625 1088406694 808217992 425225016 593595973 1925891625 1193570600 7512512 1555574816 1027218130 456771798 1953694577 752448482 893814753 441371828 1365980137 1680571369 2056600718 142755030 792640845 1835647233 294817822 398957580 730872487 562655053 493583366 1136050911 2122333928 209490220 409946397 661510555 1469535616 456693602 1654586939 1013194093 716512557 1939014604 1547932961 1061015750 922583824 595243454 563579808 827266950 1665541244 1704548101 1752605040 31069129 1772720185 286875790 1466725298 1472453584 1451508363 835515274 1235805885 2029449052 2118874501 1984549497 196152563 1196537881 2107502886 602607888 1416385548 1206590884 2109660108 1744832975 1768831677 1683270 442040525 1032883049 1307681569 1648563308 250670929 195056095 1612661425 13193231 438482619 933460317 1494312646 515328818 783812547 1836293681 1131691989 970745432 2014149684 727207738 1571574527 490883167 576345312 964548003 167470994 649154603 1910685231 86085842 1960249537 2062110620 1988709957 1185979450 1431140908 2068652817 1749292567 22684955 1205137449 808729627 139257474 768116399 1083204973 877868998 585571411 1894301821 1305368320 286217381 424544808 289152473 1057246762 56279782 1187592970 1184565872 503852528 161585779 1551728167 680499497 1272707099 79923698 1512166642 1571111836 2131671669 214647731 286867721 927616674 641514632 771651793 343301389 1055903969 1240300601 688998354 588343459 534024265 1017991225 877197390 1350679387 1376480134 1012477218 1638601636 1997301868 1046495342 546524879 1227755432 972620231 1349985734 1251676673 1315734739 516332250 918444197 808728774 1469841021 1978961613 224689446 280735709 217059219 8573915 969744647 1547436496 405647492 519034285 1985056444 1413171025 1289369489 1597928884 1990729378 56041638 2044524971 1527693785 1695438634 1597762103 1072754829 90595402 2118236811 546635229 1723867052 1755137373 343422491 538789835 580128698 2078323518 2063305716 214047026 1229778375 986043510 976957597 607090563 976280040 604551583 1312363369 2001422853 970639914 129007608 662658733 1723748721 462359385 1020530102 424995679 1390691177 901300628 395317587 2081507933 1595792116 1663706635 711480806 1458659999 301099388 913785030 1963019780 1556497574 1482607907 726028649 550833301 424343635 269873059 1450626518 179679427 625301032 1813855854 1568807293 1971578431 1955472840 2003473703 319145412 1320705005 1383678130 24550042 355451689 1003630760 1375039103 441048787 2134277557 624591596 817736703 67353850 1251974281 1297298579 567336213 407083017 835395780 266846933 857753135 185266680 1110801835 1851843852 2118616322 795610463 509269930 1256768214 1293361522 2012819377 1667351723 1445935290 751589413 1553589046 598647633 1946642829 2000630988 610542282 968646401 1547230858 2015453984 583277634 85502945 1867364513 901060067 1096773693 590643815 1221316655 925304005 395415516 28834226 690381037 1346743258 116884582 869248544 679848465 1629729964 698387496 591511094 807805967 1287920600 117159031 1822387548 1435272564 1995680382 651768882 1809146577 2006821080 366033660 1334241794 154459874 503846749 1311564967 799122550 1461520940 1348101890 1020627374 909738509 1646193086 1817084929 1898435769 1995255929 1549831890 249376960 849700613 1185221204 1742686695 1033849390 1123484457 443188879 843297174 1840586977 36643935 1250946741 1610414556 1041395967 1392778453 1445496858 1803158597 1501239758 774853440 48164931 60375755 20962080 1010431886 743234243 577287988 1471852871 2130103830 1662905596 566896823 1379325768 1593911007 829473263 720386667 1449671296 720722786 1449473992 1745394424 903377742 239635890 2094272085 1039978396 1715857586 65064503 1633096181 977799984 547139961 1090367273 1787289327 580683693 429898863 1079606681 1047278987 686394044 98576851 189974783 1520889562 31082432 1783312097 789203513 942457037 2120027199 762745406 1358404643 1115885748 1478073817 1031365963 1013359421 2069997184 696754537 382532342 1764746123 2040510788 1873979772 2121070102 2063643136 1859601095 874868086 1197695915 1088446842 1677146289 289205512 940282042 1280293383 36616668 2032514741 736691062 1704896679 1870561004 229172110 1356266308 1473671928 1146704178 1592465659 1185508145 1316997358 1603272629 840958706 2093406910 1825919805 1185408843 1206982642 1221421132 549028707 162559532 648544777 756350637 1251700035 2066700010 1182528248 1454664269 1387017160 1115067744 928724054 884905648 1376913546 1311145268 1951254199 1935304713 1055699906 1431844001 1111601421 2068136444 1995557699 670657021 399140793 1540700441 1932354481 317245346 336526415 1615100324 1474304807 2046326512 2143921694 1446134427 1697492980 174605482 742933375 198623006 564322180 1105152047 2015929388 723432657 1986078227 101053692 351755672 263769681 1369467170 575897493 442612418 1546934157 1951364716 1817774270 1188638958 1520604824 1079248008 1695653086 1519866676 639863786 94563058 569329967 390550343 474104232 367367021 1472172782 1401496845 1633978635 410424768 1345700778 1564693884 76768767 552859902 1417970518 289088693 2010361841 738146396 782587780 705784013 1224357788 1257954255 2125840637 1801556692 1719063041 1507890733 27760004 1010734564 1914249267 1808702251 1783194234 742892488 968368936 514874116 1036171308 1984313893 1333666413 1651384730 1863076746 1066927532 1438760931 1766372547 712440780 2026569577 1957588659 1734473031 1672016823 2132164114 1689633243 1938188961 1012186361 1990809077 1619186322 1042374801 1666007406 1733119727 304207718 1749835997 584874041 1308204885 1964868419 946832070 1162268673 349099874 1889876338 74091754 2022612571 1516645225 886730556 640031728 162282162 181453386 2141050251 1971307720 1348728529 1640942070 1824595623 116027751 1834391352 444964966 66749030 1291238628 789849435 2059347217 1448255283 722728808 1343881447 237301523 1597335482 1302389325 1480202195 1542262076 1214496506 233867065 2076891665 723017468 527189191 1266567214 1517201523 1081458352 1493338531 646078397 1357967343 297838216 1461050087 1684405909 1135762098 2084027260 1757505038 1515324047 948043974 1623422300 786354991 944779044 115577002 911398433 711564671 299016276 1159462760 1609069374 1303479039 1100310522 319343964 587869891 541573446 1076424114 1694034586 227648900 640578507 1255583446 1668153147 2071759705 1183802235 496430279 1550704277 1841819559 595152333 936710269 171642785 877289335 1704863911 2088687229 1168478865 1650157067 2066276777 898810209 1136852709 694446372 1556598133 1918720852 1112751345 1553455986 1570122036 1033819659 256627407 778266659 1017403106 1728749270 442081794 1415537442 1914169169 184228279 167939697 206632361 1173748283 624345415 1711989013 73837173 725562325 2123495594 1106367733 967039345 766323885 305851207 1450066561 1144272513 774263627 1153332123 1706192909 1408491034 1835872022 1286875242 1203747202 70461359 249780826 2788291 1021184039 1175117623 1545687199 1468024140 1143467178 1155513754 1186937587 1491554487 1653435342 2055893783 1365319269 2084046321 1342471833 2087628070 1291252175 1601599709 2109410840 1421219326 1865057278 28387395 1567716704 1757181349 1566494141 1708344786 1823597602 906048772 1549386338 550963093 1432450331 1455052787 1637422703 977330304 162943862 596364634 469523569 912853387 755942292 741107554 550969271 817401052 1100759012 2120379890 1226814563 1271799685 2057456143 1909977390 1709695597 5518534 1854168993 1287372205 1307641526 1765907524 145816583 294094198 1911605661 416364551 1489066788 1334603233 697141081 1858468052 1798860732 1412262976 1438080373 604752951 542910619 922464434 682242384 2121632148 1658050096 985210789 1381469931 782004877 1978459156 1469047459 1431281658 1107912560 1685068477 918878919 2081866130 1818492393 719581753 1125248396 157692077 377579190 884621222 766037812 714884769 1572358712 702600467 546670770 1426619898 914422825 155494758 2089575573 1799237483 915245208 60008124 1481162364 1240257261 549344570 1214087011 1990478414 1452662458 366467132 658674562 439996515 551611573 79725123 1616733985 2012450754 390420171 688631617 1074808000 842872723 694759427 2072744958 1193750309 58676930 599070714 881359975 1611682286 689735030 1590339142 2013794706 797319703 1339506931 573410386 758720855 1032007351 1977393971 98722648 889764491 1090299693 1864223652 1224175539 1274418263 495740942 311220733 1381689402 1862996290 431010562 483055753 819510551 1587388321 297122818 2136860192 877735602 988778967 1266676066 824210103 1658932308 490851987 2068828598 1763796013 1188298813 861616401 1576851920 1309540697 2055566376 567716528 459335096 1069490358 1264725092 1491750821 959097214 1556509569 50516618 538753772 32562080 67332970 888425782 224648626 1754044302 1989870909 1252992945 1519830206 126388573 623760845 1858257069 743680930 507677247 1245614116 1344537180 400834748 2074039403 1621370072 220498911 1752855204 346607762 1999676871 1950738159 464692003 340990588 44938940 1942611638 2067388463 1587699616 1645068696 715054411 821310998 1500247994 729897252 1216542501 54330217 1875265382 780158572 1799152732 908287493 842034035 161087420 1877704206 1861986726 566397589 1931698222 103669464 611308258 1627314701 262457207 834423083 392543821 1401554523 1262431806 258925735 1152167380 1585385802 971938032 435328085 417971798 1951726238 320231757 1731332450 1061590675 360892256 536922708 1614739930 17523854 1577311662 440317334 433334469 1756747910 617761581 1654069711 1742895285 592703343 903068067 1022861012 1164054504 1122272517 728654492 1982024712 882587682 1075649546 446724909 1245289149 1275096398 1870150042 617343977 1567550282 1918942060 1359536770 1002766218 327745921 2001590194 1570166729 697013018 577593369 935840955 2124365282 1722865643 1810187376 725825379 1928673556 206831757 1640381021 1010114242 849718820 931269438 1941018522 344063531 1933727525 1525542423 337621646 364992708 1654688732 1777086214 1948248900 704282854 1501132423 625059759 1082129313 1955696129 1675966553 1239924332 457098971 1782624272 1795586819 1787732857 1163605123 461328777 673344394 753220237 1977150116 1345310768 2117071418 1732274969 281093211 1925742593 2087570628 1293373166 1221676522 1160532088 898189635 1870494847 1771698950 1429121808 2129661379 1097671144 1223827412 693968750 680127678 1861067518 102777056 27713914 913693059 1482983146 59738974 788815594 1373501809 233519661 2001792731 539584764 1630650544 2121294992 1425658518 1894495786 353579216 538999631 132290054 422449357 99458896 213807966 852171003 232630862 163142494 1763511764 1989289330 1927491335 353083840 555963346 1219508332 1244154086 1744586175 537793147 1398077310 750099225 1334630954 507515828 699764765 602695498 122115261 1422076426 497410940 68166060 437741608 1593722044 1799887854 854305219 1032877179 1882712123 1253146662 1763247812 160693656 578019835 1889341112 321731350 1876069749 1204593174 990392786 1860101289 619923409 151962820 1935291660 207355215 1189592205 1924677564 2093070203 563894494 729857330 880866753 841047855 1371697905 231316238 109767923 707528044 27773928 720669650 923069782 1774055645 1010196659 477971767 1838537657 2079265460 114709551 1758690601 561496820 812639312 1916855104 1742004106 193739077 922492965 1226951670 782696439 2033153213 1223693749 1878539431 1255030223 2031488547 43205786 1498787648 499311348 1851322450 1999185742 387067210 1862479090 1836304894 654939391 582122360 1732894947 225968434 376333833 409677964 629757348 1710035598 757465223 2142843070 2016681878 2077330207 476990004 568458887 1908429212 878433120 1785589867 28042478 841402930 1904567231 1232198246 1962739440 1251059976 808174115 1095978782 1380000153 808029583 1343900686 524188917 1602753480 291093663 325757804 989766602 1547892094 1541906247 275673660 707895110 220411645 154367562 1957962188 1038856298 86894824 1532446641 1974336000 1822423449 1101768963 227861420 1111191656 1432199845 410857360 796042882 1913688521 1960805151 459955242 545017946 1212197453 612096551 37087034 1151838391 1176423075 981593791 214235249 1843008184 1694743425 321461211 206857257 1340378385 1665965131 1796195020 1653332421 664503071 574692332 1787587223 755817008 776715897 218605613 510633583 219584899 995268024 892014685 2009806546 227912669 646616295 2060517083 1262030817 1665154131 864530991 659040818 1406470087 328547244 1148209818 724601298 1256645807 1481982319 1552834084 881489304 701024758 804971968 1946876688 179106626 374660560 1672624391 1530250248 897273224 1306029862 339005176 1568210663 157358212 1734039767 2082339733 2063165377 220902207 1370926323 1626692052 393123169 197569270 1283358891 1283368813 1356909904 2051993698 1229120175 146689233 1866393459 1511750288 993680214 2116752153 1280269392 1923509941 333885352 1892929061 1328946659 174478437 754965241 947519967 1488193673 981471278 1278398266 217091775 2143499123 1282170410 196128291 29101458 1284069832 1245337869 1663042823 312228215 35563504 619812376 2024789373 1462082935 30005250 1477277673 877060471 1704503061 1750398035 1170452236 890934878 1009384422 1869053854 1776962423 1988786159 2093980844 1935580973 633368680 774351995 1071867603 310652531 803954412 733302505 871040607 1865982667 1553014397 547488266 563600120 805465036 1817838024 738672399 579488452 1721420947 1179762754 1338838616 53812850 1848429987 1461115073 761479402 443775159 2017077756 1810964332 1165718835 565951703 1929302150 1178893253 9073521 2030813521 577950538 1794040923 429238832 682932428 651625586 988669502 1109907747 868086520 293286419 1972309048 1181705719 857615151 627350989 1938402672 745298698 280989116 1155728204 1877420404 1372990267 1353525852 894966400 1115401033 1655233581 1212900310 467110587 533969853 1574539777 184959789 1239752973 864693514 558083511 1119951428 1508019102 1638459822 1906969415 565624928 790541705 1678005752 1468157874 1683001117 278279006 1866337261 410252593 840517418 749727691 1607031813 1682921720 1564213854 485968922 565301679 2127244326 1066254647 1216846763 1901695254 610892007 1916684174 1551515940 458600079 2051045987 1536840967 942775874 485979024 696793968 574428265 875850066 1068707033 1899677929 1078588791 1161670982 1591735879 337656747 463779394 1039359597 1362035560 1465033611 605603759 1172595142 823725447 1404057818 134195372 1859626748 1538373873 1454117146 1339482882 1311930794 1720894545 1593505770 1001222638 1593314768 962637796 1159976857 1156192067 1812415088 292166224 703884108 30367367 664191075 1046896405 1625029173 153896366 822434123 1371943597 1363112322 627403059 1100066974 1097326804 1322332748 765607980 1895953342 1735967221 2056190639 285900964 981734388 501669692 1501092374 25726910 1359855004 1284546007 1846225863 1970163600 1782865402 263655952 1252139897 1657844860 380997159 2022009557 1707731517 1245067558 297941714 1977949420 1993986584 90588887 994244724 977159986 1367591881 2100056348 857888869 1544162846 1755073873 88338459 772318644 48789841 1491836536 2019330630 2147259136 1750156430 120686363 1419954025 1280898432 1146274562 691877038 1069470045 834043284 308972418 1794729765 1775597609 1439556552 59380553 278704303 972712308 1551580539 1006162076 2076014916 1984165564 406329785 2033251594 418165849 1999213727 36379277 1393466673 1136245084 338871806 2096658342 57160601 1858479156 1039517076 1061233698 988866793 1607866407 1227196933 762338799 1287921821 552730857 1963038103 868452598 1228322661 1207584320 833247247 2071067172 870107876 1718957707 180090272 1452355270 1098865491 2037230878 244385632 1350662999 1906115798 38989546 1015871253 1461473755 248719340 526627224 2116624150 1574005142 1761079501 1008634852 1641427596 2018625368 365284428 1667665212 1594939281 801869314 1539024731 1097831032 1417642531 336779782 720457366 1331314854 2043176415 121177365 166336501 1430027743 1799502604 2022703847 1516256835 1112442997 1761465228 1689712338 1514446096 780802102 1503465827 1382183209 607273221 1999473248 1707792543 1351842691 865579247 1089787271 1677578543 724466852 2026892982 300082778 375697422 1226776644 682490255 1718852287 321285063 449201329 829465229 1240856977 1342431073 1493060505 2076608690 1122467905 2144586662 500351913 70206975 47987335 2023785445 1692360485 540163784 413155978 156759198 323039600 1081650654 83254398 59238470 1430170989 1665627133 2101936413 1147969917 1473725444 1678725161 1800086399 1864438650 2022327087 751661405 663884105 2045740096 101524262 49608993 1917215771 1958928485 4761174 613034068 2010370781 363254608 2077560999 429697035 881797063 1633279005 377614488 1963010750 303537434 1287643006 842511476 886230095 1764533593 577402897 1808990036 2013739512 1897598631 52601718 2118917497 1468264612 1872708781 1766195671 453166148 69955217 625065374 370931023 353397303 1075897395 1712090304 1352354242 2074611418 276551764 192896701 865343497 1948481277 2134776452 117452256 1112241779 968087461 1918973063 1511819064 1116033335 2106681381 509276953 2062261290 1455971796 340816185 1909916384 476773925 538957593 512559364 1395511335 517949924 80968485 647304457 931668231 1537519904 806279093 128276724 443910946 1404948869 1522853819 1090307979 1399473254 2019733417 958935614 1716151995 2041449970 1384077114 1599606895 765003529 1231461909 1133855492 1351745264 564847725 82853648 431426119 1242670162 1320616730 1354157749 2134429589 459553895 949618339 1460465330 2030777122 1103724386 1449194907 1802431464 379358674 1939590489 163569184 1360908516 1131870075 1767193989 970524894 1342690652 400766332 434403539 1185181135 365780882 1033692026 40071161 598489222 1825164543 394083685 1480646011 836222259 584772472 461214588 770315184 453424377 346463607 428114682 1961874271 1282610775 1663126597 2116223081 539496080 971768718 2079045209 1571254782 1994226816 417037168 1903363225 1941997795 734952417 1230334133 378170412 1458115651 1439061975 938476835 2056548346 471799503 1660448898 704395814 1467283220 1124272629 1695772601 549191956 344627527 147634473 1556110691 2034206420 1034317605 1800280145 750951427 1511536672 2003495136 774287801 535767214 981984531 1428223852 1795307947 559190777 261091556 1717702444 1830472809 492976754 1359358184 867404369 659350732 1605997220 514863413 1332307658 1410059545 1939280275 68880192 1890921175 1202856558 2009361551 2109732394 1868668397 682382319 1399489915 1767995565 1270236096 1955958684 1121752657 1636396030 334087300 152454929 1092537788 848236223 2046308692 765088739 1314615971 967805594 132998536 1380878902 1742707926 424839636 1844092836 325517483 1803633691 1892019166 474992163 292447877 1815805014 195791343 522991036 274788845 172241370 795544169 1671551732 913158655 1517724484 1802275459 1054219080 895150299 926794314 1657188849 949870383 250724465 62324155 2027109793 349402340 2122712318 382628937 925968967 1857985813 925179191 784649961 960873973 1967739090 1690110445 409485483 204945733 717187494 656133363 581896976 2007598229 537194969 1310375002 1776749493 249953199 53528300 741470796 74084954 2137046102 386266557 765338637 166076398 1573915129 1703360738 1069096409 1740093609 276706972 833458680 1266505422 914930205 1780582002 1575267820 1869075837 251153052 821308135 1502273232 769422560 2052650762 281811694 1591748715 846022236 2065675243 1386673763 546069004 732887787 1076118865 1303904364 1916142616 580515018 1127511541 624823847 1413862174 1566523698 987082556 1386574870 447074718 460087114 1830878856 1111472025 831235730 85725887 1156495489 1199922731 1555730751 982318693 1981090682 963018428 1208023114 1290731237 1454868056 655821286 1276693044 1472107755 510636928 49006785 544263503 2132468527 1952121246 923679936 1666538033 121189394 972079351 1560575988 1989522284 1151221835 1242329141 1095168072 1475979617 571180227 334679896 1404664612 587978820 928021184 795169518 707882745 1935203783 1259104953 555255089 272255983 1500195247 642347235 38629541 402821713 1111850708 2132522580 262575938 2129559427 1536517124 351085808 112437792 2074272541 1078400179 1297187209 385471862 649335231 2113246887 1666916695 931816153 699694735 495108141 1402375748 1546464023 813037655 618370177 506462278 2092851348 588917031 173213473 620784325 542282636 1464107742 1804270357 695532950 2069832494 1854613001 1124426811 1062794993 1501779243 1624720212 971222356 1014546282 1045069644 711716067 1635401785 924023022 118031427 38585223 1785035983 966124631 55543592 200154859 1799427584 806190030 1171263943 2084625496 1309869112 1897119672 955333910 2044675117 1212806425 1698449897 507530390 925166827 1837858881 2091775155 56537322 107565576 1182781789 2004465262 701474393 276964688 1346851749 1276866555 1576165445 959165053 1305808068 915691581 1439089094 1875809611 1004889572 1196329290 760995105 1744032091 1093970652 930106720 1356563303 908669744 1161973229 1142703286 1198780321 47233489 1742027339 865124789 320436870 1879567105 548503256 186088417 297424132 1716421154 1120259445 989011789 882772754 1509118872 1913642174 1724728052 43354992 1978183870 607948601 777781918 1093130121 1866041101 1920291301 210047025 900687045 1036359137 526220992 1774125818 2102362103 169105977 851645909 2026317239 1395423381 1495991824 1555559393 1039627022 107978955 632557020 367780487 822739026 2106374105 1543526930 1804541958 461850282 1234886961 123856840 2124556526 1362746381 1172334530 106065547 450882636 1583511781 2140879590 9279693 236273876 154761483 474619412 224619644 96178604 1190763677 1261176696 2101945787 461851328 1973059495 627806781 1299897023 601558790 218685477 1040092014 332742554 852284453 1712001141 1120477278 1839215645 1587498833 106193269 652234315 1597338818 979763057 1654081172 1433090111 74027216 1035425633 1008871266 902154603 600492681 247804591 1030472664 1630275853 1456297259 1951327135 1327503944 980490729 2100556996 1360792858 1315613885 2115437931 1209316513 815979040 1430119975 1504084431 1541910209 1384927359 1130206142 1893172596 415738481 829647568 1799644934 1862813642 1670235883 1722147808 608725286 1048428694 1662457670 661107530 1153164162 343359703 1492196418 1954883446 689696921 72689074 436424688 1796699291 36862972 1260304202 1044280747 2038053146 1140357193 2125893925 1943608577 1898100147 2009214801 1275566640 1902964198 1132909427 1842813929 195518295 1292837387 641940456 1668677132 1421257885 551912601 1762574493 52121489 824559480 1785322556 538851506 2084268864 1301410071 536907257 1062543147 1279917901 96826369 1459969225 1779778719 1613808055 2100617115 1436527612 689826312 1912493257 967893913 1184649184 1141549013 722445109 400879524 1505742747 594332203 866692856 1564416442 1019167523 405582266 1722881924 437770789 621134523 139625595 1162286917 1204447937 1333374128 1936482750 1772132371 341496727 2029592492 1865750988 653651957 1702687738 231963576 1900565419 1763371899 1353945821 1598866895 2027329440 80053028 282462530 911425296 995538117 1866366294 130594448 1861745703 1259265025 444547724 1856387129 158753665 2106403560 2081295485 180745839 1925454047 562817072 1081496025 793327247 484370293 401083491 996015528 278970835 1675284829 69539675 958382736 595305887 1047375035 11575744 485554504 1167773967 324501472 986229918 1669471708 100274974 1421989837 384785665 1064086071 1093331528 524054634 143478666 32199168 1120105643 1206330409 532346052 231561252 1254725696 1271520054 1671957181 875947627 1640392259 1266298568 2129524649 1292932761 2135290662 1621467915 2116360149 46626591 1069648110 1758719955 407776988 2075323164 1542101553 2000037832 439117971 147444303 1707028201 391914972 1373798760 1104001692 2122094015 1054667428 79925943 949292383 366019040 977033594 1235976512 1727776655 390009227 42545385 287551390 1060747081 241999913 1664607337 1905310544 1752856282 1727803738 1868141750 1563761469 65867169 978230760 218514689 941685504 90226938 329444932 911962223 102520029 586549238 1660064761 1921338472 693172643 307559214 1433956796 744329517 32366748 774208725 560240199 977227139 1209938926 1620650212 18711069 1473908829 2024175272 1897191063 208778013 1461230990 1240233227 1863048979 1429774214 267822687 559227282 1016104470 321053837 721726531 1613301292 972716767 1824771398 1451284626 1019837219 1269893818 1056818595 1570985497 1355151454 1268859482 2108757232 1756149895 877728426 1188139993 2130078400 1108194355 533657345 545650700 87313815 461582252 1867868048 1444274488 1273264699 1942745298 1879859006 885455808 395963770 1115478020 1250241235 749854847 1245600988 1120871834 275140705 427825357 1733113657 1051426218 186180292 811209494 1352295980 535211442 2066709947 600348185 1422755328 19083749 260996449 945237880 2032303757 331857713 290877241 1595181510 1024694202 1228300848 1196279868 2078533578 1204572493 1918171394 1416092131 1334997378 372431030 116140455 1489319681 1414601947 1604388566 1415950598 1222171037 603036355 54471709 251592314 1542923818 1641475645 1131642684 436971194 2103005583 497811334 1383265763 599481434 51210703 1849144777 1382261508 1712045933 230518688 707160387 1696621003 329321262 1278938739 1713228891 2028315331 396641947 1421184666 1509048759 296480309 1564777286 1276462620 862862123 1397416571 1606962823 159424994 1498349761 1083812848 742893457 1237210707 195968829 1324452278 1558576041 210430283 1942452984 1059727124 495800977 829367769 545286633 1241329023 1417705778 2070128291 155155146 2125191448 534696111 1335754616 1419975172 332808405 489636133 509617714 1856261605 1110744757 1166421219 611670052 1242119022 624685003 1693908509 1381869870 966281928 526169780 1659198980 1734341959 1247614571 803391329 1131093979 1680398801 573648688 532129425 15955130 1855158303 1795294301 1941551091 392570421 1164227482 1941709855 371938243 1500690727 599948691 594932914 725418820 154184937 1176784884 677192106 1253133408 1068555901 1642425624 404888997 1433677509 1676787656 594538371 1154316503 529026152 2133847587 1108127627 888310890 1576533655 696464975 1566784592 38906317 344872184 26997554 1737480708 1721838631 334799644 2087287687 105241135 1595538414 1172719160 1540578265 295115869 2068999492 1888453043 1470592501 668293623 1279358013 1497231748 1271181332 73762042 498655695 1676910442 1555600264 2092397791 2062453486 1092381964 185550682 1779609971 1236629872 1685434330 1901833055 1855260425 831557332 39568782 1951920457 1732232877 1567049012 2107209108 313010243 1030650107 2013442111 2071392080 647969426 1557242008 377188630 532379027 261842064 312429133 442818507 1414721902 1774297512 200646600 1523419116 1354383802 1330346333 1580480836 1543209230 68753569 929321314 1946414699 740752030 2108540111 96361891 1840805580 1332159125 1425674155 760157127 837851619 179926580 1460199267 193119793 838666714 1621364020 314760985 2098463663 221847274 1878122891 1576539113 566073204 1892119858 1751770249 1531892003 430420794 2023079298 1331695613 466097589 1001025863 1206271153 1744067382 1753108261 75126310 2023360013 13215287 1669664379 1739234389 1971280158 1928217559 1843161968 936128702 2044071009 118527001 1290805202 159365510 1850630324 1974505656 1034619123 747812178 1054026295 680954950 1297273257 1561140151 439344772 371224422 702996102 1534518472 1246092842 2070968833 1159535450 567638854 969768742 517544295 1850478746 1424281932 1604588276 1900775896 772987999 1905750436 1032493247 1527244114 7165743 547796049 277964149 214517774 322560598 30169390 2122921381 232631964 1698800570 60868658 1115948831 847345369 1544550262 2071045536 2033612772 1126014666 1214725522 791623252 17170879 1593755129 1287213738 30185306 870973603 11123616 360865024 880890373 1493331393 1589081243 321225413 974977876 22963412 743075586 156704404 1347537430 110410589 1309723781 720130401 1913446924 42427740 735041167 1336726282 1528716415 1240839888 673339792 1268421505 1052605403 18570219 543012726 104773712 349218781 483797056 2047538148 849132453 1536148866 909885736 224805345 1579234389 1471245794 82648358 73415194 1864844613 1829663316 1289331240 624161284 384314242 1537397967 57818298 1825612213 1216850931 1598436478 1810521489 1724309540 1029870621 1870244191 829936893 1124150573 1792486490 1690542203 1092772365 1549574911 545732305 207305059 498487726 1284834243 1992775242 790562240 1086505141 1158589482 1210619547 994033910 1886891381 1861663260 1508154098 1247923080 80311878 1037598801 1746887567 221703317 1444466544 452805387 177840733 408579622 445382224 644038103 2075356455 350430252 1082617213 1702340596 841344363 1868643646 1815022317 2115036403 893035499 365882086 61242889 1453127061 423174811 2088392722 1400831818 664992380 1402504145 1070212900 1675562239 1701120865 1089142659 2015584178 463835912 770394282 409636005 1581479234 177414066 718242603 1995586619 602953763 2048950685 1801429454 455454785 1084139321 1511295107 561054856 172864150 1572046852 1217082284 874967337 1672395999 824949862 1319546192 404932955 435298454 1134673018 1852865767 891497686 7404536 116102513 1232159702 580496537 1442717858 111380060 480039236 961750510 561652995 366197124 1708558310 1203710305 320478168 567973555 2032968646 1708116571 594674117 1409189252 466329217 852069835 1357457802 808123952 1392096851 1260066533 1014042927 1584508387 2125913988 287735572 2029146171 76886775 295123341 1838105400 1320288014 221183250 2088362625 341441968 593365784 316029375 703490910 1965943108 83131032 680039850 636751453 1187376238 511284015 1338688539 690725322 463991706 2123036709 1997521342 1012539826 1305541865 980650536 1715559483 259058882 1249675591 299749310 497074014 332862630 1101534912 909750668 1062517640 1022571834 1357331875 1046187285 120954486 1324936063 350507549 318860486 1804643699 302461255 49276061 243306222 20162622 56344908 650645812 750141331 1140212757 1243450476 97790843 1346666592 308544949 685721445 1511606205 1505115785 1076695422 1008850225 1613660755 1823251599 1857614037 235359412 698847328 1372079239 1944081966 1887727599 1596660758 1332585996 1071640491 1321049516 289345797 377513988 1025966201 2008296234 2063324115 1552282970 980563462 1435830459 1085529471 1058910413 1658157159 2030812694 2006963590 1737649099 315422960 1481154697 1210127953 2068362001 2121080096 366185806 526216026 722759532 1371161162 1833404334 1227156467 1268648237 574096106 743106989 408608402 32000500 784691277 1889275871 983173987 1842125759 1410144976 2100424575 597523910 1890849857 1999648539 1310509085 224550941 356608621 1897040360 77667612 1752319472 341573722 2002614413 1648277940 1227421486 692361649 1605729277 625975459 1333644412 726290280 1185199036 832030102 538978682 599457662 1247527354 1883677298 2088142101 1439398091 1474100976 1521106559 1544832352 441587271 1997911009 83284590 1062537303 522124525 335566423 427167437 412702302 1490982166 1561359623 1774245507 2135377812 1446775602 332811469 769656073 274813120 1288514898 641125044 1538463056 852072289 793943018 1299727659 1526204010 781797620 1511991161 1816892063 1014471232 192810914 1259811475 1750855332 337494059 1922199095 249267190 1261912599 490244642 1110732986 1627385227 331506617 27189748 712048276 860223349 206781268 2097351433 335763876 996033181 622156269 2010822638 108751777 1141103876 1332779126 168312143 1014581125 1346160755 1714747031 1768442411 1955613281 1858765087 134706586 282972438 1165065782 1640724299 1428564705 541050107 1960417986 785585633 1084380152 1370906919 1111066319 1287622991 892532380 1905729681 1316378378 1807499274 1048295931 2068507408 849234372 1250416218 2049686869 1025527601 647081013 788592874 1570661621 1628406985 79760733 513299768 282773505 1558745305 1912942018 1639779440 495938217 1836664563 709939411 434652916 1593154467 237542559 937006183 1235724386 1068034407 44706986 1462546700 1132401873 428429199 383782239 1213960442 616301425 1422060681 765624479 798848333 993527551 30630081 633665239 754608170 1102310911 223363800 2018067970 523283407 1152396912 1298774375 897112692 653783831 855034220 753103309 1380580313 974915448 1936564620 935031678 528363807 1536102699 1409509074 432857277 1576195927 61427516 1701294721 503977686 1576549897 1649074052 2008461737 118966083 766114750 296016917 1148570947 1171081866 101285634 179447985 568595929 614722533 636017593 356765005 2028313429 467782347 1931028219 325622367 1652013074 906201862 1062203335 1959993893 1851492117 1588769154 1072049016 134286957 1299374210 1767213427 643662039 2074485929 1604157288 1155735302 1357001064 637012779 508086787 1903252449 859601448 1357957202 1023456222 1291264212 762953498 1788744606 1896792283 489411111 1440891718 317797513 1609246614 2084764715 365524592 928457626 1883232355 955233876 881533629 1517691099 179435407 2140985542 1483047659 271886491 165873947 43342384 699151614 61104541 1763139715 1317385988 1587111732 1410789324 2093869555 920853726 14551180 475725447 1141239789 1991963754 144413819 1019397683 628524063 2068275074 708778527 1683085105 1044016707 1854754185 495569105 314805961 1548692063 900199351 838571195 1795490713 1215361784 2110478673 583273605 1971237524 1399376428 1742472494 1892938131 61156306 143251181 408331114 1504022544 741109904 291696168 1662826241 336238304 1611511655 858646970 1751015256 353769248 1227990326 300135763 2056013569 1095916739 1733460170 13546366 1925234404 173678111 632151019 648392198 741098287 933316033 645909088 664303954 751459003 1257618016 315253009 1349647546 2063319120 887257627 1110097394 1473157973 1185273639 1937415186 601524194 2063722728 1306475213 1961300345 1388359962 1228422744 217365239 1154912156 1019446460 968377276 1636351950 1846689787 1911237386 1855376896 148721725 1547335257 1880492800 1329816407 477930684 1165768143 216429871 673745564 1782179599 1381117287 1429222076 1321697899 1173062536 762713446 793051243 173622405 345365030 1898295209 425539321 1841215292 1934659006 1825167815 1016887174 1428935715 168385131 1237081319 109133751 1624697359 694075024 531621656 1670793566 465025529 820183442 321573249 1912347657 1445481043 110696542 1535927525 507053062 1243686614 1061419355 1999558525 1666202253 665862577 50336544 2140513966 1060922428 831349495 107640639 479976612 1368762309 1918021256 1275830544 163911304 886436815 1410119812 142253615 985296998 179594316 1588155568 1466436808 1902267726 1041221848 167426702 1792135908 791359381 727715590 995386106 1786879508 2043794179 1517778661 226643457 1772629515 1659865398 946981002 1913743395 1566970467 1183907519 1403719263 106620988 1441430919 1458334176 1422604498 1469374604 1435166943 1575800413 1351079293 405791298 2021328146 279771009 576824820 1060767924 1687765886 329027318 1351496719 1405691129 917095476 809210006 474080246 2127015243 1211512288 541884458 1101123021 1917583387 923382951 1561385539 29766929 262002687 446845597 163953337 2061063290 1985197928 231970635 1509763304 1565020022 1656765139 828919719 1064834998 1117439653 1686330993 1766628882 1783051992 647324898 340375292 1558529648 875512344 1220522138 275133419 342545793 375125124 1151441625 545401160 532078529 1325165656 1404569789 2021539110 183603020 1264698872 1512037158 316238257 1626943573 847398863 1561396222 1630747872 47879448 1651072183 77627902 564641570 301000939 699083240 1460037439 64988013 1548486320 1285722454 1512370153 324819104 1946770865 1735469251 778601990 60981147 68486859 1636588382 612316080 545511151 1896061878 98670479 280635318 538510626 337349791 2090582705 1848397978 138067876 1105362632 1400026681 1963036333 639735978 1558263627 731807968 1190297333 1279954377 2113226385 369104133 2081368476 2057056287 795523746 1400693491 275154559 1520003742 1912630470 913907288 301654609 31013400 94918674 298632486 1004187258 2127345216 1008495041 1157366221 2024286902 1763465229 563285267 1870291889 258304560 1140461067 1971960430 1547987727 1281456421 1356359317 868552449 690950966 711917023 525393042 1210804567 818139816 312617716 740462379 773918944 1652281106 675046312 91743847 255974632 1428394059 1742460000 114025617 421841238 656224730 179571512 995936061 16861665 206285588 193073600 1401435625 1450803522 1439666376 679644459 294058144 2025887649 1553766704 766841557 1089930939 1939035968 293594251 244594242 787588970 833783248 224202356 1630739637 374812047 1523905501 1985705142 1210566946 832073624 381255627 2017452558 432102908 1582550292 1049254551 561881467 285952489 1446250980 1068645397 1540395874 1229446353 1599905461 1088006711 722793771 382732203 430478931 981372891 897718290 84553572 1680566395 263278556 615331986 1740762169 973332915 1297245542 1776315017 539924350 1226580410 1136600485 908876903 1703486518 144641165 2100014987 757467209 1936190079 397113468 1977158613 15602697 1323330189 1330806326 2016362590 864729785 838437867 211391090 2116260497 1756120199 818473666 729973491 1060937001 625173406 619962609 1188299164 1374287658 195122153 875394396 179668918 1285557602 630129667 1913036783 934565567 1804290500 1390603298 1306078412 424068585 1259372413 2038664507 1611867035 634776801 1058069777 1164872067 1144220965 649602099 712529597 326770968 1167531789 1530859806 1375719120 477145563 527327951 582279904 1316276079 2027975424 658911610 1311283528 227960039 519674875 930465098 1235013615 1664950247 74102635 1873082788 809915234 507324776 412439874 770247230 1631280933 871881747 854666235 1464035335 1390943113 439471690 1862205930 1896108464 1550121946 1452113712 2074003070 69244472 1263344315 186237069 892460527 117401952 1445813917 357994335 761730434 1522399489 934840653 2011502344 436391674 935214148 1603677868 1321065800 1586886066 780776267 1588833200 1636678743 1762871606 561688957 295988625 252013534 977543135 1693463343 1482660221 121364352 2107604286 1431509039 1884882220 2087631288 1811458797 1838543210 1556328264 200423378 1902885631 188790858 1664419921 1383834137 913671727 657490587 323077974 991562354 938558265 1119974828 919805680 628425521 761895852 404031554 618745612 1080211273 106544666 682482846 1084163542 1153807390 1892582824 848590539 1473422492 103747763 1901067135 1897906337 1653882921 471598678 1686621796 32977062 262328006 2103184179 996171007 723912964 294095775 2064543298 1963437788 1326668550 329555406 1703196379 1017402814 424053498 764648526 940307842 946987906 381441736 190131299 1021070230 955026419 1124882228 447833744 1654146284 981572089 676891832 1978716905 386621923 1242594477 1147816711 857124049 898983176 1699492067 1094996969 1676310835 438078353 1455363429 139342389 1065379676 2098608784 1065573363 2110940608 1235206971 1232828897 1018777998 136972298 1057699243 540975338 1523372148 3121302 2134503596 1218809124 1248846220 1716073091 67185901 500579760 1623407419 1360643902 1027728033 969986832 132186312 1328723808 1642089251 1222301135 1850069610 729635637 1503309457 1424650886 2067251639 490523055 1569786359 1885616596 2082811821 32769792 1519927070 449369763 1938155573 1489396093 1957548186 143283728 857918834 715033190 1033427158 2104948608 1114551384 848174578 879603942 1170803369 2050751369 709636149 2122946853 1853842490 717326287 293143981 1861294880 1441552555 2138354425 1084376713 1890807519 1815820315 510007158 930213123 1870577580 686843664 895259174 1132723620 1853249903 85247195 473267373 362749526 404059865 442024523 1950793039 1052359051 388967266 1379318684 1026209390 596842784 995902588 1255631721 845848802 1810770664 1142424572 890705250 850530755 188560877 1514740936 1556737436 416862865 11736550 691321374 298120837 1958218776 1564715872 977918375 1968697876 1119852533 1935670509 210988351 397506143 1051166304 1983758286 887409554 1077477105 1319678850 1781550629 1971237130 593346583 93962854 1879049654 1591299219 949468436 2037597328 1791696294 1915350065 228058759 531799716 1014974496 602427419 1567855778 980562224 1806682442 52334669 527167897 1722235059 1246897698 972621165 463718899 1337919962 282424304 756997994 2132885166 1476737188 1605974962 1665224701 1431130111 2011955460 656664821 1970844417 1878962067 1875360413 235012036 1499413926 8565845 863585592 2027146840 755264697 2013386664 1908616817 624901191 1271837976 1474907581 1681968855 26763448 2121331051 871077679 669072418 1799007768 665975470 166303491 1222043571 592919760 697706543 1547605519 503918654 1907140077 1849199924 1595404326 184784307 1433510406 856077568 781231449 40744476 2070023809 435435928 990141485 942109966 1775588620 1355926541 1951721671 686014764 1165824609 1375488960 1277892845 373599111 1114430509 455859579 1639230228 839125646 459515351 1048951908 1037885119 842480631 1510252671 1976114888 1839300373 1366942957 1616569910 1573579117 738042548 1048039284 337423194 537245372 2033922718 1520387428 1446566332 2027341950 258004333 1912232437 527763160 1551603355 43063780 1158960851 490261103 913380371 976811570 1350420286 774716331 1498371194 996037765 347296212 1193398743 633957644 773400735 241901288 299484839 832597999 1752184244 296412623 1259541466 547952002 1697065391 1748202499 1818396168 1982915766 521119559 954896250 1421097043 1706981363 1292822516 911772930 661313127 444676281 582380285 1179971431 745694320 2032995856 571663756 317465086 1155104561 953898602 1734857931 1485971872 1614351011 1174132255 2122417556 445695039 402125220 1927277790 1501160458 340019993 1163759376 1888614771 1800822201 304451653 683022413 745803327 938202149 1290948237 56103369 226461925 642345306 1680956819 588011876 607169967 1422187539 749046504 1932124260 439368121 62449403 1569700805 108111552 969925450 673001095 992890158 1895372444 881864897 1642505961 326909331 1055365746 615662719 1011242318 428648211 40962453 1278633082 1382460300 1714966132 788724268 1056784430 1960494560 688934529 2079753003 1110968230 1857511529 1946586220 596353462 1329082932 415001895 2013669717 1902067276 427464460 1596652158 812160149 1928704598 1546451738 1818136764 742757448 924181189 1347026552 289474855 755336098 1790077740 691672929 1958754594 1472101370 586468686 133396142 1516479596 201118234 406707630 1063579930 896539728 1589078780 1084169843 2030997981 308408873 796766435 1294535321 553475194 1855790647 678873776 655523368 1997284873 879304727 192326765 174432758 535993819 2049451316 458370609 1757445224 1409697229 626135522 1477067700 713078834 46900703 1472263388 900625418 398886685 1893759517 651589053 85075206 491978353 225167207 804389158 1390342960 1898508042 794880176 536724877 1899066189 1580709625 1861662847 1449586501 1039625975 339976183 853862066 57890757 1857684300 1287746973 86035340 1407102945 2146735043 465038004 2066528324 443402013 442930567 101881057 2071035634 1737140395 1293569806 2099737551 1417960656 1937746622 1836798986 1406659748 1677575159 1976572339 39827811 1665700859 807643056 1118077712 1228763979 458180989 1338332461 1343873104 948442667 955425721 1292163333 1279893895 1513265460 973679949 196576301 830421134 891221212 779617083 69970993 2019256712 1544892748 1420107750 1273795598 987763807 1712344244 185830515 245847660 1651935297 1153497015 928158423 1635547744 1347770647 911637896 877362160 758717201 1625429854 769212837 1466897969 2042416026 1538650456 405323852 354388335 1164705027 250346847 1306553892 1379715333 867616702 205056276 220902564 176726990 617317865 589096519 633825575 1972198827 147407673 443609858 788742612 1567413148 378478234 629852020 1557513536 1260212359 1967970940 114653361 1232283446 1657136964 1006870681 1406845341 1794418090 1963603500 295523736 2033918557 1557753177 684347672 471487148 1264216907 1237549596 358369478 2099156543 1310877843 143958320 1109371668 1157653483 1526902237 530384475 1028968847 1380110 1705227222 716321042 1549277590 629864805 88531738 625264265 2097264478 992958747 1443155380 1400302984 1163799004 1002479305 828659166 704509811 254918494 1871342469 682193760 110763348 1945303732 1359993343 26536781 1306252572 57126031 1743712177 158656707 1962117218 388363132 1466718804 2043386746 1835836402 449977551 1285088127 1673547132 802160598 1644794610 870655979 695377862 1456345625 204837402 869328866 2079581666 1778587157 2137588087 569571919 681271270 1601042259 1572047569 999835066 1778443359 359321659 1989772868 1682739965 832273763 1512662820 475984992 1948767251 1343337796 364065580 599225332 377777405 1296555744 581026528 1687145772 524621533 1477169986 60039459 194260616 898327305 256345670 647860603 1851812871 444883863 1090543357 708854577 610334927 1526166488 293896460 1704957111 92254847 1348442176 1027700060 155944463 817755080 1439727014 1533944206 1856780340 1614946361 566838118 1094956058 1421044641 364636401 1007309494 1936750111 477949062 2056615932 343319120 1588833459 1464350330 264436002 161341746 225643467 822257896 750453734 1102934755 1835747264 450001426 1017984048 1102443697 1405830090 610220108 387484050 777748981 577447510 1648115407 576734015 630954490 2131548110 191121485 1326526491 1892892072 927800993 1551542992 1396661722 2025310053 1328217233 1696818907 1247154878 696036220 303592099 1890983142 415746887 1051235160 7893446 1221286029 191803602 2138806739 289934578 984776322 1364453576 182295103 21141736 1623071090 978907028 473715147 427685709 540867197 1266709673 1403906040 477601828 810653549 1758209029 1631961819 674684953 1419268685 1480246625 766834815 1096592650 942076565 1892832927 365300366 293076218 1763767346 1753821697 908028459 555863059 1193950140 1772356802 994866180 982091015 958130135 1974115130 525912161 65491123 848288026 1139533249 1210247278 578414657 1129167127 740198407 1611098017 867072654 1567892885 762510328 1931531006 64267434 1558906909 1354197191 1805284133 1621886704 1730277965 1856479812 515624171 331977208 1914184797 66252756 1088588370 1490658713 198056896 1412203965 1779760081 1188812690 80584572 1278671304 1265832444 10394994 458851748 767391390 1394645029 1029634354 1265531550 1144683864 1252530421 1152476941 315355846 486914035 644115986 192868816 48216385 1487909422 369517792 37468337 287706559 2043329055 1279407270 1099458103 1351440877 972504542 1629470325 303853937 142834961 1024915402 615955022 1764854143 1389716367 1314194742 170233382 305363120 1539139783 861144265 2000150929 1781344800 949960466 332682397 328203252 1333814689 1348009726 931420150 2064684053 900220766 386157331 471831739 1865183292 30080510 681403702 1367636927 2130869033 1562325313 129644424 1293261870 1010386935 409674177 1873140498 1218046666 1515227536 1639694046 143762974 352988111 481811217 261656234 359782732 1605191580 1963748175 686062348 182453875 451677653 985600157 1411085898 370887231 2096028673 1898267913 4441975 736315820 756346046 1943139323 1861516354 941030158 107013954 1456121629 1749988919 257716166 1580078000 151306514 1519609615 684086770 716049916 357596566 347980381 564279333 1518076304 1096515883 617357652 1383663739 17783687 58239683 2038754292 1110495424 1501669632 1077237489 1384290568 1678955655 1833255957 144867566 1288177342 180777905 897049013 57523883 847765945 697679765 1928109870 1246803512 1847152767 832329317 1949290582 816630855 1059907132 1951569541 1756815352 1345209104 1642578646 1174311528 734887644 2125198716 774925456 1325864042 1344823951 33540938 1544453338 1586601466 1335174687 603115248 1253428699 977247704 143102002 1099450306 1793761844 397385090 1399062406 851426406 1333702138 63098066 1932338196 808188476 1122967437 450014253 1544135121 487896677 864483430 1666728378 2083597363 507031741 2049457645 1903944622 398285399 357723383 252928078 286209821 1237100498 1815245933 1350643133 1610772001 2099676465 1710717081 1018500291 413247025 1320534102 467048839 1228137162 942768631 482365366 677273200 1927459362 1779106154 1390414994 10911255 1186459570 1874755829 2034338892 507320130 1293873931 433344025 881026376 1269704785 1197466490 1024746587 276886256 1901027647 1550202660 1209612031 2133772150 2046474259 1457323677 1183007029 1647691319 105075694 679505344 2134437265 1070584963 395146812 128223772 576966675 296574019 183204414 1668826104 684621330 2021558243 1192595802 125980959 1002803803 81708298 235478350 244417688 1423244300 779894718 694853683 411268186 1389469268 1093843228 1894090893 1967563288 1459431014 1774775645 465202532 1864494970 303306550 2126702896 81158381 236443858 1845851130 1540738232 883744225 720100226 524645862 1375264445 1576947596 1121677114 1778199222 1902035946 570675909 1727729369 1109440313 1548406800 82454760 1111574574 1613431244 738163385 1288714579 304357578 1842551798 1126467594 1956781657 440004199 11026699 1824552530 1560097197 424673365 1119154211 1389227549 1638965142 1836799480 1694972267 583510262 1932841078 1602667848 321067109 98095353 305551689 1530484220 1951607230 1723643355 1077146385 1659361461 907554105 1979327739 1031588096 1907531946 1098970853 1779015970 776164912 542074123 1992686191 417739666 1664913700 1248524964 1146397516 1515352749 223033993 1432826156 1483066365 1582748925 483528683 1185604916 1681800676 346384700 1394953724 1911550181 1073893245 1428262603 609063424 577902848 694958969 1315489079 778613827 1323478517 683866416 491494306 1689518392 513009061 1196863904 1328226379 1402238486 1110735557 1480243514 1136148011 144977099 1739297367 2025075340 417165091 721893399 593986049 1395043012 559783377 909816298 430343813 1806336357 829361546 1417565810 1272213735 2103534972 570816106 455910165 1576806380 2056243601 1520718076 292894649 1730485819 854170344 969609546 1878050023 2126033813 135158735 69176308 1358090074 38365588 1942992059 345051667 1807293817 450604452 1028821259 220187524 2077351112 55636691 855084152 467814552 770344340 1718499818 2068579310 2032440800 2000677336 507519733 443027133 641359840 2068587978 296136564 676869042 1778258040 634725009 2121190661 598034138 1011085057 1033543732 1645661039 1331125652 503731711 1610276506 1469116780 2085305382 305927507 760581267 1153114870 809307013 59093480 1679346512 1965261729 2010673432 1306842450 65112809 755105637 321045888 1808138815 996804655 1767070475 1966746089 1879975557 879377288 627814583 1658266757 1417244532 2086280997 561156528 576576786 130598749 1113060935 1285515838 587046033 111171223 1423354535 1537670871 1655941074 1372557543 1944320686 1144670131 1972219221 1695901018 1518482403 2027893869 566843558 929383424 941605352 1835128564 858703385 156455591 553431414 802976176 779531173 1162039803 1660553964 276378262 1723929441 1142859182 139009455 1973382154 851943479 959695406 262014427 214563214 2016216488 412163028 1912828639 1379501247 1510253755 783289729 1656110514 828940355 658689012 750337697 137489242 243533111 818561824 1482921121 1252338322 663601305 1534068154 1372358422 670557613 67697036 750966276 1647027783 1296384345 1318108073 2143860975 1939977838 1079011751 216971369 171941003 1866144703 1345269525 956849434 1269268100 403187942 1772823881 1478198637 1823047469 1499166808 287746276 1858541720 283134620 836139593 623155225 907146749 618344583 819971894 997311719 1535491154 199656548 1160880014 1348183252 650435863 2083405365 842818845 1532445029 518627942 1688656519 1556776152 1438950812 880052996 1445594439 337325353 1522414124 514682880 1104652765 1053520330 162411238 841888958 1902572280 420751030 684081193 766773822 1573221337 343414095 391288883 1871251136 2113675482 1088019390 176525543 155830817 1150435861 1669504014 438824684 139486078 1039454736 302252077 425419556 773176874 1330560294 1013141727 1688108665 2123319932 1604565943 292915445 732315194 1145918753 130953918 1375030416 301116963 741280595 893709271 1115255383 1195944341 2088847226 616191289 1778745305 1406623869 988362625 1009587227 139579962 937463441 819587588 91438799 750746775 89965556 49898794 59682415 1831180613 1684261173 1022885604 571050276 872525303 239581786 988686834 231503371 1291458545 519775529 398536390 743918130 280319970 653991597 2003763560 1114777310 1365795057 2139460598 966615271 1405420341 985806321 293261788 405964863 1601047112 122137257 1132641766 1379277820 1317632656 552091944 301605868 1814488340 1768807380 1979256959 1299998624 1189256824 886509437 396122623 2090374481 1615037832 444039485 1960872895 1755919212 367166809 1957045167 411700225 1723325743 1150737287 1619758041 765997823 554422074 181011670 536514819 31775433 614718412 124057850 1740571490 1035691275 762060518 1834901513 534050138 1073539521 1073745620 1148848616 1150813264 1979641460 2116002396 1789151248 518594359 1237590282 835869671 151800021 1504637569 1674611335 1549065936 2013607391 934012583 240045595 1240086069 570157759 1294352492 1470938163 1727281435 1428464702 155286024 530030728 1990891604 142641586 1428160361 732758369 1973203344 38975020 2035658539 167605859 258901165 1014881951 1834160344 1807375854 1091162140 1966571093 968487841 511334940 2030113036 2050884379 1844037929 318794180 2036834520 1488740691 1878178155 1275626255 1704419490 300386942 1853474429 1793316833 1567268312 1933572602 1373281014 1763885610 2034942038 461716071 663813725 1360822186 471102950 286465635 1527490565 2129258252 4556150 1799801682 1061830618 1288201386 680185051 669941227 1531288768 504487442 1080330820 516876204 970029739 1486783723 315318051 1064928589 1674936124 932697205 1920694654 836038849 293814179 736180348 1595027351 4838468 2117785680 1123570963 1189211037 1081281305 1595015229 772399079 550726630 429889711 1157029863 516045759 310710575 350515178 447099740 1874282396 1543708488 320819954 789214435 1078095154 988854506 1510733399 1130382310 695936097 554918178 1115995330 38815672 664962387 787431931 904494705 132129890 163038825 1306835074 367358312 387520275 582474664 1650936768 2001337288 2074281226 1114972695 64590737 469247248 924276433 1770419321 1177364440 2002757992 1940218124 1904344038 1671776432 1960222835 1461649856 820700430 972965233 2083915383 775163528 727975709 1113499168 1847467278 819205106 210791153 548333705 653923183 260646018 1309005259 1742698346 990703863 850468368 618943379 35703734 1074400373 2101611716 241059387 1160178918 404538246 829230275 1597411644 457034098 98290800 55895619 2100379594 729121393 2060513593 572049398 2059307818 964810463 343849869 1294992744 208234954 731651619 166498005 1533751450 1960442387 1338294822 214989912 240269254 1259258246 910808952 678846259 2096004749 1651321933 1255953263 447954207 1677006699 298142802 1690007526 235762705 871891389 2144506375 297203196 1757717546 1638492135 1680585769 795809245 1365028778 309677623 38745599 513772910 557950264 920038936 1545670940 1796125640 66256164 514303176 221811086 1417970516 23810761 1194848009 1041929249 22810773 91093593 648301382 1163631623 677853342 121998790 800466175 1286222940 1654076561 2110404272 1052259775 1264219867 697871734 1631265790 1879616691 686701311 180437406 698867686 1726794960 1028194889 406110184 1403644958 1174807236 258900753 1932397728 537975897 1854778772 1743621667 1453303573 1537611831 1742060926 633431125 1632867948 1956062953 2054228066 1600031061 2112792524 96534122 1619473791 1057816154 1052386023 1733495653 1370335433 1104035767 1659039712 1064680344 156652651 616926579 199767137 1031842703 222855716 306106596 1850237498 233948141 1404655963 1792385769 215713820 16262541 760230334 965757004 234637793 1093185230 948936505 2082435965 730331926 1600974952 1511284722 610152048 968176214 371560203 1986545900 1760406091 2032419559 1252520495 1826118363 1663954075 1033223483 1684679919 2147111502 1181263297 1486780962 1055004374 141244965 1362093067 639684593 1297183696 2104914035 2108721414 1111733785 1474157989 1245157450 1281995165 1350226606 485089505 349061040 1660563269 1374049908 472151844 636878847 1441054274 1217141191 947077033 1901682502 1246509104 299209875 667478798 272124918 796491144 967906694 2071130033 1789666966 860850115 2031133755 960664610 1201184135 1622783421 687391703 1111909014 81530962 1468120196 667231002 1697486409 1556986580 295145260 1293302830 1714562943 1670395153 135558113 1717778158 1225380646 1291934741 1105988301 906672350 1823084612 1364883597 1663608840 147724265 2125854209 1003322392 649130621 1463089345 853687793 1864811479 1747241172 413786108 1128265168 648305898 423859037 750648502 1904570619 996225453 1942943980 829464252 486605589 90425693 844125535 9750226 1219801286 175145121 957650717 784916271 1092750342 1315609021 1116965872 1141472185 852099293 376149185 864221652 1577962729 1332679434 1872227138 1221872506 371287789 482099319 95084139 264872730 1994941805 1151494499 1097179233 1841292427 1320202819 1044349236 1245631227 572874221 1003193539 814960474 757088267 357459501 298998333 1887943900 1211740306 1643746634 837665822 1111794322 2137735086 503656735 493341750 181604723 1082962913 995831187 294957973 435438120 731355509 367233152 1987469320 1479082014 1665357052 1197510610 1216657200 1097527083 1823558189 567174334 1054735426 615918566 2126318155 1725286266 1029597371 1116753349 1012396155 1387768236 1740214842 1110685721 32366140 849748255 809507533 1313489357 1290870602 1133082633 1918505822 1959084549 1337841134 2058437445 593677291 1581613914 1875674799 232696206 2016666644 592555496 1515355111 976478071 91191287 1604332370 2058324657 961633614 1601187199 31268807 601989464 1254131491 1223601431 1663652030 508019042 1152699727 1546691596 1613328101 1720455611 164550587 237478565 1260215980 1901202110 950640997 1875668061 1889571477 1140783848 1904556779 326637036 476239522 1010217714 818261668 458879761 722546085 288479258 988116456 1392193805 105638966 282132876 1269451227 1682552699 1096307197 898989950 158660414 260001924 490977430 1975843197 1917456987 548023564 1198989220 162417067 2094835220 747664145 1480791007 1286993706 629987114 129122507 2120549154 491791055 534189189 1641320855 1414282238 282467901 2123929538 1609075965 255014917 1755512588 848182491 614849495 171694576 1937136760 1131290629 1530344843 220151374 298089320 1364408359 1328454678 2096077430 809778905 533382291 741415325 890715546 1049057421 2140420913 2064700034 1670645620 582335813 299457440 758683989 504533933 1538346402 94818322 242761454 100774768 1839909007 2002216169 1172287962 1628980732 758115916 1637886 2066233754 40598073 1324021776 1822035266 62479315 447538126 1359205104 1205413157 485242377 1241767732 835467565 130277953 360775883 2091778560 1437668201 974296851 1364665474 1055375151 1910496367 727407010 1212563509 1336493108 2132966242 586444178 425926127 830684406 1387573738 453121561 1295999399 1616961229 815556570 2027469637 1418432782 1148548411 733615542 202779825 1107675751 1610996937 333930795 903704825 1317753280 2112236674 1662367856 646990840 30653167 1867589882 1345029383 1128906671 2024362935 195599595 328619842 697589711 1437356828 321459385 128166928 2009066757 43331227 1456527505 1072945741 1771613008 1980210276 518693895 1479868138 218625729 1303801138 1852622138 1730008873 589290626 1682338082 915583219 608095393 1534131697 2103052636 1057319751 1856337529 1958389294 208202595 1421051901 355607732 635757459 1692611327 712541507 2063784953 1675453394 1069157280
