/home/dombarker/project-offloads/aeneas-d860-v6/backends/lean/v7-merkle-k12-replay.zEWr90/V7MerkleK12CallerBridge.lean:236:26: warning: 'change
  core.slice.index.SliceIndexRangeUsizeSlice.index { start, «end» := c1End } wire.query_section =
    .ok c1Slice' tactic does nothing

Note: This linter can be disabled with `set_option linter.unusedTactic false`
/home/dombarker/project-offloads/aeneas-d860-v6/backends/lean/v7-merkle-k12-replay.zEWr90/V7MerkleK12CallerBridge.lean:243:26: warning: 'change
  core.slice.index.SliceIndexRangeUsizeSlice.index { start := c1End, «end» := c2End } wire.query_section =
    .ok c2Slice' tactic does nothing

Note: This linter can be disabled with `set_option linter.unusedTactic false`
/home/dombarker/project-offloads/aeneas-d860-v6/backends/lean/v7-merkle-k12-replay.zEWr90/V7MerkleK12CallerBridge.lean:494:20: warning: This simp argument is unused:
  verifierEquation

Hint: Omit it from the simp argument list.
  simp [v̵e̵r̵i̵f̵i̵e̵r̵E̵q̵u̵a̵t̵i̵o̵n̵,̵ ̵Bind.bind, Aeneas.Std.bind] at bodyRun

Note: This linter can be disabled with `set_option linter.unusedSimpArgs false`
/home/dombarker/project-offloads/aeneas-d860-v6/backends/lean/v7-merkle-k12-replay.zEWr90/V7MerkleK12CallerBridge.lean:496:20: warning: This simp argument is unused:
  verifierEquation

Hint: Omit it from the simp argument list.
  simp [v̵e̵r̵i̵f̵i̵e̵r̵E̵q̵u̵a̵t̵i̵o̵n̵,̵ ̵Bind.bind, Aeneas.Std.bind] at bodyRun

Note: This linter can be disabled with `set_option linter.unusedSimpArgs false`
/home/dombarker/project-offloads/aeneas-d860-v6/backends/lean/v7-merkle-k12-replay.zEWr90/V7MerkleK12CallerBridge.lean:500:22: warning: This simp argument is unused:
  verifierEquation

Hint: Omit it from the simp argument list.
  simp [v̵e̵r̵i̵f̵i̵e̵r̵E̵q̵u̵a̵t̵i̵o̵n̵,̵ ̵Bind.bind, Aeneas.Std.bind] at bodyRun

Note: This linter can be disabled with `set_option linter.unusedSimpArgs false`
/home/dombarker/project-offloads/aeneas-d860-v6/backends/lean/v7-merkle-k12-replay.zEWr90/V7MerkleK12CallerBridge.lean:518:29: warning: This simp argument is unused:
  queryEquation

Hint: Omit it from the simp argument list.
  simp only [̵q̵u̵e̵r̵y̵E̵q̵u̵a̵t̵i̵o̵n̵,̵ ̵c̵o̵r̵e̵.̵o̵p̵t̵i̵o̵n̵.̵O̵p̵t̵i̵o̵n̵.̵o̵k̵_̵o̵r̵,̵[̲c̲o̲r̲e̲.̲o̲p̲t̲i̲o̲n̲.̲O̲p̲t̲i̲o̲n̲.̲o̲k̲_̲o̲r̲,̲ core.result.Result.Insts.CoreOpsTry.branch,
                      Aeneas.Std.bind_tc_ok] at bodyRun

Note: This linter can be disabled with `set_option linter.unusedSimpArgs false`
/home/dombarker/project-offloads/aeneas-d860-v6/backends/lean/v7-merkle-k12-replay.zEWr90/V7MerkleK12CallerBridge.lean:520:20: warning: This simp argument is unused:
  Aeneas.Std.bind_tc_ok

Hint: Omit it from the simp argument list.
  simp only [queryEquation, core.option.Option.ok_or,
                      core.result.Result.Insts.CoreOpsTry.branch,̵
  ̵ ̵ ̵ ̵ ̵ ̵ ̵ ̵ ̵ ̵ ̵ ̵ ̵ ̵ ̵ ̵ ̵ ̵ ̵ ̵ ̵A̵e̵n̵e̵a̵s̵.̵S̵t̵d̵.̵b̵i̵n̵d̵_̵t̵c̵_̵o̵k̵] at bodyRun

Note: This linter can be disabled with `set_option linter.unusedSimpArgs false`
/home/dombarker/project-offloads/aeneas-d860-v6/backends/lean/v7-merkle-k12-replay.zEWr90/V7MerkleK12CallerBridge.lean:545:36: warning: This simp argument is unused:
  queryEquation

Hint: Omit it from the simp argument list.
  simp [̵q̵u̵e̵r̵y̵E̵q̵u̵a̵t̵i̵o̵n̵,̵ ̵g̵a̵m̵m̵a̵E̵q̵u̵a̵t̵i̵o̵n̵,̵[̲g̲a̲m̲m̲a̲E̲q̲u̲a̲t̲i̲o̲n̲,̲ updateEquation, Bind.bind,
  ̲  ̲ ̲ ̲ ̲ ̲ ̲ ̲ ̲ ̲ ̲ ̲ ̲ ̲ ̲ ̲ ̲ ̲ ̲ ̲ ̲ ̲ ̲ ̲ ̲ ̲ ̲ ̲ ̲ ̲ ̲ ̲Aeneas.Std.bind] at bodyRun

Note: This linter can be disabled with `set_option linter.unusedSimpArgs false`
/home/dombarker/project-offloads/aeneas-d860-v6/backends/lean/v7-merkle-k12-replay.zEWr90/V7MerkleK12CallerBridge.lean:545:51: warning: This simp argument is unused:
  gammaEquation

Hint: Omit it from the simp argument list.
  simp [queryEquation, g̵a̵m̵m̵a̵E̵q̵u̵a̵t̵i̵o̵n̵,̵updateEquation, Bind.bind,
  ̲  ̲ ̲ ̲ ̲ ̲ ̲ ̲ ̲ ̲ ̲ ̲ ̲ ̲ ̲ ̲ ̲ ̲ ̲ ̲ ̲ ̲ ̲ ̲ ̲ ̲ ̲ ̲ ̲ ̲ ̲ ̲Aeneas.Std.bind] at bodyRun

Note: This linter can be disabled with `set_option linter.unusedSimpArgs false`
/home/dombarker/project-offloads/aeneas-d860-v6/backends/lean/v7-merkle-k12-replay.zEWr90/V7MerkleK12CallerBridge.lean:546:32: warning: This simp argument is unused:
  updateEquation

Hint: Omit it from the simp argument list.
  simp [queryEquation, gammaEquation, u̵p̵d̵a̵t̵e̵E̵q̵u̵a̵t̵i̵o̵n̵,̵ ̵Bind.bind,
  ̲  ̲ ̲ ̲ ̲ ̲ ̲ ̲ ̲ ̲ ̲ ̲ ̲ ̲ ̲ ̲ ̲ ̲ ̲ ̲ ̲ ̲ ̲ ̲ ̲ ̲ ̲ ̲ ̲ ̲ ̲ ̲Aeneas.Std.bind] at bodyRun

Note: This linter can be disabled with `set_option linter.unusedSimpArgs false`
/home/dombarker/project-offloads/aeneas-d860-v6/backends/lean/v7-merkle-k12-replay.zEWr90/V7MerkleK12CallerBridge.lean:546:48: warning: This simp argument is unused:
  Bind.bind

Hint: Omit it from the simp argument list.
  simp [queryEquation, gammaEquation, updateEquation,
  ̲  ̲ ̲ ̲ ̲ ̲ ̲ ̲ ̲ ̲ ̲ ̲ ̲ ̲ ̲ ̲ ̲ ̲ ̲ ̲ ̲ ̲ ̲ ̲ ̲ ̲ ̲ ̲ ̲ ̲ ̲ ̲B̵i̵n̵d̵.̵b̵i̵n̵d̵,̵ ̵Aeneas.Std.bind] at bodyRun

Note: This linter can be disabled with `set_option linter.unusedSimpArgs false`
/home/dombarker/project-offloads/aeneas-d860-v6/backends/lean/v7-merkle-k12-replay.zEWr90/V7MerkleK12CallerBridge.lean:546:59: warning: This simp argument is unused:
  Aeneas.Std.bind

Hint: Omit it from the simp argument list.
  simp [queryEquation, gammaEquation, updateEquation,
  ̲  ̲ ̲ ̲ ̲ ̲ ̲ ̲ ̲ ̲ ̲ ̲ ̲ ̲ ̲ ̲ ̲ ̲ ̲ ̲ ̲ ̲ ̲ ̲ ̲ ̲ ̲ ̲ ̲ ̲ ̲ ̲B̵i̵n̵d̵.̵b̵i̵n̵d̵,̵ ̵A̵e̵n̵e̵a̵s̵.̵S̵t̵d̵.̵b̵i̵n̵d̵]̵B̲i̲n̲d̲.̲b̲i̲n̲d̲]̲ at bodyRun

Note: This linter can be disabled with `set_option linter.unusedSimpArgs false`
/home/dombarker/project-offloads/aeneas-d860-v6/backends/lean/v7-merkle-k12-replay.zEWr90/V7MerkleK12CallerBridge.lean:549:36: warning: This simp argument is unused:
  queryEquation

Hint: Omit it from the simp argument list.
  simp [̵q̵u̵e̵r̵y̵E̵q̵u̵a̵t̵i̵o̵n̵,̵ ̵g̵a̵m̵m̵a̵E̵q̵u̵a̵t̵i̵o̵n̵,̵[̲g̲a̲m̲m̲a̲E̲q̲u̲a̲t̲i̲o̲n̲,̲ updateEquation, Bind.bind,
  ̲  ̲ ̲ ̲ ̲ ̲ ̲ ̲ ̲ ̲ ̲ ̲ ̲ ̲ ̲ ̲ ̲ ̲ ̲ ̲ ̲ ̲ ̲ ̲ ̲ ̲ ̲ ̲ ̲ ̲ ̲ ̲Aeneas.Std.bind] at bodyRun

Note: This linter can be disabled with `set_option linter.unusedSimpArgs false`
/home/dombarker/project-offloads/aeneas-d860-v6/backends/lean/v7-merkle-k12-replay.zEWr90/V7MerkleK12CallerBridge.lean:549:51: warning: This simp argument is unused:
  gammaEquation

Hint: Omit it from the simp argument list.
  simp [queryEquation, g̵a̵m̵m̵a̵E̵q̵u̵a̵t̵i̵o̵n̵,̵updateEquation, Bind.bind,
  ̲  ̲ ̲ ̲ ̲ ̲ ̲ ̲ ̲ ̲ ̲ ̲ ̲ ̲ ̲ ̲ ̲ ̲ ̲ ̲ ̲ ̲ ̲ ̲ ̲ ̲ ̲ ̲ ̲ ̲ ̲ ̲Aeneas.Std.bind] at bodyRun

Note: This linter can be disabled with `set_option linter.unusedSimpArgs false`
/home/dombarker/project-offloads/aeneas-d860-v6/backends/lean/v7-merkle-k12-replay.zEWr90/V7MerkleK12CallerBridge.lean:550:32: warning: This simp argument is unused:
  updateEquation

Hint: Omit it from the simp argument list.
  simp [queryEquation, gammaEquation, u̵p̵d̵a̵t̵e̵E̵q̵u̵a̵t̵i̵o̵n̵,̵ ̵Bind.bind,
  ̲  ̲ ̲ ̲ ̲ ̲ ̲ ̲ ̲ ̲ ̲ ̲ ̲ ̲ ̲ ̲ ̲ ̲ ̲ ̲ ̲ ̲ ̲ ̲ ̲ ̲ ̲ ̲ ̲ ̲ ̲ ̲Aeneas.Std.bind] at bodyRun

Note: This linter can be disabled with `set_option linter.unusedSimpArgs false`
/home/dombarker/project-offloads/aeneas-d860-v6/backends/lean/v7-merkle-k12-replay.zEWr90/V7MerkleK12CallerBridge.lean:550:48: warning: This simp argument is unused:
  Bind.bind

Hint: Omit it from the simp argument list.
  simp [queryEquation, gammaEquation, updateEquation,
  ̲  ̲ ̲ ̲ ̲ ̲ ̲ ̲ ̲ ̲ ̲ ̲ ̲ ̲ ̲ ̲ ̲ ̲ ̲ ̲ ̲ ̲ ̲ ̲ ̲ ̲ ̲ ̲ ̲ ̲ ̲ ̲B̵i̵n̵d̵.̵b̵i̵n̵d̵,̵ ̵Aeneas.Std.bind] at bodyRun

Note: This linter can be disabled with `set_option linter.unusedSimpArgs false`
/home/dombarker/project-offloads/aeneas-d860-v6/backends/lean/v7-merkle-k12-replay.zEWr90/V7MerkleK12CallerBridge.lean:550:59: warning: This simp argument is unused:
  Aeneas.Std.bind

Hint: Omit it from the simp argument list.
  simp [queryEquation, gammaEquation, updateEquation,
  ̲  ̲ ̲ ̲ ̲ ̲ ̲ ̲ ̲ ̲ ̲ ̲ ̲ ̲ ̲ ̲ ̲ ̲ ̲ ̲ ̲ ̲ ̲ ̲ ̲ ̲ ̲ ̲ ̲ ̲ ̲ ̲B̵i̵n̵d̵.̵b̵i̵n̵d̵,̵ ̵A̵e̵n̵e̵a̵s̵.̵S̵t̵d̵.̵b̵i̵n̵d̵]̵B̲i̲n̲d̲.̲b̲i̲n̲d̲]̲ at bodyRun

Note: This linter can be disabled with `set_option linter.unusedSimpArgs false`
/home/dombarker/project-offloads/aeneas-d860-v6/backends/lean/v7-merkle-k12-replay.zEWr90/V7MerkleK12CallerBridge.lean:553:36: warning: This simp argument is unused:
  queryEquation

Hint: Omit it from the simp argument list.
  simp [̵q̵u̵e̵r̵y̵E̵q̵u̵a̵t̵i̵o̵n̵,̵ ̵g̵a̵m̵m̵a̵E̵q̵u̵a̵t̵i̵o̵n̵,̵[̲g̲a̲m̲m̲a̲E̲q̲u̲a̲t̲i̲o̲n̲,̲ updateEquation, Bind.bind,
  ̲  ̲ ̲ ̲ ̲ ̲ ̲ ̲ ̲ ̲ ̲ ̲ ̲ ̲ ̲ ̲ ̲ ̲ ̲ ̲ ̲ ̲ ̲ ̲ ̲ ̲ ̲ ̲ ̲ ̲ ̲ ̲Aeneas.Std.bind] at bodyRun

Note: This linter can be disabled with `set_option linter.unusedSimpArgs false`
/home/dombarker/project-offloads/aeneas-d860-v6/backends/lean/v7-merkle-k12-replay.zEWr90/V7MerkleK12CallerBridge.lean:553:51: warning: This simp argument is unused:
  gammaEquation

Hint: Omit it from the simp argument list.
  simp [queryEquation, g̵a̵m̵m̵a̵E̵q̵u̵a̵t̵i̵o̵n̵,̵updateEquation, Bind.bind,
  ̲  ̲ ̲ ̲ ̲ ̲ ̲ ̲ ̲ ̲ ̲ ̲ ̲ ̲ ̲ ̲ ̲ ̲ ̲ ̲ ̲ ̲ ̲ ̲ ̲ ̲ ̲ ̲ ̲ ̲ ̲ ̲Aeneas.Std.bind] at bodyRun

Note: This linter can be disabled with `set_option linter.unusedSimpArgs false`
/home/dombarker/project-offloads/aeneas-d860-v6/backends/lean/v7-merkle-k12-replay.zEWr90/V7MerkleK12CallerBridge.lean:554:32: warning: This simp argument is unused:
  updateEquation

Hint: Omit it from the simp argument list.
  simp [queryEquation, gammaEquation, u̵p̵d̵a̵t̵e̵E̵q̵u̵a̵t̵i̵o̵n̵,̵ ̵Bind.bind,
  ̲  ̲ ̲ ̲ ̲ ̲ ̲ ̲ ̲ ̲ ̲ ̲ ̲ ̲ ̲ ̲ ̲ ̲ ̲ ̲ ̲ ̲ ̲ ̲ ̲ ̲ ̲ ̲ ̲ ̲ ̲ ̲Aeneas.Std.bind] at bodyRun

Note: This linter can be disabled with `set_option linter.unusedSimpArgs false`
/home/dombarker/project-offloads/aeneas-d860-v6/backends/lean/v7-merkle-k12-replay.zEWr90/V7MerkleK12CallerBridge.lean:554:48: warning: This simp argument is unused:
  Bind.bind

Hint: Omit it from the simp argument list.
  simp [queryEquation, gammaEquation, updateEquation,
  ̲  ̲ ̲ ̲ ̲ ̲ ̲ ̲ ̲ ̲ ̲ ̲ ̲ ̲ ̲ ̲ ̲ ̲ ̲ ̲ ̲ ̲ ̲ ̲ ̲ ̲ ̲ ̲ ̲ ̲ ̲ ̲B̵i̵n̵d̵.̵b̵i̵n̵d̵,̵ ̵Aeneas.Std.bind] at bodyRun

Note: This linter can be disabled with `set_option linter.unusedSimpArgs false`
/home/dombarker/project-offloads/aeneas-d860-v6/backends/lean/v7-merkle-k12-replay.zEWr90/V7MerkleK12CallerBridge.lean:554:59: warning: This simp argument is unused:
  Aeneas.Std.bind

Hint: Omit it from the simp argument list.
  simp [queryEquation, gammaEquation, updateEquation,
  ̲  ̲ ̲ ̲ ̲ ̲ ̲ ̲ ̲ ̲ ̲ ̲ ̲ ̲ ̲ ̲ ̲ ̲ ̲ ̲ ̲ ̲ ̲ ̲ ̲ ̲ ̲ ̲ ̲ ̲ ̲ ̲B̵i̵n̵d̵.̵b̵i̵n̵d̵,̵ ̵A̵e̵n̵e̵a̵s̵.̵S̵t̵d̵.̵b̵i̵n̵d̵]̵B̲i̲n̲d̲.̲b̲i̲n̲d̲]̲ at bodyRun

Note: This linter can be disabled with `set_option linter.unusedSimpArgs false`
/home/dombarker/project-offloads/aeneas-d860-v6/backends/lean/v7-merkle-k12-replay.zEWr90/V7MerkleK12CallerBridge.lean:564:40: warning: This simp argument is unused:
  queryEquation

Hint: Omit it from the simp argument list.
  simp [̵q̵u̵e̵r̵y̵E̵q̵u̵a̵t̵i̵o̵n̵,̵ ̵g̵a̵m̵m̵a̵E̵q̵u̵a̵t̵i̵o̵n̵,̵[̲g̲a̲m̲m̲a̲E̲q̲u̲a̲t̲i̲o̲n̲,̲ updateEquation, c1LeafEquation, Bind.bind,
                                      Aeneas.Std.bind] at bodyRun

Note: This linter can be disabled with `set_option linter.unusedSimpArgs false`
/home/dombarker/project-offloads/aeneas-d860-v6/backends/lean/v7-merkle-k12-replay.zEWr90/V7MerkleK12CallerBridge.lean:564:55: warning: This simp argument is unused:
  gammaEquation

Hint: Omit it from the simp argument list.
  simp [queryEquation, g̵a̵m̵m̵a̵E̵q̵u̵a̵t̵i̵o̵n̵,̵updateEquation, c1LeafEquation, Bind.bind,
  ̲  ̲ ̲ ̲ ̲ ̲ ̲ ̲ ̲ ̲ ̲ ̲ ̲ ̲ ̲ ̲ ̲ ̲ ̲ ̲ ̲ ̲ ̲ ̲ ̲ ̲ ̲ ̲ ̲ ̲ ̲ ̲ ̲ ̲ ̲ ̲Aeneas.Std.bind] at bodyRun

Note: This linter can be disabled with `set_option linter.unusedSimpArgs false`
/home/dombarker/project-offloads/aeneas-d860-v6/backends/lean/v7-merkle-k12-replay.zEWr90/V7MerkleK12CallerBridge.lean:565:36: warning: This simp argument is unused:
  updateEquation

Hint: Omit it from the simp argument list.
  simp [queryEquation, gammaEquation, u̵p̵d̵a̵t̵e̵E̵q̵u̵a̵t̵i̵o̵n̵,̵ ̵c1LeafEquation, Bind.bind,
                                      Aeneas.Std.bind] at bodyRun

Note: This linter can be disabled with `set_option linter.unusedSimpArgs false`
/home/dombarker/project-offloads/aeneas-d860-v6/backends/lean/v7-merkle-k12-replay.zEWr90/V7MerkleK12CallerBridge.lean:565:52: warning: This simp argument is unused:
  c1LeafEquation

Hint: Omit it from the simp argument list.
  simp [queryEquation, gammaEquation, updateEquation, c̵1̵L̵e̵a̵f̵E̵q̵u̵a̵t̵i̵o̵n̵,̵ ̵Bind.bind,
                                      Aeneas.Std.bind] at bodyRun

Note: This linter can be disabled with `set_option linter.unusedSimpArgs false`
/home/dombarker/project-offloads/aeneas-d860-v6/backends/lean/v7-merkle-k12-replay.zEWr90/V7MerkleK12CallerBridge.lean:565:68: warning: This simp argument is unused:
  Bind.bind

Hint: Omit it from the simp argument list.
  simp [queryEquation, gammaEquation, updateEquation,
  ̲  ̲ ̲ ̲ ̲ ̲ ̲ ̲ ̲ ̲ ̲ ̲ ̲ ̲ ̲ ̲ ̲ ̲ ̲ ̲ ̲ ̲ ̲ ̲ ̲ ̲ ̲ ̲ ̲ ̲ ̲ ̲ ̲ ̲ ̲ ̲c1LeafEquation, B̵i̵n̵d̵.̵b̵i̵n̵d̵,̵Aeneas.Std.bind] at bodyRun

Note: This linter can be disabled with `set_option linter.unusedSimpArgs false`
/home/dombarker/project-offloads/aeneas-d860-v6/backends/lean/v7-merkle-k12-replay.zEWr90/V7MerkleK12CallerBridge.lean:566:36: warning: This simp argument is unused:
  Aeneas.Std.bind

Hint: Omit it from the simp argument list.
  simp [queryEquation, gammaEquation, updateEquation,
  ̲  ̲ ̲ ̲ ̲ ̲ ̲ ̲ ̲ ̲ ̲ ̲ ̲ ̲ ̲ ̲ ̲ ̲ ̲ ̲ ̲ ̲ ̲ ̲ ̲ ̲ ̲ ̲ ̲ ̲ ̲ ̲ ̲ ̲ ̲ ̲c1LeafEquation, B̵i̵n̵d̵.̵b̵i̵n̵d̵,̵
  ̵ ̵ ̵ ̵ ̵ ̵ ̵ ̵ ̵ ̵ ̵ ̵ ̵ ̵ ̵ ̵ ̵ ̵ ̵ ̵ ̵ ̵ ̵ ̵ ̵ ̵ ̵ ̵ ̵ ̵ ̵ ̵ ̵ ̵ ̵ ̵ ̵A̵e̵n̵e̵a̵s̵.̵S̵t̵d̵.̵b̵i̵n̵d̵]̵B̲i̲n̲d̲.̲b̲i̲n̲d̲]̲ at bodyRun

Note: This linter can be disabled with `set_option linter.unusedSimpArgs false`
/home/dombarker/project-offloads/aeneas-d860-v6/backends/lean/v7-merkle-k12-replay.zEWr90/V7MerkleK12CallerBridge.lean:568:40: warning: This simp argument is unused:
  queryEquation

Hint: Omit it from the simp argument list.
  simp [̵q̵u̵e̵r̵y̵E̵q̵u̵a̵t̵i̵o̵n̵,̵ ̵g̵a̵m̵m̵a̵E̵q̵u̵a̵t̵i̵o̵n̵,̵[̲g̲a̲m̲m̲a̲E̲q̲u̲a̲t̲i̲o̲n̲,̲ updateEquation, c1LeafEquation, Bind.bind,
                                      Aeneas.Std.bind] at bodyRun

Note: This linter can be disabled with `set_option linter.unusedSimpArgs false`
/home/dombarker/project-offloads/aeneas-d860-v6/backends/lean/v7-merkle-k12-replay.zEWr90/V7MerkleK12CallerBridge.lean:568:55: warning: This simp argument is unused:
  gammaEquation

Hint: Omit it from the simp argument list.
  simp [queryEquation, g̵a̵m̵m̵a̵E̵q̵u̵a̵t̵i̵o̵n̵,̵updateEquation, c1LeafEquation, Bind.bind,
  ̲  ̲ ̲ ̲ ̲ ̲ ̲ ̲ ̲ ̲ ̲ ̲ ̲ ̲ ̲ ̲ ̲ ̲ ̲ ̲ ̲ ̲ ̲ ̲ ̲ ̲ ̲ ̲ ̲ ̲ ̲ ̲ ̲ ̲ ̲ ̲Aeneas.Std.bind] at bodyRun

Note: This linter can be disabled with `set_option linter.unusedSimpArgs false`
/home/dombarker/project-offloads/aeneas-d860-v6/backends/lean/v7-merkle-k12-replay.zEWr90/V7MerkleK12CallerBridge.lean:569:36: warning: This simp argument is unused:
  updateEquation

Hint: Omit it from the simp argument list.
  simp [queryEquation, gammaEquation, u̵p̵d̵a̵t̵e̵E̵q̵u̵a̵t̵i̵o̵n̵,̵ ̵c1LeafEquation, Bind.bind,
                                      Aeneas.Std.bind] at bodyRun

Note: This linter can be disabled with `set_option linter.unusedSimpArgs false`
/home/dombarker/project-offloads/aeneas-d860-v6/backends/lean/v7-merkle-k12-replay.zEWr90/V7MerkleK12CallerBridge.lean:569:52: warning: This simp argument is unused:
  c1LeafEquation

Hint: Omit it from the simp argument list.
  simp [queryEquation, gammaEquation, updateEquation, c̵1̵L̵e̵a̵f̵E̵q̵u̵a̵t̵i̵o̵n̵,̵ ̵Bind.bind,
                                      Aeneas.Std.bind] at bodyRun

Note: This linter can be disabled with `set_option linter.unusedSimpArgs false`
/home/dombarker/project-offloads/aeneas-d860-v6/backends/lean/v7-merkle-k12-replay.zEWr90/V7MerkleK12CallerBridge.lean:569:68: warning: This simp argument is unused:
  Bind.bind

Hint: Omit it from the simp argument list.
  simp [queryEquation, gammaEquation, updateEquation,
  ̲  ̲ ̲ ̲ ̲ ̲ ̲ ̲ ̲ ̲ ̲ ̲ ̲ ̲ ̲ ̲ ̲ ̲ ̲ ̲ ̲ ̲ ̲ ̲ ̲ ̲ ̲ ̲ ̲ ̲ ̲ ̲ ̲ ̲ ̲ ̲c1LeafEquation, B̵i̵n̵d̵.̵b̵i̵n̵d̵,̵Aeneas.Std.bind] at bodyRun

Note: This linter can be disabled with `set_option linter.unusedSimpArgs false`
/home/dombarker/project-offloads/aeneas-d860-v6/backends/lean/v7-merkle-k12-replay.zEWr90/V7MerkleK12CallerBridge.lean:570:36: warning: This simp argument is unused:
  Aeneas.Std.bind

Hint: Omit it from the simp argument list.
  simp [queryEquation, gammaEquation, updateEquation,
  ̲  ̲ ̲ ̲ ̲ ̲ ̲ ̲ ̲ ̲ ̲ ̲ ̲ ̲ ̲ ̲ ̲ ̲ ̲ ̲ ̲ ̲ ̲ ̲ ̲ ̲ ̲ ̲ ̲ ̲ ̲ ̲ ̲ ̲ ̲ ̲c1LeafEquation, B̵i̵n̵d̵.̵b̵i̵n̵d̵,̵
  ̵ ̵ ̵ ̵ ̵ ̵ ̵ ̵ ̵ ̵ ̵ ̵ ̵ ̵ ̵ ̵ ̵ ̵ ̵ ̵ ̵ ̵ ̵ ̵ ̵ ̵ ̵ ̵ ̵ ̵ ̵ ̵ ̵ ̵ ̵ ̵ ̵A̵e̵n̵e̵a̵s̵.̵S̵t̵d̵.̵b̵i̵n̵d̵]̵B̲i̲n̲d̲.̲b̲i̲n̲d̲]̲ at bodyRun

Note: This linter can be disabled with `set_option linter.unusedSimpArgs false`
/home/dombarker/project-offloads/aeneas-d860-v6/backends/lean/v7-merkle-k12-replay.zEWr90/V7MerkleK12CallerBridge.lean:572:40: warning: This simp argument is unused:
  queryEquation

Hint: Omit it from the simp argument list.
  simp [̵q̵u̵e̵r̵y̵E̵q̵u̵a̵t̵i̵o̵n̵,̵ ̵g̵a̵m̵m̵a̵E̵q̵u̵a̵t̵i̵o̵n̵,̵[̲g̲a̲m̲m̲a̲E̲q̲u̲a̲t̲i̲o̲n̲,̲ updateEquation, c1LeafEquation, Bind.bind,
                                      Aeneas.Std.bind] at bodyRun

Note: This linter can be disabled with `set_option linter.unusedSimpArgs false`
/home/dombarker/project-offloads/aeneas-d860-v6/backends/lean/v7-merkle-k12-replay.zEWr90/V7MerkleK12CallerBridge.lean:572:55: warning: This simp argument is unused:
  gammaEquation

Hint: Omit it from the simp argument list.
  simp [queryEquation, g̵a̵m̵m̵a̵E̵q̵u̵a̵t̵i̵o̵n̵,̵updateEquation, c1LeafEquation, Bind.bind,
  ̲  ̲ ̲ ̲ ̲ ̲ ̲ ̲ ̲ ̲ ̲ ̲ ̲ ̲ ̲ ̲ ̲ ̲ ̲ ̲ ̲ ̲ ̲ ̲ ̲ ̲ ̲ ̲ ̲ ̲ ̲ ̲ ̲ ̲ ̲ ̲Aeneas.Std.bind] at bodyRun

Note: This linter can be disabled with `set_option linter.unusedSimpArgs false`
/home/dombarker/project-offloads/aeneas-d860-v6/backends/lean/v7-merkle-k12-replay.zEWr90/V7MerkleK12CallerBridge.lean:573:36: warning: This simp argument is unused:
  updateEquation

Hint: Omit it from the simp argument list.
  simp [queryEquation, gammaEquation, u̵p̵d̵a̵t̵e̵E̵q̵u̵a̵t̵i̵o̵n̵,̵ ̵c1LeafEquation, Bind.bind,
                                      Aeneas.Std.bind] at bodyRun

Note: This linter can be disabled with `set_option linter.unusedSimpArgs false`
/home/dombarker/project-offloads/aeneas-d860-v6/backends/lean/v7-merkle-k12-replay.zEWr90/V7MerkleK12CallerBridge.lean:573:52: warning: This simp argument is unused:
  c1LeafEquation

Hint: Omit it from the simp argument list.
  simp [queryEquation, gammaEquation, updateEquation, c̵1̵L̵e̵a̵f̵E̵q̵u̵a̵t̵i̵o̵n̵,̵ ̵Bind.bind,
                                      Aeneas.Std.bind] at bodyRun

Note: This linter can be disabled with `set_option linter.unusedSimpArgs false`
/home/dombarker/project-offloads/aeneas-d860-v6/backends/lean/v7-merkle-k12-replay.zEWr90/V7MerkleK12CallerBridge.lean:573:68: warning: This simp argument is unused:
  Bind.bind

Hint: Omit it from the simp argument list.
  simp [queryEquation, gammaEquation, updateEquation,
  ̲  ̲ ̲ ̲ ̲ ̲ ̲ ̲ ̲ ̲ ̲ ̲ ̲ ̲ ̲ ̲ ̲ ̲ ̲ ̲ ̲ ̲ ̲ ̲ ̲ ̲ ̲ ̲ ̲ ̲ ̲ ̲ ̲ ̲ ̲ ̲c1LeafEquation, B̵i̵n̵d̵.̵b̵i̵n̵d̵,̵Aeneas.Std.bind] at bodyRun

Note: This linter can be disabled with `set_option linter.unusedSimpArgs false`
/home/dombarker/project-offloads/aeneas-d860-v6/backends/lean/v7-merkle-k12-replay.zEWr90/V7MerkleK12CallerBridge.lean:574:36: warning: This simp argument is unused:
  Aeneas.Std.bind

Hint: Omit it from the simp argument list.
  simp [queryEquation, gammaEquation, updateEquation,
  ̲  ̲ ̲ ̲ ̲ ̲ ̲ ̲ ̲ ̲ ̲ ̲ ̲ ̲ ̲ ̲ ̲ ̲ ̲ ̲ ̲ ̲ ̲ ̲ ̲ ̲ ̲ ̲ ̲ ̲ ̲ ̲ ̲ ̲ ̲ ̲c1LeafEquation, B̵i̵n̵d̵.̵b̵i̵n̵d̵,̵
  ̵ ̵ ̵ ̵ ̵ ̵ ̵ ̵ ̵ ̵ ̵ ̵ ̵ ̵ ̵ ̵ ̵ ̵ ̵ ̵ ̵ ̵ ̵ ̵ ̵ ̵ ̵ ̵ ̵ ̵ ̵ ̵ ̵ ̵ ̵ ̵ ̵A̵e̵n̵e̵a̵s̵.̵S̵t̵d̵.̵b̵i̵n̵d̵]̵B̲i̲n̲d̲.̲b̲i̲n̲d̲]̲ at bodyRun

Note: This linter can be disabled with `set_option linter.unusedSimpArgs false`
/home/dombarker/project-offloads/aeneas-d860-v6/backends/lean/v7-merkle-k12-replay.zEWr90/V7MerkleK12CallerBridge.lean:583:44: warning: This simp argument is unused:
  queryEquation

Hint: Omit it from the simp argument list.
  simp [̵q̵u̵e̵r̵y̵E̵q̵u̵a̵t̵i̵o̵n̵,̵ ̵g̵a̵m̵m̵a̵E̵q̵u̵a̵t̵i̵o̵n̵,̵[̲g̲a̲m̲m̲a̲E̲q̲u̲a̲t̲i̲o̲n̲,̲ updateEquation, c1LeafEquation,
                                          c2LeafEquation, Bind.bind, Aeneas.Std.bind] at bodyRun

Note: This linter can be disabled with `set_option linter.unusedSimpArgs false`
/home/dombarker/project-offloads/aeneas-d860-v6/backends/lean/v7-merkle-k12-replay.zEWr90/V7MerkleK12CallerBridge.lean:583:59: warning: This simp argument is unused:
  gammaEquation

Hint: Omit it from the simp argument list.
  simp [queryEquation, g̵a̵m̵m̵a̵E̵q̵u̵a̵t̵i̵o̵n̵,̵updateEquation, c1LeafEquation,
  ̲  ̲ ̲ ̲ ̲ ̲ ̲ ̲ ̲ ̲ ̲ ̲ ̲ ̲ ̲ ̲ ̲ ̲ ̲ ̲ ̲ ̲ ̲ ̲ ̲ ̲ ̲ ̲ ̲ ̲ ̲ ̲ ̲ ̲ ̲ ̲ ̲ ̲ ̲ ̲c2LeafEquation, Bind.bind, Aeneas.Std.bind] at bodyRun

Note: This linter can be disabled with `set_option linter.unusedSimpArgs false`
/home/dombarker/project-offloads/aeneas-d860-v6/backends/lean/v7-merkle-k12-replay.zEWr90/V7MerkleK12CallerBridge.lean:584:40: warning: This simp argument is unused:
  updateEquation

Hint: Omit it from the simp argument list.
  simp [queryEquation, gammaEquation, u̵p̵d̵a̵t̵e̵E̵q̵u̵a̵t̵i̵o̵n̵,̵ ̵c1LeafEquation,
                                          c2LeafEquation, Bind.bind, Aeneas.Std.bind] at bodyRun

Note: This linter can be disabled with `set_option linter.unusedSimpArgs false`
/home/dombarker/project-offloads/aeneas-d860-v6/backends/lean/v7-merkle-k12-replay.zEWr90/V7MerkleK12CallerBridge.lean:584:56: warning: This simp argument is unused:
  c1LeafEquation

Hint: Omit it from the simp argument list.
  simp [queryEquation, gammaEquation, updateEquation,
  ̲  ̲ ̲ ̲ ̲ ̲ ̲ ̲ ̲ ̲ ̲ ̲ ̲ ̲ ̲ ̲ ̲ ̲ ̲ ̲ ̲ ̲ ̲ ̲ ̲ ̲ ̲ ̲ ̲ ̲ ̲ ̲ ̲ ̲ ̲ ̲ ̲ ̲ ̲ ̲c̵1̵L̵e̵a̵f̵E̵q̵u̵a̵t̵i̵o̵n̵,̵c2LeafEquation, Bind.bind, Aeneas.Std.bind] at bodyRun

Note: This linter can be disabled with `set_option linter.unusedSimpArgs false`
/home/dombarker/project-offloads/aeneas-d860-v6/backends/lean/v7-merkle-k12-replay.zEWr90/V7MerkleK12CallerBridge.lean:585:40: warning: This simp argument is unused:
  c2LeafEquation

Hint: Omit it from the simp argument list.
  simp [queryEquation, gammaEquation, updateEquation,
  ̲  ̲ ̲ ̲ ̲ ̲ ̲ ̲ ̲ ̲ ̲ ̲ ̲ ̲ ̲ ̲ ̲ ̲ ̲ ̲ ̲ ̲ ̲ ̲ ̲ ̲ ̲ ̲ ̲ ̲ ̲ ̲ ̲ ̲ ̲ ̲ ̲ ̲ ̲ ̲c1LeafEquation, c̵2̵L̵e̵a̵f̵E̵q̵u̵a̵t̵i̵o̵n̵,̵ ̵Bind.bind, Aeneas.Std.bind] at bodyRun

Note: This linter can be disabled with `set_option linter.unusedSimpArgs false`
/home/dombarker/project-offloads/aeneas-d860-v6/backends/lean/v7-merkle-k12-replay.zEWr90/V7MerkleK12CallerBridge.lean:585:56: warning: This simp argument is unused:
  Bind.bind

Hint: Omit it from the simp argument list.
  simp [queryEquation, gammaEquation, updateEquation,
  ̲  ̲ ̲ ̲ ̲ ̲ ̲ ̲ ̲ ̲ ̲ ̲ ̲ ̲ ̲ ̲ ̲ ̲ ̲ ̲ ̲ ̲ ̲ ̲ ̲ ̲ ̲ ̲ ̲ ̲ ̲ ̲ ̲ ̲ ̲ ̲ ̲ ̲ ̲ ̲c1LeafEquation, c2LeafEquation, B̵i̵n̵d̵.̵b̵i̵n̵d̵,̵Aeneas.Std.bind] at bodyRun

Note: This linter can be disabled with `set_option linter.unusedSimpArgs false`
/home/dombarker/project-offloads/aeneas-d860-v6/backends/lean/v7-merkle-k12-replay.zEWr90/V7MerkleK12CallerBridge.lean:586:40: warning: This simp argument is unused:
  Aeneas.Std.bind

Hint: Omit it from the simp argument list.
  simp [queryEquation, gammaEquation, updateEquation,
  ̲  ̲ ̲ ̲ ̲ ̲ ̲ ̲ ̲ ̲ ̲ ̲ ̲ ̲ ̲ ̲ ̲ ̲ ̲ ̲ ̲ ̲ ̲ ̲ ̲ ̲ ̲ ̲ ̲ ̲ ̲ ̲ ̲ ̲ ̲ ̲ ̲ ̲ ̲ ̲c1LeafEquation, c2LeafEquation, B̵i̵n̵d̵.̵b̵i̵n̵d̵,̵
  ̵ ̵ ̵ ̵ ̵ ̵ ̵ ̵ ̵ ̵ ̵ ̵ ̵ ̵ ̵ ̵ ̵ ̵ ̵ ̵ ̵ ̵ ̵ ̵ ̵ ̵ ̵ ̵ ̵ ̵ ̵ ̵ ̵ ̵ ̵ ̵ ̵ ̵ ̵ ̵ ̵A̵e̵n̵e̵a̵s̵.̵S̵t̵d̵.̵b̵i̵n̵d̵]̵B̲i̲n̲d̲.̲b̲i̲n̲d̲]̲ at bodyRun

Note: This linter can be disabled with `set_option linter.unusedSimpArgs false`
/home/dombarker/project-offloads/aeneas-d860-v6/backends/lean/v7-merkle-k12-replay.zEWr90/V7MerkleK12CallerBridge.lean:588:44: warning: This simp argument is unused:
  queryEquation

Hint: Omit it from the simp argument list.
  simp [̵q̵u̵e̵r̵y̵E̵q̵u̵a̵t̵i̵o̵n̵,̵ ̵g̵a̵m̵m̵a̵E̵q̵u̵a̵t̵i̵o̵n̵,̵[̲g̲a̲m̲m̲a̲E̲q̲u̲a̲t̲i̲o̲n̲,̲ updateEquation, c1LeafEquation,
                                          c2LeafEquation, Bind.bind, Aeneas.Std.bind] at bodyRun

Note: This linter can be disabled with `set_option linter.unusedSimpArgs false`
/home/dombarker/project-offloads/aeneas-d860-v6/backends/lean/v7-merkle-k12-replay.zEWr90/V7MerkleK12CallerBridge.lean:588:59: warning: This simp argument is unused:
  gammaEquation

Hint: Omit it from the simp argument list.
  simp [queryEquation, g̵a̵m̵m̵a̵E̵q̵u̵a̵t̵i̵o̵n̵,̵updateEquation, c1LeafEquation,
  ̲  ̲ ̲ ̲ ̲ ̲ ̲ ̲ ̲ ̲ ̲ ̲ ̲ ̲ ̲ ̲ ̲ ̲ ̲ ̲ ̲ ̲ ̲ ̲ ̲ ̲ ̲ ̲ ̲ ̲ ̲ ̲ ̲ ̲ ̲ ̲ ̲ ̲ ̲ ̲c2LeafEquation, Bind.bind, Aeneas.Std.bind] at bodyRun

Note: This linter can be disabled with `set_option linter.unusedSimpArgs false`
/home/dombarker/project-offloads/aeneas-d860-v6/backends/lean/v7-merkle-k12-replay.zEWr90/V7MerkleK12CallerBridge.lean:589:40: warning: This simp argument is unused:
  updateEquation

Hint: Omit it from the simp argument list.
  simp [queryEquation, gammaEquation, u̵p̵d̵a̵t̵e̵E̵q̵u̵a̵t̵i̵o̵n̵,̵ ̵c1LeafEquation,
                                          c2LeafEquation, Bind.bind, Aeneas.Std.bind] at bodyRun

Note: This linter can be disabled with `set_option linter.unusedSimpArgs false`
/home/dombarker/project-offloads/aeneas-d860-v6/backends/lean/v7-merkle-k12-replay.zEWr90/V7MerkleK12CallerBridge.lean:589:56: warning: This simp argument is unused:
  c1LeafEquation

Hint: Omit it from the simp argument list.
  simp [queryEquation, gammaEquation, updateEquation,
  ̲  ̲ ̲ ̲ ̲ ̲ ̲ ̲ ̲ ̲ ̲ ̲ ̲ ̲ ̲ ̲ ̲ ̲ ̲ ̲ ̲ ̲ ̲ ̲ ̲ ̲ ̲ ̲ ̲ ̲ ̲ ̲ ̲ ̲ ̲ ̲ ̲ ̲ ̲ ̲c̵1̵L̵e̵a̵f̵E̵q̵u̵a̵t̵i̵o̵n̵,̵c2LeafEquation, Bind.bind, Aeneas.Std.bind] at bodyRun

Note: This linter can be disabled with `set_option linter.unusedSimpArgs false`
/home/dombarker/project-offloads/aeneas-d860-v6/backends/lean/v7-merkle-k12-replay.zEWr90/V7MerkleK12CallerBridge.lean:590:40: warning: This simp argument is unused:
  c2LeafEquation

Hint: Omit it from the simp argument list.
  simp [queryEquation, gammaEquation, updateEquation,
  ̲  ̲ ̲ ̲ ̲ ̲ ̲ ̲ ̲ ̲ ̲ ̲ ̲ ̲ ̲ ̲ ̲ ̲ ̲ ̲ ̲ ̲ ̲ ̲ ̲ ̲ ̲ ̲ ̲ ̲ ̲ ̲ ̲ ̲ ̲ ̲ ̲ ̲ ̲ ̲c1LeafEquation, c̵2̵L̵e̵a̵f̵E̵q̵u̵a̵t̵i̵o̵n̵,̵ ̵Bind.bind, Aeneas.Std.bind] at bodyRun

Note: This linter can be disabled with `set_option linter.unusedSimpArgs false`
/home/dombarker/project-offloads/aeneas-d860-v6/backends/lean/v7-merkle-k12-replay.zEWr90/V7MerkleK12CallerBridge.lean:590:56: warning: This simp argument is unused:
  Bind.bind

Hint: Omit it from the simp argument list.
  simp [queryEquation, gammaEquation, updateEquation,
  ̲  ̲ ̲ ̲ ̲ ̲ ̲ ̲ ̲ ̲ ̲ ̲ ̲ ̲ ̲ ̲ ̲ ̲ ̲ ̲ ̲ ̲ ̲ ̲ ̲ ̲ ̲ ̲ ̲ ̲ ̲ ̲ ̲ ̲ ̲ ̲ ̲ ̲ ̲ ̲c1LeafEquation, c2LeafEquation, B̵i̵n̵d̵.̵b̵i̵n̵d̵,̵Aeneas.Std.bind] at bodyRun

Note: This linter can be disabled with `set_option linter.unusedSimpArgs false`
/home/dombarker/project-offloads/aeneas-d860-v6/backends/lean/v7-merkle-k12-replay.zEWr90/V7MerkleK12CallerBridge.lean:591:40: warning: This simp argument is unused:
  Aeneas.Std.bind

Hint: Omit it from the simp argument list.
  simp [queryEquation, gammaEquation, updateEquation,
  ̲  ̲ ̲ ̲ ̲ ̲ ̲ ̲ ̲ ̲ ̲ ̲ ̲ ̲ ̲ ̲ ̲ ̲ ̲ ̲ ̲ ̲ ̲ ̲ ̲ ̲ ̲ ̲ ̲ ̲ ̲ ̲ ̲ ̲ ̲ ̲ ̲ ̲ ̲ ̲c1LeafEquation, c2LeafEquation, B̵i̵n̵d̵.̵b̵i̵n̵d̵,̵
  ̵ ̵ ̵ ̵ ̵ ̵ ̵ ̵ ̵ ̵ ̵ ̵ ̵ ̵ ̵ ̵ ̵ ̵ ̵ ̵ ̵ ̵ ̵ ̵ ̵ ̵ ̵ ̵ ̵ ̵ ̵ ̵ ̵ ̵ ̵ ̵ ̵ ̵ ̵ ̵ ̵A̵e̵n̵e̵a̵s̵.̵S̵t̵d̵.̵b̵i̵n̵d̵]̵B̲i̲n̲d̲.̲b̲i̲n̲d̲]̲ at bodyRun

Note: This linter can be disabled with `set_option linter.unusedSimpArgs false`
/home/dombarker/project-offloads/aeneas-d860-v6/backends/lean/v7-merkle-k12-replay.zEWr90/V7MerkleK12CallerBridge.lean:593:44: warning: This simp argument is unused:
  queryEquation

Hint: Omit it from the simp argument list.
  simp [̵q̵u̵e̵r̵y̵E̵q̵u̵a̵t̵i̵o̵n̵,̵ ̵g̵a̵m̵m̵a̵E̵q̵u̵a̵t̵i̵o̵n̵,̵[̲g̲a̲m̲m̲a̲E̲q̲u̲a̲t̲i̲o̲n̲,̲ updateEquation, c1LeafEquation,
                                          c2LeafEquation, Bind.bind, Aeneas.Std.bind] at bodyRun

Note: This linter can be disabled with `set_option linter.unusedSimpArgs false`
/home/dombarker/project-offloads/aeneas-d860-v6/backends/lean/v7-merkle-k12-replay.zEWr90/V7MerkleK12CallerBridge.lean:593:59: warning: This simp argument is unused:
  gammaEquation

Hint: Omit it from the simp argument list.
  simp [queryEquation, g̵a̵m̵m̵a̵E̵q̵u̵a̵t̵i̵o̵n̵,̵updateEquation, c1LeafEquation,
  ̲  ̲ ̲ ̲ ̲ ̲ ̲ ̲ ̲ ̲ ̲ ̲ ̲ ̲ ̲ ̲ ̲ ̲ ̲ ̲ ̲ ̲ ̲ ̲ ̲ ̲ ̲ ̲ ̲ ̲ ̲ ̲ ̲ ̲ ̲ ̲ ̲ ̲ ̲ ̲c2LeafEquation, Bind.bind, Aeneas.Std.bind] at bodyRun

Note: This linter can be disabled with `set_option linter.unusedSimpArgs false`
/home/dombarker/project-offloads/aeneas-d860-v6/backends/lean/v7-merkle-k12-replay.zEWr90/V7MerkleK12CallerBridge.lean:594:40: warning: This simp argument is unused:
  updateEquation

Hint: Omit it from the simp argument list.
  simp [queryEquation, gammaEquation, u̵p̵d̵a̵t̵e̵E̵q̵u̵a̵t̵i̵o̵n̵,̵ ̵c1LeafEquation,
                                          c2LeafEquation, Bind.bind, Aeneas.Std.bind] at bodyRun

Note: This linter can be disabled with `set_option linter.unusedSimpArgs false`
/home/dombarker/project-offloads/aeneas-d860-v6/backends/lean/v7-merkle-k12-replay.zEWr90/V7MerkleK12CallerBridge.lean:594:56: warning: This simp argument is unused:
  c1LeafEquation

Hint: Omit it from the simp argument list.
  simp [queryEquation, gammaEquation, updateEquation,
  ̲  ̲ ̲ ̲ ̲ ̲ ̲ ̲ ̲ ̲ ̲ ̲ ̲ ̲ ̲ ̲ ̲ ̲ ̲ ̲ ̲ ̲ ̲ ̲ ̲ ̲ ̲ ̲ ̲ ̲ ̲ ̲ ̲ ̲ ̲ ̲ ̲ ̲ ̲ ̲c̵1̵L̵e̵a̵f̵E̵q̵u̵a̵t̵i̵o̵n̵,̵c2LeafEquation, Bind.bind, Aeneas.Std.bind] at bodyRun

Note: This linter can be disabled with `set_option linter.unusedSimpArgs false`
/home/dombarker/project-offloads/aeneas-d860-v6/backends/lean/v7-merkle-k12-replay.zEWr90/V7MerkleK12CallerBridge.lean:595:40: warning: This simp argument is unused:
  c2LeafEquation

Hint: Omit it from the simp argument list.
  simp [queryEquation, gammaEquation, updateEquation,
  ̲  ̲ ̲ ̲ ̲ ̲ ̲ ̲ ̲ ̲ ̲ ̲ ̲ ̲ ̲ ̲ ̲ ̲ ̲ ̲ ̲ ̲ ̲ ̲ ̲ ̲ ̲ ̲ ̲ ̲ ̲ ̲ ̲ ̲ ̲ ̲ ̲ ̲ ̲ ̲c1LeafEquation, c̵2̵L̵e̵a̵f̵E̵q̵u̵a̵t̵i̵o̵n̵,̵ ̵Bind.bind, Aeneas.Std.bind] at bodyRun

Note: This linter can be disabled with `set_option linter.unusedSimpArgs false`
/home/dombarker/project-offloads/aeneas-d860-v6/backends/lean/v7-merkle-k12-replay.zEWr90/V7MerkleK12CallerBridge.lean:595:56: warning: This simp argument is unused:
  Bind.bind

Hint: Omit it from the simp argument list.
  simp [queryEquation, gammaEquation, updateEquation,
  ̲  ̲ ̲ ̲ ̲ ̲ ̲ ̲ ̲ ̲ ̲ ̲ ̲ ̲ ̲ ̲ ̲ ̲ ̲ ̲ ̲ ̲ ̲ ̲ ̲ ̲ ̲ ̲ ̲ ̲ ̲ ̲ ̲ ̲ ̲ ̲ ̲ ̲ ̲ ̲c1LeafEquation, c2LeafEquation, B̵i̵n̵d̵.̵b̵i̵n̵d̵,̵Aeneas.Std.bind] at bodyRun

Note: This linter can be disabled with `set_option linter.unusedSimpArgs false`
/home/dombarker/project-offloads/aeneas-d860-v6/backends/lean/v7-merkle-k12-replay.zEWr90/V7MerkleK12CallerBridge.lean:596:40: warning: This simp argument is unused:
  Aeneas.Std.bind

Hint: Omit it from the simp argument list.
  simp [queryEquation, gammaEquation, updateEquation,
  ̲  ̲ ̲ ̲ ̲ ̲ ̲ ̲ ̲ ̲ ̲ ̲ ̲ ̲ ̲ ̲ ̲ ̲ ̲ ̲ ̲ ̲ ̲ ̲ ̲ ̲ ̲ ̲ ̲ ̲ ̲ ̲ ̲ ̲ ̲ ̲ ̲ ̲ ̲ ̲c1LeafEquation, c2LeafEquation, B̵i̵n̵d̵.̵b̵i̵n̵d̵,̵
  ̵ ̵ ̵ ̵ ̵ ̵ ̵ ̵ ̵ ̵ ̵ ̵ ̵ ̵ ̵ ̵ ̵ ̵ ̵ ̵ ̵ ̵ ̵ ̵ ̵ ̵ ̵ ̵ ̵ ̵ ̵ ̵ ̵ ̵ ̵ ̵ ̵ ̵ ̵ ̵ ̵A̵e̵n̵e̵a̵s̵.̵S̵t̵d̵.̵b̵i̵n̵d̵]̵B̲i̲n̲d̲.̲b̲i̲n̲d̲]̲ at bodyRun

Note: This linter can be disabled with `set_option linter.unusedSimpArgs false`
/home/dombarker/project-offloads/aeneas-d860-v6/backends/lean/v7-merkle-k12-replay.zEWr90/V7MerkleK12CallerBridge.lean:603:48: warning: This simp argument is unused:
  queryEquation

Hint: Omit it from the simp argument list.
  simp [̵q̵u̵e̵r̵y̵E̵q̵u̵a̵t̵i̵o̵n̵,̵ ̵g̵a̵m̵m̵a̵E̵q̵u̵a̵t̵i̵o̵n̵,̵[̲g̲a̲m̲m̲a̲E̲q̲u̲a̲t̲i̲o̲n̲,̲ updateEquation, c1LeafEquation,
                                              c2LeafEquation, pushEquation, Bind.bind,
  ̲  ̲ ̲ ̲ ̲ ̲ ̲ ̲ ̲ ̲ ̲ ̲ ̲ ̲ ̲ ̲ ̲ ̲ ̲ ̲ ̲ ̲ ̲ ̲ ̲ ̲ ̲ ̲ ̲ ̲ ̲ ̲ ̲ ̲ ̲ ̲ ̲ ̲ ̲ ̲ ̲ ̲ ̲ ̲Aeneas.Std.bind] at bodyRun

Note: This linter can be disabled with `set_option linter.unusedSimpArgs false`
/home/dombarker/project-offloads/aeneas-d860-v6/backends/lean/v7-merkle-k12-replay.zEWr90/V7MerkleK12CallerBridge.lean:603:63: warning: This simp argument is unused:
  gammaEquation

Hint: Omit it from the simp argument list.
  simp [queryEquation, g̵a̵m̵m̵a̵E̵q̵u̵a̵t̵i̵o̵n̵,̵updateEquation, c1LeafEquation,
  ̲  ̲ ̲ ̲ ̲ ̲ ̲ ̲ ̲ ̲ ̲ ̲ ̲ ̲ ̲ ̲ ̲ ̲ ̲ ̲ ̲ ̲ ̲ ̲ ̲ ̲ ̲ ̲ ̲ ̲ ̲ ̲ ̲ ̲ ̲ ̲ ̲ ̲ ̲ ̲ ̲ ̲ ̲ ̲c2LeafEquation, pushEquation, Bind.bind,
                                              Aeneas.Std.bind] at bodyRun

Note: This linter can be disabled with `set_option linter.unusedSimpArgs false`
/home/dombarker/project-offloads/aeneas-d860-v6/backends/lean/v7-merkle-k12-replay.zEWr90/V7MerkleK12CallerBridge.lean:604:44: warning: This simp argument is unused:
  updateEquation

Hint: Omit it from the simp argument list.
  simp [queryEquation, gammaEquation, u̵p̵d̵a̵t̵e̵E̵q̵u̵a̵t̵i̵o̵n̵,̵ ̵c1LeafEquation,
                                              c2LeafEquation, pushEquation, Bind.bind,
  ̲  ̲ ̲ ̲ ̲ ̲ ̲ ̲ ̲ ̲ ̲ ̲ ̲ ̲ ̲ ̲ ̲ ̲ ̲ ̲ ̲ ̲ ̲ ̲ ̲ ̲ ̲ ̲ ̲ ̲ ̲ ̲ ̲ ̲ ̲ ̲ ̲ ̲ ̲ ̲ ̲ ̲ ̲ ̲Aeneas.Std.bind] at bodyRun

Note: This linter can be disabled with `set_option linter.unusedSimpArgs false`
/home/dombarker/project-offloads/aeneas-d860-v6/backends/lean/v7-merkle-k12-replay.zEWr90/V7MerkleK12CallerBridge.lean:604:60: warning: This simp argument is unused:
  c1LeafEquation

Hint: Omit it from the simp argument list.
  simp [queryEquation, gammaEquation, updateEquation,
  ̲  ̲ ̲ ̲ ̲ ̲ ̲ ̲ ̲ ̲ ̲ ̲ ̲ ̲ ̲ ̲ ̲ ̲ ̲ ̲ ̲ ̲ ̲ ̲ ̲ ̲ ̲ ̲ ̲ ̲ ̲ ̲ ̲ ̲ ̲ ̲ ̲ ̲ ̲ ̲ ̲ ̲ ̲ ̲c̵1̵L̵e̵a̵f̵E̵q̵u̵a̵t̵i̵o̵n̵,̵c2LeafEquation, pushEquation, Bind.bind,
                                              Aeneas.Std.bind] at bodyRun

Note: This linter can be disabled with `set_option linter.unusedSimpArgs false`
/home/dombarker/project-offloads/aeneas-d860-v6/backends/lean/v7-merkle-k12-replay.zEWr90/V7MerkleK12CallerBridge.lean:605:44: warning: This simp argument is unused:
  c2LeafEquation

Hint: Omit it from the simp argument list.
  simp [queryEquation, gammaEquation, updateEquation,
  ̲  ̲ ̲ ̲ ̲ ̲ ̲ ̲ ̲ ̲ ̲ ̲ ̲ ̲ ̲ ̲ ̲ ̲ ̲ ̲ ̲ ̲ ̲ ̲ ̲ ̲ ̲ ̲ ̲ ̲ ̲ ̲ ̲ ̲ ̲ ̲ ̲ ̲ ̲ ̲ ̲ ̲ ̲ ̲c1LeafEquation, c̵2̵L̵e̵a̵f̵E̵q̵u̵a̵t̵i̵o̵n̵,̵ ̵pushEquation, Bind.bind,
  ̲  ̲ ̲ ̲ ̲ ̲ ̲ ̲ ̲ ̲ ̲ ̲ ̲ ̲ ̲ ̲ ̲ ̲ ̲ ̲ ̲ ̲ ̲ ̲ ̲ ̲ ̲ ̲ ̲ ̲ ̲ ̲ ̲ ̲ ̲ ̲ ̲ ̲ ̲ ̲ ̲ ̲ ̲ ̲Aeneas.Std.bind] at bodyRun

Note: This linter can be disabled with `set_option linter.unusedSimpArgs false`
/home/dombarker/project-offloads/aeneas-d860-v6/backends/lean/v7-merkle-k12-replay.zEWr90/V7MerkleK12CallerBridge.lean:605:60: warning: This simp argument is unused:
  pushEquation

Hint: Omit it from the simp argument list.
  s̵i̵m̵p̵ ̵[̵q̵u̵e̵r̵y̵E̵q̵u̵a̵t̵i̵o̵n̵,̵ ̵g̵a̵m̵m̵a̵E̵q̵u̵a̵t̵i̵o̵n̵,̵
  ̵ ̵ ̵ ̵ ̵ ̵ ̵ ̵ ̵ ̵ ̵ ̵ ̵ ̵ ̵ ̵ ̵ ̵ ̵ ̵ ̵ ̵ ̵ ̵ ̵ ̵ ̵ ̵ ̵ ̵ ̵ ̵ ̵ ̵ ̵ ̵ ̵ ̵ ̵ ̵ ̵ ̵ ̵ ̵ ̵u̵p̵d̵a̵t̵e̵E̵q̵u̵a̵t̵i̵o̵n̵,̵ ̵c̵1̵L̵e̵a̵f̵E̵q̵u̵a̵t̵i̵o̵n̵,̵
  ̵ ̵ ̵ ̵ ̵ ̵ ̵ ̵ ̵ ̵ ̵ ̵ ̵ ̵ ̵ ̵ ̵ ̵ ̵ ̵ ̵ ̵ ̵ ̵ ̵ ̵ ̵ ̵ ̵ ̵ ̵ ̵ ̵ ̵ ̵ ̵ ̵ ̵ ̵ ̵ ̵ ̵ ̵ ̵ ̵c̵2̵L̵e̵a̵f̵E̵q̵u̵a̵t̵i̵o̵n̵,̵ ̵p̵u̵s̵h̵E̵q̵u̵a̵t̵i̵o̵n̵,̵
  ̵ ̵ ̵ ̵ ̵ ̵ ̵ ̵ ̵ ̵ ̵ ̵ ̵ ̵ ̵ ̵ ̵ ̵ ̵ ̵ ̵ ̵ ̵ ̵ ̵ ̵ ̵ ̵ ̵ ̵ ̵ ̵ ̵ ̵ ̵ ̵ ̵ ̵ ̵ ̵ ̵ ̵ ̵ ̵ ̵B̵i̵n̵d̵.̵b̵i̵n̵d̵,̵ ̵A̵e̵n̵e̵a̵s̵.̵S̵t̵d̵.̵b̵i̵n̵d̵]̵
  ̵ ̵ ̵ ̵ ̵ ̵ ̵ ̵ ̵ ̵ ̵ ̵ ̵ ̵ ̵ ̵ ̵ ̵ ̵ ̵ ̵ ̵ ̵ ̵ ̵ ̵ ̵ ̵ ̵ ̵ ̵ ̵ ̵ ̵ ̵ ̵ ̵ ̵ ̵ ̵ ̵ ̵ ̵ ̵ ̵a̵t̵ ̵b̵o̵d̵y̵R̵u̵n̵s̲i̲m̲p̲ ̲[̲q̲u̲e̲r̲y̲E̲q̲u̲a̲t̲i̲o̲n̲,̲ ̲g̲a̲m̲m̲a̲E̲q̲u̲a̲t̲i̲o̲n̲,̲ ̲u̲p̲d̲a̲t̲e̲E̲q̲u̲a̲t̲i̲o̲n̲,̲
  ̲ ̲ ̲ ̲ ̲ ̲ ̲ ̲ ̲ ̲ ̲ ̲ ̲ ̲ ̲ ̲ ̲ ̲ ̲ ̲ ̲ ̲ ̲ ̲ ̲ ̲ ̲ ̲ ̲ ̲ ̲ ̲ ̲ ̲ ̲ ̲ ̲ ̲ ̲ ̲ ̲ ̲ ̲ ̲ ̲c̲1̲L̲e̲a̲f̲E̲q̲u̲a̲t̲i̲o̲n̲,̲ ̲c̲2̲L̲e̲a̲f̲E̲q̲u̲a̲t̲i̲o̲n̲,̲ ̲B̲i̲n̲d̲.̲b̲i̲n̲d̲,̲
  ̲ ̲ ̲ ̲ ̲ ̲ ̲ ̲ ̲ ̲ ̲ ̲ ̲ ̲ ̲ ̲ ̲ ̲ ̲ ̲ ̲ ̲ ̲ ̲ ̲ ̲ ̲ ̲ ̲ ̲ ̲ ̲ ̲ ̲ ̲ ̲ ̲ ̲ ̲ ̲ ̲ ̲ ̲ ̲ ̲A̲e̲n̲e̲a̲s̲.̲S̲t̲d̲.̲b̲i̲n̲d̲]̲ ̲a̲t̲ ̲b̲o̲d̲y̲R̲u̲n̲

Note: This linter can be disabled with `set_option linter.unusedSimpArgs false`
/home/dombarker/project-offloads/aeneas-d860-v6/backends/lean/v7-merkle-k12-replay.zEWr90/V7MerkleK12CallerBridge.lean:606:44: warning: This simp argument is unused:
  Bind.bind

Hint: Omit it from the simp argument list.
  simp [queryEquation, gammaEquation, updateEquation,
  ̲  ̲ ̲ ̲ ̲ ̲ ̲ ̲ ̲ ̲ ̲ ̲ ̲ ̲ ̲ ̲ ̲ ̲ ̲ ̲ ̲ ̲ ̲ ̲ ̲ ̲ ̲ ̲ ̲ ̲ ̲ ̲ ̲ ̲ ̲ ̲ ̲ ̲ ̲ ̲ ̲ ̲ ̲ ̲c1LeafEquation, c2LeafEquation, pushEquation,
                                              B̵i̵n̵d̵.̵b̵i̵n̵d̵,̵ ̵Aeneas.Std.bind] at bodyRun

Note: This linter can be disabled with `set_option linter.unusedSimpArgs false`
/home/dombarker/project-offloads/aeneas-d860-v6/backends/lean/v7-merkle-k12-replay.zEWr90/V7MerkleK12CallerBridge.lean:606:55: warning: This simp argument is unused:
  Aeneas.Std.bind

Hint: Omit it from the simp argument list.
  simp [queryEquation, gammaEquation, updateEquation,
  ̲  ̲ ̲ ̲ ̲ ̲ ̲ ̲ ̲ ̲ ̲ ̲ ̲ ̲ ̲ ̲ ̲ ̲ ̲ ̲ ̲ ̲ ̲ ̲ ̲ ̲ ̲ ̲ ̲ ̲ ̲ ̲ ̲ ̲ ̲ ̲ ̲ ̲ ̲ ̲ ̲ ̲ ̲ ̲c1LeafEquation, c2LeafEquation, pushEquation,
                                              B̵i̵n̵d̵.̵b̵i̵n̵d̵,̵ ̵A̵e̵n̵e̵a̵s̵.̵S̵t̵d̵.̵b̵i̵n̵d̵]̵B̲i̲n̲d̲.̲b̲i̲n̲d̲]̲ at bodyRun

Note: This linter can be disabled with `set_option linter.unusedSimpArgs false`
/home/dombarker/project-offloads/aeneas-d860-v6/backends/lean/v7-merkle-k12-replay.zEWr90/V7MerkleK12CallerBridge.lean:609:48: warning: This simp argument is unused:
  queryEquation

Hint: Omit it from the simp argument list.
  simp [̵q̵u̵e̵r̵y̵E̵q̵u̵a̵t̵i̵o̵n̵,̵ ̵g̵a̵m̵m̵a̵E̵q̵u̵a̵t̵i̵o̵n̵,̵[̲g̲a̲m̲m̲a̲E̲q̲u̲a̲t̲i̲o̲n̲,̲ updateEquation, c1LeafEquation,
                                              c2LeafEquation, pushEquation, Bind.bind,
  ̲  ̲ ̲ ̲ ̲ ̲ ̲ ̲ ̲ ̲ ̲ ̲ ̲ ̲ ̲ ̲ ̲ ̲ ̲ ̲ ̲ ̲ ̲ ̲ ̲ ̲ ̲ ̲ ̲ ̲ ̲ ̲ ̲ ̲ ̲ ̲ ̲ ̲ ̲ ̲ ̲ ̲ ̲ ̲Aeneas.Std.bind] at bodyRun

Note: This linter can be disabled with `set_option linter.unusedSimpArgs false`
/home/dombarker/project-offloads/aeneas-d860-v6/backends/lean/v7-merkle-k12-replay.zEWr90/V7MerkleK12CallerBridge.lean:609:63: warning: This simp argument is unused:
  gammaEquation

Hint: Omit it from the simp argument list.
  simp [queryEquation, g̵a̵m̵m̵a̵E̵q̵u̵a̵t̵i̵o̵n̵,̵updateEquation, c1LeafEquation,
  ̲  ̲ ̲ ̲ ̲ ̲ ̲ ̲ ̲ ̲ ̲ ̲ ̲ ̲ ̲ ̲ ̲ ̲ ̲ ̲ ̲ ̲ ̲ ̲ ̲ ̲ ̲ ̲ ̲ ̲ ̲ ̲ ̲ ̲ ̲ ̲ ̲ ̲ ̲ ̲ ̲ ̲ ̲ ̲c2LeafEquation, pushEquation, Bind.bind,
                                              Aeneas.Std.bind] at bodyRun

Note: This linter can be disabled with `set_option linter.unusedSimpArgs false`
/home/dombarker/project-offloads/aeneas-d860-v6/backends/lean/v7-merkle-k12-replay.zEWr90/V7MerkleK12CallerBridge.lean:610:44: warning: This simp argument is unused:
  updateEquation

Hint: Omit it from the simp argument list.
  simp [queryEquation, gammaEquation, u̵p̵d̵a̵t̵e̵E̵q̵u̵a̵t̵i̵o̵n̵,̵ ̵c1LeafEquation,
                                              c2LeafEquation, pushEquation, Bind.bind,
  ̲  ̲ ̲ ̲ ̲ ̲ ̲ ̲ ̲ ̲ ̲ ̲ ̲ ̲ ̲ ̲ ̲ ̲ ̲ ̲ ̲ ̲ ̲ ̲ ̲ ̲ ̲ ̲ ̲ ̲ ̲ ̲ ̲ ̲ ̲ ̲ ̲ ̲ ̲ ̲ ̲ ̲ ̲ ̲Aeneas.Std.bind] at bodyRun

Note: This linter can be disabled with `set_option linter.unusedSimpArgs false`
/home/dombarker/project-offloads/aeneas-d860-v6/backends/lean/v7-merkle-k12-replay.zEWr90/V7MerkleK12CallerBridge.lean:610:60: warning: This simp argument is unused:
  c1LeafEquation

Hint: Omit it from the simp argument list.
  simp [queryEquation, gammaEquation, updateEquation,
  ̲  ̲ ̲ ̲ ̲ ̲ ̲ ̲ ̲ ̲ ̲ ̲ ̲ ̲ ̲ ̲ ̲ ̲ ̲ ̲ ̲ ̲ ̲ ̲ ̲ ̲ ̲ ̲ ̲ ̲ ̲ ̲ ̲ ̲ ̲ ̲ ̲ ̲ ̲ ̲ ̲ ̲ ̲ ̲c̵1̵L̵e̵a̵f̵E̵q̵u̵a̵t̵i̵o̵n̵,̵c2LeafEquation, pushEquation, Bind.bind,
                                              Aeneas.Std.bind] at bodyRun

Note: This linter can be disabled with `set_option linter.unusedSimpArgs false`
/home/dombarker/project-offloads/aeneas-d860-v6/backends/lean/v7-merkle-k12-replay.zEWr90/V7MerkleK12CallerBridge.lean:611:44: warning: This simp argument is unused:
  c2LeafEquation

Hint: Omit it from the simp argument list.
  simp [queryEquation, gammaEquation, updateEquation,
  ̲  ̲ ̲ ̲ ̲ ̲ ̲ ̲ ̲ ̲ ̲ ̲ ̲ ̲ ̲ ̲ ̲ ̲ ̲ ̲ ̲ ̲ ̲ ̲ ̲ ̲ ̲ ̲ ̲ ̲ ̲ ̲ ̲ ̲ ̲ ̲ ̲ ̲ ̲ ̲ ̲ ̲ ̲ ̲c1LeafEquation, c̵2̵L̵e̵a̵f̵E̵q̵u̵a̵t̵i̵o̵n̵,̵ ̵pushEquation, Bind.bind,
  ̲  ̲ ̲ ̲ ̲ ̲ ̲ ̲ ̲ ̲ ̲ ̲ ̲ ̲ ̲ ̲ ̲ ̲ ̲ ̲ ̲ ̲ ̲ ̲ ̲ ̲ ̲ ̲ ̲ ̲ ̲ ̲ ̲ ̲ ̲ ̲ ̲ ̲ ̲ ̲ ̲ ̲ ̲ ̲Aeneas.Std.bind] at bodyRun

Note: This linter can be disabled with `set_option linter.unusedSimpArgs false`
/home/dombarker/project-offloads/aeneas-d860-v6/backends/lean/v7-merkle-k12-replay.zEWr90/V7MerkleK12CallerBridge.lean:611:60: warning: This simp argument is unused:
  pushEquation

Hint: Omit it from the simp argument list.
  s̵i̵m̵p̵ ̵[̵q̵u̵e̵r̵y̵E̵q̵u̵a̵t̵i̵o̵n̵,̵ ̵g̵a̵m̵m̵a̵E̵q̵u̵a̵t̵i̵o̵n̵,̵
  ̵ ̵ ̵ ̵ ̵ ̵ ̵ ̵ ̵ ̵ ̵ ̵ ̵ ̵ ̵ ̵ ̵ ̵ ̵ ̵ ̵ ̵ ̵ ̵ ̵ ̵ ̵ ̵ ̵ ̵ ̵ ̵ ̵ ̵ ̵ ̵ ̵ ̵ ̵ ̵ ̵ ̵ ̵ ̵ ̵u̵p̵d̵a̵t̵e̵E̵q̵u̵a̵t̵i̵o̵n̵,̵ ̵c̵1̵L̵e̵a̵f̵E̵q̵u̵a̵t̵i̵o̵n̵,̵
  ̵ ̵ ̵ ̵ ̵ ̵ ̵ ̵ ̵ ̵ ̵ ̵ ̵ ̵ ̵ ̵ ̵ ̵ ̵ ̵ ̵ ̵ ̵ ̵ ̵ ̵ ̵ ̵ ̵ ̵ ̵ ̵ ̵ ̵ ̵ ̵ ̵ ̵ ̵ ̵ ̵ ̵ ̵ ̵ ̵c̵2̵L̵e̵a̵f̵E̵q̵u̵a̵t̵i̵o̵n̵,̵ ̵p̵u̵s̵h̵E̵q̵u̵a̵t̵i̵o̵n̵,̵
  ̵ ̵ ̵ ̵ ̵ ̵ ̵ ̵ ̵ ̵ ̵ ̵ ̵ ̵ ̵ ̵ ̵ ̵ ̵ ̵ ̵ ̵ ̵ ̵ ̵ ̵ ̵ ̵ ̵ ̵ ̵ ̵ ̵ ̵ ̵ ̵ ̵ ̵ ̵ ̵ ̵ ̵ ̵ ̵ ̵B̵i̵n̵d̵.̵b̵i̵n̵d̵,̵ ̵A̵e̵n̵e̵a̵s̵.̵S̵t̵d̵.̵b̵i̵n̵d̵]̵
  ̵ ̵ ̵ ̵ ̵ ̵ ̵ ̵ ̵ ̵ ̵ ̵ ̵ ̵ ̵ ̵ ̵ ̵ ̵ ̵ ̵ ̵ ̵ ̵ ̵ ̵ ̵ ̵ ̵ ̵ ̵ ̵ ̵ ̵ ̵ ̵ ̵ ̵ ̵ ̵ ̵ ̵ ̵ ̵ ̵a̵t̵ ̵b̵o̵d̵y̵R̵u̵n̵s̲i̲m̲p̲ ̲[̲q̲u̲e̲r̲y̲E̲q̲u̲a̲t̲i̲o̲n̲,̲ ̲g̲a̲m̲m̲a̲E̲q̲u̲a̲t̲i̲o̲n̲,̲ ̲u̲p̲d̲a̲t̲e̲E̲q̲u̲a̲t̲i̲o̲n̲,̲
  ̲ ̲ ̲ ̲ ̲ ̲ ̲ ̲ ̲ ̲ ̲ ̲ ̲ ̲ ̲ ̲ ̲ ̲ ̲ ̲ ̲ ̲ ̲ ̲ ̲ ̲ ̲ ̲ ̲ ̲ ̲ ̲ ̲ ̲ ̲ ̲ ̲ ̲ ̲ ̲ ̲ ̲ ̲ ̲ ̲c̲1̲L̲e̲a̲f̲E̲q̲u̲a̲t̲i̲o̲n̲,̲ ̲c̲2̲L̲e̲a̲f̲E̲q̲u̲a̲t̲i̲o̲n̲,̲ ̲B̲i̲n̲d̲.̲b̲i̲n̲d̲,̲
  ̲ ̲ ̲ ̲ ̲ ̲ ̲ ̲ ̲ ̲ ̲ ̲ ̲ ̲ ̲ ̲ ̲ ̲ ̲ ̲ ̲ ̲ ̲ ̲ ̲ ̲ ̲ ̲ ̲ ̲ ̲ ̲ ̲ ̲ ̲ ̲ ̲ ̲ ̲ ̲ ̲ ̲ ̲ ̲ ̲A̲e̲n̲e̲a̲s̲.̲S̲t̲d̲.̲b̲i̲n̲d̲]̲ ̲a̲t̲ ̲b̲o̲d̲y̲R̲u̲n̲

Note: This linter can be disabled with `set_option linter.unusedSimpArgs false`
/home/dombarker/project-offloads/aeneas-d860-v6/backends/lean/v7-merkle-k12-replay.zEWr90/V7MerkleK12CallerBridge.lean:612:44: warning: This simp argument is unused:
  Bind.bind

Hint: Omit it from the simp argument list.
  simp [queryEquation, gammaEquation, updateEquation,
  ̲  ̲ ̲ ̲ ̲ ̲ ̲ ̲ ̲ ̲ ̲ ̲ ̲ ̲ ̲ ̲ ̲ ̲ ̲ ̲ ̲ ̲ ̲ ̲ ̲ ̲ ̲ ̲ ̲ ̲ ̲ ̲ ̲ ̲ ̲ ̲ ̲ ̲ ̲ ̲ ̲ ̲ ̲ ̲c1LeafEquation, c2LeafEquation, pushEquation,
                                              B̵i̵n̵d̵.̵b̵i̵n̵d̵,̵ ̵Aeneas.Std.bind] at bodyRun

Note: This linter can be disabled with `set_option linter.unusedSimpArgs false`
/home/dombarker/project-offloads/aeneas-d860-v6/backends/lean/v7-merkle-k12-replay.zEWr90/V7MerkleK12CallerBridge.lean:612:55: warning: This simp argument is unused:
  Aeneas.Std.bind

Hint: Omit it from the simp argument list.
  simp [queryEquation, gammaEquation, updateEquation,
  ̲  ̲ ̲ ̲ ̲ ̲ ̲ ̲ ̲ ̲ ̲ ̲ ̲ ̲ ̲ ̲ ̲ ̲ ̲ ̲ ̲ ̲ ̲ ̲ ̲ ̲ ̲ ̲ ̲ ̲ ̲ ̲ ̲ ̲ ̲ ̲ ̲ ̲ ̲ ̲ ̲ ̲ ̲ ̲c1LeafEquation, c2LeafEquation, pushEquation,
                                              B̵i̵n̵d̵.̵b̵i̵n̵d̵,̵ ̵A̵e̵n̵e̵a̵s̵.̵S̵t̵d̵.̵b̵i̵n̵d̵]̵B̲i̲n̲d̲.̲b̲i̲n̲d̲]̲ at bodyRun

Note: This linter can be disabled with `set_option linter.unusedSimpArgs false`
/home/dombarker/project-offloads/aeneas-d860-v6/backends/lean/v7-merkle-k12-replay.zEWr90/V7MerkleK12CallerBridge.lean:615:48: warning: This simp argument is unused:
  queryEquation

Hint: Omit it from the simp argument list.
  simp [̵q̵u̵e̵r̵y̵E̵q̵u̵a̵t̵i̵o̵n̵,̵ ̵g̵a̵m̵m̵a̵E̵q̵u̵a̵t̵i̵o̵n̵,̵[̲g̲a̲m̲m̲a̲E̲q̲u̲a̲t̲i̲o̲n̲,̲ updateEquation, c1LeafEquation,
                                              c2LeafEquation, pushEquation, Bind.bind,
  ̲  ̲ ̲ ̲ ̲ ̲ ̲ ̲ ̲ ̲ ̲ ̲ ̲ ̲ ̲ ̲ ̲ ̲ ̲ ̲ ̲ ̲ ̲ ̲ ̲ ̲ ̲ ̲ ̲ ̲ ̲ ̲ ̲ ̲ ̲ ̲ ̲ ̲ ̲ ̲ ̲ ̲ ̲ ̲Aeneas.Std.bind] at bodyRun

Note: This linter can be disabled with `set_option linter.unusedSimpArgs false`
/home/dombarker/project-offloads/aeneas-d860-v6/backends/lean/v7-merkle-k12-replay.zEWr90/V7MerkleK12CallerBridge.lean:615:63: warning: This simp argument is unused:
  gammaEquation

Hint: Omit it from the simp argument list.
  simp [queryEquation, g̵a̵m̵m̵a̵E̵q̵u̵a̵t̵i̵o̵n̵,̵updateEquation, c1LeafEquation,
  ̲  ̲ ̲ ̲ ̲ ̲ ̲ ̲ ̲ ̲ ̲ ̲ ̲ ̲ ̲ ̲ ̲ ̲ ̲ ̲ ̲ ̲ ̲ ̲ ̲ ̲ ̲ ̲ ̲ ̲ ̲ ̲ ̲ ̲ ̲ ̲ ̲ ̲ ̲ ̲ ̲ ̲ ̲ ̲c2LeafEquation, pushEquation, Bind.bind,
                                              Aeneas.Std.bind] at bodyRun

Note: This linter can be disabled with `set_option linter.unusedSimpArgs false`
/home/dombarker/project-offloads/aeneas-d860-v6/backends/lean/v7-merkle-k12-replay.zEWr90/V7MerkleK12CallerBridge.lean:616:44: warning: This simp argument is unused:
  updateEquation

Hint: Omit it from the simp argument list.
  simp [queryEquation, gammaEquation, u̵p̵d̵a̵t̵e̵E̵q̵u̵a̵t̵i̵o̵n̵,̵ ̵c1LeafEquation,
                                              c2LeafEquation, pushEquation, Bind.bind,
  ̲  ̲ ̲ ̲ ̲ ̲ ̲ ̲ ̲ ̲ ̲ ̲ ̲ ̲ ̲ ̲ ̲ ̲ ̲ ̲ ̲ ̲ ̲ ̲ ̲ ̲ ̲ ̲ ̲ ̲ ̲ ̲ ̲ ̲ ̲ ̲ ̲ ̲ ̲ ̲ ̲ ̲ ̲ ̲Aeneas.Std.bind] at bodyRun

Note: This linter can be disabled with `set_option linter.unusedSimpArgs false`
/home/dombarker/project-offloads/aeneas-d860-v6/backends/lean/v7-merkle-k12-replay.zEWr90/V7MerkleK12CallerBridge.lean:616:60: warning: This simp argument is unused:
  c1LeafEquation

Hint: Omit it from the simp argument list.
  simp [queryEquation, gammaEquation, updateEquation,
  ̲  ̲ ̲ ̲ ̲ ̲ ̲ ̲ ̲ ̲ ̲ ̲ ̲ ̲ ̲ ̲ ̲ ̲ ̲ ̲ ̲ ̲ ̲ ̲ ̲ ̲ ̲ ̲ ̲ ̲ ̲ ̲ ̲ ̲ ̲ ̲ ̲ ̲ ̲ ̲ ̲ ̲ ̲ ̲c̵1̵L̵e̵a̵f̵E̵q̵u̵a̵t̵i̵o̵n̵,̵c2LeafEquation, pushEquation, Bind.bind,
                                              Aeneas.Std.bind] at bodyRun

Note: This linter can be disabled with `set_option linter.unusedSimpArgs false`
/home/dombarker/project-offloads/aeneas-d860-v6/backends/lean/v7-merkle-k12-replay.zEWr90/V7MerkleK12CallerBridge.lean:617:44: warning: This simp argument is unused:
  c2LeafEquation

Hint: Omit it from the simp argument list.
  simp [queryEquation, gammaEquation, updateEquation,
  ̲  ̲ ̲ ̲ ̲ ̲ ̲ ̲ ̲ ̲ ̲ ̲ ̲ ̲ ̲ ̲ ̲ ̲ ̲ ̲ ̲ ̲ ̲ ̲ ̲ ̲ ̲ ̲ ̲ ̲ ̲ ̲ ̲ ̲ ̲ ̲ ̲ ̲ ̲ ̲ ̲ ̲ ̲ ̲c1LeafEquation, c̵2̵L̵e̵a̵f̵E̵q̵u̵a̵t̵i̵o̵n̵,̵ ̵pushEquation, Bind.bind,
  ̲  ̲ ̲ ̲ ̲ ̲ ̲ ̲ ̲ ̲ ̲ ̲ ̲ ̲ ̲ ̲ ̲ ̲ ̲ ̲ ̲ ̲ ̲ ̲ ̲ ̲ ̲ ̲ ̲ ̲ ̲ ̲ ̲ ̲ ̲ ̲ ̲ ̲ ̲ ̲ ̲ ̲ ̲ ̲Aeneas.Std.bind] at bodyRun

Note: This linter can be disabled with `set_option linter.unusedSimpArgs false`
/home/dombarker/project-offloads/aeneas-d860-v6/backends/lean/v7-merkle-k12-replay.zEWr90/V7MerkleK12CallerBridge.lean:617:60: warning: This simp argument is unused:
  pushEquation

Hint: Omit it from the simp argument list.
  s̵i̵m̵p̵ ̵[̵q̵u̵e̵r̵y̵E̵q̵u̵a̵t̵i̵o̵n̵,̵ ̵g̵a̵m̵m̵a̵E̵q̵u̵a̵t̵i̵o̵n̵,̵
  ̵ ̵ ̵ ̵ ̵ ̵ ̵ ̵ ̵ ̵ ̵ ̵ ̵ ̵ ̵ ̵ ̵ ̵ ̵ ̵ ̵ ̵ ̵ ̵ ̵ ̵ ̵ ̵ ̵ ̵ ̵ ̵ ̵ ̵ ̵ ̵ ̵ ̵ ̵ ̵ ̵ ̵ ̵ ̵ ̵u̵p̵d̵a̵t̵e̵E̵q̵u̵a̵t̵i̵o̵n̵,̵ ̵c̵1̵L̵e̵a̵f̵E̵q̵u̵a̵t̵i̵o̵n̵,̵
  ̵ ̵ ̵ ̵ ̵ ̵ ̵ ̵ ̵ ̵ ̵ ̵ ̵ ̵ ̵ ̵ ̵ ̵ ̵ ̵ ̵ ̵ ̵ ̵ ̵ ̵ ̵ ̵ ̵ ̵ ̵ ̵ ̵ ̵ ̵ ̵ ̵ ̵ ̵ ̵ ̵ ̵ ̵ ̵ ̵c̵2̵L̵e̵a̵f̵E̵q̵u̵a̵t̵i̵o̵n̵,̵ ̵p̵u̵s̵h̵E̵q̵u̵a̵t̵i̵o̵n̵,̵
  ̵ ̵ ̵ ̵ ̵ ̵ ̵ ̵ ̵ ̵ ̵ ̵ ̵ ̵ ̵ ̵ ̵ ̵ ̵ ̵ ̵ ̵ ̵ ̵ ̵ ̵ ̵ ̵ ̵ ̵ ̵ ̵ ̵ ̵ ̵ ̵ ̵ ̵ ̵ ̵ ̵ ̵ ̵ ̵ ̵B̵i̵n̵d̵.̵b̵i̵n̵d̵,̵ ̵A̵e̵n̵e̵a̵s̵.̵S̵t̵d̵.̵b̵i̵n̵d̵]̵
  ̵ ̵ ̵ ̵ ̵ ̵ ̵ ̵ ̵ ̵ ̵ ̵ ̵ ̵ ̵ ̵ ̵ ̵ ̵ ̵ ̵ ̵ ̵ ̵ ̵ ̵ ̵ ̵ ̵ ̵ ̵ ̵ ̵ ̵ ̵ ̵ ̵ ̵ ̵ ̵ ̵ ̵ ̵ ̵ ̵a̵t̵ ̵b̵o̵d̵y̵R̵u̵n̵s̲i̲m̲p̲ ̲[̲q̲u̲e̲r̲y̲E̲q̲u̲a̲t̲i̲o̲n̲,̲ ̲g̲a̲m̲m̲a̲E̲q̲u̲a̲t̲i̲o̲n̲,̲ ̲u̲p̲d̲a̲t̲e̲E̲q̲u̲a̲t̲i̲o̲n̲,̲
  ̲ ̲ ̲ ̲ ̲ ̲ ̲ ̲ ̲ ̲ ̲ ̲ ̲ ̲ ̲ ̲ ̲ ̲ ̲ ̲ ̲ ̲ ̲ ̲ ̲ ̲ ̲ ̲ ̲ ̲ ̲ ̲ ̲ ̲ ̲ ̲ ̲ ̲ ̲ ̲ ̲ ̲ ̲ ̲ ̲c̲1̲L̲e̲a̲f̲E̲q̲u̲a̲t̲i̲o̲n̲,̲ ̲c̲2̲L̲e̲a̲f̲E̲q̲u̲a̲t̲i̲o̲n̲,̲ ̲B̲i̲n̲d̲.̲b̲i̲n̲d̲,̲
  ̲ ̲ ̲ ̲ ̲ ̲ ̲ ̲ ̲ ̲ ̲ ̲ ̲ ̲ ̲ ̲ ̲ ̲ ̲ ̲ ̲ ̲ ̲ ̲ ̲ ̲ ̲ ̲ ̲ ̲ ̲ ̲ ̲ ̲ ̲ ̲ ̲ ̲ ̲ ̲ ̲ ̲ ̲ ̲ ̲A̲e̲n̲e̲a̲s̲.̲S̲t̲d̲.̲b̲i̲n̲d̲]̲ ̲a̲t̲ ̲b̲o̲d̲y̲R̲u̲n̲

Note: This linter can be disabled with `set_option linter.unusedSimpArgs false`
/home/dombarker/project-offloads/aeneas-d860-v6/backends/lean/v7-merkle-k12-replay.zEWr90/V7MerkleK12CallerBridge.lean:618:44: warning: This simp argument is unused:
  Bind.bind

Hint: Omit it from the simp argument list.
  simp [queryEquation, gammaEquation, updateEquation,
  ̲  ̲ ̲ ̲ ̲ ̲ ̲ ̲ ̲ ̲ ̲ ̲ ̲ ̲ ̲ ̲ ̲ ̲ ̲ ̲ ̲ ̲ ̲ ̲ ̲ ̲ ̲ ̲ ̲ ̲ ̲ ̲ ̲ ̲ ̲ ̲ ̲ ̲ ̲ ̲ ̲ ̲ ̲ ̲c1LeafEquation, c2LeafEquation, pushEquation,
                                              B̵i̵n̵d̵.̵b̵i̵n̵d̵,̵ ̵Aeneas.Std.bind] at bodyRun

Note: This linter can be disabled with `set_option linter.unusedSimpArgs false`
/home/dombarker/project-offloads/aeneas-d860-v6/backends/lean/v7-merkle-k12-replay.zEWr90/V7MerkleK12CallerBridge.lean:618:55: warning: This simp argument is unused:
  Aeneas.Std.bind

Hint: Omit it from the simp argument list.
  simp [queryEquation, gammaEquation, updateEquation,
  ̲  ̲ ̲ ̲ ̲ ̲ ̲ ̲ ̲ ̲ ̲ ̲ ̲ ̲ ̲ ̲ ̲ ̲ ̲ ̲ ̲ ̲ ̲ ̲ ̲ ̲ ̲ ̲ ̲ ̲ ̲ ̲ ̲ ̲ ̲ ̲ ̲ ̲ ̲ ̲ ̲ ̲ ̲ ̲c1LeafEquation, c2LeafEquation, pushEquation,
                                              B̵i̵n̵d̵.̵b̵i̵n̵d̵,̵ ̵A̵e̵n̵e̵a̵s̵.̵S̵t̵d̵.̵b̵i̵n̵d̵]̵B̲i̲n̲d̲.̲b̲i̲n̲d̲]̲ at bodyRun

Note: This linter can be disabled with `set_option linter.unusedSimpArgs false`
/home/dombarker/project-offloads/aeneas-d860-v6/backends/lean/v7-merkle-k12-replay.zEWr90/V7MerkleK12CallerBridge.lean:691:20: warning: This simp argument is unused:
  verifierEquation

Hint: Omit it from the simp argument list.
  simp [v̵e̵r̵i̵f̵i̵e̵r̵E̵q̵u̵a̵t̵i̵o̵n̵,̵ ̵Bind.bind, Aeneas.Std.bind] at bodyRun

Note: This linter can be disabled with `set_option linter.unusedSimpArgs false`
/home/dombarker/project-offloads/aeneas-d860-v6/backends/lean/v7-merkle-k12-replay.zEWr90/V7MerkleK12CallerBridge.lean:693:20: warning: This simp argument is unused:
  verifierEquation

Hint: Omit it from the simp argument list.
  simp [v̵e̵r̵i̵f̵i̵e̵r̵E̵q̵u̵a̵t̵i̵o̵n̵,̵ ̵Bind.bind, Aeneas.Std.bind] at bodyRun

Note: This linter can be disabled with `set_option linter.unusedSimpArgs false`
/home/dombarker/project-offloads/aeneas-d860-v6/backends/lean/v7-merkle-k12-replay.zEWr90/V7MerkleK12CallerBridge.lean:695:25: warning: This simp argument is unused:
  verifierEquation

Hint: Omit it from the simp argument list.
  simp only [v̵e̵r̵i̵f̵i̵e̵r̵E̵q̵u̵a̵t̵i̵o̵n̵,̵ ̵Aeneas.Std.bind_tc_ok] at bodyRun

Note: This linter can be disabled with `set_option linter.unusedSimpArgs false`
/home/dombarker/project-offloads/aeneas-d860-v6/backends/lean/v7-merkle-k12-replay.zEWr90/V7MerkleK12CallerBridge.lean:716:29: warning: This simp argument is unused:
  queryEquation

Hint: Omit it from the simp argument list.
  simp only [̵q̵u̵e̵r̵y̵E̵q̵u̵a̵t̵i̵o̵n̵,̵ ̵c̵o̵r̵e̵.̵o̵p̵t̵i̵o̵n̵.̵O̵p̵t̵i̵o̵n̵.̵o̵k̵_̵o̵r̵,̵[̲c̲o̲r̲e̲.̲o̲p̲t̲i̲o̲n̲.̲O̲p̲t̲i̲o̲n̲.̲o̲k̲_̲o̲r̲,̲ core.result.Result.Insts.CoreOpsTry.branch,
                      Aeneas.Std.bind_tc_ok] at bodyRun

Note: This linter can be disabled with `set_option linter.unusedSimpArgs false`
/home/dombarker/project-offloads/aeneas-d860-v6/backends/lean/v7-merkle-k12-replay.zEWr90/V7MerkleK12CallerBridge.lean:718:20: warning: This simp argument is unused:
  Aeneas.Std.bind_tc_ok

Hint: Omit it from the simp argument list.
  simp only [queryEquation, core.option.Option.ok_or,
                      core.result.Result.Insts.CoreOpsTry.branch,̵
  ̵ ̵ ̵ ̵ ̵ ̵ ̵ ̵ ̵ ̵ ̵ ̵ ̵ ̵ ̵ ̵ ̵ ̵ ̵ ̵ ̵A̵e̵n̵e̵a̵s̵.̵S̵t̵d̵.̵b̵i̵n̵d̵_̵t̵c̵_̵o̵k̵] at bodyRun

Note: This linter can be disabled with `set_option linter.unusedSimpArgs false`
/home/dombarker/project-offloads/aeneas-d860-v6/backends/lean/v7-merkle-k12-replay.zEWr90/V7MerkleK12CallerBridge.lean:743:36: warning: This simp argument is unused:
  queryEquation

Hint: Omit it from the simp argument list.
  simp [̵q̵u̵e̵r̵y̵E̵q̵u̵a̵t̵i̵o̵n̵,̵ ̵g̵a̵m̵m̵a̵E̵q̵u̵a̵t̵i̵o̵n̵,̵[̲g̲a̲m̲m̲a̲E̲q̲u̲a̲t̲i̲o̲n̲,̲ updateEquation, Bind.bind,
  ̲  ̲ ̲ ̲ ̲ ̲ ̲ ̲ ̲ ̲ ̲ ̲ ̲ ̲ ̲ ̲ ̲ ̲ ̲ ̲ ̲ ̲ ̲ ̲ ̲ ̲ ̲ ̲ ̲ ̲ ̲ ̲Aeneas.Std.bind] at bodyRun

Note: This linter can be disabled with `set_option linter.unusedSimpArgs false`
/home/dombarker/project-offloads/aeneas-d860-v6/backends/lean/v7-merkle-k12-replay.zEWr90/V7MerkleK12CallerBridge.lean:743:51: warning: This simp argument is unused:
  gammaEquation

Hint: Omit it from the simp argument list.
  simp [queryEquation, g̵a̵m̵m̵a̵E̵q̵u̵a̵t̵i̵o̵n̵,̵updateEquation, Bind.bind,
  ̲  ̲ ̲ ̲ ̲ ̲ ̲ ̲ ̲ ̲ ̲ ̲ ̲ ̲ ̲ ̲ ̲ ̲ ̲ ̲ ̲ ̲ ̲ ̲ ̲ ̲ ̲ ̲ ̲ ̲ ̲ ̲Aeneas.Std.bind] at bodyRun

Note: This linter can be disabled with `set_option linter.unusedSimpArgs false`
/home/dombarker/project-offloads/aeneas-d860-v6/backends/lean/v7-merkle-k12-replay.zEWr90/V7MerkleK12CallerBridge.lean:744:32: warning: This simp argument is unused:
  updateEquation

Hint: Omit it from the simp argument list.
  simp [queryEquation, gammaEquation, u̵p̵d̵a̵t̵e̵E̵q̵u̵a̵t̵i̵o̵n̵,̵ ̵Bind.bind,
  ̲  ̲ ̲ ̲ ̲ ̲ ̲ ̲ ̲ ̲ ̲ ̲ ̲ ̲ ̲ ̲ ̲ ̲ ̲ ̲ ̲ ̲ ̲ ̲ ̲ ̲ ̲ ̲ ̲ ̲ ̲ ̲Aeneas.Std.bind] at bodyRun

Note: This linter can be disabled with `set_option linter.unusedSimpArgs false`
/home/dombarker/project-offloads/aeneas-d860-v6/backends/lean/v7-merkle-k12-replay.zEWr90/V7MerkleK12CallerBridge.lean:744:48: warning: This simp argument is unused:
  Bind.bind

Hint: Omit it from the simp argument list.
  simp [queryEquation, gammaEquation, updateEquation,
  ̲  ̲ ̲ ̲ ̲ ̲ ̲ ̲ ̲ ̲ ̲ ̲ ̲ ̲ ̲ ̲ ̲ ̲ ̲ ̲ ̲ ̲ ̲ ̲ ̲ ̲ ̲ ̲ ̲ ̲ ̲ ̲B̵i̵n̵d̵.̵b̵i̵n̵d̵,̵ ̵Aeneas.Std.bind] at bodyRun

Note: This linter can be disabled with `set_option linter.unusedSimpArgs false`
/home/dombarker/project-offloads/aeneas-d860-v6/backends/lean/v7-merkle-k12-replay.zEWr90/V7MerkleK12CallerBridge.lean:744:59: warning: This simp argument is unused:
  Aeneas.Std.bind

Hint: Omit it from the simp argument list.
  simp [queryEquation, gammaEquation, updateEquation,
  ̲  ̲ ̲ ̲ ̲ ̲ ̲ ̲ ̲ ̲ ̲ ̲ ̲ ̲ ̲ ̲ ̲ ̲ ̲ ̲ ̲ ̲ ̲ ̲ ̲ ̲ ̲ ̲ ̲ ̲ ̲ ̲B̵i̵n̵d̵.̵b̵i̵n̵d̵,̵ ̵A̵e̵n̵e̵a̵s̵.̵S̵t̵d̵.̵b̵i̵n̵d̵]̵B̲i̲n̲d̲.̲b̲i̲n̲d̲]̲ at bodyRun

Note: This linter can be disabled with `set_option linter.unusedSimpArgs false`
/home/dombarker/project-offloads/aeneas-d860-v6/backends/lean/v7-merkle-k12-replay.zEWr90/V7MerkleK12CallerBridge.lean:747:36: warning: This simp argument is unused:
  queryEquation

Hint: Omit it from the simp argument list.
  simp [̵q̵u̵e̵r̵y̵E̵q̵u̵a̵t̵i̵o̵n̵,̵ ̵g̵a̵m̵m̵a̵E̵q̵u̵a̵t̵i̵o̵n̵,̵[̲g̲a̲m̲m̲a̲E̲q̲u̲a̲t̲i̲o̲n̲,̲ updateEquation, Bind.bind,
  ̲  ̲ ̲ ̲ ̲ ̲ ̲ ̲ ̲ ̲ ̲ ̲ ̲ ̲ ̲ ̲ ̲ ̲ ̲ ̲ ̲ ̲ ̲ ̲ ̲ ̲ ̲ ̲ ̲ ̲ ̲ ̲Aeneas.Std.bind] at bodyRun

Note: This linter can be disabled with `set_option linter.unusedSimpArgs false`
/home/dombarker/project-offloads/aeneas-d860-v6/backends/lean/v7-merkle-k12-replay.zEWr90/V7MerkleK12CallerBridge.lean:747:51: warning: This simp argument is unused:
  gammaEquation

Hint: Omit it from the simp argument list.
  simp [queryEquation, g̵a̵m̵m̵a̵E̵q̵u̵a̵t̵i̵o̵n̵,̵updateEquation, Bind.bind,
  ̲  ̲ ̲ ̲ ̲ ̲ ̲ ̲ ̲ ̲ ̲ ̲ ̲ ̲ ̲ ̲ ̲ ̲ ̲ ̲ ̲ ̲ ̲ ̲ ̲ ̲ ̲ ̲ ̲ ̲ ̲ ̲Aeneas.Std.bind] at bodyRun

Note: This linter can be disabled with `set_option linter.unusedSimpArgs false`
/home/dombarker/project-offloads/aeneas-d860-v6/backends/lean/v7-merkle-k12-replay.zEWr90/V7MerkleK12CallerBridge.lean:748:32: warning: This simp argument is unused:
  updateEquation

Hint: Omit it from the simp argument list.
  simp [queryEquation, gammaEquation, u̵p̵d̵a̵t̵e̵E̵q̵u̵a̵t̵i̵o̵n̵,̵ ̵Bind.bind,
  ̲  ̲ ̲ ̲ ̲ ̲ ̲ ̲ ̲ ̲ ̲ ̲ ̲ ̲ ̲ ̲ ̲ ̲ ̲ ̲ ̲ ̲ ̲ ̲ ̲ ̲ ̲ ̲ ̲ ̲ ̲ ̲Aeneas.Std.bind] at bodyRun

Note: This linter can be disabled with `set_option linter.unusedSimpArgs false`
/home/dombarker/project-offloads/aeneas-d860-v6/backends/lean/v7-merkle-k12-replay.zEWr90/V7MerkleK12CallerBridge.lean:748:48: warning: This simp argument is unused:
  Bind.bind

Hint: Omit it from the simp argument list.
  simp [queryEquation, gammaEquation, updateEquation,
  ̲  ̲ ̲ ̲ ̲ ̲ ̲ ̲ ̲ ̲ ̲ ̲ ̲ ̲ ̲ ̲ ̲ ̲ ̲ ̲ ̲ ̲ ̲ ̲ ̲ ̲ ̲ ̲ ̲ ̲ ̲ ̲B̵i̵n̵d̵.̵b̵i̵n̵d̵,̵ ̵Aeneas.Std.bind] at bodyRun

Note: This linter can be disabled with `set_option linter.unusedSimpArgs false`
/home/dombarker/project-offloads/aeneas-d860-v6/backends/lean/v7-merkle-k12-replay.zEWr90/V7MerkleK12CallerBridge.lean:748:59: warning: This simp argument is unused:
  Aeneas.Std.bind

Hint: Omit it from the simp argument list.
  simp [queryEquation, gammaEquation, updateEquation,
  ̲  ̲ ̲ ̲ ̲ ̲ ̲ ̲ ̲ ̲ ̲ ̲ ̲ ̲ ̲ ̲ ̲ ̲ ̲ ̲ ̲ ̲ ̲ ̲ ̲ ̲ ̲ ̲ ̲ ̲ ̲ ̲B̵i̵n̵d̵.̵b̵i̵n̵d̵,̵ ̵A̵e̵n̵e̵a̵s̵.̵S̵t̵d̵.̵b̵i̵n̵d̵]̵B̲i̲n̲d̲.̲b̲i̲n̲d̲]̲ at bodyRun

Note: This linter can be disabled with `set_option linter.unusedSimpArgs false`
/home/dombarker/project-offloads/aeneas-d860-v6/backends/lean/v7-merkle-k12-replay.zEWr90/V7MerkleK12CallerBridge.lean:751:36: warning: This simp argument is unused:
  queryEquation

Hint: Omit it from the simp argument list.
  simp [̵q̵u̵e̵r̵y̵E̵q̵u̵a̵t̵i̵o̵n̵,̵ ̵g̵a̵m̵m̵a̵E̵q̵u̵a̵t̵i̵o̵n̵,̵[̲g̲a̲m̲m̲a̲E̲q̲u̲a̲t̲i̲o̲n̲,̲ updateEquation, Bind.bind,
  ̲  ̲ ̲ ̲ ̲ ̲ ̲ ̲ ̲ ̲ ̲ ̲ ̲ ̲ ̲ ̲ ̲ ̲ ̲ ̲ ̲ ̲ ̲ ̲ ̲ ̲ ̲ ̲ ̲ ̲ ̲ ̲Aeneas.Std.bind] at bodyRun

Note: This linter can be disabled with `set_option linter.unusedSimpArgs false`
/home/dombarker/project-offloads/aeneas-d860-v6/backends/lean/v7-merkle-k12-replay.zEWr90/V7MerkleK12CallerBridge.lean:751:51: warning: This simp argument is unused:
  gammaEquation

Hint: Omit it from the simp argument list.
  simp [queryEquation, g̵a̵m̵m̵a̵E̵q̵u̵a̵t̵i̵o̵n̵,̵updateEquation, Bind.bind,
  ̲  ̲ ̲ ̲ ̲ ̲ ̲ ̲ ̲ ̲ ̲ ̲ ̲ ̲ ̲ ̲ ̲ ̲ ̲ ̲ ̲ ̲ ̲ ̲ ̲ ̲ ̲ ̲ ̲ ̲ ̲ ̲Aeneas.Std.bind] at bodyRun

Note: This linter can be disabled with `set_option linter.unusedSimpArgs false`
/home/dombarker/project-offloads/aeneas-d860-v6/backends/lean/v7-merkle-k12-replay.zEWr90/V7MerkleK12CallerBridge.lean:752:32: warning: This simp argument is unused:
  updateEquation

Hint: Omit it from the simp argument list.
  simp [queryEquation, gammaEquation, u̵p̵d̵a̵t̵e̵E̵q̵u̵a̵t̵i̵o̵n̵,̵ ̵Bind.bind,
  ̲  ̲ ̲ ̲ ̲ ̲ ̲ ̲ ̲ ̲ ̲ ̲ ̲ ̲ ̲ ̲ ̲ ̲ ̲ ̲ ̲ ̲ ̲ ̲ ̲ ̲ ̲ ̲ ̲ ̲ ̲ ̲Aeneas.Std.bind] at bodyRun

Note: This linter can be disabled with `set_option linter.unusedSimpArgs false`
/home/dombarker/project-offloads/aeneas-d860-v6/backends/lean/v7-merkle-k12-replay.zEWr90/V7MerkleK12CallerBridge.lean:752:48: warning: This simp argument is unused:
  Bind.bind

Hint: Omit it from the simp argument list.
  simp [queryEquation, gammaEquation, updateEquation,
  ̲  ̲ ̲ ̲ ̲ ̲ ̲ ̲ ̲ ̲ ̲ ̲ ̲ ̲ ̲ ̲ ̲ ̲ ̲ ̲ ̲ ̲ ̲ ̲ ̲ ̲ ̲ ̲ ̲ ̲ ̲ ̲B̵i̵n̵d̵.̵b̵i̵n̵d̵,̵ ̵Aeneas.Std.bind] at bodyRun

Note: This linter can be disabled with `set_option linter.unusedSimpArgs false`
/home/dombarker/project-offloads/aeneas-d860-v6/backends/lean/v7-merkle-k12-replay.zEWr90/V7MerkleK12CallerBridge.lean:752:59: warning: This simp argument is unused:
  Aeneas.Std.bind

Hint: Omit it from the simp argument list.
  simp [queryEquation, gammaEquation, updateEquation,
  ̲  ̲ ̲ ̲ ̲ ̲ ̲ ̲ ̲ ̲ ̲ ̲ ̲ ̲ ̲ ̲ ̲ ̲ ̲ ̲ ̲ ̲ ̲ ̲ ̲ ̲ ̲ ̲ ̲ ̲ ̲ ̲B̵i̵n̵d̵.̵b̵i̵n̵d̵,̵ ̵A̵e̵n̵e̵a̵s̵.̵S̵t̵d̵.̵b̵i̵n̵d̵]̵B̲i̲n̲d̲.̲b̲i̲n̲d̲]̲ at bodyRun

Note: This linter can be disabled with `set_option linter.unusedSimpArgs false`
/home/dombarker/project-offloads/aeneas-d860-v6/backends/lean/v7-merkle-k12-replay.zEWr90/V7MerkleK12CallerBridge.lean:762:40: warning: This simp argument is unused:
  queryEquation

Hint: Omit it from the simp argument list.
  simp [̵q̵u̵e̵r̵y̵E̵q̵u̵a̵t̵i̵o̵n̵,̵ ̵g̵a̵m̵m̵a̵E̵q̵u̵a̵t̵i̵o̵n̵,̵[̲g̲a̲m̲m̲a̲E̲q̲u̲a̲t̲i̲o̲n̲,̲ updateEquation, c1LeafEquation, Bind.bind,
                                      Aeneas.Std.bind] at bodyRun

Note: This linter can be disabled with `set_option linter.unusedSimpArgs false`
/home/dombarker/project-offloads/aeneas-d860-v6/backends/lean/v7-merkle-k12-replay.zEWr90/V7MerkleK12CallerBridge.lean:762:55: warning: This simp argument is unused:
  gammaEquation

Hint: Omit it from the simp argument list.
  simp [queryEquation, g̵a̵m̵m̵a̵E̵q̵u̵a̵t̵i̵o̵n̵,̵updateEquation, c1LeafEquation, Bind.bind,
  ̲  ̲ ̲ ̲ ̲ ̲ ̲ ̲ ̲ ̲ ̲ ̲ ̲ ̲ ̲ ̲ ̲ ̲ ̲ ̲ ̲ ̲ ̲ ̲ ̲ ̲ ̲ ̲ ̲ ̲ ̲ ̲ ̲ ̲ ̲ ̲Aeneas.Std.bind] at bodyRun

Note: This linter can be disabled with `set_option linter.unusedSimpArgs false`
/home/dombarker/project-offloads/aeneas-d860-v6/backends/lean/v7-merkle-k12-replay.zEWr90/V7MerkleK12CallerBridge.lean:763:36: warning: This simp argument is unused:
  updateEquation

Hint: Omit it from the simp argument list.
  simp [queryEquation, gammaEquation, u̵p̵d̵a̵t̵e̵E̵q̵u̵a̵t̵i̵o̵n̵,̵ ̵c1LeafEquation, Bind.bind,
                                      Aeneas.Std.bind] at bodyRun

Note: This linter can be disabled with `set_option linter.unusedSimpArgs false`
/home/dombarker/project-offloads/aeneas-d860-v6/backends/lean/v7-merkle-k12-replay.zEWr90/V7MerkleK12CallerBridge.lean:763:52: warning: This simp argument is unused:
  c1LeafEquation

Hint: Omit it from the simp argument list.
  simp [queryEquation, gammaEquation, updateEquation, c̵1̵L̵e̵a̵f̵E̵q̵u̵a̵t̵i̵o̵n̵,̵ ̵Bind.bind,
                                      Aeneas.Std.bind] at bodyRun

Note: This linter can be disabled with `set_option linter.unusedSimpArgs false`
/home/dombarker/project-offloads/aeneas-d860-v6/backends/lean/v7-merkle-k12-replay.zEWr90/V7MerkleK12CallerBridge.lean:763:68: warning: This simp argument is unused:
  Bind.bind

Hint: Omit it from the simp argument list.
  simp [queryEquation, gammaEquation, updateEquation,
  ̲  ̲ ̲ ̲ ̲ ̲ ̲ ̲ ̲ ̲ ̲ ̲ ̲ ̲ ̲ ̲ ̲ ̲ ̲ ̲ ̲ ̲ ̲ ̲ ̲ ̲ ̲ ̲ ̲ ̲ ̲ ̲ ̲ ̲ ̲ ̲c1LeafEquation, B̵i̵n̵d̵.̵b̵i̵n̵d̵,̵Aeneas.Std.bind] at bodyRun

Note: This linter can be disabled with `set_option linter.unusedSimpArgs false`
/home/dombarker/project-offloads/aeneas-d860-v6/backends/lean/v7-merkle-k12-replay.zEWr90/V7MerkleK12CallerBridge.lean:764:36: warning: This simp argument is unused:
  Aeneas.Std.bind

Hint: Omit it from the simp argument list.
  simp [queryEquation, gammaEquation, updateEquation,
  ̲  ̲ ̲ ̲ ̲ ̲ ̲ ̲ ̲ ̲ ̲ ̲ ̲ ̲ ̲ ̲ ̲ ̲ ̲ ̲ ̲ ̲ ̲ ̲ ̲ ̲ ̲ ̲ ̲ ̲ ̲ ̲ ̲ ̲ ̲ ̲c1LeafEquation, B̵i̵n̵d̵.̵b̵i̵n̵d̵,̵
  ̵ ̵ ̵ ̵ ̵ ̵ ̵ ̵ ̵ ̵ ̵ ̵ ̵ ̵ ̵ ̵ ̵ ̵ ̵ ̵ ̵ ̵ ̵ ̵ ̵ ̵ ̵ ̵ ̵ ̵ ̵ ̵ ̵ ̵ ̵ ̵ ̵A̵e̵n̵e̵a̵s̵.̵S̵t̵d̵.̵b̵i̵n̵d̵]̵B̲i̲n̲d̲.̲b̲i̲n̲d̲]̲ at bodyRun

Note: This linter can be disabled with `set_option linter.unusedSimpArgs false`
/home/dombarker/project-offloads/aeneas-d860-v6/backends/lean/v7-merkle-k12-replay.zEWr90/V7MerkleK12CallerBridge.lean:766:40: warning: This simp argument is unused:
  queryEquation

Hint: Omit it from the simp argument list.
  simp [̵q̵u̵e̵r̵y̵E̵q̵u̵a̵t̵i̵o̵n̵,̵ ̵g̵a̵m̵m̵a̵E̵q̵u̵a̵t̵i̵o̵n̵,̵[̲g̲a̲m̲m̲a̲E̲q̲u̲a̲t̲i̲o̲n̲,̲ updateEquation, c1LeafEquation, Bind.bind,
                                      Aeneas.Std.bind] at bodyRun

Note: This linter can be disabled with `set_option linter.unusedSimpArgs false`
/home/dombarker/project-offloads/aeneas-d860-v6/backends/lean/v7-merkle-k12-replay.zEWr90/V7MerkleK12CallerBridge.lean:766:55: warning: This simp argument is unused:
  gammaEquation

Hint: Omit it from the simp argument list.
  simp [queryEquation, g̵a̵m̵m̵a̵E̵q̵u̵a̵t̵i̵o̵n̵,̵updateEquation, c1LeafEquation, Bind.bind,
  ̲  ̲ ̲ ̲ ̲ ̲ ̲ ̲ ̲ ̲ ̲ ̲ ̲ ̲ ̲ ̲ ̲ ̲ ̲ ̲ ̲ ̲ ̲ ̲ ̲ ̲ ̲ ̲ ̲ ̲ ̲ ̲ ̲ ̲ ̲ ̲Aeneas.Std.bind] at bodyRun

Note: This linter can be disabled with `set_option linter.unusedSimpArgs false`
/home/dombarker/project-offloads/aeneas-d860-v6/backends/lean/v7-merkle-k12-replay.zEWr90/V7MerkleK12CallerBridge.lean:767:36: warning: This simp argument is unused:
  updateEquation

Hint: Omit it from the simp argument list.
  simp [queryEquation, gammaEquation, u̵p̵d̵a̵t̵e̵E̵q̵u̵a̵t̵i̵o̵n̵,̵ ̵c1LeafEquation, Bind.bind,
                                      Aeneas.Std.bind] at bodyRun

Note: This linter can be disabled with `set_option linter.unusedSimpArgs false`
/home/dombarker/project-offloads/aeneas-d860-v6/backends/lean/v7-merkle-k12-replay.zEWr90/V7MerkleK12CallerBridge.lean:767:52: warning: This simp argument is unused:
  c1LeafEquation

Hint: Omit it from the simp argument list.
  simp [queryEquation, gammaEquation, updateEquation, c̵1̵L̵e̵a̵f̵E̵q̵u̵a̵t̵i̵o̵n̵,̵ ̵Bind.bind,
                                      Aeneas.Std.bind] at bodyRun

Note: This linter can be disabled with `set_option linter.unusedSimpArgs false`
/home/dombarker/project-offloads/aeneas-d860-v6/backends/lean/v7-merkle-k12-replay.zEWr90/V7MerkleK12CallerBridge.lean:767:68: warning: This simp argument is unused:
  Bind.bind

Hint: Omit it from the simp argument list.
  simp [queryEquation, gammaEquation, updateEquation,
  ̲  ̲ ̲ ̲ ̲ ̲ ̲ ̲ ̲ ̲ ̲ ̲ ̲ ̲ ̲ ̲ ̲ ̲ ̲ ̲ ̲ ̲ ̲ ̲ ̲ ̲ ̲ ̲ ̲ ̲ ̲ ̲ ̲ ̲ ̲ ̲c1LeafEquation, B̵i̵n̵d̵.̵b̵i̵n̵d̵,̵Aeneas.Std.bind] at bodyRun

Note: This linter can be disabled with `set_option linter.unusedSimpArgs false`
/home/dombarker/project-offloads/aeneas-d860-v6/backends/lean/v7-merkle-k12-replay.zEWr90/V7MerkleK12CallerBridge.lean:768:36: warning: This simp argument is unused:
  Aeneas.Std.bind

Hint: Omit it from the simp argument list.
  simp [queryEquation, gammaEquation, updateEquation,
  ̲  ̲ ̲ ̲ ̲ ̲ ̲ ̲ ̲ ̲ ̲ ̲ ̲ ̲ ̲ ̲ ̲ ̲ ̲ ̲ ̲ ̲ ̲ ̲ ̲ ̲ ̲ ̲ ̲ ̲ ̲ ̲ ̲ ̲ ̲ ̲c1LeafEquation, B̵i̵n̵d̵.̵b̵i̵n̵d̵,̵
  ̵ ̵ ̵ ̵ ̵ ̵ ̵ ̵ ̵ ̵ ̵ ̵ ̵ ̵ ̵ ̵ ̵ ̵ ̵ ̵ ̵ ̵ ̵ ̵ ̵ ̵ ̵ ̵ ̵ ̵ ̵ ̵ ̵ ̵ ̵ ̵ ̵A̵e̵n̵e̵a̵s̵.̵S̵t̵d̵.̵b̵i̵n̵d̵]̵B̲i̲n̲d̲.̲b̲i̲n̲d̲]̲ at bodyRun

Note: This linter can be disabled with `set_option linter.unusedSimpArgs false`
/home/dombarker/project-offloads/aeneas-d860-v6/backends/lean/v7-merkle-k12-replay.zEWr90/V7MerkleK12CallerBridge.lean:770:40: warning: This simp argument is unused:
  queryEquation

Hint: Omit it from the simp argument list.
  simp [̵q̵u̵e̵r̵y̵E̵q̵u̵a̵t̵i̵o̵n̵,̵ ̵g̵a̵m̵m̵a̵E̵q̵u̵a̵t̵i̵o̵n̵,̵[̲g̲a̲m̲m̲a̲E̲q̲u̲a̲t̲i̲o̲n̲,̲ updateEquation, c1LeafEquation, Bind.bind,
                                      Aeneas.Std.bind] at bodyRun

Note: This linter can be disabled with `set_option linter.unusedSimpArgs false`
/home/dombarker/project-offloads/aeneas-d860-v6/backends/lean/v7-merkle-k12-replay.zEWr90/V7MerkleK12CallerBridge.lean:770:55: warning: This simp argument is unused:
  gammaEquation

Hint: Omit it from the simp argument list.
  simp [queryEquation, g̵a̵m̵m̵a̵E̵q̵u̵a̵t̵i̵o̵n̵,̵updateEquation, c1LeafEquation, Bind.bind,
  ̲  ̲ ̲ ̲ ̲ ̲ ̲ ̲ ̲ ̲ ̲ ̲ ̲ ̲ ̲ ̲ ̲ ̲ ̲ ̲ ̲ ̲ ̲ ̲ ̲ ̲ ̲ ̲ ̲ ̲ ̲ ̲ ̲ ̲ ̲ ̲Aeneas.Std.bind] at bodyRun

Note: This linter can be disabled with `set_option linter.unusedSimpArgs false`
/home/dombarker/project-offloads/aeneas-d860-v6/backends/lean/v7-merkle-k12-replay.zEWr90/V7MerkleK12CallerBridge.lean:771:36: warning: This simp argument is unused:
  updateEquation

Hint: Omit it from the simp argument list.
  simp [queryEquation, gammaEquation, u̵p̵d̵a̵t̵e̵E̵q̵u̵a̵t̵i̵o̵n̵,̵ ̵c1LeafEquation, Bind.bind,
                                      Aeneas.Std.bind] at bodyRun

Note: This linter can be disabled with `set_option linter.unusedSimpArgs false`
/home/dombarker/project-offloads/aeneas-d860-v6/backends/lean/v7-merkle-k12-replay.zEWr90/V7MerkleK12CallerBridge.lean:771:52: warning: This simp argument is unused:
  c1LeafEquation

Hint: Omit it from the simp argument list.
  simp [queryEquation, gammaEquation, updateEquation, c̵1̵L̵e̵a̵f̵E̵q̵u̵a̵t̵i̵o̵n̵,̵ ̵Bind.bind,
                                      Aeneas.Std.bind] at bodyRun

Note: This linter can be disabled with `set_option linter.unusedSimpArgs false`
/home/dombarker/project-offloads/aeneas-d860-v6/backends/lean/v7-merkle-k12-replay.zEWr90/V7MerkleK12CallerBridge.lean:771:68: warning: This simp argument is unused:
  Bind.bind

Hint: Omit it from the simp argument list.
  simp [queryEquation, gammaEquation, updateEquation,
  ̲  ̲ ̲ ̲ ̲ ̲ ̲ ̲ ̲ ̲ ̲ ̲ ̲ ̲ ̲ ̲ ̲ ̲ ̲ ̲ ̲ ̲ ̲ ̲ ̲ ̲ ̲ ̲ ̲ ̲ ̲ ̲ ̲ ̲ ̲ ̲c1LeafEquation, B̵i̵n̵d̵.̵b̵i̵n̵d̵,̵Aeneas.Std.bind] at bodyRun

Note: This linter can be disabled with `set_option linter.unusedSimpArgs false`
/home/dombarker/project-offloads/aeneas-d860-v6/backends/lean/v7-merkle-k12-replay.zEWr90/V7MerkleK12CallerBridge.lean:772:36: warning: This simp argument is unused:
  Aeneas.Std.bind

Hint: Omit it from the simp argument list.
  simp [queryEquation, gammaEquation, updateEquation,
  ̲  ̲ ̲ ̲ ̲ ̲ ̲ ̲ ̲ ̲ ̲ ̲ ̲ ̲ ̲ ̲ ̲ ̲ ̲ ̲ ̲ ̲ ̲ ̲ ̲ ̲ ̲ ̲ ̲ ̲ ̲ ̲ ̲ ̲ ̲ ̲c1LeafEquation, B̵i̵n̵d̵.̵b̵i̵n̵d̵,̵
  ̵ ̵ ̵ ̵ ̵ ̵ ̵ ̵ ̵ ̵ ̵ ̵ ̵ ̵ ̵ ̵ ̵ ̵ ̵ ̵ ̵ ̵ ̵ ̵ ̵ ̵ ̵ ̵ ̵ ̵ ̵ ̵ ̵ ̵ ̵ ̵ ̵A̵e̵n̵e̵a̵s̵.̵S̵t̵d̵.̵b̵i̵n̵d̵]̵B̲i̲n̲d̲.̲b̲i̲n̲d̲]̲ at bodyRun

Note: This linter can be disabled with `set_option linter.unusedSimpArgs false`
/home/dombarker/project-offloads/aeneas-d860-v6/backends/lean/v7-merkle-k12-replay.zEWr90/V7MerkleK12CallerBridge.lean:781:44: warning: This simp argument is unused:
  queryEquation

Hint: Omit it from the simp argument list.
  simp [̵q̵u̵e̵r̵y̵E̵q̵u̵a̵t̵i̵o̵n̵,̵ ̵g̵a̵m̵m̵a̵E̵q̵u̵a̵t̵i̵o̵n̵,̵[̲g̲a̲m̲m̲a̲E̲q̲u̲a̲t̲i̲o̲n̲,̲ updateEquation, c1LeafEquation,
                                          c2LeafEquation, Bind.bind, Aeneas.Std.bind] at bodyRun

Note: This linter can be disabled with `set_option linter.unusedSimpArgs false`
/home/dombarker/project-offloads/aeneas-d860-v6/backends/lean/v7-merkle-k12-replay.zEWr90/V7MerkleK12CallerBridge.lean:781:59: warning: This simp argument is unused:
  gammaEquation

Hint: Omit it from the simp argument list.
  simp [queryEquation, g̵a̵m̵m̵a̵E̵q̵u̵a̵t̵i̵o̵n̵,̵updateEquation, c1LeafEquation,
  ̲  ̲ ̲ ̲ ̲ ̲ ̲ ̲ ̲ ̲ ̲ ̲ ̲ ̲ ̲ ̲ ̲ ̲ ̲ ̲ ̲ ̲ ̲ ̲ ̲ ̲ ̲ ̲ ̲ ̲ ̲ ̲ ̲ ̲ ̲ ̲ ̲ ̲ ̲ ̲c2LeafEquation, Bind.bind, Aeneas.Std.bind] at bodyRun

Note: This linter can be disabled with `set_option linter.unusedSimpArgs false`
/home/dombarker/project-offloads/aeneas-d860-v6/backends/lean/v7-merkle-k12-replay.zEWr90/V7MerkleK12CallerBridge.lean:782:40: warning: This simp argument is unused:
  updateEquation

Hint: Omit it from the simp argument list.
  simp [queryEquation, gammaEquation, u̵p̵d̵a̵t̵e̵E̵q̵u̵a̵t̵i̵o̵n̵,̵ ̵c1LeafEquation,
                                          c2LeafEquation, Bind.bind, Aeneas.Std.bind] at bodyRun

Note: This linter can be disabled with `set_option linter.unusedSimpArgs false`
/home/dombarker/project-offloads/aeneas-d860-v6/backends/lean/v7-merkle-k12-replay.zEWr90/V7MerkleK12CallerBridge.lean:782:56: warning: This simp argument is unused:
  c1LeafEquation

Hint: Omit it from the simp argument list.
  simp [queryEquation, gammaEquation, updateEquation,
  ̲  ̲ ̲ ̲ ̲ ̲ ̲ ̲ ̲ ̲ ̲ ̲ ̲ ̲ ̲ ̲ ̲ ̲ ̲ ̲ ̲ ̲ ̲ ̲ ̲ ̲ ̲ ̲ ̲ ̲ ̲ ̲ ̲ ̲ ̲ ̲ ̲ ̲ ̲ ̲c̵1̵L̵e̵a̵f̵E̵q̵u̵a̵t̵i̵o̵n̵,̵c2LeafEquation, Bind.bind, Aeneas.Std.bind] at bodyRun

Note: This linter can be disabled with `set_option linter.unusedSimpArgs false`
/home/dombarker/project-offloads/aeneas-d860-v6/backends/lean/v7-merkle-k12-replay.zEWr90/V7MerkleK12CallerBridge.lean:783:40: warning: This simp argument is unused:
  c2LeafEquation

Hint: Omit it from the simp argument list.
  simp [queryEquation, gammaEquation, updateEquation,
  ̲  ̲ ̲ ̲ ̲ ̲ ̲ ̲ ̲ ̲ ̲ ̲ ̲ ̲ ̲ ̲ ̲ ̲ ̲ ̲ ̲ ̲ ̲ ̲ ̲ ̲ ̲ ̲ ̲ ̲ ̲ ̲ ̲ ̲ ̲ ̲ ̲ ̲ ̲ ̲c1LeafEquation, c̵2̵L̵e̵a̵f̵E̵q̵u̵a̵t̵i̵o̵n̵,̵ ̵Bind.bind, Aeneas.Std.bind] at bodyRun

Note: This linter can be disabled with `set_option linter.unusedSimpArgs false`
/home/dombarker/project-offloads/aeneas-d860-v6/backends/lean/v7-merkle-k12-replay.zEWr90/V7MerkleK12CallerBridge.lean:783:56: warning: This simp argument is unused:
  Bind.bind

Hint: Omit it from the simp argument list.
  simp [queryEquation, gammaEquation, updateEquation,
  ̲  ̲ ̲ ̲ ̲ ̲ ̲ ̲ ̲ ̲ ̲ ̲ ̲ ̲ ̲ ̲ ̲ ̲ ̲ ̲ ̲ ̲ ̲ ̲ ̲ ̲ ̲ ̲ ̲ ̲ ̲ ̲ ̲ ̲ ̲ ̲ ̲ ̲ ̲ ̲c1LeafEquation, c2LeafEquation, B̵i̵n̵d̵.̵b̵i̵n̵d̵,̵Aeneas.Std.bind] at bodyRun

Note: This linter can be disabled with `set_option linter.unusedSimpArgs false`
/home/dombarker/project-offloads/aeneas-d860-v6/backends/lean/v7-merkle-k12-replay.zEWr90/V7MerkleK12CallerBridge.lean:784:40: warning: This simp argument is unused:
  Aeneas.Std.bind

Hint: Omit it from the simp argument list.
  simp [queryEquation, gammaEquation, updateEquation,
  ̲  ̲ ̲ ̲ ̲ ̲ ̲ ̲ ̲ ̲ ̲ ̲ ̲ ̲ ̲ ̲ ̲ ̲ ̲ ̲ ̲ ̲ ̲ ̲ ̲ ̲ ̲ ̲ ̲ ̲ ̲ ̲ ̲ ̲ ̲ ̲ ̲ ̲ ̲ ̲c1LeafEquation, c2LeafEquation, B̵i̵n̵d̵.̵b̵i̵n̵d̵,̵
  ̵ ̵ ̵ ̵ ̵ ̵ ̵ ̵ ̵ ̵ ̵ ̵ ̵ ̵ ̵ ̵ ̵ ̵ ̵ ̵ ̵ ̵ ̵ ̵ ̵ ̵ ̵ ̵ ̵ ̵ ̵ ̵ ̵ ̵ ̵ ̵ ̵ ̵ ̵ ̵ ̵A̵e̵n̵e̵a̵s̵.̵S̵t̵d̵.̵b̵i̵n̵d̵]̵B̲i̲n̲d̲.̲b̲i̲n̲d̲]̲ at bodyRun

Note: This linter can be disabled with `set_option linter.unusedSimpArgs false`
/home/dombarker/project-offloads/aeneas-d860-v6/backends/lean/v7-merkle-k12-replay.zEWr90/V7MerkleK12CallerBridge.lean:786:44: warning: This simp argument is unused:
  queryEquation

Hint: Omit it from the simp argument list.
  simp [̵q̵u̵e̵r̵y̵E̵q̵u̵a̵t̵i̵o̵n̵,̵ ̵g̵a̵m̵m̵a̵E̵q̵u̵a̵t̵i̵o̵n̵,̵[̲g̲a̲m̲m̲a̲E̲q̲u̲a̲t̲i̲o̲n̲,̲ updateEquation, c1LeafEquation,
                                          c2LeafEquation, Bind.bind, Aeneas.Std.bind] at bodyRun

Note: This linter can be disabled with `set_option linter.unusedSimpArgs false`
/home/dombarker/project-offloads/aeneas-d860-v6/backends/lean/v7-merkle-k12-replay.zEWr90/V7MerkleK12CallerBridge.lean:786:59: warning: This simp argument is unused:
  gammaEquation

Hint: Omit it from the simp argument list.
  simp [queryEquation, g̵a̵m̵m̵a̵E̵q̵u̵a̵t̵i̵o̵n̵,̵updateEquation, c1LeafEquation,
  ̲  ̲ ̲ ̲ ̲ ̲ ̲ ̲ ̲ ̲ ̲ ̲ ̲ ̲ ̲ ̲ ̲ ̲ ̲ ̲ ̲ ̲ ̲ ̲ ̲ ̲ ̲ ̲ ̲ ̲ ̲ ̲ ̲ ̲ ̲ ̲ ̲ ̲ ̲ ̲c2LeafEquation, Bind.bind, Aeneas.Std.bind] at bodyRun

Note: This linter can be disabled with `set_option linter.unusedSimpArgs false`
/home/dombarker/project-offloads/aeneas-d860-v6/backends/lean/v7-merkle-k12-replay.zEWr90/V7MerkleK12CallerBridge.lean:787:40: warning: This simp argument is unused:
  updateEquation

Hint: Omit it from the simp argument list.
  simp [queryEquation, gammaEquation, u̵p̵d̵a̵t̵e̵E̵q̵u̵a̵t̵i̵o̵n̵,̵ ̵c1LeafEquation,
                                          c2LeafEquation, Bind.bind, Aeneas.Std.bind] at bodyRun

Note: This linter can be disabled with `set_option linter.unusedSimpArgs false`
/home/dombarker/project-offloads/aeneas-d860-v6/backends/lean/v7-merkle-k12-replay.zEWr90/V7MerkleK12CallerBridge.lean:787:56: warning: This simp argument is unused:
  c1LeafEquation

Hint: Omit it from the simp argument list.
  simp [queryEquation, gammaEquation, updateEquation,
  ̲  ̲ ̲ ̲ ̲ ̲ ̲ ̲ ̲ ̲ ̲ ̲ ̲ ̲ ̲ ̲ ̲ ̲ ̲ ̲ ̲ ̲ ̲ ̲ ̲ ̲ ̲ ̲ ̲ ̲ ̲ ̲ ̲ ̲ ̲ ̲ ̲ ̲ ̲ ̲c̵1̵L̵e̵a̵f̵E̵q̵u̵a̵t̵i̵o̵n̵,̵c2LeafEquation, Bind.bind, Aeneas.Std.bind] at bodyRun

Note: This linter can be disabled with `set_option linter.unusedSimpArgs false`
/home/dombarker/project-offloads/aeneas-d860-v6/backends/lean/v7-merkle-k12-replay.zEWr90/V7MerkleK12CallerBridge.lean:788:40: warning: This simp argument is unused:
  c2LeafEquation

Hint: Omit it from the simp argument list.
  simp [queryEquation, gammaEquation, updateEquation,
  ̲  ̲ ̲ ̲ ̲ ̲ ̲ ̲ ̲ ̲ ̲ ̲ ̲ ̲ ̲ ̲ ̲ ̲ ̲ ̲ ̲ ̲ ̲ ̲ ̲ ̲ ̲ ̲ ̲ ̲ ̲ ̲ ̲ ̲ ̲ ̲ ̲ ̲ ̲ ̲c1LeafEquation, c̵2̵L̵e̵a̵f̵E̵q̵u̵a̵t̵i̵o̵n̵,̵ ̵Bind.bind, Aeneas.Std.bind] at bodyRun

Note: This linter can be disabled with `set_option linter.unusedSimpArgs false`
/home/dombarker/project-offloads/aeneas-d860-v6/backends/lean/v7-merkle-k12-replay.zEWr90/V7MerkleK12CallerBridge.lean:788:56: warning: This simp argument is unused:
  Bind.bind

Hint: Omit it from the simp argument list.
  simp [queryEquation, gammaEquation, updateEquation,
  ̲  ̲ ̲ ̲ ̲ ̲ ̲ ̲ ̲ ̲ ̲ ̲ ̲ ̲ ̲ ̲ ̲ ̲ ̲ ̲ ̲ ̲ ̲ ̲ ̲ ̲ ̲ ̲ ̲ ̲ ̲ ̲ ̲ ̲ ̲ ̲ ̲ ̲ ̲ ̲c1LeafEquation, c2LeafEquation, B̵i̵n̵d̵.̵b̵i̵n̵d̵,̵Aeneas.Std.bind] at bodyRun

Note: This linter can be disabled with `set_option linter.unusedSimpArgs false`
/home/dombarker/project-offloads/aeneas-d860-v6/backends/lean/v7-merkle-k12-replay.zEWr90/V7MerkleK12CallerBridge.lean:789:40: warning: This simp argument is unused:
  Aeneas.Std.bind

Hint: Omit it from the simp argument list.
  simp [queryEquation, gammaEquation, updateEquation,
  ̲  ̲ ̲ ̲ ̲ ̲ ̲ ̲ ̲ ̲ ̲ ̲ ̲ ̲ ̲ ̲ ̲ ̲ ̲ ̲ ̲ ̲ ̲ ̲ ̲ ̲ ̲ ̲ ̲ ̲ ̲ ̲ ̲ ̲ ̲ ̲ ̲ ̲ ̲ ̲c1LeafEquation, c2LeafEquation, B̵i̵n̵d̵.̵b̵i̵n̵d̵,̵
  ̵ ̵ ̵ ̵ ̵ ̵ ̵ ̵ ̵ ̵ ̵ ̵ ̵ ̵ ̵ ̵ ̵ ̵ ̵ ̵ ̵ ̵ ̵ ̵ ̵ ̵ ̵ ̵ ̵ ̵ ̵ ̵ ̵ ̵ ̵ ̵ ̵ ̵ ̵ ̵ ̵A̵e̵n̵e̵a̵s̵.̵S̵t̵d̵.̵b̵i̵n̵d̵]̵B̲i̲n̲d̲.̲b̲i̲n̲d̲]̲ at bodyRun

Note: This linter can be disabled with `set_option linter.unusedSimpArgs false`
/home/dombarker/project-offloads/aeneas-d860-v6/backends/lean/v7-merkle-k12-replay.zEWr90/V7MerkleK12CallerBridge.lean:791:44: warning: This simp argument is unused:
  queryEquation

Hint: Omit it from the simp argument list.
  simp [̵q̵u̵e̵r̵y̵E̵q̵u̵a̵t̵i̵o̵n̵,̵ ̵g̵a̵m̵m̵a̵E̵q̵u̵a̵t̵i̵o̵n̵,̵[̲g̲a̲m̲m̲a̲E̲q̲u̲a̲t̲i̲o̲n̲,̲ updateEquation, c1LeafEquation,
                                          c2LeafEquation, Bind.bind, Aeneas.Std.bind] at bodyRun

Note: This linter can be disabled with `set_option linter.unusedSimpArgs false`
/home/dombarker/project-offloads/aeneas-d860-v6/backends/lean/v7-merkle-k12-replay.zEWr90/V7MerkleK12CallerBridge.lean:791:59: warning: This simp argument is unused:
  gammaEquation

Hint: Omit it from the simp argument list.
  simp [queryEquation, g̵a̵m̵m̵a̵E̵q̵u̵a̵t̵i̵o̵n̵,̵updateEquation, c1LeafEquation,
  ̲  ̲ ̲ ̲ ̲ ̲ ̲ ̲ ̲ ̲ ̲ ̲ ̲ ̲ ̲ ̲ ̲ ̲ ̲ ̲ ̲ ̲ ̲ ̲ ̲ ̲ ̲ ̲ ̲ ̲ ̲ ̲ ̲ ̲ ̲ ̲ ̲ ̲ ̲ ̲c2LeafEquation, Bind.bind, Aeneas.Std.bind] at bodyRun

Note: This linter can be disabled with `set_option linter.unusedSimpArgs false`
/home/dombarker/project-offloads/aeneas-d860-v6/backends/lean/v7-merkle-k12-replay.zEWr90/V7MerkleK12CallerBridge.lean:792:40: warning: This simp argument is unused:
  updateEquation

Hint: Omit it from the simp argument list.
  simp [queryEquation, gammaEquation, u̵p̵d̵a̵t̵e̵E̵q̵u̵a̵t̵i̵o̵n̵,̵ ̵c1LeafEquation,
                                          c2LeafEquation, Bind.bind, Aeneas.Std.bind] at bodyRun

Note: This linter can be disabled with `set_option linter.unusedSimpArgs false`
/home/dombarker/project-offloads/aeneas-d860-v6/backends/lean/v7-merkle-k12-replay.zEWr90/V7MerkleK12CallerBridge.lean:792:56: warning: This simp argument is unused:
  c1LeafEquation

Hint: Omit it from the simp argument list.
  simp [queryEquation, gammaEquation, updateEquation,
  ̲  ̲ ̲ ̲ ̲ ̲ ̲ ̲ ̲ ̲ ̲ ̲ ̲ ̲ ̲ ̲ ̲ ̲ ̲ ̲ ̲ ̲ ̲ ̲ ̲ ̲ ̲ ̲ ̲ ̲ ̲ ̲ ̲ ̲ ̲ ̲ ̲ ̲ ̲ ̲c̵1̵L̵e̵a̵f̵E̵q̵u̵a̵t̵i̵o̵n̵,̵c2LeafEquation, Bind.bind, Aeneas.Std.bind] at bodyRun

Note: This linter can be disabled with `set_option linter.unusedSimpArgs false`
/home/dombarker/project-offloads/aeneas-d860-v6/backends/lean/v7-merkle-k12-replay.zEWr90/V7MerkleK12CallerBridge.lean:793:40: warning: This simp argument is unused:
  c2LeafEquation

Hint: Omit it from the simp argument list.
  simp [queryEquation, gammaEquation, updateEquation,
  ̲  ̲ ̲ ̲ ̲ ̲ ̲ ̲ ̲ ̲ ̲ ̲ ̲ ̲ ̲ ̲ ̲ ̲ ̲ ̲ ̲ ̲ ̲ ̲ ̲ ̲ ̲ ̲ ̲ ̲ ̲ ̲ ̲ ̲ ̲ ̲ ̲ ̲ ̲ ̲c1LeafEquation, c̵2̵L̵e̵a̵f̵E̵q̵u̵a̵t̵i̵o̵n̵,̵ ̵Bind.bind, Aeneas.Std.bind] at bodyRun

Note: This linter can be disabled with `set_option linter.unusedSimpArgs false`
/home/dombarker/project-offloads/aeneas-d860-v6/backends/lean/v7-merkle-k12-replay.zEWr90/V7MerkleK12CallerBridge.lean:793:56: warning: This simp argument is unused:
  Bind.bind

Hint: Omit it from the simp argument list.
  simp [queryEquation, gammaEquation, updateEquation,
  ̲  ̲ ̲ ̲ ̲ ̲ ̲ ̲ ̲ ̲ ̲ ̲ ̲ ̲ ̲ ̲ ̲ ̲ ̲ ̲ ̲ ̲ ̲ ̲ ̲ ̲ ̲ ̲ ̲ ̲ ̲ ̲ ̲ ̲ ̲ ̲ ̲ ̲ ̲ ̲c1LeafEquation, c2LeafEquation, B̵i̵n̵d̵.̵b̵i̵n̵d̵,̵Aeneas.Std.bind] at bodyRun

Note: This linter can be disabled with `set_option linter.unusedSimpArgs false`
/home/dombarker/project-offloads/aeneas-d860-v6/backends/lean/v7-merkle-k12-replay.zEWr90/V7MerkleK12CallerBridge.lean:794:40: warning: This simp argument is unused:
  Aeneas.Std.bind

Hint: Omit it from the simp argument list.
  simp [queryEquation, gammaEquation, updateEquation,
  ̲  ̲ ̲ ̲ ̲ ̲ ̲ ̲ ̲ ̲ ̲ ̲ ̲ ̲ ̲ ̲ ̲ ̲ ̲ ̲ ̲ ̲ ̲ ̲ ̲ ̲ ̲ ̲ ̲ ̲ ̲ ̲ ̲ ̲ ̲ ̲ ̲ ̲ ̲ ̲c1LeafEquation, c2LeafEquation, B̵i̵n̵d̵.̵b̵i̵n̵d̵,̵
  ̵ ̵ ̵ ̵ ̵ ̵ ̵ ̵ ̵ ̵ ̵ ̵ ̵ ̵ ̵ ̵ ̵ ̵ ̵ ̵ ̵ ̵ ̵ ̵ ̵ ̵ ̵ ̵ ̵ ̵ ̵ ̵ ̵ ̵ ̵ ̵ ̵ ̵ ̵ ̵ ̵A̵e̵n̵e̵a̵s̵.̵S̵t̵d̵.̵b̵i̵n̵d̵]̵B̲i̲n̲d̲.̲b̲i̲n̲d̲]̲ at bodyRun

Note: This linter can be disabled with `set_option linter.unusedSimpArgs false`
/home/dombarker/project-offloads/aeneas-d860-v6/backends/lean/v7-merkle-k12-replay.zEWr90/V7MerkleK12CallerBridge.lean:800:46: warning: This simp argument is unused:
  queryEquation

Hint: Omit it from the simp argument list.
  simp [̵q̵u̵e̵r̵y̵E̵q̵u̵a̵t̵i̵o̵n̵,̵ ̵g̵a̵m̵m̵a̵E̵q̵u̵a̵t̵i̵o̵n̵,̵[̲g̲a̲m̲m̲a̲E̲q̲u̲a̲t̲i̲o̲n̲,̲ updateEquation, c1LeafEquation,
                                            c2LeafEquation, pushEquation, Bind.bind,
  ̲  ̲ ̲ ̲ ̲ ̲ ̲ ̲ ̲ ̲ ̲ ̲ ̲ ̲ ̲ ̲ ̲ ̲ ̲ ̲ ̲ ̲ ̲ ̲ ̲ ̲ ̲ ̲ ̲ ̲ ̲ ̲ ̲ ̲ ̲ ̲ ̲ ̲ ̲ ̲ ̲ ̲Aeneas.Std.bind] at bodyRun

Note: This linter can be disabled with `set_option linter.unusedSimpArgs false`
/home/dombarker/project-offloads/aeneas-d860-v6/backends/lean/v7-merkle-k12-replay.zEWr90/V7MerkleK12CallerBridge.lean:800:61: warning: This simp argument is unused:
  gammaEquation

Hint: Omit it from the simp argument list.
  simp [queryEquation, g̵a̵m̵m̵a̵E̵q̵u̵a̵t̵i̵o̵n̵,̵updateEquation, c1LeafEquation,
  ̲  ̲ ̲ ̲ ̲ ̲ ̲ ̲ ̲ ̲ ̲ ̲ ̲ ̲ ̲ ̲ ̲ ̲ ̲ ̲ ̲ ̲ ̲ ̲ ̲ ̲ ̲ ̲ ̲ ̲ ̲ ̲ ̲ ̲ ̲ ̲ ̲ ̲ ̲ ̲ ̲ ̲c2LeafEquation, pushEquation, Bind.bind,
                                            Aeneas.Std.bind] at bodyRun

Note: This linter can be disabled with `set_option linter.unusedSimpArgs false`
/home/dombarker/project-offloads/aeneas-d860-v6/backends/lean/v7-merkle-k12-replay.zEWr90/V7MerkleK12CallerBridge.lean:801:42: warning: This simp argument is unused:
  updateEquation

Hint: Omit it from the simp argument list.
  simp [queryEquation, gammaEquation, u̵p̵d̵a̵t̵e̵E̵q̵u̵a̵t̵i̵o̵n̵,̵ ̵c1LeafEquation,
                                            c2LeafEquation, pushEquation, Bind.bind,
  ̲  ̲ ̲ ̲ ̲ ̲ ̲ ̲ ̲ ̲ ̲ ̲ ̲ ̲ ̲ ̲ ̲ ̲ ̲ ̲ ̲ ̲ ̲ ̲ ̲ ̲ ̲ ̲ ̲ ̲ ̲ ̲ ̲ ̲ ̲ ̲ ̲ ̲ ̲ ̲ ̲ ̲Aeneas.Std.bind] at bodyRun

Note: This linter can be disabled with `set_option linter.unusedSimpArgs false`
/home/dombarker/project-offloads/aeneas-d860-v6/backends/lean/v7-merkle-k12-replay.zEWr90/V7MerkleK12CallerBridge.lean:801:58: warning: This simp argument is unused:
  c1LeafEquation

Hint: Omit it from the simp argument list.
  simp [queryEquation, gammaEquation, updateEquation,
  ̲  ̲ ̲ ̲ ̲ ̲ ̲ ̲ ̲ ̲ ̲ ̲ ̲ ̲ ̲ ̲ ̲ ̲ ̲ ̲ ̲ ̲ ̲ ̲ ̲ ̲ ̲ ̲ ̲ ̲ ̲ ̲ ̲ ̲ ̲ ̲ ̲ ̲ ̲ ̲ ̲ ̲c̵1̵L̵e̵a̵f̵E̵q̵u̵a̵t̵i̵o̵n̵,̵c2LeafEquation, pushEquation, Bind.bind,
                                            Aeneas.Std.bind] at bodyRun

Note: This linter can be disabled with `set_option linter.unusedSimpArgs false`
/home/dombarker/project-offloads/aeneas-d860-v6/backends/lean/v7-merkle-k12-replay.zEWr90/V7MerkleK12CallerBridge.lean:802:42: warning: This simp argument is unused:
  c2LeafEquation

Hint: Omit it from the simp argument list.
  simp [queryEquation, gammaEquation, updateEquation,
  ̲  ̲ ̲ ̲ ̲ ̲ ̲ ̲ ̲ ̲ ̲ ̲ ̲ ̲ ̲ ̲ ̲ ̲ ̲ ̲ ̲ ̲ ̲ ̲ ̲ ̲ ̲ ̲ ̲ ̲ ̲ ̲ ̲ ̲ ̲ ̲ ̲ ̲ ̲ ̲ ̲ ̲c1LeafEquation, c̵2̵L̵e̵a̵f̵E̵q̵u̵a̵t̵i̵o̵n̵,̵ ̵pushEquation, Bind.bind,
  ̲  ̲ ̲ ̲ ̲ ̲ ̲ ̲ ̲ ̲ ̲ ̲ ̲ ̲ ̲ ̲ ̲ ̲ ̲ ̲ ̲ ̲ ̲ ̲ ̲ ̲ ̲ ̲ ̲ ̲ ̲ ̲ ̲ ̲ ̲ ̲ ̲ ̲ ̲ ̲ ̲ ̲Aeneas.Std.bind] at bodyRun

Note: This linter can be disabled with `set_option linter.unusedSimpArgs false`
/home/dombarker/project-offloads/aeneas-d860-v6/backends/lean/v7-merkle-k12-replay.zEWr90/V7MerkleK12CallerBridge.lean:802:58: warning: This simp argument is unused:
  pushEquation

Hint: Omit it from the simp argument list.
  s̵i̵m̵p̵ ̵[̵q̵u̵e̵r̵y̵E̵q̵u̵a̵t̵i̵o̵n̵,̵ ̵g̵a̵m̵m̵a̵E̵q̵u̵a̵t̵i̵o̵n̵,̵
  ̵ ̵ ̵ ̵ ̵ ̵ ̵ ̵ ̵ ̵ ̵ ̵ ̵ ̵ ̵ ̵ ̵ ̵ ̵ ̵ ̵ ̵ ̵ ̵ ̵ ̵ ̵ ̵ ̵ ̵ ̵ ̵ ̵ ̵ ̵ ̵ ̵ ̵ ̵ ̵ ̵ ̵ ̵u̵p̵d̵a̵t̵e̵E̵q̵u̵a̵t̵i̵o̵n̵,̵ ̵c̵1̵L̵e̵a̵f̵E̵q̵u̵a̵t̵i̵o̵n̵,̵
  ̵ ̵ ̵ ̵ ̵ ̵ ̵ ̵ ̵ ̵ ̵ ̵ ̵ ̵ ̵ ̵ ̵ ̵ ̵ ̵ ̵ ̵ ̵ ̵ ̵ ̵ ̵ ̵ ̵ ̵ ̵ ̵ ̵ ̵ ̵ ̵ ̵ ̵ ̵ ̵ ̵ ̵ ̵c̵2̵L̵e̵a̵f̵E̵q̵u̵a̵t̵i̵o̵n̵,̵ ̵p̵u̵s̵h̵E̵q̵u̵a̵t̵i̵o̵n̵,̵
  ̵ ̵ ̵ ̵ ̵ ̵ ̵ ̵ ̵ ̵ ̵ ̵ ̵ ̵ ̵ ̵ ̵ ̵ ̵ ̵ ̵ ̵ ̵ ̵ ̵ ̵ ̵ ̵ ̵ ̵ ̵ ̵ ̵ ̵ ̵ ̵ ̵ ̵ ̵ ̵ ̵ ̵ ̵B̵i̵n̵d̵.̵b̵i̵n̵d̵,̵ ̵A̵e̵n̵e̵a̵s̵.̵S̵t̵d̵.̵b̵i̵n̵d̵]̵
  ̵ ̵ ̵ ̵ ̵ ̵ ̵ ̵ ̵ ̵ ̵ ̵ ̵ ̵ ̵ ̵ ̵ ̵ ̵ ̵ ̵ ̵ ̵ ̵ ̵ ̵ ̵ ̵ ̵ ̵ ̵ ̵ ̵ ̵ ̵ ̵ ̵ ̵ ̵ ̵ ̵ ̵ ̵a̵t̵ ̵b̵o̵d̵y̵R̵u̵n̵s̲i̲m̲p̲ ̲[̲q̲u̲e̲r̲y̲E̲q̲u̲a̲t̲i̲o̲n̲,̲ ̲g̲a̲m̲m̲a̲E̲q̲u̲a̲t̲i̲o̲n̲,̲ ̲u̲p̲d̲a̲t̲e̲E̲q̲u̲a̲t̲i̲o̲n̲,̲
  ̲ ̲ ̲ ̲ ̲ ̲ ̲ ̲ ̲ ̲ ̲ ̲ ̲ ̲ ̲ ̲ ̲ ̲ ̲ ̲ ̲ ̲ ̲ ̲ ̲ ̲ ̲ ̲ ̲ ̲ ̲ ̲ ̲ ̲ ̲ ̲ ̲ ̲ ̲ ̲ ̲ ̲ ̲c̲1̲L̲e̲a̲f̲E̲q̲u̲a̲t̲i̲o̲n̲,̲ ̲c̲2̲L̲e̲a̲f̲E̲q̲u̲a̲t̲i̲o̲n̲,̲ ̲B̲i̲n̲d̲.̲b̲i̲n̲d̲,̲
  ̲ ̲ ̲ ̲ ̲ ̲ ̲ ̲ ̲ ̲ ̲ ̲ ̲ ̲ ̲ ̲ ̲ ̲ ̲ ̲ ̲ ̲ ̲ ̲ ̲ ̲ ̲ ̲ ̲ ̲ ̲ ̲ ̲ ̲ ̲ ̲ ̲ ̲ ̲ ̲ ̲ ̲ ̲A̲e̲n̲e̲a̲s̲.̲S̲t̲d̲.̲b̲i̲n̲d̲]̲ ̲a̲t̲ ̲b̲o̲d̲y̲R̲u̲n̲

Note: This linter can be disabled with `set_option linter.unusedSimpArgs false`
/home/dombarker/project-offloads/aeneas-d860-v6/backends/lean/v7-merkle-k12-replay.zEWr90/V7MerkleK12CallerBridge.lean:803:42: warning: This simp argument is unused:
  Bind.bind

Hint: Omit it from the simp argument list.
  simp [queryEquation, gammaEquation, updateEquation,
  ̲  ̲ ̲ ̲ ̲ ̲ ̲ ̲ ̲ ̲ ̲ ̲ ̲ ̲ ̲ ̲ ̲ ̲ ̲ ̲ ̲ ̲ ̲ ̲ ̲ ̲ ̲ ̲ ̲ ̲ ̲ ̲ ̲ ̲ ̲ ̲ ̲ ̲ ̲ ̲ ̲ ̲c1LeafEquation, c2LeafEquation, pushEquation,
                                            B̵i̵n̵d̵.̵b̵i̵n̵d̵,̵ ̵Aeneas.Std.bind] at bodyRun

Note: This linter can be disabled with `set_option linter.unusedSimpArgs false`
/home/dombarker/project-offloads/aeneas-d860-v6/backends/lean/v7-merkle-k12-replay.zEWr90/V7MerkleK12CallerBridge.lean:803:53: warning: This simp argument is unused:
  Aeneas.Std.bind

Hint: Omit it from the simp argument list.
  simp [queryEquation, gammaEquation, updateEquation,
  ̲  ̲ ̲ ̲ ̲ ̲ ̲ ̲ ̲ ̲ ̲ ̲ ̲ ̲ ̲ ̲ ̲ ̲ ̲ ̲ ̲ ̲ ̲ ̲ ̲ ̲ ̲ ̲ ̲ ̲ ̲ ̲ ̲ ̲ ̲ ̲ ̲ ̲ ̲ ̲ ̲ ̲c1LeafEquation, c2LeafEquation, pushEquation,
                                            B̵i̵n̵d̵.̵b̵i̵n̵d̵,̵ ̵A̵e̵n̵e̵a̵s̵.̵S̵t̵d̵.̵b̵i̵n̵d̵]̵B̲i̲n̲d̲.̲b̲i̲n̲d̲]̲ at bodyRun

Note: This linter can be disabled with `set_option linter.unusedSimpArgs false`
/home/dombarker/project-offloads/aeneas-d860-v6/backends/lean/v7-merkle-k12-replay.zEWr90/V7MerkleK12CallerBridge.lean:967:38: warning: This simp argument is unused:
  lastIndexEquation

Hint: Omit it from the simp argument list.
  simp [sortEquation, l̵a̵s̵t̵I̵n̵d̵e̵x̵E̵q̵u̵a̵t̵i̵o̵n̵,̵ ̵Bind.bind, Aeneas.Std.bind] at run

Note: This linter can be disabled with `set_option linter.unusedSimpArgs false`
/home/dombarker/project-offloads/aeneas-d860-v6/backends/lean/v7-merkle-k12-replay.zEWr90/V7MerkleK12CallerBridge.lean:970:38: warning: This simp argument is unused:
  lastIndexEquation

Hint: Omit it from the simp argument list.
  simp [sortEquation, l̵a̵s̵t̵I̵n̵d̵e̵x̵E̵q̵u̵a̵t̵i̵o̵n̵,̵ ̵Bind.bind, Aeneas.Std.bind] at run

Note: This linter can be disabled with `set_option linter.unusedSimpArgs false`
/home/dombarker/project-offloads/aeneas-d860-v6/backends/lean/v7-merkle-k12-replay.zEWr90/V7MerkleK12CallerBridge.lean:973:38: warning: This simp argument is unused:
  lastIndexEquation

Hint: Omit it from the simp argument list.
  simp [sortEquation, l̵a̵s̵t̵I̵n̵d̵e̵x̵E̵q̵u̵a̵t̵i̵o̵n̵,̵ ̵Bind.bind, Aeneas.Std.bind] at run

Note: This linter can be disabled with `set_option linter.unusedSimpArgs false`
/home/dombarker/project-offloads/aeneas-d860-v6/backends/lean/v7-merkle-k12-replay.zEWr90/V7MerkleK12CallerBridge.lean:979:28: warning: This simp argument is unused:
  sortEquation

Hint: Omit it from the simp argument list.
  simp [̵s̵o̵r̵t̵E̵q̵u̵a̵t̵i̵o̵n̵,̵ ̵l̵a̵s̵t̵I̵n̵d̵e̵x̵E̵q̵u̵a̵t̵i̵o̵n̵,̵[̲l̲a̲s̲t̲I̲n̲d̲e̲x̲E̲q̲u̲a̲t̲i̲o̲n̲,̲ lastEquation, Bind.bind, Aeneas.Std.bind] at run

Note: This linter can be disabled with `set_option linter.unusedSimpArgs false`
/home/dombarker/project-offloads/aeneas-d860-v6/backends/lean/v7-merkle-k12-replay.zEWr90/V7MerkleK12CallerBridge.lean:979:42: warning: This simp argument is unused:
  lastIndexEquation

Hint: Omit it from the simp argument list.
  simp [sortEquation, l̵a̵s̵t̵I̵n̵d̵e̵x̵E̵q̵u̵a̵t̵i̵o̵n̵,̵ ̵lastEquation, Bind.bind, Aeneas.Std.bind] at run

Note: This linter can be disabled with `set_option linter.unusedSimpArgs false`
/home/dombarker/project-offloads/aeneas-d860-v6/backends/lean/v7-merkle-k12-replay.zEWr90/V7MerkleK12CallerBridge.lean:979:61: warning: This simp argument is unused:
  lastEquation

Hint: Omit it from the simp argument list.
  simp [sortEquation, lastIndexEquation, l̵a̵s̵t̵E̵q̵u̵a̵t̵i̵o̵n̵,̵
  ̵ ̵ ̵ ̵ ̵ ̵ ̵ ̵ ̵ ̵ ̵ ̵ ̵ ̵ ̵ ̵ ̵ ̵ ̵ ̵ ̵ ̵ ̵ ̵ ̵Bind.bind, Aeneas.Std.bind] at run

Note: This linter can be disabled with `set_option linter.unusedSimpArgs false`
/home/dombarker/project-offloads/aeneas-d860-v6/backends/lean/v7-merkle-k12-replay.zEWr90/V7MerkleK12CallerBridge.lean:980:24: warning: This simp argument is unused:
  Bind.bind

Hint: Omit it from the simp argument list.
  simp [sortEquation, lastIndexEquation, lastEquation, B̵i̵n̵d̵.̵b̵i̵n̵d̵,̵ ̵Aeneas.Std.bind] at run

Note: This linter can be disabled with `set_option linter.unusedSimpArgs false`
/home/dombarker/project-offloads/aeneas-d860-v6/backends/lean/v7-merkle-k12-replay.zEWr90/V7MerkleK12CallerBridge.lean:980:35: warning: This simp argument is unused:
  Aeneas.Std.bind

Hint: Omit it from the simp argument list.
  simp [sortEquation, lastIndexEquation, lastEquation, B̵i̵n̵d̵.̵b̵i̵n̵d̵,̵ ̵A̵e̵n̵e̵a̵s̵.̵S̵t̵d̵.̵b̵i̵n̵d̵]̵B̲i̲n̲d̲.̲b̲i̲n̲d̲]̲ at run

Note: This linter can be disabled with `set_option linter.unusedSimpArgs false`
/home/dombarker/project-offloads/aeneas-d860-v6/backends/lean/v7-merkle-k12-replay.zEWr90/V7MerkleK12CallerBridge.lean:982:28: warning: This simp argument is unused:
  sortEquation

Hint: Omit it from the simp argument list.
  simp [̵s̵o̵r̵t̵E̵q̵u̵a̵t̵i̵o̵n̵,̵ ̵l̵a̵s̵t̵I̵n̵d̵e̵x̵E̵q̵u̵a̵t̵i̵o̵n̵,̵[̲l̲a̲s̲t̲I̲n̲d̲e̲x̲E̲q̲u̲a̲t̲i̲o̲n̲,̲ lastEquation, Bind.bind, Aeneas.Std.bind] at run

Note: This linter can be disabled with `set_option linter.unusedSimpArgs false`
/home/dombarker/project-offloads/aeneas-d860-v6/backends/lean/v7-merkle-k12-replay.zEWr90/V7MerkleK12CallerBridge.lean:982:42: warning: This simp argument is unused:
  lastIndexEquation

Hint: Omit it from the simp argument list.
  simp [sortEquation, l̵a̵s̵t̵I̵n̵d̵e̵x̵E̵q̵u̵a̵t̵i̵o̵n̵,̵ ̵lastEquation, Bind.bind, Aeneas.Std.bind] at run

Note: This linter can be disabled with `set_option linter.unusedSimpArgs false`
/home/dombarker/project-offloads/aeneas-d860-v6/backends/lean/v7-merkle-k12-replay.zEWr90/V7MerkleK12CallerBridge.lean:982:61: warning: This simp argument is unused:
  lastEquation

Hint: Omit it from the simp argument list.
  simp [sortEquation, lastIndexEquation, l̵a̵s̵t̵E̵q̵u̵a̵t̵i̵o̵n̵,̵
  ̵ ̵ ̵ ̵ ̵ ̵ ̵ ̵ ̵ ̵ ̵ ̵ ̵ ̵ ̵ ̵ ̵ ̵ ̵ ̵ ̵ ̵ ̵ ̵ ̵Bind.bind, Aeneas.Std.bind] at run

Note: This linter can be disabled with `set_option linter.unusedSimpArgs false`
/home/dombarker/project-offloads/aeneas-d860-v6/backends/lean/v7-merkle-k12-replay.zEWr90/V7MerkleK12CallerBridge.lean:983:24: warning: This simp argument is unused:
  Bind.bind

Hint: Omit it from the simp argument list.
  simp [sortEquation, lastIndexEquation, lastEquation, B̵i̵n̵d̵.̵b̵i̵n̵d̵,̵ ̵Aeneas.Std.bind] at run

Note: This linter can be disabled with `set_option linter.unusedSimpArgs false`
/home/dombarker/project-offloads/aeneas-d860-v6/backends/lean/v7-merkle-k12-replay.zEWr90/V7MerkleK12CallerBridge.lean:983:35: warning: This simp argument is unused:
  Aeneas.Std.bind

Hint: Omit it from the simp argument list.
  simp [sortEquation, lastIndexEquation, lastEquation, B̵i̵n̵d̵.̵b̵i̵n̵d̵,̵ ̵A̵e̵n̵e̵a̵s̵.̵S̵t̵d̵.̵b̵i̵n̵d̵]̵B̲i̲n̲d̲.̲b̲i̲n̲d̲]̲ at run

Note: This linter can be disabled with `set_option linter.unusedSimpArgs false`
/home/dombarker/project-offloads/aeneas-d860-v6/backends/lean/v7-merkle-k12-replay.zEWr90/V7MerkleK12CallerBridge.lean:986:28: warning: This simp argument is unused:
  sortEquation

Hint: Omit it from the simp argument list.
  simp [̵s̵o̵r̵t̵E̵q̵u̵a̵t̵i̵o̵n̵,̵ ̵l̵a̵s̵t̵I̵n̵d̵e̵x̵E̵q̵u̵a̵t̵i̵o̵n̵,̵[̲l̲a̲s̲t̲I̲n̲d̲e̲x̲E̲q̲u̲a̲t̲i̲o̲n̲,̲ lastEquation, Bind.bind, Aeneas.Std.bind] at run

Note: This linter can be disabled with `set_option linter.unusedSimpArgs false`
/home/dombarker/project-offloads/aeneas-d860-v6/backends/lean/v7-merkle-k12-replay.zEWr90/V7MerkleK12CallerBridge.lean:986:42: warning: This simp argument is unused:
  lastIndexEquation

Hint: Omit it from the simp argument list.
  simp [sortEquation, l̵a̵s̵t̵I̵n̵d̵e̵x̵E̵q̵u̵a̵t̵i̵o̵n̵,̵ ̵lastEquation, Bind.bind, Aeneas.Std.bind] at run

Note: This linter can be disabled with `set_option linter.unusedSimpArgs false`
/home/dombarker/project-offloads/aeneas-d860-v6/backends/lean/v7-merkle-k12-replay.zEWr90/V7MerkleK12CallerBridge.lean:986:61: warning: This simp argument is unused:
  lastEquation

Hint: Omit it from the simp argument list.
  simp [sortEquation, lastIndexEquation, l̵a̵s̵t̵E̵q̵u̵a̵t̵i̵o̵n̵,̵
  ̵ ̵ ̵ ̵ ̵ ̵ ̵ ̵ ̵ ̵ ̵ ̵ ̵ ̵ ̵ ̵ ̵ ̵ ̵ ̵ ̵ ̵ ̵ ̵ ̵Bind.bind, Aeneas.Std.bind] at run

Note: This linter can be disabled with `set_option linter.unusedSimpArgs false`
/home/dombarker/project-offloads/aeneas-d860-v6/backends/lean/v7-merkle-k12-replay.zEWr90/V7MerkleK12CallerBridge.lean:987:24: warning: This simp argument is unused:
  Bind.bind

Hint: Omit it from the simp argument list.
  simp [sortEquation, lastIndexEquation, lastEquation, B̵i̵n̵d̵.̵b̵i̵n̵d̵,̵ ̵Aeneas.Std.bind] at run

Note: This linter can be disabled with `set_option linter.unusedSimpArgs false`
/home/dombarker/project-offloads/aeneas-d860-v6/backends/lean/v7-merkle-k12-replay.zEWr90/V7MerkleK12CallerBridge.lean:987:35: warning: This simp argument is unused:
  Aeneas.Std.bind

Hint: Omit it from the simp argument list.
  simp [sortEquation, lastIndexEquation, lastEquation, B̵i̵n̵d̵.̵b̵i̵n̵d̵,̵ ̵A̵e̵n̵e̵a̵s̵.̵S̵t̵d̵.̵b̵i̵n̵d̵]̵B̲i̲n̲d̲.̲b̲i̲n̲d̲]̲ at run

Note: This linter can be disabled with `set_option linter.unusedSimpArgs false`
/home/dombarker/project-offloads/aeneas-d860-v6/backends/lean/v7-merkle-k12-replay.zEWr90/V7MerkleK12CallerBridge.lean:992:32: warning: This simp argument is unused:
  sortEquation

Hint: Omit it from the simp argument list.
  simp [̵s̵o̵r̵t̵E̵q̵u̵a̵t̵i̵o̵n̵,̵ ̵l̵a̵s̵t̵I̵n̵d̵e̵x̵E̵q̵u̵a̵t̵i̵o̵n̵,̵[̲l̲a̲s̲t̲I̲n̲d̲e̲x̲E̲q̲u̲a̲t̲i̲o̲n̲,̲ lastEquation, limitEquation, Bind.bind,
  ̲  ̲ ̲ ̲ ̲ ̲ ̲ ̲ ̲ ̲ ̲ ̲ ̲ ̲ ̲ ̲ ̲ ̲ ̲ ̲ ̲ ̲ ̲ ̲ ̲ ̲ ̲ ̲Aeneas.Std.bind] at run

Note: This linter can be disabled with `set_option linter.unusedSimpArgs false`
/home/dombarker/project-offloads/aeneas-d860-v6/backends/lean/v7-merkle-k12-replay.zEWr90/V7MerkleK12CallerBridge.lean:992:46: warning: This simp argument is unused:
  lastIndexEquation

Hint: Omit it from the simp argument list.
  simp [sortEquation, l̵a̵s̵t̵I̵n̵d̵e̵x̵E̵q̵u̵a̵t̵i̵o̵n̵,̵ ̵lastEquation, limitEquation, Bind.bind,
  ̲  ̲ ̲ ̲ ̲ ̲ ̲ ̲ ̲ ̲ ̲ ̲ ̲ ̲ ̲ ̲ ̲ ̲ ̲ ̲ ̲ ̲ ̲ ̲ ̲ ̲ ̲ ̲Aeneas.Std.bind] at run

Note: This linter can be disabled with `set_option linter.unusedSimpArgs false`
/home/dombarker/project-offloads/aeneas-d860-v6/backends/lean/v7-merkle-k12-replay.zEWr90/V7MerkleK12CallerBridge.lean:992:65: warning: This simp argument is unused:
  lastEquation

Hint: Omit it from the simp argument list.
  simp [sortEquation, lastIndexEquation, l̵a̵s̵t̵E̵q̵u̵a̵t̵i̵o̵n̵,̵limitEquation, Bind.bind,
  ̲  ̲ ̲ ̲ ̲ ̲ ̲ ̲ ̲ ̲ ̲ ̲ ̲ ̲ ̲ ̲ ̲ ̲ ̲ ̲ ̲ ̲ ̲ ̲ ̲ ̲ ̲ ̲Aeneas.Std.bind] at run

Note: This linter can be disabled with `set_option linter.unusedSimpArgs false`
/home/dombarker/project-offloads/aeneas-d860-v6/backends/lean/v7-merkle-k12-replay.zEWr90/V7MerkleK12CallerBridge.lean:993:28: warning: This simp argument is unused:
  limitEquation

Hint: Omit it from the simp argument list.
  simp [sortEquation, lastIndexEquation, lastEquation, l̵i̵m̵i̵t̵E̵q̵u̵a̵t̵i̵o̵n̵,̵ ̵Bind.bind,
  ̲  ̲ ̲ ̲ ̲ ̲ ̲ ̲ ̲ ̲ ̲ ̲ ̲ ̲ ̲ ̲ ̲ ̲ ̲ ̲ ̲ ̲ ̲ ̲ ̲ ̲ ̲ ̲Aeneas.Std.bind] at run

Note: This linter can be disabled with `set_option linter.unusedSimpArgs false`
/home/dombarker/project-offloads/aeneas-d860-v6/backends/lean/v7-merkle-k12-replay.zEWr90/V7MerkleK12CallerBridge.lean:993:43: warning: This simp argument is unused:
  Bind.bind

Hint: Omit it from the simp argument list.
  simp [sortEquation, lastIndexEquation, lastEquation, limitEquation,
  ̲  ̲ ̲ ̲ ̲ ̲ ̲ ̲ ̲ ̲ ̲ ̲ ̲ ̲ ̲ ̲ ̲ ̲ ̲ ̲ ̲ ̲ ̲ ̲ ̲ ̲ ̲ ̲B̵i̵n̵d̵.̵b̵i̵n̵d̵,̵ ̵Aeneas.Std.bind] at run

Note: This linter can be disabled with `set_option linter.unusedSimpArgs false`
/home/dombarker/project-offloads/aeneas-d860-v6/backends/lean/v7-merkle-k12-replay.zEWr90/V7MerkleK12CallerBridge.lean:993:54: warning: This simp argument is unused:
  Aeneas.Std.bind

Hint: Omit it from the simp argument list.
  simp [sortEquation, lastIndexEquation, lastEquation, limitEquation,
  ̲  ̲ ̲ ̲ ̲ ̲ ̲ ̲ ̲ ̲ ̲ ̲ ̲ ̲ ̲ ̲ ̲ ̲ ̲ ̲ ̲ ̲ ̲ ̲ ̲ ̲ ̲ ̲B̵i̵n̵d̵.̵b̵i̵n̵d̵,̵ ̵A̵e̵n̵e̵a̵s̵.̵S̵t̵d̵.̵b̵i̵n̵d̵]̵B̲i̲n̲d̲.̲b̲i̲n̲d̲]̲ at run

Note: This linter can be disabled with `set_option linter.unusedSimpArgs false`
/home/dombarker/project-offloads/aeneas-d860-v6/backends/lean/v7-merkle-k12-replay.zEWr90/V7MerkleK12CallerBridge.lean:995:32: warning: This simp argument is unused:
  sortEquation

Hint: Omit it from the simp argument list.
  simp [̵s̵o̵r̵t̵E̵q̵u̵a̵t̵i̵o̵n̵,̵ ̵l̵a̵s̵t̵I̵n̵d̵e̵x̵E̵q̵u̵a̵t̵i̵o̵n̵,̵[̲l̲a̲s̲t̲I̲n̲d̲e̲x̲E̲q̲u̲a̲t̲i̲o̲n̲,̲ lastEquation, limitEquation, Bind.bind,
  ̲  ̲ ̲ ̲ ̲ ̲ ̲ ̲ ̲ ̲ ̲ ̲ ̲ ̲ ̲ ̲ ̲ ̲ ̲ ̲ ̲ ̲ ̲ ̲ ̲ ̲ ̲ ̲Aeneas.Std.bind] at run

Note: This linter can be disabled with `set_option linter.unusedSimpArgs false`
/home/dombarker/project-offloads/aeneas-d860-v6/backends/lean/v7-merkle-k12-replay.zEWr90/V7MerkleK12CallerBridge.lean:995:46: warning: This simp argument is unused:
  lastIndexEquation

Hint: Omit it from the simp argument list.
  simp [sortEquation, l̵a̵s̵t̵I̵n̵d̵e̵x̵E̵q̵u̵a̵t̵i̵o̵n̵,̵ ̵lastEquation, limitEquation, Bind.bind,
  ̲  ̲ ̲ ̲ ̲ ̲ ̲ ̲ ̲ ̲ ̲ ̲ ̲ ̲ ̲ ̲ ̲ ̲ ̲ ̲ ̲ ̲ ̲ ̲ ̲ ̲ ̲ ̲Aeneas.Std.bind] at run

Note: This linter can be disabled with `set_option linter.unusedSimpArgs false`
/home/dombarker/project-offloads/aeneas-d860-v6/backends/lean/v7-merkle-k12-replay.zEWr90/V7MerkleK12CallerBridge.lean:995:65: warning: This simp argument is unused:
  lastEquation

Hint: Omit it from the simp argument list.
  simp [sortEquation, lastIndexEquation, l̵a̵s̵t̵E̵q̵u̵a̵t̵i̵o̵n̵,̵limitEquation, Bind.bind,
  ̲  ̲ ̲ ̲ ̲ ̲ ̲ ̲ ̲ ̲ ̲ ̲ ̲ ̲ ̲ ̲ ̲ ̲ ̲ ̲ ̲ ̲ ̲ ̲ ̲ ̲ ̲ ̲Aeneas.Std.bind] at run

Note: This linter can be disabled with `set_option linter.unusedSimpArgs false`
/home/dombarker/project-offloads/aeneas-d860-v6/backends/lean/v7-merkle-k12-replay.zEWr90/V7MerkleK12CallerBridge.lean:996:28: warning: This simp argument is unused:
  limitEquation

Hint: Omit it from the simp argument list.
  simp [sortEquation, lastIndexEquation, lastEquation, l̵i̵m̵i̵t̵E̵q̵u̵a̵t̵i̵o̵n̵,̵ ̵Bind.bind,
  ̲  ̲ ̲ ̲ ̲ ̲ ̲ ̲ ̲ ̲ ̲ ̲ ̲ ̲ ̲ ̲ ̲ ̲ ̲ ̲ ̲ ̲ ̲ ̲ ̲ ̲ ̲ ̲Aeneas.Std.bind] at run

Note: This linter can be disabled with `set_option linter.unusedSimpArgs false`
/home/dombarker/project-offloads/aeneas-d860-v6/backends/lean/v7-merkle-k12-replay.zEWr90/V7MerkleK12CallerBridge.lean:996:43: warning: This simp argument is unused:
  Bind.bind

Hint: Omit it from the simp argument list.
  simp [sortEquation, lastIndexEquation, lastEquation, limitEquation,
  ̲  ̲ ̲ ̲ ̲ ̲ ̲ ̲ ̲ ̲ ̲ ̲ ̲ ̲ ̲ ̲ ̲ ̲ ̲ ̲ ̲ ̲ ̲ ̲ ̲ ̲ ̲ ̲B̵i̵n̵d̵.̵b̵i̵n̵d̵,̵ ̵Aeneas.Std.bind] at run

Note: This linter can be disabled with `set_option linter.unusedSimpArgs false`
/home/dombarker/project-offloads/aeneas-d860-v6/backends/lean/v7-merkle-k12-replay.zEWr90/V7MerkleK12CallerBridge.lean:996:54: warning: This simp argument is unused:
  Aeneas.Std.bind

Hint: Omit it from the simp argument list.
  simp [sortEquation, lastIndexEquation, lastEquation, limitEquation,
  ̲  ̲ ̲ ̲ ̲ ̲ ̲ ̲ ̲ ̲ ̲ ̲ ̲ ̲ ̲ ̲ ̲ ̲ ̲ ̲ ̲ ̲ ̲ ̲ ̲ ̲ ̲ ̲B̵i̵n̵d̵.̵b̵i̵n̵d̵,̵ ̵A̵e̵n̵e̵a̵s̵.̵S̵t̵d̵.̵b̵i̵n̵d̵]̵B̲i̲n̲d̲.̲b̲i̲n̲d̲]̲ at run

Note: This linter can be disabled with `set_option linter.unusedSimpArgs false`
/home/dombarker/project-offloads/aeneas-d860-v6/backends/lean/v7-merkle-k12-replay.zEWr90/V7MerkleK12CallerBridge.lean:998:32: warning: This simp argument is unused:
  sortEquation

Hint: Omit it from the simp argument list.
  simp [̵s̵o̵r̵t̵E̵q̵u̵a̵t̵i̵o̵n̵,̵ ̵l̵a̵s̵t̵I̵n̵d̵e̵x̵E̵q̵u̵a̵t̵i̵o̵n̵,̵[̲l̲a̲s̲t̲I̲n̲d̲e̲x̲E̲q̲u̲a̲t̲i̲o̲n̲,̲ lastEquation, limitEquation, Bind.bind,
  ̲  ̲ ̲ ̲ ̲ ̲ ̲ ̲ ̲ ̲ ̲ ̲ ̲ ̲ ̲ ̲ ̲ ̲ ̲ ̲ ̲ ̲ ̲ ̲ ̲ ̲ ̲ ̲Aeneas.Std.bind] at run

Note: This linter can be disabled with `set_option linter.unusedSimpArgs false`
/home/dombarker/project-offloads/aeneas-d860-v6/backends/lean/v7-merkle-k12-replay.zEWr90/V7MerkleK12CallerBridge.lean:998:46: warning: This simp argument is unused:
  lastIndexEquation

Hint: Omit it from the simp argument list.
  simp [sortEquation, l̵a̵s̵t̵I̵n̵d̵e̵x̵E̵q̵u̵a̵t̵i̵o̵n̵,̵ ̵lastEquation, limitEquation, Bind.bind,
  ̲  ̲ ̲ ̲ ̲ ̲ ̲ ̲ ̲ ̲ ̲ ̲ ̲ ̲ ̲ ̲ ̲ ̲ ̲ ̲ ̲ ̲ ̲ ̲ ̲ ̲ ̲ ̲Aeneas.Std.bind] at run

Note: This linter can be disabled with `set_option linter.unusedSimpArgs false`
/home/dombarker/project-offloads/aeneas-d860-v6/backends/lean/v7-merkle-k12-replay.zEWr90/V7MerkleK12CallerBridge.lean:998:65: warning: This simp argument is unused:
  lastEquation

Hint: Omit it from the simp argument list.
  simp [sortEquation, lastIndexEquation, l̵a̵s̵t̵E̵q̵u̵a̵t̵i̵o̵n̵,̵limitEquation, Bind.bind,
  ̲  ̲ ̲ ̲ ̲ ̲ ̲ ̲ ̲ ̲ ̲ ̲ ̲ ̲ ̲ ̲ ̲ ̲ ̲ ̲ ̲ ̲ ̲ ̲ ̲ ̲ ̲ ̲Aeneas.Std.bind] at run

Note: This linter can be disabled with `set_option linter.unusedSimpArgs false`
/home/dombarker/project-offloads/aeneas-d860-v6/backends/lean/v7-merkle-k12-replay.zEWr90/V7MerkleK12CallerBridge.lean:999:28: warning: This simp argument is unused:
  limitEquation

Hint: Omit it from the simp argument list.
  simp [sortEquation, lastIndexEquation, lastEquation, l̵i̵m̵i̵t̵E̵q̵u̵a̵t̵i̵o̵n̵,̵ ̵Bind.bind,
  ̲  ̲ ̲ ̲ ̲ ̲ ̲ ̲ ̲ ̲ ̲ ̲ ̲ ̲ ̲ ̲ ̲ ̲ ̲ ̲ ̲ ̲ ̲ ̲ ̲ ̲ ̲ ̲Aeneas.Std.bind] at run

Note: This linter can be disabled with `set_option linter.unusedSimpArgs false`
/home/dombarker/project-offloads/aeneas-d860-v6/backends/lean/v7-merkle-k12-replay.zEWr90/V7MerkleK12CallerBridge.lean:999:43: warning: This simp argument is unused:
  Bind.bind

Hint: Omit it from the simp argument list.
  simp [sortEquation, lastIndexEquation, lastEquation, limitEquation,
  ̲  ̲ ̲ ̲ ̲ ̲ ̲ ̲ ̲ ̲ ̲ ̲ ̲ ̲ ̲ ̲ ̲ ̲ ̲ ̲ ̲ ̲ ̲ ̲ ̲ ̲ ̲ ̲B̵i̵n̵d̵.̵b̵i̵n̵d̵,̵ ̵Aeneas.Std.bind] at run

Note: This linter can be disabled with `set_option linter.unusedSimpArgs false`
/home/dombarker/project-offloads/aeneas-d860-v6/backends/lean/v7-merkle-k12-replay.zEWr90/V7MerkleK12CallerBridge.lean:999:54: warning: This simp argument is unused:
  Aeneas.Std.bind

Hint: Omit it from the simp argument list.
  simp [sortEquation, lastIndexEquation, lastEquation, limitEquation,
  ̲  ̲ ̲ ̲ ̲ ̲ ̲ ̲ ̲ ̲ ̲ ̲ ̲ ̲ ̲ ̲ ̲ ̲ ̲ ̲ ̲ ̲ ̲ ̲ ̲ ̲ ̲ ̲B̵i̵n̵d̵.̵b̵i̵n̵d̵,̵ ̵A̵e̵n̵e̵a̵s̵.̵S̵t̵d̵.̵b̵i̵n̵d̵]̵B̲i̲n̲d̲.̲b̲i̲n̲d̲]̲ at run

Note: This linter can be disabled with `set_option linter.unusedSimpArgs false`
/home/dombarker/project-offloads/aeneas-d860-v6/backends/lean/v7-merkle-k12-replay.zEWr90/V7MerkleK12CallerBridge.lean:1012:38: warning: This simp argument is unused:
  sortEquation

Hint: Omit it from the simp argument list.
  simp [̵s̵o̵r̵t̵E̵q̵u̵a̵t̵i̵o̵n̵,̵ ̵l̵a̵s̵t̵I̵n̵d̵e̵x̵E̵q̵u̵a̵t̵i̵o̵n̵,̵[̲l̲a̲s̲t̲I̲n̲d̲e̲x̲E̲q̲u̲a̲t̲i̲o̲n̲,̲ lastEquation, limitEquation,
                                    sharedSliceEquation, Bind.bind, Aeneas.Std.bind] at run

Note: This linter can be disabled with `set_option linter.unusedSimpArgs false`
/home/dombarker/project-offloads/aeneas-d860-v6/backends/lean/v7-merkle-k12-replay.zEWr90/V7MerkleK12CallerBridge.lean:1012:52: warning: This simp argument is unused:
  lastIndexEquation

Hint: Omit it from the simp argument list.
  simp [sortEquation, l̵a̵s̵t̵I̵n̵d̵e̵x̵E̵q̵u̵a̵t̵i̵o̵n̵,̵lastEquation, limitEquation,
  ̲  ̲ ̲ ̲ ̲ ̲ ̲ ̲ ̲ ̲ ̲ ̲ ̲ ̲ ̲ ̲ ̲ ̲ ̲ ̲ ̲ ̲ ̲ ̲ ̲ ̲ ̲ ̲ ̲ ̲ ̲ ̲ ̲ ̲sharedSliceEquation, Bind.bind, Aeneas.Std.bind] at run

Note: This linter can be disabled with `set_option linter.unusedSimpArgs false`
/home/dombarker/project-offloads/aeneas-d860-v6/backends/lean/v7-merkle-k12-replay.zEWr90/V7MerkleK12CallerBridge.lean:1013:34: warning: This simp argument is unused:
  lastEquation

Hint: Omit it from the simp argument list.
  simp [sortEquation, lastIndexEquation, l̵a̵s̵t̵E̵q̵u̵a̵t̵i̵o̵n̵,̵ ̵limitEquation,
                                    sharedSliceEquation, Bind.bind, Aeneas.Std.bind] at run

Note: This linter can be disabled with `set_option linter.unusedSimpArgs false`
/home/dombarker/project-offloads/aeneas-d860-v6/backends/lean/v7-merkle-k12-replay.zEWr90/V7MerkleK12CallerBridge.lean:1013:48: warning: This simp argument is unused:
  limitEquation

Hint: Omit it from the simp argument list.
  simp [sortEquation, lastIndexEquation, lastEquation,
  ̲  ̲ ̲ ̲ ̲ ̲ ̲ ̲ ̲ ̲ ̲ ̲ ̲ ̲ ̲ ̲ ̲ ̲ ̲ ̲ ̲ ̲ ̲ ̲ ̲ ̲ ̲ ̲ ̲ ̲ ̲ ̲ ̲ ̲l̵i̵m̵i̵t̵E̵q̵u̵a̵t̵i̵o̵n̵,̵sharedSliceEquation, Bind.bind, Aeneas.Std.bind] at run

Note: This linter can be disabled with `set_option linter.unusedSimpArgs false`
/home/dombarker/project-offloads/aeneas-d860-v6/backends/lean/v7-merkle-k12-replay.zEWr90/V7MerkleK12CallerBridge.lean:1014:34: warning: This simp argument is unused:
  sharedSliceEquation

Hint: Omit it from the simp argument list.
  simp [sortEquation, lastIndexEquation, lastEquation, limitEquation,
                                    s̵h̵a̵r̵e̵d̵S̵l̵i̵c̵e̵E̵q̵u̵a̵t̵i̵o̵n̵,̵ ̵Bind.bind, Aeneas.Std.bind] at run

Note: This linter can be disabled with `set_option linter.unusedSimpArgs false`
/home/dombarker/project-offloads/aeneas-d860-v6/backends/lean/v7-merkle-k12-replay.zEWr90/V7MerkleK12CallerBridge.lean:1014:55: warning: This simp argument is unused:
  Bind.bind

Hint: Omit it from the simp argument list.
  simp [sortEquation, lastIndexEquation, lastEquation, limitEquation,
                                    sharedSliceEquation, B̵i̵n̵d̵.̵b̵i̵n̵d̵,̵Aeneas.Std.bind] at run

Note: This linter can be disabled with `set_option linter.unusedSimpArgs false`
/home/dombarker/project-offloads/aeneas-d860-v6/backends/lean/v7-merkle-k12-replay.zEWr90/V7MerkleK12CallerBridge.lean:1015:34: warning: This simp argument is unused:
  Aeneas.Std.bind

Hint: Omit it from the simp argument list.
  simp [sortEquation, lastIndexEquation, lastEquation, limitEquation,
                                    sharedSliceEquation, B̵i̵n̵d̵.̵b̵i̵n̵d̵,̵
  ̵ ̵ ̵ ̵ ̵ ̵ ̵ ̵ ̵ ̵ ̵ ̵ ̵ ̵ ̵ ̵ ̵ ̵ ̵ ̵ ̵ ̵ ̵ ̵ ̵ ̵ ̵ ̵ ̵ ̵ ̵ ̵ ̵ ̵ ̵A̵e̵n̵e̵a̵s̵.̵S̵t̵d̵.̵b̵i̵n̵d̵]̵B̲i̲n̲d̲.̲b̲i̲n̲d̲]̲ at run

Note: This linter can be disabled with `set_option linter.unusedSimpArgs false`
/home/dombarker/project-offloads/aeneas-d860-v6/backends/lean/v7-merkle-k12-replay.zEWr90/V7MerkleK12CallerBridge.lean:1017:38: warning: This simp argument is unused:
  sortEquation

Hint: Omit it from the simp argument list.
  simp [̵s̵o̵r̵t̵E̵q̵u̵a̵t̵i̵o̵n̵,̵ ̵l̵a̵s̵t̵I̵n̵d̵e̵x̵E̵q̵u̵a̵t̵i̵o̵n̵,̵[̲l̲a̲s̲t̲I̲n̲d̲e̲x̲E̲q̲u̲a̲t̲i̲o̲n̲,̲ lastEquation, limitEquation,
                                    sharedSliceEquation, Bind.bind, Aeneas.Std.bind] at run

Note: This linter can be disabled with `set_option linter.unusedSimpArgs false`
/home/dombarker/project-offloads/aeneas-d860-v6/backends/lean/v7-merkle-k12-replay.zEWr90/V7MerkleK12CallerBridge.lean:1017:52: warning: This simp argument is unused:
  lastIndexEquation

Hint: Omit it from the simp argument list.
  simp [sortEquation, l̵a̵s̵t̵I̵n̵d̵e̵x̵E̵q̵u̵a̵t̵i̵o̵n̵,̵lastEquation, limitEquation,
  ̲  ̲ ̲ ̲ ̲ ̲ ̲ ̲ ̲ ̲ ̲ ̲ ̲ ̲ ̲ ̲ ̲ ̲ ̲ ̲ ̲ ̲ ̲ ̲ ̲ ̲ ̲ ̲ ̲ ̲ ̲ ̲ ̲ ̲sharedSliceEquation, Bind.bind, Aeneas.Std.bind] at run

Note: This linter can be disabled with `set_option linter.unusedSimpArgs false`
/home/dombarker/project-offloads/aeneas-d860-v6/backends/lean/v7-merkle-k12-replay.zEWr90/V7MerkleK12CallerBridge.lean:1018:34: warning: This simp argument is unused:
  lastEquation

Hint: Omit it from the simp argument list.
  simp [sortEquation, lastIndexEquation, l̵a̵s̵t̵E̵q̵u̵a̵t̵i̵o̵n̵,̵ ̵limitEquation,
                                    sharedSliceEquation, Bind.bind, Aeneas.Std.bind] at run

Note: This linter can be disabled with `set_option linter.unusedSimpArgs false`
/home/dombarker/project-offloads/aeneas-d860-v6/backends/lean/v7-merkle-k12-replay.zEWr90/V7MerkleK12CallerBridge.lean:1018:48: warning: This simp argument is unused:
  limitEquation

Hint: Omit it from the simp argument list.
  simp [sortEquation, lastIndexEquation, lastEquation,
  ̲  ̲ ̲ ̲ ̲ ̲ ̲ ̲ ̲ ̲ ̲ ̲ ̲ ̲ ̲ ̲ ̲ ̲ ̲ ̲ ̲ ̲ ̲ ̲ ̲ ̲ ̲ ̲ ̲ ̲ ̲ ̲ ̲ ̲l̵i̵m̵i̵t̵E̵q̵u̵a̵t̵i̵o̵n̵,̵sharedSliceEquation, Bind.bind, Aeneas.Std.bind] at run

Note: This linter can be disabled with `set_option linter.unusedSimpArgs false`
/home/dombarker/project-offloads/aeneas-d860-v6/backends/lean/v7-merkle-k12-replay.zEWr90/V7MerkleK12CallerBridge.lean:1019:34: warning: This simp argument is unused:
  sharedSliceEquation

Hint: Omit it from the simp argument list.
  simp [sortEquation, lastIndexEquation, lastEquation, limitEquation,
                                    s̵h̵a̵r̵e̵d̵S̵l̵i̵c̵e̵E̵q̵u̵a̵t̵i̵o̵n̵,̵ ̵Bind.bind, Aeneas.Std.bind] at run

Note: This linter can be disabled with `set_option linter.unusedSimpArgs false`
/home/dombarker/project-offloads/aeneas-d860-v6/backends/lean/v7-merkle-k12-replay.zEWr90/V7MerkleK12CallerBridge.lean:1019:55: warning: This simp argument is unused:
  Bind.bind

Hint: Omit it from the simp argument list.
  simp [sortEquation, lastIndexEquation, lastEquation, limitEquation,
                                    sharedSliceEquation, B̵i̵n̵d̵.̵b̵i̵n̵d̵,̵Aeneas.Std.bind] at run

Note: This linter can be disabled with `set_option linter.unusedSimpArgs false`
/home/dombarker/project-offloads/aeneas-d860-v6/backends/lean/v7-merkle-k12-replay.zEWr90/V7MerkleK12CallerBridge.lean:1020:34: warning: This simp argument is unused:
  Aeneas.Std.bind

Hint: Omit it from the simp argument list.
  simp [sortEquation, lastIndexEquation, lastEquation, limitEquation,
                                    sharedSliceEquation, B̵i̵n̵d̵.̵b̵i̵n̵d̵,̵
  ̵ ̵ ̵ ̵ ̵ ̵ ̵ ̵ ̵ ̵ ̵ ̵ ̵ ̵ ̵ ̵ ̵ ̵ ̵ ̵ ̵ ̵ ̵ ̵ ̵ ̵ ̵ ̵ ̵ ̵ ̵ ̵ ̵ ̵ ̵A̵e̵n̵e̵a̵s̵.̵S̵t̵d̵.̵b̵i̵n̵d̵]̵B̲i̲n̲d̲.̲b̲i̲n̲d̲]̲ at run

Note: This linter can be disabled with `set_option linter.unusedSimpArgs false`
/home/dombarker/project-offloads/aeneas-d860-v6/backends/lean/v7-merkle-k12-replay.zEWr90/V7MerkleK12CallerBridge.lean:1022:38: warning: This simp argument is unused:
  sortEquation

Hint: Omit it from the simp argument list.
  simp [̵s̵o̵r̵t̵E̵q̵u̵a̵t̵i̵o̵n̵,̵ ̵l̵a̵s̵t̵I̵n̵d̵e̵x̵E̵q̵u̵a̵t̵i̵o̵n̵,̵[̲l̲a̲s̲t̲I̲n̲d̲e̲x̲E̲q̲u̲a̲t̲i̲o̲n̲,̲ lastEquation, limitEquation,
                                    sharedSliceEquation, Bind.bind, Aeneas.Std.bind] at run

Note: This linter can be disabled with `set_option linter.unusedSimpArgs false`
/home/dombarker/project-offloads/aeneas-d860-v6/backends/lean/v7-merkle-k12-replay.zEWr90/V7MerkleK12CallerBridge.lean:1022:52: warning: This simp argument is unused:
  lastIndexEquation

Hint: Omit it from the simp argument list.
  simp [sortEquation, l̵a̵s̵t̵I̵n̵d̵e̵x̵E̵q̵u̵a̵t̵i̵o̵n̵,̵lastEquation, limitEquation,
  ̲  ̲ ̲ ̲ ̲ ̲ ̲ ̲ ̲ ̲ ̲ ̲ ̲ ̲ ̲ ̲ ̲ ̲ ̲ ̲ ̲ ̲ ̲ ̲ ̲ ̲ ̲ ̲ ̲ ̲ ̲ ̲ ̲ ̲sharedSliceEquation, Bind.bind, Aeneas.Std.bind] at run

Note: This linter can be disabled with `set_option linter.unusedSimpArgs false`
/home/dombarker/project-offloads/aeneas-d860-v6/backends/lean/v7-merkle-k12-replay.zEWr90/V7MerkleK12CallerBridge.lean:1023:34: warning: This simp argument is unused:
  lastEquation

Hint: Omit it from the simp argument list.
  simp [sortEquation, lastIndexEquation, l̵a̵s̵t̵E̵q̵u̵a̵t̵i̵o̵n̵,̵ ̵limitEquation,
                                    sharedSliceEquation, Bind.bind, Aeneas.Std.bind] at run

Note: This linter can be disabled with `set_option linter.unusedSimpArgs false`
/home/dombarker/project-offloads/aeneas-d860-v6/backends/lean/v7-merkle-k12-replay.zEWr90/V7MerkleK12CallerBridge.lean:1023:48: warning: This simp argument is unused:
  limitEquation

Hint: Omit it from the simp argument list.
  simp [sortEquation, lastIndexEquation, lastEquation,
  ̲  ̲ ̲ ̲ ̲ ̲ ̲ ̲ ̲ ̲ ̲ ̲ ̲ ̲ ̲ ̲ ̲ ̲ ̲ ̲ ̲ ̲ ̲ ̲ ̲ ̲ ̲ ̲ ̲ ̲ ̲ ̲ ̲ ̲l̵i̵m̵i̵t̵E̵q̵u̵a̵t̵i̵o̵n̵,̵sharedSliceEquation, Bind.bind, Aeneas.Std.bind] at run

Note: This linter can be disabled with `set_option linter.unusedSimpArgs false`
/home/dombarker/project-offloads/aeneas-d860-v6/backends/lean/v7-merkle-k12-replay.zEWr90/V7MerkleK12CallerBridge.lean:1024:34: warning: This simp argument is unused:
  sharedSliceEquation

Hint: Omit it from the simp argument list.
  simp [sortEquation, lastIndexEquation, lastEquation, limitEquation,
                                    s̵h̵a̵r̵e̵d̵S̵l̵i̵c̵e̵E̵q̵u̵a̵t̵i̵o̵n̵,̵ ̵Bind.bind, Aeneas.Std.bind] at run

Note: This linter can be disabled with `set_option linter.unusedSimpArgs false`
/home/dombarker/project-offloads/aeneas-d860-v6/backends/lean/v7-merkle-k12-replay.zEWr90/V7MerkleK12CallerBridge.lean:1024:55: warning: This simp argument is unused:
  Bind.bind

Hint: Omit it from the simp argument list.
  simp [sortEquation, lastIndexEquation, lastEquation, limitEquation,
                                    sharedSliceEquation, B̵i̵n̵d̵.̵b̵i̵n̵d̵,̵Aeneas.Std.bind] at run

Note: This linter can be disabled with `set_option linter.unusedSimpArgs false`
/home/dombarker/project-offloads/aeneas-d860-v6/backends/lean/v7-merkle-k12-replay.zEWr90/V7MerkleK12CallerBridge.lean:1025:34: warning: This simp argument is unused:
  Aeneas.Std.bind

Hint: Omit it from the simp argument list.
  simp [sortEquation, lastIndexEquation, lastEquation, limitEquation,
                                    sharedSliceEquation, B̵i̵n̵d̵.̵b̵i̵n̵d̵,̵
  ̵ ̵ ̵ ̵ ̵ ̵ ̵ ̵ ̵ ̵ ̵ ̵ ̵ ̵ ̵ ̵ ̵ ̵ ̵ ̵ ̵ ̵ ̵ ̵ ̵ ̵ ̵ ̵ ̵ ̵ ̵ ̵ ̵ ̵ ̵A̵e̵n̵e̵a̵s̵.̵S̵t̵d̵.̵b̵i̵n̵d̵]̵B̲i̲n̲d̲.̲b̲i̲n̲d̲]̲ at run

Note: This linter can be disabled with `set_option linter.unusedSimpArgs false`
/home/dombarker/project-offloads/aeneas-d860-v6/backends/lean/v7-merkle-k12-replay.zEWr90/V7MerkleK12CallerBridge.lean:1031:42: warning: This simp argument is unused:
  sortEquation

Hint: Omit it from the simp argument list.
  simp [̵s̵o̵r̵t̵E̵q̵u̵a̵t̵i̵o̵n̵,̵ ̵l̵a̵s̵t̵I̵n̵d̵e̵x̵E̵q̵u̵a̵t̵i̵o̵n̵,̵[̲l̲a̲s̲t̲I̲n̲d̲e̲x̲E̲q̲u̲a̲t̲i̲o̲n̲,̲ lastEquation, limitEquation,
                                        sharedSliceEquation, windowsEquation, Bind.bind,
  ̲  ̲ ̲ ̲ ̲ ̲ ̲ ̲ ̲ ̲ ̲ ̲ ̲ ̲ ̲ ̲ ̲ ̲ ̲ ̲ ̲ ̲ ̲ ̲ ̲ ̲ ̲ ̲ ̲ ̲ ̲ ̲ ̲ ̲ ̲ ̲ ̲ ̲Aeneas.Std.bind] at run

Note: This linter can be disabled with `set_option linter.unusedSimpArgs false`
/home/dombarker/project-offloads/aeneas-d860-v6/backends/lean/v7-merkle-k12-replay.zEWr90/V7MerkleK12CallerBridge.lean:1031:56: warning: This simp argument is unused:
  lastIndexEquation

Hint: Omit it from the simp argument list.
  simp [sortEquation, l̵a̵s̵t̵I̵n̵d̵e̵x̵E̵q̵u̵a̵t̵i̵o̵n̵,̵lastEquation, limitEquation,
  ̲  ̲ ̲ ̲ ̲ ̲ ̲ ̲ ̲ ̲ ̲ ̲ ̲ ̲ ̲ ̲ ̲ ̲ ̲ ̲ ̲ ̲ ̲ ̲ ̲ ̲ ̲ ̲ ̲ ̲ ̲ ̲ ̲ ̲ ̲ ̲ ̲ ̲sharedSliceEquation, windowsEquation, Bind.bind,
                                        Aeneas.Std.bind] at run

Note: This linter can be disabled with `set_option linter.unusedSimpArgs false`
/home/dombarker/project-offloads/aeneas-d860-v6/backends/lean/v7-merkle-k12-replay.zEWr90/V7MerkleK12CallerBridge.lean:1032:38: warning: This simp argument is unused:
  lastEquation

Hint: Omit it from the simp argument list.
  simp [sortEquation, lastIndexEquation, l̵a̵s̵t̵E̵q̵u̵a̵t̵i̵o̵n̵,̵ ̵limitEquation,
                                        sharedSliceEquation, windowsEquation, Bind.bind,
  ̲  ̲ ̲ ̲ ̲ ̲ ̲ ̲ ̲ ̲ ̲ ̲ ̲ ̲ ̲ ̲ ̲ ̲ ̲ ̲ ̲ ̲ ̲ ̲ ̲ ̲ ̲ ̲ ̲ ̲ ̲ ̲ ̲ ̲ ̲ ̲ ̲ ̲Aeneas.Std.bind] at run

Note: This linter can be disabled with `set_option linter.unusedSimpArgs false`
/home/dombarker/project-offloads/aeneas-d860-v6/backends/lean/v7-merkle-k12-replay.zEWr90/V7MerkleK12CallerBridge.lean:1032:52: warning: This simp argument is unused:
  limitEquation

Hint: Omit it from the simp argument list.
  simp [sortEquation, lastIndexEquation, lastEquation,
  ̲  ̲ ̲ ̲ ̲ ̲ ̲ ̲ ̲ ̲ ̲ ̲ ̲ ̲ ̲ ̲ ̲ ̲ ̲ ̲ ̲ ̲ ̲ ̲ ̲ ̲ ̲ ̲ ̲ ̲ ̲ ̲ ̲ ̲ ̲ ̲ ̲ ̲l̵i̵m̵i̵t̵E̵q̵u̵a̵t̵i̵o̵n̵,̵sharedSliceEquation, windowsEquation, Bind.bind,
                                        Aeneas.Std.bind] at run

Note: This linter can be disabled with `set_option linter.unusedSimpArgs false`
/home/dombarker/project-offloads/aeneas-d860-v6/backends/lean/v7-merkle-k12-replay.zEWr90/V7MerkleK12CallerBridge.lean:1033:38: warning: This simp argument is unused:
  sharedSliceEquation

Hint: Omit it from the simp argument list.
  simp [sortEquation, lastIndexEquation, lastEquation,
  ̲  ̲ ̲ ̲ ̲ ̲ ̲ ̲ ̲ ̲ ̲ ̲ ̲ ̲ ̲ ̲ ̲ ̲ ̲ ̲ ̲ ̲ ̲ ̲ ̲ ̲ ̲ ̲ ̲ ̲ ̲ ̲ ̲ ̲ ̲ ̲ ̲ ̲limitEquation, s̵h̵a̵r̵e̵d̵S̵l̵i̵c̵e̵E̵q̵u̵a̵t̵i̵o̵n̵,̵ ̵windowsEquation, Bind.bind,
  ̲  ̲ ̲ ̲ ̲ ̲ ̲ ̲ ̲ ̲ ̲ ̲ ̲ ̲ ̲ ̲ ̲ ̲ ̲ ̲ ̲ ̲ ̲ ̲ ̲ ̲ ̲ ̲ ̲ ̲ ̲ ̲ ̲ ̲ ̲ ̲ ̲ ̲Aeneas.Std.bind] at run

Note: This linter can be disabled with `set_option linter.unusedSimpArgs false`
/home/dombarker/project-offloads/aeneas-d860-v6/backends/lean/v7-merkle-k12-replay.zEWr90/V7MerkleK12CallerBridge.lean:1033:59: warning: This simp argument is unused:
  windowsEquation

Hint: Omit it from the simp argument list.
  simp [sortEquation, lastIndexEquation, lastEquation,
  ̲  ̲ ̲ ̲ ̲ ̲ ̲ ̲ ̲ ̲ ̲ ̲ ̲ ̲ ̲ ̲ ̲ ̲ ̲ ̲ ̲ ̲ ̲ ̲ ̲ ̲ ̲ ̲ ̲ ̲ ̲ ̲ ̲ ̲ ̲ ̲ ̲ ̲limitEquation, sharedSliceEquation, w̵i̵n̵d̵o̵w̵s̵E̵q̵u̵a̵t̵i̵o̵n̵,̵Bind.bind,
                                        Aeneas.Std.bind] at run

Note: This linter can be disabled with `set_option linter.unusedSimpArgs false`
/home/dombarker/project-offloads/aeneas-d860-v6/backends/lean/v7-merkle-k12-replay.zEWr90/V7MerkleK12CallerBridge.lean:1034:38: warning: This simp argument is unused:
  Bind.bind

Hint: Omit it from the simp argument list.
  simp [sortEquation, lastIndexEquation, lastEquation,
  ̲  ̲ ̲ ̲ ̲ ̲ ̲ ̲ ̲ ̲ ̲ ̲ ̲ ̲ ̲ ̲ ̲ ̲ ̲ ̲ ̲ ̲ ̲ ̲ ̲ ̲ ̲ ̲ ̲ ̲ ̲ ̲ ̲ ̲ ̲ ̲ ̲ ̲limitEquation, sharedSliceEquation, windowsEquation,
                                        B̵i̵n̵d̵.̵b̵i̵n̵d̵,̵ ̵Aeneas.Std.bind] at run

Note: This linter can be disabled with `set_option linter.unusedSimpArgs false`
/home/dombarker/project-offloads/aeneas-d860-v6/backends/lean/v7-merkle-k12-replay.zEWr90/V7MerkleK12CallerBridge.lean:1034:49: warning: This simp argument is unused:
  Aeneas.Std.bind

Hint: Omit it from the simp argument list.
  simp [sortEquation, lastIndexEquation, lastEquation,
  ̲  ̲ ̲ ̲ ̲ ̲ ̲ ̲ ̲ ̲ ̲ ̲ ̲ ̲ ̲ ̲ ̲ ̲ ̲ ̲ ̲ ̲ ̲ ̲ ̲ ̲ ̲ ̲ ̲ ̲ ̲ ̲ ̲ ̲ ̲ ̲ ̲ ̲limitEquation, sharedSliceEquation, windowsEquation,
                                        B̵i̵n̵d̵.̵b̵i̵n̵d̵,̵ ̵A̵e̵n̵e̵a̵s̵.̵S̵t̵d̵.̵b̵i̵n̵d̵]̵B̲i̲n̲d̲.̲b̲i̲n̲d̲]̲ at run

Note: This linter can be disabled with `set_option linter.unusedSimpArgs false`
/home/dombarker/project-offloads/aeneas-d860-v6/backends/lean/v7-merkle-k12-replay.zEWr90/V7MerkleK12CallerBridge.lean:1036:42: warning: This simp argument is unused:
  sortEquation

Hint: Omit it from the simp argument list.
  simp [̵s̵o̵r̵t̵E̵q̵u̵a̵t̵i̵o̵n̵,̵ ̵l̵a̵s̵t̵I̵n̵d̵e̵x̵E̵q̵u̵a̵t̵i̵o̵n̵,̵[̲l̲a̲s̲t̲I̲n̲d̲e̲x̲E̲q̲u̲a̲t̲i̲o̲n̲,̲ lastEquation, limitEquation,
                                        sharedSliceEquation, windowsEquation, Bind.bind,
  ̲  ̲ ̲ ̲ ̲ ̲ ̲ ̲ ̲ ̲ ̲ ̲ ̲ ̲ ̲ ̲ ̲ ̲ ̲ ̲ ̲ ̲ ̲ ̲ ̲ ̲ ̲ ̲ ̲ ̲ ̲ ̲ ̲ ̲ ̲ ̲ ̲ ̲Aeneas.Std.bind] at run

Note: This linter can be disabled with `set_option linter.unusedSimpArgs false`
/home/dombarker/project-offloads/aeneas-d860-v6/backends/lean/v7-merkle-k12-replay.zEWr90/V7MerkleK12CallerBridge.lean:1036:56: warning: This simp argument is unused:
  lastIndexEquation

Hint: Omit it from the simp argument list.
  simp [sortEquation, l̵a̵s̵t̵I̵n̵d̵e̵x̵E̵q̵u̵a̵t̵i̵o̵n̵,̵lastEquation, limitEquation,
  ̲  ̲ ̲ ̲ ̲ ̲ ̲ ̲ ̲ ̲ ̲ ̲ ̲ ̲ ̲ ̲ ̲ ̲ ̲ ̲ ̲ ̲ ̲ ̲ ̲ ̲ ̲ ̲ ̲ ̲ ̲ ̲ ̲ ̲ ̲ ̲ ̲ ̲sharedSliceEquation, windowsEquation, Bind.bind,
                                        Aeneas.Std.bind] at run

Note: This linter can be disabled with `set_option linter.unusedSimpArgs false`
/home/dombarker/project-offloads/aeneas-d860-v6/backends/lean/v7-merkle-k12-replay.zEWr90/V7MerkleK12CallerBridge.lean:1037:38: warning: This simp argument is unused:
  lastEquation

Hint: Omit it from the simp argument list.
  simp [sortEquation, lastIndexEquation, l̵a̵s̵t̵E̵q̵u̵a̵t̵i̵o̵n̵,̵ ̵limitEquation,
                                        sharedSliceEquation, windowsEquation, Bind.bind,
  ̲  ̲ ̲ ̲ ̲ ̲ ̲ ̲ ̲ ̲ ̲ ̲ ̲ ̲ ̲ ̲ ̲ ̲ ̲ ̲ ̲ ̲ ̲ ̲ ̲ ̲ ̲ ̲ ̲ ̲ ̲ ̲ ̲ ̲ ̲ ̲ ̲ ̲Aeneas.Std.bind] at run

Note: This linter can be disabled with `set_option linter.unusedSimpArgs false`
/home/dombarker/project-offloads/aeneas-d860-v6/backends/lean/v7-merkle-k12-replay.zEWr90/V7MerkleK12CallerBridge.lean:1037:52: warning: This simp argument is unused:
  limitEquation

Hint: Omit it from the simp argument list.
  simp [sortEquation, lastIndexEquation, lastEquation,
  ̲  ̲ ̲ ̲ ̲ ̲ ̲ ̲ ̲ ̲ ̲ ̲ ̲ ̲ ̲ ̲ ̲ ̲ ̲ ̲ ̲ ̲ ̲ ̲ ̲ ̲ ̲ ̲ ̲ ̲ ̲ ̲ ̲ ̲ ̲ ̲ ̲ ̲l̵i̵m̵i̵t̵E̵q̵u̵a̵t̵i̵o̵n̵,̵sharedSliceEquation, windowsEquation, Bind.bind,
                                        Aeneas.Std.bind] at run

Note: This linter can be disabled with `set_option linter.unusedSimpArgs false`
/home/dombarker/project-offloads/aeneas-d860-v6/backends/lean/v7-merkle-k12-replay.zEWr90/V7MerkleK12CallerBridge.lean:1038:38: warning: This simp argument is unused:
  sharedSliceEquation

Hint: Omit it from the simp argument list.
  simp [sortEquation, lastIndexEquation, lastEquation,
  ̲  ̲ ̲ ̲ ̲ ̲ ̲ ̲ ̲ ̲ ̲ ̲ ̲ ̲ ̲ ̲ ̲ ̲ ̲ ̲ ̲ ̲ ̲ ̲ ̲ ̲ ̲ ̲ ̲ ̲ ̲ ̲ ̲ ̲ ̲ ̲ ̲ ̲limitEquation, s̵h̵a̵r̵e̵d̵S̵l̵i̵c̵e̵E̵q̵u̵a̵t̵i̵o̵n̵,̵ ̵windowsEquation, Bind.bind,
  ̲  ̲ ̲ ̲ ̲ ̲ ̲ ̲ ̲ ̲ ̲ ̲ ̲ ̲ ̲ ̲ ̲ ̲ ̲ ̲ ̲ ̲ ̲ ̲ ̲ ̲ ̲ ̲ ̲ ̲ ̲ ̲ ̲ ̲ ̲ ̲ ̲ ̲Aeneas.Std.bind] at run

Note: This linter can be disabled with `set_option linter.unusedSimpArgs false`
/home/dombarker/project-offloads/aeneas-d860-v6/backends/lean/v7-merkle-k12-replay.zEWr90/V7MerkleK12CallerBridge.lean:1038:59: warning: This simp argument is unused:
  windowsEquation

Hint: Omit it from the simp argument list.
  simp [sortEquation, lastIndexEquation, lastEquation,
  ̲  ̲ ̲ ̲ ̲ ̲ ̲ ̲ ̲ ̲ ̲ ̲ ̲ ̲ ̲ ̲ ̲ ̲ ̲ ̲ ̲ ̲ ̲ ̲ ̲ ̲ ̲ ̲ ̲ ̲ ̲ ̲ ̲ ̲ ̲ ̲ ̲ ̲limitEquation, sharedSliceEquation, w̵i̵n̵d̵o̵w̵s̵E̵q̵u̵a̵t̵i̵o̵n̵,̵Bind.bind,
                                        Aeneas.Std.bind] at run

Note: This linter can be disabled with `set_option linter.unusedSimpArgs false`
/home/dombarker/project-offloads/aeneas-d860-v6/backends/lean/v7-merkle-k12-replay.zEWr90/V7MerkleK12CallerBridge.lean:1039:38: warning: This simp argument is unused:
  Bind.bind

Hint: Omit it from the simp argument list.
  simp [sortEquation, lastIndexEquation, lastEquation,
  ̲  ̲ ̲ ̲ ̲ ̲ ̲ ̲ ̲ ̲ ̲ ̲ ̲ ̲ ̲ ̲ ̲ ̲ ̲ ̲ ̲ ̲ ̲ ̲ ̲ ̲ ̲ ̲ ̲ ̲ ̲ ̲ ̲ ̲ ̲ ̲ ̲ ̲limitEquation, sharedSliceEquation, windowsEquation,
                                        B̵i̵n̵d̵.̵b̵i̵n̵d̵,̵ ̵Aeneas.Std.bind] at run

Note: This linter can be disabled with `set_option linter.unusedSimpArgs false`
/home/dombarker/project-offloads/aeneas-d860-v6/backends/lean/v7-merkle-k12-replay.zEWr90/V7MerkleK12CallerBridge.lean:1039:49: warning: This simp argument is unused:
  Aeneas.Std.bind

Hint: Omit it from the simp argument list.
  simp [sortEquation, lastIndexEquation, lastEquation,
  ̲  ̲ ̲ ̲ ̲ ̲ ̲ ̲ ̲ ̲ ̲ ̲ ̲ ̲ ̲ ̲ ̲ ̲ ̲ ̲ ̲ ̲ ̲ ̲ ̲ ̲ ̲ ̲ ̲ ̲ ̲ ̲ ̲ ̲ ̲ ̲ ̲ ̲limitEquation, sharedSliceEquation, windowsEquation,
                                        B̵i̵n̵d̵.̵b̵i̵n̵d̵,̵ ̵A̵e̵n̵e̵a̵s̵.̵S̵t̵d̵.̵b̵i̵n̵d̵]̵B̲i̲n̲d̲.̲b̲i̲n̲d̲]̲ at run

Note: This linter can be disabled with `set_option linter.unusedSimpArgs false`
/home/dombarker/project-offloads/aeneas-d860-v6/backends/lean/v7-merkle-k12-replay.zEWr90/V7MerkleK12CallerBridge.lean:1041:42: warning: This simp argument is unused:
  sortEquation

Hint: Omit it from the simp argument list.
  simp [̵s̵o̵r̵t̵E̵q̵u̵a̵t̵i̵o̵n̵,̵ ̵l̵a̵s̵t̵I̵n̵d̵e̵x̵E̵q̵u̵a̵t̵i̵o̵n̵,̵[̲l̲a̲s̲t̲I̲n̲d̲e̲x̲E̲q̲u̲a̲t̲i̲o̲n̲,̲ lastEquation, limitEquation,
                                        sharedSliceEquation, windowsEquation, Bind.bind,
  ̲  ̲ ̲ ̲ ̲ ̲ ̲ ̲ ̲ ̲ ̲ ̲ ̲ ̲ ̲ ̲ ̲ ̲ ̲ ̲ ̲ ̲ ̲ ̲ ̲ ̲ ̲ ̲ ̲ ̲ ̲ ̲ ̲ ̲ ̲ ̲ ̲ ̲Aeneas.Std.bind] at run

Note: This linter can be disabled with `set_option linter.unusedSimpArgs false`
/home/dombarker/project-offloads/aeneas-d860-v6/backends/lean/v7-merkle-k12-replay.zEWr90/V7MerkleK12CallerBridge.lean:1041:56: warning: This simp argument is unused:
  lastIndexEquation

Hint: Omit it from the simp argument list.
  simp [sortEquation, l̵a̵s̵t̵I̵n̵d̵e̵x̵E̵q̵u̵a̵t̵i̵o̵n̵,̵lastEquation, limitEquation,
  ̲  ̲ ̲ ̲ ̲ ̲ ̲ ̲ ̲ ̲ ̲ ̲ ̲ ̲ ̲ ̲ ̲ ̲ ̲ ̲ ̲ ̲ ̲ ̲ ̲ ̲ ̲ ̲ ̲ ̲ ̲ ̲ ̲ ̲ ̲ ̲ ̲ ̲sharedSliceEquation, windowsEquation, Bind.bind,
                                        Aeneas.Std.bind] at run

Note: This linter can be disabled with `set_option linter.unusedSimpArgs false`
/home/dombarker/project-offloads/aeneas-d860-v6/backends/lean/v7-merkle-k12-replay.zEWr90/V7MerkleK12CallerBridge.lean:1042:38: warning: This simp argument is unused:
  lastEquation

Hint: Omit it from the simp argument list.
  simp [sortEquation, lastIndexEquation, l̵a̵s̵t̵E̵q̵u̵a̵t̵i̵o̵n̵,̵ ̵limitEquation,
                                        sharedSliceEquation, windowsEquation, Bind.bind,
  ̲  ̲ ̲ ̲ ̲ ̲ ̲ ̲ ̲ ̲ ̲ ̲ ̲ ̲ ̲ ̲ ̲ ̲ ̲ ̲ ̲ ̲ ̲ ̲ ̲ ̲ ̲ ̲ ̲ ̲ ̲ ̲ ̲ ̲ ̲ ̲ ̲ ̲Aeneas.Std.bind] at run

Note: This linter can be disabled with `set_option linter.unusedSimpArgs false`
/home/dombarker/project-offloads/aeneas-d860-v6/backends/lean/v7-merkle-k12-replay.zEWr90/V7MerkleK12CallerBridge.lean:1042:52: warning: This simp argument is unused:
  limitEquation

Hint: Omit it from the simp argument list.
  simp [sortEquation, lastIndexEquation, lastEquation,
  ̲  ̲ ̲ ̲ ̲ ̲ ̲ ̲ ̲ ̲ ̲ ̲ ̲ ̲ ̲ ̲ ̲ ̲ ̲ ̲ ̲ ̲ ̲ ̲ ̲ ̲ ̲ ̲ ̲ ̲ ̲ ̲ ̲ ̲ ̲ ̲ ̲ ̲l̵i̵m̵i̵t̵E̵q̵u̵a̵t̵i̵o̵n̵,̵sharedSliceEquation, windowsEquation, Bind.bind,
                                        Aeneas.Std.bind] at run

Note: This linter can be disabled with `set_option linter.unusedSimpArgs false`
/home/dombarker/project-offloads/aeneas-d860-v6/backends/lean/v7-merkle-k12-replay.zEWr90/V7MerkleK12CallerBridge.lean:1043:38: warning: This simp argument is unused:
  sharedSliceEquation

Hint: Omit it from the simp argument list.
  simp [sortEquation, lastIndexEquation, lastEquation,
  ̲  ̲ ̲ ̲ ̲ ̲ ̲ ̲ ̲ ̲ ̲ ̲ ̲ ̲ ̲ ̲ ̲ ̲ ̲ ̲ ̲ ̲ ̲ ̲ ̲ ̲ ̲ ̲ ̲ ̲ ̲ ̲ ̲ ̲ ̲ ̲ ̲ ̲limitEquation, s̵h̵a̵r̵e̵d̵S̵l̵i̵c̵e̵E̵q̵u̵a̵t̵i̵o̵n̵,̵ ̵windowsEquation, Bind.bind,
  ̲  ̲ ̲ ̲ ̲ ̲ ̲ ̲ ̲ ̲ ̲ ̲ ̲ ̲ ̲ ̲ ̲ ̲ ̲ ̲ ̲ ̲ ̲ ̲ ̲ ̲ ̲ ̲ ̲ ̲ ̲ ̲ ̲ ̲ ̲ ̲ ̲ ̲Aeneas.Std.bind] at run

Note: This linter can be disabled with `set_option linter.unusedSimpArgs false`
/home/dombarker/project-offloads/aeneas-d860-v6/backends/lean/v7-merkle-k12-replay.zEWr90/V7MerkleK12CallerBridge.lean:1043:59: warning: This simp argument is unused:
  windowsEquation

Hint: Omit it from the simp argument list.
  simp [sortEquation, lastIndexEquation, lastEquation,
  ̲  ̲ ̲ ̲ ̲ ̲ ̲ ̲ ̲ ̲ ̲ ̲ ̲ ̲ ̲ ̲ ̲ ̲ ̲ ̲ ̲ ̲ ̲ ̲ ̲ ̲ ̲ ̲ ̲ ̲ ̲ ̲ ̲ ̲ ̲ ̲ ̲ ̲limitEquation, sharedSliceEquation, w̵i̵n̵d̵o̵w̵s̵E̵q̵u̵a̵t̵i̵o̵n̵,̵Bind.bind,
                                        Aeneas.Std.bind] at run

Note: This linter can be disabled with `set_option linter.unusedSimpArgs false`
/home/dombarker/project-offloads/aeneas-d860-v6/backends/lean/v7-merkle-k12-replay.zEWr90/V7MerkleK12CallerBridge.lean:1044:38: warning: This simp argument is unused:
  Bind.bind

Hint: Omit it from the simp argument list.
  simp [sortEquation, lastIndexEquation, lastEquation,
  ̲  ̲ ̲ ̲ ̲ ̲ ̲ ̲ ̲ ̲ ̲ ̲ ̲ ̲ ̲ ̲ ̲ ̲ ̲ ̲ ̲ ̲ ̲ ̲ ̲ ̲ ̲ ̲ ̲ ̲ ̲ ̲ ̲ ̲ ̲ ̲ ̲ ̲limitEquation, sharedSliceEquation, windowsEquation,
                                        B̵i̵n̵d̵.̵b̵i̵n̵d̵,̵ ̵Aeneas.Std.bind] at run

Note: This linter can be disabled with `set_option linter.unusedSimpArgs false`
/home/dombarker/project-offloads/aeneas-d860-v6/backends/lean/v7-merkle-k12-replay.zEWr90/V7MerkleK12CallerBridge.lean:1044:49: warning: This simp argument is unused:
  Aeneas.Std.bind

Hint: Omit it from the simp argument list.
  simp [sortEquation, lastIndexEquation, lastEquation,
  ̲  ̲ ̲ ̲ ̲ ̲ ̲ ̲ ̲ ̲ ̲ ̲ ̲ ̲ ̲ ̲ ̲ ̲ ̲ ̲ ̲ ̲ ̲ ̲ ̲ ̲ ̲ ̲ ̲ ̲ ̲ ̲ ̲ ̲ ̲ ̲ ̲ ̲limitEquation, sharedSliceEquation, windowsEquation,
                                        B̵i̵n̵d̵.̵b̵i̵n̵d̵,̵ ̵A̵e̵n̵e̵a̵s̵.̵S̵t̵d̵.̵b̵i̵n̵d̵]̵B̲i̲n̲d̲.̲b̲i̲n̲d̲]̲ at run

Note: This linter can be disabled with `set_option linter.unusedSimpArgs false`
/home/dombarker/project-offloads/aeneas-d860-v6/backends/lean/v7-merkle-k12-replay.zEWr90/V7MerkleK12CallerBridge.lean:1053:46: warning: This simp argument is unused:
  sortEquation

Hint: Omit it from the simp argument list.
  simp [̵s̵o̵r̵t̵E̵q̵u̵a̵t̵i̵o̵n̵,̵ ̵l̵a̵s̵t̵I̵n̵d̵e̵x̵E̵q̵u̵a̵t̵i̵o̵n̵,̵[̲l̲a̲s̲t̲I̲n̲d̲e̲x̲E̲q̲u̲a̲t̲i̲o̲n̲,̲ lastEquation, limitEquation,
                                            sharedSliceEquation, windowsEquation, duplicateEquation,
  ̲  ̲ ̲ ̲ ̲ ̲ ̲ ̲ ̲ ̲ ̲ ̲ ̲ ̲ ̲ ̲ ̲ ̲ ̲ ̲ ̲ ̲ ̲ ̲ ̲ ̲ ̲ ̲ ̲ ̲ ̲ ̲ ̲ ̲ ̲ ̲ ̲ ̲ ̲ ̲ ̲ ̲Bind.bind, Aeneas.Std.bind] at run

Note: This linter can be disabled with `set_option linter.unusedSimpArgs false`
/home/dombarker/project-offloads/aeneas-d860-v6/backends/lean/v7-merkle-k12-replay.zEWr90/V7MerkleK12CallerBridge.lean:1053:60: warning: This simp argument is unused:
  lastIndexEquation

Hint: Omit it from the simp argument list.
  simp [sortEquation, l̵a̵s̵t̵I̵n̵d̵e̵x̵E̵q̵u̵a̵t̵i̵o̵n̵,̵lastEquation, limitEquation,
  ̲  ̲ ̲ ̲ ̲ ̲ ̲ ̲ ̲ ̲ ̲ ̲ ̲ ̲ ̲ ̲ ̲ ̲ ̲ ̲ ̲ ̲ ̲ ̲ ̲ ̲ ̲ ̲ ̲ ̲ ̲ ̲ ̲ ̲ ̲ ̲ ̲ ̲ ̲ ̲ ̲ ̲sharedSliceEquation, windowsEquation, duplicateEquation,
                                            Bind.bind, Aeneas.Std.bind] at run

Note: This linter can be disabled with `set_option linter.unusedSimpArgs false`
/home/dombarker/project-offloads/aeneas-d860-v6/backends/lean/v7-merkle-k12-replay.zEWr90/V7MerkleK12CallerBridge.lean:1054:42: warning: This simp argument is unused:
  lastEquation

Hint: Omit it from the simp argument list.
  simp [sortEquation, lastIndexEquation, l̵a̵s̵t̵E̵q̵u̵a̵t̵i̵o̵n̵,̵ ̵limitEquation,
                                            sharedSliceEquation, windowsEquation, duplicateEquation,
  ̲  ̲ ̲ ̲ ̲ ̲ ̲ ̲ ̲ ̲ ̲ ̲ ̲ ̲ ̲ ̲ ̲ ̲ ̲ ̲ ̲ ̲ ̲ ̲ ̲ ̲ ̲ ̲ ̲ ̲ ̲ ̲ ̲ ̲ ̲ ̲ ̲ ̲ ̲ ̲ ̲ ̲Bind.bind, Aeneas.Std.bind] at run

Note: This linter can be disabled with `set_option linter.unusedSimpArgs false`
/home/dombarker/project-offloads/aeneas-d860-v6/backends/lean/v7-merkle-k12-replay.zEWr90/V7MerkleK12CallerBridge.lean:1054:56: warning: This simp argument is unused:
  limitEquation

Hint: Omit it from the simp argument list.
  simp [sortEquation, lastIndexEquation, lastEquation,
  ̲  ̲ ̲ ̲ ̲ ̲ ̲ ̲ ̲ ̲ ̲ ̲ ̲ ̲ ̲ ̲ ̲ ̲ ̲ ̲ ̲ ̲ ̲ ̲ ̲ ̲ ̲ ̲ ̲ ̲ ̲ ̲ ̲ ̲ ̲ ̲ ̲ ̲ ̲ ̲ ̲ ̲l̵i̵m̵i̵t̵E̵q̵u̵a̵t̵i̵o̵n̵,̵sharedSliceEquation, windowsEquation, duplicateEquation,
                                            Bind.bind, Aeneas.Std.bind] at run

Note: This linter can be disabled with `set_option linter.unusedSimpArgs false`
/home/dombarker/project-offloads/aeneas-d860-v6/backends/lean/v7-merkle-k12-replay.zEWr90/V7MerkleK12CallerBridge.lean:1055:42: warning: This simp argument is unused:
  sharedSliceEquation

Hint: Omit it from the simp argument list.
  simp [sortEquation, lastIndexEquation, lastEquation,
  ̲  ̲ ̲ ̲ ̲ ̲ ̲ ̲ ̲ ̲ ̲ ̲ ̲ ̲ ̲ ̲ ̲ ̲ ̲ ̲ ̲ ̲ ̲ ̲ ̲ ̲ ̲ ̲ ̲ ̲ ̲ ̲ ̲ ̲ ̲ ̲ ̲ ̲ ̲ ̲ ̲ ̲limitEquation, s̵h̵a̵r̵e̵d̵S̵l̵i̵c̵e̵E̵q̵u̵a̵t̵i̵o̵n̵,̵ ̵windowsEquation, duplicateEquation,
  ̲  ̲ ̲ ̲ ̲ ̲ ̲ ̲ ̲ ̲ ̲ ̲ ̲ ̲ ̲ ̲ ̲ ̲ ̲ ̲ ̲ ̲ ̲ ̲ ̲ ̲ ̲ ̲ ̲ ̲ ̲ ̲ ̲ ̲ ̲ ̲ ̲ ̲ ̲ ̲ ̲ ̲Bind.bind, Aeneas.Std.bind] at run

Note: This linter can be disabled with `set_option linter.unusedSimpArgs false`
/home/dombarker/project-offloads/aeneas-d860-v6/backends/lean/v7-merkle-k12-replay.zEWr90/V7MerkleK12CallerBridge.lean:1055:63: warning: This simp argument is unused:
  windowsEquation

Hint: Omit it from the simp argument list.
  simp [sortEquation, lastIndexEquation, lastEquation,
  ̲  ̲ ̲ ̲ ̲ ̲ ̲ ̲ ̲ ̲ ̲ ̲ ̲ ̲ ̲ ̲ ̲ ̲ ̲ ̲ ̲ ̲ ̲ ̲ ̲ ̲ ̲ ̲ ̲ ̲ ̲ ̲ ̲ ̲ ̲ ̲ ̲ ̲ ̲ ̲ ̲ ̲limitEquation, sharedSliceEquation, w̵i̵n̵d̵o̵w̵s̵E̵q̵u̵a̵t̵i̵o̵n̵,̵duplicateEquation,
                                            Bind.bind, Aeneas.Std.bind] at run

Note: This linter can be disabled with `set_option linter.unusedSimpArgs false`
/home/dombarker/project-offloads/aeneas-d860-v6/backends/lean/v7-merkle-k12-replay.zEWr90/V7MerkleK12CallerBridge.lean:1056:42: warning: This simp argument is unused:
  duplicateEquation

Hint: Omit it from the simp argument list.
  simp [sortEquation, lastIndexEquation, lastEquation,
  ̲  ̲ ̲ ̲ ̲ ̲ ̲ ̲ ̲ ̲ ̲ ̲ ̲ ̲ ̲ ̲ ̲ ̲ ̲ ̲ ̲ ̲ ̲ ̲ ̲ ̲ ̲ ̲ ̲ ̲ ̲ ̲ ̲ ̲ ̲ ̲ ̲ ̲ ̲ ̲ ̲ ̲limitEquation, sharedSliceEquation, windowsEquation,
                                            d̵u̵p̵l̵i̵c̵a̵t̵e̵E̵q̵u̵a̵t̵i̵o̵n̵,̵ ̵Bind.bind, Aeneas.Std.bind] at run

Note: This linter can be disabled with `set_option linter.unusedSimpArgs false`
/home/dombarker/project-offloads/aeneas-d860-v6/backends/lean/v7-merkle-k12-replay.zEWr90/V7MerkleK12CallerBridge.lean:1056:61: warning: This simp argument is unused:
  Bind.bind

Hint: Omit it from the simp argument list.
  simp [sortEquation, lastIndexEquation, lastEquation,
  ̲  ̲ ̲ ̲ ̲ ̲ ̲ ̲ ̲ ̲ ̲ ̲ ̲ ̲ ̲ ̲ ̲ ̲ ̲ ̲ ̲ ̲ ̲ ̲ ̲ ̲ ̲ ̲ ̲ ̲ ̲ ̲ ̲ ̲ ̲ ̲ ̲ ̲ ̲ ̲ ̲ ̲limitEquation, sharedSliceEquation, windowsEquation,
                                            duplicateEquation, B̵i̵n̵d̵.̵b̵i̵n̵d̵,̵Aeneas.Std.bind] at run

Note: This linter can be disabled with `set_option linter.unusedSimpArgs false`
/home/dombarker/project-offloads/aeneas-d860-v6/backends/lean/v7-merkle-k12-replay.zEWr90/V7MerkleK12CallerBridge.lean:1057:42: warning: This simp argument is unused:
  Aeneas.Std.bind

Hint: Omit it from the simp argument list.
  simp [sortEquation, lastIndexEquation, lastEquation,
  ̲  ̲ ̲ ̲ ̲ ̲ ̲ ̲ ̲ ̲ ̲ ̲ ̲ ̲ ̲ ̲ ̲ ̲ ̲ ̲ ̲ ̲ ̲ ̲ ̲ ̲ ̲ ̲ ̲ ̲ ̲ ̲ ̲ ̲ ̲ ̲ ̲ ̲ ̲ ̲ ̲ ̲limitEquation, sharedSliceEquation, windowsEquation,
                                            duplicateEquation, B̵i̵n̵d̵.̵b̵i̵n̵d̵,̵
  ̵ ̵ ̵ ̵ ̵ ̵ ̵ ̵ ̵ ̵ ̵ ̵ ̵ ̵ ̵ ̵ ̵ ̵ ̵ ̵ ̵ ̵ ̵ ̵ ̵ ̵ ̵ ̵ ̵ ̵ ̵ ̵ ̵ ̵ ̵ ̵ ̵ ̵ ̵ ̵ ̵ ̵ ̵A̵e̵n̵e̵a̵s̵.̵S̵t̵d̵.̵b̵i̵n̵d̵]̵B̲i̲n̲d̲.̲b̲i̲n̲d̲]̲ at run

Note: This linter can be disabled with `set_option linter.unusedSimpArgs false`
/home/dombarker/project-offloads/aeneas-d860-v6/backends/lean/v7-merkle-k12-replay.zEWr90/V7MerkleK12CallerBridge.lean:1059:46: warning: This simp argument is unused:
  sortEquation

Hint: Omit it from the simp argument list.
  simp [̵s̵o̵r̵t̵E̵q̵u̵a̵t̵i̵o̵n̵,̵ ̵l̵a̵s̵t̵I̵n̵d̵e̵x̵E̵q̵u̵a̵t̵i̵o̵n̵,̵[̲l̲a̲s̲t̲I̲n̲d̲e̲x̲E̲q̲u̲a̲t̲i̲o̲n̲,̲ lastEquation, limitEquation,
                                            sharedSliceEquation, windowsEquation, duplicateEquation,
  ̲  ̲ ̲ ̲ ̲ ̲ ̲ ̲ ̲ ̲ ̲ ̲ ̲ ̲ ̲ ̲ ̲ ̲ ̲ ̲ ̲ ̲ ̲ ̲ ̲ ̲ ̲ ̲ ̲ ̲ ̲ ̲ ̲ ̲ ̲ ̲ ̲ ̲ ̲ ̲ ̲ ̲Bind.bind, Aeneas.Std.bind] at run

Note: This linter can be disabled with `set_option linter.unusedSimpArgs false`
/home/dombarker/project-offloads/aeneas-d860-v6/backends/lean/v7-merkle-k12-replay.zEWr90/V7MerkleK12CallerBridge.lean:1059:60: warning: This simp argument is unused:
  lastIndexEquation

Hint: Omit it from the simp argument list.
  simp [sortEquation, l̵a̵s̵t̵I̵n̵d̵e̵x̵E̵q̵u̵a̵t̵i̵o̵n̵,̵lastEquation, limitEquation,
  ̲  ̲ ̲ ̲ ̲ ̲ ̲ ̲ ̲ ̲ ̲ ̲ ̲ ̲ ̲ ̲ ̲ ̲ ̲ ̲ ̲ ̲ ̲ ̲ ̲ ̲ ̲ ̲ ̲ ̲ ̲ ̲ ̲ ̲ ̲ ̲ ̲ ̲ ̲ ̲ ̲ ̲sharedSliceEquation, windowsEquation, duplicateEquation,
                                            Bind.bind, Aeneas.Std.bind] at run

Note: This linter can be disabled with `set_option linter.unusedSimpArgs false`
/home/dombarker/project-offloads/aeneas-d860-v6/backends/lean/v7-merkle-k12-replay.zEWr90/V7MerkleK12CallerBridge.lean:1060:42: warning: This simp argument is unused:
  lastEquation

Hint: Omit it from the simp argument list.
  simp [sortEquation, lastIndexEquation, l̵a̵s̵t̵E̵q̵u̵a̵t̵i̵o̵n̵,̵ ̵limitEquation,
                                            sharedSliceEquation, windowsEquation, duplicateEquation,
  ̲  ̲ ̲ ̲ ̲ ̲ ̲ ̲ ̲ ̲ ̲ ̲ ̲ ̲ ̲ ̲ ̲ ̲ ̲ ̲ ̲ ̲ ̲ ̲ ̲ ̲ ̲ ̲ ̲ ̲ ̲ ̲ ̲ ̲ ̲ ̲ ̲ ̲ ̲ ̲ ̲ ̲Bind.bind, Aeneas.Std.bind] at run

Note: This linter can be disabled with `set_option linter.unusedSimpArgs false`
/home/dombarker/project-offloads/aeneas-d860-v6/backends/lean/v7-merkle-k12-replay.zEWr90/V7MerkleK12CallerBridge.lean:1060:56: warning: This simp argument is unused:
  limitEquation

Hint: Omit it from the simp argument list.
  simp [sortEquation, lastIndexEquation, lastEquation,
  ̲  ̲ ̲ ̲ ̲ ̲ ̲ ̲ ̲ ̲ ̲ ̲ ̲ ̲ ̲ ̲ ̲ ̲ ̲ ̲ ̲ ̲ ̲ ̲ ̲ ̲ ̲ ̲ ̲ ̲ ̲ ̲ ̲ ̲ ̲ ̲ ̲ ̲ ̲ ̲ ̲ ̲l̵i̵m̵i̵t̵E̵q̵u̵a̵t̵i̵o̵n̵,̵sharedSliceEquation, windowsEquation, duplicateEquation,
                                            Bind.bind, Aeneas.Std.bind] at run

Note: This linter can be disabled with `set_option linter.unusedSimpArgs false`
/home/dombarker/project-offloads/aeneas-d860-v6/backends/lean/v7-merkle-k12-replay.zEWr90/V7MerkleK12CallerBridge.lean:1061:42: warning: This simp argument is unused:
  sharedSliceEquation

Hint: Omit it from the simp argument list.
  simp [sortEquation, lastIndexEquation, lastEquation,
  ̲  ̲ ̲ ̲ ̲ ̲ ̲ ̲ ̲ ̲ ̲ ̲ ̲ ̲ ̲ ̲ ̲ ̲ ̲ ̲ ̲ ̲ ̲ ̲ ̲ ̲ ̲ ̲ ̲ ̲ ̲ ̲ ̲ ̲ ̲ ̲ ̲ ̲ ̲ ̲ ̲ ̲limitEquation, s̵h̵a̵r̵e̵d̵S̵l̵i̵c̵e̵E̵q̵u̵a̵t̵i̵o̵n̵,̵ ̵windowsEquation, duplicateEquation,
  ̲  ̲ ̲ ̲ ̲ ̲ ̲ ̲ ̲ ̲ ̲ ̲ ̲ ̲ ̲ ̲ ̲ ̲ ̲ ̲ ̲ ̲ ̲ ̲ ̲ ̲ ̲ ̲ ̲ ̲ ̲ ̲ ̲ ̲ ̲ ̲ ̲ ̲ ̲ ̲ ̲ ̲Bind.bind, Aeneas.Std.bind] at run

Note: This linter can be disabled with `set_option linter.unusedSimpArgs false`
/home/dombarker/project-offloads/aeneas-d860-v6/backends/lean/v7-merkle-k12-replay.zEWr90/V7MerkleK12CallerBridge.lean:1061:63: warning: This simp argument is unused:
  windowsEquation

Hint: Omit it from the simp argument list.
  simp [sortEquation, lastIndexEquation, lastEquation,
  ̲  ̲ ̲ ̲ ̲ ̲ ̲ ̲ ̲ ̲ ̲ ̲ ̲ ̲ ̲ ̲ ̲ ̲ ̲ ̲ ̲ ̲ ̲ ̲ ̲ ̲ ̲ ̲ ̲ ̲ ̲ ̲ ̲ ̲ ̲ ̲ ̲ ̲ ̲ ̲ ̲ ̲limitEquation, sharedSliceEquation, w̵i̵n̵d̵o̵w̵s̵E̵q̵u̵a̵t̵i̵o̵n̵,̵duplicateEquation,
                                            Bind.bind, Aeneas.Std.bind] at run

Note: This linter can be disabled with `set_option linter.unusedSimpArgs false`
/home/dombarker/project-offloads/aeneas-d860-v6/backends/lean/v7-merkle-k12-replay.zEWr90/V7MerkleK12CallerBridge.lean:1062:42: warning: This simp argument is unused:
  duplicateEquation

Hint: Omit it from the simp argument list.
  simp [sortEquation, lastIndexEquation, lastEquation,
  ̲  ̲ ̲ ̲ ̲ ̲ ̲ ̲ ̲ ̲ ̲ ̲ ̲ ̲ ̲ ̲ ̲ ̲ ̲ ̲ ̲ ̲ ̲ ̲ ̲ ̲ ̲ ̲ ̲ ̲ ̲ ̲ ̲ ̲ ̲ ̲ ̲ ̲ ̲ ̲ ̲ ̲limitEquation, sharedSliceEquation, windowsEquation,
                                            d̵u̵p̵l̵i̵c̵a̵t̵e̵E̵q̵u̵a̵t̵i̵o̵n̵,̵ ̵Bind.bind, Aeneas.Std.bind] at run

Note: This linter can be disabled with `set_option linter.unusedSimpArgs false`
/home/dombarker/project-offloads/aeneas-d860-v6/backends/lean/v7-merkle-k12-replay.zEWr90/V7MerkleK12CallerBridge.lean:1062:61: warning: This simp argument is unused:
  Bind.bind

Hint: Omit it from the simp argument list.
  simp [sortEquation, lastIndexEquation, lastEquation,
  ̲  ̲ ̲ ̲ ̲ ̲ ̲ ̲ ̲ ̲ ̲ ̲ ̲ ̲ ̲ ̲ ̲ ̲ ̲ ̲ ̲ ̲ ̲ ̲ ̲ ̲ ̲ ̲ ̲ ̲ ̲ ̲ ̲ ̲ ̲ ̲ ̲ ̲ ̲ ̲ ̲ ̲limitEquation, sharedSliceEquation, windowsEquation,
                                            duplicateEquation, B̵i̵n̵d̵.̵b̵i̵n̵d̵,̵Aeneas.Std.bind] at run

Note: This linter can be disabled with `set_option linter.unusedSimpArgs false`
/home/dombarker/project-offloads/aeneas-d860-v6/backends/lean/v7-merkle-k12-replay.zEWr90/V7MerkleK12CallerBridge.lean:1063:42: warning: This simp argument is unused:
  Aeneas.Std.bind

Hint: Omit it from the simp argument list.
  simp [sortEquation, lastIndexEquation, lastEquation,
  ̲  ̲ ̲ ̲ ̲ ̲ ̲ ̲ ̲ ̲ ̲ ̲ ̲ ̲ ̲ ̲ ̲ ̲ ̲ ̲ ̲ ̲ ̲ ̲ ̲ ̲ ̲ ̲ ̲ ̲ ̲ ̲ ̲ ̲ ̲ ̲ ̲ ̲ ̲ ̲ ̲ ̲limitEquation, sharedSliceEquation, windowsEquation,
                                            duplicateEquation, B̵i̵n̵d̵.̵b̵i̵n̵d̵,̵
  ̵ ̵ ̵ ̵ ̵ ̵ ̵ ̵ ̵ ̵ ̵ ̵ ̵ ̵ ̵ ̵ ̵ ̵ ̵ ̵ ̵ ̵ ̵ ̵ ̵ ̵ ̵ ̵ ̵ ̵ ̵ ̵ ̵ ̵ ̵ ̵ ̵ ̵ ̵ ̵ ̵ ̵ ̵A̵e̵n̵e̵a̵s̵.̵S̵t̵d̵.̵b̵i̵n̵d̵]̵B̲i̲n̲d̲.̲b̲i̲n̲d̲]̲ at run

Note: This linter can be disabled with `set_option linter.unusedSimpArgs false`
/home/dombarker/project-offloads/aeneas-d860-v6/backends/lean/v7-merkle-k12-replay.zEWr90/V7MerkleK12CallerBridge.lean:1067:46: warning: This simp argument is unused:
  sortEquation

Hint: Omit it from the simp argument list.
  simp [̵s̵o̵r̵t̵E̵q̵u̵a̵t̵i̵o̵n̵,̵ ̵l̵a̵s̵t̵I̵n̵d̵e̵x̵E̵q̵u̵a̵t̵i̵o̵n̵,̵[̲l̲a̲s̲t̲I̲n̲d̲e̲x̲E̲q̲u̲a̲t̲i̲o̲n̲,̲ lastEquation, limitEquation,
                                            sharedSliceEquation, windowsEquation, duplicateEquation,
  ̲  ̲ ̲ ̲ ̲ ̲ ̲ ̲ ̲ ̲ ̲ ̲ ̲ ̲ ̲ ̲ ̲ ̲ ̲ ̲ ̲ ̲ ̲ ̲ ̲ ̲ ̲ ̲ ̲ ̲ ̲ ̲ ̲ ̲ ̲ ̲ ̲ ̲ ̲ ̲ ̲ ̲Bind.bind, Aeneas.Std.bind] at run

Note: This linter can be disabled with `set_option linter.unusedSimpArgs false`
/home/dombarker/project-offloads/aeneas-d860-v6/backends/lean/v7-merkle-k12-replay.zEWr90/V7MerkleK12CallerBridge.lean:1067:60: warning: This simp argument is unused:
  lastIndexEquation

Hint: Omit it from the simp argument list.
  simp [sortEquation, l̵a̵s̵t̵I̵n̵d̵e̵x̵E̵q̵u̵a̵t̵i̵o̵n̵,̵lastEquation, limitEquation,
  ̲  ̲ ̲ ̲ ̲ ̲ ̲ ̲ ̲ ̲ ̲ ̲ ̲ ̲ ̲ ̲ ̲ ̲ ̲ ̲ ̲ ̲ ̲ ̲ ̲ ̲ ̲ ̲ ̲ ̲ ̲ ̲ ̲ ̲ ̲ ̲ ̲ ̲ ̲ ̲ ̲ ̲sharedSliceEquation, windowsEquation, duplicateEquation,
                                            Bind.bind, Aeneas.Std.bind] at run

Note: This linter can be disabled with `set_option linter.unusedSimpArgs false`
/home/dombarker/project-offloads/aeneas-d860-v6/backends/lean/v7-merkle-k12-replay.zEWr90/V7MerkleK12CallerBridge.lean:1068:42: warning: This simp argument is unused:
  lastEquation

Hint: Omit it from the simp argument list.
  simp [sortEquation, lastIndexEquation, l̵a̵s̵t̵E̵q̵u̵a̵t̵i̵o̵n̵,̵ ̵limitEquation,
                                            sharedSliceEquation, windowsEquation, duplicateEquation,
  ̲  ̲ ̲ ̲ ̲ ̲ ̲ ̲ ̲ ̲ ̲ ̲ ̲ ̲ ̲ ̲ ̲ ̲ ̲ ̲ ̲ ̲ ̲ ̲ ̲ ̲ ̲ ̲ ̲ ̲ ̲ ̲ ̲ ̲ ̲ ̲ ̲ ̲ ̲ ̲ ̲ ̲Bind.bind, Aeneas.Std.bind] at run

Note: This linter can be disabled with `set_option linter.unusedSimpArgs false`
/home/dombarker/project-offloads/aeneas-d860-v6/backends/lean/v7-merkle-k12-replay.zEWr90/V7MerkleK12CallerBridge.lean:1068:56: warning: This simp argument is unused:
  limitEquation

Hint: Omit it from the simp argument list.
  simp [sortEquation, lastIndexEquation, lastEquation,
  ̲  ̲ ̲ ̲ ̲ ̲ ̲ ̲ ̲ ̲ ̲ ̲ ̲ ̲ ̲ ̲ ̲ ̲ ̲ ̲ ̲ ̲ ̲ ̲ ̲ ̲ ̲ ̲ ̲ ̲ ̲ ̲ ̲ ̲ ̲ ̲ ̲ ̲ ̲ ̲ ̲ ̲l̵i̵m̵i̵t̵E̵q̵u̵a̵t̵i̵o̵n̵,̵sharedSliceEquation, windowsEquation, duplicateEquation,
                                            Bind.bind, Aeneas.Std.bind] at run

Note: This linter can be disabled with `set_option linter.unusedSimpArgs false`
/home/dombarker/project-offloads/aeneas-d860-v6/backends/lean/v7-merkle-k12-replay.zEWr90/V7MerkleK12CallerBridge.lean:1069:42: warning: This simp argument is unused:
  sharedSliceEquation

Hint: Omit it from the simp argument list.
  simp [sortEquation, lastIndexEquation, lastEquation,
  ̲  ̲ ̲ ̲ ̲ ̲ ̲ ̲ ̲ ̲ ̲ ̲ ̲ ̲ ̲ ̲ ̲ ̲ ̲ ̲ ̲ ̲ ̲ ̲ ̲ ̲ ̲ ̲ ̲ ̲ ̲ ̲ ̲ ̲ ̲ ̲ ̲ ̲ ̲ ̲ ̲ ̲limitEquation, s̵h̵a̵r̵e̵d̵S̵l̵i̵c̵e̵E̵q̵u̵a̵t̵i̵o̵n̵,̵ ̵windowsEquation, duplicateEquation,
  ̲  ̲ ̲ ̲ ̲ ̲ ̲ ̲ ̲ ̲ ̲ ̲ ̲ ̲ ̲ ̲ ̲ ̲ ̲ ̲ ̲ ̲ ̲ ̲ ̲ ̲ ̲ ̲ ̲ ̲ ̲ ̲ ̲ ̲ ̲ ̲ ̲ ̲ ̲ ̲ ̲ ̲Bind.bind, Aeneas.Std.bind] at run

Note: This linter can be disabled with `set_option linter.unusedSimpArgs false`
/home/dombarker/project-offloads/aeneas-d860-v6/backends/lean/v7-merkle-k12-replay.zEWr90/V7MerkleK12CallerBridge.lean:1069:63: warning: This simp argument is unused:
  windowsEquation

Hint: Omit it from the simp argument list.
  simp [sortEquation, lastIndexEquation, lastEquation,
  ̲  ̲ ̲ ̲ ̲ ̲ ̲ ̲ ̲ ̲ ̲ ̲ ̲ ̲ ̲ ̲ ̲ ̲ ̲ ̲ ̲ ̲ ̲ ̲ ̲ ̲ ̲ ̲ ̲ ̲ ̲ ̲ ̲ ̲ ̲ ̲ ̲ ̲ ̲ ̲ ̲ ̲limitEquation, sharedSliceEquation, w̵i̵n̵d̵o̵w̵s̵E̵q̵u̵a̵t̵i̵o̵n̵,̵duplicateEquation,
                                            Bind.bind, Aeneas.Std.bind] at run

Note: This linter can be disabled with `set_option linter.unusedSimpArgs false`
/home/dombarker/project-offloads/aeneas-d860-v6/backends/lean/v7-merkle-k12-replay.zEWr90/V7MerkleK12CallerBridge.lean:1070:42: warning: This simp argument is unused:
  duplicateEquation

Hint: Omit it from the simp argument list.
  simp [sortEquation, lastIndexEquation, lastEquation,
  ̲  ̲ ̲ ̲ ̲ ̲ ̲ ̲ ̲ ̲ ̲ ̲ ̲ ̲ ̲ ̲ ̲ ̲ ̲ ̲ ̲ ̲ ̲ ̲ ̲ ̲ ̲ ̲ ̲ ̲ ̲ ̲ ̲ ̲ ̲ ̲ ̲ ̲ ̲ ̲ ̲ ̲limitEquation, sharedSliceEquation, windowsEquation,
                                            d̵u̵p̵l̵i̵c̵a̵t̵e̵E̵q̵u̵a̵t̵i̵o̵n̵,̵ ̵Bind.bind, Aeneas.Std.bind] at run

Note: This linter can be disabled with `set_option linter.unusedSimpArgs false`
/home/dombarker/project-offloads/aeneas-d860-v6/backends/lean/v7-merkle-k12-replay.zEWr90/V7MerkleK12CallerBridge.lean:1070:61: warning: This simp argument is unused:
  Bind.bind

Hint: Omit it from the simp argument list.
  simp [sortEquation, lastIndexEquation, lastEquation,
  ̲  ̲ ̲ ̲ ̲ ̲ ̲ ̲ ̲ ̲ ̲ ̲ ̲ ̲ ̲ ̲ ̲ ̲ ̲ ̲ ̲ ̲ ̲ ̲ ̲ ̲ ̲ ̲ ̲ ̲ ̲ ̲ ̲ ̲ ̲ ̲ ̲ ̲ ̲ ̲ ̲ ̲limitEquation, sharedSliceEquation, windowsEquation,
                                            duplicateEquation, B̵i̵n̵d̵.̵b̵i̵n̵d̵,̵Aeneas.Std.bind] at run

Note: This linter can be disabled with `set_option linter.unusedSimpArgs false`
/home/dombarker/project-offloads/aeneas-d860-v6/backends/lean/v7-merkle-k12-replay.zEWr90/V7MerkleK12CallerBridge.lean:1071:42: warning: This simp argument is unused:
  Aeneas.Std.bind

Hint: Omit it from the simp argument list.
  simp [sortEquation, lastIndexEquation, lastEquation,
  ̲  ̲ ̲ ̲ ̲ ̲ ̲ ̲ ̲ ̲ ̲ ̲ ̲ ̲ ̲ ̲ ̲ ̲ ̲ ̲ ̲ ̲ ̲ ̲ ̲ ̲ ̲ ̲ ̲ ̲ ̲ ̲ ̲ ̲ ̲ ̲ ̲ ̲ ̲ ̲ ̲ ̲limitEquation, sharedSliceEquation, windowsEquation,
                                            duplicateEquation, B̵i̵n̵d̵.̵b̵i̵n̵d̵,̵
  ̵ ̵ ̵ ̵ ̵ ̵ ̵ ̵ ̵ ̵ ̵ ̵ ̵ ̵ ̵ ̵ ̵ ̵ ̵ ̵ ̵ ̵ ̵ ̵ ̵ ̵ ̵ ̵ ̵ ̵ ̵ ̵ ̵ ̵ ̵ ̵ ̵ ̵ ̵ ̵ ̵ ̵ ̵A̵e̵n̵e̵a̵s̵.̵S̵t̵d̵.̵b̵i̵n̵d̵]̵B̲i̲n̲d̲.̲b̲i̲n̲d̲]̲ at run

Note: This linter can be disabled with `set_option linter.unusedSimpArgs false`
/home/dombarker/project-offloads/aeneas-d860-v6/backends/lean/v7-merkle-k12-replay.zEWr90/V7MerkleK12CallerBridge.lean:1080:54: warning: This simp argument is unused:
  sortEquation

Hint: Omit it from the simp argument list.
  simp [̵s̵o̵r̵t̵E̵q̵u̵a̵t̵i̵o̵n̵,̵
  ̵ ̵ ̵ ̵ ̵ ̵ ̵ ̵ ̵ ̵ ̵ ̵ ̵ ̵ ̵ ̵ ̵ ̵ ̵ ̵ ̵ ̵ ̵ ̵ ̵ ̵ ̵ ̵ ̵ ̵ ̵ ̵ ̵ ̵ ̵ ̵ ̵ ̵ ̵ ̵ ̵ ̵ ̵ ̵ ̵ ̵ ̵ ̵ ̵ ̵ ̵l̵a̵s̵t̵I̵n̵d̵e̵x̵E̵q̵u̵a̵t̵i̵o̵n̵,̵[̲l̲a̲s̲t̲I̲n̲d̲e̲x̲E̲q̲u̲a̲t̲i̲o̲n̲,̲ lastEquation,
  ̲  ̲ ̲ ̲ ̲ ̲ ̲ ̲ ̲ ̲ ̲ ̲ ̲ ̲ ̲ ̲ ̲ ̲ ̲ ̲ ̲ ̲ ̲ ̲ ̲ ̲ ̲ ̲ ̲ ̲ ̲ ̲ ̲ ̲ ̲ ̲ ̲ ̲ ̲ ̲ ̲ ̲ ̲ ̲ ̲ ̲ ̲ ̲ ̲ ̲limitEquation, sharedSliceEquation,
                                                    windowsEquation, duplicateEquation,
                                                    iteratorEquation, Bind.bind,
                                                    Aeneas.Std.bind] at run

Note: This linter can be disabled with `set_option linter.unusedSimpArgs false`
/home/dombarker/project-offloads/aeneas-d860-v6/backends/lean/v7-merkle-k12-replay.zEWr90/V7MerkleK12CallerBridge.lean:1081:50: warning: This simp argument is unused:
  lastIndexEquation

Hint: Omit it from the simp argument list.
  simp [sortEquation, l̵a̵s̵t̵I̵n̵d̵e̵x̵E̵q̵u̵a̵t̵i̵o̵n̵,̵lastEquation, limitEquation,
  ̲  ̲ ̲ ̲ ̲ ̲ ̲ ̲ ̲ ̲ ̲ ̲ ̲ ̲ ̲ ̲ ̲ ̲ ̲ ̲ ̲ ̲ ̲ ̲ ̲ ̲ ̲ ̲ ̲ ̲ ̲ ̲ ̲ ̲ ̲ ̲ ̲ ̲ ̲ ̲ ̲ ̲ ̲ ̲ ̲ ̲ ̲ ̲ ̲ ̲sharedSliceEquation, windowsEquation,
                                                    duplicateEquation, iteratorEquation, Bind.bind,
  ̲  ̲ ̲ ̲ ̲ ̲ ̲ ̲ ̲ ̲ ̲ ̲ ̲ ̲ ̲ ̲ ̲ ̲ ̲ ̲ ̲ ̲ ̲ ̲ ̲ ̲ ̲ ̲ ̲ ̲ ̲ ̲ ̲ ̲ ̲ ̲ ̲ ̲ ̲ ̲ ̲ ̲ ̲ ̲ ̲ ̲ ̲ ̲ ̲ ̲Aeneas.Std.bind] at run

Note: This linter can be disabled with `set_option linter.unusedSimpArgs false`
/home/dombarker/project-offloads/aeneas-d860-v6/backends/lean/v7-merkle-k12-replay.zEWr90/V7MerkleK12CallerBridge.lean:1082:50: warning: This simp argument is unused:
  lastEquation

Hint: Omit it from the simp argument list.
  simp [sortEquation, lastIndexEquation,
                                                    l̵a̵s̵t̵E̵q̵u̵a̵t̵i̵o̵n̵,̵ ̵limitEquation, sharedSliceEquation,
                                                    windowsEquation, duplicateEquation,
                                                    iteratorEquation, Bind.bind,
                                                    Aeneas.Std.bind] at run

Note: This linter can be disabled with `set_option linter.unusedSimpArgs false`
/home/dombarker/project-offloads/aeneas-d860-v6/backends/lean/v7-merkle-k12-replay.zEWr90/V7MerkleK12CallerBridge.lean:1082:64: warning: This simp argument is unused:
  limitEquation

Hint: Omit it from the simp argument list.
  simp [sortEquation, lastIndexEquation, lastEquation,
  ̲  ̲ ̲ ̲ ̲ ̲ ̲ ̲ ̲ ̲ ̲ ̲ ̲ ̲ ̲ ̲ ̲ ̲ ̲ ̲ ̲ ̲ ̲ ̲ ̲ ̲ ̲ ̲ ̲ ̲ ̲ ̲ ̲ ̲ ̲ ̲ ̲ ̲ ̲ ̲ ̲ ̲ ̲ ̲ ̲ ̲ ̲ ̲ ̲ ̲l̵i̵m̵i̵t̵E̵q̵u̵a̵t̵i̵o̵n̵,̵sharedSliceEquation, windowsEquation,
                                                    duplicateEquation, iteratorEquation, Bind.bind,
  ̲  ̲ ̲ ̲ ̲ ̲ ̲ ̲ ̲ ̲ ̲ ̲ ̲ ̲ ̲ ̲ ̲ ̲ ̲ ̲ ̲ ̲ ̲ ̲ ̲ ̲ ̲ ̲ ̲ ̲ ̲ ̲ ̲ ̲ ̲ ̲ ̲ ̲ ̲ ̲ ̲ ̲ ̲ ̲ ̲ ̲ ̲ ̲ ̲ ̲Aeneas.Std.bind] at run

Note: This linter can be disabled with `set_option linter.unusedSimpArgs false`
/home/dombarker/project-offloads/aeneas-d860-v6/backends/lean/v7-merkle-k12-replay.zEWr90/V7MerkleK12CallerBridge.lean:1083:50: warning: This simp argument is unused:
  sharedSliceEquation

Hint: Omit it from the simp argument list.
  simp [sortEquation, lastIndexEquation, lastEquation,
  ̲  ̲ ̲ ̲ ̲ ̲ ̲ ̲ ̲ ̲ ̲ ̲ ̲ ̲ ̲ ̲ ̲ ̲ ̲ ̲ ̲ ̲ ̲ ̲ ̲ ̲ ̲ ̲ ̲ ̲ ̲ ̲ ̲ ̲ ̲ ̲ ̲ ̲ ̲ ̲ ̲ ̲ ̲ ̲ ̲ ̲ ̲ ̲ ̲ ̲limitEquation, s̵h̵a̵r̵e̵d̵S̵l̵i̵c̵e̵E̵q̵u̵a̵t̵i̵o̵n̵,̵windowsEquation, duplicateEquation,
                                                    iteratorEquation, Bind.bind,
  ̲  ̲ ̲ ̲ ̲ ̲ ̲ ̲ ̲ ̲ ̲ ̲ ̲ ̲ ̲ ̲ ̲ ̲ ̲ ̲ ̲ ̲ ̲ ̲ ̲ ̲ ̲ ̲ ̲ ̲ ̲ ̲ ̲ ̲ ̲ ̲ ̲ ̲ ̲ ̲ ̲ ̲ ̲ ̲ ̲ ̲ ̲ ̲ ̲ ̲Aeneas.Std.bind] at run

Note: This linter can be disabled with `set_option linter.unusedSimpArgs false`
/home/dombarker/project-offloads/aeneas-d860-v6/backends/lean/v7-merkle-k12-replay.zEWr90/V7MerkleK12CallerBridge.lean:1084:50: warning: This simp argument is unused:
  windowsEquation

Hint: Omit it from the simp argument list.
  simp [sortEquation, lastIndexEquation, lastEquation,
  ̲  ̲ ̲ ̲ ̲ ̲ ̲ ̲ ̲ ̲ ̲ ̲ ̲ ̲ ̲ ̲ ̲ ̲ ̲ ̲ ̲ ̲ ̲ ̲ ̲ ̲ ̲ ̲ ̲ ̲ ̲ ̲ ̲ ̲ ̲ ̲ ̲ ̲ ̲ ̲ ̲ ̲ ̲ ̲ ̲ ̲ ̲ ̲ ̲ ̲limitEquation, sharedSliceEquation,
                                                    w̵i̵n̵d̵o̵w̵s̵E̵q̵u̵a̵t̵i̵o̵n̵,̵duplicateEquation, iteratorEquation, Bind.bind,
  ̲  ̲ ̲ ̲ ̲ ̲ ̲ ̲ ̲ ̲ ̲ ̲ ̲ ̲ ̲ ̲ ̲ ̲ ̲ ̲ ̲ ̲ ̲ ̲ ̲ ̲ ̲ ̲ ̲ ̲ ̲ ̲ ̲ ̲ ̲ ̲ ̲ ̲ ̲ ̲ ̲ ̲ ̲ ̲ ̲ ̲ ̲ ̲ ̲ ̲Aeneas.Std.bind] at run

Note: This linter can be disabled with `set_option linter.unusedSimpArgs false`
/home/dombarker/project-offloads/aeneas-d860-v6/backends/lean/v7-merkle-k12-replay.zEWr90/V7MerkleK12CallerBridge.lean:1085:50: warning: This simp argument is unused:
  duplicateEquation

Hint: Omit it from the simp argument list.
  simp [sortEquation, lastIndexEquation, lastEquation,
  ̲  ̲ ̲ ̲ ̲ ̲ ̲ ̲ ̲ ̲ ̲ ̲ ̲ ̲ ̲ ̲ ̲ ̲ ̲ ̲ ̲ ̲ ̲ ̲ ̲ ̲ ̲ ̲ ̲ ̲ ̲ ̲ ̲ ̲ ̲ ̲ ̲ ̲ ̲ ̲ ̲ ̲ ̲ ̲ ̲ ̲ ̲ ̲ ̲ ̲limitEquation, sharedSliceEquation,
                                                    windowsEquation, d̵u̵p̵l̵i̵c̵a̵t̵e̵E̵q̵u̵a̵t̵i̵o̵n̵,̵iteratorEquation, Bind.bind,
  ̲  ̲ ̲ ̲ ̲ ̲ ̲ ̲ ̲ ̲ ̲ ̲ ̲ ̲ ̲ ̲ ̲ ̲ ̲ ̲ ̲ ̲ ̲ ̲ ̲ ̲ ̲ ̲ ̲ ̲ ̲ ̲ ̲ ̲ ̲ ̲ ̲ ̲ ̲ ̲ ̲ ̲ ̲ ̲ ̲ ̲ ̲ ̲ ̲ ̲Aeneas.Std.bind] at run

Note: This linter can be disabled with `set_option linter.unusedSimpArgs false`
/home/dombarker/project-offloads/aeneas-d860-v6/backends/lean/v7-merkle-k12-replay.zEWr90/V7MerkleK12CallerBridge.lean:1086:50: warning: This simp argument is unused:
  iteratorEquation

Hint: Omit it from the simp argument list.
  simp [sortEquation, lastIndexEquation, lastEquation,
  ̲  ̲ ̲ ̲ ̲ ̲ ̲ ̲ ̲ ̲ ̲ ̲ ̲ ̲ ̲ ̲ ̲ ̲ ̲ ̲ ̲ ̲ ̲ ̲ ̲ ̲ ̲ ̲ ̲ ̲ ̲ ̲ ̲ ̲ ̲ ̲ ̲ ̲ ̲ ̲ ̲ ̲ ̲ ̲ ̲ ̲ ̲ ̲ ̲ ̲limitEquation, sharedSliceEquation,
                                                    windowsEquation, duplicateEquation, i̵t̵e̵r̵a̵t̵o̵r̵E̵q̵u̵a̵t̵i̵o̵n̵,̵ ̵Bind.bind,
                                                    Aeneas.Std.bind] at run

Note: This linter can be disabled with `set_option linter.unusedSimpArgs false`
/home/dombarker/project-offloads/aeneas-d860-v6/backends/lean/v7-merkle-k12-replay.zEWr90/V7MerkleK12CallerBridge.lean:1086:68: warning: This simp argument is unused:
  Bind.bind

Hint: Omit it from the simp argument list.
  simp [sortEquation, lastIndexEquation, lastEquation,
  ̲  ̲ ̲ ̲ ̲ ̲ ̲ ̲ ̲ ̲ ̲ ̲ ̲ ̲ ̲ ̲ ̲ ̲ ̲ ̲ ̲ ̲ ̲ ̲ ̲ ̲ ̲ ̲ ̲ ̲ ̲ ̲ ̲ ̲ ̲ ̲ ̲ ̲ ̲ ̲ ̲ ̲ ̲ ̲ ̲ ̲ ̲ ̲ ̲ ̲limitEquation, sharedSliceEquation,
                                                    windowsEquation, duplicateEquation,
                                                    iteratorEquation, B̵i̵n̵d̵.̵b̵i̵n̵d̵,̵Aeneas.Std.bind] at run

Note: This linter can be disabled with `set_option linter.unusedSimpArgs false`
/home/dombarker/project-offloads/aeneas-d860-v6/backends/lean/v7-merkle-k12-replay.zEWr90/V7MerkleK12CallerBridge.lean:1087:50: warning: This simp argument is unused:
  Aeneas.Std.bind

Hint: Omit it from the simp argument list.
  simp [sortEquation, lastIndexEquation, lastEquation,
  ̲  ̲ ̲ ̲ ̲ ̲ ̲ ̲ ̲ ̲ ̲ ̲ ̲ ̲ ̲ ̲ ̲ ̲ ̲ ̲ ̲ ̲ ̲ ̲ ̲ ̲ ̲ ̲ ̲ ̲ ̲ ̲ ̲ ̲ ̲ ̲ ̲ ̲ ̲ ̲ ̲ ̲ ̲ ̲ ̲ ̲ ̲ ̲ ̲ ̲limitEquation, sharedSliceEquation,
                                                    windowsEquation, duplicateEquation,
                                                    iteratorEquation, B̵i̵n̵d̵.̵b̵i̵n̵d̵,̵
  ̵ ̵ ̵ ̵ ̵ ̵ ̵ ̵ ̵ ̵ ̵ ̵ ̵ ̵ ̵ ̵ ̵ ̵ ̵ ̵ ̵ ̵ ̵ ̵ ̵ ̵ ̵ ̵ ̵ ̵ ̵ ̵ ̵ ̵ ̵ ̵ ̵ ̵ ̵ ̵ ̵ ̵ ̵ ̵ ̵ ̵ ̵ ̵ ̵ ̵ ̵A̵e̵n̵e̵a̵s̵.̵S̵t̵d̵.̵b̵i̵n̵d̵]̵B̲i̲n̲d̲.̲b̲i̲n̲d̲]̲ at run

Note: This linter can be disabled with `set_option linter.unusedSimpArgs false`
/home/dombarker/project-offloads/aeneas-d860-v6/backends/lean/v7-merkle-k12-replay.zEWr90/V7MerkleK12CallerBridge.lean:1089:54: warning: This simp argument is unused:
  sortEquation

Hint: Omit it from the simp argument list.
  simp [̵s̵o̵r̵t̵E̵q̵u̵a̵t̵i̵o̵n̵,̵
  ̵ ̵ ̵ ̵ ̵ ̵ ̵ ̵ ̵ ̵ ̵ ̵ ̵ ̵ ̵ ̵ ̵ ̵ ̵ ̵ ̵ ̵ ̵ ̵ ̵ ̵ ̵ ̵ ̵ ̵ ̵ ̵ ̵ ̵ ̵ ̵ ̵ ̵ ̵ ̵ ̵ ̵ ̵ ̵ ̵ ̵ ̵ ̵ ̵ ̵ ̵l̵a̵s̵t̵I̵n̵d̵e̵x̵E̵q̵u̵a̵t̵i̵o̵n̵,̵[̲l̲a̲s̲t̲I̲n̲d̲e̲x̲E̲q̲u̲a̲t̲i̲o̲n̲,̲ lastEquation,
  ̲  ̲ ̲ ̲ ̲ ̲ ̲ ̲ ̲ ̲ ̲ ̲ ̲ ̲ ̲ ̲ ̲ ̲ ̲ ̲ ̲ ̲ ̲ ̲ ̲ ̲ ̲ ̲ ̲ ̲ ̲ ̲ ̲ ̲ ̲ ̲ ̲ ̲ ̲ ̲ ̲ ̲ ̲ ̲ ̲ ̲ ̲ ̲ ̲ ̲limitEquation, sharedSliceEquation,
                                                    windowsEquation, duplicateEquation,
                                                    iteratorEquation, Bind.bind,
                                                    Aeneas.Std.bind] at run

Note: This linter can be disabled with `set_option linter.unusedSimpArgs false`
/home/dombarker/project-offloads/aeneas-d860-v6/backends/lean/v7-merkle-k12-replay.zEWr90/V7MerkleK12CallerBridge.lean:1090:50: warning: This simp argument is unused:
  lastIndexEquation

Hint: Omit it from the simp argument list.
  simp [sortEquation, l̵a̵s̵t̵I̵n̵d̵e̵x̵E̵q̵u̵a̵t̵i̵o̵n̵,̵lastEquation, limitEquation,
  ̲  ̲ ̲ ̲ ̲ ̲ ̲ ̲ ̲ ̲ ̲ ̲ ̲ ̲ ̲ ̲ ̲ ̲ ̲ ̲ ̲ ̲ ̲ ̲ ̲ ̲ ̲ ̲ ̲ ̲ ̲ ̲ ̲ ̲ ̲ ̲ ̲ ̲ ̲ ̲ ̲ ̲ ̲ ̲ ̲ ̲ ̲ ̲ ̲ ̲sharedSliceEquation, windowsEquation,
                                                    duplicateEquation, iteratorEquation, Bind.bind,
  ̲  ̲ ̲ ̲ ̲ ̲ ̲ ̲ ̲ ̲ ̲ ̲ ̲ ̲ ̲ ̲ ̲ ̲ ̲ ̲ ̲ ̲ ̲ ̲ ̲ ̲ ̲ ̲ ̲ ̲ ̲ ̲ ̲ ̲ ̲ ̲ ̲ ̲ ̲ ̲ ̲ ̲ ̲ ̲ ̲ ̲ ̲ ̲ ̲ ̲Aeneas.Std.bind] at run

Note: This linter can be disabled with `set_option linter.unusedSimpArgs false`
/home/dombarker/project-offloads/aeneas-d860-v6/backends/lean/v7-merkle-k12-replay.zEWr90/V7MerkleK12CallerBridge.lean:1091:50: warning: This simp argument is unused:
  lastEquation

Hint: Omit it from the simp argument list.
  simp [sortEquation, lastIndexEquation,
                                                    l̵a̵s̵t̵E̵q̵u̵a̵t̵i̵o̵n̵,̵ ̵limitEquation, sharedSliceEquation,
                                                    windowsEquation, duplicateEquation,
                                                    iteratorEquation, Bind.bind,
                                                    Aeneas.Std.bind] at run

Note: This linter can be disabled with `set_option linter.unusedSimpArgs false`
/home/dombarker/project-offloads/aeneas-d860-v6/backends/lean/v7-merkle-k12-replay.zEWr90/V7MerkleK12CallerBridge.lean:1091:64: warning: This simp argument is unused:
  limitEquation

Hint: Omit it from the simp argument list.
  simp [sortEquation, lastIndexEquation, lastEquation,
  ̲  ̲ ̲ ̲ ̲ ̲ ̲ ̲ ̲ ̲ ̲ ̲ ̲ ̲ ̲ ̲ ̲ ̲ ̲ ̲ ̲ ̲ ̲ ̲ ̲ ̲ ̲ ̲ ̲ ̲ ̲ ̲ ̲ ̲ ̲ ̲ ̲ ̲ ̲ ̲ ̲ ̲ ̲ ̲ ̲ ̲ ̲ ̲ ̲ ̲l̵i̵m̵i̵t̵E̵q̵u̵a̵t̵i̵o̵n̵,̵sharedSliceEquation, windowsEquation,
                                                    duplicateEquation, iteratorEquation, Bind.bind,
  ̲  ̲ ̲ ̲ ̲ ̲ ̲ ̲ ̲ ̲ ̲ ̲ ̲ ̲ ̲ ̲ ̲ ̲ ̲ ̲ ̲ ̲ ̲ ̲ ̲ ̲ ̲ ̲ ̲ ̲ ̲ ̲ ̲ ̲ ̲ ̲ ̲ ̲ ̲ ̲ ̲ ̲ ̲ ̲ ̲ ̲ ̲ ̲ ̲ ̲Aeneas.Std.bind] at run

Note: This linter can be disabled with `set_option linter.unusedSimpArgs false`
/home/dombarker/project-offloads/aeneas-d860-v6/backends/lean/v7-merkle-k12-replay.zEWr90/V7MerkleK12CallerBridge.lean:1092:50: warning: This simp argument is unused:
  sharedSliceEquation

Hint: Omit it from the simp argument list.
  simp [sortEquation, lastIndexEquation, lastEquation,
  ̲  ̲ ̲ ̲ ̲ ̲ ̲ ̲ ̲ ̲ ̲ ̲ ̲ ̲ ̲ ̲ ̲ ̲ ̲ ̲ ̲ ̲ ̲ ̲ ̲ ̲ ̲ ̲ ̲ ̲ ̲ ̲ ̲ ̲ ̲ ̲ ̲ ̲ ̲ ̲ ̲ ̲ ̲ ̲ ̲ ̲ ̲ ̲ ̲ ̲limitEquation, s̵h̵a̵r̵e̵d̵S̵l̵i̵c̵e̵E̵q̵u̵a̵t̵i̵o̵n̵,̵windowsEquation, duplicateEquation,
                                                    iteratorEquation, Bind.bind,
  ̲  ̲ ̲ ̲ ̲ ̲ ̲ ̲ ̲ ̲ ̲ ̲ ̲ ̲ ̲ ̲ ̲ ̲ ̲ ̲ ̲ ̲ ̲ ̲ ̲ ̲ ̲ ̲ ̲ ̲ ̲ ̲ ̲ ̲ ̲ ̲ ̲ ̲ ̲ ̲ ̲ ̲ ̲ ̲ ̲ ̲ ̲ ̲ ̲ ̲Aeneas.Std.bind] at run

Note: This linter can be disabled with `set_option linter.unusedSimpArgs false`
/home/dombarker/project-offloads/aeneas-d860-v6/backends/lean/v7-merkle-k12-replay.zEWr90/V7MerkleK12CallerBridge.lean:1093:50: warning: This simp argument is unused:
  windowsEquation

Hint: Omit it from the simp argument list.
  simp [sortEquation, lastIndexEquation, lastEquation,
  ̲  ̲ ̲ ̲ ̲ ̲ ̲ ̲ ̲ ̲ ̲ ̲ ̲ ̲ ̲ ̲ ̲ ̲ ̲ ̲ ̲ ̲ ̲ ̲ ̲ ̲ ̲ ̲ ̲ ̲ ̲ ̲ ̲ ̲ ̲ ̲ ̲ ̲ ̲ ̲ ̲ ̲ ̲ ̲ ̲ ̲ ̲ ̲ ̲ ̲limitEquation, sharedSliceEquation,
                                                    w̵i̵n̵d̵o̵w̵s̵E̵q̵u̵a̵t̵i̵o̵n̵,̵duplicateEquation, iteratorEquation, Bind.bind,
  ̲  ̲ ̲ ̲ ̲ ̲ ̲ ̲ ̲ ̲ ̲ ̲ ̲ ̲ ̲ ̲ ̲ ̲ ̲ ̲ ̲ ̲ ̲ ̲ ̲ ̲ ̲ ̲ ̲ ̲ ̲ ̲ ̲ ̲ ̲ ̲ ̲ ̲ ̲ ̲ ̲ ̲ ̲ ̲ ̲ ̲ ̲ ̲ ̲ ̲Aeneas.Std.bind] at run

Note: This linter can be disabled with `set_option linter.unusedSimpArgs false`
/home/dombarker/project-offloads/aeneas-d860-v6/backends/lean/v7-merkle-k12-replay.zEWr90/V7MerkleK12CallerBridge.lean:1094:50: warning: This simp argument is unused:
  duplicateEquation

Hint: Omit it from the simp argument list.
  simp [sortEquation, lastIndexEquation, lastEquation,
  ̲  ̲ ̲ ̲ ̲ ̲ ̲ ̲ ̲ ̲ ̲ ̲ ̲ ̲ ̲ ̲ ̲ ̲ ̲ ̲ ̲ ̲ ̲ ̲ ̲ ̲ ̲ ̲ ̲ ̲ ̲ ̲ ̲ ̲ ̲ ̲ ̲ ̲ ̲ ̲ ̲ ̲ ̲ ̲ ̲ ̲ ̲ ̲ ̲ ̲limitEquation, sharedSliceEquation,
                                                    windowsEquation, d̵u̵p̵l̵i̵c̵a̵t̵e̵E̵q̵u̵a̵t̵i̵o̵n̵,̵iteratorEquation, Bind.bind,
  ̲  ̲ ̲ ̲ ̲ ̲ ̲ ̲ ̲ ̲ ̲ ̲ ̲ ̲ ̲ ̲ ̲ ̲ ̲ ̲ ̲ ̲ ̲ ̲ ̲ ̲ ̲ ̲ ̲ ̲ ̲ ̲ ̲ ̲ ̲ ̲ ̲ ̲ ̲ ̲ ̲ ̲ ̲ ̲ ̲ ̲ ̲ ̲ ̲ ̲Aeneas.Std.bind] at run

Note: This linter can be disabled with `set_option linter.unusedSimpArgs false`
/home/dombarker/project-offloads/aeneas-d860-v6/backends/lean/v7-merkle-k12-replay.zEWr90/V7MerkleK12CallerBridge.lean:1095:50: warning: This simp argument is unused:
  iteratorEquation

Hint: Omit it from the simp argument list.
  simp [sortEquation, lastIndexEquation, lastEquation,
  ̲  ̲ ̲ ̲ ̲ ̲ ̲ ̲ ̲ ̲ ̲ ̲ ̲ ̲ ̲ ̲ ̲ ̲ ̲ ̲ ̲ ̲ ̲ ̲ ̲ ̲ ̲ ̲ ̲ ̲ ̲ ̲ ̲ ̲ ̲ ̲ ̲ ̲ ̲ ̲ ̲ ̲ ̲ ̲ ̲ ̲ ̲ ̲ ̲ ̲limitEquation, sharedSliceEquation,
                                                    windowsEquation, duplicateEquation, i̵t̵e̵r̵a̵t̵o̵r̵E̵q̵u̵a̵t̵i̵o̵n̵,̵ ̵Bind.bind,
                                                    Aeneas.Std.bind] at run

Note: This linter can be disabled with `set_option linter.unusedSimpArgs false`
/home/dombarker/project-offloads/aeneas-d860-v6/backends/lean/v7-merkle-k12-replay.zEWr90/V7MerkleK12CallerBridge.lean:1095:68: warning: This simp argument is unused:
  Bind.bind

Hint: Omit it from the simp argument list.
  simp [sortEquation, lastIndexEquation, lastEquation,
  ̲  ̲ ̲ ̲ ̲ ̲ ̲ ̲ ̲ ̲ ̲ ̲ ̲ ̲ ̲ ̲ ̲ ̲ ̲ ̲ ̲ ̲ ̲ ̲ ̲ ̲ ̲ ̲ ̲ ̲ ̲ ̲ ̲ ̲ ̲ ̲ ̲ ̲ ̲ ̲ ̲ ̲ ̲ ̲ ̲ ̲ ̲ ̲ ̲ ̲limitEquation, sharedSliceEquation,
                                                    windowsEquation, duplicateEquation,
                                                    iteratorEquation, B̵i̵n̵d̵.̵b̵i̵n̵d̵,̵Aeneas.Std.bind] at run

Note: This linter can be disabled with `set_option linter.unusedSimpArgs false`
/home/dombarker/project-offloads/aeneas-d860-v6/backends/lean/v7-merkle-k12-replay.zEWr90/V7MerkleK12CallerBridge.lean:1096:50: warning: This simp argument is unused:
  Aeneas.Std.bind

Hint: Omit it from the simp argument list.
  simp [sortEquation, lastIndexEquation, lastEquation,
  ̲  ̲ ̲ ̲ ̲ ̲ ̲ ̲ ̲ ̲ ̲ ̲ ̲ ̲ ̲ ̲ ̲ ̲ ̲ ̲ ̲ ̲ ̲ ̲ ̲ ̲ ̲ ̲ ̲ ̲ ̲ ̲ ̲ ̲ ̲ ̲ ̲ ̲ ̲ ̲ ̲ ̲ ̲ ̲ ̲ ̲ ̲ ̲ ̲ ̲limitEquation, sharedSliceEquation,
                                                    windowsEquation, duplicateEquation,
                                                    iteratorEquation, B̵i̵n̵d̵.̵b̵i̵n̵d̵,̵
  ̵ ̵ ̵ ̵ ̵ ̵ ̵ ̵ ̵ ̵ ̵ ̵ ̵ ̵ ̵ ̵ ̵ ̵ ̵ ̵ ̵ ̵ ̵ ̵ ̵ ̵ ̵ ̵ ̵ ̵ ̵ ̵ ̵ ̵ ̵ ̵ ̵ ̵ ̵ ̵ ̵ ̵ ̵ ̵ ̵ ̵ ̵ ̵ ̵ ̵ ̵A̵e̵n̵e̵a̵s̵.̵S̵t̵d̵.̵b̵i̵n̵d̵]̵B̲i̲n̲d̲.̲b̲i̲n̲d̲]̲ at run

Note: This linter can be disabled with `set_option linter.unusedSimpArgs false`
/home/dombarker/project-offloads/aeneas-d860-v6/backends/lean/v7-merkle-k12-replay.zEWr90/V7MerkleK12CallerBridge.lean:1098:54: warning: This simp argument is unused:
  sortEquation

Hint: Omit it from the simp argument list.
  simp [̵s̵o̵r̵t̵E̵q̵u̵a̵t̵i̵o̵n̵,̵
  ̵ ̵ ̵ ̵ ̵ ̵ ̵ ̵ ̵ ̵ ̵ ̵ ̵ ̵ ̵ ̵ ̵ ̵ ̵ ̵ ̵ ̵ ̵ ̵ ̵ ̵ ̵ ̵ ̵ ̵ ̵ ̵ ̵ ̵ ̵ ̵ ̵ ̵ ̵ ̵ ̵ ̵ ̵ ̵ ̵ ̵ ̵ ̵ ̵ ̵ ̵l̵a̵s̵t̵I̵n̵d̵e̵x̵E̵q̵u̵a̵t̵i̵o̵n̵,̵[̲l̲a̲s̲t̲I̲n̲d̲e̲x̲E̲q̲u̲a̲t̲i̲o̲n̲,̲ lastEquation,
  ̲  ̲ ̲ ̲ ̲ ̲ ̲ ̲ ̲ ̲ ̲ ̲ ̲ ̲ ̲ ̲ ̲ ̲ ̲ ̲ ̲ ̲ ̲ ̲ ̲ ̲ ̲ ̲ ̲ ̲ ̲ ̲ ̲ ̲ ̲ ̲ ̲ ̲ ̲ ̲ ̲ ̲ ̲ ̲ ̲ ̲ ̲ ̲ ̲ ̲limitEquation, sharedSliceEquation,
                                                    windowsEquation, duplicateEquation,
                                                    iteratorEquation, Bind.bind,
                                                    Aeneas.Std.bind] at run

Note: This linter can be disabled with `set_option linter.unusedSimpArgs false`
/home/dombarker/project-offloads/aeneas-d860-v6/backends/lean/v7-merkle-k12-replay.zEWr90/V7MerkleK12CallerBridge.lean:1099:50: warning: This simp argument is unused:
  lastIndexEquation

Hint: Omit it from the simp argument list.
  simp [sortEquation, l̵a̵s̵t̵I̵n̵d̵e̵x̵E̵q̵u̵a̵t̵i̵o̵n̵,̵lastEquation, limitEquation,
  ̲  ̲ ̲ ̲ ̲ ̲ ̲ ̲ ̲ ̲ ̲ ̲ ̲ ̲ ̲ ̲ ̲ ̲ ̲ ̲ ̲ ̲ ̲ ̲ ̲ ̲ ̲ ̲ ̲ ̲ ̲ ̲ ̲ ̲ ̲ ̲ ̲ ̲ ̲ ̲ ̲ ̲ ̲ ̲ ̲ ̲ ̲ ̲ ̲ ̲sharedSliceEquation, windowsEquation,
                                                    duplicateEquation, iteratorEquation, Bind.bind,
  ̲  ̲ ̲ ̲ ̲ ̲ ̲ ̲ ̲ ̲ ̲ ̲ ̲ ̲ ̲ ̲ ̲ ̲ ̲ ̲ ̲ ̲ ̲ ̲ ̲ ̲ ̲ ̲ ̲ ̲ ̲ ̲ ̲ ̲ ̲ ̲ ̲ ̲ ̲ ̲ ̲ ̲ ̲ ̲ ̲ ̲ ̲ ̲ ̲ ̲Aeneas.Std.bind] at run

Note: This linter can be disabled with `set_option linter.unusedSimpArgs false`
/home/dombarker/project-offloads/aeneas-d860-v6/backends/lean/v7-merkle-k12-replay.zEWr90/V7MerkleK12CallerBridge.lean:1100:50: warning: This simp argument is unused:
  lastEquation

Hint: Omit it from the simp argument list.
  simp [sortEquation, lastIndexEquation,
                                                    l̵a̵s̵t̵E̵q̵u̵a̵t̵i̵o̵n̵,̵ ̵limitEquation, sharedSliceEquation,
                                                    windowsEquation, duplicateEquation,
                                                    iteratorEquation, Bind.bind,
                                                    Aeneas.Std.bind] at run

Note: This linter can be disabled with `set_option linter.unusedSimpArgs false`
/home/dombarker/project-offloads/aeneas-d860-v6/backends/lean/v7-merkle-k12-replay.zEWr90/V7MerkleK12CallerBridge.lean:1100:64: warning: This simp argument is unused:
  limitEquation

Hint: Omit it from the simp argument list.
  simp [sortEquation, lastIndexEquation, lastEquation,
  ̲  ̲ ̲ ̲ ̲ ̲ ̲ ̲ ̲ ̲ ̲ ̲ ̲ ̲ ̲ ̲ ̲ ̲ ̲ ̲ ̲ ̲ ̲ ̲ ̲ ̲ ̲ ̲ ̲ ̲ ̲ ̲ ̲ ̲ ̲ ̲ ̲ ̲ ̲ ̲ ̲ ̲ ̲ ̲ ̲ ̲ ̲ ̲ ̲ ̲l̵i̵m̵i̵t̵E̵q̵u̵a̵t̵i̵o̵n̵,̵sharedSliceEquation, windowsEquation,
                                                    duplicateEquation, iteratorEquation, Bind.bind,
  ̲  ̲ ̲ ̲ ̲ ̲ ̲ ̲ ̲ ̲ ̲ ̲ ̲ ̲ ̲ ̲ ̲ ̲ ̲ ̲ ̲ ̲ ̲ ̲ ̲ ̲ ̲ ̲ ̲ ̲ ̲ ̲ ̲ ̲ ̲ ̲ ̲ ̲ ̲ ̲ ̲ ̲ ̲ ̲ ̲ ̲ ̲ ̲ ̲ ̲Aeneas.Std.bind] at run

Note: This linter can be disabled with `set_option linter.unusedSimpArgs false`
/home/dombarker/project-offloads/aeneas-d860-v6/backends/lean/v7-merkle-k12-replay.zEWr90/V7MerkleK12CallerBridge.lean:1101:50: warning: This simp argument is unused:
  sharedSliceEquation

Hint: Omit it from the simp argument list.
  simp [sortEquation, lastIndexEquation, lastEquation,
  ̲  ̲ ̲ ̲ ̲ ̲ ̲ ̲ ̲ ̲ ̲ ̲ ̲ ̲ ̲ ̲ ̲ ̲ ̲ ̲ ̲ ̲ ̲ ̲ ̲ ̲ ̲ ̲ ̲ ̲ ̲ ̲ ̲ ̲ ̲ ̲ ̲ ̲ ̲ ̲ ̲ ̲ ̲ ̲ ̲ ̲ ̲ ̲ ̲ ̲limitEquation, s̵h̵a̵r̵e̵d̵S̵l̵i̵c̵e̵E̵q̵u̵a̵t̵i̵o̵n̵,̵windowsEquation, duplicateEquation,
                                                    iteratorEquation, Bind.bind,
  ̲  ̲ ̲ ̲ ̲ ̲ ̲ ̲ ̲ ̲ ̲ ̲ ̲ ̲ ̲ ̲ ̲ ̲ ̲ ̲ ̲ ̲ ̲ ̲ ̲ ̲ ̲ ̲ ̲ ̲ ̲ ̲ ̲ ̲ ̲ ̲ ̲ ̲ ̲ ̲ ̲ ̲ ̲ ̲ ̲ ̲ ̲ ̲ ̲ ̲Aeneas.Std.bind] at run

Note: This linter can be disabled with `set_option linter.unusedSimpArgs false`
/home/dombarker/project-offloads/aeneas-d860-v6/backends/lean/v7-merkle-k12-replay.zEWr90/V7MerkleK12CallerBridge.lean:1102:50: warning: This simp argument is unused:
  windowsEquation

Hint: Omit it from the simp argument list.
  simp [sortEquation, lastIndexEquation, lastEquation,
  ̲  ̲ ̲ ̲ ̲ ̲ ̲ ̲ ̲ ̲ ̲ ̲ ̲ ̲ ̲ ̲ ̲ ̲ ̲ ̲ ̲ ̲ ̲ ̲ ̲ ̲ ̲ ̲ ̲ ̲ ̲ ̲ ̲ ̲ ̲ ̲ ̲ ̲ ̲ ̲ ̲ ̲ ̲ ̲ ̲ ̲ ̲ ̲ ̲ ̲limitEquation, sharedSliceEquation,
                                                    w̵i̵n̵d̵o̵w̵s̵E̵q̵u̵a̵t̵i̵o̵n̵,̵duplicateEquation, iteratorEquation, Bind.bind,
  ̲  ̲ ̲ ̲ ̲ ̲ ̲ ̲ ̲ ̲ ̲ ̲ ̲ ̲ ̲ ̲ ̲ ̲ ̲ ̲ ̲ ̲ ̲ ̲ ̲ ̲ ̲ ̲ ̲ ̲ ̲ ̲ ̲ ̲ ̲ ̲ ̲ ̲ ̲ ̲ ̲ ̲ ̲ ̲ ̲ ̲ ̲ ̲ ̲ ̲Aeneas.Std.bind] at run

Note: This linter can be disabled with `set_option linter.unusedSimpArgs false`
/home/dombarker/project-offloads/aeneas-d860-v6/backends/lean/v7-merkle-k12-replay.zEWr90/V7MerkleK12CallerBridge.lean:1103:50: warning: This simp argument is unused:
  duplicateEquation

Hint: Omit it from the simp argument list.
  simp [sortEquation, lastIndexEquation, lastEquation,
  ̲  ̲ ̲ ̲ ̲ ̲ ̲ ̲ ̲ ̲ ̲ ̲ ̲ ̲ ̲ ̲ ̲ ̲ ̲ ̲ ̲ ̲ ̲ ̲ ̲ ̲ ̲ ̲ ̲ ̲ ̲ ̲ ̲ ̲ ̲ ̲ ̲ ̲ ̲ ̲ ̲ ̲ ̲ ̲ ̲ ̲ ̲ ̲ ̲ ̲limitEquation, sharedSliceEquation,
                                                    windowsEquation, d̵u̵p̵l̵i̵c̵a̵t̵e̵E̵q̵u̵a̵t̵i̵o̵n̵,̵iteratorEquation, Bind.bind,
  ̲  ̲ ̲ ̲ ̲ ̲ ̲ ̲ ̲ ̲ ̲ ̲ ̲ ̲ ̲ ̲ ̲ ̲ ̲ ̲ ̲ ̲ ̲ ̲ ̲ ̲ ̲ ̲ ̲ ̲ ̲ ̲ ̲ ̲ ̲ ̲ ̲ ̲ ̲ ̲ ̲ ̲ ̲ ̲ ̲ ̲ ̲ ̲ ̲ ̲Aeneas.Std.bind] at run

Note: This linter can be disabled with `set_option linter.unusedSimpArgs false`
/home/dombarker/project-offloads/aeneas-d860-v6/backends/lean/v7-merkle-k12-replay.zEWr90/V7MerkleK12CallerBridge.lean:1104:50: warning: This simp argument is unused:
  iteratorEquation

Hint: Omit it from the simp argument list.
  simp [sortEquation, lastIndexEquation, lastEquation,
  ̲  ̲ ̲ ̲ ̲ ̲ ̲ ̲ ̲ ̲ ̲ ̲ ̲ ̲ ̲ ̲ ̲ ̲ ̲ ̲ ̲ ̲ ̲ ̲ ̲ ̲ ̲ ̲ ̲ ̲ ̲ ̲ ̲ ̲ ̲ ̲ ̲ ̲ ̲ ̲ ̲ ̲ ̲ ̲ ̲ ̲ ̲ ̲ ̲ ̲limitEquation, sharedSliceEquation,
                                                    windowsEquation, duplicateEquation, i̵t̵e̵r̵a̵t̵o̵r̵E̵q̵u̵a̵t̵i̵o̵n̵,̵ ̵Bind.bind,
                                                    Aeneas.Std.bind] at run

Note: This linter can be disabled with `set_option linter.unusedSimpArgs false`
/home/dombarker/project-offloads/aeneas-d860-v6/backends/lean/v7-merkle-k12-replay.zEWr90/V7MerkleK12CallerBridge.lean:1104:68: warning: This simp argument is unused:
  Bind.bind

Hint: Omit it from the simp argument list.
  simp [sortEquation, lastIndexEquation, lastEquation,
  ̲  ̲ ̲ ̲ ̲ ̲ ̲ ̲ ̲ ̲ ̲ ̲ ̲ ̲ ̲ ̲ ̲ ̲ ̲ ̲ ̲ ̲ ̲ ̲ ̲ ̲ ̲ ̲ ̲ ̲ ̲ ̲ ̲ ̲ ̲ ̲ ̲ ̲ ̲ ̲ ̲ ̲ ̲ ̲ ̲ ̲ ̲ ̲ ̲ ̲limitEquation, sharedSliceEquation,
                                                    windowsEquation, duplicateEquation,
                                                    iteratorEquation, B̵i̵n̵d̵.̵b̵i̵n̵d̵,̵Aeneas.Std.bind] at run

Note: This linter can be disabled with `set_option linter.unusedSimpArgs false`
/home/dombarker/project-offloads/aeneas-d860-v6/backends/lean/v7-merkle-k12-replay.zEWr90/V7MerkleK12CallerBridge.lean:1105:50: warning: This simp argument is unused:
  Aeneas.Std.bind

Hint: Omit it from the simp argument list.
  simp [sortEquation, lastIndexEquation, lastEquation,
  ̲  ̲ ̲ ̲ ̲ ̲ ̲ ̲ ̲ ̲ ̲ ̲ ̲ ̲ ̲ ̲ ̲ ̲ ̲ ̲ ̲ ̲ ̲ ̲ ̲ ̲ ̲ ̲ ̲ ̲ ̲ ̲ ̲ ̲ ̲ ̲ ̲ ̲ ̲ ̲ ̲ ̲ ̲ ̲ ̲ ̲ ̲ ̲ ̲ ̲limitEquation, sharedSliceEquation,
                                                    windowsEquation, duplicateEquation,
                                                    iteratorEquation, B̵i̵n̵d̵.̵b̵i̵n̵d̵,̵
  ̵ ̵ ̵ ̵ ̵ ̵ ̵ ̵ ̵ ̵ ̵ ̵ ̵ ̵ ̵ ̵ ̵ ̵ ̵ ̵ ̵ ̵ ̵ ̵ ̵ ̵ ̵ ̵ ̵ ̵ ̵ ̵ ̵ ̵ ̵ ̵ ̵ ̵ ̵ ̵ ̵ ̵ ̵ ̵ ̵ ̵ ̵ ̵ ̵ ̵ ̵A̵e̵n̵e̵a̵s̵.̵S̵t̵d̵.̵b̵i̵n̵d̵]̵B̲i̲n̲d̲.̲b̲i̲n̲d̲]̲ at run

Note: This linter can be disabled with `set_option linter.unusedSimpArgs false`
/home/dombarker/project-offloads/aeneas-d860-v6/backends/lean/v7-merkle-k12-replay.zEWr90/V7MerkleK12CallerBridge.lean:1333:16: warning: This simp argument is unused:
  tailEquation

Hint: Omit it from the simp argument list.
  simp [t̵a̵i̵l̵E̵q̵u̵a̵t̵i̵o̵n̵,̵ ̵Bind.bind, Aeneas.Std.bind] at run

Note: This linter can be disabled with `set_option linter.unusedSimpArgs false`
/home/dombarker/project-offloads/aeneas-d860-v6/backends/lean/v7-merkle-k12-replay.zEWr90/V7MerkleK12CallerBridge.lean:1335:16: warning: This simp argument is unused:
  tailEquation

Hint: Omit it from the simp argument list.
  simp [t̵a̵i̵l̵E̵q̵u̵a̵t̵i̵o̵n̵,̵ ̵Bind.bind, Aeneas.Std.bind] at run

Note: This linter can be disabled with `set_option linter.unusedSimpArgs false`
/home/dombarker/project-offloads/aeneas-d860-v6/backends/lean/v7-merkle-k12-replay.zEWr90/V7MerkleK12CallerBridge.lean:1340:21: warning: This simp argument is unused:
  tailEquation

Hint: Omit it from the simp argument list.
  simp only [t̵a̵i̵l̵E̵q̵u̵a̵t̵i̵o̵n̵,̵ ̵Aeneas.Std.bind_tc_ok] at run

Note: This linter can be disabled with `set_option linter.unusedSimpArgs false`
/home/dombarker/project-offloads/aeneas-d860-v6/backends/lean/v7-merkle-k12-replay.zEWr90/V7MerkleK12CallerBridge.lean:1535:20: warning: This simp argument is unused:
  nextEquation

Hint: Omit it from the simp argument list.
  simp [̵n̵e̵x̵t̵E̵q̵u̵a̵t̵i̵o̵n̵,̵ ̵c̵l̵o̵s̵u̵r̵e̵E̵q̵u̵a̵t̵i̵o̵n̵,̵[̲c̲l̲o̲s̲u̲r̲e̲E̲q̲u̲a̲t̲i̲o̲n̲,̲ Bind.bind, Aeneas.Std.bind] at run

Note: This linter can be disabled with `set_option linter.unusedSimpArgs false`
/home/dombarker/project-offloads/aeneas-d860-v6/backends/lean/v7-merkle-k12-replay.zEWr90/V7MerkleK12CallerBridge.lean:1535:51: warning: This simp argument is unused:
  Bind.bind

Hint: Omit it from the simp argument list.
  simp [nextEquation, closureEquation, B̵i̵n̵d̵.̵b̵i̵n̵d̵,̵
  ̵ ̵ ̵ ̵ ̵ ̵ ̵ ̵ ̵ ̵ ̵ ̵ ̵ ̵ ̵ ̵ ̵Aeneas.Std.bind] at run

Note: This linter can be disabled with `set_option linter.unusedSimpArgs false`
/home/dombarker/project-offloads/aeneas-d860-v6/backends/lean/v7-merkle-k12-replay.zEWr90/V7MerkleK12CallerBridge.lean:1536:16: warning: This simp argument is unused:
  Aeneas.Std.bind

Hint: Omit it from the simp argument list.
  simp [nextEquation, closureEquation, Bind.bind,̵
  ̵ ̵ ̵ ̵ ̵ ̵ ̵ ̵ ̵ ̵ ̵ ̵ ̵ ̵ ̵ ̵ ̵A̵e̵n̵e̵a̵s̵.̵S̵t̵d̵.̵b̵i̵n̵d̵] at run

Note: This linter can be disabled with `set_option linter.unusedSimpArgs false`
/home/dombarker/project-offloads/aeneas-d860-v6/backends/lean/v7-merkle-k12-replay.zEWr90/V7MerkleK12CallerBridge.lean:1538:20: warning: This simp argument is unused:
  nextEquation

Hint: Omit it from the simp argument list.
  simp [̵n̵e̵x̵t̵E̵q̵u̵a̵t̵i̵o̵n̵,̵ ̵c̵l̵o̵s̵u̵r̵e̵E̵q̵u̵a̵t̵i̵o̵n̵,̵[̲c̲l̲o̲s̲u̲r̲e̲E̲q̲u̲a̲t̲i̲o̲n̲,̲ Bind.bind, Aeneas.Std.bind] at run

Note: This linter can be disabled with `set_option linter.unusedSimpArgs false`
/home/dombarker/project-offloads/aeneas-d860-v6/backends/lean/v7-merkle-k12-replay.zEWr90/V7MerkleK12CallerBridge.lean:1538:51: warning: This simp argument is unused:
  Bind.bind

Hint: Omit it from the simp argument list.
  simp [nextEquation, closureEquation, B̵i̵n̵d̵.̵b̵i̵n̵d̵,̵
  ̵ ̵ ̵ ̵ ̵ ̵ ̵ ̵ ̵ ̵ ̵ ̵ ̵ ̵ ̵ ̵ ̵Aeneas.Std.bind] at run

Note: This linter can be disabled with `set_option linter.unusedSimpArgs false`
/home/dombarker/project-offloads/aeneas-d860-v6/backends/lean/v7-merkle-k12-replay.zEWr90/V7MerkleK12CallerBridge.lean:1539:16: warning: This simp argument is unused:
  Aeneas.Std.bind

Hint: Omit it from the simp argument list.
  simp [nextEquation, closureEquation, Bind.bind,̵
  ̵ ̵ ̵ ̵ ̵ ̵ ̵ ̵ ̵ ̵ ̵ ̵ ̵ ̵ ̵ ̵ ̵A̵e̵n̵e̵a̵s̵.̵S̵t̵d̵.̵b̵i̵n̵d̵] at run

Note: This linter can be disabled with `set_option linter.unusedSimpArgs false`
/home/dombarker/project-offloads/aeneas-d860-v6/backends/lean/v7-merkle-k12-replay.zEWr90/V7MerkleK12CallerBridge.lean:1542:20: warning: This simp argument is unused:
  nextEquation

Hint: Omit it from the simp argument list.
  simp [̵n̵e̵x̵t̵E̵q̵u̵a̵t̵i̵o̵n̵,̵ ̵c̵l̵o̵s̵u̵r̵e̵E̵q̵u̵a̵t̵i̵o̵n̵,̵[̲c̲l̲o̲s̲u̲r̲e̲E̲q̲u̲a̲t̲i̲o̲n̲,̲ Bind.bind, Aeneas.Std.bind] at run

Note: This linter can be disabled with `set_option linter.unusedSimpArgs false`
/home/dombarker/project-offloads/aeneas-d860-v6/backends/lean/v7-merkle-k12-replay.zEWr90/V7MerkleK12CallerBridge.lean:1542:51: warning: This simp argument is unused:
  Bind.bind

Hint: Omit it from the simp argument list.
  simp [nextEquation, closureEquation, B̵i̵n̵d̵.̵b̵i̵n̵d̵,̵
  ̵ ̵ ̵ ̵ ̵ ̵ ̵ ̵ ̵ ̵ ̵ ̵ ̵ ̵ ̵ ̵ ̵Aeneas.Std.bind] at run

Note: This linter can be disabled with `set_option linter.unusedSimpArgs false`
/home/dombarker/project-offloads/aeneas-d860-v6/backends/lean/v7-merkle-k12-replay.zEWr90/V7MerkleK12CallerBridge.lean:1543:16: warning: This simp argument is unused:
  Aeneas.Std.bind

Hint: Omit it from the simp argument list.
  simp [nextEquation, closureEquation, Bind.bind,̵
  ̵ ̵ ̵ ̵ ̵ ̵ ̵ ̵ ̵ ̵ ̵ ̵ ̵ ̵ ̵ ̵ ̵A̵e̵n̵e̵a̵s̵.̵S̵t̵d̵.̵b̵i̵n̵d̵] at run

Note: This linter can be disabled with `set_option linter.unusedSimpArgs false`
/home/dombarker/project-offloads/aeneas-d860-v6/backends/lean/v7-merkle-k12-replay.zEWr90/V7MerkleK12CallerBridge.lean:1576:20: warning: This simp argument is unused:
  nextEquation

Hint: Omit it from the simp argument list.
  simp [̵n̵e̵x̵t̵E̵q̵u̵a̵t̵i̵o̵n̵,̵ ̵c̵l̵o̵s̵u̵r̵e̵E̵q̵u̵a̵t̵i̵o̵n̵,̵[̲c̲l̲o̲s̲u̲r̲e̲E̲q̲u̲a̲t̲i̲o̲n̲,̲ Bind.bind, Aeneas.Std.bind] at run

Note: This linter can be disabled with `set_option linter.unusedSimpArgs false`
/home/dombarker/project-offloads/aeneas-d860-v6/backends/lean/v7-merkle-k12-replay.zEWr90/V7MerkleK12CallerBridge.lean:1576:51: warning: This simp argument is unused:
  Bind.bind

Hint: Omit it from the simp argument list.
  simp [nextEquation, closureEquation, B̵i̵n̵d̵.̵b̵i̵n̵d̵,̵
  ̵ ̵ ̵ ̵ ̵ ̵ ̵ ̵ ̵ ̵ ̵ ̵ ̵ ̵ ̵ ̵ ̵Aeneas.Std.bind] at run

Note: This linter can be disabled with `set_option linter.unusedSimpArgs false`
/home/dombarker/project-offloads/aeneas-d860-v6/backends/lean/v7-merkle-k12-replay.zEWr90/V7MerkleK12CallerBridge.lean:1577:16: warning: This simp argument is unused:
  Aeneas.Std.bind

Hint: Omit it from the simp argument list.
  simp [nextEquation, closureEquation, Bind.bind,̵
  ̵ ̵ ̵ ̵ ̵ ̵ ̵ ̵ ̵ ̵ ̵ ̵ ̵ ̵ ̵ ̵ ̵A̵e̵n̵e̵a̵s̵.̵S̵t̵d̵.̵b̵i̵n̵d̵] at run

Note: This linter can be disabled with `set_option linter.unusedSimpArgs false`
/home/dombarker/project-offloads/aeneas-d860-v6/backends/lean/v7-merkle-k12-replay.zEWr90/V7MerkleK12CallerBridge.lean:1579:20: warning: This simp argument is unused:
  nextEquation

Hint: Omit it from the simp argument list.
  simp [̵n̵e̵x̵t̵E̵q̵u̵a̵t̵i̵o̵n̵,̵ ̵c̵l̵o̵s̵u̵r̵e̵E̵q̵u̵a̵t̵i̵o̵n̵,̵[̲c̲l̲o̲s̲u̲r̲e̲E̲q̲u̲a̲t̲i̲o̲n̲,̲ Bind.bind, Aeneas.Std.bind] at run

Note: This linter can be disabled with `set_option linter.unusedSimpArgs false`
/home/dombarker/project-offloads/aeneas-d860-v6/backends/lean/v7-merkle-k12-replay.zEWr90/V7MerkleK12CallerBridge.lean:1579:51: warning: This simp argument is unused:
  Bind.bind

Hint: Omit it from the simp argument list.
  simp [nextEquation, closureEquation, B̵i̵n̵d̵.̵b̵i̵n̵d̵,̵
  ̵ ̵ ̵ ̵ ̵ ̵ ̵ ̵ ̵ ̵ ̵ ̵ ̵ ̵ ̵ ̵ ̵Aeneas.Std.bind] at run

Note: This linter can be disabled with `set_option linter.unusedSimpArgs false`
/home/dombarker/project-offloads/aeneas-d860-v6/backends/lean/v7-merkle-k12-replay.zEWr90/V7MerkleK12CallerBridge.lean:1580:16: warning: This simp argument is unused:
  Aeneas.Std.bind

Hint: Omit it from the simp argument list.
  simp [nextEquation, closureEquation, Bind.bind,̵
  ̵ ̵ ̵ ̵ ̵ ̵ ̵ ̵ ̵ ̵ ̵ ̵ ̵ ̵ ̵ ̵ ̵A̵e̵n̵e̵a̵s̵.̵S̵t̵d̵.̵b̵i̵n̵d̵] at run

Note: This linter can be disabled with `set_option linter.unusedSimpArgs false`
/home/dombarker/project-offloads/aeneas-d860-v6/backends/lean/v7-merkle-k12-replay.zEWr90/V7MerkleK12CallerBridge.lean:1583:20: warning: This simp argument is unused:
  nextEquation

Hint: Omit it from the simp argument list.
  simp [̵n̵e̵x̵t̵E̵q̵u̵a̵t̵i̵o̵n̵,̵ ̵c̵l̵o̵s̵u̵r̵e̵E̵q̵u̵a̵t̵i̵o̵n̵,̵[̲c̲l̲o̲s̲u̲r̲e̲E̲q̲u̲a̲t̲i̲o̲n̲,̲ Bind.bind, Aeneas.Std.bind] at run

Note: This linter can be disabled with `set_option linter.unusedSimpArgs false`
/home/dombarker/project-offloads/aeneas-d860-v6/backends/lean/v7-merkle-k12-replay.zEWr90/V7MerkleK12CallerBridge.lean:1583:51: warning: This simp argument is unused:
  Bind.bind

Hint: Omit it from the simp argument list.
  simp [nextEquation, closureEquation, B̵i̵n̵d̵.̵b̵i̵n̵d̵,̵
  ̵ ̵ ̵ ̵ ̵ ̵ ̵ ̵ ̵ ̵ ̵ ̵ ̵ ̵ ̵ ̵ ̵Aeneas.Std.bind] at run

Note: This linter can be disabled with `set_option linter.unusedSimpArgs false`
/home/dombarker/project-offloads/aeneas-d860-v6/backends/lean/v7-merkle-k12-replay.zEWr90/V7MerkleK12CallerBridge.lean:1584:16: warning: This simp argument is unused:
  Aeneas.Std.bind

Hint: Omit it from the simp argument list.
  simp [nextEquation, closureEquation, Bind.bind,̵
  ̵ ̵ ̵ ̵ ̵ ̵ ̵ ̵ ̵ ̵ ̵ ̵ ̵ ̵ ̵ ̵ ̵A̵e̵n̵e̵a̵s̵.̵S̵t̵d̵.̵b̵i̵n̵d̵] at run

Note: This linter can be disabled with `set_option linter.unusedSimpArgs false`
/home/dombarker/project-offloads/aeneas-d860-v6/backends/lean/v7-merkle-k12-replay.zEWr90/V7MerkleK12CallerBridge.lean:1761:8: warning: This simp argument is unused:
  lift

Hint: Omit it from the simp argument list.
  simp [l̵i̵f̵t̵,̵ ̵Array.to_slice] at sharedExact

Note: This linter can be disabled with `set_option linter.unusedSimpArgs false`
/home/dombarker/project-offloads/aeneas-d860-v6/backends/lean/v7-merkle-k12-replay.zEWr90/V7MerkleK12CallerBridge.lean:1899:8: warning: This simp argument is unused:
  getElem?_pos flow.order.val 15 room

Hint: Omit it from the simp argument list.
  s̵i̵m̵p̵ ̵[̵g̵e̵t̵E̵l̵e̵m̵?̵_̵p̵o̵s̵ ̵f̵l̵o̵w̵.̵o̵r̵d̵e̵r̵.̵v̵a̵l̵ ̵1̵5̵ ̵r̵o̵o̵m̵]̵ ̵a̵t̵ ̵l̵a̵s̵t̵R̵u̵n̵s̲i̲m̲p̲ ̲a̲t̲ ̲l̲a̲s̲t̲R̲u̲n̲

Note: This linter can be disabled with `set_option linter.unusedSimpArgs false`
/home/dombarker/project-offloads/aeneas-d860-v6/backends/lean/v7-merkle-k12-replay.zEWr90/V7MerkleK12CallerBridge.lean:2013:48: warning: This simp argument is unused:
  caller_iter_array_length

Hint: Omit it from the simp argument list.
  simp [indexExact,̵ ̵c̵a̵l̵l̵e̵r̵_̵i̵t̵e̵r̵_̵a̵r̵r̵a̵y̵_̵l̵e̵n̵g̵t̵h̵]

Note: This linter can be disabled with `set_option linter.unusedSimpArgs false`
'AspisV7MerkleK12CallerBridge.caller_query_success_lengths' depends on axioms: [propext, Classical.choice, Quot.sound]
'AspisV7MerkleK12CallerBridge.pairedSourceSeedOfCallerLeafRuns' depends on axioms: [propext,
 Classical.choice,
 Quot.sound]
'AspisV7MerkleK12CallerBridge.caller_loop_success_yields_exact_control_flow_trace' depends on axioms: [propext,
 Classical.choice,
 Quot.sound]
'AspisV7MerkleK12CallerBridge.ExactAcceptedCallerTrace.terminalEvidence' depends on axioms: [propext,
 Classical.choice,
 Quot.sound]
'AspisV7MerkleK12CallerBridge.CallerTerminalEvidence.standaloneVerifierRun' depends on axioms: [propext,
 Classical.choice,
 Quot.sound]
'AspisV7MerkleK12CallerBridge.exactTraversalOfCallerTrace' depends on axioms: [propext, Classical.choice, Quot.sound]
'AspisV7MerkleK12CallerBridge.openingProofOfExactCallerTrace' depends on axioms: [propext, Classical.choice, Quot.sound]
'AspisV7MerkleK12CallerBridge.exact_translated_caller_trace_implies_accepted_two_tree_openings' depends on axioms: [propext,
 Classical.choice,
 Quot.sound]
'AspisV7MerkleK12CallerBridge.translated_caller_success_yields_exact_wrapper_control_flow' depends on axioms: [propext,
 Classical.choice,
 Quot.sound]
'AspisV7MerkleK12CallerBridge.ExactCallerWrapperControlFlow.order_positions_strict' depends on axioms: [propext,
 Classical.choice,
 Quot.sound]
'AspisV7MerkleK12CallerBridge.exact_caller_control_flow_trace_yields_accepted_trace' depends on axioms: [propext,
 Classical.choice,
 Quot.sound]
'AspisV7MerkleK12CallerBridge.translated_caller_success_implies_accepted_two_tree_openings' depends on axioms: [propext,
 Classical.choice,
 Quot.sound]
	Command being timed: "lake env lean -j1 -R /home/dombarker/project-offloads/aeneas-d860-v6/backends/lean/v7-merkle-k12-replay.zEWr90 -o /home/dombarker/project-offloads/aeneas-d860-v6/backends/lean/v7-merkle-k12-replay.zEWr90/V7MerkleK12CallerBridge.olean /home/dombarker/project-offloads/aeneas-d860-v6/backends/lean/v7-merkle-k12-replay.zEWr90/V7MerkleK12CallerBridge.lean"
	User time (seconds): 7.73
	System time (seconds): 1.34
	Percent of CPU this job got: 100%
	Elapsed (wall clock) time (h:mm:ss or m:ss): 0:09.03
	Average shared text size (kbytes): 0
	Average unshared data size (kbytes): 0
	Average stack size (kbytes): 0
	Average total size (kbytes): 0
	Maximum resident set size (kbytes): 7092336
	Average resident set size (kbytes): 0
	Major (requiring I/O) page faults: 0
	Minor (reclaiming a frame) page faults: 188745
	Voluntary context switches: 6807
	Involuntary context switches: 240
	Swaps: 0
	File system inputs: 0
	File system outputs: 7712
	Socket messages sent: 0
	Socket messages received: 0
	Signals delivered: 0
	Page size (bytes): 4096
	Exit status: 0
