Running as unit: aspis-v8-complete-tag-offset-1788920888-3760411.scope; invocation ID: e5c94e8753d940bb84963bc3b11690b2
   Compiling typenum v1.20.1
   Compiling serde_core v1.0.229
   Compiling serde v1.0.229
   Compiling cfg-if v1.0.4
   Compiling generic-array v0.14.7
   Compiling solana-define-syscall v2.3.0
   Compiling borsh v1.5.7
   Compiling five8_core v0.1.2
   Compiling zerocopy v0.8.56
   Compiling crypto-common v0.1.7
   Compiling block-buffer v0.10.4
   Compiling ahash v0.8.12
   Compiling digest v0.10.7
   Compiling five8 v0.2.1
   Compiling once_cell v1.21.4
   Compiling solana-sanitize v2.2.1
   Compiling solana-atomic-u64 v2.2.1
   Compiling bytemuck v1.25.2
   Compiling solana-hash v2.3.0
   Compiling num-traits v0.2.19
   Compiling sha2 v0.10.9
   Compiling solana-sha256-hasher v2.3.0
   Compiling solana-decode-error v2.3.0
   Compiling five8_const v0.1.4
   Compiling zmij v1.0.23
   Compiling serde_json v1.0.151
   Compiling itoa v1.0.18
   Compiling memchr v2.8.3
   Compiling hashbrown v0.13.2
   Compiling borsh v0.10.4
   Compiling solana-pubkey v2.4.0
   Compiling bincode v1.3.3
   Compiling solana-sdk-ids v2.2.1
   Compiling solana-sysvar-id v2.2.1
   Compiling solana-msg v2.2.1
   Compiling solana-program-memory v2.3.1
   Compiling solana-clock v2.2.3
   Compiling solana-instruction v2.3.3
   Compiling hybrid-array v0.4.14
   Compiling solana-program-error v2.2.2
   Compiling solana-account-info v2.3.0
   Compiling solana-system-interface v1.0.0
   Compiling cmov v0.5.4
   Compiling ctutils v0.4.2
   Compiling block-buffer v0.12.1
   Compiling crypto-common v0.2.2
   Compiling blake3 v1.8.7
   Compiling bv v0.11.1
   Compiling solana-stable-layout v2.2.1
   Compiling solana-serialize-utils v2.2.1
   Compiling solana-rent v2.2.1
   Compiling serde_bytes v0.11.19
   Compiling arrayvec v0.7.8
   Compiling log v0.4.34
   Compiling digest v0.11.3
   Compiling constant_time_eq v0.4.2
   Compiling solana-fee-calculator v2.2.1
   Compiling thiserror v2.0.20
   Compiling solana-cpi v2.2.1
   Compiling solana-slot-hashes v2.2.1
   Compiling solana-short-vec v2.2.1
   Compiling lazy_static v1.5.0
   Compiling keccak v0.1.6
   Compiling solana-slot-history v2.2.1
   Compiling sha3 v0.10.9
   Compiling aspis-core v0.1.0 (/home/dombarker/project-offloads/aspis-v8-performance-20260908.scS2Jz/crates/aspis-core)
   Compiling memoffset v0.9.1
   Compiling solana-stake-interface v1.2.1
   Compiling solana-instructions-sysvar v2.2.2
   Compiling solana-program-entrypoint v2.3.0
   Compiling solana-account v2.2.1
   Compiling solana-transaction-error v2.2.1
   Compiling solana-bincode v2.2.1
   Compiling solana-epoch-schedule v2.2.1
   Compiling solana-epoch-rewards v2.2.1
   Compiling solana-last-restart-slot v2.2.1
   Compiling solana-serde-varint v2.2.2
   Compiling solana-vote-interface v2.2.6
   Compiling solana-sysvar v2.3.0
   Compiling solana-message v2.4.0
   Compiling solana-feature-gate-interface v2.2.2
   Compiling solana-secp256k1-recover v2.2.1
warning: unused imports: `begin_payment_zerocheck` and `verify_payment_sumcheck_messages`
  --> src/circle_prefix.rs:17:5
   |
17 |     begin_payment_zerocheck, decode_wire, verify_payment_sumcheck_messages,
   |     ^^^^^^^^^^^^^^^^^^^^^^^               ^^^^^^^^^^^^^^^^^^^^^^^^^^^^^^^^
   |
   = note: `#[warn(unused_imports)]` on by default

   Compiling solana-keccak-hasher v2.2.1
   Compiling solana-address-lookup-table-interface v2.2.2
warning: unreachable statement
   --> src/field.rs:268:9
    |
262 | /             return CM31 {
263 | |                 a: M31::reduce_u64(a.wrapping_mul(c)
264 | |                     .wrapping_add(4611686014132420609).wrapping_sub(b.wrapping_mul(d))),
265 | |                 b: M31::reduce_u64(a.wrapping_mul(d).wrapping_add(b.wrapping_mul(c))),
266 | |             };
    | |_____________- any code following this expression is unreachable
267 |           }
268 |           let m0 = self.a.mul(rhs.a);
    |           ^^^^^^^^^^^^^^^^^^^^^^^^^^^ unreachable statement
    |
    = note: `#[warn(unreachable_code)]` on by default

warning: unreachable statement
   --> src/field.rs:428:9
    |
427 |           { return qm31_hybrid_mul(QM31{c0:CM31::new(self.components[0][0],self.components[0][1]),c1:CM31::new(self.components[1][0],self.components[1][1])},rhs); }
    |             ----------------------------------------------------------------------------------------------------------------------------------------------------- any code following this expression is unreachable
428 | /         let multiply = |left: [M31; 3], right: CM31| {
429 | |             // The cached third component equals left[0]+left[1]. For the
430 | |             // two-reduction layout only the original two limbs are needed.
431 | |             #[cfg(v8_prepared_schoolbook)]
...   |
440 | |         };
    | |__________^ unreachable statement

warning: unreachable statement
   --> src/field.rs:433:13
    |
432 |             { return CM31::new(left[0],left[1]).mul(right); }
    |               -------------------------------------------- any code following this expression is unreachable
433 |             let m0 = left[0].mul(right.a);
    |             ^^^^^^^^^^^^^^^^^^^^^^^^^^^^^^ unreachable statement

warning: unreachable statement
   --> src/field.rs:998:9
    |
997 |         { return qm31_hybrid_mul(self,rhs); }
    |           -------------------------------- any code following this expression is unreachable
998 |         let m0 = self.c0.mul(rhs.c0);
    |         ^^^^^^^^^^^^^^^^^^^^^^^^^^^^^ unreachable statement

   Compiling solana-blake3-hasher v2.2.1
   Compiling solana-nonce v2.2.1
   Compiling solana-loader-v2-interface v2.2.1
   Compiling solana-loader-v3-interface v5.0.0
   Compiling solana-loader-v4-interface v2.2.1
   Compiling solana-program-pack v2.2.1
   Compiling solana-borsh v2.2.1
   Compiling solana-big-mod-exp v2.2.1
   Compiling getrandom v0.2.17
   Compiling solana-native-token v2.3.0
   Compiling solana-program-option v2.2.1
   Compiling bs58 v0.5.1
   Compiling solana-program v2.3.0
   Compiling aspis-statement v0.1.0 (/home/dombarker/project-offloads/aspis-v8-performance-20260908.scS2Jz/crates/aspis-statement)
warning: unused imports: `copy_logup_residual` and `range_logup_residual`
  --> src/constraints_v4.rs:21:56
   |
21 |     build_copy_logup_helper, build_range_logup_helper, copy_logup_residual, range_logup_residual,
   |                                                        ^^^^^^^^^^^^^^^^^^^  ^^^^^^^^^^^^^^^^^^^^
   |
   = note: `#[warn(unused_imports)]` on by default

warning: unused import: `evaluate_trace_round`
  --> src/constraints_v4.rs:26:5
   |
26 |     evaluate_trace_round, trace_round_constant, DIGEST_ELEMS, POSEIDON2_WIDTH, RATE,
   |     ^^^^^^^^^^^^^^^^^^^^

warning: unused imports: `is_poseidon_active_row`, `is_poseidon_padding_row`, `merkle_boundary_layout`, `visit_copy_exceptional_terminal_links`, and `visit_copy_terminal_links`
  --> src/constraints_v4.rs:30:47
   |
30 |     copy_terminal_pattern, has_carry_payload, is_poseidon_active_row, is_poseidon_padding_row,
   |                                               ^^^^^^^^^^^^^^^^^^^^^^  ^^^^^^^^^^^^^^^^^^^^^^^
31 |     merkle_boundary_layout, permutation_block_schedule, source_relation_layout,
   |     ^^^^^^^^^^^^^^^^^^^^^^
32 |     visit_copy_exceptional_terminal_links, visit_copy_links, visit_copy_terminal_links,
   |     ^^^^^^^^^^^^^^^^^^^^^^^^^^^^^^^^^^^^^                    ^^^^^^^^^^^^^^^^^^^^^^^^^

warning: unnecessary parentheses around assigned value
   --> ../../docs/research/v8-no-work-100-20260907/experiments/copy_scatter_plan_generated.rs:115:17
    |
115 |     scratch[30]=(if flags[0] { h[4].add(h[63]) } else { QM31::ZERO });
    |                 ^                                                   ^
    |
    = note: `#[warn(unused_parens)]` on by default
help: remove these parentheses
    |
115 -     scratch[30]=(if flags[0] { h[4].add(h[63]) } else { QM31::ZERO });
115 +     scratch[30]=if flags[0] { h[4].add(h[63]) } else { QM31::ZERO };
    |

warning: unnecessary parentheses around assigned value
   --> ../../docs/research/v8-no-work-100-20260907/experiments/copy_scatter_plan_generated.rs:116:17
    |
116 |     scratch[31]=(if flags[0] { h[57] } else { QM31::ZERO });
    |                 ^                                         ^
    |
help: remove these parentheses
    |
116 -     scratch[31]=(if flags[0] { h[57] } else { QM31::ZERO });
116 +     scratch[31]=if flags[0] { h[57] } else { QM31::ZERO };
    |

warning: unnecessary parentheses around assigned value
   --> ../../docs/research/v8-no-work-100-20260907/experiments/copy_scatter_plan_generated.rs:117:17
    |
117 |     scratch[32]=(if flags[0] { n[41] } else { QM31::ZERO });
    |                 ^                                         ^
    |
help: remove these parentheses
    |
117 -     scratch[32]=(if flags[0] { n[41] } else { QM31::ZERO });
117 +     scratch[32]=if flags[0] { n[41] } else { QM31::ZERO };
    |

warning: unnecessary parentheses around assigned value
   --> ../../docs/research/v8-no-work-100-20260907/experiments/copy_scatter_plan_generated.rs:118:17
    |
118 |     scratch[33]=(if flags[0] { h[63] } else { QM31::ZERO });
    |                 ^                                         ^
    |
help: remove these parentheses
    |
118 -     scratch[33]=(if flags[0] { h[63] } else { QM31::ZERO });
118 +     scratch[33]=if flags[0] { h[63] } else { QM31::ZERO };
    |

warning: unnecessary parentheses around assigned value
   --> ../../docs/research/v8-no-work-100-20260907/experiments/copy_scatter_plan_generated.rs:119:17
    |
119 |     scratch[34]=(if flags[0] { n[41] } else { QM31::ZERO });
    |                 ^                                         ^
    |
help: remove these parentheses
    |
119 -     scratch[34]=(if flags[0] { n[41] } else { QM31::ZERO });
119 +     scratch[34]=if flags[0] { n[41] } else { QM31::ZERO };
    |

warning: unnecessary parentheses around assigned value
   --> ../../docs/research/v8-no-work-100-20260907/experiments/copy_scatter_plan_generated.rs:120:17
    |
120 |     scratch[35]=(if flags[0] { n[41] } else { QM31::ZERO });
    |                 ^                                         ^
    |
help: remove these parentheses
    |
120 -     scratch[35]=(if flags[0] { n[41] } else { QM31::ZERO });
120 +     scratch[35]=if flags[0] { n[41] } else { QM31::ZERO };
    |

warning: unnecessary parentheses around method argument
   --> ../../docs/research/v8-no-work-100-20260907/experiments/copy_scatter_plan_generated.rs:121:1101
    |
121 | ...lags[21] { h[51] } else { QM31::ZERO })).add((if flags[22] { h[52] } else { QM31::ZERO }));
    |                                                 ^                                          ^
    |
help: remove these parentheses
    |
121 -     scratch[36]=(if flags[0] { n[29].add(n[52].add(n[54])) } else { QM31::ZERO }).add((if flags[1] { h[27].add(h[32].add(n[51])) } else { QM31::ZERO })).add((if flags[3] { h[33] } else { QM31::ZERO })).add((if flags[4] { h[34] } else { QM31::ZERO })).add((if flags[5] { h[35] } else { QM31::ZERO })).add((if flags[6] { h[36] } else { QM31::ZERO })).add((if flags[7] { h[37] } else { QM31::ZERO })).add((if flags[8] { h[38] } else { QM31::ZERO })).add((if flags[9] { h[39] } else { QM31::ZERO })).add((if flags[10] { h[40] } else { QM31::ZERO })).add((if flags[11] { h[41] } else { QM31::ZERO })).add((if flags[12] { h[42] } else { QM31::ZERO })).add((if flags[13] { h[43] } else { QM31::ZERO })).add((if flags[14] { h[44] } else { QM31::ZERO })).add((if flags[15] { h[45] } else { QM31::ZERO })).add((if flags[16] { h[46] } else { QM31::ZERO })).add((if flags[17] { h[47] } else { QM31::ZERO })).add((if flags[18] { h[48] } else { QM31::ZERO })).add((if flags[19] { h[49] } else { QM31::ZERO })).add((if flags[20] { h[50] } else { QM31::ZERO })).add((if flags[21] { h[51] } else { QM31::ZERO })).add((if flags[22] { h[52] } else { QM31::ZERO }));
121 +     scratch[36]=(if flags[0] { n[29].add(n[52].add(n[54])) } else { QM31::ZERO }).add((if flags[1] { h[27].add(h[32].add(n[51])) } else { QM31::ZERO })).add((if flags[3] { h[33] } else { QM31::ZERO })).add((if flags[4] { h[34] } else { QM31::ZERO })).add((if flags[5] { h[35] } else { QM31::ZERO })).add((if flags[6] { h[36] } else { QM31::ZERO })).add((if flags[7] { h[37] } else { QM31::ZERO })).add((if flags[8] { h[38] } else { QM31::ZERO })).add((if flags[9] { h[39] } else { QM31::ZERO })).add((if flags[10] { h[40] } else { QM31::ZERO })).add((if flags[11] { h[41] } else { QM31::ZERO })).add((if flags[12] { h[42] } else { QM31::ZERO })).add((if flags[13] { h[43] } else { QM31::ZERO })).add((if flags[14] { h[44] } else { QM31::ZERO })).add((if flags[15] { h[45] } else { QM31::ZERO })).add((if flags[16] { h[46] } else { QM31::ZERO })).add((if flags[17] { h[47] } else { QM31::ZERO })).add((if flags[18] { h[48] } else { QM31::ZERO })).add((if flags[19] { h[49] } else { QM31::ZERO })).add((if flags[20] { h[50] } else { QM31::ZERO })).add((if flags[21] { h[51] } else { QM31::ZERO })).add(if flags[22] { h[52] } else { QM31::ZERO });
    |

warning: unnecessary parentheses around method argument
   --> ../../docs/research/v8-no-work-100-20260907/experiments/copy_scatter_plan_generated.rs:121:1051
    |
121 | ...lags[20] { h[50] } else { QM31::ZERO })).add((if flags[21] { h[51] } else { QM31::ZERO })).add((if flags[22] { h[52] } else { QM31::ZE...
    |                                                 ^                                          ^
    |
help: remove these parentheses
    |
121 -     scratch[36]=(if flags[0] { n[29].add(n[52].add(n[54])) } else { QM31::ZERO }).add((if flags[1] { h[27].add(h[32].add(n[51])) } else { QM31::ZERO })).add((if flags[3] { h[33] } else { QM31::ZERO })).add((if flags[4] { h[34] } else { QM31::ZERO })).add((if flags[5] { h[35] } else { QM31::ZERO })).add((if flags[6] { h[36] } else { QM31::ZERO })).add((if flags[7] { h[37] } else { QM31::ZERO })).add((if flags[8] { h[38] } else { QM31::ZERO })).add((if flags[9] { h[39] } else { QM31::ZERO })).add((if flags[10] { h[40] } else { QM31::ZERO })).add((if flags[11] { h[41] } else { QM31::ZERO })).add((if flags[12] { h[42] } else { QM31::ZERO })).add((if flags[13] { h[43] } else { QM31::ZERO })).add((if flags[14] { h[44] } else { QM31::ZERO })).add((if flags[15] { h[45] } else { QM31::ZERO })).add((if flags[16] { h[46] } else { QM31::ZERO })).add((if flags[17] { h[47] } else { QM31::ZERO })).add((if flags[18] { h[48] } else { QM31::ZERO })).add((if flags[19] { h[49] } else { QM31::ZERO })).add((if flags[20] { h[50] } else { QM31::ZERO })).add((if flags[21] { h[51] } else { QM31::ZERO })).add((if flags[22] { h[52] } else { QM31::ZERO }));
121 +     scratch[36]=(if flags[0] { n[29].add(n[52].add(n[54])) } else { QM31::ZERO }).add((if flags[1] { h[27].add(h[32].add(n[51])) } else { QM31::ZERO })).add((if flags[3] { h[33] } else { QM31::ZERO })).add((if flags[4] { h[34] } else { QM31::ZERO })).add((if flags[5] { h[35] } else { QM31::ZERO })).add((if flags[6] { h[36] } else { QM31::ZERO })).add((if flags[7] { h[37] } else { QM31::ZERO })).add((if flags[8] { h[38] } else { QM31::ZERO })).add((if flags[9] { h[39] } else { QM31::ZERO })).add((if flags[10] { h[40] } else { QM31::ZERO })).add((if flags[11] { h[41] } else { QM31::ZERO })).add((if flags[12] { h[42] } else { QM31::ZERO })).add((if flags[13] { h[43] } else { QM31::ZERO })).add((if flags[14] { h[44] } else { QM31::ZERO })).add((if flags[15] { h[45] } else { QM31::ZERO })).add((if flags[16] { h[46] } else { QM31::ZERO })).add((if flags[17] { h[47] } else { QM31::ZERO })).add((if flags[18] { h[48] } else { QM31::ZERO })).add((if flags[19] { h[49] } else { QM31::ZERO })).add((if flags[20] { h[50] } else { QM31::ZERO })).add(if flags[21] { h[51] } else { QM31::ZERO }).add((if flags[22] { h[52] } else { QM31::ZERO }));
    |

warning: unnecessary parentheses around method argument
   --> ../../docs/research/v8-no-work-100-20260907/experiments/copy_scatter_plan_generated.rs:121:1001
    |
121 | ...lags[19] { h[49] } else { QM31::ZERO })).add((if flags[20] { h[50] } else { QM31::ZERO })).add((if flags[21] { h[51] } else { QM31::ZE...
    |                                                 ^                                          ^
    |
help: remove these parentheses
    |
121 -     scratch[36]=(if flags[0] { n[29].add(n[52].add(n[54])) } else { QM31::ZERO }).add((if flags[1] { h[27].add(h[32].add(n[51])) } else { QM31::ZERO })).add((if flags[3] { h[33] } else { QM31::ZERO })).add((if flags[4] { h[34] } else { QM31::ZERO })).add((if flags[5] { h[35] } else { QM31::ZERO })).add((if flags[6] { h[36] } else { QM31::ZERO })).add((if flags[7] { h[37] } else { QM31::ZERO })).add((if flags[8] { h[38] } else { QM31::ZERO })).add((if flags[9] { h[39] } else { QM31::ZERO })).add((if flags[10] { h[40] } else { QM31::ZERO })).add((if flags[11] { h[41] } else { QM31::ZERO })).add((if flags[12] { h[42] } else { QM31::ZERO })).add((if flags[13] { h[43] } else { QM31::ZERO })).add((if flags[14] { h[44] } else { QM31::ZERO })).add((if flags[15] { h[45] } else { QM31::ZERO })).add((if flags[16] { h[46] } else { QM31::ZERO })).add((if flags[17] { h[47] } else { QM31::ZERO })).add((if flags[18] { h[48] } else { QM31::ZERO })).add((if flags[19] { h[49] } else { QM31::ZERO })).add((if flags[20] { h[50] } else { QM31::ZERO })).add((if flags[21] { h[51] } else { QM31::ZERO })).add((if flags[22] { h[52] } else { QM31::ZERO }));
121 +     scratch[36]=(if flags[0] { n[29].add(n[52].add(n[54])) } else { QM31::ZERO }).add((if flags[1] { h[27].add(h[32].add(n[51])) } else { QM31::ZERO })).add((if flags[3] { h[33] } else { QM31::ZERO })).add((if flags[4] { h[34] } else { QM31::ZERO })).add((if flags[5] { h[35] } else { QM31::ZERO })).add((if flags[6] { h[36] } else { QM31::ZERO })).add((if flags[7] { h[37] } else { QM31::ZERO })).add((if flags[8] { h[38] } else { QM31::ZERO })).add((if flags[9] { h[39] } else { QM31::ZERO })).add((if flags[10] { h[40] } else { QM31::ZERO })).add((if flags[11] { h[41] } else { QM31::ZERO })).add((if flags[12] { h[42] } else { QM31::ZERO })).add((if flags[13] { h[43] } else { QM31::ZERO })).add((if flags[14] { h[44] } else { QM31::ZERO })).add((if flags[15] { h[45] } else { QM31::ZERO })).add((if flags[16] { h[46] } else { QM31::ZERO })).add((if flags[17] { h[47] } else { QM31::ZERO })).add((if flags[18] { h[48] } else { QM31::ZERO })).add((if flags[19] { h[49] } else { QM31::ZERO })).add(if flags[20] { h[50] } else { QM31::ZERO }).add((if flags[21] { h[51] } else { QM31::ZERO })).add((if flags[22] { h[52] } else { QM31::ZERO }));
    |

warning: unnecessary parentheses around method argument
   --> ../../docs/research/v8-no-work-100-20260907/experiments/copy_scatter_plan_generated.rs:121:951
    |
121 | ...lags[18] { h[48] } else { QM31::ZERO })).add((if flags[19] { h[49] } else { QM31::ZERO })).add((if flags[20] { h[50] } else { QM31::ZE...
    |                                                 ^                                          ^
    |
help: remove these parentheses
    |
121 -     scratch[36]=(if flags[0] { n[29].add(n[52].add(n[54])) } else { QM31::ZERO }).add((if flags[1] { h[27].add(h[32].add(n[51])) } else { QM31::ZERO })).add((if flags[3] { h[33] } else { QM31::ZERO })).add((if flags[4] { h[34] } else { QM31::ZERO })).add((if flags[5] { h[35] } else { QM31::ZERO })).add((if flags[6] { h[36] } else { QM31::ZERO })).add((if flags[7] { h[37] } else { QM31::ZERO })).add((if flags[8] { h[38] } else { QM31::ZERO })).add((if flags[9] { h[39] } else { QM31::ZERO })).add((if flags[10] { h[40] } else { QM31::ZERO })).add((if flags[11] { h[41] } else { QM31::ZERO })).add((if flags[12] { h[42] } else { QM31::ZERO })).add((if flags[13] { h[43] } else { QM31::ZERO })).add((if flags[14] { h[44] } else { QM31::ZERO })).add((if flags[15] { h[45] } else { QM31::ZERO })).add((if flags[16] { h[46] } else { QM31::ZERO })).add((if flags[17] { h[47] } else { QM31::ZERO })).add((if flags[18] { h[48] } else { QM31::ZERO })).add((if flags[19] { h[49] } else { QM31::ZERO })).add((if flags[20] { h[50] } else { QM31::ZERO })).add((if flags[21] { h[51] } else { QM31::ZERO })).add((if flags[22] { h[52] } else { QM31::ZERO }));
121 +     scratch[36]=(if flags[0] { n[29].add(n[52].add(n[54])) } else { QM31::ZERO }).add((if flags[1] { h[27].add(h[32].add(n[51])) } else { QM31::ZERO })).add((if flags[3] { h[33] } else { QM31::ZERO })).add((if flags[4] { h[34] } else { QM31::ZERO })).add((if flags[5] { h[35] } else { QM31::ZERO })).add((if flags[6] { h[36] } else { QM31::ZERO })).add((if flags[7] { h[37] } else { QM31::ZERO })).add((if flags[8] { h[38] } else { QM31::ZERO })).add((if flags[9] { h[39] } else { QM31::ZERO })).add((if flags[10] { h[40] } else { QM31::ZERO })).add((if flags[11] { h[41] } else { QM31::ZERO })).add((if flags[12] { h[42] } else { QM31::ZERO })).add((if flags[13] { h[43] } else { QM31::ZERO })).add((if flags[14] { h[44] } else { QM31::ZERO })).add((if flags[15] { h[45] } else { QM31::ZERO })).add((if flags[16] { h[46] } else { QM31::ZERO })).add((if flags[17] { h[47] } else { QM31::ZERO })).add((if flags[18] { h[48] } else { QM31::ZERO })).add(if flags[19] { h[49] } else { QM31::ZERO }).add((if flags[20] { h[50] } else { QM31::ZERO })).add((if flags[21] { h[51] } else { QM31::ZERO })).add((if flags[22] { h[52] } else { QM31::ZERO }));
    |

warning: unnecessary parentheses around method argument
   --> ../../docs/research/v8-no-work-100-20260907/experiments/copy_scatter_plan_generated.rs:121:901
    |
121 | ...lags[17] { h[47] } else { QM31::ZERO })).add((if flags[18] { h[48] } else { QM31::ZERO })).add((if flags[19] { h[49] } else { QM31::ZE...
    |                                                 ^                                          ^
    |
help: remove these parentheses
    |
121 -     scratch[36]=(if flags[0] { n[29].add(n[52].add(n[54])) } else { QM31::ZERO }).add((if flags[1] { h[27].add(h[32].add(n[51])) } else { QM31::ZERO })).add((if flags[3] { h[33] } else { QM31::ZERO })).add((if flags[4] { h[34] } else { QM31::ZERO })).add((if flags[5] { h[35] } else { QM31::ZERO })).add((if flags[6] { h[36] } else { QM31::ZERO })).add((if flags[7] { h[37] } else { QM31::ZERO })).add((if flags[8] { h[38] } else { QM31::ZERO })).add((if flags[9] { h[39] } else { QM31::ZERO })).add((if flags[10] { h[40] } else { QM31::ZERO })).add((if flags[11] { h[41] } else { QM31::ZERO })).add((if flags[12] { h[42] } else { QM31::ZERO })).add((if flags[13] { h[43] } else { QM31::ZERO })).add((if flags[14] { h[44] } else { QM31::ZERO })).add((if flags[15] { h[45] } else { QM31::ZERO })).add((if flags[16] { h[46] } else { QM31::ZERO })).add((if flags[17] { h[47] } else { QM31::ZERO })).add((if flags[18] { h[48] } else { QM31::ZERO })).add((if flags[19] { h[49] } else { QM31::ZERO })).add((if flags[20] { h[50] } else { QM31::ZERO })).add((if flags[21] { h[51] } else { QM31::ZERO })).add((if flags[22] { h[52] } else { QM31::ZERO }));
121 +     scratch[36]=(if flags[0] { n[29].add(n[52].add(n[54])) } else { QM31::ZERO }).add((if flags[1] { h[27].add(h[32].add(n[51])) } else { QM31::ZERO })).add((if flags[3] { h[33] } else { QM31::ZERO })).add((if flags[4] { h[34] } else { QM31::ZERO })).add((if flags[5] { h[35] } else { QM31::ZERO })).add((if flags[6] { h[36] } else { QM31::ZERO })).add((if flags[7] { h[37] } else { QM31::ZERO })).add((if flags[8] { h[38] } else { QM31::ZERO })).add((if flags[9] { h[39] } else { QM31::ZERO })).add((if flags[10] { h[40] } else { QM31::ZERO })).add((if flags[11] { h[41] } else { QM31::ZERO })).add((if flags[12] { h[42] } else { QM31::ZERO })).add((if flags[13] { h[43] } else { QM31::ZERO })).add((if flags[14] { h[44] } else { QM31::ZERO })).add((if flags[15] { h[45] } else { QM31::ZERO })).add((if flags[16] { h[46] } else { QM31::ZERO })).add((if flags[17] { h[47] } else { QM31::ZERO })).add(if flags[18] { h[48] } else { QM31::ZERO }).add((if flags[19] { h[49] } else { QM31::ZERO })).add((if flags[20] { h[50] } else { QM31::ZERO })).add((if flags[21] { h[51] } else { QM31::ZERO })).add((if flags[22] { h[52] } else { QM31::ZERO }));
    |

warning: unnecessary parentheses around method argument
   --> ../../docs/research/v8-no-work-100-20260907/experiments/copy_scatter_plan_generated.rs:121:851
    |
121 | ...lags[16] { h[46] } else { QM31::ZERO })).add((if flags[17] { h[47] } else { QM31::ZERO })).add((if flags[18] { h[48] } else { QM31::ZE...
    |                                                 ^                                          ^
    |
help: remove these parentheses
    |
121 -     scratch[36]=(if flags[0] { n[29].add(n[52].add(n[54])) } else { QM31::ZERO }).add((if flags[1] { h[27].add(h[32].add(n[51])) } else { QM31::ZERO })).add((if flags[3] { h[33] } else { QM31::ZERO })).add((if flags[4] { h[34] } else { QM31::ZERO })).add((if flags[5] { h[35] } else { QM31::ZERO })).add((if flags[6] { h[36] } else { QM31::ZERO })).add((if flags[7] { h[37] } else { QM31::ZERO })).add((if flags[8] { h[38] } else { QM31::ZERO })).add((if flags[9] { h[39] } else { QM31::ZERO })).add((if flags[10] { h[40] } else { QM31::ZERO })).add((if flags[11] { h[41] } else { QM31::ZERO })).add((if flags[12] { h[42] } else { QM31::ZERO })).add((if flags[13] { h[43] } else { QM31::ZERO })).add((if flags[14] { h[44] } else { QM31::ZERO })).add((if flags[15] { h[45] } else { QM31::ZERO })).add((if flags[16] { h[46] } else { QM31::ZERO })).add((if flags[17] { h[47] } else { QM31::ZERO })).add((if flags[18] { h[48] } else { QM31::ZERO })).add((if flags[19] { h[49] } else { QM31::ZERO })).add((if flags[20] { h[50] } else { QM31::ZERO })).add((if flags[21] { h[51] } else { QM31::ZERO })).add((if flags[22] { h[52] } else { QM31::ZERO }));
121 +     scratch[36]=(if flags[0] { n[29].add(n[52].add(n[54])) } else { QM31::ZERO }).add((if flags[1] { h[27].add(h[32].add(n[51])) } else { QM31::ZERO })).add((if flags[3] { h[33] } else { QM31::ZERO })).add((if flags[4] { h[34] } else { QM31::ZERO })).add((if flags[5] { h[35] } else { QM31::ZERO })).add((if flags[6] { h[36] } else { QM31::ZERO })).add((if flags[7] { h[37] } else { QM31::ZERO })).add((if flags[8] { h[38] } else { QM31::ZERO })).add((if flags[9] { h[39] } else { QM31::ZERO })).add((if flags[10] { h[40] } else { QM31::ZERO })).add((if flags[11] { h[41] } else { QM31::ZERO })).add((if flags[12] { h[42] } else { QM31::ZERO })).add((if flags[13] { h[43] } else { QM31::ZERO })).add((if flags[14] { h[44] } else { QM31::ZERO })).add((if flags[15] { h[45] } else { QM31::ZERO })).add((if flags[16] { h[46] } else { QM31::ZERO })).add(if flags[17] { h[47] } else { QM31::ZERO }).add((if flags[18] { h[48] } else { QM31::ZERO })).add((if flags[19] { h[49] } else { QM31::ZERO })).add((if flags[20] { h[50] } else { QM31::ZERO })).add((if flags[21] { h[51] } else { QM31::ZERO })).add((if flags[22] { h[52] } else { QM31::ZERO }));
    |

warning: unnecessary parentheses around method argument
   --> ../../docs/research/v8-no-work-100-20260907/experiments/copy_scatter_plan_generated.rs:121:801
    |
121 | ...lags[15] { h[45] } else { QM31::ZERO })).add((if flags[16] { h[46] } else { QM31::ZERO })).add((if flags[17] { h[47] } else { QM31::ZE...
    |                                                 ^                                          ^
    |
help: remove these parentheses
    |
121 -     scratch[36]=(if flags[0] { n[29].add(n[52].add(n[54])) } else { QM31::ZERO }).add((if flags[1] { h[27].add(h[32].add(n[51])) } else { QM31::ZERO })).add((if flags[3] { h[33] } else { QM31::ZERO })).add((if flags[4] { h[34] } else { QM31::ZERO })).add((if flags[5] { h[35] } else { QM31::ZERO })).add((if flags[6] { h[36] } else { QM31::ZERO })).add((if flags[7] { h[37] } else { QM31::ZERO })).add((if flags[8] { h[38] } else { QM31::ZERO })).add((if flags[9] { h[39] } else { QM31::ZERO })).add((if flags[10] { h[40] } else { QM31::ZERO })).add((if flags[11] { h[41] } else { QM31::ZERO })).add((if flags[12] { h[42] } else { QM31::ZERO })).add((if flags[13] { h[43] } else { QM31::ZERO })).add((if flags[14] { h[44] } else { QM31::ZERO })).add((if flags[15] { h[45] } else { QM31::ZERO })).add((if flags[16] { h[46] } else { QM31::ZERO })).add((if flags[17] { h[47] } else { QM31::ZERO })).add((if flags[18] { h[48] } else { QM31::ZERO })).add((if flags[19] { h[49] } else { QM31::ZERO })).add((if flags[20] { h[50] } else { QM31::ZERO })).add((if flags[21] { h[51] } else { QM31::ZERO })).add((if flags[22] { h[52] } else { QM31::ZERO }));
121 +     scratch[36]=(if flags[0] { n[29].add(n[52].add(n[54])) } else { QM31::ZERO }).add((if flags[1] { h[27].add(h[32].add(n[51])) } else { QM31::ZERO })).add((if flags[3] { h[33] } else { QM31::ZERO })).add((if flags[4] { h[34] } else { QM31::ZERO })).add((if flags[5] { h[35] } else { QM31::ZERO })).add((if flags[6] { h[36] } else { QM31::ZERO })).add((if flags[7] { h[37] } else { QM31::ZERO })).add((if flags[8] { h[38] } else { QM31::ZERO })).add((if flags[9] { h[39] } else { QM31::ZERO })).add((if flags[10] { h[40] } else { QM31::ZERO })).add((if flags[11] { h[41] } else { QM31::ZERO })).add((if flags[12] { h[42] } else { QM31::ZERO })).add((if flags[13] { h[43] } else { QM31::ZERO })).add((if flags[14] { h[44] } else { QM31::ZERO })).add((if flags[15] { h[45] } else { QM31::ZERO })).add(if flags[16] { h[46] } else { QM31::ZERO }).add((if flags[17] { h[47] } else { QM31::ZERO })).add((if flags[18] { h[48] } else { QM31::ZERO })).add((if flags[19] { h[49] } else { QM31::ZERO })).add((if flags[20] { h[50] } else { QM31::ZERO })).add((if flags[21] { h[51] } else { QM31::ZERO })).add((if flags[22] { h[52] } else { QM31::ZERO }));
    |

warning: unnecessary parentheses around method argument
   --> ../../docs/research/v8-no-work-100-20260907/experiments/copy_scatter_plan_generated.rs:121:751
    |
121 | ...lags[14] { h[44] } else { QM31::ZERO })).add((if flags[15] { h[45] } else { QM31::ZERO })).add((if flags[16] { h[46] } else { QM31::ZE...
    |                                                 ^                                          ^
    |
help: remove these parentheses
    |
121 -     scratch[36]=(if flags[0] { n[29].add(n[52].add(n[54])) } else { QM31::ZERO }).add((if flags[1] { h[27].add(h[32].add(n[51])) } else { QM31::ZERO })).add((if flags[3] { h[33] } else { QM31::ZERO })).add((if flags[4] { h[34] } else { QM31::ZERO })).add((if flags[5] { h[35] } else { QM31::ZERO })).add((if flags[6] { h[36] } else { QM31::ZERO })).add((if flags[7] { h[37] } else { QM31::ZERO })).add((if flags[8] { h[38] } else { QM31::ZERO })).add((if flags[9] { h[39] } else { QM31::ZERO })).add((if flags[10] { h[40] } else { QM31::ZERO })).add((if flags[11] { h[41] } else { QM31::ZERO })).add((if flags[12] { h[42] } else { QM31::ZERO })).add((if flags[13] { h[43] } else { QM31::ZERO })).add((if flags[14] { h[44] } else { QM31::ZERO })).add((if flags[15] { h[45] } else { QM31::ZERO })).add((if flags[16] { h[46] } else { QM31::ZERO })).add((if flags[17] { h[47] } else { QM31::ZERO })).add((if flags[18] { h[48] } else { QM31::ZERO })).add((if flags[19] { h[49] } else { QM31::ZERO })).add((if flags[20] { h[50] } else { QM31::ZERO })).add((if flags[21] { h[51] } else { QM31::ZERO })).add((if flags[22] { h[52] } else { QM31::ZERO }));
121 +     scratch[36]=(if flags[0] { n[29].add(n[52].add(n[54])) } else { QM31::ZERO }).add((if flags[1] { h[27].add(h[32].add(n[51])) } else { QM31::ZERO })).add((if flags[3] { h[33] } else { QM31::ZERO })).add((if flags[4] { h[34] } else { QM31::ZERO })).add((if flags[5] { h[35] } else { QM31::ZERO })).add((if flags[6] { h[36] } else { QM31::ZERO })).add((if flags[7] { h[37] } else { QM31::ZERO })).add((if flags[8] { h[38] } else { QM31::ZERO })).add((if flags[9] { h[39] } else { QM31::ZERO })).add((if flags[10] { h[40] } else { QM31::ZERO })).add((if flags[11] { h[41] } else { QM31::ZERO })).add((if flags[12] { h[42] } else { QM31::ZERO })).add((if flags[13] { h[43] } else { QM31::ZERO })).add((if flags[14] { h[44] } else { QM31::ZERO })).add(if flags[15] { h[45] } else { QM31::ZERO }).add((if flags[16] { h[46] } else { QM31::ZERO })).add((if flags[17] { h[47] } else { QM31::ZERO })).add((if flags[18] { h[48] } else { QM31::ZERO })).add((if flags[19] { h[49] } else { QM31::ZERO })).add((if flags[20] { h[50] } else { QM31::ZERO })).add((if flags[21] { h[51] } else { QM31::ZERO })).add((if flags[22] { h[52] } else { QM31::ZERO }));
    |

warning: unnecessary parentheses around method argument
   --> ../../docs/research/v8-no-work-100-20260907/experiments/copy_scatter_plan_generated.rs:121:701
    |
121 | ...lags[13] { h[43] } else { QM31::ZERO })).add((if flags[14] { h[44] } else { QM31::ZERO })).add((if flags[15] { h[45] } else { QM31::ZE...
    |                                                 ^                                          ^
    |
help: remove these parentheses
    |
121 -     scratch[36]=(if flags[0] { n[29].add(n[52].add(n[54])) } else { QM31::ZERO }).add((if flags[1] { h[27].add(h[32].add(n[51])) } else { QM31::ZERO })).add((if flags[3] { h[33] } else { QM31::ZERO })).add((if flags[4] { h[34] } else { QM31::ZERO })).add((if flags[5] { h[35] } else { QM31::ZERO })).add((if flags[6] { h[36] } else { QM31::ZERO })).add((if flags[7] { h[37] } else { QM31::ZERO })).add((if flags[8] { h[38] } else { QM31::ZERO })).add((if flags[9] { h[39] } else { QM31::ZERO })).add((if flags[10] { h[40] } else { QM31::ZERO })).add((if flags[11] { h[41] } else { QM31::ZERO })).add((if flags[12] { h[42] } else { QM31::ZERO })).add((if flags[13] { h[43] } else { QM31::ZERO })).add((if flags[14] { h[44] } else { QM31::ZERO })).add((if flags[15] { h[45] } else { QM31::ZERO })).add((if flags[16] { h[46] } else { QM31::ZERO })).add((if flags[17] { h[47] } else { QM31::ZERO })).add((if flags[18] { h[48] } else { QM31::ZERO })).add((if flags[19] { h[49] } else { QM31::ZERO })).add((if flags[20] { h[50] } else { QM31::ZERO })).add((if flags[21] { h[51] } else { QM31::ZERO })).add((if flags[22] { h[52] } else { QM31::ZERO }));
121 +     scratch[36]=(if flags[0] { n[29].add(n[52].add(n[54])) } else { QM31::ZERO }).add((if flags[1] { h[27].add(h[32].add(n[51])) } else { QM31::ZERO })).add((if flags[3] { h[33] } else { QM31::ZERO })).add((if flags[4] { h[34] } else { QM31::ZERO })).add((if flags[5] { h[35] } else { QM31::ZERO })).add((if flags[6] { h[36] } else { QM31::ZERO })).add((if flags[7] { h[37] } else { QM31::ZERO })).add((if flags[8] { h[38] } else { QM31::ZERO })).add((if flags[9] { h[39] } else { QM31::ZERO })).add((if flags[10] { h[40] } else { QM31::ZERO })).add((if flags[11] { h[41] } else { QM31::ZERO })).add((if flags[12] { h[42] } else { QM31::ZERO })).add((if flags[13] { h[43] } else { QM31::ZERO })).add(if flags[14] { h[44] } else { QM31::ZERO }).add((if flags[15] { h[45] } else { QM31::ZERO })).add((if flags[16] { h[46] } else { QM31::ZERO })).add((if flags[17] { h[47] } else { QM31::ZERO })).add((if flags[18] { h[48] } else { QM31::ZERO })).add((if flags[19] { h[49] } else { QM31::ZERO })).add((if flags[20] { h[50] } else { QM31::ZERO })).add((if flags[21] { h[51] } else { QM31::ZERO })).add((if flags[22] { h[52] } else { QM31::ZERO }));
    |

warning: unnecessary parentheses around method argument
   --> ../../docs/research/v8-no-work-100-20260907/experiments/copy_scatter_plan_generated.rs:121:651
    |
121 | ...lags[12] { h[42] } else { QM31::ZERO })).add((if flags[13] { h[43] } else { QM31::ZERO })).add((if flags[14] { h[44] } else { QM31::ZE...
    |                                                 ^                                          ^
    |
help: remove these parentheses
    |
121 -     scratch[36]=(if flags[0] { n[29].add(n[52].add(n[54])) } else { QM31::ZERO }).add((if flags[1] { h[27].add(h[32].add(n[51])) } else { QM31::ZERO })).add((if flags[3] { h[33] } else { QM31::ZERO })).add((if flags[4] { h[34] } else { QM31::ZERO })).add((if flags[5] { h[35] } else { QM31::ZERO })).add((if flags[6] { h[36] } else { QM31::ZERO })).add((if flags[7] { h[37] } else { QM31::ZERO })).add((if flags[8] { h[38] } else { QM31::ZERO })).add((if flags[9] { h[39] } else { QM31::ZERO })).add((if flags[10] { h[40] } else { QM31::ZERO })).add((if flags[11] { h[41] } else { QM31::ZERO })).add((if flags[12] { h[42] } else { QM31::ZERO })).add((if flags[13] { h[43] } else { QM31::ZERO })).add((if flags[14] { h[44] } else { QM31::ZERO })).add((if flags[15] { h[45] } else { QM31::ZERO })).add((if flags[16] { h[46] } else { QM31::ZERO })).add((if flags[17] { h[47] } else { QM31::ZERO })).add((if flags[18] { h[48] } else { QM31::ZERO })).add((if flags[19] { h[49] } else { QM31::ZERO })).add((if flags[20] { h[50] } else { QM31::ZERO })).add((if flags[21] { h[51] } else { QM31::ZERO })).add((if flags[22] { h[52] } else { QM31::ZERO }));
121 +     scratch[36]=(if flags[0] { n[29].add(n[52].add(n[54])) } else { QM31::ZERO }).add((if flags[1] { h[27].add(h[32].add(n[51])) } else { QM31::ZERO })).add((if flags[3] { h[33] } else { QM31::ZERO })).add((if flags[4] { h[34] } else { QM31::ZERO })).add((if flags[5] { h[35] } else { QM31::ZERO })).add((if flags[6] { h[36] } else { QM31::ZERO })).add((if flags[7] { h[37] } else { QM31::ZERO })).add((if flags[8] { h[38] } else { QM31::ZERO })).add((if flags[9] { h[39] } else { QM31::ZERO })).add((if flags[10] { h[40] } else { QM31::ZERO })).add((if flags[11] { h[41] } else { QM31::ZERO })).add((if flags[12] { h[42] } else { QM31::ZERO })).add(if flags[13] { h[43] } else { QM31::ZERO }).add((if flags[14] { h[44] } else { QM31::ZERO })).add((if flags[15] { h[45] } else { QM31::ZERO })).add((if flags[16] { h[46] } else { QM31::ZERO })).add((if flags[17] { h[47] } else { QM31::ZERO })).add((if flags[18] { h[48] } else { QM31::ZERO })).add((if flags[19] { h[49] } else { QM31::ZERO })).add((if flags[20] { h[50] } else { QM31::ZERO })).add((if flags[21] { h[51] } else { QM31::ZERO })).add((if flags[22] { h[52] } else { QM31::ZERO }));
    |

warning: unnecessary parentheses around method argument
   --> ../../docs/research/v8-no-work-100-20260907/experiments/copy_scatter_plan_generated.rs:121:601
    |
121 | ...lags[11] { h[41] } else { QM31::ZERO })).add((if flags[12] { h[42] } else { QM31::ZERO })).add((if flags[13] { h[43] } else { QM31::ZE...
    |                                                 ^                                          ^
    |
help: remove these parentheses
    |
121 -     scratch[36]=(if flags[0] { n[29].add(n[52].add(n[54])) } else { QM31::ZERO }).add((if flags[1] { h[27].add(h[32].add(n[51])) } else { QM31::ZERO })).add((if flags[3] { h[33] } else { QM31::ZERO })).add((if flags[4] { h[34] } else { QM31::ZERO })).add((if flags[5] { h[35] } else { QM31::ZERO })).add((if flags[6] { h[36] } else { QM31::ZERO })).add((if flags[7] { h[37] } else { QM31::ZERO })).add((if flags[8] { h[38] } else { QM31::ZERO })).add((if flags[9] { h[39] } else { QM31::ZERO })).add((if flags[10] { h[40] } else { QM31::ZERO })).add((if flags[11] { h[41] } else { QM31::ZERO })).add((if flags[12] { h[42] } else { QM31::ZERO })).add((if flags[13] { h[43] } else { QM31::ZERO })).add((if flags[14] { h[44] } else { QM31::ZERO })).add((if flags[15] { h[45] } else { QM31::ZERO })).add((if flags[16] { h[46] } else { QM31::ZERO })).add((if flags[17] { h[47] } else { QM31::ZERO })).add((if flags[18] { h[48] } else { QM31::ZERO })).add((if flags[19] { h[49] } else { QM31::ZERO })).add((if flags[20] { h[50] } else { QM31::ZERO })).add((if flags[21] { h[51] } else { QM31::ZERO })).add((if flags[22] { h[52] } else { QM31::ZERO }));
121 +     scratch[36]=(if flags[0] { n[29].add(n[52].add(n[54])) } else { QM31::ZERO }).add((if flags[1] { h[27].add(h[32].add(n[51])) } else { QM31::ZERO })).add((if flags[3] { h[33] } else { QM31::ZERO })).add((if flags[4] { h[34] } else { QM31::ZERO })).add((if flags[5] { h[35] } else { QM31::ZERO })).add((if flags[6] { h[36] } else { QM31::ZERO })).add((if flags[7] { h[37] } else { QM31::ZERO })).add((if flags[8] { h[38] } else { QM31::ZERO })).add((if flags[9] { h[39] } else { QM31::ZERO })).add((if flags[10] { h[40] } else { QM31::ZERO })).add((if flags[11] { h[41] } else { QM31::ZERO })).add(if flags[12] { h[42] } else { QM31::ZERO }).add((if flags[13] { h[43] } else { QM31::ZERO })).add((if flags[14] { h[44] } else { QM31::ZERO })).add((if flags[15] { h[45] } else { QM31::ZERO })).add((if flags[16] { h[46] } else { QM31::ZERO })).add((if flags[17] { h[47] } else { QM31::ZERO })).add((if flags[18] { h[48] } else { QM31::ZERO })).add((if flags[19] { h[49] } else { QM31::ZERO })).add((if flags[20] { h[50] } else { QM31::ZERO })).add((if flags[21] { h[51] } else { QM31::ZERO })).add((if flags[22] { h[52] } else { QM31::ZERO }));
    |

warning: unnecessary parentheses around method argument
   --> ../../docs/research/v8-no-work-100-20260907/experiments/copy_scatter_plan_generated.rs:121:551
    |
121 | ...lags[10] { h[40] } else { QM31::ZERO })).add((if flags[11] { h[41] } else { QM31::ZERO })).add((if flags[12] { h[42] } else { QM31::ZE...
    |                                                 ^                                          ^
    |
help: remove these parentheses
    |
121 -     scratch[36]=(if flags[0] { n[29].add(n[52].add(n[54])) } else { QM31::ZERO }).add((if flags[1] { h[27].add(h[32].add(n[51])) } else { QM31::ZERO })).add((if flags[3] { h[33] } else { QM31::ZERO })).add((if flags[4] { h[34] } else { QM31::ZERO })).add((if flags[5] { h[35] } else { QM31::ZERO })).add((if flags[6] { h[36] } else { QM31::ZERO })).add((if flags[7] { h[37] } else { QM31::ZERO })).add((if flags[8] { h[38] } else { QM31::ZERO })).add((if flags[9] { h[39] } else { QM31::ZERO })).add((if flags[10] { h[40] } else { QM31::ZERO })).add((if flags[11] { h[41] } else { QM31::ZERO })).add((if flags[12] { h[42] } else { QM31::ZERO })).add((if flags[13] { h[43] } else { QM31::ZERO })).add((if flags[14] { h[44] } else { QM31::ZERO })).add((if flags[15] { h[45] } else { QM31::ZERO })).add((if flags[16] { h[46] } else { QM31::ZERO })).add((if flags[17] { h[47] } else { QM31::ZERO })).add((if flags[18] { h[48] } else { QM31::ZERO })).add((if flags[19] { h[49] } else { QM31::ZERO })).add((if flags[20] { h[50] } else { QM31::ZERO })).add((if flags[21] { h[51] } else { QM31::ZERO })).add((if flags[22] { h[52] } else { QM31::ZERO }));
121 +     scratch[36]=(if flags[0] { n[29].add(n[52].add(n[54])) } else { QM31::ZERO }).add((if flags[1] { h[27].add(h[32].add(n[51])) } else { QM31::ZERO })).add((if flags[3] { h[33] } else { QM31::ZERO })).add((if flags[4] { h[34] } else { QM31::ZERO })).add((if flags[5] { h[35] } else { QM31::ZERO })).add((if flags[6] { h[36] } else { QM31::ZERO })).add((if flags[7] { h[37] } else { QM31::ZERO })).add((if flags[8] { h[38] } else { QM31::ZERO })).add((if flags[9] { h[39] } else { QM31::ZERO })).add((if flags[10] { h[40] } else { QM31::ZERO })).add(if flags[11] { h[41] } else { QM31::ZERO }).add((if flags[12] { h[42] } else { QM31::ZERO })).add((if flags[13] { h[43] } else { QM31::ZERO })).add((if flags[14] { h[44] } else { QM31::ZERO })).add((if flags[15] { h[45] } else { QM31::ZERO })).add((if flags[16] { h[46] } else { QM31::ZERO })).add((if flags[17] { h[47] } else { QM31::ZERO })).add((if flags[18] { h[48] } else { QM31::ZERO })).add((if flags[19] { h[49] } else { QM31::ZERO })).add((if flags[20] { h[50] } else { QM31::ZERO })).add((if flags[21] { h[51] } else { QM31::ZERO })).add((if flags[22] { h[52] } else { QM31::ZERO }));
    |

warning: unnecessary parentheses around method argument
   --> ../../docs/research/v8-no-work-100-20260907/experiments/copy_scatter_plan_generated.rs:121:501
    |
121 | ...flags[9] { h[39] } else { QM31::ZERO })).add((if flags[10] { h[40] } else { QM31::ZERO })).add((if flags[11] { h[41] } else { QM31::ZE...
    |                                                 ^                                          ^
    |
help: remove these parentheses
    |
121 -     scratch[36]=(if flags[0] { n[29].add(n[52].add(n[54])) } else { QM31::ZERO }).add((if flags[1] { h[27].add(h[32].add(n[51])) } else { QM31::ZERO })).add((if flags[3] { h[33] } else { QM31::ZERO })).add((if flags[4] { h[34] } else { QM31::ZERO })).add((if flags[5] { h[35] } else { QM31::ZERO })).add((if flags[6] { h[36] } else { QM31::ZERO })).add((if flags[7] { h[37] } else { QM31::ZERO })).add((if flags[8] { h[38] } else { QM31::ZERO })).add((if flags[9] { h[39] } else { QM31::ZERO })).add((if flags[10] { h[40] } else { QM31::ZERO })).add((if flags[11] { h[41] } else { QM31::ZERO })).add((if flags[12] { h[42] } else { QM31::ZERO })).add((if flags[13] { h[43] } else { QM31::ZERO })).add((if flags[14] { h[44] } else { QM31::ZERO })).add((if flags[15] { h[45] } else { QM31::ZERO })).add((if flags[16] { h[46] } else { QM31::ZERO })).add((if flags[17] { h[47] } else { QM31::ZERO })).add((if flags[18] { h[48] } else { QM31::ZERO })).add((if flags[19] { h[49] } else { QM31::ZERO })).add((if flags[20] { h[50] } else { QM31::ZERO })).add((if flags[21] { h[51] } else { QM31::ZERO })).add((if flags[22] { h[52] } else { QM31::ZERO }));
121 +     scratch[36]=(if flags[0] { n[29].add(n[52].add(n[54])) } else { QM31::ZERO }).add((if flags[1] { h[27].add(h[32].add(n[51])) } else { QM31::ZERO })).add((if flags[3] { h[33] } else { QM31::ZERO })).add((if flags[4] { h[34] } else { QM31::ZERO })).add((if flags[5] { h[35] } else { QM31::ZERO })).add((if flags[6] { h[36] } else { QM31::ZERO })).add((if flags[7] { h[37] } else { QM31::ZERO })).add((if flags[8] { h[38] } else { QM31::ZERO })).add((if flags[9] { h[39] } else { QM31::ZERO })).add(if flags[10] { h[40] } else { QM31::ZERO }).add((if flags[11] { h[41] } else { QM31::ZERO })).add((if flags[12] { h[42] } else { QM31::ZERO })).add((if flags[13] { h[43] } else { QM31::ZERO })).add((if flags[14] { h[44] } else { QM31::ZERO })).add((if flags[15] { h[45] } else { QM31::ZERO })).add((if flags[16] { h[46] } else { QM31::ZERO })).add((if flags[17] { h[47] } else { QM31::ZERO })).add((if flags[18] { h[48] } else { QM31::ZERO })).add((if flags[19] { h[49] } else { QM31::ZERO })).add((if flags[20] { h[50] } else { QM31::ZERO })).add((if flags[21] { h[51] } else { QM31::ZERO })).add((if flags[22] { h[52] } else { QM31::ZERO }));
    |

warning: unnecessary parentheses around method argument
   --> ../../docs/research/v8-no-work-100-20260907/experiments/copy_scatter_plan_generated.rs:121:452
    |
121 | ...flags[8] { h[38] } else { QM31::ZERO })).add((if flags[9] { h[39] } else { QM31::ZERO })).add((if flags[10] { h[40] } else { QM31::ZER...
    |                                                 ^                                         ^
    |
help: remove these parentheses
    |
121 -     scratch[36]=(if flags[0] { n[29].add(n[52].add(n[54])) } else { QM31::ZERO }).add((if flags[1] { h[27].add(h[32].add(n[51])) } else { QM31::ZERO })).add((if flags[3] { h[33] } else { QM31::ZERO })).add((if flags[4] { h[34] } else { QM31::ZERO })).add((if flags[5] { h[35] } else { QM31::ZERO })).add((if flags[6] { h[36] } else { QM31::ZERO })).add((if flags[7] { h[37] } else { QM31::ZERO })).add((if flags[8] { h[38] } else { QM31::ZERO })).add((if flags[9] { h[39] } else { QM31::ZERO })).add((if flags[10] { h[40] } else { QM31::ZERO })).add((if flags[11] { h[41] } else { QM31::ZERO })).add((if flags[12] { h[42] } else { QM31::ZERO })).add((if flags[13] { h[43] } else { QM31::ZERO })).add((if flags[14] { h[44] } else { QM31::ZERO })).add((if flags[15] { h[45] } else { QM31::ZERO })).add((if flags[16] { h[46] } else { QM31::ZERO })).add((if flags[17] { h[47] } else { QM31::ZERO })).add((if flags[18] { h[48] } else { QM31::ZERO })).add((if flags[19] { h[49] } else { QM31::ZERO })).add((if flags[20] { h[50] } else { QM31::ZERO })).add((if flags[21] { h[51] } else { QM31::ZERO })).add((if flags[22] { h[52] } else { QM31::ZERO }));
121 +     scratch[36]=(if flags[0] { n[29].add(n[52].add(n[54])) } else { QM31::ZERO }).add((if flags[1] { h[27].add(h[32].add(n[51])) } else { QM31::ZERO })).add((if flags[3] { h[33] } else { QM31::ZERO })).add((if flags[4] { h[34] } else { QM31::ZERO })).add((if flags[5] { h[35] } else { QM31::ZERO })).add((if flags[6] { h[36] } else { QM31::ZERO })).add((if flags[7] { h[37] } else { QM31::ZERO })).add((if flags[8] { h[38] } else { QM31::ZERO })).add(if flags[9] { h[39] } else { QM31::ZERO }).add((if flags[10] { h[40] } else { QM31::ZERO })).add((if flags[11] { h[41] } else { QM31::ZERO })).add((if flags[12] { h[42] } else { QM31::ZERO })).add((if flags[13] { h[43] } else { QM31::ZERO })).add((if flags[14] { h[44] } else { QM31::ZERO })).add((if flags[15] { h[45] } else { QM31::ZERO })).add((if flags[16] { h[46] } else { QM31::ZERO })).add((if flags[17] { h[47] } else { QM31::ZERO })).add((if flags[18] { h[48] } else { QM31::ZERO })).add((if flags[19] { h[49] } else { QM31::ZERO })).add((if flags[20] { h[50] } else { QM31::ZERO })).add((if flags[21] { h[51] } else { QM31::ZERO })).add((if flags[22] { h[52] } else { QM31::ZERO }));
    |

warning: unnecessary parentheses around method argument
   --> ../../docs/research/v8-no-work-100-20260907/experiments/copy_scatter_plan_generated.rs:121:403
    |
121 | ...flags[7] { h[37] } else { QM31::ZERO })).add((if flags[8] { h[38] } else { QM31::ZERO })).add((if flags[9] { h[39] } else { QM31::ZERO...
    |                                                 ^                                         ^
    |
help: remove these parentheses
    |
121 -     scratch[36]=(if flags[0] { n[29].add(n[52].add(n[54])) } else { QM31::ZERO }).add((if flags[1] { h[27].add(h[32].add(n[51])) } else { QM31::ZERO })).add((if flags[3] { h[33] } else { QM31::ZERO })).add((if flags[4] { h[34] } else { QM31::ZERO })).add((if flags[5] { h[35] } else { QM31::ZERO })).add((if flags[6] { h[36] } else { QM31::ZERO })).add((if flags[7] { h[37] } else { QM31::ZERO })).add((if flags[8] { h[38] } else { QM31::ZERO })).add((if flags[9] { h[39] } else { QM31::ZERO })).add((if flags[10] { h[40] } else { QM31::ZERO })).add((if flags[11] { h[41] } else { QM31::ZERO })).add((if flags[12] { h[42] } else { QM31::ZERO })).add((if flags[13] { h[43] } else { QM31::ZERO })).add((if flags[14] { h[44] } else { QM31::ZERO })).add((if flags[15] { h[45] } else { QM31::ZERO })).add((if flags[16] { h[46] } else { QM31::ZERO })).add((if flags[17] { h[47] } else { QM31::ZERO })).add((if flags[18] { h[48] } else { QM31::ZERO })).add((if flags[19] { h[49] } else { QM31::ZERO })).add((if flags[20] { h[50] } else { QM31::ZERO })).add((if flags[21] { h[51] } else { QM31::ZERO })).add((if flags[22] { h[52] } else { QM31::ZERO }));
121 +     scratch[36]=(if flags[0] { n[29].add(n[52].add(n[54])) } else { QM31::ZERO }).add((if flags[1] { h[27].add(h[32].add(n[51])) } else { QM31::ZERO })).add((if flags[3] { h[33] } else { QM31::ZERO })).add((if flags[4] { h[34] } else { QM31::ZERO })).add((if flags[5] { h[35] } else { QM31::ZERO })).add((if flags[6] { h[36] } else { QM31::ZERO })).add((if flags[7] { h[37] } else { QM31::ZERO })).add(if flags[8] { h[38] } else { QM31::ZERO }).add((if flags[9] { h[39] } else { QM31::ZERO })).add((if flags[10] { h[40] } else { QM31::ZERO })).add((if flags[11] { h[41] } else { QM31::ZERO })).add((if flags[12] { h[42] } else { QM31::ZERO })).add((if flags[13] { h[43] } else { QM31::ZERO })).add((if flags[14] { h[44] } else { QM31::ZERO })).add((if flags[15] { h[45] } else { QM31::ZERO })).add((if flags[16] { h[46] } else { QM31::ZERO })).add((if flags[17] { h[47] } else { QM31::ZERO })).add((if flags[18] { h[48] } else { QM31::ZERO })).add((if flags[19] { h[49] } else { QM31::ZERO })).add((if flags[20] { h[50] } else { QM31::ZERO })).add((if flags[21] { h[51] } else { QM31::ZERO })).add((if flags[22] { h[52] } else { QM31::ZERO }));
    |

warning: unnecessary parentheses around method argument
   --> ../../docs/research/v8-no-work-100-20260907/experiments/copy_scatter_plan_generated.rs:121:354
    |
121 | ...flags[6] { h[36] } else { QM31::ZERO })).add((if flags[7] { h[37] } else { QM31::ZERO })).add((if flags[8] { h[38] } else { QM31::ZERO...
    |                                                 ^                                         ^
    |
help: remove these parentheses
    |
121 -     scratch[36]=(if flags[0] { n[29].add(n[52].add(n[54])) } else { QM31::ZERO }).add((if flags[1] { h[27].add(h[32].add(n[51])) } else { QM31::ZERO })).add((if flags[3] { h[33] } else { QM31::ZERO })).add((if flags[4] { h[34] } else { QM31::ZERO })).add((if flags[5] { h[35] } else { QM31::ZERO })).add((if flags[6] { h[36] } else { QM31::ZERO })).add((if flags[7] { h[37] } else { QM31::ZERO })).add((if flags[8] { h[38] } else { QM31::ZERO })).add((if flags[9] { h[39] } else { QM31::ZERO })).add((if flags[10] { h[40] } else { QM31::ZERO })).add((if flags[11] { h[41] } else { QM31::ZERO })).add((if flags[12] { h[42] } else { QM31::ZERO })).add((if flags[13] { h[43] } else { QM31::ZERO })).add((if flags[14] { h[44] } else { QM31::ZERO })).add((if flags[15] { h[45] } else { QM31::ZERO })).add((if flags[16] { h[46] } else { QM31::ZERO })).add((if flags[17] { h[47] } else { QM31::ZERO })).add((if flags[18] { h[48] } else { QM31::ZERO })).add((if flags[19] { h[49] } else { QM31::ZERO })).add((if flags[20] { h[50] } else { QM31::ZERO })).add((if flags[21] { h[51] } else { QM31::ZERO })).add((if flags[22] { h[52] } else { QM31::ZERO }));
121 +     scratch[36]=(if flags[0] { n[29].add(n[52].add(n[54])) } else { QM31::ZERO }).add((if flags[1] { h[27].add(h[32].add(n[51])) } else { QM31::ZERO })).add((if flags[3] { h[33] } else { QM31::ZERO })).add((if flags[4] { h[34] } else { QM31::ZERO })).add((if flags[5] { h[35] } else { QM31::ZERO })).add((if flags[6] { h[36] } else { QM31::ZERO })).add(if flags[7] { h[37] } else { QM31::ZERO }).add((if flags[8] { h[38] } else { QM31::ZERO })).add((if flags[9] { h[39] } else { QM31::ZERO })).add((if flags[10] { h[40] } else { QM31::ZERO })).add((if flags[11] { h[41] } else { QM31::ZERO })).add((if flags[12] { h[42] } else { QM31::ZERO })).add((if flags[13] { h[43] } else { QM31::ZERO })).add((if flags[14] { h[44] } else { QM31::ZERO })).add((if flags[15] { h[45] } else { QM31::ZERO })).add((if flags[16] { h[46] } else { QM31::ZERO })).add((if flags[17] { h[47] } else { QM31::ZERO })).add((if flags[18] { h[48] } else { QM31::ZERO })).add((if flags[19] { h[49] } else { QM31::ZERO })).add((if flags[20] { h[50] } else { QM31::ZERO })).add((if flags[21] { h[51] } else { QM31::ZERO })).add((if flags[22] { h[52] } else { QM31::ZERO }));
    |

warning: unnecessary parentheses around method argument
   --> ../../docs/research/v8-no-work-100-20260907/experiments/copy_scatter_plan_generated.rs:121:305
    |
121 | ...flags[5] { h[35] } else { QM31::ZERO })).add((if flags[6] { h[36] } else { QM31::ZERO })).add((if flags[7] { h[37] } else { QM31::ZERO...
    |                                                 ^                                         ^
    |
help: remove these parentheses
    |
121 -     scratch[36]=(if flags[0] { n[29].add(n[52].add(n[54])) } else { QM31::ZERO }).add((if flags[1] { h[27].add(h[32].add(n[51])) } else { QM31::ZERO })).add((if flags[3] { h[33] } else { QM31::ZERO })).add((if flags[4] { h[34] } else { QM31::ZERO })).add((if flags[5] { h[35] } else { QM31::ZERO })).add((if flags[6] { h[36] } else { QM31::ZERO })).add((if flags[7] { h[37] } else { QM31::ZERO })).add((if flags[8] { h[38] } else { QM31::ZERO })).add((if flags[9] { h[39] } else { QM31::ZERO })).add((if flags[10] { h[40] } else { QM31::ZERO })).add((if flags[11] { h[41] } else { QM31::ZERO })).add((if flags[12] { h[42] } else { QM31::ZERO })).add((if flags[13] { h[43] } else { QM31::ZERO })).add((if flags[14] { h[44] } else { QM31::ZERO })).add((if flags[15] { h[45] } else { QM31::ZERO })).add((if flags[16] { h[46] } else { QM31::ZERO })).add((if flags[17] { h[47] } else { QM31::ZERO })).add((if flags[18] { h[48] } else { QM31::ZERO })).add((if flags[19] { h[49] } else { QM31::ZERO })).add((if flags[20] { h[50] } else { QM31::ZERO })).add((if flags[21] { h[51] } else { QM31::ZERO })).add((if flags[22] { h[52] } else { QM31::ZERO }));
121 +     scratch[36]=(if flags[0] { n[29].add(n[52].add(n[54])) } else { QM31::ZERO }).add((if flags[1] { h[27].add(h[32].add(n[51])) } else { QM31::ZERO })).add((if flags[3] { h[33] } else { QM31::ZERO })).add((if flags[4] { h[34] } else { QM31::ZERO })).add((if flags[5] { h[35] } else { QM31::ZERO })).add(if flags[6] { h[36] } else { QM31::ZERO }).add((if flags[7] { h[37] } else { QM31::ZERO })).add((if flags[8] { h[38] } else { QM31::ZERO })).add((if flags[9] { h[39] } else { QM31::ZERO })).add((if flags[10] { h[40] } else { QM31::ZERO })).add((if flags[11] { h[41] } else { QM31::ZERO })).add((if flags[12] { h[42] } else { QM31::ZERO })).add((if flags[13] { h[43] } else { QM31::ZERO })).add((if flags[14] { h[44] } else { QM31::ZERO })).add((if flags[15] { h[45] } else { QM31::ZERO })).add((if flags[16] { h[46] } else { QM31::ZERO })).add((if flags[17] { h[47] } else { QM31::ZERO })).add((if flags[18] { h[48] } else { QM31::ZERO })).add((if flags[19] { h[49] } else { QM31::ZERO })).add((if flags[20] { h[50] } else { QM31::ZERO })).add((if flags[21] { h[51] } else { QM31::ZERO })).add((if flags[22] { h[52] } else { QM31::ZERO }));
    |

warning: unnecessary parentheses around method argument
   --> ../../docs/research/v8-no-work-100-20260907/experiments/copy_scatter_plan_generated.rs:121:256
    |
121 | ...flags[4] { h[34] } else { QM31::ZERO })).add((if flags[5] { h[35] } else { QM31::ZERO })).add((if flags[6] { h[36] } else { QM31::ZERO...
    |                                                 ^                                         ^
    |
help: remove these parentheses
    |
121 -     scratch[36]=(if flags[0] { n[29].add(n[52].add(n[54])) } else { QM31::ZERO }).add((if flags[1] { h[27].add(h[32].add(n[51])) } else { QM31::ZERO })).add((if flags[3] { h[33] } else { QM31::ZERO })).add((if flags[4] { h[34] } else { QM31::ZERO })).add((if flags[5] { h[35] } else { QM31::ZERO })).add((if flags[6] { h[36] } else { QM31::ZERO })).add((if flags[7] { h[37] } else { QM31::ZERO })).add((if flags[8] { h[38] } else { QM31::ZERO })).add((if flags[9] { h[39] } else { QM31::ZERO })).add((if flags[10] { h[40] } else { QM31::ZERO })).add((if flags[11] { h[41] } else { QM31::ZERO })).add((if flags[12] { h[42] } else { QM31::ZERO })).add((if flags[13] { h[43] } else { QM31::ZERO })).add((if flags[14] { h[44] } else { QM31::ZERO })).add((if flags[15] { h[45] } else { QM31::ZERO })).add((if flags[16] { h[46] } else { QM31::ZERO })).add((if flags[17] { h[47] } else { QM31::ZERO })).add((if flags[18] { h[48] } else { QM31::ZERO })).add((if flags[19] { h[49] } else { QM31::ZERO })).add((if flags[20] { h[50] } else { QM31::ZERO })).add((if flags[21] { h[51] } else { QM31::ZERO })).add((if flags[22] { h[52] } else { QM31::ZERO }));
121 +     scratch[36]=(if flags[0] { n[29].add(n[52].add(n[54])) } else { QM31::ZERO }).add((if flags[1] { h[27].add(h[32].add(n[51])) } else { QM31::ZERO })).add((if flags[3] { h[33] } else { QM31::ZERO })).add((if flags[4] { h[34] } else { QM31::ZERO })).add(if flags[5] { h[35] } else { QM31::ZERO }).add((if flags[6] { h[36] } else { QM31::ZERO })).add((if flags[7] { h[37] } else { QM31::ZERO })).add((if flags[8] { h[38] } else { QM31::ZERO })).add((if flags[9] { h[39] } else { QM31::ZERO })).add((if flags[10] { h[40] } else { QM31::ZERO })).add((if flags[11] { h[41] } else { QM31::ZERO })).add((if flags[12] { h[42] } else { QM31::ZERO })).add((if flags[13] { h[43] } else { QM31::ZERO })).add((if flags[14] { h[44] } else { QM31::ZERO })).add((if flags[15] { h[45] } else { QM31::ZERO })).add((if flags[16] { h[46] } else { QM31::ZERO })).add((if flags[17] { h[47] } else { QM31::ZERO })).add((if flags[18] { h[48] } else { QM31::ZERO })).add((if flags[19] { h[49] } else { QM31::ZERO })).add((if flags[20] { h[50] } else { QM31::ZERO })).add((if flags[21] { h[51] } else { QM31::ZERO })).add((if flags[22] { h[52] } else { QM31::ZERO }));
    |

warning: unnecessary parentheses around method argument
   --> ../../docs/research/v8-no-work-100-20260907/experiments/copy_scatter_plan_generated.rs:121:207
    |
121 | ...flags[3] { h[33] } else { QM31::ZERO })).add((if flags[4] { h[34] } else { QM31::ZERO })).add((if flags[5] { h[35] } else { QM31::ZERO...
    |                                                 ^                                         ^
    |
help: remove these parentheses
    |
121 -     scratch[36]=(if flags[0] { n[29].add(n[52].add(n[54])) } else { QM31::ZERO }).add((if flags[1] { h[27].add(h[32].add(n[51])) } else { QM31::ZERO })).add((if flags[3] { h[33] } else { QM31::ZERO })).add((if flags[4] { h[34] } else { QM31::ZERO })).add((if flags[5] { h[35] } else { QM31::ZERO })).add((if flags[6] { h[36] } else { QM31::ZERO })).add((if flags[7] { h[37] } else { QM31::ZERO })).add((if flags[8] { h[38] } else { QM31::ZERO })).add((if flags[9] { h[39] } else { QM31::ZERO })).add((if flags[10] { h[40] } else { QM31::ZERO })).add((if flags[11] { h[41] } else { QM31::ZERO })).add((if flags[12] { h[42] } else { QM31::ZERO })).add((if flags[13] { h[43] } else { QM31::ZERO })).add((if flags[14] { h[44] } else { QM31::ZERO })).add((if flags[15] { h[45] } else { QM31::ZERO })).add((if flags[16] { h[46] } else { QM31::ZERO })).add((if flags[17] { h[47] } else { QM31::ZERO })).add((if flags[18] { h[48] } else { QM31::ZERO })).add((if flags[19] { h[49] } else { QM31::ZERO })).add((if flags[20] { h[50] } else { QM31::ZERO })).add((if flags[21] { h[51] } else { QM31::ZERO })).add((if flags[22] { h[52] } else { QM31::ZERO }));
121 +     scratch[36]=(if flags[0] { n[29].add(n[52].add(n[54])) } else { QM31::ZERO }).add((if flags[1] { h[27].add(h[32].add(n[51])) } else { QM31::ZERO })).add((if flags[3] { h[33] } else { QM31::ZERO })).add(if flags[4] { h[34] } else { QM31::ZERO }).add((if flags[5] { h[35] } else { QM31::ZERO })).add((if flags[6] { h[36] } else { QM31::ZERO })).add((if flags[7] { h[37] } else { QM31::ZERO })).add((if flags[8] { h[38] } else { QM31::ZERO })).add((if flags[9] { h[39] } else { QM31::ZERO })).add((if flags[10] { h[40] } else { QM31::ZERO })).add((if flags[11] { h[41] } else { QM31::ZERO })).add((if flags[12] { h[42] } else { QM31::ZERO })).add((if flags[13] { h[43] } else { QM31::ZERO })).add((if flags[14] { h[44] } else { QM31::ZERO })).add((if flags[15] { h[45] } else { QM31::ZERO })).add((if flags[16] { h[46] } else { QM31::ZERO })).add((if flags[17] { h[47] } else { QM31::ZERO })).add((if flags[18] { h[48] } else { QM31::ZERO })).add((if flags[19] { h[49] } else { QM31::ZERO })).add((if flags[20] { h[50] } else { QM31::ZERO })).add((if flags[21] { h[51] } else { QM31::ZERO })).add((if flags[22] { h[52] } else { QM31::ZERO }));
    |

warning: unnecessary parentheses around method argument
   --> ../../docs/research/v8-no-work-100-20260907/experiments/copy_scatter_plan_generated.rs:121:158
    |
121 | ...[32].add(n[51])) } else { QM31::ZERO })).add((if flags[3] { h[33] } else { QM31::ZERO })).add((if flags[4] { h[34] } else { QM31::ZERO...
    |                                                 ^                                         ^
    |
help: remove these parentheses
    |
121 -     scratch[36]=(if flags[0] { n[29].add(n[52].add(n[54])) } else { QM31::ZERO }).add((if flags[1] { h[27].add(h[32].add(n[51])) } else { QM31::ZERO })).add((if flags[3] { h[33] } else { QM31::ZERO })).add((if flags[4] { h[34] } else { QM31::ZERO })).add((if flags[5] { h[35] } else { QM31::ZERO })).add((if flags[6] { h[36] } else { QM31::ZERO })).add((if flags[7] { h[37] } else { QM31::ZERO })).add((if flags[8] { h[38] } else { QM31::ZERO })).add((if flags[9] { h[39] } else { QM31::ZERO })).add((if flags[10] { h[40] } else { QM31::ZERO })).add((if flags[11] { h[41] } else { QM31::ZERO })).add((if flags[12] { h[42] } else { QM31::ZERO })).add((if flags[13] { h[43] } else { QM31::ZERO })).add((if flags[14] { h[44] } else { QM31::ZERO })).add((if flags[15] { h[45] } else { QM31::ZERO })).add((if flags[16] { h[46] } else { QM31::ZERO })).add((if flags[17] { h[47] } else { QM31::ZERO })).add((if flags[18] { h[48] } else { QM31::ZERO })).add((if flags[19] { h[49] } else { QM31::ZERO })).add((if flags[20] { h[50] } else { QM31::ZERO })).add((if flags[21] { h[51] } else { QM31::ZERO })).add((if flags[22] { h[52] } else { QM31::ZERO }));
121 +     scratch[36]=(if flags[0] { n[29].add(n[52].add(n[54])) } else { QM31::ZERO }).add((if flags[1] { h[27].add(h[32].add(n[51])) } else { QM31::ZERO })).add(if flags[3] { h[33] } else { QM31::ZERO }).add((if flags[4] { h[34] } else { QM31::ZERO })).add((if flags[5] { h[35] } else { QM31::ZERO })).add((if flags[6] { h[36] } else { QM31::ZERO })).add((if flags[7] { h[37] } else { QM31::ZERO })).add((if flags[8] { h[38] } else { QM31::ZERO })).add((if flags[9] { h[39] } else { QM31::ZERO })).add((if flags[10] { h[40] } else { QM31::ZERO })).add((if flags[11] { h[41] } else { QM31::ZERO })).add((if flags[12] { h[42] } else { QM31::ZERO })).add((if flags[13] { h[43] } else { QM31::ZERO })).add((if flags[14] { h[44] } else { QM31::ZERO })).add((if flags[15] { h[45] } else { QM31::ZERO })).add((if flags[16] { h[46] } else { QM31::ZERO })).add((if flags[17] { h[47] } else { QM31::ZERO })).add((if flags[18] { h[48] } else { QM31::ZERO })).add((if flags[19] { h[49] } else { QM31::ZERO })).add((if flags[20] { h[50] } else { QM31::ZERO })).add((if flags[21] { h[51] } else { QM31::ZERO })).add((if flags[22] { h[52] } else { QM31::ZERO }));
    |

warning: unnecessary parentheses around method argument
   --> ../../docs/research/v8-no-work-100-20260907/experiments/copy_scatter_plan_generated.rs:121:87
    |
121 | ...[54])) } else { QM31::ZERO }).add((if flags[1] { h[27].add(h[32].add(n[51])) } else { QM31::ZERO })).add((if flags[3] { h[33] } else {...
    |                                      ^                                                               ^
    |
help: remove these parentheses
    |
121 -     scratch[36]=(if flags[0] { n[29].add(n[52].add(n[54])) } else { QM31::ZERO }).add((if flags[1] { h[27].add(h[32].add(n[51])) } else { QM31::ZERO })).add((if flags[3] { h[33] } else { QM31::ZERO })).add((if flags[4] { h[34] } else { QM31::ZERO })).add((if flags[5] { h[35] } else { QM31::ZERO })).add((if flags[6] { h[36] } else { QM31::ZERO })).add((if flags[7] { h[37] } else { QM31::ZERO })).add((if flags[8] { h[38] } else { QM31::ZERO })).add((if flags[9] { h[39] } else { QM31::ZERO })).add((if flags[10] { h[40] } else { QM31::ZERO })).add((if flags[11] { h[41] } else { QM31::ZERO })).add((if flags[12] { h[42] } else { QM31::ZERO })).add((if flags[13] { h[43] } else { QM31::ZERO })).add((if flags[14] { h[44] } else { QM31::ZERO })).add((if flags[15] { h[45] } else { QM31::ZERO })).add((if flags[16] { h[46] } else { QM31::ZERO })).add((if flags[17] { h[47] } else { QM31::ZERO })).add((if flags[18] { h[48] } else { QM31::ZERO })).add((if flags[19] { h[49] } else { QM31::ZERO })).add((if flags[20] { h[50] } else { QM31::ZERO })).add((if flags[21] { h[51] } else { QM31::ZERO })).add((if flags[22] { h[52] } else { QM31::ZERO }));
121 +     scratch[36]=(if flags[0] { n[29].add(n[52].add(n[54])) } else { QM31::ZERO }).add(if flags[1] { h[27].add(h[32].add(n[51])) } else { QM31::ZERO }).add((if flags[3] { h[33] } else { QM31::ZERO })).add((if flags[4] { h[34] } else { QM31::ZERO })).add((if flags[5] { h[35] } else { QM31::ZERO })).add((if flags[6] { h[36] } else { QM31::ZERO })).add((if flags[7] { h[37] } else { QM31::ZERO })).add((if flags[8] { h[38] } else { QM31::ZERO })).add((if flags[9] { h[39] } else { QM31::ZERO })).add((if flags[10] { h[40] } else { QM31::ZERO })).add((if flags[11] { h[41] } else { QM31::ZERO })).add((if flags[12] { h[42] } else { QM31::ZERO })).add((if flags[13] { h[43] } else { QM31::ZERO })).add((if flags[14] { h[44] } else { QM31::ZERO })).add((if flags[15] { h[45] } else { QM31::ZERO })).add((if flags[16] { h[46] } else { QM31::ZERO })).add((if flags[17] { h[47] } else { QM31::ZERO })).add((if flags[18] { h[48] } else { QM31::ZERO })).add((if flags[19] { h[49] } else { QM31::ZERO })).add((if flags[20] { h[50] } else { QM31::ZERO })).add((if flags[21] { h[51] } else { QM31::ZERO })).add((if flags[22] { h[52] } else { QM31::ZERO }));
    |

warning: unnecessary parentheses around method argument
   --> ../../docs/research/v8-no-work-100-20260907/experiments/copy_scatter_plan_generated.rs:122:75
    |
122 |     scratch[37]=(if flags[0] { h[0].add(n[29]) } else { QM31::ZERO }).add((if flags[1] { h[28] } else { QM31::ZERO }));
    |                                                                           ^                                         ^
    |
help: remove these parentheses
    |
122 -     scratch[37]=(if flags[0] { h[0].add(n[29]) } else { QM31::ZERO }).add((if flags[1] { h[28] } else { QM31::ZERO }));
122 +     scratch[37]=(if flags[0] { h[0].add(n[29]) } else { QM31::ZERO }).add(if flags[1] { h[28] } else { QM31::ZERO });
    |

warning: unnecessary parentheses around assigned value
   --> ../../docs/research/v8-no-work-100-20260907/experiments/copy_scatter_plan_generated.rs:123:17
    |
123 |     scratch[38]=(if flags[0] { n[4] } else { QM31::ZERO });
    |                 ^                                        ^
    |
help: remove these parentheses
    |
123 -     scratch[38]=(if flags[0] { n[4] } else { QM31::ZERO });
123 +     scratch[38]=if flags[0] { n[4] } else { QM31::ZERO };
    |

warning: unnecessary parentheses around assigned value
   --> ../../docs/research/v8-no-work-100-20260907/experiments/copy_scatter_plan_generated.rs:124:17
    |
124 |     scratch[39]=(if flags[0] { n[4] } else { QM31::ZERO });
    |                 ^                                        ^
    |
help: remove these parentheses
    |
124 -     scratch[39]=(if flags[0] { n[4] } else { QM31::ZERO });
124 +     scratch[39]=if flags[0] { n[4] } else { QM31::ZERO };
    |

warning: unnecessary parentheses around assigned value
   --> ../../docs/research/v8-no-work-100-20260907/experiments/copy_scatter_plan_generated.rs:125:17
    |
125 |     scratch[40]=(if flags[0] { n[4] } else { QM31::ZERO });
    |                 ^                                        ^
    |
help: remove these parentheses
    |
125 -     scratch[40]=(if flags[0] { n[4] } else { QM31::ZERO });
125 +     scratch[40]=if flags[0] { n[4] } else { QM31::ZERO };
    |

warning: unnecessary parentheses around assigned value
   --> ../../docs/research/v8-no-work-100-20260907/experiments/copy_scatter_plan_generated.rs:126:17
    |
126 |     scratch[41]=(if flags[0] { n[4] } else { QM31::ZERO });
    |                 ^                                        ^
    |
help: remove these parentheses
    |
126 -     scratch[41]=(if flags[0] { n[4] } else { QM31::ZERO });
126 +     scratch[41]=if flags[0] { n[4] } else { QM31::ZERO };
    |

warning: unnecessary parentheses around method argument
   --> ../../docs/research/v8-no-work-100-20260907/experiments/copy_scatter_plan_generated.rs:127:1015
    |
127 | ...lags[41] { h[51] } else { QM31::ZERO })).add((if flags[42] { h[52] } else { QM31::ZERO }));
    |                                                 ^                                          ^
    |
help: remove these parentheses
    |
127 -     scratch[42]=(if flags[2] { h[32] } else { QM31::ZERO }).add((if flags[23] { h[33] } else { QM31::ZERO })).add((if flags[24] { h[34] } else { QM31::ZERO })).add((if flags[25] { h[35] } else { QM31::ZERO })).add((if flags[26] { h[36] } else { QM31::ZERO })).add((if flags[27] { h[37] } else { QM31::ZERO })).add((if flags[28] { h[38] } else { QM31::ZERO })).add((if flags[29] { h[39] } else { QM31::ZERO })).add((if flags[30] { h[40] } else { QM31::ZERO })).add((if flags[31] { h[41] } else { QM31::ZERO })).add((if flags[32] { h[42] } else { QM31::ZERO })).add((if flags[33] { h[43] } else { QM31::ZERO })).add((if flags[34] { h[44] } else { QM31::ZERO })).add((if flags[35] { h[45] } else { QM31::ZERO })).add((if flags[36] { h[46] } else { QM31::ZERO })).add((if flags[37] { h[47] } else { QM31::ZERO })).add((if flags[38] { h[48] } else { QM31::ZERO })).add((if flags[39] { h[49] } else { QM31::ZERO })).add((if flags[40] { h[50] } else { QM31::ZERO })).add((if flags[41] { h[51] } else { QM31::ZERO })).add((if flags[42] { h[52] } else { QM31::ZERO }));
127 +     scratch[42]=(if flags[2] { h[32] } else { QM31::ZERO }).add((if flags[23] { h[33] } else { QM31::ZERO })).add((if flags[24] { h[34] } else { QM31::ZERO })).add((if flags[25] { h[35] } else { QM31::ZERO })).add((if flags[26] { h[36] } else { QM31::ZERO })).add((if flags[27] { h[37] } else { QM31::ZERO })).add((if flags[28] { h[38] } else { QM31::ZERO })).add((if flags[29] { h[39] } else { QM31::ZERO })).add((if flags[30] { h[40] } else { QM31::ZERO })).add((if flags[31] { h[41] } else { QM31::ZERO })).add((if flags[32] { h[42] } else { QM31::ZERO })).add((if flags[33] { h[43] } else { QM31::ZERO })).add((if flags[34] { h[44] } else { QM31::ZERO })).add((if flags[35] { h[45] } else { QM31::ZERO })).add((if flags[36] { h[46] } else { QM31::ZERO })).add((if flags[37] { h[47] } else { QM31::ZERO })).add((if flags[38] { h[48] } else { QM31::ZERO })).add((if flags[39] { h[49] } else { QM31::ZERO })).add((if flags[40] { h[50] } else { QM31::ZERO })).add((if flags[41] { h[51] } else { QM31::ZERO })).add(if flags[42] { h[52] } else { QM31::ZERO });
    |

warning: unnecessary parentheses around method argument
   --> ../../docs/research/v8-no-work-100-20260907/experiments/copy_scatter_plan_generated.rs:127:965
    |
127 | ...lags[40] { h[50] } else { QM31::ZERO })).add((if flags[41] { h[51] } else { QM31::ZERO })).add((if flags[42] { h[52] } else { QM31::ZE...
    |                                                 ^                                          ^
    |
help: remove these parentheses
    |
127 -     scratch[42]=(if flags[2] { h[32] } else { QM31::ZERO }).add((if flags[23] { h[33] } else { QM31::ZERO })).add((if flags[24] { h[34] } else { QM31::ZERO })).add((if flags[25] { h[35] } else { QM31::ZERO })).add((if flags[26] { h[36] } else { QM31::ZERO })).add((if flags[27] { h[37] } else { QM31::ZERO })).add((if flags[28] { h[38] } else { QM31::ZERO })).add((if flags[29] { h[39] } else { QM31::ZERO })).add((if flags[30] { h[40] } else { QM31::ZERO })).add((if flags[31] { h[41] } else { QM31::ZERO })).add((if flags[32] { h[42] } else { QM31::ZERO })).add((if flags[33] { h[43] } else { QM31::ZERO })).add((if flags[34] { h[44] } else { QM31::ZERO })).add((if flags[35] { h[45] } else { QM31::ZERO })).add((if flags[36] { h[46] } else { QM31::ZERO })).add((if flags[37] { h[47] } else { QM31::ZERO })).add((if flags[38] { h[48] } else { QM31::ZERO })).add((if flags[39] { h[49] } else { QM31::ZERO })).add((if flags[40] { h[50] } else { QM31::ZERO })).add((if flags[41] { h[51] } else { QM31::ZERO })).add((if flags[42] { h[52] } else { QM31::ZERO }));
127 +     scratch[42]=(if flags[2] { h[32] } else { QM31::ZERO }).add((if flags[23] { h[33] } else { QM31::ZERO })).add((if flags[24] { h[34] } else { QM31::ZERO })).add((if flags[25] { h[35] } else { QM31::ZERO })).add((if flags[26] { h[36] } else { QM31::ZERO })).add((if flags[27] { h[37] } else { QM31::ZERO })).add((if flags[28] { h[38] } else { QM31::ZERO })).add((if flags[29] { h[39] } else { QM31::ZERO })).add((if flags[30] { h[40] } else { QM31::ZERO })).add((if flags[31] { h[41] } else { QM31::ZERO })).add((if flags[32] { h[42] } else { QM31::ZERO })).add((if flags[33] { h[43] } else { QM31::ZERO })).add((if flags[34] { h[44] } else { QM31::ZERO })).add((if flags[35] { h[45] } else { QM31::ZERO })).add((if flags[36] { h[46] } else { QM31::ZERO })).add((if flags[37] { h[47] } else { QM31::ZERO })).add((if flags[38] { h[48] } else { QM31::ZERO })).add((if flags[39] { h[49] } else { QM31::ZERO })).add((if flags[40] { h[50] } else { QM31::ZERO })).add(if flags[41] { h[51] } else { QM31::ZERO }).add((if flags[42] { h[52] } else { QM31::ZERO }));
    |

warning: unnecessary parentheses around method argument
   --> ../../docs/research/v8-no-work-100-20260907/experiments/copy_scatter_plan_generated.rs:127:915
    |
127 | ...lags[39] { h[49] } else { QM31::ZERO })).add((if flags[40] { h[50] } else { QM31::ZERO })).add((if flags[41] { h[51] } else { QM31::ZE...
    |                                                 ^                                          ^
    |
help: remove these parentheses
    |
127 -     scratch[42]=(if flags[2] { h[32] } else { QM31::ZERO }).add((if flags[23] { h[33] } else { QM31::ZERO })).add((if flags[24] { h[34] } else { QM31::ZERO })).add((if flags[25] { h[35] } else { QM31::ZERO })).add((if flags[26] { h[36] } else { QM31::ZERO })).add((if flags[27] { h[37] } else { QM31::ZERO })).add((if flags[28] { h[38] } else { QM31::ZERO })).add((if flags[29] { h[39] } else { QM31::ZERO })).add((if flags[30] { h[40] } else { QM31::ZERO })).add((if flags[31] { h[41] } else { QM31::ZERO })).add((if flags[32] { h[42] } else { QM31::ZERO })).add((if flags[33] { h[43] } else { QM31::ZERO })).add((if flags[34] { h[44] } else { QM31::ZERO })).add((if flags[35] { h[45] } else { QM31::ZERO })).add((if flags[36] { h[46] } else { QM31::ZERO })).add((if flags[37] { h[47] } else { QM31::ZERO })).add((if flags[38] { h[48] } else { QM31::ZERO })).add((if flags[39] { h[49] } else { QM31::ZERO })).add((if flags[40] { h[50] } else { QM31::ZERO })).add((if flags[41] { h[51] } else { QM31::ZERO })).add((if flags[42] { h[52] } else { QM31::ZERO }));
127 +     scratch[42]=(if flags[2] { h[32] } else { QM31::ZERO }).add((if flags[23] { h[33] } else { QM31::ZERO })).add((if flags[24] { h[34] } else { QM31::ZERO })).add((if flags[25] { h[35] } else { QM31::ZERO })).add((if flags[26] { h[36] } else { QM31::ZERO })).add((if flags[27] { h[37] } else { QM31::ZERO })).add((if flags[28] { h[38] } else { QM31::ZERO })).add((if flags[29] { h[39] } else { QM31::ZERO })).add((if flags[30] { h[40] } else { QM31::ZERO })).add((if flags[31] { h[41] } else { QM31::ZERO })).add((if flags[32] { h[42] } else { QM31::ZERO })).add((if flags[33] { h[43] } else { QM31::ZERO })).add((if flags[34] { h[44] } else { QM31::ZERO })).add((if flags[35] { h[45] } else { QM31::ZERO })).add((if flags[36] { h[46] } else { QM31::ZERO })).add((if flags[37] { h[47] } else { QM31::ZERO })).add((if flags[38] { h[48] } else { QM31::ZERO })).add((if flags[39] { h[49] } else { QM31::ZERO })).add(if flags[40] { h[50] } else { QM31::ZERO }).add((if flags[41] { h[51] } else { QM31::ZERO })).add((if flags[42] { h[52] } else { QM31::ZERO }));
    |

warning: unnecessary parentheses around method argument
   --> ../../docs/research/v8-no-work-100-20260907/experiments/copy_scatter_plan_generated.rs:127:865
    |
127 | ...lags[38] { h[48] } else { QM31::ZERO })).add((if flags[39] { h[49] } else { QM31::ZERO })).add((if flags[40] { h[50] } else { QM31::ZE...
    |                                                 ^                                          ^
    |
help: remove these parentheses
    |
127 -     scratch[42]=(if flags[2] { h[32] } else { QM31::ZERO }).add((if flags[23] { h[33] } else { QM31::ZERO })).add((if flags[24] { h[34] } else { QM31::ZERO })).add((if flags[25] { h[35] } else { QM31::ZERO })).add((if flags[26] { h[36] } else { QM31::ZERO })).add((if flags[27] { h[37] } else { QM31::ZERO })).add((if flags[28] { h[38] } else { QM31::ZERO })).add((if flags[29] { h[39] } else { QM31::ZERO })).add((if flags[30] { h[40] } else { QM31::ZERO })).add((if flags[31] { h[41] } else { QM31::ZERO })).add((if flags[32] { h[42] } else { QM31::ZERO })).add((if flags[33] { h[43] } else { QM31::ZERO })).add((if flags[34] { h[44] } else { QM31::ZERO })).add((if flags[35] { h[45] } else { QM31::ZERO })).add((if flags[36] { h[46] } else { QM31::ZERO })).add((if flags[37] { h[47] } else { QM31::ZERO })).add((if flags[38] { h[48] } else { QM31::ZERO })).add((if flags[39] { h[49] } else { QM31::ZERO })).add((if flags[40] { h[50] } else { QM31::ZERO })).add((if flags[41] { h[51] } else { QM31::ZERO })).add((if flags[42] { h[52] } else { QM31::ZERO }));
127 +     scratch[42]=(if flags[2] { h[32] } else { QM31::ZERO }).add((if flags[23] { h[33] } else { QM31::ZERO })).add((if flags[24] { h[34] } else { QM31::ZERO })).add((if flags[25] { h[35] } else { QM31::ZERO })).add((if flags[26] { h[36] } else { QM31::ZERO })).add((if flags[27] { h[37] } else { QM31::ZERO })).add((if flags[28] { h[38] } else { QM31::ZERO })).add((if flags[29] { h[39] } else { QM31::ZERO })).add((if flags[30] { h[40] } else { QM31::ZERO })).add((if flags[31] { h[41] } else { QM31::ZERO })).add((if flags[32] { h[42] } else { QM31::ZERO })).add((if flags[33] { h[43] } else { QM31::ZERO })).add((if flags[34] { h[44] } else { QM31::ZERO })).add((if flags[35] { h[45] } else { QM31::ZERO })).add((if flags[36] { h[46] } else { QM31::ZERO })).add((if flags[37] { h[47] } else { QM31::ZERO })).add((if flags[38] { h[48] } else { QM31::ZERO })).add(if flags[39] { h[49] } else { QM31::ZERO }).add((if flags[40] { h[50] } else { QM31::ZERO })).add((if flags[41] { h[51] } else { QM31::ZERO })).add((if flags[42] { h[52] } else { QM31::ZERO }));
    |

warning: unnecessary parentheses around method argument
   --> ../../docs/research/v8-no-work-100-20260907/experiments/copy_scatter_plan_generated.rs:127:815
    |
127 | ...lags[37] { h[47] } else { QM31::ZERO })).add((if flags[38] { h[48] } else { QM31::ZERO })).add((if flags[39] { h[49] } else { QM31::ZE...
    |                                                 ^                                          ^
    |
help: remove these parentheses
    |
127 -     scratch[42]=(if flags[2] { h[32] } else { QM31::ZERO }).add((if flags[23] { h[33] } else { QM31::ZERO })).add((if flags[24] { h[34] } else { QM31::ZERO })).add((if flags[25] { h[35] } else { QM31::ZERO })).add((if flags[26] { h[36] } else { QM31::ZERO })).add((if flags[27] { h[37] } else { QM31::ZERO })).add((if flags[28] { h[38] } else { QM31::ZERO })).add((if flags[29] { h[39] } else { QM31::ZERO })).add((if flags[30] { h[40] } else { QM31::ZERO })).add((if flags[31] { h[41] } else { QM31::ZERO })).add((if flags[32] { h[42] } else { QM31::ZERO })).add((if flags[33] { h[43] } else { QM31::ZERO })).add((if flags[34] { h[44] } else { QM31::ZERO })).add((if flags[35] { h[45] } else { QM31::ZERO })).add((if flags[36] { h[46] } else { QM31::ZERO })).add((if flags[37] { h[47] } else { QM31::ZERO })).add((if flags[38] { h[48] } else { QM31::ZERO })).add((if flags[39] { h[49] } else { QM31::ZERO })).add((if flags[40] { h[50] } else { QM31::ZERO })).add((if flags[41] { h[51] } else { QM31::ZERO })).add((if flags[42] { h[52] } else { QM31::ZERO }));
127 +     scratch[42]=(if flags[2] { h[32] } else { QM31::ZERO }).add((if flags[23] { h[33] } else { QM31::ZERO })).add((if flags[24] { h[34] } else { QM31::ZERO })).add((if flags[25] { h[35] } else { QM31::ZERO })).add((if flags[26] { h[36] } else { QM31::ZERO })).add((if flags[27] { h[37] } else { QM31::ZERO })).add((if flags[28] { h[38] } else { QM31::ZERO })).add((if flags[29] { h[39] } else { QM31::ZERO })).add((if flags[30] { h[40] } else { QM31::ZERO })).add((if flags[31] { h[41] } else { QM31::ZERO })).add((if flags[32] { h[42] } else { QM31::ZERO })).add((if flags[33] { h[43] } else { QM31::ZERO })).add((if flags[34] { h[44] } else { QM31::ZERO })).add((if flags[35] { h[45] } else { QM31::ZERO })).add((if flags[36] { h[46] } else { QM31::ZERO })).add((if flags[37] { h[47] } else { QM31::ZERO })).add(if flags[38] { h[48] } else { QM31::ZERO }).add((if flags[39] { h[49] } else { QM31::ZERO })).add((if flags[40] { h[50] } else { QM31::ZERO })).add((if flags[41] { h[51] } else { QM31::ZERO })).add((if flags[42] { h[52] } else { QM31::ZERO }));
    |

warning: unnecessary parentheses around method argument
   --> ../../docs/research/v8-no-work-100-20260907/experiments/copy_scatter_plan_generated.rs:127:765
    |
127 | ...lags[36] { h[46] } else { QM31::ZERO })).add((if flags[37] { h[47] } else { QM31::ZERO })).add((if flags[38] { h[48] } else { QM31::ZE...
    |                                                 ^                                          ^
    |
help: remove these parentheses
    |
127 -     scratch[42]=(if flags[2] { h[32] } else { QM31::ZERO }).add((if flags[23] { h[33] } else { QM31::ZERO })).add((if flags[24] { h[34] } else { QM31::ZERO })).add((if flags[25] { h[35] } else { QM31::ZERO })).add((if flags[26] { h[36] } else { QM31::ZERO })).add((if flags[27] { h[37] } else { QM31::ZERO })).add((if flags[28] { h[38] } else { QM31::ZERO })).add((if flags[29] { h[39] } else { QM31::ZERO })).add((if flags[30] { h[40] } else { QM31::ZERO })).add((if flags[31] { h[41] } else { QM31::ZERO })).add((if flags[32] { h[42] } else { QM31::ZERO })).add((if flags[33] { h[43] } else { QM31::ZERO })).add((if flags[34] { h[44] } else { QM31::ZERO })).add((if flags[35] { h[45] } else { QM31::ZERO })).add((if flags[36] { h[46] } else { QM31::ZERO })).add((if flags[37] { h[47] } else { QM31::ZERO })).add((if flags[38] { h[48] } else { QM31::ZERO })).add((if flags[39] { h[49] } else { QM31::ZERO })).add((if flags[40] { h[50] } else { QM31::ZERO })).add((if flags[41] { h[51] } else { QM31::ZERO })).add((if flags[42] { h[52] } else { QM31::ZERO }));
127 +     scratch[42]=(if flags[2] { h[32] } else { QM31::ZERO }).add((if flags[23] { h[33] } else { QM31::ZERO })).add((if flags[24] { h[34] } else { QM31::ZERO })).add((if flags[25] { h[35] } else { QM31::ZERO })).add((if flags[26] { h[36] } else { QM31::ZERO })).add((if flags[27] { h[37] } else { QM31::ZERO })).add((if flags[28] { h[38] } else { QM31::ZERO })).add((if flags[29] { h[39] } else { QM31::ZERO })).add((if flags[30] { h[40] } else { QM31::ZERO })).add((if flags[31] { h[41] } else { QM31::ZERO })).add((if flags[32] { h[42] } else { QM31::ZERO })).add((if flags[33] { h[43] } else { QM31::ZERO })).add((if flags[34] { h[44] } else { QM31::ZERO })).add((if flags[35] { h[45] } else { QM31::ZERO })).add((if flags[36] { h[46] } else { QM31::ZERO })).add(if flags[37] { h[47] } else { QM31::ZERO }).add((if flags[38] { h[48] } else { QM31::ZERO })).add((if flags[39] { h[49] } else { QM31::ZERO })).add((if flags[40] { h[50] } else { QM31::ZERO })).add((if flags[41] { h[51] } else { QM31::ZERO })).add((if flags[42] { h[52] } else { QM31::ZERO }));
    |

warning: unnecessary parentheses around method argument
   --> ../../docs/research/v8-no-work-100-20260907/experiments/copy_scatter_plan_generated.rs:127:715
    |
127 | ...lags[35] { h[45] } else { QM31::ZERO })).add((if flags[36] { h[46] } else { QM31::ZERO })).add((if flags[37] { h[47] } else { QM31::ZE...
    |                                                 ^                                          ^
    |
help: remove these parentheses
    |
127 -     scratch[42]=(if flags[2] { h[32] } else { QM31::ZERO }).add((if flags[23] { h[33] } else { QM31::ZERO })).add((if flags[24] { h[34] } else { QM31::ZERO })).add((if flags[25] { h[35] } else { QM31::ZERO })).add((if flags[26] { h[36] } else { QM31::ZERO })).add((if flags[27] { h[37] } else { QM31::ZERO })).add((if flags[28] { h[38] } else { QM31::ZERO })).add((if flags[29] { h[39] } else { QM31::ZERO })).add((if flags[30] { h[40] } else { QM31::ZERO })).add((if flags[31] { h[41] } else { QM31::ZERO })).add((if flags[32] { h[42] } else { QM31::ZERO })).add((if flags[33] { h[43] } else { QM31::ZERO })).add((if flags[34] { h[44] } else { QM31::ZERO })).add((if flags[35] { h[45] } else { QM31::ZERO })).add((if flags[36] { h[46] } else { QM31::ZERO })).add((if flags[37] { h[47] } else { QM31::ZERO })).add((if flags[38] { h[48] } else { QM31::ZERO })).add((if flags[39] { h[49] } else { QM31::ZERO })).add((if flags[40] { h[50] } else { QM31::ZERO })).add((if flags[41] { h[51] } else { QM31::ZERO })).add((if flags[42] { h[52] } else { QM31::ZERO }));
127 +     scratch[42]=(if flags[2] { h[32] } else { QM31::ZERO }).add((if flags[23] { h[33] } else { QM31::ZERO })).add((if flags[24] { h[34] } else { QM31::ZERO })).add((if flags[25] { h[35] } else { QM31::ZERO })).add((if flags[26] { h[36] } else { QM31::ZERO })).add((if flags[27] { h[37] } else { QM31::ZERO })).add((if flags[28] { h[38] } else { QM31::ZERO })).add((if flags[29] { h[39] } else { QM31::ZERO })).add((if flags[30] { h[40] } else { QM31::ZERO })).add((if flags[31] { h[41] } else { QM31::ZERO })).add((if flags[32] { h[42] } else { QM31::ZERO })).add((if flags[33] { h[43] } else { QM31::ZERO })).add((if flags[34] { h[44] } else { QM31::ZERO })).add((if flags[35] { h[45] } else { QM31::ZERO })).add(if flags[36] { h[46] } else { QM31::ZERO }).add((if flags[37] { h[47] } else { QM31::ZERO })).add((if flags[38] { h[48] } else { QM31::ZERO })).add((if flags[39] { h[49] } else { QM31::ZERO })).add((if flags[40] { h[50] } else { QM31::ZERO })).add((if flags[41] { h[51] } else { QM31::ZERO })).add((if flags[42] { h[52] } else { QM31::ZERO }));
    |

warning: unnecessary parentheses around method argument
   --> ../../docs/research/v8-no-work-100-20260907/experiments/copy_scatter_plan_generated.rs:127:665
    |
127 | ...lags[34] { h[44] } else { QM31::ZERO })).add((if flags[35] { h[45] } else { QM31::ZERO })).add((if flags[36] { h[46] } else { QM31::ZE...
    |                                                 ^                                          ^
    |
help: remove these parentheses
    |
127 -     scratch[42]=(if flags[2] { h[32] } else { QM31::ZERO }).add((if flags[23] { h[33] } else { QM31::ZERO })).add((if flags[24] { h[34] } else { QM31::ZERO })).add((if flags[25] { h[35] } else { QM31::ZERO })).add((if flags[26] { h[36] } else { QM31::ZERO })).add((if flags[27] { h[37] } else { QM31::ZERO })).add((if flags[28] { h[38] } else { QM31::ZERO })).add((if flags[29] { h[39] } else { QM31::ZERO })).add((if flags[30] { h[40] } else { QM31::ZERO })).add((if flags[31] { h[41] } else { QM31::ZERO })).add((if flags[32] { h[42] } else { QM31::ZERO })).add((if flags[33] { h[43] } else { QM31::ZERO })).add((if flags[34] { h[44] } else { QM31::ZERO })).add((if flags[35] { h[45] } else { QM31::ZERO })).add((if flags[36] { h[46] } else { QM31::ZERO })).add((if flags[37] { h[47] } else { QM31::ZERO })).add((if flags[38] { h[48] } else { QM31::ZERO })).add((if flags[39] { h[49] } else { QM31::ZERO })).add((if flags[40] { h[50] } else { QM31::ZERO })).add((if flags[41] { h[51] } else { QM31::ZERO })).add((if flags[42] { h[52] } else { QM31::ZERO }));
127 +     scratch[42]=(if flags[2] { h[32] } else { QM31::ZERO }).add((if flags[23] { h[33] } else { QM31::ZERO })).add((if flags[24] { h[34] } else { QM31::ZERO })).add((if flags[25] { h[35] } else { QM31::ZERO })).add((if flags[26] { h[36] } else { QM31::ZERO })).add((if flags[27] { h[37] } else { QM31::ZERO })).add((if flags[28] { h[38] } else { QM31::ZERO })).add((if flags[29] { h[39] } else { QM31::ZERO })).add((if flags[30] { h[40] } else { QM31::ZERO })).add((if flags[31] { h[41] } else { QM31::ZERO })).add((if flags[32] { h[42] } else { QM31::ZERO })).add((if flags[33] { h[43] } else { QM31::ZERO })).add((if flags[34] { h[44] } else { QM31::ZERO })).add(if flags[35] { h[45] } else { QM31::ZERO }).add((if flags[36] { h[46] } else { QM31::ZERO })).add((if flags[37] { h[47] } else { QM31::ZERO })).add((if flags[38] { h[48] } else { QM31::ZERO })).add((if flags[39] { h[49] } else { QM31::ZERO })).add((if flags[40] { h[50] } else { QM31::ZERO })).add((if flags[41] { h[51] } else { QM31::ZERO })).add((if flags[42] { h[52] } else { QM31::ZERO }));
    |

warning: unnecessary parentheses around method argument
   --> ../../docs/research/v8-no-work-100-20260907/experiments/copy_scatter_plan_generated.rs:127:615
    |
127 | ...lags[33] { h[43] } else { QM31::ZERO })).add((if flags[34] { h[44] } else { QM31::ZERO })).add((if flags[35] { h[45] } else { QM31::ZE...
    |                                                 ^                                          ^
    |
help: remove these parentheses
    |
127 -     scratch[42]=(if flags[2] { h[32] } else { QM31::ZERO }).add((if flags[23] { h[33] } else { QM31::ZERO })).add((if flags[24] { h[34] } else { QM31::ZERO })).add((if flags[25] { h[35] } else { QM31::ZERO })).add((if flags[26] { h[36] } else { QM31::ZERO })).add((if flags[27] { h[37] } else { QM31::ZERO })).add((if flags[28] { h[38] } else { QM31::ZERO })).add((if flags[29] { h[39] } else { QM31::ZERO })).add((if flags[30] { h[40] } else { QM31::ZERO })).add((if flags[31] { h[41] } else { QM31::ZERO })).add((if flags[32] { h[42] } else { QM31::ZERO })).add((if flags[33] { h[43] } else { QM31::ZERO })).add((if flags[34] { h[44] } else { QM31::ZERO })).add((if flags[35] { h[45] } else { QM31::ZERO })).add((if flags[36] { h[46] } else { QM31::ZERO })).add((if flags[37] { h[47] } else { QM31::ZERO })).add((if flags[38] { h[48] } else { QM31::ZERO })).add((if flags[39] { h[49] } else { QM31::ZERO })).add((if flags[40] { h[50] } else { QM31::ZERO })).add((if flags[41] { h[51] } else { QM31::ZERO })).add((if flags[42] { h[52] } else { QM31::ZERO }));
127 +     scratch[42]=(if flags[2] { h[32] } else { QM31::ZERO }).add((if flags[23] { h[33] } else { QM31::ZERO })).add((if flags[24] { h[34] } else { QM31::ZERO })).add((if flags[25] { h[35] } else { QM31::ZERO })).add((if flags[26] { h[36] } else { QM31::ZERO })).add((if flags[27] { h[37] } else { QM31::ZERO })).add((if flags[28] { h[38] } else { QM31::ZERO })).add((if flags[29] { h[39] } else { QM31::ZERO })).add((if flags[30] { h[40] } else { QM31::ZERO })).add((if flags[31] { h[41] } else { QM31::ZERO })).add((if flags[32] { h[42] } else { QM31::ZERO })).add((if flags[33] { h[43] } else { QM31::ZERO })).add(if flags[34] { h[44] } else { QM31::ZERO }).add((if flags[35] { h[45] } else { QM31::ZERO })).add((if flags[36] { h[46] } else { QM31::ZERO })).add((if flags[37] { h[47] } else { QM31::ZERO })).add((if flags[38] { h[48] } else { QM31::ZERO })).add((if flags[39] { h[49] } else { QM31::ZERO })).add((if flags[40] { h[50] } else { QM31::ZERO })).add((if flags[41] { h[51] } else { QM31::ZERO })).add((if flags[42] { h[52] } else { QM31::ZERO }));
    |

warning: unnecessary parentheses around method argument
   --> ../../docs/research/v8-no-work-100-20260907/experiments/copy_scatter_plan_generated.rs:127:565
    |
127 | ...lags[32] { h[42] } else { QM31::ZERO })).add((if flags[33] { h[43] } else { QM31::ZERO })).add((if flags[34] { h[44] } else { QM31::ZE...
    |                                                 ^                                          ^
    |
help: remove these parentheses
    |
127 -     scratch[42]=(if flags[2] { h[32] } else { QM31::ZERO }).add((if flags[23] { h[33] } else { QM31::ZERO })).add((if flags[24] { h[34] } else { QM31::ZERO })).add((if flags[25] { h[35] } else { QM31::ZERO })).add((if flags[26] { h[36] } else { QM31::ZERO })).add((if flags[27] { h[37] } else { QM31::ZERO })).add((if flags[28] { h[38] } else { QM31::ZERO })).add((if flags[29] { h[39] } else { QM31::ZERO })).add((if flags[30] { h[40] } else { QM31::ZERO })).add((if flags[31] { h[41] } else { QM31::ZERO })).add((if flags[32] { h[42] } else { QM31::ZERO })).add((if flags[33] { h[43] } else { QM31::ZERO })).add((if flags[34] { h[44] } else { QM31::ZERO })).add((if flags[35] { h[45] } else { QM31::ZERO })).add((if flags[36] { h[46] } else { QM31::ZERO })).add((if flags[37] { h[47] } else { QM31::ZERO })).add((if flags[38] { h[48] } else { QM31::ZERO })).add((if flags[39] { h[49] } else { QM31::ZERO })).add((if flags[40] { h[50] } else { QM31::ZERO })).add((if flags[41] { h[51] } else { QM31::ZERO })).add((if flags[42] { h[52] } else { QM31::ZERO }));
127 +     scratch[42]=(if flags[2] { h[32] } else { QM31::ZERO }).add((if flags[23] { h[33] } else { QM31::ZERO })).add((if flags[24] { h[34] } else { QM31::ZERO })).add((if flags[25] { h[35] } else { QM31::ZERO })).add((if flags[26] { h[36] } else { QM31::ZERO })).add((if flags[27] { h[37] } else { QM31::ZERO })).add((if flags[28] { h[38] } else { QM31::ZERO })).add((if flags[29] { h[39] } else { QM31::ZERO })).add((if flags[30] { h[40] } else { QM31::ZERO })).add((if flags[31] { h[41] } else { QM31::ZERO })).add((if flags[32] { h[42] } else { QM31::ZERO })).add(if flags[33] { h[43] } else { QM31::ZERO }).add((if flags[34] { h[44] } else { QM31::ZERO })).add((if flags[35] { h[45] } else { QM31::ZERO })).add((if flags[36] { h[46] } else { QM31::ZERO })).add((if flags[37] { h[47] } else { QM31::ZERO })).add((if flags[38] { h[48] } else { QM31::ZERO })).add((if flags[39] { h[49] } else { QM31::ZERO })).add((if flags[40] { h[50] } else { QM31::ZERO })).add((if flags[41] { h[51] } else { QM31::ZERO })).add((if flags[42] { h[52] } else { QM31::ZERO }));
    |

warning: unnecessary parentheses around method argument
   --> ../../docs/research/v8-no-work-100-20260907/experiments/copy_scatter_plan_generated.rs:127:515
    |
127 | ...lags[31] { h[41] } else { QM31::ZERO })).add((if flags[32] { h[42] } else { QM31::ZERO })).add((if flags[33] { h[43] } else { QM31::ZE...
    |                                                 ^                                          ^
    |
help: remove these parentheses
    |
127 -     scratch[42]=(if flags[2] { h[32] } else { QM31::ZERO }).add((if flags[23] { h[33] } else { QM31::ZERO })).add((if flags[24] { h[34] } else { QM31::ZERO })).add((if flags[25] { h[35] } else { QM31::ZERO })).add((if flags[26] { h[36] } else { QM31::ZERO })).add((if flags[27] { h[37] } else { QM31::ZERO })).add((if flags[28] { h[38] } else { QM31::ZERO })).add((if flags[29] { h[39] } else { QM31::ZERO })).add((if flags[30] { h[40] } else { QM31::ZERO })).add((if flags[31] { h[41] } else { QM31::ZERO })).add((if flags[32] { h[42] } else { QM31::ZERO })).add((if flags[33] { h[43] } else { QM31::ZERO })).add((if flags[34] { h[44] } else { QM31::ZERO })).add((if flags[35] { h[45] } else { QM31::ZERO })).add((if flags[36] { h[46] } else { QM31::ZERO })).add((if flags[37] { h[47] } else { QM31::ZERO })).add((if flags[38] { h[48] } else { QM31::ZERO })).add((if flags[39] { h[49] } else { QM31::ZERO })).add((if flags[40] { h[50] } else { QM31::ZERO })).add((if flags[41] { h[51] } else { QM31::ZERO })).add((if flags[42] { h[52] } else { QM31::ZERO }));
127 +     scratch[42]=(if flags[2] { h[32] } else { QM31::ZERO }).add((if flags[23] { h[33] } else { QM31::ZERO })).add((if flags[24] { h[34] } else { QM31::ZERO })).add((if flags[25] { h[35] } else { QM31::ZERO })).add((if flags[26] { h[36] } else { QM31::ZERO })).add((if flags[27] { h[37] } else { QM31::ZERO })).add((if flags[28] { h[38] } else { QM31::ZERO })).add((if flags[29] { h[39] } else { QM31::ZERO })).add((if flags[30] { h[40] } else { QM31::ZERO })).add((if flags[31] { h[41] } else { QM31::ZERO })).add(if flags[32] { h[42] } else { QM31::ZERO }).add((if flags[33] { h[43] } else { QM31::ZERO })).add((if flags[34] { h[44] } else { QM31::ZERO })).add((if flags[35] { h[45] } else { QM31::ZERO })).add((if flags[36] { h[46] } else { QM31::ZERO })).add((if flags[37] { h[47] } else { QM31::ZERO })).add((if flags[38] { h[48] } else { QM31::ZERO })).add((if flags[39] { h[49] } else { QM31::ZERO })).add((if flags[40] { h[50] } else { QM31::ZERO })).add((if flags[41] { h[51] } else { QM31::ZERO })).add((if flags[42] { h[52] } else { QM31::ZERO }));
    |

warning: unnecessary parentheses around method argument
   --> ../../docs/research/v8-no-work-100-20260907/experiments/copy_scatter_plan_generated.rs:127:465
    |
127 | ...lags[30] { h[40] } else { QM31::ZERO })).add((if flags[31] { h[41] } else { QM31::ZERO })).add((if flags[32] { h[42] } else { QM31::ZE...
    |                                                 ^                                          ^
    |
help: remove these parentheses
    |
127 -     scratch[42]=(if flags[2] { h[32] } else { QM31::ZERO }).add((if flags[23] { h[33] } else { QM31::ZERO })).add((if flags[24] { h[34] } else { QM31::ZERO })).add((if flags[25] { h[35] } else { QM31::ZERO })).add((if flags[26] { h[36] } else { QM31::ZERO })).add((if flags[27] { h[37] } else { QM31::ZERO })).add((if flags[28] { h[38] } else { QM31::ZERO })).add((if flags[29] { h[39] } else { QM31::ZERO })).add((if flags[30] { h[40] } else { QM31::ZERO })).add((if flags[31] { h[41] } else { QM31::ZERO })).add((if flags[32] { h[42] } else { QM31::ZERO })).add((if flags[33] { h[43] } else { QM31::ZERO })).add((if flags[34] { h[44] } else { QM31::ZERO })).add((if flags[35] { h[45] } else { QM31::ZERO })).add((if flags[36] { h[46] } else { QM31::ZERO })).add((if flags[37] { h[47] } else { QM31::ZERO })).add((if flags[38] { h[48] } else { QM31::ZERO })).add((if flags[39] { h[49] } else { QM31::ZERO })).add((if flags[40] { h[50] } else { QM31::ZERO })).add((if flags[41] { h[51] } else { QM31::ZERO })).add((if flags[42] { h[52] } else { QM31::ZERO }));
127 +     scratch[42]=(if flags[2] { h[32] } else { QM31::ZERO }).add((if flags[23] { h[33] } else { QM31::ZERO })).add((if flags[24] { h[34] } else { QM31::ZERO })).add((if flags[25] { h[35] } else { QM31::ZERO })).add((if flags[26] { h[36] } else { QM31::ZERO })).add((if flags[27] { h[37] } else { QM31::ZERO })).add((if flags[28] { h[38] } else { QM31::ZERO })).add((if flags[29] { h[39] } else { QM31::ZERO })).add((if flags[30] { h[40] } else { QM31::ZERO })).add(if flags[31] { h[41] } else { QM31::ZERO }).add((if flags[32] { h[42] } else { QM31::ZERO })).add((if flags[33] { h[43] } else { QM31::ZERO })).add((if flags[34] { h[44] } else { QM31::ZERO })).add((if flags[35] { h[45] } else { QM31::ZERO })).add((if flags[36] { h[46] } else { QM31::ZERO })).add((if flags[37] { h[47] } else { QM31::ZERO })).add((if flags[38] { h[48] } else { QM31::ZERO })).add((if flags[39] { h[49] } else { QM31::ZERO })).add((if flags[40] { h[50] } else { QM31::ZERO })).add((if flags[41] { h[51] } else { QM31::ZERO })).add((if flags[42] { h[52] } else { QM31::ZERO }));
    |

warning: unnecessary parentheses around method argument
   --> ../../docs/research/v8-no-work-100-20260907/experiments/copy_scatter_plan_generated.rs:127:415
    |
127 | ...lags[29] { h[39] } else { QM31::ZERO })).add((if flags[30] { h[40] } else { QM31::ZERO })).add((if flags[31] { h[41] } else { QM31::ZE...
    |                                                 ^                                          ^
    |
help: remove these parentheses
    |
127 -     scratch[42]=(if flags[2] { h[32] } else { QM31::ZERO }).add((if flags[23] { h[33] } else { QM31::ZERO })).add((if flags[24] { h[34] } else { QM31::ZERO })).add((if flags[25] { h[35] } else { QM31::ZERO })).add((if flags[26] { h[36] } else { QM31::ZERO })).add((if flags[27] { h[37] } else { QM31::ZERO })).add((if flags[28] { h[38] } else { QM31::ZERO })).add((if flags[29] { h[39] } else { QM31::ZERO })).add((if flags[30] { h[40] } else { QM31::ZERO })).add((if flags[31] { h[41] } else { QM31::ZERO })).add((if flags[32] { h[42] } else { QM31::ZERO })).add((if flags[33] { h[43] } else { QM31::ZERO })).add((if flags[34] { h[44] } else { QM31::ZERO })).add((if flags[35] { h[45] } else { QM31::ZERO })).add((if flags[36] { h[46] } else { QM31::ZERO })).add((if flags[37] { h[47] } else { QM31::ZERO })).add((if flags[38] { h[48] } else { QM31::ZERO })).add((if flags[39] { h[49] } else { QM31::ZERO })).add((if flags[40] { h[50] } else { QM31::ZERO })).add((if flags[41] { h[51] } else { QM31::ZERO })).add((if flags[42] { h[52] } else { QM31::ZERO }));
127 +     scratch[42]=(if flags[2] { h[32] } else { QM31::ZERO }).add((if flags[23] { h[33] } else { QM31::ZERO })).add((if flags[24] { h[34] } else { QM31::ZERO })).add((if flags[25] { h[35] } else { QM31::ZERO })).add((if flags[26] { h[36] } else { QM31::ZERO })).add((if flags[27] { h[37] } else { QM31::ZERO })).add((if flags[28] { h[38] } else { QM31::ZERO })).add((if flags[29] { h[39] } else { QM31::ZERO })).add(if flags[30] { h[40] } else { QM31::ZERO }).add((if flags[31] { h[41] } else { QM31::ZERO })).add((if flags[32] { h[42] } else { QM31::ZERO })).add((if flags[33] { h[43] } else { QM31::ZERO })).add((if flags[34] { h[44] } else { QM31::ZERO })).add((if flags[35] { h[45] } else { QM31::ZERO })).add((if flags[36] { h[46] } else { QM31::ZERO })).add((if flags[37] { h[47] } else { QM31::ZERO })).add((if flags[38] { h[48] } else { QM31::ZERO })).add((if flags[39] { h[49] } else { QM31::ZERO })).add((if flags[40] { h[50] } else { QM31::ZERO })).add((if flags[41] { h[51] } else { QM31::ZERO })).add((if flags[42] { h[52] } else { QM31::ZERO }));
    |

warning: unnecessary parentheses around method argument
   --> ../../docs/research/v8-no-work-100-20260907/experiments/copy_scatter_plan_generated.rs:127:365
    |
127 | ...lags[28] { h[38] } else { QM31::ZERO })).add((if flags[29] { h[39] } else { QM31::ZERO })).add((if flags[30] { h[40] } else { QM31::ZE...
    |                                                 ^                                          ^
    |
help: remove these parentheses
    |
127 -     scratch[42]=(if flags[2] { h[32] } else { QM31::ZERO }).add((if flags[23] { h[33] } else { QM31::ZERO })).add((if flags[24] { h[34] } else { QM31::ZERO })).add((if flags[25] { h[35] } else { QM31::ZERO })).add((if flags[26] { h[36] } else { QM31::ZERO })).add((if flags[27] { h[37] } else { QM31::ZERO })).add((if flags[28] { h[38] } else { QM31::ZERO })).add((if flags[29] { h[39] } else { QM31::ZERO })).add((if flags[30] { h[40] } else { QM31::ZERO })).add((if flags[31] { h[41] } else { QM31::ZERO })).add((if flags[32] { h[42] } else { QM31::ZERO })).add((if flags[33] { h[43] } else { QM31::ZERO })).add((if flags[34] { h[44] } else { QM31::ZERO })).add((if flags[35] { h[45] } else { QM31::ZERO })).add((if flags[36] { h[46] } else { QM31::ZERO })).add((if flags[37] { h[47] } else { QM31::ZERO })).add((if flags[38] { h[48] } else { QM31::ZERO })).add((if flags[39] { h[49] } else { QM31::ZERO })).add((if flags[40] { h[50] } else { QM31::ZERO })).add((if flags[41] { h[51] } else { QM31::ZERO })).add((if flags[42] { h[52] } else { QM31::ZERO }));
127 +     scratch[42]=(if flags[2] { h[32] } else { QM31::ZERO }).add((if flags[23] { h[33] } else { QM31::ZERO })).add((if flags[24] { h[34] } else { QM31::ZERO })).add((if flags[25] { h[35] } else { QM31::ZERO })).add((if flags[26] { h[36] } else { QM31::ZERO })).add((if flags[27] { h[37] } else { QM31::ZERO })).add((if flags[28] { h[38] } else { QM31::ZERO })).add(if flags[29] { h[39] } else { QM31::ZERO }).add((if flags[30] { h[40] } else { QM31::ZERO })).add((if flags[31] { h[41] } else { QM31::ZERO })).add((if flags[32] { h[42] } else { QM31::ZERO })).add((if flags[33] { h[43] } else { QM31::ZERO })).add((if flags[34] { h[44] } else { QM31::ZERO })).add((if flags[35] { h[45] } else { QM31::ZERO })).add((if flags[36] { h[46] } else { QM31::ZERO })).add((if flags[37] { h[47] } else { QM31::ZERO })).add((if flags[38] { h[48] } else { QM31::ZERO })).add((if flags[39] { h[49] } else { QM31::ZERO })).add((if flags[40] { h[50] } else { QM31::ZERO })).add((if flags[41] { h[51] } else { QM31::ZERO })).add((if flags[42] { h[52] } else { QM31::ZERO }));
    |

warning: unnecessary parentheses around method argument
   --> ../../docs/research/v8-no-work-100-20260907/experiments/copy_scatter_plan_generated.rs:127:315
    |
127 | ...lags[27] { h[37] } else { QM31::ZERO })).add((if flags[28] { h[38] } else { QM31::ZERO })).add((if flags[29] { h[39] } else { QM31::ZE...
    |                                                 ^                                          ^
    |
help: remove these parentheses
    |
127 -     scratch[42]=(if flags[2] { h[32] } else { QM31::ZERO }).add((if flags[23] { h[33] } else { QM31::ZERO })).add((if flags[24] { h[34] } else { QM31::ZERO })).add((if flags[25] { h[35] } else { QM31::ZERO })).add((if flags[26] { h[36] } else { QM31::ZERO })).add((if flags[27] { h[37] } else { QM31::ZERO })).add((if flags[28] { h[38] } else { QM31::ZERO })).add((if flags[29] { h[39] } else { QM31::ZERO })).add((if flags[30] { h[40] } else { QM31::ZERO })).add((if flags[31] { h[41] } else { QM31::ZERO })).add((if flags[32] { h[42] } else { QM31::ZERO })).add((if flags[33] { h[43] } else { QM31::ZERO })).add((if flags[34] { h[44] } else { QM31::ZERO })).add((if flags[35] { h[45] } else { QM31::ZERO })).add((if flags[36] { h[46] } else { QM31::ZERO })).add((if flags[37] { h[47] } else { QM31::ZERO })).add((if flags[38] { h[48] } else { QM31::ZERO })).add((if flags[39] { h[49] } else { QM31::ZERO })).add((if flags[40] { h[50] } else { QM31::ZERO })).add((if flags[41] { h[51] } else { QM31::ZERO })).add((if flags[42] { h[52] } else { QM31::ZERO }));
127 +     scratch[42]=(if flags[2] { h[32] } else { QM31::ZERO }).add((if flags[23] { h[33] } else { QM31::ZERO })).add((if flags[24] { h[34] } else { QM31::ZERO })).add((if flags[25] { h[35] } else { QM31::ZERO })).add((if flags[26] { h[36] } else { QM31::ZERO })).add((if flags[27] { h[37] } else { QM31::ZERO })).add(if flags[28] { h[38] } else { QM31::ZERO }).add((if flags[29] { h[39] } else { QM31::ZERO })).add((if flags[30] { h[40] } else { QM31::ZERO })).add((if flags[31] { h[41] } else { QM31::ZERO })).add((if flags[32] { h[42] } else { QM31::ZERO })).add((if flags[33] { h[43] } else { QM31::ZERO })).add((if flags[34] { h[44] } else { QM31::ZERO })).add((if flags[35] { h[45] } else { QM31::ZERO })).add((if flags[36] { h[46] } else { QM31::ZERO })).add((if flags[37] { h[47] } else { QM31::ZERO })).add((if flags[38] { h[48] } else { QM31::ZERO })).add((if flags[39] { h[49] } else { QM31::ZERO })).add((if flags[40] { h[50] } else { QM31::ZERO })).add((if flags[41] { h[51] } else { QM31::ZERO })).add((if flags[42] { h[52] } else { QM31::ZERO }));
    |

warning: unnecessary parentheses around method argument
   --> ../../docs/research/v8-no-work-100-20260907/experiments/copy_scatter_plan_generated.rs:127:265
    |
127 | ...lags[26] { h[36] } else { QM31::ZERO })).add((if flags[27] { h[37] } else { QM31::ZERO })).add((if flags[28] { h[38] } else { QM31::ZE...
    |                                                 ^                                          ^
    |
help: remove these parentheses
    |
127 -     scratch[42]=(if flags[2] { h[32] } else { QM31::ZERO }).add((if flags[23] { h[33] } else { QM31::ZERO })).add((if flags[24] { h[34] } else { QM31::ZERO })).add((if flags[25] { h[35] } else { QM31::ZERO })).add((if flags[26] { h[36] } else { QM31::ZERO })).add((if flags[27] { h[37] } else { QM31::ZERO })).add((if flags[28] { h[38] } else { QM31::ZERO })).add((if flags[29] { h[39] } else { QM31::ZERO })).add((if flags[30] { h[40] } else { QM31::ZERO })).add((if flags[31] { h[41] } else { QM31::ZERO })).add((if flags[32] { h[42] } else { QM31::ZERO })).add((if flags[33] { h[43] } else { QM31::ZERO })).add((if flags[34] { h[44] } else { QM31::ZERO })).add((if flags[35] { h[45] } else { QM31::ZERO })).add((if flags[36] { h[46] } else { QM31::ZERO })).add((if flags[37] { h[47] } else { QM31::ZERO })).add((if flags[38] { h[48] } else { QM31::ZERO })).add((if flags[39] { h[49] } else { QM31::ZERO })).add((if flags[40] { h[50] } else { QM31::ZERO })).add((if flags[41] { h[51] } else { QM31::ZERO })).add((if flags[42] { h[52] } else { QM31::ZERO }));
127 +     scratch[42]=(if flags[2] { h[32] } else { QM31::ZERO }).add((if flags[23] { h[33] } else { QM31::ZERO })).add((if flags[24] { h[34] } else { QM31::ZERO })).add((if flags[25] { h[35] } else { QM31::ZERO })).add((if flags[26] { h[36] } else { QM31::ZERO })).add(if flags[27] { h[37] } else { QM31::ZERO }).add((if flags[28] { h[38] } else { QM31::ZERO })).add((if flags[29] { h[39] } else { QM31::ZERO })).add((if flags[30] { h[40] } else { QM31::ZERO })).add((if flags[31] { h[41] } else { QM31::ZERO })).add((if flags[32] { h[42] } else { QM31::ZERO })).add((if flags[33] { h[43] } else { QM31::ZERO })).add((if flags[34] { h[44] } else { QM31::ZERO })).add((if flags[35] { h[45] } else { QM31::ZERO })).add((if flags[36] { h[46] } else { QM31::ZERO })).add((if flags[37] { h[47] } else { QM31::ZERO })).add((if flags[38] { h[48] } else { QM31::ZERO })).add((if flags[39] { h[49] } else { QM31::ZERO })).add((if flags[40] { h[50] } else { QM31::ZERO })).add((if flags[41] { h[51] } else { QM31::ZERO })).add((if flags[42] { h[52] } else { QM31::ZERO }));
    |

warning: unnecessary parentheses around method argument
   --> ../../docs/research/v8-no-work-100-20260907/experiments/copy_scatter_plan_generated.rs:127:215
    |
127 | ...lags[25] { h[35] } else { QM31::ZERO })).add((if flags[26] { h[36] } else { QM31::ZERO })).add((if flags[27] { h[37] } else { QM31::ZE...
    |                                                 ^                                          ^
    |
help: remove these parentheses
    |
127 -     scratch[42]=(if flags[2] { h[32] } else { QM31::ZERO }).add((if flags[23] { h[33] } else { QM31::ZERO })).add((if flags[24] { h[34] } else { QM31::ZERO })).add((if flags[25] { h[35] } else { QM31::ZERO })).add((if flags[26] { h[36] } else { QM31::ZERO })).add((if flags[27] { h[37] } else { QM31::ZERO })).add((if flags[28] { h[38] } else { QM31::ZERO })).add((if flags[29] { h[39] } else { QM31::ZERO })).add((if flags[30] { h[40] } else { QM31::ZERO })).add((if flags[31] { h[41] } else { QM31::ZERO })).add((if flags[32] { h[42] } else { QM31::ZERO })).add((if flags[33] { h[43] } else { QM31::ZERO })).add((if flags[34] { h[44] } else { QM31::ZERO })).add((if flags[35] { h[45] } else { QM31::ZERO })).add((if flags[36] { h[46] } else { QM31::ZERO })).add((if flags[37] { h[47] } else { QM31::ZERO })).add((if flags[38] { h[48] } else { QM31::ZERO })).add((if flags[39] { h[49] } else { QM31::ZERO })).add((if flags[40] { h[50] } else { QM31::ZERO })).add((if flags[41] { h[51] } else { QM31::ZERO })).add((if flags[42] { h[52] } else { QM31::ZERO }));
127 +     scratch[42]=(if flags[2] { h[32] } else { QM31::ZERO }).add((if flags[23] { h[33] } else { QM31::ZERO })).add((if flags[24] { h[34] } else { QM31::ZERO })).add((if flags[25] { h[35] } else { QM31::ZERO })).add(if flags[26] { h[36] } else { QM31::ZERO }).add((if flags[27] { h[37] } else { QM31::ZERO })).add((if flags[28] { h[38] } else { QM31::ZERO })).add((if flags[29] { h[39] } else { QM31::ZERO })).add((if flags[30] { h[40] } else { QM31::ZERO })).add((if flags[31] { h[41] } else { QM31::ZERO })).add((if flags[32] { h[42] } else { QM31::ZERO })).add((if flags[33] { h[43] } else { QM31::ZERO })).add((if flags[34] { h[44] } else { QM31::ZERO })).add((if flags[35] { h[45] } else { QM31::ZERO })).add((if flags[36] { h[46] } else { QM31::ZERO })).add((if flags[37] { h[47] } else { QM31::ZERO })).add((if flags[38] { h[48] } else { QM31::ZERO })).add((if flags[39] { h[49] } else { QM31::ZERO })).add((if flags[40] { h[50] } else { QM31::ZERO })).add((if flags[41] { h[51] } else { QM31::ZERO })).add((if flags[42] { h[52] } else { QM31::ZERO }));
    |

warning: unnecessary parentheses around method argument
   --> ../../docs/research/v8-no-work-100-20260907/experiments/copy_scatter_plan_generated.rs:127:165
    |
127 | ...lags[24] { h[34] } else { QM31::ZERO })).add((if flags[25] { h[35] } else { QM31::ZERO })).add((if flags[26] { h[36] } else { QM31::ZE...
    |                                                 ^                                          ^
    |
help: remove these parentheses
    |
127 -     scratch[42]=(if flags[2] { h[32] } else { QM31::ZERO }).add((if flags[23] { h[33] } else { QM31::ZERO })).add((if flags[24] { h[34] } else { QM31::ZERO })).add((if flags[25] { h[35] } else { QM31::ZERO })).add((if flags[26] { h[36] } else { QM31::ZERO })).add((if flags[27] { h[37] } else { QM31::ZERO })).add((if flags[28] { h[38] } else { QM31::ZERO })).add((if flags[29] { h[39] } else { QM31::ZERO })).add((if flags[30] { h[40] } else { QM31::ZERO })).add((if flags[31] { h[41] } else { QM31::ZERO })).add((if flags[32] { h[42] } else { QM31::ZERO })).add((if flags[33] { h[43] } else { QM31::ZERO })).add((if flags[34] { h[44] } else { QM31::ZERO })).add((if flags[35] { h[45] } else { QM31::ZERO })).add((if flags[36] { h[46] } else { QM31::ZERO })).add((if flags[37] { h[47] } else { QM31::ZERO })).add((if flags[38] { h[48] } else { QM31::ZERO })).add((if flags[39] { h[49] } else { QM31::ZERO })).add((if flags[40] { h[50] } else { QM31::ZERO })).add((if flags[41] { h[51] } else { QM31::ZERO })).add((if flags[42] { h[52] } else { QM31::ZERO }));
127 +     scratch[42]=(if flags[2] { h[32] } else { QM31::ZERO }).add((if flags[23] { h[33] } else { QM31::ZERO })).add((if flags[24] { h[34] } else { QM31::ZERO })).add(if flags[25] { h[35] } else { QM31::ZERO }).add((if flags[26] { h[36] } else { QM31::ZERO })).add((if flags[27] { h[37] } else { QM31::ZERO })).add((if flags[28] { h[38] } else { QM31::ZERO })).add((if flags[29] { h[39] } else { QM31::ZERO })).add((if flags[30] { h[40] } else { QM31::ZERO })).add((if flags[31] { h[41] } else { QM31::ZERO })).add((if flags[32] { h[42] } else { QM31::ZERO })).add((if flags[33] { h[43] } else { QM31::ZERO })).add((if flags[34] { h[44] } else { QM31::ZERO })).add((if flags[35] { h[45] } else { QM31::ZERO })).add((if flags[36] { h[46] } else { QM31::ZERO })).add((if flags[37] { h[47] } else { QM31::ZERO })).add((if flags[38] { h[48] } else { QM31::ZERO })).add((if flags[39] { h[49] } else { QM31::ZERO })).add((if flags[40] { h[50] } else { QM31::ZERO })).add((if flags[41] { h[51] } else { QM31::ZERO })).add((if flags[42] { h[52] } else { QM31::ZERO }));
    |

warning: unnecessary parentheses around method argument
   --> ../../docs/research/v8-no-work-100-20260907/experiments/copy_scatter_plan_generated.rs:127:115
    |
127 | ...lags[23] { h[33] } else { QM31::ZERO })).add((if flags[24] { h[34] } else { QM31::ZERO })).add((if flags[25] { h[35] } else { QM31::ZE...
    |                                                 ^                                          ^
    |
help: remove these parentheses
    |
127 -     scratch[42]=(if flags[2] { h[32] } else { QM31::ZERO }).add((if flags[23] { h[33] } else { QM31::ZERO })).add((if flags[24] { h[34] } else { QM31::ZERO })).add((if flags[25] { h[35] } else { QM31::ZERO })).add((if flags[26] { h[36] } else { QM31::ZERO })).add((if flags[27] { h[37] } else { QM31::ZERO })).add((if flags[28] { h[38] } else { QM31::ZERO })).add((if flags[29] { h[39] } else { QM31::ZERO })).add((if flags[30] { h[40] } else { QM31::ZERO })).add((if flags[31] { h[41] } else { QM31::ZERO })).add((if flags[32] { h[42] } else { QM31::ZERO })).add((if flags[33] { h[43] } else { QM31::ZERO })).add((if flags[34] { h[44] } else { QM31::ZERO })).add((if flags[35] { h[45] } else { QM31::ZERO })).add((if flags[36] { h[46] } else { QM31::ZERO })).add((if flags[37] { h[47] } else { QM31::ZERO })).add((if flags[38] { h[48] } else { QM31::ZERO })).add((if flags[39] { h[49] } else { QM31::ZERO })).add((if flags[40] { h[50] } else { QM31::ZERO })).add((if flags[41] { h[51] } else { QM31::ZERO })).add((if flags[42] { h[52] } else { QM31::ZERO }));
127 +     scratch[42]=(if flags[2] { h[32] } else { QM31::ZERO }).add((if flags[23] { h[33] } else { QM31::ZERO })).add(if flags[24] { h[34] } else { QM31::ZERO }).add((if flags[25] { h[35] } else { QM31::ZERO })).add((if flags[26] { h[36] } else { QM31::ZERO })).add((if flags[27] { h[37] } else { QM31::ZERO })).add((if flags[28] { h[38] } else { QM31::ZERO })).add((if flags[29] { h[39] } else { QM31::ZERO })).add((if flags[30] { h[40] } else { QM31::ZERO })).add((if flags[31] { h[41] } else { QM31::ZERO })).add((if flags[32] { h[42] } else { QM31::ZERO })).add((if flags[33] { h[43] } else { QM31::ZERO })).add((if flags[34] { h[44] } else { QM31::ZERO })).add((if flags[35] { h[45] } else { QM31::ZERO })).add((if flags[36] { h[46] } else { QM31::ZERO })).add((if flags[37] { h[47] } else { QM31::ZERO })).add((if flags[38] { h[48] } else { QM31::ZERO })).add((if flags[39] { h[49] } else { QM31::ZERO })).add((if flags[40] { h[50] } else { QM31::ZERO })).add((if flags[41] { h[51] } else { QM31::ZERO })).add((if flags[42] { h[52] } else { QM31::ZERO }));
    |

warning: unnecessary parentheses around method argument
   --> ../../docs/research/v8-no-work-100-20260907/experiments/copy_scatter_plan_generated.rs:127:65
    |
127 |     scratch[42]=(if flags[2] { h[32] } else { QM31::ZERO }).add((if flags[23] { h[33] } else { QM31::ZERO })).add((if flags[24] { h[34] }...
    |                                                                 ^                                          ^
    |
help: remove these parentheses
    |
127 -     scratch[42]=(if flags[2] { h[32] } else { QM31::ZERO }).add((if flags[23] { h[33] } else { QM31::ZERO })).add((if flags[24] { h[34] } else { QM31::ZERO })).add((if flags[25] { h[35] } else { QM31::ZERO })).add((if flags[26] { h[36] } else { QM31::ZERO })).add((if flags[27] { h[37] } else { QM31::ZERO })).add((if flags[28] { h[38] } else { QM31::ZERO })).add((if flags[29] { h[39] } else { QM31::ZERO })).add((if flags[30] { h[40] } else { QM31::ZERO })).add((if flags[31] { h[41] } else { QM31::ZERO })).add((if flags[32] { h[42] } else { QM31::ZERO })).add((if flags[33] { h[43] } else { QM31::ZERO })).add((if flags[34] { h[44] } else { QM31::ZERO })).add((if flags[35] { h[45] } else { QM31::ZERO })).add((if flags[36] { h[46] } else { QM31::ZERO })).add((if flags[37] { h[47] } else { QM31::ZERO })).add((if flags[38] { h[48] } else { QM31::ZERO })).add((if flags[39] { h[49] } else { QM31::ZERO })).add((if flags[40] { h[50] } else { QM31::ZERO })).add((if flags[41] { h[51] } else { QM31::ZERO })).add((if flags[42] { h[52] } else { QM31::ZERO }));
127 +     scratch[42]=(if flags[2] { h[32] } else { QM31::ZERO }).add(if flags[23] { h[33] } else { QM31::ZERO }).add((if flags[24] { h[34] } else { QM31::ZERO })).add((if flags[25] { h[35] } else { QM31::ZERO })).add((if flags[26] { h[36] } else { QM31::ZERO })).add((if flags[27] { h[37] } else { QM31::ZERO })).add((if flags[28] { h[38] } else { QM31::ZERO })).add((if flags[29] { h[39] } else { QM31::ZERO })).add((if flags[30] { h[40] } else { QM31::ZERO })).add((if flags[31] { h[41] } else { QM31::ZERO })).add((if flags[32] { h[42] } else { QM31::ZERO })).add((if flags[33] { h[43] } else { QM31::ZERO })).add((if flags[34] { h[44] } else { QM31::ZERO })).add((if flags[35] { h[45] } else { QM31::ZERO })).add((if flags[36] { h[46] } else { QM31::ZERO })).add((if flags[37] { h[47] } else { QM31::ZERO })).add((if flags[38] { h[48] } else { QM31::ZERO })).add((if flags[39] { h[49] } else { QM31::ZERO })).add((if flags[40] { h[50] } else { QM31::ZERO })).add((if flags[41] { h[51] } else { QM31::ZERO })).add((if flags[42] { h[52] } else { QM31::ZERO }));
    |

warning: unnecessary parentheses around assigned value
   --> ../../docs/research/v8-no-work-100-20260907/experiments/copy_scatter_plan_generated.rs:128:17
    |
128 |     scratch[43]=(if flags[0] { h[2] } else { QM31::ZERO });
    |                 ^                                        ^
    |
help: remove these parentheses
    |
128 -     scratch[43]=(if flags[0] { h[2] } else { QM31::ZERO });
128 +     scratch[43]=if flags[0] { h[2] } else { QM31::ZERO };
    |

warning: unnecessary parentheses around assigned value
   --> ../../docs/research/v8-no-work-100-20260907/experiments/copy_scatter_plan_generated.rs:129:17
    |
129 |     scratch[44]=(if flags[0] { n[4] } else { QM31::ZERO });
    |                 ^                                        ^
    |
help: remove these parentheses
    |
129 -     scratch[44]=(if flags[0] { n[4] } else { QM31::ZERO });
129 +     scratch[44]=if flags[0] { n[4] } else { QM31::ZERO };
    |

warning: unnecessary parentheses around method argument
   --> ../../docs/research/v8-no-work-100-20260907/experiments/copy_scatter_plan_generated.rs:130:1097
    |
130 | ...lags[41] { h[52] } else { QM31::ZERO })).add((if flags[42] { h[53] } else { QM31::ZERO }));
    |                                                 ^                                          ^
    |
help: remove these parentheses
    |
130 -     scratch[45]=(if flags[0] { h[33].add(h[63]).add(n[40].add(n[57])) } else { QM31::ZERO }).add((if flags[1] { n[51] } else { QM31::ZERO })).add((if flags[23] { h[34] } else { QM31::ZERO })).add((if flags[24] { h[35] } else { QM31::ZERO })).add((if flags[25] { h[36] } else { QM31::ZERO })).add((if flags[26] { h[37] } else { QM31::ZERO })).add((if flags[27] { h[38] } else { QM31::ZERO })).add((if flags[28] { h[39] } else { QM31::ZERO })).add((if flags[29] { h[40] } else { QM31::ZERO })).add((if flags[30] { h[41] } else { QM31::ZERO })).add((if flags[31] { h[42] } else { QM31::ZERO })).add((if flags[32] { h[43] } else { QM31::ZERO })).add((if flags[33] { h[44] } else { QM31::ZERO })).add((if flags[34] { h[45] } else { QM31::ZERO })).add((if flags[35] { h[46] } else { QM31::ZERO })).add((if flags[36] { h[47] } else { QM31::ZERO })).add((if flags[37] { h[48] } else { QM31::ZERO })).add((if flags[38] { h[49] } else { QM31::ZERO })).add((if flags[39] { h[50] } else { QM31::ZERO })).add((if flags[40] { h[51] } else { QM31::ZERO })).add((if flags[41] { h[52] } else { QM31::ZERO })).add((if flags[42] { h[53] } else { QM31::ZERO }));
130 +     scratch[45]=(if flags[0] { h[33].add(h[63]).add(n[40].add(n[57])) } else { QM31::ZERO }).add((if flags[1] { n[51] } else { QM31::ZERO })).add((if flags[23] { h[34] } else { QM31::ZERO })).add((if flags[24] { h[35] } else { QM31::ZERO })).add((if flags[25] { h[36] } else { QM31::ZERO })).add((if flags[26] { h[37] } else { QM31::ZERO })).add((if flags[27] { h[38] } else { QM31::ZERO })).add((if flags[28] { h[39] } else { QM31::ZERO })).add((if flags[29] { h[40] } else { QM31::ZERO })).add((if flags[30] { h[41] } else { QM31::ZERO })).add((if flags[31] { h[42] } else { QM31::ZERO })).add((if flags[32] { h[43] } else { QM31::ZERO })).add((if flags[33] { h[44] } else { QM31::ZERO })).add((if flags[34] { h[45] } else { QM31::ZERO })).add((if flags[35] { h[46] } else { QM31::ZERO })).add((if flags[36] { h[47] } else { QM31::ZERO })).add((if flags[37] { h[48] } else { QM31::ZERO })).add((if flags[38] { h[49] } else { QM31::ZERO })).add((if flags[39] { h[50] } else { QM31::ZERO })).add((if flags[40] { h[51] } else { QM31::ZERO })).add((if flags[41] { h[52] } else { QM31::ZERO })).add(if flags[42] { h[53] } else { QM31::ZERO });
    |

warning: unnecessary parentheses around method argument
   --> ../../docs/research/v8-no-work-100-20260907/experiments/copy_scatter_plan_generated.rs:130:1047
    |
130 | ...lags[40] { h[51] } else { QM31::ZERO })).add((if flags[41] { h[52] } else { QM31::ZERO })).add((if flags[42] { h[53] } else { QM31::ZE...
    |                                                 ^                                          ^
    |
help: remove these parentheses
    |
130 -     scratch[45]=(if flags[0] { h[33].add(h[63]).add(n[40].add(n[57])) } else { QM31::ZERO }).add((if flags[1] { n[51] } else { QM31::ZERO })).add((if flags[23] { h[34] } else { QM31::ZERO })).add((if flags[24] { h[35] } else { QM31::ZERO })).add((if flags[25] { h[36] } else { QM31::ZERO })).add((if flags[26] { h[37] } else { QM31::ZERO })).add((if flags[27] { h[38] } else { QM31::ZERO })).add((if flags[28] { h[39] } else { QM31::ZERO })).add((if flags[29] { h[40] } else { QM31::ZERO })).add((if flags[30] { h[41] } else { QM31::ZERO })).add((if flags[31] { h[42] } else { QM31::ZERO })).add((if flags[32] { h[43] } else { QM31::ZERO })).add((if flags[33] { h[44] } else { QM31::ZERO })).add((if flags[34] { h[45] } else { QM31::ZERO })).add((if flags[35] { h[46] } else { QM31::ZERO })).add((if flags[36] { h[47] } else { QM31::ZERO })).add((if flags[37] { h[48] } else { QM31::ZERO })).add((if flags[38] { h[49] } else { QM31::ZERO })).add((if flags[39] { h[50] } else { QM31::ZERO })).add((if flags[40] { h[51] } else { QM31::ZERO })).add((if flags[41] { h[52] } else { QM31::ZERO })).add((if flags[42] { h[53] } else { QM31::ZERO }));
130 +     scratch[45]=(if flags[0] { h[33].add(h[63]).add(n[40].add(n[57])) } else { QM31::ZERO }).add((if flags[1] { n[51] } else { QM31::ZERO })).add((if flags[23] { h[34] } else { QM31::ZERO })).add((if flags[24] { h[35] } else { QM31::ZERO })).add((if flags[25] { h[36] } else { QM31::ZERO })).add((if flags[26] { h[37] } else { QM31::ZERO })).add((if flags[27] { h[38] } else { QM31::ZERO })).add((if flags[28] { h[39] } else { QM31::ZERO })).add((if flags[29] { h[40] } else { QM31::ZERO })).add((if flags[30] { h[41] } else { QM31::ZERO })).add((if flags[31] { h[42] } else { QM31::ZERO })).add((if flags[32] { h[43] } else { QM31::ZERO })).add((if flags[33] { h[44] } else { QM31::ZERO })).add((if flags[34] { h[45] } else { QM31::ZERO })).add((if flags[35] { h[46] } else { QM31::ZERO })).add((if flags[36] { h[47] } else { QM31::ZERO })).add((if flags[37] { h[48] } else { QM31::ZERO })).add((if flags[38] { h[49] } else { QM31::ZERO })).add((if flags[39] { h[50] } else { QM31::ZERO })).add((if flags[40] { h[51] } else { QM31::ZERO })).add(if flags[41] { h[52] } else { QM31::ZERO }).add((if flags[42] { h[53] } else { QM31::ZERO }));
    |

warning: unnecessary parentheses around method argument
   --> ../../docs/research/v8-no-work-100-20260907/experiments/copy_scatter_plan_generated.rs:130:997
    |
130 | ...lags[39] { h[50] } else { QM31::ZERO })).add((if flags[40] { h[51] } else { QM31::ZERO })).add((if flags[41] { h[52] } else { QM31::ZE...
    |                                                 ^                                          ^
    |
help: remove these parentheses
    |
130 -     scratch[45]=(if flags[0] { h[33].add(h[63]).add(n[40].add(n[57])) } else { QM31::ZERO }).add((if flags[1] { n[51] } else { QM31::ZERO })).add((if flags[23] { h[34] } else { QM31::ZERO })).add((if flags[24] { h[35] } else { QM31::ZERO })).add((if flags[25] { h[36] } else { QM31::ZERO })).add((if flags[26] { h[37] } else { QM31::ZERO })).add((if flags[27] { h[38] } else { QM31::ZERO })).add((if flags[28] { h[39] } else { QM31::ZERO })).add((if flags[29] { h[40] } else { QM31::ZERO })).add((if flags[30] { h[41] } else { QM31::ZERO })).add((if flags[31] { h[42] } else { QM31::ZERO })).add((if flags[32] { h[43] } else { QM31::ZERO })).add((if flags[33] { h[44] } else { QM31::ZERO })).add((if flags[34] { h[45] } else { QM31::ZERO })).add((if flags[35] { h[46] } else { QM31::ZERO })).add((if flags[36] { h[47] } else { QM31::ZERO })).add((if flags[37] { h[48] } else { QM31::ZERO })).add((if flags[38] { h[49] } else { QM31::ZERO })).add((if flags[39] { h[50] } else { QM31::ZERO })).add((if flags[40] { h[51] } else { QM31::ZERO })).add((if flags[41] { h[52] } else { QM31::ZERO })).add((if flags[42] { h[53] } else { QM31::ZERO }));
130 +     scratch[45]=(if flags[0] { h[33].add(h[63]).add(n[40].add(n[57])) } else { QM31::ZERO }).add((if flags[1] { n[51] } else { QM31::ZERO })).add((if flags[23] { h[34] } else { QM31::ZERO })).add((if flags[24] { h[35] } else { QM31::ZERO })).add((if flags[25] { h[36] } else { QM31::ZERO })).add((if flags[26] { h[37] } else { QM31::ZERO })).add((if flags[27] { h[38] } else { QM31::ZERO })).add((if flags[28] { h[39] } else { QM31::ZERO })).add((if flags[29] { h[40] } else { QM31::ZERO })).add((if flags[30] { h[41] } else { QM31::ZERO })).add((if flags[31] { h[42] } else { QM31::ZERO })).add((if flags[32] { h[43] } else { QM31::ZERO })).add((if flags[33] { h[44] } else { QM31::ZERO })).add((if flags[34] { h[45] } else { QM31::ZERO })).add((if flags[35] { h[46] } else { QM31::ZERO })).add((if flags[36] { h[47] } else { QM31::ZERO })).add((if flags[37] { h[48] } else { QM31::ZERO })).add((if flags[38] { h[49] } else { QM31::ZERO })).add((if flags[39] { h[50] } else { QM31::ZERO })).add(if flags[40] { h[51] } else { QM31::ZERO }).add((if flags[41] { h[52] } else { QM31::ZERO })).add((if flags[42] { h[53] } else { QM31::ZERO }));
    |

warning: unnecessary parentheses around method argument
   --> ../../docs/research/v8-no-work-100-20260907/experiments/copy_scatter_plan_generated.rs:130:947
    |
130 | ...lags[38] { h[49] } else { QM31::ZERO })).add((if flags[39] { h[50] } else { QM31::ZERO })).add((if flags[40] { h[51] } else { QM31::ZE...
    |                                                 ^                                          ^
    |
help: remove these parentheses
    |
130 -     scratch[45]=(if flags[0] { h[33].add(h[63]).add(n[40].add(n[57])) } else { QM31::ZERO }).add((if flags[1] { n[51] } else { QM31::ZERO })).add((if flags[23] { h[34] } else { QM31::ZERO })).add((if flags[24] { h[35] } else { QM31::ZERO })).add((if flags[25] { h[36] } else { QM31::ZERO })).add((if flags[26] { h[37] } else { QM31::ZERO })).add((if flags[27] { h[38] } else { QM31::ZERO })).add((if flags[28] { h[39] } else { QM31::ZERO })).add((if flags[29] { h[40] } else { QM31::ZERO })).add((if flags[30] { h[41] } else { QM31::ZERO })).add((if flags[31] { h[42] } else { QM31::ZERO })).add((if flags[32] { h[43] } else { QM31::ZERO })).add((if flags[33] { h[44] } else { QM31::ZERO })).add((if flags[34] { h[45] } else { QM31::ZERO })).add((if flags[35] { h[46] } else { QM31::ZERO })).add((if flags[36] { h[47] } else { QM31::ZERO })).add((if flags[37] { h[48] } else { QM31::ZERO })).add((if flags[38] { h[49] } else { QM31::ZERO })).add((if flags[39] { h[50] } else { QM31::ZERO })).add((if flags[40] { h[51] } else { QM31::ZERO })).add((if flags[41] { h[52] } else { QM31::ZERO })).add((if flags[42] { h[53] } else { QM31::ZERO }));
130 +     scratch[45]=(if flags[0] { h[33].add(h[63]).add(n[40].add(n[57])) } else { QM31::ZERO }).add((if flags[1] { n[51] } else { QM31::ZERO })).add((if flags[23] { h[34] } else { QM31::ZERO })).add((if flags[24] { h[35] } else { QM31::ZERO })).add((if flags[25] { h[36] } else { QM31::ZERO })).add((if flags[26] { h[37] } else { QM31::ZERO })).add((if flags[27] { h[38] } else { QM31::ZERO })).add((if flags[28] { h[39] } else { QM31::ZERO })).add((if flags[29] { h[40] } else { QM31::ZERO })).add((if flags[30] { h[41] } else { QM31::ZERO })).add((if flags[31] { h[42] } else { QM31::ZERO })).add((if flags[32] { h[43] } else { QM31::ZERO })).add((if flags[33] { h[44] } else { QM31::ZERO })).add((if flags[34] { h[45] } else { QM31::ZERO })).add((if flags[35] { h[46] } else { QM31::ZERO })).add((if flags[36] { h[47] } else { QM31::ZERO })).add((if flags[37] { h[48] } else { QM31::ZERO })).add((if flags[38] { h[49] } else { QM31::ZERO })).add(if flags[39] { h[50] } else { QM31::ZERO }).add((if flags[40] { h[51] } else { QM31::ZERO })).add((if flags[41] { h[52] } else { QM31::ZERO })).add((if flags[42] { h[53] } else { QM31::ZERO }));
    |

warning: unnecessary parentheses around method argument
   --> ../../docs/research/v8-no-work-100-20260907/experiments/copy_scatter_plan_generated.rs:130:897
    |
130 | ...lags[37] { h[48] } else { QM31::ZERO })).add((if flags[38] { h[49] } else { QM31::ZERO })).add((if flags[39] { h[50] } else { QM31::ZE...
    |                                                 ^                                          ^
    |
help: remove these parentheses
    |
130 -     scratch[45]=(if flags[0] { h[33].add(h[63]).add(n[40].add(n[57])) } else { QM31::ZERO }).add((if flags[1] { n[51] } else { QM31::ZERO })).add((if flags[23] { h[34] } else { QM31::ZERO })).add((if flags[24] { h[35] } else { QM31::ZERO })).add((if flags[25] { h[36] } else { QM31::ZERO })).add((if flags[26] { h[37] } else { QM31::ZERO })).add((if flags[27] { h[38] } else { QM31::ZERO })).add((if flags[28] { h[39] } else { QM31::ZERO })).add((if flags[29] { h[40] } else { QM31::ZERO })).add((if flags[30] { h[41] } else { QM31::ZERO })).add((if flags[31] { h[42] } else { QM31::ZERO })).add((if flags[32] { h[43] } else { QM31::ZERO })).add((if flags[33] { h[44] } else { QM31::ZERO })).add((if flags[34] { h[45] } else { QM31::ZERO })).add((if flags[35] { h[46] } else { QM31::ZERO })).add((if flags[36] { h[47] } else { QM31::ZERO })).add((if flags[37] { h[48] } else { QM31::ZERO })).add((if flags[38] { h[49] } else { QM31::ZERO })).add((if flags[39] { h[50] } else { QM31::ZERO })).add((if flags[40] { h[51] } else { QM31::ZERO })).add((if flags[41] { h[52] } else { QM31::ZERO })).add((if flags[42] { h[53] } else { QM31::ZERO }));
130 +     scratch[45]=(if flags[0] { h[33].add(h[63]).add(n[40].add(n[57])) } else { QM31::ZERO }).add((if flags[1] { n[51] } else { QM31::ZERO })).add((if flags[23] { h[34] } else { QM31::ZERO })).add((if flags[24] { h[35] } else { QM31::ZERO })).add((if flags[25] { h[36] } else { QM31::ZERO })).add((if flags[26] { h[37] } else { QM31::ZERO })).add((if flags[27] { h[38] } else { QM31::ZERO })).add((if flags[28] { h[39] } else { QM31::ZERO })).add((if flags[29] { h[40] } else { QM31::ZERO })).add((if flags[30] { h[41] } else { QM31::ZERO })).add((if flags[31] { h[42] } else { QM31::ZERO })).add((if flags[32] { h[43] } else { QM31::ZERO })).add((if flags[33] { h[44] } else { QM31::ZERO })).add((if flags[34] { h[45] } else { QM31::ZERO })).add((if flags[35] { h[46] } else { QM31::ZERO })).add((if flags[36] { h[47] } else { QM31::ZERO })).add((if flags[37] { h[48] } else { QM31::ZERO })).add(if flags[38] { h[49] } else { QM31::ZERO }).add((if flags[39] { h[50] } else { QM31::ZERO })).add((if flags[40] { h[51] } else { QM31::ZERO })).add((if flags[41] { h[52] } else { QM31::ZERO })).add((if flags[42] { h[53] } else { QM31::ZERO }));
    |

warning: unnecessary parentheses around method argument
   --> ../../docs/research/v8-no-work-100-20260907/experiments/copy_scatter_plan_generated.rs:130:847
    |
130 | ...lags[36] { h[47] } else { QM31::ZERO })).add((if flags[37] { h[48] } else { QM31::ZERO })).add((if flags[38] { h[49] } else { QM31::ZE...
    |                                                 ^                                          ^
    |
help: remove these parentheses
    |
130 -     scratch[45]=(if flags[0] { h[33].add(h[63]).add(n[40].add(n[57])) } else { QM31::ZERO }).add((if flags[1] { n[51] } else { QM31::ZERO })).add((if flags[23] { h[34] } else { QM31::ZERO })).add((if flags[24] { h[35] } else { QM31::ZERO })).add((if flags[25] { h[36] } else { QM31::ZERO })).add((if flags[26] { h[37] } else { QM31::ZERO })).add((if flags[27] { h[38] } else { QM31::ZERO })).add((if flags[28] { h[39] } else { QM31::ZERO })).add((if flags[29] { h[40] } else { QM31::ZERO })).add((if flags[30] { h[41] } else { QM31::ZERO })).add((if flags[31] { h[42] } else { QM31::ZERO })).add((if flags[32] { h[43] } else { QM31::ZERO })).add((if flags[33] { h[44] } else { QM31::ZERO })).add((if flags[34] { h[45] } else { QM31::ZERO })).add((if flags[35] { h[46] } else { QM31::ZERO })).add((if flags[36] { h[47] } else { QM31::ZERO })).add((if flags[37] { h[48] } else { QM31::ZERO })).add((if flags[38] { h[49] } else { QM31::ZERO })).add((if flags[39] { h[50] } else { QM31::ZERO })).add((if flags[40] { h[51] } else { QM31::ZERO })).add((if flags[41] { h[52] } else { QM31::ZERO })).add((if flags[42] { h[53] } else { QM31::ZERO }));
130 +     scratch[45]=(if flags[0] { h[33].add(h[63]).add(n[40].add(n[57])) } else { QM31::ZERO }).add((if flags[1] { n[51] } else { QM31::ZERO })).add((if flags[23] { h[34] } else { QM31::ZERO })).add((if flags[24] { h[35] } else { QM31::ZERO })).add((if flags[25] { h[36] } else { QM31::ZERO })).add((if flags[26] { h[37] } else { QM31::ZERO })).add((if flags[27] { h[38] } else { QM31::ZERO })).add((if flags[28] { h[39] } else { QM31::ZERO })).add((if flags[29] { h[40] } else { QM31::ZERO })).add((if flags[30] { h[41] } else { QM31::ZERO })).add((if flags[31] { h[42] } else { QM31::ZERO })).add((if flags[32] { h[43] } else { QM31::ZERO })).add((if flags[33] { h[44] } else { QM31::ZERO })).add((if flags[34] { h[45] } else { QM31::ZERO })).add((if flags[35] { h[46] } else { QM31::ZERO })).add((if flags[36] { h[47] } else { QM31::ZERO })).add(if flags[37] { h[48] } else { QM31::ZERO }).add((if flags[38] { h[49] } else { QM31::ZERO })).add((if flags[39] { h[50] } else { QM31::ZERO })).add((if flags[40] { h[51] } else { QM31::ZERO })).add((if flags[41] { h[52] } else { QM31::ZERO })).add((if flags[42] { h[53] } else { QM31::ZERO }));
    |

warning: unnecessary parentheses around method argument
   --> ../../docs/research/v8-no-work-100-20260907/experiments/copy_scatter_plan_generated.rs:130:797
    |
130 | ...lags[35] { h[46] } else { QM31::ZERO })).add((if flags[36] { h[47] } else { QM31::ZERO })).add((if flags[37] { h[48] } else { QM31::ZE...
    |                                                 ^                                          ^
    |
help: remove these parentheses
    |
130 -     scratch[45]=(if flags[0] { h[33].add(h[63]).add(n[40].add(n[57])) } else { QM31::ZERO }).add((if flags[1] { n[51] } else { QM31::ZERO })).add((if flags[23] { h[34] } else { QM31::ZERO })).add((if flags[24] { h[35] } else { QM31::ZERO })).add((if flags[25] { h[36] } else { QM31::ZERO })).add((if flags[26] { h[37] } else { QM31::ZERO })).add((if flags[27] { h[38] } else { QM31::ZERO })).add((if flags[28] { h[39] } else { QM31::ZERO })).add((if flags[29] { h[40] } else { QM31::ZERO })).add((if flags[30] { h[41] } else { QM31::ZERO })).add((if flags[31] { h[42] } else { QM31::ZERO })).add((if flags[32] { h[43] } else { QM31::ZERO })).add((if flags[33] { h[44] } else { QM31::ZERO })).add((if flags[34] { h[45] } else { QM31::ZERO })).add((if flags[35] { h[46] } else { QM31::ZERO })).add((if flags[36] { h[47] } else { QM31::ZERO })).add((if flags[37] { h[48] } else { QM31::ZERO })).add((if flags[38] { h[49] } else { QM31::ZERO })).add((if flags[39] { h[50] } else { QM31::ZERO })).add((if flags[40] { h[51] } else { QM31::ZERO })).add((if flags[41] { h[52] } else { QM31::ZERO })).add((if flags[42] { h[53] } else { QM31::ZERO }));
130 +     scratch[45]=(if flags[0] { h[33].add(h[63]).add(n[40].add(n[57])) } else { QM31::ZERO }).add((if flags[1] { n[51] } else { QM31::ZERO })).add((if flags[23] { h[34] } else { QM31::ZERO })).add((if flags[24] { h[35] } else { QM31::ZERO })).add((if flags[25] { h[36] } else { QM31::ZERO })).add((if flags[26] { h[37] } else { QM31::ZERO })).add((if flags[27] { h[38] } else { QM31::ZERO })).add((if flags[28] { h[39] } else { QM31::ZERO })).add((if flags[29] { h[40] } else { QM31::ZERO })).add((if flags[30] { h[41] } else { QM31::ZERO })).add((if flags[31] { h[42] } else { QM31::ZERO })).add((if flags[32] { h[43] } else { QM31::ZERO })).add((if flags[33] { h[44] } else { QM31::ZERO })).add((if flags[34] { h[45] } else { QM31::ZERO })).add((if flags[35] { h[46] } else { QM31::ZERO })).add(if flags[36] { h[47] } else { QM31::ZERO }).add((if flags[37] { h[48] } else { QM31::ZERO })).add((if flags[38] { h[49] } else { QM31::ZERO })).add((if flags[39] { h[50] } else { QM31::ZERO })).add((if flags[40] { h[51] } else { QM31::ZERO })).add((if flags[41] { h[52] } else { QM31::ZERO })).add((if flags[42] { h[53] } else { QM31::ZERO }));
    |

warning: unnecessary parentheses around method argument
   --> ../../docs/research/v8-no-work-100-20260907/experiments/copy_scatter_plan_generated.rs:130:747
    |
130 | ...lags[34] { h[45] } else { QM31::ZERO })).add((if flags[35] { h[46] } else { QM31::ZERO })).add((if flags[36] { h[47] } else { QM31::ZE...
    |                                                 ^                                          ^
    |
help: remove these parentheses
    |
130 -     scratch[45]=(if flags[0] { h[33].add(h[63]).add(n[40].add(n[57])) } else { QM31::ZERO }).add((if flags[1] { n[51] } else { QM31::ZERO })).add((if flags[23] { h[34] } else { QM31::ZERO })).add((if flags[24] { h[35] } else { QM31::ZERO })).add((if flags[25] { h[36] } else { QM31::ZERO })).add((if flags[26] { h[37] } else { QM31::ZERO })).add((if flags[27] { h[38] } else { QM31::ZERO })).add((if flags[28] { h[39] } else { QM31::ZERO })).add((if flags[29] { h[40] } else { QM31::ZERO })).add((if flags[30] { h[41] } else { QM31::ZERO })).add((if flags[31] { h[42] } else { QM31::ZERO })).add((if flags[32] { h[43] } else { QM31::ZERO })).add((if flags[33] { h[44] } else { QM31::ZERO })).add((if flags[34] { h[45] } else { QM31::ZERO })).add((if flags[35] { h[46] } else { QM31::ZERO })).add((if flags[36] { h[47] } else { QM31::ZERO })).add((if flags[37] { h[48] } else { QM31::ZERO })).add((if flags[38] { h[49] } else { QM31::ZERO })).add((if flags[39] { h[50] } else { QM31::ZERO })).add((if flags[40] { h[51] } else { QM31::ZERO })).add((if flags[41] { h[52] } else { QM31::ZERO })).add((if flags[42] { h[53] } else { QM31::ZERO }));
130 +     scratch[45]=(if flags[0] { h[33].add(h[63]).add(n[40].add(n[57])) } else { QM31::ZERO }).add((if flags[1] { n[51] } else { QM31::ZERO })).add((if flags[23] { h[34] } else { QM31::ZERO })).add((if flags[24] { h[35] } else { QM31::ZERO })).add((if flags[25] { h[36] } else { QM31::ZERO })).add((if flags[26] { h[37] } else { QM31::ZERO })).add((if flags[27] { h[38] } else { QM31::ZERO })).add((if flags[28] { h[39] } else { QM31::ZERO })).add((if flags[29] { h[40] } else { QM31::ZERO })).add((if flags[30] { h[41] } else { QM31::ZERO })).add((if flags[31] { h[42] } else { QM31::ZERO })).add((if flags[32] { h[43] } else { QM31::ZERO })).add((if flags[33] { h[44] } else { QM31::ZERO })).add((if flags[34] { h[45] } else { QM31::ZERO })).add(if flags[35] { h[46] } else { QM31::ZERO }).add((if flags[36] { h[47] } else { QM31::ZERO })).add((if flags[37] { h[48] } else { QM31::ZERO })).add((if flags[38] { h[49] } else { QM31::ZERO })).add((if flags[39] { h[50] } else { QM31::ZERO })).add((if flags[40] { h[51] } else { QM31::ZERO })).add((if flags[41] { h[52] } else { QM31::ZERO })).add((if flags[42] { h[53] } else { QM31::ZERO }));
    |

warning: unnecessary parentheses around method argument
   --> ../../docs/research/v8-no-work-100-20260907/experiments/copy_scatter_plan_generated.rs:130:697
    |
130 | ...lags[33] { h[44] } else { QM31::ZERO })).add((if flags[34] { h[45] } else { QM31::ZERO })).add((if flags[35] { h[46] } else { QM31::ZE...
    |                                                 ^                                          ^
    |
help: remove these parentheses
    |
130 -     scratch[45]=(if flags[0] { h[33].add(h[63]).add(n[40].add(n[57])) } else { QM31::ZERO }).add((if flags[1] { n[51] } else { QM31::ZERO })).add((if flags[23] { h[34] } else { QM31::ZERO })).add((if flags[24] { h[35] } else { QM31::ZERO })).add((if flags[25] { h[36] } else { QM31::ZERO })).add((if flags[26] { h[37] } else { QM31::ZERO })).add((if flags[27] { h[38] } else { QM31::ZERO })).add((if flags[28] { h[39] } else { QM31::ZERO })).add((if flags[29] { h[40] } else { QM31::ZERO })).add((if flags[30] { h[41] } else { QM31::ZERO })).add((if flags[31] { h[42] } else { QM31::ZERO })).add((if flags[32] { h[43] } else { QM31::ZERO })).add((if flags[33] { h[44] } else { QM31::ZERO })).add((if flags[34] { h[45] } else { QM31::ZERO })).add((if flags[35] { h[46] } else { QM31::ZERO })).add((if flags[36] { h[47] } else { QM31::ZERO })).add((if flags[37] { h[48] } else { QM31::ZERO })).add((if flags[38] { h[49] } else { QM31::ZERO })).add((if flags[39] { h[50] } else { QM31::ZERO })).add((if flags[40] { h[51] } else { QM31::ZERO })).add((if flags[41] { h[52] } else { QM31::ZERO })).add((if flags[42] { h[53] } else { QM31::ZERO }));
130 +     scratch[45]=(if flags[0] { h[33].add(h[63]).add(n[40].add(n[57])) } else { QM31::ZERO }).add((if flags[1] { n[51] } else { QM31::ZERO })).add((if flags[23] { h[34] } else { QM31::ZERO })).add((if flags[24] { h[35] } else { QM31::ZERO })).add((if flags[25] { h[36] } else { QM31::ZERO })).add((if flags[26] { h[37] } else { QM31::ZERO })).add((if flags[27] { h[38] } else { QM31::ZERO })).add((if flags[28] { h[39] } else { QM31::ZERO })).add((if flags[29] { h[40] } else { QM31::ZERO })).add((if flags[30] { h[41] } else { QM31::ZERO })).add((if flags[31] { h[42] } else { QM31::ZERO })).add((if flags[32] { h[43] } else { QM31::ZERO })).add((if flags[33] { h[44] } else { QM31::ZERO })).add(if flags[34] { h[45] } else { QM31::ZERO }).add((if flags[35] { h[46] } else { QM31::ZERO })).add((if flags[36] { h[47] } else { QM31::ZERO })).add((if flags[37] { h[48] } else { QM31::ZERO })).add((if flags[38] { h[49] } else { QM31::ZERO })).add((if flags[39] { h[50] } else { QM31::ZERO })).add((if flags[40] { h[51] } else { QM31::ZERO })).add((if flags[41] { h[52] } else { QM31::ZERO })).add((if flags[42] { h[53] } else { QM31::ZERO }));
    |

warning: unnecessary parentheses around method argument
   --> ../../docs/research/v8-no-work-100-20260907/experiments/copy_scatter_plan_generated.rs:130:647
    |
130 | ...lags[32] { h[43] } else { QM31::ZERO })).add((if flags[33] { h[44] } else { QM31::ZERO })).add((if flags[34] { h[45] } else { QM31::ZE...
    |                                                 ^                                          ^
    |
help: remove these parentheses
    |
130 -     scratch[45]=(if flags[0] { h[33].add(h[63]).add(n[40].add(n[57])) } else { QM31::ZERO }).add((if flags[1] { n[51] } else { QM31::ZERO })).add((if flags[23] { h[34] } else { QM31::ZERO })).add((if flags[24] { h[35] } else { QM31::ZERO })).add((if flags[25] { h[36] } else { QM31::ZERO })).add((if flags[26] { h[37] } else { QM31::ZERO })).add((if flags[27] { h[38] } else { QM31::ZERO })).add((if flags[28] { h[39] } else { QM31::ZERO })).add((if flags[29] { h[40] } else { QM31::ZERO })).add((if flags[30] { h[41] } else { QM31::ZERO })).add((if flags[31] { h[42] } else { QM31::ZERO })).add((if flags[32] { h[43] } else { QM31::ZERO })).add((if flags[33] { h[44] } else { QM31::ZERO })).add((if flags[34] { h[45] } else { QM31::ZERO })).add((if flags[35] { h[46] } else { QM31::ZERO })).add((if flags[36] { h[47] } else { QM31::ZERO })).add((if flags[37] { h[48] } else { QM31::ZERO })).add((if flags[38] { h[49] } else { QM31::ZERO })).add((if flags[39] { h[50] } else { QM31::ZERO })).add((if flags[40] { h[51] } else { QM31::ZERO })).add((if flags[41] { h[52] } else { QM31::ZERO })).add((if flags[42] { h[53] } else { QM31::ZERO }));
130 +     scratch[45]=(if flags[0] { h[33].add(h[63]).add(n[40].add(n[57])) } else { QM31::ZERO }).add((if flags[1] { n[51] } else { QM31::ZERO })).add((if flags[23] { h[34] } else { QM31::ZERO })).add((if flags[24] { h[35] } else { QM31::ZERO })).add((if flags[25] { h[36] } else { QM31::ZERO })).add((if flags[26] { h[37] } else { QM31::ZERO })).add((if flags[27] { h[38] } else { QM31::ZERO })).add((if flags[28] { h[39] } else { QM31::ZERO })).add((if flags[29] { h[40] } else { QM31::ZERO })).add((if flags[30] { h[41] } else { QM31::ZERO })).add((if flags[31] { h[42] } else { QM31::ZERO })).add((if flags[32] { h[43] } else { QM31::ZERO })).add(if flags[33] { h[44] } else { QM31::ZERO }).add((if flags[34] { h[45] } else { QM31::ZERO })).add((if flags[35] { h[46] } else { QM31::ZERO })).add((if flags[36] { h[47] } else { QM31::ZERO })).add((if flags[37] { h[48] } else { QM31::ZERO })).add((if flags[38] { h[49] } else { QM31::ZERO })).add((if flags[39] { h[50] } else { QM31::ZERO })).add((if flags[40] { h[51] } else { QM31::ZERO })).add((if flags[41] { h[52] } else { QM31::ZERO })).add((if flags[42] { h[53] } else { QM31::ZERO }));
    |

warning: unnecessary parentheses around method argument
   --> ../../docs/research/v8-no-work-100-20260907/experiments/copy_scatter_plan_generated.rs:130:597
    |
130 | ...lags[31] { h[42] } else { QM31::ZERO })).add((if flags[32] { h[43] } else { QM31::ZERO })).add((if flags[33] { h[44] } else { QM31::ZE...
    |                                                 ^                                          ^
    |
help: remove these parentheses
    |
130 -     scratch[45]=(if flags[0] { h[33].add(h[63]).add(n[40].add(n[57])) } else { QM31::ZERO }).add((if flags[1] { n[51] } else { QM31::ZERO })).add((if flags[23] { h[34] } else { QM31::ZERO })).add((if flags[24] { h[35] } else { QM31::ZERO })).add((if flags[25] { h[36] } else { QM31::ZERO })).add((if flags[26] { h[37] } else { QM31::ZERO })).add((if flags[27] { h[38] } else { QM31::ZERO })).add((if flags[28] { h[39] } else { QM31::ZERO })).add((if flags[29] { h[40] } else { QM31::ZERO })).add((if flags[30] { h[41] } else { QM31::ZERO })).add((if flags[31] { h[42] } else { QM31::ZERO })).add((if flags[32] { h[43] } else { QM31::ZERO })).add((if flags[33] { h[44] } else { QM31::ZERO })).add((if flags[34] { h[45] } else { QM31::ZERO })).add((if flags[35] { h[46] } else { QM31::ZERO })).add((if flags[36] { h[47] } else { QM31::ZERO })).add((if flags[37] { h[48] } else { QM31::ZERO })).add((if flags[38] { h[49] } else { QM31::ZERO })).add((if flags[39] { h[50] } else { QM31::ZERO })).add((if flags[40] { h[51] } else { QM31::ZERO })).add((if flags[41] { h[52] } else { QM31::ZERO })).add((if flags[42] { h[53] } else { QM31::ZERO }));
130 +     scratch[45]=(if flags[0] { h[33].add(h[63]).add(n[40].add(n[57])) } else { QM31::ZERO }).add((if flags[1] { n[51] } else { QM31::ZERO })).add((if flags[23] { h[34] } else { QM31::ZERO })).add((if flags[24] { h[35] } else { QM31::ZERO })).add((if flags[25] { h[36] } else { QM31::ZERO })).add((if flags[26] { h[37] } else { QM31::ZERO })).add((if flags[27] { h[38] } else { QM31::ZERO })).add((if flags[28] { h[39] } else { QM31::ZERO })).add((if flags[29] { h[40] } else { QM31::ZERO })).add((if flags[30] { h[41] } else { QM31::ZERO })).add((if flags[31] { h[42] } else { QM31::ZERO })).add(if flags[32] { h[43] } else { QM31::ZERO }).add((if flags[33] { h[44] } else { QM31::ZERO })).add((if flags[34] { h[45] } else { QM31::ZERO })).add((if flags[35] { h[46] } else { QM31::ZERO })).add((if flags[36] { h[47] } else { QM31::ZERO })).add((if flags[37] { h[48] } else { QM31::ZERO })).add((if flags[38] { h[49] } else { QM31::ZERO })).add((if flags[39] { h[50] } else { QM31::ZERO })).add((if flags[40] { h[51] } else { QM31::ZERO })).add((if flags[41] { h[52] } else { QM31::ZERO })).add((if flags[42] { h[53] } else { QM31::ZERO }));
    |

warning: unnecessary parentheses around method argument
   --> ../../docs/research/v8-no-work-100-20260907/experiments/copy_scatter_plan_generated.rs:130:547
    |
130 | ...lags[30] { h[41] } else { QM31::ZERO })).add((if flags[31] { h[42] } else { QM31::ZERO })).add((if flags[32] { h[43] } else { QM31::ZE...
    |                                                 ^                                          ^
    |
help: remove these parentheses
    |
130 -     scratch[45]=(if flags[0] { h[33].add(h[63]).add(n[40].add(n[57])) } else { QM31::ZERO }).add((if flags[1] { n[51] } else { QM31::ZERO })).add((if flags[23] { h[34] } else { QM31::ZERO })).add((if flags[24] { h[35] } else { QM31::ZERO })).add((if flags[25] { h[36] } else { QM31::ZERO })).add((if flags[26] { h[37] } else { QM31::ZERO })).add((if flags[27] { h[38] } else { QM31::ZERO })).add((if flags[28] { h[39] } else { QM31::ZERO })).add((if flags[29] { h[40] } else { QM31::ZERO })).add((if flags[30] { h[41] } else { QM31::ZERO })).add((if flags[31] { h[42] } else { QM31::ZERO })).add((if flags[32] { h[43] } else { QM31::ZERO })).add((if flags[33] { h[44] } else { QM31::ZERO })).add((if flags[34] { h[45] } else { QM31::ZERO })).add((if flags[35] { h[46] } else { QM31::ZERO })).add((if flags[36] { h[47] } else { QM31::ZERO })).add((if flags[37] { h[48] } else { QM31::ZERO })).add((if flags[38] { h[49] } else { QM31::ZERO })).add((if flags[39] { h[50] } else { QM31::ZERO })).add((if flags[40] { h[51] } else { QM31::ZERO })).add((if flags[41] { h[52] } else { QM31::ZERO })).add((if flags[42] { h[53] } else { QM31::ZERO }));
130 +     scratch[45]=(if flags[0] { h[33].add(h[63]).add(n[40].add(n[57])) } else { QM31::ZERO }).add((if flags[1] { n[51] } else { QM31::ZERO })).add((if flags[23] { h[34] } else { QM31::ZERO })).add((if flags[24] { h[35] } else { QM31::ZERO })).add((if flags[25] { h[36] } else { QM31::ZERO })).add((if flags[26] { h[37] } else { QM31::ZERO })).add((if flags[27] { h[38] } else { QM31::ZERO })).add((if flags[28] { h[39] } else { QM31::ZERO })).add((if flags[29] { h[40] } else { QM31::ZERO })).add((if flags[30] { h[41] } else { QM31::ZERO })).add(if flags[31] { h[42] } else { QM31::ZERO }).add((if flags[32] { h[43] } else { QM31::ZERO })).add((if flags[33] { h[44] } else { QM31::ZERO })).add((if flags[34] { h[45] } else { QM31::ZERO })).add((if flags[35] { h[46] } else { QM31::ZERO })).add((if flags[36] { h[47] } else { QM31::ZERO })).add((if flags[37] { h[48] } else { QM31::ZERO })).add((if flags[38] { h[49] } else { QM31::ZERO })).add((if flags[39] { h[50] } else { QM31::ZERO })).add((if flags[40] { h[51] } else { QM31::ZERO })).add((if flags[41] { h[52] } else { QM31::ZERO })).add((if flags[42] { h[53] } else { QM31::ZERO }));
    |

warning: unnecessary parentheses around method argument
   --> ../../docs/research/v8-no-work-100-20260907/experiments/copy_scatter_plan_generated.rs:130:497
    |
130 | ...lags[29] { h[40] } else { QM31::ZERO })).add((if flags[30] { h[41] } else { QM31::ZERO })).add((if flags[31] { h[42] } else { QM31::ZE...
    |                                                 ^                                          ^
    |
help: remove these parentheses
    |
130 -     scratch[45]=(if flags[0] { h[33].add(h[63]).add(n[40].add(n[57])) } else { QM31::ZERO }).add((if flags[1] { n[51] } else { QM31::ZERO })).add((if flags[23] { h[34] } else { QM31::ZERO })).add((if flags[24] { h[35] } else { QM31::ZERO })).add((if flags[25] { h[36] } else { QM31::ZERO })).add((if flags[26] { h[37] } else { QM31::ZERO })).add((if flags[27] { h[38] } else { QM31::ZERO })).add((if flags[28] { h[39] } else { QM31::ZERO })).add((if flags[29] { h[40] } else { QM31::ZERO })).add((if flags[30] { h[41] } else { QM31::ZERO })).add((if flags[31] { h[42] } else { QM31::ZERO })).add((if flags[32] { h[43] } else { QM31::ZERO })).add((if flags[33] { h[44] } else { QM31::ZERO })).add((if flags[34] { h[45] } else { QM31::ZERO })).add((if flags[35] { h[46] } else { QM31::ZERO })).add((if flags[36] { h[47] } else { QM31::ZERO })).add((if flags[37] { h[48] } else { QM31::ZERO })).add((if flags[38] { h[49] } else { QM31::ZERO })).add((if flags[39] { h[50] } else { QM31::ZERO })).add((if flags[40] { h[51] } else { QM31::ZERO })).add((if flags[41] { h[52] } else { QM31::ZERO })).add((if flags[42] { h[53] } else { QM31::ZERO }));
130 +     scratch[45]=(if flags[0] { h[33].add(h[63]).add(n[40].add(n[57])) } else { QM31::ZERO }).add((if flags[1] { n[51] } else { QM31::ZERO })).add((if flags[23] { h[34] } else { QM31::ZERO })).add((if flags[24] { h[35] } else { QM31::ZERO })).add((if flags[25] { h[36] } else { QM31::ZERO })).add((if flags[26] { h[37] } else { QM31::ZERO })).add((if flags[27] { h[38] } else { QM31::ZERO })).add((if flags[28] { h[39] } else { QM31::ZERO })).add((if flags[29] { h[40] } else { QM31::ZERO })).add(if flags[30] { h[41] } else { QM31::ZERO }).add((if flags[31] { h[42] } else { QM31::ZERO })).add((if flags[32] { h[43] } else { QM31::ZERO })).add((if flags[33] { h[44] } else { QM31::ZERO })).add((if flags[34] { h[45] } else { QM31::ZERO })).add((if flags[35] { h[46] } else { QM31::ZERO })).add((if flags[36] { h[47] } else { QM31::ZERO })).add((if flags[37] { h[48] } else { QM31::ZERO })).add((if flags[38] { h[49] } else { QM31::ZERO })).add((if flags[39] { h[50] } else { QM31::ZERO })).add((if flags[40] { h[51] } else { QM31::ZERO })).add((if flags[41] { h[52] } else { QM31::ZERO })).add((if flags[42] { h[53] } else { QM31::ZERO }));
    |

warning: unnecessary parentheses around method argument
   --> ../../docs/research/v8-no-work-100-20260907/experiments/copy_scatter_plan_generated.rs:130:447
    |
130 | ...lags[28] { h[39] } else { QM31::ZERO })).add((if flags[29] { h[40] } else { QM31::ZERO })).add((if flags[30] { h[41] } else { QM31::ZE...
    |                                                 ^                                          ^
    |
help: remove these parentheses
    |
130 -     scratch[45]=(if flags[0] { h[33].add(h[63]).add(n[40].add(n[57])) } else { QM31::ZERO }).add((if flags[1] { n[51] } else { QM31::ZERO })).add((if flags[23] { h[34] } else { QM31::ZERO })).add((if flags[24] { h[35] } else { QM31::ZERO })).add((if flags[25] { h[36] } else { QM31::ZERO })).add((if flags[26] { h[37] } else { QM31::ZERO })).add((if flags[27] { h[38] } else { QM31::ZERO })).add((if flags[28] { h[39] } else { QM31::ZERO })).add((if flags[29] { h[40] } else { QM31::ZERO })).add((if flags[30] { h[41] } else { QM31::ZERO })).add((if flags[31] { h[42] } else { QM31::ZERO })).add((if flags[32] { h[43] } else { QM31::ZERO })).add((if flags[33] { h[44] } else { QM31::ZERO })).add((if flags[34] { h[45] } else { QM31::ZERO })).add((if flags[35] { h[46] } else { QM31::ZERO })).add((if flags[36] { h[47] } else { QM31::ZERO })).add((if flags[37] { h[48] } else { QM31::ZERO })).add((if flags[38] { h[49] } else { QM31::ZERO })).add((if flags[39] { h[50] } else { QM31::ZERO })).add((if flags[40] { h[51] } else { QM31::ZERO })).add((if flags[41] { h[52] } else { QM31::ZERO })).add((if flags[42] { h[53] } else { QM31::ZERO }));
130 +     scratch[45]=(if flags[0] { h[33].add(h[63]).add(n[40].add(n[57])) } else { QM31::ZERO }).add((if flags[1] { n[51] } else { QM31::ZERO })).add((if flags[23] { h[34] } else { QM31::ZERO })).add((if flags[24] { h[35] } else { QM31::ZERO })).add((if flags[25] { h[36] } else { QM31::ZERO })).add((if flags[26] { h[37] } else { QM31::ZERO })).add((if flags[27] { h[38] } else { QM31::ZERO })).add((if flags[28] { h[39] } else { QM31::ZERO })).add(if flags[29] { h[40] } else { QM31::ZERO }).add((if flags[30] { h[41] } else { QM31::ZERO })).add((if flags[31] { h[42] } else { QM31::ZERO })).add((if flags[32] { h[43] } else { QM31::ZERO })).add((if flags[33] { h[44] } else { QM31::ZERO })).add((if flags[34] { h[45] } else { QM31::ZERO })).add((if flags[35] { h[46] } else { QM31::ZERO })).add((if flags[36] { h[47] } else { QM31::ZERO })).add((if flags[37] { h[48] } else { QM31::ZERO })).add((if flags[38] { h[49] } else { QM31::ZERO })).add((if flags[39] { h[50] } else { QM31::ZERO })).add((if flags[40] { h[51] } else { QM31::ZERO })).add((if flags[41] { h[52] } else { QM31::ZERO })).add((if flags[42] { h[53] } else { QM31::ZERO }));
    |

warning: unnecessary parentheses around method argument
   --> ../../docs/research/v8-no-work-100-20260907/experiments/copy_scatter_plan_generated.rs:130:397
    |
130 | ...lags[27] { h[38] } else { QM31::ZERO })).add((if flags[28] { h[39] } else { QM31::ZERO })).add((if flags[29] { h[40] } else { QM31::ZE...
    |                                                 ^                                          ^
    |
help: remove these parentheses
    |
130 -     scratch[45]=(if flags[0] { h[33].add(h[63]).add(n[40].add(n[57])) } else { QM31::ZERO }).add((if flags[1] { n[51] } else { QM31::ZERO })).add((if flags[23] { h[34] } else { QM31::ZERO })).add((if flags[24] { h[35] } else { QM31::ZERO })).add((if flags[25] { h[36] } else { QM31::ZERO })).add((if flags[26] { h[37] } else { QM31::ZERO })).add((if flags[27] { h[38] } else { QM31::ZERO })).add((if flags[28] { h[39] } else { QM31::ZERO })).add((if flags[29] { h[40] } else { QM31::ZERO })).add((if flags[30] { h[41] } else { QM31::ZERO })).add((if flags[31] { h[42] } else { QM31::ZERO })).add((if flags[32] { h[43] } else { QM31::ZERO })).add((if flags[33] { h[44] } else { QM31::ZERO })).add((if flags[34] { h[45] } else { QM31::ZERO })).add((if flags[35] { h[46] } else { QM31::ZERO })).add((if flags[36] { h[47] } else { QM31::ZERO })).add((if flags[37] { h[48] } else { QM31::ZERO })).add((if flags[38] { h[49] } else { QM31::ZERO })).add((if flags[39] { h[50] } else { QM31::ZERO })).add((if flags[40] { h[51] } else { QM31::ZERO })).add((if flags[41] { h[52] } else { QM31::ZERO })).add((if flags[42] { h[53] } else { QM31::ZERO }));
130 +     scratch[45]=(if flags[0] { h[33].add(h[63]).add(n[40].add(n[57])) } else { QM31::ZERO }).add((if flags[1] { n[51] } else { QM31::ZERO })).add((if flags[23] { h[34] } else { QM31::ZERO })).add((if flags[24] { h[35] } else { QM31::ZERO })).add((if flags[25] { h[36] } else { QM31::ZERO })).add((if flags[26] { h[37] } else { QM31::ZERO })).add((if flags[27] { h[38] } else { QM31::ZERO })).add(if flags[28] { h[39] } else { QM31::ZERO }).add((if flags[29] { h[40] } else { QM31::ZERO })).add((if flags[30] { h[41] } else { QM31::ZERO })).add((if flags[31] { h[42] } else { QM31::ZERO })).add((if flags[32] { h[43] } else { QM31::ZERO })).add((if flags[33] { h[44] } else { QM31::ZERO })).add((if flags[34] { h[45] } else { QM31::ZERO })).add((if flags[35] { h[46] } else { QM31::ZERO })).add((if flags[36] { h[47] } else { QM31::ZERO })).add((if flags[37] { h[48] } else { QM31::ZERO })).add((if flags[38] { h[49] } else { QM31::ZERO })).add((if flags[39] { h[50] } else { QM31::ZERO })).add((if flags[40] { h[51] } else { QM31::ZERO })).add((if flags[41] { h[52] } else { QM31::ZERO })).add((if flags[42] { h[53] } else { QM31::ZERO }));
    |

warning: unnecessary parentheses around method argument
   --> ../../docs/research/v8-no-work-100-20260907/experiments/copy_scatter_plan_generated.rs:130:347
    |
130 | ...lags[26] { h[37] } else { QM31::ZERO })).add((if flags[27] { h[38] } else { QM31::ZERO })).add((if flags[28] { h[39] } else { QM31::ZE...
    |                                                 ^                                          ^
    |
help: remove these parentheses
    |
130 -     scratch[45]=(if flags[0] { h[33].add(h[63]).add(n[40].add(n[57])) } else { QM31::ZERO }).add((if flags[1] { n[51] } else { QM31::ZERO })).add((if flags[23] { h[34] } else { QM31::ZERO })).add((if flags[24] { h[35] } else { QM31::ZERO })).add((if flags[25] { h[36] } else { QM31::ZERO })).add((if flags[26] { h[37] } else { QM31::ZERO })).add((if flags[27] { h[38] } else { QM31::ZERO })).add((if flags[28] { h[39] } else { QM31::ZERO })).add((if flags[29] { h[40] } else { QM31::ZERO })).add((if flags[30] { h[41] } else { QM31::ZERO })).add((if flags[31] { h[42] } else { QM31::ZERO })).add((if flags[32] { h[43] } else { QM31::ZERO })).add((if flags[33] { h[44] } else { QM31::ZERO })).add((if flags[34] { h[45] } else { QM31::ZERO })).add((if flags[35] { h[46] } else { QM31::ZERO })).add((if flags[36] { h[47] } else { QM31::ZERO })).add((if flags[37] { h[48] } else { QM31::ZERO })).add((if flags[38] { h[49] } else { QM31::ZERO })).add((if flags[39] { h[50] } else { QM31::ZERO })).add((if flags[40] { h[51] } else { QM31::ZERO })).add((if flags[41] { h[52] } else { QM31::ZERO })).add((if flags[42] { h[53] } else { QM31::ZERO }));
130 +     scratch[45]=(if flags[0] { h[33].add(h[63]).add(n[40].add(n[57])) } else { QM31::ZERO }).add((if flags[1] { n[51] } else { QM31::ZERO })).add((if flags[23] { h[34] } else { QM31::ZERO })).add((if flags[24] { h[35] } else { QM31::ZERO })).add((if flags[25] { h[36] } else { QM31::ZERO })).add((if flags[26] { h[37] } else { QM31::ZERO })).add(if flags[27] { h[38] } else { QM31::ZERO }).add((if flags[28] { h[39] } else { QM31::ZERO })).add((if flags[29] { h[40] } else { QM31::ZERO })).add((if flags[30] { h[41] } else { QM31::ZERO })).add((if flags[31] { h[42] } else { QM31::ZERO })).add((if flags[32] { h[43] } else { QM31::ZERO })).add((if flags[33] { h[44] } else { QM31::ZERO })).add((if flags[34] { h[45] } else { QM31::ZERO })).add((if flags[35] { h[46] } else { QM31::ZERO })).add((if flags[36] { h[47] } else { QM31::ZERO })).add((if flags[37] { h[48] } else { QM31::ZERO })).add((if flags[38] { h[49] } else { QM31::ZERO })).add((if flags[39] { h[50] } else { QM31::ZERO })).add((if flags[40] { h[51] } else { QM31::ZERO })).add((if flags[41] { h[52] } else { QM31::ZERO })).add((if flags[42] { h[53] } else { QM31::ZERO }));
    |

warning: unnecessary parentheses around method argument
   --> ../../docs/research/v8-no-work-100-20260907/experiments/copy_scatter_plan_generated.rs:130:297
    |
130 | ...lags[25] { h[36] } else { QM31::ZERO })).add((if flags[26] { h[37] } else { QM31::ZERO })).add((if flags[27] { h[38] } else { QM31::ZE...
    |                                                 ^                                          ^
    |
help: remove these parentheses
    |
130 -     scratch[45]=(if flags[0] { h[33].add(h[63]).add(n[40].add(n[57])) } else { QM31::ZERO }).add((if flags[1] { n[51] } else { QM31::ZERO })).add((if flags[23] { h[34] } else { QM31::ZERO })).add((if flags[24] { h[35] } else { QM31::ZERO })).add((if flags[25] { h[36] } else { QM31::ZERO })).add((if flags[26] { h[37] } else { QM31::ZERO })).add((if flags[27] { h[38] } else { QM31::ZERO })).add((if flags[28] { h[39] } else { QM31::ZERO })).add((if flags[29] { h[40] } else { QM31::ZERO })).add((if flags[30] { h[41] } else { QM31::ZERO })).add((if flags[31] { h[42] } else { QM31::ZERO })).add((if flags[32] { h[43] } else { QM31::ZERO })).add((if flags[33] { h[44] } else { QM31::ZERO })).add((if flags[34] { h[45] } else { QM31::ZERO })).add((if flags[35] { h[46] } else { QM31::ZERO })).add((if flags[36] { h[47] } else { QM31::ZERO })).add((if flags[37] { h[48] } else { QM31::ZERO })).add((if flags[38] { h[49] } else { QM31::ZERO })).add((if flags[39] { h[50] } else { QM31::ZERO })).add((if flags[40] { h[51] } else { QM31::ZERO })).add((if flags[41] { h[52] } else { QM31::ZERO })).add((if flags[42] { h[53] } else { QM31::ZERO }));
130 +     scratch[45]=(if flags[0] { h[33].add(h[63]).add(n[40].add(n[57])) } else { QM31::ZERO }).add((if flags[1] { n[51] } else { QM31::ZERO })).add((if flags[23] { h[34] } else { QM31::ZERO })).add((if flags[24] { h[35] } else { QM31::ZERO })).add((if flags[25] { h[36] } else { QM31::ZERO })).add(if flags[26] { h[37] } else { QM31::ZERO }).add((if flags[27] { h[38] } else { QM31::ZERO })).add((if flags[28] { h[39] } else { QM31::ZERO })).add((if flags[29] { h[40] } else { QM31::ZERO })).add((if flags[30] { h[41] } else { QM31::ZERO })).add((if flags[31] { h[42] } else { QM31::ZERO })).add((if flags[32] { h[43] } else { QM31::ZERO })).add((if flags[33] { h[44] } else { QM31::ZERO })).add((if flags[34] { h[45] } else { QM31::ZERO })).add((if flags[35] { h[46] } else { QM31::ZERO })).add((if flags[36] { h[47] } else { QM31::ZERO })).add((if flags[37] { h[48] } else { QM31::ZERO })).add((if flags[38] { h[49] } else { QM31::ZERO })).add((if flags[39] { h[50] } else { QM31::ZERO })).add((if flags[40] { h[51] } else { QM31::ZERO })).add((if flags[41] { h[52] } else { QM31::ZERO })).add((if flags[42] { h[53] } else { QM31::ZERO }));
    |

warning: unnecessary parentheses around method argument
   --> ../../docs/research/v8-no-work-100-20260907/experiments/copy_scatter_plan_generated.rs:130:247
    |
130 | ...lags[24] { h[35] } else { QM31::ZERO })).add((if flags[25] { h[36] } else { QM31::ZERO })).add((if flags[26] { h[37] } else { QM31::ZE...
    |                                                 ^                                          ^
    |
help: remove these parentheses
    |
130 -     scratch[45]=(if flags[0] { h[33].add(h[63]).add(n[40].add(n[57])) } else { QM31::ZERO }).add((if flags[1] { n[51] } else { QM31::ZERO })).add((if flags[23] { h[34] } else { QM31::ZERO })).add((if flags[24] { h[35] } else { QM31::ZERO })).add((if flags[25] { h[36] } else { QM31::ZERO })).add((if flags[26] { h[37] } else { QM31::ZERO })).add((if flags[27] { h[38] } else { QM31::ZERO })).add((if flags[28] { h[39] } else { QM31::ZERO })).add((if flags[29] { h[40] } else { QM31::ZERO })).add((if flags[30] { h[41] } else { QM31::ZERO })).add((if flags[31] { h[42] } else { QM31::ZERO })).add((if flags[32] { h[43] } else { QM31::ZERO })).add((if flags[33] { h[44] } else { QM31::ZERO })).add((if flags[34] { h[45] } else { QM31::ZERO })).add((if flags[35] { h[46] } else { QM31::ZERO })).add((if flags[36] { h[47] } else { QM31::ZERO })).add((if flags[37] { h[48] } else { QM31::ZERO })).add((if flags[38] { h[49] } else { QM31::ZERO })).add((if flags[39] { h[50] } else { QM31::ZERO })).add((if flags[40] { h[51] } else { QM31::ZERO })).add((if flags[41] { h[52] } else { QM31::ZERO })).add((if flags[42] { h[53] } else { QM31::ZERO }));
130 +     scratch[45]=(if flags[0] { h[33].add(h[63]).add(n[40].add(n[57])) } else { QM31::ZERO }).add((if flags[1] { n[51] } else { QM31::ZERO })).add((if flags[23] { h[34] } else { QM31::ZERO })).add((if flags[24] { h[35] } else { QM31::ZERO })).add(if flags[25] { h[36] } else { QM31::ZERO }).add((if flags[26] { h[37] } else { QM31::ZERO })).add((if flags[27] { h[38] } else { QM31::ZERO })).add((if flags[28] { h[39] } else { QM31::ZERO })).add((if flags[29] { h[40] } else { QM31::ZERO })).add((if flags[30] { h[41] } else { QM31::ZERO })).add((if flags[31] { h[42] } else { QM31::ZERO })).add((if flags[32] { h[43] } else { QM31::ZERO })).add((if flags[33] { h[44] } else { QM31::ZERO })).add((if flags[34] { h[45] } else { QM31::ZERO })).add((if flags[35] { h[46] } else { QM31::ZERO })).add((if flags[36] { h[47] } else { QM31::ZERO })).add((if flags[37] { h[48] } else { QM31::ZERO })).add((if flags[38] { h[49] } else { QM31::ZERO })).add((if flags[39] { h[50] } else { QM31::ZERO })).add((if flags[40] { h[51] } else { QM31::ZERO })).add((if flags[41] { h[52] } else { QM31::ZERO })).add((if flags[42] { h[53] } else { QM31::ZERO }));
    |

warning: unnecessary parentheses around method argument
   --> ../../docs/research/v8-no-work-100-20260907/experiments/copy_scatter_plan_generated.rs:130:197
    |
130 | ...lags[23] { h[34] } else { QM31::ZERO })).add((if flags[24] { h[35] } else { QM31::ZERO })).add((if flags[25] { h[36] } else { QM31::ZE...
    |                                                 ^                                          ^
    |
help: remove these parentheses
    |
130 -     scratch[45]=(if flags[0] { h[33].add(h[63]).add(n[40].add(n[57])) } else { QM31::ZERO }).add((if flags[1] { n[51] } else { QM31::ZERO })).add((if flags[23] { h[34] } else { QM31::ZERO })).add((if flags[24] { h[35] } else { QM31::ZERO })).add((if flags[25] { h[36] } else { QM31::ZERO })).add((if flags[26] { h[37] } else { QM31::ZERO })).add((if flags[27] { h[38] } else { QM31::ZERO })).add((if flags[28] { h[39] } else { QM31::ZERO })).add((if flags[29] { h[40] } else { QM31::ZERO })).add((if flags[30] { h[41] } else { QM31::ZERO })).add((if flags[31] { h[42] } else { QM31::ZERO })).add((if flags[32] { h[43] } else { QM31::ZERO })).add((if flags[33] { h[44] } else { QM31::ZERO })).add((if flags[34] { h[45] } else { QM31::ZERO })).add((if flags[35] { h[46] } else { QM31::ZERO })).add((if flags[36] { h[47] } else { QM31::ZERO })).add((if flags[37] { h[48] } else { QM31::ZERO })).add((if flags[38] { h[49] } else { QM31::ZERO })).add((if flags[39] { h[50] } else { QM31::ZERO })).add((if flags[40] { h[51] } else { QM31::ZERO })).add((if flags[41] { h[52] } else { QM31::ZERO })).add((if flags[42] { h[53] } else { QM31::ZERO }));
130 +     scratch[45]=(if flags[0] { h[33].add(h[63]).add(n[40].add(n[57])) } else { QM31::ZERO }).add((if flags[1] { n[51] } else { QM31::ZERO })).add((if flags[23] { h[34] } else { QM31::ZERO })).add(if flags[24] { h[35] } else { QM31::ZERO }).add((if flags[25] { h[36] } else { QM31::ZERO })).add((if flags[26] { h[37] } else { QM31::ZERO })).add((if flags[27] { h[38] } else { QM31::ZERO })).add((if flags[28] { h[39] } else { QM31::ZERO })).add((if flags[29] { h[40] } else { QM31::ZERO })).add((if flags[30] { h[41] } else { QM31::ZERO })).add((if flags[31] { h[42] } else { QM31::ZERO })).add((if flags[32] { h[43] } else { QM31::ZERO })).add((if flags[33] { h[44] } else { QM31::ZERO })).add((if flags[34] { h[45] } else { QM31::ZERO })).add((if flags[35] { h[46] } else { QM31::ZERO })).add((if flags[36] { h[47] } else { QM31::ZERO })).add((if flags[37] { h[48] } else { QM31::ZERO })).add((if flags[38] { h[49] } else { QM31::ZERO })).add((if flags[39] { h[50] } else { QM31::ZERO })).add((if flags[40] { h[51] } else { QM31::ZERO })).add((if flags[41] { h[52] } else { QM31::ZERO })).add((if flags[42] { h[53] } else { QM31::ZERO }));
    |

warning: unnecessary parentheses around method argument
   --> ../../docs/research/v8-no-work-100-20260907/experiments/copy_scatter_plan_generated.rs:130:147
    |
130 | ...flags[1] { n[51] } else { QM31::ZERO })).add((if flags[23] { h[34] } else { QM31::ZERO })).add((if flags[24] { h[35] } else { QM31::ZE...
    |                                                 ^                                          ^
    |
help: remove these parentheses
    |
130 -     scratch[45]=(if flags[0] { h[33].add(h[63]).add(n[40].add(n[57])) } else { QM31::ZERO }).add((if flags[1] { n[51] } else { QM31::ZERO })).add((if flags[23] { h[34] } else { QM31::ZERO })).add((if flags[24] { h[35] } else { QM31::ZERO })).add((if flags[25] { h[36] } else { QM31::ZERO })).add((if flags[26] { h[37] } else { QM31::ZERO })).add((if flags[27] { h[38] } else { QM31::ZERO })).add((if flags[28] { h[39] } else { QM31::ZERO })).add((if flags[29] { h[40] } else { QM31::ZERO })).add((if flags[30] { h[41] } else { QM31::ZERO })).add((if flags[31] { h[42] } else { QM31::ZERO })).add((if flags[32] { h[43] } else { QM31::ZERO })).add((if flags[33] { h[44] } else { QM31::ZERO })).add((if flags[34] { h[45] } else { QM31::ZERO })).add((if flags[35] { h[46] } else { QM31::ZERO })).add((if flags[36] { h[47] } else { QM31::ZERO })).add((if flags[37] { h[48] } else { QM31::ZERO })).add((if flags[38] { h[49] } else { QM31::ZERO })).add((if flags[39] { h[50] } else { QM31::ZERO })).add((if flags[40] { h[51] } else { QM31::ZERO })).add((if flags[41] { h[52] } else { QM31::ZERO })).add((if flags[42] { h[53] } else { QM31::ZERO }));
130 +     scratch[45]=(if flags[0] { h[33].add(h[63]).add(n[40].add(n[57])) } else { QM31::ZERO }).add((if flags[1] { n[51] } else { QM31::ZERO })).add(if flags[23] { h[34] } else { QM31::ZERO }).add((if flags[24] { h[35] } else { QM31::ZERO })).add((if flags[25] { h[36] } else { QM31::ZERO })).add((if flags[26] { h[37] } else { QM31::ZERO })).add((if flags[27] { h[38] } else { QM31::ZERO })).add((if flags[28] { h[39] } else { QM31::ZERO })).add((if flags[29] { h[40] } else { QM31::ZERO })).add((if flags[30] { h[41] } else { QM31::ZERO })).add((if flags[31] { h[42] } else { QM31::ZERO })).add((if flags[32] { h[43] } else { QM31::ZERO })).add((if flags[33] { h[44] } else { QM31::ZERO })).add((if flags[34] { h[45] } else { QM31::ZERO })).add((if flags[35] { h[46] } else { QM31::ZERO })).add((if flags[36] { h[47] } else { QM31::ZERO })).add((if flags[37] { h[48] } else { QM31::ZERO })).add((if flags[38] { h[49] } else { QM31::ZERO })).add((if flags[39] { h[50] } else { QM31::ZERO })).add((if flags[40] { h[51] } else { QM31::ZERO })).add((if flags[41] { h[52] } else { QM31::ZERO })).add((if flags[42] { h[53] } else { QM31::ZERO }));
    |

warning: unnecessary parentheses around method argument
   --> ../../docs/research/v8-no-work-100-20260907/experiments/copy_scatter_plan_generated.rs:130:98
    |
130 | ...n[40].add(n[57])) } else { QM31::ZERO }).add((if flags[1] { n[51] } else { QM31::ZERO })).add((if flags[23] { h[34] } else { QM31::ZER...
    |                                                 ^                                         ^
    |
help: remove these parentheses
    |
130 -     scratch[45]=(if flags[0] { h[33].add(h[63]).add(n[40].add(n[57])) } else { QM31::ZERO }).add((if flags[1] { n[51] } else { QM31::ZERO })).add((if flags[23] { h[34] } else { QM31::ZERO })).add((if flags[24] { h[35] } else { QM31::ZERO })).add((if flags[25] { h[36] } else { QM31::ZERO })).add((if flags[26] { h[37] } else { QM31::ZERO })).add((if flags[27] { h[38] } else { QM31::ZERO })).add((if flags[28] { h[39] } else { QM31::ZERO })).add((if flags[29] { h[40] } else { QM31::ZERO })).add((if flags[30] { h[41] } else { QM31::ZERO })).add((if flags[31] { h[42] } else { QM31::ZERO })).add((if flags[32] { h[43] } else { QM31::ZERO })).add((if flags[33] { h[44] } else { QM31::ZERO })).add((if flags[34] { h[45] } else { QM31::ZERO })).add((if flags[35] { h[46] } else { QM31::ZERO })).add((if flags[36] { h[47] } else { QM31::ZERO })).add((if flags[37] { h[48] } else { QM31::ZERO })).add((if flags[38] { h[49] } else { QM31::ZERO })).add((if flags[39] { h[50] } else { QM31::ZERO })).add((if flags[40] { h[51] } else { QM31::ZERO })).add((if flags[41] { h[52] } else { QM31::ZERO })).add((if flags[42] { h[53] } else { QM31::ZERO }));
130 +     scratch[45]=(if flags[0] { h[33].add(h[63]).add(n[40].add(n[57])) } else { QM31::ZERO }).add(if flags[1] { n[51] } else { QM31::ZERO }).add((if flags[23] { h[34] } else { QM31::ZERO })).add((if flags[24] { h[35] } else { QM31::ZERO })).add((if flags[25] { h[36] } else { QM31::ZERO })).add((if flags[26] { h[37] } else { QM31::ZERO })).add((if flags[27] { h[38] } else { QM31::ZERO })).add((if flags[28] { h[39] } else { QM31::ZERO })).add((if flags[29] { h[40] } else { QM31::ZERO })).add((if flags[30] { h[41] } else { QM31::ZERO })).add((if flags[31] { h[42] } else { QM31::ZERO })).add((if flags[32] { h[43] } else { QM31::ZERO })).add((if flags[33] { h[44] } else { QM31::ZERO })).add((if flags[34] { h[45] } else { QM31::ZERO })).add((if flags[35] { h[46] } else { QM31::ZERO })).add((if flags[36] { h[47] } else { QM31::ZERO })).add((if flags[37] { h[48] } else { QM31::ZERO })).add((if flags[38] { h[49] } else { QM31::ZERO })).add((if flags[39] { h[50] } else { QM31::ZERO })).add((if flags[40] { h[51] } else { QM31::ZERO })).add((if flags[41] { h[52] } else { QM31::ZERO })).add((if flags[42] { h[53] } else { QM31::ZERO }));
    |

warning: unnecessary parentheses around assigned value
   --> ../../docs/research/v8-no-work-100-20260907/experiments/copy_scatter_plan_generated.rs:131:17
    |
131 |     scratch[46]=(if flags[0] { n[4] } else { QM31::ZERO });
    |                 ^                                        ^
    |
help: remove these parentheses
    |
131 -     scratch[46]=(if flags[0] { n[4] } else { QM31::ZERO });
131 +     scratch[46]=if flags[0] { n[4] } else { QM31::ZERO };
    |

warning: unnecessary parentheses around assigned value
   --> ../../docs/research/v8-no-work-100-20260907/experiments/copy_scatter_plan_generated.rs:132:17
    |
132 |     scratch[47]=(if flags[1] { h[63] } else { QM31::ZERO });
    |                 ^                                         ^
    |
help: remove these parentheses
    |
132 -     scratch[47]=(if flags[1] { h[63] } else { QM31::ZERO });
132 +     scratch[47]=if flags[1] { h[63] } else { QM31::ZERO };
    |

warning: unnecessary parentheses around assigned value
   --> ../../docs/research/v8-no-work-100-20260907/experiments/copy_scatter_plan_generated.rs:133:17
    |
133 |     scratch[48]=(if flags[0] { h[63] } else { QM31::ZERO });
    |                 ^                                         ^
    |
help: remove these parentheses
    |
133 -     scratch[48]=(if flags[0] { h[63] } else { QM31::ZERO });
133 +     scratch[48]=if flags[0] { h[63] } else { QM31::ZERO };
    |

warning: unnecessary parentheses around assigned value
   --> ../../docs/research/v8-no-work-100-20260907/experiments/copy_scatter_plan_generated.rs:134:17
    |
134 |     scratch[49]=(if flags[0] { n[4] } else { QM31::ZERO });
    |                 ^                                        ^
    |
help: remove these parentheses
    |
134 -     scratch[49]=(if flags[0] { n[4] } else { QM31::ZERO });
134 +     scratch[49]=if flags[0] { n[4] } else { QM31::ZERO };
    |

warning: unnecessary parentheses around assigned value
   --> ../../docs/research/v8-no-work-100-20260907/experiments/copy_scatter_plan_generated.rs:135:17
    |
135 |     scratch[50]=(if flags[0] { h[63] } else { QM31::ZERO });
    |                 ^                                         ^
    |
help: remove these parentheses
    |
135 -     scratch[50]=(if flags[0] { h[63] } else { QM31::ZERO });
135 +     scratch[50]=if flags[0] { h[63] } else { QM31::ZERO };
    |

warning: unnecessary parentheses around assigned value
   --> ../../docs/research/v8-no-work-100-20260907/experiments/copy_scatter_plan_generated.rs:136:17
    |
136 |     scratch[51]=(if flags[0] { h[63] } else { QM31::ZERO });
    |                 ^                                         ^
    |
help: remove these parentheses
    |
136 -     scratch[51]=(if flags[0] { h[63] } else { QM31::ZERO });
136 +     scratch[51]=if flags[0] { h[63] } else { QM31::ZERO };
    |

warning: unnecessary parentheses around assigned value
   --> ../../docs/research/v8-no-work-100-20260907/experiments/copy_scatter_plan_generated.rs:137:17
    |
137 |     scratch[52]=(if flags[0] { n[41] } else { QM31::ZERO });
    |                 ^                                         ^
    |
help: remove these parentheses
    |
137 -     scratch[52]=(if flags[0] { n[41] } else { QM31::ZERO });
137 +     scratch[52]=if flags[0] { n[41] } else { QM31::ZERO };
    |

warning: unnecessary parentheses around assigned value
   --> ../../docs/research/v8-no-work-100-20260907/experiments/copy_scatter_plan_generated.rs:138:17
    |
138 |     scratch[53]=(if flags[1] { h[63] } else { QM31::ZERO });
    |                 ^                                         ^
    |
help: remove these parentheses
    |
138 -     scratch[53]=(if flags[1] { h[63] } else { QM31::ZERO });
138 +     scratch[53]=if flags[1] { h[63] } else { QM31::ZERO };
    |

warning: unnecessary parentheses around method argument
   --> ../../docs/research/v8-no-work-100-20260907/experiments/copy_scatter_plan_generated.rs:139:1079
    |
139 | ...lags[21] { h[52] } else { QM31::ZERO })).add((if flags[22] { h[53] } else { QM31::ZERO }));
    |                                                 ^                                          ^
    |
help: remove these parentheses
    |
139 -     scratch[54]=(if flags[0] { h[26].add(n[28].add(n[40])) } else { QM31::ZERO }).add((if flags[1] { h[33] } else { QM31::ZERO })).add((if flags[3] { h[34] } else { QM31::ZERO })).add((if flags[4] { h[35] } else { QM31::ZERO })).add((if flags[5] { h[36] } else { QM31::ZERO })).add((if flags[6] { h[37] } else { QM31::ZERO })).add((if flags[7] { h[38] } else { QM31::ZERO })).add((if flags[8] { h[39] } else { QM31::ZERO })).add((if flags[9] { h[40] } else { QM31::ZERO })).add((if flags[10] { h[41] } else { QM31::ZERO })).add((if flags[11] { h[42] } else { QM31::ZERO })).add((if flags[12] { h[43] } else { QM31::ZERO })).add((if flags[13] { h[44] } else { QM31::ZERO })).add((if flags[14] { h[45] } else { QM31::ZERO })).add((if flags[15] { h[46] } else { QM31::ZERO })).add((if flags[16] { h[47] } else { QM31::ZERO })).add((if flags[17] { h[48] } else { QM31::ZERO })).add((if flags[18] { h[49] } else { QM31::ZERO })).add((if flags[19] { h[50] } else { QM31::ZERO })).add((if flags[20] { h[51] } else { QM31::ZERO })).add((if flags[21] { h[52] } else { QM31::ZERO })).add((if flags[22] { h[53] } else { QM31::ZERO }));
139 +     scratch[54]=(if flags[0] { h[26].add(n[28].add(n[40])) } else { QM31::ZERO }).add((if flags[1] { h[33] } else { QM31::ZERO })).add((if flags[3] { h[34] } else { QM31::ZERO })).add((if flags[4] { h[35] } else { QM31::ZERO })).add((if flags[5] { h[36] } else { QM31::ZERO })).add((if flags[6] { h[37] } else { QM31::ZERO })).add((if flags[7] { h[38] } else { QM31::ZERO })).add((if flags[8] { h[39] } else { QM31::ZERO })).add((if flags[9] { h[40] } else { QM31::ZERO })).add((if flags[10] { h[41] } else { QM31::ZERO })).add((if flags[11] { h[42] } else { QM31::ZERO })).add((if flags[12] { h[43] } else { QM31::ZERO })).add((if flags[13] { h[44] } else { QM31::ZERO })).add((if flags[14] { h[45] } else { QM31::ZERO })).add((if flags[15] { h[46] } else { QM31::ZERO })).add((if flags[16] { h[47] } else { QM31::ZERO })).add((if flags[17] { h[48] } else { QM31::ZERO })).add((if flags[18] { h[49] } else { QM31::ZERO })).add((if flags[19] { h[50] } else { QM31::ZERO })).add((if flags[20] { h[51] } else { QM31::ZERO })).add((if flags[21] { h[52] } else { QM31::ZERO })).add(if flags[22] { h[53] } else { QM31::ZERO });
    |

warning: unnecessary parentheses around method argument
   --> ../../docs/research/v8-no-work-100-20260907/experiments/copy_scatter_plan_generated.rs:139:1029
    |
139 | ...lags[20] { h[51] } else { QM31::ZERO })).add((if flags[21] { h[52] } else { QM31::ZERO })).add((if flags[22] { h[53] } else { QM31::ZE...
    |                                                 ^                                          ^
    |
help: remove these parentheses
    |
139 -     scratch[54]=(if flags[0] { h[26].add(n[28].add(n[40])) } else { QM31::ZERO }).add((if flags[1] { h[33] } else { QM31::ZERO })).add((if flags[3] { h[34] } else { QM31::ZERO })).add((if flags[4] { h[35] } else { QM31::ZERO })).add((if flags[5] { h[36] } else { QM31::ZERO })).add((if flags[6] { h[37] } else { QM31::ZERO })).add((if flags[7] { h[38] } else { QM31::ZERO })).add((if flags[8] { h[39] } else { QM31::ZERO })).add((if flags[9] { h[40] } else { QM31::ZERO })).add((if flags[10] { h[41] } else { QM31::ZERO })).add((if flags[11] { h[42] } else { QM31::ZERO })).add((if flags[12] { h[43] } else { QM31::ZERO })).add((if flags[13] { h[44] } else { QM31::ZERO })).add((if flags[14] { h[45] } else { QM31::ZERO })).add((if flags[15] { h[46] } else { QM31::ZERO })).add((if flags[16] { h[47] } else { QM31::ZERO })).add((if flags[17] { h[48] } else { QM31::ZERO })).add((if flags[18] { h[49] } else { QM31::ZERO })).add((if flags[19] { h[50] } else { QM31::ZERO })).add((if flags[20] { h[51] } else { QM31::ZERO })).add((if flags[21] { h[52] } else { QM31::ZERO })).add((if flags[22] { h[53] } else { QM31::ZERO }));
139 +     scratch[54]=(if flags[0] { h[26].add(n[28].add(n[40])) } else { QM31::ZERO }).add((if flags[1] { h[33] } else { QM31::ZERO })).add((if flags[3] { h[34] } else { QM31::ZERO })).add((if flags[4] { h[35] } else { QM31::ZERO })).add((if flags[5] { h[36] } else { QM31::ZERO })).add((if flags[6] { h[37] } else { QM31::ZERO })).add((if flags[7] { h[38] } else { QM31::ZERO })).add((if flags[8] { h[39] } else { QM31::ZERO })).add((if flags[9] { h[40] } else { QM31::ZERO })).add((if flags[10] { h[41] } else { QM31::ZERO })).add((if flags[11] { h[42] } else { QM31::ZERO })).add((if flags[12] { h[43] } else { QM31::ZERO })).add((if flags[13] { h[44] } else { QM31::ZERO })).add((if flags[14] { h[45] } else { QM31::ZERO })).add((if flags[15] { h[46] } else { QM31::ZERO })).add((if flags[16] { h[47] } else { QM31::ZERO })).add((if flags[17] { h[48] } else { QM31::ZERO })).add((if flags[18] { h[49] } else { QM31::ZERO })).add((if flags[19] { h[50] } else { QM31::ZERO })).add((if flags[20] { h[51] } else { QM31::ZERO })).add(if flags[21] { h[52] } else { QM31::ZERO }).add((if flags[22] { h[53] } else { QM31::ZERO }));
    |

warning: unnecessary parentheses around method argument
   --> ../../docs/research/v8-no-work-100-20260907/experiments/copy_scatter_plan_generated.rs:139:979
    |
139 | ...lags[19] { h[50] } else { QM31::ZERO })).add((if flags[20] { h[51] } else { QM31::ZERO })).add((if flags[21] { h[52] } else { QM31::ZE...
    |                                                 ^                                          ^
    |
help: remove these parentheses
    |
139 -     scratch[54]=(if flags[0] { h[26].add(n[28].add(n[40])) } else { QM31::ZERO }).add((if flags[1] { h[33] } else { QM31::ZERO })).add((if flags[3] { h[34] } else { QM31::ZERO })).add((if flags[4] { h[35] } else { QM31::ZERO })).add((if flags[5] { h[36] } else { QM31::ZERO })).add((if flags[6] { h[37] } else { QM31::ZERO })).add((if flags[7] { h[38] } else { QM31::ZERO })).add((if flags[8] { h[39] } else { QM31::ZERO })).add((if flags[9] { h[40] } else { QM31::ZERO })).add((if flags[10] { h[41] } else { QM31::ZERO })).add((if flags[11] { h[42] } else { QM31::ZERO })).add((if flags[12] { h[43] } else { QM31::ZERO })).add((if flags[13] { h[44] } else { QM31::ZERO })).add((if flags[14] { h[45] } else { QM31::ZERO })).add((if flags[15] { h[46] } else { QM31::ZERO })).add((if flags[16] { h[47] } else { QM31::ZERO })).add((if flags[17] { h[48] } else { QM31::ZERO })).add((if flags[18] { h[49] } else { QM31::ZERO })).add((if flags[19] { h[50] } else { QM31::ZERO })).add((if flags[20] { h[51] } else { QM31::ZERO })).add((if flags[21] { h[52] } else { QM31::ZERO })).add((if flags[22] { h[53] } else { QM31::ZERO }));
139 +     scratch[54]=(if flags[0] { h[26].add(n[28].add(n[40])) } else { QM31::ZERO }).add((if flags[1] { h[33] } else { QM31::ZERO })).add((if flags[3] { h[34] } else { QM31::ZERO })).add((if flags[4] { h[35] } else { QM31::ZERO })).add((if flags[5] { h[36] } else { QM31::ZERO })).add((if flags[6] { h[37] } else { QM31::ZERO })).add((if flags[7] { h[38] } else { QM31::ZERO })).add((if flags[8] { h[39] } else { QM31::ZERO })).add((if flags[9] { h[40] } else { QM31::ZERO })).add((if flags[10] { h[41] } else { QM31::ZERO })).add((if flags[11] { h[42] } else { QM31::ZERO })).add((if flags[12] { h[43] } else { QM31::ZERO })).add((if flags[13] { h[44] } else { QM31::ZERO })).add((if flags[14] { h[45] } else { QM31::ZERO })).add((if flags[15] { h[46] } else { QM31::ZERO })).add((if flags[16] { h[47] } else { QM31::ZERO })).add((if flags[17] { h[48] } else { QM31::ZERO })).add((if flags[18] { h[49] } else { QM31::ZERO })).add((if flags[19] { h[50] } else { QM31::ZERO })).add(if flags[20] { h[51] } else { QM31::ZERO }).add((if flags[21] { h[52] } else { QM31::ZERO })).add((if flags[22] { h[53] } else { QM31::ZERO }));
    |

warning: unnecessary parentheses around method argument
   --> ../../docs/research/v8-no-work-100-20260907/experiments/copy_scatter_plan_generated.rs:139:929
    |
139 | ...lags[18] { h[49] } else { QM31::ZERO })).add((if flags[19] { h[50] } else { QM31::ZERO })).add((if flags[20] { h[51] } else { QM31::ZE...
    |                                                 ^                                          ^
    |
help: remove these parentheses
    |
139 -     scratch[54]=(if flags[0] { h[26].add(n[28].add(n[40])) } else { QM31::ZERO }).add((if flags[1] { h[33] } else { QM31::ZERO })).add((if flags[3] { h[34] } else { QM31::ZERO })).add((if flags[4] { h[35] } else { QM31::ZERO })).add((if flags[5] { h[36] } else { QM31::ZERO })).add((if flags[6] { h[37] } else { QM31::ZERO })).add((if flags[7] { h[38] } else { QM31::ZERO })).add((if flags[8] { h[39] } else { QM31::ZERO })).add((if flags[9] { h[40] } else { QM31::ZERO })).add((if flags[10] { h[41] } else { QM31::ZERO })).add((if flags[11] { h[42] } else { QM31::ZERO })).add((if flags[12] { h[43] } else { QM31::ZERO })).add((if flags[13] { h[44] } else { QM31::ZERO })).add((if flags[14] { h[45] } else { QM31::ZERO })).add((if flags[15] { h[46] } else { QM31::ZERO })).add((if flags[16] { h[47] } else { QM31::ZERO })).add((if flags[17] { h[48] } else { QM31::ZERO })).add((if flags[18] { h[49] } else { QM31::ZERO })).add((if flags[19] { h[50] } else { QM31::ZERO })).add((if flags[20] { h[51] } else { QM31::ZERO })).add((if flags[21] { h[52] } else { QM31::ZERO })).add((if flags[22] { h[53] } else { QM31::ZERO }));
139 +     scratch[54]=(if flags[0] { h[26].add(n[28].add(n[40])) } else { QM31::ZERO }).add((if flags[1] { h[33] } else { QM31::ZERO })).add((if flags[3] { h[34] } else { QM31::ZERO })).add((if flags[4] { h[35] } else { QM31::ZERO })).add((if flags[5] { h[36] } else { QM31::ZERO })).add((if flags[6] { h[37] } else { QM31::ZERO })).add((if flags[7] { h[38] } else { QM31::ZERO })).add((if flags[8] { h[39] } else { QM31::ZERO })).add((if flags[9] { h[40] } else { QM31::ZERO })).add((if flags[10] { h[41] } else { QM31::ZERO })).add((if flags[11] { h[42] } else { QM31::ZERO })).add((if flags[12] { h[43] } else { QM31::ZERO })).add((if flags[13] { h[44] } else { QM31::ZERO })).add((if flags[14] { h[45] } else { QM31::ZERO })).add((if flags[15] { h[46] } else { QM31::ZERO })).add((if flags[16] { h[47] } else { QM31::ZERO })).add((if flags[17] { h[48] } else { QM31::ZERO })).add((if flags[18] { h[49] } else { QM31::ZERO })).add(if flags[19] { h[50] } else { QM31::ZERO }).add((if flags[20] { h[51] } else { QM31::ZERO })).add((if flags[21] { h[52] } else { QM31::ZERO })).add((if flags[22] { h[53] } else { QM31::ZERO }));
    |

warning: unnecessary parentheses around method argument
   --> ../../docs/research/v8-no-work-100-20260907/experiments/copy_scatter_plan_generated.rs:139:879
    |
139 | ...lags[17] { h[48] } else { QM31::ZERO })).add((if flags[18] { h[49] } else { QM31::ZERO })).add((if flags[19] { h[50] } else { QM31::ZE...
    |                                                 ^                                          ^
    |
help: remove these parentheses
    |
139 -     scratch[54]=(if flags[0] { h[26].add(n[28].add(n[40])) } else { QM31::ZERO }).add((if flags[1] { h[33] } else { QM31::ZERO })).add((if flags[3] { h[34] } else { QM31::ZERO })).add((if flags[4] { h[35] } else { QM31::ZERO })).add((if flags[5] { h[36] } else { QM31::ZERO })).add((if flags[6] { h[37] } else { QM31::ZERO })).add((if flags[7] { h[38] } else { QM31::ZERO })).add((if flags[8] { h[39] } else { QM31::ZERO })).add((if flags[9] { h[40] } else { QM31::ZERO })).add((if flags[10] { h[41] } else { QM31::ZERO })).add((if flags[11] { h[42] } else { QM31::ZERO })).add((if flags[12] { h[43] } else { QM31::ZERO })).add((if flags[13] { h[44] } else { QM31::ZERO })).add((if flags[14] { h[45] } else { QM31::ZERO })).add((if flags[15] { h[46] } else { QM31::ZERO })).add((if flags[16] { h[47] } else { QM31::ZERO })).add((if flags[17] { h[48] } else { QM31::ZERO })).add((if flags[18] { h[49] } else { QM31::ZERO })).add((if flags[19] { h[50] } else { QM31::ZERO })).add((if flags[20] { h[51] } else { QM31::ZERO })).add((if flags[21] { h[52] } else { QM31::ZERO })).add((if flags[22] { h[53] } else { QM31::ZERO }));
139 +     scratch[54]=(if flags[0] { h[26].add(n[28].add(n[40])) } else { QM31::ZERO }).add((if flags[1] { h[33] } else { QM31::ZERO })).add((if flags[3] { h[34] } else { QM31::ZERO })).add((if flags[4] { h[35] } else { QM31::ZERO })).add((if flags[5] { h[36] } else { QM31::ZERO })).add((if flags[6] { h[37] } else { QM31::ZERO })).add((if flags[7] { h[38] } else { QM31::ZERO })).add((if flags[8] { h[39] } else { QM31::ZERO })).add((if flags[9] { h[40] } else { QM31::ZERO })).add((if flags[10] { h[41] } else { QM31::ZERO })).add((if flags[11] { h[42] } else { QM31::ZERO })).add((if flags[12] { h[43] } else { QM31::ZERO })).add((if flags[13] { h[44] } else { QM31::ZERO })).add((if flags[14] { h[45] } else { QM31::ZERO })).add((if flags[15] { h[46] } else { QM31::ZERO })).add((if flags[16] { h[47] } else { QM31::ZERO })).add((if flags[17] { h[48] } else { QM31::ZERO })).add(if flags[18] { h[49] } else { QM31::ZERO }).add((if flags[19] { h[50] } else { QM31::ZERO })).add((if flags[20] { h[51] } else { QM31::ZERO })).add((if flags[21] { h[52] } else { QM31::ZERO })).add((if flags[22] { h[53] } else { QM31::ZERO }));
    |

warning: unnecessary parentheses around method argument
   --> ../../docs/research/v8-no-work-100-20260907/experiments/copy_scatter_plan_generated.rs:139:829
    |
139 | ...lags[16] { h[47] } else { QM31::ZERO })).add((if flags[17] { h[48] } else { QM31::ZERO })).add((if flags[18] { h[49] } else { QM31::ZE...
    |                                                 ^                                          ^
    |
help: remove these parentheses
    |
139 -     scratch[54]=(if flags[0] { h[26].add(n[28].add(n[40])) } else { QM31::ZERO }).add((if flags[1] { h[33] } else { QM31::ZERO })).add((if flags[3] { h[34] } else { QM31::ZERO })).add((if flags[4] { h[35] } else { QM31::ZERO })).add((if flags[5] { h[36] } else { QM31::ZERO })).add((if flags[6] { h[37] } else { QM31::ZERO })).add((if flags[7] { h[38] } else { QM31::ZERO })).add((if flags[8] { h[39] } else { QM31::ZERO })).add((if flags[9] { h[40] } else { QM31::ZERO })).add((if flags[10] { h[41] } else { QM31::ZERO })).add((if flags[11] { h[42] } else { QM31::ZERO })).add((if flags[12] { h[43] } else { QM31::ZERO })).add((if flags[13] { h[44] } else { QM31::ZERO })).add((if flags[14] { h[45] } else { QM31::ZERO })).add((if flags[15] { h[46] } else { QM31::ZERO })).add((if flags[16] { h[47] } else { QM31::ZERO })).add((if flags[17] { h[48] } else { QM31::ZERO })).add((if flags[18] { h[49] } else { QM31::ZERO })).add((if flags[19] { h[50] } else { QM31::ZERO })).add((if flags[20] { h[51] } else { QM31::ZERO })).add((if flags[21] { h[52] } else { QM31::ZERO })).add((if flags[22] { h[53] } else { QM31::ZERO }));
139 +     scratch[54]=(if flags[0] { h[26].add(n[28].add(n[40])) } else { QM31::ZERO }).add((if flags[1] { h[33] } else { QM31::ZERO })).add((if flags[3] { h[34] } else { QM31::ZERO })).add((if flags[4] { h[35] } else { QM31::ZERO })).add((if flags[5] { h[36] } else { QM31::ZERO })).add((if flags[6] { h[37] } else { QM31::ZERO })).add((if flags[7] { h[38] } else { QM31::ZERO })).add((if flags[8] { h[39] } else { QM31::ZERO })).add((if flags[9] { h[40] } else { QM31::ZERO })).add((if flags[10] { h[41] } else { QM31::ZERO })).add((if flags[11] { h[42] } else { QM31::ZERO })).add((if flags[12] { h[43] } else { QM31::ZERO })).add((if flags[13] { h[44] } else { QM31::ZERO })).add((if flags[14] { h[45] } else { QM31::ZERO })).add((if flags[15] { h[46] } else { QM31::ZERO })).add((if flags[16] { h[47] } else { QM31::ZERO })).add(if flags[17] { h[48] } else { QM31::ZERO }).add((if flags[18] { h[49] } else { QM31::ZERO })).add((if flags[19] { h[50] } else { QM31::ZERO })).add((if flags[20] { h[51] } else { QM31::ZERO })).add((if flags[21] { h[52] } else { QM31::ZERO })).add((if flags[22] { h[53] } else { QM31::ZERO }));
    |

warning: unnecessary parentheses around method argument
   --> ../../docs/research/v8-no-work-100-20260907/experiments/copy_scatter_plan_generated.rs:139:779
    |
139 | ...lags[15] { h[46] } else { QM31::ZERO })).add((if flags[16] { h[47] } else { QM31::ZERO })).add((if flags[17] { h[48] } else { QM31::ZE...
    |                                                 ^                                          ^
    |
help: remove these parentheses
    |
139 -     scratch[54]=(if flags[0] { h[26].add(n[28].add(n[40])) } else { QM31::ZERO }).add((if flags[1] { h[33] } else { QM31::ZERO })).add((if flags[3] { h[34] } else { QM31::ZERO })).add((if flags[4] { h[35] } else { QM31::ZERO })).add((if flags[5] { h[36] } else { QM31::ZERO })).add((if flags[6] { h[37] } else { QM31::ZERO })).add((if flags[7] { h[38] } else { QM31::ZERO })).add((if flags[8] { h[39] } else { QM31::ZERO })).add((if flags[9] { h[40] } else { QM31::ZERO })).add((if flags[10] { h[41] } else { QM31::ZERO })).add((if flags[11] { h[42] } else { QM31::ZERO })).add((if flags[12] { h[43] } else { QM31::ZERO })).add((if flags[13] { h[44] } else { QM31::ZERO })).add((if flags[14] { h[45] } else { QM31::ZERO })).add((if flags[15] { h[46] } else { QM31::ZERO })).add((if flags[16] { h[47] } else { QM31::ZERO })).add((if flags[17] { h[48] } else { QM31::ZERO })).add((if flags[18] { h[49] } else { QM31::ZERO })).add((if flags[19] { h[50] } else { QM31::ZERO })).add((if flags[20] { h[51] } else { QM31::ZERO })).add((if flags[21] { h[52] } else { QM31::ZERO })).add((if flags[22] { h[53] } else { QM31::ZERO }));
139 +     scratch[54]=(if flags[0] { h[26].add(n[28].add(n[40])) } else { QM31::ZERO }).add((if flags[1] { h[33] } else { QM31::ZERO })).add((if flags[3] { h[34] } else { QM31::ZERO })).add((if flags[4] { h[35] } else { QM31::ZERO })).add((if flags[5] { h[36] } else { QM31::ZERO })).add((if flags[6] { h[37] } else { QM31::ZERO })).add((if flags[7] { h[38] } else { QM31::ZERO })).add((if flags[8] { h[39] } else { QM31::ZERO })).add((if flags[9] { h[40] } else { QM31::ZERO })).add((if flags[10] { h[41] } else { QM31::ZERO })).add((if flags[11] { h[42] } else { QM31::ZERO })).add((if flags[12] { h[43] } else { QM31::ZERO })).add((if flags[13] { h[44] } else { QM31::ZERO })).add((if flags[14] { h[45] } else { QM31::ZERO })).add((if flags[15] { h[46] } else { QM31::ZERO })).add(if flags[16] { h[47] } else { QM31::ZERO }).add((if flags[17] { h[48] } else { QM31::ZERO })).add((if flags[18] { h[49] } else { QM31::ZERO })).add((if flags[19] { h[50] } else { QM31::ZERO })).add((if flags[20] { h[51] } else { QM31::ZERO })).add((if flags[21] { h[52] } else { QM31::ZERO })).add((if flags[22] { h[53] } else { QM31::ZERO }));
    |

warning: unnecessary parentheses around method argument
   --> ../../docs/research/v8-no-work-100-20260907/experiments/copy_scatter_plan_generated.rs:139:729
    |
139 | ...lags[14] { h[45] } else { QM31::ZERO })).add((if flags[15] { h[46] } else { QM31::ZERO })).add((if flags[16] { h[47] } else { QM31::ZE...
    |                                                 ^                                          ^
    |
help: remove these parentheses
    |
139 -     scratch[54]=(if flags[0] { h[26].add(n[28].add(n[40])) } else { QM31::ZERO }).add((if flags[1] { h[33] } else { QM31::ZERO })).add((if flags[3] { h[34] } else { QM31::ZERO })).add((if flags[4] { h[35] } else { QM31::ZERO })).add((if flags[5] { h[36] } else { QM31::ZERO })).add((if flags[6] { h[37] } else { QM31::ZERO })).add((if flags[7] { h[38] } else { QM31::ZERO })).add((if flags[8] { h[39] } else { QM31::ZERO })).add((if flags[9] { h[40] } else { QM31::ZERO })).add((if flags[10] { h[41] } else { QM31::ZERO })).add((if flags[11] { h[42] } else { QM31::ZERO })).add((if flags[12] { h[43] } else { QM31::ZERO })).add((if flags[13] { h[44] } else { QM31::ZERO })).add((if flags[14] { h[45] } else { QM31::ZERO })).add((if flags[15] { h[46] } else { QM31::ZERO })).add((if flags[16] { h[47] } else { QM31::ZERO })).add((if flags[17] { h[48] } else { QM31::ZERO })).add((if flags[18] { h[49] } else { QM31::ZERO })).add((if flags[19] { h[50] } else { QM31::ZERO })).add((if flags[20] { h[51] } else { QM31::ZERO })).add((if flags[21] { h[52] } else { QM31::ZERO })).add((if flags[22] { h[53] } else { QM31::ZERO }));
139 +     scratch[54]=(if flags[0] { h[26].add(n[28].add(n[40])) } else { QM31::ZERO }).add((if flags[1] { h[33] } else { QM31::ZERO })).add((if flags[3] { h[34] } else { QM31::ZERO })).add((if flags[4] { h[35] } else { QM31::ZERO })).add((if flags[5] { h[36] } else { QM31::ZERO })).add((if flags[6] { h[37] } else { QM31::ZERO })).add((if flags[7] { h[38] } else { QM31::ZERO })).add((if flags[8] { h[39] } else { QM31::ZERO })).add((if flags[9] { h[40] } else { QM31::ZERO })).add((if flags[10] { h[41] } else { QM31::ZERO })).add((if flags[11] { h[42] } else { QM31::ZERO })).add((if flags[12] { h[43] } else { QM31::ZERO })).add((if flags[13] { h[44] } else { QM31::ZERO })).add((if flags[14] { h[45] } else { QM31::ZERO })).add(if flags[15] { h[46] } else { QM31::ZERO }).add((if flags[16] { h[47] } else { QM31::ZERO })).add((if flags[17] { h[48] } else { QM31::ZERO })).add((if flags[18] { h[49] } else { QM31::ZERO })).add((if flags[19] { h[50] } else { QM31::ZERO })).add((if flags[20] { h[51] } else { QM31::ZERO })).add((if flags[21] { h[52] } else { QM31::ZERO })).add((if flags[22] { h[53] } else { QM31::ZERO }));
    |

warning: unnecessary parentheses around method argument
   --> ../../docs/research/v8-no-work-100-20260907/experiments/copy_scatter_plan_generated.rs:139:679
    |
139 | ...lags[13] { h[44] } else { QM31::ZERO })).add((if flags[14] { h[45] } else { QM31::ZERO })).add((if flags[15] { h[46] } else { QM31::ZE...
    |                                                 ^                                          ^
    |
help: remove these parentheses
    |
139 -     scratch[54]=(if flags[0] { h[26].add(n[28].add(n[40])) } else { QM31::ZERO }).add((if flags[1] { h[33] } else { QM31::ZERO })).add((if flags[3] { h[34] } else { QM31::ZERO })).add((if flags[4] { h[35] } else { QM31::ZERO })).add((if flags[5] { h[36] } else { QM31::ZERO })).add((if flags[6] { h[37] } else { QM31::ZERO })).add((if flags[7] { h[38] } else { QM31::ZERO })).add((if flags[8] { h[39] } else { QM31::ZERO })).add((if flags[9] { h[40] } else { QM31::ZERO })).add((if flags[10] { h[41] } else { QM31::ZERO })).add((if flags[11] { h[42] } else { QM31::ZERO })).add((if flags[12] { h[43] } else { QM31::ZERO })).add((if flags[13] { h[44] } else { QM31::ZERO })).add((if flags[14] { h[45] } else { QM31::ZERO })).add((if flags[15] { h[46] } else { QM31::ZERO })).add((if flags[16] { h[47] } else { QM31::ZERO })).add((if flags[17] { h[48] } else { QM31::ZERO })).add((if flags[18] { h[49] } else { QM31::ZERO })).add((if flags[19] { h[50] } else { QM31::ZERO })).add((if flags[20] { h[51] } else { QM31::ZERO })).add((if flags[21] { h[52] } else { QM31::ZERO })).add((if flags[22] { h[53] } else { QM31::ZERO }));
139 +     scratch[54]=(if flags[0] { h[26].add(n[28].add(n[40])) } else { QM31::ZERO }).add((if flags[1] { h[33] } else { QM31::ZERO })).add((if flags[3] { h[34] } else { QM31::ZERO })).add((if flags[4] { h[35] } else { QM31::ZERO })).add((if flags[5] { h[36] } else { QM31::ZERO })).add((if flags[6] { h[37] } else { QM31::ZERO })).add((if flags[7] { h[38] } else { QM31::ZERO })).add((if flags[8] { h[39] } else { QM31::ZERO })).add((if flags[9] { h[40] } else { QM31::ZERO })).add((if flags[10] { h[41] } else { QM31::ZERO })).add((if flags[11] { h[42] } else { QM31::ZERO })).add((if flags[12] { h[43] } else { QM31::ZERO })).add((if flags[13] { h[44] } else { QM31::ZERO })).add(if flags[14] { h[45] } else { QM31::ZERO }).add((if flags[15] { h[46] } else { QM31::ZERO })).add((if flags[16] { h[47] } else { QM31::ZERO })).add((if flags[17] { h[48] } else { QM31::ZERO })).add((if flags[18] { h[49] } else { QM31::ZERO })).add((if flags[19] { h[50] } else { QM31::ZERO })).add((if flags[20] { h[51] } else { QM31::ZERO })).add((if flags[21] { h[52] } else { QM31::ZERO })).add((if flags[22] { h[53] } else { QM31::ZERO }));
    |

warning: unnecessary parentheses around method argument
   --> ../../docs/research/v8-no-work-100-20260907/experiments/copy_scatter_plan_generated.rs:139:629
    |
139 | ...lags[12] { h[43] } else { QM31::ZERO })).add((if flags[13] { h[44] } else { QM31::ZERO })).add((if flags[14] { h[45] } else { QM31::ZE...
    |                                                 ^                                          ^
    |
help: remove these parentheses
    |
139 -     scratch[54]=(if flags[0] { h[26].add(n[28].add(n[40])) } else { QM31::ZERO }).add((if flags[1] { h[33] } else { QM31::ZERO })).add((if flags[3] { h[34] } else { QM31::ZERO })).add((if flags[4] { h[35] } else { QM31::ZERO })).add((if flags[5] { h[36] } else { QM31::ZERO })).add((if flags[6] { h[37] } else { QM31::ZERO })).add((if flags[7] { h[38] } else { QM31::ZERO })).add((if flags[8] { h[39] } else { QM31::ZERO })).add((if flags[9] { h[40] } else { QM31::ZERO })).add((if flags[10] { h[41] } else { QM31::ZERO })).add((if flags[11] { h[42] } else { QM31::ZERO })).add((if flags[12] { h[43] } else { QM31::ZERO })).add((if flags[13] { h[44] } else { QM31::ZERO })).add((if flags[14] { h[45] } else { QM31::ZERO })).add((if flags[15] { h[46] } else { QM31::ZERO })).add((if flags[16] { h[47] } else { QM31::ZERO })).add((if flags[17] { h[48] } else { QM31::ZERO })).add((if flags[18] { h[49] } else { QM31::ZERO })).add((if flags[19] { h[50] } else { QM31::ZERO })).add((if flags[20] { h[51] } else { QM31::ZERO })).add((if flags[21] { h[52] } else { QM31::ZERO })).add((if flags[22] { h[53] } else { QM31::ZERO }));
139 +     scratch[54]=(if flags[0] { h[26].add(n[28].add(n[40])) } else { QM31::ZERO }).add((if flags[1] { h[33] } else { QM31::ZERO })).add((if flags[3] { h[34] } else { QM31::ZERO })).add((if flags[4] { h[35] } else { QM31::ZERO })).add((if flags[5] { h[36] } else { QM31::ZERO })).add((if flags[6] { h[37] } else { QM31::ZERO })).add((if flags[7] { h[38] } else { QM31::ZERO })).add((if flags[8] { h[39] } else { QM31::ZERO })).add((if flags[9] { h[40] } else { QM31::ZERO })).add((if flags[10] { h[41] } else { QM31::ZERO })).add((if flags[11] { h[42] } else { QM31::ZERO })).add((if flags[12] { h[43] } else { QM31::ZERO })).add(if flags[13] { h[44] } else { QM31::ZERO }).add((if flags[14] { h[45] } else { QM31::ZERO })).add((if flags[15] { h[46] } else { QM31::ZERO })).add((if flags[16] { h[47] } else { QM31::ZERO })).add((if flags[17] { h[48] } else { QM31::ZERO })).add((if flags[18] { h[49] } else { QM31::ZERO })).add((if flags[19] { h[50] } else { QM31::ZERO })).add((if flags[20] { h[51] } else { QM31::ZERO })).add((if flags[21] { h[52] } else { QM31::ZERO })).add((if flags[22] { h[53] } else { QM31::ZERO }));
    |

warning: unnecessary parentheses around method argument
   --> ../../docs/research/v8-no-work-100-20260907/experiments/copy_scatter_plan_generated.rs:139:579
    |
139 | ...lags[11] { h[42] } else { QM31::ZERO })).add((if flags[12] { h[43] } else { QM31::ZERO })).add((if flags[13] { h[44] } else { QM31::ZE...
    |                                                 ^                                          ^
    |
help: remove these parentheses
    |
139 -     scratch[54]=(if flags[0] { h[26].add(n[28].add(n[40])) } else { QM31::ZERO }).add((if flags[1] { h[33] } else { QM31::ZERO })).add((if flags[3] { h[34] } else { QM31::ZERO })).add((if flags[4] { h[35] } else { QM31::ZERO })).add((if flags[5] { h[36] } else { QM31::ZERO })).add((if flags[6] { h[37] } else { QM31::ZERO })).add((if flags[7] { h[38] } else { QM31::ZERO })).add((if flags[8] { h[39] } else { QM31::ZERO })).add((if flags[9] { h[40] } else { QM31::ZERO })).add((if flags[10] { h[41] } else { QM31::ZERO })).add((if flags[11] { h[42] } else { QM31::ZERO })).add((if flags[12] { h[43] } else { QM31::ZERO })).add((if flags[13] { h[44] } else { QM31::ZERO })).add((if flags[14] { h[45] } else { QM31::ZERO })).add((if flags[15] { h[46] } else { QM31::ZERO })).add((if flags[16] { h[47] } else { QM31::ZERO })).add((if flags[17] { h[48] } else { QM31::ZERO })).add((if flags[18] { h[49] } else { QM31::ZERO })).add((if flags[19] { h[50] } else { QM31::ZERO })).add((if flags[20] { h[51] } else { QM31::ZERO })).add((if flags[21] { h[52] } else { QM31::ZERO })).add((if flags[22] { h[53] } else { QM31::ZERO }));
139 +     scratch[54]=(if flags[0] { h[26].add(n[28].add(n[40])) } else { QM31::ZERO }).add((if flags[1] { h[33] } else { QM31::ZERO })).add((if flags[3] { h[34] } else { QM31::ZERO })).add((if flags[4] { h[35] } else { QM31::ZERO })).add((if flags[5] { h[36] } else { QM31::ZERO })).add((if flags[6] { h[37] } else { QM31::ZERO })).add((if flags[7] { h[38] } else { QM31::ZERO })).add((if flags[8] { h[39] } else { QM31::ZERO })).add((if flags[9] { h[40] } else { QM31::ZERO })).add((if flags[10] { h[41] } else { QM31::ZERO })).add((if flags[11] { h[42] } else { QM31::ZERO })).add(if flags[12] { h[43] } else { QM31::ZERO }).add((if flags[13] { h[44] } else { QM31::ZERO })).add((if flags[14] { h[45] } else { QM31::ZERO })).add((if flags[15] { h[46] } else { QM31::ZERO })).add((if flags[16] { h[47] } else { QM31::ZERO })).add((if flags[17] { h[48] } else { QM31::ZERO })).add((if flags[18] { h[49] } else { QM31::ZERO })).add((if flags[19] { h[50] } else { QM31::ZERO })).add((if flags[20] { h[51] } else { QM31::ZERO })).add((if flags[21] { h[52] } else { QM31::ZERO })).add((if flags[22] { h[53] } else { QM31::ZERO }));
    |

warning: unnecessary parentheses around method argument
   --> ../../docs/research/v8-no-work-100-20260907/experiments/copy_scatter_plan_generated.rs:139:529
    |
139 | ...lags[10] { h[41] } else { QM31::ZERO })).add((if flags[11] { h[42] } else { QM31::ZERO })).add((if flags[12] { h[43] } else { QM31::ZE...
    |                                                 ^                                          ^
    |
help: remove these parentheses
    |
139 -     scratch[54]=(if flags[0] { h[26].add(n[28].add(n[40])) } else { QM31::ZERO }).add((if flags[1] { h[33] } else { QM31::ZERO })).add((if flags[3] { h[34] } else { QM31::ZERO })).add((if flags[4] { h[35] } else { QM31::ZERO })).add((if flags[5] { h[36] } else { QM31::ZERO })).add((if flags[6] { h[37] } else { QM31::ZERO })).add((if flags[7] { h[38] } else { QM31::ZERO })).add((if flags[8] { h[39] } else { QM31::ZERO })).add((if flags[9] { h[40] } else { QM31::ZERO })).add((if flags[10] { h[41] } else { QM31::ZERO })).add((if flags[11] { h[42] } else { QM31::ZERO })).add((if flags[12] { h[43] } else { QM31::ZERO })).add((if flags[13] { h[44] } else { QM31::ZERO })).add((if flags[14] { h[45] } else { QM31::ZERO })).add((if flags[15] { h[46] } else { QM31::ZERO })).add((if flags[16] { h[47] } else { QM31::ZERO })).add((if flags[17] { h[48] } else { QM31::ZERO })).add((if flags[18] { h[49] } else { QM31::ZERO })).add((if flags[19] { h[50] } else { QM31::ZERO })).add((if flags[20] { h[51] } else { QM31::ZERO })).add((if flags[21] { h[52] } else { QM31::ZERO })).add((if flags[22] { h[53] } else { QM31::ZERO }));
139 +     scratch[54]=(if flags[0] { h[26].add(n[28].add(n[40])) } else { QM31::ZERO }).add((if flags[1] { h[33] } else { QM31::ZERO })).add((if flags[3] { h[34] } else { QM31::ZERO })).add((if flags[4] { h[35] } else { QM31::ZERO })).add((if flags[5] { h[36] } else { QM31::ZERO })).add((if flags[6] { h[37] } else { QM31::ZERO })).add((if flags[7] { h[38] } else { QM31::ZERO })).add((if flags[8] { h[39] } else { QM31::ZERO })).add((if flags[9] { h[40] } else { QM31::ZERO })).add((if flags[10] { h[41] } else { QM31::ZERO })).add(if flags[11] { h[42] } else { QM31::ZERO }).add((if flags[12] { h[43] } else { QM31::ZERO })).add((if flags[13] { h[44] } else { QM31::ZERO })).add((if flags[14] { h[45] } else { QM31::ZERO })).add((if flags[15] { h[46] } else { QM31::ZERO })).add((if flags[16] { h[47] } else { QM31::ZERO })).add((if flags[17] { h[48] } else { QM31::ZERO })).add((if flags[18] { h[49] } else { QM31::ZERO })).add((if flags[19] { h[50] } else { QM31::ZERO })).add((if flags[20] { h[51] } else { QM31::ZERO })).add((if flags[21] { h[52] } else { QM31::ZERO })).add((if flags[22] { h[53] } else { QM31::ZERO }));
    |

warning: unnecessary parentheses around method argument
   --> ../../docs/research/v8-no-work-100-20260907/experiments/copy_scatter_plan_generated.rs:139:479
    |
139 | ...flags[9] { h[40] } else { QM31::ZERO })).add((if flags[10] { h[41] } else { QM31::ZERO })).add((if flags[11] { h[42] } else { QM31::ZE...
    |                                                 ^                                          ^
    |
help: remove these parentheses
    |
139 -     scratch[54]=(if flags[0] { h[26].add(n[28].add(n[40])) } else { QM31::ZERO }).add((if flags[1] { h[33] } else { QM31::ZERO })).add((if flags[3] { h[34] } else { QM31::ZERO })).add((if flags[4] { h[35] } else { QM31::ZERO })).add((if flags[5] { h[36] } else { QM31::ZERO })).add((if flags[6] { h[37] } else { QM31::ZERO })).add((if flags[7] { h[38] } else { QM31::ZERO })).add((if flags[8] { h[39] } else { QM31::ZERO })).add((if flags[9] { h[40] } else { QM31::ZERO })).add((if flags[10] { h[41] } else { QM31::ZERO })).add((if flags[11] { h[42] } else { QM31::ZERO })).add((if flags[12] { h[43] } else { QM31::ZERO })).add((if flags[13] { h[44] } else { QM31::ZERO })).add((if flags[14] { h[45] } else { QM31::ZERO })).add((if flags[15] { h[46] } else { QM31::ZERO })).add((if flags[16] { h[47] } else { QM31::ZERO })).add((if flags[17] { h[48] } else { QM31::ZERO })).add((if flags[18] { h[49] } else { QM31::ZERO })).add((if flags[19] { h[50] } else { QM31::ZERO })).add((if flags[20] { h[51] } else { QM31::ZERO })).add((if flags[21] { h[52] } else { QM31::ZERO })).add((if flags[22] { h[53] } else { QM31::ZERO }));
139 +     scratch[54]=(if flags[0] { h[26].add(n[28].add(n[40])) } else { QM31::ZERO }).add((if flags[1] { h[33] } else { QM31::ZERO })).add((if flags[3] { h[34] } else { QM31::ZERO })).add((if flags[4] { h[35] } else { QM31::ZERO })).add((if flags[5] { h[36] } else { QM31::ZERO })).add((if flags[6] { h[37] } else { QM31::ZERO })).add((if flags[7] { h[38] } else { QM31::ZERO })).add((if flags[8] { h[39] } else { QM31::ZERO })).add((if flags[9] { h[40] } else { QM31::ZERO })).add(if flags[10] { h[41] } else { QM31::ZERO }).add((if flags[11] { h[42] } else { QM31::ZERO })).add((if flags[12] { h[43] } else { QM31::ZERO })).add((if flags[13] { h[44] } else { QM31::ZERO })).add((if flags[14] { h[45] } else { QM31::ZERO })).add((if flags[15] { h[46] } else { QM31::ZERO })).add((if flags[16] { h[47] } else { QM31::ZERO })).add((if flags[17] { h[48] } else { QM31::ZERO })).add((if flags[18] { h[49] } else { QM31::ZERO })).add((if flags[19] { h[50] } else { QM31::ZERO })).add((if flags[20] { h[51] } else { QM31::ZERO })).add((if flags[21] { h[52] } else { QM31::ZERO })).add((if flags[22] { h[53] } else { QM31::ZERO }));
    |

warning: unnecessary parentheses around method argument
   --> ../../docs/research/v8-no-work-100-20260907/experiments/copy_scatter_plan_generated.rs:139:430
    |
139 | ...flags[8] { h[39] } else { QM31::ZERO })).add((if flags[9] { h[40] } else { QM31::ZERO })).add((if flags[10] { h[41] } else { QM31::ZER...
    |                                                 ^                                         ^
    |
help: remove these parentheses
    |
139 -     scratch[54]=(if flags[0] { h[26].add(n[28].add(n[40])) } else { QM31::ZERO }).add((if flags[1] { h[33] } else { QM31::ZERO })).add((if flags[3] { h[34] } else { QM31::ZERO })).add((if flags[4] { h[35] } else { QM31::ZERO })).add((if flags[5] { h[36] } else { QM31::ZERO })).add((if flags[6] { h[37] } else { QM31::ZERO })).add((if flags[7] { h[38] } else { QM31::ZERO })).add((if flags[8] { h[39] } else { QM31::ZERO })).add((if flags[9] { h[40] } else { QM31::ZERO })).add((if flags[10] { h[41] } else { QM31::ZERO })).add((if flags[11] { h[42] } else { QM31::ZERO })).add((if flags[12] { h[43] } else { QM31::ZERO })).add((if flags[13] { h[44] } else { QM31::ZERO })).add((if flags[14] { h[45] } else { QM31::ZERO })).add((if flags[15] { h[46] } else { QM31::ZERO })).add((if flags[16] { h[47] } else { QM31::ZERO })).add((if flags[17] { h[48] } else { QM31::ZERO })).add((if flags[18] { h[49] } else { QM31::ZERO })).add((if flags[19] { h[50] } else { QM31::ZERO })).add((if flags[20] { h[51] } else { QM31::ZERO })).add((if flags[21] { h[52] } else { QM31::ZERO })).add((if flags[22] { h[53] } else { QM31::ZERO }));
139 +     scratch[54]=(if flags[0] { h[26].add(n[28].add(n[40])) } else { QM31::ZERO }).add((if flags[1] { h[33] } else { QM31::ZERO })).add((if flags[3] { h[34] } else { QM31::ZERO })).add((if flags[4] { h[35] } else { QM31::ZERO })).add((if flags[5] { h[36] } else { QM31::ZERO })).add((if flags[6] { h[37] } else { QM31::ZERO })).add((if flags[7] { h[38] } else { QM31::ZERO })).add((if flags[8] { h[39] } else { QM31::ZERO })).add(if flags[9] { h[40] } else { QM31::ZERO }).add((if flags[10] { h[41] } else { QM31::ZERO })).add((if flags[11] { h[42] } else { QM31::ZERO })).add((if flags[12] { h[43] } else { QM31::ZERO })).add((if flags[13] { h[44] } else { QM31::ZERO })).add((if flags[14] { h[45] } else { QM31::ZERO })).add((if flags[15] { h[46] } else { QM31::ZERO })).add((if flags[16] { h[47] } else { QM31::ZERO })).add((if flags[17] { h[48] } else { QM31::ZERO })).add((if flags[18] { h[49] } else { QM31::ZERO })).add((if flags[19] { h[50] } else { QM31::ZERO })).add((if flags[20] { h[51] } else { QM31::ZERO })).add((if flags[21] { h[52] } else { QM31::ZERO })).add((if flags[22] { h[53] } else { QM31::ZERO }));
    |

warning: unnecessary parentheses around method argument
   --> ../../docs/research/v8-no-work-100-20260907/experiments/copy_scatter_plan_generated.rs:139:381
    |
139 | ...flags[7] { h[38] } else { QM31::ZERO })).add((if flags[8] { h[39] } else { QM31::ZERO })).add((if flags[9] { h[40] } else { QM31::ZERO...
    |                                                 ^                                         ^
    |
help: remove these parentheses
    |
139 -     scratch[54]=(if flags[0] { h[26].add(n[28].add(n[40])) } else { QM31::ZERO }).add((if flags[1] { h[33] } else { QM31::ZERO })).add((if flags[3] { h[34] } else { QM31::ZERO })).add((if flags[4] { h[35] } else { QM31::ZERO })).add((if flags[5] { h[36] } else { QM31::ZERO })).add((if flags[6] { h[37] } else { QM31::ZERO })).add((if flags[7] { h[38] } else { QM31::ZERO })).add((if flags[8] { h[39] } else { QM31::ZERO })).add((if flags[9] { h[40] } else { QM31::ZERO })).add((if flags[10] { h[41] } else { QM31::ZERO })).add((if flags[11] { h[42] } else { QM31::ZERO })).add((if flags[12] { h[43] } else { QM31::ZERO })).add((if flags[13] { h[44] } else { QM31::ZERO })).add((if flags[14] { h[45] } else { QM31::ZERO })).add((if flags[15] { h[46] } else { QM31::ZERO })).add((if flags[16] { h[47] } else { QM31::ZERO })).add((if flags[17] { h[48] } else { QM31::ZERO })).add((if flags[18] { h[49] } else { QM31::ZERO })).add((if flags[19] { h[50] } else { QM31::ZERO })).add((if flags[20] { h[51] } else { QM31::ZERO })).add((if flags[21] { h[52] } else { QM31::ZERO })).add((if flags[22] { h[53] } else { QM31::ZERO }));
139 +     scratch[54]=(if flags[0] { h[26].add(n[28].add(n[40])) } else { QM31::ZERO }).add((if flags[1] { h[33] } else { QM31::ZERO })).add((if flags[3] { h[34] } else { QM31::ZERO })).add((if flags[4] { h[35] } else { QM31::ZERO })).add((if flags[5] { h[36] } else { QM31::ZERO })).add((if flags[6] { h[37] } else { QM31::ZERO })).add((if flags[7] { h[38] } else { QM31::ZERO })).add(if flags[8] { h[39] } else { QM31::ZERO }).add((if flags[9] { h[40] } else { QM31::ZERO })).add((if flags[10] { h[41] } else { QM31::ZERO })).add((if flags[11] { h[42] } else { QM31::ZERO })).add((if flags[12] { h[43] } else { QM31::ZERO })).add((if flags[13] { h[44] } else { QM31::ZERO })).add((if flags[14] { h[45] } else { QM31::ZERO })).add((if flags[15] { h[46] } else { QM31::ZERO })).add((if flags[16] { h[47] } else { QM31::ZERO })).add((if flags[17] { h[48] } else { QM31::ZERO })).add((if flags[18] { h[49] } else { QM31::ZERO })).add((if flags[19] { h[50] } else { QM31::ZERO })).add((if flags[20] { h[51] } else { QM31::ZERO })).add((if flags[21] { h[52] } else { QM31::ZERO })).add((if flags[22] { h[53] } else { QM31::ZERO }));
    |

warning: unnecessary parentheses around method argument
   --> ../../docs/research/v8-no-work-100-20260907/experiments/copy_scatter_plan_generated.rs:139:332
    |
139 | ...flags[6] { h[37] } else { QM31::ZERO })).add((if flags[7] { h[38] } else { QM31::ZERO })).add((if flags[8] { h[39] } else { QM31::ZERO...
    |                                                 ^                                         ^
    |
help: remove these parentheses
    |
139 -     scratch[54]=(if flags[0] { h[26].add(n[28].add(n[40])) } else { QM31::ZERO }).add((if flags[1] { h[33] } else { QM31::ZERO })).add((if flags[3] { h[34] } else { QM31::ZERO })).add((if flags[4] { h[35] } else { QM31::ZERO })).add((if flags[5] { h[36] } else { QM31::ZERO })).add((if flags[6] { h[37] } else { QM31::ZERO })).add((if flags[7] { h[38] } else { QM31::ZERO })).add((if flags[8] { h[39] } else { QM31::ZERO })).add((if flags[9] { h[40] } else { QM31::ZERO })).add((if flags[10] { h[41] } else { QM31::ZERO })).add((if flags[11] { h[42] } else { QM31::ZERO })).add((if flags[12] { h[43] } else { QM31::ZERO })).add((if flags[13] { h[44] } else { QM31::ZERO })).add((if flags[14] { h[45] } else { QM31::ZERO })).add((if flags[15] { h[46] } else { QM31::ZERO })).add((if flags[16] { h[47] } else { QM31::ZERO })).add((if flags[17] { h[48] } else { QM31::ZERO })).add((if flags[18] { h[49] } else { QM31::ZERO })).add((if flags[19] { h[50] } else { QM31::ZERO })).add((if flags[20] { h[51] } else { QM31::ZERO })).add((if flags[21] { h[52] } else { QM31::ZERO })).add((if flags[22] { h[53] } else { QM31::ZERO }));
139 +     scratch[54]=(if flags[0] { h[26].add(n[28].add(n[40])) } else { QM31::ZERO }).add((if flags[1] { h[33] } else { QM31::ZERO })).add((if flags[3] { h[34] } else { QM31::ZERO })).add((if flags[4] { h[35] } else { QM31::ZERO })).add((if flags[5] { h[36] } else { QM31::ZERO })).add((if flags[6] { h[37] } else { QM31::ZERO })).add(if flags[7] { h[38] } else { QM31::ZERO }).add((if flags[8] { h[39] } else { QM31::ZERO })).add((if flags[9] { h[40] } else { QM31::ZERO })).add((if flags[10] { h[41] } else { QM31::ZERO })).add((if flags[11] { h[42] } else { QM31::ZERO })).add((if flags[12] { h[43] } else { QM31::ZERO })).add((if flags[13] { h[44] } else { QM31::ZERO })).add((if flags[14] { h[45] } else { QM31::ZERO })).add((if flags[15] { h[46] } else { QM31::ZERO })).add((if flags[16] { h[47] } else { QM31::ZERO })).add((if flags[17] { h[48] } else { QM31::ZERO })).add((if flags[18] { h[49] } else { QM31::ZERO })).add((if flags[19] { h[50] } else { QM31::ZERO })).add((if flags[20] { h[51] } else { QM31::ZERO })).add((if flags[21] { h[52] } else { QM31::ZERO })).add((if flags[22] { h[53] } else { QM31::ZERO }));
    |

warning: unnecessary parentheses around method argument
   --> ../../docs/research/v8-no-work-100-20260907/experiments/copy_scatter_plan_generated.rs:139:283
    |
139 | ...flags[5] { h[36] } else { QM31::ZERO })).add((if flags[6] { h[37] } else { QM31::ZERO })).add((if flags[7] { h[38] } else { QM31::ZERO...
    |                                                 ^                                         ^
    |
help: remove these parentheses
    |
139 -     scratch[54]=(if flags[0] { h[26].add(n[28].add(n[40])) } else { QM31::ZERO }).add((if flags[1] { h[33] } else { QM31::ZERO })).add((if flags[3] { h[34] } else { QM31::ZERO })).add((if flags[4] { h[35] } else { QM31::ZERO })).add((if flags[5] { h[36] } else { QM31::ZERO })).add((if flags[6] { h[37] } else { QM31::ZERO })).add((if flags[7] { h[38] } else { QM31::ZERO })).add((if flags[8] { h[39] } else { QM31::ZERO })).add((if flags[9] { h[40] } else { QM31::ZERO })).add((if flags[10] { h[41] } else { QM31::ZERO })).add((if flags[11] { h[42] } else { QM31::ZERO })).add((if flags[12] { h[43] } else { QM31::ZERO })).add((if flags[13] { h[44] } else { QM31::ZERO })).add((if flags[14] { h[45] } else { QM31::ZERO })).add((if flags[15] { h[46] } else { QM31::ZERO })).add((if flags[16] { h[47] } else { QM31::ZERO })).add((if flags[17] { h[48] } else { QM31::ZERO })).add((if flags[18] { h[49] } else { QM31::ZERO })).add((if flags[19] { h[50] } else { QM31::ZERO })).add((if flags[20] { h[51] } else { QM31::ZERO })).add((if flags[21] { h[52] } else { QM31::ZERO })).add((if flags[22] { h[53] } else { QM31::ZERO }));
139 +     scratch[54]=(if flags[0] { h[26].add(n[28].add(n[40])) } else { QM31::ZERO }).add((if flags[1] { h[33] } else { QM31::ZERO })).add((if flags[3] { h[34] } else { QM31::ZERO })).add((if flags[4] { h[35] } else { QM31::ZERO })).add((if flags[5] { h[36] } else { QM31::ZERO })).add(if flags[6] { h[37] } else { QM31::ZERO }).add((if flags[7] { h[38] } else { QM31::ZERO })).add((if flags[8] { h[39] } else { QM31::ZERO })).add((if flags[9] { h[40] } else { QM31::ZERO })).add((if flags[10] { h[41] } else { QM31::ZERO })).add((if flags[11] { h[42] } else { QM31::ZERO })).add((if flags[12] { h[43] } else { QM31::ZERO })).add((if flags[13] { h[44] } else { QM31::ZERO })).add((if flags[14] { h[45] } else { QM31::ZERO })).add((if flags[15] { h[46] } else { QM31::ZERO })).add((if flags[16] { h[47] } else { QM31::ZERO })).add((if flags[17] { h[48] } else { QM31::ZERO })).add((if flags[18] { h[49] } else { QM31::ZERO })).add((if flags[19] { h[50] } else { QM31::ZERO })).add((if flags[20] { h[51] } else { QM31::ZERO })).add((if flags[21] { h[52] } else { QM31::ZERO })).add((if flags[22] { h[53] } else { QM31::ZERO }));
    |

warning: unnecessary parentheses around method argument
   --> ../../docs/research/v8-no-work-100-20260907/experiments/copy_scatter_plan_generated.rs:139:234
    |
139 | ...flags[4] { h[35] } else { QM31::ZERO })).add((if flags[5] { h[36] } else { QM31::ZERO })).add((if flags[6] { h[37] } else { QM31::ZERO...
    |                                                 ^                                         ^
    |
help: remove these parentheses
    |
139 -     scratch[54]=(if flags[0] { h[26].add(n[28].add(n[40])) } else { QM31::ZERO }).add((if flags[1] { h[33] } else { QM31::ZERO })).add((if flags[3] { h[34] } else { QM31::ZERO })).add((if flags[4] { h[35] } else { QM31::ZERO })).add((if flags[5] { h[36] } else { QM31::ZERO })).add((if flags[6] { h[37] } else { QM31::ZERO })).add((if flags[7] { h[38] } else { QM31::ZERO })).add((if flags[8] { h[39] } else { QM31::ZERO })).add((if flags[9] { h[40] } else { QM31::ZERO })).add((if flags[10] { h[41] } else { QM31::ZERO })).add((if flags[11] { h[42] } else { QM31::ZERO })).add((if flags[12] { h[43] } else { QM31::ZERO })).add((if flags[13] { h[44] } else { QM31::ZERO })).add((if flags[14] { h[45] } else { QM31::ZERO })).add((if flags[15] { h[46] } else { QM31::ZERO })).add((if flags[16] { h[47] } else { QM31::ZERO })).add((if flags[17] { h[48] } else { QM31::ZERO })).add((if flags[18] { h[49] } else { QM31::ZERO })).add((if flags[19] { h[50] } else { QM31::ZERO })).add((if flags[20] { h[51] } else { QM31::ZERO })).add((if flags[21] { h[52] } else { QM31::ZERO })).add((if flags[22] { h[53] } else { QM31::ZERO }));
139 +     scratch[54]=(if flags[0] { h[26].add(n[28].add(n[40])) } else { QM31::ZERO }).add((if flags[1] { h[33] } else { QM31::ZERO })).add((if flags[3] { h[34] } else { QM31::ZERO })).add((if flags[4] { h[35] } else { QM31::ZERO })).add(if flags[5] { h[36] } else { QM31::ZERO }).add((if flags[6] { h[37] } else { QM31::ZERO })).add((if flags[7] { h[38] } else { QM31::ZERO })).add((if flags[8] { h[39] } else { QM31::ZERO })).add((if flags[9] { h[40] } else { QM31::ZERO })).add((if flags[10] { h[41] } else { QM31::ZERO })).add((if flags[11] { h[42] } else { QM31::ZERO })).add((if flags[12] { h[43] } else { QM31::ZERO })).add((if flags[13] { h[44] } else { QM31::ZERO })).add((if flags[14] { h[45] } else { QM31::ZERO })).add((if flags[15] { h[46] } else { QM31::ZERO })).add((if flags[16] { h[47] } else { QM31::ZERO })).add((if flags[17] { h[48] } else { QM31::ZERO })).add((if flags[18] { h[49] } else { QM31::ZERO })).add((if flags[19] { h[50] } else { QM31::ZERO })).add((if flags[20] { h[51] } else { QM31::ZERO })).add((if flags[21] { h[52] } else { QM31::ZERO })).add((if flags[22] { h[53] } else { QM31::ZERO }));
    |

warning: unnecessary parentheses around method argument
   --> ../../docs/research/v8-no-work-100-20260907/experiments/copy_scatter_plan_generated.rs:139:185
    |
139 | ...flags[3] { h[34] } else { QM31::ZERO })).add((if flags[4] { h[35] } else { QM31::ZERO })).add((if flags[5] { h[36] } else { QM31::ZERO...
    |                                                 ^                                         ^
    |
help: remove these parentheses
    |
139 -     scratch[54]=(if flags[0] { h[26].add(n[28].add(n[40])) } else { QM31::ZERO }).add((if flags[1] { h[33] } else { QM31::ZERO })).add((if flags[3] { h[34] } else { QM31::ZERO })).add((if flags[4] { h[35] } else { QM31::ZERO })).add((if flags[5] { h[36] } else { QM31::ZERO })).add((if flags[6] { h[37] } else { QM31::ZERO })).add((if flags[7] { h[38] } else { QM31::ZERO })).add((if flags[8] { h[39] } else { QM31::ZERO })).add((if flags[9] { h[40] } else { QM31::ZERO })).add((if flags[10] { h[41] } else { QM31::ZERO })).add((if flags[11] { h[42] } else { QM31::ZERO })).add((if flags[12] { h[43] } else { QM31::ZERO })).add((if flags[13] { h[44] } else { QM31::ZERO })).add((if flags[14] { h[45] } else { QM31::ZERO })).add((if flags[15] { h[46] } else { QM31::ZERO })).add((if flags[16] { h[47] } else { QM31::ZERO })).add((if flags[17] { h[48] } else { QM31::ZERO })).add((if flags[18] { h[49] } else { QM31::ZERO })).add((if flags[19] { h[50] } else { QM31::ZERO })).add((if flags[20] { h[51] } else { QM31::ZERO })).add((if flags[21] { h[52] } else { QM31::ZERO })).add((if flags[22] { h[53] } else { QM31::ZERO }));
139 +     scratch[54]=(if flags[0] { h[26].add(n[28].add(n[40])) } else { QM31::ZERO }).add((if flags[1] { h[33] } else { QM31::ZERO })).add((if flags[3] { h[34] } else { QM31::ZERO })).add(if flags[4] { h[35] } else { QM31::ZERO }).add((if flags[5] { h[36] } else { QM31::ZERO })).add((if flags[6] { h[37] } else { QM31::ZERO })).add((if flags[7] { h[38] } else { QM31::ZERO })).add((if flags[8] { h[39] } else { QM31::ZERO })).add((if flags[9] { h[40] } else { QM31::ZERO })).add((if flags[10] { h[41] } else { QM31::ZERO })).add((if flags[11] { h[42] } else { QM31::ZERO })).add((if flags[12] { h[43] } else { QM31::ZERO })).add((if flags[13] { h[44] } else { QM31::ZERO })).add((if flags[14] { h[45] } else { QM31::ZERO })).add((if flags[15] { h[46] } else { QM31::ZERO })).add((if flags[16] { h[47] } else { QM31::ZERO })).add((if flags[17] { h[48] } else { QM31::ZERO })).add((if flags[18] { h[49] } else { QM31::ZERO })).add((if flags[19] { h[50] } else { QM31::ZERO })).add((if flags[20] { h[51] } else { QM31::ZERO })).add((if flags[21] { h[52] } else { QM31::ZERO })).add((if flags[22] { h[53] } else { QM31::ZERO }));
    |

warning: unnecessary parentheses around method argument
   --> ../../docs/research/v8-no-work-100-20260907/experiments/copy_scatter_plan_generated.rs:139:136
    |
139 | ...flags[1] { h[33] } else { QM31::ZERO })).add((if flags[3] { h[34] } else { QM31::ZERO })).add((if flags[4] { h[35] } else { QM31::ZERO...
    |                                                 ^                                         ^
    |
help: remove these parentheses
    |
139 -     scratch[54]=(if flags[0] { h[26].add(n[28].add(n[40])) } else { QM31::ZERO }).add((if flags[1] { h[33] } else { QM31::ZERO })).add((if flags[3] { h[34] } else { QM31::ZERO })).add((if flags[4] { h[35] } else { QM31::ZERO })).add((if flags[5] { h[36] } else { QM31::ZERO })).add((if flags[6] { h[37] } else { QM31::ZERO })).add((if flags[7] { h[38] } else { QM31::ZERO })).add((if flags[8] { h[39] } else { QM31::ZERO })).add((if flags[9] { h[40] } else { QM31::ZERO })).add((if flags[10] { h[41] } else { QM31::ZERO })).add((if flags[11] { h[42] } else { QM31::ZERO })).add((if flags[12] { h[43] } else { QM31::ZERO })).add((if flags[13] { h[44] } else { QM31::ZERO })).add((if flags[14] { h[45] } else { QM31::ZERO })).add((if flags[15] { h[46] } else { QM31::ZERO })).add((if flags[16] { h[47] } else { QM31::ZERO })).add((if flags[17] { h[48] } else { QM31::ZERO })).add((if flags[18] { h[49] } else { QM31::ZERO })).add((if flags[19] { h[50] } else { QM31::ZERO })).add((if flags[20] { h[51] } else { QM31::ZERO })).add((if flags[21] { h[52] } else { QM31::ZERO })).add((if flags[22] { h[53] } else { QM31::ZERO }));
139 +     scratch[54]=(if flags[0] { h[26].add(n[28].add(n[40])) } else { QM31::ZERO }).add((if flags[1] { h[33] } else { QM31::ZERO })).add(if flags[3] { h[34] } else { QM31::ZERO }).add((if flags[4] { h[35] } else { QM31::ZERO })).add((if flags[5] { h[36] } else { QM31::ZERO })).add((if flags[6] { h[37] } else { QM31::ZERO })).add((if flags[7] { h[38] } else { QM31::ZERO })).add((if flags[8] { h[39] } else { QM31::ZERO })).add((if flags[9] { h[40] } else { QM31::ZERO })).add((if flags[10] { h[41] } else { QM31::ZERO })).add((if flags[11] { h[42] } else { QM31::ZERO })).add((if flags[12] { h[43] } else { QM31::ZERO })).add((if flags[13] { h[44] } else { QM31::ZERO })).add((if flags[14] { h[45] } else { QM31::ZERO })).add((if flags[15] { h[46] } else { QM31::ZERO })).add((if flags[16] { h[47] } else { QM31::ZERO })).add((if flags[17] { h[48] } else { QM31::ZERO })).add((if flags[18] { h[49] } else { QM31::ZERO })).add((if flags[19] { h[50] } else { QM31::ZERO })).add((if flags[20] { h[51] } else { QM31::ZERO })).add((if flags[21] { h[52] } else { QM31::ZERO })).add((if flags[22] { h[53] } else { QM31::ZERO }));
    |

warning: unnecessary parentheses around method argument
   --> ../../docs/research/v8-no-work-100-20260907/experiments/copy_scatter_plan_generated.rs:139:87
    |
139 |     scratch[54]=(if flags[0] { h[26].add(n[28].add(n[40])) } else { QM31::ZERO }).add((if flags[1] { h[33] } else { QM31::ZERO })).add((i...
    |                                                                                       ^                                         ^
    |
help: remove these parentheses
    |
139 -     scratch[54]=(if flags[0] { h[26].add(n[28].add(n[40])) } else { QM31::ZERO }).add((if flags[1] { h[33] } else { QM31::ZERO })).add((if flags[3] { h[34] } else { QM31::ZERO })).add((if flags[4] { h[35] } else { QM31::ZERO })).add((if flags[5] { h[36] } else { QM31::ZERO })).add((if flags[6] { h[37] } else { QM31::ZERO })).add((if flags[7] { h[38] } else { QM31::ZERO })).add((if flags[8] { h[39] } else { QM31::ZERO })).add((if flags[9] { h[40] } else { QM31::ZERO })).add((if flags[10] { h[41] } else { QM31::ZERO })).add((if flags[11] { h[42] } else { QM31::ZERO })).add((if flags[12] { h[43] } else { QM31::ZERO })).add((if flags[13] { h[44] } else { QM31::ZERO })).add((if flags[14] { h[45] } else { QM31::ZERO })).add((if flags[15] { h[46] } else { QM31::ZERO })).add((if flags[16] { h[47] } else { QM31::ZERO })).add((if flags[17] { h[48] } else { QM31::ZERO })).add((if flags[18] { h[49] } else { QM31::ZERO })).add((if flags[19] { h[50] } else { QM31::ZERO })).add((if flags[20] { h[51] } else { QM31::ZERO })).add((if flags[21] { h[52] } else { QM31::ZERO })).add((if flags[22] { h[53] } else { QM31::ZERO }));
139 +     scratch[54]=(if flags[0] { h[26].add(n[28].add(n[40])) } else { QM31::ZERO }).add(if flags[1] { h[33] } else { QM31::ZERO }).add((if flags[3] { h[34] } else { QM31::ZERO })).add((if flags[4] { h[35] } else { QM31::ZERO })).add((if flags[5] { h[36] } else { QM31::ZERO })).add((if flags[6] { h[37] } else { QM31::ZERO })).add((if flags[7] { h[38] } else { QM31::ZERO })).add((if flags[8] { h[39] } else { QM31::ZERO })).add((if flags[9] { h[40] } else { QM31::ZERO })).add((if flags[10] { h[41] } else { QM31::ZERO })).add((if flags[11] { h[42] } else { QM31::ZERO })).add((if flags[12] { h[43] } else { QM31::ZERO })).add((if flags[13] { h[44] } else { QM31::ZERO })).add((if flags[14] { h[45] } else { QM31::ZERO })).add((if flags[15] { h[46] } else { QM31::ZERO })).add((if flags[16] { h[47] } else { QM31::ZERO })).add((if flags[17] { h[48] } else { QM31::ZERO })).add((if flags[18] { h[49] } else { QM31::ZERO })).add((if flags[19] { h[50] } else { QM31::ZERO })).add((if flags[20] { h[51] } else { QM31::ZERO })).add((if flags[21] { h[52] } else { QM31::ZERO })).add((if flags[22] { h[53] } else { QM31::ZERO }));
    |

warning: unnecessary parentheses around assigned value
   --> ../../docs/research/v8-no-work-100-20260907/experiments/copy_scatter_plan_generated.rs:140:17
    |
140 |     scratch[55]=(if flags[0] { n[4] } else { QM31::ZERO });
    |                 ^                                        ^
    |
help: remove these parentheses
    |
140 -     scratch[55]=(if flags[0] { n[4] } else { QM31::ZERO });
140 +     scratch[55]=if flags[0] { n[4] } else { QM31::ZERO };
    |

warning: unnecessary parentheses around assigned value
   --> ../../docs/research/v8-no-work-100-20260907/experiments/copy_scatter_plan_generated.rs:141:17
    |
141 |     scratch[56]=(if flags[0] { h[63] } else { QM31::ZERO });
    |                 ^                                         ^
    |
help: remove these parentheses
    |
141 -     scratch[56]=(if flags[0] { h[63] } else { QM31::ZERO });
141 +     scratch[56]=if flags[0] { h[63] } else { QM31::ZERO };
    |

warning: unnecessary parentheses around assigned value
   --> ../../docs/research/v8-no-work-100-20260907/experiments/copy_scatter_plan_generated.rs:142:17
    |
142 |     scratch[57]=(if flags[0] { h[63] } else { QM31::ZERO });
    |                 ^                                         ^
    |
help: remove these parentheses
    |
142 -     scratch[57]=(if flags[0] { h[63] } else { QM31::ZERO });
142 +     scratch[57]=if flags[0] { h[63] } else { QM31::ZERO };
    |

warning: unnecessary parentheses around assigned value
   --> ../../docs/research/v8-no-work-100-20260907/experiments/copy_scatter_plan_generated.rs:143:17
    |
143 |     scratch[58]=(if flags[0] { h[63] } else { QM31::ZERO });
    |                 ^                                         ^
    |
help: remove these parentheses
    |
143 -     scratch[58]=(if flags[0] { h[63] } else { QM31::ZERO });
143 +     scratch[58]=if flags[0] { h[63] } else { QM31::ZERO };
    |

warning: unnecessary parentheses around method argument
   --> ../../docs/research/v8-no-work-100-20260907/experiments/copy_scatter_plan_generated.rs:144:65
    |
144 |     scratch[59]=(if flags[0] { h[26] } else { QM31::ZERO }).add((if flags[2] { h[33] } else { QM31::ZERO }));
    |                                                                 ^                                         ^
    |
help: remove these parentheses
    |
144 -     scratch[59]=(if flags[0] { h[26] } else { QM31::ZERO }).add((if flags[2] { h[33] } else { QM31::ZERO }));
144 +     scratch[59]=(if flags[0] { h[26] } else { QM31::ZERO }).add(if flags[2] { h[33] } else { QM31::ZERO });
    |

warning: unnecessary parentheses around assigned value
  --> ../../docs/research/v8-no-work-100-20260907/experiments/copy_tag_shared_generated.rs:66:17
   |
66 |     scratch[30]=(if flags[0] { h[4].add(h[63]) } else { QM31::ZERO });
   |                 ^                                                   ^
   |
help: remove these parentheses
   |
66 -     scratch[30]=(if flags[0] { h[4].add(h[63]) } else { QM31::ZERO });
66 +     scratch[30]=if flags[0] { h[4].add(h[63]) } else { QM31::ZERO };
   |

warning: unnecessary parentheses around assigned value
  --> ../../docs/research/v8-no-work-100-20260907/experiments/copy_tag_shared_generated.rs:67:17
   |
67 |     scratch[31]=(if flags[0] { h[57] } else { QM31::ZERO });
   |                 ^                                         ^
   |
help: remove these parentheses
   |
67 -     scratch[31]=(if flags[0] { h[57] } else { QM31::ZERO });
67 +     scratch[31]=if flags[0] { h[57] } else { QM31::ZERO };
   |

warning: unnecessary parentheses around assigned value
  --> ../../docs/research/v8-no-work-100-20260907/experiments/copy_tag_shared_generated.rs:68:17
   |
68 |     scratch[32]=(if flags[0] { n[41] } else { QM31::ZERO });
   |                 ^                                         ^
   |
help: remove these parentheses
   |
68 -     scratch[32]=(if flags[0] { n[41] } else { QM31::ZERO });
68 +     scratch[32]=if flags[0] { n[41] } else { QM31::ZERO };
   |

warning: unnecessary parentheses around assigned value
  --> ../../docs/research/v8-no-work-100-20260907/experiments/copy_tag_shared_generated.rs:69:17
   |
69 |     scratch[33]=(if flags[0] { h[63] } else { QM31::ZERO });
   |                 ^                                         ^
   |
help: remove these parentheses
   |
69 -     scratch[33]=(if flags[0] { h[63] } else { QM31::ZERO });
69 +     scratch[33]=if flags[0] { h[63] } else { QM31::ZERO };
   |

warning: unnecessary parentheses around assigned value
  --> ../../docs/research/v8-no-work-100-20260907/experiments/copy_tag_shared_generated.rs:70:17
   |
70 |     scratch[34]=(if flags[0] { n[41] } else { QM31::ZERO });
   |                 ^                                         ^
   |
help: remove these parentheses
   |
70 -     scratch[34]=(if flags[0] { n[41] } else { QM31::ZERO });
70 +     scratch[34]=if flags[0] { n[41] } else { QM31::ZERO };
   |

warning: unnecessary parentheses around assigned value
  --> ../../docs/research/v8-no-work-100-20260907/experiments/copy_tag_shared_generated.rs:71:17
   |
71 |     scratch[35]=(if flags[0] { n[41] } else { QM31::ZERO });
   |                 ^                                         ^
   |
help: remove these parentheses
   |
71 -     scratch[35]=(if flags[0] { n[41] } else { QM31::ZERO });
71 +     scratch[35]=if flags[0] { n[41] } else { QM31::ZERO };
   |

warning: unnecessary parentheses around method argument
  --> ../../docs/research/v8-no-work-100-20260907/experiments/copy_tag_shared_generated.rs:72:1101
   |
72 | ...lags[21] { h[51] } else { QM31::ZERO })).add((if flags[22] { h[52] } else { QM31::ZERO }));
   |                                                 ^                                          ^
   |
help: remove these parentheses
   |
72 -     scratch[36]=(if flags[0] { n[29].add(n[52].add(n[54])) } else { QM31::ZERO }).add((if flags[1] { h[27].add(h[32].add(n[51])) } else { QM31::ZERO })).add((if flags[3] { h[33] } else { QM31::ZERO })).add((if flags[4] { h[34] } else { QM31::ZERO })).add((if flags[5] { h[35] } else { QM31::ZERO })).add((if flags[6] { h[36] } else { QM31::ZERO })).add((if flags[7] { h[37] } else { QM31::ZERO })).add((if flags[8] { h[38] } else { QM31::ZERO })).add((if flags[9] { h[39] } else { QM31::ZERO })).add((if flags[10] { h[40] } else { QM31::ZERO })).add((if flags[11] { h[41] } else { QM31::ZERO })).add((if flags[12] { h[42] } else { QM31::ZERO })).add((if flags[13] { h[43] } else { QM31::ZERO })).add((if flags[14] { h[44] } else { QM31::ZERO })).add((if flags[15] { h[45] } else { QM31::ZERO })).add((if flags[16] { h[46] } else { QM31::ZERO })).add((if flags[17] { h[47] } else { QM31::ZERO })).add((if flags[18] { h[48] } else { QM31::ZERO })).add((if flags[19] { h[49] } else { QM31::ZERO })).add((if flags[20] { h[50] } else { QM31::ZERO })).add((if flags[21] { h[51] } else { QM31::ZERO })).add((if flags[22] { h[52] } else { QM31::ZERO }));
72 +     scratch[36]=(if flags[0] { n[29].add(n[52].add(n[54])) } else { QM31::ZERO }).add((if flags[1] { h[27].add(h[32].add(n[51])) } else { QM31::ZERO })).add((if flags[3] { h[33] } else { QM31::ZERO })).add((if flags[4] { h[34] } else { QM31::ZERO })).add((if flags[5] { h[35] } else { QM31::ZERO })).add((if flags[6] { h[36] } else { QM31::ZERO })).add((if flags[7] { h[37] } else { QM31::ZERO })).add((if flags[8] { h[38] } else { QM31::ZERO })).add((if flags[9] { h[39] } else { QM31::ZERO })).add((if flags[10] { h[40] } else { QM31::ZERO })).add((if flags[11] { h[41] } else { QM31::ZERO })).add((if flags[12] { h[42] } else { QM31::ZERO })).add((if flags[13] { h[43] } else { QM31::ZERO })).add((if flags[14] { h[44] } else { QM31::ZERO })).add((if flags[15] { h[45] } else { QM31::ZERO })).add((if flags[16] { h[46] } else { QM31::ZERO })).add((if flags[17] { h[47] } else { QM31::ZERO })).add((if flags[18] { h[48] } else { QM31::ZERO })).add((if flags[19] { h[49] } else { QM31::ZERO })).add((if flags[20] { h[50] } else { QM31::ZERO })).add((if flags[21] { h[51] } else { QM31::ZERO })).add(if flags[22] { h[52] } else { QM31::ZERO });
   |

warning: unnecessary parentheses around method argument
  --> ../../docs/research/v8-no-work-100-20260907/experiments/copy_tag_shared_generated.rs:72:1051
   |
72 | ...lags[20] { h[50] } else { QM31::ZERO })).add((if flags[21] { h[51] } else { QM31::ZERO })).add((if flags[22] { h[52] } else { QM31::ZE...
   |                                                 ^                                          ^
   |
help: remove these parentheses
   |
72 -     scratch[36]=(if flags[0] { n[29].add(n[52].add(n[54])) } else { QM31::ZERO }).add((if flags[1] { h[27].add(h[32].add(n[51])) } else { QM31::ZERO })).add((if flags[3] { h[33] } else { QM31::ZERO })).add((if flags[4] { h[34] } else { QM31::ZERO })).add((if flags[5] { h[35] } else { QM31::ZERO })).add((if flags[6] { h[36] } else { QM31::ZERO })).add((if flags[7] { h[37] } else { QM31::ZERO })).add((if flags[8] { h[38] } else { QM31::ZERO })).add((if flags[9] { h[39] } else { QM31::ZERO })).add((if flags[10] { h[40] } else { QM31::ZERO })).add((if flags[11] { h[41] } else { QM31::ZERO })).add((if flags[12] { h[42] } else { QM31::ZERO })).add((if flags[13] { h[43] } else { QM31::ZERO })).add((if flags[14] { h[44] } else { QM31::ZERO })).add((if flags[15] { h[45] } else { QM31::ZERO })).add((if flags[16] { h[46] } else { QM31::ZERO })).add((if flags[17] { h[47] } else { QM31::ZERO })).add((if flags[18] { h[48] } else { QM31::ZERO })).add((if flags[19] { h[49] } else { QM31::ZERO })).add((if flags[20] { h[50] } else { QM31::ZERO })).add((if flags[21] { h[51] } else { QM31::ZERO })).add((if flags[22] { h[52] } else { QM31::ZERO }));
72 +     scratch[36]=(if flags[0] { n[29].add(n[52].add(n[54])) } else { QM31::ZERO }).add((if flags[1] { h[27].add(h[32].add(n[51])) } else { QM31::ZERO })).add((if flags[3] { h[33] } else { QM31::ZERO })).add((if flags[4] { h[34] } else { QM31::ZERO })).add((if flags[5] { h[35] } else { QM31::ZERO })).add((if flags[6] { h[36] } else { QM31::ZERO })).add((if flags[7] { h[37] } else { QM31::ZERO })).add((if flags[8] { h[38] } else { QM31::ZERO })).add((if flags[9] { h[39] } else { QM31::ZERO })).add((if flags[10] { h[40] } else { QM31::ZERO })).add((if flags[11] { h[41] } else { QM31::ZERO })).add((if flags[12] { h[42] } else { QM31::ZERO })).add((if flags[13] { h[43] } else { QM31::ZERO })).add((if flags[14] { h[44] } else { QM31::ZERO })).add((if flags[15] { h[45] } else { QM31::ZERO })).add((if flags[16] { h[46] } else { QM31::ZERO })).add((if flags[17] { h[47] } else { QM31::ZERO })).add((if flags[18] { h[48] } else { QM31::ZERO })).add((if flags[19] { h[49] } else { QM31::ZERO })).add((if flags[20] { h[50] } else { QM31::ZERO })).add(if flags[21] { h[51] } else { QM31::ZERO }).add((if flags[22] { h[52] } else { QM31::ZERO }));
   |

warning: unnecessary parentheses around method argument
  --> ../../docs/research/v8-no-work-100-20260907/experiments/copy_tag_shared_generated.rs:72:1001
   |
72 | ...lags[19] { h[49] } else { QM31::ZERO })).add((if flags[20] { h[50] } else { QM31::ZERO })).add((if flags[21] { h[51] } else { QM31::ZE...
   |                                                 ^                                          ^
   |
help: remove these parentheses
   |
72 -     scratch[36]=(if flags[0] { n[29].add(n[52].add(n[54])) } else { QM31::ZERO }).add((if flags[1] { h[27].add(h[32].add(n[51])) } else { QM31::ZERO })).add((if flags[3] { h[33] } else { QM31::ZERO })).add((if flags[4] { h[34] } else { QM31::ZERO })).add((if flags[5] { h[35] } else { QM31::ZERO })).add((if flags[6] { h[36] } else { QM31::ZERO })).add((if flags[7] { h[37] } else { QM31::ZERO })).add((if flags[8] { h[38] } else { QM31::ZERO })).add((if flags[9] { h[39] } else { QM31::ZERO })).add((if flags[10] { h[40] } else { QM31::ZERO })).add((if flags[11] { h[41] } else { QM31::ZERO })).add((if flags[12] { h[42] } else { QM31::ZERO })).add((if flags[13] { h[43] } else { QM31::ZERO })).add((if flags[14] { h[44] } else { QM31::ZERO })).add((if flags[15] { h[45] } else { QM31::ZERO })).add((if flags[16] { h[46] } else { QM31::ZERO })).add((if flags[17] { h[47] } else { QM31::ZERO })).add((if flags[18] { h[48] } else { QM31::ZERO })).add((if flags[19] { h[49] } else { QM31::ZERO })).add((if flags[20] { h[50] } else { QM31::ZERO })).add((if flags[21] { h[51] } else { QM31::ZERO })).add((if flags[22] { h[52] } else { QM31::ZERO }));
72 +     scratch[36]=(if flags[0] { n[29].add(n[52].add(n[54])) } else { QM31::ZERO }).add((if flags[1] { h[27].add(h[32].add(n[51])) } else { QM31::ZERO })).add((if flags[3] { h[33] } else { QM31::ZERO })).add((if flags[4] { h[34] } else { QM31::ZERO })).add((if flags[5] { h[35] } else { QM31::ZERO })).add((if flags[6] { h[36] } else { QM31::ZERO })).add((if flags[7] { h[37] } else { QM31::ZERO })).add((if flags[8] { h[38] } else { QM31::ZERO })).add((if flags[9] { h[39] } else { QM31::ZERO })).add((if flags[10] { h[40] } else { QM31::ZERO })).add((if flags[11] { h[41] } else { QM31::ZERO })).add((if flags[12] { h[42] } else { QM31::ZERO })).add((if flags[13] { h[43] } else { QM31::ZERO })).add((if flags[14] { h[44] } else { QM31::ZERO })).add((if flags[15] { h[45] } else { QM31::ZERO })).add((if flags[16] { h[46] } else { QM31::ZERO })).add((if flags[17] { h[47] } else { QM31::ZERO })).add((if flags[18] { h[48] } else { QM31::ZERO })).add((if flags[19] { h[49] } else { QM31::ZERO })).add(if flags[20] { h[50] } else { QM31::ZERO }).add((if flags[21] { h[51] } else { QM31::ZERO })).add((if flags[22] { h[52] } else { QM31::ZERO }));
   |

warning: unnecessary parentheses around method argument
  --> ../../docs/research/v8-no-work-100-20260907/experiments/copy_tag_shared_generated.rs:72:951
   |
72 | ...lags[18] { h[48] } else { QM31::ZERO })).add((if flags[19] { h[49] } else { QM31::ZERO })).add((if flags[20] { h[50] } else { QM31::ZE...
   |                                                 ^                                          ^
   |
help: remove these parentheses
   |
72 -     scratch[36]=(if flags[0] { n[29].add(n[52].add(n[54])) } else { QM31::ZERO }).add((if flags[1] { h[27].add(h[32].add(n[51])) } else { QM31::ZERO })).add((if flags[3] { h[33] } else { QM31::ZERO })).add((if flags[4] { h[34] } else { QM31::ZERO })).add((if flags[5] { h[35] } else { QM31::ZERO })).add((if flags[6] { h[36] } else { QM31::ZERO })).add((if flags[7] { h[37] } else { QM31::ZERO })).add((if flags[8] { h[38] } else { QM31::ZERO })).add((if flags[9] { h[39] } else { QM31::ZERO })).add((if flags[10] { h[40] } else { QM31::ZERO })).add((if flags[11] { h[41] } else { QM31::ZERO })).add((if flags[12] { h[42] } else { QM31::ZERO })).add((if flags[13] { h[43] } else { QM31::ZERO })).add((if flags[14] { h[44] } else { QM31::ZERO })).add((if flags[15] { h[45] } else { QM31::ZERO })).add((if flags[16] { h[46] } else { QM31::ZERO })).add((if flags[17] { h[47] } else { QM31::ZERO })).add((if flags[18] { h[48] } else { QM31::ZERO })).add((if flags[19] { h[49] } else { QM31::ZERO })).add((if flags[20] { h[50] } else { QM31::ZERO })).add((if flags[21] { h[51] } else { QM31::ZERO })).add((if flags[22] { h[52] } else { QM31::ZERO }));
72 +     scratch[36]=(if flags[0] { n[29].add(n[52].add(n[54])) } else { QM31::ZERO }).add((if flags[1] { h[27].add(h[32].add(n[51])) } else { QM31::ZERO })).add((if flags[3] { h[33] } else { QM31::ZERO })).add((if flags[4] { h[34] } else { QM31::ZERO })).add((if flags[5] { h[35] } else { QM31::ZERO })).add((if flags[6] { h[36] } else { QM31::ZERO })).add((if flags[7] { h[37] } else { QM31::ZERO })).add((if flags[8] { h[38] } else { QM31::ZERO })).add((if flags[9] { h[39] } else { QM31::ZERO })).add((if flags[10] { h[40] } else { QM31::ZERO })).add((if flags[11] { h[41] } else { QM31::ZERO })).add((if flags[12] { h[42] } else { QM31::ZERO })).add((if flags[13] { h[43] } else { QM31::ZERO })).add((if flags[14] { h[44] } else { QM31::ZERO })).add((if flags[15] { h[45] } else { QM31::ZERO })).add((if flags[16] { h[46] } else { QM31::ZERO })).add((if flags[17] { h[47] } else { QM31::ZERO })).add((if flags[18] { h[48] } else { QM31::ZERO })).add(if flags[19] { h[49] } else { QM31::ZERO }).add((if flags[20] { h[50] } else { QM31::ZERO })).add((if flags[21] { h[51] } else { QM31::ZERO })).add((if flags[22] { h[52] } else { QM31::ZERO }));
   |

warning: unnecessary parentheses around method argument
  --> ../../docs/research/v8-no-work-100-20260907/experiments/copy_tag_shared_generated.rs:72:901
   |
72 | ...lags[17] { h[47] } else { QM31::ZERO })).add((if flags[18] { h[48] } else { QM31::ZERO })).add((if flags[19] { h[49] } else { QM31::ZE...
   |                                                 ^                                          ^
   |
help: remove these parentheses
   |
72 -     scratch[36]=(if flags[0] { n[29].add(n[52].add(n[54])) } else { QM31::ZERO }).add((if flags[1] { h[27].add(h[32].add(n[51])) } else { QM31::ZERO })).add((if flags[3] { h[33] } else { QM31::ZERO })).add((if flags[4] { h[34] } else { QM31::ZERO })).add((if flags[5] { h[35] } else { QM31::ZERO })).add((if flags[6] { h[36] } else { QM31::ZERO })).add((if flags[7] { h[37] } else { QM31::ZERO })).add((if flags[8] { h[38] } else { QM31::ZERO })).add((if flags[9] { h[39] } else { QM31::ZERO })).add((if flags[10] { h[40] } else { QM31::ZERO })).add((if flags[11] { h[41] } else { QM31::ZERO })).add((if flags[12] { h[42] } else { QM31::ZERO })).add((if flags[13] { h[43] } else { QM31::ZERO })).add((if flags[14] { h[44] } else { QM31::ZERO })).add((if flags[15] { h[45] } else { QM31::ZERO })).add((if flags[16] { h[46] } else { QM31::ZERO })).add((if flags[17] { h[47] } else { QM31::ZERO })).add((if flags[18] { h[48] } else { QM31::ZERO })).add((if flags[19] { h[49] } else { QM31::ZERO })).add((if flags[20] { h[50] } else { QM31::ZERO })).add((if flags[21] { h[51] } else { QM31::ZERO })).add((if flags[22] { h[52] } else { QM31::ZERO }));
72 +     scratch[36]=(if flags[0] { n[29].add(n[52].add(n[54])) } else { QM31::ZERO }).add((if flags[1] { h[27].add(h[32].add(n[51])) } else { QM31::ZERO })).add((if flags[3] { h[33] } else { QM31::ZERO })).add((if flags[4] { h[34] } else { QM31::ZERO })).add((if flags[5] { h[35] } else { QM31::ZERO })).add((if flags[6] { h[36] } else { QM31::ZERO })).add((if flags[7] { h[37] } else { QM31::ZERO })).add((if flags[8] { h[38] } else { QM31::ZERO })).add((if flags[9] { h[39] } else { QM31::ZERO })).add((if flags[10] { h[40] } else { QM31::ZERO })).add((if flags[11] { h[41] } else { QM31::ZERO })).add((if flags[12] { h[42] } else { QM31::ZERO })).add((if flags[13] { h[43] } else { QM31::ZERO })).add((if flags[14] { h[44] } else { QM31::ZERO })).add((if flags[15] { h[45] } else { QM31::ZERO })).add((if flags[16] { h[46] } else { QM31::ZERO })).add((if flags[17] { h[47] } else { QM31::ZERO })).add(if flags[18] { h[48] } else { QM31::ZERO }).add((if flags[19] { h[49] } else { QM31::ZERO })).add((if flags[20] { h[50] } else { QM31::ZERO })).add((if flags[21] { h[51] } else { QM31::ZERO })).add((if flags[22] { h[52] } else { QM31::ZERO }));
   |

warning: unnecessary parentheses around method argument
  --> ../../docs/research/v8-no-work-100-20260907/experiments/copy_tag_shared_generated.rs:72:851
   |
72 | ...lags[16] { h[46] } else { QM31::ZERO })).add((if flags[17] { h[47] } else { QM31::ZERO })).add((if flags[18] { h[48] } else { QM31::ZE...
   |                                                 ^                                          ^
   |
help: remove these parentheses
   |
72 -     scratch[36]=(if flags[0] { n[29].add(n[52].add(n[54])) } else { QM31::ZERO }).add((if flags[1] { h[27].add(h[32].add(n[51])) } else { QM31::ZERO })).add((if flags[3] { h[33] } else { QM31::ZERO })).add((if flags[4] { h[34] } else { QM31::ZERO })).add((if flags[5] { h[35] } else { QM31::ZERO })).add((if flags[6] { h[36] } else { QM31::ZERO })).add((if flags[7] { h[37] } else { QM31::ZERO })).add((if flags[8] { h[38] } else { QM31::ZERO })).add((if flags[9] { h[39] } else { QM31::ZERO })).add((if flags[10] { h[40] } else { QM31::ZERO })).add((if flags[11] { h[41] } else { QM31::ZERO })).add((if flags[12] { h[42] } else { QM31::ZERO })).add((if flags[13] { h[43] } else { QM31::ZERO })).add((if flags[14] { h[44] } else { QM31::ZERO })).add((if flags[15] { h[45] } else { QM31::ZERO })).add((if flags[16] { h[46] } else { QM31::ZERO })).add((if flags[17] { h[47] } else { QM31::ZERO })).add((if flags[18] { h[48] } else { QM31::ZERO })).add((if flags[19] { h[49] } else { QM31::ZERO })).add((if flags[20] { h[50] } else { QM31::ZERO })).add((if flags[21] { h[51] } else { QM31::ZERO })).add((if flags[22] { h[52] } else { QM31::ZERO }));
72 +     scratch[36]=(if flags[0] { n[29].add(n[52].add(n[54])) } else { QM31::ZERO }).add((if flags[1] { h[27].add(h[32].add(n[51])) } else { QM31::ZERO })).add((if flags[3] { h[33] } else { QM31::ZERO })).add((if flags[4] { h[34] } else { QM31::ZERO })).add((if flags[5] { h[35] } else { QM31::ZERO })).add((if flags[6] { h[36] } else { QM31::ZERO })).add((if flags[7] { h[37] } else { QM31::ZERO })).add((if flags[8] { h[38] } else { QM31::ZERO })).add((if flags[9] { h[39] } else { QM31::ZERO })).add((if flags[10] { h[40] } else { QM31::ZERO })).add((if flags[11] { h[41] } else { QM31::ZERO })).add((if flags[12] { h[42] } else { QM31::ZERO })).add((if flags[13] { h[43] } else { QM31::ZERO })).add((if flags[14] { h[44] } else { QM31::ZERO })).add((if flags[15] { h[45] } else { QM31::ZERO })).add((if flags[16] { h[46] } else { QM31::ZERO })).add(if flags[17] { h[47] } else { QM31::ZERO }).add((if flags[18] { h[48] } else { QM31::ZERO })).add((if flags[19] { h[49] } else { QM31::ZERO })).add((if flags[20] { h[50] } else { QM31::ZERO })).add((if flags[21] { h[51] } else { QM31::ZERO })).add((if flags[22] { h[52] } else { QM31::ZERO }));
   |

warning: unnecessary parentheses around method argument
  --> ../../docs/research/v8-no-work-100-20260907/experiments/copy_tag_shared_generated.rs:72:801
   |
72 | ...lags[15] { h[45] } else { QM31::ZERO })).add((if flags[16] { h[46] } else { QM31::ZERO })).add((if flags[17] { h[47] } else { QM31::ZE...
   |                                                 ^                                          ^
   |
help: remove these parentheses
   |
72 -     scratch[36]=(if flags[0] { n[29].add(n[52].add(n[54])) } else { QM31::ZERO }).add((if flags[1] { h[27].add(h[32].add(n[51])) } else { QM31::ZERO })).add((if flags[3] { h[33] } else { QM31::ZERO })).add((if flags[4] { h[34] } else { QM31::ZERO })).add((if flags[5] { h[35] } else { QM31::ZERO })).add((if flags[6] { h[36] } else { QM31::ZERO })).add((if flags[7] { h[37] } else { QM31::ZERO })).add((if flags[8] { h[38] } else { QM31::ZERO })).add((if flags[9] { h[39] } else { QM31::ZERO })).add((if flags[10] { h[40] } else { QM31::ZERO })).add((if flags[11] { h[41] } else { QM31::ZERO })).add((if flags[12] { h[42] } else { QM31::ZERO })).add((if flags[13] { h[43] } else { QM31::ZERO })).add((if flags[14] { h[44] } else { QM31::ZERO })).add((if flags[15] { h[45] } else { QM31::ZERO })).add((if flags[16] { h[46] } else { QM31::ZERO })).add((if flags[17] { h[47] } else { QM31::ZERO })).add((if flags[18] { h[48] } else { QM31::ZERO })).add((if flags[19] { h[49] } else { QM31::ZERO })).add((if flags[20] { h[50] } else { QM31::ZERO })).add((if flags[21] { h[51] } else { QM31::ZERO })).add((if flags[22] { h[52] } else { QM31::ZERO }));
72 +     scratch[36]=(if flags[0] { n[29].add(n[52].add(n[54])) } else { QM31::ZERO }).add((if flags[1] { h[27].add(h[32].add(n[51])) } else { QM31::ZERO })).add((if flags[3] { h[33] } else { QM31::ZERO })).add((if flags[4] { h[34] } else { QM31::ZERO })).add((if flags[5] { h[35] } else { QM31::ZERO })).add((if flags[6] { h[36] } else { QM31::ZERO })).add((if flags[7] { h[37] } else { QM31::ZERO })).add((if flags[8] { h[38] } else { QM31::ZERO })).add((if flags[9] { h[39] } else { QM31::ZERO })).add((if flags[10] { h[40] } else { QM31::ZERO })).add((if flags[11] { h[41] } else { QM31::ZERO })).add((if flags[12] { h[42] } else { QM31::ZERO })).add((if flags[13] { h[43] } else { QM31::ZERO })).add((if flags[14] { h[44] } else { QM31::ZERO })).add((if flags[15] { h[45] } else { QM31::ZERO })).add(if flags[16] { h[46] } else { QM31::ZERO }).add((if flags[17] { h[47] } else { QM31::ZERO })).add((if flags[18] { h[48] } else { QM31::ZERO })).add((if flags[19] { h[49] } else { QM31::ZERO })).add((if flags[20] { h[50] } else { QM31::ZERO })).add((if flags[21] { h[51] } else { QM31::ZERO })).add((if flags[22] { h[52] } else { QM31::ZERO }));
   |

warning: unnecessary parentheses around method argument
  --> ../../docs/research/v8-no-work-100-20260907/experiments/copy_tag_shared_generated.rs:72:751
   |
72 | ...lags[14] { h[44] } else { QM31::ZERO })).add((if flags[15] { h[45] } else { QM31::ZERO })).add((if flags[16] { h[46] } else { QM31::ZE...
   |                                                 ^                                          ^
   |
help: remove these parentheses
   |
72 -     scratch[36]=(if flags[0] { n[29].add(n[52].add(n[54])) } else { QM31::ZERO }).add((if flags[1] { h[27].add(h[32].add(n[51])) } else { QM31::ZERO })).add((if flags[3] { h[33] } else { QM31::ZERO })).add((if flags[4] { h[34] } else { QM31::ZERO })).add((if flags[5] { h[35] } else { QM31::ZERO })).add((if flags[6] { h[36] } else { QM31::ZERO })).add((if flags[7] { h[37] } else { QM31::ZERO })).add((if flags[8] { h[38] } else { QM31::ZERO })).add((if flags[9] { h[39] } else { QM31::ZERO })).add((if flags[10] { h[40] } else { QM31::ZERO })).add((if flags[11] { h[41] } else { QM31::ZERO })).add((if flags[12] { h[42] } else { QM31::ZERO })).add((if flags[13] { h[43] } else { QM31::ZERO })).add((if flags[14] { h[44] } else { QM31::ZERO })).add((if flags[15] { h[45] } else { QM31::ZERO })).add((if flags[16] { h[46] } else { QM31::ZERO })).add((if flags[17] { h[47] } else { QM31::ZERO })).add((if flags[18] { h[48] } else { QM31::ZERO })).add((if flags[19] { h[49] } else { QM31::ZERO })).add((if flags[20] { h[50] } else { QM31::ZERO })).add((if flags[21] { h[51] } else { QM31::ZERO })).add((if flags[22] { h[52] } else { QM31::ZERO }));
72 +     scratch[36]=(if flags[0] { n[29].add(n[52].add(n[54])) } else { QM31::ZERO }).add((if flags[1] { h[27].add(h[32].add(n[51])) } else { QM31::ZERO })).add((if flags[3] { h[33] } else { QM31::ZERO })).add((if flags[4] { h[34] } else { QM31::ZERO })).add((if flags[5] { h[35] } else { QM31::ZERO })).add((if flags[6] { h[36] } else { QM31::ZERO })).add((if flags[7] { h[37] } else { QM31::ZERO })).add((if flags[8] { h[38] } else { QM31::ZERO })).add((if flags[9] { h[39] } else { QM31::ZERO })).add((if flags[10] { h[40] } else { QM31::ZERO })).add((if flags[11] { h[41] } else { QM31::ZERO })).add((if flags[12] { h[42] } else { QM31::ZERO })).add((if flags[13] { h[43] } else { QM31::ZERO })).add((if flags[14] { h[44] } else { QM31::ZERO })).add(if flags[15] { h[45] } else { QM31::ZERO }).add((if flags[16] { h[46] } else { QM31::ZERO })).add((if flags[17] { h[47] } else { QM31::ZERO })).add((if flags[18] { h[48] } else { QM31::ZERO })).add((if flags[19] { h[49] } else { QM31::ZERO })).add((if flags[20] { h[50] } else { QM31::ZERO })).add((if flags[21] { h[51] } else { QM31::ZERO })).add((if flags[22] { h[52] } else { QM31::ZERO }));
   |

warning: unnecessary parentheses around method argument
  --> ../../docs/research/v8-no-work-100-20260907/experiments/copy_tag_shared_generated.rs:72:701
   |
72 | ...lags[13] { h[43] } else { QM31::ZERO })).add((if flags[14] { h[44] } else { QM31::ZERO })).add((if flags[15] { h[45] } else { QM31::ZE...
   |                                                 ^                                          ^
   |
help: remove these parentheses
   |
72 -     scratch[36]=(if flags[0] { n[29].add(n[52].add(n[54])) } else { QM31::ZERO }).add((if flags[1] { h[27].add(h[32].add(n[51])) } else { QM31::ZERO })).add((if flags[3] { h[33] } else { QM31::ZERO })).add((if flags[4] { h[34] } else { QM31::ZERO })).add((if flags[5] { h[35] } else { QM31::ZERO })).add((if flags[6] { h[36] } else { QM31::ZERO })).add((if flags[7] { h[37] } else { QM31::ZERO })).add((if flags[8] { h[38] } else { QM31::ZERO })).add((if flags[9] { h[39] } else { QM31::ZERO })).add((if flags[10] { h[40] } else { QM31::ZERO })).add((if flags[11] { h[41] } else { QM31::ZERO })).add((if flags[12] { h[42] } else { QM31::ZERO })).add((if flags[13] { h[43] } else { QM31::ZERO })).add((if flags[14] { h[44] } else { QM31::ZERO })).add((if flags[15] { h[45] } else { QM31::ZERO })).add((if flags[16] { h[46] } else { QM31::ZERO })).add((if flags[17] { h[47] } else { QM31::ZERO })).add((if flags[18] { h[48] } else { QM31::ZERO })).add((if flags[19] { h[49] } else { QM31::ZERO })).add((if flags[20] { h[50] } else { QM31::ZERO })).add((if flags[21] { h[51] } else { QM31::ZERO })).add((if flags[22] { h[52] } else { QM31::ZERO }));
72 +     scratch[36]=(if flags[0] { n[29].add(n[52].add(n[54])) } else { QM31::ZERO }).add((if flags[1] { h[27].add(h[32].add(n[51])) } else { QM31::ZERO })).add((if flags[3] { h[33] } else { QM31::ZERO })).add((if flags[4] { h[34] } else { QM31::ZERO })).add((if flags[5] { h[35] } else { QM31::ZERO })).add((if flags[6] { h[36] } else { QM31::ZERO })).add((if flags[7] { h[37] } else { QM31::ZERO })).add((if flags[8] { h[38] } else { QM31::ZERO })).add((if flags[9] { h[39] } else { QM31::ZERO })).add((if flags[10] { h[40] } else { QM31::ZERO })).add((if flags[11] { h[41] } else { QM31::ZERO })).add((if flags[12] { h[42] } else { QM31::ZERO })).add((if flags[13] { h[43] } else { QM31::ZERO })).add(if flags[14] { h[44] } else { QM31::ZERO }).add((if flags[15] { h[45] } else { QM31::ZERO })).add((if flags[16] { h[46] } else { QM31::ZERO })).add((if flags[17] { h[47] } else { QM31::ZERO })).add((if flags[18] { h[48] } else { QM31::ZERO })).add((if flags[19] { h[49] } else { QM31::ZERO })).add((if flags[20] { h[50] } else { QM31::ZERO })).add((if flags[21] { h[51] } else { QM31::ZERO })).add((if flags[22] { h[52] } else { QM31::ZERO }));
   |

warning: unnecessary parentheses around method argument
  --> ../../docs/research/v8-no-work-100-20260907/experiments/copy_tag_shared_generated.rs:72:651
   |
72 | ...lags[12] { h[42] } else { QM31::ZERO })).add((if flags[13] { h[43] } else { QM31::ZERO })).add((if flags[14] { h[44] } else { QM31::ZE...
   |                                                 ^                                          ^
   |
help: remove these parentheses
   |
72 -     scratch[36]=(if flags[0] { n[29].add(n[52].add(n[54])) } else { QM31::ZERO }).add((if flags[1] { h[27].add(h[32].add(n[51])) } else { QM31::ZERO })).add((if flags[3] { h[33] } else { QM31::ZERO })).add((if flags[4] { h[34] } else { QM31::ZERO })).add((if flags[5] { h[35] } else { QM31::ZERO })).add((if flags[6] { h[36] } else { QM31::ZERO })).add((if flags[7] { h[37] } else { QM31::ZERO })).add((if flags[8] { h[38] } else { QM31::ZERO })).add((if flags[9] { h[39] } else { QM31::ZERO })).add((if flags[10] { h[40] } else { QM31::ZERO })).add((if flags[11] { h[41] } else { QM31::ZERO })).add((if flags[12] { h[42] } else { QM31::ZERO })).add((if flags[13] { h[43] } else { QM31::ZERO })).add((if flags[14] { h[44] } else { QM31::ZERO })).add((if flags[15] { h[45] } else { QM31::ZERO })).add((if flags[16] { h[46] } else { QM31::ZERO })).add((if flags[17] { h[47] } else { QM31::ZERO })).add((if flags[18] { h[48] } else { QM31::ZERO })).add((if flags[19] { h[49] } else { QM31::ZERO })).add((if flags[20] { h[50] } else { QM31::ZERO })).add((if flags[21] { h[51] } else { QM31::ZERO })).add((if flags[22] { h[52] } else { QM31::ZERO }));
72 +     scratch[36]=(if flags[0] { n[29].add(n[52].add(n[54])) } else { QM31::ZERO }).add((if flags[1] { h[27].add(h[32].add(n[51])) } else { QM31::ZERO })).add((if flags[3] { h[33] } else { QM31::ZERO })).add((if flags[4] { h[34] } else { QM31::ZERO })).add((if flags[5] { h[35] } else { QM31::ZERO })).add((if flags[6] { h[36] } else { QM31::ZERO })).add((if flags[7] { h[37] } else { QM31::ZERO })).add((if flags[8] { h[38] } else { QM31::ZERO })).add((if flags[9] { h[39] } else { QM31::ZERO })).add((if flags[10] { h[40] } else { QM31::ZERO })).add((if flags[11] { h[41] } else { QM31::ZERO })).add((if flags[12] { h[42] } else { QM31::ZERO })).add(if flags[13] { h[43] } else { QM31::ZERO }).add((if flags[14] { h[44] } else { QM31::ZERO })).add((if flags[15] { h[45] } else { QM31::ZERO })).add((if flags[16] { h[46] } else { QM31::ZERO })).add((if flags[17] { h[47] } else { QM31::ZERO })).add((if flags[18] { h[48] } else { QM31::ZERO })).add((if flags[19] { h[49] } else { QM31::ZERO })).add((if flags[20] { h[50] } else { QM31::ZERO })).add((if flags[21] { h[51] } else { QM31::ZERO })).add((if flags[22] { h[52] } else { QM31::ZERO }));
   |

warning: unnecessary parentheses around method argument
  --> ../../docs/research/v8-no-work-100-20260907/experiments/copy_tag_shared_generated.rs:72:601
   |
72 | ...lags[11] { h[41] } else { QM31::ZERO })).add((if flags[12] { h[42] } else { QM31::ZERO })).add((if flags[13] { h[43] } else { QM31::ZE...
   |                                                 ^                                          ^
   |
help: remove these parentheses
   |
72 -     scratch[36]=(if flags[0] { n[29].add(n[52].add(n[54])) } else { QM31::ZERO }).add((if flags[1] { h[27].add(h[32].add(n[51])) } else { QM31::ZERO })).add((if flags[3] { h[33] } else { QM31::ZERO })).add((if flags[4] { h[34] } else { QM31::ZERO })).add((if flags[5] { h[35] } else { QM31::ZERO })).add((if flags[6] { h[36] } else { QM31::ZERO })).add((if flags[7] { h[37] } else { QM31::ZERO })).add((if flags[8] { h[38] } else { QM31::ZERO })).add((if flags[9] { h[39] } else { QM31::ZERO })).add((if flags[10] { h[40] } else { QM31::ZERO })).add((if flags[11] { h[41] } else { QM31::ZERO })).add((if flags[12] { h[42] } else { QM31::ZERO })).add((if flags[13] { h[43] } else { QM31::ZERO })).add((if flags[14] { h[44] } else { QM31::ZERO })).add((if flags[15] { h[45] } else { QM31::ZERO })).add((if flags[16] { h[46] } else { QM31::ZERO })).add((if flags[17] { h[47] } else { QM31::ZERO })).add((if flags[18] { h[48] } else { QM31::ZERO })).add((if flags[19] { h[49] } else { QM31::ZERO })).add((if flags[20] { h[50] } else { QM31::ZERO })).add((if flags[21] { h[51] } else { QM31::ZERO })).add((if flags[22] { h[52] } else { QM31::ZERO }));
72 +     scratch[36]=(if flags[0] { n[29].add(n[52].add(n[54])) } else { QM31::ZERO }).add((if flags[1] { h[27].add(h[32].add(n[51])) } else { QM31::ZERO })).add((if flags[3] { h[33] } else { QM31::ZERO })).add((if flags[4] { h[34] } else { QM31::ZERO })).add((if flags[5] { h[35] } else { QM31::ZERO })).add((if flags[6] { h[36] } else { QM31::ZERO })).add((if flags[7] { h[37] } else { QM31::ZERO })).add((if flags[8] { h[38] } else { QM31::ZERO })).add((if flags[9] { h[39] } else { QM31::ZERO })).add((if flags[10] { h[40] } else { QM31::ZERO })).add((if flags[11] { h[41] } else { QM31::ZERO })).add(if flags[12] { h[42] } else { QM31::ZERO }).add((if flags[13] { h[43] } else { QM31::ZERO })).add((if flags[14] { h[44] } else { QM31::ZERO })).add((if flags[15] { h[45] } else { QM31::ZERO })).add((if flags[16] { h[46] } else { QM31::ZERO })).add((if flags[17] { h[47] } else { QM31::ZERO })).add((if flags[18] { h[48] } else { QM31::ZERO })).add((if flags[19] { h[49] } else { QM31::ZERO })).add((if flags[20] { h[50] } else { QM31::ZERO })).add((if flags[21] { h[51] } else { QM31::ZERO })).add((if flags[22] { h[52] } else { QM31::ZERO }));
   |

warning: unnecessary parentheses around method argument
  --> ../../docs/research/v8-no-work-100-20260907/experiments/copy_tag_shared_generated.rs:72:551
   |
72 | ...lags[10] { h[40] } else { QM31::ZERO })).add((if flags[11] { h[41] } else { QM31::ZERO })).add((if flags[12] { h[42] } else { QM31::ZE...
   |                                                 ^                                          ^
   |
help: remove these parentheses
   |
72 -     scratch[36]=(if flags[0] { n[29].add(n[52].add(n[54])) } else { QM31::ZERO }).add((if flags[1] { h[27].add(h[32].add(n[51])) } else { QM31::ZERO })).add((if flags[3] { h[33] } else { QM31::ZERO })).add((if flags[4] { h[34] } else { QM31::ZERO })).add((if flags[5] { h[35] } else { QM31::ZERO })).add((if flags[6] { h[36] } else { QM31::ZERO })).add((if flags[7] { h[37] } else { QM31::ZERO })).add((if flags[8] { h[38] } else { QM31::ZERO })).add((if flags[9] { h[39] } else { QM31::ZERO })).add((if flags[10] { h[40] } else { QM31::ZERO })).add((if flags[11] { h[41] } else { QM31::ZERO })).add((if flags[12] { h[42] } else { QM31::ZERO })).add((if flags[13] { h[43] } else { QM31::ZERO })).add((if flags[14] { h[44] } else { QM31::ZERO })).add((if flags[15] { h[45] } else { QM31::ZERO })).add((if flags[16] { h[46] } else { QM31::ZERO })).add((if flags[17] { h[47] } else { QM31::ZERO })).add((if flags[18] { h[48] } else { QM31::ZERO })).add((if flags[19] { h[49] } else { QM31::ZERO })).add((if flags[20] { h[50] } else { QM31::ZERO })).add((if flags[21] { h[51] } else { QM31::ZERO })).add((if flags[22] { h[52] } else { QM31::ZERO }));
72 +     scratch[36]=(if flags[0] { n[29].add(n[52].add(n[54])) } else { QM31::ZERO }).add((if flags[1] { h[27].add(h[32].add(n[51])) } else { QM31::ZERO })).add((if flags[3] { h[33] } else { QM31::ZERO })).add((if flags[4] { h[34] } else { QM31::ZERO })).add((if flags[5] { h[35] } else { QM31::ZERO })).add((if flags[6] { h[36] } else { QM31::ZERO })).add((if flags[7] { h[37] } else { QM31::ZERO })).add((if flags[8] { h[38] } else { QM31::ZERO })).add((if flags[9] { h[39] } else { QM31::ZERO })).add((if flags[10] { h[40] } else { QM31::ZERO })).add(if flags[11] { h[41] } else { QM31::ZERO }).add((if flags[12] { h[42] } else { QM31::ZERO })).add((if flags[13] { h[43] } else { QM31::ZERO })).add((if flags[14] { h[44] } else { QM31::ZERO })).add((if flags[15] { h[45] } else { QM31::ZERO })).add((if flags[16] { h[46] } else { QM31::ZERO })).add((if flags[17] { h[47] } else { QM31::ZERO })).add((if flags[18] { h[48] } else { QM31::ZERO })).add((if flags[19] { h[49] } else { QM31::ZERO })).add((if flags[20] { h[50] } else { QM31::ZERO })).add((if flags[21] { h[51] } else { QM31::ZERO })).add((if flags[22] { h[52] } else { QM31::ZERO }));
   |

warning: unnecessary parentheses around method argument
  --> ../../docs/research/v8-no-work-100-20260907/experiments/copy_tag_shared_generated.rs:72:501
   |
72 | ...flags[9] { h[39] } else { QM31::ZERO })).add((if flags[10] { h[40] } else { QM31::ZERO })).add((if flags[11] { h[41] } else { QM31::ZE...
   |                                                 ^                                          ^
   |
help: remove these parentheses
   |
72 -     scratch[36]=(if flags[0] { n[29].add(n[52].add(n[54])) } else { QM31::ZERO }).add((if flags[1] { h[27].add(h[32].add(n[51])) } else { QM31::ZERO })).add((if flags[3] { h[33] } else { QM31::ZERO })).add((if flags[4] { h[34] } else { QM31::ZERO })).add((if flags[5] { h[35] } else { QM31::ZERO })).add((if flags[6] { h[36] } else { QM31::ZERO })).add((if flags[7] { h[37] } else { QM31::ZERO })).add((if flags[8] { h[38] } else { QM31::ZERO })).add((if flags[9] { h[39] } else { QM31::ZERO })).add((if flags[10] { h[40] } else { QM31::ZERO })).add((if flags[11] { h[41] } else { QM31::ZERO })).add((if flags[12] { h[42] } else { QM31::ZERO })).add((if flags[13] { h[43] } else { QM31::ZERO })).add((if flags[14] { h[44] } else { QM31::ZERO })).add((if flags[15] { h[45] } else { QM31::ZERO })).add((if flags[16] { h[46] } else { QM31::ZERO })).add((if flags[17] { h[47] } else { QM31::ZERO })).add((if flags[18] { h[48] } else { QM31::ZERO })).add((if flags[19] { h[49] } else { QM31::ZERO })).add((if flags[20] { h[50] } else { QM31::ZERO })).add((if flags[21] { h[51] } else { QM31::ZERO })).add((if flags[22] { h[52] } else { QM31::ZERO }));
72 +     scratch[36]=(if flags[0] { n[29].add(n[52].add(n[54])) } else { QM31::ZERO }).add((if flags[1] { h[27].add(h[32].add(n[51])) } else { QM31::ZERO })).add((if flags[3] { h[33] } else { QM31::ZERO })).add((if flags[4] { h[34] } else { QM31::ZERO })).add((if flags[5] { h[35] } else { QM31::ZERO })).add((if flags[6] { h[36] } else { QM31::ZERO })).add((if flags[7] { h[37] } else { QM31::ZERO })).add((if flags[8] { h[38] } else { QM31::ZERO })).add((if flags[9] { h[39] } else { QM31::ZERO })).add(if flags[10] { h[40] } else { QM31::ZERO }).add((if flags[11] { h[41] } else { QM31::ZERO })).add((if flags[12] { h[42] } else { QM31::ZERO })).add((if flags[13] { h[43] } else { QM31::ZERO })).add((if flags[14] { h[44] } else { QM31::ZERO })).add((if flags[15] { h[45] } else { QM31::ZERO })).add((if flags[16] { h[46] } else { QM31::ZERO })).add((if flags[17] { h[47] } else { QM31::ZERO })).add((if flags[18] { h[48] } else { QM31::ZERO })).add((if flags[19] { h[49] } else { QM31::ZERO })).add((if flags[20] { h[50] } else { QM31::ZERO })).add((if flags[21] { h[51] } else { QM31::ZERO })).add((if flags[22] { h[52] } else { QM31::ZERO }));
   |

warning: unnecessary parentheses around method argument
  --> ../../docs/research/v8-no-work-100-20260907/experiments/copy_tag_shared_generated.rs:72:452
   |
72 | ...flags[8] { h[38] } else { QM31::ZERO })).add((if flags[9] { h[39] } else { QM31::ZERO })).add((if flags[10] { h[40] } else { QM31::ZER...
   |                                                 ^                                         ^
   |
help: remove these parentheses
   |
72 -     scratch[36]=(if flags[0] { n[29].add(n[52].add(n[54])) } else { QM31::ZERO }).add((if flags[1] { h[27].add(h[32].add(n[51])) } else { QM31::ZERO })).add((if flags[3] { h[33] } else { QM31::ZERO })).add((if flags[4] { h[34] } else { QM31::ZERO })).add((if flags[5] { h[35] } else { QM31::ZERO })).add((if flags[6] { h[36] } else { QM31::ZERO })).add((if flags[7] { h[37] } else { QM31::ZERO })).add((if flags[8] { h[38] } else { QM31::ZERO })).add((if flags[9] { h[39] } else { QM31::ZERO })).add((if flags[10] { h[40] } else { QM31::ZERO })).add((if flags[11] { h[41] } else { QM31::ZERO })).add((if flags[12] { h[42] } else { QM31::ZERO })).add((if flags[13] { h[43] } else { QM31::ZERO })).add((if flags[14] { h[44] } else { QM31::ZERO })).add((if flags[15] { h[45] } else { QM31::ZERO })).add((if flags[16] { h[46] } else { QM31::ZERO })).add((if flags[17] { h[47] } else { QM31::ZERO })).add((if flags[18] { h[48] } else { QM31::ZERO })).add((if flags[19] { h[49] } else { QM31::ZERO })).add((if flags[20] { h[50] } else { QM31::ZERO })).add((if flags[21] { h[51] } else { QM31::ZERO })).add((if flags[22] { h[52] } else { QM31::ZERO }));
72 +     scratch[36]=(if flags[0] { n[29].add(n[52].add(n[54])) } else { QM31::ZERO }).add((if flags[1] { h[27].add(h[32].add(n[51])) } else { QM31::ZERO })).add((if flags[3] { h[33] } else { QM31::ZERO })).add((if flags[4] { h[34] } else { QM31::ZERO })).add((if flags[5] { h[35] } else { QM31::ZERO })).add((if flags[6] { h[36] } else { QM31::ZERO })).add((if flags[7] { h[37] } else { QM31::ZERO })).add((if flags[8] { h[38] } else { QM31::ZERO })).add(if flags[9] { h[39] } else { QM31::ZERO }).add((if flags[10] { h[40] } else { QM31::ZERO })).add((if flags[11] { h[41] } else { QM31::ZERO })).add((if flags[12] { h[42] } else { QM31::ZERO })).add((if flags[13] { h[43] } else { QM31::ZERO })).add((if flags[14] { h[44] } else { QM31::ZERO })).add((if flags[15] { h[45] } else { QM31::ZERO })).add((if flags[16] { h[46] } else { QM31::ZERO })).add((if flags[17] { h[47] } else { QM31::ZERO })).add((if flags[18] { h[48] } else { QM31::ZERO })).add((if flags[19] { h[49] } else { QM31::ZERO })).add((if flags[20] { h[50] } else { QM31::ZERO })).add((if flags[21] { h[51] } else { QM31::ZERO })).add((if flags[22] { h[52] } else { QM31::ZERO }));
   |

warning: unnecessary parentheses around method argument
  --> ../../docs/research/v8-no-work-100-20260907/experiments/copy_tag_shared_generated.rs:72:403
   |
72 | ...flags[7] { h[37] } else { QM31::ZERO })).add((if flags[8] { h[38] } else { QM31::ZERO })).add((if flags[9] { h[39] } else { QM31::ZERO...
   |                                                 ^                                         ^
   |
help: remove these parentheses
   |
72 -     scratch[36]=(if flags[0] { n[29].add(n[52].add(n[54])) } else { QM31::ZERO }).add((if flags[1] { h[27].add(h[32].add(n[51])) } else { QM31::ZERO })).add((if flags[3] { h[33] } else { QM31::ZERO })).add((if flags[4] { h[34] } else { QM31::ZERO })).add((if flags[5] { h[35] } else { QM31::ZERO })).add((if flags[6] { h[36] } else { QM31::ZERO })).add((if flags[7] { h[37] } else { QM31::ZERO })).add((if flags[8] { h[38] } else { QM31::ZERO })).add((if flags[9] { h[39] } else { QM31::ZERO })).add((if flags[10] { h[40] } else { QM31::ZERO })).add((if flags[11] { h[41] } else { QM31::ZERO })).add((if flags[12] { h[42] } else { QM31::ZERO })).add((if flags[13] { h[43] } else { QM31::ZERO })).add((if flags[14] { h[44] } else { QM31::ZERO })).add((if flags[15] { h[45] } else { QM31::ZERO })).add((if flags[16] { h[46] } else { QM31::ZERO })).add((if flags[17] { h[47] } else { QM31::ZERO })).add((if flags[18] { h[48] } else { QM31::ZERO })).add((if flags[19] { h[49] } else { QM31::ZERO })).add((if flags[20] { h[50] } else { QM31::ZERO })).add((if flags[21] { h[51] } else { QM31::ZERO })).add((if flags[22] { h[52] } else { QM31::ZERO }));
72 +     scratch[36]=(if flags[0] { n[29].add(n[52].add(n[54])) } else { QM31::ZERO }).add((if flags[1] { h[27].add(h[32].add(n[51])) } else { QM31::ZERO })).add((if flags[3] { h[33] } else { QM31::ZERO })).add((if flags[4] { h[34] } else { QM31::ZERO })).add((if flags[5] { h[35] } else { QM31::ZERO })).add((if flags[6] { h[36] } else { QM31::ZERO })).add((if flags[7] { h[37] } else { QM31::ZERO })).add(if flags[8] { h[38] } else { QM31::ZERO }).add((if flags[9] { h[39] } else { QM31::ZERO })).add((if flags[10] { h[40] } else { QM31::ZERO })).add((if flags[11] { h[41] } else { QM31::ZERO })).add((if flags[12] { h[42] } else { QM31::ZERO })).add((if flags[13] { h[43] } else { QM31::ZERO })).add((if flags[14] { h[44] } else { QM31::ZERO })).add((if flags[15] { h[45] } else { QM31::ZERO })).add((if flags[16] { h[46] } else { QM31::ZERO })).add((if flags[17] { h[47] } else { QM31::ZERO })).add((if flags[18] { h[48] } else { QM31::ZERO })).add((if flags[19] { h[49] } else { QM31::ZERO })).add((if flags[20] { h[50] } else { QM31::ZERO })).add((if flags[21] { h[51] } else { QM31::ZERO })).add((if flags[22] { h[52] } else { QM31::ZERO }));
   |

warning: unnecessary parentheses around method argument
  --> ../../docs/research/v8-no-work-100-20260907/experiments/copy_tag_shared_generated.rs:72:354
   |
72 | ...flags[6] { h[36] } else { QM31::ZERO })).add((if flags[7] { h[37] } else { QM31::ZERO })).add((if flags[8] { h[38] } else { QM31::ZERO...
   |                                                 ^                                         ^
   |
help: remove these parentheses
   |
72 -     scratch[36]=(if flags[0] { n[29].add(n[52].add(n[54])) } else { QM31::ZERO }).add((if flags[1] { h[27].add(h[32].add(n[51])) } else { QM31::ZERO })).add((if flags[3] { h[33] } else { QM31::ZERO })).add((if flags[4] { h[34] } else { QM31::ZERO })).add((if flags[5] { h[35] } else { QM31::ZERO })).add((if flags[6] { h[36] } else { QM31::ZERO })).add((if flags[7] { h[37] } else { QM31::ZERO })).add((if flags[8] { h[38] } else { QM31::ZERO })).add((if flags[9] { h[39] } else { QM31::ZERO })).add((if flags[10] { h[40] } else { QM31::ZERO })).add((if flags[11] { h[41] } else { QM31::ZERO })).add((if flags[12] { h[42] } else { QM31::ZERO })).add((if flags[13] { h[43] } else { QM31::ZERO })).add((if flags[14] { h[44] } else { QM31::ZERO })).add((if flags[15] { h[45] } else { QM31::ZERO })).add((if flags[16] { h[46] } else { QM31::ZERO })).add((if flags[17] { h[47] } else { QM31::ZERO })).add((if flags[18] { h[48] } else { QM31::ZERO })).add((if flags[19] { h[49] } else { QM31::ZERO })).add((if flags[20] { h[50] } else { QM31::ZERO })).add((if flags[21] { h[51] } else { QM31::ZERO })).add((if flags[22] { h[52] } else { QM31::ZERO }));
72 +     scratch[36]=(if flags[0] { n[29].add(n[52].add(n[54])) } else { QM31::ZERO }).add((if flags[1] { h[27].add(h[32].add(n[51])) } else { QM31::ZERO })).add((if flags[3] { h[33] } else { QM31::ZERO })).add((if flags[4] { h[34] } else { QM31::ZERO })).add((if flags[5] { h[35] } else { QM31::ZERO })).add((if flags[6] { h[36] } else { QM31::ZERO })).add(if flags[7] { h[37] } else { QM31::ZERO }).add((if flags[8] { h[38] } else { QM31::ZERO })).add((if flags[9] { h[39] } else { QM31::ZERO })).add((if flags[10] { h[40] } else { QM31::ZERO })).add((if flags[11] { h[41] } else { QM31::ZERO })).add((if flags[12] { h[42] } else { QM31::ZERO })).add((if flags[13] { h[43] } else { QM31::ZERO })).add((if flags[14] { h[44] } else { QM31::ZERO })).add((if flags[15] { h[45] } else { QM31::ZERO })).add((if flags[16] { h[46] } else { QM31::ZERO })).add((if flags[17] { h[47] } else { QM31::ZERO })).add((if flags[18] { h[48] } else { QM31::ZERO })).add((if flags[19] { h[49] } else { QM31::ZERO })).add((if flags[20] { h[50] } else { QM31::ZERO })).add((if flags[21] { h[51] } else { QM31::ZERO })).add((if flags[22] { h[52] } else { QM31::ZERO }));
   |

warning: unnecessary parentheses around method argument
  --> ../../docs/research/v8-no-work-100-20260907/experiments/copy_tag_shared_generated.rs:72:305
   |
72 | ...flags[5] { h[35] } else { QM31::ZERO })).add((if flags[6] { h[36] } else { QM31::ZERO })).add((if flags[7] { h[37] } else { QM31::ZERO...
   |                                                 ^                                         ^
   |
help: remove these parentheses
   |
72 -     scratch[36]=(if flags[0] { n[29].add(n[52].add(n[54])) } else { QM31::ZERO }).add((if flags[1] { h[27].add(h[32].add(n[51])) } else { QM31::ZERO })).add((if flags[3] { h[33] } else { QM31::ZERO })).add((if flags[4] { h[34] } else { QM31::ZERO })).add((if flags[5] { h[35] } else { QM31::ZERO })).add((if flags[6] { h[36] } else { QM31::ZERO })).add((if flags[7] { h[37] } else { QM31::ZERO })).add((if flags[8] { h[38] } else { QM31::ZERO })).add((if flags[9] { h[39] } else { QM31::ZERO })).add((if flags[10] { h[40] } else { QM31::ZERO })).add((if flags[11] { h[41] } else { QM31::ZERO })).add((if flags[12] { h[42] } else { QM31::ZERO })).add((if flags[13] { h[43] } else { QM31::ZERO })).add((if flags[14] { h[44] } else { QM31::ZERO })).add((if flags[15] { h[45] } else { QM31::ZERO })).add((if flags[16] { h[46] } else { QM31::ZERO })).add((if flags[17] { h[47] } else { QM31::ZERO })).add((if flags[18] { h[48] } else { QM31::ZERO })).add((if flags[19] { h[49] } else { QM31::ZERO })).add((if flags[20] { h[50] } else { QM31::ZERO })).add((if flags[21] { h[51] } else { QM31::ZERO })).add((if flags[22] { h[52] } else { QM31::ZERO }));
72 +     scratch[36]=(if flags[0] { n[29].add(n[52].add(n[54])) } else { QM31::ZERO }).add((if flags[1] { h[27].add(h[32].add(n[51])) } else { QM31::ZERO })).add((if flags[3] { h[33] } else { QM31::ZERO })).add((if flags[4] { h[34] } else { QM31::ZERO })).add((if flags[5] { h[35] } else { QM31::ZERO })).add(if flags[6] { h[36] } else { QM31::ZERO }).add((if flags[7] { h[37] } else { QM31::ZERO })).add((if flags[8] { h[38] } else { QM31::ZERO })).add((if flags[9] { h[39] } else { QM31::ZERO })).add((if flags[10] { h[40] } else { QM31::ZERO })).add((if flags[11] { h[41] } else { QM31::ZERO })).add((if flags[12] { h[42] } else { QM31::ZERO })).add((if flags[13] { h[43] } else { QM31::ZERO })).add((if flags[14] { h[44] } else { QM31::ZERO })).add((if flags[15] { h[45] } else { QM31::ZERO })).add((if flags[16] { h[46] } else { QM31::ZERO })).add((if flags[17] { h[47] } else { QM31::ZERO })).add((if flags[18] { h[48] } else { QM31::ZERO })).add((if flags[19] { h[49] } else { QM31::ZERO })).add((if flags[20] { h[50] } else { QM31::ZERO })).add((if flags[21] { h[51] } else { QM31::ZERO })).add((if flags[22] { h[52] } else { QM31::ZERO }));
   |

warning: unnecessary parentheses around method argument
  --> ../../docs/research/v8-no-work-100-20260907/experiments/copy_tag_shared_generated.rs:72:256
   |
72 | ...flags[4] { h[34] } else { QM31::ZERO })).add((if flags[5] { h[35] } else { QM31::ZERO })).add((if flags[6] { h[36] } else { QM31::ZERO...
   |                                                 ^                                         ^
   |
help: remove these parentheses
   |
72 -     scratch[36]=(if flags[0] { n[29].add(n[52].add(n[54])) } else { QM31::ZERO }).add((if flags[1] { h[27].add(h[32].add(n[51])) } else { QM31::ZERO })).add((if flags[3] { h[33] } else { QM31::ZERO })).add((if flags[4] { h[34] } else { QM31::ZERO })).add((if flags[5] { h[35] } else { QM31::ZERO })).add((if flags[6] { h[36] } else { QM31::ZERO })).add((if flags[7] { h[37] } else { QM31::ZERO })).add((if flags[8] { h[38] } else { QM31::ZERO })).add((if flags[9] { h[39] } else { QM31::ZERO })).add((if flags[10] { h[40] } else { QM31::ZERO })).add((if flags[11] { h[41] } else { QM31::ZERO })).add((if flags[12] { h[42] } else { QM31::ZERO })).add((if flags[13] { h[43] } else { QM31::ZERO })).add((if flags[14] { h[44] } else { QM31::ZERO })).add((if flags[15] { h[45] } else { QM31::ZERO })).add((if flags[16] { h[46] } else { QM31::ZERO })).add((if flags[17] { h[47] } else { QM31::ZERO })).add((if flags[18] { h[48] } else { QM31::ZERO })).add((if flags[19] { h[49] } else { QM31::ZERO })).add((if flags[20] { h[50] } else { QM31::ZERO })).add((if flags[21] { h[51] } else { QM31::ZERO })).add((if flags[22] { h[52] } else { QM31::ZERO }));
72 +     scratch[36]=(if flags[0] { n[29].add(n[52].add(n[54])) } else { QM31::ZERO }).add((if flags[1] { h[27].add(h[32].add(n[51])) } else { QM31::ZERO })).add((if flags[3] { h[33] } else { QM31::ZERO })).add((if flags[4] { h[34] } else { QM31::ZERO })).add(if flags[5] { h[35] } else { QM31::ZERO }).add((if flags[6] { h[36] } else { QM31::ZERO })).add((if flags[7] { h[37] } else { QM31::ZERO })).add((if flags[8] { h[38] } else { QM31::ZERO })).add((if flags[9] { h[39] } else { QM31::ZERO })).add((if flags[10] { h[40] } else { QM31::ZERO })).add((if flags[11] { h[41] } else { QM31::ZERO })).add((if flags[12] { h[42] } else { QM31::ZERO })).add((if flags[13] { h[43] } else { QM31::ZERO })).add((if flags[14] { h[44] } else { QM31::ZERO })).add((if flags[15] { h[45] } else { QM31::ZERO })).add((if flags[16] { h[46] } else { QM31::ZERO })).add((if flags[17] { h[47] } else { QM31::ZERO })).add((if flags[18] { h[48] } else { QM31::ZERO })).add((if flags[19] { h[49] } else { QM31::ZERO })).add((if flags[20] { h[50] } else { QM31::ZERO })).add((if flags[21] { h[51] } else { QM31::ZERO })).add((if flags[22] { h[52] } else { QM31::ZERO }));
   |

warning: unnecessary parentheses around method argument
  --> ../../docs/research/v8-no-work-100-20260907/experiments/copy_tag_shared_generated.rs:72:207
   |
72 | ...flags[3] { h[33] } else { QM31::ZERO })).add((if flags[4] { h[34] } else { QM31::ZERO })).add((if flags[5] { h[35] } else { QM31::ZERO...
   |                                                 ^                                         ^
   |
help: remove these parentheses
   |
72 -     scratch[36]=(if flags[0] { n[29].add(n[52].add(n[54])) } else { QM31::ZERO }).add((if flags[1] { h[27].add(h[32].add(n[51])) } else { QM31::ZERO })).add((if flags[3] { h[33] } else { QM31::ZERO })).add((if flags[4] { h[34] } else { QM31::ZERO })).add((if flags[5] { h[35] } else { QM31::ZERO })).add((if flags[6] { h[36] } else { QM31::ZERO })).add((if flags[7] { h[37] } else { QM31::ZERO })).add((if flags[8] { h[38] } else { QM31::ZERO })).add((if flags[9] { h[39] } else { QM31::ZERO })).add((if flags[10] { h[40] } else { QM31::ZERO })).add((if flags[11] { h[41] } else { QM31::ZERO })).add((if flags[12] { h[42] } else { QM31::ZERO })).add((if flags[13] { h[43] } else { QM31::ZERO })).add((if flags[14] { h[44] } else { QM31::ZERO })).add((if flags[15] { h[45] } else { QM31::ZERO })).add((if flags[16] { h[46] } else { QM31::ZERO })).add((if flags[17] { h[47] } else { QM31::ZERO })).add((if flags[18] { h[48] } else { QM31::ZERO })).add((if flags[19] { h[49] } else { QM31::ZERO })).add((if flags[20] { h[50] } else { QM31::ZERO })).add((if flags[21] { h[51] } else { QM31::ZERO })).add((if flags[22] { h[52] } else { QM31::ZERO }));
72 +     scratch[36]=(if flags[0] { n[29].add(n[52].add(n[54])) } else { QM31::ZERO }).add((if flags[1] { h[27].add(h[32].add(n[51])) } else { QM31::ZERO })).add((if flags[3] { h[33] } else { QM31::ZERO })).add(if flags[4] { h[34] } else { QM31::ZERO }).add((if flags[5] { h[35] } else { QM31::ZERO })).add((if flags[6] { h[36] } else { QM31::ZERO })).add((if flags[7] { h[37] } else { QM31::ZERO })).add((if flags[8] { h[38] } else { QM31::ZERO })).add((if flags[9] { h[39] } else { QM31::ZERO })).add((if flags[10] { h[40] } else { QM31::ZERO })).add((if flags[11] { h[41] } else { QM31::ZERO })).add((if flags[12] { h[42] } else { QM31::ZERO })).add((if flags[13] { h[43] } else { QM31::ZERO })).add((if flags[14] { h[44] } else { QM31::ZERO })).add((if flags[15] { h[45] } else { QM31::ZERO })).add((if flags[16] { h[46] } else { QM31::ZERO })).add((if flags[17] { h[47] } else { QM31::ZERO })).add((if flags[18] { h[48] } else { QM31::ZERO })).add((if flags[19] { h[49] } else { QM31::ZERO })).add((if flags[20] { h[50] } else { QM31::ZERO })).add((if flags[21] { h[51] } else { QM31::ZERO })).add((if flags[22] { h[52] } else { QM31::ZERO }));
   |

warning: unnecessary parentheses around method argument
  --> ../../docs/research/v8-no-work-100-20260907/experiments/copy_tag_shared_generated.rs:72:158
   |
72 | ...[32].add(n[51])) } else { QM31::ZERO })).add((if flags[3] { h[33] } else { QM31::ZERO })).add((if flags[4] { h[34] } else { QM31::ZERO...
   |                                                 ^                                         ^
   |
help: remove these parentheses
   |
72 -     scratch[36]=(if flags[0] { n[29].add(n[52].add(n[54])) } else { QM31::ZERO }).add((if flags[1] { h[27].add(h[32].add(n[51])) } else { QM31::ZERO })).add((if flags[3] { h[33] } else { QM31::ZERO })).add((if flags[4] { h[34] } else { QM31::ZERO })).add((if flags[5] { h[35] } else { QM31::ZERO })).add((if flags[6] { h[36] } else { QM31::ZERO })).add((if flags[7] { h[37] } else { QM31::ZERO })).add((if flags[8] { h[38] } else { QM31::ZERO })).add((if flags[9] { h[39] } else { QM31::ZERO })).add((if flags[10] { h[40] } else { QM31::ZERO })).add((if flags[11] { h[41] } else { QM31::ZERO })).add((if flags[12] { h[42] } else { QM31::ZERO })).add((if flags[13] { h[43] } else { QM31::ZERO })).add((if flags[14] { h[44] } else { QM31::ZERO })).add((if flags[15] { h[45] } else { QM31::ZERO })).add((if flags[16] { h[46] } else { QM31::ZERO })).add((if flags[17] { h[47] } else { QM31::ZERO })).add((if flags[18] { h[48] } else { QM31::ZERO })).add((if flags[19] { h[49] } else { QM31::ZERO })).add((if flags[20] { h[50] } else { QM31::ZERO })).add((if flags[21] { h[51] } else { QM31::ZERO })).add((if flags[22] { h[52] } else { QM31::ZERO }));
72 +     scratch[36]=(if flags[0] { n[29].add(n[52].add(n[54])) } else { QM31::ZERO }).add((if flags[1] { h[27].add(h[32].add(n[51])) } else { QM31::ZERO })).add(if flags[3] { h[33] } else { QM31::ZERO }).add((if flags[4] { h[34] } else { QM31::ZERO })).add((if flags[5] { h[35] } else { QM31::ZERO })).add((if flags[6] { h[36] } else { QM31::ZERO })).add((if flags[7] { h[37] } else { QM31::ZERO })).add((if flags[8] { h[38] } else { QM31::ZERO })).add((if flags[9] { h[39] } else { QM31::ZERO })).add((if flags[10] { h[40] } else { QM31::ZERO })).add((if flags[11] { h[41] } else { QM31::ZERO })).add((if flags[12] { h[42] } else { QM31::ZERO })).add((if flags[13] { h[43] } else { QM31::ZERO })).add((if flags[14] { h[44] } else { QM31::ZERO })).add((if flags[15] { h[45] } else { QM31::ZERO })).add((if flags[16] { h[46] } else { QM31::ZERO })).add((if flags[17] { h[47] } else { QM31::ZERO })).add((if flags[18] { h[48] } else { QM31::ZERO })).add((if flags[19] { h[49] } else { QM31::ZERO })).add((if flags[20] { h[50] } else { QM31::ZERO })).add((if flags[21] { h[51] } else { QM31::ZERO })).add((if flags[22] { h[52] } else { QM31::ZERO }));
   |

warning: unnecessary parentheses around method argument
  --> ../../docs/research/v8-no-work-100-20260907/experiments/copy_tag_shared_generated.rs:72:87
   |
72 | ...[54])) } else { QM31::ZERO }).add((if flags[1] { h[27].add(h[32].add(n[51])) } else { QM31::ZERO })).add((if flags[3] { h[33] } else {...
   |                                      ^                                                               ^
   |
help: remove these parentheses
   |
72 -     scratch[36]=(if flags[0] { n[29].add(n[52].add(n[54])) } else { QM31::ZERO }).add((if flags[1] { h[27].add(h[32].add(n[51])) } else { QM31::ZERO })).add((if flags[3] { h[33] } else { QM31::ZERO })).add((if flags[4] { h[34] } else { QM31::ZERO })).add((if flags[5] { h[35] } else { QM31::ZERO })).add((if flags[6] { h[36] } else { QM31::ZERO })).add((if flags[7] { h[37] } else { QM31::ZERO })).add((if flags[8] { h[38] } else { QM31::ZERO })).add((if flags[9] { h[39] } else { QM31::ZERO })).add((if flags[10] { h[40] } else { QM31::ZERO })).add((if flags[11] { h[41] } else { QM31::ZERO })).add((if flags[12] { h[42] } else { QM31::ZERO })).add((if flags[13] { h[43] } else { QM31::ZERO })).add((if flags[14] { h[44] } else { QM31::ZERO })).add((if flags[15] { h[45] } else { QM31::ZERO })).add((if flags[16] { h[46] } else { QM31::ZERO })).add((if flags[17] { h[47] } else { QM31::ZERO })).add((if flags[18] { h[48] } else { QM31::ZERO })).add((if flags[19] { h[49] } else { QM31::ZERO })).add((if flags[20] { h[50] } else { QM31::ZERO })).add((if flags[21] { h[51] } else { QM31::ZERO })).add((if flags[22] { h[52] } else { QM31::ZERO }));
72 +     scratch[36]=(if flags[0] { n[29].add(n[52].add(n[54])) } else { QM31::ZERO }).add(if flags[1] { h[27].add(h[32].add(n[51])) } else { QM31::ZERO }).add((if flags[3] { h[33] } else { QM31::ZERO })).add((if flags[4] { h[34] } else { QM31::ZERO })).add((if flags[5] { h[35] } else { QM31::ZERO })).add((if flags[6] { h[36] } else { QM31::ZERO })).add((if flags[7] { h[37] } else { QM31::ZERO })).add((if flags[8] { h[38] } else { QM31::ZERO })).add((if flags[9] { h[39] } else { QM31::ZERO })).add((if flags[10] { h[40] } else { QM31::ZERO })).add((if flags[11] { h[41] } else { QM31::ZERO })).add((if flags[12] { h[42] } else { QM31::ZERO })).add((if flags[13] { h[43] } else { QM31::ZERO })).add((if flags[14] { h[44] } else { QM31::ZERO })).add((if flags[15] { h[45] } else { QM31::ZERO })).add((if flags[16] { h[46] } else { QM31::ZERO })).add((if flags[17] { h[47] } else { QM31::ZERO })).add((if flags[18] { h[48] } else { QM31::ZERO })).add((if flags[19] { h[49] } else { QM31::ZERO })).add((if flags[20] { h[50] } else { QM31::ZERO })).add((if flags[21] { h[51] } else { QM31::ZERO })).add((if flags[22] { h[52] } else { QM31::ZERO }));
   |

warning: unnecessary parentheses around method argument
  --> ../../docs/research/v8-no-work-100-20260907/experiments/copy_tag_shared_generated.rs:73:75
   |
73 |     scratch[37]=(if flags[0] { h[0].add(n[29]) } else { QM31::ZERO }).add((if flags[1] { h[28] } else { QM31::ZERO }));
   |                                                                           ^                                         ^
   |
help: remove these parentheses
   |
73 -     scratch[37]=(if flags[0] { h[0].add(n[29]) } else { QM31::ZERO }).add((if flags[1] { h[28] } else { QM31::ZERO }));
73 +     scratch[37]=(if flags[0] { h[0].add(n[29]) } else { QM31::ZERO }).add(if flags[1] { h[28] } else { QM31::ZERO });
   |

warning: unnecessary parentheses around assigned value
  --> ../../docs/research/v8-no-work-100-20260907/experiments/copy_tag_shared_generated.rs:74:17
   |
74 |     scratch[38]=(if flags[0] { n[4] } else { QM31::ZERO });
   |                 ^                                        ^
   |
help: remove these parentheses
   |
74 -     scratch[38]=(if flags[0] { n[4] } else { QM31::ZERO });
74 +     scratch[38]=if flags[0] { n[4] } else { QM31::ZERO };
   |

warning: unnecessary parentheses around assigned value
  --> ../../docs/research/v8-no-work-100-20260907/experiments/copy_tag_shared_generated.rs:75:17
   |
75 |     scratch[39]=(if flags[0] { n[4] } else { QM31::ZERO });
   |                 ^                                        ^
   |
help: remove these parentheses
   |
75 -     scratch[39]=(if flags[0] { n[4] } else { QM31::ZERO });
75 +     scratch[39]=if flags[0] { n[4] } else { QM31::ZERO };
   |

warning: unnecessary parentheses around assigned value
  --> ../../docs/research/v8-no-work-100-20260907/experiments/copy_tag_shared_generated.rs:76:17
   |
76 |     scratch[40]=(if flags[0] { n[4] } else { QM31::ZERO });
   |                 ^                                        ^
   |
help: remove these parentheses
   |
76 -     scratch[40]=(if flags[0] { n[4] } else { QM31::ZERO });
76 +     scratch[40]=if flags[0] { n[4] } else { QM31::ZERO };
   |

warning: unnecessary parentheses around assigned value
  --> ../../docs/research/v8-no-work-100-20260907/experiments/copy_tag_shared_generated.rs:77:17
   |
77 |     scratch[41]=(if flags[0] { n[4] } else { QM31::ZERO });
   |                 ^                                        ^
   |
help: remove these parentheses
   |
77 -     scratch[41]=(if flags[0] { n[4] } else { QM31::ZERO });
77 +     scratch[41]=if flags[0] { n[4] } else { QM31::ZERO };
   |

warning: unnecessary parentheses around method argument
  --> ../../docs/research/v8-no-work-100-20260907/experiments/copy_tag_shared_generated.rs:78:1015
   |
78 | ...lags[41] { h[51] } else { QM31::ZERO })).add((if flags[42] { h[52] } else { QM31::ZERO }));
   |                                                 ^                                          ^
   |
help: remove these parentheses
   |
78 -     scratch[42]=(if flags[2] { h[32] } else { QM31::ZERO }).add((if flags[23] { h[33] } else { QM31::ZERO })).add((if flags[24] { h[34] } else { QM31::ZERO })).add((if flags[25] { h[35] } else { QM31::ZERO })).add((if flags[26] { h[36] } else { QM31::ZERO })).add((if flags[27] { h[37] } else { QM31::ZERO })).add((if flags[28] { h[38] } else { QM31::ZERO })).add((if flags[29] { h[39] } else { QM31::ZERO })).add((if flags[30] { h[40] } else { QM31::ZERO })).add((if flags[31] { h[41] } else { QM31::ZERO })).add((if flags[32] { h[42] } else { QM31::ZERO })).add((if flags[33] { h[43] } else { QM31::ZERO })).add((if flags[34] { h[44] } else { QM31::ZERO })).add((if flags[35] { h[45] } else { QM31::ZERO })).add((if flags[36] { h[46] } else { QM31::ZERO })).add((if flags[37] { h[47] } else { QM31::ZERO })).add((if flags[38] { h[48] } else { QM31::ZERO })).add((if flags[39] { h[49] } else { QM31::ZERO })).add((if flags[40] { h[50] } else { QM31::ZERO })).add((if flags[41] { h[51] } else { QM31::ZERO })).add((if flags[42] { h[52] } else { QM31::ZERO }));
78 +     scratch[42]=(if flags[2] { h[32] } else { QM31::ZERO }).add((if flags[23] { h[33] } else { QM31::ZERO })).add((if flags[24] { h[34] } else { QM31::ZERO })).add((if flags[25] { h[35] } else { QM31::ZERO })).add((if flags[26] { h[36] } else { QM31::ZERO })).add((if flags[27] { h[37] } else { QM31::ZERO })).add((if flags[28] { h[38] } else { QM31::ZERO })).add((if flags[29] { h[39] } else { QM31::ZERO })).add((if flags[30] { h[40] } else { QM31::ZERO })).add((if flags[31] { h[41] } else { QM31::ZERO })).add((if flags[32] { h[42] } else { QM31::ZERO })).add((if flags[33] { h[43] } else { QM31::ZERO })).add((if flags[34] { h[44] } else { QM31::ZERO })).add((if flags[35] { h[45] } else { QM31::ZERO })).add((if flags[36] { h[46] } else { QM31::ZERO })).add((if flags[37] { h[47] } else { QM31::ZERO })).add((if flags[38] { h[48] } else { QM31::ZERO })).add((if flags[39] { h[49] } else { QM31::ZERO })).add((if flags[40] { h[50] } else { QM31::ZERO })).add((if flags[41] { h[51] } else { QM31::ZERO })).add(if flags[42] { h[52] } else { QM31::ZERO });
   |

warning: unnecessary parentheses around method argument
  --> ../../docs/research/v8-no-work-100-20260907/experiments/copy_tag_shared_generated.rs:78:965
   |
78 | ...lags[40] { h[50] } else { QM31::ZERO })).add((if flags[41] { h[51] } else { QM31::ZERO })).add((if flags[42] { h[52] } else { QM31::ZE...
   |                                                 ^                                          ^
   |
help: remove these parentheses
   |
78 -     scratch[42]=(if flags[2] { h[32] } else { QM31::ZERO }).add((if flags[23] { h[33] } else { QM31::ZERO })).add((if flags[24] { h[34] } else { QM31::ZERO })).add((if flags[25] { h[35] } else { QM31::ZERO })).add((if flags[26] { h[36] } else { QM31::ZERO })).add((if flags[27] { h[37] } else { QM31::ZERO })).add((if flags[28] { h[38] } else { QM31::ZERO })).add((if flags[29] { h[39] } else { QM31::ZERO })).add((if flags[30] { h[40] } else { QM31::ZERO })).add((if flags[31] { h[41] } else { QM31::ZERO })).add((if flags[32] { h[42] } else { QM31::ZERO })).add((if flags[33] { h[43] } else { QM31::ZERO })).add((if flags[34] { h[44] } else { QM31::ZERO })).add((if flags[35] { h[45] } else { QM31::ZERO })).add((if flags[36] { h[46] } else { QM31::ZERO })).add((if flags[37] { h[47] } else { QM31::ZERO })).add((if flags[38] { h[48] } else { QM31::ZERO })).add((if flags[39] { h[49] } else { QM31::ZERO })).add((if flags[40] { h[50] } else { QM31::ZERO })).add((if flags[41] { h[51] } else { QM31::ZERO })).add((if flags[42] { h[52] } else { QM31::ZERO }));
78 +     scratch[42]=(if flags[2] { h[32] } else { QM31::ZERO }).add((if flags[23] { h[33] } else { QM31::ZERO })).add((if flags[24] { h[34] } else { QM31::ZERO })).add((if flags[25] { h[35] } else { QM31::ZERO })).add((if flags[26] { h[36] } else { QM31::ZERO })).add((if flags[27] { h[37] } else { QM31::ZERO })).add((if flags[28] { h[38] } else { QM31::ZERO })).add((if flags[29] { h[39] } else { QM31::ZERO })).add((if flags[30] { h[40] } else { QM31::ZERO })).add((if flags[31] { h[41] } else { QM31::ZERO })).add((if flags[32] { h[42] } else { QM31::ZERO })).add((if flags[33] { h[43] } else { QM31::ZERO })).add((if flags[34] { h[44] } else { QM31::ZERO })).add((if flags[35] { h[45] } else { QM31::ZERO })).add((if flags[36] { h[46] } else { QM31::ZERO })).add((if flags[37] { h[47] } else { QM31::ZERO })).add((if flags[38] { h[48] } else { QM31::ZERO })).add((if flags[39] { h[49] } else { QM31::ZERO })).add((if flags[40] { h[50] } else { QM31::ZERO })).add(if flags[41] { h[51] } else { QM31::ZERO }).add((if flags[42] { h[52] } else { QM31::ZERO }));
   |

warning: unnecessary parentheses around method argument
  --> ../../docs/research/v8-no-work-100-20260907/experiments/copy_tag_shared_generated.rs:78:915
   |
78 | ...lags[39] { h[49] } else { QM31::ZERO })).add((if flags[40] { h[50] } else { QM31::ZERO })).add((if flags[41] { h[51] } else { QM31::ZE...
   |                                                 ^                                          ^
   |
help: remove these parentheses
   |
78 -     scratch[42]=(if flags[2] { h[32] } else { QM31::ZERO }).add((if flags[23] { h[33] } else { QM31::ZERO })).add((if flags[24] { h[34] } else { QM31::ZERO })).add((if flags[25] { h[35] } else { QM31::ZERO })).add((if flags[26] { h[36] } else { QM31::ZERO })).add((if flags[27] { h[37] } else { QM31::ZERO })).add((if flags[28] { h[38] } else { QM31::ZERO })).add((if flags[29] { h[39] } else { QM31::ZERO })).add((if flags[30] { h[40] } else { QM31::ZERO })).add((if flags[31] { h[41] } else { QM31::ZERO })).add((if flags[32] { h[42] } else { QM31::ZERO })).add((if flags[33] { h[43] } else { QM31::ZERO })).add((if flags[34] { h[44] } else { QM31::ZERO })).add((if flags[35] { h[45] } else { QM31::ZERO })).add((if flags[36] { h[46] } else { QM31::ZERO })).add((if flags[37] { h[47] } else { QM31::ZERO })).add((if flags[38] { h[48] } else { QM31::ZERO })).add((if flags[39] { h[49] } else { QM31::ZERO })).add((if flags[40] { h[50] } else { QM31::ZERO })).add((if flags[41] { h[51] } else { QM31::ZERO })).add((if flags[42] { h[52] } else { QM31::ZERO }));
78 +     scratch[42]=(if flags[2] { h[32] } else { QM31::ZERO }).add((if flags[23] { h[33] } else { QM31::ZERO })).add((if flags[24] { h[34] } else { QM31::ZERO })).add((if flags[25] { h[35] } else { QM31::ZERO })).add((if flags[26] { h[36] } else { QM31::ZERO })).add((if flags[27] { h[37] } else { QM31::ZERO })).add((if flags[28] { h[38] } else { QM31::ZERO })).add((if flags[29] { h[39] } else { QM31::ZERO })).add((if flags[30] { h[40] } else { QM31::ZERO })).add((if flags[31] { h[41] } else { QM31::ZERO })).add((if flags[32] { h[42] } else { QM31::ZERO })).add((if flags[33] { h[43] } else { QM31::ZERO })).add((if flags[34] { h[44] } else { QM31::ZERO })).add((if flags[35] { h[45] } else { QM31::ZERO })).add((if flags[36] { h[46] } else { QM31::ZERO })).add((if flags[37] { h[47] } else { QM31::ZERO })).add((if flags[38] { h[48] } else { QM31::ZERO })).add((if flags[39] { h[49] } else { QM31::ZERO })).add(if flags[40] { h[50] } else { QM31::ZERO }).add((if flags[41] { h[51] } else { QM31::ZERO })).add((if flags[42] { h[52] } else { QM31::ZERO }));
   |

warning: unnecessary parentheses around method argument
  --> ../../docs/research/v8-no-work-100-20260907/experiments/copy_tag_shared_generated.rs:78:865
   |
78 | ...lags[38] { h[48] } else { QM31::ZERO })).add((if flags[39] { h[49] } else { QM31::ZERO })).add((if flags[40] { h[50] } else { QM31::ZE...
   |                                                 ^                                          ^
   |
help: remove these parentheses
   |
78 -     scratch[42]=(if flags[2] { h[32] } else { QM31::ZERO }).add((if flags[23] { h[33] } else { QM31::ZERO })).add((if flags[24] { h[34] } else { QM31::ZERO })).add((if flags[25] { h[35] } else { QM31::ZERO })).add((if flags[26] { h[36] } else { QM31::ZERO })).add((if flags[27] { h[37] } else { QM31::ZERO })).add((if flags[28] { h[38] } else { QM31::ZERO })).add((if flags[29] { h[39] } else { QM31::ZERO })).add((if flags[30] { h[40] } else { QM31::ZERO })).add((if flags[31] { h[41] } else { QM31::ZERO })).add((if flags[32] { h[42] } else { QM31::ZERO })).add((if flags[33] { h[43] } else { QM31::ZERO })).add((if flags[34] { h[44] } else { QM31::ZERO })).add((if flags[35] { h[45] } else { QM31::ZERO })).add((if flags[36] { h[46] } else { QM31::ZERO })).add((if flags[37] { h[47] } else { QM31::ZERO })).add((if flags[38] { h[48] } else { QM31::ZERO })).add((if flags[39] { h[49] } else { QM31::ZERO })).add((if flags[40] { h[50] } else { QM31::ZERO })).add((if flags[41] { h[51] } else { QM31::ZERO })).add((if flags[42] { h[52] } else { QM31::ZERO }));
78 +     scratch[42]=(if flags[2] { h[32] } else { QM31::ZERO }).add((if flags[23] { h[33] } else { QM31::ZERO })).add((if flags[24] { h[34] } else { QM31::ZERO })).add((if flags[25] { h[35] } else { QM31::ZERO })).add((if flags[26] { h[36] } else { QM31::ZERO })).add((if flags[27] { h[37] } else { QM31::ZERO })).add((if flags[28] { h[38] } else { QM31::ZERO })).add((if flags[29] { h[39] } else { QM31::ZERO })).add((if flags[30] { h[40] } else { QM31::ZERO })).add((if flags[31] { h[41] } else { QM31::ZERO })).add((if flags[32] { h[42] } else { QM31::ZERO })).add((if flags[33] { h[43] } else { QM31::ZERO })).add((if flags[34] { h[44] } else { QM31::ZERO })).add((if flags[35] { h[45] } else { QM31::ZERO })).add((if flags[36] { h[46] } else { QM31::ZERO })).add((if flags[37] { h[47] } else { QM31::ZERO })).add((if flags[38] { h[48] } else { QM31::ZERO })).add(if flags[39] { h[49] } else { QM31::ZERO }).add((if flags[40] { h[50] } else { QM31::ZERO })).add((if flags[41] { h[51] } else { QM31::ZERO })).add((if flags[42] { h[52] } else { QM31::ZERO }));
   |

warning: unnecessary parentheses around method argument
  --> ../../docs/research/v8-no-work-100-20260907/experiments/copy_tag_shared_generated.rs:78:815
   |
78 | ...lags[37] { h[47] } else { QM31::ZERO })).add((if flags[38] { h[48] } else { QM31::ZERO })).add((if flags[39] { h[49] } else { QM31::ZE...
   |                                                 ^                                          ^
   |
help: remove these parentheses
   |
78 -     scratch[42]=(if flags[2] { h[32] } else { QM31::ZERO }).add((if flags[23] { h[33] } else { QM31::ZERO })).add((if flags[24] { h[34] } else { QM31::ZERO })).add((if flags[25] { h[35] } else { QM31::ZERO })).add((if flags[26] { h[36] } else { QM31::ZERO })).add((if flags[27] { h[37] } else { QM31::ZERO })).add((if flags[28] { h[38] } else { QM31::ZERO })).add((if flags[29] { h[39] } else { QM31::ZERO })).add((if flags[30] { h[40] } else { QM31::ZERO })).add((if flags[31] { h[41] } else { QM31::ZERO })).add((if flags[32] { h[42] } else { QM31::ZERO })).add((if flags[33] { h[43] } else { QM31::ZERO })).add((if flags[34] { h[44] } else { QM31::ZERO })).add((if flags[35] { h[45] } else { QM31::ZERO })).add((if flags[36] { h[46] } else { QM31::ZERO })).add((if flags[37] { h[47] } else { QM31::ZERO })).add((if flags[38] { h[48] } else { QM31::ZERO })).add((if flags[39] { h[49] } else { QM31::ZERO })).add((if flags[40] { h[50] } else { QM31::ZERO })).add((if flags[41] { h[51] } else { QM31::ZERO })).add((if flags[42] { h[52] } else { QM31::ZERO }));
78 +     scratch[42]=(if flags[2] { h[32] } else { QM31::ZERO }).add((if flags[23] { h[33] } else { QM31::ZERO })).add((if flags[24] { h[34] } else { QM31::ZERO })).add((if flags[25] { h[35] } else { QM31::ZERO })).add((if flags[26] { h[36] } else { QM31::ZERO })).add((if flags[27] { h[37] } else { QM31::ZERO })).add((if flags[28] { h[38] } else { QM31::ZERO })).add((if flags[29] { h[39] } else { QM31::ZERO })).add((if flags[30] { h[40] } else { QM31::ZERO })).add((if flags[31] { h[41] } else { QM31::ZERO })).add((if flags[32] { h[42] } else { QM31::ZERO })).add((if flags[33] { h[43] } else { QM31::ZERO })).add((if flags[34] { h[44] } else { QM31::ZERO })).add((if flags[35] { h[45] } else { QM31::ZERO })).add((if flags[36] { h[46] } else { QM31::ZERO })).add((if flags[37] { h[47] } else { QM31::ZERO })).add(if flags[38] { h[48] } else { QM31::ZERO }).add((if flags[39] { h[49] } else { QM31::ZERO })).add((if flags[40] { h[50] } else { QM31::ZERO })).add((if flags[41] { h[51] } else { QM31::ZERO })).add((if flags[42] { h[52] } else { QM31::ZERO }));
   |

warning: unnecessary parentheses around method argument
  --> ../../docs/research/v8-no-work-100-20260907/experiments/copy_tag_shared_generated.rs:78:765
   |
78 | ...lags[36] { h[46] } else { QM31::ZERO })).add((if flags[37] { h[47] } else { QM31::ZERO })).add((if flags[38] { h[48] } else { QM31::ZE...
   |                                                 ^                                          ^
   |
help: remove these parentheses
   |
78 -     scratch[42]=(if flags[2] { h[32] } else { QM31::ZERO }).add((if flags[23] { h[33] } else { QM31::ZERO })).add((if flags[24] { h[34] } else { QM31::ZERO })).add((if flags[25] { h[35] } else { QM31::ZERO })).add((if flags[26] { h[36] } else { QM31::ZERO })).add((if flags[27] { h[37] } else { QM31::ZERO })).add((if flags[28] { h[38] } else { QM31::ZERO })).add((if flags[29] { h[39] } else { QM31::ZERO })).add((if flags[30] { h[40] } else { QM31::ZERO })).add((if flags[31] { h[41] } else { QM31::ZERO })).add((if flags[32] { h[42] } else { QM31::ZERO })).add((if flags[33] { h[43] } else { QM31::ZERO })).add((if flags[34] { h[44] } else { QM31::ZERO })).add((if flags[35] { h[45] } else { QM31::ZERO })).add((if flags[36] { h[46] } else { QM31::ZERO })).add((if flags[37] { h[47] } else { QM31::ZERO })).add((if flags[38] { h[48] } else { QM31::ZERO })).add((if flags[39] { h[49] } else { QM31::ZERO })).add((if flags[40] { h[50] } else { QM31::ZERO })).add((if flags[41] { h[51] } else { QM31::ZERO })).add((if flags[42] { h[52] } else { QM31::ZERO }));
78 +     scratch[42]=(if flags[2] { h[32] } else { QM31::ZERO }).add((if flags[23] { h[33] } else { QM31::ZERO })).add((if flags[24] { h[34] } else { QM31::ZERO })).add((if flags[25] { h[35] } else { QM31::ZERO })).add((if flags[26] { h[36] } else { QM31::ZERO })).add((if flags[27] { h[37] } else { QM31::ZERO })).add((if flags[28] { h[38] } else { QM31::ZERO })).add((if flags[29] { h[39] } else { QM31::ZERO })).add((if flags[30] { h[40] } else { QM31::ZERO })).add((if flags[31] { h[41] } else { QM31::ZERO })).add((if flags[32] { h[42] } else { QM31::ZERO })).add((if flags[33] { h[43] } else { QM31::ZERO })).add((if flags[34] { h[44] } else { QM31::ZERO })).add((if flags[35] { h[45] } else { QM31::ZERO })).add((if flags[36] { h[46] } else { QM31::ZERO })).add(if flags[37] { h[47] } else { QM31::ZERO }).add((if flags[38] { h[48] } else { QM31::ZERO })).add((if flags[39] { h[49] } else { QM31::ZERO })).add((if flags[40] { h[50] } else { QM31::ZERO })).add((if flags[41] { h[51] } else { QM31::ZERO })).add((if flags[42] { h[52] } else { QM31::ZERO }));
   |

warning: unnecessary parentheses around method argument
  --> ../../docs/research/v8-no-work-100-20260907/experiments/copy_tag_shared_generated.rs:78:715
   |
78 | ...lags[35] { h[45] } else { QM31::ZERO })).add((if flags[36] { h[46] } else { QM31::ZERO })).add((if flags[37] { h[47] } else { QM31::ZE...
   |                                                 ^                                          ^
   |
help: remove these parentheses
   |
78 -     scratch[42]=(if flags[2] { h[32] } else { QM31::ZERO }).add((if flags[23] { h[33] } else { QM31::ZERO })).add((if flags[24] { h[34] } else { QM31::ZERO })).add((if flags[25] { h[35] } else { QM31::ZERO })).add((if flags[26] { h[36] } else { QM31::ZERO })).add((if flags[27] { h[37] } else { QM31::ZERO })).add((if flags[28] { h[38] } else { QM31::ZERO })).add((if flags[29] { h[39] } else { QM31::ZERO })).add((if flags[30] { h[40] } else { QM31::ZERO })).add((if flags[31] { h[41] } else { QM31::ZERO })).add((if flags[32] { h[42] } else { QM31::ZERO })).add((if flags[33] { h[43] } else { QM31::ZERO })).add((if flags[34] { h[44] } else { QM31::ZERO })).add((if flags[35] { h[45] } else { QM31::ZERO })).add((if flags[36] { h[46] } else { QM31::ZERO })).add((if flags[37] { h[47] } else { QM31::ZERO })).add((if flags[38] { h[48] } else { QM31::ZERO })).add((if flags[39] { h[49] } else { QM31::ZERO })).add((if flags[40] { h[50] } else { QM31::ZERO })).add((if flags[41] { h[51] } else { QM31::ZERO })).add((if flags[42] { h[52] } else { QM31::ZERO }));
78 +     scratch[42]=(if flags[2] { h[32] } else { QM31::ZERO }).add((if flags[23] { h[33] } else { QM31::ZERO })).add((if flags[24] { h[34] } else { QM31::ZERO })).add((if flags[25] { h[35] } else { QM31::ZERO })).add((if flags[26] { h[36] } else { QM31::ZERO })).add((if flags[27] { h[37] } else { QM31::ZERO })).add((if flags[28] { h[38] } else { QM31::ZERO })).add((if flags[29] { h[39] } else { QM31::ZERO })).add((if flags[30] { h[40] } else { QM31::ZERO })).add((if flags[31] { h[41] } else { QM31::ZERO })).add((if flags[32] { h[42] } else { QM31::ZERO })).add((if flags[33] { h[43] } else { QM31::ZERO })).add((if flags[34] { h[44] } else { QM31::ZERO })).add((if flags[35] { h[45] } else { QM31::ZERO })).add(if flags[36] { h[46] } else { QM31::ZERO }).add((if flags[37] { h[47] } else { QM31::ZERO })).add((if flags[38] { h[48] } else { QM31::ZERO })).add((if flags[39] { h[49] } else { QM31::ZERO })).add((if flags[40] { h[50] } else { QM31::ZERO })).add((if flags[41] { h[51] } else { QM31::ZERO })).add((if flags[42] { h[52] } else { QM31::ZERO }));
   |

warning: unnecessary parentheses around method argument
  --> ../../docs/research/v8-no-work-100-20260907/experiments/copy_tag_shared_generated.rs:78:665
   |
78 | ...lags[34] { h[44] } else { QM31::ZERO })).add((if flags[35] { h[45] } else { QM31::ZERO })).add((if flags[36] { h[46] } else { QM31::ZE...
   |                                                 ^                                          ^
   |
help: remove these parentheses
   |
78 -     scratch[42]=(if flags[2] { h[32] } else { QM31::ZERO }).add((if flags[23] { h[33] } else { QM31::ZERO })).add((if flags[24] { h[34] } else { QM31::ZERO })).add((if flags[25] { h[35] } else { QM31::ZERO })).add((if flags[26] { h[36] } else { QM31::ZERO })).add((if flags[27] { h[37] } else { QM31::ZERO })).add((if flags[28] { h[38] } else { QM31::ZERO })).add((if flags[29] { h[39] } else { QM31::ZERO })).add((if flags[30] { h[40] } else { QM31::ZERO })).add((if flags[31] { h[41] } else { QM31::ZERO })).add((if flags[32] { h[42] } else { QM31::ZERO })).add((if flags[33] { h[43] } else { QM31::ZERO })).add((if flags[34] { h[44] } else { QM31::ZERO })).add((if flags[35] { h[45] } else { QM31::ZERO })).add((if flags[36] { h[46] } else { QM31::ZERO })).add((if flags[37] { h[47] } else { QM31::ZERO })).add((if flags[38] { h[48] } else { QM31::ZERO })).add((if flags[39] { h[49] } else { QM31::ZERO })).add((if flags[40] { h[50] } else { QM31::ZERO })).add((if flags[41] { h[51] } else { QM31::ZERO })).add((if flags[42] { h[52] } else { QM31::ZERO }));
78 +     scratch[42]=(if flags[2] { h[32] } else { QM31::ZERO }).add((if flags[23] { h[33] } else { QM31::ZERO })).add((if flags[24] { h[34] } else { QM31::ZERO })).add((if flags[25] { h[35] } else { QM31::ZERO })).add((if flags[26] { h[36] } else { QM31::ZERO })).add((if flags[27] { h[37] } else { QM31::ZERO })).add((if flags[28] { h[38] } else { QM31::ZERO })).add((if flags[29] { h[39] } else { QM31::ZERO })).add((if flags[30] { h[40] } else { QM31::ZERO })).add((if flags[31] { h[41] } else { QM31::ZERO })).add((if flags[32] { h[42] } else { QM31::ZERO })).add((if flags[33] { h[43] } else { QM31::ZERO })).add((if flags[34] { h[44] } else { QM31::ZERO })).add(if flags[35] { h[45] } else { QM31::ZERO }).add((if flags[36] { h[46] } else { QM31::ZERO })).add((if flags[37] { h[47] } else { QM31::ZERO })).add((if flags[38] { h[48] } else { QM31::ZERO })).add((if flags[39] { h[49] } else { QM31::ZERO })).add((if flags[40] { h[50] } else { QM31::ZERO })).add((if flags[41] { h[51] } else { QM31::ZERO })).add((if flags[42] { h[52] } else { QM31::ZERO }));
   |

warning: unnecessary parentheses around method argument
  --> ../../docs/research/v8-no-work-100-20260907/experiments/copy_tag_shared_generated.rs:78:615
   |
78 | ...lags[33] { h[43] } else { QM31::ZERO })).add((if flags[34] { h[44] } else { QM31::ZERO })).add((if flags[35] { h[45] } else { QM31::ZE...
   |                                                 ^                                          ^
   |
help: remove these parentheses
   |
78 -     scratch[42]=(if flags[2] { h[32] } else { QM31::ZERO }).add((if flags[23] { h[33] } else { QM31::ZERO })).add((if flags[24] { h[34] } else { QM31::ZERO })).add((if flags[25] { h[35] } else { QM31::ZERO })).add((if flags[26] { h[36] } else { QM31::ZERO })).add((if flags[27] { h[37] } else { QM31::ZERO })).add((if flags[28] { h[38] } else { QM31::ZERO })).add((if flags[29] { h[39] } else { QM31::ZERO })).add((if flags[30] { h[40] } else { QM31::ZERO })).add((if flags[31] { h[41] } else { QM31::ZERO })).add((if flags[32] { h[42] } else { QM31::ZERO })).add((if flags[33] { h[43] } else { QM31::ZERO })).add((if flags[34] { h[44] } else { QM31::ZERO })).add((if flags[35] { h[45] } else { QM31::ZERO })).add((if flags[36] { h[46] } else { QM31::ZERO })).add((if flags[37] { h[47] } else { QM31::ZERO })).add((if flags[38] { h[48] } else { QM31::ZERO })).add((if flags[39] { h[49] } else { QM31::ZERO })).add((if flags[40] { h[50] } else { QM31::ZERO })).add((if flags[41] { h[51] } else { QM31::ZERO })).add((if flags[42] { h[52] } else { QM31::ZERO }));
78 +     scratch[42]=(if flags[2] { h[32] } else { QM31::ZERO }).add((if flags[23] { h[33] } else { QM31::ZERO })).add((if flags[24] { h[34] } else { QM31::ZERO })).add((if flags[25] { h[35] } else { QM31::ZERO })).add((if flags[26] { h[36] } else { QM31::ZERO })).add((if flags[27] { h[37] } else { QM31::ZERO })).add((if flags[28] { h[38] } else { QM31::ZERO })).add((if flags[29] { h[39] } else { QM31::ZERO })).add((if flags[30] { h[40] } else { QM31::ZERO })).add((if flags[31] { h[41] } else { QM31::ZERO })).add((if flags[32] { h[42] } else { QM31::ZERO })).add((if flags[33] { h[43] } else { QM31::ZERO })).add(if flags[34] { h[44] } else { QM31::ZERO }).add((if flags[35] { h[45] } else { QM31::ZERO })).add((if flags[36] { h[46] } else { QM31::ZERO })).add((if flags[37] { h[47] } else { QM31::ZERO })).add((if flags[38] { h[48] } else { QM31::ZERO })).add((if flags[39] { h[49] } else { QM31::ZERO })).add((if flags[40] { h[50] } else { QM31::ZERO })).add((if flags[41] { h[51] } else { QM31::ZERO })).add((if flags[42] { h[52] } else { QM31::ZERO }));
   |

warning: unnecessary parentheses around method argument
  --> ../../docs/research/v8-no-work-100-20260907/experiments/copy_tag_shared_generated.rs:78:565
   |
78 | ...lags[32] { h[42] } else { QM31::ZERO })).add((if flags[33] { h[43] } else { QM31::ZERO })).add((if flags[34] { h[44] } else { QM31::ZE...
   |                                                 ^                                          ^
   |
help: remove these parentheses
   |
78 -     scratch[42]=(if flags[2] { h[32] } else { QM31::ZERO }).add((if flags[23] { h[33] } else { QM31::ZERO })).add((if flags[24] { h[34] } else { QM31::ZERO })).add((if flags[25] { h[35] } else { QM31::ZERO })).add((if flags[26] { h[36] } else { QM31::ZERO })).add((if flags[27] { h[37] } else { QM31::ZERO })).add((if flags[28] { h[38] } else { QM31::ZERO })).add((if flags[29] { h[39] } else { QM31::ZERO })).add((if flags[30] { h[40] } else { QM31::ZERO })).add((if flags[31] { h[41] } else { QM31::ZERO })).add((if flags[32] { h[42] } else { QM31::ZERO })).add((if flags[33] { h[43] } else { QM31::ZERO })).add((if flags[34] { h[44] } else { QM31::ZERO })).add((if flags[35] { h[45] } else { QM31::ZERO })).add((if flags[36] { h[46] } else { QM31::ZERO })).add((if flags[37] { h[47] } else { QM31::ZERO })).add((if flags[38] { h[48] } else { QM31::ZERO })).add((if flags[39] { h[49] } else { QM31::ZERO })).add((if flags[40] { h[50] } else { QM31::ZERO })).add((if flags[41] { h[51] } else { QM31::ZERO })).add((if flags[42] { h[52] } else { QM31::ZERO }));
78 +     scratch[42]=(if flags[2] { h[32] } else { QM31::ZERO }).add((if flags[23] { h[33] } else { QM31::ZERO })).add((if flags[24] { h[34] } else { QM31::ZERO })).add((if flags[25] { h[35] } else { QM31::ZERO })).add((if flags[26] { h[36] } else { QM31::ZERO })).add((if flags[27] { h[37] } else { QM31::ZERO })).add((if flags[28] { h[38] } else { QM31::ZERO })).add((if flags[29] { h[39] } else { QM31::ZERO })).add((if flags[30] { h[40] } else { QM31::ZERO })).add((if flags[31] { h[41] } else { QM31::ZERO })).add((if flags[32] { h[42] } else { QM31::ZERO })).add(if flags[33] { h[43] } else { QM31::ZERO }).add((if flags[34] { h[44] } else { QM31::ZERO })).add((if flags[35] { h[45] } else { QM31::ZERO })).add((if flags[36] { h[46] } else { QM31::ZERO })).add((if flags[37] { h[47] } else { QM31::ZERO })).add((if flags[38] { h[48] } else { QM31::ZERO })).add((if flags[39] { h[49] } else { QM31::ZERO })).add((if flags[40] { h[50] } else { QM31::ZERO })).add((if flags[41] { h[51] } else { QM31::ZERO })).add((if flags[42] { h[52] } else { QM31::ZERO }));
   |

warning: unnecessary parentheses around method argument
  --> ../../docs/research/v8-no-work-100-20260907/experiments/copy_tag_shared_generated.rs:78:515
   |
78 | ...lags[31] { h[41] } else { QM31::ZERO })).add((if flags[32] { h[42] } else { QM31::ZERO })).add((if flags[33] { h[43] } else { QM31::ZE...
   |                                                 ^                                          ^
   |
help: remove these parentheses
   |
78 -     scratch[42]=(if flags[2] { h[32] } else { QM31::ZERO }).add((if flags[23] { h[33] } else { QM31::ZERO })).add((if flags[24] { h[34] } else { QM31::ZERO })).add((if flags[25] { h[35] } else { QM31::ZERO })).add((if flags[26] { h[36] } else { QM31::ZERO })).add((if flags[27] { h[37] } else { QM31::ZERO })).add((if flags[28] { h[38] } else { QM31::ZERO })).add((if flags[29] { h[39] } else { QM31::ZERO })).add((if flags[30] { h[40] } else { QM31::ZERO })).add((if flags[31] { h[41] } else { QM31::ZERO })).add((if flags[32] { h[42] } else { QM31::ZERO })).add((if flags[33] { h[43] } else { QM31::ZERO })).add((if flags[34] { h[44] } else { QM31::ZERO })).add((if flags[35] { h[45] } else { QM31::ZERO })).add((if flags[36] { h[46] } else { QM31::ZERO })).add((if flags[37] { h[47] } else { QM31::ZERO })).add((if flags[38] { h[48] } else { QM31::ZERO })).add((if flags[39] { h[49] } else { QM31::ZERO })).add((if flags[40] { h[50] } else { QM31::ZERO })).add((if flags[41] { h[51] } else { QM31::ZERO })).add((if flags[42] { h[52] } else { QM31::ZERO }));
78 +     scratch[42]=(if flags[2] { h[32] } else { QM31::ZERO }).add((if flags[23] { h[33] } else { QM31::ZERO })).add((if flags[24] { h[34] } else { QM31::ZERO })).add((if flags[25] { h[35] } else { QM31::ZERO })).add((if flags[26] { h[36] } else { QM31::ZERO })).add((if flags[27] { h[37] } else { QM31::ZERO })).add((if flags[28] { h[38] } else { QM31::ZERO })).add((if flags[29] { h[39] } else { QM31::ZERO })).add((if flags[30] { h[40] } else { QM31::ZERO })).add((if flags[31] { h[41] } else { QM31::ZERO })).add(if flags[32] { h[42] } else { QM31::ZERO }).add((if flags[33] { h[43] } else { QM31::ZERO })).add((if flags[34] { h[44] } else { QM31::ZERO })).add((if flags[35] { h[45] } else { QM31::ZERO })).add((if flags[36] { h[46] } else { QM31::ZERO })).add((if flags[37] { h[47] } else { QM31::ZERO })).add((if flags[38] { h[48] } else { QM31::ZERO })).add((if flags[39] { h[49] } else { QM31::ZERO })).add((if flags[40] { h[50] } else { QM31::ZERO })).add((if flags[41] { h[51] } else { QM31::ZERO })).add((if flags[42] { h[52] } else { QM31::ZERO }));
   |

warning: unnecessary parentheses around method argument
  --> ../../docs/research/v8-no-work-100-20260907/experiments/copy_tag_shared_generated.rs:78:465
   |
78 | ...lags[30] { h[40] } else { QM31::ZERO })).add((if flags[31] { h[41] } else { QM31::ZERO })).add((if flags[32] { h[42] } else { QM31::ZE...
   |                                                 ^                                          ^
   |
help: remove these parentheses
   |
78 -     scratch[42]=(if flags[2] { h[32] } else { QM31::ZERO }).add((if flags[23] { h[33] } else { QM31::ZERO })).add((if flags[24] { h[34] } else { QM31::ZERO })).add((if flags[25] { h[35] } else { QM31::ZERO })).add((if flags[26] { h[36] } else { QM31::ZERO })).add((if flags[27] { h[37] } else { QM31::ZERO })).add((if flags[28] { h[38] } else { QM31::ZERO })).add((if flags[29] { h[39] } else { QM31::ZERO })).add((if flags[30] { h[40] } else { QM31::ZERO })).add((if flags[31] { h[41] } else { QM31::ZERO })).add((if flags[32] { h[42] } else { QM31::ZERO })).add((if flags[33] { h[43] } else { QM31::ZERO })).add((if flags[34] { h[44] } else { QM31::ZERO })).add((if flags[35] { h[45] } else { QM31::ZERO })).add((if flags[36] { h[46] } else { QM31::ZERO })).add((if flags[37] { h[47] } else { QM31::ZERO })).add((if flags[38] { h[48] } else { QM31::ZERO })).add((if flags[39] { h[49] } else { QM31::ZERO })).add((if flags[40] { h[50] } else { QM31::ZERO })).add((if flags[41] { h[51] } else { QM31::ZERO })).add((if flags[42] { h[52] } else { QM31::ZERO }));
78 +     scratch[42]=(if flags[2] { h[32] } else { QM31::ZERO }).add((if flags[23] { h[33] } else { QM31::ZERO })).add((if flags[24] { h[34] } else { QM31::ZERO })).add((if flags[25] { h[35] } else { QM31::ZERO })).add((if flags[26] { h[36] } else { QM31::ZERO })).add((if flags[27] { h[37] } else { QM31::ZERO })).add((if flags[28] { h[38] } else { QM31::ZERO })).add((if flags[29] { h[39] } else { QM31::ZERO })).add((if flags[30] { h[40] } else { QM31::ZERO })).add(if flags[31] { h[41] } else { QM31::ZERO }).add((if flags[32] { h[42] } else { QM31::ZERO })).add((if flags[33] { h[43] } else { QM31::ZERO })).add((if flags[34] { h[44] } else { QM31::ZERO })).add((if flags[35] { h[45] } else { QM31::ZERO })).add((if flags[36] { h[46] } else { QM31::ZERO })).add((if flags[37] { h[47] } else { QM31::ZERO })).add((if flags[38] { h[48] } else { QM31::ZERO })).add((if flags[39] { h[49] } else { QM31::ZERO })).add((if flags[40] { h[50] } else { QM31::ZERO })).add((if flags[41] { h[51] } else { QM31::ZERO })).add((if flags[42] { h[52] } else { QM31::ZERO }));
   |

warning: unnecessary parentheses around method argument
  --> ../../docs/research/v8-no-work-100-20260907/experiments/copy_tag_shared_generated.rs:78:415
   |
78 | ...lags[29] { h[39] } else { QM31::ZERO })).add((if flags[30] { h[40] } else { QM31::ZERO })).add((if flags[31] { h[41] } else { QM31::ZE...
   |                                                 ^                                          ^
   |
help: remove these parentheses
   |
78 -     scratch[42]=(if flags[2] { h[32] } else { QM31::ZERO }).add((if flags[23] { h[33] } else { QM31::ZERO })).add((if flags[24] { h[34] } else { QM31::ZERO })).add((if flags[25] { h[35] } else { QM31::ZERO })).add((if flags[26] { h[36] } else { QM31::ZERO })).add((if flags[27] { h[37] } else { QM31::ZERO })).add((if flags[28] { h[38] } else { QM31::ZERO })).add((if flags[29] { h[39] } else { QM31::ZERO })).add((if flags[30] { h[40] } else { QM31::ZERO })).add((if flags[31] { h[41] } else { QM31::ZERO })).add((if flags[32] { h[42] } else { QM31::ZERO })).add((if flags[33] { h[43] } else { QM31::ZERO })).add((if flags[34] { h[44] } else { QM31::ZERO })).add((if flags[35] { h[45] } else { QM31::ZERO })).add((if flags[36] { h[46] } else { QM31::ZERO })).add((if flags[37] { h[47] } else { QM31::ZERO })).add((if flags[38] { h[48] } else { QM31::ZERO })).add((if flags[39] { h[49] } else { QM31::ZERO })).add((if flags[40] { h[50] } else { QM31::ZERO })).add((if flags[41] { h[51] } else { QM31::ZERO })).add((if flags[42] { h[52] } else { QM31::ZERO }));
78 +     scratch[42]=(if flags[2] { h[32] } else { QM31::ZERO }).add((if flags[23] { h[33] } else { QM31::ZERO })).add((if flags[24] { h[34] } else { QM31::ZERO })).add((if flags[25] { h[35] } else { QM31::ZERO })).add((if flags[26] { h[36] } else { QM31::ZERO })).add((if flags[27] { h[37] } else { QM31::ZERO })).add((if flags[28] { h[38] } else { QM31::ZERO })).add((if flags[29] { h[39] } else { QM31::ZERO })).add(if flags[30] { h[40] } else { QM31::ZERO }).add((if flags[31] { h[41] } else { QM31::ZERO })).add((if flags[32] { h[42] } else { QM31::ZERO })).add((if flags[33] { h[43] } else { QM31::ZERO })).add((if flags[34] { h[44] } else { QM31::ZERO })).add((if flags[35] { h[45] } else { QM31::ZERO })).add((if flags[36] { h[46] } else { QM31::ZERO })).add((if flags[37] { h[47] } else { QM31::ZERO })).add((if flags[38] { h[48] } else { QM31::ZERO })).add((if flags[39] { h[49] } else { QM31::ZERO })).add((if flags[40] { h[50] } else { QM31::ZERO })).add((if flags[41] { h[51] } else { QM31::ZERO })).add((if flags[42] { h[52] } else { QM31::ZERO }));
   |

warning: unnecessary parentheses around method argument
  --> ../../docs/research/v8-no-work-100-20260907/experiments/copy_tag_shared_generated.rs:78:365
   |
78 | ...lags[28] { h[38] } else { QM31::ZERO })).add((if flags[29] { h[39] } else { QM31::ZERO })).add((if flags[30] { h[40] } else { QM31::ZE...
   |                                                 ^                                          ^
   |
help: remove these parentheses
   |
78 -     scratch[42]=(if flags[2] { h[32] } else { QM31::ZERO }).add((if flags[23] { h[33] } else { QM31::ZERO })).add((if flags[24] { h[34] } else { QM31::ZERO })).add((if flags[25] { h[35] } else { QM31::ZERO })).add((if flags[26] { h[36] } else { QM31::ZERO })).add((if flags[27] { h[37] } else { QM31::ZERO })).add((if flags[28] { h[38] } else { QM31::ZERO })).add((if flags[29] { h[39] } else { QM31::ZERO })).add((if flags[30] { h[40] } else { QM31::ZERO })).add((if flags[31] { h[41] } else { QM31::ZERO })).add((if flags[32] { h[42] } else { QM31::ZERO })).add((if flags[33] { h[43] } else { QM31::ZERO })).add((if flags[34] { h[44] } else { QM31::ZERO })).add((if flags[35] { h[45] } else { QM31::ZERO })).add((if flags[36] { h[46] } else { QM31::ZERO })).add((if flags[37] { h[47] } else { QM31::ZERO })).add((if flags[38] { h[48] } else { QM31::ZERO })).add((if flags[39] { h[49] } else { QM31::ZERO })).add((if flags[40] { h[50] } else { QM31::ZERO })).add((if flags[41] { h[51] } else { QM31::ZERO })).add((if flags[42] { h[52] } else { QM31::ZERO }));
78 +     scratch[42]=(if flags[2] { h[32] } else { QM31::ZERO }).add((if flags[23] { h[33] } else { QM31::ZERO })).add((if flags[24] { h[34] } else { QM31::ZERO })).add((if flags[25] { h[35] } else { QM31::ZERO })).add((if flags[26] { h[36] } else { QM31::ZERO })).add((if flags[27] { h[37] } else { QM31::ZERO })).add((if flags[28] { h[38] } else { QM31::ZERO })).add(if flags[29] { h[39] } else { QM31::ZERO }).add((if flags[30] { h[40] } else { QM31::ZERO })).add((if flags[31] { h[41] } else { QM31::ZERO })).add((if flags[32] { h[42] } else { QM31::ZERO })).add((if flags[33] { h[43] } else { QM31::ZERO })).add((if flags[34] { h[44] } else { QM31::ZERO })).add((if flags[35] { h[45] } else { QM31::ZERO })).add((if flags[36] { h[46] } else { QM31::ZERO })).add((if flags[37] { h[47] } else { QM31::ZERO })).add((if flags[38] { h[48] } else { QM31::ZERO })).add((if flags[39] { h[49] } else { QM31::ZERO })).add((if flags[40] { h[50] } else { QM31::ZERO })).add((if flags[41] { h[51] } else { QM31::ZERO })).add((if flags[42] { h[52] } else { QM31::ZERO }));
   |

warning: unnecessary parentheses around method argument
  --> ../../docs/research/v8-no-work-100-20260907/experiments/copy_tag_shared_generated.rs:78:315
   |
78 | ...lags[27] { h[37] } else { QM31::ZERO })).add((if flags[28] { h[38] } else { QM31::ZERO })).add((if flags[29] { h[39] } else { QM31::ZE...
   |                                                 ^                                          ^
   |
help: remove these parentheses
   |
78 -     scratch[42]=(if flags[2] { h[32] } else { QM31::ZERO }).add((if flags[23] { h[33] } else { QM31::ZERO })).add((if flags[24] { h[34] } else { QM31::ZERO })).add((if flags[25] { h[35] } else { QM31::ZERO })).add((if flags[26] { h[36] } else { QM31::ZERO })).add((if flags[27] { h[37] } else { QM31::ZERO })).add((if flags[28] { h[38] } else { QM31::ZERO })).add((if flags[29] { h[39] } else { QM31::ZERO })).add((if flags[30] { h[40] } else { QM31::ZERO })).add((if flags[31] { h[41] } else { QM31::ZERO })).add((if flags[32] { h[42] } else { QM31::ZERO })).add((if flags[33] { h[43] } else { QM31::ZERO })).add((if flags[34] { h[44] } else { QM31::ZERO })).add((if flags[35] { h[45] } else { QM31::ZERO })).add((if flags[36] { h[46] } else { QM31::ZERO })).add((if flags[37] { h[47] } else { QM31::ZERO })).add((if flags[38] { h[48] } else { QM31::ZERO })).add((if flags[39] { h[49] } else { QM31::ZERO })).add((if flags[40] { h[50] } else { QM31::ZERO })).add((if flags[41] { h[51] } else { QM31::ZERO })).add((if flags[42] { h[52] } else { QM31::ZERO }));
78 +     scratch[42]=(if flags[2] { h[32] } else { QM31::ZERO }).add((if flags[23] { h[33] } else { QM31::ZERO })).add((if flags[24] { h[34] } else { QM31::ZERO })).add((if flags[25] { h[35] } else { QM31::ZERO })).add((if flags[26] { h[36] } else { QM31::ZERO })).add((if flags[27] { h[37] } else { QM31::ZERO })).add(if flags[28] { h[38] } else { QM31::ZERO }).add((if flags[29] { h[39] } else { QM31::ZERO })).add((if flags[30] { h[40] } else { QM31::ZERO })).add((if flags[31] { h[41] } else { QM31::ZERO })).add((if flags[32] { h[42] } else { QM31::ZERO })).add((if flags[33] { h[43] } else { QM31::ZERO })).add((if flags[34] { h[44] } else { QM31::ZERO })).add((if flags[35] { h[45] } else { QM31::ZERO })).add((if flags[36] { h[46] } else { QM31::ZERO })).add((if flags[37] { h[47] } else { QM31::ZERO })).add((if flags[38] { h[48] } else { QM31::ZERO })).add((if flags[39] { h[49] } else { QM31::ZERO })).add((if flags[40] { h[50] } else { QM31::ZERO })).add((if flags[41] { h[51] } else { QM31::ZERO })).add((if flags[42] { h[52] } else { QM31::ZERO }));
   |

warning: unnecessary parentheses around method argument
  --> ../../docs/research/v8-no-work-100-20260907/experiments/copy_tag_shared_generated.rs:78:265
   |
78 | ...lags[26] { h[36] } else { QM31::ZERO })).add((if flags[27] { h[37] } else { QM31::ZERO })).add((if flags[28] { h[38] } else { QM31::ZE...
   |                                                 ^                                          ^
   |
help: remove these parentheses
   |
78 -     scratch[42]=(if flags[2] { h[32] } else { QM31::ZERO }).add((if flags[23] { h[33] } else { QM31::ZERO })).add((if flags[24] { h[34] } else { QM31::ZERO })).add((if flags[25] { h[35] } else { QM31::ZERO })).add((if flags[26] { h[36] } else { QM31::ZERO })).add((if flags[27] { h[37] } else { QM31::ZERO })).add((if flags[28] { h[38] } else { QM31::ZERO })).add((if flags[29] { h[39] } else { QM31::ZERO })).add((if flags[30] { h[40] } else { QM31::ZERO })).add((if flags[31] { h[41] } else { QM31::ZERO })).add((if flags[32] { h[42] } else { QM31::ZERO })).add((if flags[33] { h[43] } else { QM31::ZERO })).add((if flags[34] { h[44] } else { QM31::ZERO })).add((if flags[35] { h[45] } else { QM31::ZERO })).add((if flags[36] { h[46] } else { QM31::ZERO })).add((if flags[37] { h[47] } else { QM31::ZERO })).add((if flags[38] { h[48] } else { QM31::ZERO })).add((if flags[39] { h[49] } else { QM31::ZERO })).add((if flags[40] { h[50] } else { QM31::ZERO })).add((if flags[41] { h[51] } else { QM31::ZERO })).add((if flags[42] { h[52] } else { QM31::ZERO }));
78 +     scratch[42]=(if flags[2] { h[32] } else { QM31::ZERO }).add((if flags[23] { h[33] } else { QM31::ZERO })).add((if flags[24] { h[34] } else { QM31::ZERO })).add((if flags[25] { h[35] } else { QM31::ZERO })).add((if flags[26] { h[36] } else { QM31::ZERO })).add(if flags[27] { h[37] } else { QM31::ZERO }).add((if flags[28] { h[38] } else { QM31::ZERO })).add((if flags[29] { h[39] } else { QM31::ZERO })).add((if flags[30] { h[40] } else { QM31::ZERO })).add((if flags[31] { h[41] } else { QM31::ZERO })).add((if flags[32] { h[42] } else { QM31::ZERO })).add((if flags[33] { h[43] } else { QM31::ZERO })).add((if flags[34] { h[44] } else { QM31::ZERO })).add((if flags[35] { h[45] } else { QM31::ZERO })).add((if flags[36] { h[46] } else { QM31::ZERO })).add((if flags[37] { h[47] } else { QM31::ZERO })).add((if flags[38] { h[48] } else { QM31::ZERO })).add((if flags[39] { h[49] } else { QM31::ZERO })).add((if flags[40] { h[50] } else { QM31::ZERO })).add((if flags[41] { h[51] } else { QM31::ZERO })).add((if flags[42] { h[52] } else { QM31::ZERO }));
   |

warning: unnecessary parentheses around method argument
  --> ../../docs/research/v8-no-work-100-20260907/experiments/copy_tag_shared_generated.rs:78:215
   |
78 | ...lags[25] { h[35] } else { QM31::ZERO })).add((if flags[26] { h[36] } else { QM31::ZERO })).add((if flags[27] { h[37] } else { QM31::ZE...
   |                                                 ^                                          ^
   |
help: remove these parentheses
   |
78 -     scratch[42]=(if flags[2] { h[32] } else { QM31::ZERO }).add((if flags[23] { h[33] } else { QM31::ZERO })).add((if flags[24] { h[34] } else { QM31::ZERO })).add((if flags[25] { h[35] } else { QM31::ZERO })).add((if flags[26] { h[36] } else { QM31::ZERO })).add((if flags[27] { h[37] } else { QM31::ZERO })).add((if flags[28] { h[38] } else { QM31::ZERO })).add((if flags[29] { h[39] } else { QM31::ZERO })).add((if flags[30] { h[40] } else { QM31::ZERO })).add((if flags[31] { h[41] } else { QM31::ZERO })).add((if flags[32] { h[42] } else { QM31::ZERO })).add((if flags[33] { h[43] } else { QM31::ZERO })).add((if flags[34] { h[44] } else { QM31::ZERO })).add((if flags[35] { h[45] } else { QM31::ZERO })).add((if flags[36] { h[46] } else { QM31::ZERO })).add((if flags[37] { h[47] } else { QM31::ZERO })).add((if flags[38] { h[48] } else { QM31::ZERO })).add((if flags[39] { h[49] } else { QM31::ZERO })).add((if flags[40] { h[50] } else { QM31::ZERO })).add((if flags[41] { h[51] } else { QM31::ZERO })).add((if flags[42] { h[52] } else { QM31::ZERO }));
78 +     scratch[42]=(if flags[2] { h[32] } else { QM31::ZERO }).add((if flags[23] { h[33] } else { QM31::ZERO })).add((if flags[24] { h[34] } else { QM31::ZERO })).add((if flags[25] { h[35] } else { QM31::ZERO })).add(if flags[26] { h[36] } else { QM31::ZERO }).add((if flags[27] { h[37] } else { QM31::ZERO })).add((if flags[28] { h[38] } else { QM31::ZERO })).add((if flags[29] { h[39] } else { QM31::ZERO })).add((if flags[30] { h[40] } else { QM31::ZERO })).add((if flags[31] { h[41] } else { QM31::ZERO })).add((if flags[32] { h[42] } else { QM31::ZERO })).add((if flags[33] { h[43] } else { QM31::ZERO })).add((if flags[34] { h[44] } else { QM31::ZERO })).add((if flags[35] { h[45] } else { QM31::ZERO })).add((if flags[36] { h[46] } else { QM31::ZERO })).add((if flags[37] { h[47] } else { QM31::ZERO })).add((if flags[38] { h[48] } else { QM31::ZERO })).add((if flags[39] { h[49] } else { QM31::ZERO })).add((if flags[40] { h[50] } else { QM31::ZERO })).add((if flags[41] { h[51] } else { QM31::ZERO })).add((if flags[42] { h[52] } else { QM31::ZERO }));
   |

warning: unnecessary parentheses around method argument
  --> ../../docs/research/v8-no-work-100-20260907/experiments/copy_tag_shared_generated.rs:78:165
   |
78 | ...lags[24] { h[34] } else { QM31::ZERO })).add((if flags[25] { h[35] } else { QM31::ZERO })).add((if flags[26] { h[36] } else { QM31::ZE...
   |                                                 ^                                          ^
   |
help: remove these parentheses
   |
78 -     scratch[42]=(if flags[2] { h[32] } else { QM31::ZERO }).add((if flags[23] { h[33] } else { QM31::ZERO })).add((if flags[24] { h[34] } else { QM31::ZERO })).add((if flags[25] { h[35] } else { QM31::ZERO })).add((if flags[26] { h[36] } else { QM31::ZERO })).add((if flags[27] { h[37] } else { QM31::ZERO })).add((if flags[28] { h[38] } else { QM31::ZERO })).add((if flags[29] { h[39] } else { QM31::ZERO })).add((if flags[30] { h[40] } else { QM31::ZERO })).add((if flags[31] { h[41] } else { QM31::ZERO })).add((if flags[32] { h[42] } else { QM31::ZERO })).add((if flags[33] { h[43] } else { QM31::ZERO })).add((if flags[34] { h[44] } else { QM31::ZERO })).add((if flags[35] { h[45] } else { QM31::ZERO })).add((if flags[36] { h[46] } else { QM31::ZERO })).add((if flags[37] { h[47] } else { QM31::ZERO })).add((if flags[38] { h[48] } else { QM31::ZERO })).add((if flags[39] { h[49] } else { QM31::ZERO })).add((if flags[40] { h[50] } else { QM31::ZERO })).add((if flags[41] { h[51] } else { QM31::ZERO })).add((if flags[42] { h[52] } else { QM31::ZERO }));
78 +     scratch[42]=(if flags[2] { h[32] } else { QM31::ZERO }).add((if flags[23] { h[33] } else { QM31::ZERO })).add((if flags[24] { h[34] } else { QM31::ZERO })).add(if flags[25] { h[35] } else { QM31::ZERO }).add((if flags[26] { h[36] } else { QM31::ZERO })).add((if flags[27] { h[37] } else { QM31::ZERO })).add((if flags[28] { h[38] } else { QM31::ZERO })).add((if flags[29] { h[39] } else { QM31::ZERO })).add((if flags[30] { h[40] } else { QM31::ZERO })).add((if flags[31] { h[41] } else { QM31::ZERO })).add((if flags[32] { h[42] } else { QM31::ZERO })).add((if flags[33] { h[43] } else { QM31::ZERO })).add((if flags[34] { h[44] } else { QM31::ZERO })).add((if flags[35] { h[45] } else { QM31::ZERO })).add((if flags[36] { h[46] } else { QM31::ZERO })).add((if flags[37] { h[47] } else { QM31::ZERO })).add((if flags[38] { h[48] } else { QM31::ZERO })).add((if flags[39] { h[49] } else { QM31::ZERO })).add((if flags[40] { h[50] } else { QM31::ZERO })).add((if flags[41] { h[51] } else { QM31::ZERO })).add((if flags[42] { h[52] } else { QM31::ZERO }));
   |

warning: unnecessary parentheses around method argument
  --> ../../docs/research/v8-no-work-100-20260907/experiments/copy_tag_shared_generated.rs:78:115
   |
78 | ...lags[23] { h[33] } else { QM31::ZERO })).add((if flags[24] { h[34] } else { QM31::ZERO })).add((if flags[25] { h[35] } else { QM31::ZE...
   |                                                 ^                                          ^
   |
help: remove these parentheses
   |
78 -     scratch[42]=(if flags[2] { h[32] } else { QM31::ZERO }).add((if flags[23] { h[33] } else { QM31::ZERO })).add((if flags[24] { h[34] } else { QM31::ZERO })).add((if flags[25] { h[35] } else { QM31::ZERO })).add((if flags[26] { h[36] } else { QM31::ZERO })).add((if flags[27] { h[37] } else { QM31::ZERO })).add((if flags[28] { h[38] } else { QM31::ZERO })).add((if flags[29] { h[39] } else { QM31::ZERO })).add((if flags[30] { h[40] } else { QM31::ZERO })).add((if flags[31] { h[41] } else { QM31::ZERO })).add((if flags[32] { h[42] } else { QM31::ZERO })).add((if flags[33] { h[43] } else { QM31::ZERO })).add((if flags[34] { h[44] } else { QM31::ZERO })).add((if flags[35] { h[45] } else { QM31::ZERO })).add((if flags[36] { h[46] } else { QM31::ZERO })).add((if flags[37] { h[47] } else { QM31::ZERO })).add((if flags[38] { h[48] } else { QM31::ZERO })).add((if flags[39] { h[49] } else { QM31::ZERO })).add((if flags[40] { h[50] } else { QM31::ZERO })).add((if flags[41] { h[51] } else { QM31::ZERO })).add((if flags[42] { h[52] } else { QM31::ZERO }));
78 +     scratch[42]=(if flags[2] { h[32] } else { QM31::ZERO }).add((if flags[23] { h[33] } else { QM31::ZERO })).add(if flags[24] { h[34] } else { QM31::ZERO }).add((if flags[25] { h[35] } else { QM31::ZERO })).add((if flags[26] { h[36] } else { QM31::ZERO })).add((if flags[27] { h[37] } else { QM31::ZERO })).add((if flags[28] { h[38] } else { QM31::ZERO })).add((if flags[29] { h[39] } else { QM31::ZERO })).add((if flags[30] { h[40] } else { QM31::ZERO })).add((if flags[31] { h[41] } else { QM31::ZERO })).add((if flags[32] { h[42] } else { QM31::ZERO })).add((if flags[33] { h[43] } else { QM31::ZERO })).add((if flags[34] { h[44] } else { QM31::ZERO })).add((if flags[35] { h[45] } else { QM31::ZERO })).add((if flags[36] { h[46] } else { QM31::ZERO })).add((if flags[37] { h[47] } else { QM31::ZERO })).add((if flags[38] { h[48] } else { QM31::ZERO })).add((if flags[39] { h[49] } else { QM31::ZERO })).add((if flags[40] { h[50] } else { QM31::ZERO })).add((if flags[41] { h[51] } else { QM31::ZERO })).add((if flags[42] { h[52] } else { QM31::ZERO }));
   |

warning: unnecessary parentheses around method argument
  --> ../../docs/research/v8-no-work-100-20260907/experiments/copy_tag_shared_generated.rs:78:65
   |
78 |     scratch[42]=(if flags[2] { h[32] } else { QM31::ZERO }).add((if flags[23] { h[33] } else { QM31::ZERO })).add((if flags[24] { h[34] }...
   |                                                                 ^                                          ^
   |
help: remove these parentheses
   |
78 -     scratch[42]=(if flags[2] { h[32] } else { QM31::ZERO }).add((if flags[23] { h[33] } else { QM31::ZERO })).add((if flags[24] { h[34] } else { QM31::ZERO })).add((if flags[25] { h[35] } else { QM31::ZERO })).add((if flags[26] { h[36] } else { QM31::ZERO })).add((if flags[27] { h[37] } else { QM31::ZERO })).add((if flags[28] { h[38] } else { QM31::ZERO })).add((if flags[29] { h[39] } else { QM31::ZERO })).add((if flags[30] { h[40] } else { QM31::ZERO })).add((if flags[31] { h[41] } else { QM31::ZERO })).add((if flags[32] { h[42] } else { QM31::ZERO })).add((if flags[33] { h[43] } else { QM31::ZERO })).add((if flags[34] { h[44] } else { QM31::ZERO })).add((if flags[35] { h[45] } else { QM31::ZERO })).add((if flags[36] { h[46] } else { QM31::ZERO })).add((if flags[37] { h[47] } else { QM31::ZERO })).add((if flags[38] { h[48] } else { QM31::ZERO })).add((if flags[39] { h[49] } else { QM31::ZERO })).add((if flags[40] { h[50] } else { QM31::ZERO })).add((if flags[41] { h[51] } else { QM31::ZERO })).add((if flags[42] { h[52] } else { QM31::ZERO }));
78 +     scratch[42]=(if flags[2] { h[32] } else { QM31::ZERO }).add(if flags[23] { h[33] } else { QM31::ZERO }).add((if flags[24] { h[34] } else { QM31::ZERO })).add((if flags[25] { h[35] } else { QM31::ZERO })).add((if flags[26] { h[36] } else { QM31::ZERO })).add((if flags[27] { h[37] } else { QM31::ZERO })).add((if flags[28] { h[38] } else { QM31::ZERO })).add((if flags[29] { h[39] } else { QM31::ZERO })).add((if flags[30] { h[40] } else { QM31::ZERO })).add((if flags[31] { h[41] } else { QM31::ZERO })).add((if flags[32] { h[42] } else { QM31::ZERO })).add((if flags[33] { h[43] } else { QM31::ZERO })).add((if flags[34] { h[44] } else { QM31::ZERO })).add((if flags[35] { h[45] } else { QM31::ZERO })).add((if flags[36] { h[46] } else { QM31::ZERO })).add((if flags[37] { h[47] } else { QM31::ZERO })).add((if flags[38] { h[48] } else { QM31::ZERO })).add((if flags[39] { h[49] } else { QM31::ZERO })).add((if flags[40] { h[50] } else { QM31::ZERO })).add((if flags[41] { h[51] } else { QM31::ZERO })).add((if flags[42] { h[52] } else { QM31::ZERO }));
   |

warning: unnecessary parentheses around assigned value
  --> ../../docs/research/v8-no-work-100-20260907/experiments/copy_tag_shared_generated.rs:79:17
   |
79 |     scratch[43]=(if flags[0] { h[2] } else { QM31::ZERO });
   |                 ^                                        ^
   |
help: remove these parentheses
   |
79 -     scratch[43]=(if flags[0] { h[2] } else { QM31::ZERO });
79 +     scratch[43]=if flags[0] { h[2] } else { QM31::ZERO };
   |

warning: unnecessary parentheses around assigned value
  --> ../../docs/research/v8-no-work-100-20260907/experiments/copy_tag_shared_generated.rs:80:17
   |
80 |     scratch[44]=(if flags[0] { n[4] } else { QM31::ZERO });
   |                 ^                                        ^
   |
help: remove these parentheses
   |
80 -     scratch[44]=(if flags[0] { n[4] } else { QM31::ZERO });
80 +     scratch[44]=if flags[0] { n[4] } else { QM31::ZERO };
   |

warning: unnecessary parentheses around method argument
  --> ../../docs/research/v8-no-work-100-20260907/experiments/copy_tag_shared_generated.rs:81:1097
   |
81 | ...lags[41] { h[52] } else { QM31::ZERO })).add((if flags[42] { h[53] } else { QM31::ZERO }));
   |                                                 ^                                          ^
   |
help: remove these parentheses
   |
81 -     scratch[45]=(if flags[0] { h[33].add(h[63]).add(n[40].add(n[57])) } else { QM31::ZERO }).add((if flags[1] { n[51] } else { QM31::ZERO })).add((if flags[23] { h[34] } else { QM31::ZERO })).add((if flags[24] { h[35] } else { QM31::ZERO })).add((if flags[25] { h[36] } else { QM31::ZERO })).add((if flags[26] { h[37] } else { QM31::ZERO })).add((if flags[27] { h[38] } else { QM31::ZERO })).add((if flags[28] { h[39] } else { QM31::ZERO })).add((if flags[29] { h[40] } else { QM31::ZERO })).add((if flags[30] { h[41] } else { QM31::ZERO })).add((if flags[31] { h[42] } else { QM31::ZERO })).add((if flags[32] { h[43] } else { QM31::ZERO })).add((if flags[33] { h[44] } else { QM31::ZERO })).add((if flags[34] { h[45] } else { QM31::ZERO })).add((if flags[35] { h[46] } else { QM31::ZERO })).add((if flags[36] { h[47] } else { QM31::ZERO })).add((if flags[37] { h[48] } else { QM31::ZERO })).add((if flags[38] { h[49] } else { QM31::ZERO })).add((if flags[39] { h[50] } else { QM31::ZERO })).add((if flags[40] { h[51] } else { QM31::ZERO })).add((if flags[41] { h[52] } else { QM31::ZERO })).add((if flags[42] { h[53] } else { QM31::ZERO }));
81 +     scratch[45]=(if flags[0] { h[33].add(h[63]).add(n[40].add(n[57])) } else { QM31::ZERO }).add((if flags[1] { n[51] } else { QM31::ZERO })).add((if flags[23] { h[34] } else { QM31::ZERO })).add((if flags[24] { h[35] } else { QM31::ZERO })).add((if flags[25] { h[36] } else { QM31::ZERO })).add((if flags[26] { h[37] } else { QM31::ZERO })).add((if flags[27] { h[38] } else { QM31::ZERO })).add((if flags[28] { h[39] } else { QM31::ZERO })).add((if flags[29] { h[40] } else { QM31::ZERO })).add((if flags[30] { h[41] } else { QM31::ZERO })).add((if flags[31] { h[42] } else { QM31::ZERO })).add((if flags[32] { h[43] } else { QM31::ZERO })).add((if flags[33] { h[44] } else { QM31::ZERO })).add((if flags[34] { h[45] } else { QM31::ZERO })).add((if flags[35] { h[46] } else { QM31::ZERO })).add((if flags[36] { h[47] } else { QM31::ZERO })).add((if flags[37] { h[48] } else { QM31::ZERO })).add((if flags[38] { h[49] } else { QM31::ZERO })).add((if flags[39] { h[50] } else { QM31::ZERO })).add((if flags[40] { h[51] } else { QM31::ZERO })).add((if flags[41] { h[52] } else { QM31::ZERO })).add(if flags[42] { h[53] } else { QM31::ZERO });
   |

warning: unnecessary parentheses around method argument
  --> ../../docs/research/v8-no-work-100-20260907/experiments/copy_tag_shared_generated.rs:81:1047
   |
81 | ...lags[40] { h[51] } else { QM31::ZERO })).add((if flags[41] { h[52] } else { QM31::ZERO })).add((if flags[42] { h[53] } else { QM31::ZE...
   |                                                 ^                                          ^
   |
help: remove these parentheses
   |
81 -     scratch[45]=(if flags[0] { h[33].add(h[63]).add(n[40].add(n[57])) } else { QM31::ZERO }).add((if flags[1] { n[51] } else { QM31::ZERO })).add((if flags[23] { h[34] } else { QM31::ZERO })).add((if flags[24] { h[35] } else { QM31::ZERO })).add((if flags[25] { h[36] } else { QM31::ZERO })).add((if flags[26] { h[37] } else { QM31::ZERO })).add((if flags[27] { h[38] } else { QM31::ZERO })).add((if flags[28] { h[39] } else { QM31::ZERO })).add((if flags[29] { h[40] } else { QM31::ZERO })).add((if flags[30] { h[41] } else { QM31::ZERO })).add((if flags[31] { h[42] } else { QM31::ZERO })).add((if flags[32] { h[43] } else { QM31::ZERO })).add((if flags[33] { h[44] } else { QM31::ZERO })).add((if flags[34] { h[45] } else { QM31::ZERO })).add((if flags[35] { h[46] } else { QM31::ZERO })).add((if flags[36] { h[47] } else { QM31::ZERO })).add((if flags[37] { h[48] } else { QM31::ZERO })).add((if flags[38] { h[49] } else { QM31::ZERO })).add((if flags[39] { h[50] } else { QM31::ZERO })).add((if flags[40] { h[51] } else { QM31::ZERO })).add((if flags[41] { h[52] } else { QM31::ZERO })).add((if flags[42] { h[53] } else { QM31::ZERO }));
81 +     scratch[45]=(if flags[0] { h[33].add(h[63]).add(n[40].add(n[57])) } else { QM31::ZERO }).add((if flags[1] { n[51] } else { QM31::ZERO })).add((if flags[23] { h[34] } else { QM31::ZERO })).add((if flags[24] { h[35] } else { QM31::ZERO })).add((if flags[25] { h[36] } else { QM31::ZERO })).add((if flags[26] { h[37] } else { QM31::ZERO })).add((if flags[27] { h[38] } else { QM31::ZERO })).add((if flags[28] { h[39] } else { QM31::ZERO })).add((if flags[29] { h[40] } else { QM31::ZERO })).add((if flags[30] { h[41] } else { QM31::ZERO })).add((if flags[31] { h[42] } else { QM31::ZERO })).add((if flags[32] { h[43] } else { QM31::ZERO })).add((if flags[33] { h[44] } else { QM31::ZERO })).add((if flags[34] { h[45] } else { QM31::ZERO })).add((if flags[35] { h[46] } else { QM31::ZERO })).add((if flags[36] { h[47] } else { QM31::ZERO })).add((if flags[37] { h[48] } else { QM31::ZERO })).add((if flags[38] { h[49] } else { QM31::ZERO })).add((if flags[39] { h[50] } else { QM31::ZERO })).add((if flags[40] { h[51] } else { QM31::ZERO })).add(if flags[41] { h[52] } else { QM31::ZERO }).add((if flags[42] { h[53] } else { QM31::ZERO }));
   |

warning: unnecessary parentheses around method argument
  --> ../../docs/research/v8-no-work-100-20260907/experiments/copy_tag_shared_generated.rs:81:997
   |
81 | ...lags[39] { h[50] } else { QM31::ZERO })).add((if flags[40] { h[51] } else { QM31::ZERO })).add((if flags[41] { h[52] } else { QM31::ZE...
   |                                                 ^                                          ^
   |
help: remove these parentheses
   |
81 -     scratch[45]=(if flags[0] { h[33].add(h[63]).add(n[40].add(n[57])) } else { QM31::ZERO }).add((if flags[1] { n[51] } else { QM31::ZERO })).add((if flags[23] { h[34] } else { QM31::ZERO })).add((if flags[24] { h[35] } else { QM31::ZERO })).add((if flags[25] { h[36] } else { QM31::ZERO })).add((if flags[26] { h[37] } else { QM31::ZERO })).add((if flags[27] { h[38] } else { QM31::ZERO })).add((if flags[28] { h[39] } else { QM31::ZERO })).add((if flags[29] { h[40] } else { QM31::ZERO })).add((if flags[30] { h[41] } else { QM31::ZERO })).add((if flags[31] { h[42] } else { QM31::ZERO })).add((if flags[32] { h[43] } else { QM31::ZERO })).add((if flags[33] { h[44] } else { QM31::ZERO })).add((if flags[34] { h[45] } else { QM31::ZERO })).add((if flags[35] { h[46] } else { QM31::ZERO })).add((if flags[36] { h[47] } else { QM31::ZERO })).add((if flags[37] { h[48] } else { QM31::ZERO })).add((if flags[38] { h[49] } else { QM31::ZERO })).add((if flags[39] { h[50] } else { QM31::ZERO })).add((if flags[40] { h[51] } else { QM31::ZERO })).add((if flags[41] { h[52] } else { QM31::ZERO })).add((if flags[42] { h[53] } else { QM31::ZERO }));
81 +     scratch[45]=(if flags[0] { h[33].add(h[63]).add(n[40].add(n[57])) } else { QM31::ZERO }).add((if flags[1] { n[51] } else { QM31::ZERO })).add((if flags[23] { h[34] } else { QM31::ZERO })).add((if flags[24] { h[35] } else { QM31::ZERO })).add((if flags[25] { h[36] } else { QM31::ZERO })).add((if flags[26] { h[37] } else { QM31::ZERO })).add((if flags[27] { h[38] } else { QM31::ZERO })).add((if flags[28] { h[39] } else { QM31::ZERO })).add((if flags[29] { h[40] } else { QM31::ZERO })).add((if flags[30] { h[41] } else { QM31::ZERO })).add((if flags[31] { h[42] } else { QM31::ZERO })).add((if flags[32] { h[43] } else { QM31::ZERO })).add((if flags[33] { h[44] } else { QM31::ZERO })).add((if flags[34] { h[45] } else { QM31::ZERO })).add((if flags[35] { h[46] } else { QM31::ZERO })).add((if flags[36] { h[47] } else { QM31::ZERO })).add((if flags[37] { h[48] } else { QM31::ZERO })).add((if flags[38] { h[49] } else { QM31::ZERO })).add((if flags[39] { h[50] } else { QM31::ZERO })).add(if flags[40] { h[51] } else { QM31::ZERO }).add((if flags[41] { h[52] } else { QM31::ZERO })).add((if flags[42] { h[53] } else { QM31::ZERO }));
   |

warning: unnecessary parentheses around method argument
  --> ../../docs/research/v8-no-work-100-20260907/experiments/copy_tag_shared_generated.rs:81:947
   |
81 | ...lags[38] { h[49] } else { QM31::ZERO })).add((if flags[39] { h[50] } else { QM31::ZERO })).add((if flags[40] { h[51] } else { QM31::ZE...
   |                                                 ^                                          ^
   |
help: remove these parentheses
   |
81 -     scratch[45]=(if flags[0] { h[33].add(h[63]).add(n[40].add(n[57])) } else { QM31::ZERO }).add((if flags[1] { n[51] } else { QM31::ZERO })).add((if flags[23] { h[34] } else { QM31::ZERO })).add((if flags[24] { h[35] } else { QM31::ZERO })).add((if flags[25] { h[36] } else { QM31::ZERO })).add((if flags[26] { h[37] } else { QM31::ZERO })).add((if flags[27] { h[38] } else { QM31::ZERO })).add((if flags[28] { h[39] } else { QM31::ZERO })).add((if flags[29] { h[40] } else { QM31::ZERO })).add((if flags[30] { h[41] } else { QM31::ZERO })).add((if flags[31] { h[42] } else { QM31::ZERO })).add((if flags[32] { h[43] } else { QM31::ZERO })).add((if flags[33] { h[44] } else { QM31::ZERO })).add((if flags[34] { h[45] } else { QM31::ZERO })).add((if flags[35] { h[46] } else { QM31::ZERO })).add((if flags[36] { h[47] } else { QM31::ZERO })).add((if flags[37] { h[48] } else { QM31::ZERO })).add((if flags[38] { h[49] } else { QM31::ZERO })).add((if flags[39] { h[50] } else { QM31::ZERO })).add((if flags[40] { h[51] } else { QM31::ZERO })).add((if flags[41] { h[52] } else { QM31::ZERO })).add((if flags[42] { h[53] } else { QM31::ZERO }));
81 +     scratch[45]=(if flags[0] { h[33].add(h[63]).add(n[40].add(n[57])) } else { QM31::ZERO }).add((if flags[1] { n[51] } else { QM31::ZERO })).add((if flags[23] { h[34] } else { QM31::ZERO })).add((if flags[24] { h[35] } else { QM31::ZERO })).add((if flags[25] { h[36] } else { QM31::ZERO })).add((if flags[26] { h[37] } else { QM31::ZERO })).add((if flags[27] { h[38] } else { QM31::ZERO })).add((if flags[28] { h[39] } else { QM31::ZERO })).add((if flags[29] { h[40] } else { QM31::ZERO })).add((if flags[30] { h[41] } else { QM31::ZERO })).add((if flags[31] { h[42] } else { QM31::ZERO })).add((if flags[32] { h[43] } else { QM31::ZERO })).add((if flags[33] { h[44] } else { QM31::ZERO })).add((if flags[34] { h[45] } else { QM31::ZERO })).add((if flags[35] { h[46] } else { QM31::ZERO })).add((if flags[36] { h[47] } else { QM31::ZERO })).add((if flags[37] { h[48] } else { QM31::ZERO })).add((if flags[38] { h[49] } else { QM31::ZERO })).add(if flags[39] { h[50] } else { QM31::ZERO }).add((if flags[40] { h[51] } else { QM31::ZERO })).add((if flags[41] { h[52] } else { QM31::ZERO })).add((if flags[42] { h[53] } else { QM31::ZERO }));
   |

warning: unnecessary parentheses around method argument
  --> ../../docs/research/v8-no-work-100-20260907/experiments/copy_tag_shared_generated.rs:81:897
   |
81 | ...lags[37] { h[48] } else { QM31::ZERO })).add((if flags[38] { h[49] } else { QM31::ZERO })).add((if flags[39] { h[50] } else { QM31::ZE...
   |                                                 ^                                          ^
   |
help: remove these parentheses
   |
81 -     scratch[45]=(if flags[0] { h[33].add(h[63]).add(n[40].add(n[57])) } else { QM31::ZERO }).add((if flags[1] { n[51] } else { QM31::ZERO })).add((if flags[23] { h[34] } else { QM31::ZERO })).add((if flags[24] { h[35] } else { QM31::ZERO })).add((if flags[25] { h[36] } else { QM31::ZERO })).add((if flags[26] { h[37] } else { QM31::ZERO })).add((if flags[27] { h[38] } else { QM31::ZERO })).add((if flags[28] { h[39] } else { QM31::ZERO })).add((if flags[29] { h[40] } else { QM31::ZERO })).add((if flags[30] { h[41] } else { QM31::ZERO })).add((if flags[31] { h[42] } else { QM31::ZERO })).add((if flags[32] { h[43] } else { QM31::ZERO })).add((if flags[33] { h[44] } else { QM31::ZERO })).add((if flags[34] { h[45] } else { QM31::ZERO })).add((if flags[35] { h[46] } else { QM31::ZERO })).add((if flags[36] { h[47] } else { QM31::ZERO })).add((if flags[37] { h[48] } else { QM31::ZERO })).add((if flags[38] { h[49] } else { QM31::ZERO })).add((if flags[39] { h[50] } else { QM31::ZERO })).add((if flags[40] { h[51] } else { QM31::ZERO })).add((if flags[41] { h[52] } else { QM31::ZERO })).add((if flags[42] { h[53] } else { QM31::ZERO }));
81 +     scratch[45]=(if flags[0] { h[33].add(h[63]).add(n[40].add(n[57])) } else { QM31::ZERO }).add((if flags[1] { n[51] } else { QM31::ZERO })).add((if flags[23] { h[34] } else { QM31::ZERO })).add((if flags[24] { h[35] } else { QM31::ZERO })).add((if flags[25] { h[36] } else { QM31::ZERO })).add((if flags[26] { h[37] } else { QM31::ZERO })).add((if flags[27] { h[38] } else { QM31::ZERO })).add((if flags[28] { h[39] } else { QM31::ZERO })).add((if flags[29] { h[40] } else { QM31::ZERO })).add((if flags[30] { h[41] } else { QM31::ZERO })).add((if flags[31] { h[42] } else { QM31::ZERO })).add((if flags[32] { h[43] } else { QM31::ZERO })).add((if flags[33] { h[44] } else { QM31::ZERO })).add((if flags[34] { h[45] } else { QM31::ZERO })).add((if flags[35] { h[46] } else { QM31::ZERO })).add((if flags[36] { h[47] } else { QM31::ZERO })).add((if flags[37] { h[48] } else { QM31::ZERO })).add(if flags[38] { h[49] } else { QM31::ZERO }).add((if flags[39] { h[50] } else { QM31::ZERO })).add((if flags[40] { h[51] } else { QM31::ZERO })).add((if flags[41] { h[52] } else { QM31::ZERO })).add((if flags[42] { h[53] } else { QM31::ZERO }));
   |

warning: unnecessary parentheses around method argument
  --> ../../docs/research/v8-no-work-100-20260907/experiments/copy_tag_shared_generated.rs:81:847
   |
81 | ...lags[36] { h[47] } else { QM31::ZERO })).add((if flags[37] { h[48] } else { QM31::ZERO })).add((if flags[38] { h[49] } else { QM31::ZE...
   |                                                 ^                                          ^
   |
help: remove these parentheses
   |
81 -     scratch[45]=(if flags[0] { h[33].add(h[63]).add(n[40].add(n[57])) } else { QM31::ZERO }).add((if flags[1] { n[51] } else { QM31::ZERO })).add((if flags[23] { h[34] } else { QM31::ZERO })).add((if flags[24] { h[35] } else { QM31::ZERO })).add((if flags[25] { h[36] } else { QM31::ZERO })).add((if flags[26] { h[37] } else { QM31::ZERO })).add((if flags[27] { h[38] } else { QM31::ZERO })).add((if flags[28] { h[39] } else { QM31::ZERO })).add((if flags[29] { h[40] } else { QM31::ZERO })).add((if flags[30] { h[41] } else { QM31::ZERO })).add((if flags[31] { h[42] } else { QM31::ZERO })).add((if flags[32] { h[43] } else { QM31::ZERO })).add((if flags[33] { h[44] } else { QM31::ZERO })).add((if flags[34] { h[45] } else { QM31::ZERO })).add((if flags[35] { h[46] } else { QM31::ZERO })).add((if flags[36] { h[47] } else { QM31::ZERO })).add((if flags[37] { h[48] } else { QM31::ZERO })).add((if flags[38] { h[49] } else { QM31::ZERO })).add((if flags[39] { h[50] } else { QM31::ZERO })).add((if flags[40] { h[51] } else { QM31::ZERO })).add((if flags[41] { h[52] } else { QM31::ZERO })).add((if flags[42] { h[53] } else { QM31::ZERO }));
81 +     scratch[45]=(if flags[0] { h[33].add(h[63]).add(n[40].add(n[57])) } else { QM31::ZERO }).add((if flags[1] { n[51] } else { QM31::ZERO })).add((if flags[23] { h[34] } else { QM31::ZERO })).add((if flags[24] { h[35] } else { QM31::ZERO })).add((if flags[25] { h[36] } else { QM31::ZERO })).add((if flags[26] { h[37] } else { QM31::ZERO })).add((if flags[27] { h[38] } else { QM31::ZERO })).add((if flags[28] { h[39] } else { QM31::ZERO })).add((if flags[29] { h[40] } else { QM31::ZERO })).add((if flags[30] { h[41] } else { QM31::ZERO })).add((if flags[31] { h[42] } else { QM31::ZERO })).add((if flags[32] { h[43] } else { QM31::ZERO })).add((if flags[33] { h[44] } else { QM31::ZERO })).add((if flags[34] { h[45] } else { QM31::ZERO })).add((if flags[35] { h[46] } else { QM31::ZERO })).add((if flags[36] { h[47] } else { QM31::ZERO })).add(if flags[37] { h[48] } else { QM31::ZERO }).add((if flags[38] { h[49] } else { QM31::ZERO })).add((if flags[39] { h[50] } else { QM31::ZERO })).add((if flags[40] { h[51] } else { QM31::ZERO })).add((if flags[41] { h[52] } else { QM31::ZERO })).add((if flags[42] { h[53] } else { QM31::ZERO }));
   |

warning: unnecessary parentheses around method argument
  --> ../../docs/research/v8-no-work-100-20260907/experiments/copy_tag_shared_generated.rs:81:797
   |
81 | ...lags[35] { h[46] } else { QM31::ZERO })).add((if flags[36] { h[47] } else { QM31::ZERO })).add((if flags[37] { h[48] } else { QM31::ZE...
   |                                                 ^                                          ^
   |
help: remove these parentheses
   |
81 -     scratch[45]=(if flags[0] { h[33].add(h[63]).add(n[40].add(n[57])) } else { QM31::ZERO }).add((if flags[1] { n[51] } else { QM31::ZERO })).add((if flags[23] { h[34] } else { QM31::ZERO })).add((if flags[24] { h[35] } else { QM31::ZERO })).add((if flags[25] { h[36] } else { QM31::ZERO })).add((if flags[26] { h[37] } else { QM31::ZERO })).add((if flags[27] { h[38] } else { QM31::ZERO })).add((if flags[28] { h[39] } else { QM31::ZERO })).add((if flags[29] { h[40] } else { QM31::ZERO })).add((if flags[30] { h[41] } else { QM31::ZERO })).add((if flags[31] { h[42] } else { QM31::ZERO })).add((if flags[32] { h[43] } else { QM31::ZERO })).add((if flags[33] { h[44] } else { QM31::ZERO })).add((if flags[34] { h[45] } else { QM31::ZERO })).add((if flags[35] { h[46] } else { QM31::ZERO })).add((if flags[36] { h[47] } else { QM31::ZERO })).add((if flags[37] { h[48] } else { QM31::ZERO })).add((if flags[38] { h[49] } else { QM31::ZERO })).add((if flags[39] { h[50] } else { QM31::ZERO })).add((if flags[40] { h[51] } else { QM31::ZERO })).add((if flags[41] { h[52] } else { QM31::ZERO })).add((if flags[42] { h[53] } else { QM31::ZERO }));
81 +     scratch[45]=(if flags[0] { h[33].add(h[63]).add(n[40].add(n[57])) } else { QM31::ZERO }).add((if flags[1] { n[51] } else { QM31::ZERO })).add((if flags[23] { h[34] } else { QM31::ZERO })).add((if flags[24] { h[35] } else { QM31::ZERO })).add((if flags[25] { h[36] } else { QM31::ZERO })).add((if flags[26] { h[37] } else { QM31::ZERO })).add((if flags[27] { h[38] } else { QM31::ZERO })).add((if flags[28] { h[39] } else { QM31::ZERO })).add((if flags[29] { h[40] } else { QM31::ZERO })).add((if flags[30] { h[41] } else { QM31::ZERO })).add((if flags[31] { h[42] } else { QM31::ZERO })).add((if flags[32] { h[43] } else { QM31::ZERO })).add((if flags[33] { h[44] } else { QM31::ZERO })).add((if flags[34] { h[45] } else { QM31::ZERO })).add((if flags[35] { h[46] } else { QM31::ZERO })).add(if flags[36] { h[47] } else { QM31::ZERO }).add((if flags[37] { h[48] } else { QM31::ZERO })).add((if flags[38] { h[49] } else { QM31::ZERO })).add((if flags[39] { h[50] } else { QM31::ZERO })).add((if flags[40] { h[51] } else { QM31::ZERO })).add((if flags[41] { h[52] } else { QM31::ZERO })).add((if flags[42] { h[53] } else { QM31::ZERO }));
   |

warning: unnecessary parentheses around method argument
  --> ../../docs/research/v8-no-work-100-20260907/experiments/copy_tag_shared_generated.rs:81:747
   |
81 | ...lags[34] { h[45] } else { QM31::ZERO })).add((if flags[35] { h[46] } else { QM31::ZERO })).add((if flags[36] { h[47] } else { QM31::ZE...
   |                                                 ^                                          ^
   |
help: remove these parentheses
   |
81 -     scratch[45]=(if flags[0] { h[33].add(h[63]).add(n[40].add(n[57])) } else { QM31::ZERO }).add((if flags[1] { n[51] } else { QM31::ZERO })).add((if flags[23] { h[34] } else { QM31::ZERO })).add((if flags[24] { h[35] } else { QM31::ZERO })).add((if flags[25] { h[36] } else { QM31::ZERO })).add((if flags[26] { h[37] } else { QM31::ZERO })).add((if flags[27] { h[38] } else { QM31::ZERO })).add((if flags[28] { h[39] } else { QM31::ZERO })).add((if flags[29] { h[40] } else { QM31::ZERO })).add((if flags[30] { h[41] } else { QM31::ZERO })).add((if flags[31] { h[42] } else { QM31::ZERO })).add((if flags[32] { h[43] } else { QM31::ZERO })).add((if flags[33] { h[44] } else { QM31::ZERO })).add((if flags[34] { h[45] } else { QM31::ZERO })).add((if flags[35] { h[46] } else { QM31::ZERO })).add((if flags[36] { h[47] } else { QM31::ZERO })).add((if flags[37] { h[48] } else { QM31::ZERO })).add((if flags[38] { h[49] } else { QM31::ZERO })).add((if flags[39] { h[50] } else { QM31::ZERO })).add((if flags[40] { h[51] } else { QM31::ZERO })).add((if flags[41] { h[52] } else { QM31::ZERO })).add((if flags[42] { h[53] } else { QM31::ZERO }));
81 +     scratch[45]=(if flags[0] { h[33].add(h[63]).add(n[40].add(n[57])) } else { QM31::ZERO }).add((if flags[1] { n[51] } else { QM31::ZERO })).add((if flags[23] { h[34] } else { QM31::ZERO })).add((if flags[24] { h[35] } else { QM31::ZERO })).add((if flags[25] { h[36] } else { QM31::ZERO })).add((if flags[26] { h[37] } else { QM31::ZERO })).add((if flags[27] { h[38] } else { QM31::ZERO })).add((if flags[28] { h[39] } else { QM31::ZERO })).add((if flags[29] { h[40] } else { QM31::ZERO })).add((if flags[30] { h[41] } else { QM31::ZERO })).add((if flags[31] { h[42] } else { QM31::ZERO })).add((if flags[32] { h[43] } else { QM31::ZERO })).add((if flags[33] { h[44] } else { QM31::ZERO })).add((if flags[34] { h[45] } else { QM31::ZERO })).add(if flags[35] { h[46] } else { QM31::ZERO }).add((if flags[36] { h[47] } else { QM31::ZERO })).add((if flags[37] { h[48] } else { QM31::ZERO })).add((if flags[38] { h[49] } else { QM31::ZERO })).add((if flags[39] { h[50] } else { QM31::ZERO })).add((if flags[40] { h[51] } else { QM31::ZERO })).add((if flags[41] { h[52] } else { QM31::ZERO })).add((if flags[42] { h[53] } else { QM31::ZERO }));
   |

warning: unnecessary parentheses around method argument
  --> ../../docs/research/v8-no-work-100-20260907/experiments/copy_tag_shared_generated.rs:81:697
   |
81 | ...lags[33] { h[44] } else { QM31::ZERO })).add((if flags[34] { h[45] } else { QM31::ZERO })).add((if flags[35] { h[46] } else { QM31::ZE...
   |                                                 ^                                          ^
   |
help: remove these parentheses
   |
81 -     scratch[45]=(if flags[0] { h[33].add(h[63]).add(n[40].add(n[57])) } else { QM31::ZERO }).add((if flags[1] { n[51] } else { QM31::ZERO })).add((if flags[23] { h[34] } else { QM31::ZERO })).add((if flags[24] { h[35] } else { QM31::ZERO })).add((if flags[25] { h[36] } else { QM31::ZERO })).add((if flags[26] { h[37] } else { QM31::ZERO })).add((if flags[27] { h[38] } else { QM31::ZERO })).add((if flags[28] { h[39] } else { QM31::ZERO })).add((if flags[29] { h[40] } else { QM31::ZERO })).add((if flags[30] { h[41] } else { QM31::ZERO })).add((if flags[31] { h[42] } else { QM31::ZERO })).add((if flags[32] { h[43] } else { QM31::ZERO })).add((if flags[33] { h[44] } else { QM31::ZERO })).add((if flags[34] { h[45] } else { QM31::ZERO })).add((if flags[35] { h[46] } else { QM31::ZERO })).add((if flags[36] { h[47] } else { QM31::ZERO })).add((if flags[37] { h[48] } else { QM31::ZERO })).add((if flags[38] { h[49] } else { QM31::ZERO })).add((if flags[39] { h[50] } else { QM31::ZERO })).add((if flags[40] { h[51] } else { QM31::ZERO })).add((if flags[41] { h[52] } else { QM31::ZERO })).add((if flags[42] { h[53] } else { QM31::ZERO }));
81 +     scratch[45]=(if flags[0] { h[33].add(h[63]).add(n[40].add(n[57])) } else { QM31::ZERO }).add((if flags[1] { n[51] } else { QM31::ZERO })).add((if flags[23] { h[34] } else { QM31::ZERO })).add((if flags[24] { h[35] } else { QM31::ZERO })).add((if flags[25] { h[36] } else { QM31::ZERO })).add((if flags[26] { h[37] } else { QM31::ZERO })).add((if flags[27] { h[38] } else { QM31::ZERO })).add((if flags[28] { h[39] } else { QM31::ZERO })).add((if flags[29] { h[40] } else { QM31::ZERO })).add((if flags[30] { h[41] } else { QM31::ZERO })).add((if flags[31] { h[42] } else { QM31::ZERO })).add((if flags[32] { h[43] } else { QM31::ZERO })).add((if flags[33] { h[44] } else { QM31::ZERO })).add(if flags[34] { h[45] } else { QM31::ZERO }).add((if flags[35] { h[46] } else { QM31::ZERO })).add((if flags[36] { h[47] } else { QM31::ZERO })).add((if flags[37] { h[48] } else { QM31::ZERO })).add((if flags[38] { h[49] } else { QM31::ZERO })).add((if flags[39] { h[50] } else { QM31::ZERO })).add((if flags[40] { h[51] } else { QM31::ZERO })).add((if flags[41] { h[52] } else { QM31::ZERO })).add((if flags[42] { h[53] } else { QM31::ZERO }));
   |

warning: unnecessary parentheses around method argument
  --> ../../docs/research/v8-no-work-100-20260907/experiments/copy_tag_shared_generated.rs:81:647
   |
81 | ...lags[32] { h[43] } else { QM31::ZERO })).add((if flags[33] { h[44] } else { QM31::ZERO })).add((if flags[34] { h[45] } else { QM31::ZE...
   |                                                 ^                                          ^
   |
help: remove these parentheses
   |
81 -     scratch[45]=(if flags[0] { h[33].add(h[63]).add(n[40].add(n[57])) } else { QM31::ZERO }).add((if flags[1] { n[51] } else { QM31::ZERO })).add((if flags[23] { h[34] } else { QM31::ZERO })).add((if flags[24] { h[35] } else { QM31::ZERO })).add((if flags[25] { h[36] } else { QM31::ZERO })).add((if flags[26] { h[37] } else { QM31::ZERO })).add((if flags[27] { h[38] } else { QM31::ZERO })).add((if flags[28] { h[39] } else { QM31::ZERO })).add((if flags[29] { h[40] } else { QM31::ZERO })).add((if flags[30] { h[41] } else { QM31::ZERO })).add((if flags[31] { h[42] } else { QM31::ZERO })).add((if flags[32] { h[43] } else { QM31::ZERO })).add((if flags[33] { h[44] } else { QM31::ZERO })).add((if flags[34] { h[45] } else { QM31::ZERO })).add((if flags[35] { h[46] } else { QM31::ZERO })).add((if flags[36] { h[47] } else { QM31::ZERO })).add((if flags[37] { h[48] } else { QM31::ZERO })).add((if flags[38] { h[49] } else { QM31::ZERO })).add((if flags[39] { h[50] } else { QM31::ZERO })).add((if flags[40] { h[51] } else { QM31::ZERO })).add((if flags[41] { h[52] } else { QM31::ZERO })).add((if flags[42] { h[53] } else { QM31::ZERO }));
81 +     scratch[45]=(if flags[0] { h[33].add(h[63]).add(n[40].add(n[57])) } else { QM31::ZERO }).add((if flags[1] { n[51] } else { QM31::ZERO })).add((if flags[23] { h[34] } else { QM31::ZERO })).add((if flags[24] { h[35] } else { QM31::ZERO })).add((if flags[25] { h[36] } else { QM31::ZERO })).add((if flags[26] { h[37] } else { QM31::ZERO })).add((if flags[27] { h[38] } else { QM31::ZERO })).add((if flags[28] { h[39] } else { QM31::ZERO })).add((if flags[29] { h[40] } else { QM31::ZERO })).add((if flags[30] { h[41] } else { QM31::ZERO })).add((if flags[31] { h[42] } else { QM31::ZERO })).add((if flags[32] { h[43] } else { QM31::ZERO })).add(if flags[33] { h[44] } else { QM31::ZERO }).add((if flags[34] { h[45] } else { QM31::ZERO })).add((if flags[35] { h[46] } else { QM31::ZERO })).add((if flags[36] { h[47] } else { QM31::ZERO })).add((if flags[37] { h[48] } else { QM31::ZERO })).add((if flags[38] { h[49] } else { QM31::ZERO })).add((if flags[39] { h[50] } else { QM31::ZERO })).add((if flags[40] { h[51] } else { QM31::ZERO })).add((if flags[41] { h[52] } else { QM31::ZERO })).add((if flags[42] { h[53] } else { QM31::ZERO }));
   |

warning: unnecessary parentheses around method argument
  --> ../../docs/research/v8-no-work-100-20260907/experiments/copy_tag_shared_generated.rs:81:597
   |
81 | ...lags[31] { h[42] } else { QM31::ZERO })).add((if flags[32] { h[43] } else { QM31::ZERO })).add((if flags[33] { h[44] } else { QM31::ZE...
   |                                                 ^                                          ^
   |
help: remove these parentheses
   |
81 -     scratch[45]=(if flags[0] { h[33].add(h[63]).add(n[40].add(n[57])) } else { QM31::ZERO }).add((if flags[1] { n[51] } else { QM31::ZERO })).add((if flags[23] { h[34] } else { QM31::ZERO })).add((if flags[24] { h[35] } else { QM31::ZERO })).add((if flags[25] { h[36] } else { QM31::ZERO })).add((if flags[26] { h[37] } else { QM31::ZERO })).add((if flags[27] { h[38] } else { QM31::ZERO })).add((if flags[28] { h[39] } else { QM31::ZERO })).add((if flags[29] { h[40] } else { QM31::ZERO })).add((if flags[30] { h[41] } else { QM31::ZERO })).add((if flags[31] { h[42] } else { QM31::ZERO })).add((if flags[32] { h[43] } else { QM31::ZERO })).add((if flags[33] { h[44] } else { QM31::ZERO })).add((if flags[34] { h[45] } else { QM31::ZERO })).add((if flags[35] { h[46] } else { QM31::ZERO })).add((if flags[36] { h[47] } else { QM31::ZERO })).add((if flags[37] { h[48] } else { QM31::ZERO })).add((if flags[38] { h[49] } else { QM31::ZERO })).add((if flags[39] { h[50] } else { QM31::ZERO })).add((if flags[40] { h[51] } else { QM31::ZERO })).add((if flags[41] { h[52] } else { QM31::ZERO })).add((if flags[42] { h[53] } else { QM31::ZERO }));
81 +     scratch[45]=(if flags[0] { h[33].add(h[63]).add(n[40].add(n[57])) } else { QM31::ZERO }).add((if flags[1] { n[51] } else { QM31::ZERO })).add((if flags[23] { h[34] } else { QM31::ZERO })).add((if flags[24] { h[35] } else { QM31::ZERO })).add((if flags[25] { h[36] } else { QM31::ZERO })).add((if flags[26] { h[37] } else { QM31::ZERO })).add((if flags[27] { h[38] } else { QM31::ZERO })).add((if flags[28] { h[39] } else { QM31::ZERO })).add((if flags[29] { h[40] } else { QM31::ZERO })).add((if flags[30] { h[41] } else { QM31::ZERO })).add((if flags[31] { h[42] } else { QM31::ZERO })).add(if flags[32] { h[43] } else { QM31::ZERO }).add((if flags[33] { h[44] } else { QM31::ZERO })).add((if flags[34] { h[45] } else { QM31::ZERO })).add((if flags[35] { h[46] } else { QM31::ZERO })).add((if flags[36] { h[47] } else { QM31::ZERO })).add((if flags[37] { h[48] } else { QM31::ZERO })).add((if flags[38] { h[49] } else { QM31::ZERO })).add((if flags[39] { h[50] } else { QM31::ZERO })).add((if flags[40] { h[51] } else { QM31::ZERO })).add((if flags[41] { h[52] } else { QM31::ZERO })).add((if flags[42] { h[53] } else { QM31::ZERO }));
   |

warning: unnecessary parentheses around method argument
  --> ../../docs/research/v8-no-work-100-20260907/experiments/copy_tag_shared_generated.rs:81:547
   |
81 | ...lags[30] { h[41] } else { QM31::ZERO })).add((if flags[31] { h[42] } else { QM31::ZERO })).add((if flags[32] { h[43] } else { QM31::ZE...
   |                                                 ^                                          ^
   |
help: remove these parentheses
   |
81 -     scratch[45]=(if flags[0] { h[33].add(h[63]).add(n[40].add(n[57])) } else { QM31::ZERO }).add((if flags[1] { n[51] } else { QM31::ZERO })).add((if flags[23] { h[34] } else { QM31::ZERO })).add((if flags[24] { h[35] } else { QM31::ZERO })).add((if flags[25] { h[36] } else { QM31::ZERO })).add((if flags[26] { h[37] } else { QM31::ZERO })).add((if flags[27] { h[38] } else { QM31::ZERO })).add((if flags[28] { h[39] } else { QM31::ZERO })).add((if flags[29] { h[40] } else { QM31::ZERO })).add((if flags[30] { h[41] } else { QM31::ZERO })).add((if flags[31] { h[42] } else { QM31::ZERO })).add((if flags[32] { h[43] } else { QM31::ZERO })).add((if flags[33] { h[44] } else { QM31::ZERO })).add((if flags[34] { h[45] } else { QM31::ZERO })).add((if flags[35] { h[46] } else { QM31::ZERO })).add((if flags[36] { h[47] } else { QM31::ZERO })).add((if flags[37] { h[48] } else { QM31::ZERO })).add((if flags[38] { h[49] } else { QM31::ZERO })).add((if flags[39] { h[50] } else { QM31::ZERO })).add((if flags[40] { h[51] } else { QM31::ZERO })).add((if flags[41] { h[52] } else { QM31::ZERO })).add((if flags[42] { h[53] } else { QM31::ZERO }));
81 +     scratch[45]=(if flags[0] { h[33].add(h[63]).add(n[40].add(n[57])) } else { QM31::ZERO }).add((if flags[1] { n[51] } else { QM31::ZERO })).add((if flags[23] { h[34] } else { QM31::ZERO })).add((if flags[24] { h[35] } else { QM31::ZERO })).add((if flags[25] { h[36] } else { QM31::ZERO })).add((if flags[26] { h[37] } else { QM31::ZERO })).add((if flags[27] { h[38] } else { QM31::ZERO })).add((if flags[28] { h[39] } else { QM31::ZERO })).add((if flags[29] { h[40] } else { QM31::ZERO })).add((if flags[30] { h[41] } else { QM31::ZERO })).add(if flags[31] { h[42] } else { QM31::ZERO }).add((if flags[32] { h[43] } else { QM31::ZERO })).add((if flags[33] { h[44] } else { QM31::ZERO })).add((if flags[34] { h[45] } else { QM31::ZERO })).add((if flags[35] { h[46] } else { QM31::ZERO })).add((if flags[36] { h[47] } else { QM31::ZERO })).add((if flags[37] { h[48] } else { QM31::ZERO })).add((if flags[38] { h[49] } else { QM31::ZERO })).add((if flags[39] { h[50] } else { QM31::ZERO })).add((if flags[40] { h[51] } else { QM31::ZERO })).add((if flags[41] { h[52] } else { QM31::ZERO })).add((if flags[42] { h[53] } else { QM31::ZERO }));
   |

warning: unnecessary parentheses around method argument
  --> ../../docs/research/v8-no-work-100-20260907/experiments/copy_tag_shared_generated.rs:81:497
   |
81 | ...lags[29] { h[40] } else { QM31::ZERO })).add((if flags[30] { h[41] } else { QM31::ZERO })).add((if flags[31] { h[42] } else { QM31::ZE...
   |                                                 ^                                          ^
   |
help: remove these parentheses
   |
81 -     scratch[45]=(if flags[0] { h[33].add(h[63]).add(n[40].add(n[57])) } else { QM31::ZERO }).add((if flags[1] { n[51] } else { QM31::ZERO })).add((if flags[23] { h[34] } else { QM31::ZERO })).add((if flags[24] { h[35] } else { QM31::ZERO })).add((if flags[25] { h[36] } else { QM31::ZERO })).add((if flags[26] { h[37] } else { QM31::ZERO })).add((if flags[27] { h[38] } else { QM31::ZERO })).add((if flags[28] { h[39] } else { QM31::ZERO })).add((if flags[29] { h[40] } else { QM31::ZERO })).add((if flags[30] { h[41] } else { QM31::ZERO })).add((if flags[31] { h[42] } else { QM31::ZERO })).add((if flags[32] { h[43] } else { QM31::ZERO })).add((if flags[33] { h[44] } else { QM31::ZERO })).add((if flags[34] { h[45] } else { QM31::ZERO })).add((if flags[35] { h[46] } else { QM31::ZERO })).add((if flags[36] { h[47] } else { QM31::ZERO })).add((if flags[37] { h[48] } else { QM31::ZERO })).add((if flags[38] { h[49] } else { QM31::ZERO })).add((if flags[39] { h[50] } else { QM31::ZERO })).add((if flags[40] { h[51] } else { QM31::ZERO })).add((if flags[41] { h[52] } else { QM31::ZERO })).add((if flags[42] { h[53] } else { QM31::ZERO }));
81 +     scratch[45]=(if flags[0] { h[33].add(h[63]).add(n[40].add(n[57])) } else { QM31::ZERO }).add((if flags[1] { n[51] } else { QM31::ZERO })).add((if flags[23] { h[34] } else { QM31::ZERO })).add((if flags[24] { h[35] } else { QM31::ZERO })).add((if flags[25] { h[36] } else { QM31::ZERO })).add((if flags[26] { h[37] } else { QM31::ZERO })).add((if flags[27] { h[38] } else { QM31::ZERO })).add((if flags[28] { h[39] } else { QM31::ZERO })).add((if flags[29] { h[40] } else { QM31::ZERO })).add(if flags[30] { h[41] } else { QM31::ZERO }).add((if flags[31] { h[42] } else { QM31::ZERO })).add((if flags[32] { h[43] } else { QM31::ZERO })).add((if flags[33] { h[44] } else { QM31::ZERO })).add((if flags[34] { h[45] } else { QM31::ZERO })).add((if flags[35] { h[46] } else { QM31::ZERO })).add((if flags[36] { h[47] } else { QM31::ZERO })).add((if flags[37] { h[48] } else { QM31::ZERO })).add((if flags[38] { h[49] } else { QM31::ZERO })).add((if flags[39] { h[50] } else { QM31::ZERO })).add((if flags[40] { h[51] } else { QM31::ZERO })).add((if flags[41] { h[52] } else { QM31::ZERO })).add((if flags[42] { h[53] } else { QM31::ZERO }));
   |

warning: unnecessary parentheses around method argument
  --> ../../docs/research/v8-no-work-100-20260907/experiments/copy_tag_shared_generated.rs:81:447
   |
81 | ...lags[28] { h[39] } else { QM31::ZERO })).add((if flags[29] { h[40] } else { QM31::ZERO })).add((if flags[30] { h[41] } else { QM31::ZE...
   |                                                 ^                                          ^
   |
help: remove these parentheses
   |
81 -     scratch[45]=(if flags[0] { h[33].add(h[63]).add(n[40].add(n[57])) } else { QM31::ZERO }).add((if flags[1] { n[51] } else { QM31::ZERO })).add((if flags[23] { h[34] } else { QM31::ZERO })).add((if flags[24] { h[35] } else { QM31::ZERO })).add((if flags[25] { h[36] } else { QM31::ZERO })).add((if flags[26] { h[37] } else { QM31::ZERO })).add((if flags[27] { h[38] } else { QM31::ZERO })).add((if flags[28] { h[39] } else { QM31::ZERO })).add((if flags[29] { h[40] } else { QM31::ZERO })).add((if flags[30] { h[41] } else { QM31::ZERO })).add((if flags[31] { h[42] } else { QM31::ZERO })).add((if flags[32] { h[43] } else { QM31::ZERO })).add((if flags[33] { h[44] } else { QM31::ZERO })).add((if flags[34] { h[45] } else { QM31::ZERO })).add((if flags[35] { h[46] } else { QM31::ZERO })).add((if flags[36] { h[47] } else { QM31::ZERO })).add((if flags[37] { h[48] } else { QM31::ZERO })).add((if flags[38] { h[49] } else { QM31::ZERO })).add((if flags[39] { h[50] } else { QM31::ZERO })).add((if flags[40] { h[51] } else { QM31::ZERO })).add((if flags[41] { h[52] } else { QM31::ZERO })).add((if flags[42] { h[53] } else { QM31::ZERO }));
81 +     scratch[45]=(if flags[0] { h[33].add(h[63]).add(n[40].add(n[57])) } else { QM31::ZERO }).add((if flags[1] { n[51] } else { QM31::ZERO })).add((if flags[23] { h[34] } else { QM31::ZERO })).add((if flags[24] { h[35] } else { QM31::ZERO })).add((if flags[25] { h[36] } else { QM31::ZERO })).add((if flags[26] { h[37] } else { QM31::ZERO })).add((if flags[27] { h[38] } else { QM31::ZERO })).add((if flags[28] { h[39] } else { QM31::ZERO })).add(if flags[29] { h[40] } else { QM31::ZERO }).add((if flags[30] { h[41] } else { QM31::ZERO })).add((if flags[31] { h[42] } else { QM31::ZERO })).add((if flags[32] { h[43] } else { QM31::ZERO })).add((if flags[33] { h[44] } else { QM31::ZERO })).add((if flags[34] { h[45] } else { QM31::ZERO })).add((if flags[35] { h[46] } else { QM31::ZERO })).add((if flags[36] { h[47] } else { QM31::ZERO })).add((if flags[37] { h[48] } else { QM31::ZERO })).add((if flags[38] { h[49] } else { QM31::ZERO })).add((if flags[39] { h[50] } else { QM31::ZERO })).add((if flags[40] { h[51] } else { QM31::ZERO })).add((if flags[41] { h[52] } else { QM31::ZERO })).add((if flags[42] { h[53] } else { QM31::ZERO }));
   |

warning: unnecessary parentheses around method argument
  --> ../../docs/research/v8-no-work-100-20260907/experiments/copy_tag_shared_generated.rs:81:397
   |
81 | ...lags[27] { h[38] } else { QM31::ZERO })).add((if flags[28] { h[39] } else { QM31::ZERO })).add((if flags[29] { h[40] } else { QM31::ZE...
   |                                                 ^                                          ^
   |
help: remove these parentheses
   |
81 -     scratch[45]=(if flags[0] { h[33].add(h[63]).add(n[40].add(n[57])) } else { QM31::ZERO }).add((if flags[1] { n[51] } else { QM31::ZERO })).add((if flags[23] { h[34] } else { QM31::ZERO })).add((if flags[24] { h[35] } else { QM31::ZERO })).add((if flags[25] { h[36] } else { QM31::ZERO })).add((if flags[26] { h[37] } else { QM31::ZERO })).add((if flags[27] { h[38] } else { QM31::ZERO })).add((if flags[28] { h[39] } else { QM31::ZERO })).add((if flags[29] { h[40] } else { QM31::ZERO })).add((if flags[30] { h[41] } else { QM31::ZERO })).add((if flags[31] { h[42] } else { QM31::ZERO })).add((if flags[32] { h[43] } else { QM31::ZERO })).add((if flags[33] { h[44] } else { QM31::ZERO })).add((if flags[34] { h[45] } else { QM31::ZERO })).add((if flags[35] { h[46] } else { QM31::ZERO })).add((if flags[36] { h[47] } else { QM31::ZERO })).add((if flags[37] { h[48] } else { QM31::ZERO })).add((if flags[38] { h[49] } else { QM31::ZERO })).add((if flags[39] { h[50] } else { QM31::ZERO })).add((if flags[40] { h[51] } else { QM31::ZERO })).add((if flags[41] { h[52] } else { QM31::ZERO })).add((if flags[42] { h[53] } else { QM31::ZERO }));
81 +     scratch[45]=(if flags[0] { h[33].add(h[63]).add(n[40].add(n[57])) } else { QM31::ZERO }).add((if flags[1] { n[51] } else { QM31::ZERO })).add((if flags[23] { h[34] } else { QM31::ZERO })).add((if flags[24] { h[35] } else { QM31::ZERO })).add((if flags[25] { h[36] } else { QM31::ZERO })).add((if flags[26] { h[37] } else { QM31::ZERO })).add((if flags[27] { h[38] } else { QM31::ZERO })).add(if flags[28] { h[39] } else { QM31::ZERO }).add((if flags[29] { h[40] } else { QM31::ZERO })).add((if flags[30] { h[41] } else { QM31::ZERO })).add((if flags[31] { h[42] } else { QM31::ZERO })).add((if flags[32] { h[43] } else { QM31::ZERO })).add((if flags[33] { h[44] } else { QM31::ZERO })).add((if flags[34] { h[45] } else { QM31::ZERO })).add((if flags[35] { h[46] } else { QM31::ZERO })).add((if flags[36] { h[47] } else { QM31::ZERO })).add((if flags[37] { h[48] } else { QM31::ZERO })).add((if flags[38] { h[49] } else { QM31::ZERO })).add((if flags[39] { h[50] } else { QM31::ZERO })).add((if flags[40] { h[51] } else { QM31::ZERO })).add((if flags[41] { h[52] } else { QM31::ZERO })).add((if flags[42] { h[53] } else { QM31::ZERO }));
   |

warning: unnecessary parentheses around method argument
  --> ../../docs/research/v8-no-work-100-20260907/experiments/copy_tag_shared_generated.rs:81:347
   |
81 | ...lags[26] { h[37] } else { QM31::ZERO })).add((if flags[27] { h[38] } else { QM31::ZERO })).add((if flags[28] { h[39] } else { QM31::ZE...
   |                                                 ^                                          ^
   |
help: remove these parentheses
   |
81 -     scratch[45]=(if flags[0] { h[33].add(h[63]).add(n[40].add(n[57])) } else { QM31::ZERO }).add((if flags[1] { n[51] } else { QM31::ZERO })).add((if flags[23] { h[34] } else { QM31::ZERO })).add((if flags[24] { h[35] } else { QM31::ZERO })).add((if flags[25] { h[36] } else { QM31::ZERO })).add((if flags[26] { h[37] } else { QM31::ZERO })).add((if flags[27] { h[38] } else { QM31::ZERO })).add((if flags[28] { h[39] } else { QM31::ZERO })).add((if flags[29] { h[40] } else { QM31::ZERO })).add((if flags[30] { h[41] } else { QM31::ZERO })).add((if flags[31] { h[42] } else { QM31::ZERO })).add((if flags[32] { h[43] } else { QM31::ZERO })).add((if flags[33] { h[44] } else { QM31::ZERO })).add((if flags[34] { h[45] } else { QM31::ZERO })).add((if flags[35] { h[46] } else { QM31::ZERO })).add((if flags[36] { h[47] } else { QM31::ZERO })).add((if flags[37] { h[48] } else { QM31::ZERO })).add((if flags[38] { h[49] } else { QM31::ZERO })).add((if flags[39] { h[50] } else { QM31::ZERO })).add((if flags[40] { h[51] } else { QM31::ZERO })).add((if flags[41] { h[52] } else { QM31::ZERO })).add((if flags[42] { h[53] } else { QM31::ZERO }));
81 +     scratch[45]=(if flags[0] { h[33].add(h[63]).add(n[40].add(n[57])) } else { QM31::ZERO }).add((if flags[1] { n[51] } else { QM31::ZERO })).add((if flags[23] { h[34] } else { QM31::ZERO })).add((if flags[24] { h[35] } else { QM31::ZERO })).add((if flags[25] { h[36] } else { QM31::ZERO })).add((if flags[26] { h[37] } else { QM31::ZERO })).add(if flags[27] { h[38] } else { QM31::ZERO }).add((if flags[28] { h[39] } else { QM31::ZERO })).add((if flags[29] { h[40] } else { QM31::ZERO })).add((if flags[30] { h[41] } else { QM31::ZERO })).add((if flags[31] { h[42] } else { QM31::ZERO })).add((if flags[32] { h[43] } else { QM31::ZERO })).add((if flags[33] { h[44] } else { QM31::ZERO })).add((if flags[34] { h[45] } else { QM31::ZERO })).add((if flags[35] { h[46] } else { QM31::ZERO })).add((if flags[36] { h[47] } else { QM31::ZERO })).add((if flags[37] { h[48] } else { QM31::ZERO })).add((if flags[38] { h[49] } else { QM31::ZERO })).add((if flags[39] { h[50] } else { QM31::ZERO })).add((if flags[40] { h[51] } else { QM31::ZERO })).add((if flags[41] { h[52] } else { QM31::ZERO })).add((if flags[42] { h[53] } else { QM31::ZERO }));
   |

warning: unnecessary parentheses around method argument
  --> ../../docs/research/v8-no-work-100-20260907/experiments/copy_tag_shared_generated.rs:81:297
   |
81 | ...lags[25] { h[36] } else { QM31::ZERO })).add((if flags[26] { h[37] } else { QM31::ZERO })).add((if flags[27] { h[38] } else { QM31::ZE...
   |                                                 ^                                          ^
   |
help: remove these parentheses
   |
81 -     scratch[45]=(if flags[0] { h[33].add(h[63]).add(n[40].add(n[57])) } else { QM31::ZERO }).add((if flags[1] { n[51] } else { QM31::ZERO })).add((if flags[23] { h[34] } else { QM31::ZERO })).add((if flags[24] { h[35] } else { QM31::ZERO })).add((if flags[25] { h[36] } else { QM31::ZERO })).add((if flags[26] { h[37] } else { QM31::ZERO })).add((if flags[27] { h[38] } else { QM31::ZERO })).add((if flags[28] { h[39] } else { QM31::ZERO })).add((if flags[29] { h[40] } else { QM31::ZERO })).add((if flags[30] { h[41] } else { QM31::ZERO })).add((if flags[31] { h[42] } else { QM31::ZERO })).add((if flags[32] { h[43] } else { QM31::ZERO })).add((if flags[33] { h[44] } else { QM31::ZERO })).add((if flags[34] { h[45] } else { QM31::ZERO })).add((if flags[35] { h[46] } else { QM31::ZERO })).add((if flags[36] { h[47] } else { QM31::ZERO })).add((if flags[37] { h[48] } else { QM31::ZERO })).add((if flags[38] { h[49] } else { QM31::ZERO })).add((if flags[39] { h[50] } else { QM31::ZERO })).add((if flags[40] { h[51] } else { QM31::ZERO })).add((if flags[41] { h[52] } else { QM31::ZERO })).add((if flags[42] { h[53] } else { QM31::ZERO }));
81 +     scratch[45]=(if flags[0] { h[33].add(h[63]).add(n[40].add(n[57])) } else { QM31::ZERO }).add((if flags[1] { n[51] } else { QM31::ZERO })).add((if flags[23] { h[34] } else { QM31::ZERO })).add((if flags[24] { h[35] } else { QM31::ZERO })).add((if flags[25] { h[36] } else { QM31::ZERO })).add(if flags[26] { h[37] } else { QM31::ZERO }).add((if flags[27] { h[38] } else { QM31::ZERO })).add((if flags[28] { h[39] } else { QM31::ZERO })).add((if flags[29] { h[40] } else { QM31::ZERO })).add((if flags[30] { h[41] } else { QM31::ZERO })).add((if flags[31] { h[42] } else { QM31::ZERO })).add((if flags[32] { h[43] } else { QM31::ZERO })).add((if flags[33] { h[44] } else { QM31::ZERO })).add((if flags[34] { h[45] } else { QM31::ZERO })).add((if flags[35] { h[46] } else { QM31::ZERO })).add((if flags[36] { h[47] } else { QM31::ZERO })).add((if flags[37] { h[48] } else { QM31::ZERO })).add((if flags[38] { h[49] } else { QM31::ZERO })).add((if flags[39] { h[50] } else { QM31::ZERO })).add((if flags[40] { h[51] } else { QM31::ZERO })).add((if flags[41] { h[52] } else { QM31::ZERO })).add((if flags[42] { h[53] } else { QM31::ZERO }));
   |

warning: unnecessary parentheses around method argument
  --> ../../docs/research/v8-no-work-100-20260907/experiments/copy_tag_shared_generated.rs:81:247
   |
81 | ...lags[24] { h[35] } else { QM31::ZERO })).add((if flags[25] { h[36] } else { QM31::ZERO })).add((if flags[26] { h[37] } else { QM31::ZE...
   |                                                 ^                                          ^
   |
help: remove these parentheses
   |
81 -     scratch[45]=(if flags[0] { h[33].add(h[63]).add(n[40].add(n[57])) } else { QM31::ZERO }).add((if flags[1] { n[51] } else { QM31::ZERO })).add((if flags[23] { h[34] } else { QM31::ZERO })).add((if flags[24] { h[35] } else { QM31::ZERO })).add((if flags[25] { h[36] } else { QM31::ZERO })).add((if flags[26] { h[37] } else { QM31::ZERO })).add((if flags[27] { h[38] } else { QM31::ZERO })).add((if flags[28] { h[39] } else { QM31::ZERO })).add((if flags[29] { h[40] } else { QM31::ZERO })).add((if flags[30] { h[41] } else { QM31::ZERO })).add((if flags[31] { h[42] } else { QM31::ZERO })).add((if flags[32] { h[43] } else { QM31::ZERO })).add((if flags[33] { h[44] } else { QM31::ZERO })).add((if flags[34] { h[45] } else { QM31::ZERO })).add((if flags[35] { h[46] } else { QM31::ZERO })).add((if flags[36] { h[47] } else { QM31::ZERO })).add((if flags[37] { h[48] } else { QM31::ZERO })).add((if flags[38] { h[49] } else { QM31::ZERO })).add((if flags[39] { h[50] } else { QM31::ZERO })).add((if flags[40] { h[51] } else { QM31::ZERO })).add((if flags[41] { h[52] } else { QM31::ZERO })).add((if flags[42] { h[53] } else { QM31::ZERO }));
81 +     scratch[45]=(if flags[0] { h[33].add(h[63]).add(n[40].add(n[57])) } else { QM31::ZERO }).add((if flags[1] { n[51] } else { QM31::ZERO })).add((if flags[23] { h[34] } else { QM31::ZERO })).add((if flags[24] { h[35] } else { QM31::ZERO })).add(if flags[25] { h[36] } else { QM31::ZERO }).add((if flags[26] { h[37] } else { QM31::ZERO })).add((if flags[27] { h[38] } else { QM31::ZERO })).add((if flags[28] { h[39] } else { QM31::ZERO })).add((if flags[29] { h[40] } else { QM31::ZERO })).add((if flags[30] { h[41] } else { QM31::ZERO })).add((if flags[31] { h[42] } else { QM31::ZERO })).add((if flags[32] { h[43] } else { QM31::ZERO })).add((if flags[33] { h[44] } else { QM31::ZERO })).add((if flags[34] { h[45] } else { QM31::ZERO })).add((if flags[35] { h[46] } else { QM31::ZERO })).add((if flags[36] { h[47] } else { QM31::ZERO })).add((if flags[37] { h[48] } else { QM31::ZERO })).add((if flags[38] { h[49] } else { QM31::ZERO })).add((if flags[39] { h[50] } else { QM31::ZERO })).add((if flags[40] { h[51] } else { QM31::ZERO })).add((if flags[41] { h[52] } else { QM31::ZERO })).add((if flags[42] { h[53] } else { QM31::ZERO }));
   |

warning: unnecessary parentheses around method argument
  --> ../../docs/research/v8-no-work-100-20260907/experiments/copy_tag_shared_generated.rs:81:197
   |
81 | ...lags[23] { h[34] } else { QM31::ZERO })).add((if flags[24] { h[35] } else { QM31::ZERO })).add((if flags[25] { h[36] } else { QM31::ZE...
   |                                                 ^                                          ^
   |
help: remove these parentheses
   |
81 -     scratch[45]=(if flags[0] { h[33].add(h[63]).add(n[40].add(n[57])) } else { QM31::ZERO }).add((if flags[1] { n[51] } else { QM31::ZERO })).add((if flags[23] { h[34] } else { QM31::ZERO })).add((if flags[24] { h[35] } else { QM31::ZERO })).add((if flags[25] { h[36] } else { QM31::ZERO })).add((if flags[26] { h[37] } else { QM31::ZERO })).add((if flags[27] { h[38] } else { QM31::ZERO })).add((if flags[28] { h[39] } else { QM31::ZERO })).add((if flags[29] { h[40] } else { QM31::ZERO })).add((if flags[30] { h[41] } else { QM31::ZERO })).add((if flags[31] { h[42] } else { QM31::ZERO })).add((if flags[32] { h[43] } else { QM31::ZERO })).add((if flags[33] { h[44] } else { QM31::ZERO })).add((if flags[34] { h[45] } else { QM31::ZERO })).add((if flags[35] { h[46] } else { QM31::ZERO })).add((if flags[36] { h[47] } else { QM31::ZERO })).add((if flags[37] { h[48] } else { QM31::ZERO })).add((if flags[38] { h[49] } else { QM31::ZERO })).add((if flags[39] { h[50] } else { QM31::ZERO })).add((if flags[40] { h[51] } else { QM31::ZERO })).add((if flags[41] { h[52] } else { QM31::ZERO })).add((if flags[42] { h[53] } else { QM31::ZERO }));
81 +     scratch[45]=(if flags[0] { h[33].add(h[63]).add(n[40].add(n[57])) } else { QM31::ZERO }).add((if flags[1] { n[51] } else { QM31::ZERO })).add((if flags[23] { h[34] } else { QM31::ZERO })).add(if flags[24] { h[35] } else { QM31::ZERO }).add((if flags[25] { h[36] } else { QM31::ZERO })).add((if flags[26] { h[37] } else { QM31::ZERO })).add((if flags[27] { h[38] } else { QM31::ZERO })).add((if flags[28] { h[39] } else { QM31::ZERO })).add((if flags[29] { h[40] } else { QM31::ZERO })).add((if flags[30] { h[41] } else { QM31::ZERO })).add((if flags[31] { h[42] } else { QM31::ZERO })).add((if flags[32] { h[43] } else { QM31::ZERO })).add((if flags[33] { h[44] } else { QM31::ZERO })).add((if flags[34] { h[45] } else { QM31::ZERO })).add((if flags[35] { h[46] } else { QM31::ZERO })).add((if flags[36] { h[47] } else { QM31::ZERO })).add((if flags[37] { h[48] } else { QM31::ZERO })).add((if flags[38] { h[49] } else { QM31::ZERO })).add((if flags[39] { h[50] } else { QM31::ZERO })).add((if flags[40] { h[51] } else { QM31::ZERO })).add((if flags[41] { h[52] } else { QM31::ZERO })).add((if flags[42] { h[53] } else { QM31::ZERO }));
   |

warning: unnecessary parentheses around method argument
  --> ../../docs/research/v8-no-work-100-20260907/experiments/copy_tag_shared_generated.rs:81:147
   |
81 | ...flags[1] { n[51] } else { QM31::ZERO })).add((if flags[23] { h[34] } else { QM31::ZERO })).add((if flags[24] { h[35] } else { QM31::ZE...
   |                                                 ^                                          ^
   |
help: remove these parentheses
   |
81 -     scratch[45]=(if flags[0] { h[33].add(h[63]).add(n[40].add(n[57])) } else { QM31::ZERO }).add((if flags[1] { n[51] } else { QM31::ZERO })).add((if flags[23] { h[34] } else { QM31::ZERO })).add((if flags[24] { h[35] } else { QM31::ZERO })).add((if flags[25] { h[36] } else { QM31::ZERO })).add((if flags[26] { h[37] } else { QM31::ZERO })).add((if flags[27] { h[38] } else { QM31::ZERO })).add((if flags[28] { h[39] } else { QM31::ZERO })).add((if flags[29] { h[40] } else { QM31::ZERO })).add((if flags[30] { h[41] } else { QM31::ZERO })).add((if flags[31] { h[42] } else { QM31::ZERO })).add((if flags[32] { h[43] } else { QM31::ZERO })).add((if flags[33] { h[44] } else { QM31::ZERO })).add((if flags[34] { h[45] } else { QM31::ZERO })).add((if flags[35] { h[46] } else { QM31::ZERO })).add((if flags[36] { h[47] } else { QM31::ZERO })).add((if flags[37] { h[48] } else { QM31::ZERO })).add((if flags[38] { h[49] } else { QM31::ZERO })).add((if flags[39] { h[50] } else { QM31::ZERO })).add((if flags[40] { h[51] } else { QM31::ZERO })).add((if flags[41] { h[52] } else { QM31::ZERO })).add((if flags[42] { h[53] } else { QM31::ZERO }));
81 +     scratch[45]=(if flags[0] { h[33].add(h[63]).add(n[40].add(n[57])) } else { QM31::ZERO }).add((if flags[1] { n[51] } else { QM31::ZERO })).add(if flags[23] { h[34] } else { QM31::ZERO }).add((if flags[24] { h[35] } else { QM31::ZERO })).add((if flags[25] { h[36] } else { QM31::ZERO })).add((if flags[26] { h[37] } else { QM31::ZERO })).add((if flags[27] { h[38] } else { QM31::ZERO })).add((if flags[28] { h[39] } else { QM31::ZERO })).add((if flags[29] { h[40] } else { QM31::ZERO })).add((if flags[30] { h[41] } else { QM31::ZERO })).add((if flags[31] { h[42] } else { QM31::ZERO })).add((if flags[32] { h[43] } else { QM31::ZERO })).add((if flags[33] { h[44] } else { QM31::ZERO })).add((if flags[34] { h[45] } else { QM31::ZERO })).add((if flags[35] { h[46] } else { QM31::ZERO })).add((if flags[36] { h[47] } else { QM31::ZERO })).add((if flags[37] { h[48] } else { QM31::ZERO })).add((if flags[38] { h[49] } else { QM31::ZERO })).add((if flags[39] { h[50] } else { QM31::ZERO })).add((if flags[40] { h[51] } else { QM31::ZERO })).add((if flags[41] { h[52] } else { QM31::ZERO })).add((if flags[42] { h[53] } else { QM31::ZERO }));
   |

warning: unnecessary parentheses around method argument
  --> ../../docs/research/v8-no-work-100-20260907/experiments/copy_tag_shared_generated.rs:81:98
   |
81 | ...n[40].add(n[57])) } else { QM31::ZERO }).add((if flags[1] { n[51] } else { QM31::ZERO })).add((if flags[23] { h[34] } else { QM31::ZER...
   |                                                 ^                                         ^
   |
help: remove these parentheses
   |
81 -     scratch[45]=(if flags[0] { h[33].add(h[63]).add(n[40].add(n[57])) } else { QM31::ZERO }).add((if flags[1] { n[51] } else { QM31::ZERO })).add((if flags[23] { h[34] } else { QM31::ZERO })).add((if flags[24] { h[35] } else { QM31::ZERO })).add((if flags[25] { h[36] } else { QM31::ZERO })).add((if flags[26] { h[37] } else { QM31::ZERO })).add((if flags[27] { h[38] } else { QM31::ZERO })).add((if flags[28] { h[39] } else { QM31::ZERO })).add((if flags[29] { h[40] } else { QM31::ZERO })).add((if flags[30] { h[41] } else { QM31::ZERO })).add((if flags[31] { h[42] } else { QM31::ZERO })).add((if flags[32] { h[43] } else { QM31::ZERO })).add((if flags[33] { h[44] } else { QM31::ZERO })).add((if flags[34] { h[45] } else { QM31::ZERO })).add((if flags[35] { h[46] } else { QM31::ZERO })).add((if flags[36] { h[47] } else { QM31::ZERO })).add((if flags[37] { h[48] } else { QM31::ZERO })).add((if flags[38] { h[49] } else { QM31::ZERO })).add((if flags[39] { h[50] } else { QM31::ZERO })).add((if flags[40] { h[51] } else { QM31::ZERO })).add((if flags[41] { h[52] } else { QM31::ZERO })).add((if flags[42] { h[53] } else { QM31::ZERO }));
81 +     scratch[45]=(if flags[0] { h[33].add(h[63]).add(n[40].add(n[57])) } else { QM31::ZERO }).add(if flags[1] { n[51] } else { QM31::ZERO }).add((if flags[23] { h[34] } else { QM31::ZERO })).add((if flags[24] { h[35] } else { QM31::ZERO })).add((if flags[25] { h[36] } else { QM31::ZERO })).add((if flags[26] { h[37] } else { QM31::ZERO })).add((if flags[27] { h[38] } else { QM31::ZERO })).add((if flags[28] { h[39] } else { QM31::ZERO })).add((if flags[29] { h[40] } else { QM31::ZERO })).add((if flags[30] { h[41] } else { QM31::ZERO })).add((if flags[31] { h[42] } else { QM31::ZERO })).add((if flags[32] { h[43] } else { QM31::ZERO })).add((if flags[33] { h[44] } else { QM31::ZERO })).add((if flags[34] { h[45] } else { QM31::ZERO })).add((if flags[35] { h[46] } else { QM31::ZERO })).add((if flags[36] { h[47] } else { QM31::ZERO })).add((if flags[37] { h[48] } else { QM31::ZERO })).add((if flags[38] { h[49] } else { QM31::ZERO })).add((if flags[39] { h[50] } else { QM31::ZERO })).add((if flags[40] { h[51] } else { QM31::ZERO })).add((if flags[41] { h[52] } else { QM31::ZERO })).add((if flags[42] { h[53] } else { QM31::ZERO }));
   |

warning: unnecessary parentheses around assigned value
  --> ../../docs/research/v8-no-work-100-20260907/experiments/copy_tag_shared_generated.rs:82:17
   |
82 |     scratch[46]=(if flags[0] { n[4] } else { QM31::ZERO });
   |                 ^                                        ^
   |
help: remove these parentheses
   |
82 -     scratch[46]=(if flags[0] { n[4] } else { QM31::ZERO });
82 +     scratch[46]=if flags[0] { n[4] } else { QM31::ZERO };
   |

warning: unnecessary parentheses around assigned value
  --> ../../docs/research/v8-no-work-100-20260907/experiments/copy_tag_shared_generated.rs:83:17
   |
83 |     scratch[47]=(if flags[1] { h[63] } else { QM31::ZERO });
   |                 ^                                         ^
   |
help: remove these parentheses
   |
83 -     scratch[47]=(if flags[1] { h[63] } else { QM31::ZERO });
83 +     scratch[47]=if flags[1] { h[63] } else { QM31::ZERO };
   |

warning: unnecessary parentheses around assigned value
  --> ../../docs/research/v8-no-work-100-20260907/experiments/copy_tag_shared_generated.rs:84:17
   |
84 |     scratch[48]=(if flags[0] { h[63] } else { QM31::ZERO });
   |                 ^                                         ^
   |
help: remove these parentheses
   |
84 -     scratch[48]=(if flags[0] { h[63] } else { QM31::ZERO });
84 +     scratch[48]=if flags[0] { h[63] } else { QM31::ZERO };
   |

warning: unnecessary parentheses around assigned value
  --> ../../docs/research/v8-no-work-100-20260907/experiments/copy_tag_shared_generated.rs:85:17
   |
85 |     scratch[49]=(if flags[0] { n[4] } else { QM31::ZERO });
   |                 ^                                        ^
   |
help: remove these parentheses
   |
85 -     scratch[49]=(if flags[0] { n[4] } else { QM31::ZERO });
85 +     scratch[49]=if flags[0] { n[4] } else { QM31::ZERO };
   |

warning: unnecessary parentheses around assigned value
  --> ../../docs/research/v8-no-work-100-20260907/experiments/copy_tag_shared_generated.rs:86:17
   |
86 |     scratch[50]=(if flags[0] { h[63] } else { QM31::ZERO });
   |                 ^                                         ^
   |
help: remove these parentheses
   |
86 -     scratch[50]=(if flags[0] { h[63] } else { QM31::ZERO });
86 +     scratch[50]=if flags[0] { h[63] } else { QM31::ZERO };
   |

warning: unnecessary parentheses around assigned value
  --> ../../docs/research/v8-no-work-100-20260907/experiments/copy_tag_shared_generated.rs:87:17
   |
87 |     scratch[51]=(if flags[0] { h[63] } else { QM31::ZERO });
   |                 ^                                         ^
   |
help: remove these parentheses
   |
87 -     scratch[51]=(if flags[0] { h[63] } else { QM31::ZERO });
87 +     scratch[51]=if flags[0] { h[63] } else { QM31::ZERO };
   |

warning: unnecessary parentheses around assigned value
  --> ../../docs/research/v8-no-work-100-20260907/experiments/copy_tag_shared_generated.rs:88:17
   |
88 |     scratch[52]=(if flags[0] { n[41] } else { QM31::ZERO });
   |                 ^                                         ^
   |
help: remove these parentheses
   |
88 -     scratch[52]=(if flags[0] { n[41] } else { QM31::ZERO });
88 +     scratch[52]=if flags[0] { n[41] } else { QM31::ZERO };
   |

warning: unnecessary parentheses around assigned value
  --> ../../docs/research/v8-no-work-100-20260907/experiments/copy_tag_shared_generated.rs:89:17
   |
89 |     scratch[53]=(if flags[1] { h[63] } else { QM31::ZERO });
   |                 ^                                         ^
   |
help: remove these parentheses
   |
89 -     scratch[53]=(if flags[1] { h[63] } else { QM31::ZERO });
89 +     scratch[53]=if flags[1] { h[63] } else { QM31::ZERO };
   |

warning: unnecessary parentheses around method argument
  --> ../../docs/research/v8-no-work-100-20260907/experiments/copy_tag_shared_generated.rs:90:1079
   |
90 | ...lags[21] { h[52] } else { QM31::ZERO })).add((if flags[22] { h[53] } else { QM31::ZERO }));
   |                                                 ^                                          ^
   |
help: remove these parentheses
   |
90 -     scratch[54]=(if flags[0] { h[26].add(n[28].add(n[40])) } else { QM31::ZERO }).add((if flags[1] { h[33] } else { QM31::ZERO })).add((if flags[3] { h[34] } else { QM31::ZERO })).add((if flags[4] { h[35] } else { QM31::ZERO })).add((if flags[5] { h[36] } else { QM31::ZERO })).add((if flags[6] { h[37] } else { QM31::ZERO })).add((if flags[7] { h[38] } else { QM31::ZERO })).add((if flags[8] { h[39] } else { QM31::ZERO })).add((if flags[9] { h[40] } else { QM31::ZERO })).add((if flags[10] { h[41] } else { QM31::ZERO })).add((if flags[11] { h[42] } else { QM31::ZERO })).add((if flags[12] { h[43] } else { QM31::ZERO })).add((if flags[13] { h[44] } else { QM31::ZERO })).add((if flags[14] { h[45] } else { QM31::ZERO })).add((if flags[15] { h[46] } else { QM31::ZERO })).add((if flags[16] { h[47] } else { QM31::ZERO })).add((if flags[17] { h[48] } else { QM31::ZERO })).add((if flags[18] { h[49] } else { QM31::ZERO })).add((if flags[19] { h[50] } else { QM31::ZERO })).add((if flags[20] { h[51] } else { QM31::ZERO })).add((if flags[21] { h[52] } else { QM31::ZERO })).add((if flags[22] { h[53] } else { QM31::ZERO }));
90 +     scratch[54]=(if flags[0] { h[26].add(n[28].add(n[40])) } else { QM31::ZERO }).add((if flags[1] { h[33] } else { QM31::ZERO })).add((if flags[3] { h[34] } else { QM31::ZERO })).add((if flags[4] { h[35] } else { QM31::ZERO })).add((if flags[5] { h[36] } else { QM31::ZERO })).add((if flags[6] { h[37] } else { QM31::ZERO })).add((if flags[7] { h[38] } else { QM31::ZERO })).add((if flags[8] { h[39] } else { QM31::ZERO })).add((if flags[9] { h[40] } else { QM31::ZERO })).add((if flags[10] { h[41] } else { QM31::ZERO })).add((if flags[11] { h[42] } else { QM31::ZERO })).add((if flags[12] { h[43] } else { QM31::ZERO })).add((if flags[13] { h[44] } else { QM31::ZERO })).add((if flags[14] { h[45] } else { QM31::ZERO })).add((if flags[15] { h[46] } else { QM31::ZERO })).add((if flags[16] { h[47] } else { QM31::ZERO })).add((if flags[17] { h[48] } else { QM31::ZERO })).add((if flags[18] { h[49] } else { QM31::ZERO })).add((if flags[19] { h[50] } else { QM31::ZERO })).add((if flags[20] { h[51] } else { QM31::ZERO })).add((if flags[21] { h[52] } else { QM31::ZERO })).add(if flags[22] { h[53] } else { QM31::ZERO });
   |

warning: unnecessary parentheses around method argument
  --> ../../docs/research/v8-no-work-100-20260907/experiments/copy_tag_shared_generated.rs:90:1029
   |
90 | ...lags[20] { h[51] } else { QM31::ZERO })).add((if flags[21] { h[52] } else { QM31::ZERO })).add((if flags[22] { h[53] } else { QM31::ZE...
   |                                                 ^                                          ^
   |
help: remove these parentheses
   |
90 -     scratch[54]=(if flags[0] { h[26].add(n[28].add(n[40])) } else { QM31::ZERO }).add((if flags[1] { h[33] } else { QM31::ZERO })).add((if flags[3] { h[34] } else { QM31::ZERO })).add((if flags[4] { h[35] } else { QM31::ZERO })).add((if flags[5] { h[36] } else { QM31::ZERO })).add((if flags[6] { h[37] } else { QM31::ZERO })).add((if flags[7] { h[38] } else { QM31::ZERO })).add((if flags[8] { h[39] } else { QM31::ZERO })).add((if flags[9] { h[40] } else { QM31::ZERO })).add((if flags[10] { h[41] } else { QM31::ZERO })).add((if flags[11] { h[42] } else { QM31::ZERO })).add((if flags[12] { h[43] } else { QM31::ZERO })).add((if flags[13] { h[44] } else { QM31::ZERO })).add((if flags[14] { h[45] } else { QM31::ZERO })).add((if flags[15] { h[46] } else { QM31::ZERO })).add((if flags[16] { h[47] } else { QM31::ZERO })).add((if flags[17] { h[48] } else { QM31::ZERO })).add((if flags[18] { h[49] } else { QM31::ZERO })).add((if flags[19] { h[50] } else { QM31::ZERO })).add((if flags[20] { h[51] } else { QM31::ZERO })).add((if flags[21] { h[52] } else { QM31::ZERO })).add((if flags[22] { h[53] } else { QM31::ZERO }));
90 +     scratch[54]=(if flags[0] { h[26].add(n[28].add(n[40])) } else { QM31::ZERO }).add((if flags[1] { h[33] } else { QM31::ZERO })).add((if flags[3] { h[34] } else { QM31::ZERO })).add((if flags[4] { h[35] } else { QM31::ZERO })).add((if flags[5] { h[36] } else { QM31::ZERO })).add((if flags[6] { h[37] } else { QM31::ZERO })).add((if flags[7] { h[38] } else { QM31::ZERO })).add((if flags[8] { h[39] } else { QM31::ZERO })).add((if flags[9] { h[40] } else { QM31::ZERO })).add((if flags[10] { h[41] } else { QM31::ZERO })).add((if flags[11] { h[42] } else { QM31::ZERO })).add((if flags[12] { h[43] } else { QM31::ZERO })).add((if flags[13] { h[44] } else { QM31::ZERO })).add((if flags[14] { h[45] } else { QM31::ZERO })).add((if flags[15] { h[46] } else { QM31::ZERO })).add((if flags[16] { h[47] } else { QM31::ZERO })).add((if flags[17] { h[48] } else { QM31::ZERO })).add((if flags[18] { h[49] } else { QM31::ZERO })).add((if flags[19] { h[50] } else { QM31::ZERO })).add((if flags[20] { h[51] } else { QM31::ZERO })).add(if flags[21] { h[52] } else { QM31::ZERO }).add((if flags[22] { h[53] } else { QM31::ZERO }));
   |

warning: unnecessary parentheses around method argument
  --> ../../docs/research/v8-no-work-100-20260907/experiments/copy_tag_shared_generated.rs:90:979
   |
90 | ...lags[19] { h[50] } else { QM31::ZERO })).add((if flags[20] { h[51] } else { QM31::ZERO })).add((if flags[21] { h[52] } else { QM31::ZE...
   |                                                 ^                                          ^
   |
help: remove these parentheses
   |
90 -     scratch[54]=(if flags[0] { h[26].add(n[28].add(n[40])) } else { QM31::ZERO }).add((if flags[1] { h[33] } else { QM31::ZERO })).add((if flags[3] { h[34] } else { QM31::ZERO })).add((if flags[4] { h[35] } else { QM31::ZERO })).add((if flags[5] { h[36] } else { QM31::ZERO })).add((if flags[6] { h[37] } else { QM31::ZERO })).add((if flags[7] { h[38] } else { QM31::ZERO })).add((if flags[8] { h[39] } else { QM31::ZERO })).add((if flags[9] { h[40] } else { QM31::ZERO })).add((if flags[10] { h[41] } else { QM31::ZERO })).add((if flags[11] { h[42] } else { QM31::ZERO })).add((if flags[12] { h[43] } else { QM31::ZERO })).add((if flags[13] { h[44] } else { QM31::ZERO })).add((if flags[14] { h[45] } else { QM31::ZERO })).add((if flags[15] { h[46] } else { QM31::ZERO })).add((if flags[16] { h[47] } else { QM31::ZERO })).add((if flags[17] { h[48] } else { QM31::ZERO })).add((if flags[18] { h[49] } else { QM31::ZERO })).add((if flags[19] { h[50] } else { QM31::ZERO })).add((if flags[20] { h[51] } else { QM31::ZERO })).add((if flags[21] { h[52] } else { QM31::ZERO })).add((if flags[22] { h[53] } else { QM31::ZERO }));
90 +     scratch[54]=(if flags[0] { h[26].add(n[28].add(n[40])) } else { QM31::ZERO }).add((if flags[1] { h[33] } else { QM31::ZERO })).add((if flags[3] { h[34] } else { QM31::ZERO })).add((if flags[4] { h[35] } else { QM31::ZERO })).add((if flags[5] { h[36] } else { QM31::ZERO })).add((if flags[6] { h[37] } else { QM31::ZERO })).add((if flags[7] { h[38] } else { QM31::ZERO })).add((if flags[8] { h[39] } else { QM31::ZERO })).add((if flags[9] { h[40] } else { QM31::ZERO })).add((if flags[10] { h[41] } else { QM31::ZERO })).add((if flags[11] { h[42] } else { QM31::ZERO })).add((if flags[12] { h[43] } else { QM31::ZERO })).add((if flags[13] { h[44] } else { QM31::ZERO })).add((if flags[14] { h[45] } else { QM31::ZERO })).add((if flags[15] { h[46] } else { QM31::ZERO })).add((if flags[16] { h[47] } else { QM31::ZERO })).add((if flags[17] { h[48] } else { QM31::ZERO })).add((if flags[18] { h[49] } else { QM31::ZERO })).add((if flags[19] { h[50] } else { QM31::ZERO })).add(if flags[20] { h[51] } else { QM31::ZERO }).add((if flags[21] { h[52] } else { QM31::ZERO })).add((if flags[22] { h[53] } else { QM31::ZERO }));
   |

warning: unnecessary parentheses around method argument
  --> ../../docs/research/v8-no-work-100-20260907/experiments/copy_tag_shared_generated.rs:90:929
   |
90 | ...lags[18] { h[49] } else { QM31::ZERO })).add((if flags[19] { h[50] } else { QM31::ZERO })).add((if flags[20] { h[51] } else { QM31::ZE...
   |                                                 ^                                          ^
   |
help: remove these parentheses
   |
90 -     scratch[54]=(if flags[0] { h[26].add(n[28].add(n[40])) } else { QM31::ZERO }).add((if flags[1] { h[33] } else { QM31::ZERO })).add((if flags[3] { h[34] } else { QM31::ZERO })).add((if flags[4] { h[35] } else { QM31::ZERO })).add((if flags[5] { h[36] } else { QM31::ZERO })).add((if flags[6] { h[37] } else { QM31::ZERO })).add((if flags[7] { h[38] } else { QM31::ZERO })).add((if flags[8] { h[39] } else { QM31::ZERO })).add((if flags[9] { h[40] } else { QM31::ZERO })).add((if flags[10] { h[41] } else { QM31::ZERO })).add((if flags[11] { h[42] } else { QM31::ZERO })).add((if flags[12] { h[43] } else { QM31::ZERO })).add((if flags[13] { h[44] } else { QM31::ZERO })).add((if flags[14] { h[45] } else { QM31::ZERO })).add((if flags[15] { h[46] } else { QM31::ZERO })).add((if flags[16] { h[47] } else { QM31::ZERO })).add((if flags[17] { h[48] } else { QM31::ZERO })).add((if flags[18] { h[49] } else { QM31::ZERO })).add((if flags[19] { h[50] } else { QM31::ZERO })).add((if flags[20] { h[51] } else { QM31::ZERO })).add((if flags[21] { h[52] } else { QM31::ZERO })).add((if flags[22] { h[53] } else { QM31::ZERO }));
90 +     scratch[54]=(if flags[0] { h[26].add(n[28].add(n[40])) } else { QM31::ZERO }).add((if flags[1] { h[33] } else { QM31::ZERO })).add((if flags[3] { h[34] } else { QM31::ZERO })).add((if flags[4] { h[35] } else { QM31::ZERO })).add((if flags[5] { h[36] } else { QM31::ZERO })).add((if flags[6] { h[37] } else { QM31::ZERO })).add((if flags[7] { h[38] } else { QM31::ZERO })).add((if flags[8] { h[39] } else { QM31::ZERO })).add((if flags[9] { h[40] } else { QM31::ZERO })).add((if flags[10] { h[41] } else { QM31::ZERO })).add((if flags[11] { h[42] } else { QM31::ZERO })).add((if flags[12] { h[43] } else { QM31::ZERO })).add((if flags[13] { h[44] } else { QM31::ZERO })).add((if flags[14] { h[45] } else { QM31::ZERO })).add((if flags[15] { h[46] } else { QM31::ZERO })).add((if flags[16] { h[47] } else { QM31::ZERO })).add((if flags[17] { h[48] } else { QM31::ZERO })).add((if flags[18] { h[49] } else { QM31::ZERO })).add(if flags[19] { h[50] } else { QM31::ZERO }).add((if flags[20] { h[51] } else { QM31::ZERO })).add((if flags[21] { h[52] } else { QM31::ZERO })).add((if flags[22] { h[53] } else { QM31::ZERO }));
   |

warning: unnecessary parentheses around method argument
  --> ../../docs/research/v8-no-work-100-20260907/experiments/copy_tag_shared_generated.rs:90:879
   |
90 | ...lags[17] { h[48] } else { QM31::ZERO })).add((if flags[18] { h[49] } else { QM31::ZERO })).add((if flags[19] { h[50] } else { QM31::ZE...
   |                                                 ^                                          ^
   |
help: remove these parentheses
   |
90 -     scratch[54]=(if flags[0] { h[26].add(n[28].add(n[40])) } else { QM31::ZERO }).add((if flags[1] { h[33] } else { QM31::ZERO })).add((if flags[3] { h[34] } else { QM31::ZERO })).add((if flags[4] { h[35] } else { QM31::ZERO })).add((if flags[5] { h[36] } else { QM31::ZERO })).add((if flags[6] { h[37] } else { QM31::ZERO })).add((if flags[7] { h[38] } else { QM31::ZERO })).add((if flags[8] { h[39] } else { QM31::ZERO })).add((if flags[9] { h[40] } else { QM31::ZERO })).add((if flags[10] { h[41] } else { QM31::ZERO })).add((if flags[11] { h[42] } else { QM31::ZERO })).add((if flags[12] { h[43] } else { QM31::ZERO })).add((if flags[13] { h[44] } else { QM31::ZERO })).add((if flags[14] { h[45] } else { QM31::ZERO })).add((if flags[15] { h[46] } else { QM31::ZERO })).add((if flags[16] { h[47] } else { QM31::ZERO })).add((if flags[17] { h[48] } else { QM31::ZERO })).add((if flags[18] { h[49] } else { QM31::ZERO })).add((if flags[19] { h[50] } else { QM31::ZERO })).add((if flags[20] { h[51] } else { QM31::ZERO })).add((if flags[21] { h[52] } else { QM31::ZERO })).add((if flags[22] { h[53] } else { QM31::ZERO }));
90 +     scratch[54]=(if flags[0] { h[26].add(n[28].add(n[40])) } else { QM31::ZERO }).add((if flags[1] { h[33] } else { QM31::ZERO })).add((if flags[3] { h[34] } else { QM31::ZERO })).add((if flags[4] { h[35] } else { QM31::ZERO })).add((if flags[5] { h[36] } else { QM31::ZERO })).add((if flags[6] { h[37] } else { QM31::ZERO })).add((if flags[7] { h[38] } else { QM31::ZERO })).add((if flags[8] { h[39] } else { QM31::ZERO })).add((if flags[9] { h[40] } else { QM31::ZERO })).add((if flags[10] { h[41] } else { QM31::ZERO })).add((if flags[11] { h[42] } else { QM31::ZERO })).add((if flags[12] { h[43] } else { QM31::ZERO })).add((if flags[13] { h[44] } else { QM31::ZERO })).add((if flags[14] { h[45] } else { QM31::ZERO })).add((if flags[15] { h[46] } else { QM31::ZERO })).add((if flags[16] { h[47] } else { QM31::ZERO })).add((if flags[17] { h[48] } else { QM31::ZERO })).add(if flags[18] { h[49] } else { QM31::ZERO }).add((if flags[19] { h[50] } else { QM31::ZERO })).add((if flags[20] { h[51] } else { QM31::ZERO })).add((if flags[21] { h[52] } else { QM31::ZERO })).add((if flags[22] { h[53] } else { QM31::ZERO }));
   |

warning: unnecessary parentheses around method argument
  --> ../../docs/research/v8-no-work-100-20260907/experiments/copy_tag_shared_generated.rs:90:829
   |
90 | ...lags[16] { h[47] } else { QM31::ZERO })).add((if flags[17] { h[48] } else { QM31::ZERO })).add((if flags[18] { h[49] } else { QM31::ZE...
   |                                                 ^                                          ^
   |
help: remove these parentheses
   |
90 -     scratch[54]=(if flags[0] { h[26].add(n[28].add(n[40])) } else { QM31::ZERO }).add((if flags[1] { h[33] } else { QM31::ZERO })).add((if flags[3] { h[34] } else { QM31::ZERO })).add((if flags[4] { h[35] } else { QM31::ZERO })).add((if flags[5] { h[36] } else { QM31::ZERO })).add((if flags[6] { h[37] } else { QM31::ZERO })).add((if flags[7] { h[38] } else { QM31::ZERO })).add((if flags[8] { h[39] } else { QM31::ZERO })).add((if flags[9] { h[40] } else { QM31::ZERO })).add((if flags[10] { h[41] } else { QM31::ZERO })).add((if flags[11] { h[42] } else { QM31::ZERO })).add((if flags[12] { h[43] } else { QM31::ZERO })).add((if flags[13] { h[44] } else { QM31::ZERO })).add((if flags[14] { h[45] } else { QM31::ZERO })).add((if flags[15] { h[46] } else { QM31::ZERO })).add((if flags[16] { h[47] } else { QM31::ZERO })).add((if flags[17] { h[48] } else { QM31::ZERO })).add((if flags[18] { h[49] } else { QM31::ZERO })).add((if flags[19] { h[50] } else { QM31::ZERO })).add((if flags[20] { h[51] } else { QM31::ZERO })).add((if flags[21] { h[52] } else { QM31::ZERO })).add((if flags[22] { h[53] } else { QM31::ZERO }));
90 +     scratch[54]=(if flags[0] { h[26].add(n[28].add(n[40])) } else { QM31::ZERO }).add((if flags[1] { h[33] } else { QM31::ZERO })).add((if flags[3] { h[34] } else { QM31::ZERO })).add((if flags[4] { h[35] } else { QM31::ZERO })).add((if flags[5] { h[36] } else { QM31::ZERO })).add((if flags[6] { h[37] } else { QM31::ZERO })).add((if flags[7] { h[38] } else { QM31::ZERO })).add((if flags[8] { h[39] } else { QM31::ZERO })).add((if flags[9] { h[40] } else { QM31::ZERO })).add((if flags[10] { h[41] } else { QM31::ZERO })).add((if flags[11] { h[42] } else { QM31::ZERO })).add((if flags[12] { h[43] } else { QM31::ZERO })).add((if flags[13] { h[44] } else { QM31::ZERO })).add((if flags[14] { h[45] } else { QM31::ZERO })).add((if flags[15] { h[46] } else { QM31::ZERO })).add((if flags[16] { h[47] } else { QM31::ZERO })).add(if flags[17] { h[48] } else { QM31::ZERO }).add((if flags[18] { h[49] } else { QM31::ZERO })).add((if flags[19] { h[50] } else { QM31::ZERO })).add((if flags[20] { h[51] } else { QM31::ZERO })).add((if flags[21] { h[52] } else { QM31::ZERO })).add((if flags[22] { h[53] } else { QM31::ZERO }));
   |

warning: unnecessary parentheses around method argument
  --> ../../docs/research/v8-no-work-100-20260907/experiments/copy_tag_shared_generated.rs:90:779
   |
90 | ...lags[15] { h[46] } else { QM31::ZERO })).add((if flags[16] { h[47] } else { QM31::ZERO })).add((if flags[17] { h[48] } else { QM31::ZE...
   |                                                 ^                                          ^
   |
help: remove these parentheses
   |
90 -     scratch[54]=(if flags[0] { h[26].add(n[28].add(n[40])) } else { QM31::ZERO }).add((if flags[1] { h[33] } else { QM31::ZERO })).add((if flags[3] { h[34] } else { QM31::ZERO })).add((if flags[4] { h[35] } else { QM31::ZERO })).add((if flags[5] { h[36] } else { QM31::ZERO })).add((if flags[6] { h[37] } else { QM31::ZERO })).add((if flags[7] { h[38] } else { QM31::ZERO })).add((if flags[8] { h[39] } else { QM31::ZERO })).add((if flags[9] { h[40] } else { QM31::ZERO })).add((if flags[10] { h[41] } else { QM31::ZERO })).add((if flags[11] { h[42] } else { QM31::ZERO })).add((if flags[12] { h[43] } else { QM31::ZERO })).add((if flags[13] { h[44] } else { QM31::ZERO })).add((if flags[14] { h[45] } else { QM31::ZERO })).add((if flags[15] { h[46] } else { QM31::ZERO })).add((if flags[16] { h[47] } else { QM31::ZERO })).add((if flags[17] { h[48] } else { QM31::ZERO })).add((if flags[18] { h[49] } else { QM31::ZERO })).add((if flags[19] { h[50] } else { QM31::ZERO })).add((if flags[20] { h[51] } else { QM31::ZERO })).add((if flags[21] { h[52] } else { QM31::ZERO })).add((if flags[22] { h[53] } else { QM31::ZERO }));
90 +     scratch[54]=(if flags[0] { h[26].add(n[28].add(n[40])) } else { QM31::ZERO }).add((if flags[1] { h[33] } else { QM31::ZERO })).add((if flags[3] { h[34] } else { QM31::ZERO })).add((if flags[4] { h[35] } else { QM31::ZERO })).add((if flags[5] { h[36] } else { QM31::ZERO })).add((if flags[6] { h[37] } else { QM31::ZERO })).add((if flags[7] { h[38] } else { QM31::ZERO })).add((if flags[8] { h[39] } else { QM31::ZERO })).add((if flags[9] { h[40] } else { QM31::ZERO })).add((if flags[10] { h[41] } else { QM31::ZERO })).add((if flags[11] { h[42] } else { QM31::ZERO })).add((if flags[12] { h[43] } else { QM31::ZERO })).add((if flags[13] { h[44] } else { QM31::ZERO })).add((if flags[14] { h[45] } else { QM31::ZERO })).add((if flags[15] { h[46] } else { QM31::ZERO })).add(if flags[16] { h[47] } else { QM31::ZERO }).add((if flags[17] { h[48] } else { QM31::ZERO })).add((if flags[18] { h[49] } else { QM31::ZERO })).add((if flags[19] { h[50] } else { QM31::ZERO })).add((if flags[20] { h[51] } else { QM31::ZERO })).add((if flags[21] { h[52] } else { QM31::ZERO })).add((if flags[22] { h[53] } else { QM31::ZERO }));
   |

warning: unnecessary parentheses around method argument
  --> ../../docs/research/v8-no-work-100-20260907/experiments/copy_tag_shared_generated.rs:90:729
   |
90 | ...lags[14] { h[45] } else { QM31::ZERO })).add((if flags[15] { h[46] } else { QM31::ZERO })).add((if flags[16] { h[47] } else { QM31::ZE...
   |                                                 ^                                          ^
   |
help: remove these parentheses
   |
90 -     scratch[54]=(if flags[0] { h[26].add(n[28].add(n[40])) } else { QM31::ZERO }).add((if flags[1] { h[33] } else { QM31::ZERO })).add((if flags[3] { h[34] } else { QM31::ZERO })).add((if flags[4] { h[35] } else { QM31::ZERO })).add((if flags[5] { h[36] } else { QM31::ZERO })).add((if flags[6] { h[37] } else { QM31::ZERO })).add((if flags[7] { h[38] } else { QM31::ZERO })).add((if flags[8] { h[39] } else { QM31::ZERO })).add((if flags[9] { h[40] } else { QM31::ZERO })).add((if flags[10] { h[41] } else { QM31::ZERO })).add((if flags[11] { h[42] } else { QM31::ZERO })).add((if flags[12] { h[43] } else { QM31::ZERO })).add((if flags[13] { h[44] } else { QM31::ZERO })).add((if flags[14] { h[45] } else { QM31::ZERO })).add((if flags[15] { h[46] } else { QM31::ZERO })).add((if flags[16] { h[47] } else { QM31::ZERO })).add((if flags[17] { h[48] } else { QM31::ZERO })).add((if flags[18] { h[49] } else { QM31::ZERO })).add((if flags[19] { h[50] } else { QM31::ZERO })).add((if flags[20] { h[51] } else { QM31::ZERO })).add((if flags[21] { h[52] } else { QM31::ZERO })).add((if flags[22] { h[53] } else { QM31::ZERO }));
90 +     scratch[54]=(if flags[0] { h[26].add(n[28].add(n[40])) } else { QM31::ZERO }).add((if flags[1] { h[33] } else { QM31::ZERO })).add((if flags[3] { h[34] } else { QM31::ZERO })).add((if flags[4] { h[35] } else { QM31::ZERO })).add((if flags[5] { h[36] } else { QM31::ZERO })).add((if flags[6] { h[37] } else { QM31::ZERO })).add((if flags[7] { h[38] } else { QM31::ZERO })).add((if flags[8] { h[39] } else { QM31::ZERO })).add((if flags[9] { h[40] } else { QM31::ZERO })).add((if flags[10] { h[41] } else { QM31::ZERO })).add((if flags[11] { h[42] } else { QM31::ZERO })).add((if flags[12] { h[43] } else { QM31::ZERO })).add((if flags[13] { h[44] } else { QM31::ZERO })).add((if flags[14] { h[45] } else { QM31::ZERO })).add(if flags[15] { h[46] } else { QM31::ZERO }).add((if flags[16] { h[47] } else { QM31::ZERO })).add((if flags[17] { h[48] } else { QM31::ZERO })).add((if flags[18] { h[49] } else { QM31::ZERO })).add((if flags[19] { h[50] } else { QM31::ZERO })).add((if flags[20] { h[51] } else { QM31::ZERO })).add((if flags[21] { h[52] } else { QM31::ZERO })).add((if flags[22] { h[53] } else { QM31::ZERO }));
   |

warning: unnecessary parentheses around method argument
  --> ../../docs/research/v8-no-work-100-20260907/experiments/copy_tag_shared_generated.rs:90:679
   |
90 | ...lags[13] { h[44] } else { QM31::ZERO })).add((if flags[14] { h[45] } else { QM31::ZERO })).add((if flags[15] { h[46] } else { QM31::ZE...
   |                                                 ^                                          ^
   |
help: remove these parentheses
   |
90 -     scratch[54]=(if flags[0] { h[26].add(n[28].add(n[40])) } else { QM31::ZERO }).add((if flags[1] { h[33] } else { QM31::ZERO })).add((if flags[3] { h[34] } else { QM31::ZERO })).add((if flags[4] { h[35] } else { QM31::ZERO })).add((if flags[5] { h[36] } else { QM31::ZERO })).add((if flags[6] { h[37] } else { QM31::ZERO })).add((if flags[7] { h[38] } else { QM31::ZERO })).add((if flags[8] { h[39] } else { QM31::ZERO })).add((if flags[9] { h[40] } else { QM31::ZERO })).add((if flags[10] { h[41] } else { QM31::ZERO })).add((if flags[11] { h[42] } else { QM31::ZERO })).add((if flags[12] { h[43] } else { QM31::ZERO })).add((if flags[13] { h[44] } else { QM31::ZERO })).add((if flags[14] { h[45] } else { QM31::ZERO })).add((if flags[15] { h[46] } else { QM31::ZERO })).add((if flags[16] { h[47] } else { QM31::ZERO })).add((if flags[17] { h[48] } else { QM31::ZERO })).add((if flags[18] { h[49] } else { QM31::ZERO })).add((if flags[19] { h[50] } else { QM31::ZERO })).add((if flags[20] { h[51] } else { QM31::ZERO })).add((if flags[21] { h[52] } else { QM31::ZERO })).add((if flags[22] { h[53] } else { QM31::ZERO }));
90 +     scratch[54]=(if flags[0] { h[26].add(n[28].add(n[40])) } else { QM31::ZERO }).add((if flags[1] { h[33] } else { QM31::ZERO })).add((if flags[3] { h[34] } else { QM31::ZERO })).add((if flags[4] { h[35] } else { QM31::ZERO })).add((if flags[5] { h[36] } else { QM31::ZERO })).add((if flags[6] { h[37] } else { QM31::ZERO })).add((if flags[7] { h[38] } else { QM31::ZERO })).add((if flags[8] { h[39] } else { QM31::ZERO })).add((if flags[9] { h[40] } else { QM31::ZERO })).add((if flags[10] { h[41] } else { QM31::ZERO })).add((if flags[11] { h[42] } else { QM31::ZERO })).add((if flags[12] { h[43] } else { QM31::ZERO })).add((if flags[13] { h[44] } else { QM31::ZERO })).add(if flags[14] { h[45] } else { QM31::ZERO }).add((if flags[15] { h[46] } else { QM31::ZERO })).add((if flags[16] { h[47] } else { QM31::ZERO })).add((if flags[17] { h[48] } else { QM31::ZERO })).add((if flags[18] { h[49] } else { QM31::ZERO })).add((if flags[19] { h[50] } else { QM31::ZERO })).add((if flags[20] { h[51] } else { QM31::ZERO })).add((if flags[21] { h[52] } else { QM31::ZERO })).add((if flags[22] { h[53] } else { QM31::ZERO }));
   |

warning: unnecessary parentheses around method argument
  --> ../../docs/research/v8-no-work-100-20260907/experiments/copy_tag_shared_generated.rs:90:629
   |
90 | ...lags[12] { h[43] } else { QM31::ZERO })).add((if flags[13] { h[44] } else { QM31::ZERO })).add((if flags[14] { h[45] } else { QM31::ZE...
   |                                                 ^                                          ^
   |
help: remove these parentheses
   |
90 -     scratch[54]=(if flags[0] { h[26].add(n[28].add(n[40])) } else { QM31::ZERO }).add((if flags[1] { h[33] } else { QM31::ZERO })).add((if flags[3] { h[34] } else { QM31::ZERO })).add((if flags[4] { h[35] } else { QM31::ZERO })).add((if flags[5] { h[36] } else { QM31::ZERO })).add((if flags[6] { h[37] } else { QM31::ZERO })).add((if flags[7] { h[38] } else { QM31::ZERO })).add((if flags[8] { h[39] } else { QM31::ZERO })).add((if flags[9] { h[40] } else { QM31::ZERO })).add((if flags[10] { h[41] } else { QM31::ZERO })).add((if flags[11] { h[42] } else { QM31::ZERO })).add((if flags[12] { h[43] } else { QM31::ZERO })).add((if flags[13] { h[44] } else { QM31::ZERO })).add((if flags[14] { h[45] } else { QM31::ZERO })).add((if flags[15] { h[46] } else { QM31::ZERO })).add((if flags[16] { h[47] } else { QM31::ZERO })).add((if flags[17] { h[48] } else { QM31::ZERO })).add((if flags[18] { h[49] } else { QM31::ZERO })).add((if flags[19] { h[50] } else { QM31::ZERO })).add((if flags[20] { h[51] } else { QM31::ZERO })).add((if flags[21] { h[52] } else { QM31::ZERO })).add((if flags[22] { h[53] } else { QM31::ZERO }));
90 +     scratch[54]=(if flags[0] { h[26].add(n[28].add(n[40])) } else { QM31::ZERO }).add((if flags[1] { h[33] } else { QM31::ZERO })).add((if flags[3] { h[34] } else { QM31::ZERO })).add((if flags[4] { h[35] } else { QM31::ZERO })).add((if flags[5] { h[36] } else { QM31::ZERO })).add((if flags[6] { h[37] } else { QM31::ZERO })).add((if flags[7] { h[38] } else { QM31::ZERO })).add((if flags[8] { h[39] } else { QM31::ZERO })).add((if flags[9] { h[40] } else { QM31::ZERO })).add((if flags[10] { h[41] } else { QM31::ZERO })).add((if flags[11] { h[42] } else { QM31::ZERO })).add((if flags[12] { h[43] } else { QM31::ZERO })).add(if flags[13] { h[44] } else { QM31::ZERO }).add((if flags[14] { h[45] } else { QM31::ZERO })).add((if flags[15] { h[46] } else { QM31::ZERO })).add((if flags[16] { h[47] } else { QM31::ZERO })).add((if flags[17] { h[48] } else { QM31::ZERO })).add((if flags[18] { h[49] } else { QM31::ZERO })).add((if flags[19] { h[50] } else { QM31::ZERO })).add((if flags[20] { h[51] } else { QM31::ZERO })).add((if flags[21] { h[52] } else { QM31::ZERO })).add((if flags[22] { h[53] } else { QM31::ZERO }));
   |

warning: unnecessary parentheses around method argument
  --> ../../docs/research/v8-no-work-100-20260907/experiments/copy_tag_shared_generated.rs:90:579
   |
90 | ...lags[11] { h[42] } else { QM31::ZERO })).add((if flags[12] { h[43] } else { QM31::ZERO })).add((if flags[13] { h[44] } else { QM31::ZE...
   |                                                 ^                                          ^
   |
help: remove these parentheses
   |
90 -     scratch[54]=(if flags[0] { h[26].add(n[28].add(n[40])) } else { QM31::ZERO }).add((if flags[1] { h[33] } else { QM31::ZERO })).add((if flags[3] { h[34] } else { QM31::ZERO })).add((if flags[4] { h[35] } else { QM31::ZERO })).add((if flags[5] { h[36] } else { QM31::ZERO })).add((if flags[6] { h[37] } else { QM31::ZERO })).add((if flags[7] { h[38] } else { QM31::ZERO })).add((if flags[8] { h[39] } else { QM31::ZERO })).add((if flags[9] { h[40] } else { QM31::ZERO })).add((if flags[10] { h[41] } else { QM31::ZERO })).add((if flags[11] { h[42] } else { QM31::ZERO })).add((if flags[12] { h[43] } else { QM31::ZERO })).add((if flags[13] { h[44] } else { QM31::ZERO })).add((if flags[14] { h[45] } else { QM31::ZERO })).add((if flags[15] { h[46] } else { QM31::ZERO })).add((if flags[16] { h[47] } else { QM31::ZERO })).add((if flags[17] { h[48] } else { QM31::ZERO })).add((if flags[18] { h[49] } else { QM31::ZERO })).add((if flags[19] { h[50] } else { QM31::ZERO })).add((if flags[20] { h[51] } else { QM31::ZERO })).add((if flags[21] { h[52] } else { QM31::ZERO })).add((if flags[22] { h[53] } else { QM31::ZERO }));
90 +     scratch[54]=(if flags[0] { h[26].add(n[28].add(n[40])) } else { QM31::ZERO }).add((if flags[1] { h[33] } else { QM31::ZERO })).add((if flags[3] { h[34] } else { QM31::ZERO })).add((if flags[4] { h[35] } else { QM31::ZERO })).add((if flags[5] { h[36] } else { QM31::ZERO })).add((if flags[6] { h[37] } else { QM31::ZERO })).add((if flags[7] { h[38] } else { QM31::ZERO })).add((if flags[8] { h[39] } else { QM31::ZERO })).add((if flags[9] { h[40] } else { QM31::ZERO })).add((if flags[10] { h[41] } else { QM31::ZERO })).add((if flags[11] { h[42] } else { QM31::ZERO })).add(if flags[12] { h[43] } else { QM31::ZERO }).add((if flags[13] { h[44] } else { QM31::ZERO })).add((if flags[14] { h[45] } else { QM31::ZERO })).add((if flags[15] { h[46] } else { QM31::ZERO })).add((if flags[16] { h[47] } else { QM31::ZERO })).add((if flags[17] { h[48] } else { QM31::ZERO })).add((if flags[18] { h[49] } else { QM31::ZERO })).add((if flags[19] { h[50] } else { QM31::ZERO })).add((if flags[20] { h[51] } else { QM31::ZERO })).add((if flags[21] { h[52] } else { QM31::ZERO })).add((if flags[22] { h[53] } else { QM31::ZERO }));
   |

warning: unnecessary parentheses around method argument
  --> ../../docs/research/v8-no-work-100-20260907/experiments/copy_tag_shared_generated.rs:90:529
   |
90 | ...lags[10] { h[41] } else { QM31::ZERO })).add((if flags[11] { h[42] } else { QM31::ZERO })).add((if flags[12] { h[43] } else { QM31::ZE...
   |                                                 ^                                          ^
   |
help: remove these parentheses
   |
90 -     scratch[54]=(if flags[0] { h[26].add(n[28].add(n[40])) } else { QM31::ZERO }).add((if flags[1] { h[33] } else { QM31::ZERO })).add((if flags[3] { h[34] } else { QM31::ZERO })).add((if flags[4] { h[35] } else { QM31::ZERO })).add((if flags[5] { h[36] } else { QM31::ZERO })).add((if flags[6] { h[37] } else { QM31::ZERO })).add((if flags[7] { h[38] } else { QM31::ZERO })).add((if flags[8] { h[39] } else { QM31::ZERO })).add((if flags[9] { h[40] } else { QM31::ZERO })).add((if flags[10] { h[41] } else { QM31::ZERO })).add((if flags[11] { h[42] } else { QM31::ZERO })).add((if flags[12] { h[43] } else { QM31::ZERO })).add((if flags[13] { h[44] } else { QM31::ZERO })).add((if flags[14] { h[45] } else { QM31::ZERO })).add((if flags[15] { h[46] } else { QM31::ZERO })).add((if flags[16] { h[47] } else { QM31::ZERO })).add((if flags[17] { h[48] } else { QM31::ZERO })).add((if flags[18] { h[49] } else { QM31::ZERO })).add((if flags[19] { h[50] } else { QM31::ZERO })).add((if flags[20] { h[51] } else { QM31::ZERO })).add((if flags[21] { h[52] } else { QM31::ZERO })).add((if flags[22] { h[53] } else { QM31::ZERO }));
90 +     scratch[54]=(if flags[0] { h[26].add(n[28].add(n[40])) } else { QM31::ZERO }).add((if flags[1] { h[33] } else { QM31::ZERO })).add((if flags[3] { h[34] } else { QM31::ZERO })).add((if flags[4] { h[35] } else { QM31::ZERO })).add((if flags[5] { h[36] } else { QM31::ZERO })).add((if flags[6] { h[37] } else { QM31::ZERO })).add((if flags[7] { h[38] } else { QM31::ZERO })).add((if flags[8] { h[39] } else { QM31::ZERO })).add((if flags[9] { h[40] } else { QM31::ZERO })).add((if flags[10] { h[41] } else { QM31::ZERO })).add(if flags[11] { h[42] } else { QM31::ZERO }).add((if flags[12] { h[43] } else { QM31::ZERO })).add((if flags[13] { h[44] } else { QM31::ZERO })).add((if flags[14] { h[45] } else { QM31::ZERO })).add((if flags[15] { h[46] } else { QM31::ZERO })).add((if flags[16] { h[47] } else { QM31::ZERO })).add((if flags[17] { h[48] } else { QM31::ZERO })).add((if flags[18] { h[49] } else { QM31::ZERO })).add((if flags[19] { h[50] } else { QM31::ZERO })).add((if flags[20] { h[51] } else { QM31::ZERO })).add((if flags[21] { h[52] } else { QM31::ZERO })).add((if flags[22] { h[53] } else { QM31::ZERO }));
   |

warning: unnecessary parentheses around method argument
  --> ../../docs/research/v8-no-work-100-20260907/experiments/copy_tag_shared_generated.rs:90:479
   |
90 | ...flags[9] { h[40] } else { QM31::ZERO })).add((if flags[10] { h[41] } else { QM31::ZERO })).add((if flags[11] { h[42] } else { QM31::ZE...
   |                                                 ^                                          ^
   |
help: remove these parentheses
   |
90 -     scratch[54]=(if flags[0] { h[26].add(n[28].add(n[40])) } else { QM31::ZERO }).add((if flags[1] { h[33] } else { QM31::ZERO })).add((if flags[3] { h[34] } else { QM31::ZERO })).add((if flags[4] { h[35] } else { QM31::ZERO })).add((if flags[5] { h[36] } else { QM31::ZERO })).add((if flags[6] { h[37] } else { QM31::ZERO })).add((if flags[7] { h[38] } else { QM31::ZERO })).add((if flags[8] { h[39] } else { QM31::ZERO })).add((if flags[9] { h[40] } else { QM31::ZERO })).add((if flags[10] { h[41] } else { QM31::ZERO })).add((if flags[11] { h[42] } else { QM31::ZERO })).add((if flags[12] { h[43] } else { QM31::ZERO })).add((if flags[13] { h[44] } else { QM31::ZERO })).add((if flags[14] { h[45] } else { QM31::ZERO })).add((if flags[15] { h[46] } else { QM31::ZERO })).add((if flags[16] { h[47] } else { QM31::ZERO })).add((if flags[17] { h[48] } else { QM31::ZERO })).add((if flags[18] { h[49] } else { QM31::ZERO })).add((if flags[19] { h[50] } else { QM31::ZERO })).add((if flags[20] { h[51] } else { QM31::ZERO })).add((if flags[21] { h[52] } else { QM31::ZERO })).add((if flags[22] { h[53] } else { QM31::ZERO }));
90 +     scratch[54]=(if flags[0] { h[26].add(n[28].add(n[40])) } else { QM31::ZERO }).add((if flags[1] { h[33] } else { QM31::ZERO })).add((if flags[3] { h[34] } else { QM31::ZERO })).add((if flags[4] { h[35] } else { QM31::ZERO })).add((if flags[5] { h[36] } else { QM31::ZERO })).add((if flags[6] { h[37] } else { QM31::ZERO })).add((if flags[7] { h[38] } else { QM31::ZERO })).add((if flags[8] { h[39] } else { QM31::ZERO })).add((if flags[9] { h[40] } else { QM31::ZERO })).add(if flags[10] { h[41] } else { QM31::ZERO }).add((if flags[11] { h[42] } else { QM31::ZERO })).add((if flags[12] { h[43] } else { QM31::ZERO })).add((if flags[13] { h[44] } else { QM31::ZERO })).add((if flags[14] { h[45] } else { QM31::ZERO })).add((if flags[15] { h[46] } else { QM31::ZERO })).add((if flags[16] { h[47] } else { QM31::ZERO })).add((if flags[17] { h[48] } else { QM31::ZERO })).add((if flags[18] { h[49] } else { QM31::ZERO })).add((if flags[19] { h[50] } else { QM31::ZERO })).add((if flags[20] { h[51] } else { QM31::ZERO })).add((if flags[21] { h[52] } else { QM31::ZERO })).add((if flags[22] { h[53] } else { QM31::ZERO }));
   |

warning: unnecessary parentheses around method argument
  --> ../../docs/research/v8-no-work-100-20260907/experiments/copy_tag_shared_generated.rs:90:430
   |
90 | ...flags[8] { h[39] } else { QM31::ZERO })).add((if flags[9] { h[40] } else { QM31::ZERO })).add((if flags[10] { h[41] } else { QM31::ZER...
   |                                                 ^                                         ^
   |
help: remove these parentheses
   |
90 -     scratch[54]=(if flags[0] { h[26].add(n[28].add(n[40])) } else { QM31::ZERO }).add((if flags[1] { h[33] } else { QM31::ZERO })).add((if flags[3] { h[34] } else { QM31::ZERO })).add((if flags[4] { h[35] } else { QM31::ZERO })).add((if flags[5] { h[36] } else { QM31::ZERO })).add((if flags[6] { h[37] } else { QM31::ZERO })).add((if flags[7] { h[38] } else { QM31::ZERO })).add((if flags[8] { h[39] } else { QM31::ZERO })).add((if flags[9] { h[40] } else { QM31::ZERO })).add((if flags[10] { h[41] } else { QM31::ZERO })).add((if flags[11] { h[42] } else { QM31::ZERO })).add((if flags[12] { h[43] } else { QM31::ZERO })).add((if flags[13] { h[44] } else { QM31::ZERO })).add((if flags[14] { h[45] } else { QM31::ZERO })).add((if flags[15] { h[46] } else { QM31::ZERO })).add((if flags[16] { h[47] } else { QM31::ZERO })).add((if flags[17] { h[48] } else { QM31::ZERO })).add((if flags[18] { h[49] } else { QM31::ZERO })).add((if flags[19] { h[50] } else { QM31::ZERO })).add((if flags[20] { h[51] } else { QM31::ZERO })).add((if flags[21] { h[52] } else { QM31::ZERO })).add((if flags[22] { h[53] } else { QM31::ZERO }));
90 +     scratch[54]=(if flags[0] { h[26].add(n[28].add(n[40])) } else { QM31::ZERO }).add((if flags[1] { h[33] } else { QM31::ZERO })).add((if flags[3] { h[34] } else { QM31::ZERO })).add((if flags[4] { h[35] } else { QM31::ZERO })).add((if flags[5] { h[36] } else { QM31::ZERO })).add((if flags[6] { h[37] } else { QM31::ZERO })).add((if flags[7] { h[38] } else { QM31::ZERO })).add((if flags[8] { h[39] } else { QM31::ZERO })).add(if flags[9] { h[40] } else { QM31::ZERO }).add((if flags[10] { h[41] } else { QM31::ZERO })).add((if flags[11] { h[42] } else { QM31::ZERO })).add((if flags[12] { h[43] } else { QM31::ZERO })).add((if flags[13] { h[44] } else { QM31::ZERO })).add((if flags[14] { h[45] } else { QM31::ZERO })).add((if flags[15] { h[46] } else { QM31::ZERO })).add((if flags[16] { h[47] } else { QM31::ZERO })).add((if flags[17] { h[48] } else { QM31::ZERO })).add((if flags[18] { h[49] } else { QM31::ZERO })).add((if flags[19] { h[50] } else { QM31::ZERO })).add((if flags[20] { h[51] } else { QM31::ZERO })).add((if flags[21] { h[52] } else { QM31::ZERO })).add((if flags[22] { h[53] } else { QM31::ZERO }));
   |

warning: unnecessary parentheses around method argument
  --> ../../docs/research/v8-no-work-100-20260907/experiments/copy_tag_shared_generated.rs:90:381
   |
90 | ...flags[7] { h[38] } else { QM31::ZERO })).add((if flags[8] { h[39] } else { QM31::ZERO })).add((if flags[9] { h[40] } else { QM31::ZERO...
   |                                                 ^                                         ^
   |
help: remove these parentheses
   |
90 -     scratch[54]=(if flags[0] { h[26].add(n[28].add(n[40])) } else { QM31::ZERO }).add((if flags[1] { h[33] } else { QM31::ZERO })).add((if flags[3] { h[34] } else { QM31::ZERO })).add((if flags[4] { h[35] } else { QM31::ZERO })).add((if flags[5] { h[36] } else { QM31::ZERO })).add((if flags[6] { h[37] } else { QM31::ZERO })).add((if flags[7] { h[38] } else { QM31::ZERO })).add((if flags[8] { h[39] } else { QM31::ZERO })).add((if flags[9] { h[40] } else { QM31::ZERO })).add((if flags[10] { h[41] } else { QM31::ZERO })).add((if flags[11] { h[42] } else { QM31::ZERO })).add((if flags[12] { h[43] } else { QM31::ZERO })).add((if flags[13] { h[44] } else { QM31::ZERO })).add((if flags[14] { h[45] } else { QM31::ZERO })).add((if flags[15] { h[46] } else { QM31::ZERO })).add((if flags[16] { h[47] } else { QM31::ZERO })).add((if flags[17] { h[48] } else { QM31::ZERO })).add((if flags[18] { h[49] } else { QM31::ZERO })).add((if flags[19] { h[50] } else { QM31::ZERO })).add((if flags[20] { h[51] } else { QM31::ZERO })).add((if flags[21] { h[52] } else { QM31::ZERO })).add((if flags[22] { h[53] } else { QM31::ZERO }));
90 +     scratch[54]=(if flags[0] { h[26].add(n[28].add(n[40])) } else { QM31::ZERO }).add((if flags[1] { h[33] } else { QM31::ZERO })).add((if flags[3] { h[34] } else { QM31::ZERO })).add((if flags[4] { h[35] } else { QM31::ZERO })).add((if flags[5] { h[36] } else { QM31::ZERO })).add((if flags[6] { h[37] } else { QM31::ZERO })).add((if flags[7] { h[38] } else { QM31::ZERO })).add(if flags[8] { h[39] } else { QM31::ZERO }).add((if flags[9] { h[40] } else { QM31::ZERO })).add((if flags[10] { h[41] } else { QM31::ZERO })).add((if flags[11] { h[42] } else { QM31::ZERO })).add((if flags[12] { h[43] } else { QM31::ZERO })).add((if flags[13] { h[44] } else { QM31::ZERO })).add((if flags[14] { h[45] } else { QM31::ZERO })).add((if flags[15] { h[46] } else { QM31::ZERO })).add((if flags[16] { h[47] } else { QM31::ZERO })).add((if flags[17] { h[48] } else { QM31::ZERO })).add((if flags[18] { h[49] } else { QM31::ZERO })).add((if flags[19] { h[50] } else { QM31::ZERO })).add((if flags[20] { h[51] } else { QM31::ZERO })).add((if flags[21] { h[52] } else { QM31::ZERO })).add((if flags[22] { h[53] } else { QM31::ZERO }));
   |

warning: unnecessary parentheses around method argument
  --> ../../docs/research/v8-no-work-100-20260907/experiments/copy_tag_shared_generated.rs:90:332
   |
90 | ...flags[6] { h[37] } else { QM31::ZERO })).add((if flags[7] { h[38] } else { QM31::ZERO })).add((if flags[8] { h[39] } else { QM31::ZERO...
   |                                                 ^                                         ^
   |
help: remove these parentheses
   |
90 -     scratch[54]=(if flags[0] { h[26].add(n[28].add(n[40])) } else { QM31::ZERO }).add((if flags[1] { h[33] } else { QM31::ZERO })).add((if flags[3] { h[34] } else { QM31::ZERO })).add((if flags[4] { h[35] } else { QM31::ZERO })).add((if flags[5] { h[36] } else { QM31::ZERO })).add((if flags[6] { h[37] } else { QM31::ZERO })).add((if flags[7] { h[38] } else { QM31::ZERO })).add((if flags[8] { h[39] } else { QM31::ZERO })).add((if flags[9] { h[40] } else { QM31::ZERO })).add((if flags[10] { h[41] } else { QM31::ZERO })).add((if flags[11] { h[42] } else { QM31::ZERO })).add((if flags[12] { h[43] } else { QM31::ZERO })).add((if flags[13] { h[44] } else { QM31::ZERO })).add((if flags[14] { h[45] } else { QM31::ZERO })).add((if flags[15] { h[46] } else { QM31::ZERO })).add((if flags[16] { h[47] } else { QM31::ZERO })).add((if flags[17] { h[48] } else { QM31::ZERO })).add((if flags[18] { h[49] } else { QM31::ZERO })).add((if flags[19] { h[50] } else { QM31::ZERO })).add((if flags[20] { h[51] } else { QM31::ZERO })).add((if flags[21] { h[52] } else { QM31::ZERO })).add((if flags[22] { h[53] } else { QM31::ZERO }));
90 +     scratch[54]=(if flags[0] { h[26].add(n[28].add(n[40])) } else { QM31::ZERO }).add((if flags[1] { h[33] } else { QM31::ZERO })).add((if flags[3] { h[34] } else { QM31::ZERO })).add((if flags[4] { h[35] } else { QM31::ZERO })).add((if flags[5] { h[36] } else { QM31::ZERO })).add((if flags[6] { h[37] } else { QM31::ZERO })).add(if flags[7] { h[38] } else { QM31::ZERO }).add((if flags[8] { h[39] } else { QM31::ZERO })).add((if flags[9] { h[40] } else { QM31::ZERO })).add((if flags[10] { h[41] } else { QM31::ZERO })).add((if flags[11] { h[42] } else { QM31::ZERO })).add((if flags[12] { h[43] } else { QM31::ZERO })).add((if flags[13] { h[44] } else { QM31::ZERO })).add((if flags[14] { h[45] } else { QM31::ZERO })).add((if flags[15] { h[46] } else { QM31::ZERO })).add((if flags[16] { h[47] } else { QM31::ZERO })).add((if flags[17] { h[48] } else { QM31::ZERO })).add((if flags[18] { h[49] } else { QM31::ZERO })).add((if flags[19] { h[50] } else { QM31::ZERO })).add((if flags[20] { h[51] } else { QM31::ZERO })).add((if flags[21] { h[52] } else { QM31::ZERO })).add((if flags[22] { h[53] } else { QM31::ZERO }));
   |

warning: unnecessary parentheses around method argument
  --> ../../docs/research/v8-no-work-100-20260907/experiments/copy_tag_shared_generated.rs:90:283
   |
90 | ...flags[5] { h[36] } else { QM31::ZERO })).add((if flags[6] { h[37] } else { QM31::ZERO })).add((if flags[7] { h[38] } else { QM31::ZERO...
   |                                                 ^                                         ^
   |
help: remove these parentheses
   |
90 -     scratch[54]=(if flags[0] { h[26].add(n[28].add(n[40])) } else { QM31::ZERO }).add((if flags[1] { h[33] } else { QM31::ZERO })).add((if flags[3] { h[34] } else { QM31::ZERO })).add((if flags[4] { h[35] } else { QM31::ZERO })).add((if flags[5] { h[36] } else { QM31::ZERO })).add((if flags[6] { h[37] } else { QM31::ZERO })).add((if flags[7] { h[38] } else { QM31::ZERO })).add((if flags[8] { h[39] } else { QM31::ZERO })).add((if flags[9] { h[40] } else { QM31::ZERO })).add((if flags[10] { h[41] } else { QM31::ZERO })).add((if flags[11] { h[42] } else { QM31::ZERO })).add((if flags[12] { h[43] } else { QM31::ZERO })).add((if flags[13] { h[44] } else { QM31::ZERO })).add((if flags[14] { h[45] } else { QM31::ZERO })).add((if flags[15] { h[46] } else { QM31::ZERO })).add((if flags[16] { h[47] } else { QM31::ZERO })).add((if flags[17] { h[48] } else { QM31::ZERO })).add((if flags[18] { h[49] } else { QM31::ZERO })).add((if flags[19] { h[50] } else { QM31::ZERO })).add((if flags[20] { h[51] } else { QM31::ZERO })).add((if flags[21] { h[52] } else { QM31::ZERO })).add((if flags[22] { h[53] } else { QM31::ZERO }));
90 +     scratch[54]=(if flags[0] { h[26].add(n[28].add(n[40])) } else { QM31::ZERO }).add((if flags[1] { h[33] } else { QM31::ZERO })).add((if flags[3] { h[34] } else { QM31::ZERO })).add((if flags[4] { h[35] } else { QM31::ZERO })).add((if flags[5] { h[36] } else { QM31::ZERO })).add(if flags[6] { h[37] } else { QM31::ZERO }).add((if flags[7] { h[38] } else { QM31::ZERO })).add((if flags[8] { h[39] } else { QM31::ZERO })).add((if flags[9] { h[40] } else { QM31::ZERO })).add((if flags[10] { h[41] } else { QM31::ZERO })).add((if flags[11] { h[42] } else { QM31::ZERO })).add((if flags[12] { h[43] } else { QM31::ZERO })).add((if flags[13] { h[44] } else { QM31::ZERO })).add((if flags[14] { h[45] } else { QM31::ZERO })).add((if flags[15] { h[46] } else { QM31::ZERO })).add((if flags[16] { h[47] } else { QM31::ZERO })).add((if flags[17] { h[48] } else { QM31::ZERO })).add((if flags[18] { h[49] } else { QM31::ZERO })).add((if flags[19] { h[50] } else { QM31::ZERO })).add((if flags[20] { h[51] } else { QM31::ZERO })).add((if flags[21] { h[52] } else { QM31::ZERO })).add((if flags[22] { h[53] } else { QM31::ZERO }));
   |

warning: unnecessary parentheses around method argument
  --> ../../docs/research/v8-no-work-100-20260907/experiments/copy_tag_shared_generated.rs:90:234
   |
90 | ...flags[4] { h[35] } else { QM31::ZERO })).add((if flags[5] { h[36] } else { QM31::ZERO })).add((if flags[6] { h[37] } else { QM31::ZERO...
   |                                                 ^                                         ^
   |
help: remove these parentheses
   |
90 -     scratch[54]=(if flags[0] { h[26].add(n[28].add(n[40])) } else { QM31::ZERO }).add((if flags[1] { h[33] } else { QM31::ZERO })).add((if flags[3] { h[34] } else { QM31::ZERO })).add((if flags[4] { h[35] } else { QM31::ZERO })).add((if flags[5] { h[36] } else { QM31::ZERO })).add((if flags[6] { h[37] } else { QM31::ZERO })).add((if flags[7] { h[38] } else { QM31::ZERO })).add((if flags[8] { h[39] } else { QM31::ZERO })).add((if flags[9] { h[40] } else { QM31::ZERO })).add((if flags[10] { h[41] } else { QM31::ZERO })).add((if flags[11] { h[42] } else { QM31::ZERO })).add((if flags[12] { h[43] } else { QM31::ZERO })).add((if flags[13] { h[44] } else { QM31::ZERO })).add((if flags[14] { h[45] } else { QM31::ZERO })).add((if flags[15] { h[46] } else { QM31::ZERO })).add((if flags[16] { h[47] } else { QM31::ZERO })).add((if flags[17] { h[48] } else { QM31::ZERO })).add((if flags[18] { h[49] } else { QM31::ZERO })).add((if flags[19] { h[50] } else { QM31::ZERO })).add((if flags[20] { h[51] } else { QM31::ZERO })).add((if flags[21] { h[52] } else { QM31::ZERO })).add((if flags[22] { h[53] } else { QM31::ZERO }));
90 +     scratch[54]=(if flags[0] { h[26].add(n[28].add(n[40])) } else { QM31::ZERO }).add((if flags[1] { h[33] } else { QM31::ZERO })).add((if flags[3] { h[34] } else { QM31::ZERO })).add((if flags[4] { h[35] } else { QM31::ZERO })).add(if flags[5] { h[36] } else { QM31::ZERO }).add((if flags[6] { h[37] } else { QM31::ZERO })).add((if flags[7] { h[38] } else { QM31::ZERO })).add((if flags[8] { h[39] } else { QM31::ZERO })).add((if flags[9] { h[40] } else { QM31::ZERO })).add((if flags[10] { h[41] } else { QM31::ZERO })).add((if flags[11] { h[42] } else { QM31::ZERO })).add((if flags[12] { h[43] } else { QM31::ZERO })).add((if flags[13] { h[44] } else { QM31::ZERO })).add((if flags[14] { h[45] } else { QM31::ZERO })).add((if flags[15] { h[46] } else { QM31::ZERO })).add((if flags[16] { h[47] } else { QM31::ZERO })).add((if flags[17] { h[48] } else { QM31::ZERO })).add((if flags[18] { h[49] } else { QM31::ZERO })).add((if flags[19] { h[50] } else { QM31::ZERO })).add((if flags[20] { h[51] } else { QM31::ZERO })).add((if flags[21] { h[52] } else { QM31::ZERO })).add((if flags[22] { h[53] } else { QM31::ZERO }));
   |

warning: unnecessary parentheses around method argument
  --> ../../docs/research/v8-no-work-100-20260907/experiments/copy_tag_shared_generated.rs:90:185
   |
90 | ...flags[3] { h[34] } else { QM31::ZERO })).add((if flags[4] { h[35] } else { QM31::ZERO })).add((if flags[5] { h[36] } else { QM31::ZERO...
   |                                                 ^                                         ^
   |
help: remove these parentheses
   |
90 -     scratch[54]=(if flags[0] { h[26].add(n[28].add(n[40])) } else { QM31::ZERO }).add((if flags[1] { h[33] } else { QM31::ZERO })).add((if flags[3] { h[34] } else { QM31::ZERO })).add((if flags[4] { h[35] } else { QM31::ZERO })).add((if flags[5] { h[36] } else { QM31::ZERO })).add((if flags[6] { h[37] } else { QM31::ZERO })).add((if flags[7] { h[38] } else { QM31::ZERO })).add((if flags[8] { h[39] } else { QM31::ZERO })).add((if flags[9] { h[40] } else { QM31::ZERO })).add((if flags[10] { h[41] } else { QM31::ZERO })).add((if flags[11] { h[42] } else { QM31::ZERO })).add((if flags[12] { h[43] } else { QM31::ZERO })).add((if flags[13] { h[44] } else { QM31::ZERO })).add((if flags[14] { h[45] } else { QM31::ZERO })).add((if flags[15] { h[46] } else { QM31::ZERO })).add((if flags[16] { h[47] } else { QM31::ZERO })).add((if flags[17] { h[48] } else { QM31::ZERO })).add((if flags[18] { h[49] } else { QM31::ZERO })).add((if flags[19] { h[50] } else { QM31::ZERO })).add((if flags[20] { h[51] } else { QM31::ZERO })).add((if flags[21] { h[52] } else { QM31::ZERO })).add((if flags[22] { h[53] } else { QM31::ZERO }));
90 +     scratch[54]=(if flags[0] { h[26].add(n[28].add(n[40])) } else { QM31::ZERO }).add((if flags[1] { h[33] } else { QM31::ZERO })).add((if flags[3] { h[34] } else { QM31::ZERO })).add(if flags[4] { h[35] } else { QM31::ZERO }).add((if flags[5] { h[36] } else { QM31::ZERO })).add((if flags[6] { h[37] } else { QM31::ZERO })).add((if flags[7] { h[38] } else { QM31::ZERO })).add((if flags[8] { h[39] } else { QM31::ZERO })).add((if flags[9] { h[40] } else { QM31::ZERO })).add((if flags[10] { h[41] } else { QM31::ZERO })).add((if flags[11] { h[42] } else { QM31::ZERO })).add((if flags[12] { h[43] } else { QM31::ZERO })).add((if flags[13] { h[44] } else { QM31::ZERO })).add((if flags[14] { h[45] } else { QM31::ZERO })).add((if flags[15] { h[46] } else { QM31::ZERO })).add((if flags[16] { h[47] } else { QM31::ZERO })).add((if flags[17] { h[48] } else { QM31::ZERO })).add((if flags[18] { h[49] } else { QM31::ZERO })).add((if flags[19] { h[50] } else { QM31::ZERO })).add((if flags[20] { h[51] } else { QM31::ZERO })).add((if flags[21] { h[52] } else { QM31::ZERO })).add((if flags[22] { h[53] } else { QM31::ZERO }));
   |

warning: unnecessary parentheses around method argument
  --> ../../docs/research/v8-no-work-100-20260907/experiments/copy_tag_shared_generated.rs:90:136
   |
90 | ...flags[1] { h[33] } else { QM31::ZERO })).add((if flags[3] { h[34] } else { QM31::ZERO })).add((if flags[4] { h[35] } else { QM31::ZERO...
   |                                                 ^                                         ^
   |
help: remove these parentheses
   |
90 -     scratch[54]=(if flags[0] { h[26].add(n[28].add(n[40])) } else { QM31::ZERO }).add((if flags[1] { h[33] } else { QM31::ZERO })).add((if flags[3] { h[34] } else { QM31::ZERO })).add((if flags[4] { h[35] } else { QM31::ZERO })).add((if flags[5] { h[36] } else { QM31::ZERO })).add((if flags[6] { h[37] } else { QM31::ZERO })).add((if flags[7] { h[38] } else { QM31::ZERO })).add((if flags[8] { h[39] } else { QM31::ZERO })).add((if flags[9] { h[40] } else { QM31::ZERO })).add((if flags[10] { h[41] } else { QM31::ZERO })).add((if flags[11] { h[42] } else { QM31::ZERO })).add((if flags[12] { h[43] } else { QM31::ZERO })).add((if flags[13] { h[44] } else { QM31::ZERO })).add((if flags[14] { h[45] } else { QM31::ZERO })).add((if flags[15] { h[46] } else { QM31::ZERO })).add((if flags[16] { h[47] } else { QM31::ZERO })).add((if flags[17] { h[48] } else { QM31::ZERO })).add((if flags[18] { h[49] } else { QM31::ZERO })).add((if flags[19] { h[50] } else { QM31::ZERO })).add((if flags[20] { h[51] } else { QM31::ZERO })).add((if flags[21] { h[52] } else { QM31::ZERO })).add((if flags[22] { h[53] } else { QM31::ZERO }));
90 +     scratch[54]=(if flags[0] { h[26].add(n[28].add(n[40])) } else { QM31::ZERO }).add((if flags[1] { h[33] } else { QM31::ZERO })).add(if flags[3] { h[34] } else { QM31::ZERO }).add((if flags[4] { h[35] } else { QM31::ZERO })).add((if flags[5] { h[36] } else { QM31::ZERO })).add((if flags[6] { h[37] } else { QM31::ZERO })).add((if flags[7] { h[38] } else { QM31::ZERO })).add((if flags[8] { h[39] } else { QM31::ZERO })).add((if flags[9] { h[40] } else { QM31::ZERO })).add((if flags[10] { h[41] } else { QM31::ZERO })).add((if flags[11] { h[42] } else { QM31::ZERO })).add((if flags[12] { h[43] } else { QM31::ZERO })).add((if flags[13] { h[44] } else { QM31::ZERO })).add((if flags[14] { h[45] } else { QM31::ZERO })).add((if flags[15] { h[46] } else { QM31::ZERO })).add((if flags[16] { h[47] } else { QM31::ZERO })).add((if flags[17] { h[48] } else { QM31::ZERO })).add((if flags[18] { h[49] } else { QM31::ZERO })).add((if flags[19] { h[50] } else { QM31::ZERO })).add((if flags[20] { h[51] } else { QM31::ZERO })).add((if flags[21] { h[52] } else { QM31::ZERO })).add((if flags[22] { h[53] } else { QM31::ZERO }));
   |

warning: unnecessary parentheses around method argument
  --> ../../docs/research/v8-no-work-100-20260907/experiments/copy_tag_shared_generated.rs:90:87
   |
90 |     scratch[54]=(if flags[0] { h[26].add(n[28].add(n[40])) } else { QM31::ZERO }).add((if flags[1] { h[33] } else { QM31::ZERO })).add((i...
   |                                                                                       ^                                         ^
   |
help: remove these parentheses
   |
90 -     scratch[54]=(if flags[0] { h[26].add(n[28].add(n[40])) } else { QM31::ZERO }).add((if flags[1] { h[33] } else { QM31::ZERO })).add((if flags[3] { h[34] } else { QM31::ZERO })).add((if flags[4] { h[35] } else { QM31::ZERO })).add((if flags[5] { h[36] } else { QM31::ZERO })).add((if flags[6] { h[37] } else { QM31::ZERO })).add((if flags[7] { h[38] } else { QM31::ZERO })).add((if flags[8] { h[39] } else { QM31::ZERO })).add((if flags[9] { h[40] } else { QM31::ZERO })).add((if flags[10] { h[41] } else { QM31::ZERO })).add((if flags[11] { h[42] } else { QM31::ZERO })).add((if flags[12] { h[43] } else { QM31::ZERO })).add((if flags[13] { h[44] } else { QM31::ZERO })).add((if flags[14] { h[45] } else { QM31::ZERO })).add((if flags[15] { h[46] } else { QM31::ZERO })).add((if flags[16] { h[47] } else { QM31::ZERO })).add((if flags[17] { h[48] } else { QM31::ZERO })).add((if flags[18] { h[49] } else { QM31::ZERO })).add((if flags[19] { h[50] } else { QM31::ZERO })).add((if flags[20] { h[51] } else { QM31::ZERO })).add((if flags[21] { h[52] } else { QM31::ZERO })).add((if flags[22] { h[53] } else { QM31::ZERO }));
90 +     scratch[54]=(if flags[0] { h[26].add(n[28].add(n[40])) } else { QM31::ZERO }).add(if flags[1] { h[33] } else { QM31::ZERO }).add((if flags[3] { h[34] } else { QM31::ZERO })).add((if flags[4] { h[35] } else { QM31::ZERO })).add((if flags[5] { h[36] } else { QM31::ZERO })).add((if flags[6] { h[37] } else { QM31::ZERO })).add((if flags[7] { h[38] } else { QM31::ZERO })).add((if flags[8] { h[39] } else { QM31::ZERO })).add((if flags[9] { h[40] } else { QM31::ZERO })).add((if flags[10] { h[41] } else { QM31::ZERO })).add((if flags[11] { h[42] } else { QM31::ZERO })).add((if flags[12] { h[43] } else { QM31::ZERO })).add((if flags[13] { h[44] } else { QM31::ZERO })).add((if flags[14] { h[45] } else { QM31::ZERO })).add((if flags[15] { h[46] } else { QM31::ZERO })).add((if flags[16] { h[47] } else { QM31::ZERO })).add((if flags[17] { h[48] } else { QM31::ZERO })).add((if flags[18] { h[49] } else { QM31::ZERO })).add((if flags[19] { h[50] } else { QM31::ZERO })).add((if flags[20] { h[51] } else { QM31::ZERO })).add((if flags[21] { h[52] } else { QM31::ZERO })).add((if flags[22] { h[53] } else { QM31::ZERO }));
   |

warning: unnecessary parentheses around assigned value
  --> ../../docs/research/v8-no-work-100-20260907/experiments/copy_tag_shared_generated.rs:91:17
   |
91 |     scratch[55]=(if flags[0] { n[4] } else { QM31::ZERO });
   |                 ^                                        ^
   |
help: remove these parentheses
   |
91 -     scratch[55]=(if flags[0] { n[4] } else { QM31::ZERO });
91 +     scratch[55]=if flags[0] { n[4] } else { QM31::ZERO };
   |

warning: unnecessary parentheses around assigned value
  --> ../../docs/research/v8-no-work-100-20260907/experiments/copy_tag_shared_generated.rs:92:17
   |
92 |     scratch[56]=(if flags[0] { h[63] } else { QM31::ZERO });
   |                 ^                                         ^
   |
help: remove these parentheses
   |
92 -     scratch[56]=(if flags[0] { h[63] } else { QM31::ZERO });
92 +     scratch[56]=if flags[0] { h[63] } else { QM31::ZERO };
   |

warning: unnecessary parentheses around assigned value
  --> ../../docs/research/v8-no-work-100-20260907/experiments/copy_tag_shared_generated.rs:93:17
   |
93 |     scratch[57]=(if flags[0] { h[63] } else { QM31::ZERO });
   |                 ^                                         ^
   |
help: remove these parentheses
   |
93 -     scratch[57]=(if flags[0] { h[63] } else { QM31::ZERO });
93 +     scratch[57]=if flags[0] { h[63] } else { QM31::ZERO };
   |

warning: unnecessary parentheses around assigned value
  --> ../../docs/research/v8-no-work-100-20260907/experiments/copy_tag_shared_generated.rs:94:17
   |
94 |     scratch[58]=(if flags[0] { h[63] } else { QM31::ZERO });
   |                 ^                                         ^
   |
help: remove these parentheses
   |
94 -     scratch[58]=(if flags[0] { h[63] } else { QM31::ZERO });
94 +     scratch[58]=if flags[0] { h[63] } else { QM31::ZERO };
   |

warning: unnecessary parentheses around method argument
  --> ../../docs/research/v8-no-work-100-20260907/experiments/copy_tag_shared_generated.rs:95:65
   |
95 |     scratch[59]=(if flags[0] { h[26] } else { QM31::ZERO }).add((if flags[2] { h[33] } else { QM31::ZERO }));
   |                                                                 ^                                         ^
   |
help: remove these parentheses
   |
95 -     scratch[59]=(if flags[0] { h[26] } else { QM31::ZERO }).add((if flags[2] { h[33] } else { QM31::ZERO }));
95 +     scratch[59]=(if flags[0] { h[26] } else { QM31::ZERO }).add(if flags[2] { h[33] } else { QM31::ZERO });
   |

warning: unused imports: `POOL_V1_PAIR_FOREST_ALL_LANES_MASK` and `decode_pool_v1_pair_late_public_statement_v1`
  --> src/pool_v1/pair_forest_terminal.rs:15:5
   |
15 |     decode_pool_v1_pair_late_public_statement_v1, decode_pool_v1_pair_verified_afterstate_v1,
   |     ^^^^^^^^^^^^^^^^^^^^^^^^^^^^^^^^^^^^^^^^^^^^
...
24 |     PoolV1WithdrawalPublicV1, POOL_V1_DIGEST_ENCODING_VERSION, POOL_V1_PAIR_FOREST_ALL_LANES_MASK,
   |                                                                ^^^^^^^^^^^^^^^^^^^^^^^^^^^^^^^^^^

warning: unused imports: `trace_round_constant` and `trace_round_descriptor`
  --> src/state_only_poseidon.rs:18:5
   |
18 |     trace_round_constant, trace_round_descriptor, EXTERNAL_FINAL, EXTERNAL_INITIAL, INTERNAL,
   |     ^^^^^^^^^^^^^^^^^^^^  ^^^^^^^^^^^^^^^^^^^^^^

warning: unreachable statement
   --> src/pool_v1/pair_forest_copy_terminal.rs:364:5
    |
360 |     return pattern_values_suffix(openings, lambda);
    |     ---------------------------------------------- any code following this expression is unreachable
...
364 |     return pattern_values_windowed(openings, lambda);
    |     ^^^^^^^^^^^^^^^^^^^^^^^^^^^^^^^^^^^^^^^^^^^^^^^^^ unreachable statement
    |
    = note: `#[warn(unreachable_code)]` on by default

warning: unreachable statement
   --> src/pool_v1/pair_forest_copy_terminal.rs:783:5
    |
782 |     return research_copy_tag_split(coordinate,selectors);
    |     ---------------------------------------------------- any code following this expression is unreachable
783 |     let mut output = [M31::ZERO; 4];
    |     ^^^^^^^^^^^^^^^^^^^^^^^^^^^^^^^^ unreachable statement

warning: unreachable expression
   --> src/pool_v1/pair_forest_copy_terminal.rs:838:5
    |
837 |     return research_copy_tag_shared(coordinate,_scratch[coordinate],selectors);
    |     -------------------------------------------------------------------------- any code following this expression is unreachable
838 |     copy_tag_coordinate_dot(coordinate, selectors)
    |     ^^^^^^^^^^^^^^^^^^^^^^^^^^^^^^^^^^^^^^^^^^^^^^ unreachable expression

warning: type `CompiledCopyLink` is more private than the item `COMPILED_COPY_LINKS`
   --> src/state_only_terminal_constants.rs:850:1
    |
850 | pub(crate) const COMPILED_COPY_LINKS: [CompiledCopyLink; 102] = [
    | ^^^^^^^^^^^^^^^^^^^^^^^^^^^^^^^^^^^^^^^^^^^^^^^^^^^^^^^^^^^^^ constant `COMPILED_COPY_LINKS` is reachable at visibility `pub(crate)`
    |
note: but type `CompiledCopyLink` is only usable at visibility `pub(self)`
   --> src/state_only_terminal.rs:88:1
    |
88  | struct CompiledCopyLink {
    | ^^^^^^^^^^^^^^^^^^^^^^^
    = note: `#[warn(private_interfaces)]` on by default

warning: `aspis-core` (lib) generated 5 warnings (run `cargo fix --lib -p aspis-core` to apply 1 suggestion)
warning: `aspis-statement` (lib) generated 227 warnings (run `cargo fix --lib -p aspis-statement` to apply 223 suggestions)
   Compiling aspis-verifier v0.1.0 (/home/dombarker/project-offloads/aspis-v8-performance-20260908.scS2Jz/programs/aspis-verifier)
warning: unused imports: `V7_COMPACT_BODY_WITHOUT_FRONTIERS`, `V7_COMPACT_DIGEST_BYTES`, and `V7_COMPACT_FRONTIER_CAP_PER_TREE`
  --> src/v7_pair_forest_dispatch.rs:16:5
   |
16 |     V7_COMPACT_BODY_WITHOUT_FRONTIERS, V7_COMPACT_DIGEST_BYTES, V7_COMPACT_FRONTIER_CAP_PER_TREE,
   |     ^^^^^^^^^^^^^^^^^^^^^^^^^^^^^^^^^  ^^^^^^^^^^^^^^^^^^^^^^^  ^^^^^^^^^^^^^^^^^^^^^^^^^^^^^^^^
   |
   = note: `#[warn(unused_imports)]` on by default

warning: unused imports: `POOL_V1_PAIR_FOREST_TERMINAL_STATEMENT_BYTES`, `V7_POOL_NATIVE_TAG73_MIN_FRONTIER_NODES`, `decode_pool_v1_pair_forest_lane_state_v1`, and `decode_pool_v1_pair_forest_terminal_statement_v1`
  --> src/v7_pair_forest_dispatch.rs:21:47
   |
21 |     decode_pool_v1_pair_forest_checkpoint_v1, decode_pool_v1_pair_forest_lane_state_v1,
   |                                               ^^^^^^^^^^^^^^^^^^^^^^^^^^^^^^^^^^^^^^^^
22 |     decode_pool_v1_pair_forest_master_v1, decode_pool_v1_pair_forest_terminal_request_v1,
23 |     decode_pool_v1_pair_forest_terminal_statement_v1, decode_pool_v1_pair_verified_afterstate_v1,
   |     ^^^^^^^^^^^^^^^^^^^^^^^^^^^^^^^^^^^^^^^^^^^^^^^^
...
33 |     POOL_V1_PAIR_FOREST_TERMINAL_STATEMENT_BYTES, POOL_V1_PAIR_VERIFIED_AFTERSTATE_BYTES,
   |     ^^^^^^^^^^^^^^^^^^^^^^^^^^^^^^^^^^^^^^^^^^^^
34 |     V7_POOL_NATIVE_TAG73_MIN_FRONTIER_NODES, V7_POOL_PAIR_FOREST_TAG73_PROFILE_BINDING,
   |     ^^^^^^^^^^^^^^^^^^^^^^^^^^^^^^^^^^^^^^^

warning: unused import: `polynomial_for_extension`
 --> src/../../../docs/research/v8-no-work-100-20260907/experiments/relation_callback.rs:9:112
  |
9 | use corelib::{field::{QM31 as K,CM31,M31},transcript::{Transcript,label},sumcheck::{WeightAccumulator,evaluate,polynomial_for_extension},
  |                                                                                                                ^^^^^^^^^^^^^^^^^^^^^^^^

warning: unused import: `evaluate_state_only_polynomial`
 --> src/../../../docs/research/v8-no-work-100-20260907/experiments/performance_verifier.rs:6:63
  |
6 | use corelib::state_only_sumcheck::{begin_state_only_zerocheck,evaluate_state_only_polynomial};
  |                                                               ^^^^^^^^^^^^^^^^^^^^^^^^^^^^^^

warning: use of deprecated module `solana_program::system_instruction`: Use `solana_system_interface` crate instead
  --> src/atomic_payment.rs:15:5
   |
15 |     system_instruction, system_program,
   |     ^^^^^^^^^^^^^^^^^^
   |
   = note: `#[warn(deprecated)]` on by default

warning: use of deprecated module `solana_program::system_program`: Use `solana_sdk_ids::system_program` instead
  --> src/atomic_payment.rs:15:25
   |
15 |     system_instruction, system_program,
   |                         ^^^^^^^^^^^^^^

warning: unused variable: `x`
   --> src/../../../docs/research/v8-no-work-100-20260907/experiments/relation_callback.rs:179:17
    |
179 |         for (j,(x,y)) in [(base.x,base.y),(base.x,base.y.neg()),(base.x.neg(),base.y.neg()),(base.x.neg(),base.y)].into_iter().enumerate(){
    |                 ^ help: if this is intentional, prefix it with an underscore: `_x`
    |
    = note: `#[warn(unused_variables)]` on by default

warning: unused variable: `y`
   --> src/../../../docs/research/v8-no-work-100-20260907/experiments/relation_callback.rs:179:19
    |
179 |         for (j,(x,y)) in [(base.x,base.y),(base.x,base.y.neg()),(base.x.neg(),base.y.neg()),(base.x.neg(),base.y)].into_iter().enumerate(){
    |                   ^ help: if this is intentional, prefix it with an underscore: `_y`

warning: `aspis-verifier` (lib) generated 8 warnings (run `cargo fix --lib -p aspis-verifier` to apply 4 suggestions)
   Compiling aspis-v8-complete-sbf v0.0.0 (/home/dombarker/project-offloads/aspis-v8-performance-20260908.scS2Jz/docs/research/v8-no-work-100-20260907/experiments/complete-sbf)
warning: use of deprecated field `solana_program::solana_program_entrypoint::BumpAllocator::start`: This field should not be accessed directly. It will become private in future versions
 --> lib.rs:8:5
  |
8 |     start:solana_program::entrypoint::HEAP_START_ADDRESS as usize,len:256*1024};
  |     ^^^^^^^^^^^^^^^^^^^^^^^^^^^^^^^^^^^^^^^^^^^^^^^^^^^^^^^^^^^^^
  |
  = note: `#[warn(deprecated)]` on by default

warning: use of deprecated field `solana_program::solana_program_entrypoint::BumpAllocator::len`: This field should not be accessed directly. It will become private in future versions
 --> lib.rs:8:67
  |
8 |     start:solana_program::entrypoint::HEAP_START_ADDRESS as usize,len:256*1024};
  |                                                                   ^^^^^^^^^^^^

warning: `aspis-v8-complete-sbf` (lib) generated 2 warnings
    Finished `release` profile [optimized] target(s) in 33.27s
	Command being timed: "env CARGO_TARGET_DIR=/home/dombarker/project-offloads/aspis-v8-performance-20260908.scS2Jz/docs/research/v8-no-work-100-20260907/experiments/performance-sbf/target RUSTC=/home/dombarker/.cache/solana/v1.54/platform-tools/rust/bin/rustc RUSTFLAGS=--cfg v8_complete --cfg v8_performance_fast --cfg v8_structured --cfg v8_fine_profile --cfg v8_batch_m --cfg v8_tower_batch --cfg v8_query_kernels --cfg v8_fused_rows --cfg v8_shared_weights --cfg v8_block_horner --cfg v8_gamma_wrap --cfg v8_reuse_gamma --cfg v8_grouped_linear --cfg v8_query_shared --cfg v8_range_m31 --cfg v8_range_cm31 --cfg v8_sparse_groups --cfg v8_range_dots --cfg v8_cm_schoolbook --cfg v8_prepared_schoolbook --cfg v8_quiet_profile -A dead_code -A unexpected_cfgs --cfg v8_performance_sbf --cfg v8_qm_hybrid --cfg v8_qm_lazy_c0 --cfg v8_gamma_partial --cfg v8_qm_channel_partial --cfg v8_copy_suffix --cfg v8_copy_tag7 --cfg v8_copy_plan --cfg v8_copy_tag_split --cfg v8_copy_tag_bounded --cfg v8_copy_tag_shared --cfg v8_copy_tag_offsets cargo-build-sbf --offline --skip-tools-install --no-rustup-override --tools-version v1.54 --jobs 2 --manifest-path /home/dombarker/project-offloads/aspis-v8-performance-20260908.scS2Jz/docs/research/v8-no-work-100-20260907/experiments/complete-sbf/Cargo.toml --sbf-out-dir /home/dombarker/project-offloads/aspis-v8-performance-20260908.scS2Jz/sbf-complete-tag-offset"
	User time (seconds): 51.94
	System time (seconds): 4.15
	Percent of CPU this job got: 167%
	Elapsed (wall clock) time (h:mm:ss or m:ss): 0:33.49
	Average shared text size (kbytes): 0
	Average unshared data size (kbytes): 0
	Average stack size (kbytes): 0
	Average total size (kbytes): 0
	Maximum resident set size (kbytes): 589936
	Average resident set size (kbytes): 0
	Major (requiring I/O) page faults: 5
	Minor (reclaiming a frame) page faults: 1631127
	Voluntary context switches: 4111
	Involuntary context switches: 1050
	Swaps: 0
	File system inputs: 0
	File system outputs: 460224
	Socket messages sent: 0
	Socket messages received: 0
	Signals delivered: 0
	Page size (bytes): 4096
	Exit status: 0
