scenario_name,path_variant,whir_fold_mode,merkle_proof_mode,query_reuse_mode,query_precompute_mode,security_target_bits,soundness_assumption,total_explicit_query_count,round_query_counts,commitment_ood_samples,proof_bytes,upload_chunk_size,upload_chunks,heap_frame_bytes_requested,heap_pages_32k,stage,repetition,actual_cu,elapsed_ns,status,error,sha_calls,sha_bytes,merkle_levels,m31_mul_ops,cm31_mul_ops,qm31_mul_ops,field_mul_projection,extension_mul_projection,field_inv_projection
whir_t128_capacity_full,transcript_full,raw_fibers,minimal_subtree,round_batch_inversion,none,128.0,whir_capacity_full,39,25|14,2,5932,640,10,32768,1,host_verify,0,,9256334,ok,,315,19719,354,1890,325,25,1935,376,2
whir_t128_capacity_full,transcript_full,raw_fibers,minimal_subtree,round_batch_inversion,none,128.0,whir_capacity_full,39,25|14,2,5932,640,10,0,0,upload_total,0,12696,,ok,,0,0,0,0,0,0,1935,376,2
whir_t128_capacity_full,transcript_full,raw_fibers,minimal_subtree,round_batch_inversion,none,128.0,whir_capacity_full,39,25|14,2,5932,640,10,32768,1,verify_sbf,0,864242,,ok,,315,19719,354,1890,325,25,1935,376,2
whir_t128_capacity_full,transcript_full,raw_fibers,minimal_subtree,round_batch_inversion,none,128.0,whir_capacity_full,39,25|14,2,5932,640,10,32768,1,total_sbf,0,876938,,ok,,315,19719,354,1890,325,25,1935,376,2
whir_t128_capacity_full,transcript_full,raw_fibers,minimal_subtree,round_batch_inversion,none,128.0,whir_capacity_full,39,25|14,2,5932,640,10,32768,1,verify_sbf,1,864242,,ok,,315,19719,354,1890,325,25,1935,376,2
whir_t128_capacity_full,transcript_full,raw_fibers,minimal_subtree,round_batch_inversion,none,128.0,whir_capacity_full,39,25|14,2,5932,640,10,32768,1,total_sbf,1,876938,,ok,,315,19719,354,1890,325,25,1935,376,2
whir_t128_capacity_full,transcript_full,raw_fibers,minimal_subtree,round_batch_inversion,none,128.0,whir_capacity_full,39,25|14,2,5932,640,10,32768,1,verify_sbf,2,864242,,ok,,315,19719,354,1890,325,25,1935,376,2
whir_t128_capacity_full,transcript_full,raw_fibers,minimal_subtree,round_batch_inversion,none,128.0,whir_capacity_full,39,25|14,2,5932,640,10,32768,1,total_sbf,2,876938,,ok,,315,19719,354,1890,325,25,1935,376,2
whir_t128_capacity_full,transcript_full,raw_fibers,minimal_subtree,round_batch_inversion,none,128.0,whir_capacity_full,39,25|14,2,5932,640,10,32768,1,verify_sbf,3,864242,,ok,,315,19719,354,1890,325,25,1935,376,2
whir_t128_capacity_full,transcript_full,raw_fibers,minimal_subtree,round_batch_inversion,none,128.0,whir_capacity_full,39,25|14,2,5932,640,10,32768,1,total_sbf,3,876938,,ok,,315,19719,354,1890,325,25,1935,376,2
whir_t128_capacity_full,transcript_full,raw_fibers,minimal_subtree,round_batch_inversion,none,128.0,whir_capacity_full,39,25|14,2,5932,640,10,32768,1,verify_sbf,4,864242,,ok,,315,19719,354,1890,325,25,1935,376,2
whir_t128_capacity_full,transcript_full,raw_fibers,minimal_subtree,round_batch_inversion,none,128.0,whir_capacity_full,39,25|14,2,5932,640,10,32768,1,total_sbf,4,876938,,ok,,315,19719,354,1890,325,25,1935,376,2
whir_t128_capacity_full,transcript_full,raw_fibers,minimal_subtree,round_batch_inversion,none,128.0,whir_capacity_full,39,25|14,2,5932,640,10,32768,1,verify_sbf,5,864242,,ok,,315,19719,354,1890,325,25,1935,376,2
whir_t128_capacity_full,transcript_full,raw_fibers,minimal_subtree,round_batch_inversion,none,128.0,whir_capacity_full,39,25|14,2,5932,640,10,32768,1,total_sbf,5,876938,,ok,,315,19719,354,1890,325,25,1935,376,2
whir_t128_capacity_full,transcript_full,raw_fibers,minimal_subtree,round_batch_inversion,none,128.0,whir_capacity_full,39,25|14,2,5932,640,10,32768,1,verify_sbf,6,864242,,ok,,315,19719,354,1890,325,25,1935,376,2
whir_t128_capacity_full,transcript_full,raw_fibers,minimal_subtree,round_batch_inversion,none,128.0,whir_capacity_full,39,25|14,2,5932,640,10,32768,1,total_sbf,6,876938,,ok,,315,19719,354,1890,325,25,1935,376,2
whir_t128_capacity_full,transcript_full,raw_fibers,minimal_subtree,round_batch_inversion,none,128.0,whir_capacity_full,39,25|14,2,5932,640,10,32768,1,verify_sbf,7,864242,,ok,,315,19719,354,1890,325,25,1935,376,2
whir_t128_capacity_full,transcript_full,raw_fibers,minimal_subtree,round_batch_inversion,none,128.0,whir_capacity_full,39,25|14,2,5932,640,10,32768,1,total_sbf,7,876938,,ok,,315,19719,354,1890,325,25,1935,376,2
whir_t128_capacity_full,transcript_full,raw_fibers,minimal_subtree,round_batch_inversion,none,128.0,whir_capacity_full,39,25|14,2,5932,640,10,32768,1,verify_sbf,8,864242,,ok,,315,19719,354,1890,325,25,1935,376,2
whir_t128_capacity_full,transcript_full,raw_fibers,minimal_subtree,round_batch_inversion,none,128.0,whir_capacity_full,39,25|14,2,5932,640,10,32768,1,total_sbf,8,876938,,ok,,315,19719,354,1890,325,25,1935,376,2
whir_t128_capacity_full,transcript_full,raw_fibers,minimal_subtree,round_batch_inversion,none,128.0,whir_capacity_full,39,25|14,2,5932,640,10,32768,1,verify_sbf,9,864242,,ok,,315,19719,354,1890,325,25,1935,376,2
whir_t128_capacity_full,transcript_full,raw_fibers,minimal_subtree,round_batch_inversion,none,128.0,whir_capacity_full,39,25|14,2,5932,640,10,32768,1,total_sbf,9,876938,,ok,,315,19719,354,1890,325,25,1935,376,2
whir_t128_capacity_full,transcript_full,raw_fibers,minimal_subtree,round_batch_inversion,none,128.0,whir_capacity_full,39,25|14,2,5932,640,10,32768,1,phase_final_round,0,49003,,ok,,0,0,0,0,0,0,1935,376,2
whir_t128_capacity_full,transcript_full,raw_fibers,minimal_subtree,round_batch_inversion,none,128.0,whir_capacity_full,39,25|14,2,5932,640,10,32768,1,phase_folding,0,12467,,ok,,0,0,0,0,0,0,1935,376,2
whir_t128_capacity_full,transcript_full,raw_fibers,minimal_subtree,round_batch_inversion,none,128.0,whir_capacity_full,39,25|14,2,5932,640,10,32768,1,phase_ood,0,12145,,ok,,0,0,0,0,0,0,1935,376,2
whir_t128_capacity_full,transcript_full,raw_fibers,minimal_subtree,round_batch_inversion,none,128.0,whir_capacity_full,39,25|14,2,5932,640,10,32768,1,phase_parse,0,1503,,ok,,0,0,0,0,0,0,1935,376,2
whir_t128_capacity_full,transcript_full,raw_fibers,minimal_subtree,round_batch_inversion,none,128.0,whir_capacity_full,39,25|14,2,5932,640,10,32768,1,phase_per_round_queries,0,772104,,ok,,0,0,0,0,0,0,1935,376,2
whir_t128_capacity_full,transcript_full,raw_fibers,minimal_subtree,round_batch_inversion,none,128.0,whir_capacity_full,39,25|14,2,5932,640,10,32768,1,phase_transcript_setup,0,19419,,ok,,0,0,0,0,0,0,1935,376,2
whir_t128_capacity_full,transcript_full,raw_fibers,minimal_subtree,round_batch_inversion,none,128.0,whir_capacity_full,39,25|14,2,5932,640,10,32768,1,phase_final_round,1,49003,,ok,,0,0,0,0,0,0,1935,376,2
whir_t128_capacity_full,transcript_full,raw_fibers,minimal_subtree,round_batch_inversion,none,128.0,whir_capacity_full,39,25|14,2,5932,640,10,32768,1,phase_folding,1,12467,,ok,,0,0,0,0,0,0,1935,376,2
whir_t128_capacity_full,transcript_full,raw_fibers,minimal_subtree,round_batch_inversion,none,128.0,whir_capacity_full,39,25|14,2,5932,640,10,32768,1,phase_ood,1,12145,,ok,,0,0,0,0,0,0,1935,376,2
whir_t128_capacity_full,transcript_full,raw_fibers,minimal_subtree,round_batch_inversion,none,128.0,whir_capacity_full,39,25|14,2,5932,640,10,32768,1,phase_parse,1,1503,,ok,,0,0,0,0,0,0,1935,376,2
whir_t128_capacity_full,transcript_full,raw_fibers,minimal_subtree,round_batch_inversion,none,128.0,whir_capacity_full,39,25|14,2,5932,640,10,32768,1,phase_per_round_queries,1,772104,,ok,,0,0,0,0,0,0,1935,376,2
whir_t128_capacity_full,transcript_full,raw_fibers,minimal_subtree,round_batch_inversion,none,128.0,whir_capacity_full,39,25|14,2,5932,640,10,32768,1,phase_transcript_setup,1,19419,,ok,,0,0,0,0,0,0,1935,376,2
whir_t128_capacity_full,transcript_full,raw_fibers,minimal_subtree,round_batch_inversion,none,128.0,whir_capacity_full,39,25|14,2,5932,640,10,32768,1,phase_final_round,2,49003,,ok,,0,0,0,0,0,0,1935,376,2
whir_t128_capacity_full,transcript_full,raw_fibers,minimal_subtree,round_batch_inversion,none,128.0,whir_capacity_full,39,25|14,2,5932,640,10,32768,1,phase_folding,2,12467,,ok,,0,0,0,0,0,0,1935,376,2
whir_t128_capacity_full,transcript_full,raw_fibers,minimal_subtree,round_batch_inversion,none,128.0,whir_capacity_full,39,25|14,2,5932,640,10,32768,1,phase_ood,2,12145,,ok,,0,0,0,0,0,0,1935,376,2
whir_t128_capacity_full,transcript_full,raw_fibers,minimal_subtree,round_batch_inversion,none,128.0,whir_capacity_full,39,25|14,2,5932,640,10,32768,1,phase_parse,2,1503,,ok,,0,0,0,0,0,0,1935,376,2
whir_t128_capacity_full,transcript_full,raw_fibers,minimal_subtree,round_batch_inversion,none,128.0,whir_capacity_full,39,25|14,2,5932,640,10,32768,1,phase_per_round_queries,2,772104,,ok,,0,0,0,0,0,0,1935,376,2
whir_t128_capacity_full,transcript_full,raw_fibers,minimal_subtree,round_batch_inversion,none,128.0,whir_capacity_full,39,25|14,2,5932,640,10,32768,1,phase_transcript_setup,2,19419,,ok,,0,0,0,0,0,0,1935,376,2
whir_t128_capacity_full,transcript_full,raw_fibers,minimal_subtree,round_batch_inversion,none,128.0,whir_capacity_full,39,25|14,2,5932,640,10,32768,1,phase_final_round,3,49003,,ok,,0,0,0,0,0,0,1935,376,2
whir_t128_capacity_full,transcript_full,raw_fibers,minimal_subtree,round_batch_inversion,none,128.0,whir_capacity_full,39,25|14,2,5932,640,10,32768,1,phase_folding,3,12467,,ok,,0,0,0,0,0,0,1935,376,2
whir_t128_capacity_full,transcript_full,raw_fibers,minimal_subtree,round_batch_inversion,none,128.0,whir_capacity_full,39,25|14,2,5932,640,10,32768,1,phase_ood,3,12145,,ok,,0,0,0,0,0,0,1935,376,2
whir_t128_capacity_full,transcript_full,raw_fibers,minimal_subtree,round_batch_inversion,none,128.0,whir_capacity_full,39,25|14,2,5932,640,10,32768,1,phase_parse,3,1503,,ok,,0,0,0,0,0,0,1935,376,2
whir_t128_capacity_full,transcript_full,raw_fibers,minimal_subtree,round_batch_inversion,none,128.0,whir_capacity_full,39,25|14,2,5932,640,10,32768,1,phase_per_round_queries,3,772104,,ok,,0,0,0,0,0,0,1935,376,2
whir_t128_capacity_full,transcript_full,raw_fibers,minimal_subtree,round_batch_inversion,none,128.0,whir_capacity_full,39,25|14,2,5932,640,10,32768,1,phase_transcript_setup,3,19419,,ok,,0,0,0,0,0,0,1935,376,2
whir_t128_capacity_full,transcript_full,raw_fibers,minimal_subtree,round_batch_inversion,none,128.0,whir_capacity_full,39,25|14,2,5932,640,10,32768,1,phase_final_round,4,49003,,ok,,0,0,0,0,0,0,1935,376,2
whir_t128_capacity_full,transcript_full,raw_fibers,minimal_subtree,round_batch_inversion,none,128.0,whir_capacity_full,39,25|14,2,5932,640,10,32768,1,phase_folding,4,12467,,ok,,0,0,0,0,0,0,1935,376,2
whir_t128_capacity_full,transcript_full,raw_fibers,minimal_subtree,round_batch_inversion,none,128.0,whir_capacity_full,39,25|14,2,5932,640,10,32768,1,phase_ood,4,12145,,ok,,0,0,0,0,0,0,1935,376,2
whir_t128_capacity_full,transcript_full,raw_fibers,minimal_subtree,round_batch_inversion,none,128.0,whir_capacity_full,39,25|14,2,5932,640,10,32768,1,phase_parse,4,1503,,ok,,0,0,0,0,0,0,1935,376,2
whir_t128_capacity_full,transcript_full,raw_fibers,minimal_subtree,round_batch_inversion,none,128.0,whir_capacity_full,39,25|14,2,5932,640,10,32768,1,phase_per_round_queries,4,772104,,ok,,0,0,0,0,0,0,1935,376,2
whir_t128_capacity_full,transcript_full,raw_fibers,minimal_subtree,round_batch_inversion,none,128.0,whir_capacity_full,39,25|14,2,5932,640,10,32768,1,phase_transcript_setup,4,19419,,ok,,0,0,0,0,0,0,1935,376,2
whir_t128_capacity_full,transcript_full,raw_fibers,minimal_subtree,round_batch_inversion,none,128.0,whir_capacity_full,39,25|14,2,5932,640,10,32768,1,phase_final_round,5,49003,,ok,,0,0,0,0,0,0,1935,376,2
whir_t128_capacity_full,transcript_full,raw_fibers,minimal_subtree,round_batch_inversion,none,128.0,whir_capacity_full,39,25|14,2,5932,640,10,32768,1,phase_folding,5,12467,,ok,,0,0,0,0,0,0,1935,376,2
whir_t128_capacity_full,transcript_full,raw_fibers,minimal_subtree,round_batch_inversion,none,128.0,whir_capacity_full,39,25|14,2,5932,640,10,32768,1,phase_ood,5,12145,,ok,,0,0,0,0,0,0,1935,376,2
whir_t128_capacity_full,transcript_full,raw_fibers,minimal_subtree,round_batch_inversion,none,128.0,whir_capacity_full,39,25|14,2,5932,640,10,32768,1,phase_parse,5,1503,,ok,,0,0,0,0,0,0,1935,376,2
whir_t128_capacity_full,transcript_full,raw_fibers,minimal_subtree,round_batch_inversion,none,128.0,whir_capacity_full,39,25|14,2,5932,640,10,32768,1,phase_per_round_queries,5,772104,,ok,,0,0,0,0,0,0,1935,376,2
whir_t128_capacity_full,transcript_full,raw_fibers,minimal_subtree,round_batch_inversion,none,128.0,whir_capacity_full,39,25|14,2,5932,640,10,32768,1,phase_transcript_setup,5,19419,,ok,,0,0,0,0,0,0,1935,376,2
whir_t128_capacity_full,transcript_full,raw_fibers,minimal_subtree,round_batch_inversion,none,128.0,whir_capacity_full,39,25|14,2,5932,640,10,32768,1,phase_final_round,6,49003,,ok,,0,0,0,0,0,0,1935,376,2
whir_t128_capacity_full,transcript_full,raw_fibers,minimal_subtree,round_batch_inversion,none,128.0,whir_capacity_full,39,25|14,2,5932,640,10,32768,1,phase_folding,6,12467,,ok,,0,0,0,0,0,0,1935,376,2
whir_t128_capacity_full,transcript_full,raw_fibers,minimal_subtree,round_batch_inversion,none,128.0,whir_capacity_full,39,25|14,2,5932,640,10,32768,1,phase_ood,6,12145,,ok,,0,0,0,0,0,0,1935,376,2
whir_t128_capacity_full,transcript_full,raw_fibers,minimal_subtree,round_batch_inversion,none,128.0,whir_capacity_full,39,25|14,2,5932,640,10,32768,1,phase_parse,6,1503,,ok,,0,0,0,0,0,0,1935,376,2
whir_t128_capacity_full,transcript_full,raw_fibers,minimal_subtree,round_batch_inversion,none,128.0,whir_capacity_full,39,25|14,2,5932,640,10,32768,1,phase_per_round_queries,6,772104,,ok,,0,0,0,0,0,0,1935,376,2
whir_t128_capacity_full,transcript_full,raw_fibers,minimal_subtree,round_batch_inversion,none,128.0,whir_capacity_full,39,25|14,2,5932,640,10,32768,1,phase_transcript_setup,6,19419,,ok,,0,0,0,0,0,0,1935,376,2
whir_t128_capacity_full,transcript_full,raw_fibers,minimal_subtree,round_batch_inversion,none,128.0,whir_capacity_full,39,25|14,2,5932,640,10,32768,1,phase_final_round,7,49003,,ok,,0,0,0,0,0,0,1935,376,2
whir_t128_capacity_full,transcript_full,raw_fibers,minimal_subtree,round_batch_inversion,none,128.0,whir_capacity_full,39,25|14,2,5932,640,10,32768,1,phase_folding,7,12467,,ok,,0,0,0,0,0,0,1935,376,2
whir_t128_capacity_full,transcript_full,raw_fibers,minimal_subtree,round_batch_inversion,none,128.0,whir_capacity_full,39,25|14,2,5932,640,10,32768,1,phase_ood,7,12145,,ok,,0,0,0,0,0,0,1935,376,2
whir_t128_capacity_full,transcript_full,raw_fibers,minimal_subtree,round_batch_inversion,none,128.0,whir_capacity_full,39,25|14,2,5932,640,10,32768,1,phase_parse,7,1503,,ok,,0,0,0,0,0,0,1935,376,2
whir_t128_capacity_full,transcript_full,raw_fibers,minimal_subtree,round_batch_inversion,none,128.0,whir_capacity_full,39,25|14,2,5932,640,10,32768,1,phase_per_round_queries,7,772104,,ok,,0,0,0,0,0,0,1935,376,2
whir_t128_capacity_full,transcript_full,raw_fibers,minimal_subtree,round_batch_inversion,none,128.0,whir_capacity_full,39,25|14,2,5932,640,10,32768,1,phase_transcript_setup,7,19419,,ok,,0,0,0,0,0,0,1935,376,2
whir_t128_capacity_full,transcript_full,raw_fibers,minimal_subtree,round_batch_inversion,none,128.0,whir_capacity_full,39,25|14,2,5932,640,10,32768,1,phase_final_round,8,49003,,ok,,0,0,0,0,0,0,1935,376,2
whir_t128_capacity_full,transcript_full,raw_fibers,minimal_subtree,round_batch_inversion,none,128.0,whir_capacity_full,39,25|14,2,5932,640,10,32768,1,phase_folding,8,12467,,ok,,0,0,0,0,0,0,1935,376,2
whir_t128_capacity_full,transcript_full,raw_fibers,minimal_subtree,round_batch_inversion,none,128.0,whir_capacity_full,39,25|14,2,5932,640,10,32768,1,phase_ood,8,12145,,ok,,0,0,0,0,0,0,1935,376,2
whir_t128_capacity_full,transcript_full,raw_fibers,minimal_subtree,round_batch_inversion,none,128.0,whir_capacity_full,39,25|14,2,5932,640,10,32768,1,phase_parse,8,1503,,ok,,0,0,0,0,0,0,1935,376,2
whir_t128_capacity_full,transcript_full,raw_fibers,minimal_subtree,round_batch_inversion,none,128.0,whir_capacity_full,39,25|14,2,5932,640,10,32768,1,phase_per_round_queries,8,772104,,ok,,0,0,0,0,0,0,1935,376,2
whir_t128_capacity_full,transcript_full,raw_fibers,minimal_subtree,round_batch_inversion,none,128.0,whir_capacity_full,39,25|14,2,5932,640,10,32768,1,phase_transcript_setup,8,19419,,ok,,0,0,0,0,0,0,1935,376,2
whir_t128_capacity_full,transcript_full,raw_fibers,minimal_subtree,round_batch_inversion,none,128.0,whir_capacity_full,39,25|14,2,5932,640,10,32768,1,phase_final_round,9,49003,,ok,,0,0,0,0,0,0,1935,376,2
whir_t128_capacity_full,transcript_full,raw_fibers,minimal_subtree,round_batch_inversion,none,128.0,whir_capacity_full,39,25|14,2,5932,640,10,32768,1,phase_folding,9,12467,,ok,,0,0,0,0,0,0,1935,376,2
whir_t128_capacity_full,transcript_full,raw_fibers,minimal_subtree,round_batch_inversion,none,128.0,whir_capacity_full,39,25|14,2,5932,640,10,32768,1,phase_ood,9,12145,,ok,,0,0,0,0,0,0,1935,376,2
whir_t128_capacity_full,transcript_full,raw_fibers,minimal_subtree,round_batch_inversion,none,128.0,whir_capacity_full,39,25|14,2,5932,640,10,32768,1,phase_parse,9,1503,,ok,,0,0,0,0,0,0,1935,376,2
whir_t128_capacity_full,transcript_full,raw_fibers,minimal_subtree,round_batch_inversion,none,128.0,whir_capacity_full,39,25|14,2,5932,640,10,32768,1,phase_per_round_queries,9,772104,,ok,,0,0,0,0,0,0,1935,376,2
whir_t128_capacity_full,transcript_full,raw_fibers,minimal_subtree,round_batch_inversion,none,128.0,whir_capacity_full,39,25|14,2,5932,640,10,32768,1,phase_transcript_setup,9,19419,,ok,,0,0,0,0,0,0,1935,376,2
whir_t128_capacity_full,transcript_full,raw_fibers,minimal_subtree,round_batch_inversion,proof_carried_round_local,128.0,whir_capacity_full,39,25|14,2,6244,640,10,32768,1,host_verify,0,,9752667,ok,,315,19719,354,1490,225,25,1535,276,2
whir_t128_capacity_full,transcript_full,raw_fibers,minimal_subtree,round_batch_inversion,proof_carried_round_local,128.0,whir_capacity_full,39,25|14,2,6244,640,10,0,0,upload_total,0,12852,,ok,,0,0,0,0,0,0,1535,276,2
whir_t128_capacity_full,transcript_full,raw_fibers,minimal_subtree,round_batch_inversion,proof_carried_round_local,128.0,whir_capacity_full,39,25|14,2,6244,640,10,32768,1,verify_sbf,0,839893,,ok,,315,19719,354,1490,225,25,1535,276,2
whir_t128_capacity_full,transcript_full,raw_fibers,minimal_subtree,round_batch_inversion,proof_carried_round_local,128.0,whir_capacity_full,39,25|14,2,6244,640,10,32768,1,total_sbf,0,852745,,ok,,315,19719,354,1490,225,25,1535,276,2
whir_t128_capacity_full,transcript_full,raw_fibers,minimal_subtree,round_batch_inversion,proof_carried_round_local,128.0,whir_capacity_full,39,25|14,2,6244,640,10,32768,1,verify_sbf,1,839893,,ok,,315,19719,354,1490,225,25,1535,276,2
whir_t128_capacity_full,transcript_full,raw_fibers,minimal_subtree,round_batch_inversion,proof_carried_round_local,128.0,whir_capacity_full,39,25|14,2,6244,640,10,32768,1,total_sbf,1,852745,,ok,,315,19719,354,1490,225,25,1535,276,2
whir_t128_capacity_full,transcript_full,raw_fibers,minimal_subtree,round_batch_inversion,proof_carried_round_local,128.0,whir_capacity_full,39,25|14,2,6244,640,10,32768,1,verify_sbf,2,839893,,ok,,315,19719,354,1490,225,25,1535,276,2
whir_t128_capacity_full,transcript_full,raw_fibers,minimal_subtree,round_batch_inversion,proof_carried_round_local,128.0,whir_capacity_full,39,25|14,2,6244,640,10,32768,1,total_sbf,2,852745,,ok,,315,19719,354,1490,225,25,1535,276,2
whir_t128_capacity_full,transcript_full,raw_fibers,minimal_subtree,round_batch_inversion,proof_carried_round_local,128.0,whir_capacity_full,39,25|14,2,6244,640,10,32768,1,verify_sbf,3,839893,,ok,,315,19719,354,1490,225,25,1535,276,2
whir_t128_capacity_full,transcript_full,raw_fibers,minimal_subtree,round_batch_inversion,proof_carried_round_local,128.0,whir_capacity_full,39,25|14,2,6244,640,10,32768,1,total_sbf,3,852745,,ok,,315,19719,354,1490,225,25,1535,276,2
whir_t128_capacity_full,transcript_full,raw_fibers,minimal_subtree,round_batch_inversion,proof_carried_round_local,128.0,whir_capacity_full,39,25|14,2,6244,640,10,32768,1,verify_sbf,4,839893,,ok,,315,19719,354,1490,225,25,1535,276,2
whir_t128_capacity_full,transcript_full,raw_fibers,minimal_subtree,round_batch_inversion,proof_carried_round_local,128.0,whir_capacity_full,39,25|14,2,6244,640,10,32768,1,total_sbf,4,852745,,ok,,315,19719,354,1490,225,25,1535,276,2
whir_t128_capacity_full,transcript_full,raw_fibers,minimal_subtree,round_batch_inversion,proof_carried_round_local,128.0,whir_capacity_full,39,25|14,2,6244,640,10,32768,1,verify_sbf,5,839893,,ok,,315,19719,354,1490,225,25,1535,276,2
whir_t128_capacity_full,transcript_full,raw_fibers,minimal_subtree,round_batch_inversion,proof_carried_round_local,128.0,whir_capacity_full,39,25|14,2,6244,640,10,32768,1,total_sbf,5,852745,,ok,,315,19719,354,1490,225,25,1535,276,2
whir_t128_capacity_full,transcript_full,raw_fibers,minimal_subtree,round_batch_inversion,proof_carried_round_local,128.0,whir_capacity_full,39,25|14,2,6244,640,10,32768,1,verify_sbf,6,839893,,ok,,315,19719,354,1490,225,25,1535,276,2
whir_t128_capacity_full,transcript_full,raw_fibers,minimal_subtree,round_batch_inversion,proof_carried_round_local,128.0,whir_capacity_full,39,25|14,2,6244,640,10,32768,1,total_sbf,6,852745,,ok,,315,19719,354,1490,225,25,1535,276,2
whir_t128_capacity_full,transcript_full,raw_fibers,minimal_subtree,round_batch_inversion,proof_carried_round_local,128.0,whir_capacity_full,39,25|14,2,6244,640,10,32768,1,verify_sbf,7,839893,,ok,,315,19719,354,1490,225,25,1535,276,2
whir_t128_capacity_full,transcript_full,raw_fibers,minimal_subtree,round_batch_inversion,proof_carried_round_local,128.0,whir_capacity_full,39,25|14,2,6244,640,10,32768,1,total_sbf,7,852745,,ok,,315,19719,354,1490,225,25,1535,276,2
whir_t128_capacity_full,transcript_full,raw_fibers,minimal_subtree,round_batch_inversion,proof_carried_round_local,128.0,whir_capacity_full,39,25|14,2,6244,640,10,32768,1,verify_sbf,8,839893,,ok,,315,19719,354,1490,225,25,1535,276,2
whir_t128_capacity_full,transcript_full,raw_fibers,minimal_subtree,round_batch_inversion,proof_carried_round_local,128.0,whir_capacity_full,39,25|14,2,6244,640,10,32768,1,total_sbf,8,852745,,ok,,315,19719,354,1490,225,25,1535,276,2
whir_t128_capacity_full,transcript_full,raw_fibers,minimal_subtree,round_batch_inversion,proof_carried_round_local,128.0,whir_capacity_full,39,25|14,2,6244,640,10,32768,1,verify_sbf,9,839893,,ok,,315,19719,354,1490,225,25,1535,276,2
whir_t128_capacity_full,transcript_full,raw_fibers,minimal_subtree,round_batch_inversion,proof_carried_round_local,128.0,whir_capacity_full,39,25|14,2,6244,640,10,32768,1,total_sbf,9,852745,,ok,,315,19719,354,1490,225,25,1535,276,2
whir_t128_capacity_full,transcript_full,raw_fibers,minimal_subtree,round_batch_inversion,proof_carried_round_local,128.0,whir_capacity_full,39,25|14,2,6244,640,10,32768,1,phase_final_round,0,49042,,ok,,0,0,0,0,0,0,1535,276,2
whir_t128_capacity_full,transcript_full,raw_fibers,minimal_subtree,round_batch_inversion,proof_carried_round_local,128.0,whir_capacity_full,39,25|14,2,6244,640,10,32768,1,phase_folding,0,12472,,ok,,0,0,0,0,0,0,1535,276,2
whir_t128_capacity_full,transcript_full,raw_fibers,minimal_subtree,round_batch_inversion,proof_carried_round_local,128.0,whir_capacity_full,39,25|14,2,6244,640,10,32768,1,phase_ood,0,12145,,ok,,0,0,0,0,0,0,1535,276,2
whir_t128_capacity_full,transcript_full,raw_fibers,minimal_subtree,round_batch_inversion,proof_carried_round_local,128.0,whir_capacity_full,39,25|14,2,6244,640,10,32768,1,phase_parse,0,1501,,ok,,0,0,0,0,0,0,1535,276,2
whir_t128_capacity_full,transcript_full,raw_fibers,minimal_subtree,round_batch_inversion,proof_carried_round_local,128.0,whir_capacity_full,39,25|14,2,6244,640,10,32768,1,phase_per_round_queries,0,755475,,ok,,0,0,0,0,0,0,1535,276,2
whir_t128_capacity_full,transcript_full,raw_fibers,minimal_subtree,round_batch_inversion,proof_carried_round_local,128.0,whir_capacity_full,39,25|14,2,6244,640,10,32768,1,phase_transcript_setup,0,11657,,ok,,0,0,0,0,0,0,1535,276,2
whir_t128_capacity_full,transcript_full,raw_fibers,minimal_subtree,round_batch_inversion,proof_carried_round_local,128.0,whir_capacity_full,39,25|14,2,6244,640,10,32768,1,phase_final_round,1,49042,,ok,,0,0,0,0,0,0,1535,276,2
whir_t128_capacity_full,transcript_full,raw_fibers,minimal_subtree,round_batch_inversion,proof_carried_round_local,128.0,whir_capacity_full,39,25|14,2,6244,640,10,32768,1,phase_folding,1,12472,,ok,,0,0,0,0,0,0,1535,276,2
whir_t128_capacity_full,transcript_full,raw_fibers,minimal_subtree,round_batch_inversion,proof_carried_round_local,128.0,whir_capacity_full,39,25|14,2,6244,640,10,32768,1,phase_ood,1,12145,,ok,,0,0,0,0,0,0,1535,276,2
whir_t128_capacity_full,transcript_full,raw_fibers,minimal_subtree,round_batch_inversion,proof_carried_round_local,128.0,whir_capacity_full,39,25|14,2,6244,640,10,32768,1,phase_parse,1,1501,,ok,,0,0,0,0,0,0,1535,276,2
whir_t128_capacity_full,transcript_full,raw_fibers,minimal_subtree,round_batch_inversion,proof_carried_round_local,128.0,whir_capacity_full,39,25|14,2,6244,640,10,32768,1,phase_per_round_queries,1,755475,,ok,,0,0,0,0,0,0,1535,276,2
whir_t128_capacity_full,transcript_full,raw_fibers,minimal_subtree,round_batch_inversion,proof_carried_round_local,128.0,whir_capacity_full,39,25|14,2,6244,640,10,32768,1,phase_transcript_setup,1,11657,,ok,,0,0,0,0,0,0,1535,276,2
whir_t128_capacity_full,transcript_full,raw_fibers,minimal_subtree,round_batch_inversion,proof_carried_round_local,128.0,whir_capacity_full,39,25|14,2,6244,640,10,32768,1,phase_final_round,2,49042,,ok,,0,0,0,0,0,0,1535,276,2
whir_t128_capacity_full,transcript_full,raw_fibers,minimal_subtree,round_batch_inversion,proof_carried_round_local,128.0,whir_capacity_full,39,25|14,2,6244,640,10,32768,1,phase_folding,2,12472,,ok,,0,0,0,0,0,0,1535,276,2
whir_t128_capacity_full,transcript_full,raw_fibers,minimal_subtree,round_batch_inversion,proof_carried_round_local,128.0,whir_capacity_full,39,25|14,2,6244,640,10,32768,1,phase_ood,2,12145,,ok,,0,0,0,0,0,0,1535,276,2
whir_t128_capacity_full,transcript_full,raw_fibers,minimal_subtree,round_batch_inversion,proof_carried_round_local,128.0,whir_capacity_full,39,25|14,2,6244,640,10,32768,1,phase_parse,2,1501,,ok,,0,0,0,0,0,0,1535,276,2
whir_t128_capacity_full,transcript_full,raw_fibers,minimal_subtree,round_batch_inversion,proof_carried_round_local,128.0,whir_capacity_full,39,25|14,2,6244,640,10,32768,1,phase_per_round_queries,2,755475,,ok,,0,0,0,0,0,0,1535,276,2
whir_t128_capacity_full,transcript_full,raw_fibers,minimal_subtree,round_batch_inversion,proof_carried_round_local,128.0,whir_capacity_full,39,25|14,2,6244,640,10,32768,1,phase_transcript_setup,2,11657,,ok,,0,0,0,0,0,0,1535,276,2
whir_t128_capacity_full,transcript_full,raw_fibers,minimal_subtree,round_batch_inversion,proof_carried_round_local,128.0,whir_capacity_full,39,25|14,2,6244,640,10,32768,1,phase_final_round,3,49042,,ok,,0,0,0,0,0,0,1535,276,2
whir_t128_capacity_full,transcript_full,raw_fibers,minimal_subtree,round_batch_inversion,proof_carried_round_local,128.0,whir_capacity_full,39,25|14,2,6244,640,10,32768,1,phase_folding,3,12472,,ok,,0,0,0,0,0,0,1535,276,2
whir_t128_capacity_full,transcript_full,raw_fibers,minimal_subtree,round_batch_inversion,proof_carried_round_local,128.0,whir_capacity_full,39,25|14,2,6244,640,10,32768,1,phase_ood,3,12145,,ok,,0,0,0,0,0,0,1535,276,2
whir_t128_capacity_full,transcript_full,raw_fibers,minimal_subtree,round_batch_inversion,proof_carried_round_local,128.0,whir_capacity_full,39,25|14,2,6244,640,10,32768,1,phase_parse,3,1501,,ok,,0,0,0,0,0,0,1535,276,2
whir_t128_capacity_full,transcript_full,raw_fibers,minimal_subtree,round_batch_inversion,proof_carried_round_local,128.0,whir_capacity_full,39,25|14,2,6244,640,10,32768,1,phase_per_round_queries,3,755475,,ok,,0,0,0,0,0,0,1535,276,2
whir_t128_capacity_full,transcript_full,raw_fibers,minimal_subtree,round_batch_inversion,proof_carried_round_local,128.0,whir_capacity_full,39,25|14,2,6244,640,10,32768,1,phase_transcript_setup,3,11657,,ok,,0,0,0,0,0,0,1535,276,2
whir_t128_capacity_full,transcript_full,raw_fibers,minimal_subtree,round_batch_inversion,proof_carried_round_local,128.0,whir_capacity_full,39,25|14,2,6244,640,10,32768,1,phase_final_round,4,49042,,ok,,0,0,0,0,0,0,1535,276,2
whir_t128_capacity_full,transcript_full,raw_fibers,minimal_subtree,round_batch_inversion,proof_carried_round_local,128.0,whir_capacity_full,39,25|14,2,6244,640,10,32768,1,phase_folding,4,12472,,ok,,0,0,0,0,0,0,1535,276,2
whir_t128_capacity_full,transcript_full,raw_fibers,minimal_subtree,round_batch_inversion,proof_carried_round_local,128.0,whir_capacity_full,39,25|14,2,6244,640,10,32768,1,phase_ood,4,12145,,ok,,0,0,0,0,0,0,1535,276,2
whir_t128_capacity_full,transcript_full,raw_fibers,minimal_subtree,round_batch_inversion,proof_carried_round_local,128.0,whir_capacity_full,39,25|14,2,6244,640,10,32768,1,phase_parse,4,1501,,ok,,0,0,0,0,0,0,1535,276,2
whir_t128_capacity_full,transcript_full,raw_fibers,minimal_subtree,round_batch_inversion,proof_carried_round_local,128.0,whir_capacity_full,39,25|14,2,6244,640,10,32768,1,phase_per_round_queries,4,755475,,ok,,0,0,0,0,0,0,1535,276,2
whir_t128_capacity_full,transcript_full,raw_fibers,minimal_subtree,round_batch_inversion,proof_carried_round_local,128.0,whir_capacity_full,39,25|14,2,6244,640,10,32768,1,phase_transcript_setup,4,11657,,ok,,0,0,0,0,0,0,1535,276,2
whir_t128_capacity_full,transcript_full,raw_fibers,minimal_subtree,round_batch_inversion,proof_carried_round_local,128.0,whir_capacity_full,39,25|14,2,6244,640,10,32768,1,phase_final_round,5,49042,,ok,,0,0,0,0,0,0,1535,276,2
whir_t128_capacity_full,transcript_full,raw_fibers,minimal_subtree,round_batch_inversion,proof_carried_round_local,128.0,whir_capacity_full,39,25|14,2,6244,640,10,32768,1,phase_folding,5,12472,,ok,,0,0,0,0,0,0,1535,276,2
whir_t128_capacity_full,transcript_full,raw_fibers,minimal_subtree,round_batch_inversion,proof_carried_round_local,128.0,whir_capacity_full,39,25|14,2,6244,640,10,32768,1,phase_ood,5,12145,,ok,,0,0,0,0,0,0,1535,276,2
whir_t128_capacity_full,transcript_full,raw_fibers,minimal_subtree,round_batch_inversion,proof_carried_round_local,128.0,whir_capacity_full,39,25|14,2,6244,640,10,32768,1,phase_parse,5,1501,,ok,,0,0,0,0,0,0,1535,276,2
whir_t128_capacity_full,transcript_full,raw_fibers,minimal_subtree,round_batch_inversion,proof_carried_round_local,128.0,whir_capacity_full,39,25|14,2,6244,640,10,32768,1,phase_per_round_queries,5,755475,,ok,,0,0,0,0,0,0,1535,276,2
whir_t128_capacity_full,transcript_full,raw_fibers,minimal_subtree,round_batch_inversion,proof_carried_round_local,128.0,whir_capacity_full,39,25|14,2,6244,640,10,32768,1,phase_transcript_setup,5,11657,,ok,,0,0,0,0,0,0,1535,276,2
whir_t128_capacity_full,transcript_full,raw_fibers,minimal_subtree,round_batch_inversion,proof_carried_round_local,128.0,whir_capacity_full,39,25|14,2,6244,640,10,32768,1,phase_final_round,6,49042,,ok,,0,0,0,0,0,0,1535,276,2
whir_t128_capacity_full,transcript_full,raw_fibers,minimal_subtree,round_batch_inversion,proof_carried_round_local,128.0,whir_capacity_full,39,25|14,2,6244,640,10,32768,1,phase_folding,6,12472,,ok,,0,0,0,0,0,0,1535,276,2
whir_t128_capacity_full,transcript_full,raw_fibers,minimal_subtree,round_batch_inversion,proof_carried_round_local,128.0,whir_capacity_full,39,25|14,2,6244,640,10,32768,1,phase_ood,6,12145,,ok,,0,0,0,0,0,0,1535,276,2
whir_t128_capacity_full,transcript_full,raw_fibers,minimal_subtree,round_batch_inversion,proof_carried_round_local,128.0,whir_capacity_full,39,25|14,2,6244,640,10,32768,1,phase_parse,6,1501,,ok,,0,0,0,0,0,0,1535,276,2
whir_t128_capacity_full,transcript_full,raw_fibers,minimal_subtree,round_batch_inversion,proof_carried_round_local,128.0,whir_capacity_full,39,25|14,2,6244,640,10,32768,1,phase_per_round_queries,6,755475,,ok,,0,0,0,0,0,0,1535,276,2
whir_t128_capacity_full,transcript_full,raw_fibers,minimal_subtree,round_batch_inversion,proof_carried_round_local,128.0,whir_capacity_full,39,25|14,2,6244,640,10,32768,1,phase_transcript_setup,6,11657,,ok,,0,0,0,0,0,0,1535,276,2
whir_t128_capacity_full,transcript_full,raw_fibers,minimal_subtree,round_batch_inversion,proof_carried_round_local,128.0,whir_capacity_full,39,25|14,2,6244,640,10,32768,1,phase_final_round,7,49042,,ok,,0,0,0,0,0,0,1535,276,2
whir_t128_capacity_full,transcript_full,raw_fibers,minimal_subtree,round_batch_inversion,proof_carried_round_local,128.0,whir_capacity_full,39,25|14,2,6244,640,10,32768,1,phase_folding,7,12472,,ok,,0,0,0,0,0,0,1535,276,2
whir_t128_capacity_full,transcript_full,raw_fibers,minimal_subtree,round_batch_inversion,proof_carried_round_local,128.0,whir_capacity_full,39,25|14,2,6244,640,10,32768,1,phase_ood,7,12145,,ok,,0,0,0,0,0,0,1535,276,2
whir_t128_capacity_full,transcript_full,raw_fibers,minimal_subtree,round_batch_inversion,proof_carried_round_local,128.0,whir_capacity_full,39,25|14,2,6244,640,10,32768,1,phase_parse,7,1501,,ok,,0,0,0,0,0,0,1535,276,2
whir_t128_capacity_full,transcript_full,raw_fibers,minimal_subtree,round_batch_inversion,proof_carried_round_local,128.0,whir_capacity_full,39,25|14,2,6244,640,10,32768,1,phase_per_round_queries,7,755475,,ok,,0,0,0,0,0,0,1535,276,2
whir_t128_capacity_full,transcript_full,raw_fibers,minimal_subtree,round_batch_inversion,proof_carried_round_local,128.0,whir_capacity_full,39,25|14,2,6244,640,10,32768,1,phase_transcript_setup,7,11657,,ok,,0,0,0,0,0,0,1535,276,2
whir_t128_capacity_full,transcript_full,raw_fibers,minimal_subtree,round_batch_inversion,proof_carried_round_local,128.0,whir_capacity_full,39,25|14,2,6244,640,10,32768,1,phase_final_round,8,49042,,ok,,0,0,0,0,0,0,1535,276,2
whir_t128_capacity_full,transcript_full,raw_fibers,minimal_subtree,round_batch_inversion,proof_carried_round_local,128.0,whir_capacity_full,39,25|14,2,6244,640,10,32768,1,phase_folding,8,12472,,ok,,0,0,0,0,0,0,1535,276,2
whir_t128_capacity_full,transcript_full,raw_fibers,minimal_subtree,round_batch_inversion,proof_carried_round_local,128.0,whir_capacity_full,39,25|14,2,6244,640,10,32768,1,phase_ood,8,12145,,ok,,0,0,0,0,0,0,1535,276,2
whir_t128_capacity_full,transcript_full,raw_fibers,minimal_subtree,round_batch_inversion,proof_carried_round_local,128.0,whir_capacity_full,39,25|14,2,6244,640,10,32768,1,phase_parse,8,1501,,ok,,0,0,0,0,0,0,1535,276,2
whir_t128_capacity_full,transcript_full,raw_fibers,minimal_subtree,round_batch_inversion,proof_carried_round_local,128.0,whir_capacity_full,39,25|14,2,6244,640,10,32768,1,phase_per_round_queries,8,755475,,ok,,0,0,0,0,0,0,1535,276,2
whir_t128_capacity_full,transcript_full,raw_fibers,minimal_subtree,round_batch_inversion,proof_carried_round_local,128.0,whir_capacity_full,39,25|14,2,6244,640,10,32768,1,phase_transcript_setup,8,11657,,ok,,0,0,0,0,0,0,1535,276,2
whir_t128_capacity_full,transcript_full,raw_fibers,minimal_subtree,round_batch_inversion,proof_carried_round_local,128.0,whir_capacity_full,39,25|14,2,6244,640,10,32768,1,phase_final_round,9,49042,,ok,,0,0,0,0,0,0,1535,276,2
whir_t128_capacity_full,transcript_full,raw_fibers,minimal_subtree,round_batch_inversion,proof_carried_round_local,128.0,whir_capacity_full,39,25|14,2,6244,640,10,32768,1,phase_folding,9,12472,,ok,,0,0,0,0,0,0,1535,276,2
whir_t128_capacity_full,transcript_full,raw_fibers,minimal_subtree,round_batch_inversion,proof_carried_round_local,128.0,whir_capacity_full,39,25|14,2,6244,640,10,32768,1,phase_ood,9,12145,,ok,,0,0,0,0,0,0,1535,276,2
whir_t128_capacity_full,transcript_full,raw_fibers,minimal_subtree,round_batch_inversion,proof_carried_round_local,128.0,whir_capacity_full,39,25|14,2,6244,640,10,32768,1,phase_parse,9,1501,,ok,,0,0,0,0,0,0,1535,276,2
whir_t128_capacity_full,transcript_full,raw_fibers,minimal_subtree,round_batch_inversion,proof_carried_round_local,128.0,whir_capacity_full,39,25|14,2,6244,640,10,32768,1,phase_per_round_queries,9,755475,,ok,,0,0,0,0,0,0,1535,276,2
whir_t128_capacity_full,transcript_full,raw_fibers,minimal_subtree,round_batch_inversion,proof_carried_round_local,128.0,whir_capacity_full,39,25|14,2,6244,640,10,32768,1,phase_transcript_setup,9,11657,,ok,,0,0,0,0,0,0,1535,276,2
whir_t128_capacity_full,transcript_full,local_interpolant,minimal_subtree,round_batch_inversion,none,128.0,whir_capacity_full,39,25|14,2,5932,640,10,32768,1,host_verify,0,,8456875,ok,,315,19719,354,1990,325,25,2035,376,2
whir_t128_capacity_full,transcript_full,local_interpolant,minimal_subtree,round_batch_inversion,none,128.0,whir_capacity_full,39,25|14,2,5932,640,10,0,0,upload_total,0,12696,,ok,,0,0,0,0,0,0,2035,376,2
whir_t128_capacity_full,transcript_full,local_interpolant,minimal_subtree,round_batch_inversion,none,128.0,whir_capacity_full,39,25|14,2,5932,640,10,32768,1,verify_sbf,0,869447,,ok,,315,19719,354,1990,325,25,2035,376,2
whir_t128_capacity_full,transcript_full,local_interpolant,minimal_subtree,round_batch_inversion,none,128.0,whir_capacity_full,39,25|14,2,5932,640,10,32768,1,total_sbf,0,882143,,ok,,315,19719,354,1990,325,25,2035,376,2
whir_t128_capacity_full,transcript_full,local_interpolant,minimal_subtree,round_batch_inversion,none,128.0,whir_capacity_full,39,25|14,2,5932,640,10,32768,1,verify_sbf,1,869447,,ok,,315,19719,354,1990,325,25,2035,376,2
whir_t128_capacity_full,transcript_full,local_interpolant,minimal_subtree,round_batch_inversion,none,128.0,whir_capacity_full,39,25|14,2,5932,640,10,32768,1,total_sbf,1,882143,,ok,,315,19719,354,1990,325,25,2035,376,2
whir_t128_capacity_full,transcript_full,local_interpolant,minimal_subtree,round_batch_inversion,none,128.0,whir_capacity_full,39,25|14,2,5932,640,10,32768,1,verify_sbf,2,869447,,ok,,315,19719,354,1990,325,25,2035,376,2
whir_t128_capacity_full,transcript_full,local_interpolant,minimal_subtree,round_batch_inversion,none,128.0,whir_capacity_full,39,25|14,2,5932,640,10,32768,1,total_sbf,2,882143,,ok,,315,19719,354,1990,325,25,2035,376,2
whir_t128_capacity_full,transcript_full,local_interpolant,minimal_subtree,round_batch_inversion,none,128.0,whir_capacity_full,39,25|14,2,5932,640,10,32768,1,verify_sbf,3,869447,,ok,,315,19719,354,1990,325,25,2035,376,2
whir_t128_capacity_full,transcript_full,local_interpolant,minimal_subtree,round_batch_inversion,none,128.0,whir_capacity_full,39,25|14,2,5932,640,10,32768,1,total_sbf,3,882143,,ok,,315,19719,354,1990,325,25,2035,376,2
whir_t128_capacity_full,transcript_full,local_interpolant,minimal_subtree,round_batch_inversion,none,128.0,whir_capacity_full,39,25|14,2,5932,640,10,32768,1,verify_sbf,4,869447,,ok,,315,19719,354,1990,325,25,2035,376,2
whir_t128_capacity_full,transcript_full,local_interpolant,minimal_subtree,round_batch_inversion,none,128.0,whir_capacity_full,39,25|14,2,5932,640,10,32768,1,total_sbf,4,882143,,ok,,315,19719,354,1990,325,25,2035,376,2
whir_t128_capacity_full,transcript_full,local_interpolant,minimal_subtree,round_batch_inversion,none,128.0,whir_capacity_full,39,25|14,2,5932,640,10,32768,1,verify_sbf,5,869447,,ok,,315,19719,354,1990,325,25,2035,376,2
whir_t128_capacity_full,transcript_full,local_interpolant,minimal_subtree,round_batch_inversion,none,128.0,whir_capacity_full,39,25|14,2,5932,640,10,32768,1,total_sbf,5,882143,,ok,,315,19719,354,1990,325,25,2035,376,2
whir_t128_capacity_full,transcript_full,local_interpolant,minimal_subtree,round_batch_inversion,none,128.0,whir_capacity_full,39,25|14,2,5932,640,10,32768,1,verify_sbf,6,869447,,ok,,315,19719,354,1990,325,25,2035,376,2
whir_t128_capacity_full,transcript_full,local_interpolant,minimal_subtree,round_batch_inversion,none,128.0,whir_capacity_full,39,25|14,2,5932,640,10,32768,1,total_sbf,6,882143,,ok,,315,19719,354,1990,325,25,2035,376,2
whir_t128_capacity_full,transcript_full,local_interpolant,minimal_subtree,round_batch_inversion,none,128.0,whir_capacity_full,39,25|14,2,5932,640,10,32768,1,verify_sbf,7,869447,,ok,,315,19719,354,1990,325,25,2035,376,2
whir_t128_capacity_full,transcript_full,local_interpolant,minimal_subtree,round_batch_inversion,none,128.0,whir_capacity_full,39,25|14,2,5932,640,10,32768,1,total_sbf,7,882143,,ok,,315,19719,354,1990,325,25,2035,376,2
whir_t128_capacity_full,transcript_full,local_interpolant,minimal_subtree,round_batch_inversion,none,128.0,whir_capacity_full,39,25|14,2,5932,640,10,32768,1,verify_sbf,8,869447,,ok,,315,19719,354,1990,325,25,2035,376,2
whir_t128_capacity_full,transcript_full,local_interpolant,minimal_subtree,round_batch_inversion,none,128.0,whir_capacity_full,39,25|14,2,5932,640,10,32768,1,total_sbf,8,882143,,ok,,315,19719,354,1990,325,25,2035,376,2
whir_t128_capacity_full,transcript_full,local_interpolant,minimal_subtree,round_batch_inversion,none,128.0,whir_capacity_full,39,25|14,2,5932,640,10,32768,1,verify_sbf,9,869447,,ok,,315,19719,354,1990,325,25,2035,376,2
whir_t128_capacity_full,transcript_full,local_interpolant,minimal_subtree,round_batch_inversion,none,128.0,whir_capacity_full,39,25|14,2,5932,640,10,32768,1,total_sbf,9,882143,,ok,,315,19719,354,1990,325,25,2035,376,2
whir_t128_capacity_full,transcript_full,local_interpolant,minimal_subtree,round_batch_inversion,none,128.0,whir_capacity_full,39,25|14,2,5932,640,10,32768,1,phase_final_round,0,49004,,ok,,0,0,0,0,0,0,2035,376,2
whir_t128_capacity_full,transcript_full,local_interpolant,minimal_subtree,round_batch_inversion,none,128.0,whir_capacity_full,39,25|14,2,5932,640,10,32768,1,phase_folding,0,12472,,ok,,0,0,0,0,0,0,2035,376,2
whir_t128_capacity_full,transcript_full,local_interpolant,minimal_subtree,round_batch_inversion,none,128.0,whir_capacity_full,39,25|14,2,5932,640,10,32768,1,phase_ood,0,12145,,ok,,0,0,0,0,0,0,2035,376,2
whir_t128_capacity_full,transcript_full,local_interpolant,minimal_subtree,round_batch_inversion,none,128.0,whir_capacity_full,39,25|14,2,5932,640,10,32768,1,phase_parse,0,1505,,ok,,0,0,0,0,0,0,2035,376,2
whir_t128_capacity_full,transcript_full,local_interpolant,minimal_subtree,round_batch_inversion,none,128.0,whir_capacity_full,39,25|14,2,5932,640,10,32768,1,phase_per_round_queries,0,777299,,ok,,0,0,0,0,0,0,2035,376,2
whir_t128_capacity_full,transcript_full,local_interpolant,minimal_subtree,round_batch_inversion,none,128.0,whir_capacity_full,39,25|14,2,5932,640,10,32768,1,phase_transcript_setup,0,19419,,ok,,0,0,0,0,0,0,2035,376,2
whir_t128_capacity_full,transcript_full,local_interpolant,minimal_subtree,round_batch_inversion,none,128.0,whir_capacity_full,39,25|14,2,5932,640,10,32768,1,phase_final_round,1,49004,,ok,,0,0,0,0,0,0,2035,376,2
whir_t128_capacity_full,transcript_full,local_interpolant,minimal_subtree,round_batch_inversion,none,128.0,whir_capacity_full,39,25|14,2,5932,640,10,32768,1,phase_folding,1,12472,,ok,,0,0,0,0,0,0,2035,376,2
whir_t128_capacity_full,transcript_full,local_interpolant,minimal_subtree,round_batch_inversion,none,128.0,whir_capacity_full,39,25|14,2,5932,640,10,32768,1,phase_ood,1,12145,,ok,,0,0,0,0,0,0,2035,376,2
whir_t128_capacity_full,transcript_full,local_interpolant,minimal_subtree,round_batch_inversion,none,128.0,whir_capacity_full,39,25|14,2,5932,640,10,32768,1,phase_parse,1,1505,,ok,,0,0,0,0,0,0,2035,376,2
whir_t128_capacity_full,transcript_full,local_interpolant,minimal_subtree,round_batch_inversion,none,128.0,whir_capacity_full,39,25|14,2,5932,640,10,32768,1,phase_per_round_queries,1,777299,,ok,,0,0,0,0,0,0,2035,376,2
whir_t128_capacity_full,transcript_full,local_interpolant,minimal_subtree,round_batch_inversion,none,128.0,whir_capacity_full,39,25|14,2,5932,640,10,32768,1,phase_transcript_setup,1,19419,,ok,,0,0,0,0,0,0,2035,376,2
whir_t128_capacity_full,transcript_full,local_interpolant,minimal_subtree,round_batch_inversion,none,128.0,whir_capacity_full,39,25|14,2,5932,640,10,32768,1,phase_final_round,2,49004,,ok,,0,0,0,0,0,0,2035,376,2
whir_t128_capacity_full,transcript_full,local_interpolant,minimal_subtree,round_batch_inversion,none,128.0,whir_capacity_full,39,25|14,2,5932,640,10,32768,1,phase_folding,2,12472,,ok,,0,0,0,0,0,0,2035,376,2
whir_t128_capacity_full,transcript_full,local_interpolant,minimal_subtree,round_batch_inversion,none,128.0,whir_capacity_full,39,25|14,2,5932,640,10,32768,1,phase_ood,2,12145,,ok,,0,0,0,0,0,0,2035,376,2
whir_t128_capacity_full,transcript_full,local_interpolant,minimal_subtree,round_batch_inversion,none,128.0,whir_capacity_full,39,25|14,2,5932,640,10,32768,1,phase_parse,2,1505,,ok,,0,0,0,0,0,0,2035,376,2
whir_t128_capacity_full,transcript_full,local_interpolant,minimal_subtree,round_batch_inversion,none,128.0,whir_capacity_full,39,25|14,2,5932,640,10,32768,1,phase_per_round_queries,2,777299,,ok,,0,0,0,0,0,0,2035,376,2
whir_t128_capacity_full,transcript_full,local_interpolant,minimal_subtree,round_batch_inversion,none,128.0,whir_capacity_full,39,25|14,2,5932,640,10,32768,1,phase_transcript_setup,2,19419,,ok,,0,0,0,0,0,0,2035,376,2
whir_t128_capacity_full,transcript_full,local_interpolant,minimal_subtree,round_batch_inversion,none,128.0,whir_capacity_full,39,25|14,2,5932,640,10,32768,1,phase_final_round,3,49004,,ok,,0,0,0,0,0,0,2035,376,2
whir_t128_capacity_full,transcript_full,local_interpolant,minimal_subtree,round_batch_inversion,none,128.0,whir_capacity_full,39,25|14,2,5932,640,10,32768,1,phase_folding,3,12472,,ok,,0,0,0,0,0,0,2035,376,2
whir_t128_capacity_full,transcript_full,local_interpolant,minimal_subtree,round_batch_inversion,none,128.0,whir_capacity_full,39,25|14,2,5932,640,10,32768,1,phase_ood,3,12145,,ok,,0,0,0,0,0,0,2035,376,2
whir_t128_capacity_full,transcript_full,local_interpolant,minimal_subtree,round_batch_inversion,none,128.0,whir_capacity_full,39,25|14,2,5932,640,10,32768,1,phase_parse,3,1505,,ok,,0,0,0,0,0,0,2035,376,2
whir_t128_capacity_full,transcript_full,local_interpolant,minimal_subtree,round_batch_inversion,none,128.0,whir_capacity_full,39,25|14,2,5932,640,10,32768,1,phase_per_round_queries,3,777299,,ok,,0,0,0,0,0,0,2035,376,2
whir_t128_capacity_full,transcript_full,local_interpolant,minimal_subtree,round_batch_inversion,none,128.0,whir_capacity_full,39,25|14,2,5932,640,10,32768,1,phase_transcript_setup,3,19419,,ok,,0,0,0,0,0,0,2035,376,2
whir_t128_capacity_full,transcript_full,local_interpolant,minimal_subtree,round_batch_inversion,none,128.0,whir_capacity_full,39,25|14,2,5932,640,10,32768,1,phase_final_round,4,49004,,ok,,0,0,0,0,0,0,2035,376,2
whir_t128_capacity_full,transcript_full,local_interpolant,minimal_subtree,round_batch_inversion,none,128.0,whir_capacity_full,39,25|14,2,5932,640,10,32768,1,phase_folding,4,12472,,ok,,0,0,0,0,0,0,2035,376,2
whir_t128_capacity_full,transcript_full,local_interpolant,minimal_subtree,round_batch_inversion,none,128.0,whir_capacity_full,39,25|14,2,5932,640,10,32768,1,phase_ood,4,12145,,ok,,0,0,0,0,0,0,2035,376,2
whir_t128_capacity_full,transcript_full,local_interpolant,minimal_subtree,round_batch_inversion,none,128.0,whir_capacity_full,39,25|14,2,5932,640,10,32768,1,phase_parse,4,1505,,ok,,0,0,0,0,0,0,2035,376,2
whir_t128_capacity_full,transcript_full,local_interpolant,minimal_subtree,round_batch_inversion,none,128.0,whir_capacity_full,39,25|14,2,5932,640,10,32768,1,phase_per_round_queries,4,777299,,ok,,0,0,0,0,0,0,2035,376,2
whir_t128_capacity_full,transcript_full,local_interpolant,minimal_subtree,round_batch_inversion,none,128.0,whir_capacity_full,39,25|14,2,5932,640,10,32768,1,phase_transcript_setup,4,19419,,ok,,0,0,0,0,0,0,2035,376,2
whir_t128_capacity_full,transcript_full,local_interpolant,minimal_subtree,round_batch_inversion,none,128.0,whir_capacity_full,39,25|14,2,5932,640,10,32768,1,phase_final_round,5,49004,,ok,,0,0,0,0,0,0,2035,376,2
whir_t128_capacity_full,transcript_full,local_interpolant,minimal_subtree,round_batch_inversion,none,128.0,whir_capacity_full,39,25|14,2,5932,640,10,32768,1,phase_folding,5,12472,,ok,,0,0,0,0,0,0,2035,376,2
whir_t128_capacity_full,transcript_full,local_interpolant,minimal_subtree,round_batch_inversion,none,128.0,whir_capacity_full,39,25|14,2,5932,640,10,32768,1,phase_ood,5,12145,,ok,,0,0,0,0,0,0,2035,376,2
whir_t128_capacity_full,transcript_full,local_interpolant,minimal_subtree,round_batch_inversion,none,128.0,whir_capacity_full,39,25|14,2,5932,640,10,32768,1,phase_parse,5,1505,,ok,,0,0,0,0,0,0,2035,376,2
whir_t128_capacity_full,transcript_full,local_interpolant,minimal_subtree,round_batch_inversion,none,128.0,whir_capacity_full,39,25|14,2,5932,640,10,32768,1,phase_per_round_queries,5,777299,,ok,,0,0,0,0,0,0,2035,376,2
whir_t128_capacity_full,transcript_full,local_interpolant,minimal_subtree,round_batch_inversion,none,128.0,whir_capacity_full,39,25|14,2,5932,640,10,32768,1,phase_transcript_setup,5,19419,,ok,,0,0,0,0,0,0,2035,376,2
whir_t128_capacity_full,transcript_full,local_interpolant,minimal_subtree,round_batch_inversion,none,128.0,whir_capacity_full,39,25|14,2,5932,640,10,32768,1,phase_final_round,6,49004,,ok,,0,0,0,0,0,0,2035,376,2
whir_t128_capacity_full,transcript_full,local_interpolant,minimal_subtree,round_batch_inversion,none,128.0,whir_capacity_full,39,25|14,2,5932,640,10,32768,1,phase_folding,6,12472,,ok,,0,0,0,0,0,0,2035,376,2
whir_t128_capacity_full,transcript_full,local_interpolant,minimal_subtree,round_batch_inversion,none,128.0,whir_capacity_full,39,25|14,2,5932,640,10,32768,1,phase_ood,6,12145,,ok,,0,0,0,0,0,0,2035,376,2
whir_t128_capacity_full,transcript_full,local_interpolant,minimal_subtree,round_batch_inversion,none,128.0,whir_capacity_full,39,25|14,2,5932,640,10,32768,1,phase_parse,6,1505,,ok,,0,0,0,0,0,0,2035,376,2
whir_t128_capacity_full,transcript_full,local_interpolant,minimal_subtree,round_batch_inversion,none,128.0,whir_capacity_full,39,25|14,2,5932,640,10,32768,1,phase_per_round_queries,6,777299,,ok,,0,0,0,0,0,0,2035,376,2
whir_t128_capacity_full,transcript_full,local_interpolant,minimal_subtree,round_batch_inversion,none,128.0,whir_capacity_full,39,25|14,2,5932,640,10,32768,1,phase_transcript_setup,6,19419,,ok,,0,0,0,0,0,0,2035,376,2
whir_t128_capacity_full,transcript_full,local_interpolant,minimal_subtree,round_batch_inversion,none,128.0,whir_capacity_full,39,25|14,2,5932,640,10,32768,1,phase_final_round,7,49004,,ok,,0,0,0,0,0,0,2035,376,2
whir_t128_capacity_full,transcript_full,local_interpolant,minimal_subtree,round_batch_inversion,none,128.0,whir_capacity_full,39,25|14,2,5932,640,10,32768,1,phase_folding,7,12472,,ok,,0,0,0,0,0,0,2035,376,2
whir_t128_capacity_full,transcript_full,local_interpolant,minimal_subtree,round_batch_inversion,none,128.0,whir_capacity_full,39,25|14,2,5932,640,10,32768,1,phase_ood,7,12145,,ok,,0,0,0,0,0,0,2035,376,2
whir_t128_capacity_full,transcript_full,local_interpolant,minimal_subtree,round_batch_inversion,none,128.0,whir_capacity_full,39,25|14,2,5932,640,10,32768,1,phase_parse,7,1505,,ok,,0,0,0,0,0,0,2035,376,2
whir_t128_capacity_full,transcript_full,local_interpolant,minimal_subtree,round_batch_inversion,none,128.0,whir_capacity_full,39,25|14,2,5932,640,10,32768,1,phase_per_round_queries,7,777299,,ok,,0,0,0,0,0,0,2035,376,2
whir_t128_capacity_full,transcript_full,local_interpolant,minimal_subtree,round_batch_inversion,none,128.0,whir_capacity_full,39,25|14,2,5932,640,10,32768,1,phase_transcript_setup,7,19419,,ok,,0,0,0,0,0,0,2035,376,2
whir_t128_capacity_full,transcript_full,local_interpolant,minimal_subtree,round_batch_inversion,none,128.0,whir_capacity_full,39,25|14,2,5932,640,10,32768,1,phase_final_round,8,49004,,ok,,0,0,0,0,0,0,2035,376,2
whir_t128_capacity_full,transcript_full,local_interpolant,minimal_subtree,round_batch_inversion,none,128.0,whir_capacity_full,39,25|14,2,5932,640,10,32768,1,phase_folding,8,12472,,ok,,0,0,0,0,0,0,2035,376,2
whir_t128_capacity_full,transcript_full,local_interpolant,minimal_subtree,round_batch_inversion,none,128.0,whir_capacity_full,39,25|14,2,5932,640,10,32768,1,phase_ood,8,12145,,ok,,0,0,0,0,0,0,2035,376,2
whir_t128_capacity_full,transcript_full,local_interpolant,minimal_subtree,round_batch_inversion,none,128.0,whir_capacity_full,39,25|14,2,5932,640,10,32768,1,phase_parse,8,1505,,ok,,0,0,0,0,0,0,2035,376,2
whir_t128_capacity_full,transcript_full,local_interpolant,minimal_subtree,round_batch_inversion,none,128.0,whir_capacity_full,39,25|14,2,5932,640,10,32768,1,phase_per_round_queries,8,777299,,ok,,0,0,0,0,0,0,2035,376,2
whir_t128_capacity_full,transcript_full,local_interpolant,minimal_subtree,round_batch_inversion,none,128.0,whir_capacity_full,39,25|14,2,5932,640,10,32768,1,phase_transcript_setup,8,19419,,ok,,0,0,0,0,0,0,2035,376,2
whir_t128_capacity_full,transcript_full,local_interpolant,minimal_subtree,round_batch_inversion,none,128.0,whir_capacity_full,39,25|14,2,5932,640,10,32768,1,phase_final_round,9,49004,,ok,,0,0,0,0,0,0,2035,376,2
whir_t128_capacity_full,transcript_full,local_interpolant,minimal_subtree,round_batch_inversion,none,128.0,whir_capacity_full,39,25|14,2,5932,640,10,32768,1,phase_folding,9,12472,,ok,,0,0,0,0,0,0,2035,376,2
whir_t128_capacity_full,transcript_full,local_interpolant,minimal_subtree,round_batch_inversion,none,128.0,whir_capacity_full,39,25|14,2,5932,640,10,32768,1,phase_ood,9,12145,,ok,,0,0,0,0,0,0,2035,376,2
whir_t128_capacity_full,transcript_full,local_interpolant,minimal_subtree,round_batch_inversion,none,128.0,whir_capacity_full,39,25|14,2,5932,640,10,32768,1,phase_parse,9,1505,,ok,,0,0,0,0,0,0,2035,376,2
whir_t128_capacity_full,transcript_full,local_interpolant,minimal_subtree,round_batch_inversion,none,128.0,whir_capacity_full,39,25|14,2,5932,640,10,32768,1,phase_per_round_queries,9,777299,,ok,,0,0,0,0,0,0,2035,376,2
whir_t128_capacity_full,transcript_full,local_interpolant,minimal_subtree,round_batch_inversion,none,128.0,whir_capacity_full,39,25|14,2,5932,640,10,32768,1,phase_transcript_setup,9,19419,,ok,,0,0,0,0,0,0,2035,376,2
whir_t128_capacity_full,transcript_full,local_interpolant,minimal_subtree,round_batch_inversion,proof_carried_round_local,128.0,whir_capacity_full,39,25|14,2,6244,640,10,32768,1,host_verify,0,,6526167,ok,,315,19719,354,1590,225,25,1635,276,2
whir_t128_capacity_full,transcript_full,local_interpolant,minimal_subtree,round_batch_inversion,proof_carried_round_local,128.0,whir_capacity_full,39,25|14,2,6244,640,10,0,0,upload_total,0,12852,,ok,,0,0,0,0,0,0,1635,276,2
whir_t128_capacity_full,transcript_full,local_interpolant,minimal_subtree,round_batch_inversion,proof_carried_round_local,128.0,whir_capacity_full,39,25|14,2,6244,640,10,32768,1,verify_sbf,0,844917,,ok,,315,19719,354,1590,225,25,1635,276,2
whir_t128_capacity_full,transcript_full,local_interpolant,minimal_subtree,round_batch_inversion,proof_carried_round_local,128.0,whir_capacity_full,39,25|14,2,6244,640,10,32768,1,total_sbf,0,857769,,ok,,315,19719,354,1590,225,25,1635,276,2
whir_t128_capacity_full,transcript_full,local_interpolant,minimal_subtree,round_batch_inversion,proof_carried_round_local,128.0,whir_capacity_full,39,25|14,2,6244,640,10,32768,1,verify_sbf,1,844917,,ok,,315,19719,354,1590,225,25,1635,276,2
whir_t128_capacity_full,transcript_full,local_interpolant,minimal_subtree,round_batch_inversion,proof_carried_round_local,128.0,whir_capacity_full,39,25|14,2,6244,640,10,32768,1,total_sbf,1,857769,,ok,,315,19719,354,1590,225,25,1635,276,2
whir_t128_capacity_full,transcript_full,local_interpolant,minimal_subtree,round_batch_inversion,proof_carried_round_local,128.0,whir_capacity_full,39,25|14,2,6244,640,10,32768,1,verify_sbf,2,844917,,ok,,315,19719,354,1590,225,25,1635,276,2
whir_t128_capacity_full,transcript_full,local_interpolant,minimal_subtree,round_batch_inversion,proof_carried_round_local,128.0,whir_capacity_full,39,25|14,2,6244,640,10,32768,1,total_sbf,2,857769,,ok,,315,19719,354,1590,225,25,1635,276,2
whir_t128_capacity_full,transcript_full,local_interpolant,minimal_subtree,round_batch_inversion,proof_carried_round_local,128.0,whir_capacity_full,39,25|14,2,6244,640,10,32768,1,verify_sbf,3,844917,,ok,,315,19719,354,1590,225,25,1635,276,2
whir_t128_capacity_full,transcript_full,local_interpolant,minimal_subtree,round_batch_inversion,proof_carried_round_local,128.0,whir_capacity_full,39,25|14,2,6244,640,10,32768,1,total_sbf,3,857769,,ok,,315,19719,354,1590,225,25,1635,276,2
whir_t128_capacity_full,transcript_full,local_interpolant,minimal_subtree,round_batch_inversion,proof_carried_round_local,128.0,whir_capacity_full,39,25|14,2,6244,640,10,32768,1,verify_sbf,4,844917,,ok,,315,19719,354,1590,225,25,1635,276,2
whir_t128_capacity_full,transcript_full,local_interpolant,minimal_subtree,round_batch_inversion,proof_carried_round_local,128.0,whir_capacity_full,39,25|14,2,6244,640,10,32768,1,total_sbf,4,857769,,ok,,315,19719,354,1590,225,25,1635,276,2
whir_t128_capacity_full,transcript_full,local_interpolant,minimal_subtree,round_batch_inversion,proof_carried_round_local,128.0,whir_capacity_full,39,25|14,2,6244,640,10,32768,1,verify_sbf,5,844917,,ok,,315,19719,354,1590,225,25,1635,276,2
whir_t128_capacity_full,transcript_full,local_interpolant,minimal_subtree,round_batch_inversion,proof_carried_round_local,128.0,whir_capacity_full,39,25|14,2,6244,640,10,32768,1,total_sbf,5,857769,,ok,,315,19719,354,1590,225,25,1635,276,2
whir_t128_capacity_full,transcript_full,local_interpolant,minimal_subtree,round_batch_inversion,proof_carried_round_local,128.0,whir_capacity_full,39,25|14,2,6244,640,10,32768,1,verify_sbf,6,844917,,ok,,315,19719,354,1590,225,25,1635,276,2
whir_t128_capacity_full,transcript_full,local_interpolant,minimal_subtree,round_batch_inversion,proof_carried_round_local,128.0,whir_capacity_full,39,25|14,2,6244,640,10,32768,1,total_sbf,6,857769,,ok,,315,19719,354,1590,225,25,1635,276,2
whir_t128_capacity_full,transcript_full,local_interpolant,minimal_subtree,round_batch_inversion,proof_carried_round_local,128.0,whir_capacity_full,39,25|14,2,6244,640,10,32768,1,verify_sbf,7,844917,,ok,,315,19719,354,1590,225,25,1635,276,2
whir_t128_capacity_full,transcript_full,local_interpolant,minimal_subtree,round_batch_inversion,proof_carried_round_local,128.0,whir_capacity_full,39,25|14,2,6244,640,10,32768,1,total_sbf,7,857769,,ok,,315,19719,354,1590,225,25,1635,276,2
whir_t128_capacity_full,transcript_full,local_interpolant,minimal_subtree,round_batch_inversion,proof_carried_round_local,128.0,whir_capacity_full,39,25|14,2,6244,640,10,32768,1,verify_sbf,8,844917,,ok,,315,19719,354,1590,225,25,1635,276,2
whir_t128_capacity_full,transcript_full,local_interpolant,minimal_subtree,round_batch_inversion,proof_carried_round_local,128.0,whir_capacity_full,39,25|14,2,6244,640,10,32768,1,total_sbf,8,857769,,ok,,315,19719,354,1590,225,25,1635,276,2
whir_t128_capacity_full,transcript_full,local_interpolant,minimal_subtree,round_batch_inversion,proof_carried_round_local,128.0,whir_capacity_full,39,25|14,2,6244,640,10,32768,1,verify_sbf,9,844917,,ok,,315,19719,354,1590,225,25,1635,276,2
whir_t128_capacity_full,transcript_full,local_interpolant,minimal_subtree,round_batch_inversion,proof_carried_round_local,128.0,whir_capacity_full,39,25|14,2,6244,640,10,32768,1,total_sbf,9,857769,,ok,,315,19719,354,1590,225,25,1635,276,2
whir_t128_capacity_full,transcript_full,local_interpolant,minimal_subtree,round_batch_inversion,proof_carried_round_local,128.0,whir_capacity_full,39,25|14,2,6244,640,10,32768,1,phase_final_round,0,48930,,ok,,0,0,0,0,0,0,1635,276,2
whir_t128_capacity_full,transcript_full,local_interpolant,minimal_subtree,round_batch_inversion,proof_carried_round_local,128.0,whir_capacity_full,39,25|14,2,6244,640,10,32768,1,phase_folding,0,12475,,ok,,0,0,0,0,0,0,1635,276,2
whir_t128_capacity_full,transcript_full,local_interpolant,minimal_subtree,round_batch_inversion,proof_carried_round_local,128.0,whir_capacity_full,39,25|14,2,6244,640,10,32768,1,phase_ood,0,12145,,ok,,0,0,0,0,0,0,1635,276,2
whir_t128_capacity_full,transcript_full,local_interpolant,minimal_subtree,round_batch_inversion,proof_carried_round_local,128.0,whir_capacity_full,39,25|14,2,6244,640,10,32768,1,phase_parse,0,1503,,ok,,0,0,0,0,0,0,1635,276,2
whir_t128_capacity_full,transcript_full,local_interpolant,minimal_subtree,round_batch_inversion,proof_carried_round_local,128.0,whir_capacity_full,39,25|14,2,6244,640,10,32768,1,phase_per_round_queries,0,760604,,ok,,0,0,0,0,0,0,1635,276,2
whir_t128_capacity_full,transcript_full,local_interpolant,minimal_subtree,round_batch_inversion,proof_carried_round_local,128.0,whir_capacity_full,39,25|14,2,6244,640,10,32768,1,phase_transcript_setup,0,11657,,ok,,0,0,0,0,0,0,1635,276,2
whir_t128_capacity_full,transcript_full,local_interpolant,minimal_subtree,round_batch_inversion,proof_carried_round_local,128.0,whir_capacity_full,39,25|14,2,6244,640,10,32768,1,phase_final_round,1,48930,,ok,,0,0,0,0,0,0,1635,276,2
whir_t128_capacity_full,transcript_full,local_interpolant,minimal_subtree,round_batch_inversion,proof_carried_round_local,128.0,whir_capacity_full,39,25|14,2,6244,640,10,32768,1,phase_folding,1,12475,,ok,,0,0,0,0,0,0,1635,276,2
whir_t128_capacity_full,transcript_full,local_interpolant,minimal_subtree,round_batch_inversion,proof_carried_round_local,128.0,whir_capacity_full,39,25|14,2,6244,640,10,32768,1,phase_ood,1,12145,,ok,,0,0,0,0,0,0,1635,276,2
whir_t128_capacity_full,transcript_full,local_interpolant,minimal_subtree,round_batch_inversion,proof_carried_round_local,128.0,whir_capacity_full,39,25|14,2,6244,640,10,32768,1,phase_parse,1,1503,,ok,,0,0,0,0,0,0,1635,276,2
whir_t128_capacity_full,transcript_full,local_interpolant,minimal_subtree,round_batch_inversion,proof_carried_round_local,128.0,whir_capacity_full,39,25|14,2,6244,640,10,32768,1,phase_per_round_queries,1,760604,,ok,,0,0,0,0,0,0,1635,276,2
whir_t128_capacity_full,transcript_full,local_interpolant,minimal_subtree,round_batch_inversion,proof_carried_round_local,128.0,whir_capacity_full,39,25|14,2,6244,640,10,32768,1,phase_transcript_setup,1,11657,,ok,,0,0,0,0,0,0,1635,276,2
whir_t128_capacity_full,transcript_full,local_interpolant,minimal_subtree,round_batch_inversion,proof_carried_round_local,128.0,whir_capacity_full,39,25|14,2,6244,640,10,32768,1,phase_final_round,2,48930,,ok,,0,0,0,0,0,0,1635,276,2
whir_t128_capacity_full,transcript_full,local_interpolant,minimal_subtree,round_batch_inversion,proof_carried_round_local,128.0,whir_capacity_full,39,25|14,2,6244,640,10,32768,1,phase_folding,2,12475,,ok,,0,0,0,0,0,0,1635,276,2
whir_t128_capacity_full,transcript_full,local_interpolant,minimal_subtree,round_batch_inversion,proof_carried_round_local,128.0,whir_capacity_full,39,25|14,2,6244,640,10,32768,1,phase_ood,2,12145,,ok,,0,0,0,0,0,0,1635,276,2
whir_t128_capacity_full,transcript_full,local_interpolant,minimal_subtree,round_batch_inversion,proof_carried_round_local,128.0,whir_capacity_full,39,25|14,2,6244,640,10,32768,1,phase_parse,2,1503,,ok,,0,0,0,0,0,0,1635,276,2
whir_t128_capacity_full,transcript_full,local_interpolant,minimal_subtree,round_batch_inversion,proof_carried_round_local,128.0,whir_capacity_full,39,25|14,2,6244,640,10,32768,1,phase_per_round_queries,2,760604,,ok,,0,0,0,0,0,0,1635,276,2
whir_t128_capacity_full,transcript_full,local_interpolant,minimal_subtree,round_batch_inversion,proof_carried_round_local,128.0,whir_capacity_full,39,25|14,2,6244,640,10,32768,1,phase_transcript_setup,2,11657,,ok,,0,0,0,0,0,0,1635,276,2
whir_t128_capacity_full,transcript_full,local_interpolant,minimal_subtree,round_batch_inversion,proof_carried_round_local,128.0,whir_capacity_full,39,25|14,2,6244,640,10,32768,1,phase_final_round,3,48930,,ok,,0,0,0,0,0,0,1635,276,2
whir_t128_capacity_full,transcript_full,local_interpolant,minimal_subtree,round_batch_inversion,proof_carried_round_local,128.0,whir_capacity_full,39,25|14,2,6244,640,10,32768,1,phase_folding,3,12475,,ok,,0,0,0,0,0,0,1635,276,2
whir_t128_capacity_full,transcript_full,local_interpolant,minimal_subtree,round_batch_inversion,proof_carried_round_local,128.0,whir_capacity_full,39,25|14,2,6244,640,10,32768,1,phase_ood,3,12145,,ok,,0,0,0,0,0,0,1635,276,2
whir_t128_capacity_full,transcript_full,local_interpolant,minimal_subtree,round_batch_inversion,proof_carried_round_local,128.0,whir_capacity_full,39,25|14,2,6244,640,10,32768,1,phase_parse,3,1503,,ok,,0,0,0,0,0,0,1635,276,2
whir_t128_capacity_full,transcript_full,local_interpolant,minimal_subtree,round_batch_inversion,proof_carried_round_local,128.0,whir_capacity_full,39,25|14,2,6244,640,10,32768,1,phase_per_round_queries,3,760604,,ok,,0,0,0,0,0,0,1635,276,2
whir_t128_capacity_full,transcript_full,local_interpolant,minimal_subtree,round_batch_inversion,proof_carried_round_local,128.0,whir_capacity_full,39,25|14,2,6244,640,10,32768,1,phase_transcript_setup,3,11657,,ok,,0,0,0,0,0,0,1635,276,2
whir_t128_capacity_full,transcript_full,local_interpolant,minimal_subtree,round_batch_inversion,proof_carried_round_local,128.0,whir_capacity_full,39,25|14,2,6244,640,10,32768,1,phase_final_round,4,48930,,ok,,0,0,0,0,0,0,1635,276,2
whir_t128_capacity_full,transcript_full,local_interpolant,minimal_subtree,round_batch_inversion,proof_carried_round_local,128.0,whir_capacity_full,39,25|14,2,6244,640,10,32768,1,phase_folding,4,12475,,ok,,0,0,0,0,0,0,1635,276,2
whir_t128_capacity_full,transcript_full,local_interpolant,minimal_subtree,round_batch_inversion,proof_carried_round_local,128.0,whir_capacity_full,39,25|14,2,6244,640,10,32768,1,phase_ood,4,12145,,ok,,0,0,0,0,0,0,1635,276,2
whir_t128_capacity_full,transcript_full,local_interpolant,minimal_subtree,round_batch_inversion,proof_carried_round_local,128.0,whir_capacity_full,39,25|14,2,6244,640,10,32768,1,phase_parse,4,1503,,ok,,0,0,0,0,0,0,1635,276,2
whir_t128_capacity_full,transcript_full,local_interpolant,minimal_subtree,round_batch_inversion,proof_carried_round_local,128.0,whir_capacity_full,39,25|14,2,6244,640,10,32768,1,phase_per_round_queries,4,760604,,ok,,0,0,0,0,0,0,1635,276,2
whir_t128_capacity_full,transcript_full,local_interpolant,minimal_subtree,round_batch_inversion,proof_carried_round_local,128.0,whir_capacity_full,39,25|14,2,6244,640,10,32768,1,phase_transcript_setup,4,11657,,ok,,0,0,0,0,0,0,1635,276,2
whir_t128_capacity_full,transcript_full,local_interpolant,minimal_subtree,round_batch_inversion,proof_carried_round_local,128.0,whir_capacity_full,39,25|14,2,6244,640,10,32768,1,phase_final_round,5,48930,,ok,,0,0,0,0,0,0,1635,276,2
whir_t128_capacity_full,transcript_full,local_interpolant,minimal_subtree,round_batch_inversion,proof_carried_round_local,128.0,whir_capacity_full,39,25|14,2,6244,640,10,32768,1,phase_folding,5,12475,,ok,,0,0,0,0,0,0,1635,276,2
whir_t128_capacity_full,transcript_full,local_interpolant,minimal_subtree,round_batch_inversion,proof_carried_round_local,128.0,whir_capacity_full,39,25|14,2,6244,640,10,32768,1,phase_ood,5,12145,,ok,,0,0,0,0,0,0,1635,276,2
whir_t128_capacity_full,transcript_full,local_interpolant,minimal_subtree,round_batch_inversion,proof_carried_round_local,128.0,whir_capacity_full,39,25|14,2,6244,640,10,32768,1,phase_parse,5,1503,,ok,,0,0,0,0,0,0,1635,276,2
whir_t128_capacity_full,transcript_full,local_interpolant,minimal_subtree,round_batch_inversion,proof_carried_round_local,128.0,whir_capacity_full,39,25|14,2,6244,640,10,32768,1,phase_per_round_queries,5,760604,,ok,,0,0,0,0,0,0,1635,276,2
whir_t128_capacity_full,transcript_full,local_interpolant,minimal_subtree,round_batch_inversion,proof_carried_round_local,128.0,whir_capacity_full,39,25|14,2,6244,640,10,32768,1,phase_transcript_setup,5,11657,,ok,,0,0,0,0,0,0,1635,276,2
whir_t128_capacity_full,transcript_full,local_interpolant,minimal_subtree,round_batch_inversion,proof_carried_round_local,128.0,whir_capacity_full,39,25|14,2,6244,640,10,32768,1,phase_final_round,6,48930,,ok,,0,0,0,0,0,0,1635,276,2
whir_t128_capacity_full,transcript_full,local_interpolant,minimal_subtree,round_batch_inversion,proof_carried_round_local,128.0,whir_capacity_full,39,25|14,2,6244,640,10,32768,1,phase_folding,6,12475,,ok,,0,0,0,0,0,0,1635,276,2
whir_t128_capacity_full,transcript_full,local_interpolant,minimal_subtree,round_batch_inversion,proof_carried_round_local,128.0,whir_capacity_full,39,25|14,2,6244,640,10,32768,1,phase_ood,6,12145,,ok,,0,0,0,0,0,0,1635,276,2
whir_t128_capacity_full,transcript_full,local_interpolant,minimal_subtree,round_batch_inversion,proof_carried_round_local,128.0,whir_capacity_full,39,25|14,2,6244,640,10,32768,1,phase_parse,6,1503,,ok,,0,0,0,0,0,0,1635,276,2
whir_t128_capacity_full,transcript_full,local_interpolant,minimal_subtree,round_batch_inversion,proof_carried_round_local,128.0,whir_capacity_full,39,25|14,2,6244,640,10,32768,1,phase_per_round_queries,6,760604,,ok,,0,0,0,0,0,0,1635,276,2
whir_t128_capacity_full,transcript_full,local_interpolant,minimal_subtree,round_batch_inversion,proof_carried_round_local,128.0,whir_capacity_full,39,25|14,2,6244,640,10,32768,1,phase_transcript_setup,6,11657,,ok,,0,0,0,0,0,0,1635,276,2
whir_t128_capacity_full,transcript_full,local_interpolant,minimal_subtree,round_batch_inversion,proof_carried_round_local,128.0,whir_capacity_full,39,25|14,2,6244,640,10,32768,1,phase_final_round,7,48930,,ok,,0,0,0,0,0,0,1635,276,2
whir_t128_capacity_full,transcript_full,local_interpolant,minimal_subtree,round_batch_inversion,proof_carried_round_local,128.0,whir_capacity_full,39,25|14,2,6244,640,10,32768,1,phase_folding,7,12475,,ok,,0,0,0,0,0,0,1635,276,2
whir_t128_capacity_full,transcript_full,local_interpolant,minimal_subtree,round_batch_inversion,proof_carried_round_local,128.0,whir_capacity_full,39,25|14,2,6244,640,10,32768,1,phase_ood,7,12145,,ok,,0,0,0,0,0,0,1635,276,2
whir_t128_capacity_full,transcript_full,local_interpolant,minimal_subtree,round_batch_inversion,proof_carried_round_local,128.0,whir_capacity_full,39,25|14,2,6244,640,10,32768,1,phase_parse,7,1503,,ok,,0,0,0,0,0,0,1635,276,2
whir_t128_capacity_full,transcript_full,local_interpolant,minimal_subtree,round_batch_inversion,proof_carried_round_local,128.0,whir_capacity_full,39,25|14,2,6244,640,10,32768,1,phase_per_round_queries,7,760604,,ok,,0,0,0,0,0,0,1635,276,2
whir_t128_capacity_full,transcript_full,local_interpolant,minimal_subtree,round_batch_inversion,proof_carried_round_local,128.0,whir_capacity_full,39,25|14,2,6244,640,10,32768,1,phase_transcript_setup,7,11657,,ok,,0,0,0,0,0,0,1635,276,2
whir_t128_capacity_full,transcript_full,local_interpolant,minimal_subtree,round_batch_inversion,proof_carried_round_local,128.0,whir_capacity_full,39,25|14,2,6244,640,10,32768,1,phase_final_round,8,48930,,ok,,0,0,0,0,0,0,1635,276,2
whir_t128_capacity_full,transcript_full,local_interpolant,minimal_subtree,round_batch_inversion,proof_carried_round_local,128.0,whir_capacity_full,39,25|14,2,6244,640,10,32768,1,phase_folding,8,12475,,ok,,0,0,0,0,0,0,1635,276,2
whir_t128_capacity_full,transcript_full,local_interpolant,minimal_subtree,round_batch_inversion,proof_carried_round_local,128.0,whir_capacity_full,39,25|14,2,6244,640,10,32768,1,phase_ood,8,12145,,ok,,0,0,0,0,0,0,1635,276,2
whir_t128_capacity_full,transcript_full,local_interpolant,minimal_subtree,round_batch_inversion,proof_carried_round_local,128.0,whir_capacity_full,39,25|14,2,6244,640,10,32768,1,phase_parse,8,1503,,ok,,0,0,0,0,0,0,1635,276,2
whir_t128_capacity_full,transcript_full,local_interpolant,minimal_subtree,round_batch_inversion,proof_carried_round_local,128.0,whir_capacity_full,39,25|14,2,6244,640,10,32768,1,phase_per_round_queries,8,760604,,ok,,0,0,0,0,0,0,1635,276,2
whir_t128_capacity_full,transcript_full,local_interpolant,minimal_subtree,round_batch_inversion,proof_carried_round_local,128.0,whir_capacity_full,39,25|14,2,6244,640,10,32768,1,phase_transcript_setup,8,11657,,ok,,0,0,0,0,0,0,1635,276,2
whir_t128_capacity_full,transcript_full,local_interpolant,minimal_subtree,round_batch_inversion,proof_carried_round_local,128.0,whir_capacity_full,39,25|14,2,6244,640,10,32768,1,phase_final_round,9,48930,,ok,,0,0,0,0,0,0,1635,276,2
whir_t128_capacity_full,transcript_full,local_interpolant,minimal_subtree,round_batch_inversion,proof_carried_round_local,128.0,whir_capacity_full,39,25|14,2,6244,640,10,32768,1,phase_folding,9,12475,,ok,,0,0,0,0,0,0,1635,276,2
whir_t128_capacity_full,transcript_full,local_interpolant,minimal_subtree,round_batch_inversion,proof_carried_round_local,128.0,whir_capacity_full,39,25|14,2,6244,640,10,32768,1,phase_ood,9,12145,,ok,,0,0,0,0,0,0,1635,276,2
whir_t128_capacity_full,transcript_full,local_interpolant,minimal_subtree,round_batch_inversion,proof_carried_round_local,128.0,whir_capacity_full,39,25|14,2,6244,640,10,32768,1,phase_parse,9,1503,,ok,,0,0,0,0,0,0,1635,276,2
whir_t128_capacity_full,transcript_full,local_interpolant,minimal_subtree,round_batch_inversion,proof_carried_round_local,128.0,whir_capacity_full,39,25|14,2,6244,640,10,32768,1,phase_per_round_queries,9,760604,,ok,,0,0,0,0,0,0,1635,276,2
whir_t128_capacity_full,transcript_full,local_interpolant,minimal_subtree,round_batch_inversion,proof_carried_round_local,128.0,whir_capacity_full,39,25|14,2,6244,640,10,32768,1,phase_transcript_setup,9,11657,,ok,,0,0,0,0,0,0,1635,276,2
whir_t100_johnson_full,transcript_full,raw_fibers,minimal_subtree,round_batch_inversion,none,100.0,whir_johnson_full,56,36|20,1,7440,640,12,32768,1,host_verify,0,,11258417,ok,,341,21942,508,2563,432,36,2608,505,2
whir_t100_johnson_full,transcript_full,raw_fibers,minimal_subtree,round_batch_inversion,none,100.0,whir_johnson_full,56,36|20,1,7440,640,12,0,0,upload_total,0,15396,,ok,,0,0,0,0,0,0,2608,505,2
whir_t100_johnson_full,transcript_full,raw_fibers,minimal_subtree,round_batch_inversion,none,100.0,whir_johnson_full,56,36|20,1,7440,640,12,32768,1,verify_sbf,0,1188974,,ok,,341,21942,508,2563,432,36,2608,505,2
whir_t100_johnson_full,transcript_full,raw_fibers,minimal_subtree,round_batch_inversion,none,100.0,whir_johnson_full,56,36|20,1,7440,640,12,32768,1,total_sbf,0,1204370,,ok,,341,21942,508,2563,432,36,2608,505,2
whir_t100_johnson_full,transcript_full,raw_fibers,minimal_subtree,round_batch_inversion,none,100.0,whir_johnson_full,56,36|20,1,7440,640,12,32768,1,verify_sbf,1,1188974,,ok,,341,21942,508,2563,432,36,2608,505,2
whir_t100_johnson_full,transcript_full,raw_fibers,minimal_subtree,round_batch_inversion,none,100.0,whir_johnson_full,56,36|20,1,7440,640,12,32768,1,total_sbf,1,1204370,,ok,,341,21942,508,2563,432,36,2608,505,2
whir_t100_johnson_full,transcript_full,raw_fibers,minimal_subtree,round_batch_inversion,none,100.0,whir_johnson_full,56,36|20,1,7440,640,12,32768,1,verify_sbf,2,1188974,,ok,,341,21942,508,2563,432,36,2608,505,2
whir_t100_johnson_full,transcript_full,raw_fibers,minimal_subtree,round_batch_inversion,none,100.0,whir_johnson_full,56,36|20,1,7440,640,12,32768,1,total_sbf,2,1204370,,ok,,341,21942,508,2563,432,36,2608,505,2
whir_t100_johnson_full,transcript_full,raw_fibers,minimal_subtree,round_batch_inversion,none,100.0,whir_johnson_full,56,36|20,1,7440,640,12,32768,1,verify_sbf,3,1188974,,ok,,341,21942,508,2563,432,36,2608,505,2
whir_t100_johnson_full,transcript_full,raw_fibers,minimal_subtree,round_batch_inversion,none,100.0,whir_johnson_full,56,36|20,1,7440,640,12,32768,1,total_sbf,3,1204370,,ok,,341,21942,508,2563,432,36,2608,505,2
whir_t100_johnson_full,transcript_full,raw_fibers,minimal_subtree,round_batch_inversion,none,100.0,whir_johnson_full,56,36|20,1,7440,640,12,32768,1,verify_sbf,4,1188974,,ok,,341,21942,508,2563,432,36,2608,505,2
whir_t100_johnson_full,transcript_full,raw_fibers,minimal_subtree,round_batch_inversion,none,100.0,whir_johnson_full,56,36|20,1,7440,640,12,32768,1,total_sbf,4,1204370,,ok,,341,21942,508,2563,432,36,2608,505,2
whir_t100_johnson_full,transcript_full,raw_fibers,minimal_subtree,round_batch_inversion,none,100.0,whir_johnson_full,56,36|20,1,7440,640,12,32768,1,verify_sbf,5,1188974,,ok,,341,21942,508,2563,432,36,2608,505,2
whir_t100_johnson_full,transcript_full,raw_fibers,minimal_subtree,round_batch_inversion,none,100.0,whir_johnson_full,56,36|20,1,7440,640,12,32768,1,total_sbf,5,1204370,,ok,,341,21942,508,2563,432,36,2608,505,2
whir_t100_johnson_full,transcript_full,raw_fibers,minimal_subtree,round_batch_inversion,none,100.0,whir_johnson_full,56,36|20,1,7440,640,12,32768,1,verify_sbf,6,1188974,,ok,,341,21942,508,2563,432,36,2608,505,2
whir_t100_johnson_full,transcript_full,raw_fibers,minimal_subtree,round_batch_inversion,none,100.0,whir_johnson_full,56,36|20,1,7440,640,12,32768,1,total_sbf,6,1204370,,ok,,341,21942,508,2563,432,36,2608,505,2
whir_t100_johnson_full,transcript_full,raw_fibers,minimal_subtree,round_batch_inversion,none,100.0,whir_johnson_full,56,36|20,1,7440,640,12,32768,1,verify_sbf,7,1188974,,ok,,341,21942,508,2563,432,36,2608,505,2
whir_t100_johnson_full,transcript_full,raw_fibers,minimal_subtree,round_batch_inversion,none,100.0,whir_johnson_full,56,36|20,1,7440,640,12,32768,1,total_sbf,7,1204370,,ok,,341,21942,508,2563,432,36,2608,505,2
whir_t100_johnson_full,transcript_full,raw_fibers,minimal_subtree,round_batch_inversion,none,100.0,whir_johnson_full,56,36|20,1,7440,640,12,32768,1,verify_sbf,8,1188974,,ok,,341,21942,508,2563,432,36,2608,505,2
whir_t100_johnson_full,transcript_full,raw_fibers,minimal_subtree,round_batch_inversion,none,100.0,whir_johnson_full,56,36|20,1,7440,640,12,32768,1,total_sbf,8,1204370,,ok,,341,21942,508,2563,432,36,2608,505,2
whir_t100_johnson_full,transcript_full,raw_fibers,minimal_subtree,round_batch_inversion,none,100.0,whir_johnson_full,56,36|20,1,7440,640,12,32768,1,verify_sbf,9,1188974,,ok,,341,21942,508,2563,432,36,2608,505,2
whir_t100_johnson_full,transcript_full,raw_fibers,minimal_subtree,round_batch_inversion,none,100.0,whir_johnson_full,56,36|20,1,7440,640,12,32768,1,total_sbf,9,1204370,,ok,,341,21942,508,2563,432,36,2608,505,2
whir_t100_johnson_full,transcript_full,raw_fibers,minimal_subtree,round_batch_inversion,none,100.0,whir_johnson_full,56,36|20,1,7440,640,12,32768,1,phase_final_round,0,61867,,ok,,0,0,0,0,0,0,2608,505,2
whir_t100_johnson_full,transcript_full,raw_fibers,minimal_subtree,round_batch_inversion,none,100.0,whir_johnson_full,56,36|20,1,7440,640,12,32768,1,phase_folding,0,7933,,ok,,0,0,0,0,0,0,2608,505,2
whir_t100_johnson_full,transcript_full,raw_fibers,minimal_subtree,round_batch_inversion,none,100.0,whir_johnson_full,56,36|20,1,7440,640,12,32768,1,phase_ood,0,7344,,ok,,0,0,0,0,0,0,2608,505,2
whir_t100_johnson_full,transcript_full,raw_fibers,minimal_subtree,round_batch_inversion,none,100.0,whir_johnson_full,56,36|20,1,7440,640,12,32768,1,phase_parse,0,1503,,ok,,0,0,0,0,0,0,2608,505,2
whir_t100_johnson_full,transcript_full,raw_fibers,minimal_subtree,round_batch_inversion,none,100.0,whir_johnson_full,56,36|20,1,7440,640,12,32768,1,phase_per_round_queries,0,1101069,,ok,,0,0,0,0,0,0,2608,505,2
whir_t100_johnson_full,transcript_full,raw_fibers,minimal_subtree,round_batch_inversion,none,100.0,whir_johnson_full,56,36|20,1,7440,640,12,32768,1,phase_transcript_setup,0,11657,,ok,,0,0,0,0,0,0,2608,505,2
whir_t100_johnson_full,transcript_full,raw_fibers,minimal_subtree,round_batch_inversion,none,100.0,whir_johnson_full,56,36|20,1,7440,640,12,32768,1,phase_final_round,1,61867,,ok,,0,0,0,0,0,0,2608,505,2
whir_t100_johnson_full,transcript_full,raw_fibers,minimal_subtree,round_batch_inversion,none,100.0,whir_johnson_full,56,36|20,1,7440,640,12,32768,1,phase_folding,1,7933,,ok,,0,0,0,0,0,0,2608,505,2
whir_t100_johnson_full,transcript_full,raw_fibers,minimal_subtree,round_batch_inversion,none,100.0,whir_johnson_full,56,36|20,1,7440,640,12,32768,1,phase_ood,1,7344,,ok,,0,0,0,0,0,0,2608,505,2
whir_t100_johnson_full,transcript_full,raw_fibers,minimal_subtree,round_batch_inversion,none,100.0,whir_johnson_full,56,36|20,1,7440,640,12,32768,1,phase_parse,1,1503,,ok,,0,0,0,0,0,0,2608,505,2
whir_t100_johnson_full,transcript_full,raw_fibers,minimal_subtree,round_batch_inversion,none,100.0,whir_johnson_full,56,36|20,1,7440,640,12,32768,1,phase_per_round_queries,1,1101069,,ok,,0,0,0,0,0,0,2608,505,2
whir_t100_johnson_full,transcript_full,raw_fibers,minimal_subtree,round_batch_inversion,none,100.0,whir_johnson_full,56,36|20,1,7440,640,12,32768,1,phase_transcript_setup,1,11657,,ok,,0,0,0,0,0,0,2608,505,2
whir_t100_johnson_full,transcript_full,raw_fibers,minimal_subtree,round_batch_inversion,none,100.0,whir_johnson_full,56,36|20,1,7440,640,12,32768,1,phase_final_round,2,61867,,ok,,0,0,0,0,0,0,2608,505,2
whir_t100_johnson_full,transcript_full,raw_fibers,minimal_subtree,round_batch_inversion,none,100.0,whir_johnson_full,56,36|20,1,7440,640,12,32768,1,phase_folding,2,7933,,ok,,0,0,0,0,0,0,2608,505,2
whir_t100_johnson_full,transcript_full,raw_fibers,minimal_subtree,round_batch_inversion,none,100.0,whir_johnson_full,56,36|20,1,7440,640,12,32768,1,phase_ood,2,7344,,ok,,0,0,0,0,0,0,2608,505,2
whir_t100_johnson_full,transcript_full,raw_fibers,minimal_subtree,round_batch_inversion,none,100.0,whir_johnson_full,56,36|20,1,7440,640,12,32768,1,phase_parse,2,1503,,ok,,0,0,0,0,0,0,2608,505,2
whir_t100_johnson_full,transcript_full,raw_fibers,minimal_subtree,round_batch_inversion,none,100.0,whir_johnson_full,56,36|20,1,7440,640,12,32768,1,phase_per_round_queries,2,1101069,,ok,,0,0,0,0,0,0,2608,505,2
whir_t100_johnson_full,transcript_full,raw_fibers,minimal_subtree,round_batch_inversion,none,100.0,whir_johnson_full,56,36|20,1,7440,640,12,32768,1,phase_transcript_setup,2,11657,,ok,,0,0,0,0,0,0,2608,505,2
whir_t100_johnson_full,transcript_full,raw_fibers,minimal_subtree,round_batch_inversion,none,100.0,whir_johnson_full,56,36|20,1,7440,640,12,32768,1,phase_final_round,3,61867,,ok,,0,0,0,0,0,0,2608,505,2
whir_t100_johnson_full,transcript_full,raw_fibers,minimal_subtree,round_batch_inversion,none,100.0,whir_johnson_full,56,36|20,1,7440,640,12,32768,1,phase_folding,3,7933,,ok,,0,0,0,0,0,0,2608,505,2
whir_t100_johnson_full,transcript_full,raw_fibers,minimal_subtree,round_batch_inversion,none,100.0,whir_johnson_full,56,36|20,1,7440,640,12,32768,1,phase_ood,3,7344,,ok,,0,0,0,0,0,0,2608,505,2
whir_t100_johnson_full,transcript_full,raw_fibers,minimal_subtree,round_batch_inversion,none,100.0,whir_johnson_full,56,36|20,1,7440,640,12,32768,1,phase_parse,3,1503,,ok,,0,0,0,0,0,0,2608,505,2
whir_t100_johnson_full,transcript_full,raw_fibers,minimal_subtree,round_batch_inversion,none,100.0,whir_johnson_full,56,36|20,1,7440,640,12,32768,1,phase_per_round_queries,3,1101069,,ok,,0,0,0,0,0,0,2608,505,2
whir_t100_johnson_full,transcript_full,raw_fibers,minimal_subtree,round_batch_inversion,none,100.0,whir_johnson_full,56,36|20,1,7440,640,12,32768,1,phase_transcript_setup,3,11657,,ok,,0,0,0,0,0,0,2608,505,2
whir_t100_johnson_full,transcript_full,raw_fibers,minimal_subtree,round_batch_inversion,none,100.0,whir_johnson_full,56,36|20,1,7440,640,12,32768,1,phase_final_round,4,61867,,ok,,0,0,0,0,0,0,2608,505,2
whir_t100_johnson_full,transcript_full,raw_fibers,minimal_subtree,round_batch_inversion,none,100.0,whir_johnson_full,56,36|20,1,7440,640,12,32768,1,phase_folding,4,7933,,ok,,0,0,0,0,0,0,2608,505,2
whir_t100_johnson_full,transcript_full,raw_fibers,minimal_subtree,round_batch_inversion,none,100.0,whir_johnson_full,56,36|20,1,7440,640,12,32768,1,phase_ood,4,7344,,ok,,0,0,0,0,0,0,2608,505,2
whir_t100_johnson_full,transcript_full,raw_fibers,minimal_subtree,round_batch_inversion,none,100.0,whir_johnson_full,56,36|20,1,7440,640,12,32768,1,phase_parse,4,1503,,ok,,0,0,0,0,0,0,2608,505,2
whir_t100_johnson_full,transcript_full,raw_fibers,minimal_subtree,round_batch_inversion,none,100.0,whir_johnson_full,56,36|20,1,7440,640,12,32768,1,phase_per_round_queries,4,1101069,,ok,,0,0,0,0,0,0,2608,505,2
whir_t100_johnson_full,transcript_full,raw_fibers,minimal_subtree,round_batch_inversion,none,100.0,whir_johnson_full,56,36|20,1,7440,640,12,32768,1,phase_transcript_setup,4,11657,,ok,,0,0,0,0,0,0,2608,505,2
whir_t100_johnson_full,transcript_full,raw_fibers,minimal_subtree,round_batch_inversion,none,100.0,whir_johnson_full,56,36|20,1,7440,640,12,32768,1,phase_final_round,5,61867,,ok,,0,0,0,0,0,0,2608,505,2
whir_t100_johnson_full,transcript_full,raw_fibers,minimal_subtree,round_batch_inversion,none,100.0,whir_johnson_full,56,36|20,1,7440,640,12,32768,1,phase_folding,5,7933,,ok,,0,0,0,0,0,0,2608,505,2
whir_t100_johnson_full,transcript_full,raw_fibers,minimal_subtree,round_batch_inversion,none,100.0,whir_johnson_full,56,36|20,1,7440,640,12,32768,1,phase_ood,5,7344,,ok,,0,0,0,0,0,0,2608,505,2
whir_t100_johnson_full,transcript_full,raw_fibers,minimal_subtree,round_batch_inversion,none,100.0,whir_johnson_full,56,36|20,1,7440,640,12,32768,1,phase_parse,5,1503,,ok,,0,0,0,0,0,0,2608,505,2
whir_t100_johnson_full,transcript_full,raw_fibers,minimal_subtree,round_batch_inversion,none,100.0,whir_johnson_full,56,36|20,1,7440,640,12,32768,1,phase_per_round_queries,5,1101069,,ok,,0,0,0,0,0,0,2608,505,2
whir_t100_johnson_full,transcript_full,raw_fibers,minimal_subtree,round_batch_inversion,none,100.0,whir_johnson_full,56,36|20,1,7440,640,12,32768,1,phase_transcript_setup,5,11657,,ok,,0,0,0,0,0,0,2608,505,2
whir_t100_johnson_full,transcript_full,raw_fibers,minimal_subtree,round_batch_inversion,none,100.0,whir_johnson_full,56,36|20,1,7440,640,12,32768,1,phase_final_round,6,61867,,ok,,0,0,0,0,0,0,2608,505,2
whir_t100_johnson_full,transcript_full,raw_fibers,minimal_subtree,round_batch_inversion,none,100.0,whir_johnson_full,56,36|20,1,7440,640,12,32768,1,phase_folding,6,7933,,ok,,0,0,0,0,0,0,2608,505,2
whir_t100_johnson_full,transcript_full,raw_fibers,minimal_subtree,round_batch_inversion,none,100.0,whir_johnson_full,56,36|20,1,7440,640,12,32768,1,phase_ood,6,7344,,ok,,0,0,0,0,0,0,2608,505,2
whir_t100_johnson_full,transcript_full,raw_fibers,minimal_subtree,round_batch_inversion,none,100.0,whir_johnson_full,56,36|20,1,7440,640,12,32768,1,phase_parse,6,1503,,ok,,0,0,0,0,0,0,2608,505,2
whir_t100_johnson_full,transcript_full,raw_fibers,minimal_subtree,round_batch_inversion,none,100.0,whir_johnson_full,56,36|20,1,7440,640,12,32768,1,phase_per_round_queries,6,1101069,,ok,,0,0,0,0,0,0,2608,505,2
whir_t100_johnson_full,transcript_full,raw_fibers,minimal_subtree,round_batch_inversion,none,100.0,whir_johnson_full,56,36|20,1,7440,640,12,32768,1,phase_transcript_setup,6,11657,,ok,,0,0,0,0,0,0,2608,505,2
whir_t100_johnson_full,transcript_full,raw_fibers,minimal_subtree,round_batch_inversion,none,100.0,whir_johnson_full,56,36|20,1,7440,640,12,32768,1,phase_final_round,7,61867,,ok,,0,0,0,0,0,0,2608,505,2
whir_t100_johnson_full,transcript_full,raw_fibers,minimal_subtree,round_batch_inversion,none,100.0,whir_johnson_full,56,36|20,1,7440,640,12,32768,1,phase_folding,7,7933,,ok,,0,0,0,0,0,0,2608,505,2
whir_t100_johnson_full,transcript_full,raw_fibers,minimal_subtree,round_batch_inversion,none,100.0,whir_johnson_full,56,36|20,1,7440,640,12,32768,1,phase_ood,7,7344,,ok,,0,0,0,0,0,0,2608,505,2
whir_t100_johnson_full,transcript_full,raw_fibers,minimal_subtree,round_batch_inversion,none,100.0,whir_johnson_full,56,36|20,1,7440,640,12,32768,1,phase_parse,7,1503,,ok,,0,0,0,0,0,0,2608,505,2
whir_t100_johnson_full,transcript_full,raw_fibers,minimal_subtree,round_batch_inversion,none,100.0,whir_johnson_full,56,36|20,1,7440,640,12,32768,1,phase_per_round_queries,7,1101069,,ok,,0,0,0,0,0,0,2608,505,2
whir_t100_johnson_full,transcript_full,raw_fibers,minimal_subtree,round_batch_inversion,none,100.0,whir_johnson_full,56,36|20,1,7440,640,12,32768,1,phase_transcript_setup,7,11657,,ok,,0,0,0,0,0,0,2608,505,2
whir_t100_johnson_full,transcript_full,raw_fibers,minimal_subtree,round_batch_inversion,none,100.0,whir_johnson_full,56,36|20,1,7440,640,12,32768,1,phase_final_round,8,61867,,ok,,0,0,0,0,0,0,2608,505,2
whir_t100_johnson_full,transcript_full,raw_fibers,minimal_subtree,round_batch_inversion,none,100.0,whir_johnson_full,56,36|20,1,7440,640,12,32768,1,phase_folding,8,7933,,ok,,0,0,0,0,0,0,2608,505,2
whir_t100_johnson_full,transcript_full,raw_fibers,minimal_subtree,round_batch_inversion,none,100.0,whir_johnson_full,56,36|20,1,7440,640,12,32768,1,phase_ood,8,7344,,ok,,0,0,0,0,0,0,2608,505,2
whir_t100_johnson_full,transcript_full,raw_fibers,minimal_subtree,round_batch_inversion,none,100.0,whir_johnson_full,56,36|20,1,7440,640,12,32768,1,phase_parse,8,1503,,ok,,0,0,0,0,0,0,2608,505,2
whir_t100_johnson_full,transcript_full,raw_fibers,minimal_subtree,round_batch_inversion,none,100.0,whir_johnson_full,56,36|20,1,7440,640,12,32768,1,phase_per_round_queries,8,1101069,,ok,,0,0,0,0,0,0,2608,505,2
whir_t100_johnson_full,transcript_full,raw_fibers,minimal_subtree,round_batch_inversion,none,100.0,whir_johnson_full,56,36|20,1,7440,640,12,32768,1,phase_transcript_setup,8,11657,,ok,,0,0,0,0,0,0,2608,505,2
whir_t100_johnson_full,transcript_full,raw_fibers,minimal_subtree,round_batch_inversion,none,100.0,whir_johnson_full,56,36|20,1,7440,640,12,32768,1,phase_final_round,9,61867,,ok,,0,0,0,0,0,0,2608,505,2
whir_t100_johnson_full,transcript_full,raw_fibers,minimal_subtree,round_batch_inversion,none,100.0,whir_johnson_full,56,36|20,1,7440,640,12,32768,1,phase_folding,9,7933,,ok,,0,0,0,0,0,0,2608,505,2
whir_t100_johnson_full,transcript_full,raw_fibers,minimal_subtree,round_batch_inversion,none,100.0,whir_johnson_full,56,36|20,1,7440,640,12,32768,1,phase_ood,9,7344,,ok,,0,0,0,0,0,0,2608,505,2
whir_t100_johnson_full,transcript_full,raw_fibers,minimal_subtree,round_batch_inversion,none,100.0,whir_johnson_full,56,36|20,1,7440,640,12,32768,1,phase_parse,9,1503,,ok,,0,0,0,0,0,0,2608,505,2
whir_t100_johnson_full,transcript_full,raw_fibers,minimal_subtree,round_batch_inversion,none,100.0,whir_johnson_full,56,36|20,1,7440,640,12,32768,1,phase_per_round_queries,9,1101069,,ok,,0,0,0,0,0,0,2608,505,2
whir_t100_johnson_full,transcript_full,raw_fibers,minimal_subtree,round_batch_inversion,none,100.0,whir_johnson_full,56,36|20,1,7440,640,12,32768,1,phase_transcript_setup,9,11657,,ok,,0,0,0,0,0,0,2608,505,2
whir_t100_johnson_full,transcript_full,raw_fibers,minimal_subtree,round_batch_inversion,proof_carried_round_local,100.0,whir_johnson_full,56,36|20,1,8448,640,14,32768,1,host_verify,0,,10551958,ok,,341,21942,508,2095,324,36,2140,397,2
whir_t100_johnson_full,transcript_full,raw_fibers,minimal_subtree,round_batch_inversion,proof_carried_round_local,100.0,whir_johnson_full,56,36|20,1,8448,640,14,0,0,upload_total,0,17846,,ok,,0,0,0,0,0,0,2140,397,2
whir_t100_johnson_full,transcript_full,raw_fibers,minimal_subtree,round_batch_inversion,proof_carried_round_local,100.0,whir_johnson_full,56,36|20,1,8448,640,14,32768,1,verify_sbf,0,1170654,,ok,,341,21942,508,2095,324,36,2140,397,2
whir_t100_johnson_full,transcript_full,raw_fibers,minimal_subtree,round_batch_inversion,proof_carried_round_local,100.0,whir_johnson_full,56,36|20,1,8448,640,14,32768,1,total_sbf,0,1188500,,ok,,341,21942,508,2095,324,36,2140,397,2
whir_t100_johnson_full,transcript_full,raw_fibers,minimal_subtree,round_batch_inversion,proof_carried_round_local,100.0,whir_johnson_full,56,36|20,1,8448,640,14,32768,1,verify_sbf,1,1170654,,ok,,341,21942,508,2095,324,36,2140,397,2
whir_t100_johnson_full,transcript_full,raw_fibers,minimal_subtree,round_batch_inversion,proof_carried_round_local,100.0,whir_johnson_full,56,36|20,1,8448,640,14,32768,1,total_sbf,1,1188500,,ok,,341,21942,508,2095,324,36,2140,397,2
whir_t100_johnson_full,transcript_full,raw_fibers,minimal_subtree,round_batch_inversion,proof_carried_round_local,100.0,whir_johnson_full,56,36|20,1,8448,640,14,32768,1,verify_sbf,2,1170654,,ok,,341,21942,508,2095,324,36,2140,397,2
whir_t100_johnson_full,transcript_full,raw_fibers,minimal_subtree,round_batch_inversion,proof_carried_round_local,100.0,whir_johnson_full,56,36|20,1,8448,640,14,32768,1,total_sbf,2,1188500,,ok,,341,21942,508,2095,324,36,2140,397,2
whir_t100_johnson_full,transcript_full,raw_fibers,minimal_subtree,round_batch_inversion,proof_carried_round_local,100.0,whir_johnson_full,56,36|20,1,8448,640,14,32768,1,verify_sbf,3,1170654,,ok,,341,21942,508,2095,324,36,2140,397,2
whir_t100_johnson_full,transcript_full,raw_fibers,minimal_subtree,round_batch_inversion,proof_carried_round_local,100.0,whir_johnson_full,56,36|20,1,8448,640,14,32768,1,total_sbf,3,1188500,,ok,,341,21942,508,2095,324,36,2140,397,2
whir_t100_johnson_full,transcript_full,raw_fibers,minimal_subtree,round_batch_inversion,proof_carried_round_local,100.0,whir_johnson_full,56,36|20,1,8448,640,14,32768,1,verify_sbf,4,1170654,,ok,,341,21942,508,2095,324,36,2140,397,2
whir_t100_johnson_full,transcript_full,raw_fibers,minimal_subtree,round_batch_inversion,proof_carried_round_local,100.0,whir_johnson_full,56,36|20,1,8448,640,14,32768,1,total_sbf,4,1188500,,ok,,341,21942,508,2095,324,36,2140,397,2
whir_t100_johnson_full,transcript_full,raw_fibers,minimal_subtree,round_batch_inversion,proof_carried_round_local,100.0,whir_johnson_full,56,36|20,1,8448,640,14,32768,1,verify_sbf,5,1170654,,ok,,341,21942,508,2095,324,36,2140,397,2
whir_t100_johnson_full,transcript_full,raw_fibers,minimal_subtree,round_batch_inversion,proof_carried_round_local,100.0,whir_johnson_full,56,36|20,1,8448,640,14,32768,1,total_sbf,5,1188500,,ok,,341,21942,508,2095,324,36,2140,397,2
whir_t100_johnson_full,transcript_full,raw_fibers,minimal_subtree,round_batch_inversion,proof_carried_round_local,100.0,whir_johnson_full,56,36|20,1,8448,640,14,32768,1,verify_sbf,6,1170654,,ok,,341,21942,508,2095,324,36,2140,397,2
whir_t100_johnson_full,transcript_full,raw_fibers,minimal_subtree,round_batch_inversion,proof_carried_round_local,100.0,whir_johnson_full,56,36|20,1,8448,640,14,32768,1,total_sbf,6,1188500,,ok,,341,21942,508,2095,324,36,2140,397,2
whir_t100_johnson_full,transcript_full,raw_fibers,minimal_subtree,round_batch_inversion,proof_carried_round_local,100.0,whir_johnson_full,56,36|20,1,8448,640,14,32768,1,verify_sbf,7,1170654,,ok,,341,21942,508,2095,324,36,2140,397,2
whir_t100_johnson_full,transcript_full,raw_fibers,minimal_subtree,round_batch_inversion,proof_carried_round_local,100.0,whir_johnson_full,56,36|20,1,8448,640,14,32768,1,total_sbf,7,1188500,,ok,,341,21942,508,2095,324,36,2140,397,2
whir_t100_johnson_full,transcript_full,raw_fibers,minimal_subtree,round_batch_inversion,proof_carried_round_local,100.0,whir_johnson_full,56,36|20,1,8448,640,14,32768,1,verify_sbf,8,1170654,,ok,,341,21942,508,2095,324,36,2140,397,2
whir_t100_johnson_full,transcript_full,raw_fibers,minimal_subtree,round_batch_inversion,proof_carried_round_local,100.0,whir_johnson_full,56,36|20,1,8448,640,14,32768,1,total_sbf,8,1188500,,ok,,341,21942,508,2095,324,36,2140,397,2
whir_t100_johnson_full,transcript_full,raw_fibers,minimal_subtree,round_batch_inversion,proof_carried_round_local,100.0,whir_johnson_full,56,36|20,1,8448,640,14,32768,1,verify_sbf,9,1170654,,ok,,341,21942,508,2095,324,36,2140,397,2
whir_t100_johnson_full,transcript_full,raw_fibers,minimal_subtree,round_batch_inversion,proof_carried_round_local,100.0,whir_johnson_full,56,36|20,1,8448,640,14,32768,1,total_sbf,9,1188500,,ok,,341,21942,508,2095,324,36,2140,397,2
whir_t100_johnson_full,transcript_full,raw_fibers,minimal_subtree,round_batch_inversion,proof_carried_round_local,100.0,whir_johnson_full,56,36|20,1,8448,640,14,32768,1,phase_final_round,0,61964,,ok,,0,0,0,0,0,0,2140,397,2
whir_t100_johnson_full,transcript_full,raw_fibers,minimal_subtree,round_batch_inversion,proof_carried_round_local,100.0,whir_johnson_full,56,36|20,1,8448,640,14,32768,1,phase_folding,0,7915,,ok,,0,0,0,0,0,0,2140,397,2
whir_t100_johnson_full,transcript_full,raw_fibers,minimal_subtree,round_batch_inversion,proof_carried_round_local,100.0,whir_johnson_full,56,36|20,1,8448,640,14,32768,1,phase_ood,0,7343,,ok,,0,0,0,0,0,0,2140,397,2
whir_t100_johnson_full,transcript_full,raw_fibers,minimal_subtree,round_batch_inversion,proof_carried_round_local,100.0,whir_johnson_full,56,36|20,1,8448,640,14,32768,1,phase_parse,0,1501,,ok,,0,0,0,0,0,0,2140,397,2
whir_t100_johnson_full,transcript_full,raw_fibers,minimal_subtree,round_batch_inversion,proof_carried_round_local,100.0,whir_johnson_full,56,36|20,1,8448,640,14,32768,1,phase_per_round_queries,0,1082673,,ok,,0,0,0,0,0,0,2140,397,2
whir_t100_johnson_full,transcript_full,raw_fibers,minimal_subtree,round_batch_inversion,proof_carried_round_local,100.0,whir_johnson_full,56,36|20,1,8448,640,14,32768,1,phase_transcript_setup,0,11657,,ok,,0,0,0,0,0,0,2140,397,2
whir_t100_johnson_full,transcript_full,raw_fibers,minimal_subtree,round_batch_inversion,proof_carried_round_local,100.0,whir_johnson_full,56,36|20,1,8448,640,14,32768,1,phase_final_round,1,61964,,ok,,0,0,0,0,0,0,2140,397,2
whir_t100_johnson_full,transcript_full,raw_fibers,minimal_subtree,round_batch_inversion,proof_carried_round_local,100.0,whir_johnson_full,56,36|20,1,8448,640,14,32768,1,phase_folding,1,7915,,ok,,0,0,0,0,0,0,2140,397,2
whir_t100_johnson_full,transcript_full,raw_fibers,minimal_subtree,round_batch_inversion,proof_carried_round_local,100.0,whir_johnson_full,56,36|20,1,8448,640,14,32768,1,phase_ood,1,7343,,ok,,0,0,0,0,0,0,2140,397,2
whir_t100_johnson_full,transcript_full,raw_fibers,minimal_subtree,round_batch_inversion,proof_carried_round_local,100.0,whir_johnson_full,56,36|20,1,8448,640,14,32768,1,phase_parse,1,1501,,ok,,0,0,0,0,0,0,2140,397,2
whir_t100_johnson_full,transcript_full,raw_fibers,minimal_subtree,round_batch_inversion,proof_carried_round_local,100.0,whir_johnson_full,56,36|20,1,8448,640,14,32768,1,phase_per_round_queries,1,1082673,,ok,,0,0,0,0,0,0,2140,397,2
whir_t100_johnson_full,transcript_full,raw_fibers,minimal_subtree,round_batch_inversion,proof_carried_round_local,100.0,whir_johnson_full,56,36|20,1,8448,640,14,32768,1,phase_transcript_setup,1,11657,,ok,,0,0,0,0,0,0,2140,397,2
whir_t100_johnson_full,transcript_full,raw_fibers,minimal_subtree,round_batch_inversion,proof_carried_round_local,100.0,whir_johnson_full,56,36|20,1,8448,640,14,32768,1,phase_final_round,2,61964,,ok,,0,0,0,0,0,0,2140,397,2
whir_t100_johnson_full,transcript_full,raw_fibers,minimal_subtree,round_batch_inversion,proof_carried_round_local,100.0,whir_johnson_full,56,36|20,1,8448,640,14,32768,1,phase_folding,2,7915,,ok,,0,0,0,0,0,0,2140,397,2
whir_t100_johnson_full,transcript_full,raw_fibers,minimal_subtree,round_batch_inversion,proof_carried_round_local,100.0,whir_johnson_full,56,36|20,1,8448,640,14,32768,1,phase_ood,2,7343,,ok,,0,0,0,0,0,0,2140,397,2
whir_t100_johnson_full,transcript_full,raw_fibers,minimal_subtree,round_batch_inversion,proof_carried_round_local,100.0,whir_johnson_full,56,36|20,1,8448,640,14,32768,1,phase_parse,2,1501,,ok,,0,0,0,0,0,0,2140,397,2
whir_t100_johnson_full,transcript_full,raw_fibers,minimal_subtree,round_batch_inversion,proof_carried_round_local,100.0,whir_johnson_full,56,36|20,1,8448,640,14,32768,1,phase_per_round_queries,2,1082673,,ok,,0,0,0,0,0,0,2140,397,2
whir_t100_johnson_full,transcript_full,raw_fibers,minimal_subtree,round_batch_inversion,proof_carried_round_local,100.0,whir_johnson_full,56,36|20,1,8448,640,14,32768,1,phase_transcript_setup,2,11657,,ok,,0,0,0,0,0,0,2140,397,2
whir_t100_johnson_full,transcript_full,raw_fibers,minimal_subtree,round_batch_inversion,proof_carried_round_local,100.0,whir_johnson_full,56,36|20,1,8448,640,14,32768,1,phase_final_round,3,61964,,ok,,0,0,0,0,0,0,2140,397,2
whir_t100_johnson_full,transcript_full,raw_fibers,minimal_subtree,round_batch_inversion,proof_carried_round_local,100.0,whir_johnson_full,56,36|20,1,8448,640,14,32768,1,phase_folding,3,7915,,ok,,0,0,0,0,0,0,2140,397,2
whir_t100_johnson_full,transcript_full,raw_fibers,minimal_subtree,round_batch_inversion,proof_carried_round_local,100.0,whir_johnson_full,56,36|20,1,8448,640,14,32768,1,phase_ood,3,7343,,ok,,0,0,0,0,0,0,2140,397,2
whir_t100_johnson_full,transcript_full,raw_fibers,minimal_subtree,round_batch_inversion,proof_carried_round_local,100.0,whir_johnson_full,56,36|20,1,8448,640,14,32768,1,phase_parse,3,1501,,ok,,0,0,0,0,0,0,2140,397,2
whir_t100_johnson_full,transcript_full,raw_fibers,minimal_subtree,round_batch_inversion,proof_carried_round_local,100.0,whir_johnson_full,56,36|20,1,8448,640,14,32768,1,phase_per_round_queries,3,1082673,,ok,,0,0,0,0,0,0,2140,397,2
whir_t100_johnson_full,transcript_full,raw_fibers,minimal_subtree,round_batch_inversion,proof_carried_round_local,100.0,whir_johnson_full,56,36|20,1,8448,640,14,32768,1,phase_transcript_setup,3,11657,,ok,,0,0,0,0,0,0,2140,397,2
whir_t100_johnson_full,transcript_full,raw_fibers,minimal_subtree,round_batch_inversion,proof_carried_round_local,100.0,whir_johnson_full,56,36|20,1,8448,640,14,32768,1,phase_final_round,4,61964,,ok,,0,0,0,0,0,0,2140,397,2
whir_t100_johnson_full,transcript_full,raw_fibers,minimal_subtree,round_batch_inversion,proof_carried_round_local,100.0,whir_johnson_full,56,36|20,1,8448,640,14,32768,1,phase_folding,4,7915,,ok,,0,0,0,0,0,0,2140,397,2
whir_t100_johnson_full,transcript_full,raw_fibers,minimal_subtree,round_batch_inversion,proof_carried_round_local,100.0,whir_johnson_full,56,36|20,1,8448,640,14,32768,1,phase_ood,4,7343,,ok,,0,0,0,0,0,0,2140,397,2
whir_t100_johnson_full,transcript_full,raw_fibers,minimal_subtree,round_batch_inversion,proof_carried_round_local,100.0,whir_johnson_full,56,36|20,1,8448,640,14,32768,1,phase_parse,4,1501,,ok,,0,0,0,0,0,0,2140,397,2
whir_t100_johnson_full,transcript_full,raw_fibers,minimal_subtree,round_batch_inversion,proof_carried_round_local,100.0,whir_johnson_full,56,36|20,1,8448,640,14,32768,1,phase_per_round_queries,4,1082673,,ok,,0,0,0,0,0,0,2140,397,2
whir_t100_johnson_full,transcript_full,raw_fibers,minimal_subtree,round_batch_inversion,proof_carried_round_local,100.0,whir_johnson_full,56,36|20,1,8448,640,14,32768,1,phase_transcript_setup,4,11657,,ok,,0,0,0,0,0,0,2140,397,2
whir_t100_johnson_full,transcript_full,raw_fibers,minimal_subtree,round_batch_inversion,proof_carried_round_local,100.0,whir_johnson_full,56,36|20,1,8448,640,14,32768,1,phase_final_round,5,61964,,ok,,0,0,0,0,0,0,2140,397,2
whir_t100_johnson_full,transcript_full,raw_fibers,minimal_subtree,round_batch_inversion,proof_carried_round_local,100.0,whir_johnson_full,56,36|20,1,8448,640,14,32768,1,phase_folding,5,7915,,ok,,0,0,0,0,0,0,2140,397,2
whir_t100_johnson_full,transcript_full,raw_fibers,minimal_subtree,round_batch_inversion,proof_carried_round_local,100.0,whir_johnson_full,56,36|20,1,8448,640,14,32768,1,phase_ood,5,7343,,ok,,0,0,0,0,0,0,2140,397,2
whir_t100_johnson_full,transcript_full,raw_fibers,minimal_subtree,round_batch_inversion,proof_carried_round_local,100.0,whir_johnson_full,56,36|20,1,8448,640,14,32768,1,phase_parse,5,1501,,ok,,0,0,0,0,0,0,2140,397,2
whir_t100_johnson_full,transcript_full,raw_fibers,minimal_subtree,round_batch_inversion,proof_carried_round_local,100.0,whir_johnson_full,56,36|20,1,8448,640,14,32768,1,phase_per_round_queries,5,1082673,,ok,,0,0,0,0,0,0,2140,397,2
whir_t100_johnson_full,transcript_full,raw_fibers,minimal_subtree,round_batch_inversion,proof_carried_round_local,100.0,whir_johnson_full,56,36|20,1,8448,640,14,32768,1,phase_transcript_setup,5,11657,,ok,,0,0,0,0,0,0,2140,397,2
whir_t100_johnson_full,transcript_full,raw_fibers,minimal_subtree,round_batch_inversion,proof_carried_round_local,100.0,whir_johnson_full,56,36|20,1,8448,640,14,32768,1,phase_final_round,6,61964,,ok,,0,0,0,0,0,0,2140,397,2
whir_t100_johnson_full,transcript_full,raw_fibers,minimal_subtree,round_batch_inversion,proof_carried_round_local,100.0,whir_johnson_full,56,36|20,1,8448,640,14,32768,1,phase_folding,6,7915,,ok,,0,0,0,0,0,0,2140,397,2
whir_t100_johnson_full,transcript_full,raw_fibers,minimal_subtree,round_batch_inversion,proof_carried_round_local,100.0,whir_johnson_full,56,36|20,1,8448,640,14,32768,1,phase_ood,6,7343,,ok,,0,0,0,0,0,0,2140,397,2
whir_t100_johnson_full,transcript_full,raw_fibers,minimal_subtree,round_batch_inversion,proof_carried_round_local,100.0,whir_johnson_full,56,36|20,1,8448,640,14,32768,1,phase_parse,6,1501,,ok,,0,0,0,0,0,0,2140,397,2
whir_t100_johnson_full,transcript_full,raw_fibers,minimal_subtree,round_batch_inversion,proof_carried_round_local,100.0,whir_johnson_full,56,36|20,1,8448,640,14,32768,1,phase_per_round_queries,6,1082673,,ok,,0,0,0,0,0,0,2140,397,2
whir_t100_johnson_full,transcript_full,raw_fibers,minimal_subtree,round_batch_inversion,proof_carried_round_local,100.0,whir_johnson_full,56,36|20,1,8448,640,14,32768,1,phase_transcript_setup,6,11657,,ok,,0,0,0,0,0,0,2140,397,2
whir_t100_johnson_full,transcript_full,raw_fibers,minimal_subtree,round_batch_inversion,proof_carried_round_local,100.0,whir_johnson_full,56,36|20,1,8448,640,14,32768,1,phase_final_round,7,61964,,ok,,0,0,0,0,0,0,2140,397,2
whir_t100_johnson_full,transcript_full,raw_fibers,minimal_subtree,round_batch_inversion,proof_carried_round_local,100.0,whir_johnson_full,56,36|20,1,8448,640,14,32768,1,phase_folding,7,7915,,ok,,0,0,0,0,0,0,2140,397,2
whir_t100_johnson_full,transcript_full,raw_fibers,minimal_subtree,round_batch_inversion,proof_carried_round_local,100.0,whir_johnson_full,56,36|20,1,8448,640,14,32768,1,phase_ood,7,7343,,ok,,0,0,0,0,0,0,2140,397,2
whir_t100_johnson_full,transcript_full,raw_fibers,minimal_subtree,round_batch_inversion,proof_carried_round_local,100.0,whir_johnson_full,56,36|20,1,8448,640,14,32768,1,phase_parse,7,1501,,ok,,0,0,0,0,0,0,2140,397,2
whir_t100_johnson_full,transcript_full,raw_fibers,minimal_subtree,round_batch_inversion,proof_carried_round_local,100.0,whir_johnson_full,56,36|20,1,8448,640,14,32768,1,phase_per_round_queries,7,1082673,,ok,,0,0,0,0,0,0,2140,397,2
whir_t100_johnson_full,transcript_full,raw_fibers,minimal_subtree,round_batch_inversion,proof_carried_round_local,100.0,whir_johnson_full,56,36|20,1,8448,640,14,32768,1,phase_transcript_setup,7,11657,,ok,,0,0,0,0,0,0,2140,397,2
whir_t100_johnson_full,transcript_full,raw_fibers,minimal_subtree,round_batch_inversion,proof_carried_round_local,100.0,whir_johnson_full,56,36|20,1,8448,640,14,32768,1,phase_final_round,8,61964,,ok,,0,0,0,0,0,0,2140,397,2
whir_t100_johnson_full,transcript_full,raw_fibers,minimal_subtree,round_batch_inversion,proof_carried_round_local,100.0,whir_johnson_full,56,36|20,1,8448,640,14,32768,1,phase_folding,8,7915,,ok,,0,0,0,0,0,0,2140,397,2
whir_t100_johnson_full,transcript_full,raw_fibers,minimal_subtree,round_batch_inversion,proof_carried_round_local,100.0,whir_johnson_full,56,36|20,1,8448,640,14,32768,1,phase_ood,8,7343,,ok,,0,0,0,0,0,0,2140,397,2
whir_t100_johnson_full,transcript_full,raw_fibers,minimal_subtree,round_batch_inversion,proof_carried_round_local,100.0,whir_johnson_full,56,36|20,1,8448,640,14,32768,1,phase_parse,8,1501,,ok,,0,0,0,0,0,0,2140,397,2
whir_t100_johnson_full,transcript_full,raw_fibers,minimal_subtree,round_batch_inversion,proof_carried_round_local,100.0,whir_johnson_full,56,36|20,1,8448,640,14,32768,1,phase_per_round_queries,8,1082673,,ok,,0,0,0,0,0,0,2140,397,2
whir_t100_johnson_full,transcript_full,raw_fibers,minimal_subtree,round_batch_inversion,proof_carried_round_local,100.0,whir_johnson_full,56,36|20,1,8448,640,14,32768,1,phase_transcript_setup,8,11657,,ok,,0,0,0,0,0,0,2140,397,2
whir_t100_johnson_full,transcript_full,raw_fibers,minimal_subtree,round_batch_inversion,proof_carried_round_local,100.0,whir_johnson_full,56,36|20,1,8448,640,14,32768,1,phase_final_round,9,61964,,ok,,0,0,0,0,0,0,2140,397,2
whir_t100_johnson_full,transcript_full,raw_fibers,minimal_subtree,round_batch_inversion,proof_carried_round_local,100.0,whir_johnson_full,56,36|20,1,8448,640,14,32768,1,phase_folding,9,7915,,ok,,0,0,0,0,0,0,2140,397,2
whir_t100_johnson_full,transcript_full,raw_fibers,minimal_subtree,round_batch_inversion,proof_carried_round_local,100.0,whir_johnson_full,56,36|20,1,8448,640,14,32768,1,phase_ood,9,7343,,ok,,0,0,0,0,0,0,2140,397,2
whir_t100_johnson_full,transcript_full,raw_fibers,minimal_subtree,round_batch_inversion,proof_carried_round_local,100.0,whir_johnson_full,56,36|20,1,8448,640,14,32768,1,phase_parse,9,1501,,ok,,0,0,0,0,0,0,2140,397,2
whir_t100_johnson_full,transcript_full,raw_fibers,minimal_subtree,round_batch_inversion,proof_carried_round_local,100.0,whir_johnson_full,56,36|20,1,8448,640,14,32768,1,phase_per_round_queries,9,1082673,,ok,,0,0,0,0,0,0,2140,397,2
whir_t100_johnson_full,transcript_full,raw_fibers,minimal_subtree,round_batch_inversion,proof_carried_round_local,100.0,whir_johnson_full,56,36|20,1,8448,640,14,32768,1,phase_transcript_setup,9,11657,,ok,,0,0,0,0,0,0,2140,397,2
whir_t100_johnson_full,transcript_full,local_interpolant,minimal_subtree,round_batch_inversion,none,100.0,whir_johnson_full,56,36|20,1,7440,640,12,32768,1,host_verify,0,,11211291,ok,,341,21942,508,2707,432,36,2752,505,2
whir_t100_johnson_full,transcript_full,local_interpolant,minimal_subtree,round_batch_inversion,none,100.0,whir_johnson_full,56,36|20,1,7440,640,12,0,0,upload_total,0,15396,,ok,,0,0,0,0,0,0,2752,505,2
whir_t100_johnson_full,transcript_full,local_interpolant,minimal_subtree,round_batch_inversion,none,100.0,whir_johnson_full,56,36|20,1,7440,640,12,32768,1,verify_sbf,0,1196369,,ok,,341,21942,508,2707,432,36,2752,505,2
whir_t100_johnson_full,transcript_full,local_interpolant,minimal_subtree,round_batch_inversion,none,100.0,whir_johnson_full,56,36|20,1,7440,640,12,32768,1,total_sbf,0,1211765,,ok,,341,21942,508,2707,432,36,2752,505,2
whir_t100_johnson_full,transcript_full,local_interpolant,minimal_subtree,round_batch_inversion,none,100.0,whir_johnson_full,56,36|20,1,7440,640,12,32768,1,verify_sbf,1,1196369,,ok,,341,21942,508,2707,432,36,2752,505,2
whir_t100_johnson_full,transcript_full,local_interpolant,minimal_subtree,round_batch_inversion,none,100.0,whir_johnson_full,56,36|20,1,7440,640,12,32768,1,total_sbf,1,1211765,,ok,,341,21942,508,2707,432,36,2752,505,2
whir_t100_johnson_full,transcript_full,local_interpolant,minimal_subtree,round_batch_inversion,none,100.0,whir_johnson_full,56,36|20,1,7440,640,12,32768,1,verify_sbf,2,1196369,,ok,,341,21942,508,2707,432,36,2752,505,2
whir_t100_johnson_full,transcript_full,local_interpolant,minimal_subtree,round_batch_inversion,none,100.0,whir_johnson_full,56,36|20,1,7440,640,12,32768,1,total_sbf,2,1211765,,ok,,341,21942,508,2707,432,36,2752,505,2
whir_t100_johnson_full,transcript_full,local_interpolant,minimal_subtree,round_batch_inversion,none,100.0,whir_johnson_full,56,36|20,1,7440,640,12,32768,1,verify_sbf,3,1196369,,ok,,341,21942,508,2707,432,36,2752,505,2
whir_t100_johnson_full,transcript_full,local_interpolant,minimal_subtree,round_batch_inversion,none,100.0,whir_johnson_full,56,36|20,1,7440,640,12,32768,1,total_sbf,3,1211765,,ok,,341,21942,508,2707,432,36,2752,505,2
whir_t100_johnson_full,transcript_full,local_interpolant,minimal_subtree,round_batch_inversion,none,100.0,whir_johnson_full,56,36|20,1,7440,640,12,32768,1,verify_sbf,4,1196369,,ok,,341,21942,508,2707,432,36,2752,505,2
whir_t100_johnson_full,transcript_full,local_interpolant,minimal_subtree,round_batch_inversion,none,100.0,whir_johnson_full,56,36|20,1,7440,640,12,32768,1,total_sbf,4,1211765,,ok,,341,21942,508,2707,432,36,2752,505,2
whir_t100_johnson_full,transcript_full,local_interpolant,minimal_subtree,round_batch_inversion,none,100.0,whir_johnson_full,56,36|20,1,7440,640,12,32768,1,verify_sbf,5,1196369,,ok,,341,21942,508,2707,432,36,2752,505,2
whir_t100_johnson_full,transcript_full,local_interpolant,minimal_subtree,round_batch_inversion,none,100.0,whir_johnson_full,56,36|20,1,7440,640,12,32768,1,total_sbf,5,1211765,,ok,,341,21942,508,2707,432,36,2752,505,2
whir_t100_johnson_full,transcript_full,local_interpolant,minimal_subtree,round_batch_inversion,none,100.0,whir_johnson_full,56,36|20,1,7440,640,12,32768,1,verify_sbf,6,1196369,,ok,,341,21942,508,2707,432,36,2752,505,2
whir_t100_johnson_full,transcript_full,local_interpolant,minimal_subtree,round_batch_inversion,none,100.0,whir_johnson_full,56,36|20,1,7440,640,12,32768,1,total_sbf,6,1211765,,ok,,341,21942,508,2707,432,36,2752,505,2
whir_t100_johnson_full,transcript_full,local_interpolant,minimal_subtree,round_batch_inversion,none,100.0,whir_johnson_full,56,36|20,1,7440,640,12,32768,1,verify_sbf,7,1196369,,ok,,341,21942,508,2707,432,36,2752,505,2
whir_t100_johnson_full,transcript_full,local_interpolant,minimal_subtree,round_batch_inversion,none,100.0,whir_johnson_full,56,36|20,1,7440,640,12,32768,1,total_sbf,7,1211765,,ok,,341,21942,508,2707,432,36,2752,505,2
whir_t100_johnson_full,transcript_full,local_interpolant,minimal_subtree,round_batch_inversion,none,100.0,whir_johnson_full,56,36|20,1,7440,640,12,32768,1,verify_sbf,8,1196369,,ok,,341,21942,508,2707,432,36,2752,505,2
whir_t100_johnson_full,transcript_full,local_interpolant,minimal_subtree,round_batch_inversion,none,100.0,whir_johnson_full,56,36|20,1,7440,640,12,32768,1,total_sbf,8,1211765,,ok,,341,21942,508,2707,432,36,2752,505,2
whir_t100_johnson_full,transcript_full,local_interpolant,minimal_subtree,round_batch_inversion,none,100.0,whir_johnson_full,56,36|20,1,7440,640,12,32768,1,verify_sbf,9,1196369,,ok,,341,21942,508,2707,432,36,2752,505,2
whir_t100_johnson_full,transcript_full,local_interpolant,minimal_subtree,round_batch_inversion,none,100.0,whir_johnson_full,56,36|20,1,7440,640,12,32768,1,total_sbf,9,1211765,,ok,,341,21942,508,2707,432,36,2752,505,2
whir_t100_johnson_full,transcript_full,local_interpolant,minimal_subtree,round_batch_inversion,none,100.0,whir_johnson_full,56,36|20,1,7440,640,12,32768,1,phase_final_round,0,61836,,ok,,0,0,0,0,0,0,2752,505,2
whir_t100_johnson_full,transcript_full,local_interpolant,minimal_subtree,round_batch_inversion,none,100.0,whir_johnson_full,56,36|20,1,7440,640,12,32768,1,phase_folding,0,7929,,ok,,0,0,0,0,0,0,2752,505,2
whir_t100_johnson_full,transcript_full,local_interpolant,minimal_subtree,round_batch_inversion,none,100.0,whir_johnson_full,56,36|20,1,7440,640,12,32768,1,phase_ood,0,7343,,ok,,0,0,0,0,0,0,2752,505,2
whir_t100_johnson_full,transcript_full,local_interpolant,minimal_subtree,round_batch_inversion,none,100.0,whir_johnson_full,56,36|20,1,7440,640,12,32768,1,phase_parse,0,1505,,ok,,0,0,0,0,0,0,2752,505,2
whir_t100_johnson_full,transcript_full,local_interpolant,minimal_subtree,round_batch_inversion,none,100.0,whir_johnson_full,56,36|20,1,7440,640,12,32768,1,phase_per_round_queries,0,1108496,,ok,,0,0,0,0,0,0,2752,505,2
whir_t100_johnson_full,transcript_full,local_interpolant,minimal_subtree,round_batch_inversion,none,100.0,whir_johnson_full,56,36|20,1,7440,640,12,32768,1,phase_transcript_setup,0,11657,,ok,,0,0,0,0,0,0,2752,505,2
whir_t100_johnson_full,transcript_full,local_interpolant,minimal_subtree,round_batch_inversion,none,100.0,whir_johnson_full,56,36|20,1,7440,640,12,32768,1,phase_final_round,1,61836,,ok,,0,0,0,0,0,0,2752,505,2
whir_t100_johnson_full,transcript_full,local_interpolant,minimal_subtree,round_batch_inversion,none,100.0,whir_johnson_full,56,36|20,1,7440,640,12,32768,1,phase_folding,1,7929,,ok,,0,0,0,0,0,0,2752,505,2
whir_t100_johnson_full,transcript_full,local_interpolant,minimal_subtree,round_batch_inversion,none,100.0,whir_johnson_full,56,36|20,1,7440,640,12,32768,1,phase_ood,1,7343,,ok,,0,0,0,0,0,0,2752,505,2
whir_t100_johnson_full,transcript_full,local_interpolant,minimal_subtree,round_batch_inversion,none,100.0,whir_johnson_full,56,36|20,1,7440,640,12,32768,1,phase_parse,1,1505,,ok,,0,0,0,0,0,0,2752,505,2
whir_t100_johnson_full,transcript_full,local_interpolant,minimal_subtree,round_batch_inversion,none,100.0,whir_johnson_full,56,36|20,1,7440,640,12,32768,1,phase_per_round_queries,1,1108496,,ok,,0,0,0,0,0,0,2752,505,2
whir_t100_johnson_full,transcript_full,local_interpolant,minimal_subtree,round_batch_inversion,none,100.0,whir_johnson_full,56,36|20,1,7440,640,12,32768,1,phase_transcript_setup,1,11657,,ok,,0,0,0,0,0,0,2752,505,2
whir_t100_johnson_full,transcript_full,local_interpolant,minimal_subtree,round_batch_inversion,none,100.0,whir_johnson_full,56,36|20,1,7440,640,12,32768,1,phase_final_round,2,61836,,ok,,0,0,0,0,0,0,2752,505,2
whir_t100_johnson_full,transcript_full,local_interpolant,minimal_subtree,round_batch_inversion,none,100.0,whir_johnson_full,56,36|20,1,7440,640,12,32768,1,phase_folding,2,7929,,ok,,0,0,0,0,0,0,2752,505,2
whir_t100_johnson_full,transcript_full,local_interpolant,minimal_subtree,round_batch_inversion,none,100.0,whir_johnson_full,56,36|20,1,7440,640,12,32768,1,phase_ood,2,7343,,ok,,0,0,0,0,0,0,2752,505,2
whir_t100_johnson_full,transcript_full,local_interpolant,minimal_subtree,round_batch_inversion,none,100.0,whir_johnson_full,56,36|20,1,7440,640,12,32768,1,phase_parse,2,1505,,ok,,0,0,0,0,0,0,2752,505,2
whir_t100_johnson_full,transcript_full,local_interpolant,minimal_subtree,round_batch_inversion,none,100.0,whir_johnson_full,56,36|20,1,7440,640,12,32768,1,phase_per_round_queries,2,1108496,,ok,,0,0,0,0,0,0,2752,505,2
whir_t100_johnson_full,transcript_full,local_interpolant,minimal_subtree,round_batch_inversion,none,100.0,whir_johnson_full,56,36|20,1,7440,640,12,32768,1,phase_transcript_setup,2,11657,,ok,,0,0,0,0,0,0,2752,505,2
whir_t100_johnson_full,transcript_full,local_interpolant,minimal_subtree,round_batch_inversion,none,100.0,whir_johnson_full,56,36|20,1,7440,640,12,32768,1,phase_final_round,3,61836,,ok,,0,0,0,0,0,0,2752,505,2
whir_t100_johnson_full,transcript_full,local_interpolant,minimal_subtree,round_batch_inversion,none,100.0,whir_johnson_full,56,36|20,1,7440,640,12,32768,1,phase_folding,3,7929,,ok,,0,0,0,0,0,0,2752,505,2
whir_t100_johnson_full,transcript_full,local_interpolant,minimal_subtree,round_batch_inversion,none,100.0,whir_johnson_full,56,36|20,1,7440,640,12,32768,1,phase_ood,3,7343,,ok,,0,0,0,0,0,0,2752,505,2
whir_t100_johnson_full,transcript_full,local_interpolant,minimal_subtree,round_batch_inversion,none,100.0,whir_johnson_full,56,36|20,1,7440,640,12,32768,1,phase_parse,3,1505,,ok,,0,0,0,0,0,0,2752,505,2
whir_t100_johnson_full,transcript_full,local_interpolant,minimal_subtree,round_batch_inversion,none,100.0,whir_johnson_full,56,36|20,1,7440,640,12,32768,1,phase_per_round_queries,3,1108496,,ok,,0,0,0,0,0,0,2752,505,2
whir_t100_johnson_full,transcript_full,local_interpolant,minimal_subtree,round_batch_inversion,none,100.0,whir_johnson_full,56,36|20,1,7440,640,12,32768,1,phase_transcript_setup,3,11657,,ok,,0,0,0,0,0,0,2752,505,2
whir_t100_johnson_full,transcript_full,local_interpolant,minimal_subtree,round_batch_inversion,none,100.0,whir_johnson_full,56,36|20,1,7440,640,12,32768,1,phase_final_round,4,61836,,ok,,0,0,0,0,0,0,2752,505,2
whir_t100_johnson_full,transcript_full,local_interpolant,minimal_subtree,round_batch_inversion,none,100.0,whir_johnson_full,56,36|20,1,7440,640,12,32768,1,phase_folding,4,7929,,ok,,0,0,0,0,0,0,2752,505,2
whir_t100_johnson_full,transcript_full,local_interpolant,minimal_subtree,round_batch_inversion,none,100.0,whir_johnson_full,56,36|20,1,7440,640,12,32768,1,phase_ood,4,7343,,ok,,0,0,0,0,0,0,2752,505,2
whir_t100_johnson_full,transcript_full,local_interpolant,minimal_subtree,round_batch_inversion,none,100.0,whir_johnson_full,56,36|20,1,7440,640,12,32768,1,phase_parse,4,1505,,ok,,0,0,0,0,0,0,2752,505,2
whir_t100_johnson_full,transcript_full,local_interpolant,minimal_subtree,round_batch_inversion,none,100.0,whir_johnson_full,56,36|20,1,7440,640,12,32768,1,phase_per_round_queries,4,1108496,,ok,,0,0,0,0,0,0,2752,505,2
whir_t100_johnson_full,transcript_full,local_interpolant,minimal_subtree,round_batch_inversion,none,100.0,whir_johnson_full,56,36|20,1,7440,640,12,32768,1,phase_transcript_setup,4,11657,,ok,,0,0,0,0,0,0,2752,505,2
whir_t100_johnson_full,transcript_full,local_interpolant,minimal_subtree,round_batch_inversion,none,100.0,whir_johnson_full,56,36|20,1,7440,640,12,32768,1,phase_final_round,5,61836,,ok,,0,0,0,0,0,0,2752,505,2
whir_t100_johnson_full,transcript_full,local_interpolant,minimal_subtree,round_batch_inversion,none,100.0,whir_johnson_full,56,36|20,1,7440,640,12,32768,1,phase_folding,5,7929,,ok,,0,0,0,0,0,0,2752,505,2
whir_t100_johnson_full,transcript_full,local_interpolant,minimal_subtree,round_batch_inversion,none,100.0,whir_johnson_full,56,36|20,1,7440,640,12,32768,1,phase_ood,5,7343,,ok,,0,0,0,0,0,0,2752,505,2
whir_t100_johnson_full,transcript_full,local_interpolant,minimal_subtree,round_batch_inversion,none,100.0,whir_johnson_full,56,36|20,1,7440,640,12,32768,1,phase_parse,5,1505,,ok,,0,0,0,0,0,0,2752,505,2
whir_t100_johnson_full,transcript_full,local_interpolant,minimal_subtree,round_batch_inversion,none,100.0,whir_johnson_full,56,36|20,1,7440,640,12,32768,1,phase_per_round_queries,5,1108496,,ok,,0,0,0,0,0,0,2752,505,2
whir_t100_johnson_full,transcript_full,local_interpolant,minimal_subtree,round_batch_inversion,none,100.0,whir_johnson_full,56,36|20,1,7440,640,12,32768,1,phase_transcript_setup,5,11657,,ok,,0,0,0,0,0,0,2752,505,2
whir_t100_johnson_full,transcript_full,local_interpolant,minimal_subtree,round_batch_inversion,none,100.0,whir_johnson_full,56,36|20,1,7440,640,12,32768,1,phase_final_round,6,61836,,ok,,0,0,0,0,0,0,2752,505,2
whir_t100_johnson_full,transcript_full,local_interpolant,minimal_subtree,round_batch_inversion,none,100.0,whir_johnson_full,56,36|20,1,7440,640,12,32768,1,phase_folding,6,7929,,ok,,0,0,0,0,0,0,2752,505,2
whir_t100_johnson_full,transcript_full,local_interpolant,minimal_subtree,round_batch_inversion,none,100.0,whir_johnson_full,56,36|20,1,7440,640,12,32768,1,phase_ood,6,7343,,ok,,0,0,0,0,0,0,2752,505,2
whir_t100_johnson_full,transcript_full,local_interpolant,minimal_subtree,round_batch_inversion,none,100.0,whir_johnson_full,56,36|20,1,7440,640,12,32768,1,phase_parse,6,1505,,ok,,0,0,0,0,0,0,2752,505,2
whir_t100_johnson_full,transcript_full,local_interpolant,minimal_subtree,round_batch_inversion,none,100.0,whir_johnson_full,56,36|20,1,7440,640,12,32768,1,phase_per_round_queries,6,1108496,,ok,,0,0,0,0,0,0,2752,505,2
whir_t100_johnson_full,transcript_full,local_interpolant,minimal_subtree,round_batch_inversion,none,100.0,whir_johnson_full,56,36|20,1,7440,640,12,32768,1,phase_transcript_setup,6,11657,,ok,,0,0,0,0,0,0,2752,505,2
whir_t100_johnson_full,transcript_full,local_interpolant,minimal_subtree,round_batch_inversion,none,100.0,whir_johnson_full,56,36|20,1,7440,640,12,32768,1,phase_final_round,7,61836,,ok,,0,0,0,0,0,0,2752,505,2
whir_t100_johnson_full,transcript_full,local_interpolant,minimal_subtree,round_batch_inversion,none,100.0,whir_johnson_full,56,36|20,1,7440,640,12,32768,1,phase_folding,7,7929,,ok,,0,0,0,0,0,0,2752,505,2
whir_t100_johnson_full,transcript_full,local_interpolant,minimal_subtree,round_batch_inversion,none,100.0,whir_johnson_full,56,36|20,1,7440,640,12,32768,1,phase_ood,7,7343,,ok,,0,0,0,0,0,0,2752,505,2
whir_t100_johnson_full,transcript_full,local_interpolant,minimal_subtree,round_batch_inversion,none,100.0,whir_johnson_full,56,36|20,1,7440,640,12,32768,1,phase_parse,7,1505,,ok,,0,0,0,0,0,0,2752,505,2
whir_t100_johnson_full,transcript_full,local_interpolant,minimal_subtree,round_batch_inversion,none,100.0,whir_johnson_full,56,36|20,1,7440,640,12,32768,1,phase_per_round_queries,7,1108496,,ok,,0,0,0,0,0,0,2752,505,2
whir_t100_johnson_full,transcript_full,local_interpolant,minimal_subtree,round_batch_inversion,none,100.0,whir_johnson_full,56,36|20,1,7440,640,12,32768,1,phase_transcript_setup,7,11657,,ok,,0,0,0,0,0,0,2752,505,2
whir_t100_johnson_full,transcript_full,local_interpolant,minimal_subtree,round_batch_inversion,none,100.0,whir_johnson_full,56,36|20,1,7440,640,12,32768,1,phase_final_round,8,61836,,ok,,0,0,0,0,0,0,2752,505,2
whir_t100_johnson_full,transcript_full,local_interpolant,minimal_subtree,round_batch_inversion,none,100.0,whir_johnson_full,56,36|20,1,7440,640,12,32768,1,phase_folding,8,7929,,ok,,0,0,0,0,0,0,2752,505,2
whir_t100_johnson_full,transcript_full,local_interpolant,minimal_subtree,round_batch_inversion,none,100.0,whir_johnson_full,56,36|20,1,7440,640,12,32768,1,phase_ood,8,7343,,ok,,0,0,0,0,0,0,2752,505,2
whir_t100_johnson_full,transcript_full,local_interpolant,minimal_subtree,round_batch_inversion,none,100.0,whir_johnson_full,56,36|20,1,7440,640,12,32768,1,phase_parse,8,1505,,ok,,0,0,0,0,0,0,2752,505,2
whir_t100_johnson_full,transcript_full,local_interpolant,minimal_subtree,round_batch_inversion,none,100.0,whir_johnson_full,56,36|20,1,7440,640,12,32768,1,phase_per_round_queries,8,1108496,,ok,,0,0,0,0,0,0,2752,505,2
whir_t100_johnson_full,transcript_full,local_interpolant,minimal_subtree,round_batch_inversion,none,100.0,whir_johnson_full,56,36|20,1,7440,640,12,32768,1,phase_transcript_setup,8,11657,,ok,,0,0,0,0,0,0,2752,505,2
whir_t100_johnson_full,transcript_full,local_interpolant,minimal_subtree,round_batch_inversion,none,100.0,whir_johnson_full,56,36|20,1,7440,640,12,32768,1,phase_final_round,9,61836,,ok,,0,0,0,0,0,0,2752,505,2
whir_t100_johnson_full,transcript_full,local_interpolant,minimal_subtree,round_batch_inversion,none,100.0,whir_johnson_full,56,36|20,1,7440,640,12,32768,1,phase_folding,9,7929,,ok,,0,0,0,0,0,0,2752,505,2
whir_t100_johnson_full,transcript_full,local_interpolant,minimal_subtree,round_batch_inversion,none,100.0,whir_johnson_full,56,36|20,1,7440,640,12,32768,1,phase_ood,9,7343,,ok,,0,0,0,0,0,0,2752,505,2
whir_t100_johnson_full,transcript_full,local_interpolant,minimal_subtree,round_batch_inversion,none,100.0,whir_johnson_full,56,36|20,1,7440,640,12,32768,1,phase_parse,9,1505,,ok,,0,0,0,0,0,0,2752,505,2
whir_t100_johnson_full,transcript_full,local_interpolant,minimal_subtree,round_batch_inversion,none,100.0,whir_johnson_full,56,36|20,1,7440,640,12,32768,1,phase_per_round_queries,9,1108496,,ok,,0,0,0,0,0,0,2752,505,2
whir_t100_johnson_full,transcript_full,local_interpolant,minimal_subtree,round_batch_inversion,none,100.0,whir_johnson_full,56,36|20,1,7440,640,12,32768,1,phase_transcript_setup,9,11657,,ok,,0,0,0,0,0,0,2752,505,2
whir_t100_johnson_full,transcript_full,local_interpolant,minimal_subtree,round_batch_inversion,proof_carried_round_local,100.0,whir_johnson_full,56,36|20,1,8448,640,14,32768,1,host_verify,0,,12389250,ok,,341,21942,508,2239,324,36,2284,397,2
whir_t100_johnson_full,transcript_full,local_interpolant,minimal_subtree,round_batch_inversion,proof_carried_round_local,100.0,whir_johnson_full,56,36|20,1,8448,640,14,0,0,upload_total,0,17846,,ok,,0,0,0,0,0,0,2284,397,2
whir_t100_johnson_full,transcript_full,local_interpolant,minimal_subtree,round_batch_inversion,proof_carried_round_local,100.0,whir_johnson_full,56,36|20,1,8448,640,14,32768,1,verify_sbf,0,1178096,,ok,,341,21942,508,2239,324,36,2284,397,2
whir_t100_johnson_full,transcript_full,local_interpolant,minimal_subtree,round_batch_inversion,proof_carried_round_local,100.0,whir_johnson_full,56,36|20,1,8448,640,14,32768,1,total_sbf,0,1195942,,ok,,341,21942,508,2239,324,36,2284,397,2
whir_t100_johnson_full,transcript_full,local_interpolant,minimal_subtree,round_batch_inversion,proof_carried_round_local,100.0,whir_johnson_full,56,36|20,1,8448,640,14,32768,1,verify_sbf,1,1178096,,ok,,341,21942,508,2239,324,36,2284,397,2
whir_t100_johnson_full,transcript_full,local_interpolant,minimal_subtree,round_batch_inversion,proof_carried_round_local,100.0,whir_johnson_full,56,36|20,1,8448,640,14,32768,1,total_sbf,1,1195942,,ok,,341,21942,508,2239,324,36,2284,397,2
whir_t100_johnson_full,transcript_full,local_interpolant,minimal_subtree,round_batch_inversion,proof_carried_round_local,100.0,whir_johnson_full,56,36|20,1,8448,640,14,32768,1,verify_sbf,2,1178096,,ok,,341,21942,508,2239,324,36,2284,397,2
whir_t100_johnson_full,transcript_full,local_interpolant,minimal_subtree,round_batch_inversion,proof_carried_round_local,100.0,whir_johnson_full,56,36|20,1,8448,640,14,32768,1,total_sbf,2,1195942,,ok,,341,21942,508,2239,324,36,2284,397,2
whir_t100_johnson_full,transcript_full,local_interpolant,minimal_subtree,round_batch_inversion,proof_carried_round_local,100.0,whir_johnson_full,56,36|20,1,8448,640,14,32768,1,verify_sbf,3,1178096,,ok,,341,21942,508,2239,324,36,2284,397,2
whir_t100_johnson_full,transcript_full,local_interpolant,minimal_subtree,round_batch_inversion,proof_carried_round_local,100.0,whir_johnson_full,56,36|20,1,8448,640,14,32768,1,total_sbf,3,1195942,,ok,,341,21942,508,2239,324,36,2284,397,2
whir_t100_johnson_full,transcript_full,local_interpolant,minimal_subtree,round_batch_inversion,proof_carried_round_local,100.0,whir_johnson_full,56,36|20,1,8448,640,14,32768,1,verify_sbf,4,1178096,,ok,,341,21942,508,2239,324,36,2284,397,2
whir_t100_johnson_full,transcript_full,local_interpolant,minimal_subtree,round_batch_inversion,proof_carried_round_local,100.0,whir_johnson_full,56,36|20,1,8448,640,14,32768,1,total_sbf,4,1195942,,ok,,341,21942,508,2239,324,36,2284,397,2
whir_t100_johnson_full,transcript_full,local_interpolant,minimal_subtree,round_batch_inversion,proof_carried_round_local,100.0,whir_johnson_full,56,36|20,1,8448,640,14,32768,1,verify_sbf,5,1178096,,ok,,341,21942,508,2239,324,36,2284,397,2
whir_t100_johnson_full,transcript_full,local_interpolant,minimal_subtree,round_batch_inversion,proof_carried_round_local,100.0,whir_johnson_full,56,36|20,1,8448,640,14,32768,1,total_sbf,5,1195942,,ok,,341,21942,508,2239,324,36,2284,397,2
whir_t100_johnson_full,transcript_full,local_interpolant,minimal_subtree,round_batch_inversion,proof_carried_round_local,100.0,whir_johnson_full,56,36|20,1,8448,640,14,32768,1,verify_sbf,6,1178096,,ok,,341,21942,508,2239,324,36,2284,397,2
whir_t100_johnson_full,transcript_full,local_interpolant,minimal_subtree,round_batch_inversion,proof_carried_round_local,100.0,whir_johnson_full,56,36|20,1,8448,640,14,32768,1,total_sbf,6,1195942,,ok,,341,21942,508,2239,324,36,2284,397,2
whir_t100_johnson_full,transcript_full,local_interpolant,minimal_subtree,round_batch_inversion,proof_carried_round_local,100.0,whir_johnson_full,56,36|20,1,8448,640,14,32768,1,verify_sbf,7,1178096,,ok,,341,21942,508,2239,324,36,2284,397,2
whir_t100_johnson_full,transcript_full,local_interpolant,minimal_subtree,round_batch_inversion,proof_carried_round_local,100.0,whir_johnson_full,56,36|20,1,8448,640,14,32768,1,total_sbf,7,1195942,,ok,,341,21942,508,2239,324,36,2284,397,2
whir_t100_johnson_full,transcript_full,local_interpolant,minimal_subtree,round_batch_inversion,proof_carried_round_local,100.0,whir_johnson_full,56,36|20,1,8448,640,14,32768,1,verify_sbf,8,1178096,,ok,,341,21942,508,2239,324,36,2284,397,2
whir_t100_johnson_full,transcript_full,local_interpolant,minimal_subtree,round_batch_inversion,proof_carried_round_local,100.0,whir_johnson_full,56,36|20,1,8448,640,14,32768,1,total_sbf,8,1195942,,ok,,341,21942,508,2239,324,36,2284,397,2
whir_t100_johnson_full,transcript_full,local_interpolant,minimal_subtree,round_batch_inversion,proof_carried_round_local,100.0,whir_johnson_full,56,36|20,1,8448,640,14,32768,1,verify_sbf,9,1178096,,ok,,341,21942,508,2239,324,36,2284,397,2
whir_t100_johnson_full,transcript_full,local_interpolant,minimal_subtree,round_batch_inversion,proof_carried_round_local,100.0,whir_johnson_full,56,36|20,1,8448,640,14,32768,1,total_sbf,9,1195942,,ok,,341,21942,508,2239,324,36,2284,397,2
whir_t100_johnson_full,transcript_full,local_interpolant,minimal_subtree,round_batch_inversion,proof_carried_round_local,100.0,whir_johnson_full,56,36|20,1,8448,640,14,32768,1,phase_final_round,0,61915,,ok,,0,0,0,0,0,0,2284,397,2
whir_t100_johnson_full,transcript_full,local_interpolant,minimal_subtree,round_batch_inversion,proof_carried_round_local,100.0,whir_johnson_full,56,36|20,1,8448,640,14,32768,1,phase_folding,0,7928,,ok,,0,0,0,0,0,0,2284,397,2
whir_t100_johnson_full,transcript_full,local_interpolant,minimal_subtree,round_batch_inversion,proof_carried_round_local,100.0,whir_johnson_full,56,36|20,1,8448,640,14,32768,1,phase_ood,0,7343,,ok,,0,0,0,0,0,0,2284,397,2
whir_t100_johnson_full,transcript_full,local_interpolant,minimal_subtree,round_batch_inversion,proof_carried_round_local,100.0,whir_johnson_full,56,36|20,1,8448,640,14,32768,1,phase_parse,0,1503,,ok,,0,0,0,0,0,0,2284,397,2
whir_t100_johnson_full,transcript_full,local_interpolant,minimal_subtree,round_batch_inversion,proof_carried_round_local,100.0,whir_johnson_full,56,36|20,1,8448,640,14,32768,1,phase_per_round_queries,0,1090147,,ok,,0,0,0,0,0,0,2284,397,2
whir_t100_johnson_full,transcript_full,local_interpolant,minimal_subtree,round_batch_inversion,proof_carried_round_local,100.0,whir_johnson_full,56,36|20,1,8448,640,14,32768,1,phase_transcript_setup,0,11657,,ok,,0,0,0,0,0,0,2284,397,2
whir_t100_johnson_full,transcript_full,local_interpolant,minimal_subtree,round_batch_inversion,proof_carried_round_local,100.0,whir_johnson_full,56,36|20,1,8448,640,14,32768,1,phase_final_round,1,61915,,ok,,0,0,0,0,0,0,2284,397,2
whir_t100_johnson_full,transcript_full,local_interpolant,minimal_subtree,round_batch_inversion,proof_carried_round_local,100.0,whir_johnson_full,56,36|20,1,8448,640,14,32768,1,phase_folding,1,7928,,ok,,0,0,0,0,0,0,2284,397,2
whir_t100_johnson_full,transcript_full,local_interpolant,minimal_subtree,round_batch_inversion,proof_carried_round_local,100.0,whir_johnson_full,56,36|20,1,8448,640,14,32768,1,phase_ood,1,7343,,ok,,0,0,0,0,0,0,2284,397,2
whir_t100_johnson_full,transcript_full,local_interpolant,minimal_subtree,round_batch_inversion,proof_carried_round_local,100.0,whir_johnson_full,56,36|20,1,8448,640,14,32768,1,phase_parse,1,1503,,ok,,0,0,0,0,0,0,2284,397,2
whir_t100_johnson_full,transcript_full,local_interpolant,minimal_subtree,round_batch_inversion,proof_carried_round_local,100.0,whir_johnson_full,56,36|20,1,8448,640,14,32768,1,phase_per_round_queries,1,1090147,,ok,,0,0,0,0,0,0,2284,397,2
whir_t100_johnson_full,transcript_full,local_interpolant,minimal_subtree,round_batch_inversion,proof_carried_round_local,100.0,whir_johnson_full,56,36|20,1,8448,640,14,32768,1,phase_transcript_setup,1,11657,,ok,,0,0,0,0,0,0,2284,397,2
whir_t100_johnson_full,transcript_full,local_interpolant,minimal_subtree,round_batch_inversion,proof_carried_round_local,100.0,whir_johnson_full,56,36|20,1,8448,640,14,32768,1,phase_final_round,2,61915,,ok,,0,0,0,0,0,0,2284,397,2
whir_t100_johnson_full,transcript_full,local_interpolant,minimal_subtree,round_batch_inversion,proof_carried_round_local,100.0,whir_johnson_full,56,36|20,1,8448,640,14,32768,1,phase_folding,2,7928,,ok,,0,0,0,0,0,0,2284,397,2
whir_t100_johnson_full,transcript_full,local_interpolant,minimal_subtree,round_batch_inversion,proof_carried_round_local,100.0,whir_johnson_full,56,36|20,1,8448,640,14,32768,1,phase_ood,2,7343,,ok,,0,0,0,0,0,0,2284,397,2
whir_t100_johnson_full,transcript_full,local_interpolant,minimal_subtree,round_batch_inversion,proof_carried_round_local,100.0,whir_johnson_full,56,36|20,1,8448,640,14,32768,1,phase_parse,2,1503,,ok,,0,0,0,0,0,0,2284,397,2
whir_t100_johnson_full,transcript_full,local_interpolant,minimal_subtree,round_batch_inversion,proof_carried_round_local,100.0,whir_johnson_full,56,36|20,1,8448,640,14,32768,1,phase_per_round_queries,2,1090147,,ok,,0,0,0,0,0,0,2284,397,2
whir_t100_johnson_full,transcript_full,local_interpolant,minimal_subtree,round_batch_inversion,proof_carried_round_local,100.0,whir_johnson_full,56,36|20,1,8448,640,14,32768,1,phase_transcript_setup,2,11657,,ok,,0,0,0,0,0,0,2284,397,2
whir_t100_johnson_full,transcript_full,local_interpolant,minimal_subtree,round_batch_inversion,proof_carried_round_local,100.0,whir_johnson_full,56,36|20,1,8448,640,14,32768,1,phase_final_round,3,61915,,ok,,0,0,0,0,0,0,2284,397,2
whir_t100_johnson_full,transcript_full,local_interpolant,minimal_subtree,round_batch_inversion,proof_carried_round_local,100.0,whir_johnson_full,56,36|20,1,8448,640,14,32768,1,phase_folding,3,7928,,ok,,0,0,0,0,0,0,2284,397,2
whir_t100_johnson_full,transcript_full,local_interpolant,minimal_subtree,round_batch_inversion,proof_carried_round_local,100.0,whir_johnson_full,56,36|20,1,8448,640,14,32768,1,phase_ood,3,7343,,ok,,0,0,0,0,0,0,2284,397,2
whir_t100_johnson_full,transcript_full,local_interpolant,minimal_subtree,round_batch_inversion,proof_carried_round_local,100.0,whir_johnson_full,56,36|20,1,8448,640,14,32768,1,phase_parse,3,1503,,ok,,0,0,0,0,0,0,2284,397,2
whir_t100_johnson_full,transcript_full,local_interpolant,minimal_subtree,round_batch_inversion,proof_carried_round_local,100.0,whir_johnson_full,56,36|20,1,8448,640,14,32768,1,phase_per_round_queries,3,1090147,,ok,,0,0,0,0,0,0,2284,397,2
whir_t100_johnson_full,transcript_full,local_interpolant,minimal_subtree,round_batch_inversion,proof_carried_round_local,100.0,whir_johnson_full,56,36|20,1,8448,640,14,32768,1,phase_transcript_setup,3,11657,,ok,,0,0,0,0,0,0,2284,397,2
whir_t100_johnson_full,transcript_full,local_interpolant,minimal_subtree,round_batch_inversion,proof_carried_round_local,100.0,whir_johnson_full,56,36|20,1,8448,640,14,32768,1,phase_final_round,4,61915,,ok,,0,0,0,0,0,0,2284,397,2
whir_t100_johnson_full,transcript_full,local_interpolant,minimal_subtree,round_batch_inversion,proof_carried_round_local,100.0,whir_johnson_full,56,36|20,1,8448,640,14,32768,1,phase_folding,4,7928,,ok,,0,0,0,0,0,0,2284,397,2
whir_t100_johnson_full,transcript_full,local_interpolant,minimal_subtree,round_batch_inversion,proof_carried_round_local,100.0,whir_johnson_full,56,36|20,1,8448,640,14,32768,1,phase_ood,4,7343,,ok,,0,0,0,0,0,0,2284,397,2
whir_t100_johnson_full,transcript_full,local_interpolant,minimal_subtree,round_batch_inversion,proof_carried_round_local,100.0,whir_johnson_full,56,36|20,1,8448,640,14,32768,1,phase_parse,4,1503,,ok,,0,0,0,0,0,0,2284,397,2
whir_t100_johnson_full,transcript_full,local_interpolant,minimal_subtree,round_batch_inversion,proof_carried_round_local,100.0,whir_johnson_full,56,36|20,1,8448,640,14,32768,1,phase_per_round_queries,4,1090147,,ok,,0,0,0,0,0,0,2284,397,2
whir_t100_johnson_full,transcript_full,local_interpolant,minimal_subtree,round_batch_inversion,proof_carried_round_local,100.0,whir_johnson_full,56,36|20,1,8448,640,14,32768,1,phase_transcript_setup,4,11657,,ok,,0,0,0,0,0,0,2284,397,2
whir_t100_johnson_full,transcript_full,local_interpolant,minimal_subtree,round_batch_inversion,proof_carried_round_local,100.0,whir_johnson_full,56,36|20,1,8448,640,14,32768,1,phase_final_round,5,61915,,ok,,0,0,0,0,0,0,2284,397,2
whir_t100_johnson_full,transcript_full,local_interpolant,minimal_subtree,round_batch_inversion,proof_carried_round_local,100.0,whir_johnson_full,56,36|20,1,8448,640,14,32768,1,phase_folding,5,7928,,ok,,0,0,0,0,0,0,2284,397,2
whir_t100_johnson_full,transcript_full,local_interpolant,minimal_subtree,round_batch_inversion,proof_carried_round_local,100.0,whir_johnson_full,56,36|20,1,8448,640,14,32768,1,phase_ood,5,7343,,ok,,0,0,0,0,0,0,2284,397,2
whir_t100_johnson_full,transcript_full,local_interpolant,minimal_subtree,round_batch_inversion,proof_carried_round_local,100.0,whir_johnson_full,56,36|20,1,8448,640,14,32768,1,phase_parse,5,1503,,ok,,0,0,0,0,0,0,2284,397,2
whir_t100_johnson_full,transcript_full,local_interpolant,minimal_subtree,round_batch_inversion,proof_carried_round_local,100.0,whir_johnson_full,56,36|20,1,8448,640,14,32768,1,phase_per_round_queries,5,1090147,,ok,,0,0,0,0,0,0,2284,397,2
whir_t100_johnson_full,transcript_full,local_interpolant,minimal_subtree,round_batch_inversion,proof_carried_round_local,100.0,whir_johnson_full,56,36|20,1,8448,640,14,32768,1,phase_transcript_setup,5,11657,,ok,,0,0,0,0,0,0,2284,397,2
whir_t100_johnson_full,transcript_full,local_interpolant,minimal_subtree,round_batch_inversion,proof_carried_round_local,100.0,whir_johnson_full,56,36|20,1,8448,640,14,32768,1,phase_final_round,6,61915,,ok,,0,0,0,0,0,0,2284,397,2
whir_t100_johnson_full,transcript_full,local_interpolant,minimal_subtree,round_batch_inversion,proof_carried_round_local,100.0,whir_johnson_full,56,36|20,1,8448,640,14,32768,1,phase_folding,6,7928,,ok,,0,0,0,0,0,0,2284,397,2
whir_t100_johnson_full,transcript_full,local_interpolant,minimal_subtree,round_batch_inversion,proof_carried_round_local,100.0,whir_johnson_full,56,36|20,1,8448,640,14,32768,1,phase_ood,6,7343,,ok,,0,0,0,0,0,0,2284,397,2
whir_t100_johnson_full,transcript_full,local_interpolant,minimal_subtree,round_batch_inversion,proof_carried_round_local,100.0,whir_johnson_full,56,36|20,1,8448,640,14,32768,1,phase_parse,6,1503,,ok,,0,0,0,0,0,0,2284,397,2
whir_t100_johnson_full,transcript_full,local_interpolant,minimal_subtree,round_batch_inversion,proof_carried_round_local,100.0,whir_johnson_full,56,36|20,1,8448,640,14,32768,1,phase_per_round_queries,6,1090147,,ok,,0,0,0,0,0,0,2284,397,2
whir_t100_johnson_full,transcript_full,local_interpolant,minimal_subtree,round_batch_inversion,proof_carried_round_local,100.0,whir_johnson_full,56,36|20,1,8448,640,14,32768,1,phase_transcript_setup,6,11657,,ok,,0,0,0,0,0,0,2284,397,2
whir_t100_johnson_full,transcript_full,local_interpolant,minimal_subtree,round_batch_inversion,proof_carried_round_local,100.0,whir_johnson_full,56,36|20,1,8448,640,14,32768,1,phase_final_round,7,61915,,ok,,0,0,0,0,0,0,2284,397,2
whir_t100_johnson_full,transcript_full,local_interpolant,minimal_subtree,round_batch_inversion,proof_carried_round_local,100.0,whir_johnson_full,56,36|20,1,8448,640,14,32768,1,phase_folding,7,7928,,ok,,0,0,0,0,0,0,2284,397,2
whir_t100_johnson_full,transcript_full,local_interpolant,minimal_subtree,round_batch_inversion,proof_carried_round_local,100.0,whir_johnson_full,56,36|20,1,8448,640,14,32768,1,phase_ood,7,7343,,ok,,0,0,0,0,0,0,2284,397,2
whir_t100_johnson_full,transcript_full,local_interpolant,minimal_subtree,round_batch_inversion,proof_carried_round_local,100.0,whir_johnson_full,56,36|20,1,8448,640,14,32768,1,phase_parse,7,1503,,ok,,0,0,0,0,0,0,2284,397,2
whir_t100_johnson_full,transcript_full,local_interpolant,minimal_subtree,round_batch_inversion,proof_carried_round_local,100.0,whir_johnson_full,56,36|20,1,8448,640,14,32768,1,phase_per_round_queries,7,1090147,,ok,,0,0,0,0,0,0,2284,397,2
whir_t100_johnson_full,transcript_full,local_interpolant,minimal_subtree,round_batch_inversion,proof_carried_round_local,100.0,whir_johnson_full,56,36|20,1,8448,640,14,32768,1,phase_transcript_setup,7,11657,,ok,,0,0,0,0,0,0,2284,397,2
whir_t100_johnson_full,transcript_full,local_interpolant,minimal_subtree,round_batch_inversion,proof_carried_round_local,100.0,whir_johnson_full,56,36|20,1,8448,640,14,32768,1,phase_final_round,8,61915,,ok,,0,0,0,0,0,0,2284,397,2
whir_t100_johnson_full,transcript_full,local_interpolant,minimal_subtree,round_batch_inversion,proof_carried_round_local,100.0,whir_johnson_full,56,36|20,1,8448,640,14,32768,1,phase_folding,8,7928,,ok,,0,0,0,0,0,0,2284,397,2
whir_t100_johnson_full,transcript_full,local_interpolant,minimal_subtree,round_batch_inversion,proof_carried_round_local,100.0,whir_johnson_full,56,36|20,1,8448,640,14,32768,1,phase_ood,8,7343,,ok,,0,0,0,0,0,0,2284,397,2
whir_t100_johnson_full,transcript_full,local_interpolant,minimal_subtree,round_batch_inversion,proof_carried_round_local,100.0,whir_johnson_full,56,36|20,1,8448,640,14,32768,1,phase_parse,8,1503,,ok,,0,0,0,0,0,0,2284,397,2
whir_t100_johnson_full,transcript_full,local_interpolant,minimal_subtree,round_batch_inversion,proof_carried_round_local,100.0,whir_johnson_full,56,36|20,1,8448,640,14,32768,1,phase_per_round_queries,8,1090147,,ok,,0,0,0,0,0,0,2284,397,2
whir_t100_johnson_full,transcript_full,local_interpolant,minimal_subtree,round_batch_inversion,proof_carried_round_local,100.0,whir_johnson_full,56,36|20,1,8448,640,14,32768,1,phase_transcript_setup,8,11657,,ok,,0,0,0,0,0,0,2284,397,2
whir_t100_johnson_full,transcript_full,local_interpolant,minimal_subtree,round_batch_inversion,proof_carried_round_local,100.0,whir_johnson_full,56,36|20,1,8448,640,14,32768,1,phase_final_round,9,61915,,ok,,0,0,0,0,0,0,2284,397,2
whir_t100_johnson_full,transcript_full,local_interpolant,minimal_subtree,round_batch_inversion,proof_carried_round_local,100.0,whir_johnson_full,56,36|20,1,8448,640,14,32768,1,phase_folding,9,7928,,ok,,0,0,0,0,0,0,2284,397,2
whir_t100_johnson_full,transcript_full,local_interpolant,minimal_subtree,round_batch_inversion,proof_carried_round_local,100.0,whir_johnson_full,56,36|20,1,8448,640,14,32768,1,phase_ood,9,7343,,ok,,0,0,0,0,0,0,2284,397,2
whir_t100_johnson_full,transcript_full,local_interpolant,minimal_subtree,round_batch_inversion,proof_carried_round_local,100.0,whir_johnson_full,56,36|20,1,8448,640,14,32768,1,phase_parse,9,1503,,ok,,0,0,0,0,0,0,2284,397,2
whir_t100_johnson_full,transcript_full,local_interpolant,minimal_subtree,round_batch_inversion,proof_carried_round_local,100.0,whir_johnson_full,56,36|20,1,8448,640,14,32768,1,phase_per_round_queries,9,1090147,,ok,,0,0,0,0,0,0,2284,397,2
whir_t100_johnson_full,transcript_full,local_interpolant,minimal_subtree,round_batch_inversion,proof_carried_round_local,100.0,whir_johnson_full,56,36|20,1,8448,640,14,32768,1,phase_transcript_setup,9,11657,,ok,,0,0,0,0,0,0,2284,397,2
