unpacking 'github:numtide/flake-utils/c1dfcf08411b08f6b8615f7d8971a2bfa81d5e8a?narHash=sha256-X6rJYSESBVr3hBoH0WbKE5KvhPU5bloyZ2L4K60/fPQ%3D' into the Git cache...
unpacking 'github:nix-systems/default/da67096a3b9bf56a91d16901293e51ba5b49a27e?narHash=sha256-Vy1rq5AaRuLzOxct8nz4T6wlgyUR7zLU309k9mBC768%3D' into the Git cache...
copying path '/nix/store/1wnxdqr2n1pj80lirh9pzsymslx8zd9l-source' from 'https://cache.nixos.org'...
unpacking 'github:aeneasverif/charon/cb50ff16b9f1066b8a97dc06da704de2da2fa41c?narHash=sha256-%2BujCegoDtsFk7ALTLgPcbRZkursN7Nsmo9VglSMNP9c%3D' into the Git cache...
unpacking 'github:oxalica/rust-overlay/51390d0bfca0a68a8c337d215a4bbeddc2ca616e?narHash=sha256-y2wR4Mk6D/N1ID4FZa2oUMStCUxyIoRzmgOOpLzoWmo%3D' into the Git cache...
unpacking 'github:ipetkov/crane/e316f19ee058e6db50075115783be57ac549c389?narHash=sha256-8BjG/P0xnuCyVOXlYRwdI1B8nVtyYLf3oDwPSimqREY%3D' into the Git cache...
these 467 derivations will be built:
  /nix/store/00pzqq051gsjrqi3drgznfhfvvdskyik-cobs-0.3.0.drv
  /nix/store/01nd8848bz6kxdsmqbbbwf4i9vbz7zkp-ext-trait-proc_macros-1.0.1.drv
  /nix/store/dq7rbq0w8znsqzlxracph0m8mjn6ngca-ocaml-static-x86_64-unknown-linux-musl-5.2.1.drv
  /nix/store/9xa3pj1cv91n1y3fsi163z1vkpfm2fg2-setupHook.sh.drv
  /nix/store/vj6cnfbkval715l0kcbs5pd6j57pgqpb-ocaml5.2.1-findlib-static-x86_64-unknown-linux-musl-1.9.8.drv
  /nix/store/i6y549k5bhdirahk85r89p68vl33bz77-dune-static-x86_64-unknown-linux-musl-3.20.2.drv
  /nix/store/s151918519mkkdnq19mvv174srawragd-ocaml5.2.1-csexp-1.5.2-x86_64-unknown-linux-musl.drv
  /nix/store/m1qd6jhlddlh94k791nl04wyv4wbkgi9-ocaml5.2.1-dune-configurator-3.20.2-x86_64-unknown-linux-musl.drv
  /nix/store/0362qnxssdjwf0pq3pyp1cfwz7di95g8-ocaml5.2.1-ocaml_intrinsics_kernel-0.17.0-x86_64-unknown-linux-musl.drv
  /nix/store/08flvkjg6yyb989jfm25yiqmyghd7080-cargo-package-sharded-slab-0.1.7.drv
  /nix/store/0cvs1fsbsbiwy8ij3zn5lg9nvp3x454j-ext-trait-1.0.1.drv
  /nix/store/6jp57j12lb93djzdq4sv1p1z8b6b5a8j-ocaml5.2.1-ocaml-compiler-libs-0.17.0-x86_64-unknown-linux-musl.drv
  /nix/store/g5nxzv7mv77sn91y20gpzjchk4jglh24-ocaml5.2.1-ppx_derivers-1.2.1-x86_64-unknown-linux-musl.drv
  /nix/store/gx5b8viz02l4chi1kbvhlvkg3bxbrv0n-ocaml5.2.1-stdlib-shims-0.3.0-x86_64-unknown-linux-musl.drv
  /nix/store/rgd26ivlb9x1hmk8rp9ga1696pygkz3k-ocaml5.2.1-sexplib0-0.17.0-x86_64-unknown-linux-musl.drv
  /nix/store/qakwd8zr26rb5fd8qhnmhvx7cgyh2yhh-ocaml5.2.1-base-0.17.2-x86_64-unknown-linux-musl.drv
  /nix/store/sf31g3sn7wldhdvfk4z6ymd8kn2w97al-ocaml5.2.1-stdio-0.17.0-x86_64-unknown-linux-musl.drv
  /nix/store/jgx19b0vr2b1lfpg0s7nai46ylp63n9h-ocaml5.2.1-ppxlib-0.33.0-x86_64-unknown-linux-musl.drv
  /nix/store/0dj0ax86y7rnzf6hbrdyi9jkjmpwcabk-ocaml5.2.1-ppx_optcomp-0.17.0-x86_64-unknown-linux-musl.drv
  /nix/store/0kfsvc9hw0sybzz6mr544w3z439kz85n-ustr-1.1.0.drv
  /nix/store/0g6rigf4a1cpcsjyj3dbs3y2gnjwcqjr-cargo-package-ustr-1.1.0.drv
  /nix/store/0gxbjr7k1jm9spcc9lrhswm9qzfiv3c8-stacker-0.1.21.drv
  /nix/store/0irqf318yp3zb1yjqicbzwyxxxbaq8b5-winnow-0.7.12.drv
  /nix/store/lq1yzcivqpzd07kkm45gjwraf8h2zqzp-ocaml5.2.1-ppx_here-0.17.0-x86_64-unknown-linux-musl.drv
  /nix/store/0l8p78gilxrfxayd5wmgfcaxqcnmxmc1-ocaml5.2.1-ppx_let-0.17.0-x86_64-unknown-linux-musl.drv
  /nix/store/8y1hvscfjjsi8dg1csmv48p9c2zhr24g-brownstone-3.0.0.drv
  /nix/store/0pk72w1wsn67bw8gni3s261a9ar94z2m-cargo-package-brownstone-3.0.0.drv
  /nix/store/14q4f93ryvlia3agwz2xf39ap7cq0f7n-cargo-package-time-0.3.41.drv
  /nix/store/3njvsr2g6if0v5pwcl21cy9drxlb0szh-env_logger-0.11.8.drv
  /nix/store/21jmxvfn2pqy7rpfyrhsqbp1znh8iiba-cargo-package-env_logger-0.11.8.drv
  /nix/store/20maar61a01c158f9y8whqkrm167in8y-tracing-subscriber-0.3.19.drv
  /nix/store/25s2ii0hpzf9lrw1pzxhi7glbhyy17x1-cargo-package-tracing-subscriber-0.3.19.drv
  /nix/store/2icmr8w158pgylbb89l8mr9f5ycp5isr-cargo-package-parking_lot_core-0.9.12.drv
  /nix/store/2jin707cmkzhdc16sdpwzfymgkwa3nhg-cargo-package-toml_write-0.1.2.drv
  /nix/store/2rn98xs2mb7g700y34ghf2gry1m7dxpp-cargo-package-tracing-log-0.2.0.drv
  /nix/store/dp8k05w8sqyh6lnkzmyvxdssdxvppz6n-num-bigint-0.4.6.drv
  /nix/store/2vwnma6vpwz8xk2lsw4rd02khmvgcfsw-cargo-package-num-bigint-0.4.6.drv
  /nix/store/mhcr8cry6lk46vpgy2i560zliclwl419-snapbox-0.6.21.drv
  /nix/store/325wvih4xbvkr9c42vyzl41lfnnm0c5w-cargo-package-snapbox-0.6.21.drv
  /nix/store/3fp75cw3zqh2r9y0bj3ph4p93w4nfqy6-cargo-package-regex-automata-0.4.9.drv
  /nix/store/sm6l64g5ha907rlwcfby1vwfvjifbh0g-cc-1.2.32.drv
  /nix/store/3nii27fi82j1l64lnsvzy2fz3m96qik8-cargo-package-cc-1.2.32.drv
  /nix/store/43pgimbzz9a8csaq66xz3szhqf96p7dd-cargo-package-thiserror-2.0.18.drv
  /nix/store/4paik547kql2zj7m0h5krwfg5rdyzbnz-cargo-package-serde_spanned-0.6.9.drv
  /nix/store/d6p93y3ydfhg30l0lv4vxpbh3wpq3g16-num-rational-0.4.2.drv
  /nix/store/4y35b06wf97m7j4i8jcg733qznfw9snq-cargo-package-num-rational-0.4.2.drv
  /nix/store/93a3famv31xz5d99kyzk9am317kfzbws-itertools-0.13.0.drv
  /nix/store/6gzyy0j5lj6i1id6dby7j8plpiwzn30p-cargo-package-itertools-0.13.0.drv
  /nix/store/6lyqylc9f8djk7vrff9ka5d3fxm9fssj-cargo-package-openssl-probe-0.1.6.drv
  /nix/store/qyaa8lqfggvv0y4sy59421wrnk73c8ki-take_mut-0.2.2.drv
  /nix/store/6ypgmkhsd8mn30xi54dv6a3p5sw2zyc4-cargo-package-take_mut-0.2.2.drv
  /nix/store/fq5d57wqhjfr6k2mixk8yamg65p9h4di-postcard-1.1.3.drv
  /nix/store/7736cp1ff4wf98cncd0h6ysxqalx5ba6-cargo-package-postcard-1.1.3.drv
  /nix/store/yil4rg9jc86gy07rf79li2cs7fx03sxr-nom-7.1.3.drv
  /nix/store/7rrkdxr9z0jnx15cilhdh8zy92bvq89l-cargo-package-nom-7.1.3.drv
  /nix/store/7vp4w8fsrk6mkynpvs75w3sk7ynpmlg5-cargo-package-semver-1.0.26.drv
  /nix/store/lky70j0fcv7xgdzis98bw6xn16nvnd3b-security-framework-2.11.1.drv
  /nix/store/80gv6xmz1wix3bhxf99apb2kivjrhssv-cargo-package-security-framework-2.11.1.drv
  /nix/store/awdily0nzhj6ndb8xpzyk7r85mdx2hbn-matchers-0.1.0.drv
  /nix/store/80r01y6vqkwd2b54ja0vjmy92scmmjfm-cargo-package-matchers-0.1.0.drv
  /nix/store/n4xxrkippladb1xqwpqin47x1h1r6dd0-num-0.4.3.drv
  /nix/store/8cgh8gjlr0wnwawnd519gb7ky8rp3sxy-cargo-package-num-0.4.3.drv
  /nix/store/hpf8lpx2xd5w8i6an1yjrwmgmyhylimb-indent_write-2.2.0.drv
  /nix/store/8v2pi2y5cdsvp2vgi2qp26jv5769drmp-cargo-package-indent_write-2.2.0.drv
  /nix/store/18kqf3jc4sgp85z815zhwibc4yn9a6j5-embedded-io-0.6.1.drv
  /nix/store/9chz6wx5qckvlyqgrqwdjr7cvlrwklb1-cargo-package-embedded-io-0.6.1.drv
  /nix/store/ajvnab67m86k42hh42m4krr00hfvq63y-rustc-hash-2.1.2.drv
  /nix/store/9jrl5iwilvnlnyr21zxlnjbmm3k4bj4b-cargo-package-rustc-hash-2.1.2.drv
  /nix/store/9jz4fnwhkqx0a03176lbhp3pjx5p1sir-cargo-package-memchr-2.7.5.drv
  /nix/store/9kyjkdvi9mhkvyc7sp50mxg9p4ryzf7j-cargo-package-wit-bindgen-rt-0.39.0.drv
  /nix/store/7m0zv7669r41f6i6lwama41f12xkypba-embedded-io-0.4.0.drv
  /nix/store/9wzfm8k004n8jc585y7hp7qs9hj4vr36-cargo-package-embedded-io-0.4.0.drv
  /nix/store/8q1vq2mm0bx6ji1n3i2dnfkmh982s60z-hyper-tls-0.6.0.drv
  /nix/store/a3hkjqkfqzrhz6kkahn7dlsk9g2afbpp-cargo-package-hyper-tls-0.6.0.drv
  /nix/store/vss556mq1kzdwv4ib904dafrx6jfvy66-unicode-width-0.2.2.drv
  /nix/store/aacjg50hfnwpgm8wv6g7yi1g4fzc15ip-cargo-package-unicode-width-0.2.2.drv
  /nix/store/acvpzkiy6qn71dd626adm0i6j71c55zk-cargo-package-percent-encoding-2.3.1.drv
  /nix/store/b1ah7g4n0glcifff5gxh1n5nf3zsvkxs-cargo-package-lock_api-0.4.14.drv
  /nix/store/mzraws5kpnj7i124pm1x7824cwp8n57q-overload-0.1.1.drv
  /nix/store/b95gqqijv2qyb32kg0rm84k11yqmgwa9-cargo-package-overload-0.1.1.drv
  /nix/store/qgaaaa8649k6gp2byspc5vkdx8vdnxy7-nom-supreme-0.8.0.drv
  /nix/store/bwaffd2b7gj7w9md4ppgf68q46yqv7zx-cargo-package-nom-supreme-0.8.0.drv
  /nix/store/c66pbrqgnaaazhzk8vg51cxxnikjdkw5-cargo-package-time-core-0.1.4.drv
  /nix/store/z2dp5xx6a3qj38j3djs9kv1z2bhqc2fn-heapless-0.7.17.drv
  /nix/store/cain4xzv2yd5gcdpz8zy3vlz07mmbhv7-cargo-package-heapless-0.7.17.drv
  /nix/store/csd1jrz2h1n86gbpgp2g3h907s323gch-cargo-package-env_home-0.1.0.drv
  /nix/store/765l3sijn7lnvf2lcmrmnfr03ac17xi1-minimal-lexical-0.2.1.drv
  /nix/store/d1rz9ccnd02fvxzqi7y74wsqzwjp7wcl-cargo-package-minimal-lexical-0.2.1.drv
  /nix/store/d3v19qhc0jkfcln2301lza6c9pcik5gw-cargo-package-stacker-0.1.21.drv
  /nix/store/d76nc4fnsrg43l4bk1z3jv0ic9kh121w-cargo-package-regex-1.11.1.drv
  /nix/store/df27wqgjmp9cblj0c9238pdq3ak0wj3q-cargo-package-tar-0.4.44.drv
  /nix/store/fajxh59l4c8l1w4018z1r2y5by7lphvv-errno-0.3.13.drv
  /nix/store/djj1s2062iz50fpqj6yrzjp86n7jhqd5-cargo-package-errno-0.3.13.drv
  /nix/store/pfxsqf8rvxfynj262s7whasz21g0aa94-num-complex-0.4.6.drv
  /nix/store/dryf23f2w36x07fkgjsdrsm4mcyxmn96-cargo-package-num-complex-0.4.6.drv
  /nix/store/84s0v855bsclwib8yp2d81hi8npim33c-clap_builder-4.5.43.drv
  /nix/store/dznrc4ppaqarix5s79acs881l62vpivs-cargo-package-clap_builder-4.5.43.drv
  /nix/store/y6050lnkk96zgsjsq6vnbzah3kc936f4-chrono-0.4.41.drv
  /nix/store/f03k2rz5mi2c6baq9kpj9kr9810gfbh4-cargo-package-chrono-0.4.41.drv
  /nix/store/f1rdsrlpmjwsmx853hbfx2slcffwkn6z-cargo-package-wasi-0.14.2+wasi-0.2.4.drv
  /nix/store/f2bk2khsliakhng99zs9khmpsfpjmjbg-cargo-package-idna-1.0.3.drv
  /nix/store/f4nj5kbwlq0qmkqk408yzaqhmk2rgfw8-cargo-package-regex-syntax-0.8.5.drv
  /nix/store/1siixvnfka86blmffbgh5f1f0vxbvn4c-potential_utf-0.1.2.drv
  /nix/store/f5k33c4fv29g62sxrpb7bq0q2hahhyy7-cargo-package-potential_utf-0.1.2.drv
  /nix/store/fgfmrgh5ym2abxzv06fhknk903qx7lgq-cargo-package-tracing-attributes-0.1.30.drv
  /nix/store/fm8jbxm24m1ya975abqa1n8kr300023k-cargo-package-normalize-line-endings-0.3.0.drv
  /nix/store/fnys9z8l5s6p68mw49hgaabypcjwyv0g-cargo-package-winsafe-0.0.19.drv
  /nix/store/jnfd4lgwhjf46rcjr6jfxnq19ygki27m-native-tls-0.2.14.drv
  /nix/store/fvij6c3wi7c0k6mmgizph7yjim48lbjn-cargo-package-native-tls-0.2.14.drv
  /nix/store/g81hgcy3fd1qzyjdrf4ps2rswsa14rr7-cargo-package-time-macros-0.2.22.drv
  /nix/store/8xhhlk2sf0s9m4ib8h9ddfplgrqlcnsn-assert_tokens_eq-0.1.0.drv
  /nix/store/gl6jf4qvfmzh8h1jn3d28a9shbrg4v6a-cargo-package-assert_tokens_eq-0.1.0.drv
  /nix/store/frw1jw6sr53jzl0c9g6abg8qp5n3vk2f-derive_generic_visitor_macros-0.2.0.drv
  /nix/store/grgqqb7my70rss4yswmk34s2dsjl0mv9-cargo-package-derive_generic_visitor_macros-0.2.0.drv
  /nix/store/f5396p4p98vsqspaqr4yxmr6i8s8ndw6-xattr-1.5.1.drv
  /nix/store/gvcc4wjh0rnr2xzvr45cmpl2wspgv0hi-cargo-package-xattr-1.5.1.drv
  /nix/store/vkkdnv91z8bmyc9p8prg0by6b18xjjn9-deranged-0.4.0.drv
  /nix/store/gyj72wp2a3l6hbl3n4a71kwdxpr8ld2l-cargo-package-deranged-0.4.0.drv
  /nix/store/vq1qw2wd0x3fs5fr2zh3sy48sv8kg6py-env_filter-0.1.3.drv
  /nix/store/h5cdfl0pxzdq0dgp7y0bljwdhgcnlp8z-cargo-package-env_filter-0.1.3.drv
  /nix/store/h9gb2rllmrz44byvqd2h1zpkj27ghihh-cargo-package-valuable-0.1.1.drv
  /nix/store/1dcmlg7md54pk6hp7sm1s0jshw4df4w9-globset-0.4.16.drv
  /nix/store/hdmw792ha6v5s484baws9lkgyq8yi7lz-cargo-package-globset-0.4.16.drv
  /nix/store/hqy8zpfr68j03pv4rx20iqa4yinjhhss-cargo-package-nu-ansi-term-0.50.1.drv
  /nix/store/wgzmaj4bvf0rliga28prdi17fy89103r-io-uring-0.7.9.drv
  /nix/store/hxwppa0kms7kah08cksv5x6a25lqwzbl-cargo-package-io-uring-0.7.9.drv
  /nix/store/566rgdy7d502482r9vpk334mrzyad87g-linux-raw-sys-0.9.4.drv
  /nix/store/i3nmxsa5kisk0misk0arpxsv2l743v6i-cargo-package-linux-raw-sys-0.9.4.drv
  /nix/store/i4wg6c69r3zlipxiz50aws9ybq6liijl-cargo-package-ctor-0.1.26.drv
  /nix/store/7a9dqz6phmcfk2cvlgqrbay5j805s72l-snapbox-macros-0.3.10.drv
  /nix/store/ia80ax37n4vfnbllwi4nmw43l183wvv6-cargo-package-snapbox-macros-0.3.10.drv
  /nix/store/idannxxrgz4xn6mp8mf1q27bjxpg1b5j-cargo-package-spin-0.9.8.drv
  /nix/store/p6351glqz2cjmki168rf6i0lll9hr9wq-derive_generic_visitor-0.2.0.drv
  /nix/store/im26ys9n8s64fly30vrlflgggh9bb2q7-cargo-package-derive_generic_visitor-0.2.0.drv
  /nix/store/awf961yy68psnl4jfgpr9d6lqgdmk1pp-difference-2.0.0.drv
  /nix/store/im7pw5iadh8c2lbqh69vx7llzkkdcg9v-cargo-package-difference-2.0.0.drv
  /nix/store/q1sj0m2x9i0mic00zb24vgq9bva511n0-crates_io_api-0.11.0.drv
  /nix/store/j5ahs7vndl3s5hnhmzl106vz2fkabjmk-cargo-package-crates_io_api-0.11.0.drv
  /nix/store/j9lckwyq714a2jg6ha84g4sf4ziwf8nk-indexmap-2.10.0.drv
  /nix/store/j9vk322lkgvwxhlzbxallrrgvl2722mr-cargo-package-indexmap-2.10.0.drv
  /nix/store/jbwvcaf2dhji84kp3ww07jbvvzmkb0ak-cargo-package-syn-1.0.109.drv
  /nix/store/jc42pqqx4m521yiz9xlsb5ccba93inys-cargo-package-parking_lot-0.12.5.drv
  /nix/store/idg9sj1zgczs7zvb6m3i4khdpj6pjlwx-tokio-native-tls-0.3.1.drv
  /nix/store/jhpi77r7blvlqy5xzd622mibf12qgzi9-cargo-package-tokio-native-tls-0.3.1.drv
  /nix/store/jij7szmdzlhdgw4cc6jp5qhcqj4iq51q-cargo-package-url-2.5.4.drv
  /nix/store/ywgsxplnsbmi51yvlkg2wgs405a0k1dd-snafu-derive-0.4.4.drv
  /nix/store/jj09z67vacyxfbxym7cchrq178wdk1lz-cargo-package-snafu-derive-0.4.4.drv
  /nix/store/69i39brkn3fbqmjjzczqq5cw2xa716dn-colored-2.2.0.drv
  /nix/store/jm8flgx99lnpahw5mknqdarlij9f6jmy-cargo-package-colored-2.2.0.drv
  /nix/store/idys27q84hxg2h4v0bnw22w3mspkj5i4-joinery-2.1.0.drv
  /nix/store/jpdr6w0ijlj4zrggv28090x59f58a1b6-cargo-package-joinery-2.1.0.drv
  /nix/store/7r80lrhpmr2jh7sfifi2yi0ccw2byqb8-security-framework-sys-2.14.0.drv
  /nix/store/jsipijiasd6d4m1a8cy1w3l47c5ijnzh-cargo-package-security-framework-sys-2.14.0.drv
  /nix/store/3nxkdivr4mrw85mgydsr5nd3dklvdar3-reqwest-0.12.22.drv
  /nix/store/k01fb65n85si0q5lgjbjrcpzplllnhj4-cargo-package-reqwest-0.12.22.drv
  /nix/store/k6z016vad9bzymw7cwha4h86ij5y74bq-cargo-package-winapi-util-0.1.9.drv
  /nix/store/k8vlsgq5yrmha62cqv4dc5d1zasdpncb-cargo-package-cobs-0.3.0.drv
  /nix/store/k9xwdn1rawkmmw7kd02b3x04n9dj1c25-cargo-package-regex-syntax-0.6.29.drv
  /nix/store/fvg0yw4xhyrpk1c88rc0gdg18lcb3h00-hash32-0.2.1.drv
  /nix/store/kc19r2sza2nwhciz27sk6l0a155sl93y-cargo-package-hash32-0.2.1.drv
  /nix/store/by1781jyxk1hky3l8sc5g1sy18pcyyy0-hyper-util-0.1.16.drv
  /nix/store/ldxnzjnrl018gfw7w9w7v172l7p93j4m-cargo-package-hyper-util-0.1.16.drv
  /nix/store/lgdjm0bb1dxj3hwapz2g6cmkv1zj9daa-cargo-package-toml_edit-0.22.27.drv
  /nix/store/lnan680jv8034ysq9h0rd4fxwbc6lvhg-cargo-package-toml-0.8.23.drv
  /nix/store/mfphy62an1qakigdd0zjfnb8sm2gg9x7-cargo-package-regex-automata-0.1.10.drv
  /nix/store/mfvmjgmyzhb0gm53c4wccjsxwqc51adn-cargo-package-log-0.4.27.drv
  /nix/store/r6x0yjxnfarm5j53gqnr09lclcghmphi-proc-macro2-1.0.96.drv
  /nix/store/mhhyyiwyhy57gk739jxs7sfnpiwbpzr5-cargo-package-proc-macro2-1.0.96.drv
  /nix/store/mrbhkqfmmrrcwkx8f9m17grmi866qa5m-cargo-package-filetime-0.2.25.drv
  /nix/store/5js64c7z4a5x34iqkyfpfnw7mby7nawr-bitflags-2.9.1.drv
  /nix/store/msx00l9b6nhj1gzd09qz68n5ii3bn1ns-cargo-package-bitflags-2.9.1.drv
  /nix/store/mvq2ir24j82rpnhr3zsx6c57gjv2ss7d-cargo-package-ext-trait-proc_macros-1.0.1.drv
  /nix/store/n9702mxddkm6k9q3hnl3hh6xdqpn31qh-cargo-package-form_urlencoded-1.2.1.drv
  /nix/store/a89qj19f9c39vpi4ddw3xlj8x3y19x0z-annotate-snippets-0.12.12.drv
  /nix/store/ndinxdywl4fp65af6gg8z2z89dnl5kk7-cargo-package-annotate-snippets-0.12.12.drv
  /nix/store/f0hh4yn9i81br61wwlv51ypj7fm02fmb-tempfile-3.20.0.drv
  /nix/store/niv0gdhkrw2s3rcmhkqvfz6j1svpra4v-cargo-package-tempfile-3.20.0.drv
  /nix/store/nqzvnic3biis3iambai7yq5hs4zy5apd-cargo-package-serde_core-1.0.228.drv
  /nix/store/nysp8zpc5kjnfgb429vnh3n5cb1iw72b-cargo-package-serde_derive-1.0.228.drv
  /nix/store/p3zvmhqj7388gvwzd3jgprf86qslnc0n-cargo-package-toml_datetime-0.6.11.drv
  /nix/store/rxx0wbm6pwb0lpvpz92xyk8il3b8ffs5-openssl-0.10.73.drv
  /nix/store/p86wi2cr517dq52rdgwajlax8al34gz4-cargo-package-openssl-0.10.73.drv
  /nix/store/q3lp1mivk6x5y06cna6f9r846krd2ff3-extension-traits-1.0.1.drv
  /nix/store/phmsiyn9k2gkjr6ygbd446safx96y46z-cargo-package-extension-traits-1.0.1.drv
  /nix/store/x9a64fkajd6jpxcy39kzr9ak29141jls-snafu-0.4.4.drv
  /nix/store/przgx5xirb0x99gbg4wqzvv5i653nkng-cargo-package-snafu-0.4.4.drv
  /nix/store/mdpi5g4yxnwldsks6ii5ynra5qv47hdh-fraction-0.15.3.drv
  /nix/store/q5hc41hx9v49832ddvj7hdjpb963nkhn-cargo-package-fraction-0.15.3.drv
  /nix/store/qd36b0f06zbk303yd8zs2kk76jq7fz4s-serde_stacker-0.1.12.drv
  /nix/store/q74az81ak2vz9sl1rgvwvpq13nz10c6b-cargo-package-serde_stacker-0.1.12.drv
  /nix/store/q7wn90sq6nqgx9xirzqc8awyqq365phy-cargo-package-ext-trait-1.0.1.drv
  /nix/store/qh29bcaxwan2kdw9cq8c49rxwrs72dl2-cargo-package-hyper-1.6.0.drv
  /nix/store/r7426hl7ghzdx8jnzrj9grfkvqqx7ia0-cargo-package-serde-1.0.228.drv
  /nix/store/r8qxy5gjd3g8b5jpmrhkydf2l1jvcz4k-cargo-package-output_vt100-0.1.3.drv
  /nix/store/kmzvm34kal4a5gapcw941wmyj7dxydvr-serde_path_to_error-0.1.17.drv
  /nix/store/ra48433xvamigw9sn81lf4mlyrpdbkys-cargo-package-serde_path_to_error-0.1.17.drv
  /nix/store/l3p4vlw525kx3dg9xb24a37n2vs6r0ry-anyhow-1.0.98.drv
  /nix/store/ri5wmj2nwg7x7jmn892yi2i47762hhg6-cargo-package-anyhow-1.0.98.drv
  /nix/store/fhr8h7yikz1n8v2cv2qwx90zsnnilszi-nu-ansi-term-0.46.0.drv
  /nix/store/rzjlq1q3lbg2s9mlh4xvp5q852pq9hk5-cargo-package-nu-ansi-term-0.46.0.drv
  /nix/store/b3ajd5byzrd8pdl4j6a4qchb7w7fx051-serde_json-1.0.142.drv
  /nix/store/s1jx4g6fh4m96v7cnr8g2f7lp8dm9snc-cargo-package-serde_json-1.0.142.drv
  /nix/store/y6d72nkm1wryzhwn1wxnyxf670qjy4lr-ignore-0.4.23.drv
  /nix/store/sbs84y3lw8b2wr939d4d9a1190c9pjq1-cargo-package-ignore-0.4.23.drv
  /nix/store/f875pa01i07m5ya78csy6xakg2sckhp9-which-7.0.3.drv
  /nix/store/smd9dwzq61fnkjzlwfd08832qpdxj5i9-cargo-package-which-7.0.3.drv
  /nix/store/kc4scqpg2875qvy3j5ngl1dmvvkpzwrx-psm-0.1.26.drv
  /nix/store/w373n2nmw7d0fxlk2nqjabsjynzsx8p9-cargo-package-psm-0.1.26.drv
  /nix/store/vwq3wqcpd7msmym66anxiqn9rz0m84vr-schannel-0.1.27.drv
  /nix/store/w4g5z06agzpbpwjjrw3s8x9qq4vl5lxi-cargo-package-schannel-0.1.27.drv
  /nix/store/6dynzjwrv3lxhdv7kyiz9sv7m6w3afya-rustls-webpki-0.103.4.drv
  /nix/store/w93q1ijlg0n50008yv5x143glia7xdd6-cargo-package-rustls-webpki-0.103.4.drv
  /nix/store/byyprchxf5a9cwmiyryrypyvf33q6q9c-clap-4.5.43.drv
  /nix/store/wbmc5wkzknfr1g2mapd6sq8s8w95p02i-cargo-package-clap-4.5.43.drv
  /nix/store/w98q2rp1x4k0kmkcsk889xma29gl43p5-vcpkg-0.2.15.drv
  /nix/store/wdj3s6a8gl2gx6z56127hz1r7dw702gw-cargo-package-vcpkg-0.2.15.drv
  /nix/store/mplhkm2sxrp35qavy7apigx8bcwpmb9c-atomic-polyfill-1.0.3.drv
  /nix/store/winsmmq8dl8313ss6rpzlgfaw0f13xr6-cargo-package-atomic-polyfill-1.0.3.drv
  /nix/store/wybm59hy0d78jh6sjivd1lbjl2ix0m3i-cargo-package-unicode-ident-1.0.18.drv
  /nix/store/lq3d0xjpsnz86jrgny79633gw0mnhldj-openssl-sys-0.9.109.drv
  /nix/store/wyrjlsi4w7bl9rswxca119r53l7h0v98-cargo-package-openssl-sys-0.9.109.drv
  /nix/store/x1c47z33525kyv244mqmw0318088ir17-cargo-package-winnow-0.7.12.drv
  /nix/store/6qpvfndmk0bb6hb6h62hyh1ib9y9n3g4-rustix-1.0.8.drv
  /nix/store/x4nmywy3lwb9qm68qd7svx5sqm7zvva2-cargo-package-rustix-1.0.8.drv
  /nix/store/x4qip4vwi2w385vfbmzhmzw8y60269r7-cargo-package-thread_local-1.1.9.drv
  /nix/store/9a7j0rp3n5sxi6dagdkdgrpxzvk8cycx-num-integer-0.1.46.drv
  /nix/store/xbp6qfryky433n1a8a3ap1p38f9a6xq9-cargo-package-num-integer-0.1.46.drv
  /nix/store/grmwhzyjyjzw36zyq4gyd6q49aym01vc-num_threads-0.1.7.drv
  /nix/store/xmf3i401cavq2r45nk9c0jl8svzj273q-cargo-package-num_threads-0.1.7.drv
  /nix/store/3g5jk74cw147g2h7di9acr4k1z52qsxk-petgraph-0.8.3.drv
  /nix/store/xqpxcwg31ky879h3ilan1kw3zpfjsi80-cargo-package-petgraph-0.8.3.drv
  /nix/store/wa9y7vvvi7pcd7kddj89lb0aqwivak7y-critical-section-1.2.0.drv
  /nix/store/xwmmzl73pqzsrfn0dk4404dd4yzz87gg-cargo-package-critical-section-1.2.0.drv
  /nix/store/csikxhip0h7m329frazh2c2kzhzq9mpi-num-iter-0.1.45.drv
  /nix/store/xx91j5rac5b38r1qkmpb60amc132xrfs-cargo-package-num-iter-0.1.45.drv
  /nix/store/vl7iwrhknwd58s70xihyvjw5qbc3klbq-foreign-types-shared-0.1.1.drv
  /nix/store/xz9y7w9jawf7pigdz6aj11xj5grac7xa-cargo-package-foreign-types-shared-0.1.1.drv
  /nix/store/hbskrw7xradjhmdkdcqg7105639b7sxs-syn-2.0.104.drv
  /nix/store/y4qdwbzk0wgbhf408imgncp7wp25l6fp-cargo-package-syn-2.0.104.drv
  /nix/store/yjkxslfxpy7pp1ab6fiirl66zaqb6md3-cargo-package-thiserror-impl-2.0.18.drv
  /nix/store/knknhgd74i2p3kglzbb65yrbkdqkrv0i-clap_derive-4.5.41.drv
  /nix/store/ymv1yl8db29jwx92yz9vr9j1hygi4nad-cargo-package-clap_derive-4.5.41.drv
  /nix/store/q1m62hbw5dxzfxfxryjglqysk3k81s9y-openssl-macros-0.1.1.drv
  /nix/store/yq4wcxafj79kyka74drq9d9q6jcwh54p-cargo-package-openssl-macros-0.1.1.drv
  /nix/store/5iskv6cxnb27la4afn3g6pscmryzin3w-cfg-if-1.0.1.drv
  /nix/store/ysbf2alcwnfqqfyh6c1wbgc2l5snynjm-cargo-package-cfg-if-1.0.1.drv
  /nix/store/zax3py6afag1647380pbpr6p4jah2dvy-convert_case-0.6.0.drv
  /nix/store/zqfrcm95q2hf94mkf7lz6x8fnlkzaslz-cargo-package-convert_case-0.6.0.drv
  /nix/store/p5qpdn071nsmw63j7fpr0ddk3rv35i7q-foreign-types-0.3.2.drv
  /nix/store/zvyk06flm8qgkm05pa559ln81shimfyg-cargo-package-foreign-types-0.3.2.drv
  /nix/store/ny6acws2ycvhqkpnbjq3phaic1gx83nh-libredox-0.1.9.drv
  /nix/store/zypnf4w9mf2vhgdvnxll92mqlqffyhr6-cargo-package-libredox-0.1.9.drv
  /nix/store/0pix18jfdsq3vmlrmzxnp6rix8jx42b3-index_vec-0.1.4.drv
  /nix/store/zz71mja0q5rvnka0lzag287c4j3qgi7v-cargo-package-index_vec-0.1.4.drv
  /nix/store/0lpj3852d0pmydx2y919kq2n76j2zxxf-vendor-registry.drv
  /nix/store/0zyzpl5gmf94488yb24n0apjm23lzdfs-rust-std-nightly-powerpc64-unknown-linux-gnu.tar.xz.drv
  /nix/store/fz1kipksb9157mv2g3f387963z4h1cw4-setupHook.sh.drv
  /nix/store/nlzadf58mi0i5shb7rdas7mh4k420xgm-ocaml-5.2.1.drv
  /nix/store/1vxylnf3qgzprygw5x9akiaingbjn0l6-ocaml5.2.1-findlib-1.9.8.drv
  /nix/store/vmqhjav5n3v51xngy70vdwkc0pcvls12-dune-3.20.2.drv
  /nix/store/109vk41yv5550whqhqmdkq4fdq8w6il6-ocaml5.2.1-menhirLib-20250903.drv
  /nix/store/10s27c0k7ldcp0izn3mx3j8sf3svvxlq-miri-nightly-x86_64-unknown-linux-gnu.tar.xz.drv
  /nix/store/cf0wgyz8ak9mzcjh14d8xkw9la72zcqd-cargo-nightly-x86_64-unknown-linux-gnu.tar.xz.drv
  /nix/store/14fnv52957cb7l11rs7q61624z3irzli-cargo-1.98.0-nightly-2026-06-01-x86_64-unknown-linux-gnu.drv
  /nix/store/6dz2s2w9z2vv4rsxix1iq1bjgyjf01rl-ocaml5.2.1-result-1.5-x86_64-unknown-linux-musl.drv
  /nix/store/izkhhpiqid03vkxgy25srsmla8phbyzm-ocaml5.2.1-cppo-1.8.0-x86_64-unknown-linux-musl.drv
  /nix/store/gk1r9kpam3pz9wllqb8rxq6szq8adcg5-ocaml5.2.1-ppx_deriving-6.0.3-x86_64-unknown-linux-musl.drv
  /nix/store/15fbjmafpjnibs29kxycjn1j6q51ka09-ocaml5.2.1-visitors-20250212-x86_64-unknown-linux-musl.drv
  /nix/store/zfkicng9i4x8bcq437njxi446d0zdczb-rustc-nightly-aarch64-unknown-linux-gnu.tar.xz.drv
  /nix/store/185kmaf10cxqzjg50lwck66v1ag23j6g-rustc-1.98.0-nightly-2026-06-01-aarch64-unknown-linux-gnu.drv
  /nix/store/k5wdzzgi46isp3kmwmvh1hcpakcp7yyw-dummyBuild.rs.drv
  /nix/store/18w1wcpg6gfk7sv56rrqkiw7r8s7q9dr-Cargo.toml.drv
  /nix/store/6g878kagx6hkkf3jm305lr20pxc3v090-rust-src-nightly.tar.xz.drv
  /nix/store/229mvxwfcq6d9r48n8xxyxqjdw2qplr0-rust-src-1.98.0-nightly-2026-06-01-x86_64-unknown-linux-gnu.drv
  /nix/store/m9j666nq80l9dhflgfly7m081snffsxj-rust-std-nightly-x86_64-pc-windows-msvc.tar.xz.drv
  /nix/store/3pyhd3bzj14j5k8ganwqd7zqi73zzwhf-rust-std-1.98.0-nightly-2026-06-01-x86_64-pc-windows-msvc.drv
  /nix/store/3z9x1l9cdzl2mnd26d9k7y5gvd8v1nbb-rust-std-nightly-riscv64gc-unknown-none-elf.tar.xz.drv
  /nix/store/5yymps8dydc6f65ng36cx7zy6ni2jkda-rust-std-1.98.0-nightly-2026-06-01-riscv64gc-unknown-none-elf.drv
  /nix/store/7nwac4nsdcvzdpcm26z2d99479yp3cn3-rustc-dev-nightly-x86_64-pc-windows-msvc.tar.xz.drv
  /nix/store/3rdsr0zg9ia9xzpdq8gvxxkvl9jbkry7-rustc-nightly-x86_64-pc-windows-msvc.tar.xz.drv
  /nix/store/nm7994jjqcbzg6xs9lngm116dpr8h18i-rustc-1.98.0-nightly-2026-06-01-x86_64-pc-windows-msvc.drv
  /nix/store/6fyz8vrxbbglvdp4js7gsii3fzzikssr-rustc-dev-1.98.0-nightly-2026-06-01-x86_64-pc-windows-msvc.drv
  /nix/store/g0wdrwh0k2vxsb2zk4nx88yydvsdd7vq-rustfmt-nightly-x86_64-unknown-linux-gnu.tar.xz.drv
  /nix/store/8fj1hcym511bmh0z0kb08z7xrn2pp791-rustc-nightly-x86_64-unknown-linux-gnu.tar.xz.drv
  /nix/store/hsvbdjvp2a3yhv3iql4zzgdhs7f8p3hm-rustc-1.98.0-nightly-2026-06-01-x86_64-unknown-linux-gnu.drv
  /nix/store/7j0v9d93f7dhflqwm886mab459ykfaxx-rustfmt-preview-1.98.0-nightly-2026-06-01-x86_64-unknown-linux-gnu.drv
  /nix/store/4lfqafwvzshda6i4a71l3q1vvpfp2klf-rustc-dev-nightly-x86_64-apple-darwin.tar.xz.drv
  /nix/store/nv3ca681qklk40p4qc73jwaliwydrj53-rustc-nightly-x86_64-apple-darwin.tar.xz.drv
  /nix/store/w6ikzw41x1q0jcpkbh4nlrj8zgm3ydpy-rustc-1.98.0-nightly-2026-06-01-x86_64-apple-darwin.drv
  /nix/store/94j9qxz6h7cwfdbsh00m30kmcjvi1xlg-rustc-dev-1.98.0-nightly-2026-06-01-x86_64-apple-darwin.drv
  /nix/store/fv40w498nbqs1hd8s82y17bhz3j1vzs7-rust-std-nightly-i686-unknown-linux-gnu.tar.xz.drv
  /nix/store/9fdwr0dajxlkdsyrmplb9xl0vbbdp1ji-rust-std-1.98.0-nightly-2026-06-01-i686-unknown-linux-gnu.drv
  /nix/store/qv64symyvk7shlj5c9dp4rma2b9jwwcd-rust-std-nightly-x86_64-unknown-linux-gnu.tar.xz.drv
  /nix/store/iap1npx1vw2arzdii5z7kzy897d6w2fv-rust-std-1.98.0-nightly-2026-06-01-x86_64-unknown-linux-gnu.drv
  /nix/store/mfa2l4pwzb84xlffwwj4ywxphh7c9gyc-rustc-dev-nightly-aarch64-apple-darwin.tar.xz.drv
  /nix/store/hwxxyd0zc9hrfjlmjldidfg7mgk6ags7-rustc-nightly-aarch64-apple-darwin.tar.xz.drv
  /nix/store/p99lf2sygcawi690xgbqhv3gxgr9b55j-rustc-1.98.0-nightly-2026-06-01-aarch64-apple-darwin.drv
  /nix/store/im4fwz0ckiaswi1z1rmwi10a491rv74v-rustc-dev-1.98.0-nightly-2026-06-01-aarch64-apple-darwin.drv
  /nix/store/jib1qjkmp867rwkp3bvdvrcyj6r1s48x-rust-std-1.98.0-nightly-2026-06-01-powerpc64-unknown-linux-gnu.drv
  /nix/store/xp3bpc5s50hsdaxp5p85j82a7zcab43j-rust-docs-nightly-x86_64-unknown-linux-gnu.tar.xz.drv
  /nix/store/mm3d28z2kz0nr20lv0an4ihyf044dp97-rust-docs-1.98.0-nightly-2026-06-01-x86_64-unknown-linux-gnu.drv
  /nix/store/jzmhcgnwk9lglppixy8w5h1swijy6d5j-rust-std-nightly-aarch64-unknown-linux-gnu.tar.xz.drv
  /nix/store/nfq2b91bj4s52976x5l95yiizfpw9x1v-rust-std-1.98.0-nightly-2026-06-01-aarch64-unknown-linux-gnu.drv
  /nix/store/6dihrriilbq9b96abma1lafb9a01qz1c-rust-std-nightly-aarch64-apple-darwin.tar.xz.drv
  /nix/store/p8dm3ybhpbm1ffkg6xhrc84fw847q4yq-rust-std-1.98.0-nightly-2026-06-01-aarch64-apple-darwin.drv
  /nix/store/bh6xlhlidph19209j12lcv9y2lmf9fni-rust-std-nightly-x86_64-apple-darwin.tar.xz.drv
  /nix/store/qi5vh64slcs872m69z47r2vhdbzqd5bc-rust-std-1.98.0-nightly-2026-06-01-x86_64-apple-darwin.drv
  /nix/store/m6azn5h0fax79b9slsanrgdwf7j905yr-rustc-dev-nightly-powerpc64-unknown-linux-gnu.tar.xz.drv
  /nix/store/iwh1ghk36mqhm53pkdqc56h127008sih-rustc-nightly-powerpc64-unknown-linux-gnu.tar.xz.drv
  /nix/store/zzk8jjchgka03qy4h6ahwfwc2rhh9v3b-rustc-1.98.0-nightly-2026-06-01-powerpc64-unknown-linux-gnu.drv
  /nix/store/slimlhki7dlb3vzzanaxh51123bkrhlw-rustc-dev-1.98.0-nightly-2026-06-01-powerpc64-unknown-linux-gnu.drv
  /nix/store/gilhqpbwsla8x6srgdq69g7qrpp9pj5x-rustc-dev-nightly-i686-unknown-linux-gnu.tar.xz.drv
  /nix/store/x7dwcnywrniwnxbm8cqjmmzz09b9k1rx-rustc-nightly-i686-unknown-linux-gnu.tar.xz.drv
  /nix/store/ny7zyzxawqw1cjfa6w72pi5acqvhix6a-rustc-1.98.0-nightly-2026-06-01-i686-unknown-linux-gnu.drv
  /nix/store/va6r7r8gkx7xngc08572q4psb1krhxkx-rustc-dev-1.98.0-nightly-2026-06-01-i686-unknown-linux-gnu.drv
  /nix/store/l9q3z75x0glb8pzp6npq88gykya0ziph-llvm-tools-nightly-x86_64-unknown-linux-gnu.tar.xz.drv
  /nix/store/vb25iw9v6qlxy3x4xkbwf12sf2dggdwf-llvm-tools-preview-1.98.0-nightly-2026-06-01-x86_64-unknown-linux-gnu.drv
  /nix/store/vjys2ksrmsf1msi7kgx3srglgpv2paa6-miri-preview-1.98.0-nightly-2026-06-01-x86_64-unknown-linux-gnu.drv
  /nix/store/v0hk8s8iskbafm2bj5p6j2phw62s8vwk-clippy-nightly-x86_64-unknown-linux-gnu.tar.xz.drv
  /nix/store/vlqzb3pya1g0mg4f609fy6n909f4g5yx-clippy-preview-1.98.0-nightly-2026-06-01-x86_64-unknown-linux-gnu.drv
  /nix/store/g8s679ksg169g2d5r2ladi4pyg38hfkn-rustc-dev-nightly-aarch64-unknown-linux-gnu.tar.xz.drv
  /nix/store/ydycgb6w8668f0ljikvbg9hb6ww4pqdp-rustc-dev-1.98.0-nightly-2026-06-01-aarch64-unknown-linux-gnu.drv
  /nix/store/cnqcppvz53sfw0kh6jybx69sy8fwbw4j-rustc-dev-nightly-x86_64-unknown-linux-gnu.tar.xz.drv
  /nix/store/yvqa4lw6wq4kkzi3vazq11cnhb6x43h6-rustc-dev-1.98.0-nightly-2026-06-01-x86_64-unknown-linux-gnu.drv
  /nix/store/cfd8b0l4jjgznapwm4kf3y80g8594408-rust-default-1.98.0-nightly-2026-06-01.drv
  /nix/store/kxn5b8a0lh91qf6nhwd8vxjg7zjadi40-anyhow-1.0.94.drv
  /nix/store/zbczqn7l6jsma9adk0n45lh83s0d7hfa-cargo-vendor-dir.drv
  /nix/store/cjfgpgxj0cwjcwi6yf79pwfcw9wa7irq-crane-utils-0.0.1.drv
  /nix/store/1ga09gdbw6nzwks4cpp2fq10yjzhbhm9-cargo-git-https-github.com-Nadrieril-tracing-tree-841286bfffd3c2200810244506cd127013dbeff9.drv
  /nix/store/4lszlkb3p6ns04q8szdwxrmmp1xmnn8w-ocaml5.2.1-backoff-0.1.1-x86_64-unknown-linux-musl.drv
  /nix/store/ddwbhwh8avd6aafyhgv52q4gn247gas8-ocaml5.2.1-multicore-magic-2.3.1-x86_64-unknown-linux-musl.drv
  /nix/store/1vfpazqcqp7hsaf86z1g1cs6l6mnqi8f-ocaml5.2.1-saturn-1.0.0-x86_64-unknown-linux-musl.drv
  /nix/store/5rs2b81h8daj3022ffapgllwwhm6j0hy-ocaml5.2.1-ocamlbuild-static-x86_64-unknown-linux-musl-0.16.1.drv
  /nix/store/ai6frb1fgxsaxi7mhv05nx1i1qnl86ix-ocaml5.2.1-topkg-static-x86_64-unknown-linux-musl-1.1.0.drv
  /nix/store/vrak2azji82a73hxv7qanl7g317q3ivz-ocaml5.2.1-xmlm-1.4.0-x86_64-unknown-linux-musl.drv
  /nix/store/1vwf2hb76qdfs82m1ng23qs1jfgyc4yh-ocaml5.2.1-uucd-static-x86_64-unknown-linux-musl-17.0.0.drv
  /nix/store/vzbnpm7ah1bgxxcfvfrf8iklc4204rmh-ocaml5.2.1-seq-static-x86_64-unknown-linux-musl-0.1.drv
  /nix/store/f1myq8f8qn6m2g7scv5f58211sqdgzb0-ocaml5.2.1-re-1.12.0-x86_64-unknown-linux-musl.drv
  /nix/store/vyanjl08wzfz8xckd9b2xwzh3hj9p095-ocaml5.2.1-ppxlib_jane-0.17.0-x86_64-unknown-linux-musl.drv
  /nix/store/523k1dgc9anjr0zir5h3l0kg7rsa4jl7-ocaml5.2.1-ppx_sexp_conv-0.17.0-x86_64-unknown-linux-musl.drv
  /nix/store/94gqpqvlw119jfsi6b984m9jlycdkfzj-ocaml5.2.1-ppx_compare-0.17.0-x86_64-unknown-linux-musl.drv
  /nix/store/96rlvj4wfp7h83md5s3fhd0rygal1li0-ocaml5.2.1-ppx_hash-0.17.0-x86_64-unknown-linux-musl.drv
  /nix/store/kwpq9r033508h2776xdrbrdmp9xqdbxy-ocaml5.2.1-ppx_enumerate-0.17.0-x86_64-unknown-linux-musl.drv
  /nix/store/naim40jb2jwipamcnx69kcna2kz0bwsz-ocaml5.2.1-ppx_globalize-0.17.0-x86_64-unknown-linux-musl.drv
  /nix/store/ryw06d1bg1zv4lrqx6y25z591zryxr6p-ocaml5.2.1-ppx_cold-0.17.0-x86_64-unknown-linux-musl.drv
  /nix/store/m1daxikgdflpvzk3n2sfcv9bb4b3f1mp-ocaml5.2.1-ppx_base-0.17.0-x86_64-unknown-linux-musl.drv
  /nix/store/mzs8aacpndl7isla3lrmpv28sj4iav4g-ocaml5.2.1-jane-street-headers-0.17.0-x86_64-unknown-linux-musl.drv
  /nix/store/idjr50awfjap7fngxgqdz5d44z6gjhfr-ocaml5.2.1-ppx_assert-0.17.0-x86_64-unknown-linux-musl.drv
  /nix/store/rw0ypcagx5pird847mili1myqabg20r5-ocaml5.2.1-jst-config-0.17.0-x86_64-unknown-linux-musl.drv
  /nix/store/bv7sp7rnls6j7wp216y1iv9lpr9hadfj-ocaml5.2.1-time_now-0.17.0-x86_64-unknown-linux-musl.drv
  /nix/store/jcjqz8i66dwz6nmy8ibgsvgc9y5kccja-ocaml5.2.1-ppx_inline_test-0.17.0-x86_64-unknown-linux-musl.drv
  /nix/store/nfpzfdm4mz7yj5gdrk2hyiqlp9wv3i8n-ocaml5.2.1-ppx_expect-0.17.2-x86_64-unknown-linux-musl.drv
  /nix/store/21xr3hgd4nip5yf9xbyrb1db0mvf6s39-ocaml5.2.1-spawn-0.15.1-x86_64-unknown-linux-musl.drv
  /nix/store/2x2jk68qxbrsvwmsc4ypcxysrnddih04-ocaml5.2.1-optint-0.3.0-x86_64-unknown-linux-musl.drv
  /nix/store/igszw637x2a8ggqd87cq13lwkaw96ac8-cmdliner-static-x86_64-unknown-linux-musl-1.3.0.drv
  /nix/store/2z35p8yr1w7ig00adw79k1j46pzl4jdv-ocaml5.2.1-fmt-static-x86_64-unknown-linux-musl-0.11.0.drv
  /nix/store/5csx29zdizagvwri1b32awwvyj9da3ry-ocaml5.2.1-uchar-static-x86_64-unknown-linux-musl-0.0.2.drv
  /nix/store/s7pvlp38ph1f14d2yzqajlk69rqrpvdy-ocaml5.2.1-uutf-1.0.4-x86_64-unknown-linux-musl.drv
  /nix/store/7aczw4sgzcj12b1h598dzlnxwj52krx0-ocaml5.2.1-uunf-17.0.0-x86_64-unknown-linux-musl.drv
  /nix/store/amvk8kahfbg69fhydbi5hjha399v5rbc-ocaml5.2.1-uucp-17.0.0-x86_64-unknown-linux-musl.drv
  /nix/store/h9w1hj9s435357kvfm7y2hwx0sff7187-ocaml5.2.1-terminal-0.5.0-x86_64-unknown-linux-musl.drv
  /nix/store/k2x2a6yaf44fqb72rwqrb8z7782vgkj6-ocaml5.2.1-mtime-static-x86_64-unknown-linux-musl-2.1.0.drv
  /nix/store/b8f4bvi4ckk9zicnhyldck93iqjglvwj-ocaml5.2.1-ocplib-endian-1.2-x86_64-unknown-linux-musl.drv
  /nix/store/kmxf6avc4rzx44x4y4wwnhzyinz9xh2i-ocaml5.2.1-lwt-5.9.1-x86_64-unknown-linux-musl.drv
  /nix/store/8gjs11skm8znd21vgavk9rdi9awhfasr-ocaml5.2.1-yojson-2.2.2-x86_64-unknown-linux-musl.drv
  /nix/store/db9k1nj6gcqwwryvsmf65cvnz4hmjsxa-ocaml5.2.1-menhirLib-20250903-x86_64-unknown-linux-musl.drv
  /nix/store/kfafa0z5lncdxaw55jdplfg8ck74v4b9-ocaml5.2.1-gen-1.1-x86_64-unknown-linux-musl.drv
  /nix/store/gls3c384hbanbvxm25qpsrny9fbbjryk-ocaml5.2.1-sedlex-3.7-x86_64-unknown-linux-musl.drv
  /nix/store/lpr1bsaglf9knw6qvxpiply5f937xf0b-menhir-suggest-menhirLib.patch.drv
  /nix/store/sihgfja3vks66y28cxrix21lsvwr4a56-ocaml5.2.1-menhirSdk-20250903-x86_64-unknown-linux-musl.drv
  /nix/store/ndjdrrszd0p1vydqgy14pf0msh188qka-ocaml5.2.1-menhir-20250903-x86_64-unknown-linux-musl.drv
  /nix/store/qd5p0hm0r91zq8pcamm3hqvs9swsdidg-ocaml5.2.1-js_of_ocaml-compiler-6.2.0-x86_64-unknown-linux-musl.drv
  /nix/store/k3b86a7x51x032f5ypnaxgkb2pw75csa-ocaml5.2.1-logs-0.9.0-x86_64-unknown-linux-musl.drv
  /nix/store/rv7g8px1dk0whym3vq10gmcqd250slrn-ocaml5.2.1-vector-1.0.0-x86_64-unknown-linux-musl.drv
  /nix/store/27z1jp7nvgff4rsc7qkca9ljkfyiyvkc-ocaml5.2.1-progress-0.5.0-x86_64-unknown-linux-musl.drv
  /nix/store/2ay4lkslwg47lf6fr5rssgkcjb5cfxkz-ocaml5.2.1-ocamlgraph-2.2.0-x86_64-unknown-linux-musl.drv
  /nix/store/wiv4320syp2ainq0x6kvp0l1ymhvd3ja-cargo-git-https-github.com-Nadrieril-serde_state-9bffbc1b28fd93533bbd3ca835385f29cb51888f.drv
  /nix/store/5rl72c2gf1k3wn6n7cf5hhvdmpizvll3-linkLockedDeps.drv
  /nix/store/zqv0n059a7xpyw2ai6b6lxn42n986n44-linkLockedDeps.drv
  /nix/store/3x6ndq1vizk69wwsqzzlrlw7hpq428z3-vendor-cargo-deps.drv
  /nix/store/kfc3bjzqdy47x2wc60a6xiw5d5pxa26g-installCargoArtifactsHook.drv
  /nix/store/3qlqgbcx03jiwpbljh8664zwhgrgw73w-Cargo.toml.drv
  /nix/store/5b2wnb0cadcfcb59ynzrd1jjy1ghfhrz-Cargo.toml.drv
  /nix/store/5kvixn7ras3qiwv16gk4zpzybncic894-dummy.rs.drv
  /nix/store/8wyrbydax55ib6adsccsjdqnc7wy3ha7-Cargo.toml.drv
  /nix/store/c210zh2kp4b0i3sw6k0cxyc1sm8d6aw5-Cargo.toml.drv
  /nix/store/csb2m9w64n32gzqak7r5pj1v36xrd54g-dummy.rs.drv
  /nix/store/d8mhycbjrdjlff5x25xnjbpx36ksmnag-Cargo.toml.drv
  /nix/store/ds583k9hy83np7v613j5nyx00csn915r-Cargo.toml.drv
  /nix/store/f0d1bfx3v68zrk27f54l98cmm7vkxfq4-Cargo.toml.drv
  /nix/store/hwsgc15zdh9kzkxgws4kv0gnwvn15sfp-Cargo.toml.drv
  /nix/store/hyc3ww7clxanhbqlrgaqd8k0hvvba28p-Cargo.toml.drv
  /nix/store/hz7myfz2amvim7by5jrnv2gffhwsk8vh-Cargo.toml.drv
  /nix/store/k4zwx11i8m9zxidfjr5fndpsmi0bql37-Cargo.toml.drv
  /nix/store/krx0wpgpvsk3x748fb0nxaa6pvgf7v7k-Cargo.toml.drv
  /nix/store/nzb34g3hm839kp997szgbzl40vf7p3gi-Cargo.toml.drv
  /nix/store/pcfgmm1hy3c1il25zjnzxlpnry6r0c8b-Cargo.toml.drv
  /nix/store/pq746ywvf4py8liw6iahsmlyx6biq332-Cargo.toml.drv
  /nix/store/r79kqzsrvwv5r3vc04h3glpbi80mjai7-Cargo.toml.drv
  /nix/store/sycibdzr90613l6p1fckf9mx39cf06jq-Cargo.toml.drv
  /nix/store/y8d5msgjkp22cdn1r13z4m39qzm5g9rk-Cargo.toml.drv
  /nix/store/qsgkckdll245q6kz43jrlj2dkm8bacp1-source.drv
  /nix/store/2mxfc1fgnyn1arg94bbl4vrhgnbzxyzh-charon-deps-0.1.223.drv
  /nix/store/342l5qwyfcc8zhhx848hc7f1wiq42s8z-ocaml5.2.1-ocaml_intrinsics-0.17.0-x86_64-unknown-linux-musl.drv
  /nix/store/39v4bd32hx46abf8bfn60g59iy6kbx60-ocaml5.2.1-unionFind-20250818-x86_64-unknown-linux-musl.drv
  /nix/store/3py70hfqnq28gbx1nf0i209xjxp066xf-ocaml5.2.1-ppx_custom_printf-0.17.0-x86_64-unknown-linux-musl.drv
  /nix/store/40v5c4yv31v0inn9lsalsapy62n6jlw6-ocaml5.2.1-ppx_ignore_instrumentation-0.17.0-x86_64-unknown-linux-musl.drv
  /nix/store/4byi4a476v27dq6kjfgf27kqfhfsa7c3-ocaml5.2.1-num-static-x86_64-unknown-linux-musl-1.6.drv
  /nix/store/dq8scixaybgs0hbfh5b5f9h2hdbahj47-ocaml5.2.1-capitalization-0.17.0-x86_64-unknown-linux-musl.drv
  /nix/store/dyyv7cgcg24dm5biiqc1dwsc59m2hizk-ocaml5.2.1-ppx_string-0.17.0-x86_64-unknown-linux-musl.drv
  /nix/store/4qp1ks7aiacmxiibm6f4my7xwb5i9449-ocaml5.2.1-ppx_string_conv-0.17.0-x86_64-unknown-linux-musl.drv
  /nix/store/5wmsc3f7srayym5l3l7sg0wnds56hsyb-ocaml5.2.1-ppx_disable_unused_warnings-0.17.0-x86_64-unknown-linux-musl.drv
  /nix/store/67y4jqzc0z7wi6p141rfa2cb18pfws1h-ocaml5.2.1-menhirSdk-20250903.drv
  /nix/store/if5sg3ad9bnrzirwnpnsim3zq7qly2fp-charon-full-mir-sysroots.drv
  /nix/store/bvvmsbk2d1b1v9k1x4m2cx6cyqzzb29q-removeReferencesToRustToolchainHook.drv
  /nix/store/idfgal0rgq1kfig8ha1ldxy36vm1sq06-removeReferencesToVendoredSourcesHook.drv
  /nix/store/kxrbcgqrwxs2j1018gzpyp36ll3s1ycq-installFromCargoBuildLogHook.drv
  /nix/store/isghwq1ysryq8w3r2yavkfsz90cdn4y1-charon-0.1.223.drv
  /nix/store/6qjijjhjgb435247pb85mdnpa7bp259n-charon.drv
  /nix/store/9p2rvk5fb5vjnh57cwgd00hi30by1ddd-ocaml5.2.1-fieldslib-0.17.0-x86_64-unknown-linux-musl.drv
  /nix/store/8byn1r7qdrx264bd3kcjcgi9fy7rli89-ocaml5.2.1-ppx_fields_conv-0.17.0-x86_64-unknown-linux-musl.drv
  /nix/store/8f9hsyhq61ir2ai9j7lg03z66lvvp08l-ocaml5.2.1-calendar-3.0.0-x86_64-unknown-linux-musl.drv
  /nix/store/9h0hf1zvn5jxdrv9sg1j9fywk17zwrbv-ocaml5.2.1-ppx_optional-0.17.0-x86_64-unknown-linux-musl.drv
  /nix/store/aicfr3q1lmbci9nym6vj9lzfsmg9bzar-ocaml5.2.1-variantslib-0.17.0-x86_64-unknown-linux-musl.drv
  /nix/store/mfh8vjsp6sclyg3xwqr0v29mqmk2lvm9-ocaml5.2.1-ppx_variants_conv-0.17.0-x86_64-unknown-linux-musl.drv
  /nix/store/rrhfnw2wy8yjg27hz87pwpvwm6vrb1pg-ocaml5.2.1-ppx_stable_witness-0.17.0-x86_64-unknown-linux-musl.drv
  /nix/store/qm0j3wj7afkyx8k52ll57kb5kbiqw7q2-ocaml5.2.1-bin_prot-0.17.0-x86_64-unknown-linux-musl.drv
  /nix/store/afxygwzsnafngqz4cl2sjhlrrbm67rs0-ocaml5.2.1-ppx_bin_prot-0.17.0-x86_64-unknown-linux-musl.drv
  /nix/store/ajfgl467vqw5rj8i3h0k51i1q4ryb043-ocaml5.2.1-ppx_pipebang-0.17.0-x86_64-unknown-linux-musl.drv
  /nix/store/c98v97pwcxvlvz39px2xfrs9vbjmvvv2-menhir-suggest-menhirLib.patch.drv
  /nix/store/dm1rby9jbb9zi54v95y9wsh41hzdgsdd-ocaml5.2.1-ppx_stable-0.17.0-x86_64-unknown-linux-musl.drv
  /nix/store/qa7pa7wqcrvx2pgz5jh8ca5ahy5jhp9m-ocaml5.2.1-ppx_sexp_value-0.17.0-x86_64-unknown-linux-musl.drv
  /nix/store/jrcv2mpiwj04hbych6j40s12c5i55ccd-ocaml5.2.1-ppx_bench-0.17.0-x86_64-unknown-linux-musl.drv
  /nix/store/qc9bz4scwiv8g53x9xrz0hrpwpm7fab6-ocaml5.2.1-ppx_sexp_message-0.17.0-x86_64-unknown-linux-musl.drv
  /nix/store/v745bxzxzgnby70szxwk08lak1rcxcpc-ocaml5.2.1-splittable_random-0.17.0-x86_64-unknown-linux-musl.drv
  /nix/store/maqc8pj2pvwqpbsfbdj4nwzss3cq7dsl-ocaml5.2.1-base_quickcheck-0.17.0-x86_64-unknown-linux-musl.drv
  /nix/store/fn2fzxrrwq8f47z834xvhfbhkl5sr8xy-ocaml5.2.1-parsexp-0.17.0-x86_64-unknown-linux-musl.drv
  /nix/store/j7h742y37g5pbjmmi1h2kyyv5jg91sd0-ocaml5.2.1-sexplib-0.17.0-x86_64-unknown-linux-musl.drv
  /nix/store/mhkzwln9jmv5w9lpx7hbrksq7hw43hzb-ocaml5.2.1-ppx_log-0.17.0-x86_64-unknown-linux-musl.drv
  /nix/store/qj7sl0ipmvj001yg557a6w4v87fh7bhj-ocaml5.2.1-ppx_module_timer-0.17.0-x86_64-unknown-linux-musl.drv
  /nix/store/ya4bapnh6xbm4dk1iyvw64p70nhrplxm-ocaml5.2.1-typerep-0.17.1-x86_64-unknown-linux-musl.drv
  /nix/store/r6dbm1bpi71fp7fr70fqprjnwzm2jvjk-ocaml5.2.1-ppx_typerep_conv-0.17.0-x86_64-unknown-linux-musl.drv
  /nix/store/sxf1p76blwfvd7jcix05kpsx0nfq9ip9-ocaml5.2.1-ppx_fixed_literal-0.17.0-x86_64-unknown-linux-musl.drv
  /nix/store/vql0p7pindsg280wz5jax15g6ac7c09y-ocaml5.2.1-ppx_tydi-0.17.0-x86_64-unknown-linux-musl.drv
  /nix/store/qcf7mh14y2calw9izxnwb7h5sky5wily-ocaml5.2.1-ppx_jane-0.17.0-x86_64-unknown-linux-musl.drv
  /nix/store/cwwbzaqmc3k6b2dmx3skk5awp7fdppbj-ocaml5.2.1-int_repr-0.17.0-x86_64-unknown-linux-musl.drv
  /nix/store/dcsc6yiqk8lgzw27a3xsk0gfplg0mzn1-ocaml5.2.1-easy_logging-0.8.2-x86_64-unknown-linux-musl.drv
  /nix/store/l6pvflaqqis3gk90l2pbk8z0za4w6bna-ocaml5.2.1-thread-table-1.0.0-x86_64-unknown-linux-musl.drv
  /nix/store/f33g72l64j15pbbgfzap6yisvhrp7l0f-ocaml5.2.1-domain-local-await-1.0.1-x86_64-unknown-linux-musl.drv
  /nix/store/fyvliwcmzaxwj984yaa3czaw5swfk8a1-ocaml5.2.1-ppx_deriving_yojson-3.9.0-x86_64-unknown-linux-musl.drv
  /nix/store/h8r89dbmjyc1vxaml17v8mx0wfm10dpw-ocaml5.2.1-base_bigstring-0.17.0-x86_64-unknown-linux-musl.drv
  /nix/store/hn8643xhprjplxjb93rpq9nqkdbzcd76-ocaml4.14.2-ppx_tools-6.6.drv
  /nix/store/hs59rgazi6r9j6psdv4wgzd6vz738jfn-ocaml5.2.1-domainslib-0.5.2-x86_64-unknown-linux-musl.drv
  /nix/store/jjzzm56838n7jcp510s9rqgh4dhnrnag-ocaml5.2.1-gel-0.17.0-x86_64-unknown-linux-musl.drv
  /nix/store/x6y71gs1cpz6yyl2404qzgwxxfzdijkd-ocaml5.2.1-ppx_diff-0.17.0-x86_64-unknown-linux-musl.drv
  /nix/store/las1p7smmzvvkjfjyivljnvinya9bg1v-ocaml5.2.1-core-0.17.1-x86_64-unknown-linux-musl.drv
  /nix/store/q7my7ay3v5wxa13id559xxg7xfpjd1hg-ocaml5.2.1-uopt-0.17.0-x86_64-unknown-linux-musl.drv
  /nix/store/j2c2jxfsn3ygalhbvh33px7kr2qg69dw-ocaml5.2.1-core_kernel-0.17.0-x86_64-unknown-linux-musl.drv
  /nix/store/imsz5p78s4114npiflmj8zfhc2p86vsx-ocaml5.2.1-timezone-0.17.0-x86_64-unknown-linux-musl.drv
  /nix/store/kxr4ky0rizy8vykc50g168mwi82m084c-ocaml5.2.1-menhir-20250903.drv
  /nix/store/ygz5j7iq1qhrv20zlabhmah56iy9ay0m-ocaml5.2.1-sexp_pretty-0.17.0-x86_64-unknown-linux-musl.drv
  /nix/store/lbp75k4h3vjipsf80vmp671i2cysrkay-ocaml5.2.1-expect_test_helpers_core-0.17.0-x86_64-unknown-linux-musl.drv
  /nix/store/y2v752q522w74wyb7j9rsnify8dxiczj-ocaml5.2.1-zarith-static-x86_64-unknown-linux-musl-1.14.drv
  /nix/store/qk6a2prwzncmrjvjfpgbdzv3fv2f83bg-ocaml5.2.1-name_matcher_parser-0.1.0-x86_64-unknown-linux-musl.drv
  /nix/store/mq6pyw6ga6n0mw51kkqr9dp1ixd3hfi3-ocaml5.2.1-charon-0.1.0-x86_64-unknown-linux-musl.drv
  /nix/store/nh4x0mg7q2jclhsad2nxh8b6p970wm4g-ocaml5.2.1-core_unix-0.17.1-x86_64-unknown-linux-musl.drv
  /nix/store/pbkvb73vvi77n1fhrkbdnd71dfflljng-ocaml5.2.1-aeneas-0.1.0-x86_64-unknown-linux-musl.drv
these 560 paths will be fetched (672.84 MiB download, 3258.33 MiB unpacked):
  /nix/store/1rl2q6hxp7q4wlyg2g3hp3p903x0j3l5-DerivedCoreProperties.txt
  /nix/store/nhq5dg60dnnlss1ymcnaxi8s43cncwvv-DerivedGeneralCategory.txt
  /nix/store/cyh35g33v3abp1ig42wa3w8qinya31wy-PropList.txt
  /nix/store/1wqcyv7jskdksni72l93455rp903jh9m-acl-2.3.2
  /nix/store/px9868s6266k9bmc9pm66dd7z9vkq26x-attr-2.5.2
  /nix/store/6q579x9sqd7y153f39gw936f9rdryhba-auditable-cargo-1.89.0
  /nix/store/aln5ywhmpjazk0mqdivmvc8rfbfbnnk9-auto-patchelf-0-unstable-2024-08-14
  /nix/store/fp0h0aq7qcjfqsy258ha9fdb3h8alkg4-auto-patchelf-hook
  /nix/store/950lxbpbrw9lzcz3lxlwhdcqz5bxbh5m-backoff-0.1.1.tbz
  /nix/store/ciarnmsx8lvsrmdbjddpmx0pqjrm8imb-bash-5.3p3
  /nix/store/fdjz8wqw1yfh3pb58vrsswc30qwz42mx-bash-interactive-5.3p3
  /nix/store/416ykpc2bksb90sd1ia8cybxb3p83mrd-binutils-2.44
  /nix/store/myb8idv24r607ff8zgg5d0n3291mrs3p-binutils-2.44-lib
  /nix/store/918ldr9axgh5kdmpp5fnj2n37pyghwbx-binutils-wrapper-2.44
  /nix/store/qikdh8kf8sr98qxfc4zb3ykfmba4kqkc-binutils-wrapper-2.44
  /nix/store/9qqi70nhacrdaq6i9063cszipizvgxvy-brotli-1.1.0-lib
  /nix/store/gpwlv1hsykscxws6h8r2cv17lkchpmwq-bzip2-1.0.8
  /nix/store/vzj5iy2png2rs6q2kb3svzp0cnd878f1-bzip2-1.0.8-bin
  /nix/store/ynhfvh8h1da3l2hnm15ab2fh3h8a6lf4-cargo-1.89.0
  /nix/store/jbax1j60561siini5xyfs6j8sb32slvd-cargo-auditable-0.6.5
  /nix/store/z36i0wgls1b9bmc4wczbpbxbx6mbqadi-cargo-build-hook.sh
  /nix/store/3rs36yd4isig8gs1j42dr0rxlmm6m9yi-cargo-check-hook.sh
  /nix/store/3ynp453h5yzyf857dwj69jd4a05wvl8h-cargo-install-hook.sh
  /nix/store/m1gj4x0qy8dvxlrwfsa8v8jj97qbwlh0-cargo-package-addr2line-0.24.2
  /nix/store/43d8ih1dmzwsw41wxzvqvl6m407zfxda-cargo-package-adler2-2.0.1
  /nix/store/rcr22lvsqajpx8i0j6qpcxj9j8myijwv-cargo-package-ahash-0.8.12
  /nix/store/kj0wcqc3p99qgmnz7warh5srylf00vrh-cargo-package-aho-corasick-1.1.3
  /nix/store/v7qsdj3f0znj35mrl2jj8h8i6zmd471m-cargo-package-ansi_term-0.12.1
  /nix/store/77wkash7n6c47z839kihr7kyg891kyzv-cargo-package-anstream-0.6.20
  /nix/store/w3qcrfwp8qp6djkvfdc1p7gfhagysfk7-cargo-package-anstyle-1.0.11
  /nix/store/s3v80vypmjwsjnvh6sird5g65r2i759s-cargo-package-anstyle-parse-0.2.7
  /nix/store/c93jx14isi5wclxw64z20d79128x7pkj-cargo-package-anstyle-query-1.1.4
  /nix/store/hpwqddrli09zy9w5pyr9j4jmcmbhyvyf-cargo-package-anstyle-wincon-3.0.10
  /nix/store/84k1mh69dl68dqrpdc7dl8gkp6ff1wjw-cargo-package-arrayvec-0.7.6
  /nix/store/id9bqxi7jr74mwqag2smldlbj8ip9fy4-cargo-package-assert_cmd-2.0.17
  /nix/store/x70n91fzs05l657hc7m5cyhwzlqf315h-cargo-package-atomic-waker-1.1.2
  /nix/store/fkgp2lv94qxpwan18607lixr7c6w3zm8-cargo-package-autocfg-1.5.0
  /nix/store/z1rn1c3xq23sxkbf5ny69i6pij2fhrv6-cargo-package-backtrace-0.3.75
  /nix/store/dwc3iwyb1kql780j0czfb9n8y77vvz2c-cargo-package-base64-0.22.1
  /nix/store/6br97f04bl5yjpjkk05jc1pqcz8gf9mb-cargo-package-bstr-1.12.0
  /nix/store/pxcdvw6zhz8fwq6df0rz3sh23g3qsd03-cargo-package-bumpalo-3.19.0
  /nix/store/xrczr2llmryiwqzvac21cy4czdh45908-cargo-package-byteorder-1.5.0
  /nix/store/ifcgcv246hyxlslpadkm00p5jj84r7f5-cargo-package-bytes-1.10.1
  /nix/store/g4ia36dbxg3w9bnbvw9mvvbyjf6p431l-cargo-package-clap_lex-0.7.5
  /nix/store/7w2nskdwshax0wi23a8cmxp04b9qvlw0-cargo-package-colorchoice-1.0.4
  /nix/store/caxqh3d901pxmam2z5qq8q48xb4fc3k0-cargo-package-core-foundation-0.9.4
  /nix/store/khzdmmwl75qzb10wqa54aafdzkr7n5pw-cargo-package-core-foundation-sys-0.8.7
  /nix/store/r2fshs5nk302yhvy1whnpj2s4k9qalqf-cargo-package-crc32fast-1.5.0
  /nix/store/xdbi1zw65mlm4g915c361jnyz7m59s1a-cargo-package-crossbeam-deque-0.8.6
  /nix/store/f4fc5q5fp28dj4afqrn261a67jn5yj0q-cargo-package-crossbeam-epoch-0.9.18
  /nix/store/7n49vp2gxwff839mkc1zkyn6461d5vl0-cargo-package-crossbeam-utils-0.8.21
  /nix/store/pxbkjzxz92ns7rfcciw7z0b1xwx4aka3-cargo-package-darling-0.20.11
  /nix/store/hms7wa3xjabm24y10hf25bqg270giijx-cargo-package-darling_core-0.20.11
  /nix/store/fkhmdmbgv7qcdzy7d19sb99v5lx31ayf-cargo-package-darling_macro-0.20.11
  /nix/store/2r3bb0kbzfkqjzvan44928vp42vnca89-cargo-package-difflib-0.4.0
  /nix/store/z8a10jggc1zqnzpgaghf94q56khf5cc4-cargo-package-displaydoc-0.2.5
  /nix/store/pdjbs03s3cyb98048pi0l2qmffc1905c-cargo-package-doc-comment-0.3.3
  /nix/store/4vqvd89jyzda82pb96s2pm32yx74pfz2-cargo-package-either-1.15.0
  /nix/store/gjnilvvf875rjfgpnq5c14q2iyp0bgfs-cargo-package-encoding_rs-0.8.35
  /nix/store/pmvhrrv70k387lfddbvd0w4yhnd9p6my-cargo-package-equivalent-1.0.2
  /nix/store/rr632m2pvfyxprpxjkvgmqkibs2ack9i-cargo-package-escape8259-0.5.3
  /nix/store/4hdqc291kzbccbc86x6j4ghabi8jqnri-cargo-package-fastrand-2.3.0
  /nix/store/4yq68vbb3l2273in6bhb9nznvpjir9dz-cargo-package-fixedbitset-0.5.7
  /nix/store/i0lzgfrd3h3cdwf357chqbdmpmbifpqw-cargo-package-flate2-1.1.2
  /nix/store/0zmyh4v98ax3k9m5zi0navx8nysrxvg0-cargo-package-fnv-1.0.7
  /nix/store/8nkn115kmaqdxvpsjw1p2y01mp24kwsq-cargo-package-foldhash-0.1.5
  /nix/store/jn1l02xgagnrxs5zxq038wrzjp1w786v-cargo-package-futures-0.3.31
  /nix/store/06n7v7kal95wwgsklz19bzmhkl3m87y9-cargo-package-futures-channel-0.3.31
  /nix/store/cbs6gyrnafkrqwz2fvbjyg4l01bys6ch-cargo-package-futures-core-0.3.31
  /nix/store/a3kj23pci50vjnbz0pkqdc2lmm2rvpd8-cargo-package-futures-executor-0.3.31
  /nix/store/59k7c80lgis2silwa4bf3qph4imp9zv2-cargo-package-futures-io-0.3.31
  /nix/store/9x7dnk9xs6fzp9vq70bzmq6765apdfhc-cargo-package-futures-macro-0.3.31
  /nix/store/lzn7d3yzfp3wirca0yp18qcfy3vw61fg-cargo-package-futures-sink-0.3.31
  /nix/store/y52hx2gng7b7z3isy8dhsj338yy813r8-cargo-package-futures-task-0.3.31
  /nix/store/hp6vx9ndp4gv9nj0adi50z8va8hz5clp-cargo-package-futures-util-0.3.31
  /nix/store/3rlslnllbh2g01p3f9gbzkfxfdnqz0yf-cargo-package-getrandom-0.2.16
  /nix/store/0sm4s4zjidviazflxj2mnfijgsz4qmqc-cargo-package-getrandom-0.3.3
  /nix/store/xdgc1jnkif1mw7sgnylj2knwmy94ma95-cargo-package-gimli-0.31.1
  /nix/store/ph635l71j13p9hfzqj5psmlm34wz62ay-cargo-package-h2-0.4.12
  /nix/store/1469rxaiwmdvf9zda4wlhm0md8hdpmki-cargo-package-hashbrown-0.15.5
  /nix/store/20slvhw68wm8shvphrsqklkzlazh166g-cargo-package-heck-0.5.0
  /nix/store/hwrxk6q11w1bc52qq0pjsg3950jpq9xn-cargo-package-http-1.3.1
  /nix/store/849k7fq75m5jb2pqf56jf0yl29n9nqxq-cargo-package-http-body-1.0.1
  /nix/store/fnh68sz8l8l665zzl2z5pashgqrhrx89-cargo-package-http-body-util-0.1.3
  /nix/store/xg6jbkb1y1njii5jwk5h6gpy11x262s7-cargo-package-httparse-1.10.1
  /nix/store/xkd8n7b0qid9fpvsjmnln0v88f3y1wkl-cargo-package-hyper-rustls-0.27.7
  /nix/store/j8d5w8q58vj4jw3wnjcvz87s8pd0433q-cargo-package-icu_collections-2.0.0
  /nix/store/miamsc7ms2xj2kb0lfjdc26sssjznd8i-cargo-package-icu_locale_core-2.0.0
  /nix/store/8fga81cf2hy628rfxma73jyjm9rsn44h-cargo-package-icu_normalizer-2.0.0
  /nix/store/24anqkhz46ffnc9d0hslk1ghbf9h5i89-cargo-package-icu_normalizer_data-2.0.0
  /nix/store/6k4yj58g1q4bx7xkx8k8yxp97i7y5six-cargo-package-icu_properties-2.0.1
  /nix/store/cjd7vq92si9cfdjh0cgvdhnhxj57p277-cargo-package-icu_properties_data-2.0.1
  /nix/store/6z0c6giqrlzv70g8bpjahi1rcwb3879f-cargo-package-icu_provider-2.0.0
  /nix/store/b18v8ymgdkls9y795hlfrimjkrgmmr0n-cargo-package-ident_case-1.0.1
  /nix/store/3dhx8i16grzmv8yfhx0k9xcmds87fskn-cargo-package-idna_adapter-1.2.1
  /nix/store/gcf56m5nw5bishjah43716dylv6dx6d7-cargo-package-indoc-2.0.6
  /nix/store/95xix89w84j3b3ww1987z1ak6r22xnjw-cargo-package-ipnet-2.11.0
  /nix/store/ny677swlb7r39xgp5lr72l569jivgcl3-cargo-package-iri-string-0.7.8
  /nix/store/8bn7bbi5m3zdbfi1kf2p1yk42lh4c8ck-cargo-package-is_terminal_polyfill-1.70.1
  /nix/store/5nq7qxywwzzsd04f4akpqzgwkagzb0mr-cargo-package-itoa-1.0.15
  /nix/store/3j1s39nzii5qr4a5gvsq5h3yrr8s5c0n-cargo-package-jiff-0.2.15
  /nix/store/h22i40y00w0v6082bkf1j0qaqarixk0y-cargo-package-jiff-static-0.2.15
  /nix/store/lpxvvz0fjsbbnbq4jh7mplzjnssd7i4n-cargo-package-js-sys-0.3.77
  /nix/store/8spigrzh4jy3lq1ihgranpab953mvkbq-cargo-package-lazy_static-1.5.0
  /nix/store/27ymd33zgc6g37sba66lwsrwx3w6dand-cargo-package-libc-0.2.175
  /nix/store/8dr6wi4ipzpf7r0vw5rvh6nd5nwh0jwx-cargo-package-libtest-mimic-0.8.1
  /nix/store/4dqlmfn540pwjxg3aqdr1xlqfr5ywc7x-cargo-package-litemap-0.8.0
  /nix/store/1khscqd3zsqll4wxxznc6x8k3q9l4bz2-cargo-package-mime-0.3.17
  /nix/store/s0ydx4z9vi5f4r4zhs2986a1r7iivdwy-cargo-package-miniz_oxide-0.8.9
  /nix/store/yfgv7y1vw0nw9isr4ilb96m93wfasdfd-cargo-package-mio-1.0.4
  /nix/store/35mdwdpjysg3c5fkdcwlnd55n534jc13-cargo-package-num-conv-0.1.0
  /nix/store/3k28704mq78a871n9c030sarvn6p4hvj-cargo-package-num-traits-0.2.19
  /nix/store/6d7ac22k2w4sg6jnz76vhwgb391fdyyk-cargo-package-object-0.36.7
  /nix/store/lpwib734vbfy6xapjkchx5kd2mkb1xx3-cargo-package-once_cell-1.21.3
  /nix/store/n4242hfi73mn6avqn6xdn4p59xxi4cwh-cargo-package-once_cell_polyfill-1.70.1
  /nix/store/880fj3cvpy922k3rl2dz9q7ph23phpsa-cargo-package-paste-1.0.15
  /nix/store/pl0r23p55iv7ypy9j356n9xszh6x6b3x-cargo-package-pin-project-lite-0.2.16
  /nix/store/56h33gxmyv7f2nrg6gib97vwsw2hpnxh-cargo-package-pin-utils-0.1.0
  /nix/store/kfr3lgilrxn04b4jam8s28i3b77bay8f-cargo-package-pkg-config-0.3.32
  /nix/store/p8dfdmpchg8y9a8jqh2mx2jwvmx6aa5g-cargo-package-portable-atomic-1.11.1
  /nix/store/681ah7cms9sdqwix9b06mykgqb13pf24-cargo-package-portable-atomic-util-0.2.4
  /nix/store/rcxp86gizz8j64j6fffph6czk0h6b6fy-cargo-package-powerfmt-0.2.0
  /nix/store/rh5rrk7z8kzzdvfbdj7lj5rnnl4pxs9l-cargo-package-predicates-3.1.3
  /nix/store/1wcc7lirjlgqsnq06g4j8xq07cc49bn5-cargo-package-predicates-core-1.0.9
  /nix/store/qxsqwmgz93r0v6azlbfcx9i7wlw8rcp9-cargo-package-predicates-tree-1.0.12
  /nix/store/jgrfmvhhqlgzr0vis5r2h273pavdqqnn-cargo-package-proc-macro2-0.4.30
  /nix/store/z78z8f0127555hs80wd9sqk0z7v86j6k-cargo-package-quote-0.6.13
  /nix/store/ghal3n4z3irg4w3p9r0wa104jv7656il-cargo-package-quote-1.0.40
  /nix/store/a9f7r62x7rl314ldb0aq26kvadhf0p8k-cargo-package-r-efi-5.3.0
  /nix/store/alzx020sjbs44fgbl06qrc50xkid9r1g-cargo-package-redox_syscall-0.5.17
  /nix/store/98yg2cl75s36gvx37a5hcwfk49fg2afc-cargo-package-ring-0.17.14
  /nix/store/rzd74ay858pmhqmvhy5vm3vnimkh2mzk-cargo-package-rustc-demangle-0.1.26
  /nix/store/db1f3fxdbq5rmg924s6g76dsbygl516c-cargo-package-rustc_version-0.4.1
  /nix/store/1dnblwdhc7k2r5wvyncak55bmbfasb4k-cargo-package-rustls-0.23.31
  /nix/store/p5y2fsf3imvdkzbh6s6dw0rfwdlvb9yn-cargo-package-rustls-pki-types-1.12.0
  /nix/store/gm0yag5p5k5jfbsnk9g5yf61ydl8l7gi-cargo-package-rustversion-1.0.22
  /nix/store/2dxjafhb2mz0y3g6664ra5l0ibz8pmbv-cargo-package-ryu-1.0.20
  /nix/store/kyrqszr944sbi8vssb2fzi941lvbxh0c-cargo-package-same-file-1.0.6
  /nix/store/75bfi6jr3przb2swfdx876xccc0xyj37-cargo-package-scopeguard-1.2.0
  /nix/store/idfmc3xgp4cvc0j37ll6r7qamwajb97b-cargo-package-serde_urlencoded-0.7.1
  /nix/store/2l1zbr2314mlbkhcsxb2c8dqlvw1ahfb-cargo-package-shlex-1.3.0
  /nix/store/hx1gxg0hv8pwqwb50c388y8nj4wrlmvl-cargo-package-similar-2.7.0
  /nix/store/89db8ngrhagn167ngknv4ysgqd86amzx-cargo-package-slab-0.4.11
  /nix/store/gfhz3fji99rnihpzyxiyil4zjbbbxx75-cargo-package-smallvec-1.15.1
  /nix/store/d2zziwwg6cblm1fmn3q733wvdq70b98a-cargo-package-socket2-0.6.0
  /nix/store/xh0yia0qwk9hwigzf8zm59zi81jyz4gl-cargo-package-stable_deref_trait-1.2.0
  /nix/store/4z3g4g1f67zklq26zprl9crb8c6j5ikm-cargo-package-strip-ansi-escapes-0.2.1
  /nix/store/h0vvbixpq4pmpgdzy3acxgppxqxcxnbx-cargo-package-strsim-0.11.1
  /nix/store/z8jlpfzp2hsj639nf2rl42x2nblg5w7z-cargo-package-subtle-2.6.1
  /nix/store/8xxcslc6pnvlbjlb2v1jpkx7axs8xjz4-cargo-package-syn-0.15.44
  /nix/store/2iqpd9agcjhp008jhyvbib5r4sfqz7zp-cargo-package-sync_wrapper-1.0.2
  /nix/store/n85zwgbm10rxf541byb34qg3cv0yywgp-cargo-package-synstructure-0.13.2
  /nix/store/aipgszvbg5q28wf961q4vpql89kgmsqf-cargo-package-system-configuration-0.6.1
  /nix/store/9139smfgz93ajdfd5ws7r7qk9n0m86ya-cargo-package-system-configuration-sys-0.6.0
  /nix/store/q269qvvglas8ag2hk8fsfq6v1yb6yqvb-cargo-package-termtree-0.5.1
  /nix/store/j37sk908cdp8xvrp691943r6smv5h0zs-cargo-package-tinystr-0.8.1
  /nix/store/95cvzly5nsymwqcx0jbzgzlvs87261k6-cargo-package-tokio-1.47.1
  /nix/store/1hh1jz9zxqi5mmi7xg59byl3vy7mpi8m-cargo-package-tokio-rustls-0.26.2
  /nix/store/ij05y3n0491sp9g8dij2qnq30fnzcpb2-cargo-package-tokio-util-0.7.16
  /nix/store/zrx9fpp36sn32ah2pai9fbqgqff5hrqm-cargo-package-tower-0.5.2
  /nix/store/c36mbyzkd647g0i88vh70dpd0mlpc4xp-cargo-package-tower-http-0.6.6
  /nix/store/vbpps1qbs4bcqy9p3qk9n6nx9xq21k1v-cargo-package-tower-layer-0.3.3
  /nix/store/j0g0agf3sbbkmxydmzf25mpixsg8m9i0-cargo-package-tower-service-0.3.3
  /nix/store/vkqzd3xm1yndlsqjfr8p9fj730jxllr5-cargo-package-tracing-0.1.41
  /nix/store/0p576cq2zxkg5cmlkpllvrqpzyprzmlj-cargo-package-tracing-core-0.1.34
  /nix/store/v0n3zbkrrdkiif05527s6pvq9p91ac3w-cargo-package-try-lock-0.2.5
  /nix/store/4awbqj4ynq7dnh81fm5jqw7ysdxm3x2l-cargo-package-unicode-segmentation-1.12.0
  /nix/store/77r5d6330cxvdrl6m42zxlsngv13gvf7-cargo-package-unicode-xid-0.1.0
  /nix/store/5pvv53b7wpjg4ww8jx0xv2xyn89ganxm-cargo-package-untrusted-0.9.0
  /nix/store/jvad82s3a703i9j0qqiwrl9nm6a553c9-cargo-package-utf8_iter-1.0.4
  /nix/store/yv6vg073a3vymhp1nnzdfbq7bkkg0r3i-cargo-package-utf8parse-0.2.2
  /nix/store/5k85dkc4k3zhjvdqq695818magscpqna-cargo-package-version_check-0.9.5
  /nix/store/wajqgcg3v6vh8i1fizlnrnzf2svzlfm8-cargo-package-vte-0.14.1
  /nix/store/xljl002z9v7samx5d98nm3yp5s5q852s-cargo-package-wait-timeout-0.2.1
  /nix/store/clcg21ylqf1nxhpvmsy7wb55ayf4pfw3-cargo-package-walkdir-2.5.0
  /nix/store/77ag6awmqbfmycx759c7nv0xy3m1mq39-cargo-package-want-0.3.1
  /nix/store/7x2c8kyv9cap46msy7ihbsf118f7xvv1-cargo-package-wasi-0.11.1+wasi-snapshot-preview1
  /nix/store/v9s2krvwvxkhmj43ckln6sfy35v9s83f-cargo-package-wasm-bindgen-0.2.100
  /nix/store/1syy738h112fj4r96rfqcny0742g8521-cargo-package-wasm-bindgen-backend-0.2.100
  /nix/store/f1f1fdha9ffdxz5vy5wwxpap0cmnn1l0-cargo-package-wasm-bindgen-futures-0.4.50
  /nix/store/8sy99rx3n8mwgllkx5sp5gdqfp3lkflq-cargo-package-wasm-bindgen-macro-0.2.100
  /nix/store/x64pk5lmi429k3fwyymmqla1bxh3a0z6-cargo-package-wasm-bindgen-macro-support-0.2.100
  /nix/store/z3dlwhy005yilc53j170xymj2p3mrll7-cargo-package-wasm-bindgen-shared-0.2.100
  /nix/store/65zqyh1r2zph2c9cz8kmmqj7bqi9h8lf-cargo-package-web-sys-0.3.77
  /nix/store/1yvdmk9a6hpcm72mwbzl8hf0vxlcbfm8-cargo-package-winapi-0.3.9
  /nix/store/626pb2vxx8d23z3q44j99ihc3zm6z3m8-cargo-package-winapi-i686-pc-windows-gnu-0.4.0
  /nix/store/f0r0xckflhlkxqf7p9z9slgs42g0mx88-cargo-package-winapi-x86_64-pc-windows-gnu-0.4.0
  /nix/store/8w5bjgmc8fflyxqjc32503l7slfrnsd6-cargo-package-windows-link-0.1.3
  /nix/store/jg0wqzh868sgvpankv9zpdjpfh9a5kl8-cargo-package-windows-link-0.2.1
  /nix/store/1gkfgplvl8xkpvmfhdqsnxja5l7b4lvl-cargo-package-windows-registry-0.5.3
  /nix/store/hqfp2n41ywgbk80gq9qpy14y1qqb8mq7-cargo-package-windows-result-0.3.4
  /nix/store/5zp4jbwms1gwr1280351pawr4325z3p3-cargo-package-windows-strings-0.4.2
  /nix/store/v1r7iwlrvg0f5lm5yczpl5fmllqvnrkd-cargo-package-windows-sys-0.52.0
  /nix/store/gdv878yaxl5badn3sg53m3r432c8c051-cargo-package-windows-sys-0.59.0
  /nix/store/42h2vfj6pxgv1ckrqs6xlm8z9bdkgali-cargo-package-windows-sys-0.60.2
  /nix/store/mrvcbd54xk3r01fkzbhqz87rj343xq84-cargo-package-windows-targets-0.52.6
  /nix/store/pyvm0sczlka8glwv856j0p96aibc4mb3-cargo-package-windows-targets-0.53.3
  /nix/store/q8gnb5m9ab7jzwpcj9b7xi1sv64zi5k5-cargo-package-windows_aarch64_gnullvm-0.52.6
  /nix/store/0fnbd5vm1r0hagqnngbm54gpvv6yycy8-cargo-package-windows_aarch64_gnullvm-0.53.0
  /nix/store/hxyj1bhn4jp0vi1w8kd8jzknp0rgawk1-cargo-package-windows_aarch64_msvc-0.52.6
  /nix/store/gc3xdlxabclqa5ilqwvrlmwad9h7vygc-cargo-package-windows_aarch64_msvc-0.53.0
  /nix/store/7yidk3sin29md5p1iiv0psxv6szdjp93-cargo-package-windows_i686_gnu-0.52.6
  /nix/store/2r29h55ar8n6984sf7v2lwl3b3qp9j4g-cargo-package-windows_i686_gnu-0.53.0
  /nix/store/lnjw7kym7cwwb4vindclhsh7vsckb1g5-cargo-package-windows_i686_gnullvm-0.52.6
  /nix/store/r23xzxvww5wij1cgciq4f2jf2iwdml13-cargo-package-windows_i686_gnullvm-0.53.0
  /nix/store/k18sdb8xs6wfkafrzvkdhrxrx2qvzfk4-cargo-package-windows_i686_msvc-0.52.6
  /nix/store/cfg44niqxdsawlx97q2q34s95xxhp7qr-cargo-package-windows_i686_msvc-0.53.0
  /nix/store/1jysv13wfnjiv8kxfi36lqckmchdbh70-cargo-package-windows_x86_64_gnu-0.52.6
  /nix/store/kb3y8zainbrmm7hfdnix4bpi75r0z8yg-cargo-package-windows_x86_64_gnu-0.53.0
  /nix/store/34jc09pi9c8sl0vkrzzyd22q4q222n3y-cargo-package-windows_x86_64_gnullvm-0.52.6
  /nix/store/q55m4c7r5aidvl9sz2c19m45ycd557a4-cargo-package-windows_x86_64_gnullvm-0.53.0
  /nix/store/5hni5lwklgcmxrkc1g19q52dgnlvh98m-cargo-package-windows_x86_64_msvc-0.52.6
  /nix/store/90d3w5rrh6p4ldy38r4zppxgnakmdhfn-cargo-package-windows_x86_64_msvc-0.53.0
  /nix/store/k28flc1jflzkbwlmfnam0n25mb37f02c-cargo-package-writeable-0.6.1
  /nix/store/pq641hd3vn8zm3i68ln2hasgn7zblncl-cargo-package-yoke-0.8.0
  /nix/store/1mssq2a5mld82s5bws4wrqnwf9b91wza-cargo-package-yoke-derive-0.8.0
  /nix/store/haf6gh6hnf3wscg1mf35gf3qsnlkppxb-cargo-package-zerocopy-0.8.27
  /nix/store/c6cnm815cxgabvlya57vinagkashn7w0-cargo-package-zerocopy-derive-0.8.27
  /nix/store/icf622zkk6mky4b1a017hmfdfmls0akq-cargo-package-zerofrom-0.1.6
  /nix/store/1ii3ki04spirn81pq9lldsxvp28dma7p-cargo-package-zerofrom-derive-0.1.6
  /nix/store/4iqcsvf3bda7c0787nd6g40npx2djsj8-cargo-package-zeroize-1.8.1
  /nix/store/yk9rypddsq23129y34klrl3wwdcvshv3-cargo-package-zerotrie-0.2.2
  /nix/store/0crm98whml0rd0hwgr2wclzp6b7kqh2w-cargo-package-zerovec-0.11.4
  /nix/store/i4c4rpk3i1a0ld61awi8sn53q6p85qp0-cargo-package-zerovec-derive-0.11.1
  /nix/store/g33mqbx5kpcn0f090k45yll1jiaz5dgn-cargo-setup-hook.sh
  /nix/store/yyn3zd3xz88arbj1vdz9q10ygmnmfvzh-cargoHelperFunctionsHook
  /nix/store/9zmx8bzkmniln49dsas5ih9jz2ynyl0n-cmdliner-1.3.0.tbz
  /nix/store/kbdjsqbfz7xb11xsj9p3yc182ln92cyq-configureCargoCommonVarsHook
  /nix/store/clvi2iswb68mc2zwagki6zggq2n09809-configureCargoVendoredDepsHook
  /nix/store/xs8scz9w9jp4hpqycx3n3bah5y07ymgj-coreutils-9.8
  /nix/store/lkq0hh2l01babavz15y4x4bghnvsxv50-crate-anyhow-1.0.94.tar.gz
  /nix/store/cv8z7gjv04m4bmqwm6p88gama625aa1c-csexp-1.5.2.tbz
  /nix/store/73m8ykpav2xjzn7vc9g28fnxb1z15rbg-ctor-0.1.26
  /nix/store/005yvr7yw23chxj4f0y0mdxsyj2jcxz6-curl-8.16.0
  /nix/store/8np9zvwqmwsnbkbrwm8x7jq4ygdkjz5g-curl-8.16.0
  /nix/store/g3y29ls879q5yp56gx0g2lqkqwp6qrn3-curl-8.16.0-bin
  /nix/store/p3zp5d3ihlzs3p8wx3cnjd5cf8w8d7ki-curl-8.16.0-dev
  /nix/store/2cprnxlnwhvh9v7156bqq9zav5nhhdv5-curl-8.16.0-man
  /nix/store/gx4cnq9v663d1dpn7b0m30yn650qk9rv-die-hook
  /nix/store/h69mnas97kz2gx0i2xnyi4aj18hpqqzs-diff-0.1.13
  /nix/store/7ql4x9i7w7ihxw23vkanvcvrvqhay23c-diffutils-3.12
  /nix/store/awryjikv6nw1z1m0w9rfskrkf8y0s8k5-domain-local-await-1.0.1.tbz
  /nix/store/8lh5l1vq6p09ckbxc36bpahlpfq53n5n-domainslib-0.5.2.tbz
  /nix/store/1ak862nxs1binb1mx1c26cqlwczkhizp-dune-3.20.2
  /nix/store/8yza6fya3bg6kgnmssihvfba4wcg2pqs-dune-3.20.2.tbz
  /nix/store/9xlxcg4yacdqbmihn98ilyqz54653mir-ed-1.22.2
  /nix/store/3ihvm4w37bc9xn5lcdj6qvbcvcpjv3v9-env_home-0.1.0
  /nix/store/s9gg9ab24s43jbd134i2kyg3087rl5dx-equivalent-1.0.1
  /nix/store/kjhllhadx9arb3729h6n9kyalyn89hhy-expand-response-params
  /nix/store/zzks84x50a53bsqyan7mqsac192xsjcy-expand-response-params
  /nix/store/86f8ip7shrdrrhwc12gqkspzn9vsd58m-expat-2.7.3
  /nix/store/n686xm9c2ak4x02pj9izvkm0zx7ilwir-file-5.45
  /nix/store/fbxnm0rmy9hq5wf80bfh992riqpd9z19-filetime-0.2.25
  /nix/store/kq82rz6165nics63gczjsn53shaqmqid-findlib-1.9.8.tar.gz
  /nix/store/qqvfnxa9jg71wp4hfg1l63r4m78iwvl9-findutils-4.10.0
  /nix/store/yb0arm5n2ldw9l7dzmhscr6r09jkbb7k-fmt-0.11.0.tbz
  /nix/store/lipg9z1sgr83q5778sny5qpybyd6cc73-form_urlencoded-1.2.1
  /nix/store/1icwaz26imjfxq77vplfx43drqs75x0f-fortify-headers-1.1alpine3
  /nix/store/8c4l9cqqj7pixqlmljx5d495pfpw8pys-gawk-5.3.2
  /nix/store/ffrg0560kj0066s4k9pznjand907nlnz-gcc-14.3.0
  /nix/store/z7a34j3xnp66rpddayyxrxwsahxccbip-gcc-14.3.0-lib
  /nix/store/mnd897flngivhxnw8sxznhrcwwc9vyk3-gcc-14.3.0-libgcc
  /nix/store/x8mydcgbry214s802nzvy7fdljx404ym-gcc-wrapper-14.3.0
  /nix/store/1sp8midcj4228wxi654ljz82bmr91b8b-gdbm-1.26-lib
  /nix/store/4z66ad4phbjkmkb8h0cyr6pls8q9l84a-glib-2.84.4
  /nix/store/daamdpmaz2vjvna55ccrc30qw3qb8h6d-glibc-2.40-66
  /nix/store/76zn66xib0r80s5y7p0m1ba3y036sxwh-glibc-2.40-66-bin
  /nix/store/0vqrw0y515015i3065r9s00jcp1cd4hy-glibc-2.40-66-dev
  /nix/store/3cja37awy19d63ipvgpjiksd0qcmwcl2-gmp-6.3.0
  /nix/store/j9sgc900ww49shgx3nmf7irrwk8ak9sy-gmp-with-cxx-6.3.0
  /nix/store/sd9c9h940yv36386mvyq2vqmyv80qnsc-gmp-with-cxx-6.3.0
  /nix/store/02jqkciz7lpq8m84z1vz56pbbaabas2q-gmp-with-cxx-static-x86_64-unknown-linux-musl-6.3.0
  /nix/store/6la26z24sbgfq0v8f8xbaksicbvhjdm8-gmp-with-cxx-static-x86_64-unknown-linux-musl-6.3.0-dev
  /nix/store/ambacmwlhkwlx6ngxccsa9z1wdszgwjx-gnu-config-2024-01-01
  /nix/store/va4ykvqxc0c8rdf7v46ypyd9mim0yrbz-gnu-config-2024-01-01
  /nix/store/22r4s6lqhl43jkazn51f3c18qwk894g4-gnugrep-3.12
  /nix/store/43lv2nr7pj7wy09qyicjq57bl209ccis-gnumake-4.4.1
  /nix/store/zppkx0lkizglyqa9h26wf495qkllrjgy-gnused-4.9
  /nix/store/3m0zcl1by8ifylmgdcaa317cnhqn8q95-gnutar-1.35
  /nix/store/vjj9x3dzszbzjpkzwx63z4gpypiqphzf-gzip-1.14
  /nix/store/9d3kcxxdqwx2rml14kl6d62w21jg7prz-hashbrown-0.15.2
  /nix/store/zjdyy1rv4nlqfk0z0sabxarks1ybrrq2-hyper-1.6.0
  /nix/store/i7yr3psphc4v6qsdj79ahg29bqy0ykhq-idna-1.0.3
  /nix/store/nbxh9hilp63kbwn446qcx7pianr13qgk-indexmap-2.7.0
  /nix/store/nqj2bsvd4rqssvb7nxprf1p9lnqa7r35-inheritCargoArtifactsHook
  /nix/store/hxns4m9anvw3gzviknnl3lz9sd7i2xz9-isl-0.20
  /nix/store/y701r3lp5lh417yavlkmpbdafr3i15nj-isl-0.20
  /nix/store/z39v91bdhfivmi8ik8d0v5h2avc0jwy6-itoa-1.0.14
  /nix/store/zsw99s8nv2qffdg47jf8x8pyml9b0x2r-jq-1.8.1
  /nix/store/frzsv47z1mcyrp941zab08mx6kardizi-jq-1.8.1-bin
  /nix/store/caq8n6m9m5zyhf0by83ksbimqmpggkwr-jq-1.8.1-dev
  /nix/store/47qmfvgybql4v0z9lkh2y0mfvyx5ii69-js_of_ocaml-6.2.0.tbz
  /nix/store/rdj3lfinsxmfzyjgnmbgnir188jkg32b-keyutils-1.6.3-lib
  /nix/store/j00lh8i4xa2v7lrjrz95mcsjl9yh0bj0-krb5-1.22.1
  /nix/store/m9bgsw6m9g22pg6lahqv5j9b3j70nhmx-krb5-1.22.1-dev
  /nix/store/6w1vcxyd847higmrk79fg11rhdja1l91-krb5-1.22.1-lib
  /nix/store/gm9mjpm5y5kqnximvnqspk8x4ljk92kv-krb5-1.22.1-lib
  /nix/store/kq2s4hm71d3jdcskifwnzb38521kq0ih-libev-static-x86_64-unknown-linux-musl-4.33
  /nix/store/cyw33ds8cfwj1c6740llq1mzk4iinspp-libffi-3.5.2
  /nix/store/j3i2vh7fmimh4mqv136zpzfb6f03wq99-libgcrypt-1.11.2-lib
  /nix/store/hk3mw2y5kwl2p6d92pp2vq4i3ncydqhx-libgpg-error-1.55
  /nix/store/f04v56v4i3z0mrvl2npgcx5k5a792yjc-libidn2-2.3.8
  /nix/store/may4yj21malwkirqzlg9z25zfkakfyqy-libmpc-1.3.1
  /nix/store/s4mdinbgcqci35a9jd2iv30yyvv6dhwv-libmpc-1.3.1
  /nix/store/30s8lvymqlfxvcdcm35nd0qrk6hp2bm9-libpsl-0.21.5
  /nix/store/6kr8bmdflzw34j7n388f5z7m3w6ra5yl-libsecret-0.21.7
  /nix/store/q7xpf2mw8n5x8gqmbjbm62b3m0wdv6wm-libselinux-3.8.1
  /nix/store/dgnrgkp6sz4a7laafxin2a87d1rpiwck-libssh2-1.11.1
  /nix/store/mlkib9x3s71ykinpld8gmyaymy6ml0lq-libssh2-1.11.1
  /nix/store/fxfmm292pd3xxbs5m3lwldd8gyq2bf2z-libssh2-1.11.1-dev
  /nix/store/v5zyzcc8slz7w73s3wpgysd4z2grz6w0-libunistring-1.4
  /nix/store/avva5jz4vnkxxzdi8bbai3yq9476l69b-libxml2-2.15.0
  /nix/store/cihhgryb5r51qiklgziz0m3qbjx3zwj0-libyaml-0.2.5
  /nix/store/ib29qpv4pz7i6mxpdvxv9n82s8psvrk9-linux-headers-6.16.7
  /nix/store/0cnbwlww2xp3s8j5r4vqbmd8ys6y1dw3-linux-headers-static-6.16.7
  /nix/store/krcdpgjd3h5qdpiz1iar1krffwx6sn2j-llvm-21.1.2-lib
  /nix/store/bkqmnfjxz8gx26n665akbdac31dp4i92-lndir-1.0.5
  /nix/store/xrfkkdad328qrh6vdimzpphwass4cd3h-lock_api-0.4.14
  /nix/store/4wxl9klqi9qj44lw0prjpzhfcbvp5qay-log-0.4.27
  /nix/store/ghnfqakssd07x99n3qy7q4isfq57z1a5-logs-0.9.0.tbz
  /nix/store/ig6a9qcxa2rxr0xrbgiclk8rsv4bnvhz-lz4-1.10.0-lib
  /nix/store/i5v920g9zxqigjfijjyq1iilg3imsx1w-mailcap-2.1.54
  /nix/store/dhbiqnvgsk6yadj65d95ng7j5fpmi1mf-make-shell-wrapper-hook
  /nix/store/042p7x4lscfxn8azwf14pwqs3sx7z3rm-memchr-2.7.4
  /nix/store/mjb7ijndi4nmv8xykhk534b2c25r1ai4-memchr-2.7.5
  /nix/store/x5pwcjqipll3qg5y3x02m1bbq95gcbk0-mirrors-list
  /nix/store/sz6wl3f9hdlmkj141mg0p4lzqf8h3b91-mpdecimal-4.0.1
  /nix/store/dg2ylz80v4rkzcdy13qc7a60jqh0k6ps-mpfr-4.2.2
  /nix/store/vx7j25sd17vqcqgj166fziagz15kdyz6-mpfr-4.2.2
  /nix/store/hcblxzlibh628yhn2g3562qv25l0bpdn-mtime-2.1.0.tbz
  /nix/store/bps7k7blx2qqscg3r4sdlvhqiw7jvnaa-multicore-magic-2.3.1.tbz
  /nix/store/ng85zsrqv636xkidr18lli6phk11v5p8-musl-static-x86_64-unknown-linux-musl-1.2.5
  /nix/store/37ybhv4yl4l26nb4y07zy5xx7hglcn02-musl-static-x86_64-unknown-linux-musl-1.2.5-bin
  /nix/store/b50b609gy5axb7szhdayn6dailb2is37-musl-static-x86_64-unknown-linux-musl-1.2.5-dev
  /nix/store/s58723hvjaaq0qs3h61mn64mwp7044wj-ncurses-6.5
  /nix/store/86v0jxqb8bssp8lbi8rmslwl4dj3qp9y-nghttp2-1.67.1
  /nix/store/x0ynw9956mgppnglwr25x9g46v1vb0m1-nghttp2-1.67.1-dev
  /nix/store/5gn6gxwj5z9liir7vpr78h0rd56dfhri-nghttp2-1.67.1-lib
  /nix/store/cb4kq0izb6z00n5jq850l2nwcjsh3k8d-nghttp2-1.67.1-lib
  /nix/store/jvrplmhg6qfj6m21xrf7adb8cixbfj4q-nghttp3-1.12.0
  /nix/store/lnykqqapknvsnm36ysviyd5hp1fy4add-ngtcp2-1.15.1
  /nix/store/2m1gqh8bqfwq6z2l3x9zzhrraxd8jbxb-normalize-line-endings-0.3.0
  /nix/store/6jsh5hyyli9ddac6dqxx07a68jzllkqb-nss-cacert-3.115
  /nix/store/v9ikidxgznkb3z7ilxsvs6c93c191b8x-nu-ansi-term-0.50.1
  /nix/store/25ab20gpl77zrgfq9krgrqb2jxcifhb0-ocaml-4.14.2
  /nix/store/9ibbiy6adaabc19n3rjnnbs70cg8srk4-ocaml-5.2.1.tar.xz
  /nix/store/apw9gd13lhhcayqsh7qxzwqvg8h97img-ocaml4.14.2-cppo-1.8.0
  /nix/store/l79gpqs0gg2hmrn75rml11sidvhalqyp-ocaml4.14.2-findlib-1.9.8
  /nix/store/n6sjn71nmxy16ya67x8lzay3yy0wrx5c-ocamlgraph-2.2.0.tbz
  /nix/store/hngzc1p2rxbxhywr13hynwq24i7cs1nq-oniguruma-6.9.10-lib
  /nix/store/wwi3cjwp3wjsfxqa32lfiv0bp95r4b85-opaline-0.3.3
  /nix/store/0gjziipccqwj9wid4lf6v7lsl0klkk8m-openssl-3.6.0
  /nix/store/llswcygvgv9x2sa3z6j7i0g5iqqmn5gn-openssl-3.6.0
  /nix/store/bd659hm4l8y09pgihl5drzbd6flmgpnd-openssl-3.6.0-bin
  /nix/store/l9b9z2n8mx5l1m3gi13s1xcgwnlkn1q5-openssl-3.6.0-dev
  /nix/store/j1mj3w4b3pqn8a7cj82ckxkhxzxhgq9i-openssl-probe-0.1.6
  /nix/store/glpihjillqgm6kh1qdkabfdsnirhrd5w-optint-0.3.0.tbz
  /nix/store/cn2q2aib2244pyy17spyw7wpqizffc67-output_vt100-0.1.3
  /nix/store/s2nyi7m40vnd99iv2y3hs2l1hwgjkb8b-parking_lot-0.12.5
  /nix/store/zyi1qhqajzss28h2j4q39r1y9m3h4sv9-parking_lot_core-0.9.12
  /nix/store/miap8jjp87z0gibkrzh68lw2w8kzy4yx-patch-2.8
  /nix/store/85n78yrssyfc65f32yxpqqcpzkgbjv8c-patchelf-0.15.2
  /nix/store/2mxwf1zi8gxzmynnv9j903igzimmm8zj-pcre2-10.46
  /nix/store/7bf2lvmhsg9j77crxy69l0c6n6pmbvjj-percent-encoding-2.3.1
  /nix/store/800by8bylpwpl0kv4hcrg22534ipcxfq-pkg-config-0.29.2
  /nix/store/k5zdnxafkprfhb26n9xkbx7dd20vg2rf-popt-1.19
  /nix/store/qsccpsq0pnl69yyaxkhvixzp4884scck-ppx_deriving-6.0.3.tbz
  /nix/store/nmkd8dkmwhy9l2llva6xjb6j24l436i7-ppxlib-0.33.0.tbz
  /nix/store/ip2gy6gicvs6039brp8nkcvpng9gq9k9-pretty_assertions-1.4.1
  /nix/store/raqqrqv2bxa4hycw5829kmq9j2c10m5v-proc-macro2-1.0.92
  /nix/store/fadi5bxqgsqyfr5076ccz2nhm9qscarm-progress-0.5.0.tbz
  /nix/store/0dqzmxlgkmw057ffz0cpcbszg17yfmrk-publicsuffix-list-0-unstable-2025-08-28
  /nix/store/cfapjd2rvqrpry4grb0kljnp8bvnvfxz-python3-3.13.8
  /nix/store/3xmsygiyhvd6nik2iik0z8djiby6dkn9-python3-3.13.8-env
  /nix/store/khjb82hl0d5f6nsgbb28mn29jh2hn6w0-python3.13-cbor2-5.6.5
  /nix/store/imc07k1mjvcagx1xqmx9q10mxqagvq0c-python3.13-colorama-0.4.6
  /nix/store/d6mzdgz9jhqcy0nh3wh038xl9hnbxgw6-python3.13-markdown-it-py-3.0.0
  /nix/store/2xxp5b3j7wsvm9mv0l6hv01s75al8h8f-python3.13-mdurl-0.1.2
  /nix/store/vp2jahbxkb5ai67hcrf05nwzcwvhjqm1-python3.13-pyelftools-0.32
  /nix/store/sjxs3kng5afadvzcf31azv0r8j2hnshw-python3.13-pygments-2.19.2
  /nix/store/04ii6g2iaaj5b1dwh553619l4zhjy2kk-python3.13-python-dateutil-2.9.0.post0
  /nix/store/wdl35r48737b6qfsqlscmx0wk6nhp9sc-python3.13-pyyaml-6.0.3
  /nix/store/vdwry255jcn22ij24msikn9p9m9rns1q-python3.13-remarshal-1.2.0
  /nix/store/vlqgm6mnvbs5zcbaygar0haxpcbsfpvq-python3.13-rich-14.1.0
  /nix/store/0n96cqrsvkj5j79csrvlqrmkqdmvs5r0-python3.13-rich-argparse-1.7.1
  /nix/store/by1926sqzx13xwgg2v3s0q4lg02r7q29-python3.13-ruamel-base-1.0.0
  /nix/store/lm69pzldadr7v9msriqwv28b4lyp59z9-python3.13-ruamel-yaml-0.18.14
  /nix/store/j3f0mq7ciavy5f3asvrvkp4y9d71j415-python3.13-ruamel-yaml-clib-0.2.12
  /nix/store/86pbg037z3yxgy5akfy20gc8lfh9qq06-python3.13-six-1.17.0
  /nix/store/6r1pshq3p0xgavq7qx5d55b12bp8nhrl-python3.13-tomlkit-0.13.3
  /nix/store/rnzvz4sl09yvs5p0zn19gh4g3h5h7jsr-python3.13-u-msgpack-python-2.8.0
  /nix/store/h3lka3dx9zr1hwv008x3rprbrq3q79hx-quote-1.0.37
  /nix/store/qdr5xvxw9m10y9cdh2k0gyk1s3yg389b-re-1.12.0.tbz
  /nix/store/wy4jk1cb5l00rlvjb1kgwbsxz5kggm8s-readline-8.3p1
  /nix/store/19cmp1z66wfgxq97z82r9bmgaicfkr43-regex-1.11.1
  /nix/store/cvgpjvkaxym72v0rc9784cqx7zy7rx1a-regex-automata-0.1.10
  /nix/store/g43bn2ga3pwx5whld66b4d4i8mfgn898-regex-automata-0.4.9
  /nix/store/x66nfhmvbj9j1zx9shj08yxnm4ypsa92-regex-syntax-0.6.29
  /nix/store/brmns8mrpl3fi96bh8hkbsmkjpj3anzw-regex-syntax-0.8.5
  /nix/store/85a2xmlmk3r9mwm5w59x4pyl3wp1yaf4-replaceCargoLockHook
  /nix/store/djynli02dsja16dbn2zgwmwg7a4rivhh-result-1.5.tbz
  /nix/store/3gn1hlciymm7yw3kvkvss2ixvczms3w6-ripgrep-15.1.0
  /nix/store/s5klmyj13azll490xf3rb7a7qi5dmwjy-rsync-3.4.1
  /nix/store/qhmsc9xwy0f6x7ikf8byfqqdf60sc4sb-rustc-1.89.0
  /nix/store/kgln61a78z8aj4amxgp0lyjj508xxwkr-rustc-wrapper-1.89.0
  /nix/store/bhafx38sk58fy2mkzyfhqlxx5as60dyx-ryu-1.0.18
  /nix/store/k2s3nwif06y2mn6qr784qwfmbnb4vfr6-saturn-1.0.0.tbz
  /nix/store/bscszp65mbsfifb1abd22k4a5495l108-semver-1.0.26
  /nix/store/n6ya01fksrcp343wr5nf6x7008h2mmdc-serde-1.0.216
  /nix/store/4ycj3cjjwmfw1pm46w08bi4hpls1xgxj-serde-1.0.228
  /nix/store/hsy6f0v3wqij3k8annz4zlhn9xqmk8j4-serde_core-1.0.228
  /nix/store/vrr8b5milyjf7xanflb0vjvwvarh0flf-serde_derive-1.0.216
  /nix/store/9g6147v7j78yxd6zywj4ggbwv804f92c-serde_derive-1.0.228
  /nix/store/95dz4j6fbcqx5f13jy5b1jz9kgq2s663-serde_json-1.0.133
  /nix/store/i9jp72vclkxwji7aw4mylh0rykjwzz4q-serde_spanned-0.6.9
  /nix/store/1f6rvq38rji3dircqm2y8lxsyd18mcjr-sharded-slab-0.1.7
  /nix/store/025rfdxsmr2wz3n3i0y2a90qzhr5f0nl-source
  /nix/store/1j12hxzhwlgz2yaiqh2vcml518ri1f6z-source
  /nix/store/1zvmzy2hz9lachrc6b892mwdpjf09w3d-source
  /nix/store/2crxrmmyr320bn7rzi0ymdc9s2xdr852-source
  /nix/store/2f5544f6chlwkl9z3ir0fbv635a40c8g-source
  /nix/store/2qv9zb257chlqy98shsw1z5l7qksa5x6-source
  /nix/store/2rzb78rldj2a1z2kygwxhi3i7926bp9d-source
  /nix/store/2sd2gxx0kkjn23xkav31zlndh6fygqv1-source
  /nix/store/2xxhpl65mr7ilxsfnjzwdli8xx17fp3j-source
  /nix/store/2ygixza7jr84rmky9p7x3kiyxcn6kacg-source
  /nix/store/305mwrdi5gm4j18hhbn5abldzrpk9jsg-source
  /nix/store/36pvxbh600vhn7j7ikdgbwxs949idfrz-source
  /nix/store/3bviq3r9snsxz9mmah6b1pii87kn4i8d-source
  /nix/store/469d3wx1nm0cc4v992yxf6i6lvp1d43z-source
  /nix/store/4cjcmfg23x8aldnqw8kyw0vh00x2lbk7-source
  /nix/store/4kvdbj45887azj9r1rrzkminy8fy1zyz-source
  /nix/store/56r5y90higf6530a7jxjk7jkhgvzblxj-source
  /nix/store/5g26zn4nywnr1hivv79p7dnh5h71f2n7-source
  /nix/store/5y6dihhmgggkbwk9yl73w2qvs6m19iy7-source
  /nix/store/5z32n2kfbylvzqm1is5rq938cpnv4yii-source
  /nix/store/7x8ipsx95ilfx4ycxgahc9dks61nxd8c-source
  /nix/store/8d926vhj70kdrqz4sggwrpcqj9ddclgd-source
  /nix/store/8l2i5yd7v4vxzwfc5bcdlgrrwbcp07ay-source
  /nix/store/97f0mw3z7ih1qiwwl244d9ik5nrmgybm-source
  /nix/store/9993wip8j2fslinw4dbl38l8l8gma6hi-source
  /nix/store/9mprzgsmidyfv1y7v0hhdaq0n5l8hf00-source
  /nix/store/9pdgbffz64zrgq2c842yr50mdwmyzsj6-source
  /nix/store/ab4inq2jgq61gxzk8x7s8yjfcbci3qr8-source
  /nix/store/acadc1ylls8mr6a9f7rwvivyp37b3smr-source
  /nix/store/achq7k0wxia2gmx3s67y1imsrwrgc8xg-source
  /nix/store/ahi32xidcn3qpmnlkgf9yznkqsdhd6n0-source
  /nix/store/aplz7r75fr86jhmsd9fffyxxa2xqpv3q-source
  /nix/store/b5h3gw2mhqwp01nafgfqjg9vxm3653an-source
  /nix/store/bsj9cqdm7b4bnbixmjjby0jsfv8gp6id-source
  /nix/store/bwjj2vcnmv6ldsmp188hr99c0rp26j4y-source
  /nix/store/c50yggdpvcb2v7crn2i1vdil5khdwfqv-source
  /nix/store/d1cyrd1ba8afmwj3c6wh8v523fsmbvc8-source
  /nix/store/dh8wvqa4fkjqkz83n66qi1pkzgcd5qfn-source
  /nix/store/dkslmryz36hv8vp2sk8hs2jghh5m53cd-source
  /nix/store/dlk4sj5dmfkp7nsnirq033inq03r76c7-source
  /nix/store/dm97jyck7v8nl6bjiwdllkj3hr10kylf-source
  /nix/store/f25w64vcjflx3n0a2afp4ssnlgg3vxbk-source
  /nix/store/f9ggypq80rabhpmhkh4yy92mwbfl285v-source
  /nix/store/fdfrs2cjb64fgnzmjclx2r3mhqsl3xl7-source
  /nix/store/fjlq0vqvaa3j06nq7v29p9h8ai4iywac-source
  /nix/store/fp6mw0zfldclhhd5zmj8cyp60yky4sng-source
  /nix/store/fwz501qpahppxx0574zxi60cpwz2mw6y-source
  /nix/store/hkxcf2w3y64i8d1q4nzkz29kwbsph75a-source
  /nix/store/i0pcwvl4xb18c6g0jnj4mnpasamcjkc5-source
  /nix/store/jrzs9pv6gfjd77dsmysbklg7xxmqp2k9-source
  /nix/store/khg6ddp9biim2cik15g4cj7ps8sg67lq-source
  /nix/store/kjm33jbma1xvcq336qaw5f6ibppgw6b8-source
  /nix/store/kkkv3njshsayl6q6877x6lkzq3x1y8nl-source
  /nix/store/kyw0617gg1kjms48rqnqlfjd5n3kb86j-source
  /nix/store/l0fs3p61p3kw1gjyjb4v3mmrcsy5xmz6-source
  /nix/store/l86rkhg5gfqxvb8rrypavv8qg01z7yxv-source
  /nix/store/m5jpqi2w5f3v0maip2shrz7wb04id64a-source
  /nix/store/mvvhlp6jgys4zxxvl0k404cm7pgh909a-source
  /nix/store/n29khz38cmw959za1xxpz3hsghh21wi7-source
  /nix/store/n9bsv1wgp33n61biwr86mj1yh9wbc5wx-source
  /nix/store/pmll63pfsvf8xdni6gj29z6lyzh5712k-source
  /nix/store/pn8bc7il8zpkzfyq1g8l10h8yjb27cn0-source
  /nix/store/qhb9x8x3mrpnavlqghydyrvq0cvp0i0z-source
  /nix/store/qin0rhzr0fdag3j1jyxyif5rjrv702ca-source
  /nix/store/qjmcnaijbkd922pa0y5pg02bjm0nnw5n-source
  /nix/store/qvvvscamfhlvigak067i5cqm4sjw6c69-source
  /nix/store/rmrqfxxg8m605y9vyr93c9bxziw2wgw9-source
  /nix/store/sj5arzivqrv868vih4gz45fgy9v9h7q4-source
  /nix/store/v9003gghqc2wwyh7zm1bxwf37ihisag9-source
  /nix/store/vl0vnsq8gkqbc54yylaxcdzisldznhbx-source
  /nix/store/vpqlnmjixk4kbfid96j57ylxl9576m0v-source
  /nix/store/wf196akwvd30s7hrzvkqfr22sgxa3j0k-source
  /nix/store/wkfig0rx9h12ahjpsbf24064a9x1sck9-source
  /nix/store/wzi879f8r48g7chv3lrzc556h4kckw6r-source
  /nix/store/xpf4k38ms5n8pgzvkpg07xp7al6aafal-source
  /nix/store/y1cxg3l9fp35bal7hdc4m4bvab0r24cm-source
  /nix/store/z0hs2gllz31d1dbw00phy9j27mcwci8l-source
  /nix/store/z2cc4wn57i48ldxxjcqzc4ryfngk21fv-source
  /nix/store/zhwd27nx771mlqbz28ni3hbl6i36kyc5-source
  /nix/store/znf880kn10bc1gi9wy462fzybhy8d2ip-source
  /nix/store/zs72fx4smnh6whgc1s86w36vsgyqg8cz-source
  /nix/store/xzgsfzy75d1gmllw684kn4sycca3zhin-spin-0.9.8
  /nix/store/h6xv1avd5a55aa5c2d3cd069j7hlcv2y-sqlite-3.50.4
  /nix/store/5qcd928pj1p0qxpn7lwg9prlfwsd581x-stdenv-linux
  /nix/store/6lqhiqg4mf4qdiynr7rhhzgc4q3f2skp-stdenv-linux
  /nix/store/jsj1sql9id9c10sxmg7rvq3pj0f1l19b-stdenv-linux
  /nix/store/xjs3v8inq7ai1bpvywkm59c9l9p7m9vb-stdenv-linux
  /nix/store/4s1xcdc1k3jqlprql3f5c6pdadwmhi47-stdlib-shims-0.3.0.tbz
  /nix/store/jm2ab3xrg2isa4kzqm0hvx4lcs7rixki-syn-1.0.109
  /nix/store/hpb7vnj27y3f6pjffd0nnqhwm1qd5b9k-syn-2.0.90
  /nix/store/z92481h13hkvppqpqgaa7d86kxc7ks3y-tar-0.4.44
  /nix/store/0w0i3zcjiq9r2rllpznycsm62f4zz1pb-thiserror-2.0.18
  /nix/store/dsf7z4y33x5qynaajpxdw0k17nap2mna-thiserror-impl-2.0.18
  /nix/store/0dww81mirdpkgfpxj4z1a682vydjwika-thread-table-1.0.0.tbz
  /nix/store/k940c4pdzal8khws2rgdxl4mkwr7bggj-thread_local-1.1.9
  /nix/store/xr5wvmlspscih24v1kdisgldnvsrhkz5-time-0.3.41
  /nix/store/ikcpzzdyfkqqx6jinl4fc6m6qckmjdzx-time-core-0.1.4
  /nix/store/nihcryys4dzxm3mp57xjav714z2ib70b-time-macros-0.2.22
  /nix/store/rq2317ikg6jlqclr0dnrn9a7qmx9nj73-toml-0.8.23
  /nix/store/r36jqgp78lld8mhjxlp7k2dh2wwnl2f9-toml_datetime-0.6.11
  /nix/store/xf6hddbin0a4l6iv8ikcb3rg90my23gr-toml_datetime-0.6.8
  /nix/store/zqqssw5i656mx59x8bcwjbq5fr1qp03l-toml_edit-0.22.22
  /nix/store/27ljf52sblgsyh1sgqgkzy1016id90mn-toml_edit-0.22.27
  /nix/store/fxwf803avq6zw5gg4phj69cgbp7p507q-toml_write-0.1.2
  /nix/store/ravmgf5lxzprv9k3dkdx85mbmlghi1yx-topkg-1.1.0.tbz
  /nix/store/83yg46v6a2p4dam30yh668lhrwggdla3-tracing-attributes-0.1.30
  /nix/store/csfajb1l34wlq2s48cx60avycwh40fs9-tracing-log-0.2.0
  /nix/store/c6lkjqkkc4cl4pffj4i3l22rv4ihhpb9-tzdata-2025b
  /nix/store/nf8kgd0pnhvqly8sz476s67z2y0yffwi-uchar-0.0.2.tbz
  /nix/store/26rw6mx8kspgjmysbc68n9afhj7vfrrd-unicode-ident-1.0.14
  /nix/store/a9r8bma07jgqgmva6lxlhxr3gjrp5rk6-unicode-ident-1.0.18
  /nix/store/k8s5jqr15iqa2bk675n5lanrml22xn03-update-autotools-gnu-config-scripts-hook
  /nix/store/lbfg38p9kgm2dadwjqa7fgv0sjjh3ban-update-autotools-gnu-config-scripts-hook
  /nix/store/w605x747bkdymdry7swli90aqxm6b2yg-url-2.5.4
  /nix/store/2ygdmv2n5z3xz29j9bb6982adwq2vq5p-util-linux-minimal-2.41.2-lib
  /nix/store/qpvgvzi1lsp1kkfc1yprb1hyv162f0rv-uucd-17.0.0.tbz
  /nix/store/jls1wajz6kacbvw63k541bybv1hv1vmq-uucp-17.0.0.tbz
  /nix/store/7v5rdxwr7cnl8867cizxpvm0yaphz271-uunf-17.0.0.tbz
  /nix/store/l679yzy83s7r6j673hxb6x66bjd51hg7-uutf-1.0.4.tbz
  /nix/store/qpfrkw42z2z9s8dvxii3zwq3ri6gfndj-valuable-0.1.1
  /nix/store/79mkgw9m3s131r89x4r99cmn9bb44lw8-vector-1.0.0.tbz
  /nix/store/6vil2rr6is902n8mpzf56bsr7sfhxdg9-wasi-0.14.2+wasi-0.2.4
  /nix/store/pjxci03wjn7d444bl4l3vw11fdvfbdcw-winapi-util-0.1.9
  /nix/store/a4nx3b2wrrsw8is99adqw47xqa72267l-winnow-0.6.20
  /nix/store/1pnyjy2454pmlcif1422mfr6hkmf26c3-winsafe-0.0.19
  /nix/store/6kbakc9l50v2y4h4sjmixvvlcn37a5v1-wit-bindgen-rt-0.39.0
  /nix/store/vyjb7wdvp9snl6a10n0k7f7q212dsfis-x86_64-unknown-linux-musl-binutils-2.44
  /nix/store/8i4zns30w5h9mhxf80qsf56fa5r29prk-x86_64-unknown-linux-musl-binutils-wrapper-2.44
  /nix/store/xqbhnicgdwbn3a721qwqclqq0ribfp2w-x86_64-unknown-linux-musl-gcc-14.3.0
  /nix/store/18f3b0iqhqs8838zsiw4yqmilg4cvv52-x86_64-unknown-linux-musl-gcc-14.3.0-lib
  /nix/store/yqyvqrq5q3gwzninbb4fiyfnnfkrj49h-x86_64-unknown-linux-musl-gcc-wrapper-14.3.0
  /nix/store/l7a6khm7sm1zsh6dx9fg6srfkpzqnnrb-x86_64-unknown-linux-musl-pkg-config-wrapper-0.29.2
  /nix/store/0ja5daq2yay3svg6f48spyfby7pgy5bm-xgcc-14.3.0-libgcc
  /nix/store/riamc5dkndmvnrlk4j96ivi8lhichllj-xmlm-1.4.0.tbz
  /nix/store/0hxz1cmfpx7k9yjp7xpj6wqj5z00ksxw-xxHash-0.8.3
  /nix/store/mqi9i9hx29gpsv24jqr11208yn4jfqkk-xz-5.8.1
  /nix/store/vwx988887gsrdvg9lbg5f03sy91wrjjv-xz-5.8.1-bin
  /nix/store/vjwcmh2qsghhn13kzff9n0746z9sv1fy-yansi-1.0.1
  /nix/store/fbwk0i0gnsz06iv3lpg1ki0445b61kd3-yojson-2.2.2.tbz
  /nix/store/z55x0q74zldi64iwamqf8wgrm2iza5rk-zlib-1.3.1
  /nix/store/hwqbid7b85dfdvyj0ckgi2c6a4ir653q-zlib-1.3.1-dev
  /nix/store/mmfrs9gzbhrfgv12ff68a056yv942s21-zstd-1.5.7
  /nix/store/bws65kn5ji8vpi51dsxhvn22kxgm5kmk-zstd-1.5.7-bin
  /nix/store/v12k3k3nbhhqmwcvzbsljr135wbrwnsr-zstd-1.5.7-dev
copying path '/nix/store/ng85zsrqv636xkidr18lli6phk11v5p8-musl-static-x86_64-unknown-linux-musl-1.2.5' from 'https://cache.nixos.org'...
copying path '/nix/store/1icwaz26imjfxq77vplfx43drqs75x0f-fortify-headers-1.1alpine3' from 'https://cache.nixos.org'...
copying path '/nix/store/ambacmwlhkwlx6ngxccsa9z1wdszgwjx-gnu-config-2024-01-01' from 'https://cache.nixos.org'...
copying path '/nix/store/0cnbwlww2xp3s8j5r4vqbmd8ys6y1dw3-linux-headers-static-6.16.7' from 'https://cache.nixos.org'...
copying path '/nix/store/18f3b0iqhqs8838zsiw4yqmilg4cvv52-x86_64-unknown-linux-musl-gcc-14.3.0-lib' from 'https://cache.nixos.org'...
copying path '/nix/store/0ja5daq2yay3svg6f48spyfby7pgy5bm-xgcc-14.3.0-libgcc' from 'https://cache.nixos.org'...
copying path '/nix/store/8lh5l1vq6p09ckbxc36bpahlpfq53n5n-domainslib-0.5.2.tbz' from 'https://cache.nixos.org'...
copying path '/nix/store/8yza6fya3bg6kgnmssihvfba4wcg2pqs-dune-3.20.2.tbz' from 'https://cache.nixos.org'...
copying path '/nix/store/kq82rz6165nics63gczjsn53shaqmqid-findlib-1.9.8.tar.gz' from 'https://cache.nixos.org'...
copying path '/nix/store/mnd897flngivhxnw8sxznhrcwwc9vyk3-gcc-14.3.0-libgcc' from 'https://cache.nixos.org'...
copying path '/nix/store/v5zyzcc8slz7w73s3wpgysd4z2grz6w0-libunistring-1.4' from 'https://cache.nixos.org'...
copying path '/nix/store/9ibbiy6adaabc19n3rjnnbs70cg8srk4-ocaml-5.2.1.tar.xz' from 'https://cache.nixos.org'...
copying path '/nix/store/n6sjn71nmxy16ya67x8lzay3yy0wrx5c-ocamlgraph-2.2.0.tbz' from 'https://cache.nixos.org'...
copying path '/nix/store/qsccpsq0pnl69yyaxkhvixzp4884scck-ppx_deriving-6.0.3.tbz' from 'https://cache.nixos.org'...
copying path '/nix/store/fadi5bxqgsqyfr5076ccz2nhm9qscarm-progress-0.5.0.tbz' from 'https://cache.nixos.org'...
copying path '/nix/store/2qv9zb257chlqy98shsw1z5l7qksa5x6-source' from 'https://cache.nixos.org'...
copying path '/nix/store/1rl2q6hxp7q4wlyg2g3hp3p903x0j3l5-DerivedCoreProperties.txt' from 'https://cache.nixos.org'...
copying path '/nix/store/cyh35g33v3abp1ig42wa3w8qinya31wy-PropList.txt' from 'https://cache.nixos.org'...
copying path '/nix/store/nhq5dg60dnnlss1ymcnaxi8s43cncwvv-DerivedGeneralCategory.txt' from 'https://cache.nixos.org'...
copying path '/nix/store/950lxbpbrw9lzcz3lxlwhdcqz5bxbh5m-backoff-0.1.1.tbz' from 'https://cache.nixos.org'...
copying path '/nix/store/3ynp453h5yzyf857dwj69jd4a05wvl8h-cargo-install-hook.sh' from 'https://cache.nixos.org'...
copying path '/nix/store/m1gj4x0qy8dvxlrwfsa8v8jj97qbwlh0-cargo-package-addr2line-0.24.2' from 'https://cache.nixos.org'...
copying path '/nix/store/43d8ih1dmzwsw41wxzvqvl6m407zfxda-cargo-package-adler2-2.0.1' from 'https://cache.nixos.org'...
copying path '/nix/store/rcr22lvsqajpx8i0j6qpcxj9j8myijwv-cargo-package-ahash-0.8.12' from 'https://cache.nixos.org'...
copying path '/nix/store/kj0wcqc3p99qgmnz7warh5srylf00vrh-cargo-package-aho-corasick-1.1.3' from 'https://cache.nixos.org'...
copying path '/nix/store/v7qsdj3f0znj35mrl2jj8h8i6zmd471m-cargo-package-ansi_term-0.12.1' from 'https://cache.nixos.org'...
copying path '/nix/store/77wkash7n6c47z839kihr7kyg891kyzv-cargo-package-anstream-0.6.20' from 'https://cache.nixos.org'...
copying path '/nix/store/w3qcrfwp8qp6djkvfdc1p7gfhagysfk7-cargo-package-anstyle-1.0.11' from 'https://cache.nixos.org'...
copying path '/nix/store/s3v80vypmjwsjnvh6sird5g65r2i759s-cargo-package-anstyle-parse-0.2.7' from 'https://cache.nixos.org'...
copying path '/nix/store/c93jx14isi5wclxw64z20d79128x7pkj-cargo-package-anstyle-query-1.1.4' from 'https://cache.nixos.org'...
copying path '/nix/store/hpwqddrli09zy9w5pyr9j4jmcmbhyvyf-cargo-package-anstyle-wincon-3.0.10' from 'https://cache.nixos.org'...
copying path '/nix/store/84k1mh69dl68dqrpdc7dl8gkp6ff1wjw-cargo-package-arrayvec-0.7.6' from 'https://cache.nixos.org'...
copying path '/nix/store/id9bqxi7jr74mwqag2smldlbj8ip9fy4-cargo-package-assert_cmd-2.0.17' from 'https://cache.nixos.org'...
copying path '/nix/store/x70n91fzs05l657hc7m5cyhwzlqf315h-cargo-package-atomic-waker-1.1.2' from 'https://cache.nixos.org'...
copying path '/nix/store/fkgp2lv94qxpwan18607lixr7c6w3zm8-cargo-package-autocfg-1.5.0' from 'https://cache.nixos.org'...
copying path '/nix/store/z1rn1c3xq23sxkbf5ny69i6pij2fhrv6-cargo-package-backtrace-0.3.75' from 'https://cache.nixos.org'...
copying path '/nix/store/dwc3iwyb1kql780j0czfb9n8y77vvz2c-cargo-package-base64-0.22.1' from 'https://cache.nixos.org'...
copying path '/nix/store/6br97f04bl5yjpjkk05jc1pqcz8gf9mb-cargo-package-bstr-1.12.0' from 'https://cache.nixos.org'...
copying path '/nix/store/pxcdvw6zhz8fwq6df0rz3sh23g3qsd03-cargo-package-bumpalo-3.19.0' from 'https://cache.nixos.org'...
copying path '/nix/store/xrczr2llmryiwqzvac21cy4czdh45908-cargo-package-byteorder-1.5.0' from 'https://cache.nixos.org'...
copying path '/nix/store/ifcgcv246hyxlslpadkm00p5jj84r7f5-cargo-package-bytes-1.10.1' from 'https://cache.nixos.org'...
copying path '/nix/store/g4ia36dbxg3w9bnbvw9mvvbyjf6p431l-cargo-package-clap_lex-0.7.5' from 'https://cache.nixos.org'...
copying path '/nix/store/7w2nskdwshax0wi23a8cmxp04b9qvlw0-cargo-package-colorchoice-1.0.4' from 'https://cache.nixos.org'...
copying path '/nix/store/caxqh3d901pxmam2z5qq8q48xb4fc3k0-cargo-package-core-foundation-0.9.4' from 'https://cache.nixos.org'...
copying path '/nix/store/khzdmmwl75qzb10wqa54aafdzkr7n5pw-cargo-package-core-foundation-sys-0.8.7' from 'https://cache.nixos.org'...
copying path '/nix/store/r2fshs5nk302yhvy1whnpj2s4k9qalqf-cargo-package-crc32fast-1.5.0' from 'https://cache.nixos.org'...
copying path '/nix/store/xdbi1zw65mlm4g915c361jnyz7m59s1a-cargo-package-crossbeam-deque-0.8.6' from 'https://cache.nixos.org'...
copying path '/nix/store/f4fc5q5fp28dj4afqrn261a67jn5yj0q-cargo-package-crossbeam-epoch-0.9.18' from 'https://cache.nixos.org'...
copying path '/nix/store/7n49vp2gxwff839mkc1zkyn6461d5vl0-cargo-package-crossbeam-utils-0.8.21' from 'https://cache.nixos.org'...
copying path '/nix/store/pxbkjzxz92ns7rfcciw7z0b1xwx4aka3-cargo-package-darling-0.20.11' from 'https://cache.nixos.org'...
copying path '/nix/store/hms7wa3xjabm24y10hf25bqg270giijx-cargo-package-darling_core-0.20.11' from 'https://cache.nixos.org'...
copying path '/nix/store/fkhmdmbgv7qcdzy7d19sb99v5lx31ayf-cargo-package-darling_macro-0.20.11' from 'https://cache.nixos.org'...
copying path '/nix/store/2r3bb0kbzfkqjzvan44928vp42vnca89-cargo-package-difflib-0.4.0' from 'https://cache.nixos.org'...
copying path '/nix/store/z8a10jggc1zqnzpgaghf94q56khf5cc4-cargo-package-displaydoc-0.2.5' from 'https://cache.nixos.org'...
copying path '/nix/store/pdjbs03s3cyb98048pi0l2qmffc1905c-cargo-package-doc-comment-0.3.3' from 'https://cache.nixos.org'...
copying path '/nix/store/4vqvd89jyzda82pb96s2pm32yx74pfz2-cargo-package-either-1.15.0' from 'https://cache.nixos.org'...
copying path '/nix/store/gjnilvvf875rjfgpnq5c14q2iyp0bgfs-cargo-package-encoding_rs-0.8.35' from 'https://cache.nixos.org'...
copying path '/nix/store/pmvhrrv70k387lfddbvd0w4yhnd9p6my-cargo-package-equivalent-1.0.2' from 'https://cache.nixos.org'...
copying path '/nix/store/rr632m2pvfyxprpxjkvgmqkibs2ack9i-cargo-package-escape8259-0.5.3' from 'https://cache.nixos.org'...
copying path '/nix/store/4hdqc291kzbccbc86x6j4ghabi8jqnri-cargo-package-fastrand-2.3.0' from 'https://cache.nixos.org'...
copying path '/nix/store/4yq68vbb3l2273in6bhb9nznvpjir9dz-cargo-package-fixedbitset-0.5.7' from 'https://cache.nixos.org'...
copying path '/nix/store/i0lzgfrd3h3cdwf357chqbdmpmbifpqw-cargo-package-flate2-1.1.2' from 'https://cache.nixos.org'...
copying path '/nix/store/0zmyh4v98ax3k9m5zi0navx8nysrxvg0-cargo-package-fnv-1.0.7' from 'https://cache.nixos.org'...
copying path '/nix/store/8nkn115kmaqdxvpsjw1p2y01mp24kwsq-cargo-package-foldhash-0.1.5' from 'https://cache.nixos.org'...
copying path '/nix/store/jn1l02xgagnrxs5zxq038wrzjp1w786v-cargo-package-futures-0.3.31' from 'https://cache.nixos.org'...
copying path '/nix/store/06n7v7kal95wwgsklz19bzmhkl3m87y9-cargo-package-futures-channel-0.3.31' from 'https://cache.nixos.org'...
copying path '/nix/store/cbs6gyrnafkrqwz2fvbjyg4l01bys6ch-cargo-package-futures-core-0.3.31' from 'https://cache.nixos.org'...
copying path '/nix/store/a3kj23pci50vjnbz0pkqdc2lmm2rvpd8-cargo-package-futures-executor-0.3.31' from 'https://cache.nixos.org'...
copying path '/nix/store/59k7c80lgis2silwa4bf3qph4imp9zv2-cargo-package-futures-io-0.3.31' from 'https://cache.nixos.org'...
copying path '/nix/store/9x7dnk9xs6fzp9vq70bzmq6765apdfhc-cargo-package-futures-macro-0.3.31' from 'https://cache.nixos.org'...
copying path '/nix/store/lzn7d3yzfp3wirca0yp18qcfy3vw61fg-cargo-package-futures-sink-0.3.31' from 'https://cache.nixos.org'...
copying path '/nix/store/y52hx2gng7b7z3isy8dhsj338yy813r8-cargo-package-futures-task-0.3.31' from 'https://cache.nixos.org'...
copying path '/nix/store/hp6vx9ndp4gv9nj0adi50z8va8hz5clp-cargo-package-futures-util-0.3.31' from 'https://cache.nixos.org'...
copying path '/nix/store/3rlslnllbh2g01p3f9gbzkfxfdnqz0yf-cargo-package-getrandom-0.2.16' from 'https://cache.nixos.org'...
copying path '/nix/store/0sm4s4zjidviazflxj2mnfijgsz4qmqc-cargo-package-getrandom-0.3.3' from 'https://cache.nixos.org'...
copying path '/nix/store/xdgc1jnkif1mw7sgnylj2knwmy94ma95-cargo-package-gimli-0.31.1' from 'https://cache.nixos.org'...
copying path '/nix/store/ph635l71j13p9hfzqj5psmlm34wz62ay-cargo-package-h2-0.4.12' from 'https://cache.nixos.org'...
copying path '/nix/store/1469rxaiwmdvf9zda4wlhm0md8hdpmki-cargo-package-hashbrown-0.15.5' from 'https://cache.nixos.org'...
copying path '/nix/store/20slvhw68wm8shvphrsqklkzlazh166g-cargo-package-heck-0.5.0' from 'https://cache.nixos.org'...
copying path '/nix/store/hwrxk6q11w1bc52qq0pjsg3950jpq9xn-cargo-package-http-1.3.1' from 'https://cache.nixos.org'...
copying path '/nix/store/849k7fq75m5jb2pqf56jf0yl29n9nqxq-cargo-package-http-body-1.0.1' from 'https://cache.nixos.org'...
copying path '/nix/store/fnh68sz8l8l665zzl2z5pashgqrhrx89-cargo-package-http-body-util-0.1.3' from 'https://cache.nixos.org'...
copying path '/nix/store/xg6jbkb1y1njii5jwk5h6gpy11x262s7-cargo-package-httparse-1.10.1' from 'https://cache.nixos.org'...
copying path '/nix/store/xkd8n7b0qid9fpvsjmnln0v88f3y1wkl-cargo-package-hyper-rustls-0.27.7' from 'https://cache.nixos.org'...
copying path '/nix/store/j8d5w8q58vj4jw3wnjcvz87s8pd0433q-cargo-package-icu_collections-2.0.0' from 'https://cache.nixos.org'...
copying path '/nix/store/miamsc7ms2xj2kb0lfjdc26sssjznd8i-cargo-package-icu_locale_core-2.0.0' from 'https://cache.nixos.org'...
copying path '/nix/store/8fga81cf2hy628rfxma73jyjm9rsn44h-cargo-package-icu_normalizer-2.0.0' from 'https://cache.nixos.org'...
copying path '/nix/store/24anqkhz46ffnc9d0hslk1ghbf9h5i89-cargo-package-icu_normalizer_data-2.0.0' from 'https://cache.nixos.org'...
copying path '/nix/store/6k4yj58g1q4bx7xkx8k8yxp97i7y5six-cargo-package-icu_properties-2.0.1' from 'https://cache.nixos.org'...
copying path '/nix/store/cjd7vq92si9cfdjh0cgvdhnhxj57p277-cargo-package-icu_properties_data-2.0.1' from 'https://cache.nixos.org'...
copying path '/nix/store/6z0c6giqrlzv70g8bpjahi1rcwb3879f-cargo-package-icu_provider-2.0.0' from 'https://cache.nixos.org'...
copying path '/nix/store/b18v8ymgdkls9y795hlfrimjkrgmmr0n-cargo-package-ident_case-1.0.1' from 'https://cache.nixos.org'...
copying path '/nix/store/3dhx8i16grzmv8yfhx0k9xcmds87fskn-cargo-package-idna_adapter-1.2.1' from 'https://cache.nixos.org'...
copying path '/nix/store/gcf56m5nw5bishjah43716dylv6dx6d7-cargo-package-indoc-2.0.6' from 'https://cache.nixos.org'...
copying path '/nix/store/95xix89w84j3b3ww1987z1ak6r22xnjw-cargo-package-ipnet-2.11.0' from 'https://cache.nixos.org'...
copying path '/nix/store/ny677swlb7r39xgp5lr72l569jivgcl3-cargo-package-iri-string-0.7.8' from 'https://cache.nixos.org'...
copying path '/nix/store/8bn7bbi5m3zdbfi1kf2p1yk42lh4c8ck-cargo-package-is_terminal_polyfill-1.70.1' from 'https://cache.nixos.org'...
copying path '/nix/store/5nq7qxywwzzsd04f4akpqzgwkagzb0mr-cargo-package-itoa-1.0.15' from 'https://cache.nixos.org'...
copying path '/nix/store/3j1s39nzii5qr4a5gvsq5h3yrr8s5c0n-cargo-package-jiff-0.2.15' from 'https://cache.nixos.org'...
copying path '/nix/store/h22i40y00w0v6082bkf1j0qaqarixk0y-cargo-package-jiff-static-0.2.15' from 'https://cache.nixos.org'...
copying path '/nix/store/lpxvvz0fjsbbnbq4jh7mplzjnssd7i4n-cargo-package-js-sys-0.3.77' from 'https://cache.nixos.org'...
copying path '/nix/store/8spigrzh4jy3lq1ihgranpab953mvkbq-cargo-package-lazy_static-1.5.0' from 'https://cache.nixos.org'...
copying path '/nix/store/27ymd33zgc6g37sba66lwsrwx3w6dand-cargo-package-libc-0.2.175' from 'https://cache.nixos.org'...
copying path '/nix/store/8dr6wi4ipzpf7r0vw5rvh6nd5nwh0jwx-cargo-package-libtest-mimic-0.8.1' from 'https://cache.nixos.org'...
copying path '/nix/store/4dqlmfn540pwjxg3aqdr1xlqfr5ywc7x-cargo-package-litemap-0.8.0' from 'https://cache.nixos.org'...
copying path '/nix/store/1khscqd3zsqll4wxxznc6x8k3q9l4bz2-cargo-package-mime-0.3.17' from 'https://cache.nixos.org'...
copying path '/nix/store/s0ydx4z9vi5f4r4zhs2986a1r7iivdwy-cargo-package-miniz_oxide-0.8.9' from 'https://cache.nixos.org'...
copying path '/nix/store/yfgv7y1vw0nw9isr4ilb96m93wfasdfd-cargo-package-mio-1.0.4' from 'https://cache.nixos.org'...
copying path '/nix/store/35mdwdpjysg3c5fkdcwlnd55n534jc13-cargo-package-num-conv-0.1.0' from 'https://cache.nixos.org'...
copying path '/nix/store/3k28704mq78a871n9c030sarvn6p4hvj-cargo-package-num-traits-0.2.19' from 'https://cache.nixos.org'...
copying path '/nix/store/6d7ac22k2w4sg6jnz76vhwgb391fdyyk-cargo-package-object-0.36.7' from 'https://cache.nixos.org'...
copying path '/nix/store/lpwib734vbfy6xapjkchx5kd2mkb1xx3-cargo-package-once_cell-1.21.3' from 'https://cache.nixos.org'...
copying path '/nix/store/n4242hfi73mn6avqn6xdn4p59xxi4cwh-cargo-package-once_cell_polyfill-1.70.1' from 'https://cache.nixos.org'...
copying path '/nix/store/880fj3cvpy922k3rl2dz9q7ph23phpsa-cargo-package-paste-1.0.15' from 'https://cache.nixos.org'...
copying path '/nix/store/pl0r23p55iv7ypy9j356n9xszh6x6b3x-cargo-package-pin-project-lite-0.2.16' from 'https://cache.nixos.org'...
copying path '/nix/store/56h33gxmyv7f2nrg6gib97vwsw2hpnxh-cargo-package-pin-utils-0.1.0' from 'https://cache.nixos.org'...
copying path '/nix/store/kfr3lgilrxn04b4jam8s28i3b77bay8f-cargo-package-pkg-config-0.3.32' from 'https://cache.nixos.org'...
copying path '/nix/store/p8dfdmpchg8y9a8jqh2mx2jwvmx6aa5g-cargo-package-portable-atomic-1.11.1' from 'https://cache.nixos.org'...
copying path '/nix/store/681ah7cms9sdqwix9b06mykgqb13pf24-cargo-package-portable-atomic-util-0.2.4' from 'https://cache.nixos.org'...
copying path '/nix/store/rcxp86gizz8j64j6fffph6czk0h6b6fy-cargo-package-powerfmt-0.2.0' from 'https://cache.nixos.org'...
copying path '/nix/store/rh5rrk7z8kzzdvfbdj7lj5rnnl4pxs9l-cargo-package-predicates-3.1.3' from 'https://cache.nixos.org'...
copying path '/nix/store/1wcc7lirjlgqsnq06g4j8xq07cc49bn5-cargo-package-predicates-core-1.0.9' from 'https://cache.nixos.org'...
copying path '/nix/store/qxsqwmgz93r0v6azlbfcx9i7wlw8rcp9-cargo-package-predicates-tree-1.0.12' from 'https://cache.nixos.org'...
copying path '/nix/store/jgrfmvhhqlgzr0vis5r2h273pavdqqnn-cargo-package-proc-macro2-0.4.30' from 'https://cache.nixos.org'...
copying path '/nix/store/z78z8f0127555hs80wd9sqk0z7v86j6k-cargo-package-quote-0.6.13' from 'https://cache.nixos.org'...
copying path '/nix/store/ghal3n4z3irg4w3p9r0wa104jv7656il-cargo-package-quote-1.0.40' from 'https://cache.nixos.org'...
copying path '/nix/store/a9f7r62x7rl314ldb0aq26kvadhf0p8k-cargo-package-r-efi-5.3.0' from 'https://cache.nixos.org'...
copying path '/nix/store/alzx020sjbs44fgbl06qrc50xkid9r1g-cargo-package-redox_syscall-0.5.17' from 'https://cache.nixos.org'...
copying path '/nix/store/98yg2cl75s36gvx37a5hcwfk49fg2afc-cargo-package-ring-0.17.14' from 'https://cache.nixos.org'...
copying path '/nix/store/rzd74ay858pmhqmvhy5vm3vnimkh2mzk-cargo-package-rustc-demangle-0.1.26' from 'https://cache.nixos.org'...
copying path '/nix/store/db1f3fxdbq5rmg924s6g76dsbygl516c-cargo-package-rustc_version-0.4.1' from 'https://cache.nixos.org'...
copying path '/nix/store/1dnblwdhc7k2r5wvyncak55bmbfasb4k-cargo-package-rustls-0.23.31' from 'https://cache.nixos.org'...
copying path '/nix/store/p5y2fsf3imvdkzbh6s6dw0rfwdlvb9yn-cargo-package-rustls-pki-types-1.12.0' from 'https://cache.nixos.org'...
copying path '/nix/store/gm0yag5p5k5jfbsnk9g5yf61ydl8l7gi-cargo-package-rustversion-1.0.22' from 'https://cache.nixos.org'...
copying path '/nix/store/2dxjafhb2mz0y3g6664ra5l0ibz8pmbv-cargo-package-ryu-1.0.20' from 'https://cache.nixos.org'...
copying path '/nix/store/kyrqszr944sbi8vssb2fzi941lvbxh0c-cargo-package-same-file-1.0.6' from 'https://cache.nixos.org'...
copying path '/nix/store/75bfi6jr3przb2swfdx876xccc0xyj37-cargo-package-scopeguard-1.2.0' from 'https://cache.nixos.org'...
copying path '/nix/store/idfmc3xgp4cvc0j37ll6r7qamwajb97b-cargo-package-serde_urlencoded-0.7.1' from 'https://cache.nixos.org'...
copying path '/nix/store/2l1zbr2314mlbkhcsxb2c8dqlvw1ahfb-cargo-package-shlex-1.3.0' from 'https://cache.nixos.org'...
copying path '/nix/store/hx1gxg0hv8pwqwb50c388y8nj4wrlmvl-cargo-package-similar-2.7.0' from 'https://cache.nixos.org'...
copying path '/nix/store/89db8ngrhagn167ngknv4ysgqd86amzx-cargo-package-slab-0.4.11' from 'https://cache.nixos.org'...
copying path '/nix/store/gfhz3fji99rnihpzyxiyil4zjbbbxx75-cargo-package-smallvec-1.15.1' from 'https://cache.nixos.org'...
copying path '/nix/store/d2zziwwg6cblm1fmn3q733wvdq70b98a-cargo-package-socket2-0.6.0' from 'https://cache.nixos.org'...
copying path '/nix/store/xh0yia0qwk9hwigzf8zm59zi81jyz4gl-cargo-package-stable_deref_trait-1.2.0' from 'https://cache.nixos.org'...
copying path '/nix/store/4z3g4g1f67zklq26zprl9crb8c6j5ikm-cargo-package-strip-ansi-escapes-0.2.1' from 'https://cache.nixos.org'...
copying path '/nix/store/h0vvbixpq4pmpgdzy3acxgppxqxcxnbx-cargo-package-strsim-0.11.1' from 'https://cache.nixos.org'...
copying path '/nix/store/z8jlpfzp2hsj639nf2rl42x2nblg5w7z-cargo-package-subtle-2.6.1' from 'https://cache.nixos.org'...
copying path '/nix/store/8xxcslc6pnvlbjlb2v1jpkx7axs8xjz4-cargo-package-syn-0.15.44' from 'https://cache.nixos.org'...
copying path '/nix/store/2iqpd9agcjhp008jhyvbib5r4sfqz7zp-cargo-package-sync_wrapper-1.0.2' from 'https://cache.nixos.org'...
copying path '/nix/store/n85zwgbm10rxf541byb34qg3cv0yywgp-cargo-package-synstructure-0.13.2' from 'https://cache.nixos.org'...
copying path '/nix/store/aipgszvbg5q28wf961q4vpql89kgmsqf-cargo-package-system-configuration-0.6.1' from 'https://cache.nixos.org'...
copying path '/nix/store/9139smfgz93ajdfd5ws7r7qk9n0m86ya-cargo-package-system-configuration-sys-0.6.0' from 'https://cache.nixos.org'...
copying path '/nix/store/q269qvvglas8ag2hk8fsfq6v1yb6yqvb-cargo-package-termtree-0.5.1' from 'https://cache.nixos.org'...
copying path '/nix/store/j37sk908cdp8xvrp691943r6smv5h0zs-cargo-package-tinystr-0.8.1' from 'https://cache.nixos.org'...
copying path '/nix/store/95cvzly5nsymwqcx0jbzgzlvs87261k6-cargo-package-tokio-1.47.1' from 'https://cache.nixos.org'...
copying path '/nix/store/1hh1jz9zxqi5mmi7xg59byl3vy7mpi8m-cargo-package-tokio-rustls-0.26.2' from 'https://cache.nixos.org'...
copying path '/nix/store/ij05y3n0491sp9g8dij2qnq30fnzcpb2-cargo-package-tokio-util-0.7.16' from 'https://cache.nixos.org'...
copying path '/nix/store/zrx9fpp36sn32ah2pai9fbqgqff5hrqm-cargo-package-tower-0.5.2' from 'https://cache.nixos.org'...
copying path '/nix/store/c36mbyzkd647g0i88vh70dpd0mlpc4xp-cargo-package-tower-http-0.6.6' from 'https://cache.nixos.org'...
copying path '/nix/store/vbpps1qbs4bcqy9p3qk9n6nx9xq21k1v-cargo-package-tower-layer-0.3.3' from 'https://cache.nixos.org'...
copying path '/nix/store/j0g0agf3sbbkmxydmzf25mpixsg8m9i0-cargo-package-tower-service-0.3.3' from 'https://cache.nixos.org'...
copying path '/nix/store/vkqzd3xm1yndlsqjfr8p9fj730jxllr5-cargo-package-tracing-0.1.41' from 'https://cache.nixos.org'...
copying path '/nix/store/0p576cq2zxkg5cmlkpllvrqpzyprzmlj-cargo-package-tracing-core-0.1.34' from 'https://cache.nixos.org'...
copying path '/nix/store/v0n3zbkrrdkiif05527s6pvq9p91ac3w-cargo-package-try-lock-0.2.5' from 'https://cache.nixos.org'...
copying path '/nix/store/4awbqj4ynq7dnh81fm5jqw7ysdxm3x2l-cargo-package-unicode-segmentation-1.12.0' from 'https://cache.nixos.org'...
copying path '/nix/store/77r5d6330cxvdrl6m42zxlsngv13gvf7-cargo-package-unicode-xid-0.1.0' from 'https://cache.nixos.org'...
copying path '/nix/store/5pvv53b7wpjg4ww8jx0xv2xyn89ganxm-cargo-package-untrusted-0.9.0' from 'https://cache.nixos.org'...
copying path '/nix/store/jvad82s3a703i9j0qqiwrl9nm6a553c9-cargo-package-utf8_iter-1.0.4' from 'https://cache.nixos.org'...
copying path '/nix/store/yv6vg073a3vymhp1nnzdfbq7bkkg0r3i-cargo-package-utf8parse-0.2.2' from 'https://cache.nixos.org'...
copying path '/nix/store/5k85dkc4k3zhjvdqq695818magscpqna-cargo-package-version_check-0.9.5' from 'https://cache.nixos.org'...
copying path '/nix/store/wajqgcg3v6vh8i1fizlnrnzf2svzlfm8-cargo-package-vte-0.14.1' from 'https://cache.nixos.org'...
copying path '/nix/store/xljl002z9v7samx5d98nm3yp5s5q852s-cargo-package-wait-timeout-0.2.1' from 'https://cache.nixos.org'...
copying path '/nix/store/clcg21ylqf1nxhpvmsy7wb55ayf4pfw3-cargo-package-walkdir-2.5.0' from 'https://cache.nixos.org'...
copying path '/nix/store/77ag6awmqbfmycx759c7nv0xy3m1mq39-cargo-package-want-0.3.1' from 'https://cache.nixos.org'...
copying path '/nix/store/7x2c8kyv9cap46msy7ihbsf118f7xvv1-cargo-package-wasi-0.11.1+wasi-snapshot-preview1' from 'https://cache.nixos.org'...
copying path '/nix/store/v9s2krvwvxkhmj43ckln6sfy35v9s83f-cargo-package-wasm-bindgen-0.2.100' from 'https://cache.nixos.org'...
copying path '/nix/store/1syy738h112fj4r96rfqcny0742g8521-cargo-package-wasm-bindgen-backend-0.2.100' from 'https://cache.nixos.org'...
copying path '/nix/store/f1f1fdha9ffdxz5vy5wwxpap0cmnn1l0-cargo-package-wasm-bindgen-futures-0.4.50' from 'https://cache.nixos.org'...
copying path '/nix/store/8sy99rx3n8mwgllkx5sp5gdqfp3lkflq-cargo-package-wasm-bindgen-macro-0.2.100' from 'https://cache.nixos.org'...
copying path '/nix/store/x64pk5lmi429k3fwyymmqla1bxh3a0z6-cargo-package-wasm-bindgen-macro-support-0.2.100' from 'https://cache.nixos.org'...
copying path '/nix/store/z3dlwhy005yilc53j170xymj2p3mrll7-cargo-package-wasm-bindgen-shared-0.2.100' from 'https://cache.nixos.org'...
copying path '/nix/store/65zqyh1r2zph2c9cz8kmmqj7bqi9h8lf-cargo-package-web-sys-0.3.77' from 'https://cache.nixos.org'...
copying path '/nix/store/1yvdmk9a6hpcm72mwbzl8hf0vxlcbfm8-cargo-package-winapi-0.3.9' from 'https://cache.nixos.org'...
copying path '/nix/store/626pb2vxx8d23z3q44j99ihc3zm6z3m8-cargo-package-winapi-i686-pc-windows-gnu-0.4.0' from 'https://cache.nixos.org'...
copying path '/nix/store/f0r0xckflhlkxqf7p9z9slgs42g0mx88-cargo-package-winapi-x86_64-pc-windows-gnu-0.4.0' from 'https://cache.nixos.org'...
copying path '/nix/store/8w5bjgmc8fflyxqjc32503l7slfrnsd6-cargo-package-windows-link-0.1.3' from 'https://cache.nixos.org'...
copying path '/nix/store/jg0wqzh868sgvpankv9zpdjpfh9a5kl8-cargo-package-windows-link-0.2.1' from 'https://cache.nixos.org'...
copying path '/nix/store/1gkfgplvl8xkpvmfhdqsnxja5l7b4lvl-cargo-package-windows-registry-0.5.3' from 'https://cache.nixos.org'...
copying path '/nix/store/hqfp2n41ywgbk80gq9qpy14y1qqb8mq7-cargo-package-windows-result-0.3.4' from 'https://cache.nixos.org'...
copying path '/nix/store/5zp4jbwms1gwr1280351pawr4325z3p3-cargo-package-windows-strings-0.4.2' from 'https://cache.nixos.org'...
copying path '/nix/store/v1r7iwlrvg0f5lm5yczpl5fmllqvnrkd-cargo-package-windows-sys-0.52.0' from 'https://cache.nixos.org'...
copying path '/nix/store/gdv878yaxl5badn3sg53m3r432c8c051-cargo-package-windows-sys-0.59.0' from 'https://cache.nixos.org'...
copying path '/nix/store/42h2vfj6pxgv1ckrqs6xlm8z9bdkgali-cargo-package-windows-sys-0.60.2' from 'https://cache.nixos.org'...
copying path '/nix/store/mrvcbd54xk3r01fkzbhqz87rj343xq84-cargo-package-windows-targets-0.52.6' from 'https://cache.nixos.org'...
copying path '/nix/store/pyvm0sczlka8glwv856j0p96aibc4mb3-cargo-package-windows-targets-0.53.3' from 'https://cache.nixos.org'...
copying path '/nix/store/q8gnb5m9ab7jzwpcj9b7xi1sv64zi5k5-cargo-package-windows_aarch64_gnullvm-0.52.6' from 'https://cache.nixos.org'...
copying path '/nix/store/0fnbd5vm1r0hagqnngbm54gpvv6yycy8-cargo-package-windows_aarch64_gnullvm-0.53.0' from 'https://cache.nixos.org'...
copying path '/nix/store/hxyj1bhn4jp0vi1w8kd8jzknp0rgawk1-cargo-package-windows_aarch64_msvc-0.52.6' from 'https://cache.nixos.org'...
copying path '/nix/store/gc3xdlxabclqa5ilqwvrlmwad9h7vygc-cargo-package-windows_aarch64_msvc-0.53.0' from 'https://cache.nixos.org'...
copying path '/nix/store/7yidk3sin29md5p1iiv0psxv6szdjp93-cargo-package-windows_i686_gnu-0.52.6' from 'https://cache.nixos.org'...
copying path '/nix/store/2r29h55ar8n6984sf7v2lwl3b3qp9j4g-cargo-package-windows_i686_gnu-0.53.0' from 'https://cache.nixos.org'...
copying path '/nix/store/lnjw7kym7cwwb4vindclhsh7vsckb1g5-cargo-package-windows_i686_gnullvm-0.52.6' from 'https://cache.nixos.org'...
copying path '/nix/store/r23xzxvww5wij1cgciq4f2jf2iwdml13-cargo-package-windows_i686_gnullvm-0.53.0' from 'https://cache.nixos.org'...
copying path '/nix/store/k18sdb8xs6wfkafrzvkdhrxrx2qvzfk4-cargo-package-windows_i686_msvc-0.52.6' from 'https://cache.nixos.org'...
copying path '/nix/store/cfg44niqxdsawlx97q2q34s95xxhp7qr-cargo-package-windows_i686_msvc-0.53.0' from 'https://cache.nixos.org'...
copying path '/nix/store/1jysv13wfnjiv8kxfi36lqckmchdbh70-cargo-package-windows_x86_64_gnu-0.52.6' from 'https://cache.nixos.org'...
copying path '/nix/store/kb3y8zainbrmm7hfdnix4bpi75r0z8yg-cargo-package-windows_x86_64_gnu-0.53.0' from 'https://cache.nixos.org'...
copying path '/nix/store/34jc09pi9c8sl0vkrzzyd22q4q222n3y-cargo-package-windows_x86_64_gnullvm-0.52.6' from 'https://cache.nixos.org'...
copying path '/nix/store/q55m4c7r5aidvl9sz2c19m45ycd557a4-cargo-package-windows_x86_64_gnullvm-0.53.0' from 'https://cache.nixos.org'...
copying path '/nix/store/5hni5lwklgcmxrkc1g19q52dgnlvh98m-cargo-package-windows_x86_64_msvc-0.52.6' from 'https://cache.nixos.org'...
copying path '/nix/store/90d3w5rrh6p4ldy38r4zppxgnakmdhfn-cargo-package-windows_x86_64_msvc-0.53.0' from 'https://cache.nixos.org'...
copying path '/nix/store/k28flc1jflzkbwlmfnam0n25mb37f02c-cargo-package-writeable-0.6.1' from 'https://cache.nixos.org'...
copying path '/nix/store/pq641hd3vn8zm3i68ln2hasgn7zblncl-cargo-package-yoke-0.8.0' from 'https://cache.nixos.org'...
copying path '/nix/store/1mssq2a5mld82s5bws4wrqnwf9b91wza-cargo-package-yoke-derive-0.8.0' from 'https://cache.nixos.org'...
copying path '/nix/store/haf6gh6hnf3wscg1mf35gf3qsnlkppxb-cargo-package-zerocopy-0.8.27' from 'https://cache.nixos.org'...
copying path '/nix/store/c6cnm815cxgabvlya57vinagkashn7w0-cargo-package-zerocopy-derive-0.8.27' from 'https://cache.nixos.org'...
copying path '/nix/store/icf622zkk6mky4b1a017hmfdfmls0akq-cargo-package-zerofrom-0.1.6' from 'https://cache.nixos.org'...
copying path '/nix/store/1ii3ki04spirn81pq9lldsxvp28dma7p-cargo-package-zerofrom-derive-0.1.6' from 'https://cache.nixos.org'...
copying path '/nix/store/4iqcsvf3bda7c0787nd6g40npx2djsj8-cargo-package-zeroize-1.8.1' from 'https://cache.nixos.org'...
copying path '/nix/store/yk9rypddsq23129y34klrl3wwdcvshv3-cargo-package-zerotrie-0.2.2' from 'https://cache.nixos.org'...
copying path '/nix/store/0crm98whml0rd0hwgr2wclzp6b7kqh2w-cargo-package-zerovec-0.11.4' from 'https://cache.nixos.org'...
copying path '/nix/store/i4c4rpk3i1a0ld61awi8sn53q6p85qp0-cargo-package-zerovec-derive-0.11.1' from 'https://cache.nixos.org'...
copying path '/nix/store/yyn3zd3xz88arbj1vdz9q10ygmnmfvzh-cargoHelperFunctionsHook' from 'https://cache.nixos.org'...
copying path '/nix/store/9zmx8bzkmniln49dsas5ih9jz2ynyl0n-cmdliner-1.3.0.tbz' from 'https://cache.nixos.org'...
copying path '/nix/store/kbdjsqbfz7xb11xsj9p3yc182ln92cyq-configureCargoCommonVarsHook' from 'https://cache.nixos.org'...
copying path '/nix/store/clvi2iswb68mc2zwagki6zggq2n09809-configureCargoVendoredDepsHook' from 'https://cache.nixos.org'...
copying path '/nix/store/lkq0hh2l01babavz15y4x4bghnvsxv50-crate-anyhow-1.0.94.tar.gz' from 'https://cache.nixos.org'...
copying path '/nix/store/cv8z7gjv04m4bmqwm6p88gama625aa1c-csexp-1.5.2.tbz' from 'https://cache.nixos.org'...
copying path '/nix/store/73m8ykpav2xjzn7vc9g28fnxb1z15rbg-ctor-0.1.26' from 'https://cache.nixos.org'...
copying path '/nix/store/2cprnxlnwhvh9v7156bqq9zav5nhhdv5-curl-8.16.0-man' from 'https://cache.nixos.org'...
copying path '/nix/store/gx4cnq9v663d1dpn7b0m30yn650qk9rv-die-hook' from 'https://cache.nixos.org'...
copying path '/nix/store/h69mnas97kz2gx0i2xnyi4aj18hpqqzs-diff-0.1.13' from 'https://cache.nixos.org'...
copying path '/nix/store/awryjikv6nw1z1m0w9rfskrkf8y0s8k5-domain-local-await-1.0.1.tbz' from 'https://cache.nixos.org'...
copying path '/nix/store/3ihvm4w37bc9xn5lcdj6qvbcvcpjv3v9-env_home-0.1.0' from 'https://cache.nixos.org'...
copying path '/nix/store/s9gg9ab24s43jbd134i2kyg3087rl5dx-equivalent-1.0.1' from 'https://cache.nixos.org'...
copying path '/nix/store/fbxnm0rmy9hq5wf80bfh992riqpd9z19-filetime-0.2.25' from 'https://cache.nixos.org'...
copying path '/nix/store/yb0arm5n2ldw9l7dzmhscr6r09jkbb7k-fmt-0.11.0.tbz' from 'https://cache.nixos.org'...
copying path '/nix/store/lipg9z1sgr83q5778sny5qpybyd6cc73-form_urlencoded-1.2.1' from 'https://cache.nixos.org'...
copying path '/nix/store/02jqkciz7lpq8m84z1vz56pbbaabas2q-gmp-with-cxx-static-x86_64-unknown-linux-musl-6.3.0' from 'https://cache.nixos.org'...
copying path '/nix/store/9d3kcxxdqwx2rml14kl6d62w21jg7prz-hashbrown-0.15.2' from 'https://cache.nixos.org'...
copying path '/nix/store/zjdyy1rv4nlqfk0z0sabxarks1ybrrq2-hyper-1.6.0' from 'https://cache.nixos.org'...
copying path '/nix/store/i7yr3psphc4v6qsdj79ahg29bqy0ykhq-idna-1.0.3' from 'https://cache.nixos.org'...
copying path '/nix/store/nbxh9hilp63kbwn446qcx7pianr13qgk-indexmap-2.7.0' from 'https://cache.nixos.org'...
copying path '/nix/store/nqj2bsvd4rqssvb7nxprf1p9lnqa7r35-inheritCargoArtifactsHook' from 'https://cache.nixos.org'...
copying path '/nix/store/z39v91bdhfivmi8ik8d0v5h2avc0jwy6-itoa-1.0.14' from 'https://cache.nixos.org'...
copying path '/nix/store/47qmfvgybql4v0z9lkh2y0mfvyx5ii69-js_of_ocaml-6.2.0.tbz' from 'https://cache.nixos.org'...
copying path '/nix/store/kq2s4hm71d3jdcskifwnzb38521kq0ih-libev-static-x86_64-unknown-linux-musl-4.33' from 'https://cache.nixos.org'...
copying path '/nix/store/f04v56v4i3z0mrvl2npgcx5k5a792yjc-libidn2-2.3.8' from 'https://cache.nixos.org'...
copying path '/nix/store/ib29qpv4pz7i6mxpdvxv9n82s8psvrk9-linux-headers-6.16.7' from 'https://cache.nixos.org'...
copying path '/nix/store/xrfkkdad328qrh6vdimzpphwass4cd3h-lock_api-0.4.14' from 'https://cache.nixos.org'...
copying path '/nix/store/4wxl9klqi9qj44lw0prjpzhfcbvp5qay-log-0.4.27' from 'https://cache.nixos.org'...
copying path '/nix/store/ghnfqakssd07x99n3qy7q4isfq57z1a5-logs-0.9.0.tbz' from 'https://cache.nixos.org'...
copying path '/nix/store/i5v920g9zxqigjfijjyq1iilg3imsx1w-mailcap-2.1.54' from 'https://cache.nixos.org'...
copying path '/nix/store/042p7x4lscfxn8azwf14pwqs3sx7z3rm-memchr-2.7.4' from 'https://cache.nixos.org'...
copying path '/nix/store/mjb7ijndi4nmv8xykhk534b2c25r1ai4-memchr-2.7.5' from 'https://cache.nixos.org'...
copying path '/nix/store/x5pwcjqipll3qg5y3x02m1bbq95gcbk0-mirrors-list' from 'https://cache.nixos.org'...
copying path '/nix/store/hcblxzlibh628yhn2g3562qv25l0bpdn-mtime-2.1.0.tbz' from 'https://cache.nixos.org'...
copying path '/nix/store/bps7k7blx2qqscg3r4sdlvhqiw7jvnaa-multicore-magic-2.3.1.tbz' from 'https://cache.nixos.org'...
copying path '/nix/store/37ybhv4yl4l26nb4y07zy5xx7hglcn02-musl-static-x86_64-unknown-linux-musl-1.2.5-bin' from 'https://cache.nixos.org'...
copying path '/nix/store/6la26z24sbgfq0v8f8xbaksicbvhjdm8-gmp-with-cxx-static-x86_64-unknown-linux-musl-6.3.0-dev' from 'https://cache.nixos.org'...
copying path '/nix/store/86v0jxqb8bssp8lbi8rmslwl4dj3qp9y-nghttp2-1.67.1' from 'https://cache.nixos.org'...
copying path '/nix/store/2m1gqh8bqfwq6z2l3x9zzhrraxd8jbxb-normalize-line-endings-0.3.0' from 'https://cache.nixos.org'...
copying path '/nix/store/6jsh5hyyli9ddac6dqxx07a68jzllkqb-nss-cacert-3.115' from 'https://cache.nixos.org'...
copying path '/nix/store/v9ikidxgznkb3z7ilxsvs6c93c191b8x-nu-ansi-term-0.50.1' from 'https://cache.nixos.org'...
copying path '/nix/store/j1mj3w4b3pqn8a7cj82ckxkhxzxhgq9i-openssl-probe-0.1.6' from 'https://cache.nixos.org'...
copying path '/nix/store/glpihjillqgm6kh1qdkabfdsnirhrd5w-optint-0.3.0.tbz' from 'https://cache.nixos.org'...
copying path '/nix/store/cn2q2aib2244pyy17spyw7wpqizffc67-output_vt100-0.1.3' from 'https://cache.nixos.org'...
copying path '/nix/store/s2nyi7m40vnd99iv2y3hs2l1hwgjkb8b-parking_lot-0.12.5' from 'https://cache.nixos.org'...
copying path '/nix/store/daamdpmaz2vjvna55ccrc30qw3qb8h6d-glibc-2.40-66' from 'https://cache.nixos.org'...
copying path '/nix/store/zyi1qhqajzss28h2j4q39r1y9m3h4sv9-parking_lot_core-0.9.12' from 'https://cache.nixos.org'...
copying path '/nix/store/7bf2lvmhsg9j77crxy69l0c6n6pmbvjj-percent-encoding-2.3.1' from 'https://cache.nixos.org'...
copying path '/nix/store/nmkd8dkmwhy9l2llva6xjb6j24l436i7-ppxlib-0.33.0.tbz' from 'https://cache.nixos.org'...
copying path '/nix/store/ip2gy6gicvs6039brp8nkcvpng9gq9k9-pretty_assertions-1.4.1' from 'https://cache.nixos.org'...
copying path '/nix/store/raqqrqv2bxa4hycw5829kmq9j2c10m5v-proc-macro2-1.0.92' from 'https://cache.nixos.org'...
copying path '/nix/store/0dqzmxlgkmw057ffz0cpcbszg17yfmrk-publicsuffix-list-0-unstable-2025-08-28' from 'https://cache.nixos.org'...
copying path '/nix/store/h3lka3dx9zr1hwv008x3rprbrq3q79hx-quote-1.0.37' from 'https://cache.nixos.org'...
copying path '/nix/store/qdr5xvxw9m10y9cdh2k0gyk1s3yg389b-re-1.12.0.tbz' from 'https://cache.nixos.org'...
copying path '/nix/store/19cmp1z66wfgxq97z82r9bmgaicfkr43-regex-1.11.1' from 'https://cache.nixos.org'...
copying path '/nix/store/cvgpjvkaxym72v0rc9784cqx7zy7rx1a-regex-automata-0.1.10' from 'https://cache.nixos.org'...
copying path '/nix/store/g43bn2ga3pwx5whld66b4d4i8mfgn898-regex-automata-0.4.9' from 'https://cache.nixos.org'...
copying path '/nix/store/x66nfhmvbj9j1zx9shj08yxnm4ypsa92-regex-syntax-0.6.29' from 'https://cache.nixos.org'...
copying path '/nix/store/brmns8mrpl3fi96bh8hkbsmkjpj3anzw-regex-syntax-0.8.5' from 'https://cache.nixos.org'...
copying path '/nix/store/85a2xmlmk3r9mwm5w59x4pyl3wp1yaf4-replaceCargoLockHook' from 'https://cache.nixos.org'...
copying path '/nix/store/djynli02dsja16dbn2zgwmwg7a4rivhh-result-1.5.tbz' from 'https://cache.nixos.org'...
copying path '/nix/store/bhafx38sk58fy2mkzyfhqlxx5as60dyx-ryu-1.0.18' from 'https://cache.nixos.org'...
copying path '/nix/store/k2s3nwif06y2mn6qr784qwfmbnb4vfr6-saturn-1.0.0.tbz' from 'https://cache.nixos.org'...
copying path '/nix/store/bscszp65mbsfifb1abd22k4a5495l108-semver-1.0.26' from 'https://cache.nixos.org'...
copying path '/nix/store/n6ya01fksrcp343wr5nf6x7008h2mmdc-serde-1.0.216' from 'https://cache.nixos.org'...
copying path '/nix/store/4ycj3cjjwmfw1pm46w08bi4hpls1xgxj-serde-1.0.228' from 'https://cache.nixos.org'...
copying path '/nix/store/hsy6f0v3wqij3k8annz4zlhn9xqmk8j4-serde_core-1.0.228' from 'https://cache.nixos.org'...
copying path '/nix/store/vrr8b5milyjf7xanflb0vjvwvarh0flf-serde_derive-1.0.216' from 'https://cache.nixos.org'...
copying path '/nix/store/9g6147v7j78yxd6zywj4ggbwv804f92c-serde_derive-1.0.228' from 'https://cache.nixos.org'...
copying path '/nix/store/95dz4j6fbcqx5f13jy5b1jz9kgq2s663-serde_json-1.0.133' from 'https://cache.nixos.org'...
copying path '/nix/store/i9jp72vclkxwji7aw4mylh0rykjwzz4q-serde_spanned-0.6.9' from 'https://cache.nixos.org'...
copying path '/nix/store/1f6rvq38rji3dircqm2y8lxsyd18mcjr-sharded-slab-0.1.7' from 'https://cache.nixos.org'...
copying path '/nix/store/025rfdxsmr2wz3n3i0y2a90qzhr5f0nl-source' from 'https://cache.nixos.org'...
copying path '/nix/store/1j12hxzhwlgz2yaiqh2vcml518ri1f6z-source' from 'https://cache.nixos.org'...
copying path '/nix/store/1zvmzy2hz9lachrc6b892mwdpjf09w3d-source' from 'https://cache.nixos.org'...
copying path '/nix/store/2crxrmmyr320bn7rzi0ymdc9s2xdr852-source' from 'https://cache.nixos.org'...
copying path '/nix/store/2f5544f6chlwkl9z3ir0fbv635a40c8g-source' from 'https://cache.nixos.org'...
copying path '/nix/store/2rzb78rldj2a1z2kygwxhi3i7926bp9d-source' from 'https://cache.nixos.org'...
copying path '/nix/store/2sd2gxx0kkjn23xkav31zlndh6fygqv1-source' from 'https://cache.nixos.org'...
copying path '/nix/store/2xxhpl65mr7ilxsfnjzwdli8xx17fp3j-source' from 'https://cache.nixos.org'...
copying path '/nix/store/2ygixza7jr84rmky9p7x3kiyxcn6kacg-source' from 'https://cache.nixos.org'...
copying path '/nix/store/305mwrdi5gm4j18hhbn5abldzrpk9jsg-source' from 'https://cache.nixos.org'...
copying path '/nix/store/36pvxbh600vhn7j7ikdgbwxs949idfrz-source' from 'https://cache.nixos.org'...
copying path '/nix/store/3bviq3r9snsxz9mmah6b1pii87kn4i8d-source' from 'https://cache.nixos.org'...
copying path '/nix/store/469d3wx1nm0cc4v992yxf6i6lvp1d43z-source' from 'https://cache.nixos.org'...
copying path '/nix/store/4cjcmfg23x8aldnqw8kyw0vh00x2lbk7-source' from 'https://cache.nixos.org'...
copying path '/nix/store/4kvdbj45887azj9r1rrzkminy8fy1zyz-source' from 'https://cache.nixos.org'...
copying path '/nix/store/56r5y90higf6530a7jxjk7jkhgvzblxj-source' from 'https://cache.nixos.org'...
copying path '/nix/store/5g26zn4nywnr1hivv79p7dnh5h71f2n7-source' from 'https://cache.nixos.org'...
copying path '/nix/store/5y6dihhmgggkbwk9yl73w2qvs6m19iy7-source' from 'https://cache.nixos.org'...
copying path '/nix/store/5z32n2kfbylvzqm1is5rq938cpnv4yii-source' from 'https://cache.nixos.org'...
copying path '/nix/store/7x8ipsx95ilfx4ycxgahc9dks61nxd8c-source' from 'https://cache.nixos.org'...
copying path '/nix/store/8d926vhj70kdrqz4sggwrpcqj9ddclgd-source' from 'https://cache.nixos.org'...
copying path '/nix/store/8l2i5yd7v4vxzwfc5bcdlgrrwbcp07ay-source' from 'https://cache.nixos.org'...
copying path '/nix/store/97f0mw3z7ih1qiwwl244d9ik5nrmgybm-source' from 'https://cache.nixos.org'...
copying path '/nix/store/9993wip8j2fslinw4dbl38l8l8gma6hi-source' from 'https://cache.nixos.org'...
copying path '/nix/store/9mprzgsmidyfv1y7v0hhdaq0n5l8hf00-source' from 'https://cache.nixos.org'...
copying path '/nix/store/9pdgbffz64zrgq2c842yr50mdwmyzsj6-source' from 'https://cache.nixos.org'...
copying path '/nix/store/ab4inq2jgq61gxzk8x7s8yjfcbci3qr8-source' from 'https://cache.nixos.org'...
copying path '/nix/store/acadc1ylls8mr6a9f7rwvivyp37b3smr-source' from 'https://cache.nixos.org'...
copying path '/nix/store/achq7k0wxia2gmx3s67y1imsrwrgc8xg-source' from 'https://cache.nixos.org'...
copying path '/nix/store/ahi32xidcn3qpmnlkgf9yznkqsdhd6n0-source' from 'https://cache.nixos.org'...
copying path '/nix/store/aplz7r75fr86jhmsd9fffyxxa2xqpv3q-source' from 'https://cache.nixos.org'...
copying path '/nix/store/b5h3gw2mhqwp01nafgfqjg9vxm3653an-source' from 'https://cache.nixos.org'...
copying path '/nix/store/bsj9cqdm7b4bnbixmjjby0jsfv8gp6id-source' from 'https://cache.nixos.org'...
copying path '/nix/store/bwjj2vcnmv6ldsmp188hr99c0rp26j4y-source' from 'https://cache.nixos.org'...
copying path '/nix/store/c50yggdpvcb2v7crn2i1vdil5khdwfqv-source' from 'https://cache.nixos.org'...
copying path '/nix/store/d1cyrd1ba8afmwj3c6wh8v523fsmbvc8-source' from 'https://cache.nixos.org'...
copying path '/nix/store/dh8wvqa4fkjqkz83n66qi1pkzgcd5qfn-source' from 'https://cache.nixos.org'...
copying path '/nix/store/dkslmryz36hv8vp2sk8hs2jghh5m53cd-source' from 'https://cache.nixos.org'...
copying path '/nix/store/dlk4sj5dmfkp7nsnirq033inq03r76c7-source' from 'https://cache.nixos.org'...
copying path '/nix/store/dm97jyck7v8nl6bjiwdllkj3hr10kylf-source' from 'https://cache.nixos.org'...
copying path '/nix/store/f25w64vcjflx3n0a2afp4ssnlgg3vxbk-source' from 'https://cache.nixos.org'...
copying path '/nix/store/f9ggypq80rabhpmhkh4yy92mwbfl285v-source' from 'https://cache.nixos.org'...
copying path '/nix/store/fdfrs2cjb64fgnzmjclx2r3mhqsl3xl7-source' from 'https://cache.nixos.org'...
copying path '/nix/store/fjlq0vqvaa3j06nq7v29p9h8ai4iywac-source' from 'https://cache.nixos.org'...
copying path '/nix/store/fp6mw0zfldclhhd5zmj8cyp60yky4sng-source' from 'https://cache.nixos.org'...
copying path '/nix/store/fwz501qpahppxx0574zxi60cpwz2mw6y-source' from 'https://cache.nixos.org'...
copying path '/nix/store/hkxcf2w3y64i8d1q4nzkz29kwbsph75a-source' from 'https://cache.nixos.org'...
copying path '/nix/store/i0pcwvl4xb18c6g0jnj4mnpasamcjkc5-source' from 'https://cache.nixos.org'...
copying path '/nix/store/jrzs9pv6gfjd77dsmysbklg7xxmqp2k9-source' from 'https://cache.nixos.org'...
copying path '/nix/store/khg6ddp9biim2cik15g4cj7ps8sg67lq-source' from 'https://cache.nixos.org'...
copying path '/nix/store/kjm33jbma1xvcq336qaw5f6ibppgw6b8-source' from 'https://cache.nixos.org'...
copying path '/nix/store/kkkv3njshsayl6q6877x6lkzq3x1y8nl-source' from 'https://cache.nixos.org'...
copying path '/nix/store/kyw0617gg1kjms48rqnqlfjd5n3kb86j-source' from 'https://cache.nixos.org'...
copying path '/nix/store/l0fs3p61p3kw1gjyjb4v3mmrcsy5xmz6-source' from 'https://cache.nixos.org'...
copying path '/nix/store/l86rkhg5gfqxvb8rrypavv8qg01z7yxv-source' from 'https://cache.nixos.org'...
copying path '/nix/store/m5jpqi2w5f3v0maip2shrz7wb04id64a-source' from 'https://cache.nixos.org'...
copying path '/nix/store/mvvhlp6jgys4zxxvl0k404cm7pgh909a-source' from 'https://cache.nixos.org'...
copying path '/nix/store/n29khz38cmw959za1xxpz3hsghh21wi7-source' from 'https://cache.nixos.org'...
copying path '/nix/store/n9bsv1wgp33n61biwr86mj1yh9wbc5wx-source' from 'https://cache.nixos.org'...
copying path '/nix/store/px9868s6266k9bmc9pm66dd7z9vkq26x-attr-2.5.2' from 'https://cache.nixos.org'...
copying path '/nix/store/ciarnmsx8lvsrmdbjddpmx0pqjrm8imb-bash-5.3p3' from 'https://cache.nixos.org'...
copying path '/nix/store/9qqi70nhacrdaq6i9063cszipizvgxvy-brotli-1.1.0-lib' from 'https://cache.nixos.org'...
copying path '/nix/store/gpwlv1hsykscxws6h8r2cv17lkchpmwq-bzip2-1.0.8' from 'https://cache.nixos.org'...
copying path '/nix/store/1ak862nxs1binb1mx1c26cqlwczkhizp-dune-3.20.2' from 'https://cache.nixos.org'...
copying path '/nix/store/9xlxcg4yacdqbmihn98ilyqz54653mir-ed-1.22.2' from 'https://cache.nixos.org'...
copying path '/nix/store/kjhllhadx9arb3729h6n9kyalyn89hhy-expand-response-params' from 'https://cache.nixos.org'...
copying path '/nix/store/zzks84x50a53bsqyan7mqsac192xsjcy-expand-response-params' from 'https://cache.nixos.org'...
copying path '/nix/store/86f8ip7shrdrrhwc12gqkspzn9vsd58m-expat-2.7.3' from 'https://cache.nixos.org'...
copying path '/nix/store/vzj5iy2png2rs6q2kb3svzp0cnd878f1-bzip2-1.0.8-bin' from 'https://cache.nixos.org'...
copying path '/nix/store/8c4l9cqqj7pixqlmljx5d495pfpw8pys-gawk-5.3.2' from 'https://cache.nixos.org'...
copying path '/nix/store/z7a34j3xnp66rpddayyxrxwsahxccbip-gcc-14.3.0-lib' from 'https://cache.nixos.org'...
copying path '/nix/store/1sp8midcj4228wxi654ljz82bmr91b8b-gdbm-1.26-lib' from 'https://cache.nixos.org'...
copying path '/nix/store/76zn66xib0r80s5y7p0m1ba3y036sxwh-glibc-2.40-66-bin' from 'https://cache.nixos.org'...
copying path '/nix/store/3cja37awy19d63ipvgpjiksd0qcmwcl2-gmp-6.3.0' from 'https://cache.nixos.org'...
copying path '/nix/store/va4ykvqxc0c8rdf7v46ypyd9mim0yrbz-gnu-config-2024-01-01' from 'https://cache.nixos.org'...
copying path '/nix/store/43lv2nr7pj7wy09qyicjq57bl209ccis-gnumake-4.4.1' from 'https://cache.nixos.org'...
copying path '/nix/store/1wqcyv7jskdksni72l93455rp903jh9m-acl-2.3.2' from 'https://cache.nixos.org'...
copying path '/nix/store/zppkx0lkizglyqa9h26wf495qkllrjgy-gnused-4.9' from 'https://cache.nixos.org'...
copying path '/nix/store/vjj9x3dzszbzjpkzwx63z4gpypiqphzf-gzip-1.14' from 'https://cache.nixos.org'...
copying path '/nix/store/rdj3lfinsxmfzyjgnmbgnir188jkg32b-keyutils-1.6.3-lib' from 'https://cache.nixos.org'...
copying path '/nix/store/cyw33ds8cfwj1c6740llq1mzk4iinspp-libffi-3.5.2' from 'https://cache.nixos.org'...
copying path '/nix/store/hk3mw2y5kwl2p6d92pp2vq4i3ncydqhx-libgpg-error-1.55' from 'https://cache.nixos.org'...
copying path '/nix/store/30s8lvymqlfxvcdcm35nd0qrk6hp2bm9-libpsl-0.21.5' from 'https://cache.nixos.org'...
copying path '/nix/store/avva5jz4vnkxxzdi8bbai3yq9476l69b-libxml2-2.15.0' from 'https://cache.nixos.org'...
copying path '/nix/store/cihhgryb5r51qiklgziz0m3qbjx3zwj0-libyaml-0.2.5' from 'https://cache.nixos.org'...
copying path '/nix/store/hxns4m9anvw3gzviknnl3lz9sd7i2xz9-isl-0.20' from 'https://cache.nixos.org'...
copying path '/nix/store/bkqmnfjxz8gx26n665akbdac31dp4i92-lndir-1.0.5' from 'https://cache.nixos.org'...
copying path '/nix/store/ig6a9qcxa2rxr0xrbgiclk8rsv4bnvhz-lz4-1.10.0-lib' from 'https://cache.nixos.org'...
copying path '/nix/store/0vqrw0y515015i3065r9s00jcp1cd4hy-glibc-2.40-66-dev' from 'https://cache.nixos.org'...
copying path '/nix/store/dhbiqnvgsk6yadj65d95ng7j5fpmi1mf-make-shell-wrapper-hook' from 'https://cache.nixos.org'...
copying path '/nix/store/3m0zcl1by8ifylmgdcaa317cnhqn8q95-gnutar-1.35' from 'https://cache.nixos.org'...
copying path '/nix/store/sz6wl3f9hdlmkj141mg0p4lzqf8h3b91-mpdecimal-4.0.1' from 'https://cache.nixos.org'...
copying path '/nix/store/dg2ylz80v4rkzcdy13qc7a60jqh0k6ps-mpfr-4.2.2' from 'https://cache.nixos.org'...
copying path '/nix/store/b50b609gy5axb7szhdayn6dailb2is37-musl-static-x86_64-unknown-linux-musl-1.2.5-dev' from 'https://cache.nixos.org'...
copying path '/nix/store/s58723hvjaaq0qs3h61mn64mwp7044wj-ncurses-6.5' from 'https://cache.nixos.org'...
copying path '/nix/store/5gn6gxwj5z9liir7vpr78h0rd56dfhri-nghttp2-1.67.1-lib' from 'https://cache.nixos.org'...
copying path '/nix/store/cb4kq0izb6z00n5jq850l2nwcjsh3k8d-nghttp2-1.67.1-lib' from 'https://cache.nixos.org'...
copying path '/nix/store/jvrplmhg6qfj6m21xrf7adb8cixbfj4q-nghttp3-1.12.0' from 'https://cache.nixos.org'...
copying path '/nix/store/25ab20gpl77zrgfq9krgrqb2jxcifhb0-ocaml-4.14.2' from 'https://cache.nixos.org'...
copying path '/nix/store/j3i2vh7fmimh4mqv136zpzfb6f03wq99-libgcrypt-1.11.2-lib' from 'https://cache.nixos.org'...
copying path '/nix/store/jbax1j60561siini5xyfs6j8sb32slvd-cargo-auditable-0.6.5' from 'https://cache.nixos.org'...
copying path '/nix/store/j9sgc900ww49shgx3nmf7irrwk8ak9sy-gmp-with-cxx-6.3.0' from 'https://cache.nixos.org'...
copying path '/nix/store/sd9c9h940yv36386mvyq2vqmyv80qnsc-gmp-with-cxx-6.3.0' from 'https://cache.nixos.org'...
copying path '/nix/store/apw9gd13lhhcayqsh7qxzwqvg8h97img-ocaml4.14.2-cppo-1.8.0' from 'https://cache.nixos.org'...
copying path '/nix/store/hngzc1p2rxbxhywr13hynwq24i7cs1nq-oniguruma-6.9.10-lib' from 'https://cache.nixos.org'...
copying path '/nix/store/wwi3cjwp3wjsfxqa32lfiv0bp95r4b85-opaline-0.3.3' from 'https://cache.nixos.org'...
copying path '/nix/store/0gjziipccqwj9wid4lf6v7lsl0klkk8m-openssl-3.6.0' from 'https://cache.nixos.org'...
copying path '/nix/store/llswcygvgv9x2sa3z6j7i0g5iqqmn5gn-openssl-3.6.0' from 'https://cache.nixos.org'...
copying path '/nix/store/miap8jjp87z0gibkrzh68lw2w8kzy4yx-patch-2.8' from 'https://cache.nixos.org'...
copying path '/nix/store/s4mdinbgcqci35a9jd2iv30yyvv6dhwv-libmpc-1.3.1' from 'https://cache.nixos.org'...
copying path '/nix/store/85n78yrssyfc65f32yxpqqcpzkgbjv8c-patchelf-0.15.2' from 'https://cache.nixos.org'...
copying path '/nix/store/x0ynw9956mgppnglwr25x9g46v1vb0m1-nghttp2-1.67.1-dev' from 'https://cache.nixos.org'...
copying path '/nix/store/2mxwf1zi8gxzmynnv9j903igzimmm8zj-pcre2-10.46' from 'https://cache.nixos.org'...
copying path '/nix/store/800by8bylpwpl0kv4hcrg22534ipcxfq-pkg-config-0.29.2' from 'https://cache.nixos.org'...
copying path '/nix/store/k5zdnxafkprfhb26n9xkbx7dd20vg2rf-popt-1.19' from 'https://cache.nixos.org'...
copying path '/nix/store/y701r3lp5lh417yavlkmpbdafr3i15nj-isl-0.20' from 'https://cache.nixos.org'...
copying path '/nix/store/xs8scz9w9jp4hpqycx3n3bah5y07ymgj-coreutils-9.8' from 'https://cache.nixos.org'...
copying path '/nix/store/vx7j25sd17vqcqgj166fziagz15kdyz6-mpfr-4.2.2' from 'https://cache.nixos.org'...
copying path '/nix/store/zsw99s8nv2qffdg47jf8x8pyml9b0x2r-jq-1.8.1' from 'https://cache.nixos.org'...
copying path '/nix/store/wy4jk1cb5l00rlvjb1kgwbsxz5kggm8s-readline-8.3p1' from 'https://cache.nixos.org'...
copying path '/nix/store/pmll63pfsvf8xdni6gj29z6lyzh5712k-source' from 'https://cache.nixos.org'...
copying path '/nix/store/pn8bc7il8zpkzfyq1g8l10h8yjb27cn0-source' from 'https://cache.nixos.org'...
copying path '/nix/store/qhb9x8x3mrpnavlqghydyrvq0cvp0i0z-source' from 'https://cache.nixos.org'...
copying path '/nix/store/qin0rhzr0fdag3j1jyxyif5rjrv702ca-source' from 'https://cache.nixos.org'...
copying path '/nix/store/qjmcnaijbkd922pa0y5pg02bjm0nnw5n-source' from 'https://cache.nixos.org'...
copying path '/nix/store/qvvvscamfhlvigak067i5cqm4sjw6c69-source' from 'https://cache.nixos.org'...
copying path '/nix/store/rmrqfxxg8m605y9vyr93c9bxziw2wgw9-source' from 'https://cache.nixos.org'...
copying path '/nix/store/gm9mjpm5y5kqnximvnqspk8x4ljk92kv-krb5-1.22.1-lib' from 'https://cache.nixos.org'...
copying path '/nix/store/22r4s6lqhl43jkazn51f3c18qwk894g4-gnugrep-3.12' from 'https://cache.nixos.org'...
copying path '/nix/store/q7xpf2mw8n5x8gqmbjbm62b3m0wdv6wm-libselinux-3.8.1' from 'https://cache.nixos.org'...
copying path '/nix/store/lnykqqapknvsnm36ysviyd5hp1fy4add-ngtcp2-1.15.1' from 'https://cache.nixos.org'...
copying path '/nix/store/7ql4x9i7w7ihxw23vkanvcvrvqhay23c-diffutils-3.12' from 'https://cache.nixos.org'...
copying path '/nix/store/qqvfnxa9jg71wp4hfg1l63r4m78iwvl9-findutils-4.10.0' from 'https://cache.nixos.org'...
copying path '/nix/store/frzsv47z1mcyrp941zab08mx6kardizi-jq-1.8.1-bin' from 'https://cache.nixos.org'...
copying path '/nix/store/may4yj21malwkirqzlg9z25zfkakfyqy-libmpc-1.3.1' from 'https://cache.nixos.org'...
copying path '/nix/store/fdjz8wqw1yfh3pb58vrsswc30qwz42mx-bash-interactive-5.3p3' from 'https://cache.nixos.org'...
copying path '/nix/store/6w1vcxyd847higmrk79fg11rhdja1l91-krb5-1.22.1-lib' from 'https://cache.nixos.org'...
copying path '/nix/store/bd659hm4l8y09pgihl5drzbd6flmgpnd-openssl-3.6.0-bin' from 'https://cache.nixos.org'...
copying path '/nix/store/3gn1hlciymm7yw3kvkvss2ixvczms3w6-ripgrep-15.1.0' from 'https://cache.nixos.org'...
copying path '/nix/store/sj5arzivqrv868vih4gz45fgy9v9h7q4-source' from 'https://cache.nixos.org'...
copying path '/nix/store/v9003gghqc2wwyh7zm1bxwf37ihisag9-source' from 'https://cache.nixos.org'...
copying path '/nix/store/vl0vnsq8gkqbc54yylaxcdzisldznhbx-source' from 'https://cache.nixos.org'...
copying path '/nix/store/vpqlnmjixk4kbfid96j57ylxl9576m0v-source' from 'https://cache.nixos.org'...
copying path '/nix/store/wf196akwvd30s7hrzvkqfr22sgxa3j0k-source' from 'https://cache.nixos.org'...
copying path '/nix/store/wkfig0rx9h12ahjpsbf24064a9x1sck9-source' from 'https://cache.nixos.org'...
copying path '/nix/store/wzi879f8r48g7chv3lrzc556h4kckw6r-source' from 'https://cache.nixos.org'...
copying path '/nix/store/xpf4k38ms5n8pgzvkpg07xp7al6aafal-source' from 'https://cache.nixos.org'...
copying path '/nix/store/y1cxg3l9fp35bal7hdc4m4bvab0r24cm-source' from 'https://cache.nixos.org'...
copying path '/nix/store/caq8n6m9m5zyhf0by83ksbimqmpggkwr-jq-1.8.1-dev' from 'https://cache.nixos.org'...
copying path '/nix/store/z0hs2gllz31d1dbw00phy9j27mcwci8l-source' from 'https://cache.nixos.org'...
copying path '/nix/store/z2cc4wn57i48ldxxjcqzc4ryfngk21fv-source' from 'https://cache.nixos.org'...
copying path '/nix/store/zhwd27nx771mlqbz28ni3hbl6i36kyc5-source' from 'https://cache.nixos.org'...
copying path '/nix/store/l9b9z2n8mx5l1m3gi13s1xcgwnlkn1q5-openssl-3.6.0-dev' from 'https://cache.nixos.org'...
copying path '/nix/store/j00lh8i4xa2v7lrjrz95mcsjl9yh0bj0-krb5-1.22.1' from 'https://cache.nixos.org'...
copying path '/nix/store/znf880kn10bc1gi9wy462fzybhy8d2ip-source' from 'https://cache.nixos.org'...
copying path '/nix/store/zs72fx4smnh6whgc1s86w36vsgyqg8cz-source' from 'https://cache.nixos.org'...
copying path '/nix/store/xzgsfzy75d1gmllw684kn4sycca3zhin-spin-0.9.8' from 'https://cache.nixos.org'...
copying path '/nix/store/4s1xcdc1k3jqlprql3f5c6pdadwmhi47-stdlib-shims-0.3.0.tbz' from 'https://cache.nixos.org'...
copying path '/nix/store/jm2ab3xrg2isa4kzqm0hvx4lcs7rixki-syn-1.0.109' from 'https://cache.nixos.org'...
copying path '/nix/store/hpb7vnj27y3f6pjffd0nnqhwm1qd5b9k-syn-2.0.90' from 'https://cache.nixos.org'...
copying path '/nix/store/z92481h13hkvppqpqgaa7d86kxc7ks3y-tar-0.4.44' from 'https://cache.nixos.org'...
copying path '/nix/store/0w0i3zcjiq9r2rllpznycsm62f4zz1pb-thiserror-2.0.18' from 'https://cache.nixos.org'...
copying path '/nix/store/dsf7z4y33x5qynaajpxdw0k17nap2mna-thiserror-impl-2.0.18' from 'https://cache.nixos.org'...
copying path '/nix/store/0dww81mirdpkgfpxj4z1a682vydjwika-thread-table-1.0.0.tbz' from 'https://cache.nixos.org'...
copying path '/nix/store/k940c4pdzal8khws2rgdxl4mkwr7bggj-thread_local-1.1.9' from 'https://cache.nixos.org'...
copying path '/nix/store/xr5wvmlspscih24v1kdisgldnvsrhkz5-time-0.3.41' from 'https://cache.nixos.org'...
copying path '/nix/store/ikcpzzdyfkqqx6jinl4fc6m6qckmjdzx-time-core-0.1.4' from 'https://cache.nixos.org'...
copying path '/nix/store/nihcryys4dzxm3mp57xjav714z2ib70b-time-macros-0.2.22' from 'https://cache.nixos.org'...
copying path '/nix/store/rq2317ikg6jlqclr0dnrn9a7qmx9nj73-toml-0.8.23' from 'https://cache.nixos.org'...
copying path '/nix/store/r36jqgp78lld8mhjxlp7k2dh2wwnl2f9-toml_datetime-0.6.11' from 'https://cache.nixos.org'...
copying path '/nix/store/xf6hddbin0a4l6iv8ikcb3rg90my23gr-toml_datetime-0.6.8' from 'https://cache.nixos.org'...
copying path '/nix/store/m9bgsw6m9g22pg6lahqv5j9b3j70nhmx-krb5-1.22.1-dev' from 'https://cache.nixos.org'...
copying path '/nix/store/zqqssw5i656mx59x8bcwjbq5fr1qp03l-toml_edit-0.22.22' from 'https://cache.nixos.org'...
copying path '/nix/store/27ljf52sblgsyh1sgqgkzy1016id90mn-toml_edit-0.22.27' from 'https://cache.nixos.org'...
copying path '/nix/store/fxwf803avq6zw5gg4phj69cgbp7p507q-toml_write-0.1.2' from 'https://cache.nixos.org'...
copying path '/nix/store/ravmgf5lxzprv9k3dkdx85mbmlghi1yx-topkg-1.1.0.tbz' from 'https://cache.nixos.org'...
copying path '/nix/store/83yg46v6a2p4dam30yh668lhrwggdla3-tracing-attributes-0.1.30' from 'https://cache.nixos.org'...
copying path '/nix/store/csfajb1l34wlq2s48cx60avycwh40fs9-tracing-log-0.2.0' from 'https://cache.nixos.org'...
copying path '/nix/store/c6lkjqkkc4cl4pffj4i3l22rv4ihhpb9-tzdata-2025b' from 'https://cache.nixos.org'...
copying path '/nix/store/nf8kgd0pnhvqly8sz476s67z2y0yffwi-uchar-0.0.2.tbz' from 'https://cache.nixos.org'...
copying path '/nix/store/26rw6mx8kspgjmysbc68n9afhj7vfrrd-unicode-ident-1.0.14' from 'https://cache.nixos.org'...
copying path '/nix/store/a9r8bma07jgqgmva6lxlhxr3gjrp5rk6-unicode-ident-1.0.18' from 'https://cache.nixos.org'...
copying path '/nix/store/k8s5jqr15iqa2bk675n5lanrml22xn03-update-autotools-gnu-config-scripts-hook' from 'https://cache.nixos.org'...
copying path '/nix/store/lbfg38p9kgm2dadwjqa7fgv0sjjh3ban-update-autotools-gnu-config-scripts-hook' from 'https://cache.nixos.org'...
copying path '/nix/store/w605x747bkdymdry7swli90aqxm6b2yg-url-2.5.4' from 'https://cache.nixos.org'...
copying path '/nix/store/2ygdmv2n5z3xz29j9bb6982adwq2vq5p-util-linux-minimal-2.41.2-lib' from 'https://cache.nixos.org'...
copying path '/nix/store/qpvgvzi1lsp1kkfc1yprb1hyv162f0rv-uucd-17.0.0.tbz' from 'https://cache.nixos.org'...
copying path '/nix/store/jls1wajz6kacbvw63k541bybv1hv1vmq-uucp-17.0.0.tbz' from 'https://cache.nixos.org'...
copying path '/nix/store/7v5rdxwr7cnl8867cizxpvm0yaphz271-uunf-17.0.0.tbz' from 'https://cache.nixos.org'...
copying path '/nix/store/l679yzy83s7r6j673hxb6x66bjd51hg7-uutf-1.0.4.tbz' from 'https://cache.nixos.org'...
copying path '/nix/store/qpfrkw42z2z9s8dvxii3zwq3ri6gfndj-valuable-0.1.1' from 'https://cache.nixos.org'...
copying path '/nix/store/79mkgw9m3s131r89x4r99cmn9bb44lw8-vector-1.0.0.tbz' from 'https://cache.nixos.org'...
copying path '/nix/store/6vil2rr6is902n8mpzf56bsr7sfhxdg9-wasi-0.14.2+wasi-0.2.4' from 'https://cache.nixos.org'...
copying path '/nix/store/pjxci03wjn7d444bl4l3vw11fdvfbdcw-winapi-util-0.1.9' from 'https://cache.nixos.org'...
copying path '/nix/store/a4nx3b2wrrsw8is99adqw47xqa72267l-winnow-0.6.20' from 'https://cache.nixos.org'...
copying path '/nix/store/1pnyjy2454pmlcif1422mfr6hkmf26c3-winsafe-0.0.19' from 'https://cache.nixos.org'...
copying path '/nix/store/6kbakc9l50v2y4h4sjmixvvlcn37a5v1-wit-bindgen-rt-0.39.0' from 'https://cache.nixos.org'...
copying path '/nix/store/l7a6khm7sm1zsh6dx9fg6srfkpzqnnrb-x86_64-unknown-linux-musl-pkg-config-wrapper-0.29.2' from 'https://cache.nixos.org'...
copying path '/nix/store/riamc5dkndmvnrlk4j96ivi8lhichllj-xmlm-1.4.0.tbz' from 'https://cache.nixos.org'...
copying path '/nix/store/0hxz1cmfpx7k9yjp7xpj6wqj5z00ksxw-xxHash-0.8.3' from 'https://cache.nixos.org'...
copying path '/nix/store/mqi9i9hx29gpsv24jqr11208yn4jfqkk-xz-5.8.1' from 'https://cache.nixos.org'...
copying path '/nix/store/vjwcmh2qsghhn13kzff9n0746z9sv1fy-yansi-1.0.1' from 'https://cache.nixos.org'...
copying path '/nix/store/fbwk0i0gnsz06iv3lpg1ki0445b61kd3-yojson-2.2.2.tbz' from 'https://cache.nixos.org'...
copying path '/nix/store/z55x0q74zldi64iwamqf8wgrm2iza5rk-zlib-1.3.1' from 'https://cache.nixos.org'...
copying path '/nix/store/mmfrs9gzbhrfgv12ff68a056yv942s21-zstd-1.5.7' from 'https://cache.nixos.org'...
copying path '/nix/store/myb8idv24r607ff8zgg5d0n3291mrs3p-binutils-2.44-lib' from 'https://cache.nixos.org'...
copying path '/nix/store/n686xm9c2ak4x02pj9izvkm0zx7ilwir-file-5.45' from 'https://cache.nixos.org'...
copying path '/nix/store/ffrg0560kj0066s4k9pznjand907nlnz-gcc-14.3.0' from 'https://cache.nixos.org'...
copying path '/nix/store/4z66ad4phbjkmkb8h0cyr6pls8q9l84a-glib-2.84.4' from 'https://cache.nixos.org'...
copying path '/nix/store/dgnrgkp6sz4a7laafxin2a87d1rpiwck-libssh2-1.11.1' from 'https://cache.nixos.org'...
copying path '/nix/store/mlkib9x3s71ykinpld8gmyaymy6ml0lq-libssh2-1.11.1' from 'https://cache.nixos.org'...
copying path '/nix/store/krcdpgjd3h5qdpiz1iar1krffwx6sn2j-llvm-21.1.2-lib' from 'https://cache.nixos.org'...
copying path '/nix/store/h6xv1avd5a55aa5c2d3cd069j7hlcv2y-sqlite-3.50.4' from 'https://cache.nixos.org'...
copying path '/nix/store/vyjb7wdvp9snl6a10n0k7f7q212dsfis-x86_64-unknown-linux-musl-binutils-2.44' from 'https://cache.nixos.org'...
copying path '/nix/store/hwqbid7b85dfdvyj0ckgi2c6a4ir653q-zlib-1.3.1-dev' from 'https://cache.nixos.org'...
copying path '/nix/store/vwx988887gsrdvg9lbg5f03sy91wrjjv-xz-5.8.1-bin' from 'https://cache.nixos.org'...
copying path '/nix/store/s5klmyj13azll490xf3rb7a7qi5dmwjy-rsync-3.4.1' from 'https://cache.nixos.org'...
copying path '/nix/store/bws65kn5ji8vpi51dsxhvn22kxgm5kmk-zstd-1.5.7-bin' from 'https://cache.nixos.org'...
copying path '/nix/store/8np9zvwqmwsnbkbrwm8x7jq4ygdkjz5g-curl-8.16.0' from 'https://cache.nixos.org'...
copying path '/nix/store/005yvr7yw23chxj4f0y0mdxsyj2jcxz6-curl-8.16.0' from 'https://cache.nixos.org'...
copying path '/nix/store/fxfmm292pd3xxbs5m3lwldd8gyq2bf2z-libssh2-1.11.1-dev' from 'https://cache.nixos.org'...
copying path '/nix/store/5qcd928pj1p0qxpn7lwg9prlfwsd581x-stdenv-linux' from 'https://cache.nixos.org'...
copying path '/nix/store/6lqhiqg4mf4qdiynr7rhhzgc4q3f2skp-stdenv-linux' from 'https://cache.nixos.org'...
copying path '/nix/store/416ykpc2bksb90sd1ia8cybxb3p83mrd-binutils-2.44' from 'https://cache.nixos.org'...
copying path '/nix/store/cfapjd2rvqrpry4grb0kljnp8bvnvfxz-python3-3.13.8' from 'https://cache.nixos.org'...
copying path '/nix/store/v12k3k3nbhhqmwcvzbsljr135wbrwnsr-zstd-1.5.7-dev' from 'https://cache.nixos.org'...
copying path '/nix/store/g3y29ls879q5yp56gx0g2lqkqwp6qrn3-curl-8.16.0-bin' from 'https://cache.nixos.org'...
building '/nix/store/9xa3pj1cv91n1y3fsi163z1vkpfm2fg2-setupHook.sh.drv'...
building '/nix/store/kxn5b8a0lh91qf6nhwd8vxjg7zjadi40-anyhow-1.0.94.drv'...
building '/nix/store/5kvixn7ras3qiwv16gk4zpzybncic894-dummy.rs.drv'...
copying path '/nix/store/p3zp5d3ihlzs3p8wx3cnjd5cf8w8d7ki-curl-8.16.0-dev' from 'https://cache.nixos.org'...
building '/nix/store/zbczqn7l6jsma9adk0n45lh83s0d7hfa-cargo-vendor-dir.drv'...
copying path '/nix/store/6kr8bmdflzw34j7n388f5z7m3w6ra5yl-libsecret-0.21.7' from 'https://cache.nixos.org'...
building '/nix/store/csb2m9w64n32gzqak7r5pj1v36xrd54g-dummy.rs.drv'...
building '/nix/store/a89qj19f9c39vpi4ddw3xlj8x3y19x0z-annotate-snippets-0.12.12.drv'...
copying path '/nix/store/918ldr9axgh5kdmpp5fnj2n37pyghwbx-binutils-wrapper-2.44' from 'https://cache.nixos.org'...
copying path '/nix/store/qikdh8kf8sr98qxfc4zb3ykfmba4kqkc-binutils-wrapper-2.44' from 'https://cache.nixos.org'...
building '/nix/store/l3p4vlw525kx3dg9xb24a37n2vs6r0ry-anyhow-1.0.98.drv'...
copying path '/nix/store/8i4zns30w5h9mhxf80qsf56fa5r29prk-x86_64-unknown-linux-musl-binutils-wrapper-2.44' from 'https://cache.nixos.org'...
building '/nix/store/8xhhlk2sf0s9m4ib8h9ddfplgrqlcnsn-assert_tokens_eq-0.1.0.drv'...
copying path '/nix/store/xqbhnicgdwbn3a721qwqclqq0ribfp2w-x86_64-unknown-linux-musl-gcc-14.3.0' from 'https://cache.nixos.org'...
building '/nix/store/mplhkm2sxrp35qavy7apigx8bcwpmb9c-atomic-polyfill-1.0.3.drv'...
building '/nix/store/5js64c7z4a5x34iqkyfpfnw7mby7nawr-bitflags-2.9.1.drv'...
building '/nix/store/8y1hvscfjjsi8dg1csmv48p9c2zhr24g-brownstone-3.0.0.drv'...
building '/nix/store/cf0wgyz8ak9mzcjh14d8xkw9la72zcqd-cargo-nightly-x86_64-unknown-linux-gnu.tar.xz.drv'...
building '/nix/store/sm6l64g5ha907rlwcfby1vwfvjifbh0g-cc-1.2.32.drv'...
copying path '/nix/store/khjb82hl0d5f6nsgbb28mn29jh2hn6w0-python3.13-cbor2-5.6.5' from 'https://cache.nixos.org'...
copying path '/nix/store/imc07k1mjvcagx1xqmx9q10mxqagvq0c-python3.13-colorama-0.4.6' from 'https://cache.nixos.org'...
copying path '/nix/store/2xxp5b3j7wsvm9mv0l6hv01s75al8h8f-python3.13-mdurl-0.1.2' from 'https://cache.nixos.org'...
copying path '/nix/store/vp2jahbxkb5ai67hcrf05nwzcwvhjqm1-python3.13-pyelftools-0.32' from 'https://cache.nixos.org'...
copying path '/nix/store/sjxs3kng5afadvzcf31azv0r8j2hnshw-python3.13-pygments-2.19.2' from 'https://cache.nixos.org'...
copying path '/nix/store/wdl35r48737b6qfsqlscmx0wk6nhp9sc-python3.13-pyyaml-6.0.3' from 'https://cache.nixos.org'...
copying path '/nix/store/by1926sqzx13xwgg2v3s0q4lg02r7q29-python3.13-ruamel-base-1.0.0' from 'https://cache.nixos.org'...
copying path '/nix/store/j3f0mq7ciavy5f3asvrvkp4y9d71j415-python3.13-ruamel-yaml-clib-0.2.12' from 'https://cache.nixos.org'...
copying path '/nix/store/86pbg037z3yxgy5akfy20gc8lfh9qq06-python3.13-six-1.17.0' from 'https://cache.nixos.org'...
copying path '/nix/store/6r1pshq3p0xgavq7qx5d55b12bp8nhrl-python3.13-tomlkit-0.13.3' from 'https://cache.nixos.org'...
copying path '/nix/store/rnzvz4sl09yvs5p0zn19gh4g3h5h7jsr-python3.13-u-msgpack-python-2.8.0' from 'https://cache.nixos.org'...
building '/nix/store/5iskv6cxnb27la4afn3g6pscmryzin3w-cfg-if-1.0.1.drv'...
copying path '/nix/store/3xmsygiyhvd6nik2iik0z8djiby6dkn9-python3-3.13.8-env' from 'https://cache.nixos.org'...
copying path '/nix/store/d6mzdgz9jhqcy0nh3wh038xl9hnbxgw6-python3.13-markdown-it-py-3.0.0' from 'https://cache.nixos.org'...
copying path '/nix/store/04ii6g2iaaj5b1dwh553619l4zhjy2kk-python3.13-python-dateutil-2.9.0.post0' from 'https://cache.nixos.org'...
copying path '/nix/store/lm69pzldadr7v9msriqwv28b4lyp59z9-python3.13-ruamel-yaml-0.18.14' from 'https://cache.nixos.org'...
building '/nix/store/y6050lnkk96zgsjsq6vnbzah3kc936f4-chrono-0.4.41.drv'...
copying path '/nix/store/aln5ywhmpjazk0mqdivmvc8rfbfbnnk9-auto-patchelf-0-unstable-2024-08-14' from 'https://cache.nixos.org'...
copying path '/nix/store/vlqgm6mnvbs5zcbaygar0haxpcbsfpvq-python3.13-rich-14.1.0' from 'https://cache.nixos.org'...
copying path '/nix/store/x8mydcgbry214s802nzvy7fdljx404ym-gcc-wrapper-14.3.0' from 'https://cache.nixos.org'...
copying path '/nix/store/z36i0wgls1b9bmc4wczbpbxbx6mbqadi-cargo-build-hook.sh' from 'https://cache.nixos.org'...
copying path '/nix/store/3rs36yd4isig8gs1j42dr0rxlmm6m9yi-cargo-check-hook.sh' from 'https://cache.nixos.org'...
copying path '/nix/store/g33mqbx5kpcn0f090k45yll1jiaz5dgn-cargo-setup-hook.sh' from 'https://cache.nixos.org'...
copying path '/nix/store/jsj1sql9id9c10sxmg7rvq3pj0f1l19b-stdenv-linux' from 'https://cache.nixos.org'...
copying path '/nix/store/fp0h0aq7qcjfqsy258ha9fdb3h8alkg4-auto-patchelf-hook' from 'https://cache.nixos.org'...
building '/nix/store/byyprchxf5a9cwmiyryrypyvf33q6q9c-clap-4.5.43.drv'...
copying path '/nix/store/0n96cqrsvkj5j79csrvlqrmkqdmvs5r0-python3.13-rich-argparse-1.7.1' from 'https://cache.nixos.org'...
copying path '/nix/store/vdwry255jcn22ij24msikn9p9m9rns1q-python3.13-remarshal-1.2.0' from 'https://cache.nixos.org'...
building '/nix/store/14fnv52957cb7l11rs7q61624z3irzli-cargo-1.98.0-nightly-2026-06-01-x86_64-unknown-linux-gnu.drv'...
building '/nix/store/krx0wpgpvsk3x748fb0nxaa6pvgf7v7k-Cargo.toml.drv'...
building '/nix/store/ndinxdywl4fp65af6gg8z2z89dnl5kk7-cargo-package-annotate-snippets-0.12.12.drv'...
building '/nix/store/ri5wmj2nwg7x7jmn892yi2i47762hhg6-cargo-package-anyhow-1.0.98.drv'...
building '/nix/store/gl6jf4qvfmzh8h1jn3d28a9shbrg4v6a-cargo-package-assert_tokens_eq-0.1.0.drv'...
building '/nix/store/winsmmq8dl8313ss6rpzlgfaw0f13xr6-cargo-package-atomic-polyfill-1.0.3.drv'...
building '/nix/store/msx00l9b6nhj1gzd09qz68n5ii3bn1ns-cargo-package-bitflags-2.9.1.drv'...
building '/nix/store/0pk72w1wsn67bw8gni3s261a9ar94z2m-cargo-package-brownstone-3.0.0.drv'...
building '/nix/store/3nii27fi82j1l64lnsvzy2fz3m96qik8-cargo-package-cc-1.2.32.drv'...
copying path '/nix/store/qhmsc9xwy0f6x7ikf8byfqqdf60sc4sb-rustc-1.89.0' from 'https://cache.nixos.org'...
building '/nix/store/ysbf2alcwnfqqfyh6c1wbgc2l5snynjm-cargo-package-cfg-if-1.0.1.drv'...
building '/nix/store/f03k2rz5mi2c6baq9kpj9kr9810gfbh4-cargo-package-chrono-0.4.41.drv'...
building '/nix/store/wbmc5wkzknfr1g2mapd6sq8s8w95p02i-cargo-package-clap-4.5.43.drv'...
building '/nix/store/i4wg6c69r3zlipxiz50aws9ybq6liijl-cargo-package-ctor-0.1.26.drv'...
building '/nix/store/csd1jrz2h1n86gbpgp2g3h907s323gch-cargo-package-env_home-0.1.0.drv'...
building '/nix/store/mrbhkqfmmrrcwkx8f9m17grmi866qa5m-cargo-package-filetime-0.2.25.drv'...
building '/nix/store/n9702mxddkm6k9q3hnl3hh6xdqpn31qh-cargo-package-form_urlencoded-1.2.1.drv'...
building '/nix/store/qh29bcaxwan2kdw9cq8c49rxwrs72dl2-cargo-package-hyper-1.6.0.drv'...
copying path '/nix/store/yqyvqrq5q3gwzninbb4fiyfnnfkrj49h-x86_64-unknown-linux-musl-gcc-wrapper-14.3.0' from 'https://cache.nixos.org'...
building '/nix/store/f2bk2khsliakhng99zs9khmpsfpjmjbg-cargo-package-idna-1.0.3.drv'...
copying path '/nix/store/xjs3v8inq7ai1bpvywkm59c9l9p7m9vb-stdenv-linux' from 'https://cache.nixos.org'...
building '/nix/store/b1ah7g4n0glcifff5gxh1n5nf3zsvkxs-cargo-package-lock_api-0.4.14.drv'...
building '/nix/store/mfvmjgmyzhb0gm53c4wccjsxwqc51adn-cargo-package-log-0.4.27.drv'...
building '/nix/store/9jz4fnwhkqx0a03176lbhp3pjx5p1sir-cargo-package-memchr-2.7.5.drv'...
building '/nix/store/fm8jbxm24m1ya975abqa1n8kr300023k-cargo-package-normalize-line-endings-0.3.0.drv'...
building '/nix/store/hqy8zpfr68j03pv4rx20iqa4yinjhhss-cargo-package-nu-ansi-term-0.50.1.drv'...
building '/nix/store/6lyqylc9f8djk7vrff9ka5d3fxm9fssj-cargo-package-openssl-probe-0.1.6.drv'...
building '/nix/store/r8qxy5gjd3g8b5jpmrhkydf2l1jvcz4k-cargo-package-output_vt100-0.1.3.drv'...
building '/nix/store/jc42pqqx4m521yiz9xlsb5ccba93inys-cargo-package-parking_lot-0.12.5.drv'...
building '/nix/store/2icmr8w158pgylbb89l8mr9f5ycp5isr-cargo-package-parking_lot_core-0.9.12.drv'...
building '/nix/store/acvpzkiy6qn71dd626adm0i6j71c55zk-cargo-package-percent-encoding-2.3.1.drv'...
building '/nix/store/d76nc4fnsrg43l4bk1z3jv0ic9kh121w-cargo-package-regex-1.11.1.drv'...
building '/nix/store/mfphy62an1qakigdd0zjfnb8sm2gg9x7-cargo-package-regex-automata-0.1.10.drv'...
building '/nix/store/3fp75cw3zqh2r9y0bj3ph4p93w4nfqy6-cargo-package-regex-automata-0.4.9.drv'...
building '/nix/store/k9xwdn1rawkmmw7kd02b3x04n9dj1c25-cargo-package-regex-syntax-0.6.29.drv'...
building '/nix/store/f4nj5kbwlq0qmkqk408yzaqhmk2rgfw8-cargo-package-regex-syntax-0.8.5.drv'...
building '/nix/store/7vp4w8fsrk6mkynpvs75w3sk7ynpmlg5-cargo-package-semver-1.0.26.drv'...
building '/nix/store/r7426hl7ghzdx8jnzrj9grfkvqqx7ia0-cargo-package-serde-1.0.228.drv'...
copying path '/nix/store/l79gpqs0gg2hmrn75rml11sidvhalqyp-ocaml4.14.2-findlib-1.9.8' from 'https://cache.nixos.org'...
building '/nix/store/nqzvnic3biis3iambai7yq5hs4zy5apd-cargo-package-serde_core-1.0.228.drv'...
building '/nix/store/nysp8zpc5kjnfgb429vnh3n5cb1iw72b-cargo-package-serde_derive-1.0.228.drv'...
building '/nix/store/4paik547kql2zj7m0h5krwfg5rdyzbnz-cargo-package-serde_spanned-0.6.9.drv'...
building '/nix/store/08flvkjg6yyb989jfm25yiqmyghd7080-cargo-package-sharded-slab-0.1.7.drv'...
building '/nix/store/idannxxrgz4xn6mp8mf1q27bjxpg1b5j-cargo-package-spin-0.9.8.drv'...
building '/nix/store/jbwvcaf2dhji84kp3ww07jbvvzmkb0ak-cargo-package-syn-1.0.109.drv'...
building '/nix/store/df27wqgjmp9cblj0c9238pdq3ak0wj3q-cargo-package-tar-0.4.44.drv'...
building '/nix/store/43pgimbzz9a8csaq66xz3szhqf96p7dd-cargo-package-thiserror-2.0.18.drv'...
building '/nix/store/yjkxslfxpy7pp1ab6fiirl66zaqb6md3-cargo-package-thiserror-impl-2.0.18.drv'...
building '/nix/store/x4qip4vwi2w385vfbmzhmzw8y60269r7-cargo-package-thread_local-1.1.9.drv'...
building '/nix/store/14q4f93ryvlia3agwz2xf39ap7cq0f7n-cargo-package-time-0.3.41.drv'...
building '/nix/store/c66pbrqgnaaazhzk8vg51cxxnikjdkw5-cargo-package-time-core-0.1.4.drv'...
building '/nix/store/g81hgcy3fd1qzyjdrf4ps2rswsa14rr7-cargo-package-time-macros-0.2.22.drv'...
building '/nix/store/lnan680jv8034ysq9h0rd4fxwbc6lvhg-cargo-package-toml-0.8.23.drv'...
building '/nix/store/p3zvmhqj7388gvwzd3jgprf86qslnc0n-cargo-package-toml_datetime-0.6.11.drv'...
building '/nix/store/lgdjm0bb1dxj3hwapz2g6cmkv1zj9daa-cargo-package-toml_edit-0.22.27.drv'...
building '/nix/store/2jin707cmkzhdc16sdpwzfymgkwa3nhg-cargo-package-toml_write-0.1.2.drv'...
building '/nix/store/fgfmrgh5ym2abxzv06fhknk903qx7lgq-cargo-package-tracing-attributes-0.1.30.drv'...
building '/nix/store/2rn98xs2mb7g700y34ghf2gry1m7dxpp-cargo-package-tracing-log-0.2.0.drv'...
building '/nix/store/wybm59hy0d78jh6sjivd1lbjl2ix0m3i-cargo-package-unicode-ident-1.0.18.drv'...
building '/nix/store/jij7szmdzlhdgw4cc6jp5qhcqj4iq51q-cargo-package-url-2.5.4.drv'...
building '/nix/store/h9gb2rllmrz44byvqd2h1zpkj27ghihh-cargo-package-valuable-0.1.1.drv'...
building '/nix/store/f1rdsrlpmjwsmx853hbfx2slcffwkn6z-cargo-package-wasi-0.14.2+wasi-0.2.4.drv'...
building '/nix/store/k6z016vad9bzymw7cwha4h86ij5y74bq-cargo-package-winapi-util-0.1.9.drv'...
building '/nix/store/fnys9z8l5s6p68mw49hgaabypcjwyv0g-cargo-package-winsafe-0.0.19.drv'...
building '/nix/store/9kyjkdvi9mhkvyc7sp50mxg9p4ryzf7j-cargo-package-wit-bindgen-rt-0.39.0.drv'...
building '/nix/store/84s0v855bsclwib8yp2d81hi8npim33c-clap_builder-4.5.43.drv'...
building '/nix/store/knknhgd74i2p3kglzbb65yrbkdqkrv0i-clap_derive-4.5.41.drv'...
building '/nix/store/dznrc4ppaqarix5s79acs881l62vpivs-cargo-package-clap_builder-4.5.43.drv'...
building '/nix/store/ymv1yl8db29jwx92yz9vr9j1hygi4nad-cargo-package-clap_derive-4.5.41.drv'...
building '/nix/store/v0hk8s8iskbafm2bj5p6j2phw62s8vwk-clippy-nightly-x86_64-unknown-linux-gnu.tar.xz.drv'...
building '/nix/store/00pzqq051gsjrqi3drgznfhfvvdskyik-cobs-0.3.0.drv'...
building '/nix/store/69i39brkn3fbqmjjzczqq5cw2xa716dn-colored-2.2.0.drv'...
building '/nix/store/k8vlsgq5yrmha62cqv4dc5d1zasdpncb-cargo-package-cobs-0.3.0.drv'...
building '/nix/store/jm8flgx99lnpahw5mknqdarlij9f6jmy-cargo-package-colored-2.2.0.drv'...
building '/nix/store/zax3py6afag1647380pbpr6p4jah2dvy-convert_case-0.6.0.drv'...
building '/nix/store/q1sj0m2x9i0mic00zb24vgq9bva511n0-crates_io_api-0.11.0.drv'...
building '/nix/store/zqfrcm95q2hf94mkf7lz6x8fnlkzaslz-cargo-package-convert_case-0.6.0.drv'...
building '/nix/store/j5ahs7vndl3s5hnhmzl106vz2fkabjmk-cargo-package-crates_io_api-0.11.0.drv'...
building '/nix/store/wa9y7vvvi7pcd7kddj89lb0aqwivak7y-critical-section-1.2.0.drv'...
building '/nix/store/vkkdnv91z8bmyc9p8prg0by6b18xjjn9-deranged-0.4.0.drv'...
building '/nix/store/xwmmzl73pqzsrfn0dk4404dd4yzz87gg-cargo-package-critical-section-1.2.0.drv'...
building '/nix/store/gyj72wp2a3l6hbl3n4a71kwdxpr8ld2l-cargo-package-deranged-0.4.0.drv'...
building '/nix/store/p6351glqz2cjmki168rf6i0lll9hr9wq-derive_generic_visitor-0.2.0.drv'...
building '/nix/store/frw1jw6sr53jzl0c9g6abg8qp5n3vk2f-derive_generic_visitor_macros-0.2.0.drv'...
building '/nix/store/im26ys9n8s64fly30vrlflgggh9bb2q7-cargo-package-derive_generic_visitor-0.2.0.drv'...
building '/nix/store/grgqqb7my70rss4yswmk34s2dsjl0mv9-cargo-package-derive_generic_visitor_macros-0.2.0.drv'...
building '/nix/store/awf961yy68psnl4jfgpr9d6lqgdmk1pp-difference-2.0.0.drv'...
building '/nix/store/k5wdzzgi46isp3kmwmvh1hcpakcp7yyw-dummyBuild.rs.drv'...
building '/nix/store/im7pw5iadh8c2lbqh69vx7llzkkdcg9v-cargo-package-difference-2.0.0.drv'...
building '/nix/store/18w1wcpg6gfk7sv56rrqkiw7r8s7q9dr-Cargo.toml.drv'...
building '/nix/store/3qlqgbcx03jiwpbljh8664zwhgrgw73w-Cargo.toml.drv'...
building '/nix/store/5b2wnb0cadcfcb59ynzrd1jjy1ghfhrz-Cargo.toml.drv'...
building '/nix/store/8wyrbydax55ib6adsccsjdqnc7wy3ha7-Cargo.toml.drv'...
building '/nix/store/c210zh2kp4b0i3sw6k0cxyc1sm8d6aw5-Cargo.toml.drv'...
building '/nix/store/d8mhycbjrdjlff5x25xnjbpx36ksmnag-Cargo.toml.drv'...
building '/nix/store/ds583k9hy83np7v613j5nyx00csn915r-Cargo.toml.drv'...
building '/nix/store/f0d1bfx3v68zrk27f54l98cmm7vkxfq4-Cargo.toml.drv'...
building '/nix/store/hwsgc15zdh9kzkxgws4kv0gnwvn15sfp-Cargo.toml.drv'...
building '/nix/store/hyc3ww7clxanhbqlrgaqd8k0hvvba28p-Cargo.toml.drv'...
building '/nix/store/hz7myfz2amvim7by5jrnv2gffhwsk8vh-Cargo.toml.drv'...
building '/nix/store/k4zwx11i8m9zxidfjr5fndpsmi0bql37-Cargo.toml.drv'...
building '/nix/store/nzb34g3hm839kp997szgbzl40vf7p3gi-Cargo.toml.drv'...
building '/nix/store/pcfgmm1hy3c1il25zjnzxlpnry6r0c8b-Cargo.toml.drv'...
building '/nix/store/pq746ywvf4py8liw6iahsmlyx6biq332-Cargo.toml.drv'...
building '/nix/store/r79kqzsrvwv5r3vc04h3glpbi80mjai7-Cargo.toml.drv'...
building '/nix/store/sycibdzr90613l6p1fckf9mx39cf06jq-Cargo.toml.drv'...
building '/nix/store/y8d5msgjkp22cdn1r13z4m39qzm5g9rk-Cargo.toml.drv'...
building '/nix/store/7m0zv7669r41f6i6lwama41f12xkypba-embedded-io-0.4.0.drv'...
building '/nix/store/18kqf3jc4sgp85z815zhwibc4yn9a6j5-embedded-io-0.6.1.drv'...
building '/nix/store/9wzfm8k004n8jc585y7hp7qs9hj4vr36-cargo-package-embedded-io-0.4.0.drv'...
building '/nix/store/9chz6wx5qckvlyqgrqwdjr7cvlrwklb1-cargo-package-embedded-io-0.6.1.drv'...
building '/nix/store/vq1qw2wd0x3fs5fr2zh3sy48sv8kg6py-env_filter-0.1.3.drv'...
building '/nix/store/3njvsr2g6if0v5pwcl21cy9drxlb0szh-env_logger-0.11.8.drv'...
building '/nix/store/h5cdfl0pxzdq0dgp7y0bljwdhgcnlp8z-cargo-package-env_filter-0.1.3.drv'...
building '/nix/store/21jmxvfn2pqy7rpfyrhsqbp1znh8iiba-cargo-package-env_logger-0.11.8.drv'...
building '/nix/store/fajxh59l4c8l1w4018z1r2y5by7lphvv-errno-0.3.13.drv'...
building '/nix/store/0cvs1fsbsbiwy8ij3zn5lg9nvp3x454j-ext-trait-1.0.1.drv'...
building '/nix/store/djj1s2062iz50fpqj6yrzjp86n7jhqd5-cargo-package-errno-0.3.13.drv'...
building '/nix/store/q7wn90sq6nqgx9xirzqc8awyqq365phy-cargo-package-ext-trait-1.0.1.drv'...
building '/nix/store/01nd8848bz6kxdsmqbbbwf4i9vbz7zkp-ext-trait-proc_macros-1.0.1.drv'...
building '/nix/store/q3lp1mivk6x5y06cna6f9r846krd2ff3-extension-traits-1.0.1.drv'...
copying path '/nix/store/kgln61a78z8aj4amxgp0lyjj508xxwkr-rustc-wrapper-1.89.0' from 'https://cache.nixos.org'...
building '/nix/store/mvq2ir24j82rpnhr3zsx6c57gjv2ss7d-cargo-package-ext-trait-proc_macros-1.0.1.drv'...
copying path '/nix/store/ynhfvh8h1da3l2hnm15ab2fh3h8a6lf4-cargo-1.89.0' from 'https://cache.nixos.org'...
building '/nix/store/phmsiyn9k2gkjr6ygbd446safx96y46z-cargo-package-extension-traits-1.0.1.drv'...
building '/nix/store/p5qpdn071nsmw63j7fpr0ddk3rv35i7q-foreign-types-0.3.2.drv'...
building '/nix/store/vl7iwrhknwd58s70xihyvjw5qbc3klbq-foreign-types-shared-0.1.1.drv'...
building '/nix/store/zvyk06flm8qgkm05pa559ln81shimfyg-cargo-package-foreign-types-0.3.2.drv'...
building '/nix/store/xz9y7w9jawf7pigdz6aj11xj5grac7xa-cargo-package-foreign-types-shared-0.1.1.drv'...
copying path '/nix/store/6q579x9sqd7y153f39gw936f9rdryhba-auditable-cargo-1.89.0' from 'https://cache.nixos.org'...
building '/nix/store/mdpi5g4yxnwldsks6ii5ynra5qv47hdh-fraction-0.15.3.drv'...
building '/nix/store/cjfgpgxj0cwjcwi6yf79pwfcw9wa7irq-crane-utils-0.0.1.drv'...
building '/nix/store/q5hc41hx9v49832ddvj7hdjpb963nkhn-cargo-package-fraction-0.15.3.drv'...
building '/nix/store/1dcmlg7md54pk6hp7sm1s0jshw4df4w9-globset-0.4.16.drv'...
building '/nix/store/fvg0yw4xhyrpk1c88rc0gdg18lcb3h00-hash32-0.2.1.drv'...
building '/nix/store/hdmw792ha6v5s484baws9lkgyq8yi7lz-cargo-package-globset-0.4.16.drv'...
building '/nix/store/kc19r2sza2nwhciz27sk6l0a155sl93y-cargo-package-hash32-0.2.1.drv'...
building '/nix/store/z2dp5xx6a3qj38j3djs9kv1z2bhqc2fn-heapless-0.7.17.drv'...
building '/nix/store/8q1vq2mm0bx6ji1n3i2dnfkmh982s60z-hyper-tls-0.6.0.drv'...
building '/nix/store/cain4xzv2yd5gcdpz8zy3vlz07mmbhv7-cargo-package-heapless-0.7.17.drv'...
building '/nix/store/a3hkjqkfqzrhz6kkahn7dlsk9g2afbpp-cargo-package-hyper-tls-0.6.0.drv'...
building '/nix/store/by1781jyxk1hky3l8sc5g1sy18pcyyy0-hyper-util-0.1.16.drv'...
building '/nix/store/y6d72nkm1wryzhwn1wxnyxf670qjy4lr-ignore-0.4.23.drv'...
building '/nix/store/ldxnzjnrl018gfw7w9w7v172l7p93j4m-cargo-package-hyper-util-0.1.16.drv'...
building '/nix/store/sbs84y3lw8b2wr939d4d9a1190c9pjq1-cargo-package-ignore-0.4.23.drv'...
building '/nix/store/hpf8lpx2xd5w8i6an1yjrwmgmyhylimb-indent_write-2.2.0.drv'...
building '/nix/store/0pix18jfdsq3vmlrmzxnp6rix8jx42b3-index_vec-0.1.4.drv'...
building '/nix/store/8v2pi2y5cdsvp2vgi2qp26jv5769drmp-cargo-package-indent_write-2.2.0.drv'...
building '/nix/store/zz71mja0q5rvnka0lzag287c4j3qgi7v-cargo-package-index_vec-0.1.4.drv'...
building '/nix/store/j9lckwyq714a2jg6ha84g4sf4ziwf8nk-indexmap-2.10.0.drv'...
building '/nix/store/kfc3bjzqdy47x2wc60a6xiw5d5pxa26g-installCargoArtifactsHook.drv'...
building '/nix/store/j9vk322lkgvwxhlzbxallrrgvl2722mr-cargo-package-indexmap-2.10.0.drv'...
building '/nix/store/kxrbcgqrwxs2j1018gzpyp36ll3s1ycq-installFromCargoBuildLogHook.drv'...
building '/nix/store/wgzmaj4bvf0rliga28prdi17fy89103r-io-uring-0.7.9.drv'...
building '/nix/store/93a3famv31xz5d99kyzk9am317kfzbws-itertools-0.13.0.drv'...
building '/nix/store/hxwppa0kms7kah08cksv5x6a25lqwzbl-cargo-package-io-uring-0.7.9.drv'...
building '/nix/store/6gzyy0j5lj6i1id6dby7j8plpiwzn30p-cargo-package-itertools-0.13.0.drv'...
building '/nix/store/idys27q84hxg2h4v0bnw22w3mspkj5i4-joinery-2.1.0.drv'...
building '/nix/store/ny6acws2ycvhqkpnbjq3phaic1gx83nh-libredox-0.1.9.drv'...
building '/nix/store/jpdr6w0ijlj4zrggv28090x59f58a1b6-cargo-package-joinery-2.1.0.drv'...
building '/nix/store/zypnf4w9mf2vhgdvnxll92mqlqffyhr6-cargo-package-libredox-0.1.9.drv'...
building '/nix/store/566rgdy7d502482r9vpk334mrzyad87g-linux-raw-sys-0.9.4.drv'...
building '/nix/store/l9q3z75x0glb8pzp6npq88gykya0ziph-llvm-tools-nightly-x86_64-unknown-linux-gnu.tar.xz.drv'...
building '/nix/store/i3nmxsa5kisk0misk0arpxsv2l743v6i-cargo-package-linux-raw-sys-0.9.4.drv'...
building '/nix/store/vb25iw9v6qlxy3x4xkbwf12sf2dggdwf-llvm-tools-preview-1.98.0-nightly-2026-06-01-x86_64-unknown-linux-gnu.drv'...
building '/nix/store/awdily0nzhj6ndb8xpzyk7r85mdx2hbn-matchers-0.1.0.drv'...
building '/nix/store/765l3sijn7lnvf2lcmrmnfr03ac17xi1-minimal-lexical-0.2.1.drv'...
building '/nix/store/80r01y6vqkwd2b54ja0vjmy92scmmjfm-cargo-package-matchers-0.1.0.drv'...
building '/nix/store/d1rz9ccnd02fvxzqi7y74wsqzwjp7wcl-cargo-package-minimal-lexical-0.2.1.drv'...
building '/nix/store/10s27c0k7ldcp0izn3mx3j8sf3svvxlq-miri-nightly-x86_64-unknown-linux-gnu.tar.xz.drv'...
building '/nix/store/jnfd4lgwhjf46rcjr6jfxnq19ygki27m-native-tls-0.2.14.drv'...
building '/nix/store/yil4rg9jc86gy07rf79li2cs7fx03sxr-nom-7.1.3.drv'...
building '/nix/store/fvij6c3wi7c0k6mmgizph7yjim48lbjn-cargo-package-native-tls-0.2.14.drv'...
building '/nix/store/7rrkdxr9z0jnx15cilhdh8zy92bvq89l-cargo-package-nom-7.1.3.drv'...
building '/nix/store/qgaaaa8649k6gp2byspc5vkdx8vdnxy7-nom-supreme-0.8.0.drv'...
building '/nix/store/fhr8h7yikz1n8v2cv2qwx90zsnnilszi-nu-ansi-term-0.46.0.drv'...
building '/nix/store/bwaffd2b7gj7w9md4ppgf68q46yqv7zx-cargo-package-nom-supreme-0.8.0.drv'...
building '/nix/store/rzjlq1q3lbg2s9mlh4xvp5q852pq9hk5-cargo-package-nu-ansi-term-0.46.0.drv'...
building '/nix/store/n4xxrkippladb1xqwpqin47x1h1r6dd0-num-0.4.3.drv'...
building '/nix/store/dp8k05w8sqyh6lnkzmyvxdssdxvppz6n-num-bigint-0.4.6.drv'...
building '/nix/store/8cgh8gjlr0wnwawnd519gb7ky8rp3sxy-cargo-package-num-0.4.3.drv'...
building '/nix/store/2vwnma6vpwz8xk2lsw4rd02khmvgcfsw-cargo-package-num-bigint-0.4.6.drv'...
building '/nix/store/pfxsqf8rvxfynj262s7whasz21g0aa94-num-complex-0.4.6.drv'...
building '/nix/store/9a7j0rp3n5sxi6dagdkdgrpxzvk8cycx-num-integer-0.1.46.drv'...
building '/nix/store/dryf23f2w36x07fkgjsdrsm4mcyxmn96-cargo-package-num-complex-0.4.6.drv'...
building '/nix/store/xbp6qfryky433n1a8a3ap1p38f9a6xq9-cargo-package-num-integer-0.1.46.drv'...
building '/nix/store/csikxhip0h7m329frazh2c2kzhzq9mpi-num-iter-0.1.45.drv'...
building '/nix/store/d6p93y3ydfhg30l0lv4vxpbh3wpq3g16-num-rational-0.4.2.drv'...
building '/nix/store/xx91j5rac5b38r1qkmpb60amc132xrfs-cargo-package-num-iter-0.1.45.drv'...
building '/nix/store/4y35b06wf97m7j4i8jcg733qznfw9snq-cargo-package-num-rational-0.4.2.drv'...
building '/nix/store/grmwhzyjyjzw36zyq4gyd6q49aym01vc-num_threads-0.1.7.drv'...
building '/nix/store/nlzadf58mi0i5shb7rdas7mh4k420xgm-ocaml-5.2.1.drv'...
building '/nix/store/xmf3i401cavq2r45nk9c0jl8svzj273q-cargo-package-num_threads-0.1.7.drv'...
building '/nix/store/dq7rbq0w8znsqzlxracph0m8mjn6ngca-ocaml-static-x86_64-unknown-linux-musl-5.2.1.drv'...
building '/nix/store/hn8643xhprjplxjb93rpq9nqkdbzcd76-ocaml4.14.2-ppx_tools-6.6.drv'...
building '/nix/store/igszw637x2a8ggqd87cq13lwkaw96ac8-cmdliner-static-x86_64-unknown-linux-musl-1.3.0.drv'...
building '/nix/store/vj6cnfbkval715l0kcbs5pd6j57pgqpb-ocaml5.2.1-findlib-static-x86_64-unknown-linux-musl-1.9.8.drv'...
building '/nix/store/vzbnpm7ah1bgxxcfvfrf8iklc4204rmh-ocaml5.2.1-seq-static-x86_64-unknown-linux-musl-0.1.drv'...
building '/nix/store/i6y549k5bhdirahk85r89p68vl33bz77-dune-static-x86_64-unknown-linux-musl-3.20.2.drv'...
building '/nix/store/4byi4a476v27dq6kjfgf27kqfhfsa7c3-ocaml5.2.1-num-static-x86_64-unknown-linux-musl-1.6.drv'...
building '/nix/store/4lszlkb3p6ns04q8szdwxrmmp1xmnn8w-ocaml5.2.1-backoff-0.1.1-x86_64-unknown-linux-musl.drv'...
building '/nix/store/izkhhpiqid03vkxgy25srsmla8phbyzm-ocaml5.2.1-cppo-1.8.0-x86_64-unknown-linux-musl.drv'...
building '/nix/store/s151918519mkkdnq19mvv174srawragd-ocaml5.2.1-csexp-1.5.2-x86_64-unknown-linux-musl.drv'...
building '/nix/store/kfafa0z5lncdxaw55jdplfg8ck74v4b9-ocaml5.2.1-gen-1.1-x86_64-unknown-linux-musl.drv'...
building '/nix/store/m1qd6jhlddlh94k791nl04wyv4wbkgi9-ocaml5.2.1-dune-configurator-3.20.2-x86_64-unknown-linux-musl.drv'...
building '/nix/store/mzs8aacpndl7isla3lrmpv28sj4iav4g-ocaml5.2.1-jane-street-headers-0.17.0-x86_64-unknown-linux-musl.drv'...
building '/nix/store/db9k1nj6gcqwwryvsmf65cvnz4hmjsxa-ocaml5.2.1-menhirLib-20250903-x86_64-unknown-linux-musl.drv'...
building '/nix/store/sihgfja3vks66y28cxrix21lsvwr4a56-ocaml5.2.1-menhirSdk-20250903-x86_64-unknown-linux-musl.drv'...
building '/nix/store/lpr1bsaglf9knw6qvxpiply5f937xf0b-menhir-suggest-menhirLib.patch.drv'...
building '/nix/store/ddwbhwh8avd6aafyhgv52q4gn247gas8-ocaml5.2.1-multicore-magic-2.3.1-x86_64-unknown-linux-musl.drv'...
building '/nix/store/ndjdrrszd0p1vydqgy14pf0msh188qka-ocaml5.2.1-menhir-20250903-x86_64-unknown-linux-musl.drv'...
building '/nix/store/6jp57j12lb93djzdq4sv1p1z8b6b5a8j-ocaml5.2.1-ocaml-compiler-libs-0.17.0-x86_64-unknown-linux-musl.drv'...
building '/nix/store/0362qnxssdjwf0pq3pyp1cfwz7di95g8-ocaml5.2.1-ocaml_intrinsics_kernel-0.17.0-x86_64-unknown-linux-musl.drv'...
building '/nix/store/5rs2b81h8daj3022ffapgllwwhm6j0hy-ocaml5.2.1-ocamlbuild-static-x86_64-unknown-linux-musl-0.16.1.drv'...
building '/nix/store/342l5qwyfcc8zhhx848hc7f1wiq42s8z-ocaml5.2.1-ocaml_intrinsics-0.17.0-x86_64-unknown-linux-musl.drv'...
building '/nix/store/2ay4lkslwg47lf6fr5rssgkcjb5cfxkz-ocaml5.2.1-ocamlgraph-2.2.0-x86_64-unknown-linux-musl.drv'...
building '/nix/store/b8f4bvi4ckk9zicnhyldck93iqjglvwj-ocaml5.2.1-ocplib-endian-1.2-x86_64-unknown-linux-musl.drv'...
building '/nix/store/2x2jk68qxbrsvwmsc4ypcxysrnddih04-ocaml5.2.1-optint-0.3.0-x86_64-unknown-linux-musl.drv'...
building '/nix/store/kmxf6avc4rzx44x4y4wwnhzyinz9xh2i-ocaml5.2.1-lwt-5.9.1-x86_64-unknown-linux-musl.drv'...
building '/nix/store/g5nxzv7mv77sn91y20gpzjchk4jglh24-ocaml5.2.1-ppx_derivers-1.2.1-x86_64-unknown-linux-musl.drv'...
building '/nix/store/f1myq8f8qn6m2g7scv5f58211sqdgzb0-ocaml5.2.1-re-1.12.0-x86_64-unknown-linux-musl.drv'...
building '/nix/store/6dz2s2w9z2vv4rsxix1iq1bjgyjf01rl-ocaml5.2.1-result-1.5-x86_64-unknown-linux-musl.drv'...
building '/nix/store/8f9hsyhq61ir2ai9j7lg03z66lvvp08l-ocaml5.2.1-calendar-3.0.0-x86_64-unknown-linux-musl.drv'...
building '/nix/store/1vfpazqcqp7hsaf86z1g1cs6l6mnqi8f-ocaml5.2.1-saturn-1.0.0-x86_64-unknown-linux-musl.drv'...
building '/nix/store/dcsc6yiqk8lgzw27a3xsk0gfplg0mzn1-ocaml5.2.1-easy_logging-0.8.2-x86_64-unknown-linux-musl.drv'...
building '/nix/store/rgd26ivlb9x1hmk8rp9ga1696pygkz3k-ocaml5.2.1-sexplib0-0.17.0-x86_64-unknown-linux-musl.drv'...
building '/nix/store/gx5b8viz02l4chi1kbvhlvkg3bxbrv0n-ocaml5.2.1-stdlib-shims-0.3.0-x86_64-unknown-linux-musl.drv'...
building '/nix/store/qakwd8zr26rb5fd8qhnmhvx7cgyh2yhh-ocaml5.2.1-base-0.17.2-x86_64-unknown-linux-musl.drv'...
building '/nix/store/l6pvflaqqis3gk90l2pbk8z0za4w6bna-ocaml5.2.1-thread-table-1.0.0-x86_64-unknown-linux-musl.drv'...
building '/nix/store/9p2rvk5fb5vjnh57cwgd00hi30by1ddd-ocaml5.2.1-fieldslib-0.17.0-x86_64-unknown-linux-musl.drv'...
building '/nix/store/f33g72l64j15pbbgfzap6yisvhrp7l0f-ocaml5.2.1-domain-local-await-1.0.1-x86_64-unknown-linux-musl.drv'...
building '/nix/store/fn2fzxrrwq8f47z834xvhfbhkl5sr8xy-ocaml5.2.1-parsexp-0.17.0-x86_64-unknown-linux-musl.drv'...
building '/nix/store/hs59rgazi6r9j6psdv4wgzd6vz738jfn-ocaml5.2.1-domainslib-0.5.2-x86_64-unknown-linux-musl.drv'...
building '/nix/store/j7h742y37g5pbjmmi1h2kyyv5jg91sd0-ocaml5.2.1-sexplib-0.17.0-x86_64-unknown-linux-musl.drv'...
building '/nix/store/sf31g3sn7wldhdvfk4z6ymd8kn2w97al-ocaml5.2.1-stdio-0.17.0-x86_64-unknown-linux-musl.drv'...
building '/nix/store/ai6frb1fgxsaxi7mhv05nx1i1qnl86ix-ocaml5.2.1-topkg-static-x86_64-unknown-linux-musl-1.1.0.drv'...
building '/nix/store/jgx19b0vr2b1lfpg0s7nai46ylp63n9h-ocaml5.2.1-ppxlib-0.33.0-x86_64-unknown-linux-musl.drv'...
building '/nix/store/2z35p8yr1w7ig00adw79k1j46pzl4jdv-ocaml5.2.1-fmt-static-x86_64-unknown-linux-musl-0.11.0.drv'...
building '/nix/store/k2x2a6yaf44fqb72rwqrb8z7782vgkj6-ocaml5.2.1-mtime-static-x86_64-unknown-linux-musl-2.1.0.drv'...
building '/nix/store/ryw06d1bg1zv4lrqx6y25z591zryxr6p-ocaml5.2.1-ppx_cold-0.17.0-x86_64-unknown-linux-musl.drv'...
building '/nix/store/gk1r9kpam3pz9wllqb8rxq6szq8adcg5-ocaml5.2.1-ppx_deriving-6.0.3-x86_64-unknown-linux-musl.drv'...
building '/nix/store/5wmsc3f7srayym5l3l7sg0wnds56hsyb-ocaml5.2.1-ppx_disable_unused_warnings-0.17.0-x86_64-unknown-linux-musl.drv'...
building '/nix/store/8byn1r7qdrx264bd3kcjcgi9fy7rli89-ocaml5.2.1-ppx_fields_conv-0.17.0-x86_64-unknown-linux-musl.drv'...
building '/nix/store/sxf1p76blwfvd7jcix05kpsx0nfq9ip9-ocaml5.2.1-ppx_fixed_literal-0.17.0-x86_64-unknown-linux-musl.drv'...
building '/nix/store/lq1yzcivqpzd07kkm45gjwraf8h2zqzp-ocaml5.2.1-ppx_here-0.17.0-x86_64-unknown-linux-musl.drv'...
building '/nix/store/40v5c4yv31v0inn9lsalsapy62n6jlw6-ocaml5.2.1-ppx_ignore_instrumentation-0.17.0-x86_64-unknown-linux-musl.drv'...
building '/nix/store/0l8p78gilxrfxayd5wmgfcaxqcnmxmc1-ocaml5.2.1-ppx_let-0.17.0-x86_64-unknown-linux-musl.drv'...
building '/nix/store/0dj0ax86y7rnzf6hbrdyi9jkjmpwcabk-ocaml5.2.1-ppx_optcomp-0.17.0-x86_64-unknown-linux-musl.drv'...
building '/nix/store/ajfgl467vqw5rj8i3h0k51i1q4ryb043-ocaml5.2.1-ppx_pipebang-0.17.0-x86_64-unknown-linux-musl.drv'...
building '/nix/store/dm1rby9jbb9zi54v95y9wsh41hzdgsdd-ocaml5.2.1-ppx_stable-0.17.0-x86_64-unknown-linux-musl.drv'...
building '/nix/store/rrhfnw2wy8yjg27hz87pwpvwm6vrb1pg-ocaml5.2.1-ppx_stable_witness-0.17.0-x86_64-unknown-linux-musl.drv'...
building '/nix/store/vql0p7pindsg280wz5jax15g6ac7c09y-ocaml5.2.1-ppx_tydi-0.17.0-x86_64-unknown-linux-musl.drv'...
building '/nix/store/vyanjl08wzfz8xckd9b2xwzh3hj9p095-ocaml5.2.1-ppxlib_jane-0.17.0-x86_64-unknown-linux-musl.drv'...
building '/nix/store/gls3c384hbanbvxm25qpsrny9fbbjryk-ocaml5.2.1-sedlex-3.7-x86_64-unknown-linux-musl.drv'...
building '/nix/store/94gqpqvlw119jfsi6b984m9jlycdkfzj-ocaml5.2.1-ppx_compare-0.17.0-x86_64-unknown-linux-musl.drv'...
building '/nix/store/kwpq9r033508h2776xdrbrdmp9xqdbxy-ocaml5.2.1-ppx_enumerate-0.17.0-x86_64-unknown-linux-musl.drv'...
building '/nix/store/naim40jb2jwipamcnx69kcna2kz0bwsz-ocaml5.2.1-ppx_globalize-0.17.0-x86_64-unknown-linux-musl.drv'...
building '/nix/store/9h0hf1zvn5jxdrv9sg1j9fywk17zwrbv-ocaml5.2.1-ppx_optional-0.17.0-x86_64-unknown-linux-musl.drv'...
building '/nix/store/523k1dgc9anjr0zir5h3l0kg7rsa4jl7-ocaml5.2.1-ppx_sexp_conv-0.17.0-x86_64-unknown-linux-musl.drv'...
building '/nix/store/ya4bapnh6xbm4dk1iyvw64p70nhrplxm-ocaml5.2.1-typerep-0.17.1-x86_64-unknown-linux-musl.drv'...
building '/nix/store/idjr50awfjap7fngxgqdz5d44z6gjhfr-ocaml5.2.1-ppx_assert-0.17.0-x86_64-unknown-linux-musl.drv'...
building '/nix/store/3py70hfqnq28gbx1nf0i209xjxp066xf-ocaml5.2.1-ppx_custom_printf-0.17.0-x86_64-unknown-linux-musl.drv'...
building '/nix/store/rw0ypcagx5pird847mili1myqabg20r5-ocaml5.2.1-jst-config-0.17.0-x86_64-unknown-linux-musl.drv'...
building '/nix/store/96rlvj4wfp7h83md5s3fhd0rygal1li0-ocaml5.2.1-ppx_hash-0.17.0-x86_64-unknown-linux-musl.drv'...
building '/nix/store/qc9bz4scwiv8g53x9xrz0hrpwpm7fab6-ocaml5.2.1-ppx_sexp_message-0.17.0-x86_64-unknown-linux-musl.drv'...
building '/nix/store/m1daxikgdflpvzk3n2sfcv9bb4b3f1mp-ocaml5.2.1-ppx_base-0.17.0-x86_64-unknown-linux-musl.drv'...
building '/nix/store/qa7pa7wqcrvx2pgz5jh8ca5ahy5jhp9m-ocaml5.2.1-ppx_sexp_value-0.17.0-x86_64-unknown-linux-musl.drv'...
building '/nix/store/dq8scixaybgs0hbfh5b5f9h2hdbahj47-ocaml5.2.1-capitalization-0.17.0-x86_64-unknown-linux-musl.drv'...
building '/nix/store/dyyv7cgcg24dm5biiqc1dwsc59m2hizk-ocaml5.2.1-ppx_string-0.17.0-x86_64-unknown-linux-musl.drv'...
building '/nix/store/r6dbm1bpi71fp7fr70fqprjnwzm2jvjk-ocaml5.2.1-ppx_typerep_conv-0.17.0-x86_64-unknown-linux-musl.drv'...
building '/nix/store/4qp1ks7aiacmxiibm6f4my7xwb5i9449-ocaml5.2.1-ppx_string_conv-0.17.0-x86_64-unknown-linux-musl.drv'...
building '/nix/store/ygz5j7iq1qhrv20zlabhmah56iy9ay0m-ocaml5.2.1-sexp_pretty-0.17.0-x86_64-unknown-linux-musl.drv'...
building '/nix/store/bv7sp7rnls6j7wp216y1iv9lpr9hadfj-ocaml5.2.1-time_now-0.17.0-x86_64-unknown-linux-musl.drv'...
building '/nix/store/5csx29zdizagvwri1b32awwvyj9da3ry-ocaml5.2.1-uchar-static-x86_64-unknown-linux-musl-0.0.2.drv'...
building '/nix/store/jcjqz8i66dwz6nmy8ibgsvgc9y5kccja-ocaml5.2.1-ppx_inline_test-0.17.0-x86_64-unknown-linux-musl.drv'...
building '/nix/store/qj7sl0ipmvj001yg557a6w4v87fh7bhj-ocaml5.2.1-ppx_module_timer-0.17.0-x86_64-unknown-linux-musl.drv'...
building '/nix/store/jrcv2mpiwj04hbych6j40s12c5i55ccd-ocaml5.2.1-ppx_bench-0.17.0-x86_64-unknown-linux-musl.drv'...
building '/nix/store/nfpzfdm4mz7yj5gdrk2hyiqlp9wv3i8n-ocaml5.2.1-ppx_expect-0.17.2-x86_64-unknown-linux-musl.drv'...
building '/nix/store/v745bxzxzgnby70szxwk08lak1rcxcpc-ocaml5.2.1-splittable_random-0.17.0-x86_64-unknown-linux-musl.drv'...
building '/nix/store/21xr3hgd4nip5yf9xbyrb1db0mvf6s39-ocaml5.2.1-spawn-0.15.1-x86_64-unknown-linux-musl.drv'...
building '/nix/store/maqc8pj2pvwqpbsfbdj4nwzss3cq7dsl-ocaml5.2.1-base_quickcheck-0.17.0-x86_64-unknown-linux-musl.drv'...
building '/nix/store/39v4bd32hx46abf8bfn60g59iy6kbx60-ocaml5.2.1-unionFind-20250818-x86_64-unknown-linux-musl.drv'...
building '/nix/store/s7pvlp38ph1f14d2yzqajlk69rqrpvdy-ocaml5.2.1-uutf-1.0.4-x86_64-unknown-linux-musl.drv'...
building '/nix/store/aicfr3q1lmbci9nym6vj9lzfsmg9bzar-ocaml5.2.1-variantslib-0.17.0-x86_64-unknown-linux-musl.drv'...
building '/nix/store/7aczw4sgzcj12b1h598dzlnxwj52krx0-ocaml5.2.1-uunf-17.0.0-x86_64-unknown-linux-musl.drv'...
building '/nix/store/mfh8vjsp6sclyg3xwqr0v29mqmk2lvm9-ocaml5.2.1-ppx_variants_conv-0.17.0-x86_64-unknown-linux-musl.drv'...
building '/nix/store/rv7g8px1dk0whym3vq10gmcqd250slrn-ocaml5.2.1-vector-1.0.0-x86_64-unknown-linux-musl.drv'...
building '/nix/store/qm0j3wj7afkyx8k52ll57kb5kbiqw7q2-ocaml5.2.1-bin_prot-0.17.0-x86_64-unknown-linux-musl.drv'...
building '/nix/store/mhkzwln9jmv5w9lpx7hbrksq7hw43hzb-ocaml5.2.1-ppx_log-0.17.0-x86_64-unknown-linux-musl.drv'...
building '/nix/store/afxygwzsnafngqz4cl2sjhlrrbm67rs0-ocaml5.2.1-ppx_bin_prot-0.17.0-x86_64-unknown-linux-musl.drv'...
building '/nix/store/15fbjmafpjnibs29kxycjn1j6q51ka09-ocaml5.2.1-visitors-20250212-x86_64-unknown-linux-musl.drv'...
building '/nix/store/qcf7mh14y2calw9izxnwb7h5sky5wily-ocaml5.2.1-ppx_jane-0.17.0-x86_64-unknown-linux-musl.drv'...
building '/nix/store/vrak2azji82a73hxv7qanl7g317q3ivz-ocaml5.2.1-xmlm-1.4.0-x86_64-unknown-linux-musl.drv'...
building '/nix/store/jjzzm56838n7jcp510s9rqgh4dhnrnag-ocaml5.2.1-gel-0.17.0-x86_64-unknown-linux-musl.drv'...
building '/nix/store/cwwbzaqmc3k6b2dmx3skk5awp7fdppbj-ocaml5.2.1-int_repr-0.17.0-x86_64-unknown-linux-musl.drv'...
building '/nix/store/x6y71gs1cpz6yyl2404qzgwxxfzdijkd-ocaml5.2.1-ppx_diff-0.17.0-x86_64-unknown-linux-musl.drv'...
building '/nix/store/h8r89dbmjyc1vxaml17v8mx0wfm10dpw-ocaml5.2.1-base_bigstring-0.17.0-x86_64-unknown-linux-musl.drv'...
building '/nix/store/q7my7ay3v5wxa13id559xxg7xfpjd1hg-ocaml5.2.1-uopt-0.17.0-x86_64-unknown-linux-musl.drv'...
building '/nix/store/las1p7smmzvvkjfjyivljnvinya9bg1v-ocaml5.2.1-core-0.17.1-x86_64-unknown-linux-musl.drv'...
building '/nix/store/1vwf2hb76qdfs82m1ng23qs1jfgyc4yh-ocaml5.2.1-uucd-static-x86_64-unknown-linux-musl-17.0.0.drv'...
building '/nix/store/j2c2jxfsn3ygalhbvh33px7kr2qg69dw-ocaml5.2.1-core_kernel-0.17.0-x86_64-unknown-linux-musl.drv'...
building '/nix/store/amvk8kahfbg69fhydbi5hjha399v5rbc-ocaml5.2.1-uucp-17.0.0-x86_64-unknown-linux-musl.drv'...
building '/nix/store/lbp75k4h3vjipsf80vmp671i2cysrkay-ocaml5.2.1-expect_test_helpers_core-0.17.0-x86_64-unknown-linux-musl.drv'...
building '/nix/store/h9w1hj9s435357kvfm7y2hwx0sff7187-ocaml5.2.1-terminal-0.5.0-x86_64-unknown-linux-musl.drv'...
building '/nix/store/imsz5p78s4114npiflmj8zfhc2p86vsx-ocaml5.2.1-timezone-0.17.0-x86_64-unknown-linux-musl.drv'...
building '/nix/store/8gjs11skm8znd21vgavk9rdi9awhfasr-ocaml5.2.1-yojson-2.2.2-x86_64-unknown-linux-musl.drv'...
building '/nix/store/nh4x0mg7q2jclhsad2nxh8b6p970wm4g-ocaml5.2.1-core_unix-0.17.1-x86_64-unknown-linux-musl.drv'...
building '/nix/store/qd5p0hm0r91zq8pcamm3hqvs9swsdidg-ocaml5.2.1-js_of_ocaml-compiler-6.2.0-x86_64-unknown-linux-musl.drv'...
building '/nix/store/fyvliwcmzaxwj984yaa3czaw5swfk8a1-ocaml5.2.1-ppx_deriving_yojson-3.9.0-x86_64-unknown-linux-musl.drv'...
building '/nix/store/k3b86a7x51x032f5ypnaxgkb2pw75csa-ocaml5.2.1-logs-0.9.0-x86_64-unknown-linux-musl.drv'...
building '/nix/store/y2v752q522w74wyb7j9rsnify8dxiczj-ocaml5.2.1-zarith-static-x86_64-unknown-linux-musl-1.14.drv'...
building '/nix/store/27z1jp7nvgff4rsc7qkca9ljkfyiyvkc-ocaml5.2.1-progress-0.5.0-x86_64-unknown-linux-musl.drv'...
building '/nix/store/rxx0wbm6pwb0lpvpz92xyk8il3b8ffs5-openssl-0.10.73.drv'...
building '/nix/store/q1m62hbw5dxzfxfxryjglqysk3k81s9y-openssl-macros-0.1.1.drv'...
building '/nix/store/p86wi2cr517dq52rdgwajlax8al34gz4-cargo-package-openssl-0.10.73.drv'...
building '/nix/store/yq4wcxafj79kyka74drq9d9q6jcwh54p-cargo-package-openssl-macros-0.1.1.drv'...
building '/nix/store/lq3d0xjpsnz86jrgny79633gw0mnhldj-openssl-sys-0.9.109.drv'...
building '/nix/store/mzraws5kpnj7i124pm1x7824cwp8n57q-overload-0.1.1.drv'...
building '/nix/store/wyrjlsi4w7bl9rswxca119r53l7h0v98-cargo-package-openssl-sys-0.9.109.drv'...
building '/nix/store/b95gqqijv2qyb32kg0rm84k11yqmgwa9-cargo-package-overload-0.1.1.drv'...
building '/nix/store/3g5jk74cw147g2h7di9acr4k1z52qsxk-petgraph-0.8.3.drv'...
building '/nix/store/fq5d57wqhjfr6k2mixk8yamg65p9h4di-postcard-1.1.3.drv'...
building '/nix/store/xqpxcwg31ky879h3ilan1kw3zpfjsi80-cargo-package-petgraph-0.8.3.drv'...
building '/nix/store/7736cp1ff4wf98cncd0h6ysxqalx5ba6-cargo-package-postcard-1.1.3.drv'...
building '/nix/store/1siixvnfka86blmffbgh5f1f0vxbvn4c-potential_utf-0.1.2.drv'...
building '/nix/store/r6x0yjxnfarm5j53gqnr09lclcghmphi-proc-macro2-1.0.96.drv'...
building '/nix/store/f5k33c4fv29g62sxrpb7bq0q2hahhyy7-cargo-package-potential_utf-0.1.2.drv'...
building '/nix/store/mhhyyiwyhy57gk739jxs7sfnpiwbpzr5-cargo-package-proc-macro2-1.0.96.drv'...
building '/nix/store/kc4scqpg2875qvy3j5ngl1dmvvkpzwrx-psm-0.1.26.drv'...
building '/nix/store/bvvmsbk2d1b1v9k1x4m2cx6cyqzzb29q-removeReferencesToRustToolchainHook.drv'...
building '/nix/store/w373n2nmw7d0fxlk2nqjabsjynzsx8p9-cargo-package-psm-0.1.26.drv'...
building '/nix/store/idfgal0rgq1kfig8ha1ldxy36vm1sq06-removeReferencesToVendoredSourcesHook.drv'...
building '/nix/store/3nxkdivr4mrw85mgydsr5nd3dklvdar3-reqwest-0.12.22.drv'...
building '/nix/store/xp3bpc5s50hsdaxp5p85j82a7zcab43j-rust-docs-nightly-x86_64-unknown-linux-gnu.tar.xz.drv'...
building '/nix/store/k01fb65n85si0q5lgjbjrcpzplllnhj4-cargo-package-reqwest-0.12.22.drv'...
building '/nix/store/mm3d28z2kz0nr20lv0an4ihyf044dp97-rust-docs-1.98.0-nightly-2026-06-01-x86_64-unknown-linux-gnu.drv'...
building '/nix/store/6g878kagx6hkkf3jm305lr20pxc3v090-rust-src-nightly.tar.xz.drv'...
building '/nix/store/6dihrriilbq9b96abma1lafb9a01qz1c-rust-std-nightly-aarch64-apple-darwin.tar.xz.drv'...
building '/nix/store/229mvxwfcq6d9r48n8xxyxqjdw2qplr0-rust-src-1.98.0-nightly-2026-06-01-x86_64-unknown-linux-gnu.drv'...
building '/nix/store/p8dm3ybhpbm1ffkg6xhrc84fw847q4yq-rust-std-1.98.0-nightly-2026-06-01-aarch64-apple-darwin.drv'...
building '/nix/store/jzmhcgnwk9lglppixy8w5h1swijy6d5j-rust-std-nightly-aarch64-unknown-linux-gnu.tar.xz.drv'...
building '/nix/store/fv40w498nbqs1hd8s82y17bhz3j1vzs7-rust-std-nightly-i686-unknown-linux-gnu.tar.xz.drv'...
building '/nix/store/nfq2b91bj4s52976x5l95yiizfpw9x1v-rust-std-1.98.0-nightly-2026-06-01-aarch64-unknown-linux-gnu.drv'...
building '/nix/store/9fdwr0dajxlkdsyrmplb9xl0vbbdp1ji-rust-std-1.98.0-nightly-2026-06-01-i686-unknown-linux-gnu.drv'...
building '/nix/store/0zyzpl5gmf94488yb24n0apjm23lzdfs-rust-std-nightly-powerpc64-unknown-linux-gnu.tar.xz.drv'...
building '/nix/store/3z9x1l9cdzl2mnd26d9k7y5gvd8v1nbb-rust-std-nightly-riscv64gc-unknown-none-elf.tar.xz.drv'...
building '/nix/store/jib1qjkmp867rwkp3bvdvrcyj6r1s48x-rust-std-1.98.0-nightly-2026-06-01-powerpc64-unknown-linux-gnu.drv'...
building '/nix/store/5yymps8dydc6f65ng36cx7zy6ni2jkda-rust-std-1.98.0-nightly-2026-06-01-riscv64gc-unknown-none-elf.drv'...
building '/nix/store/bh6xlhlidph19209j12lcv9y2lmf9fni-rust-std-nightly-x86_64-apple-darwin.tar.xz.drv'...
building '/nix/store/m9j666nq80l9dhflgfly7m081snffsxj-rust-std-nightly-x86_64-pc-windows-msvc.tar.xz.drv'...
building '/nix/store/qi5vh64slcs872m69z47r2vhdbzqd5bc-rust-std-1.98.0-nightly-2026-06-01-x86_64-apple-darwin.drv'...
building '/nix/store/3pyhd3bzj14j5k8ganwqd7zqi73zzwhf-rust-std-1.98.0-nightly-2026-06-01-x86_64-pc-windows-msvc.drv'...
building '/nix/store/qv64symyvk7shlj5c9dp4rma2b9jwwcd-rust-std-nightly-x86_64-unknown-linux-gnu.tar.xz.drv'...
building '/nix/store/mfa2l4pwzb84xlffwwj4ywxphh7c9gyc-rustc-dev-nightly-aarch64-apple-darwin.tar.xz.drv'...
building '/nix/store/iap1npx1vw2arzdii5z7kzy897d6w2fv-rust-std-1.98.0-nightly-2026-06-01-x86_64-unknown-linux-gnu.drv'...
building '/nix/store/g8s679ksg169g2d5r2ladi4pyg38hfkn-rustc-dev-nightly-aarch64-unknown-linux-gnu.tar.xz.drv'...
building '/nix/store/gilhqpbwsla8x6srgdq69g7qrpp9pj5x-rustc-dev-nightly-i686-unknown-linux-gnu.tar.xz.drv'...
building '/nix/store/m6azn5h0fax79b9slsanrgdwf7j905yr-rustc-dev-nightly-powerpc64-unknown-linux-gnu.tar.xz.drv'...
building '/nix/store/4lfqafwvzshda6i4a71l3q1vvpfp2klf-rustc-dev-nightly-x86_64-apple-darwin.tar.xz.drv'...
building '/nix/store/7nwac4nsdcvzdpcm26z2d99479yp3cn3-rustc-dev-nightly-x86_64-pc-windows-msvc.tar.xz.drv'...
building '/nix/store/cnqcppvz53sfw0kh6jybx69sy8fwbw4j-rustc-dev-nightly-x86_64-unknown-linux-gnu.tar.xz.drv'...
building '/nix/store/ajvnab67m86k42hh42m4krr00hfvq63y-rustc-hash-2.1.2.drv'...
building '/nix/store/hwxxyd0zc9hrfjlmjldidfg7mgk6ags7-rustc-nightly-aarch64-apple-darwin.tar.xz.drv'...
building '/nix/store/9jrl5iwilvnlnyr21zxlnjbmm3k4bj4b-cargo-package-rustc-hash-2.1.2.drv'...
building '/nix/store/p99lf2sygcawi690xgbqhv3gxgr9b55j-rustc-1.98.0-nightly-2026-06-01-aarch64-apple-darwin.drv'...
building '/nix/store/zfkicng9i4x8bcq437njxi446d0zdczb-rustc-nightly-aarch64-unknown-linux-gnu.tar.xz.drv'...
building '/nix/store/im4fwz0ckiaswi1z1rmwi10a491rv74v-rustc-dev-1.98.0-nightly-2026-06-01-aarch64-apple-darwin.drv'...
building '/nix/store/185kmaf10cxqzjg50lwck66v1ag23j6g-rustc-1.98.0-nightly-2026-06-01-aarch64-unknown-linux-gnu.drv'...
building '/nix/store/x7dwcnywrniwnxbm8cqjmmzz09b9k1rx-rustc-nightly-i686-unknown-linux-gnu.tar.xz.drv'...
building '/nix/store/ydycgb6w8668f0ljikvbg9hb6ww4pqdp-rustc-dev-1.98.0-nightly-2026-06-01-aarch64-unknown-linux-gnu.drv'...
building '/nix/store/ny7zyzxawqw1cjfa6w72pi5acqvhix6a-rustc-1.98.0-nightly-2026-06-01-i686-unknown-linux-gnu.drv'...
building '/nix/store/iwh1ghk36mqhm53pkdqc56h127008sih-rustc-nightly-powerpc64-unknown-linux-gnu.tar.xz.drv'...
building '/nix/store/va6r7r8gkx7xngc08572q4psb1krhxkx-rustc-dev-1.98.0-nightly-2026-06-01-i686-unknown-linux-gnu.drv'...
building '/nix/store/zzk8jjchgka03qy4h6ahwfwc2rhh9v3b-rustc-1.98.0-nightly-2026-06-01-powerpc64-unknown-linux-gnu.drv'...
building '/nix/store/nv3ca681qklk40p4qc73jwaliwydrj53-rustc-nightly-x86_64-apple-darwin.tar.xz.drv'...
building '/nix/store/slimlhki7dlb3vzzanaxh51123bkrhlw-rustc-dev-1.98.0-nightly-2026-06-01-powerpc64-unknown-linux-gnu.drv'...
building '/nix/store/w6ikzw41x1q0jcpkbh4nlrj8zgm3ydpy-rustc-1.98.0-nightly-2026-06-01-x86_64-apple-darwin.drv'...
building '/nix/store/3rdsr0zg9ia9xzpdq8gvxxkvl9jbkry7-rustc-nightly-x86_64-pc-windows-msvc.tar.xz.drv'...
building '/nix/store/94j9qxz6h7cwfdbsh00m30kmcjvi1xlg-rustc-dev-1.98.0-nightly-2026-06-01-x86_64-apple-darwin.drv'...
building '/nix/store/nm7994jjqcbzg6xs9lngm116dpr8h18i-rustc-1.98.0-nightly-2026-06-01-x86_64-pc-windows-msvc.drv'...
building '/nix/store/8fj1hcym511bmh0z0kb08z7xrn2pp791-rustc-nightly-x86_64-unknown-linux-gnu.tar.xz.drv'...
building '/nix/store/6fyz8vrxbbglvdp4js7gsii3fzzikssr-rustc-dev-1.98.0-nightly-2026-06-01-x86_64-pc-windows-msvc.drv'...
building '/nix/store/hsvbdjvp2a3yhv3iql4zzgdhs7f8p3hm-rustc-1.98.0-nightly-2026-06-01-x86_64-unknown-linux-gnu.drv'...
building '/nix/store/g0wdrwh0k2vxsb2zk4nx88yydvsdd7vq-rustfmt-nightly-x86_64-unknown-linux-gnu.tar.xz.drv'...
building '/nix/store/vlqzb3pya1g0mg4f609fy6n909f4g5yx-clippy-preview-1.98.0-nightly-2026-06-01-x86_64-unknown-linux-gnu.drv'...
building '/nix/store/vjys2ksrmsf1msi7kgx3srglgpv2paa6-miri-preview-1.98.0-nightly-2026-06-01-x86_64-unknown-linux-gnu.drv'...
building '/nix/store/yvqa4lw6wq4kkzi3vazq11cnhb6x43h6-rustc-dev-1.98.0-nightly-2026-06-01-x86_64-unknown-linux-gnu.drv'...
building '/nix/store/7j0v9d93f7dhflqwm886mab459ykfaxx-rustfmt-preview-1.98.0-nightly-2026-06-01-x86_64-unknown-linux-gnu.drv'...
building '/nix/store/6qpvfndmk0bb6hb6h62hyh1ib9y9n3g4-rustix-1.0.8.drv'...
building '/nix/store/cfd8b0l4jjgznapwm4kf3y80g8594408-rust-default-1.98.0-nightly-2026-06-01.drv'...
building '/nix/store/x4nmywy3lwb9qm68qd7svx5sqm7zvva2-cargo-package-rustix-1.0.8.drv'...
building '/nix/store/wiv4320syp2ainq0x6kvp0l1ymhvd3ja-cargo-git-https-github.com-Nadrieril-serde_state-9bffbc1b28fd93533bbd3ca835385f29cb51888f.drv'...
building '/nix/store/1ga09gdbw6nzwks4cpp2fq10yjzhbhm9-cargo-git-https-github.com-Nadrieril-tracing-tree-841286bfffd3c2200810244506cd127013dbeff9.drv'...
building '/nix/store/if5sg3ad9bnrzirwnpnsim3zq7qly2fp-charon-full-mir-sysroots.drv'...
building '/nix/store/5rl72c2gf1k3wn6n7cf5hhvdmpizvll3-linkLockedDeps.drv'...
building '/nix/store/zqv0n059a7xpyw2ai6b6lxn42n986n44-linkLockedDeps.drv'...
building '/nix/store/6dynzjwrv3lxhdv7kyiz9sv7m6w3afya-rustls-webpki-0.103.4.drv'...
building '/nix/store/vwq3wqcpd7msmym66anxiqn9rz0m84vr-schannel-0.1.27.drv'...
building '/nix/store/w93q1ijlg0n50008yv5x143glia7xdd6-cargo-package-rustls-webpki-0.103.4.drv'...
building '/nix/store/w4g5z06agzpbpwjjrw3s8x9qq4vl5lxi-cargo-package-schannel-0.1.27.drv'...
building '/nix/store/lky70j0fcv7xgdzis98bw6xn16nvnd3b-security-framework-2.11.1.drv'...
building '/nix/store/7r80lrhpmr2jh7sfifi2yi0ccw2byqb8-security-framework-sys-2.14.0.drv'...
building '/nix/store/80gv6xmz1wix3bhxf99apb2kivjrhssv-cargo-package-security-framework-2.11.1.drv'...
building '/nix/store/jsipijiasd6d4m1a8cy1w3l47c5ijnzh-cargo-package-security-framework-sys-2.14.0.drv'...
building '/nix/store/b3ajd5byzrd8pdl4j6a4qchb7w7fx051-serde_json-1.0.142.drv'...
building '/nix/store/kmzvm34kal4a5gapcw941wmyj7dxydvr-serde_path_to_error-0.1.17.drv'...
building '/nix/store/s1jx4g6fh4m96v7cnr8g2f7lp8dm9snc-cargo-package-serde_json-1.0.142.drv'...
building '/nix/store/ra48433xvamigw9sn81lf4mlyrpdbkys-cargo-package-serde_path_to_error-0.1.17.drv'...
building '/nix/store/qd36b0f06zbk303yd8zs2kk76jq7fz4s-serde_stacker-0.1.12.drv'...
building '/nix/store/fz1kipksb9157mv2g3f387963z4h1cw4-setupHook.sh.drv'...
building '/nix/store/q74az81ak2vz9sl1rgvwvpq13nz10c6b-cargo-package-serde_stacker-0.1.12.drv'...
building '/nix/store/1vxylnf3qgzprygw5x9akiaingbjn0l6-ocaml5.2.1-findlib-1.9.8.drv'...
building '/nix/store/x9a64fkajd6jpxcy39kzr9ak29141jls-snafu-0.4.4.drv'...
building '/nix/store/vmqhjav5n3v51xngy70vdwkc0pcvls12-dune-3.20.2.drv'...
building '/nix/store/przgx5xirb0x99gbg4wqzvv5i653nkng-cargo-package-snafu-0.4.4.drv'...
building '/nix/store/109vk41yv5550whqhqmdkq4fdq8w6il6-ocaml5.2.1-menhirLib-20250903.drv'...
building '/nix/store/67y4jqzc0z7wi6p141rfa2cb18pfws1h-ocaml5.2.1-menhirSdk-20250903.drv'...
building '/nix/store/c98v97pwcxvlvz39px2xfrs9vbjmvvv2-menhir-suggest-menhirLib.patch.drv'...
building '/nix/store/ywgsxplnsbmi51yvlkg2wgs405a0k1dd-snafu-derive-0.4.4.drv'...
building '/nix/store/kxr4ky0rizy8vykc50g168mwi82m084c-ocaml5.2.1-menhir-20250903.drv'...
building '/nix/store/jj09z67vacyxfbxym7cchrq178wdk1lz-cargo-package-snafu-derive-0.4.4.drv'...
building '/nix/store/qk6a2prwzncmrjvjfpgbdzv3fv2f83bg-ocaml5.2.1-name_matcher_parser-0.1.0-x86_64-unknown-linux-musl.drv'...
building '/nix/store/mhcr8cry6lk46vpgy2i560zliclwl419-snapbox-0.6.21.drv'...
building '/nix/store/mq6pyw6ga6n0mw51kkqr9dp1ixd3hfi3-ocaml5.2.1-charon-0.1.0-x86_64-unknown-linux-musl.drv'...
building '/nix/store/325wvih4xbvkr9c42vyzl41lfnnm0c5w-cargo-package-snapbox-0.6.21.drv'...
building '/nix/store/7a9dqz6phmcfk2cvlgqrbay5j805s72l-snapbox-macros-0.3.10.drv'...
building '/nix/store/qsgkckdll245q6kz43jrlj2dkm8bacp1-source.drv'...
building '/nix/store/ia80ax37n4vfnbllwi4nmw43l183wvv6-cargo-package-snapbox-macros-0.3.10.drv'...
building '/nix/store/0gxbjr7k1jm9spcc9lrhswm9qzfiv3c8-stacker-0.1.21.drv'...
building '/nix/store/hbskrw7xradjhmdkdcqg7105639b7sxs-syn-2.0.104.drv'...
building '/nix/store/d3v19qhc0jkfcln2301lza6c9pcik5gw-cargo-package-stacker-0.1.21.drv'...
building '/nix/store/y4qdwbzk0wgbhf408imgncp7wp25l6fp-cargo-package-syn-2.0.104.drv'...
building '/nix/store/qyaa8lqfggvv0y4sy59421wrnk73c8ki-take_mut-0.2.2.drv'...
building '/nix/store/f0hh4yn9i81br61wwlv51ypj7fm02fmb-tempfile-3.20.0.drv'...
building '/nix/store/6ypgmkhsd8mn30xi54dv6a3p5sw2zyc4-cargo-package-take_mut-0.2.2.drv'...
building '/nix/store/niv0gdhkrw2s3rcmhkqvfz6j1svpra4v-cargo-package-tempfile-3.20.0.drv'...
building '/nix/store/idg9sj1zgczs7zvb6m3i4khdpj6pjlwx-tokio-native-tls-0.3.1.drv'...
building '/nix/store/20maar61a01c158f9y8whqkrm167in8y-tracing-subscriber-0.3.19.drv'...
building '/nix/store/jhpi77r7blvlqy5xzd622mibf12qgzi9-cargo-package-tokio-native-tls-0.3.1.drv'...
building '/nix/store/25s2ii0hpzf9lrw1pzxhi7glbhyy17x1-cargo-package-tracing-subscriber-0.3.19.drv'...
building '/nix/store/vss556mq1kzdwv4ib904dafrx6jfvy66-unicode-width-0.2.2.drv'...
building '/nix/store/0kfsvc9hw0sybzz6mr544w3z439kz85n-ustr-1.1.0.drv'...
building '/nix/store/aacjg50hfnwpgm8wv6g7yi1g4fzc15ip-cargo-package-unicode-width-0.2.2.drv'...
building '/nix/store/0g6rigf4a1cpcsjyj3dbs3y2gnjwcqjr-cargo-package-ustr-1.1.0.drv'...
building '/nix/store/w98q2rp1x4k0kmkcsk889xma29gl43p5-vcpkg-0.2.15.drv'...
building '/nix/store/f875pa01i07m5ya78csy6xakg2sckhp9-which-7.0.3.drv'...
building '/nix/store/wdj3s6a8gl2gx6z56127hz1r7dw702gw-cargo-package-vcpkg-0.2.15.drv'...
building '/nix/store/smd9dwzq61fnkjzlwfd08832qpdxj5i9-cargo-package-which-7.0.3.drv'...
building '/nix/store/0irqf318yp3zb1yjqicbzwyxxxbaq8b5-winnow-0.7.12.drv'...
building '/nix/store/f5396p4p98vsqspaqr4yxmr6i8s8ndw6-xattr-1.5.1.drv'...
building '/nix/store/x1c47z33525kyv244mqmw0318088ir17-cargo-package-winnow-0.7.12.drv'...
building '/nix/store/gvcc4wjh0rnr2xzvr45cmpl2wspgv0hi-cargo-package-xattr-1.5.1.drv'...
building '/nix/store/0lpj3852d0pmydx2y919kq2n76j2zxxf-vendor-registry.drv'...
building '/nix/store/3x6ndq1vizk69wwsqzzlrlw7hpq428z3-vendor-cargo-deps.drv'...
building '/nix/store/2mxfc1fgnyn1arg94bbl4vrhgnbzxyzh-charon-deps-0.1.223.drv'...
building '/nix/store/isghwq1ysryq8w3r2yavkfsz90cdn4y1-charon-0.1.223.drv'...
error: builder for '/nix/store/isghwq1ysryq8w3r2yavkfsz90cdn4y1-charon-0.1.223.drv' failed with exit code 101;
       last 25 log lines:
       >     scopes.rs
       >     multi-target/issue-1213-merge-methods-when-missing-simple.rs
       >     monomorphize-mut.rs
       >     pattern-types.rs
       >     unions.rs
       >     traits_special.rs
       >     multi-target/issue-1158-partial-dedup.rs
       >     multi-target/issue-1157-single-target-suffix.rs
       >     multi-target/cstr.rs
       >     multi-target/issue-1248-const-initializers.rs
       >     multi-target/issue-1182-dedup-impls.rs
       >     multi-target/issue-1133-assoc-const.rs
       >     issue-320-slice-pattern.rs
       >     disambiguator.rs
       >     ml-mono-name-matcher-tests.rs
       >     issue-120-bare-discriminant-read.rs
       >     partial-monomorphization/issue-1204-partial-mono-tuples.rs
       >     issue-70-override-provided-method.rs
       >     unsize.rs
       >     multi-target/issue-1307-required-method.rs
       >     multi-target/issue-1213-merge-methods-when-missing.rs
       >
       > test result: FAILED. 393 passed; 22 failed; 2 ignored; 0 measured; 0 filtered out; finished in 1.91s
       >
       > error: test failed, to rerun pass `--test ui`
       For full logs, run 'nix log /nix/store/isghwq1ysryq8w3r2yavkfsz90cdn4y1-charon-0.1.223.drv'.
error: 1 dependencies of derivation '/nix/store/6qjijjhjgb435247pb85mdnpa7bp259n-charon.drv' failed to build
error: 1 dependencies of derivation '/nix/store/pbkvb73vvi77n1fhrkbdnd71dfflljng-ocaml5.2.1-aeneas-0.1.0-x86_64-unknown-linux-musl.drv' failed to build
